{"type": "FeatureCollection", "features": [{"type": "Feature", "geometry": {"type": "Point", "coordinates": [-82.40833333503801, 35.816666667231004]}, "properties": {"p_logistic": 0.4850040376186371, "p_rf": 0.5180000066757202, "p_xgb": 0.9830117225646973, "date": "2026-01-29"}}, {"type": "Feature", "geometry": {"type": "Point", "coordinates": [-82.40000000170502, 35.816666667231004]}, "properties": {"p_logistic": 0.4856403172016144, "p_rf": 0.6019999980926514, "p_xgb": 0.9875055551528931, "date": "2026-01-29"}}, {"type": "Feature", "geometry": {"type": "Point", "coordinates": [-82.39166666837201, 35.816666667231004]}, "properties": {"p_logistic": 0.4864758253097534, "p_rf": 0.6100000143051147, "p_xgb": 0.9857690930366516, "date": "2026-01-29"}}, {"type": "Feature", "geometry": {"type": "Point", "coordinates": [-82.38333333503903, 35.816666667231004]}, "properties": {"p_logistic": 0.4865298867225647, "p_rf": 0.5979999899864197, "p_xgb": 0.9898837804794312, "date": "2026-01-29"}}, {"type": "Feature", "geometry": {"type": "Point", "coordinates": [-82.37500000170601, 35.816666667231004]}, "properties": {"p_logistic": 0.4862971007823944, "p_rf": 0.6060000061988831, "p_xgb": 0.9908916354179382, "date": "2026-01-29"}}, {"type": "Feature", "geometry": {"type": "Point", "coordinates": [-82.36666666837301, 35.816666667231004]}, "properties": {"p_logistic": 0.4854569733142853, "p_rf": 0.5740000009536743, "p_xgb": 0.9891050457954407, "date": "2026-01-29"}}, {"type": "Feature", "geometry": {"type": "Point", "coordinates": [-82.35833333504002, 35.816666667231004]}, "properties": {"p_logistic": 0.48441633582115173, "p_rf": 0.5360000133514404, "p_xgb": 0.9757305383682251, "date": "2026-01-29"}}, {"type": "Feature", "geometry": {"type": "Point", "coordinates": [-82.45833333503602, 35.808333333898005]}, "properties": {"p_logistic": 0.4881717264652252, "p_rf": 0.5339999794960022, "p_xgb": 0.9899269342422485, "date": "2026-01-29"}}, {"type": "Feature", "geometry": {"type": "Point", "coordinates": [-82.45000000170302, 35.808333333898005]}, "properties": {"p_logistic": 0.48697417974472046, "p_rf": 0.5199999809265137, "p_xgb": 0.9877632260322571, "date": "2026-01-29"}}, {"type": "Feature", "geometry": {"type": "Point", "coordinates": [-82.44166666837002, 35.808333333898005]}, "properties": {"p_logistic": 0.48631754517555237, "p_rf": 0.5059999823570251, "p_xgb": 0.9877632260322571, "date": "2026-01-29"}}, {"type": "Feature", "geometry": {"type": "Point", "coordinates": [-82.43333333503702, 35.808333333898005]}, "properties": {"p_logistic": 0.48595675826072693, "p_rf": 0.5059999823570251, "p_xgb": 0.986562967300415, "date": "2026-01-29"}}, {"type": "Feature", "geometry": {"type": "Point", "coordinates": [-82.42500000170402, 35.808333333898005]}, "properties": {"p_logistic": 0.48578810691833496, "p_rf": 0.515999972820282, "p_xgb": 0.986562967300415, "date": "2026-01-29"}}, {"type": "Feature", "geometry": {"type": "Point", "coordinates": [-82.41666666837102, 35.808333333898005]}, "properties": {"p_logistic": 0.4856492578983307, "p_rf": 0.515999972820282, "p_xgb": 0.9869577884674072, "date": "2026-01-29"}}, {"type": "Feature", "geometry": {"type": "Point", "coordinates": [-82.40833333503801, 35.808333333898005]}, "properties": {"p_logistic": 0.486034631729126, "p_rf": 0.5339999794960022, "p_xgb": 0.9845337867736816, "date": "2026-01-29"}}, {"type": "Feature", "geometry": {"type": "Point", "coordinates": [-82.40000000170502, 35.808333333898005]}, "properties": {"p_logistic": 0.48663434386253357, "p_rf": 0.5799999833106995, "p_xgb": 0.9778134822845459, "date": "2026-01-29"}}, {"type": "Feature", "geometry": {"type": "Point", "coordinates": [-82.39166666837201, 35.808333333898005]}, "properties": {"p_logistic": 0.4874589145183563, "p_rf": 0.621999979019165, "p_xgb": 0.988345742225647, "date": "2026-01-29"}}, {"type": "Feature", "geometry": {"type": "Point", "coordinates": [-82.38333333503903, 35.808333333898005]}, "properties": {"p_logistic": 0.48730090260505676, "p_rf": 0.5960000157356262, "p_xgb": 0.989469051361084, "date": "2026-01-29"}}, {"type": "Feature", "geometry": {"type": "Point", "coordinates": [-82.37500000170601, 35.808333333898005]}, "properties": {"p_logistic": 0.4870089292526245, "p_rf": 0.6320000290870667, "p_xgb": 0.989819347858429, "date": "2026-01-29"}}, {"type": "Feature", "geometry": {"type": "Point", "coordinates": [-82.36666666837301, 35.808333333898005]}, "properties": {"p_logistic": 0.4864082336425781, "p_rf": 0.5740000009536743, "p_xgb": 0.9908916354179382, "date": "2026-01-29"}}, {"type": "Feature", "geometry": {"type": "Point", "coordinates": [-82.35833333504002, 35.808333333898005]}, "properties": {"p_logistic": 0.48530927300453186, "p_rf": 0.5299999713897705, "p_xgb": 0.9740777015686035, "date": "2026-01-29"}}, {"type": "Feature", "geometry": {"type": "Point", "coordinates": [-82.35000000170702, 35.808333333898005]}, "properties": {"p_logistic": 0.48462677001953125, "p_rf": 0.527999997138977, "p_xgb": 0.9689038991928101, "date": "2026-01-29"}}, {"type": "Feature", "geometry": {"type": "Point", "coordinates": [-82.51666666836701, 35.80000000056501]}, "properties": {"p_logistic": 0.48658737540245056, "p_rf": 0.5339999794960022, "p_xgb": 0.9909336566925049, "date": "2026-01-29"}}, {"type": "Feature", "geometry": {"type": "Point", "coordinates": [-82.50833333503402, 35.80000000056501]}, "properties": {"p_logistic": 0.4873250126838684, "p_rf": 0.5320000052452087, "p_xgb": 0.990851104259491, "date": "2026-01-29"}}, {"type": "Feature", "geometry": {"type": "Point", "coordinates": [-82.50000000170101, 35.80000000056501]}, "properties": {"p_logistic": 0.48793646693229675, "p_rf": 0.527999997138977, "p_xgb": 0.990851104259491, "date": "2026-01-29"}}, {"type": "Feature", "geometry": {"type": "Point", "coordinates": [-82.49166666836803, 35.80000000056501]}, "properties": {"p_logistic": 0.4888153076171875, "p_rf": 0.5180000066757202, "p_xgb": 0.9877901077270508, "date": "2026-01-29"}}, {"type": "Feature", "geometry": {"type": "Point", "coordinates": [-82.46666666836902, 35.80000000056501]}, "properties": {"p_logistic": 0.48963671922683716, "p_rf": 0.5260000228881836, "p_xgb": 0.9871935248374939, "date": "2026-01-29"}}, {"type": "Feature", "geometry": {"type": "Point", "coordinates": [-82.45833333503602, 35.80000000056501]}, "properties": {"p_logistic": 0.489023894071579, "p_rf": 0.5379999876022339, "p_xgb": 0.9904026985168457, "date": "2026-01-29"}}, {"type": "Feature", "geometry": {"type": "Point", "coordinates": [-82.45000000170302, 35.80000000056501]}, "properties": {"p_logistic": 0.48820608854293823, "p_rf": 0.5019999742507935, "p_xgb": 0.9877632260322571, "date": "2026-01-29"}}, {"type": "Feature", "geometry": {"type": "Point", "coordinates": [-82.44166666837002, 35.80000000056501]}, "properties": {"p_logistic": 0.4875320792198181, "p_rf": 0.5120000243186951, "p_xgb": 0.9877632260322571, "date": "2026-01-29"}}, {"type": "Feature", "geometry": {"type": "Point", "coordinates": [-82.43333333503702, 35.80000000056501]}, "properties": {"p_logistic": 0.48717665672302246, "p_rf": 0.5120000243186951, "p_xgb": 0.986562967300415, "date": "2026-01-29"}}, {"type": "Feature", "geometry": {"type": "Point", "coordinates": [-82.42500000170402, 35.80000000056501]}, "properties": {"p_logistic": 0.4868794083595276, "p_rf": 0.5199999809265137, "p_xgb": 0.986562967300415, "date": "2026-01-29"}}, {"type": "Feature", "geometry": {"type": "Point", "coordinates": [-82.41666666837102, 35.80000000056501]}, "properties": {"p_logistic": 0.4869122803211212, "p_rf": 0.527999997138977, "p_xgb": 0.9869577884674072, "date": "2026-01-29"}}, {"type": "Feature", "geometry": {"type": "Point", "coordinates": [-82.40833333503801, 35.80000000056501]}, "properties": {"p_logistic": 0.4871421158313751, "p_rf": 0.5440000295639038, "p_xgb": 0.9845337867736816, "date": "2026-01-29"}}, {"type": "Feature", "geometry": {"type": "Point", "coordinates": [-82.40000000170502, 35.80000000056501]}, "properties": {"p_logistic": 0.48785874247550964, "p_rf": 0.5680000185966492, "p_xgb": 0.9771956205368042, "date": "2026-01-29"}}, {"type": "Feature", "geometry": {"type": "Point", "coordinates": [-82.39166666837201, 35.80000000056501]}, "properties": {"p_logistic": 0.4885145425796509, "p_rf": 0.6240000128746033, "p_xgb": 0.988345742225647, "date": "2026-01-29"}}, {"type": "Feature", "geometry": {"type": "Point", "coordinates": [-82.38333333503903, 35.80000000056501]}, "properties": {"p_logistic": 0.4883749783039093, "p_rf": 0.6179999709129333, "p_xgb": 0.9854615926742554, "date": "2026-01-29"}}, {"type": "Feature", "geometry": {"type": "Point", "coordinates": [-82.37500000170601, 35.80000000056501]}, "properties": {"p_logistic": 0.488241970539093, "p_rf": 0.5979999899864197, "p_xgb": 0.989819347858429, "date": "2026-01-29"}}, {"type": "Feature", "geometry": {"type": "Point", "coordinates": [-82.36666666837301, 35.80000000056501]}, "properties": {"p_logistic": 0.4876689016819, "p_rf": 0.6100000143051147, "p_xgb": 0.9906327724456787, "date": "2026-01-29"}}, {"type": "Feature", "geometry": {"type": "Point", "coordinates": [-82.35833333504002, 35.80000000056501]}, "properties": {"p_logistic": 0.4868810176849365, "p_rf": 0.5720000267028809, "p_xgb": 0.9880664348602295, "date": "2026-01-29"}}, {"type": "Feature", "geometry": {"type": "Point", "coordinates": [-82.35000000170702, 35.80000000056501]}, "properties": {"p_logistic": 0.48631253838539124, "p_rf": 0.5440000295639038, "p_xgb": 0.9650728106498718, "date": "2026-01-29"}}, {"type": "Feature", "geometry": {"type": "Point", "coordinates": [-82.34166666837402, 35.80000000056501]}, "properties": {"p_logistic": 0.4867783784866333, "p_rf": 0.5440000295639038, "p_xgb": 0.9662734270095825, "date": "2026-01-29"}}, {"type": "Feature", "geometry": {"type": "Point", "coordinates": [-82.53333333503302, 35.79166666723201]}, "properties": {"p_logistic": 0.4864047169685364, "p_rf": 0.5339999794960022, "p_xgb": 0.9914562106132507, "date": "2026-01-29"}}, {"type": "Feature", "geometry": {"type": "Point", "coordinates": [-82.52500000170002, 35.79166666723201]}, "properties": {"p_logistic": 0.48687615990638733, "p_rf": 0.5220000147819519, "p_xgb": 0.9889838099479675, "date": "2026-01-29"}}, {"type": "Feature", "geometry": {"type": "Point", "coordinates": [-82.51666666836701, 35.79166666723201]}, "properties": {"p_logistic": 0.48740097880363464, "p_rf": 0.5, "p_xgb": 0.9883334636688232, "date": "2026-01-29"}}, {"type": "Feature", "geometry": {"type": "Point", "coordinates": [-82.50833333503402, 35.79166666723201]}, "properties": {"p_logistic": 0.4879560172557831, "p_rf": 0.5, "p_xgb": 0.9883334636688232, "date": "2026-01-29"}}, {"type": "Feature", "geometry": {"type": "Point", "coordinates": [-82.50000000170101, 35.79166666723201]}, "properties": {"p_logistic": 0.4881359040737152, "p_rf": 0.5199999809265137, "p_xgb": 0.9903973340988159, "date": "2026-01-29"}}, {"type": "Feature", "geometry": {"type": "Point", "coordinates": [-82.49166666836803, 35.79166666723201]}, "properties": {"p_logistic": 0.48882609605789185, "p_rf": 0.5320000052452087, "p_xgb": 0.990851104259491, "date": "2026-01-29"}}, {"type": "Feature", "geometry": {"type": "Point", "coordinates": [-82.48333333503501, 35.79166666723201]}, "properties": {"p_logistic": 0.48955097794532776, "p_rf": 0.5299999713897705, "p_xgb": 0.990851104259491, "date": "2026-01-29"}}, {"type": "Feature", "geometry": {"type": "Point", "coordinates": [-82.47500000170201, 35.79166666723201]}, "properties": {"p_logistic": 0.49045464396476746, "p_rf": 0.5379999876022339, "p_xgb": 0.990851104259491, "date": "2026-01-29"}}, {"type": "Feature", "geometry": {"type": "Point", "coordinates": [-82.46666666836902, 35.79166666723201]}, "properties": {"p_logistic": 0.49061018228530884, "p_rf": 0.5320000052452087, "p_xgb": 0.9871935248374939, "date": "2026-01-29"}}, {"type": "Feature", "geometry": {"type": "Point", "coordinates": [-82.45833333503602, 35.79166666723201]}, "properties": {"p_logistic": 0.4901769161224365, "p_rf": 0.5419999957084656, "p_xgb": 0.9909065961837769, "date": "2026-01-29"}}, {"type": "Feature", "geometry": {"type": "Point", "coordinates": [-82.45000000170302, 35.79166666723201]}, "properties": {"p_logistic": 0.48941075801849365, "p_rf": 0.5139999985694885, "p_xgb": 0.9877632260322571, "date": "2026-01-29"}}, {"type": "Feature", "geometry": {"type": "Point", "coordinates": [-82.44166666837002, 35.79166666723201]}, "properties": {"p_logistic": 0.4888531565666199, "p_rf": 0.5180000066757202, "p_xgb": 0.9884040355682373, "date": "2026-01-29"}}, {"type": "Feature", "geometry": {"type": "Point", "coordinates": [-82.43333333503702, 35.79166666723201]}, "properties": {"p_logistic": 0.48841822147369385, "p_rf": 0.5220000147819519, "p_xgb": 0.9884040355682373, "date": "2026-01-29"}}, {"type": "Feature", "geometry": {"type": "Point", "coordinates": [-82.42500000170402, 35.79166666723201]}, "properties": {"p_logistic": 0.4881870448589325, "p_rf": 0.5239999890327454, "p_xgb": 0.987265944480896, "date": "2026-01-29"}}, {"type": "Feature", "geometry": {"type": "Point", "coordinates": [-82.41666666837102, 35.79166666723201]}, "properties": {"p_logistic": 0.48821285367012024, "p_rf": 0.5419999957084656, "p_xgb": 0.988146185874939, "date": "2026-01-29"}}, {"type": "Feature", "geometry": {"type": "Point", "coordinates": [-82.40833333503801, 35.79166666723201]}, "properties": {"p_logistic": 0.4885779917240143, "p_rf": 0.5479999780654907, "p_xgb": 0.9856138825416565, "date": "2026-01-29"}}, {"type": "Feature", "geometry": {"type": "Point", "coordinates": [-82.40000000170502, 35.79166666723201]}, "properties": {"p_logistic": 0.4893195629119873, "p_rf": 0.5920000076293945, "p_xgb": 0.977603018283844, "date": "2026-01-29"}}, {"type": "Feature", "geometry": {"type": "Point", "coordinates": [-82.39166666837201, 35.79166666723201]}, "properties": {"p_logistic": 0.4903601109981537, "p_rf": 0.6320000290870667, "p_xgb": 0.98786860704422, "date": "2026-01-29"}}, {"type": "Feature", "geometry": {"type": "Point", "coordinates": [-82.38333333503903, 35.79166666723201]}, "properties": {"p_logistic": 0.4906838834285736, "p_rf": 0.6240000128746033, "p_xgb": 0.9854615926742554, "date": "2026-01-29"}}, {"type": "Feature", "geometry": {"type": "Point", "coordinates": [-82.37500000170601, 35.79166666723201]}, "properties": {"p_logistic": 0.49035897850990295, "p_rf": 0.5920000076293945, "p_xgb": 0.9891239404678345, "date": "2026-01-29"}}, {"type": "Feature", "geometry": {"type": "Point", "coordinates": [-82.36666666837301, 35.79166666723201]}, "properties": {"p_logistic": 0.4897458553314209, "p_rf": 0.6039999723434448, "p_xgb": 0.9902688264846802, "date": "2026-01-29"}}, {"type": "Feature", "geometry": {"type": "Point", "coordinates": [-82.35833333504002, 35.79166666723201]}, "properties": {"p_logistic": 0.4891887605190277, "p_rf": 0.5820000171661377, "p_xgb": 0.9873608350753784, "date": "2026-01-29"}}, {"type": "Feature", "geometry": {"type": "Point", "coordinates": [-82.35000000170702, 35.79166666723201]}, "properties": {"p_logistic": 0.48829108476638794, "p_rf": 0.550000011920929, "p_xgb": 0.9662734270095825, "date": "2026-01-29"}}, {"type": "Feature", "geometry": {"type": "Point", "coordinates": [-82.55833333503202, 35.783333333899]}, "properties": {"p_logistic": 0.48470979928970337, "p_rf": 0.5820000171661377, "p_xgb": 0.9881458282470703, "date": "2026-01-29"}}, {"type": "Feature", "geometry": {"type": "Point", "coordinates": [-82.55000000169902, 35.783333333899]}, "properties": {"p_logistic": 0.48526573181152344, "p_rf": 0.5740000009536743, "p_xgb": 0.9902841448783875, "date": "2026-01-29"}}, {"type": "Feature", "geometry": {"type": "Point", "coordinates": [-82.54166666836602, 35.783333333899]}, "properties": {"p_logistic": 0.4859183132648468, "p_rf": 0.5899999737739563, "p_xgb": 0.9922985434532166, "date": "2026-01-29"}}, {"type": "Feature", "geometry": {"type": "Point", "coordinates": [-82.53333333503302, 35.783333333899]}, "properties": {"p_logistic": 0.4868250787258148, "p_rf": 0.5379999876022339, "p_xgb": 0.9914562106132507, "date": "2026-01-29"}}, {"type": "Feature", "geometry": {"type": "Point", "coordinates": [-82.52500000170002, 35.783333333899]}, "properties": {"p_logistic": 0.4870910346508026, "p_rf": 0.5180000066757202, "p_xgb": 0.9889838099479675, "date": "2026-01-29"}}, {"type": "Feature", "geometry": {"type": "Point", "coordinates": [-82.51666666836701, 35.783333333899]}, "properties": {"p_logistic": 0.4875876009464264, "p_rf": 0.5019999742507935, "p_xgb": 0.9888836741447449, "date": "2026-01-29"}}, {"type": "Feature", "geometry": {"type": "Point", "coordinates": [-82.50833333503402, 35.783333333899]}, "properties": {"p_logistic": 0.4881686568260193, "p_rf": 0.5, "p_xgb": 0.9883334636688232, "date": "2026-01-29"}}, {"type": "Feature", "geometry": {"type": "Point", "coordinates": [-82.50000000170101, 35.783333333899]}, "properties": {"p_logistic": 0.48882612586021423, "p_rf": 0.5, "p_xgb": 0.9883334636688232, "date": "2026-01-29"}}, {"type": "Feature", "geometry": {"type": "Point", "coordinates": [-82.49166666836803, 35.783333333899]}, "properties": {"p_logistic": 0.48957738280296326, "p_rf": 0.5019999742507935, "p_xgb": 0.9883334636688232, "date": "2026-01-29"}}, {"type": "Feature", "geometry": {"type": "Point", "coordinates": [-82.48333333503501, 35.783333333899]}, "properties": {"p_logistic": 0.4907796382904053, "p_rf": 0.5099999904632568, "p_xgb": 0.9883334636688232, "date": "2026-01-29"}}, {"type": "Feature", "geometry": {"type": "Point", "coordinates": [-82.47500000170201, 35.783333333899]}, "properties": {"p_logistic": 0.49198299646377563, "p_rf": 0.5460000038146973, "p_xgb": 0.9884040355682373, "date": "2026-01-29"}}, {"type": "Feature", "geometry": {"type": "Point", "coordinates": [-82.46666666836902, 35.783333333899]}, "properties": {"p_logistic": 0.49268466234207153, "p_rf": 0.5640000104904175, "p_xgb": 0.99153733253479, "date": "2026-01-29"}}, {"type": "Feature", "geometry": {"type": "Point", "coordinates": [-82.45833333503602, 35.783333333899]}, "properties": {"p_logistic": 0.49240681529045105, "p_rf": 0.5640000104904175, "p_xgb": 0.9897159934043884, "date": "2026-01-29"}}, {"type": "Feature", "geometry": {"type": "Point", "coordinates": [-82.45000000170302, 35.783333333899]}, "properties": {"p_logistic": 0.49163228273391724, "p_rf": 0.5419999957084656, "p_xgb": 0.9892065525054932, "date": "2026-01-29"}}, {"type": "Feature", "geometry": {"type": "Point", "coordinates": [-82.44166666837002, 35.783333333899]}, "properties": {"p_logistic": 0.49033695459365845, "p_rf": 0.5360000133514404, "p_xgb": 0.9884040355682373, "date": "2026-01-29"}}, {"type": "Feature", "geometry": {"type": "Point", "coordinates": [-82.43333333503702, 35.783333333899]}, "properties": {"p_logistic": 0.48993995785713196, "p_rf": 0.5519999861717224, "p_xgb": 0.988146185874939, "date": "2026-01-29"}}, {"type": "Feature", "geometry": {"type": "Point", "coordinates": [-82.42500000170402, 35.783333333899]}, "properties": {"p_logistic": 0.48978081345558167, "p_rf": 0.5440000295639038, "p_xgb": 0.988146185874939, "date": "2026-01-29"}}, {"type": "Feature", "geometry": {"type": "Point", "coordinates": [-82.41666666837102, 35.783333333899]}, "properties": {"p_logistic": 0.4900205135345459, "p_rf": 0.5519999861717224, "p_xgb": 0.9887095093727112, "date": "2026-01-29"}}, {"type": "Feature", "geometry": {"type": "Point", "coordinates": [-82.40833333503801, 35.783333333899]}, "properties": {"p_logistic": 0.4903917908668518, "p_rf": 0.5360000133514404, "p_xgb": 0.984329104423523, "date": "2026-01-29"}}, {"type": "Feature", "geometry": {"type": "Point", "coordinates": [-82.40000000170502, 35.783333333899]}, "properties": {"p_logistic": 0.49131345748901367, "p_rf": 0.6060000061988831, "p_xgb": 0.9816306233406067, "date": "2026-01-29"}}, {"type": "Feature", "geometry": {"type": "Point", "coordinates": [-82.39166666837201, 35.783333333899]}, "properties": {"p_logistic": 0.4927748143672943, "p_rf": 0.628000020980835, "p_xgb": 0.9864939451217651, "date": "2026-01-29"}}, {"type": "Feature", "geometry": {"type": "Point", "coordinates": [-82.38333333503903, 35.783333333899]}, "properties": {"p_logistic": 0.49327707290649414, "p_rf": 0.621999979019165, "p_xgb": 0.9844732284545898, "date": "2026-01-29"}}, {"type": "Feature", "geometry": {"type": "Point", "coordinates": [-82.37500000170601, 35.783333333899]}, "properties": {"p_logistic": 0.4931952953338623, "p_rf": 0.6079999804496765, "p_xgb": 0.9872280359268188, "date": "2026-01-29"}}, {"type": "Feature", "geometry": {"type": "Point", "coordinates": [-82.36666666837301, 35.783333333899]}, "properties": {"p_logistic": 0.4928712546825409, "p_rf": 0.6200000047683716, "p_xgb": 0.9885701537132263, "date": "2026-01-29"}}, {"type": "Feature", "geometry": {"type": "Point", "coordinates": [-82.35833333504002, 35.783333333899]}, "properties": {"p_logistic": 0.49126914143562317, "p_rf": 0.5860000252723694, "p_xgb": 0.9848922491073608, "date": "2026-01-29"}}, {"type": "Feature", "geometry": {"type": "Point", "coordinates": [-82.35000000170702, 35.783333333899]}, "properties": {"p_logistic": 0.4915149211883545, "p_rf": 0.578000009059906, "p_xgb": 0.971459150314331, "date": "2026-01-29"}}, {"type": "Feature", "geometry": {"type": "Point", "coordinates": [-82.57500000169802, 35.775000000566]}, "properties": {"p_logistic": 0.48496514558792114, "p_rf": 0.5920000076293945, "p_xgb": 0.9816190004348755, "date": "2026-01-29"}}, {"type": "Feature", "geometry": {"type": "Point", "coordinates": [-82.56666666836502, 35.775000000566]}, "properties": {"p_logistic": 0.4848017692565918, "p_rf": 0.5899999737739563, "p_xgb": 0.982413649559021, "date": "2026-01-29"}}, {"type": "Feature", "geometry": {"type": "Point", "coordinates": [-82.55833333503202, 35.775000000566]}, "properties": {"p_logistic": 0.48488184809684753, "p_rf": 0.5879999995231628, "p_xgb": 0.982413649559021, "date": "2026-01-29"}}, {"type": "Feature", "geometry": {"type": "Point", "coordinates": [-82.55000000169902, 35.775000000566]}, "properties": {"p_logistic": 0.4851304888725281, "p_rf": 0.578000009059906, "p_xgb": 0.9881458282470703, "date": "2026-01-29"}}, {"type": "Feature", "geometry": {"type": "Point", "coordinates": [-82.54166666836602, 35.775000000566]}, "properties": {"p_logistic": 0.4857555329799652, "p_rf": 0.5839999914169312, "p_xgb": 0.9902841448783875, "date": "2026-01-29"}}, {"type": "Feature", "geometry": {"type": "Point", "coordinates": [-82.53333333503302, 35.775000000566]}, "properties": {"p_logistic": 0.48666754364967346, "p_rf": 0.5720000267028809, "p_xgb": 0.9914562106132507, "date": "2026-01-29"}}, {"type": "Feature", "geometry": {"type": "Point", "coordinates": [-82.52500000170002, 35.775000000566]}, "properties": {"p_logistic": 0.4869709014892578, "p_rf": 0.4959999918937683, "p_xgb": 0.9896175265312195, "date": "2026-01-29"}}, {"type": "Feature", "geometry": {"type": "Point", "coordinates": [-82.51666666836701, 35.775000000566]}, "properties": {"p_logistic": 0.48759931325912476, "p_rf": 0.5, "p_xgb": 0.9889838099479675, "date": "2026-01-29"}}, {"type": "Feature", "geometry": {"type": "Point", "coordinates": [-82.50833333503402, 35.775000000566]}, "properties": {"p_logistic": 0.48815372586250305, "p_rf": 0.5, "p_xgb": 0.9883334636688232, "date": "2026-01-29"}}, {"type": "Feature", "geometry": {"type": "Point", "coordinates": [-82.50000000170101, 35.775000000566]}, "properties": {"p_logistic": 0.48890990018844604, "p_rf": 0.5, "p_xgb": 0.9883334636688232, "date": "2026-01-29"}}, {"type": "Feature", "geometry": {"type": "Point", "coordinates": [-82.49166666836803, 35.775000000566]}, "properties": {"p_logistic": 0.489877849817276, "p_rf": 0.5019999742507935, "p_xgb": 0.9883334636688232, "date": "2026-01-29"}}, {"type": "Feature", "geometry": {"type": "Point", "coordinates": [-82.48333333503501, 35.775000000566]}, "properties": {"p_logistic": 0.49139344692230225, "p_rf": 0.5199999809265137, "p_xgb": 0.9884040355682373, "date": "2026-01-29"}}, {"type": "Feature", "geometry": {"type": "Point", "coordinates": [-82.47500000170201, 35.775000000566]}, "properties": {"p_logistic": 0.49295780062675476, "p_rf": 0.550000011920929, "p_xgb": 0.9892065525054932, "date": "2026-01-29"}}, {"type": "Feature", "geometry": {"type": "Point", "coordinates": [-82.46666666836902, 35.775000000566]}, "properties": {"p_logistic": 0.4936760663986206, "p_rf": 0.5540000200271606, "p_xgb": 0.9899635910987854, "date": "2026-01-29"}}, {"type": "Feature", "geometry": {"type": "Point", "coordinates": [-82.45833333503602, 35.775000000566]}, "properties": {"p_logistic": 0.4939705729484558, "p_rf": 0.5540000200271606, "p_xgb": 0.9899635910987854, "date": "2026-01-29"}}, {"type": "Feature", "geometry": {"type": "Point", "coordinates": [-82.45000000170302, 35.775000000566]}, "properties": {"p_logistic": 0.49343106150627136, "p_rf": 0.5479999780654907, "p_xgb": 0.9894562363624573, "date": "2026-01-29"}}, {"type": "Feature", "geometry": {"type": "Point", "coordinates": [-82.44166666837002, 35.775000000566]}, "properties": {"p_logistic": 0.49291399121284485, "p_rf": 0.5460000038146973, "p_xgb": 0.9894562363624573, "date": "2026-01-29"}}, {"type": "Feature", "geometry": {"type": "Point", "coordinates": [-82.43333333503702, 35.775000000566]}, "properties": {"p_logistic": 0.4927084147930145, "p_rf": 0.5419999957084656, "p_xgb": 0.9879887104034424, "date": "2026-01-29"}}, {"type": "Feature", "geometry": {"type": "Point", "coordinates": [-82.42500000170402, 35.775000000566]}, "properties": {"p_logistic": 0.4925075173377991, "p_rf": 0.550000011920929, "p_xgb": 0.9876976609230042, "date": "2026-01-29"}}, {"type": "Feature", "geometry": {"type": "Point", "coordinates": [-82.41666666837102, 35.775000000566]}, "properties": {"p_logistic": 0.4926389753818512, "p_rf": 0.5740000009536743, "p_xgb": 0.9879196882247925, "date": "2026-01-29"}}, {"type": "Feature", "geometry": {"type": "Point", "coordinates": [-82.40833333503801, 35.775000000566]}, "properties": {"p_logistic": 0.4926033020019531, "p_rf": 0.5759999752044678, "p_xgb": 0.982763409614563, "date": "2026-01-29"}}, {"type": "Feature", "geometry": {"type": "Point", "coordinates": [-82.40000000170502, 35.775000000566]}, "properties": {"p_logistic": 0.4938492476940155, "p_rf": 0.6200000047683716, "p_xgb": 0.9775445461273193, "date": "2026-01-29"}}, {"type": "Feature", "geometry": {"type": "Point", "coordinates": [-82.39166666837201, 35.775000000566]}, "properties": {"p_logistic": 0.49494341015815735, "p_rf": 0.628000020980835, "p_xgb": 0.9853615164756775, "date": "2026-01-29"}}, {"type": "Feature", "geometry": {"type": "Point", "coordinates": [-82.38333333503903, 35.775000000566]}, "properties": {"p_logistic": 0.49534332752227783, "p_rf": 0.6320000290870667, "p_xgb": 0.9813024401664734, "date": "2026-01-29"}}, {"type": "Feature", "geometry": {"type": "Point", "coordinates": [-82.37500000170601, 35.775000000566]}, "properties": {"p_logistic": 0.4949924647808075, "p_rf": 0.6039999723434448, "p_xgb": 0.9813024401664734, "date": "2026-01-29"}}, {"type": "Feature", "geometry": {"type": "Point", "coordinates": [-82.36666666837301, 35.775000000566]}, "properties": {"p_logistic": 0.4946267902851105, "p_rf": 0.6340000033378601, "p_xgb": 0.9882802963256836, "date": "2026-01-29"}}, {"type": "Feature", "geometry": {"type": "Point", "coordinates": [-82.35833333504002, 35.775000000566]}, "properties": {"p_logistic": 0.494304895401001, "p_rf": 0.621999979019165, "p_xgb": 0.9882060885429382, "date": "2026-01-29"}}, {"type": "Feature", "geometry": {"type": "Point", "coordinates": [-82.35000000170702, 35.775000000566]}, "properties": {"p_logistic": 0.4947311282157898, "p_rf": 0.6039999723434448, "p_xgb": 0.9796844720840454, "date": "2026-01-29"}}, {"type": "Feature", "geometry": {"type": "Point", "coordinates": [-82.59166666836401, 35.766666667233004]}, "properties": {"p_logistic": 0.4856473207473755, "p_rf": 0.593999981880188, "p_xgb": 0.9816190004348755, "date": "2026-01-29"}}, {"type": "Feature", "geometry": {"type": "Point", "coordinates": [-82.58333333503101, 35.766666667233004]}, "properties": {"p_logistic": 0.48544636368751526, "p_rf": 0.5960000157356262, "p_xgb": 0.9816190004348755, "date": "2026-01-29"}}, {"type": "Feature", "geometry": {"type": "Point", "coordinates": [-82.57500000169802, 35.766666667233004]}, "properties": {"p_logistic": 0.4850948452949524, "p_rf": 0.593999981880188, "p_xgb": 0.9816190004348755, "date": "2026-01-29"}}, {"type": "Feature", "geometry": {"type": "Point", "coordinates": [-82.56666666836502, 35.766666667233004]}, "properties": {"p_logistic": 0.48427531123161316, "p_rf": 0.5899999737739563, "p_xgb": 0.9816190004348755, "date": "2026-01-29"}}, {"type": "Feature", "geometry": {"type": "Point", "coordinates": [-82.55833333503202, 35.766666667233004]}, "properties": {"p_logistic": 0.4841811954975128, "p_rf": 0.5860000252723694, "p_xgb": 0.982413649559021, "date": "2026-01-29"}}, {"type": "Feature", "geometry": {"type": "Point", "coordinates": [-82.55000000169902, 35.766666667233004]}, "properties": {"p_logistic": 0.48422008752822876, "p_rf": 0.5820000171661377, "p_xgb": 0.9867919683456421, "date": "2026-01-29"}}, {"type": "Feature", "geometry": {"type": "Point", "coordinates": [-82.54166666836602, 35.766666667233004]}, "properties": {"p_logistic": 0.48445481061935425, "p_rf": 0.5960000157356262, "p_xgb": 0.9881458282470703, "date": "2026-01-29"}}, {"type": "Feature", "geometry": {"type": "Point", "coordinates": [-82.53333333503302, 35.766666667233004]}, "properties": {"p_logistic": 0.4849998652935028, "p_rf": 0.6039999723434448, "p_xgb": 0.9924955368041992, "date": "2026-01-29"}}, {"type": "Feature", "geometry": {"type": "Point", "coordinates": [-82.52500000170002, 35.766666667233004]}, "properties": {"p_logistic": 0.4860772490501404, "p_rf": 0.5580000281333923, "p_xgb": 0.990924596786499, "date": "2026-01-29"}}, {"type": "Feature", "geometry": {"type": "Point", "coordinates": [-82.51666666836701, 35.766666667233004]}, "properties": {"p_logistic": 0.4871043860912323, "p_rf": 0.49799999594688416, "p_xgb": 0.9894346594810486, "date": "2026-01-29"}}, {"type": "Feature", "geometry": {"type": "Point", "coordinates": [-82.50833333503402, 35.766666667233004]}, "properties": {"p_logistic": 0.488061785697937, "p_rf": 0.5080000162124634, "p_xgb": 0.9884385466575623, "date": "2026-01-29"}}, {"type": "Feature", "geometry": {"type": "Point", "coordinates": [-82.50000000170101, 35.766666667233004]}, "properties": {"p_logistic": 0.4888495206832886, "p_rf": 0.5059999823570251, "p_xgb": 0.9883334636688232, "date": "2026-01-29"}}, {"type": "Feature", "geometry": {"type": "Point", "coordinates": [-82.49166666836803, 35.766666667233004]}, "properties": {"p_logistic": 0.48934251070022583, "p_rf": 0.5080000162124634, "p_xgb": 0.9883334636688232, "date": "2026-01-29"}}, {"type": "Feature", "geometry": {"type": "Point", "coordinates": [-82.48333333503501, 35.766666667233004]}, "properties": {"p_logistic": 0.49081405997276306, "p_rf": 0.5260000228881836, "p_xgb": 0.9884040355682373, "date": "2026-01-29"}}, {"type": "Feature", "geometry": {"type": "Point", "coordinates": [-82.47500000170201, 35.766666667233004]}, "properties": {"p_logistic": 0.4923100471496582, "p_rf": 0.550000011920929, "p_xgb": 0.9892065525054932, "date": "2026-01-29"}}, {"type": "Feature", "geometry": {"type": "Point", "coordinates": [-82.46666666836902, 35.766666667233004]}, "properties": {"p_logistic": 0.49335744976997375, "p_rf": 0.5440000295639038, "p_xgb": 0.9894562363624573, "date": "2026-01-29"}}, {"type": "Feature", "geometry": {"type": "Point", "coordinates": [-82.45833333503602, 35.766666667233004]}, "properties": {"p_logistic": 0.4941674768924713, "p_rf": 0.5460000038146973, "p_xgb": 0.9890629649162292, "date": "2026-01-29"}}, {"type": "Feature", "geometry": {"type": "Point", "coordinates": [-82.45000000170302, 35.766666667233004]}, "properties": {"p_logistic": 0.49401742219924927, "p_rf": 0.5559999942779541, "p_xgb": 0.9890629649162292, "date": "2026-01-29"}}, {"type": "Feature", "geometry": {"type": "Point", "coordinates": [-82.44166666837002, 35.766666667233004]}, "properties": {"p_logistic": 0.4938788414001465, "p_rf": 0.5460000038146973, "p_xgb": 0.9882055521011353, "date": "2026-01-29"}}, {"type": "Feature", "geometry": {"type": "Point", "coordinates": [-82.43333333503702, 35.766666667233004]}, "properties": {"p_logistic": 0.49386700987815857, "p_rf": 0.5740000009536743, "p_xgb": 0.9879196882247925, "date": "2026-01-29"}}, {"type": "Feature", "geometry": {"type": "Point", "coordinates": [-82.42500000170402, 35.766666667233004]}, "properties": {"p_logistic": 0.49391672015190125, "p_rf": 0.5860000252723694, "p_xgb": 0.9901109337806702, "date": "2026-01-29"}}, {"type": "Feature", "geometry": {"type": "Point", "coordinates": [-82.41666666837102, 35.766666667233004]}, "properties": {"p_logistic": 0.49409279227256775, "p_rf": 0.5860000252723694, "p_xgb": 0.9894694089889526, "date": "2026-01-29"}}, {"type": "Feature", "geometry": {"type": "Point", "coordinates": [-82.40833333503801, 35.766666667233004]}, "properties": {"p_logistic": 0.49460282921791077, "p_rf": 0.5759999752044678, "p_xgb": 0.982062041759491, "date": "2026-01-29"}}, {"type": "Feature", "geometry": {"type": "Point", "coordinates": [-82.40000000170502, 35.766666667233004]}, "properties": {"p_logistic": 0.49504727125167847, "p_rf": 0.6179999709129333, "p_xgb": 0.9760311245918274, "date": "2026-01-29"}}, {"type": "Feature", "geometry": {"type": "Point", "coordinates": [-82.39166666837201, 35.766666667233004]}, "properties": {"p_logistic": 0.49611228704452515, "p_rf": 0.6320000290870667, "p_xgb": 0.9817668795585632, "date": "2026-01-29"}}, {"type": "Feature", "geometry": {"type": "Point", "coordinates": [-82.38333333503903, 35.766666667233004]}, "properties": {"p_logistic": 0.49603402614593506, "p_rf": 0.628000020980835, "p_xgb": 0.9813024401664734, "date": "2026-01-29"}}, {"type": "Feature", "geometry": {"type": "Point", "coordinates": [-82.37500000170601, 35.766666667233004]}, "properties": {"p_logistic": 0.49624761939048767, "p_rf": 0.621999979019165, "p_xgb": 0.9813024401664734, "date": "2026-01-29"}}, {"type": "Feature", "geometry": {"type": "Point", "coordinates": [-82.36666666837301, 35.766666667233004]}, "properties": {"p_logistic": 0.49664491415023804, "p_rf": 0.6539999842643738, "p_xgb": 0.9880871772766113, "date": "2026-01-29"}}, {"type": "Feature", "geometry": {"type": "Point", "coordinates": [-82.35833333504002, 35.766666667233004]}, "properties": {"p_logistic": 0.49633270502090454, "p_rf": 0.628000020980835, "p_xgb": 0.9915239810943604, "date": "2026-01-29"}}, {"type": "Feature", "geometry": {"type": "Point", "coordinates": [-82.35000000170702, 35.766666667233004]}, "properties": {"p_logistic": 0.49695083498954773, "p_rf": 0.5899999737739563, "p_xgb": 0.9636215567588806, "date": "2026-01-29"}}, {"type": "Feature", "geometry": {"type": "Point", "coordinates": [-82.34166666837402, 35.766666667233004]}, "properties": {"p_logistic": 0.497697651386261, "p_rf": 0.5920000076293945, "p_xgb": 0.9649739265441895, "date": "2026-01-29"}}, {"type": "Feature", "geometry": {"type": "Point", "coordinates": [-82.61666666836302, 35.758333333900005]}, "properties": {"p_logistic": 0.48664596676826477, "p_rf": 0.5960000157356262, "p_xgb": 0.9881933331489563, "date": "2026-01-29"}}, {"type": "Feature", "geometry": {"type": "Point", "coordinates": [-82.60833333503001, 35.758333333900005]}, "properties": {"p_logistic": 0.48668453097343445, "p_rf": 0.593999981880188, "p_xgb": 0.9816190004348755, "date": "2026-01-29"}}, {"type": "Feature", "geometry": {"type": "Point", "coordinates": [-82.60000000169703, 35.758333333900005]}, "properties": {"p_logistic": 0.4863394498825073, "p_rf": 0.5960000157356262, "p_xgb": 0.9816190004348755, "date": "2026-01-29"}}, {"type": "Feature", "geometry": {"type": "Point", "coordinates": [-82.59166666836401, 35.758333333900005]}, "properties": {"p_logistic": 0.48602262139320374, "p_rf": 0.593999981880188, "p_xgb": 0.9816190004348755, "date": "2026-01-29"}}, {"type": "Feature", "geometry": {"type": "Point", "coordinates": [-82.58333333503101, 35.758333333900005]}, "properties": {"p_logistic": 0.48581522703170776, "p_rf": 0.593999981880188, "p_xgb": 0.9816190004348755, "date": "2026-01-29"}}, {"type": "Feature", "geometry": {"type": "Point", "coordinates": [-82.57500000169802, 35.758333333900005]}, "properties": {"p_logistic": 0.4853852093219757, "p_rf": 0.593999981880188, "p_xgb": 0.9816190004348755, "date": "2026-01-29"}}, {"type": "Feature", "geometry": {"type": "Point", "coordinates": [-82.56666666836502, 35.758333333900005]}, "properties": {"p_logistic": 0.4845483899116516, "p_rf": 0.5920000076293945, "p_xgb": 0.9816190004348755, "date": "2026-01-29"}}, {"type": "Feature", "geometry": {"type": "Point", "coordinates": [-82.55833333503202, 35.758333333900005]}, "properties": {"p_logistic": 0.48443490266799927, "p_rf": 0.5839999914169312, "p_xgb": 0.982413649559021, "date": "2026-01-29"}}, {"type": "Feature", "geometry": {"type": "Point", "coordinates": [-82.55000000169902, 35.758333333900005]}, "properties": {"p_logistic": 0.48428258299827576, "p_rf": 0.5879999995231628, "p_xgb": 0.982413649559021, "date": "2026-01-29"}}, {"type": "Feature", "geometry": {"type": "Point", "coordinates": [-82.54166666836602, 35.758333333900005]}, "properties": {"p_logistic": 0.4841949939727783, "p_rf": 0.6060000061988831, "p_xgb": 0.987144410610199, "date": "2026-01-29"}}, {"type": "Feature", "geometry": {"type": "Point", "coordinates": [-82.53333333503302, 35.758333333900005]}, "properties": {"p_logistic": 0.4842756986618042, "p_rf": 0.6159999966621399, "p_xgb": 0.9897899031639099, "date": "2026-01-29"}}, {"type": "Feature", "geometry": {"type": "Point", "coordinates": [-82.52500000170002, 35.758333333900005]}, "properties": {"p_logistic": 0.48452645540237427, "p_rf": 0.5699999928474426, "p_xgb": 0.9911564588546753, "date": "2026-01-29"}}, {"type": "Feature", "geometry": {"type": "Point", "coordinates": [-82.51666666836701, 35.758333333900005]}, "properties": {"p_logistic": 0.4864884614944458, "p_rf": 0.5320000052452087, "p_xgb": 0.9894346594810486, "date": "2026-01-29"}}, {"type": "Feature", "geometry": {"type": "Point", "coordinates": [-82.50833333503402, 35.758333333900005]}, "properties": {"p_logistic": 0.4875718951225281, "p_rf": 0.5059999823570251, "p_xgb": 0.9884385466575623, "date": "2026-01-29"}}, {"type": "Feature", "geometry": {"type": "Point", "coordinates": [-82.50000000170101, 35.758333333900005]}, "properties": {"p_logistic": 0.48791471123695374, "p_rf": 0.5, "p_xgb": 0.9883334636688232, "date": "2026-01-29"}}, {"type": "Feature", "geometry": {"type": "Point", "coordinates": [-82.49166666836803, 35.758333333900005]}, "properties": {"p_logistic": 0.4885665476322174, "p_rf": 0.5080000162124634, "p_xgb": 0.9877632260322571, "date": "2026-01-29"}}, {"type": "Feature", "geometry": {"type": "Point", "coordinates": [-82.48333333503501, 35.758333333900005]}, "properties": {"p_logistic": 0.48964282870292664, "p_rf": 0.5180000066757202, "p_xgb": 0.987265944480896, "date": "2026-01-29"}}, {"type": "Feature", "geometry": {"type": "Point", "coordinates": [-82.47500000170201, 35.758333333900005]}, "properties": {"p_logistic": 0.49115702509880066, "p_rf": 0.5479999780654907, "p_xgb": 0.988146185874939, "date": "2026-01-29"}}, {"type": "Feature", "geometry": {"type": "Point", "coordinates": [-82.46666666836902, 35.758333333900005]}, "properties": {"p_logistic": 0.4921324849128723, "p_rf": 0.550000011920929, "p_xgb": 0.988976776599884, "date": "2026-01-29"}}, {"type": "Feature", "geometry": {"type": "Point", "coordinates": [-82.45833333503602, 35.758333333900005]}, "properties": {"p_logistic": 0.4929591417312622, "p_rf": 0.5479999780654907, "p_xgb": 0.9879887104034424, "date": "2026-01-29"}}, {"type": "Feature", "geometry": {"type": "Point", "coordinates": [-82.45000000170302, 35.758333333900005]}, "properties": {"p_logistic": 0.4931504726409912, "p_rf": 0.5419999957084656, "p_xgb": 0.9882055521011353, "date": "2026-01-29"}}, {"type": "Feature", "geometry": {"type": "Point", "coordinates": [-82.44166666837002, 35.758333333900005]}, "properties": {"p_logistic": 0.4933212101459503, "p_rf": 0.5680000185966492, "p_xgb": 0.9879196882247925, "date": "2026-01-29"}}, {"type": "Feature", "geometry": {"type": "Point", "coordinates": [-82.43333333503702, 35.758333333900005]}, "properties": {"p_logistic": 0.4940454959869385, "p_rf": 0.5799999833106995, "p_xgb": 0.9879196882247925, "date": "2026-01-29"}}, {"type": "Feature", "geometry": {"type": "Point", "coordinates": [-82.42500000170402, 35.758333333900005]}, "properties": {"p_logistic": 0.49444976449012756, "p_rf": 0.5839999914169312, "p_xgb": 0.9901109337806702, "date": "2026-01-29"}}, {"type": "Feature", "geometry": {"type": "Point", "coordinates": [-82.41666666837102, 35.758333333900005]}, "properties": {"p_logistic": 0.4947948157787323, "p_rf": 0.5879999995231628, "p_xgb": 0.9894694089889526, "date": "2026-01-29"}}, {"type": "Feature", "geometry": {"type": "Point", "coordinates": [-82.40833333503801, 35.758333333900005]}, "properties": {"p_logistic": 0.49532783031463623, "p_rf": 0.578000009059906, "p_xgb": 0.982062041759491, "date": "2026-01-29"}}, {"type": "Feature", "geometry": {"type": "Point", "coordinates": [-82.40000000170502, 35.758333333900005]}, "properties": {"p_logistic": 0.4958249628543854, "p_rf": 0.6079999804496765, "p_xgb": 0.9760311245918274, "date": "2026-01-29"}}, {"type": "Feature", "geometry": {"type": "Point", "coordinates": [-82.39166666837201, 35.758333333900005]}, "properties": {"p_logistic": 0.4966922998428345, "p_rf": 0.6439999938011169, "p_xgb": 0.9655345678329468, "date": "2026-01-29"}}, {"type": "Feature", "geometry": {"type": "Point", "coordinates": [-82.38333333503903, 35.758333333900005]}, "properties": {"p_logistic": 0.49652379751205444, "p_rf": 0.6259999871253967, "p_xgb": 0.9823687672615051, "date": "2026-01-29"}}, {"type": "Feature", "geometry": {"type": "Point", "coordinates": [-82.37500000170601, 35.758333333900005]}, "properties": {"p_logistic": 0.49685150384902954, "p_rf": 0.6340000033378601, "p_xgb": 0.9813024401664734, "date": "2026-01-29"}}, {"type": "Feature", "geometry": {"type": "Point", "coordinates": [-82.36666666837301, 35.758333333900005]}, "properties": {"p_logistic": 0.49735283851623535, "p_rf": 0.6340000033378601, "p_xgb": 0.9880871772766113, "date": "2026-01-29"}}, {"type": "Feature", "geometry": {"type": "Point", "coordinates": [-82.35833333504002, 35.758333333900005]}, "properties": {"p_logistic": 0.4975505471229553, "p_rf": 0.6759999990463257, "p_xgb": 0.9915239810943604, "date": "2026-01-29"}}, {"type": "Feature", "geometry": {"type": "Point", "coordinates": [-82.35000000170702, 35.758333333900005]}, "properties": {"p_logistic": 0.49824440479278564, "p_rf": 0.5839999914169312, "p_xgb": 0.9636215567588806, "date": "2026-01-29"}}, {"type": "Feature", "geometry": {"type": "Point", "coordinates": [-82.34166666837402, 35.758333333900005]}, "properties": {"p_logistic": 0.4987330734729767, "p_rf": 0.5860000252723694, "p_xgb": 0.9649739265441895, "date": "2026-01-29"}}, {"type": "Feature", "geometry": {"type": "Point", "coordinates": [-82.63333333502902, 35.750000000567006]}, "properties": {"p_logistic": 0.4864595830440521, "p_rf": 0.5920000076293945, "p_xgb": 0.982413649559021, "date": "2026-01-29"}}, {"type": "Feature", "geometry": {"type": "Point", "coordinates": [-82.62500000169601, 35.750000000567006]}, "properties": {"p_logistic": 0.4871995747089386, "p_rf": 0.5920000076293945, "p_xgb": 0.982413649559021, "date": "2026-01-29"}}, {"type": "Feature", "geometry": {"type": "Point", "coordinates": [-82.61666666836302, 35.750000000567006]}, "properties": {"p_logistic": 0.48717737197875977, "p_rf": 0.593999981880188, "p_xgb": 0.982413649559021, "date": "2026-01-29"}}, {"type": "Feature", "geometry": {"type": "Point", "coordinates": [-82.60833333503001, 35.750000000567006]}, "properties": {"p_logistic": 0.48729759454727173, "p_rf": 0.5920000076293945, "p_xgb": 0.9816190004348755, "date": "2026-01-29"}}, {"type": "Feature", "geometry": {"type": "Point", "coordinates": [-82.60000000169703, 35.750000000567006]}, "properties": {"p_logistic": 0.4869053065776825, "p_rf": 0.5899999737739563, "p_xgb": 0.9816190004348755, "date": "2026-01-29"}}, {"type": "Feature", "geometry": {"type": "Point", "coordinates": [-82.59166666836401, 35.750000000567006]}, "properties": {"p_logistic": 0.4866540729999542, "p_rf": 0.5899999737739563, "p_xgb": 0.9816190004348755, "date": "2026-01-29"}}, {"type": "Feature", "geometry": {"type": "Point", "coordinates": [-82.58333333503101, 35.750000000567006]}, "properties": {"p_logistic": 0.4862065613269806, "p_rf": 0.5920000076293945, "p_xgb": 0.9816190004348755, "date": "2026-01-29"}}, {"type": "Feature", "geometry": {"type": "Point", "coordinates": [-82.57500000169802, 35.750000000567006]}, "properties": {"p_logistic": 0.4854442775249481, "p_rf": 0.5879999995231628, "p_xgb": 0.9816190004348755, "date": "2026-01-29"}}, {"type": "Feature", "geometry": {"type": "Point", "coordinates": [-82.56666666836502, 35.750000000567006]}, "properties": {"p_logistic": 0.4852027893066406, "p_rf": 0.5839999914169312, "p_xgb": 0.9816190004348755, "date": "2026-01-29"}}, {"type": "Feature", "geometry": {"type": "Point", "coordinates": [-82.55833333503202, 35.750000000567006]}, "properties": {"p_logistic": 0.48503997921943665, "p_rf": 0.5839999914169312, "p_xgb": 0.982413649559021, "date": "2026-01-29"}}, {"type": "Feature", "geometry": {"type": "Point", "coordinates": [-82.55000000169902, 35.750000000567006]}, "properties": {"p_logistic": 0.4847761392593384, "p_rf": 0.5960000157356262, "p_xgb": 0.982413649559021, "date": "2026-01-29"}}, {"type": "Feature", "geometry": {"type": "Point", "coordinates": [-82.54166666836602, 35.750000000567006]}, "properties": {"p_logistic": 0.4845094084739685, "p_rf": 0.6119999885559082, "p_xgb": 0.9897899031639099, "date": "2026-01-29"}}, {"type": "Feature", "geometry": {"type": "Point", "coordinates": [-82.53333333503302, 35.750000000567006]}, "properties": {"p_logistic": 0.4841342568397522, "p_rf": 0.6019999980926514, "p_xgb": 0.9916342496871948, "date": "2026-01-29"}}, {"type": "Feature", "geometry": {"type": "Point", "coordinates": [-82.52500000170002, 35.750000000567006]}, "properties": {"p_logistic": 0.48444145917892456, "p_rf": 0.5759999752044678, "p_xgb": 0.9907175898551941, "date": "2026-01-29"}}, {"type": "Feature", "geometry": {"type": "Point", "coordinates": [-82.51666666836701, 35.750000000567006]}, "properties": {"p_logistic": 0.48572391271591187, "p_rf": 0.5299999713897705, "p_xgb": 0.9894346594810486, "date": "2026-01-29"}}, {"type": "Feature", "geometry": {"type": "Point", "coordinates": [-82.50833333503402, 35.750000000567006]}, "properties": {"p_logistic": 0.4862954914569855, "p_rf": 0.5099999904632568, "p_xgb": 0.9873036742210388, "date": "2026-01-29"}}, {"type": "Feature", "geometry": {"type": "Point", "coordinates": [-82.50000000170101, 35.750000000567006]}, "properties": {"p_logistic": 0.4875301122665405, "p_rf": 0.5019999742507935, "p_xgb": 0.986562967300415, "date": "2026-01-29"}}, {"type": "Feature", "geometry": {"type": "Point", "coordinates": [-82.49166666836803, 35.750000000567006]}, "properties": {"p_logistic": 0.487968385219574, "p_rf": 0.515999972820282, "p_xgb": 0.986562967300415, "date": "2026-01-29"}}, {"type": "Feature", "geometry": {"type": "Point", "coordinates": [-82.48333333503501, 35.750000000567006]}, "properties": {"p_logistic": 0.4885992705821991, "p_rf": 0.5180000066757202, "p_xgb": 0.987265944480896, "date": "2026-01-29"}}, {"type": "Feature", "geometry": {"type": "Point", "coordinates": [-82.47500000170201, 35.750000000567006]}, "properties": {"p_logistic": 0.4898720383644104, "p_rf": 0.5479999780654907, "p_xgb": 0.988146185874939, "date": "2026-01-29"}}, {"type": "Feature", "geometry": {"type": "Point", "coordinates": [-82.46666666836902, 35.750000000567006]}, "properties": {"p_logistic": 0.49092409014701843, "p_rf": 0.5479999780654907, "p_xgb": 0.988976776599884, "date": "2026-01-29"}}, {"type": "Feature", "geometry": {"type": "Point", "coordinates": [-82.45833333503602, 35.750000000567006]}, "properties": {"p_logistic": 0.4919183552265167, "p_rf": 0.5440000295639038, "p_xgb": 0.9876976609230042, "date": "2026-01-29"}}, {"type": "Feature", "geometry": {"type": "Point", "coordinates": [-82.45000000170302, 35.750000000567006]}, "properties": {"p_logistic": 0.49252602458000183, "p_rf": 0.5759999752044678, "p_xgb": 0.9879196882247925, "date": "2026-01-29"}}, {"type": "Feature", "geometry": {"type": "Point", "coordinates": [-82.44166666837002, 35.750000000567006]}, "properties": {"p_logistic": 0.49292996525764465, "p_rf": 0.5799999833106995, "p_xgb": 0.9879196882247925, "date": "2026-01-29"}}, {"type": "Feature", "geometry": {"type": "Point", "coordinates": [-82.43333333503702, 35.750000000567006]}, "properties": {"p_logistic": 0.49330371618270874, "p_rf": 0.5839999914169312, "p_xgb": 0.9898841381072998, "date": "2026-01-29"}}, {"type": "Feature", "geometry": {"type": "Point", "coordinates": [-82.42500000170402, 35.750000000567006]}, "properties": {"p_logistic": 0.49380773305892944, "p_rf": 0.5820000171661377, "p_xgb": 0.9894694089889526, "date": "2026-01-29"}}, {"type": "Feature", "geometry": {"type": "Point", "coordinates": [-82.41666666837102, 35.750000000567006]}, "properties": {"p_logistic": 0.49524644017219543, "p_rf": 0.578000009059906, "p_xgb": 0.982062041759491, "date": "2026-01-29"}}, {"type": "Feature", "geometry": {"type": "Point", "coordinates": [-82.40833333503801, 35.750000000567006]}, "properties": {"p_logistic": 0.49584120512008667, "p_rf": 0.5740000009536743, "p_xgb": 0.982062041759491, "date": "2026-01-29"}}, {"type": "Feature", "geometry": {"type": "Point", "coordinates": [-82.40000000170502, 35.750000000567006]}, "properties": {"p_logistic": 0.49637389183044434, "p_rf": 0.6140000224113464, "p_xgb": 0.9760311245918274, "date": "2026-01-29"}}, {"type": "Feature", "geometry": {"type": "Point", "coordinates": [-82.39166666837201, 35.750000000567006]}, "properties": {"p_logistic": 0.4972268342971802, "p_rf": 0.6420000195503235, "p_xgb": 0.9655345678329468, "date": "2026-01-29"}}, {"type": "Feature", "geometry": {"type": "Point", "coordinates": [-82.38333333503903, 35.750000000567006]}, "properties": {"p_logistic": 0.4969809651374817, "p_rf": 0.6439999938011169, "p_xgb": 0.9823687672615051, "date": "2026-01-29"}}, {"type": "Feature", "geometry": {"type": "Point", "coordinates": [-82.37500000170601, 35.750000000567006]}, "properties": {"p_logistic": 0.497230589389801, "p_rf": 0.6359999775886536, "p_xgb": 0.9832159876823425, "date": "2026-01-29"}}, {"type": "Feature", "geometry": {"type": "Point", "coordinates": [-82.36666666837301, 35.750000000567006]}, "properties": {"p_logistic": 0.49797239899635315, "p_rf": 0.6639999747276306, "p_xgb": 0.9897576570510864, "date": "2026-01-29"}}, {"type": "Feature", "geometry": {"type": "Point", "coordinates": [-82.35833333504002, 35.750000000567006]}, "properties": {"p_logistic": 0.4985353350639343, "p_rf": 0.6679999828338623, "p_xgb": 0.990035891532898, "date": "2026-01-29"}}, {"type": "Feature", "geometry": {"type": "Point", "coordinates": [-82.35000000170702, 35.750000000567006]}, "properties": {"p_logistic": 0.49918338656425476, "p_rf": 0.5820000171661377, "p_xgb": 0.9636215567588806, "date": "2026-01-29"}}, {"type": "Feature", "geometry": {"type": "Point", "coordinates": [-82.34166666837402, 35.750000000567006]}, "properties": {"p_logistic": 0.49980324506759644, "p_rf": 0.5860000252723694, "p_xgb": 0.9689360857009888, "date": "2026-01-29"}}, {"type": "Feature", "geometry": {"type": "Point", "coordinates": [-82.65000000169502, 35.741666667234]}, "properties": {"p_logistic": 0.485148161649704, "p_rf": 0.5860000252723694, "p_xgb": 0.9834813475608826, "date": "2026-01-29"}}, {"type": "Feature", "geometry": {"type": "Point", "coordinates": [-82.64166666836202, 35.741666667234]}, "properties": {"p_logistic": 0.48668771982192993, "p_rf": 0.6179999709129333, "p_xgb": 0.9863916635513306, "date": "2026-01-29"}}, {"type": "Feature", "geometry": {"type": "Point", "coordinates": [-82.63333333502902, 35.741666667234]}, "properties": {"p_logistic": 0.48723262548446655, "p_rf": 0.6140000224113464, "p_xgb": 0.9863916635513306, "date": "2026-01-29"}}, {"type": "Feature", "geometry": {"type": "Point", "coordinates": [-82.62500000169601, 35.741666667234]}, "properties": {"p_logistic": 0.48778775334358215, "p_rf": 0.5920000076293945, "p_xgb": 0.982413649559021, "date": "2026-01-29"}}, {"type": "Feature", "geometry": {"type": "Point", "coordinates": [-82.61666666836302, 35.741666667234]}, "properties": {"p_logistic": 0.48793527483940125, "p_rf": 0.5860000252723694, "p_xgb": 0.982413649559021, "date": "2026-01-29"}}, {"type": "Feature", "geometry": {"type": "Point", "coordinates": [-82.60833333503001, 35.741666667234]}, "properties": {"p_logistic": 0.4880983531475067, "p_rf": 0.5860000252723694, "p_xgb": 0.9816190004348755, "date": "2026-01-29"}}, {"type": "Feature", "geometry": {"type": "Point", "coordinates": [-82.60000000169703, 35.741666667234]}, "properties": {"p_logistic": 0.48747873306274414, "p_rf": 0.5839999914169312, "p_xgb": 0.982413649559021, "date": "2026-01-29"}}, {"type": "Feature", "geometry": {"type": "Point", "coordinates": [-82.59166666836401, 35.741666667234]}, "properties": {"p_logistic": 0.4869823157787323, "p_rf": 0.5860000252723694, "p_xgb": 0.982413649559021, "date": "2026-01-29"}}, {"type": "Feature", "geometry": {"type": "Point", "coordinates": [-82.58333333503101, 35.741666667234]}, "properties": {"p_logistic": 0.4870966672897339, "p_rf": 0.5839999914169312, "p_xgb": 0.9816190004348755, "date": "2026-01-29"}}, {"type": "Feature", "geometry": {"type": "Point", "coordinates": [-82.57500000169802, 35.741666667234]}, "properties": {"p_logistic": 0.4863736927509308, "p_rf": 0.5820000171661377, "p_xgb": 0.982413649559021, "date": "2026-01-29"}}, {"type": "Feature", "geometry": {"type": "Point", "coordinates": [-82.56666666836502, 35.741666667234]}, "properties": {"p_logistic": 0.48637592792510986, "p_rf": 0.5820000171661377, "p_xgb": 0.9842090010643005, "date": "2026-01-29"}}, {"type": "Feature", "geometry": {"type": "Point", "coordinates": [-82.55833333503202, 35.741666667234]}, "properties": {"p_logistic": 0.4859813451766968, "p_rf": 0.5899999737739563, "p_xgb": 0.9842090010643005, "date": "2026-01-29"}}, {"type": "Feature", "geometry": {"type": "Point", "coordinates": [-82.55000000169902, 35.741666667234]}, "properties": {"p_logistic": 0.4855489730834961, "p_rf": 0.6079999804496765, "p_xgb": 0.9908393025398254, "date": "2026-01-29"}}, {"type": "Feature", "geometry": {"type": "Point", "coordinates": [-82.54166666836602, 35.741666667234]}, "properties": {"p_logistic": 0.4852829575538635, "p_rf": 0.6100000143051147, "p_xgb": 0.9908393025398254, "date": "2026-01-29"}}, {"type": "Feature", "geometry": {"type": "Point", "coordinates": [-82.53333333503302, 35.741666667234]}, "properties": {"p_logistic": 0.4851152002811432, "p_rf": 0.5659999847412109, "p_xgb": 0.9911564588546753, "date": "2026-01-29"}}, {"type": "Feature", "geometry": {"type": "Point", "coordinates": [-82.52500000170002, 35.741666667234]}, "properties": {"p_logistic": 0.4848494529724121, "p_rf": 0.5680000185966492, "p_xgb": 0.9904745221138, "date": "2026-01-29"}}, {"type": "Feature", "geometry": {"type": "Point", "coordinates": [-82.51666666836701, 35.741666667234]}, "properties": {"p_logistic": 0.48557472229003906, "p_rf": 0.5099999904632568, "p_xgb": 0.9894346594810486, "date": "2026-01-29"}}, {"type": "Feature", "geometry": {"type": "Point", "coordinates": [-82.50833333503402, 35.741666667234]}, "properties": {"p_logistic": 0.4862010180950165, "p_rf": 0.5059999823570251, "p_xgb": 0.986562967300415, "date": "2026-01-29"}}, {"type": "Feature", "geometry": {"type": "Point", "coordinates": [-82.50000000170101, 35.741666667234]}, "properties": {"p_logistic": 0.48741695284843445, "p_rf": 0.5139999985694885, "p_xgb": 0.986562967300415, "date": "2026-01-29"}}, {"type": "Feature", "geometry": {"type": "Point", "coordinates": [-82.49166666836803, 35.741666667234]}, "properties": {"p_logistic": 0.48760390281677246, "p_rf": 0.5120000243186951, "p_xgb": 0.986562967300415, "date": "2026-01-29"}}, {"type": "Feature", "geometry": {"type": "Point", "coordinates": [-82.48333333503501, 35.741666667234]}, "properties": {"p_logistic": 0.48803064227104187, "p_rf": 0.5180000066757202, "p_xgb": 0.9837809801101685, "date": "2026-01-29"}}, {"type": "Feature", "geometry": {"type": "Point", "coordinates": [-82.47500000170201, 35.741666667234]}, "properties": {"p_logistic": 0.48872649669647217, "p_rf": 0.527999997138977, "p_xgb": 0.9845337867736816, "date": "2026-01-29"}}, {"type": "Feature", "geometry": {"type": "Point", "coordinates": [-82.46666666836902, 35.741666667234]}, "properties": {"p_logistic": 0.4897705018520355, "p_rf": 0.5339999794960022, "p_xgb": 0.9856138825416565, "date": "2026-01-29"}}, {"type": "Feature", "geometry": {"type": "Point", "coordinates": [-82.45833333503602, 35.741666667234]}, "properties": {"p_logistic": 0.4910106062889099, "p_rf": 0.5339999794960022, "p_xgb": 0.9846109747886658, "date": "2026-01-29"}}, {"type": "Feature", "geometry": {"type": "Point", "coordinates": [-82.45000000170302, 35.741666667234]}, "properties": {"p_logistic": 0.4920119345188141, "p_rf": 0.5699999928474426, "p_xgb": 0.987106442451477, "date": "2026-01-29"}}, {"type": "Feature", "geometry": {"type": "Point", "coordinates": [-82.44166666837002, 35.741666667234]}, "properties": {"p_logistic": 0.49273332953453064, "p_rf": 0.5759999752044678, "p_xgb": 0.982763409614563, "date": "2026-01-29"}}, {"type": "Feature", "geometry": {"type": "Point", "coordinates": [-82.43333333503702, 35.741666667234]}, "properties": {"p_logistic": 0.4932025969028473, "p_rf": 0.5799999833106995, "p_xgb": 0.9808839559555054, "date": "2026-01-29"}}, {"type": "Feature", "geometry": {"type": "Point", "coordinates": [-82.42500000170402, 35.741666667234]}, "properties": {"p_logistic": 0.4940275549888611, "p_rf": 0.6019999980926514, "p_xgb": 0.9808839559555054, "date": "2026-01-29"}}, {"type": "Feature", "geometry": {"type": "Point", "coordinates": [-82.41666666837102, 35.741666667234]}, "properties": {"p_logistic": 0.4944608807563782, "p_rf": 0.6119999885559082, "p_xgb": 0.9808839559555054, "date": "2026-01-29"}}, {"type": "Feature", "geometry": {"type": "Point", "coordinates": [-82.40833333503801, 35.741666667234]}, "properties": {"p_logistic": 0.4951358735561371, "p_rf": 0.6079999804496765, "p_xgb": 0.9760311245918274, "date": "2026-01-29"}}, {"type": "Feature", "geometry": {"type": "Point", "coordinates": [-82.40000000170502, 35.741666667234]}, "properties": {"p_logistic": 0.49644526839256287, "p_rf": 0.6480000019073486, "p_xgb": 0.9677529335021973, "date": "2026-01-29"}}, {"type": "Feature", "geometry": {"type": "Point", "coordinates": [-82.39166666837201, 35.741666667234]}, "properties": {"p_logistic": 0.4971441924571991, "p_rf": 0.6299999952316284, "p_xgb": 0.9823687672615051, "date": "2026-01-29"}}, {"type": "Feature", "geometry": {"type": "Point", "coordinates": [-82.38333333503903, 35.741666667234]}, "properties": {"p_logistic": 0.49760204553604126, "p_rf": 0.6480000019073486, "p_xgb": 0.9835113286972046, "date": "2026-01-29"}}, {"type": "Feature", "geometry": {"type": "Point", "coordinates": [-82.37500000170601, 35.741666667234]}, "properties": {"p_logistic": 0.49800175428390503, "p_rf": 0.6480000019073486, "p_xgb": 0.9852272272109985, "date": "2026-01-29"}}, {"type": "Feature", "geometry": {"type": "Point", "coordinates": [-82.36666666837301, 35.741666667234]}, "properties": {"p_logistic": 0.498188316822052, "p_rf": 0.6800000071525574, "p_xgb": 0.9905253648757935, "date": "2026-01-29"}}, {"type": "Feature", "geometry": {"type": "Point", "coordinates": [-82.35833333504002, 35.741666667234]}, "properties": {"p_logistic": 0.4994793236255646, "p_rf": 0.6320000290870667, "p_xgb": 0.9853491187095642, "date": "2026-01-29"}}, {"type": "Feature", "geometry": {"type": "Point", "coordinates": [-82.35000000170702, 35.741666667234]}, "properties": {"p_logistic": 0.5004223585128784, "p_rf": 0.5759999752044678, "p_xgb": 0.9663423299789429, "date": "2026-01-29"}}, {"type": "Feature", "geometry": {"type": "Point", "coordinates": [-82.34166666837402, 35.741666667234]}, "properties": {"p_logistic": 0.5012656450271606, "p_rf": 0.5820000171661377, "p_xgb": 0.9689360857009888, "date": "2026-01-29"}}, {"type": "Feature", "geometry": {"type": "Point", "coordinates": [-82.33333333504102, 35.741666667234]}, "properties": {"p_logistic": 0.5025507807731628, "p_rf": 0.578000009059906, "p_xgb": 0.9825387001037598, "date": "2026-01-29"}}, {"type": "Feature", "geometry": {"type": "Point", "coordinates": [-82.32500000170802, 35.741666667234]}, "properties": {"p_logistic": 0.5051076412200928, "p_rf": 0.6359999775886536, "p_xgb": 0.9948850274085999, "date": "2026-01-29"}}, {"type": "Feature", "geometry": {"type": "Point", "coordinates": [-82.70000000169301, 35.733333333901]}, "properties": {"p_logistic": 0.48118826746940613, "p_rf": 0.5920000076293945, "p_xgb": 0.9896544218063354, "date": "2026-01-29"}}, {"type": "Feature", "geometry": {"type": "Point", "coordinates": [-82.67500000169402, 35.733333333901]}, "properties": {"p_logistic": 0.4839792549610138, "p_rf": 0.6000000238418579, "p_xgb": 0.9896544218063354, "date": "2026-01-29"}}, {"type": "Feature", "geometry": {"type": "Point", "coordinates": [-82.66666666836102, 35.733333333901]}, "properties": {"p_logistic": 0.48434337973594666, "p_rf": 0.6039999723434448, "p_xgb": 0.9879738092422485, "date": "2026-01-29"}}, {"type": "Feature", "geometry": {"type": "Point", "coordinates": [-82.65833333502802, 35.733333333901]}, "properties": {"p_logistic": 0.4848652184009552, "p_rf": 0.5960000157356262, "p_xgb": 0.9834813475608826, "date": "2026-01-29"}}, {"type": "Feature", "geometry": {"type": "Point", "coordinates": [-82.65000000169502, 35.733333333901]}, "properties": {"p_logistic": 0.48558250069618225, "p_rf": 0.5839999914169312, "p_xgb": 0.9834813475608826, "date": "2026-01-29"}}, {"type": "Feature", "geometry": {"type": "Point", "coordinates": [-82.64166666836202, 35.733333333901]}, "properties": {"p_logistic": 0.4871184825897217, "p_rf": 0.6039999723434448, "p_xgb": 0.9834813475608826, "date": "2026-01-29"}}, {"type": "Feature", "geometry": {"type": "Point", "coordinates": [-82.63333333502902, 35.733333333901]}, "properties": {"p_logistic": 0.4876197576522827, "p_rf": 0.6100000143051147, "p_xgb": 0.9863916635513306, "date": "2026-01-29"}}, {"type": "Feature", "geometry": {"type": "Point", "coordinates": [-82.62500000169601, 35.733333333901]}, "properties": {"p_logistic": 0.48836785554885864, "p_rf": 0.6019999980926514, "p_xgb": 0.982413649559021, "date": "2026-01-29"}}, {"type": "Feature", "geometry": {"type": "Point", "coordinates": [-82.61666666836302, 35.733333333901]}, "properties": {"p_logistic": 0.4887218177318573, "p_rf": 0.5899999737739563, "p_xgb": 0.982413649559021, "date": "2026-01-29"}}, {"type": "Feature", "geometry": {"type": "Point", "coordinates": [-82.60833333503001, 35.733333333901]}, "properties": {"p_logistic": 0.488660991191864, "p_rf": 0.5839999914169312, "p_xgb": 0.982413649559021, "date": "2026-01-29"}}, {"type": "Feature", "geometry": {"type": "Point", "coordinates": [-82.60000000169703, 35.733333333901]}, "properties": {"p_logistic": 0.4882766008377075, "p_rf": 0.5839999914169312, "p_xgb": 0.982413649559021, "date": "2026-01-29"}}, {"type": "Feature", "geometry": {"type": "Point", "coordinates": [-82.59166666836401, 35.733333333901]}, "properties": {"p_logistic": 0.4878928065299988, "p_rf": 0.5860000252723694, "p_xgb": 0.9842090010643005, "date": "2026-01-29"}}, {"type": "Feature", "geometry": {"type": "Point", "coordinates": [-82.58333333503101, 35.733333333901]}, "properties": {"p_logistic": 0.4878901243209839, "p_rf": 0.578000009059906, "p_xgb": 0.983494222164154, "date": "2026-01-29"}}, {"type": "Feature", "geometry": {"type": "Point", "coordinates": [-82.57500000169802, 35.733333333901]}, "properties": {"p_logistic": 0.4873267710208893, "p_rf": 0.5740000009536743, "p_xgb": 0.983494222164154, "date": "2026-01-29"}}, {"type": "Feature", "geometry": {"type": "Point", "coordinates": [-82.56666666836502, 35.733333333901]}, "properties": {"p_logistic": 0.4873134195804596, "p_rf": 0.5740000009536743, "p_xgb": 0.9842090010643005, "date": "2026-01-29"}}, {"type": "Feature", "geometry": {"type": "Point", "coordinates": [-82.55833333503202, 35.733333333901]}, "properties": {"p_logistic": 0.4867699444293976, "p_rf": 0.5860000252723694, "p_xgb": 0.9881458282470703, "date": "2026-01-29"}}, {"type": "Feature", "geometry": {"type": "Point", "coordinates": [-82.55000000169902, 35.733333333901]}, "properties": {"p_logistic": 0.4863536059856415, "p_rf": 0.6000000238418579, "p_xgb": 0.9908393025398254, "date": "2026-01-29"}}, {"type": "Feature", "geometry": {"type": "Point", "coordinates": [-82.54166666836602, 35.733333333901]}, "properties": {"p_logistic": 0.48593220114707947, "p_rf": 0.5759999752044678, "p_xgb": 0.9908785223960876, "date": "2026-01-29"}}, {"type": "Feature", "geometry": {"type": "Point", "coordinates": [-82.53333333503302, 35.733333333901]}, "properties": {"p_logistic": 0.485615074634552, "p_rf": 0.5640000104904175, "p_xgb": 0.9904745221138, "date": "2026-01-29"}}, {"type": "Feature", "geometry": {"type": "Point", "coordinates": [-82.52500000170002, 35.733333333901]}, "properties": {"p_logistic": 0.4848657250404358, "p_rf": 0.5479999780654907, "p_xgb": 0.9894346594810486, "date": "2026-01-29"}}, {"type": "Feature", "geometry": {"type": "Point", "coordinates": [-82.51666666836701, 35.733333333901]}, "properties": {"p_logistic": 0.4848666191101074, "p_rf": 0.5, "p_xgb": 0.9866837859153748, "date": "2026-01-29"}}, {"type": "Feature", "geometry": {"type": "Point", "coordinates": [-82.50833333503402, 35.733333333901]}, "properties": {"p_logistic": 0.48543787002563477, "p_rf": 0.5080000162124634, "p_xgb": 0.986562967300415, "date": "2026-01-29"}}, {"type": "Feature", "geometry": {"type": "Point", "coordinates": [-82.50000000170101, 35.733333333901]}, "properties": {"p_logistic": 0.487019807100296, "p_rf": 0.5139999985694885, "p_xgb": 0.986562967300415, "date": "2026-01-29"}}, {"type": "Feature", "geometry": {"type": "Point", "coordinates": [-82.49166666836803, 35.733333333901]}, "properties": {"p_logistic": 0.4875999093055725, "p_rf": 0.5199999809265137, "p_xgb": 0.987265944480896, "date": "2026-01-29"}}, {"type": "Feature", "geometry": {"type": "Point", "coordinates": [-82.48333333503501, 35.733333333901]}, "properties": {"p_logistic": 0.48768800497055054, "p_rf": 0.5180000066757202, "p_xgb": 0.9837809801101685, "date": "2026-01-29"}}, {"type": "Feature", "geometry": {"type": "Point", "coordinates": [-82.47500000170201, 35.733333333901]}, "properties": {"p_logistic": 0.48832830786705017, "p_rf": 0.5600000023841858, "p_xgb": 0.9829435348510742, "date": "2026-01-29"}}, {"type": "Feature", "geometry": {"type": "Point", "coordinates": [-82.46666666836902, 35.733333333901]}, "properties": {"p_logistic": 0.4893133342266083, "p_rf": 0.5699999928474426, "p_xgb": 0.9841328859329224, "date": "2026-01-29"}}, {"type": "Feature", "geometry": {"type": "Point", "coordinates": [-82.45833333503602, 35.733333333901]}, "properties": {"p_logistic": 0.4905204474925995, "p_rf": 0.5920000076293945, "p_xgb": 0.9831151366233826, "date": "2026-01-29"}}, {"type": "Feature", "geometry": {"type": "Point", "coordinates": [-82.45000000170302, 35.733333333901]}, "properties": {"p_logistic": 0.49148133397102356, "p_rf": 0.6060000061988831, "p_xgb": 0.9821304678916931, "date": "2026-01-29"}}, {"type": "Feature", "geometry": {"type": "Point", "coordinates": [-82.44166666837002, 35.733333333901]}, "properties": {"p_logistic": 0.4922342002391815, "p_rf": 0.6179999709129333, "p_xgb": 0.9814038276672363, "date": "2026-01-29"}}, {"type": "Feature", "geometry": {"type": "Point", "coordinates": [-82.43333333503702, 35.733333333901]}, "properties": {"p_logistic": 0.49285057187080383, "p_rf": 0.6399999856948853, "p_xgb": 0.9814038276672363, "date": "2026-01-29"}}, {"type": "Feature", "geometry": {"type": "Point", "coordinates": [-82.42500000170402, 35.733333333901]}, "properties": {"p_logistic": 0.49343428015708923, "p_rf": 0.6380000114440918, "p_xgb": 0.9775445461273193, "date": "2026-01-29"}}, {"type": "Feature", "geometry": {"type": "Point", "coordinates": [-82.41666666837102, 35.733333333901]}, "properties": {"p_logistic": 0.4940849244594574, "p_rf": 0.6399999856948853, "p_xgb": 0.9775445461273193, "date": "2026-01-29"}}, {"type": "Feature", "geometry": {"type": "Point", "coordinates": [-82.40833333503801, 35.733333333901]}, "properties": {"p_logistic": 0.4947335422039032, "p_rf": 0.6399999856948853, "p_xgb": 0.9760311245918274, "date": "2026-01-29"}}, {"type": "Feature", "geometry": {"type": "Point", "coordinates": [-82.40000000170502, 35.733333333901]}, "properties": {"p_logistic": 0.4953196942806244, "p_rf": 0.6359999775886536, "p_xgb": 0.9817668795585632, "date": "2026-01-29"}}, {"type": "Feature", "geometry": {"type": "Point", "coordinates": [-82.39166666837201, 35.733333333901]}, "properties": {"p_logistic": 0.4967515170574188, "p_rf": 0.6460000276565552, "p_xgb": 0.9823687672615051, "date": "2026-01-29"}}, {"type": "Feature", "geometry": {"type": "Point", "coordinates": [-82.38333333503903, 35.733333333901]}, "properties": {"p_logistic": 0.4980837106704712, "p_rf": 0.656000018119812, "p_xgb": 0.9842149615287781, "date": "2026-01-29"}}, {"type": "Feature", "geometry": {"type": "Point", "coordinates": [-82.37500000170601, 35.733333333901]}, "properties": {"p_logistic": 0.4985658824443817, "p_rf": 0.6399999856948853, "p_xgb": 0.9897576570510864, "date": "2026-01-29"}}, {"type": "Feature", "geometry": {"type": "Point", "coordinates": [-82.36666666837301, 35.733333333901]}, "properties": {"p_logistic": 0.49935421347618103, "p_rf": 0.6759999990463257, "p_xgb": 0.9888639450073242, "date": "2026-01-29"}}, {"type": "Feature", "geometry": {"type": "Point", "coordinates": [-82.35833333504002, 35.733333333901]}, "properties": {"p_logistic": 0.5001798868179321, "p_rf": 0.6299999952316284, "p_xgb": 0.9858942031860352, "date": "2026-01-29"}}, {"type": "Feature", "geometry": {"type": "Point", "coordinates": [-82.35000000170702, 35.733333333901]}, "properties": {"p_logistic": 0.5011319518089294, "p_rf": 0.5759999752044678, "p_xgb": 0.9689360857009888, "date": "2026-01-29"}}, {"type": "Feature", "geometry": {"type": "Point", "coordinates": [-82.34166666837402, 35.733333333901]}, "properties": {"p_logistic": 0.5023412108421326, "p_rf": 0.5899999737739563, "p_xgb": 0.9828703999519348, "date": "2026-01-29"}}, {"type": "Feature", "geometry": {"type": "Point", "coordinates": [-82.33333333504102, 35.733333333901]}, "properties": {"p_logistic": 0.5038621425628662, "p_rf": 0.6119999885559082, "p_xgb": 0.9869806170463562, "date": "2026-01-29"}}, {"type": "Feature", "geometry": {"type": "Point", "coordinates": [-82.32500000170802, 35.733333333901]}, "properties": {"p_logistic": 0.506058931350708, "p_rf": 0.6299999952316284, "p_xgb": 0.9951397180557251, "date": "2026-01-29"}}, {"type": "Feature", "geometry": {"type": "Point", "coordinates": [-82.31666666837502, 35.733333333901]}, "properties": {"p_logistic": 0.5092934370040894, "p_rf": 0.6200000047683716, "p_xgb": 0.9898374676704407, "date": "2026-01-29"}}, {"type": "Feature", "geometry": {"type": "Point", "coordinates": [-82.70833333502603, 35.725000000568]}, "properties": {"p_logistic": 0.48062705993652344, "p_rf": 0.593999981880188, "p_xgb": 0.9896544218063354, "date": "2026-01-29"}}, {"type": "Feature", "geometry": {"type": "Point", "coordinates": [-82.70000000169301, 35.725000000568]}, "properties": {"p_logistic": 0.48129531741142273, "p_rf": 0.5899999737739563, "p_xgb": 0.9896544218063354, "date": "2026-01-29"}}, {"type": "Feature", "geometry": {"type": "Point", "coordinates": [-82.69166666836001, 35.725000000568]}, "properties": {"p_logistic": 0.482326477766037, "p_rf": 0.5899999737739563, "p_xgb": 0.9896544218063354, "date": "2026-01-29"}}, {"type": "Feature", "geometry": {"type": "Point", "coordinates": [-82.68333333502702, 35.725000000568]}, "properties": {"p_logistic": 0.48337116837501526, "p_rf": 0.6019999980926514, "p_xgb": 0.9896544218063354, "date": "2026-01-29"}}, {"type": "Feature", "geometry": {"type": "Point", "coordinates": [-82.67500000169402, 35.725000000568]}, "properties": {"p_logistic": 0.4840605854988098, "p_rf": 0.6000000238418579, "p_xgb": 0.9896544218063354, "date": "2026-01-29"}}, {"type": "Feature", "geometry": {"type": "Point", "coordinates": [-82.66666666836102, 35.725000000568]}, "properties": {"p_logistic": 0.4845525026321411, "p_rf": 0.6019999980926514, "p_xgb": 0.9879738092422485, "date": "2026-01-29"}}, {"type": "Feature", "geometry": {"type": "Point", "coordinates": [-82.65833333502802, 35.725000000568]}, "properties": {"p_logistic": 0.4850514829158783, "p_rf": 0.593999981880188, "p_xgb": 0.9875971674919128, "date": "2026-01-29"}}, {"type": "Feature", "geometry": {"type": "Point", "coordinates": [-82.65000000169502, 35.725000000568]}, "properties": {"p_logistic": 0.4857977330684662, "p_rf": 0.5839999914169312, "p_xgb": 0.9834813475608826, "date": "2026-01-29"}}, {"type": "Feature", "geometry": {"type": "Point", "coordinates": [-82.64166666836202, 35.725000000568]}, "properties": {"p_logistic": 0.48662641644477844, "p_rf": 0.6039999723434448, "p_xgb": 0.9834813475608826, "date": "2026-01-29"}}, {"type": "Feature", "geometry": {"type": "Point", "coordinates": [-82.63333333502902, 35.725000000568]}, "properties": {"p_logistic": 0.48784148693084717, "p_rf": 0.6140000224113464, "p_xgb": 0.9863916635513306, "date": "2026-01-29"}}, {"type": "Feature", "geometry": {"type": "Point", "coordinates": [-82.62500000169601, 35.725000000568]}, "properties": {"p_logistic": 0.488776832818985, "p_rf": 0.6119999885559082, "p_xgb": 0.982413649559021, "date": "2026-01-29"}}, {"type": "Feature", "geometry": {"type": "Point", "coordinates": [-82.61666666836302, 35.725000000568]}, "properties": {"p_logistic": 0.48932820558547974, "p_rf": 0.5960000157356262, "p_xgb": 0.982413649559021, "date": "2026-01-29"}}, {"type": "Feature", "geometry": {"type": "Point", "coordinates": [-82.60833333503001, 35.725000000568]}, "properties": {"p_logistic": 0.48951682448387146, "p_rf": 0.5879999995231628, "p_xgb": 0.982413649559021, "date": "2026-01-29"}}, {"type": "Feature", "geometry": {"type": "Point", "coordinates": [-82.60000000169703, 35.725000000568]}, "properties": {"p_logistic": 0.48921945691108704, "p_rf": 0.5799999833106995, "p_xgb": 0.9842090010643005, "date": "2026-01-29"}}, {"type": "Feature", "geometry": {"type": "Point", "coordinates": [-82.59166666836401, 35.725000000568]}, "properties": {"p_logistic": 0.4887772500514984, "p_rf": 0.5799999833106995, "p_xgb": 0.9842090010643005, "date": "2026-01-29"}}, {"type": "Feature", "geometry": {"type": "Point", "coordinates": [-82.58333333503101, 35.725000000568]}, "properties": {"p_logistic": 0.48844677209854126, "p_rf": 0.5759999752044678, "p_xgb": 0.9842090010643005, "date": "2026-01-29"}}, {"type": "Feature", "geometry": {"type": "Point", "coordinates": [-82.57500000169802, 35.725000000568]}, "properties": {"p_logistic": 0.48794442415237427, "p_rf": 0.5699999928474426, "p_xgb": 0.983494222164154, "date": "2026-01-29"}}, {"type": "Feature", "geometry": {"type": "Point", "coordinates": [-82.56666666836502, 35.725000000568]}, "properties": {"p_logistic": 0.48779934644699097, "p_rf": 0.5680000185966492, "p_xgb": 0.9872833490371704, "date": "2026-01-29"}}, {"type": "Feature", "geometry": {"type": "Point", "coordinates": [-82.55833333503202, 35.725000000568]}, "properties": {"p_logistic": 0.48749449849128723, "p_rf": 0.5720000267028809, "p_xgb": 0.9878360629081726, "date": "2026-01-29"}}, {"type": "Feature", "geometry": {"type": "Point", "coordinates": [-82.55000000169902, 35.725000000568]}, "properties": {"p_logistic": 0.4870552122592926, "p_rf": 0.5839999914169312, "p_xgb": 0.9922985434532166, "date": "2026-01-29"}}, {"type": "Feature", "geometry": {"type": "Point", "coordinates": [-82.54166666836602, 35.725000000568]}, "properties": {"p_logistic": 0.4866068661212921, "p_rf": 0.5519999861717224, "p_xgb": 0.9896175265312195, "date": "2026-01-29"}}, {"type": "Feature", "geometry": {"type": "Point", "coordinates": [-82.53333333503302, 35.725000000568]}, "properties": {"p_logistic": 0.48553067445755005, "p_rf": 0.5400000214576721, "p_xgb": 0.9894346594810486, "date": "2026-01-29"}}, {"type": "Feature", "geometry": {"type": "Point", "coordinates": [-82.52500000170002, 35.725000000568]}, "properties": {"p_logistic": 0.4853590130805969, "p_rf": 0.5059999823570251, "p_xgb": 0.9894346594810486, "date": "2026-01-29"}}, {"type": "Feature", "geometry": {"type": "Point", "coordinates": [-82.51666666836701, 35.725000000568]}, "properties": {"p_logistic": 0.4853067100048065, "p_rf": 0.515999972820282, "p_xgb": 0.9866837859153748, "date": "2026-01-29"}}, {"type": "Feature", "geometry": {"type": "Point", "coordinates": [-82.50833333503402, 35.725000000568]}, "properties": {"p_logistic": 0.48635488748550415, "p_rf": 0.515999972820282, "p_xgb": 0.986562967300415, "date": "2026-01-29"}}, {"type": "Feature", "geometry": {"type": "Point", "coordinates": [-82.50000000170101, 35.725000000568]}, "properties": {"p_logistic": 0.48692670464515686, "p_rf": 0.5139999985694885, "p_xgb": 0.986562967300415, "date": "2026-01-29"}}, {"type": "Feature", "geometry": {"type": "Point", "coordinates": [-82.49166666836803, 35.725000000568]}, "properties": {"p_logistic": 0.4869880676269531, "p_rf": 0.5299999713897705, "p_xgb": 0.987265944480896, "date": "2026-01-29"}}, {"type": "Feature", "geometry": {"type": "Point", "coordinates": [-82.48333333503501, 35.725000000568]}, "properties": {"p_logistic": 0.48715290427207947, "p_rf": 0.5180000066757202, "p_xgb": 0.9837809801101685, "date": "2026-01-29"}}, {"type": "Feature", "geometry": {"type": "Point", "coordinates": [-82.47500000170201, 35.725000000568]}, "properties": {"p_logistic": 0.48762503266334534, "p_rf": 0.5740000009536743, "p_xgb": 0.9829435348510742, "date": "2026-01-29"}}, {"type": "Feature", "geometry": {"type": "Point", "coordinates": [-82.46666666836902, 35.725000000568]}, "properties": {"p_logistic": 0.48851680755615234, "p_rf": 0.5720000267028809, "p_xgb": 0.9834082126617432, "date": "2026-01-29"}}, {"type": "Feature", "geometry": {"type": "Point", "coordinates": [-82.45833333503602, 35.725000000568]}, "properties": {"p_logistic": 0.4896572232246399, "p_rf": 0.6000000238418579, "p_xgb": 0.9828062653541565, "date": "2026-01-29"}}, {"type": "Feature", "geometry": {"type": "Point", "coordinates": [-82.45000000170302, 35.725000000568]}, "properties": {"p_logistic": 0.490561842918396, "p_rf": 0.6259999871253967, "p_xgb": 0.9821304678916931, "date": "2026-01-29"}}, {"type": "Feature", "geometry": {"type": "Point", "coordinates": [-82.44166666837002, 35.725000000568]}, "properties": {"p_logistic": 0.49136054515838623, "p_rf": 0.6240000128746033, "p_xgb": 0.9816213250160217, "date": "2026-01-29"}}, {"type": "Feature", "geometry": {"type": "Point", "coordinates": [-82.43333333503702, 35.725000000568]}, "properties": {"p_logistic": 0.4921388626098633, "p_rf": 0.6259999871253967, "p_xgb": 0.98786860704422, "date": "2026-01-29"}}, {"type": "Feature", "geometry": {"type": "Point", "coordinates": [-82.42500000170402, 35.725000000568]}, "properties": {"p_logistic": 0.49273979663848877, "p_rf": 0.6259999871253967, "p_xgb": 0.98786860704422, "date": "2026-01-29"}}, {"type": "Feature", "geometry": {"type": "Point", "coordinates": [-82.41666666837102, 35.725000000568]}, "properties": {"p_logistic": 0.49333664774894714, "p_rf": 0.628000020980835, "p_xgb": 0.98786860704422, "date": "2026-01-29"}}, {"type": "Feature", "geometry": {"type": "Point", "coordinates": [-82.40833333503801, 35.725000000568]}, "properties": {"p_logistic": 0.49406880140304565, "p_rf": 0.6240000128746033, "p_xgb": 0.9853615164756775, "date": "2026-01-29"}}, {"type": "Feature", "geometry": {"type": "Point", "coordinates": [-82.40000000170502, 35.725000000568]}, "properties": {"p_logistic": 0.4947122633457184, "p_rf": 0.6320000290870667, "p_xgb": 0.9817668795585632, "date": "2026-01-29"}}, {"type": "Feature", "geometry": {"type": "Point", "coordinates": [-82.39166666837201, 35.725000000568]}, "properties": {"p_logistic": 0.4964185357093811, "p_rf": 0.6420000195503235, "p_xgb": 0.9816307425498962, "date": "2026-01-29"}}, {"type": "Feature", "geometry": {"type": "Point", "coordinates": [-82.38333333503903, 35.725000000568]}, "properties": {"p_logistic": 0.49787282943725586, "p_rf": 0.6620000004768372, "p_xgb": 0.9840721487998962, "date": "2026-01-29"}}, {"type": "Feature", "geometry": {"type": "Point", "coordinates": [-82.37500000170601, 35.725000000568]}, "properties": {"p_logistic": 0.4985138177871704, "p_rf": 0.6539999842643738, "p_xgb": 0.9899645447731018, "date": "2026-01-29"}}, {"type": "Feature", "geometry": {"type": "Point", "coordinates": [-82.36666666837301, 35.725000000568]}, "properties": {"p_logistic": 0.4994260370731354, "p_rf": 0.6660000085830688, "p_xgb": 0.9888639450073242, "date": "2026-01-29"}}, {"type": "Feature", "geometry": {"type": "Point", "coordinates": [-82.35833333504002, 35.725000000568]}, "properties": {"p_logistic": 0.5008928775787354, "p_rf": 0.6539999842643738, "p_xgb": 0.9858942031860352, "date": "2026-01-29"}}, {"type": "Feature", "geometry": {"type": "Point", "coordinates": [-82.35000000170702, 35.725000000568]}, "properties": {"p_logistic": 0.5017625093460083, "p_rf": 0.5759999752044678, "p_xgb": 0.9689360857009888, "date": "2026-01-29"}}, {"type": "Feature", "geometry": {"type": "Point", "coordinates": [-82.34166666837402, 35.725000000568]}, "properties": {"p_logistic": 0.503124475479126, "p_rf": 0.593999981880188, "p_xgb": 0.983208954334259, "date": "2026-01-29"}}, {"type": "Feature", "geometry": {"type": "Point", "coordinates": [-82.33333333504102, 35.725000000568]}, "properties": {"p_logistic": 0.5049589276313782, "p_rf": 0.6299999952316284, "p_xgb": 0.9948641657829285, "date": "2026-01-29"}}, {"type": "Feature", "geometry": {"type": "Point", "coordinates": [-82.32500000170802, 35.725000000568]}, "properties": {"p_logistic": 0.5074781775474548, "p_rf": 0.628000020980835, "p_xgb": 0.9946773052215576, "date": "2026-01-29"}}, {"type": "Feature", "geometry": {"type": "Point", "coordinates": [-82.31666666837502, 35.725000000568]}, "properties": {"p_logistic": 0.5106465816497803, "p_rf": 0.6179999709129333, "p_xgb": 0.9867397546768188, "date": "2026-01-29"}}, {"type": "Feature", "geometry": {"type": "Point", "coordinates": [-82.30833333504202, 35.725000000568]}, "properties": {"p_logistic": 0.5131781101226807, "p_rf": 0.6079999804496765, "p_xgb": 0.9875378608703613, "date": "2026-01-29"}}, {"type": "Feature", "geometry": {"type": "Point", "coordinates": [-82.30000000170901, 35.725000000568]}, "properties": {"p_logistic": 0.5156400203704834, "p_rf": 0.6140000224113464, "p_xgb": 0.9878093004226685, "date": "2026-01-29"}}, {"type": "Feature", "geometry": {"type": "Point", "coordinates": [-82.29166666837602, 35.725000000568]}, "properties": {"p_logistic": 0.5179797410964966, "p_rf": 0.621999979019165, "p_xgb": 0.9868584871292114, "date": "2026-01-29"}}, {"type": "Feature", "geometry": {"type": "Point", "coordinates": [-82.73333333502501, 35.716666667235]}, "properties": {"p_logistic": 0.47996845841407776, "p_rf": 0.6060000061988831, "p_xgb": 0.9898042678833008, "date": "2026-01-29"}}, {"type": "Feature", "geometry": {"type": "Point", "coordinates": [-82.72500000169202, 35.716666667235]}, "properties": {"p_logistic": 0.4804062247276306, "p_rf": 0.5960000157356262, "p_xgb": 0.9898042678833008, "date": "2026-01-29"}}, {"type": "Feature", "geometry": {"type": "Point", "coordinates": [-82.71666666835901, 35.716666667235]}, "properties": {"p_logistic": 0.4806589186191559, "p_rf": 0.5979999899864197, "p_xgb": 0.9907175898551941, "date": "2026-01-29"}}, {"type": "Feature", "geometry": {"type": "Point", "coordinates": [-82.70833333502603, 35.716666667235]}, "properties": {"p_logistic": 0.4809591472148895, "p_rf": 0.593999981880188, "p_xgb": 0.9907175898551941, "date": "2026-01-29"}}, {"type": "Feature", "geometry": {"type": "Point", "coordinates": [-82.70000000169301, 35.716666667235]}, "properties": {"p_logistic": 0.48145538568496704, "p_rf": 0.5899999737739563, "p_xgb": 0.9907175898551941, "date": "2026-01-29"}}, {"type": "Feature", "geometry": {"type": "Point", "coordinates": [-82.69166666836001, 35.716666667235]}, "properties": {"p_logistic": 0.4824271500110626, "p_rf": 0.5979999899864197, "p_xgb": 0.9907175898551941, "date": "2026-01-29"}}, {"type": "Feature", "geometry": {"type": "Point", "coordinates": [-82.68333333502702, 35.716666667235]}, "properties": {"p_logistic": 0.48341548442840576, "p_rf": 0.6039999723434448, "p_xgb": 0.9907175898551941, "date": "2026-01-29"}}, {"type": "Feature", "geometry": {"type": "Point", "coordinates": [-82.67500000169402, 35.716666667235]}, "properties": {"p_logistic": 0.484110951423645, "p_rf": 0.5979999899864197, "p_xgb": 0.9907175898551941, "date": "2026-01-29"}}, {"type": "Feature", "geometry": {"type": "Point", "coordinates": [-82.66666666836102, 35.716666667235]}, "properties": {"p_logistic": 0.4845695197582245, "p_rf": 0.6039999723434448, "p_xgb": 0.9888694286346436, "date": "2026-01-29"}}, {"type": "Feature", "geometry": {"type": "Point", "coordinates": [-82.65833333502802, 35.716666667235]}, "properties": {"p_logistic": 0.48513928055763245, "p_rf": 0.5899999737739563, "p_xgb": 0.9888694286346436, "date": "2026-01-29"}}, {"type": "Feature", "geometry": {"type": "Point", "coordinates": [-82.65000000169502, 35.716666667235]}, "properties": {"p_logistic": 0.4857485294342041, "p_rf": 0.5839999914169312, "p_xgb": 0.9851694107055664, "date": "2026-01-29"}}, {"type": "Feature", "geometry": {"type": "Point", "coordinates": [-82.64166666836202, 35.716666667235]}, "properties": {"p_logistic": 0.48662540316581726, "p_rf": 0.5899999737739563, "p_xgb": 0.9834813475608826, "date": "2026-01-29"}}, {"type": "Feature", "geometry": {"type": "Point", "coordinates": [-82.63333333502902, 35.716666667235]}, "properties": {"p_logistic": 0.48843809962272644, "p_rf": 0.6159999966621399, "p_xgb": 0.9857741594314575, "date": "2026-01-29"}}, {"type": "Feature", "geometry": {"type": "Point", "coordinates": [-82.62500000169601, 35.716666667235]}, "properties": {"p_logistic": 0.48887690901756287, "p_rf": 0.6039999723434448, "p_xgb": 0.9863916635513306, "date": "2026-01-29"}}, {"type": "Feature", "geometry": {"type": "Point", "coordinates": [-82.61666666836302, 35.716666667235]}, "properties": {"p_logistic": 0.4898732602596283, "p_rf": 0.6200000047683716, "p_xgb": 0.987786054611206, "date": "2026-01-29"}}, {"type": "Feature", "geometry": {"type": "Point", "coordinates": [-82.60833333503001, 35.716666667235]}, "properties": {"p_logistic": 0.4901628792285919, "p_rf": 0.5920000076293945, "p_xgb": 0.9842090010643005, "date": "2026-01-29"}}, {"type": "Feature", "geometry": {"type": "Point", "coordinates": [-82.60000000169703, 35.716666667235]}, "properties": {"p_logistic": 0.4902341365814209, "p_rf": 0.5799999833106995, "p_xgb": 0.9842090010643005, "date": "2026-01-29"}}, {"type": "Feature", "geometry": {"type": "Point", "coordinates": [-82.59166666836401, 35.716666667235]}, "properties": {"p_logistic": 0.48986995220184326, "p_rf": 0.5740000009536743, "p_xgb": 0.983494222164154, "date": "2026-01-29"}}, {"type": "Feature", "geometry": {"type": "Point", "coordinates": [-82.58333333503101, 35.716666667235]}, "properties": {"p_logistic": 0.4895334541797638, "p_rf": 0.5799999833106995, "p_xgb": 0.983494222164154, "date": "2026-01-29"}}, {"type": "Feature", "geometry": {"type": "Point", "coordinates": [-82.57500000169802, 35.716666667235]}, "properties": {"p_logistic": 0.48852166533470154, "p_rf": 0.5720000267028809, "p_xgb": 0.983494222164154, "date": "2026-01-29"}}, {"type": "Feature", "geometry": {"type": "Point", "coordinates": [-82.56666666836502, 35.716666667235]}, "properties": {"p_logistic": 0.4881442189216614, "p_rf": 0.5640000104904175, "p_xgb": 0.9872833490371704, "date": "2026-01-29"}}, {"type": "Feature", "geometry": {"type": "Point", "coordinates": [-82.55833333503202, 35.716666667235]}, "properties": {"p_logistic": 0.48790058493614197, "p_rf": 0.5540000200271606, "p_xgb": 0.9889419078826904, "date": "2026-01-29"}}, {"type": "Feature", "geometry": {"type": "Point", "coordinates": [-82.55000000169902, 35.716666667235]}, "properties": {"p_logistic": 0.4874066710472107, "p_rf": 0.5360000133514404, "p_xgb": 0.9914562106132507, "date": "2026-01-29"}}, {"type": "Feature", "geometry": {"type": "Point", "coordinates": [-82.54166666836602, 35.716666667235]}, "properties": {"p_logistic": 0.4870457053184509, "p_rf": 0.5099999904632568, "p_xgb": 0.9896175265312195, "date": "2026-01-29"}}, {"type": "Feature", "geometry": {"type": "Point", "coordinates": [-82.53333333503302, 35.716666667235]}, "properties": {"p_logistic": 0.4865199625492096, "p_rf": 0.49799999594688416, "p_xgb": 0.9896175265312195, "date": "2026-01-29"}}, {"type": "Feature", "geometry": {"type": "Point", "coordinates": [-82.52500000170002, 35.716666667235]}, "properties": {"p_logistic": 0.4861930310726166, "p_rf": 0.5120000243186951, "p_xgb": 0.9884385466575623, "date": "2026-01-29"}}, {"type": "Feature", "geometry": {"type": "Point", "coordinates": [-82.51666666836701, 35.716666667235]}, "properties": {"p_logistic": 0.48687273263931274, "p_rf": 0.5099999904632568, "p_xgb": 0.986562967300415, "date": "2026-01-29"}}, {"type": "Feature", "geometry": {"type": "Point", "coordinates": [-82.50833333503402, 35.716666667235]}, "properties": {"p_logistic": 0.48723217844963074, "p_rf": 0.5139999985694885, "p_xgb": 0.986562967300415, "date": "2026-01-29"}}, {"type": "Feature", "geometry": {"type": "Point", "coordinates": [-82.50000000170101, 35.716666667235]}, "properties": {"p_logistic": 0.4874308109283447, "p_rf": 0.515999972820282, "p_xgb": 0.986562967300415, "date": "2026-01-29"}}, {"type": "Feature", "geometry": {"type": "Point", "coordinates": [-82.49166666836803, 35.716666667235]}, "properties": {"p_logistic": 0.48734742403030396, "p_rf": 0.5139999985694885, "p_xgb": 0.987265944480896, "date": "2026-01-29"}}, {"type": "Feature", "geometry": {"type": "Point", "coordinates": [-82.48333333503501, 35.716666667235]}, "properties": {"p_logistic": 0.4873467683792114, "p_rf": 0.550000011920929, "p_xgb": 0.9821146726608276, "date": "2026-01-29"}}, {"type": "Feature", "geometry": {"type": "Point", "coordinates": [-82.47500000170201, 35.716666667235]}, "properties": {"p_logistic": 0.487591415643692, "p_rf": 0.5659999847412109, "p_xgb": 0.9834082126617432, "date": "2026-01-29"}}, {"type": "Feature", "geometry": {"type": "Point", "coordinates": [-82.46666666836902, 35.716666667235]}, "properties": {"p_logistic": 0.48833051323890686, "p_rf": 0.5979999899864197, "p_xgb": 0.9834082126617432, "date": "2026-01-29"}}, {"type": "Feature", "geometry": {"type": "Point", "coordinates": [-82.45833333503602, 35.716666667235]}, "properties": {"p_logistic": 0.48933276534080505, "p_rf": 0.5860000252723694, "p_xgb": 0.9830076694488525, "date": "2026-01-29"}}, {"type": "Feature", "geometry": {"type": "Point", "coordinates": [-82.45000000170302, 35.716666667235]}, "properties": {"p_logistic": 0.4903126060962677, "p_rf": 0.621999979019165, "p_xgb": 0.9823396801948547, "date": "2026-01-29"}}, {"type": "Feature", "geometry": {"type": "Point", "coordinates": [-82.44166666837002, 35.716666667235]}, "properties": {"p_logistic": 0.4909977614879608, "p_rf": 0.6159999966621399, "p_xgb": 0.98786860704422, "date": "2026-01-29"}}, {"type": "Feature", "geometry": {"type": "Point", "coordinates": [-82.43333333503702, 35.716666667235]}, "properties": {"p_logistic": 0.4916624426841736, "p_rf": 0.6200000047683716, "p_xgb": 0.9871305823326111, "date": "2026-01-29"}}, {"type": "Feature", "geometry": {"type": "Point", "coordinates": [-82.42500000170402, 35.716666667235]}, "properties": {"p_logistic": 0.49229711294174194, "p_rf": 0.621999979019165, "p_xgb": 0.9871305823326111, "date": "2026-01-29"}}, {"type": "Feature", "geometry": {"type": "Point", "coordinates": [-82.41666666837102, 35.716666667235]}, "properties": {"p_logistic": 0.4932689368724823, "p_rf": 0.6200000047683716, "p_xgb": 0.9855748414993286, "date": "2026-01-29"}}, {"type": "Feature", "geometry": {"type": "Point", "coordinates": [-82.40833333503801, 35.716666667235]}, "properties": {"p_logistic": 0.49406206607818604, "p_rf": 0.6240000128746033, "p_xgb": 0.9853615164756775, "date": "2026-01-29"}}, {"type": "Feature", "geometry": {"type": "Point", "coordinates": [-82.40000000170502, 35.716666667235]}, "properties": {"p_logistic": 0.4950888454914093, "p_rf": 0.6320000290870667, "p_xgb": 0.9823687672615051, "date": "2026-01-29"}}, {"type": "Feature", "geometry": {"type": "Point", "coordinates": [-82.39166666837201, 35.716666667235]}, "properties": {"p_logistic": 0.49605926871299744, "p_rf": 0.6480000019073486, "p_xgb": 0.9830953478813171, "date": "2026-01-29"}}, {"type": "Feature", "geometry": {"type": "Point", "coordinates": [-82.38333333503903, 35.716666667235]}, "properties": {"p_logistic": 0.4973175823688507, "p_rf": 0.6639999747276306, "p_xgb": 0.9895172715187073, "date": "2026-01-29"}}, {"type": "Feature", "geometry": {"type": "Point", "coordinates": [-82.37500000170601, 35.716666667235]}, "properties": {"p_logistic": 0.49852755665779114, "p_rf": 0.6499999761581421, "p_xgb": 0.9905253648757935, "date": "2026-01-29"}}, {"type": "Feature", "geometry": {"type": "Point", "coordinates": [-82.36666666837301, 35.716666667235]}, "properties": {"p_logistic": 0.49950307607650757, "p_rf": 0.6620000004768372, "p_xgb": 0.980853259563446, "date": "2026-01-29"}}, {"type": "Feature", "geometry": {"type": "Point", "coordinates": [-82.35833333504002, 35.716666667235]}, "properties": {"p_logistic": 0.5011922121047974, "p_rf": 0.6499999761581421, "p_xgb": 0.9858942031860352, "date": "2026-01-29"}}, {"type": "Feature", "geometry": {"type": "Point", "coordinates": [-82.35000000170702, 35.716666667235]}, "properties": {"p_logistic": 0.5022276043891907, "p_rf": 0.5860000252723694, "p_xgb": 0.985430121421814, "date": "2026-01-29"}}, {"type": "Feature", "geometry": {"type": "Point", "coordinates": [-82.34166666837402, 35.716666667235]}, "properties": {"p_logistic": 0.503534197807312, "p_rf": 0.5920000076293945, "p_xgb": 0.983208954334259, "date": "2026-01-29"}}, {"type": "Feature", "geometry": {"type": "Point", "coordinates": [-82.33333333504102, 35.716666667235]}, "properties": {"p_logistic": 0.5055416822433472, "p_rf": 0.6320000290870667, "p_xgb": 0.9948641657829285, "date": "2026-01-29"}}, {"type": "Feature", "geometry": {"type": "Point", "coordinates": [-82.32500000170802, 35.716666667235]}, "properties": {"p_logistic": 0.508026659488678, "p_rf": 0.6399999856948853, "p_xgb": 0.9946773052215576, "date": "2026-01-29"}}, {"type": "Feature", "geometry": {"type": "Point", "coordinates": [-82.31666666837502, 35.716666667235]}, "properties": {"p_logistic": 0.5105372071266174, "p_rf": 0.6359999775886536, "p_xgb": 0.9867397546768188, "date": "2026-01-29"}}, {"type": "Feature", "geometry": {"type": "Point", "coordinates": [-82.30833333504202, 35.716666667235]}, "properties": {"p_logistic": 0.5127511024475098, "p_rf": 0.6119999885559082, "p_xgb": 0.9875378608703613, "date": "2026-01-29"}}, {"type": "Feature", "geometry": {"type": "Point", "coordinates": [-82.30000000170901, 35.716666667235]}, "properties": {"p_logistic": 0.5142880082130432, "p_rf": 0.6240000128746033, "p_xgb": 0.9875378608703613, "date": "2026-01-29"}}, {"type": "Feature", "geometry": {"type": "Point", "coordinates": [-82.29166666837602, 35.716666667235]}, "properties": {"p_logistic": 0.5155197978019714, "p_rf": 0.6140000224113464, "p_xgb": 0.9878093004226685, "date": "2026-01-29"}}, {"type": "Feature", "geometry": {"type": "Point", "coordinates": [-82.28333333504301, 35.716666667235]}, "properties": {"p_logistic": 0.5170514583587646, "p_rf": 0.6200000047683716, "p_xgb": 0.9878093004226685, "date": "2026-01-29"}}, {"type": "Feature", "geometry": {"type": "Point", "coordinates": [-82.75000000169102, 35.708333333902004]}, "properties": {"p_logistic": 0.4804772436618805, "p_rf": 0.5879999995231628, "p_xgb": 0.988749623298645, "date": "2026-01-29"}}, {"type": "Feature", "geometry": {"type": "Point", "coordinates": [-82.74166666835802, 35.708333333902004]}, "properties": {"p_logistic": 0.48055392503738403, "p_rf": 0.5899999737739563, "p_xgb": 0.9898042678833008, "date": "2026-01-29"}}, {"type": "Feature", "geometry": {"type": "Point", "coordinates": [-82.73333333502501, 35.708333333902004]}, "properties": {"p_logistic": 0.4808482229709625, "p_rf": 0.6039999723434448, "p_xgb": 0.9898042678833008, "date": "2026-01-29"}}, {"type": "Feature", "geometry": {"type": "Point", "coordinates": [-82.72500000169202, 35.708333333902004]}, "properties": {"p_logistic": 0.4811248779296875, "p_rf": 0.593999981880188, "p_xgb": 0.9898042678833008, "date": "2026-01-29"}}, {"type": "Feature", "geometry": {"type": "Point", "coordinates": [-82.71666666835901, 35.708333333902004]}, "properties": {"p_logistic": 0.48132580518722534, "p_rf": 0.593999981880188, "p_xgb": 0.9907175898551941, "date": "2026-01-29"}}, {"type": "Feature", "geometry": {"type": "Point", "coordinates": [-82.70833333502603, 35.708333333902004]}, "properties": {"p_logistic": 0.4815816581249237, "p_rf": 0.5879999995231628, "p_xgb": 0.9907175898551941, "date": "2026-01-29"}}, {"type": "Feature", "geometry": {"type": "Point", "coordinates": [-82.70000000169301, 35.708333333902004]}, "properties": {"p_logistic": 0.4819900691509247, "p_rf": 0.5879999995231628, "p_xgb": 0.9907175898551941, "date": "2026-01-29"}}, {"type": "Feature", "geometry": {"type": "Point", "coordinates": [-82.69166666836001, 35.708333333902004]}, "properties": {"p_logistic": 0.4828159511089325, "p_rf": 0.593999981880188, "p_xgb": 0.9907175898551941, "date": "2026-01-29"}}, {"type": "Feature", "geometry": {"type": "Point", "coordinates": [-82.68333333502702, 35.708333333902004]}, "properties": {"p_logistic": 0.4837402105331421, "p_rf": 0.5979999899864197, "p_xgb": 0.9907175898551941, "date": "2026-01-29"}}, {"type": "Feature", "geometry": {"type": "Point", "coordinates": [-82.67500000169402, 35.708333333902004]}, "properties": {"p_logistic": 0.4843772053718567, "p_rf": 0.5979999899864197, "p_xgb": 0.9911564588546753, "date": "2026-01-29"}}, {"type": "Feature", "geometry": {"type": "Point", "coordinates": [-82.66666666836102, 35.708333333902004]}, "properties": {"p_logistic": 0.4848273992538452, "p_rf": 0.593999981880188, "p_xgb": 0.9908785223960876, "date": "2026-01-29"}}, {"type": "Feature", "geometry": {"type": "Point", "coordinates": [-82.65833333502802, 35.708333333902004]}, "properties": {"p_logistic": 0.4852195084095001, "p_rf": 0.5920000076293945, "p_xgb": 0.9888694286346436, "date": "2026-01-29"}}, {"type": "Feature", "geometry": {"type": "Point", "coordinates": [-82.65000000169502, 35.708333333902004]}, "properties": {"p_logistic": 0.4857553243637085, "p_rf": 0.578000009059906, "p_xgb": 0.9888694286346436, "date": "2026-01-29"}}, {"type": "Feature", "geometry": {"type": "Point", "coordinates": [-82.64166666836202, 35.708333333902004]}, "properties": {"p_logistic": 0.48650047183036804, "p_rf": 0.5860000252723694, "p_xgb": 0.9851694107055664, "date": "2026-01-29"}}, {"type": "Feature", "geometry": {"type": "Point", "coordinates": [-82.63333333502902, 35.708333333902004]}, "properties": {"p_logistic": 0.488267183303833, "p_rf": 0.5799999833106995, "p_xgb": 0.9834813475608826, "date": "2026-01-29"}}, {"type": "Feature", "geometry": {"type": "Point", "coordinates": [-82.62500000169601, 35.708333333902004]}, "properties": {"p_logistic": 0.48897111415863037, "p_rf": 0.5799999833106995, "p_xgb": 0.9844974279403687, "date": "2026-01-29"}}, {"type": "Feature", "geometry": {"type": "Point", "coordinates": [-82.61666666836302, 35.708333333902004]}, "properties": {"p_logistic": 0.4900093972682953, "p_rf": 0.5979999899864197, "p_xgb": 0.9872310757637024, "date": "2026-01-29"}}, {"type": "Feature", "geometry": {"type": "Point", "coordinates": [-82.60833333503001, 35.708333333902004]}, "properties": {"p_logistic": 0.49093374609947205, "p_rf": 0.5979999899864197, "p_xgb": 0.9872310757637024, "date": "2026-01-29"}}, {"type": "Feature", "geometry": {"type": "Point", "coordinates": [-82.60000000169703, 35.708333333902004]}, "properties": {"p_logistic": 0.49129369854927063, "p_rf": 0.5920000076293945, "p_xgb": 0.9842090010643005, "date": "2026-01-29"}}, {"type": "Feature", "geometry": {"type": "Point", "coordinates": [-82.59166666836401, 35.708333333902004]}, "properties": {"p_logistic": 0.49118632078170776, "p_rf": 0.5720000267028809, "p_xgb": 0.983494222164154, "date": "2026-01-29"}}, {"type": "Feature", "geometry": {"type": "Point", "coordinates": [-82.58333333503101, 35.708333333902004]}, "properties": {"p_logistic": 0.49074262380599976, "p_rf": 0.5720000267028809, "p_xgb": 0.983494222164154, "date": "2026-01-29"}}, {"type": "Feature", "geometry": {"type": "Point", "coordinates": [-82.57500000169802, 35.708333333902004]}, "properties": {"p_logistic": 0.4894641637802124, "p_rf": 0.5659999847412109, "p_xgb": 0.9830650091171265, "date": "2026-01-29"}}, {"type": "Feature", "geometry": {"type": "Point", "coordinates": [-82.56666666836502, 35.708333333902004]}, "properties": {"p_logistic": 0.4893970489501953, "p_rf": 0.5419999957084656, "p_xgb": 0.9859001040458679, "date": "2026-01-29"}}, {"type": "Feature", "geometry": {"type": "Point", "coordinates": [-82.55833333503202, 35.708333333902004]}, "properties": {"p_logistic": 0.48877623677253723, "p_rf": 0.5099999904632568, "p_xgb": 0.9884389042854309, "date": "2026-01-29"}}, {"type": "Feature", "geometry": {"type": "Point", "coordinates": [-82.55000000169902, 35.708333333902004]}, "properties": {"p_logistic": 0.4886853098869324, "p_rf": 0.5400000214576721, "p_xgb": 0.9906488060951233, "date": "2026-01-29"}}, {"type": "Feature", "geometry": {"type": "Point", "coordinates": [-82.54166666836602, 35.708333333902004]}, "properties": {"p_logistic": 0.4885118305683136, "p_rf": 0.5139999985694885, "p_xgb": 0.9885352253913879, "date": "2026-01-29"}}, {"type": "Feature", "geometry": {"type": "Point", "coordinates": [-82.53333333503302, 35.708333333902004]}, "properties": {"p_logistic": 0.48847484588623047, "p_rf": 0.5019999742507935, "p_xgb": 0.9885352253913879, "date": "2026-01-29"}}, {"type": "Feature", "geometry": {"type": "Point", "coordinates": [-82.52500000170002, 35.708333333902004]}, "properties": {"p_logistic": 0.4886559247970581, "p_rf": 0.5180000066757202, "p_xgb": 0.9883334636688232, "date": "2026-01-29"}}, {"type": "Feature", "geometry": {"type": "Point", "coordinates": [-82.51666666836701, 35.708333333902004]}, "properties": {"p_logistic": 0.4883986711502075, "p_rf": 0.515999972820282, "p_xgb": 0.986562967300415, "date": "2026-01-29"}}, {"type": "Feature", "geometry": {"type": "Point", "coordinates": [-82.50833333503402, 35.708333333902004]}, "properties": {"p_logistic": 0.48860183358192444, "p_rf": 0.5199999809265137, "p_xgb": 0.987265944480896, "date": "2026-01-29"}}, {"type": "Feature", "geometry": {"type": "Point", "coordinates": [-82.50000000170101, 35.708333333902004]}, "properties": {"p_logistic": 0.48860111832618713, "p_rf": 0.5299999713897705, "p_xgb": 0.987265944480896, "date": "2026-01-29"}}, {"type": "Feature", "geometry": {"type": "Point", "coordinates": [-82.49166666836803, 35.708333333902004]}, "properties": {"p_logistic": 0.4882998466491699, "p_rf": 0.5199999809265137, "p_xgb": 0.987265944480896, "date": "2026-01-29"}}, {"type": "Feature", "geometry": {"type": "Point", "coordinates": [-82.48333333503501, 35.708333333902004]}, "properties": {"p_logistic": 0.48833444714546204, "p_rf": 0.5659999847412109, "p_xgb": 0.9833449721336365, "date": "2026-01-29"}}, {"type": "Feature", "geometry": {"type": "Point", "coordinates": [-82.47500000170201, 35.708333333902004]}, "properties": {"p_logistic": 0.4883398711681366, "p_rf": 0.5979999899864197, "p_xgb": 0.9834082126617432, "date": "2026-01-29"}}, {"type": "Feature", "geometry": {"type": "Point", "coordinates": [-82.46666666836902, 35.708333333902004]}, "properties": {"p_logistic": 0.4890064597129822, "p_rf": 0.5920000076293945, "p_xgb": 0.9843991994857788, "date": "2026-01-29"}}, {"type": "Feature", "geometry": {"type": "Point", "coordinates": [-82.45833333503602, 35.708333333902004]}, "properties": {"p_logistic": 0.48980090022087097, "p_rf": 0.5820000171661377, "p_xgb": 0.9824617505073547, "date": "2026-01-29"}}, {"type": "Feature", "geometry": {"type": "Point", "coordinates": [-82.45000000170302, 35.708333333902004]}, "properties": {"p_logistic": 0.49069204926490784, "p_rf": 0.6200000047683716, "p_xgb": 0.9816004037857056, "date": "2026-01-29"}}, {"type": "Feature", "geometry": {"type": "Point", "coordinates": [-82.44166666837002, 35.708333333902004]}, "properties": {"p_logistic": 0.4913509786128998, "p_rf": 0.6200000047683716, "p_xgb": 0.9871305823326111, "date": "2026-01-29"}}, {"type": "Feature", "geometry": {"type": "Point", "coordinates": [-82.43333333503702, 35.708333333902004]}, "properties": {"p_logistic": 0.49190187454223633, "p_rf": 0.6179999709129333, "p_xgb": 0.9871305823326111, "date": "2026-01-29"}}, {"type": "Feature", "geometry": {"type": "Point", "coordinates": [-82.42500000170402, 35.708333333902004]}, "properties": {"p_logistic": 0.49326300621032715, "p_rf": 0.6159999966621399, "p_xgb": 0.9852684140205383, "date": "2026-01-29"}}, {"type": "Feature", "geometry": {"type": "Point", "coordinates": [-82.41666666837102, 35.708333333902004]}, "properties": {"p_logistic": 0.4942786991596222, "p_rf": 0.6179999709129333, "p_xgb": 0.9844732284545898, "date": "2026-01-29"}}, {"type": "Feature", "geometry": {"type": "Point", "coordinates": [-82.40833333503801, 35.708333333902004]}, "properties": {"p_logistic": 0.4951359033584595, "p_rf": 0.628000020980835, "p_xgb": 0.980664849281311, "date": "2026-01-29"}}, {"type": "Feature", "geometry": {"type": "Point", "coordinates": [-82.40000000170502, 35.708333333902004]}, "properties": {"p_logistic": 0.49587416648864746, "p_rf": 0.628000020980835, "p_xgb": 0.9823687672615051, "date": "2026-01-29"}}, {"type": "Feature", "geometry": {"type": "Point", "coordinates": [-82.39166666837201, 35.708333333902004]}, "properties": {"p_logistic": 0.4974786937236786, "p_rf": 0.656000018119812, "p_xgb": 0.9847418069839478, "date": "2026-01-29"}}, {"type": "Feature", "geometry": {"type": "Point", "coordinates": [-82.38333333503903, 35.708333333902004]}, "properties": {"p_logistic": 0.4981924295425415, "p_rf": 0.6620000004768372, "p_xgb": 0.9903466105461121, "date": "2026-01-29"}}, {"type": "Feature", "geometry": {"type": "Point", "coordinates": [-82.37500000170601, 35.708333333902004]}, "properties": {"p_logistic": 0.49936267733573914, "p_rf": 0.671999990940094, "p_xgb": 0.9888639450073242, "date": "2026-01-29"}}, {"type": "Feature", "geometry": {"type": "Point", "coordinates": [-82.36666666837301, 35.708333333902004]}, "properties": {"p_logistic": 0.5008236169815063, "p_rf": 0.6299999952316284, "p_xgb": 0.9801695942878723, "date": "2026-01-29"}}, {"type": "Feature", "geometry": {"type": "Point", "coordinates": [-82.35833333504002, 35.708333333902004]}, "properties": {"p_logistic": 0.5022286176681519, "p_rf": 0.6420000195503235, "p_xgb": 0.9858942031860352, "date": "2026-01-29"}}, {"type": "Feature", "geometry": {"type": "Point", "coordinates": [-82.35000000170702, 35.708333333902004]}, "properties": {"p_logistic": 0.5033150315284729, "p_rf": 0.621999979019165, "p_xgb": 0.9880754947662354, "date": "2026-01-29"}}, {"type": "Feature", "geometry": {"type": "Point", "coordinates": [-82.34166666837402, 35.708333333902004]}, "properties": {"p_logistic": 0.504285991191864, "p_rf": 0.5979999899864197, "p_xgb": 0.9857187867164612, "date": "2026-01-29"}}, {"type": "Feature", "geometry": {"type": "Point", "coordinates": [-82.33333333504102, 35.708333333902004]}, "properties": {"p_logistic": 0.5052057504653931, "p_rf": 0.6140000224113464, "p_xgb": 0.9874825477600098, "date": "2026-01-29"}}, {"type": "Feature", "geometry": {"type": "Point", "coordinates": [-82.32500000170802, 35.708333333902004]}, "properties": {"p_logistic": 0.5070613026618958, "p_rf": 0.6439999938011169, "p_xgb": 0.9951397180557251, "date": "2026-01-29"}}, {"type": "Feature", "geometry": {"type": "Point", "coordinates": [-82.31666666837502, 35.708333333902004]}, "properties": {"p_logistic": 0.5090120434761047, "p_rf": 0.628000020980835, "p_xgb": 0.992201566696167, "date": "2026-01-29"}}, {"type": "Feature", "geometry": {"type": "Point", "coordinates": [-82.30833333504202, 35.708333333902004]}, "properties": {"p_logistic": 0.5103080868721008, "p_rf": 0.6060000061988831, "p_xgb": 0.9867397546768188, "date": "2026-01-29"}}, {"type": "Feature", "geometry": {"type": "Point", "coordinates": [-82.30000000170901, 35.708333333902004]}, "properties": {"p_logistic": 0.5117428302764893, "p_rf": 0.6119999885559082, "p_xgb": 0.9875378608703613, "date": "2026-01-29"}}, {"type": "Feature", "geometry": {"type": "Point", "coordinates": [-82.29166666837602, 35.708333333902004]}, "properties": {"p_logistic": 0.5130082368850708, "p_rf": 0.6119999885559082, "p_xgb": 0.9875378608703613, "date": "2026-01-29"}}, {"type": "Feature", "geometry": {"type": "Point", "coordinates": [-82.28333333504301, 35.708333333902004]}, "properties": {"p_logistic": 0.5142658948898315, "p_rf": 0.621999979019165, "p_xgb": 0.9875378608703613, "date": "2026-01-29"}}, {"type": "Feature", "geometry": {"type": "Point", "coordinates": [-82.85000000168702, 35.700000000569005]}, "properties": {"p_logistic": 0.4714890420436859, "p_rf": 0.527999997138977, "p_xgb": 0.9855033159255981, "date": "2026-01-29"}}, {"type": "Feature", "geometry": {"type": "Point", "coordinates": [-82.75833333502402, 35.700000000569005]}, "properties": {"p_logistic": 0.48182544112205505, "p_rf": 0.5879999995231628, "p_xgb": 0.988749623298645, "date": "2026-01-29"}}, {"type": "Feature", "geometry": {"type": "Point", "coordinates": [-82.75000000169102, 35.700000000569005]}, "properties": {"p_logistic": 0.4816076457500458, "p_rf": 0.5860000252723694, "p_xgb": 0.9898042678833008, "date": "2026-01-29"}}, {"type": "Feature", "geometry": {"type": "Point", "coordinates": [-82.74166666835802, 35.700000000569005]}, "properties": {"p_logistic": 0.4816935956478119, "p_rf": 0.5860000252723694, "p_xgb": 0.9898042678833008, "date": "2026-01-29"}}, {"type": "Feature", "geometry": {"type": "Point", "coordinates": [-82.73333333502501, 35.700000000569005]}, "properties": {"p_logistic": 0.4818418025970459, "p_rf": 0.6000000238418579, "p_xgb": 0.9898042678833008, "date": "2026-01-29"}}, {"type": "Feature", "geometry": {"type": "Point", "coordinates": [-82.72500000169202, 35.700000000569005]}, "properties": {"p_logistic": 0.481995165348053, "p_rf": 0.5899999737739563, "p_xgb": 0.9898042678833008, "date": "2026-01-29"}}, {"type": "Feature", "geometry": {"type": "Point", "coordinates": [-82.71666666835901, 35.700000000569005]}, "properties": {"p_logistic": 0.4822954535484314, "p_rf": 0.5920000076293945, "p_xgb": 0.9907175898551941, "date": "2026-01-29"}}, {"type": "Feature", "geometry": {"type": "Point", "coordinates": [-82.70833333502603, 35.700000000569005]}, "properties": {"p_logistic": 0.482499897480011, "p_rf": 0.5839999914169312, "p_xgb": 0.9907175898551941, "date": "2026-01-29"}}, {"type": "Feature", "geometry": {"type": "Point", "coordinates": [-82.70000000169301, 35.700000000569005]}, "properties": {"p_logistic": 0.4828253388404846, "p_rf": 0.5839999914169312, "p_xgb": 0.9907175898551941, "date": "2026-01-29"}}, {"type": "Feature", "geometry": {"type": "Point", "coordinates": [-82.69166666836001, 35.700000000569005]}, "properties": {"p_logistic": 0.48356449604034424, "p_rf": 0.5860000252723694, "p_xgb": 0.9907175898551941, "date": "2026-01-29"}}, {"type": "Feature", "geometry": {"type": "Point", "coordinates": [-82.68333333502702, 35.700000000569005]}, "properties": {"p_logistic": 0.48432379961013794, "p_rf": 0.5920000076293945, "p_xgb": 0.9907175898551941, "date": "2026-01-29"}}, {"type": "Feature", "geometry": {"type": "Point", "coordinates": [-82.67500000169402, 35.700000000569005]}, "properties": {"p_logistic": 0.48487356305122375, "p_rf": 0.5920000076293945, "p_xgb": 0.9907175898551941, "date": "2026-01-29"}}, {"type": "Feature", "geometry": {"type": "Point", "coordinates": [-82.66666666836102, 35.700000000569005]}, "properties": {"p_logistic": 0.48518601059913635, "p_rf": 0.5960000157356262, "p_xgb": 0.9911564588546753, "date": "2026-01-29"}}, {"type": "Feature", "geometry": {"type": "Point", "coordinates": [-82.65833333502802, 35.700000000569005]}, "properties": {"p_logistic": 0.4859899878501892, "p_rf": 0.5899999737739563, "p_xgb": 0.9888694286346436, "date": "2026-01-29"}}, {"type": "Feature", "geometry": {"type": "Point", "coordinates": [-82.65000000169502, 35.700000000569005]}, "properties": {"p_logistic": 0.48618900775909424, "p_rf": 0.593999981880188, "p_xgb": 0.9888694286346436, "date": "2026-01-29"}}, {"type": "Feature", "geometry": {"type": "Point", "coordinates": [-82.64166666836202, 35.700000000569005]}, "properties": {"p_logistic": 0.48668360710144043, "p_rf": 0.5879999995231628, "p_xgb": 0.9851694107055664, "date": "2026-01-29"}}, {"type": "Feature", "geometry": {"type": "Point", "coordinates": [-82.63333333502902, 35.700000000569005]}, "properties": {"p_logistic": 0.48747682571411133, "p_rf": 0.5899999737739563, "p_xgb": 0.9851694107055664, "date": "2026-01-29"}}, {"type": "Feature", "geometry": {"type": "Point", "coordinates": [-82.62500000169601, 35.700000000569005]}, "properties": {"p_logistic": 0.48912832140922546, "p_rf": 0.5740000009536743, "p_xgb": 0.9844974279403687, "date": "2026-01-29"}}, {"type": "Feature", "geometry": {"type": "Point", "coordinates": [-82.61666666836302, 35.700000000569005]}, "properties": {"p_logistic": 0.4902268946170807, "p_rf": 0.5720000267028809, "p_xgb": 0.9851694107055664, "date": "2026-01-29"}}, {"type": "Feature", "geometry": {"type": "Point", "coordinates": [-82.60833333503001, 35.700000000569005]}, "properties": {"p_logistic": 0.4918126165866852, "p_rf": 0.5619999766349792, "p_xgb": 0.9847831130027771, "date": "2026-01-29"}}, {"type": "Feature", "geometry": {"type": "Point", "coordinates": [-82.60000000169703, 35.700000000569005]}, "properties": {"p_logistic": 0.4929482638835907, "p_rf": 0.5899999737739563, "p_xgb": 0.9868977069854736, "date": "2026-01-29"}}, {"type": "Feature", "geometry": {"type": "Point", "coordinates": [-82.59166666836401, 35.700000000569005]}, "properties": {"p_logistic": 0.4929717183113098, "p_rf": 0.5580000281333923, "p_xgb": 0.9837982058525085, "date": "2026-01-29"}}, {"type": "Feature", "geometry": {"type": "Point", "coordinates": [-82.58333333503101, 35.700000000569005]}, "properties": {"p_logistic": 0.4917390048503876, "p_rf": 0.5460000038146973, "p_xgb": 0.9812318682670593, "date": "2026-01-29"}}, {"type": "Feature", "geometry": {"type": "Point", "coordinates": [-82.57500000169802, 35.700000000569005]}, "properties": {"p_logistic": 0.4903944134712219, "p_rf": 0.5220000147819519, "p_xgb": 0.9859001040458679, "date": "2026-01-29"}}, {"type": "Feature", "geometry": {"type": "Point", "coordinates": [-82.56666666836502, 35.700000000569005]}, "properties": {"p_logistic": 0.4899000823497772, "p_rf": 0.5139999985694885, "p_xgb": 0.9859001040458679, "date": "2026-01-29"}}, {"type": "Feature", "geometry": {"type": "Point", "coordinates": [-82.55833333503202, 35.700000000569005]}, "properties": {"p_logistic": 0.48961442708969116, "p_rf": 0.5059999823570251, "p_xgb": 0.9872352480888367, "date": "2026-01-29"}}, {"type": "Feature", "geometry": {"type": "Point", "coordinates": [-82.55000000169902, 35.700000000569005]}, "properties": {"p_logistic": 0.489483505487442, "p_rf": 0.5379999876022339, "p_xgb": 0.9905636310577393, "date": "2026-01-29"}}, {"type": "Feature", "geometry": {"type": "Point", "coordinates": [-82.54166666836602, 35.700000000569005]}, "properties": {"p_logistic": 0.489918053150177, "p_rf": 0.515999972820282, "p_xgb": 0.9885352253913879, "date": "2026-01-29"}}, {"type": "Feature", "geometry": {"type": "Point", "coordinates": [-82.53333333503302, 35.700000000569005]}, "properties": {"p_logistic": 0.49021825194358826, "p_rf": 0.5180000066757202, "p_xgb": 0.9879746437072754, "date": "2026-01-29"}}, {"type": "Feature", "geometry": {"type": "Point", "coordinates": [-82.52500000170002, 35.700000000569005]}, "properties": {"p_logistic": 0.49075645208358765, "p_rf": 0.5419999957084656, "p_xgb": 0.9884040355682373, "date": "2026-01-29"}}, {"type": "Feature", "geometry": {"type": "Point", "coordinates": [-82.51666666836701, 35.700000000569005]}, "properties": {"p_logistic": 0.49130356311798096, "p_rf": 0.550000011920929, "p_xgb": 0.9892065525054932, "date": "2026-01-29"}}, {"type": "Feature", "geometry": {"type": "Point", "coordinates": [-82.50833333503402, 35.700000000569005]}, "properties": {"p_logistic": 0.49050435423851013, "p_rf": 0.5479999780654907, "p_xgb": 0.988146185874939, "date": "2026-01-29"}}, {"type": "Feature", "geometry": {"type": "Point", "coordinates": [-82.50000000170101, 35.700000000569005]}, "properties": {"p_logistic": 0.4899858236312866, "p_rf": 0.5519999861717224, "p_xgb": 0.988146185874939, "date": "2026-01-29"}}, {"type": "Feature", "geometry": {"type": "Point", "coordinates": [-82.49166666836803, 35.700000000569005]}, "properties": {"p_logistic": 0.48944151401519775, "p_rf": 0.5580000281333923, "p_xgb": 0.9844525456428528, "date": "2026-01-29"}}, {"type": "Feature", "geometry": {"type": "Point", "coordinates": [-82.48333333503501, 35.700000000569005]}, "properties": {"p_logistic": 0.488757461309433, "p_rf": 0.5720000267028809, "p_xgb": 0.9837989807128906, "date": "2026-01-29"}}, {"type": "Feature", "geometry": {"type": "Point", "coordinates": [-82.47500000170201, 35.700000000569005]}, "properties": {"p_logistic": 0.4887755513191223, "p_rf": 0.5860000252723694, "p_xgb": 0.9832293391227722, "date": "2026-01-29"}}, {"type": "Feature", "geometry": {"type": "Point", "coordinates": [-82.46666666836902, 35.700000000569005]}, "properties": {"p_logistic": 0.4892333745956421, "p_rf": 0.5820000171661377, "p_xgb": 0.9821411371231079, "date": "2026-01-29"}}, {"type": "Feature", "geometry": {"type": "Point", "coordinates": [-82.45833333503602, 35.700000000569005]}, "properties": {"p_logistic": 0.4900372326374054, "p_rf": 0.6060000061988831, "p_xgb": 0.9875155687332153, "date": "2026-01-29"}}, {"type": "Feature", "geometry": {"type": "Point", "coordinates": [-82.45000000170302, 35.700000000569005]}, "properties": {"p_logistic": 0.4908297061920166, "p_rf": 0.6119999885559082, "p_xgb": 0.9871305823326111, "date": "2026-01-29"}}, {"type": "Feature", "geometry": {"type": "Point", "coordinates": [-82.44166666837002, 35.700000000569005]}, "properties": {"p_logistic": 0.49151358008384705, "p_rf": 0.6000000238418579, "p_xgb": 0.9871305823326111, "date": "2026-01-29"}}, {"type": "Feature", "geometry": {"type": "Point", "coordinates": [-82.43333333503702, 35.700000000569005]}, "properties": {"p_logistic": 0.4927853047847748, "p_rf": 0.6200000047683716, "p_xgb": 0.9871305823326111, "date": "2026-01-29"}}, {"type": "Feature", "geometry": {"type": "Point", "coordinates": [-82.42500000170402, 35.700000000569005]}, "properties": {"p_logistic": 0.49451568722724915, "p_rf": 0.6100000143051147, "p_xgb": 0.9844732284545898, "date": "2026-01-29"}}, {"type": "Feature", "geometry": {"type": "Point", "coordinates": [-82.41666666837102, 35.700000000569005]}, "properties": {"p_logistic": 0.49633803963661194, "p_rf": 0.6240000128746033, "p_xgb": 0.980664849281311, "date": "2026-01-29"}}, {"type": "Feature", "geometry": {"type": "Point", "coordinates": [-82.40833333503801, 35.700000000569005]}, "properties": {"p_logistic": 0.49742648005485535, "p_rf": 0.6299999952316284, "p_xgb": 0.9813024401664734, "date": "2026-01-29"}}, {"type": "Feature", "geometry": {"type": "Point", "coordinates": [-82.40000000170502, 35.700000000569005]}, "properties": {"p_logistic": 0.49804532527923584, "p_rf": 0.6420000195503235, "p_xgb": 0.9823687672615051, "date": "2026-01-29"}}, {"type": "Feature", "geometry": {"type": "Point", "coordinates": [-82.39166666837201, 35.700000000569005]}, "properties": {"p_logistic": 0.4995002746582031, "p_rf": 0.6679999828338623, "p_xgb": 0.9858470559120178, "date": "2026-01-29"}}, {"type": "Feature", "geometry": {"type": "Point", "coordinates": [-82.38333333503903, 35.700000000569005]}, "properties": {"p_logistic": 0.5003191828727722, "p_rf": 0.6759999990463257, "p_xgb": 0.9837126731872559, "date": "2026-01-29"}}, {"type": "Feature", "geometry": {"type": "Point", "coordinates": [-82.37500000170601, 35.700000000569005]}, "properties": {"p_logistic": 0.5019220113754272, "p_rf": 0.6800000071525574, "p_xgb": 0.9711138606071472, "date": "2026-01-29"}}, {"type": "Feature", "geometry": {"type": "Point", "coordinates": [-82.36666666837301, 35.700000000569005]}, "properties": {"p_logistic": 0.5022334456443787, "p_rf": 0.6539999842643738, "p_xgb": 0.9812993407249451, "date": "2026-01-29"}}, {"type": "Feature", "geometry": {"type": "Point", "coordinates": [-82.35833333504002, 35.700000000569005]}, "properties": {"p_logistic": 0.502605140209198, "p_rf": 0.6240000128746033, "p_xgb": 0.9842429161071777, "date": "2026-01-29"}}, {"type": "Feature", "geometry": {"type": "Point", "coordinates": [-82.35000000170702, 35.700000000569005]}, "properties": {"p_logistic": 0.5033245086669922, "p_rf": 0.6299999952316284, "p_xgb": 0.9876036643981934, "date": "2026-01-29"}}, {"type": "Feature", "geometry": {"type": "Point", "coordinates": [-82.34166666837402, 35.700000000569005]}, "properties": {"p_logistic": 0.5034162998199463, "p_rf": 0.6759999990463257, "p_xgb": 0.9880754947662354, "date": "2026-01-29"}}, {"type": "Feature", "geometry": {"type": "Point", "coordinates": [-82.33333333504102, 35.700000000569005]}, "properties": {"p_logistic": 0.504546046257019, "p_rf": 0.6480000019073486, "p_xgb": 0.9883124232292175, "date": "2026-01-29"}}, {"type": "Feature", "geometry": {"type": "Point", "coordinates": [-82.32500000170802, 35.700000000569005]}, "properties": {"p_logistic": 0.5052028894424438, "p_rf": 0.6499999761581421, "p_xgb": 0.9954037666320801, "date": "2026-01-29"}}, {"type": "Feature", "geometry": {"type": "Point", "coordinates": [-82.31666666837502, 35.700000000569005]}, "properties": {"p_logistic": 0.5067837238311768, "p_rf": 0.6439999938011169, "p_xgb": 0.9948840737342834, "date": "2026-01-29"}}, {"type": "Feature", "geometry": {"type": "Point", "coordinates": [-82.30833333504202, 35.700000000569005]}, "properties": {"p_logistic": 0.5074083805084229, "p_rf": 0.628000020980835, "p_xgb": 0.992201566696167, "date": "2026-01-29"}}, {"type": "Feature", "geometry": {"type": "Point", "coordinates": [-82.30000000170901, 35.700000000569005]}, "properties": {"p_logistic": 0.508112907409668, "p_rf": 0.6200000047683716, "p_xgb": 0.9867397546768188, "date": "2026-01-29"}}, {"type": "Feature", "geometry": {"type": "Point", "coordinates": [-82.29166666837602, 35.700000000569005]}, "properties": {"p_logistic": 0.5091708898544312, "p_rf": 0.6140000224113464, "p_xgb": 0.9867397546768188, "date": "2026-01-29"}}, {"type": "Feature", "geometry": {"type": "Point", "coordinates": [-82.28333333504301, 35.700000000569005]}, "properties": {"p_logistic": 0.5113142132759094, "p_rf": 0.6100000143051147, "p_xgb": 0.9875378608703613, "date": "2026-01-29"}}, {"type": "Feature", "geometry": {"type": "Point", "coordinates": [-82.85833333502002, 35.69166666723601]}, "properties": {"p_logistic": 0.47004392743110657, "p_rf": 0.5099999904632568, "p_xgb": 0.9855033159255981, "date": "2026-01-29"}}, {"type": "Feature", "geometry": {"type": "Point", "coordinates": [-82.85000000168702, 35.69166666723601]}, "properties": {"p_logistic": 0.4719561040401459, "p_rf": 0.5220000147819519, "p_xgb": 0.9855033159255981, "date": "2026-01-29"}}, {"type": "Feature", "geometry": {"type": "Point", "coordinates": [-82.84166666835401, 35.69166666723601]}, "properties": {"p_logistic": 0.47425851225852966, "p_rf": 0.578000009059906, "p_xgb": 0.9802007675170898, "date": "2026-01-29"}}, {"type": "Feature", "geometry": {"type": "Point", "coordinates": [-82.83333333502102, 35.69166666723601]}, "properties": {"p_logistic": 0.4766301214694977, "p_rf": 0.5699999928474426, "p_xgb": 0.982089638710022, "date": "2026-01-29"}}, {"type": "Feature", "geometry": {"type": "Point", "coordinates": [-82.79166666835602, 35.69166666723601]}, "properties": {"p_logistic": 0.48496776819229126, "p_rf": 0.5799999833106995, "p_xgb": 0.9833678007125854, "date": "2026-01-29"}}, {"type": "Feature", "geometry": {"type": "Point", "coordinates": [-82.78333333502302, 35.69166666723601]}, "properties": {"p_logistic": 0.48504137992858887, "p_rf": 0.5879999995231628, "p_xgb": 0.9841396808624268, "date": "2026-01-29"}}, {"type": "Feature", "geometry": {"type": "Point", "coordinates": [-82.77500000169002, 35.69166666723601]}, "properties": {"p_logistic": 0.4842030704021454, "p_rf": 0.593999981880188, "p_xgb": 0.9856929779052734, "date": "2026-01-29"}}, {"type": "Feature", "geometry": {"type": "Point", "coordinates": [-82.76666666835702, 35.69166666723601]}, "properties": {"p_logistic": 0.483134388923645, "p_rf": 0.5740000009536743, "p_xgb": 0.9860565662384033, "date": "2026-01-29"}}, {"type": "Feature", "geometry": {"type": "Point", "coordinates": [-82.75833333502402, 35.69166666723601]}, "properties": {"p_logistic": 0.4825095236301422, "p_rf": 0.5799999833106995, "p_xgb": 0.988749623298645, "date": "2026-01-29"}}, {"type": "Feature", "geometry": {"type": "Point", "coordinates": [-82.75000000169102, 35.69166666723601]}, "properties": {"p_logistic": 0.48220041394233704, "p_rf": 0.5839999914169312, "p_xgb": 0.988749623298645, "date": "2026-01-29"}}, {"type": "Feature", "geometry": {"type": "Point", "coordinates": [-82.74166666835802, 35.69166666723601]}, "properties": {"p_logistic": 0.48225706815719604, "p_rf": 0.5860000252723694, "p_xgb": 0.9898042678833008, "date": "2026-01-29"}}, {"type": "Feature", "geometry": {"type": "Point", "coordinates": [-82.73333333502501, 35.69166666723601]}, "properties": {"p_logistic": 0.4823977053165436, "p_rf": 0.593999981880188, "p_xgb": 0.9898042678833008, "date": "2026-01-29"}}, {"type": "Feature", "geometry": {"type": "Point", "coordinates": [-82.72500000169202, 35.69166666723601]}, "properties": {"p_logistic": 0.48259326815605164, "p_rf": 0.5979999899864197, "p_xgb": 0.9898042678833008, "date": "2026-01-29"}}, {"type": "Feature", "geometry": {"type": "Point", "coordinates": [-82.71666666835901, 35.69166666723601]}, "properties": {"p_logistic": 0.48289719223976135, "p_rf": 0.5879999995231628, "p_xgb": 0.9907175898551941, "date": "2026-01-29"}}, {"type": "Feature", "geometry": {"type": "Point", "coordinates": [-82.70833333502603, 35.69166666723601]}, "properties": {"p_logistic": 0.48314541578292847, "p_rf": 0.5799999833106995, "p_xgb": 0.9907175898551941, "date": "2026-01-29"}}, {"type": "Feature", "geometry": {"type": "Point", "coordinates": [-82.70000000169301, 35.69166666723601]}, "properties": {"p_logistic": 0.48345303535461426, "p_rf": 0.578000009059906, "p_xgb": 0.9907175898551941, "date": "2026-01-29"}}, {"type": "Feature", "geometry": {"type": "Point", "coordinates": [-82.69166666836001, 35.69166666723601]}, "properties": {"p_logistic": 0.4841865599155426, "p_rf": 0.5839999914169312, "p_xgb": 0.9907175898551941, "date": "2026-01-29"}}, {"type": "Feature", "geometry": {"type": "Point", "coordinates": [-82.68333333502702, 35.69166666723601]}, "properties": {"p_logistic": 0.4849162995815277, "p_rf": 0.5860000252723694, "p_xgb": 0.9904745221138, "date": "2026-01-29"}}, {"type": "Feature", "geometry": {"type": "Point", "coordinates": [-82.67500000169402, 35.69166666723601]}, "properties": {"p_logistic": 0.48596400022506714, "p_rf": 0.5839999914169312, "p_xgb": 0.9904745221138, "date": "2026-01-29"}}, {"type": "Feature", "geometry": {"type": "Point", "coordinates": [-82.66666666836102, 35.69166666723601]}, "properties": {"p_logistic": 0.48610353469848633, "p_rf": 0.5860000252723694, "p_xgb": 0.990924596786499, "date": "2026-01-29"}}, {"type": "Feature", "geometry": {"type": "Point", "coordinates": [-82.65833333502802, 35.69166666723601]}, "properties": {"p_logistic": 0.4861929416656494, "p_rf": 0.5860000252723694, "p_xgb": 0.9906394481658936, "date": "2026-01-29"}}, {"type": "Feature", "geometry": {"type": "Point", "coordinates": [-82.65000000169502, 35.69166666723601]}, "properties": {"p_logistic": 0.4862469434738159, "p_rf": 0.5879999995231628, "p_xgb": 0.9906394481658936, "date": "2026-01-29"}}, {"type": "Feature", "geometry": {"type": "Point", "coordinates": [-82.64166666836202, 35.69166666723601]}, "properties": {"p_logistic": 0.486556738615036, "p_rf": 0.5879999995231628, "p_xgb": 0.9888694286346436, "date": "2026-01-29"}}, {"type": "Feature", "geometry": {"type": "Point", "coordinates": [-82.63333333502902, 35.69166666723601]}, "properties": {"p_logistic": 0.4873215854167938, "p_rf": 0.5899999737739563, "p_xgb": 0.9851694107055664, "date": "2026-01-29"}}, {"type": "Feature", "geometry": {"type": "Point", "coordinates": [-82.62500000169601, 35.69166666723601]}, "properties": {"p_logistic": 0.489063560962677, "p_rf": 0.5879999995231628, "p_xgb": 0.9851694107055664, "date": "2026-01-29"}}, {"type": "Feature", "geometry": {"type": "Point", "coordinates": [-82.61666666836302, 35.69166666723601]}, "properties": {"p_logistic": 0.4912647604942322, "p_rf": 0.5640000104904175, "p_xgb": 0.983132541179657, "date": "2026-01-29"}}, {"type": "Feature", "geometry": {"type": "Point", "coordinates": [-82.60833333503001, 35.69166666723601]}, "properties": {"p_logistic": 0.49329590797424316, "p_rf": 0.5239999890327454, "p_xgb": 0.983132541179657, "date": "2026-01-29"}}, {"type": "Feature", "geometry": {"type": "Point", "coordinates": [-82.60000000169703, 35.69166666723601]}, "properties": {"p_logistic": 0.4956474006175995, "p_rf": 0.4959999918937683, "p_xgb": 0.983132541179657, "date": "2026-01-29"}}, {"type": "Feature", "geometry": {"type": "Point", "coordinates": [-82.59166666836401, 35.69166666723601]}, "properties": {"p_logistic": 0.49595218896865845, "p_rf": 0.527999997138977, "p_xgb": 0.9870573878288269, "date": "2026-01-29"}}, {"type": "Feature", "geometry": {"type": "Point", "coordinates": [-82.58333333503101, 35.69166666723601]}, "properties": {"p_logistic": 0.4938834011554718, "p_rf": 0.5080000162124634, "p_xgb": 0.9803635478019714, "date": "2026-01-29"}}, {"type": "Feature", "geometry": {"type": "Point", "coordinates": [-82.57500000169802, 35.69166666723601]}, "properties": {"p_logistic": 0.49161359667778015, "p_rf": 0.5080000162124634, "p_xgb": 0.9845759868621826, "date": "2026-01-29"}}, {"type": "Feature", "geometry": {"type": "Point", "coordinates": [-82.56666666836502, 35.69166666723601]}, "properties": {"p_logistic": 0.4910128712654114, "p_rf": 0.5040000081062317, "p_xgb": 0.9872352480888367, "date": "2026-01-29"}}, {"type": "Feature", "geometry": {"type": "Point", "coordinates": [-82.55833333503202, 35.69166666723601]}, "properties": {"p_logistic": 0.4906456172466278, "p_rf": 0.5220000147819519, "p_xgb": 0.9877901077270508, "date": "2026-01-29"}}, {"type": "Feature", "geometry": {"type": "Point", "coordinates": [-82.55000000169902, 35.69166666723601]}, "properties": {"p_logistic": 0.4908803701400757, "p_rf": 0.550000011920929, "p_xgb": 0.9905636310577393, "date": "2026-01-29"}}, {"type": "Feature", "geometry": {"type": "Point", "coordinates": [-82.54166666836602, 35.69166666723601]}, "properties": {"p_logistic": 0.49107789993286133, "p_rf": 0.5400000214576721, "p_xgb": 0.9886045455932617, "date": "2026-01-29"}}, {"type": "Feature", "geometry": {"type": "Point", "coordinates": [-82.53333333503302, 35.69166666723601]}, "properties": {"p_logistic": 0.4914470613002777, "p_rf": 0.5419999957084656, "p_xgb": 0.9893932342529297, "date": "2026-01-29"}}, {"type": "Feature", "geometry": {"type": "Point", "coordinates": [-82.52500000170002, 35.69166666723601]}, "properties": {"p_logistic": 0.491931289434433, "p_rf": 0.5559999942779541, "p_xgb": 0.9892065525054932, "date": "2026-01-29"}}, {"type": "Feature", "geometry": {"type": "Point", "coordinates": [-82.51666666836701, 35.69166666723601]}, "properties": {"p_logistic": 0.4923180043697357, "p_rf": 0.5440000295639038, "p_xgb": 0.9899635910987854, "date": "2026-01-29"}}, {"type": "Feature", "geometry": {"type": "Point", "coordinates": [-82.50833333503402, 35.69166666723601]}, "properties": {"p_logistic": 0.49192872643470764, "p_rf": 0.5479999780654907, "p_xgb": 0.988146185874939, "date": "2026-01-29"}}, {"type": "Feature", "geometry": {"type": "Point", "coordinates": [-82.50000000170101, 35.69166666723601]}, "properties": {"p_logistic": 0.49096858501434326, "p_rf": 0.5299999713897705, "p_xgb": 0.988146185874939, "date": "2026-01-29"}}, {"type": "Feature", "geometry": {"type": "Point", "coordinates": [-82.49166666836803, 35.69166666723601]}, "properties": {"p_logistic": 0.49000465869903564, "p_rf": 0.5659999847412109, "p_xgb": 0.9833449721336365, "date": "2026-01-29"}}, {"type": "Feature", "geometry": {"type": "Point", "coordinates": [-82.48333333503501, 35.69166666723601]}, "properties": {"p_logistic": 0.4890066981315613, "p_rf": 0.5860000252723694, "p_xgb": 0.9832293391227722, "date": "2026-01-29"}}, {"type": "Feature", "geometry": {"type": "Point", "coordinates": [-82.47500000170201, 35.69166666723601]}, "properties": {"p_logistic": 0.48789018392562866, "p_rf": 0.5820000171661377, "p_xgb": 0.9880637526512146, "date": "2026-01-29"}}, {"type": "Feature", "geometry": {"type": "Point", "coordinates": [-82.46666666836902, 35.69166666723601]}, "properties": {"p_logistic": 0.48843932151794434, "p_rf": 0.6039999723434448, "p_xgb": 0.9869017004966736, "date": "2026-01-29"}}, {"type": "Feature", "geometry": {"type": "Point", "coordinates": [-82.45833333503602, 35.69166666723601]}, "properties": {"p_logistic": 0.4889226257801056, "p_rf": 0.578000009059906, "p_xgb": 0.9876362681388855, "date": "2026-01-29"}}, {"type": "Feature", "geometry": {"type": "Point", "coordinates": [-82.45000000170302, 35.69166666723601]}, "properties": {"p_logistic": 0.49041277170181274, "p_rf": 0.578000009059906, "p_xgb": 0.9871305823326111, "date": "2026-01-29"}}, {"type": "Feature", "geometry": {"type": "Point", "coordinates": [-82.44166666837002, 35.69166666723601]}, "properties": {"p_logistic": 0.4915682375431061, "p_rf": 0.5960000157356262, "p_xgb": 0.9856735467910767, "date": "2026-01-29"}}, {"type": "Feature", "geometry": {"type": "Point", "coordinates": [-82.43333333503702, 35.69166666723601]}, "properties": {"p_logistic": 0.49308568239212036, "p_rf": 0.6240000128746033, "p_xgb": 0.9844732284545898, "date": "2026-01-29"}}, {"type": "Feature", "geometry": {"type": "Point", "coordinates": [-82.42500000170402, 35.69166666723601]}, "properties": {"p_logistic": 0.49550530314445496, "p_rf": 0.621999979019165, "p_xgb": 0.9818758368492126, "date": "2026-01-29"}}, {"type": "Feature", "geometry": {"type": "Point", "coordinates": [-82.41666666837102, 35.69166666723601]}, "properties": {"p_logistic": 0.4974866211414337, "p_rf": 0.6259999871253967, "p_xgb": 0.980664849281311, "date": "2026-01-29"}}, {"type": "Feature", "geometry": {"type": "Point", "coordinates": [-82.40833333503801, 35.69166666723601]}, "properties": {"p_logistic": 0.49878960847854614, "p_rf": 0.6420000195503235, "p_xgb": 0.9813024401664734, "date": "2026-01-29"}}, {"type": "Feature", "geometry": {"type": "Point", "coordinates": [-82.40000000170502, 35.69166666723601]}, "properties": {"p_logistic": 0.50091153383255, "p_rf": 0.6660000085830688, "p_xgb": 0.9851177930831909, "date": "2026-01-29"}}, {"type": "Feature", "geometry": {"type": "Point", "coordinates": [-82.39166666837201, 35.69166666723601]}, "properties": {"p_logistic": 0.5012718439102173, "p_rf": 0.6819999814033508, "p_xgb": 0.9851881265640259, "date": "2026-01-29"}}, {"type": "Feature", "geometry": {"type": "Point", "coordinates": [-82.38333333503903, 35.69166666723601]}, "properties": {"p_logistic": 0.5029177665710449, "p_rf": 0.6600000262260437, "p_xgb": 0.9826071858406067, "date": "2026-01-29"}}, {"type": "Feature", "geometry": {"type": "Point", "coordinates": [-82.37500000170601, 35.69166666723601]}, "properties": {"p_logistic": 0.5036078691482544, "p_rf": 0.6340000033378601, "p_xgb": 0.9697901010513306, "date": "2026-01-29"}}, {"type": "Feature", "geometry": {"type": "Point", "coordinates": [-82.36666666837301, 35.69166666723601]}, "properties": {"p_logistic": 0.5036987066268921, "p_rf": 0.6660000085830688, "p_xgb": 0.9697901010513306, "date": "2026-01-29"}}, {"type": "Feature", "geometry": {"type": "Point", "coordinates": [-82.35833333504002, 35.69166666723601]}, "properties": {"p_logistic": 0.503297746181488, "p_rf": 0.6480000019073486, "p_xgb": 0.9845203757286072, "date": "2026-01-29"}}, {"type": "Feature", "geometry": {"type": "Point", "coordinates": [-82.35000000170702, 35.69166666723601]}, "properties": {"p_logistic": 0.5025108456611633, "p_rf": 0.6200000047683716, "p_xgb": 0.9861496686935425, "date": "2026-01-29"}}, {"type": "Feature", "geometry": {"type": "Point", "coordinates": [-82.34166666837402, 35.69166666723601]}, "properties": {"p_logistic": 0.5022177696228027, "p_rf": 0.6179999709129333, "p_xgb": 0.9861496686935425, "date": "2026-01-29"}}, {"type": "Feature", "geometry": {"type": "Point", "coordinates": [-82.33333333504102, 35.69166666723601]}, "properties": {"p_logistic": 0.5029128193855286, "p_rf": 0.6340000033378601, "p_xgb": 0.9864243865013123, "date": "2026-01-29"}}, {"type": "Feature", "geometry": {"type": "Point", "coordinates": [-82.32500000170802, 35.69166666723601]}, "properties": {"p_logistic": 0.5041413307189941, "p_rf": 0.699999988079071, "p_xgb": 0.9909530878067017, "date": "2026-01-29"}}, {"type": "Feature", "geometry": {"type": "Point", "coordinates": [-82.31666666837502, 35.69166666723601]}, "properties": {"p_logistic": 0.5055481195449829, "p_rf": 0.7020000219345093, "p_xgb": 0.9962452054023743, "date": "2026-01-29"}}, {"type": "Feature", "geometry": {"type": "Point", "coordinates": [-82.30833333504202, 35.69166666723601]}, "properties": {"p_logistic": 0.5062859058380127, "p_rf": 0.6359999775886536, "p_xgb": 0.9948840737342834, "date": "2026-01-29"}}, {"type": "Feature", "geometry": {"type": "Point", "coordinates": [-82.30000000170901, 35.69166666723601]}, "properties": {"p_logistic": 0.5063722729682922, "p_rf": 0.6460000276565552, "p_xgb": 0.99338299036026, "date": "2026-01-29"}}, {"type": "Feature", "geometry": {"type": "Point", "coordinates": [-82.29166666837602, 35.69166666723601]}, "properties": {"p_logistic": 0.50723797082901, "p_rf": 0.6320000290870667, "p_xgb": 0.992201566696167, "date": "2026-01-29"}}, {"type": "Feature", "geometry": {"type": "Point", "coordinates": [-82.87500000168602, 35.68333333390301]}, "properties": {"p_logistic": 0.4663068950176239, "p_rf": 0.5239999890327454, "p_xgb": 0.9753627181053162, "date": "2026-01-29"}}, {"type": "Feature", "geometry": {"type": "Point", "coordinates": [-82.86666666835302, 35.68333333390301]}, "properties": {"p_logistic": 0.4683646559715271, "p_rf": 0.5080000162124634, "p_xgb": 0.9836267828941345, "date": "2026-01-29"}}, {"type": "Feature", "geometry": {"type": "Point", "coordinates": [-82.85833333502002, 35.68333333390301]}, "properties": {"p_logistic": 0.47031334042549133, "p_rf": 0.5239999890327454, "p_xgb": 0.9855033159255981, "date": "2026-01-29"}}, {"type": "Feature", "geometry": {"type": "Point", "coordinates": [-82.85000000168702, 35.68333333390301]}, "properties": {"p_logistic": 0.47298723459243774, "p_rf": 0.550000011920929, "p_xgb": 0.9878383874893188, "date": "2026-01-29"}}, {"type": "Feature", "geometry": {"type": "Point", "coordinates": [-82.84166666835401, 35.68333333390301]}, "properties": {"p_logistic": 0.4755435585975647, "p_rf": 0.578000009059906, "p_xgb": 0.9832042455673218, "date": "2026-01-29"}}, {"type": "Feature", "geometry": {"type": "Point", "coordinates": [-82.83333333502102, 35.68333333390301]}, "properties": {"p_logistic": 0.47835302352905273, "p_rf": 0.6380000114440918, "p_xgb": 0.9936631917953491, "date": "2026-01-29"}}, {"type": "Feature", "geometry": {"type": "Point", "coordinates": [-82.82500000168801, 35.68333333390301]}, "properties": {"p_logistic": 0.4805513620376587, "p_rf": 0.621999979019165, "p_xgb": 0.9931361675262451, "date": "2026-01-29"}}, {"type": "Feature", "geometry": {"type": "Point", "coordinates": [-82.81666666835503, 35.68333333390301]}, "properties": {"p_logistic": 0.4824555218219757, "p_rf": 0.5580000281333923, "p_xgb": 0.989663302898407, "date": "2026-01-29"}}, {"type": "Feature", "geometry": {"type": "Point", "coordinates": [-82.80833333502201, 35.68333333390301]}, "properties": {"p_logistic": 0.4838322103023529, "p_rf": 0.5740000009536743, "p_xgb": 0.9891469478607178, "date": "2026-01-29"}}, {"type": "Feature", "geometry": {"type": "Point", "coordinates": [-82.80000000168901, 35.68333333390301]}, "properties": {"p_logistic": 0.4848221242427826, "p_rf": 0.5839999914169312, "p_xgb": 0.9825925827026367, "date": "2026-01-29"}}, {"type": "Feature", "geometry": {"type": "Point", "coordinates": [-82.79166666835602, 35.68333333390301]}, "properties": {"p_logistic": 0.48536139726638794, "p_rf": 0.5839999914169312, "p_xgb": 0.9834376573562622, "date": "2026-01-29"}}, {"type": "Feature", "geometry": {"type": "Point", "coordinates": [-82.78333333502302, 35.68333333390301]}, "properties": {"p_logistic": 0.485385000705719, "p_rf": 0.578000009059906, "p_xgb": 0.9845065474510193, "date": "2026-01-29"}}, {"type": "Feature", "geometry": {"type": "Point", "coordinates": [-82.77500000169002, 35.68333333390301]}, "properties": {"p_logistic": 0.48476359248161316, "p_rf": 0.5879999995231628, "p_xgb": 0.9833678007125854, "date": "2026-01-29"}}, {"type": "Feature", "geometry": {"type": "Point", "coordinates": [-82.76666666835702, 35.68333333390301]}, "properties": {"p_logistic": 0.4837661385536194, "p_rf": 0.5860000252723694, "p_xgb": 0.9856929779052734, "date": "2026-01-29"}}, {"type": "Feature", "geometry": {"type": "Point", "coordinates": [-82.75833333502402, 35.68333333390301]}, "properties": {"p_logistic": 0.48316481709480286, "p_rf": 0.5699999928474426, "p_xgb": 0.9852913618087769, "date": "2026-01-29"}}, {"type": "Feature", "geometry": {"type": "Point", "coordinates": [-82.75000000169102, 35.68333333390301]}, "properties": {"p_logistic": 0.4826662242412567, "p_rf": 0.5839999914169312, "p_xgb": 0.988749623298645, "date": "2026-01-29"}}, {"type": "Feature", "geometry": {"type": "Point", "coordinates": [-82.74166666835802, 35.68333333390301]}, "properties": {"p_logistic": 0.48259028792381287, "p_rf": 0.5799999833106995, "p_xgb": 0.9898042678833008, "date": "2026-01-29"}}, {"type": "Feature", "geometry": {"type": "Point", "coordinates": [-82.73333333502501, 35.68333333390301]}, "properties": {"p_logistic": 0.48269328474998474, "p_rf": 0.578000009059906, "p_xgb": 0.9895373582839966, "date": "2026-01-29"}}, {"type": "Feature", "geometry": {"type": "Point", "coordinates": [-82.72500000169202, 35.68333333390301]}, "properties": {"p_logistic": 0.4829135239124298, "p_rf": 0.5979999899864197, "p_xgb": 0.9895373582839966, "date": "2026-01-29"}}, {"type": "Feature", "geometry": {"type": "Point", "coordinates": [-82.71666666835901, 35.68333333390301]}, "properties": {"p_logistic": 0.48320645093917847, "p_rf": 0.5860000252723694, "p_xgb": 0.9898042678833008, "date": "2026-01-29"}}, {"type": "Feature", "geometry": {"type": "Point", "coordinates": [-82.70833333502603, 35.68333333390301]}, "properties": {"p_logistic": 0.4834921658039093, "p_rf": 0.578000009059906, "p_xgb": 0.9907175898551941, "date": "2026-01-29"}}, {"type": "Feature", "geometry": {"type": "Point", "coordinates": [-82.70000000169301, 35.68333333390301]}, "properties": {"p_logistic": 0.4839014708995819, "p_rf": 0.5759999752044678, "p_xgb": 0.9904745221138, "date": "2026-01-29"}}, {"type": "Feature", "geometry": {"type": "Point", "coordinates": [-82.69166666836001, 35.68333333390301]}, "properties": {"p_logistic": 0.48477399349212646, "p_rf": 0.5759999752044678, "p_xgb": 0.9904745221138, "date": "2026-01-29"}}, {"type": "Feature", "geometry": {"type": "Point", "coordinates": [-82.68333333502702, 35.68333333390301]}, "properties": {"p_logistic": 0.4855775237083435, "p_rf": 0.5699999928474426, "p_xgb": 0.9894346594810486, "date": "2026-01-29"}}, {"type": "Feature", "geometry": {"type": "Point", "coordinates": [-82.67500000169402, 35.68333333390301]}, "properties": {"p_logistic": 0.4865977466106415, "p_rf": 0.5460000038146973, "p_xgb": 0.9894346594810486, "date": "2026-01-29"}}, {"type": "Feature", "geometry": {"type": "Point", "coordinates": [-82.66666666836102, 35.68333333390301]}, "properties": {"p_logistic": 0.4867567718029022, "p_rf": 0.550000011920929, "p_xgb": 0.989933431148529, "date": "2026-01-29"}}, {"type": "Feature", "geometry": {"type": "Point", "coordinates": [-82.65833333502802, 35.68333333390301]}, "properties": {"p_logistic": 0.4868427515029907, "p_rf": 0.5440000295639038, "p_xgb": 0.989933431148529, "date": "2026-01-29"}}, {"type": "Feature", "geometry": {"type": "Point", "coordinates": [-82.65000000169502, 35.68333333390301]}, "properties": {"p_logistic": 0.4867408871650696, "p_rf": 0.550000011920929, "p_xgb": 0.9896175265312195, "date": "2026-01-29"}}, {"type": "Feature", "geometry": {"type": "Point", "coordinates": [-82.64166666836202, 35.68333333390301]}, "properties": {"p_logistic": 0.4867715537548065, "p_rf": 0.5720000267028809, "p_xgb": 0.9896175265312195, "date": "2026-01-29"}}, {"type": "Feature", "geometry": {"type": "Point", "coordinates": [-82.63333333502902, 35.68333333390301]}, "properties": {"p_logistic": 0.48737967014312744, "p_rf": 0.578000009059906, "p_xgb": 0.9885783195495605, "date": "2026-01-29"}}, {"type": "Feature", "geometry": {"type": "Point", "coordinates": [-82.62500000169601, 35.68333333390301]}, "properties": {"p_logistic": 0.4890899062156677, "p_rf": 0.5740000009536743, "p_xgb": 0.9847831130027771, "date": "2026-01-29"}}, {"type": "Feature", "geometry": {"type": "Point", "coordinates": [-82.61666666836302, 35.68333333390301]}, "properties": {"p_logistic": 0.49142587184906006, "p_rf": 0.5419999957084656, "p_xgb": 0.983132541179657, "date": "2026-01-29"}}, {"type": "Feature", "geometry": {"type": "Point", "coordinates": [-82.60833333503001, 35.68333333390301]}, "properties": {"p_logistic": 0.49437281489372253, "p_rf": 0.5019999742507935, "p_xgb": 0.983132541179657, "date": "2026-01-29"}}, {"type": "Feature", "geometry": {"type": "Point", "coordinates": [-82.60000000169703, 35.68333333390301]}, "properties": {"p_logistic": 0.4978146553039551, "p_rf": 0.5080000162124634, "p_xgb": 0.981553316116333, "date": "2026-01-29"}}, {"type": "Feature", "geometry": {"type": "Point", "coordinates": [-82.59166666836401, 35.68333333390301]}, "properties": {"p_logistic": 0.49829888343811035, "p_rf": 0.5180000066757202, "p_xgb": 0.9813869595527649, "date": "2026-01-29"}}, {"type": "Feature", "geometry": {"type": "Point", "coordinates": [-82.58333333503101, 35.68333333390301]}, "properties": {"p_logistic": 0.49629148840904236, "p_rf": 0.5320000052452087, "p_xgb": 0.9846605658531189, "date": "2026-01-29"}}, {"type": "Feature", "geometry": {"type": "Point", "coordinates": [-82.57500000169802, 35.68333333390301]}, "properties": {"p_logistic": 0.4938569664955139, "p_rf": 0.5239999890327454, "p_xgb": 0.9844363927841187, "date": "2026-01-29"}}, {"type": "Feature", "geometry": {"type": "Point", "coordinates": [-82.56666666836502, 35.68333333390301]}, "properties": {"p_logistic": 0.49215951561927795, "p_rf": 0.5400000214576721, "p_xgb": 0.9905636310577393, "date": "2026-01-29"}}, {"type": "Feature", "geometry": {"type": "Point", "coordinates": [-82.55833333503202, 35.68333333390301]}, "properties": {"p_logistic": 0.491547167301178, "p_rf": 0.5440000295639038, "p_xgb": 0.9905636310577393, "date": "2026-01-29"}}, {"type": "Feature", "geometry": {"type": "Point", "coordinates": [-82.55000000169902, 35.68333333390301]}, "properties": {"p_logistic": 0.4913570284843445, "p_rf": 0.5540000200271606, "p_xgb": 0.9891360998153687, "date": "2026-01-29"}}, {"type": "Feature", "geometry": {"type": "Point", "coordinates": [-82.54166666836602, 35.68333333390301]}, "properties": {"p_logistic": 0.4915045499801636, "p_rf": 0.550000011920929, "p_xgb": 0.9893932342529297, "date": "2026-01-29"}}, {"type": "Feature", "geometry": {"type": "Point", "coordinates": [-82.53333333503302, 35.68333333390301]}, "properties": {"p_logistic": 0.49168282747268677, "p_rf": 0.5479999780654907, "p_xgb": 0.9893932342529297, "date": "2026-01-29"}}, {"type": "Feature", "geometry": {"type": "Point", "coordinates": [-82.52500000170002, 35.68333333390301]}, "properties": {"p_logistic": 0.4920790493488312, "p_rf": 0.5580000281333923, "p_xgb": 0.9899635910987854, "date": "2026-01-29"}}, {"type": "Feature", "geometry": {"type": "Point", "coordinates": [-82.51666666836701, 35.68333333390301]}, "properties": {"p_logistic": 0.4924846291542053, "p_rf": 0.5379999876022339, "p_xgb": 0.9899635910987854, "date": "2026-01-29"}}, {"type": "Feature", "geometry": {"type": "Point", "coordinates": [-82.50833333503402, 35.68333333390301]}, "properties": {"p_logistic": 0.49182748794555664, "p_rf": 0.5419999957084656, "p_xgb": 0.9884201288223267, "date": "2026-01-29"}}, {"type": "Feature", "geometry": {"type": "Point", "coordinates": [-82.50000000170101, 35.68333333390301]}, "properties": {"p_logistic": 0.4911479651927948, "p_rf": 0.5799999833106995, "p_xgb": 0.9845069050788879, "date": "2026-01-29"}}, {"type": "Feature", "geometry": {"type": "Point", "coordinates": [-82.49166666836803, 35.68333333390301]}, "properties": {"p_logistic": 0.4903245270252228, "p_rf": 0.5860000252723694, "p_xgb": 0.9845656752586365, "date": "2026-01-29"}}, {"type": "Feature", "geometry": {"type": "Point", "coordinates": [-82.48333333503501, 35.68333333390301]}, "properties": {"p_logistic": 0.48862653970718384, "p_rf": 0.5759999752044678, "p_xgb": 0.9887489080429077, "date": "2026-01-29"}}, {"type": "Feature", "geometry": {"type": "Point", "coordinates": [-82.47500000170201, 35.68333333390301]}, "properties": {"p_logistic": 0.48802629113197327, "p_rf": 0.6079999804496765, "p_xgb": 0.9869017004966736, "date": "2026-01-29"}}, {"type": "Feature", "geometry": {"type": "Point", "coordinates": [-82.46666666836902, 35.68333333390301]}, "properties": {"p_logistic": 0.4881298840045929, "p_rf": 0.5699999928474426, "p_xgb": 0.9890643954277039, "date": "2026-01-29"}}, {"type": "Feature", "geometry": {"type": "Point", "coordinates": [-82.45833333503602, 35.68333333390301]}, "properties": {"p_logistic": 0.48883578181266785, "p_rf": 0.5680000185966492, "p_xgb": 0.9906823635101318, "date": "2026-01-29"}}, {"type": "Feature", "geometry": {"type": "Point", "coordinates": [-82.45000000170302, 35.68333333390301]}, "properties": {"p_logistic": 0.48988521099090576, "p_rf": 0.5759999752044678, "p_xgb": 0.989469051361084, "date": "2026-01-29"}}, {"type": "Feature", "geometry": {"type": "Point", "coordinates": [-82.44166666837002, 35.68333333390301]}, "properties": {"p_logistic": 0.49152490496635437, "p_rf": 0.578000009059906, "p_xgb": 0.989469051361084, "date": "2026-01-29"}}, {"type": "Feature", "geometry": {"type": "Point", "coordinates": [-82.43333333503702, 35.68333333390301]}, "properties": {"p_logistic": 0.49396491050720215, "p_rf": 0.5899999737739563, "p_xgb": 0.9887500405311584, "date": "2026-01-29"}}, {"type": "Feature", "geometry": {"type": "Point", "coordinates": [-82.42500000170402, 35.68333333390301]}, "properties": {"p_logistic": 0.49679356813430786, "p_rf": 0.628000020980835, "p_xgb": 0.980664849281311, "date": "2026-01-29"}}, {"type": "Feature", "geometry": {"type": "Point", "coordinates": [-82.41666666837102, 35.68333333390301]}, "properties": {"p_logistic": 0.4987088143825531, "p_rf": 0.6240000128746033, "p_xgb": 0.9810040593147278, "date": "2026-01-29"}}, {"type": "Feature", "geometry": {"type": "Point", "coordinates": [-82.40833333503801, 35.68333333390301]}, "properties": {"p_logistic": 0.5006102323532104, "p_rf": 0.6520000100135803, "p_xgb": 0.9823687672615051, "date": "2026-01-29"}}, {"type": "Feature", "geometry": {"type": "Point", "coordinates": [-82.40000000170502, 35.68333333390301]}, "properties": {"p_logistic": 0.5026956796646118, "p_rf": 0.6840000152587891, "p_xgb": 0.9866024255752563, "date": "2026-01-29"}}, {"type": "Feature", "geometry": {"type": "Point", "coordinates": [-82.39166666837201, 35.68333333390301]}, "properties": {"p_logistic": 0.5039802193641663, "p_rf": 0.6159999966621399, "p_xgb": 0.9723504185676575, "date": "2026-01-29"}}, {"type": "Feature", "geometry": {"type": "Point", "coordinates": [-82.38333333503903, 35.68333333390301]}, "properties": {"p_logistic": 0.5051603317260742, "p_rf": 0.6039999723434448, "p_xgb": 0.9418958425521851, "date": "2026-01-29"}}, {"type": "Feature", "geometry": {"type": "Point", "coordinates": [-82.37500000170601, 35.68333333390301]}, "properties": {"p_logistic": 0.5052570700645447, "p_rf": 0.5979999899864197, "p_xgb": 0.968329668045044, "date": "2026-01-29"}}, {"type": "Feature", "geometry": {"type": "Point", "coordinates": [-82.36666666837301, 35.68333333390301]}, "properties": {"p_logistic": 0.5049210786819458, "p_rf": 0.593999981880188, "p_xgb": 0.968955934047699, "date": "2026-01-29"}}, {"type": "Feature", "geometry": {"type": "Point", "coordinates": [-82.35833333504002, 35.68333333390301]}, "properties": {"p_logistic": 0.5037928819656372, "p_rf": 0.6660000085830688, "p_xgb": 0.9770665764808655, "date": "2026-01-29"}}, {"type": "Feature", "geometry": {"type": "Point", "coordinates": [-82.35000000170702, 35.68333333390301]}, "properties": {"p_logistic": 0.5024922490119934, "p_rf": 0.6499999761581421, "p_xgb": 0.9861496686935425, "date": "2026-01-29"}}, {"type": "Feature", "geometry": {"type": "Point", "coordinates": [-82.34166666837402, 35.68333333390301]}, "properties": {"p_logistic": 0.5016570091247559, "p_rf": 0.6299999952316284, "p_xgb": 0.9861496686935425, "date": "2026-01-29"}}, {"type": "Feature", "geometry": {"type": "Point", "coordinates": [-82.33333333504102, 35.68333333390301]}, "properties": {"p_logistic": 0.5022516846656799, "p_rf": 0.628000020980835, "p_xgb": 0.9864243865013123, "date": "2026-01-29"}}, {"type": "Feature", "geometry": {"type": "Point", "coordinates": [-82.32500000170802, 35.68333333390301]}, "properties": {"p_logistic": 0.5031145811080933, "p_rf": 0.6439999938011169, "p_xgb": 0.9898878931999207, "date": "2026-01-29"}}, {"type": "Feature", "geometry": {"type": "Point", "coordinates": [-82.31666666837502, 35.68333333390301]}, "properties": {"p_logistic": 0.5044087767601013, "p_rf": 0.6759999990463257, "p_xgb": 0.9960953593254089, "date": "2026-01-29"}}, {"type": "Feature", "geometry": {"type": "Point", "coordinates": [-82.30833333504202, 35.68333333390301]}, "properties": {"p_logistic": 0.5055544376373291, "p_rf": 0.7039999961853027, "p_xgb": 0.9961084723472595, "date": "2026-01-29"}}, {"type": "Feature", "geometry": {"type": "Point", "coordinates": [-82.30000000170901, 35.68333333390301]}, "properties": {"p_logistic": 0.505556046962738, "p_rf": 0.6359999775886536, "p_xgb": 0.9969213008880615, "date": "2026-01-29"}}, {"type": "Feature", "geometry": {"type": "Point", "coordinates": [-82.88333333501902, 35.67500000057]}, "properties": {"p_logistic": 0.46345144510269165, "p_rf": 0.5460000038146973, "p_xgb": 0.9753627181053162, "date": "2026-01-29"}}, {"type": "Feature", "geometry": {"type": "Point", "coordinates": [-82.87500000168602, 35.67500000057]}, "properties": {"p_logistic": 0.4659886360168457, "p_rf": 0.5239999890327454, "p_xgb": 0.9753627181053162, "date": "2026-01-29"}}, {"type": "Feature", "geometry": {"type": "Point", "coordinates": [-82.86666666835302, 35.67500000057]}, "properties": {"p_logistic": 0.46825531125068665, "p_rf": 0.5099999904632568, "p_xgb": 0.9836267828941345, "date": "2026-01-29"}}, {"type": "Feature", "geometry": {"type": "Point", "coordinates": [-82.85833333502002, 35.67500000057]}, "properties": {"p_logistic": 0.4705824851989746, "p_rf": 0.5199999809265137, "p_xgb": 0.983864963054657, "date": "2026-01-29"}}, {"type": "Feature", "geometry": {"type": "Point", "coordinates": [-82.85000000168702, 35.67500000057]}, "properties": {"p_logistic": 0.4735451340675354, "p_rf": 0.5540000200271606, "p_xgb": 0.9883076548576355, "date": "2026-01-29"}}, {"type": "Feature", "geometry": {"type": "Point", "coordinates": [-82.84166666835401, 35.67500000057]}, "properties": {"p_logistic": 0.47646647691726685, "p_rf": 0.5699999928474426, "p_xgb": 0.982089638710022, "date": "2026-01-29"}}, {"type": "Feature", "geometry": {"type": "Point", "coordinates": [-82.83333333502102, 35.67500000057]}, "properties": {"p_logistic": 0.4795486330986023, "p_rf": 0.6439999938011169, "p_xgb": 0.9919942617416382, "date": "2026-01-29"}}, {"type": "Feature", "geometry": {"type": "Point", "coordinates": [-82.82500000168801, 35.67500000057]}, "properties": {"p_logistic": 0.4817868769168854, "p_rf": 0.5759999752044678, "p_xgb": 0.989663302898407, "date": "2026-01-29"}}, {"type": "Feature", "geometry": {"type": "Point", "coordinates": [-82.81666666835503, 35.67500000057]}, "properties": {"p_logistic": 0.4831409454345703, "p_rf": 0.5740000009536743, "p_xgb": 0.989663302898407, "date": "2026-01-29"}}, {"type": "Feature", "geometry": {"type": "Point", "coordinates": [-82.80833333502201, 35.67500000057]}, "properties": {"p_logistic": 0.4841921329498291, "p_rf": 0.5799999833106995, "p_xgb": 0.9825925827026367, "date": "2026-01-29"}}, {"type": "Feature", "geometry": {"type": "Point", "coordinates": [-82.80000000168901, 35.67500000057]}, "properties": {"p_logistic": 0.48480504751205444, "p_rf": 0.5839999914169312, "p_xgb": 0.9834376573562622, "date": "2026-01-29"}}, {"type": "Feature", "geometry": {"type": "Point", "coordinates": [-82.79166666835602, 35.67500000057]}, "properties": {"p_logistic": 0.48517274856567383, "p_rf": 0.5860000252723694, "p_xgb": 0.9834376573562622, "date": "2026-01-29"}}, {"type": "Feature", "geometry": {"type": "Point", "coordinates": [-82.78333333502302, 35.67500000057]}, "properties": {"p_logistic": 0.4851725101470947, "p_rf": 0.5839999914169312, "p_xgb": 0.9834376573562622, "date": "2026-01-29"}}, {"type": "Feature", "geometry": {"type": "Point", "coordinates": [-82.77500000169002, 35.67500000057]}, "properties": {"p_logistic": 0.48482397198677063, "p_rf": 0.578000009059906, "p_xgb": 0.9845065474510193, "date": "2026-01-29"}}, {"type": "Feature", "geometry": {"type": "Point", "coordinates": [-82.76666666835702, 35.67500000057]}, "properties": {"p_logistic": 0.4843001365661621, "p_rf": 0.5759999752044678, "p_xgb": 0.9833678007125854, "date": "2026-01-29"}}, {"type": "Feature", "geometry": {"type": "Point", "coordinates": [-82.75833333502402, 35.67500000057]}, "properties": {"p_logistic": 0.4838925302028656, "p_rf": 0.5379999876022339, "p_xgb": 0.9833678007125854, "date": "2026-01-29"}}, {"type": "Feature", "geometry": {"type": "Point", "coordinates": [-82.75000000169102, 35.67500000057]}, "properties": {"p_logistic": 0.4832037687301636, "p_rf": 0.5440000295639038, "p_xgb": 0.982901930809021, "date": "2026-01-29"}}, {"type": "Feature", "geometry": {"type": "Point", "coordinates": [-82.74166666835802, 35.67500000057]}, "properties": {"p_logistic": 0.483075350522995, "p_rf": 0.5559999942779541, "p_xgb": 0.9865732192993164, "date": "2026-01-29"}}, {"type": "Feature", "geometry": {"type": "Point", "coordinates": [-82.73333333502501, 35.67500000057]}, "properties": {"p_logistic": 0.4832622706890106, "p_rf": 0.5580000281333923, "p_xgb": 0.9883964657783508, "date": "2026-01-29"}}, {"type": "Feature", "geometry": {"type": "Point", "coordinates": [-82.72500000169202, 35.67500000057]}, "properties": {"p_logistic": 0.48336124420166016, "p_rf": 0.5860000252723694, "p_xgb": 0.9895373582839966, "date": "2026-01-29"}}, {"type": "Feature", "geometry": {"type": "Point", "coordinates": [-82.71666666835901, 35.67500000057]}, "properties": {"p_logistic": 0.48363956809043884, "p_rf": 0.578000009059906, "p_xgb": 0.9895373582839966, "date": "2026-01-29"}}, {"type": "Feature", "geometry": {"type": "Point", "coordinates": [-82.70833333502603, 35.67500000057]}, "properties": {"p_logistic": 0.483977735042572, "p_rf": 0.5659999847412109, "p_xgb": 0.9904745221138, "date": "2026-01-29"}}, {"type": "Feature", "geometry": {"type": "Point", "coordinates": [-82.70000000169301, 35.67500000057]}, "properties": {"p_logistic": 0.4844772219657898, "p_rf": 0.5580000281333923, "p_xgb": 0.9894346594810486, "date": "2026-01-29"}}, {"type": "Feature", "geometry": {"type": "Point", "coordinates": [-82.69166666836001, 35.67500000057]}, "properties": {"p_logistic": 0.4855678677558899, "p_rf": 0.527999997138977, "p_xgb": 0.9894346594810486, "date": "2026-01-29"}}, {"type": "Feature", "geometry": {"type": "Point", "coordinates": [-82.68333333502702, 35.67500000057]}, "properties": {"p_logistic": 0.4871586859226227, "p_rf": 0.5120000243186951, "p_xgb": 0.9901622533798218, "date": "2026-01-29"}}, {"type": "Feature", "geometry": {"type": "Point", "coordinates": [-82.67500000169402, 35.67500000057]}, "properties": {"p_logistic": 0.48750126361846924, "p_rf": 0.5120000243186951, "p_xgb": 0.9884385466575623, "date": "2026-01-29"}}, {"type": "Feature", "geometry": {"type": "Point", "coordinates": [-82.66666666836102, 35.67500000057]}, "properties": {"p_logistic": 0.4877080023288727, "p_rf": 0.5120000243186951, "p_xgb": 0.9884385466575623, "date": "2026-01-29"}}, {"type": "Feature", "geometry": {"type": "Point", "coordinates": [-82.65833333502802, 35.67500000057]}, "properties": {"p_logistic": 0.48749643564224243, "p_rf": 0.5120000243186951, "p_xgb": 0.989933431148529, "date": "2026-01-29"}}, {"type": "Feature", "geometry": {"type": "Point", "coordinates": [-82.65000000169502, 35.67500000057]}, "properties": {"p_logistic": 0.4871852695941925, "p_rf": 0.5059999823570251, "p_xgb": 0.9896175265312195, "date": "2026-01-29"}}, {"type": "Feature", "geometry": {"type": "Point", "coordinates": [-82.64166666836202, 35.67500000057]}, "properties": {"p_logistic": 0.4869800806045532, "p_rf": 0.527999997138977, "p_xgb": 0.9896175265312195, "date": "2026-01-29"}}, {"type": "Feature", "geometry": {"type": "Point", "coordinates": [-82.63333333502902, 35.67500000057]}, "properties": {"p_logistic": 0.48748329281806946, "p_rf": 0.5519999861717224, "p_xgb": 0.9896175265312195, "date": "2026-01-29"}}, {"type": "Feature", "geometry": {"type": "Point", "coordinates": [-82.62500000169601, 35.67500000057]}, "properties": {"p_logistic": 0.48918163776397705, "p_rf": 0.5479999780654907, "p_xgb": 0.9873342514038086, "date": "2026-01-29"}}, {"type": "Feature", "geometry": {"type": "Point", "coordinates": [-82.61666666836302, 35.67500000057]}, "properties": {"p_logistic": 0.4916822910308838, "p_rf": 0.5139999985694885, "p_xgb": 0.983132541179657, "date": "2026-01-29"}}, {"type": "Feature", "geometry": {"type": "Point", "coordinates": [-82.60833333503001, 35.67500000057]}, "properties": {"p_logistic": 0.49493905901908875, "p_rf": 0.5139999985694885, "p_xgb": 0.981553316116333, "date": "2026-01-29"}}, {"type": "Feature", "geometry": {"type": "Point", "coordinates": [-82.60000000169703, 35.67500000057]}, "properties": {"p_logistic": 0.4984413981437683, "p_rf": 0.5040000081062317, "p_xgb": 0.9813869595527649, "date": "2026-01-29"}}, {"type": "Feature", "geometry": {"type": "Point", "coordinates": [-82.59166666836401, 35.67500000057]}, "properties": {"p_logistic": 0.5002647638320923, "p_rf": 0.5, "p_xgb": 0.9813869595527649, "date": "2026-01-29"}}, {"type": "Feature", "geometry": {"type": "Point", "coordinates": [-82.58333333503101, 35.67500000057]}, "properties": {"p_logistic": 0.4982045590877533, "p_rf": 0.5320000052452087, "p_xgb": 0.9846605658531189, "date": "2026-01-29"}}, {"type": "Feature", "geometry": {"type": "Point", "coordinates": [-82.57500000169802, 35.67500000057]}, "properties": {"p_logistic": 0.495439738035202, "p_rf": 0.5339999794960022, "p_xgb": 0.9905636310577393, "date": "2026-01-29"}}, {"type": "Feature", "geometry": {"type": "Point", "coordinates": [-82.56666666836502, 35.67500000057]}, "properties": {"p_logistic": 0.49351292848587036, "p_rf": 0.5559999942779541, "p_xgb": 0.9905636310577393, "date": "2026-01-29"}}, {"type": "Feature", "geometry": {"type": "Point", "coordinates": [-82.55833333503202, 35.67500000057]}, "properties": {"p_logistic": 0.4920538067817688, "p_rf": 0.5360000133514404, "p_xgb": 0.9891360998153687, "date": "2026-01-29"}}, {"type": "Feature", "geometry": {"type": "Point", "coordinates": [-82.55000000169902, 35.67500000057]}, "properties": {"p_logistic": 0.49158579111099243, "p_rf": 0.5419999957084656, "p_xgb": 0.9886045455932617, "date": "2026-01-29"}}, {"type": "Feature", "geometry": {"type": "Point", "coordinates": [-82.54166666836602, 35.67500000057]}, "properties": {"p_logistic": 0.4914480149745941, "p_rf": 0.5419999957084656, "p_xgb": 0.9893932342529297, "date": "2026-01-29"}}, {"type": "Feature", "geometry": {"type": "Point", "coordinates": [-82.53333333503302, 35.67500000057]}, "properties": {"p_logistic": 0.49147510528564453, "p_rf": 0.5559999942779541, "p_xgb": 0.9892065525054932, "date": "2026-01-29"}}, {"type": "Feature", "geometry": {"type": "Point", "coordinates": [-82.52500000170002, 35.67500000057]}, "properties": {"p_logistic": 0.4918038249015808, "p_rf": 0.5360000133514404, "p_xgb": 0.9899635910987854, "date": "2026-01-29"}}, {"type": "Feature", "geometry": {"type": "Point", "coordinates": [-82.51666666836701, 35.67500000057]}, "properties": {"p_logistic": 0.49173852801322937, "p_rf": 0.5479999780654907, "p_xgb": 0.9879887104034424, "date": "2026-01-29"}}, {"type": "Feature", "geometry": {"type": "Point", "coordinates": [-82.50833333503402, 35.67500000057]}, "properties": {"p_logistic": 0.49143216013908386, "p_rf": 0.5619999766349792, "p_xgb": 0.984329104423523, "date": "2026-01-29"}}, {"type": "Feature", "geometry": {"type": "Point", "coordinates": [-82.50000000170101, 35.67500000057]}, "properties": {"p_logistic": 0.49090248346328735, "p_rf": 0.5759999752044678, "p_xgb": 0.9831889271736145, "date": "2026-01-29"}}, {"type": "Feature", "geometry": {"type": "Point", "coordinates": [-82.49166666836803, 35.67500000057]}, "properties": {"p_logistic": 0.48975250124931335, "p_rf": 0.5820000171661377, "p_xgb": 0.9821411371231079, "date": "2026-01-29"}}, {"type": "Feature", "geometry": {"type": "Point", "coordinates": [-82.48333333503501, 35.67500000057]}, "properties": {"p_logistic": 0.4889775514602661, "p_rf": 0.5879999995231628, "p_xgb": 0.9889000654220581, "date": "2026-01-29"}}, {"type": "Feature", "geometry": {"type": "Point", "coordinates": [-82.47500000170201, 35.67500000057]}, "properties": {"p_logistic": 0.48857396841049194, "p_rf": 0.5559999942779541, "p_xgb": 0.9875155687332153, "date": "2026-01-29"}}, {"type": "Feature", "geometry": {"type": "Point", "coordinates": [-82.46666666836902, 35.67500000057]}, "properties": {"p_logistic": 0.48873770236968994, "p_rf": 0.5759999752044678, "p_xgb": 0.9910497665405273, "date": "2026-01-29"}}, {"type": "Feature", "geometry": {"type": "Point", "coordinates": [-82.45833333503602, 35.67500000057]}, "properties": {"p_logistic": 0.4896041452884674, "p_rf": 0.5680000185966492, "p_xgb": 0.9896231293678284, "date": "2026-01-29"}}, {"type": "Feature", "geometry": {"type": "Point", "coordinates": [-82.45000000170302, 35.67500000057]}, "properties": {"p_logistic": 0.4911613464355469, "p_rf": 0.5759999752044678, "p_xgb": 0.989469051361084, "date": "2026-01-29"}}, {"type": "Feature", "geometry": {"type": "Point", "coordinates": [-82.44166666837002, 35.67500000057]}, "properties": {"p_logistic": 0.492946594953537, "p_rf": 0.578000009059906, "p_xgb": 0.9887500405311584, "date": "2026-01-29"}}, {"type": "Feature", "geometry": {"type": "Point", "coordinates": [-82.43333333503702, 35.67500000057]}, "properties": {"p_logistic": 0.49578917026519775, "p_rf": 0.5860000252723694, "p_xgb": 0.9867897629737854, "date": "2026-01-29"}}, {"type": "Feature", "geometry": {"type": "Point", "coordinates": [-82.42500000170402, 35.67500000057]}, "properties": {"p_logistic": 0.4985872805118561, "p_rf": 0.6259999871253967, "p_xgb": 0.9864805936813354, "date": "2026-01-29"}}, {"type": "Feature", "geometry": {"type": "Point", "coordinates": [-82.41666666837102, 35.67500000057]}, "properties": {"p_logistic": 0.5005624890327454, "p_rf": 0.6439999938011169, "p_xgb": 0.9817668795585632, "date": "2026-01-29"}}, {"type": "Feature", "geometry": {"type": "Point", "coordinates": [-82.40833333503801, 35.67500000057]}, "properties": {"p_logistic": 0.5027347207069397, "p_rf": 0.671999990940094, "p_xgb": 0.9844255447387695, "date": "2026-01-29"}}, {"type": "Feature", "geometry": {"type": "Point", "coordinates": [-82.40000000170502, 35.67500000057]}, "properties": {"p_logistic": 0.5047264695167542, "p_rf": 0.6060000061988831, "p_xgb": 0.9730960130691528, "date": "2026-01-29"}}, {"type": "Feature", "geometry": {"type": "Point", "coordinates": [-82.39166666837201, 35.67500000057]}, "properties": {"p_logistic": 0.5053772330284119, "p_rf": 0.6119999885559082, "p_xgb": 0.967606246471405, "date": "2026-01-29"}}, {"type": "Feature", "geometry": {"type": "Point", "coordinates": [-82.38333333503903, 35.67500000057]}, "properties": {"p_logistic": 0.505603015422821, "p_rf": 0.6000000238418579, "p_xgb": 0.9375673532485962, "date": "2026-01-29"}}, {"type": "Feature", "geometry": {"type": "Point", "coordinates": [-82.37500000170601, 35.67500000057]}, "properties": {"p_logistic": 0.5060595273971558, "p_rf": 0.5979999899864197, "p_xgb": 0.9375673532485962, "date": "2026-01-29"}}, {"type": "Feature", "geometry": {"type": "Point", "coordinates": [-82.36666666837301, 35.67500000057]}, "properties": {"p_logistic": 0.5057706832885742, "p_rf": 0.593999981880188, "p_xgb": 0.968955934047699, "date": "2026-01-29"}}, {"type": "Feature", "geometry": {"type": "Point", "coordinates": [-82.35833333504002, 35.67500000057]}, "properties": {"p_logistic": 0.5043351054191589, "p_rf": 0.6620000004768372, "p_xgb": 0.9780208468437195, "date": "2026-01-29"}}, {"type": "Feature", "geometry": {"type": "Point", "coordinates": [-82.35000000170702, 35.67500000057]}, "properties": {"p_logistic": 0.5032249093055725, "p_rf": 0.6520000100135803, "p_xgb": 0.986943244934082, "date": "2026-01-29"}}, {"type": "Feature", "geometry": {"type": "Point", "coordinates": [-82.34166666837402, 35.67500000057]}, "properties": {"p_logistic": 0.5021316409111023, "p_rf": 0.6499999761581421, "p_xgb": 0.9861496686935425, "date": "2026-01-29"}}, {"type": "Feature", "geometry": {"type": "Point", "coordinates": [-82.33333333504102, 35.67500000057]}, "properties": {"p_logistic": 0.5018895864486694, "p_rf": 0.6439999938011169, "p_xgb": 0.9864243865013123, "date": "2026-01-29"}}, {"type": "Feature", "geometry": {"type": "Point", "coordinates": [-82.32500000170802, 35.67500000057]}, "properties": {"p_logistic": 0.5023214221000671, "p_rf": 0.6480000019073486, "p_xgb": 0.9898878931999207, "date": "2026-01-29"}}, {"type": "Feature", "geometry": {"type": "Point", "coordinates": [-82.31666666837502, 35.67500000057]}, "properties": {"p_logistic": 0.5033805966377258, "p_rf": 0.6620000004768372, "p_xgb": 0.9958221912384033, "date": "2026-01-29"}}, {"type": "Feature", "geometry": {"type": "Point", "coordinates": [-82.30833333504202, 35.67500000057]}, "properties": {"p_logistic": 0.5046343207359314, "p_rf": 0.7239999771118164, "p_xgb": 0.9959532022476196, "date": "2026-01-29"}}, {"type": "Feature", "geometry": {"type": "Point", "coordinates": [-82.30000000170901, 35.67500000057]}, "properties": {"p_logistic": 0.505717396736145, "p_rf": 0.7039999961853027, "p_xgb": 0.9951604008674622, "date": "2026-01-29"}}, {"type": "Feature", "geometry": {"type": "Point", "coordinates": [-82.29166666837602, 35.67500000057]}, "properties": {"p_logistic": 0.5070102214813232, "p_rf": 0.6679999828338623, "p_xgb": 0.9931708574295044, "date": "2026-01-29"}}, {"type": "Feature", "geometry": {"type": "Point", "coordinates": [-82.87500000168602, 35.666666667237]}, "properties": {"p_logistic": 0.46604225039482117, "p_rf": 0.5260000228881836, "p_xgb": 0.9747275710105896, "date": "2026-01-29"}}, {"type": "Feature", "geometry": {"type": "Point", "coordinates": [-82.86666666835302, 35.666666667237]}, "properties": {"p_logistic": 0.4683888256549835, "p_rf": 0.5260000228881836, "p_xgb": 0.9832010269165039, "date": "2026-01-29"}}, {"type": "Feature", "geometry": {"type": "Point", "coordinates": [-82.85833333502002, 35.666666667237]}, "properties": {"p_logistic": 0.471363365650177, "p_rf": 0.550000011920929, "p_xgb": 0.983925461769104, "date": "2026-01-29"}}, {"type": "Feature", "geometry": {"type": "Point", "coordinates": [-82.85000000168702, 35.666666667237]}, "properties": {"p_logistic": 0.47410768270492554, "p_rf": 0.578000009059906, "p_xgb": 0.9861136078834534, "date": "2026-01-29"}}, {"type": "Feature", "geometry": {"type": "Point", "coordinates": [-82.84166666835401, 35.666666667237]}, "properties": {"p_logistic": 0.4769345819950104, "p_rf": 0.6259999871253967, "p_xgb": 0.9924160242080688, "date": "2026-01-29"}}, {"type": "Feature", "geometry": {"type": "Point", "coordinates": [-82.83333333502102, 35.666666667237]}, "properties": {"p_logistic": 0.4798503816127777, "p_rf": 0.6119999885559082, "p_xgb": 0.9919942617416382, "date": "2026-01-29"}}, {"type": "Feature", "geometry": {"type": "Point", "coordinates": [-82.82500000168801, 35.666666667237]}, "properties": {"p_logistic": 0.4818226099014282, "p_rf": 0.5860000252723694, "p_xgb": 0.989663302898407, "date": "2026-01-29"}}, {"type": "Feature", "geometry": {"type": "Point", "coordinates": [-82.81666666835503, 35.666666667237]}, "properties": {"p_logistic": 0.48304542899131775, "p_rf": 0.5839999914169312, "p_xgb": 0.9898470044136047, "date": "2026-01-29"}}, {"type": "Feature", "geometry": {"type": "Point", "coordinates": [-82.80833333502201, 35.666666667237]}, "properties": {"p_logistic": 0.4838900864124298, "p_rf": 0.5839999914169312, "p_xgb": 0.990546464920044, "date": "2026-01-29"}}, {"type": "Feature", "geometry": {"type": "Point", "coordinates": [-82.80000000168901, 35.666666667237]}, "properties": {"p_logistic": 0.4843776822090149, "p_rf": 0.5799999833106995, "p_xgb": 0.9893397688865662, "date": "2026-01-29"}}, {"type": "Feature", "geometry": {"type": "Point", "coordinates": [-82.79166666835602, 35.666666667237]}, "properties": {"p_logistic": 0.4847128391265869, "p_rf": 0.5839999914169312, "p_xgb": 0.9825925827026367, "date": "2026-01-29"}}, {"type": "Feature", "geometry": {"type": "Point", "coordinates": [-82.78333333502302, 35.666666667237]}, "properties": {"p_logistic": 0.48464062809944153, "p_rf": 0.5839999914169312, "p_xgb": 0.9834376573562622, "date": "2026-01-29"}}, {"type": "Feature", "geometry": {"type": "Point", "coordinates": [-82.77500000169002, 35.666666667237]}, "properties": {"p_logistic": 0.48458340764045715, "p_rf": 0.5860000252723694, "p_xgb": 0.9834376573562622, "date": "2026-01-29"}}, {"type": "Feature", "geometry": {"type": "Point", "coordinates": [-82.76666666835702, 35.666666667237]}, "properties": {"p_logistic": 0.48438024520874023, "p_rf": 0.578000009059906, "p_xgb": 0.9818102121353149, "date": "2026-01-29"}}, {"type": "Feature", "geometry": {"type": "Point", "coordinates": [-82.75833333502402, 35.666666667237]}, "properties": {"p_logistic": 0.48410308361053467, "p_rf": 0.5659999847412109, "p_xgb": 0.9818102121353149, "date": "2026-01-29"}}, {"type": "Feature", "geometry": {"type": "Point", "coordinates": [-82.75000000169102, 35.666666667237]}, "properties": {"p_logistic": 0.48389822244644165, "p_rf": 0.49000000953674316, "p_xgb": 0.9818102121353149, "date": "2026-01-29"}}, {"type": "Feature", "geometry": {"type": "Point", "coordinates": [-82.74166666835802, 35.666666667237]}, "properties": {"p_logistic": 0.48387694358825684, "p_rf": 0.49399998784065247, "p_xgb": 0.982901930809021, "date": "2026-01-29"}}, {"type": "Feature", "geometry": {"type": "Point", "coordinates": [-82.73333333502501, 35.666666667237]}, "properties": {"p_logistic": 0.48405078053474426, "p_rf": 0.4959999918937683, "p_xgb": 0.9878292083740234, "date": "2026-01-29"}}, {"type": "Feature", "geometry": {"type": "Point", "coordinates": [-82.72500000169202, 35.666666667237]}, "properties": {"p_logistic": 0.4843862056732178, "p_rf": 0.5099999904632568, "p_xgb": 0.9878292083740234, "date": "2026-01-29"}}, {"type": "Feature", "geometry": {"type": "Point", "coordinates": [-82.71666666835901, 35.666666667237]}, "properties": {"p_logistic": 0.4846532940864563, "p_rf": 0.5040000081062317, "p_xgb": 0.9883964657783508, "date": "2026-01-29"}}, {"type": "Feature", "geometry": {"type": "Point", "coordinates": [-82.70833333502603, 35.666666667237]}, "properties": {"p_logistic": 0.48508888483047485, "p_rf": 0.5040000081062317, "p_xgb": 0.9883964657783508, "date": "2026-01-29"}}, {"type": "Feature", "geometry": {"type": "Point", "coordinates": [-82.70000000169301, 35.666666667237]}, "properties": {"p_logistic": 0.4855971336364746, "p_rf": 0.5, "p_xgb": 0.9884385466575623, "date": "2026-01-29"}}, {"type": "Feature", "geometry": {"type": "Point", "coordinates": [-82.69166666836001, 35.666666667237]}, "properties": {"p_logistic": 0.48718658089637756, "p_rf": 0.5, "p_xgb": 0.9883334636688232, "date": "2026-01-29"}}, {"type": "Feature", "geometry": {"type": "Point", "coordinates": [-82.68333333502702, 35.666666667237]}, "properties": {"p_logistic": 0.48781269788742065, "p_rf": 0.5019999742507935, "p_xgb": 0.9883334636688232, "date": "2026-01-29"}}, {"type": "Feature", "geometry": {"type": "Point", "coordinates": [-82.67500000169402, 35.666666667237]}, "properties": {"p_logistic": 0.48825985193252563, "p_rf": 0.5, "p_xgb": 0.9883334636688232, "date": "2026-01-29"}}, {"type": "Feature", "geometry": {"type": "Point", "coordinates": [-82.66666666836102, 35.666666667237]}, "properties": {"p_logistic": 0.4882826805114746, "p_rf": 0.5019999742507935, "p_xgb": 0.9883334636688232, "date": "2026-01-29"}}, {"type": "Feature", "geometry": {"type": "Point", "coordinates": [-82.65833333502802, 35.666666667237]}, "properties": {"p_logistic": 0.48838868737220764, "p_rf": 0.5019999742507935, "p_xgb": 0.9883334636688232, "date": "2026-01-29"}}, {"type": "Feature", "geometry": {"type": "Point", "coordinates": [-82.65000000169502, 35.666666667237]}, "properties": {"p_logistic": 0.487906813621521, "p_rf": 0.5040000081062317, "p_xgb": 0.9884385466575623, "date": "2026-01-29"}}, {"type": "Feature", "geometry": {"type": "Point", "coordinates": [-82.64166666836202, 35.666666667237]}, "properties": {"p_logistic": 0.4874364733695984, "p_rf": 0.5, "p_xgb": 0.9906269311904907, "date": "2026-01-29"}}, {"type": "Feature", "geometry": {"type": "Point", "coordinates": [-82.63333333502902, 35.666666667237]}, "properties": {"p_logistic": 0.4876483082771301, "p_rf": 0.49799999594688416, "p_xgb": 0.9896175265312195, "date": "2026-01-29"}}, {"type": "Feature", "geometry": {"type": "Point", "coordinates": [-82.62500000169601, 35.666666667237]}, "properties": {"p_logistic": 0.48949339985847473, "p_rf": 0.5, "p_xgb": 0.9873342514038086, "date": "2026-01-29"}}, {"type": "Feature", "geometry": {"type": "Point", "coordinates": [-82.61666666836302, 35.666666667237]}, "properties": {"p_logistic": 0.491880863904953, "p_rf": 0.5059999823570251, "p_xgb": 0.9861428141593933, "date": "2026-01-29"}}, {"type": "Feature", "geometry": {"type": "Point", "coordinates": [-82.60833333503001, 35.666666667237]}, "properties": {"p_logistic": 0.4948788583278656, "p_rf": 0.5099999904632568, "p_xgb": 0.9813869595527649, "date": "2026-01-29"}}, {"type": "Feature", "geometry": {"type": "Point", "coordinates": [-82.60000000169703, 35.666666667237]}, "properties": {"p_logistic": 0.49811723828315735, "p_rf": 0.5059999823570251, "p_xgb": 0.9813869595527649, "date": "2026-01-29"}}, {"type": "Feature", "geometry": {"type": "Point", "coordinates": [-82.59166666836401, 35.666666667237]}, "properties": {"p_logistic": 0.4994814097881317, "p_rf": 0.5059999823570251, "p_xgb": 0.9813869595527649, "date": "2026-01-29"}}, {"type": "Feature", "geometry": {"type": "Point", "coordinates": [-82.58333333503101, 35.666666667237]}, "properties": {"p_logistic": 0.49857303500175476, "p_rf": 0.5580000281333923, "p_xgb": 0.9910592436790466, "date": "2026-01-29"}}, {"type": "Feature", "geometry": {"type": "Point", "coordinates": [-82.57500000169802, 35.666666667237]}, "properties": {"p_logistic": 0.4958474934101105, "p_rf": 0.5740000009536743, "p_xgb": 0.9916793704032898, "date": "2026-01-29"}}, {"type": "Feature", "geometry": {"type": "Point", "coordinates": [-82.56666666836502, 35.666666667237]}, "properties": {"p_logistic": 0.4934125244617462, "p_rf": 0.5659999847412109, "p_xgb": 0.9898883700370789, "date": "2026-01-29"}}, {"type": "Feature", "geometry": {"type": "Point", "coordinates": [-82.55833333503202, 35.666666667237]}, "properties": {"p_logistic": 0.4923417270183563, "p_rf": 0.5559999942779541, "p_xgb": 0.9893932342529297, "date": "2026-01-29"}}, {"type": "Feature", "geometry": {"type": "Point", "coordinates": [-82.55000000169902, 35.666666667237]}, "properties": {"p_logistic": 0.4916197657585144, "p_rf": 0.5479999780654907, "p_xgb": 0.9893932342529297, "date": "2026-01-29"}}, {"type": "Feature", "geometry": {"type": "Point", "coordinates": [-82.54166666836602, 35.666666667237]}, "properties": {"p_logistic": 0.49135473370552063, "p_rf": 0.5559999942779541, "p_xgb": 0.9892065525054932, "date": "2026-01-29"}}, {"type": "Feature", "geometry": {"type": "Point", "coordinates": [-82.53333333503302, 35.666666667237]}, "properties": {"p_logistic": 0.49136409163475037, "p_rf": 0.5400000214576721, "p_xgb": 0.9899635910987854, "date": "2026-01-29"}}, {"type": "Feature", "geometry": {"type": "Point", "coordinates": [-82.52500000170002, 35.666666667237]}, "properties": {"p_logistic": 0.4916921854019165, "p_rf": 0.550000011920929, "p_xgb": 0.9879887104034424, "date": "2026-01-29"}}, {"type": "Feature", "geometry": {"type": "Point", "coordinates": [-82.51666666836701, 35.666666667237]}, "properties": {"p_logistic": 0.49144572019577026, "p_rf": 0.5299999713897705, "p_xgb": 0.9825283288955688, "date": "2026-01-29"}}, {"type": "Feature", "geometry": {"type": "Point", "coordinates": [-82.50833333503402, 35.666666667237]}, "properties": {"p_logistic": 0.4915318787097931, "p_rf": 0.593999981880188, "p_xgb": 0.9834908843040466, "date": "2026-01-29"}}, {"type": "Feature", "geometry": {"type": "Point", "coordinates": [-82.50000000170101, 35.666666667237]}, "properties": {"p_logistic": 0.4907780885696411, "p_rf": 0.6159999966621399, "p_xgb": 0.9784641265869141, "date": "2026-01-29"}}, {"type": "Feature", "geometry": {"type": "Point", "coordinates": [-82.49166666836803, 35.666666667237]}, "properties": {"p_logistic": 0.4902855157852173, "p_rf": 0.6000000238418579, "p_xgb": 0.9882318377494812, "date": "2026-01-29"}}, {"type": "Feature", "geometry": {"type": "Point", "coordinates": [-82.48333333503501, 35.666666667237]}, "properties": {"p_logistic": 0.4899768829345703, "p_rf": 0.6140000224113464, "p_xgb": 0.9875155687332153, "date": "2026-01-29"}}, {"type": "Feature", "geometry": {"type": "Point", "coordinates": [-82.47500000170201, 35.666666667237]}, "properties": {"p_logistic": 0.4900720715522766, "p_rf": 0.6320000290870667, "p_xgb": 0.9876362681388855, "date": "2026-01-29"}}, {"type": "Feature", "geometry": {"type": "Point", "coordinates": [-82.46666666836902, 35.666666667237]}, "properties": {"p_logistic": 0.4906964600086212, "p_rf": 0.578000009059906, "p_xgb": 0.9906823635101318, "date": "2026-01-29"}}, {"type": "Feature", "geometry": {"type": "Point", "coordinates": [-82.45833333503602, 35.666666667237]}, "properties": {"p_logistic": 0.4918329119682312, "p_rf": 0.578000009059906, "p_xgb": 0.9896231293678284, "date": "2026-01-29"}}, {"type": "Feature", "geometry": {"type": "Point", "coordinates": [-82.45000000170302, 35.666666667237]}, "properties": {"p_logistic": 0.4936571717262268, "p_rf": 0.578000009059906, "p_xgb": 0.9887500405311584, "date": "2026-01-29"}}, {"type": "Feature", "geometry": {"type": "Point", "coordinates": [-82.44166666837002, 35.666666667237]}, "properties": {"p_logistic": 0.49663233757019043, "p_rf": 0.6200000047683716, "p_xgb": 0.9867897629737854, "date": "2026-01-29"}}, {"type": "Feature", "geometry": {"type": "Point", "coordinates": [-82.43333333503702, 35.666666667237]}, "properties": {"p_logistic": 0.4992507994174957, "p_rf": 0.6159999966621399, "p_xgb": 0.9867897629737854, "date": "2026-01-29"}}, {"type": "Feature", "geometry": {"type": "Point", "coordinates": [-82.42500000170402, 35.666666667237]}, "properties": {"p_logistic": 0.5015379786491394, "p_rf": 0.6439999938011169, "p_xgb": 0.9832159876823425, "date": "2026-01-29"}}, {"type": "Feature", "geometry": {"type": "Point", "coordinates": [-82.41666666837102, 35.666666667237]}, "properties": {"p_logistic": 0.5041961073875427, "p_rf": 0.6660000085830688, "p_xgb": 0.9846082329750061, "date": "2026-01-29"}}, {"type": "Feature", "geometry": {"type": "Point", "coordinates": [-82.40833333503801, 35.666666667237]}, "properties": {"p_logistic": 0.5060514807701111, "p_rf": 0.6800000071525574, "p_xgb": 0.9866024255752563, "date": "2026-01-29"}}, {"type": "Feature", "geometry": {"type": "Point", "coordinates": [-82.40000000170502, 35.666666667237]}, "properties": {"p_logistic": 0.5075495839118958, "p_rf": 0.6119999885559082, "p_xgb": 0.9684754610061646, "date": "2026-01-29"}}, {"type": "Feature", "geometry": {"type": "Point", "coordinates": [-82.39166666837201, 35.666666667237]}, "properties": {"p_logistic": 0.5071864128112793, "p_rf": 0.5979999899864197, "p_xgb": 0.9418958425521851, "date": "2026-01-29"}}, {"type": "Feature", "geometry": {"type": "Point", "coordinates": [-82.38333333503903, 35.666666667237]}, "properties": {"p_logistic": 0.5070884227752686, "p_rf": 0.6000000238418579, "p_xgb": 0.9375673532485962, "date": "2026-01-29"}}, {"type": "Feature", "geometry": {"type": "Point", "coordinates": [-82.37500000170601, 35.666666667237]}, "properties": {"p_logistic": 0.5071693062782288, "p_rf": 0.5960000157356262, "p_xgb": 0.938763439655304, "date": "2026-01-29"}}, {"type": "Feature", "geometry": {"type": "Point", "coordinates": [-82.36666666837301, 35.666666667237]}, "properties": {"p_logistic": 0.5069397687911987, "p_rf": 0.5899999737739563, "p_xgb": 0.9701734781265259, "date": "2026-01-29"}}, {"type": "Feature", "geometry": {"type": "Point", "coordinates": [-82.35833333504002, 35.666666667237]}, "properties": {"p_logistic": 0.505626380443573, "p_rf": 0.6420000195503235, "p_xgb": 0.9780208468437195, "date": "2026-01-29"}}, {"type": "Feature", "geometry": {"type": "Point", "coordinates": [-82.35000000170702, 35.666666667237]}, "properties": {"p_logistic": 0.5040849447250366, "p_rf": 0.6620000004768372, "p_xgb": 0.9797685742378235, "date": "2026-01-29"}}, {"type": "Feature", "geometry": {"type": "Point", "coordinates": [-82.34166666837402, 35.666666667237]}, "properties": {"p_logistic": 0.5027411580085754, "p_rf": 0.6539999842643738, "p_xgb": 0.9797685742378235, "date": "2026-01-29"}}, {"type": "Feature", "geometry": {"type": "Point", "coordinates": [-82.33333333504102, 35.666666667237]}, "properties": {"p_logistic": 0.5020655393600464, "p_rf": 0.6600000262260437, "p_xgb": 0.9864243865013123, "date": "2026-01-29"}}, {"type": "Feature", "geometry": {"type": "Point", "coordinates": [-82.32500000170802, 35.666666667237]}, "properties": {"p_logistic": 0.5018838047981262, "p_rf": 0.6520000100135803, "p_xgb": 0.9898878931999207, "date": "2026-01-29"}}, {"type": "Feature", "geometry": {"type": "Point", "coordinates": [-82.31666666837502, 35.666666667237]}, "properties": {"p_logistic": 0.5026896595954895, "p_rf": 0.6660000085830688, "p_xgb": 0.9958392381668091, "date": "2026-01-29"}}, {"type": "Feature", "geometry": {"type": "Point", "coordinates": [-82.30833333504202, 35.666666667237]}, "properties": {"p_logistic": 0.5037446618080139, "p_rf": 0.7239999771118164, "p_xgb": 0.9959532022476196, "date": "2026-01-29"}}, {"type": "Feature", "geometry": {"type": "Point", "coordinates": [-82.30000000170901, 35.666666667237]}, "properties": {"p_logistic": 0.5049912333488464, "p_rf": 0.7160000205039978, "p_xgb": 0.994967520236969, "date": "2026-01-29"}}, {"type": "Feature", "geometry": {"type": "Point", "coordinates": [-82.29166666837602, 35.666666667237]}, "properties": {"p_logistic": 0.5065248608589172, "p_rf": 0.6759999990463257, "p_xgb": 0.9940673112869263, "date": "2026-01-29"}}, {"type": "Feature", "geometry": {"type": "Point", "coordinates": [-82.28333333504301, 35.666666667237]}, "properties": {"p_logistic": 0.5089129209518433, "p_rf": 0.6340000033378601, "p_xgb": 0.9876528978347778, "date": "2026-01-29"}}, {"type": "Feature", "geometry": {"type": "Point", "coordinates": [-82.86666666835302, 35.658333333904004]}, "properties": {"p_logistic": 0.46926918625831604, "p_rf": 0.5400000214576721, "p_xgb": 0.9832137823104858, "date": "2026-01-29"}}, {"type": "Feature", "geometry": {"type": "Point", "coordinates": [-82.85833333502002, 35.658333333904004]}, "properties": {"p_logistic": 0.4717399775981903, "p_rf": 0.5600000023841858, "p_xgb": 0.983925461769104, "date": "2026-01-29"}}, {"type": "Feature", "geometry": {"type": "Point", "coordinates": [-82.85000000168702, 35.658333333904004]}, "properties": {"p_logistic": 0.4744817912578583, "p_rf": 0.628000020980835, "p_xgb": 0.9943240880966187, "date": "2026-01-29"}}, {"type": "Feature", "geometry": {"type": "Point", "coordinates": [-82.84166666835401, 35.658333333904004]}, "properties": {"p_logistic": 0.4772447943687439, "p_rf": 0.6880000233650208, "p_xgb": 0.9916969537734985, "date": "2026-01-29"}}, {"type": "Feature", "geometry": {"type": "Point", "coordinates": [-82.83333333502102, 35.658333333904004]}, "properties": {"p_logistic": 0.47965699434280396, "p_rf": 0.6259999871253967, "p_xgb": 0.9919942617416382, "date": "2026-01-29"}}, {"type": "Feature", "geometry": {"type": "Point", "coordinates": [-82.82500000168801, 35.658333333904004]}, "properties": {"p_logistic": 0.481289267539978, "p_rf": 0.5920000076293945, "p_xgb": 0.9898470044136047, "date": "2026-01-29"}}, {"type": "Feature", "geometry": {"type": "Point", "coordinates": [-82.81666666835503, 35.658333333904004]}, "properties": {"p_logistic": 0.48229101300239563, "p_rf": 0.5799999833106995, "p_xgb": 0.9898470044136047, "date": "2026-01-29"}}, {"type": "Feature", "geometry": {"type": "Point", "coordinates": [-82.80833333502201, 35.658333333904004]}, "properties": {"p_logistic": 0.4829999804496765, "p_rf": 0.5799999833106995, "p_xgb": 0.9898470044136047, "date": "2026-01-29"}}, {"type": "Feature", "geometry": {"type": "Point", "coordinates": [-82.80000000168901, 35.658333333904004]}, "properties": {"p_logistic": 0.48368990421295166, "p_rf": 0.5740000009536743, "p_xgb": 0.9888893365859985, "date": "2026-01-29"}}, {"type": "Feature", "geometry": {"type": "Point", "coordinates": [-82.79166666835602, 35.658333333904004]}, "properties": {"p_logistic": 0.4840793311595917, "p_rf": 0.5740000009536743, "p_xgb": 0.9888893365859985, "date": "2026-01-29"}}, {"type": "Feature", "geometry": {"type": "Point", "coordinates": [-82.78333333502302, 35.658333333904004]}, "properties": {"p_logistic": 0.4842062294483185, "p_rf": 0.5740000009536743, "p_xgb": 0.9887884259223938, "date": "2026-01-29"}}, {"type": "Feature", "geometry": {"type": "Point", "coordinates": [-82.77500000169002, 35.658333333904004]}, "properties": {"p_logistic": 0.4841936528682709, "p_rf": 0.578000009059906, "p_xgb": 0.9887884259223938, "date": "2026-01-29"}}, {"type": "Feature", "geometry": {"type": "Point", "coordinates": [-82.76666666835702, 35.658333333904004]}, "properties": {"p_logistic": 0.48422789573669434, "p_rf": 0.5799999833106995, "p_xgb": 0.9832878708839417, "date": "2026-01-29"}}, {"type": "Feature", "geometry": {"type": "Point", "coordinates": [-82.75833333502402, 35.658333333904004]}, "properties": {"p_logistic": 0.4842758774757385, "p_rf": 0.5720000267028809, "p_xgb": 0.9816460013389587, "date": "2026-01-29"}}, {"type": "Feature", "geometry": {"type": "Point", "coordinates": [-82.75000000169102, 35.658333333904004]}, "properties": {"p_logistic": 0.48437824845314026, "p_rf": 0.5339999794960022, "p_xgb": 0.9816460013389587, "date": "2026-01-29"}}, {"type": "Feature", "geometry": {"type": "Point", "coordinates": [-82.74166666835802, 35.658333333904004]}, "properties": {"p_logistic": 0.4846053719520569, "p_rf": 0.492000013589859, "p_xgb": 0.9811328053474426, "date": "2026-01-29"}}, {"type": "Feature", "geometry": {"type": "Point", "coordinates": [-82.73333333502501, 35.658333333904004]}, "properties": {"p_logistic": 0.4851280450820923, "p_rf": 0.4959999918937683, "p_xgb": 0.9811328053474426, "date": "2026-01-29"}}, {"type": "Feature", "geometry": {"type": "Point", "coordinates": [-82.72500000169202, 35.658333333904004]}, "properties": {"p_logistic": 0.4857009947299957, "p_rf": 0.49799999594688416, "p_xgb": 0.986562967300415, "date": "2026-01-29"}}, {"type": "Feature", "geometry": {"type": "Point", "coordinates": [-82.71666666835901, 35.658333333904004]}, "properties": {"p_logistic": 0.4860280752182007, "p_rf": 0.5139999985694885, "p_xgb": 0.986562967300415, "date": "2026-01-29"}}, {"type": "Feature", "geometry": {"type": "Point", "coordinates": [-82.70833333502603, 35.658333333904004]}, "properties": {"p_logistic": 0.4865564703941345, "p_rf": 0.515999972820282, "p_xgb": 0.986562967300415, "date": "2026-01-29"}}, {"type": "Feature", "geometry": {"type": "Point", "coordinates": [-82.70000000169301, 35.658333333904004]}, "properties": {"p_logistic": 0.4875093996524811, "p_rf": 0.5080000162124634, "p_xgb": 0.986562967300415, "date": "2026-01-29"}}, {"type": "Feature", "geometry": {"type": "Point", "coordinates": [-82.69166666836001, 35.658333333904004]}, "properties": {"p_logistic": 0.48799052834510803, "p_rf": 0.5080000162124634, "p_xgb": 0.986562967300415, "date": "2026-01-29"}}, {"type": "Feature", "geometry": {"type": "Point", "coordinates": [-82.68333333502702, 35.658333333904004]}, "properties": {"p_logistic": 0.4886321723461151, "p_rf": 0.5120000243186951, "p_xgb": 0.986562967300415, "date": "2026-01-29"}}, {"type": "Feature", "geometry": {"type": "Point", "coordinates": [-82.67500000169402, 35.658333333904004]}, "properties": {"p_logistic": 0.4890754818916321, "p_rf": 0.5120000243186951, "p_xgb": 0.9877632260322571, "date": "2026-01-29"}}, {"type": "Feature", "geometry": {"type": "Point", "coordinates": [-82.66666666836102, 35.658333333904004]}, "properties": {"p_logistic": 0.48946818709373474, "p_rf": 0.5080000162124634, "p_xgb": 0.9877632260322571, "date": "2026-01-29"}}, {"type": "Feature", "geometry": {"type": "Point", "coordinates": [-82.65833333502802, 35.658333333904004]}, "properties": {"p_logistic": 0.4893394708633423, "p_rf": 0.5099999904632568, "p_xgb": 0.9883334636688232, "date": "2026-01-29"}}, {"type": "Feature", "geometry": {"type": "Point", "coordinates": [-82.65000000169502, 35.658333333904004]}, "properties": {"p_logistic": 0.4890090823173523, "p_rf": 0.5099999904632568, "p_xgb": 0.9883334636688232, "date": "2026-01-29"}}, {"type": "Feature", "geometry": {"type": "Point", "coordinates": [-82.64166666836202, 35.658333333904004]}, "properties": {"p_logistic": 0.48854294419288635, "p_rf": 0.5080000162124634, "p_xgb": 0.9883334636688232, "date": "2026-01-29"}}, {"type": "Feature", "geometry": {"type": "Point", "coordinates": [-82.63333333502902, 35.658333333904004]}, "properties": {"p_logistic": 0.48896607756614685, "p_rf": 0.5080000162124634, "p_xgb": 0.9883334636688232, "date": "2026-01-29"}}, {"type": "Feature", "geometry": {"type": "Point", "coordinates": [-82.62500000169601, 35.658333333904004]}, "properties": {"p_logistic": 0.48997923731803894, "p_rf": 0.5059999823570251, "p_xgb": 0.9885352253913879, "date": "2026-01-29"}}, {"type": "Feature", "geometry": {"type": "Point", "coordinates": [-82.61666666836302, 35.658333333904004]}, "properties": {"p_logistic": 0.4919147491455078, "p_rf": 0.5080000162124634, "p_xgb": 0.9885352253913879, "date": "2026-01-29"}}, {"type": "Feature", "geometry": {"type": "Point", "coordinates": [-82.60833333503001, 35.658333333904004]}, "properties": {"p_logistic": 0.49452778697013855, "p_rf": 0.5180000066757202, "p_xgb": 0.9860172867774963, "date": "2026-01-29"}}, {"type": "Feature", "geometry": {"type": "Point", "coordinates": [-82.60000000169703, 35.658333333904004]}, "properties": {"p_logistic": 0.49656400084495544, "p_rf": 0.5120000243186951, "p_xgb": 0.9885352253913879, "date": "2026-01-29"}}, {"type": "Feature", "geometry": {"type": "Point", "coordinates": [-82.59166666836401, 35.658333333904004]}, "properties": {"p_logistic": 0.49748244881629944, "p_rf": 0.5419999957084656, "p_xgb": 0.9898883700370789, "date": "2026-01-29"}}, {"type": "Feature", "geometry": {"type": "Point", "coordinates": [-82.58333333503101, 35.658333333904004]}, "properties": {"p_logistic": 0.49591249227523804, "p_rf": 0.5740000009536743, "p_xgb": 0.9898883700370789, "date": "2026-01-29"}}, {"type": "Feature", "geometry": {"type": "Point", "coordinates": [-82.57500000169802, 35.658333333904004]}, "properties": {"p_logistic": 0.4936439096927643, "p_rf": 0.578000009059906, "p_xgb": 0.9911549091339111, "date": "2026-01-29"}}, {"type": "Feature", "geometry": {"type": "Point", "coordinates": [-82.56666666836502, 35.658333333904004]}, "properties": {"p_logistic": 0.491976261138916, "p_rf": 0.550000011920929, "p_xgb": 0.9892521500587463, "date": "2026-01-29"}}, {"type": "Feature", "geometry": {"type": "Point", "coordinates": [-82.55833333503202, 35.658333333904004]}, "properties": {"p_logistic": 0.4911583662033081, "p_rf": 0.550000011920929, "p_xgb": 0.9899539947509766, "date": "2026-01-29"}}, {"type": "Feature", "geometry": {"type": "Point", "coordinates": [-82.55000000169902, 35.658333333904004]}, "properties": {"p_logistic": 0.49131664633750916, "p_rf": 0.550000011920929, "p_xgb": 0.9894562363624573, "date": "2026-01-29"}}, {"type": "Feature", "geometry": {"type": "Point", "coordinates": [-82.54166666836602, 35.658333333904004]}, "properties": {"p_logistic": 0.4913657307624817, "p_rf": 0.5400000214576721, "p_xgb": 0.9894562363624573, "date": "2026-01-29"}}, {"type": "Feature", "geometry": {"type": "Point", "coordinates": [-82.53333333503302, 35.658333333904004]}, "properties": {"p_logistic": 0.4914417266845703, "p_rf": 0.5400000214576721, "p_xgb": 0.9879887104034424, "date": "2026-01-29"}}, {"type": "Feature", "geometry": {"type": "Point", "coordinates": [-82.52500000170002, 35.658333333904004]}, "properties": {"p_logistic": 0.492021381855011, "p_rf": 0.5260000228881836, "p_xgb": 0.9879196882247925, "date": "2026-01-29"}}, {"type": "Feature", "geometry": {"type": "Point", "coordinates": [-82.51666666836701, 35.658333333904004]}, "properties": {"p_logistic": 0.4918724298477173, "p_rf": 0.6100000143051147, "p_xgb": 0.9831151366233826, "date": "2026-01-29"}}, {"type": "Feature", "geometry": {"type": "Point", "coordinates": [-82.50833333503402, 35.658333333904004]}, "properties": {"p_logistic": 0.49228546023368835, "p_rf": 0.6259999871253967, "p_xgb": 0.9821304678916931, "date": "2026-01-29"}}, {"type": "Feature", "geometry": {"type": "Point", "coordinates": [-82.50000000170101, 35.658333333904004]}, "properties": {"p_logistic": 0.49245592951774597, "p_rf": 0.6200000047683716, "p_xgb": 0.9816213250160217, "date": "2026-01-29"}}, {"type": "Feature", "geometry": {"type": "Point", "coordinates": [-82.49166666836803, 35.658333333904004]}, "properties": {"p_logistic": 0.4927147924900055, "p_rf": 0.6159999966621399, "p_xgb": 0.9899717569351196, "date": "2026-01-29"}}, {"type": "Feature", "geometry": {"type": "Point", "coordinates": [-82.48333333503501, 35.658333333904004]}, "properties": {"p_logistic": 0.49224191904067993, "p_rf": 0.6140000224113464, "p_xgb": 0.9871305823326111, "date": "2026-01-29"}}, {"type": "Feature", "geometry": {"type": "Point", "coordinates": [-82.47500000170201, 35.658333333904004]}, "properties": {"p_logistic": 0.4924714267253876, "p_rf": 0.6200000047683716, "p_xgb": 0.9871305823326111, "date": "2026-01-29"}}, {"type": "Feature", "geometry": {"type": "Point", "coordinates": [-82.46666666836902, 35.658333333904004]}, "properties": {"p_logistic": 0.49355843663215637, "p_rf": 0.6200000047683716, "p_xgb": 0.9852684140205383, "date": "2026-01-29"}}, {"type": "Feature", "geometry": {"type": "Point", "coordinates": [-82.45833333503602, 35.658333333904004]}, "properties": {"p_logistic": 0.4954196512699127, "p_rf": 0.6179999709129333, "p_xgb": 0.9844732284545898, "date": "2026-01-29"}}, {"type": "Feature", "geometry": {"type": "Point", "coordinates": [-82.45000000170302, 35.658333333904004]}, "properties": {"p_logistic": 0.49801942706108093, "p_rf": 0.6240000128746033, "p_xgb": 0.980664849281311, "date": "2026-01-29"}}, {"type": "Feature", "geometry": {"type": "Point", "coordinates": [-82.44166666837002, 35.658333333904004]}, "properties": {"p_logistic": 0.500907838344574, "p_rf": 0.6399999856948853, "p_xgb": 0.980664849281311, "date": "2026-01-29"}}, {"type": "Feature", "geometry": {"type": "Point", "coordinates": [-82.43333333503702, 35.658333333904004]}, "properties": {"p_logistic": 0.5040989518165588, "p_rf": 0.6620000004768372, "p_xgb": 0.9855914115905762, "date": "2026-01-29"}}, {"type": "Feature", "geometry": {"type": "Point", "coordinates": [-82.42500000170402, 35.658333333904004]}, "properties": {"p_logistic": 0.5063169598579407, "p_rf": 0.6759999990463257, "p_xgb": 0.9871992468833923, "date": "2026-01-29"}}, {"type": "Feature", "geometry": {"type": "Point", "coordinates": [-82.41666666837102, 35.658333333904004]}, "properties": {"p_logistic": 0.5084072351455688, "p_rf": 0.6899999976158142, "p_xgb": 0.9849634766578674, "date": "2026-01-29"}}, {"type": "Feature", "geometry": {"type": "Point", "coordinates": [-82.40833333503801, 35.658333333904004]}, "properties": {"p_logistic": 0.5097069144248962, "p_rf": 0.6679999828338623, "p_xgb": 0.9447519779205322, "date": "2026-01-29"}}, {"type": "Feature", "geometry": {"type": "Point", "coordinates": [-82.40000000170502, 35.658333333904004]}, "properties": {"p_logistic": 0.5101388692855835, "p_rf": 0.593999981880188, "p_xgb": 0.9447519779205322, "date": "2026-01-29"}}, {"type": "Feature", "geometry": {"type": "Point", "coordinates": [-82.39166666837201, 35.658333333904004]}, "properties": {"p_logistic": 0.5105080008506775, "p_rf": 0.5920000076293945, "p_xgb": 0.9375673532485962, "date": "2026-01-29"}}, {"type": "Feature", "geometry": {"type": "Point", "coordinates": [-82.38333333503903, 35.658333333904004]}, "properties": {"p_logistic": 0.5102925300598145, "p_rf": 0.593999981880188, "p_xgb": 0.9448055028915405, "date": "2026-01-29"}}, {"type": "Feature", "geometry": {"type": "Point", "coordinates": [-82.37500000170601, 35.658333333904004]}, "properties": {"p_logistic": 0.5091418027877808, "p_rf": 0.5979999899864197, "p_xgb": 0.9458709955215454, "date": "2026-01-29"}}, {"type": "Feature", "geometry": {"type": "Point", "coordinates": [-82.36666666837301, 35.658333333904004]}, "properties": {"p_logistic": 0.5082945823669434, "p_rf": 0.593999981880188, "p_xgb": 0.9458709955215454, "date": "2026-01-29"}}, {"type": "Feature", "geometry": {"type": "Point", "coordinates": [-82.35833333504002, 35.658333333904004]}, "properties": {"p_logistic": 0.5072105526924133, "p_rf": 0.6079999804496765, "p_xgb": 0.9780208468437195, "date": "2026-01-29"}}, {"type": "Feature", "geometry": {"type": "Point", "coordinates": [-82.35000000170702, 35.658333333904004]}, "properties": {"p_logistic": 0.5057829022407532, "p_rf": 0.6679999828338623, "p_xgb": 0.9797685742378235, "date": "2026-01-29"}}, {"type": "Feature", "geometry": {"type": "Point", "coordinates": [-82.34166666837402, 35.658333333904004]}, "properties": {"p_logistic": 0.5039041638374329, "p_rf": 0.6700000166893005, "p_xgb": 0.9797685742378235, "date": "2026-01-29"}}, {"type": "Feature", "geometry": {"type": "Point", "coordinates": [-82.33333333504102, 35.658333333904004]}, "properties": {"p_logistic": 0.5027466416358948, "p_rf": 0.6620000004768372, "p_xgb": 0.9864243865013123, "date": "2026-01-29"}}, {"type": "Feature", "geometry": {"type": "Point", "coordinates": [-82.32500000170802, 35.658333333904004]}, "properties": {"p_logistic": 0.5023093819618225, "p_rf": 0.656000018119812, "p_xgb": 0.9898878931999207, "date": "2026-01-29"}}, {"type": "Feature", "geometry": {"type": "Point", "coordinates": [-82.31666666837502, 35.658333333904004]}, "properties": {"p_logistic": 0.5028424263000488, "p_rf": 0.6660000085830688, "p_xgb": 0.9958221912384033, "date": "2026-01-29"}}, {"type": "Feature", "geometry": {"type": "Point", "coordinates": [-82.30833333504202, 35.658333333904004]}, "properties": {"p_logistic": 0.5036129355430603, "p_rf": 0.7160000205039978, "p_xgb": 0.9959532022476196, "date": "2026-01-29"}}, {"type": "Feature", "geometry": {"type": "Point", "coordinates": [-82.30000000170901, 35.658333333904004]}, "properties": {"p_logistic": 0.5044088363647461, "p_rf": 0.7139999866485596, "p_xgb": 0.994967520236969, "date": "2026-01-29"}}, {"type": "Feature", "geometry": {"type": "Point", "coordinates": [-82.29166666837602, 35.658333333904004]}, "properties": {"p_logistic": 0.5056195855140686, "p_rf": 0.6759999990463257, "p_xgb": 0.9940673112869263, "date": "2026-01-29"}}, {"type": "Feature", "geometry": {"type": "Point", "coordinates": [-82.86666666835302, 35.650000000571005]}, "properties": {"p_logistic": 0.46793287992477417, "p_rf": 0.5, "p_xgb": 0.9827127456665039, "date": "2026-01-29"}}, {"type": "Feature", "geometry": {"type": "Point", "coordinates": [-82.85833333502002, 35.650000000571005]}, "properties": {"p_logistic": 0.47125983238220215, "p_rf": 0.550000011920929, "p_xgb": 0.9826402068138123, "date": "2026-01-29"}}, {"type": "Feature", "geometry": {"type": "Point", "coordinates": [-82.85000000168702, 35.650000000571005]}, "properties": {"p_logistic": 0.47411268949508667, "p_rf": 0.6200000047683716, "p_xgb": 0.9947386384010315, "date": "2026-01-29"}}, {"type": "Feature", "geometry": {"type": "Point", "coordinates": [-82.84166666835401, 35.650000000571005]}, "properties": {"p_logistic": 0.4768067002296448, "p_rf": 0.628000020980835, "p_xgb": 0.9905474781990051, "date": "2026-01-29"}}, {"type": "Feature", "geometry": {"type": "Point", "coordinates": [-82.83333333502102, 35.650000000571005]}, "properties": {"p_logistic": 0.47891896963119507, "p_rf": 0.628000020980835, "p_xgb": 0.9919942617416382, "date": "2026-01-29"}}, {"type": "Feature", "geometry": {"type": "Point", "coordinates": [-82.82500000168801, 35.650000000571005]}, "properties": {"p_logistic": 0.48043811321258545, "p_rf": 0.6019999980926514, "p_xgb": 0.9919942617416382, "date": "2026-01-29"}}, {"type": "Feature", "geometry": {"type": "Point", "coordinates": [-82.81666666835503, 35.650000000571005]}, "properties": {"p_logistic": 0.481344997882843, "p_rf": 0.5759999752044678, "p_xgb": 0.9919942617416382, "date": "2026-01-29"}}, {"type": "Feature", "geometry": {"type": "Point", "coordinates": [-82.80833333502201, 35.650000000571005]}, "properties": {"p_logistic": 0.48227325081825256, "p_rf": 0.578000009059906, "p_xgb": 0.9922387003898621, "date": "2026-01-29"}}, {"type": "Feature", "geometry": {"type": "Point", "coordinates": [-82.80000000168901, 35.650000000571005]}, "properties": {"p_logistic": 0.48305270075798035, "p_rf": 0.5680000185966492, "p_xgb": 0.9885857701301575, "date": "2026-01-29"}}, {"type": "Feature", "geometry": {"type": "Point", "coordinates": [-82.79166666835602, 35.650000000571005]}, "properties": {"p_logistic": 0.48381757736206055, "p_rf": 0.5659999847412109, "p_xgb": 0.9883090257644653, "date": "2026-01-29"}}, {"type": "Feature", "geometry": {"type": "Point", "coordinates": [-82.78333333502302, 35.650000000571005]}, "properties": {"p_logistic": 0.4841775596141815, "p_rf": 0.5659999847412109, "p_xgb": 0.9883090257644653, "date": "2026-01-29"}}, {"type": "Feature", "geometry": {"type": "Point", "coordinates": [-82.77500000169002, 35.650000000571005]}, "properties": {"p_logistic": 0.4844534993171692, "p_rf": 0.5659999847412109, "p_xgb": 0.9883090257644653, "date": "2026-01-29"}}, {"type": "Feature", "geometry": {"type": "Point", "coordinates": [-82.76666666835702, 35.650000000571005]}, "properties": {"p_logistic": 0.4844447672367096, "p_rf": 0.578000009059906, "p_xgb": 0.9885165691375732, "date": "2026-01-29"}}, {"type": "Feature", "geometry": {"type": "Point", "coordinates": [-82.75833333502402, 35.650000000571005]}, "properties": {"p_logistic": 0.4846203029155731, "p_rf": 0.5820000171661377, "p_xgb": 0.9890772104263306, "date": "2026-01-29"}}, {"type": "Feature", "geometry": {"type": "Point", "coordinates": [-82.75000000169102, 35.650000000571005]}, "properties": {"p_logistic": 0.48486021161079407, "p_rf": 0.5740000009536743, "p_xgb": 0.9816460013389587, "date": "2026-01-29"}}, {"type": "Feature", "geometry": {"type": "Point", "coordinates": [-82.74166666835802, 35.650000000571005]}, "properties": {"p_logistic": 0.4850960969924927, "p_rf": 0.527999997138977, "p_xgb": 0.9816460013389587, "date": "2026-01-29"}}, {"type": "Feature", "geometry": {"type": "Point", "coordinates": [-82.73333333502501, 35.650000000571005]}, "properties": {"p_logistic": 0.48557254672050476, "p_rf": 0.4959999918937683, "p_xgb": 0.9811328053474426, "date": "2026-01-29"}}, {"type": "Feature", "geometry": {"type": "Point", "coordinates": [-82.72500000169202, 35.650000000571005]}, "properties": {"p_logistic": 0.4869782626628876, "p_rf": 0.492000013589859, "p_xgb": 0.9811328053474426, "date": "2026-01-29"}}, {"type": "Feature", "geometry": {"type": "Point", "coordinates": [-82.71666666835901, 35.650000000571005]}, "properties": {"p_logistic": 0.48738494515419006, "p_rf": 0.4959999918937683, "p_xgb": 0.986562967300415, "date": "2026-01-29"}}, {"type": "Feature", "geometry": {"type": "Point", "coordinates": [-82.70833333502603, 35.650000000571005]}, "properties": {"p_logistic": 0.4878218472003937, "p_rf": 0.5019999742507935, "p_xgb": 0.986562967300415, "date": "2026-01-29"}}, {"type": "Feature", "geometry": {"type": "Point", "coordinates": [-82.70000000169301, 35.650000000571005]}, "properties": {"p_logistic": 0.48821261525154114, "p_rf": 0.5180000066757202, "p_xgb": 0.986562967300415, "date": "2026-01-29"}}, {"type": "Feature", "geometry": {"type": "Point", "coordinates": [-82.69166666836001, 35.650000000571005]}, "properties": {"p_logistic": 0.48862403631210327, "p_rf": 0.5080000162124634, "p_xgb": 0.986562967300415, "date": "2026-01-29"}}, {"type": "Feature", "geometry": {"type": "Point", "coordinates": [-82.68333333502702, 35.650000000571005]}, "properties": {"p_logistic": 0.48907893896102905, "p_rf": 0.5099999904632568, "p_xgb": 0.987265944480896, "date": "2026-01-29"}}, {"type": "Feature", "geometry": {"type": "Point", "coordinates": [-82.67500000169402, 35.650000000571005]}, "properties": {"p_logistic": 0.48962482810020447, "p_rf": 0.5199999809265137, "p_xgb": 0.987265944480896, "date": "2026-01-29"}}, {"type": "Feature", "geometry": {"type": "Point", "coordinates": [-82.66666666836102, 35.650000000571005]}, "properties": {"p_logistic": 0.49003922939300537, "p_rf": 0.515999972820282, "p_xgb": 0.987265944480896, "date": "2026-01-29"}}, {"type": "Feature", "geometry": {"type": "Point", "coordinates": [-82.65833333502802, 35.650000000571005]}, "properties": {"p_logistic": 0.49016517400741577, "p_rf": 0.527999997138977, "p_xgb": 0.987265944480896, "date": "2026-01-29"}}, {"type": "Feature", "geometry": {"type": "Point", "coordinates": [-82.65000000169502, 35.650000000571005]}, "properties": {"p_logistic": 0.48997852206230164, "p_rf": 0.5260000228881836, "p_xgb": 0.987265944480896, "date": "2026-01-29"}}, {"type": "Feature", "geometry": {"type": "Point", "coordinates": [-82.64166666836202, 35.650000000571005]}, "properties": {"p_logistic": 0.489777535200119, "p_rf": 0.5220000147819519, "p_xgb": 0.9877632260322571, "date": "2026-01-29"}}, {"type": "Feature", "geometry": {"type": "Point", "coordinates": [-82.63333333502902, 35.650000000571005]}, "properties": {"p_logistic": 0.49041327834129333, "p_rf": 0.5099999904632568, "p_xgb": 0.9883334636688232, "date": "2026-01-29"}}, {"type": "Feature", "geometry": {"type": "Point", "coordinates": [-82.62500000169601, 35.650000000571005]}, "properties": {"p_logistic": 0.4910122752189636, "p_rf": 0.5080000162124634, "p_xgb": 0.9883334636688232, "date": "2026-01-29"}}, {"type": "Feature", "geometry": {"type": "Point", "coordinates": [-82.61666666836302, 35.650000000571005]}, "properties": {"p_logistic": 0.4921911954879761, "p_rf": 0.5040000081062317, "p_xgb": 0.9888836741447449, "date": "2026-01-29"}}, {"type": "Feature", "geometry": {"type": "Point", "coordinates": [-82.60833333503001, 35.650000000571005]}, "properties": {"p_logistic": 0.4937475919723511, "p_rf": 0.5180000066757202, "p_xgb": 0.9885352253913879, "date": "2026-01-29"}}, {"type": "Feature", "geometry": {"type": "Point", "coordinates": [-82.60000000169703, 35.650000000571005]}, "properties": {"p_logistic": 0.4947528541088104, "p_rf": 0.5339999794960022, "p_xgb": 0.9894664883613586, "date": "2026-01-29"}}, {"type": "Feature", "geometry": {"type": "Point", "coordinates": [-82.59166666836401, 35.650000000571005]}, "properties": {"p_logistic": 0.4951324760913849, "p_rf": 0.5479999780654907, "p_xgb": 0.9898883700370789, "date": "2026-01-29"}}, {"type": "Feature", "geometry": {"type": "Point", "coordinates": [-82.58333333503101, 35.650000000571005]}, "properties": {"p_logistic": 0.4936399459838867, "p_rf": 0.5540000200271606, "p_xgb": 0.9901374578475952, "date": "2026-01-29"}}, {"type": "Feature", "geometry": {"type": "Point", "coordinates": [-82.57500000169802, 35.650000000571005]}, "properties": {"p_logistic": 0.4921005666255951, "p_rf": 0.550000011920929, "p_xgb": 0.9892521500587463, "date": "2026-01-29"}}, {"type": "Feature", "geometry": {"type": "Point", "coordinates": [-82.56666666836502, 35.650000000571005]}, "properties": {"p_logistic": 0.4911290407180786, "p_rf": 0.5540000200271606, "p_xgb": 0.9895791411399841, "date": "2026-01-29"}}, {"type": "Feature", "geometry": {"type": "Point", "coordinates": [-82.55833333503202, 35.650000000571005]}, "properties": {"p_logistic": 0.49087220430374146, "p_rf": 0.5460000038146973, "p_xgb": 0.9890629649162292, "date": "2026-01-29"}}, {"type": "Feature", "geometry": {"type": "Point", "coordinates": [-82.55000000169902, 35.650000000571005]}, "properties": {"p_logistic": 0.49084538221359253, "p_rf": 0.5479999780654907, "p_xgb": 0.9887977242469788, "date": "2026-01-29"}}, {"type": "Feature", "geometry": {"type": "Point", "coordinates": [-82.54166666836602, 35.650000000571005]}, "properties": {"p_logistic": 0.4916687607765198, "p_rf": 0.5360000133514404, "p_xgb": 0.9890629649162292, "date": "2026-01-29"}}, {"type": "Feature", "geometry": {"type": "Point", "coordinates": [-82.53333333503302, 35.650000000571005]}, "properties": {"p_logistic": 0.49178287386894226, "p_rf": 0.5519999861717224, "p_xgb": 0.9879196882247925, "date": "2026-01-29"}}, {"type": "Feature", "geometry": {"type": "Point", "coordinates": [-82.52500000170002, 35.650000000571005]}, "properties": {"p_logistic": 0.49231621623039246, "p_rf": 0.5600000023841858, "p_xgb": 0.9866728782653809, "date": "2026-01-29"}}, {"type": "Feature", "geometry": {"type": "Point", "coordinates": [-82.51666666836701, 35.650000000571005]}, "properties": {"p_logistic": 0.49300912022590637, "p_rf": 0.6259999871253967, "p_xgb": 0.9861655235290527, "date": "2026-01-29"}}, {"type": "Feature", "geometry": {"type": "Point", "coordinates": [-82.50833333503402, 35.650000000571005]}, "properties": {"p_logistic": 0.4931671917438507, "p_rf": 0.6299999952316284, "p_xgb": 0.9816213250160217, "date": "2026-01-29"}}, {"type": "Feature", "geometry": {"type": "Point", "coordinates": [-82.50000000170101, 35.650000000571005]}, "properties": {"p_logistic": 0.49361327290534973, "p_rf": 0.6259999871253967, "p_xgb": 0.9816213250160217, "date": "2026-01-29"}}, {"type": "Feature", "geometry": {"type": "Point", "coordinates": [-82.49166666836803, 35.650000000571005]}, "properties": {"p_logistic": 0.4945613443851471, "p_rf": 0.628000020980835, "p_xgb": 0.98786860704422, "date": "2026-01-29"}}, {"type": "Feature", "geometry": {"type": "Point", "coordinates": [-82.48333333503501, 35.650000000571005]}, "properties": {"p_logistic": 0.4957212805747986, "p_rf": 0.628000020980835, "p_xgb": 0.9870418310165405, "date": "2026-01-29"}}, {"type": "Feature", "geometry": {"type": "Point", "coordinates": [-82.47500000170201, 35.650000000571005]}, "properties": {"p_logistic": 0.4970698058605194, "p_rf": 0.6340000033378601, "p_xgb": 0.9831585884094238, "date": "2026-01-29"}}, {"type": "Feature", "geometry": {"type": "Point", "coordinates": [-82.46666666836902, 35.650000000571005]}, "properties": {"p_logistic": 0.4982006847858429, "p_rf": 0.6340000033378601, "p_xgb": 0.9817668795585632, "date": "2026-01-29"}}, {"type": "Feature", "geometry": {"type": "Point", "coordinates": [-82.45833333503602, 35.650000000571005]}, "properties": {"p_logistic": 0.4997102916240692, "p_rf": 0.628000020980835, "p_xgb": 0.9817668795585632, "date": "2026-01-29"}}, {"type": "Feature", "geometry": {"type": "Point", "coordinates": [-82.45000000170302, 35.650000000571005]}, "properties": {"p_logistic": 0.5016566514968872, "p_rf": 0.6439999938011169, "p_xgb": 0.9817668795585632, "date": "2026-01-29"}}, {"type": "Feature", "geometry": {"type": "Point", "coordinates": [-82.44166666837002, 35.650000000571005]}, "properties": {"p_logistic": 0.5043371319770813, "p_rf": 0.6660000085830688, "p_xgb": 0.9859508872032166, "date": "2026-01-29"}}, {"type": "Feature", "geometry": {"type": "Point", "coordinates": [-82.43333333503702, 35.650000000571005]}, "properties": {"p_logistic": 0.5076693892478943, "p_rf": 0.6899999976158142, "p_xgb": 0.9742787480354309, "date": "2026-01-29"}}, {"type": "Feature", "geometry": {"type": "Point", "coordinates": [-82.42500000170402, 35.650000000571005]}, "properties": {"p_logistic": 0.5104443430900574, "p_rf": 0.6779999732971191, "p_xgb": 0.9684754610061646, "date": "2026-01-29"}}, {"type": "Feature", "geometry": {"type": "Point", "coordinates": [-82.41666666837102, 35.650000000571005]}, "properties": {"p_logistic": 0.5117766857147217, "p_rf": 0.6320000290870667, "p_xgb": 0.9447519779205322, "date": "2026-01-29"}}, {"type": "Feature", "geometry": {"type": "Point", "coordinates": [-82.40833333503801, 35.650000000571005]}, "properties": {"p_logistic": 0.512235164642334, "p_rf": 0.593999981880188, "p_xgb": 0.9432669878005981, "date": "2026-01-29"}}, {"type": "Feature", "geometry": {"type": "Point", "coordinates": [-82.40000000170502, 35.650000000571005]}, "properties": {"p_logistic": 0.5127597451210022, "p_rf": 0.5920000076293945, "p_xgb": 0.9432669878005981, "date": "2026-01-29"}}, {"type": "Feature", "geometry": {"type": "Point", "coordinates": [-82.39166666837201, 35.650000000571005]}, "properties": {"p_logistic": 0.5114759802818298, "p_rf": 0.593999981880188, "p_xgb": 0.9448055028915405, "date": "2026-01-29"}}, {"type": "Feature", "geometry": {"type": "Point", "coordinates": [-82.38333333503903, 35.650000000571005]}, "properties": {"p_logistic": 0.511042594909668, "p_rf": 0.5920000076293945, "p_xgb": 0.9458709955215454, "date": "2026-01-29"}}, {"type": "Feature", "geometry": {"type": "Point", "coordinates": [-82.37500000170601, 35.650000000571005]}, "properties": {"p_logistic": 0.5098795294761658, "p_rf": 0.6000000238418579, "p_xgb": 0.9458709955215454, "date": "2026-01-29"}}, {"type": "Feature", "geometry": {"type": "Point", "coordinates": [-82.36666666837301, 35.650000000571005]}, "properties": {"p_logistic": 0.5098616480827332, "p_rf": 0.6000000238418579, "p_xgb": 0.947674036026001, "date": "2026-01-29"}}, {"type": "Feature", "geometry": {"type": "Point", "coordinates": [-82.35833333504002, 35.650000000571005]}, "properties": {"p_logistic": 0.5084572434425354, "p_rf": 0.593999981880188, "p_xgb": 0.9562464356422424, "date": "2026-01-29"}}, {"type": "Feature", "geometry": {"type": "Point", "coordinates": [-82.35000000170702, 35.650000000571005]}, "properties": {"p_logistic": 0.5067234635353088, "p_rf": 0.671999990940094, "p_xgb": 0.9801672101020813, "date": "2026-01-29"}}, {"type": "Feature", "geometry": {"type": "Point", "coordinates": [-82.34166666837402, 35.650000000571005]}, "properties": {"p_logistic": 0.5046687722206116, "p_rf": 0.6700000166893005, "p_xgb": 0.9801672101020813, "date": "2026-01-29"}}, {"type": "Feature", "geometry": {"type": "Point", "coordinates": [-82.33333333504102, 35.650000000571005]}, "properties": {"p_logistic": 0.5033338665962219, "p_rf": 0.6740000247955322, "p_xgb": 0.9789705872535706, "date": "2026-01-29"}}, {"type": "Feature", "geometry": {"type": "Point", "coordinates": [-82.32500000170802, 35.650000000571005]}, "properties": {"p_logistic": 0.5028639435768127, "p_rf": 0.6600000262260437, "p_xgb": 0.9898878931999207, "date": "2026-01-29"}}, {"type": "Feature", "geometry": {"type": "Point", "coordinates": [-82.31666666837502, 35.650000000571005]}, "properties": {"p_logistic": 0.5032452344894409, "p_rf": 0.6639999747276306, "p_xgb": 0.9958221912384033, "date": "2026-01-29"}}, {"type": "Feature", "geometry": {"type": "Point", "coordinates": [-82.30833333504202, 35.650000000571005]}, "properties": {"p_logistic": 0.5037145018577576, "p_rf": 0.6819999814033508, "p_xgb": 0.9963051080703735, "date": "2026-01-29"}}, {"type": "Feature", "geometry": {"type": "Point", "coordinates": [-82.30000000170901, 35.650000000571005]}, "properties": {"p_logistic": 0.5040539503097534, "p_rf": 0.7319999933242798, "p_xgb": 0.9959532022476196, "date": "2026-01-29"}}, {"type": "Feature", "geometry": {"type": "Point", "coordinates": [-82.29166666837602, 35.650000000571005]}, "properties": {"p_logistic": 0.5049950480461121, "p_rf": 0.6759999990463257, "p_xgb": 0.994967520236969, "date": "2026-01-29"}}, {"type": "Feature", "geometry": {"type": "Point", "coordinates": [-82.86666666835302, 35.641666667238006]}, "properties": {"p_logistic": 0.46788010001182556, "p_rf": 0.4740000069141388, "p_xgb": 0.9813719987869263, "date": "2026-01-29"}}, {"type": "Feature", "geometry": {"type": "Point", "coordinates": [-82.85833333502002, 35.641666667238006]}, "properties": {"p_logistic": 0.4705022871494293, "p_rf": 0.5419999957084656, "p_xgb": 0.9826402068138123, "date": "2026-01-29"}}, {"type": "Feature", "geometry": {"type": "Point", "coordinates": [-82.85000000168702, 35.641666667238006]}, "properties": {"p_logistic": 0.4734264016151428, "p_rf": 0.6240000128746033, "p_xgb": 0.9939011335372925, "date": "2026-01-29"}}, {"type": "Feature", "geometry": {"type": "Point", "coordinates": [-82.84166666835401, 35.641666667238006]}, "properties": {"p_logistic": 0.4761194884777069, "p_rf": 0.6299999952316284, "p_xgb": 0.9909083247184753, "date": "2026-01-29"}}, {"type": "Feature", "geometry": {"type": "Point", "coordinates": [-82.83333333502102, 35.641666667238006]}, "properties": {"p_logistic": 0.4782734513282776, "p_rf": 0.6259999871253967, "p_xgb": 0.9905474781990051, "date": "2026-01-29"}}, {"type": "Feature", "geometry": {"type": "Point", "coordinates": [-82.82500000168801, 35.641666667238006]}, "properties": {"p_logistic": 0.4796411693096161, "p_rf": 0.6060000061988831, "p_xgb": 0.9919942617416382, "date": "2026-01-29"}}, {"type": "Feature", "geometry": {"type": "Point", "coordinates": [-82.81666666835503, 35.641666667238006]}, "properties": {"p_logistic": 0.48080500960350037, "p_rf": 0.5759999752044678, "p_xgb": 0.9919942617416382, "date": "2026-01-29"}}, {"type": "Feature", "geometry": {"type": "Point", "coordinates": [-82.80833333502201, 35.641666667238006]}, "properties": {"p_logistic": 0.48184311389923096, "p_rf": 0.5580000281333923, "p_xgb": 0.9912372827529907, "date": "2026-01-29"}}, {"type": "Feature", "geometry": {"type": "Point", "coordinates": [-82.80000000168901, 35.641666667238006]}, "properties": {"p_logistic": 0.48307663202285767, "p_rf": 0.550000011920929, "p_xgb": 0.9911574125289917, "date": "2026-01-29"}}, {"type": "Feature", "geometry": {"type": "Point", "coordinates": [-82.79166666835602, 35.641666667238006]}, "properties": {"p_logistic": 0.48406416177749634, "p_rf": 0.5379999876022339, "p_xgb": 0.9901275634765625, "date": "2026-01-29"}}, {"type": "Feature", "geometry": {"type": "Point", "coordinates": [-82.78333333502302, 35.641666667238006]}, "properties": {"p_logistic": 0.4849199652671814, "p_rf": 0.550000011920929, "p_xgb": 0.9869518280029297, "date": "2026-01-29"}}, {"type": "Feature", "geometry": {"type": "Point", "coordinates": [-82.77500000169002, 35.641666667238006]}, "properties": {"p_logistic": 0.48529258370399475, "p_rf": 0.5720000267028809, "p_xgb": 0.9876347184181213, "date": "2026-01-29"}}, {"type": "Feature", "geometry": {"type": "Point", "coordinates": [-82.76666666835702, 35.641666667238006]}, "properties": {"p_logistic": 0.4857011139392853, "p_rf": 0.5720000267028809, "p_xgb": 0.9878532886505127, "date": "2026-01-29"}}, {"type": "Feature", "geometry": {"type": "Point", "coordinates": [-82.75833333502402, 35.641666667238006]}, "properties": {"p_logistic": 0.485911101102829, "p_rf": 0.5860000252723694, "p_xgb": 0.9883441925048828, "date": "2026-01-29"}}, {"type": "Feature", "geometry": {"type": "Point", "coordinates": [-82.75000000169102, 35.641666667238006]}, "properties": {"p_logistic": 0.48568663001060486, "p_rf": 0.5839999914169312, "p_xgb": 0.988300085067749, "date": "2026-01-29"}}, {"type": "Feature", "geometry": {"type": "Point", "coordinates": [-82.74166666835802, 35.641666667238006]}, "properties": {"p_logistic": 0.48597145080566406, "p_rf": 0.578000009059906, "p_xgb": 0.9812043309211731, "date": "2026-01-29"}}, {"type": "Feature", "geometry": {"type": "Point", "coordinates": [-82.73333333502501, 35.641666667238006]}, "properties": {"p_logistic": 0.48626577854156494, "p_rf": 0.5, "p_xgb": 0.9816460013389587, "date": "2026-01-29"}}, {"type": "Feature", "geometry": {"type": "Point", "coordinates": [-82.72500000169202, 35.641666667238006]}, "properties": {"p_logistic": 0.4873487055301666, "p_rf": 0.49799999594688416, "p_xgb": 0.9811328053474426, "date": "2026-01-29"}}, {"type": "Feature", "geometry": {"type": "Point", "coordinates": [-82.71666666835901, 35.641666667238006]}, "properties": {"p_logistic": 0.4876745939254761, "p_rf": 0.4959999918937683, "p_xgb": 0.982384979724884, "date": "2026-01-29"}}, {"type": "Feature", "geometry": {"type": "Point", "coordinates": [-82.70833333502603, 35.641666667238006]}, "properties": {"p_logistic": 0.4880937337875366, "p_rf": 0.5040000081062317, "p_xgb": 0.986562967300415, "date": "2026-01-29"}}, {"type": "Feature", "geometry": {"type": "Point", "coordinates": [-82.70000000169301, 35.641666667238006]}, "properties": {"p_logistic": 0.4885563552379608, "p_rf": 0.5, "p_xgb": 0.987265944480896, "date": "2026-01-29"}}, {"type": "Feature", "geometry": {"type": "Point", "coordinates": [-82.69166666836001, 35.641666667238006]}, "properties": {"p_logistic": 0.488381564617157, "p_rf": 0.5139999985694885, "p_xgb": 0.987265944480896, "date": "2026-01-29"}}, {"type": "Feature", "geometry": {"type": "Point", "coordinates": [-82.68333333502702, 35.641666667238006]}, "properties": {"p_logistic": 0.4885500371456146, "p_rf": 0.5239999890327454, "p_xgb": 0.988146185874939, "date": "2026-01-29"}}, {"type": "Feature", "geometry": {"type": "Point", "coordinates": [-82.67500000169402, 35.641666667238006]}, "properties": {"p_logistic": 0.48884597420692444, "p_rf": 0.5180000066757202, "p_xgb": 0.988146185874939, "date": "2026-01-29"}}, {"type": "Feature", "geometry": {"type": "Point", "coordinates": [-82.66666666836102, 35.641666667238006]}, "properties": {"p_logistic": 0.4893474876880646, "p_rf": 0.5220000147819519, "p_xgb": 0.988146185874939, "date": "2026-01-29"}}, {"type": "Feature", "geometry": {"type": "Point", "coordinates": [-82.65833333502802, 35.641666667238006]}, "properties": {"p_logistic": 0.4896983206272125, "p_rf": 0.5239999890327454, "p_xgb": 0.988146185874939, "date": "2026-01-29"}}, {"type": "Feature", "geometry": {"type": "Point", "coordinates": [-82.65000000169502, 35.641666667238006]}, "properties": {"p_logistic": 0.48981964588165283, "p_rf": 0.5220000147819519, "p_xgb": 0.988146185874939, "date": "2026-01-29"}}, {"type": "Feature", "geometry": {"type": "Point", "coordinates": [-82.64166666836202, 35.641666667238006]}, "properties": {"p_logistic": 0.48988646268844604, "p_rf": 0.5339999794960022, "p_xgb": 0.987265944480896, "date": "2026-01-29"}}, {"type": "Feature", "geometry": {"type": "Point", "coordinates": [-82.63333333502902, 35.641666667238006]}, "properties": {"p_logistic": 0.49113035202026367, "p_rf": 0.5220000147819519, "p_xgb": 0.9884040355682373, "date": "2026-01-29"}}, {"type": "Feature", "geometry": {"type": "Point", "coordinates": [-82.62500000169601, 35.641666667238006]}, "properties": {"p_logistic": 0.491467148065567, "p_rf": 0.5199999809265137, "p_xgb": 0.9883334636688232, "date": "2026-01-29"}}, {"type": "Feature", "geometry": {"type": "Point", "coordinates": [-82.61666666836302, 35.641666667238006]}, "properties": {"p_logistic": 0.49218782782554626, "p_rf": 0.5139999985694885, "p_xgb": 0.9883334636688232, "date": "2026-01-29"}}, {"type": "Feature", "geometry": {"type": "Point", "coordinates": [-82.60833333503001, 35.641666667238006]}, "properties": {"p_logistic": 0.492957204580307, "p_rf": 0.5220000147819519, "p_xgb": 0.9894664883613586, "date": "2026-01-29"}}, {"type": "Feature", "geometry": {"type": "Point", "coordinates": [-82.60000000169703, 35.641666667238006]}, "properties": {"p_logistic": 0.493701696395874, "p_rf": 0.5419999957084656, "p_xgb": 0.9891360998153687, "date": "2026-01-29"}}, {"type": "Feature", "geometry": {"type": "Point", "coordinates": [-82.59166666836401, 35.641666667238006]}, "properties": {"p_logistic": 0.49362415075302124, "p_rf": 0.5559999942779541, "p_xgb": 0.9898883700370789, "date": "2026-01-29"}}, {"type": "Feature", "geometry": {"type": "Point", "coordinates": [-82.58333333503101, 35.641666667238006]}, "properties": {"p_logistic": 0.49213725328445435, "p_rf": 0.5519999861717224, "p_xgb": 0.9897159934043884, "date": "2026-01-29"}}, {"type": "Feature", "geometry": {"type": "Point", "coordinates": [-82.57500000169802, 35.641666667238006]}, "properties": {"p_logistic": 0.49139145016670227, "p_rf": 0.5479999780654907, "p_xgb": 0.9901374578475952, "date": "2026-01-29"}}, {"type": "Feature", "geometry": {"type": "Point", "coordinates": [-82.56666666836502, 35.641666667238006]}, "properties": {"p_logistic": 0.4908488988876343, "p_rf": 0.550000011920929, "p_xgb": 0.9901374578475952, "date": "2026-01-29"}}, {"type": "Feature", "geometry": {"type": "Point", "coordinates": [-82.55833333503202, 35.641666667238006]}, "properties": {"p_logistic": 0.4909367859363556, "p_rf": 0.5479999780654907, "p_xgb": 0.9904376864433289, "date": "2026-01-29"}}, {"type": "Feature", "geometry": {"type": "Point", "coordinates": [-82.55000000169902, 35.641666667238006]}, "properties": {"p_logistic": 0.4916226267814636, "p_rf": 0.5559999942779541, "p_xgb": 0.9890629649162292, "date": "2026-01-29"}}, {"type": "Feature", "geometry": {"type": "Point", "coordinates": [-82.54166666836602, 35.641666667238006]}, "properties": {"p_logistic": 0.4918174147605896, "p_rf": 0.5360000133514404, "p_xgb": 0.9890629649162292, "date": "2026-01-29"}}, {"type": "Feature", "geometry": {"type": "Point", "coordinates": [-82.53333333503302, 35.641666667238006]}, "properties": {"p_logistic": 0.4919593632221222, "p_rf": 0.5759999752044678, "p_xgb": 0.9879196882247925, "date": "2026-01-29"}}, {"type": "Feature", "geometry": {"type": "Point", "coordinates": [-82.52500000170002, 35.641666667238006]}, "properties": {"p_logistic": 0.49244388937950134, "p_rf": 0.5659999847412109, "p_xgb": 0.9888378381729126, "date": "2026-01-29"}}, {"type": "Feature", "geometry": {"type": "Point", "coordinates": [-82.51666666836701, 35.641666667238006]}, "properties": {"p_logistic": 0.4930064082145691, "p_rf": 0.6019999980926514, "p_xgb": 0.9814038276672363, "date": "2026-01-29"}}, {"type": "Feature", "geometry": {"type": "Point", "coordinates": [-82.50833333503402, 35.641666667238006]}, "properties": {"p_logistic": 0.49352699518203735, "p_rf": 0.6380000114440918, "p_xgb": 0.9814038276672363, "date": "2026-01-29"}}, {"type": "Feature", "geometry": {"type": "Point", "coordinates": [-82.50000000170101, 35.641666667238006]}, "properties": {"p_logistic": 0.4941776692867279, "p_rf": 0.6439999938011169, "p_xgb": 0.9778062701225281, "date": "2026-01-29"}}, {"type": "Feature", "geometry": {"type": "Point", "coordinates": [-82.49166666836803, 35.641666667238006]}, "properties": {"p_logistic": 0.4954627752304077, "p_rf": 0.6439999938011169, "p_xgb": 0.9771839380264282, "date": "2026-01-29"}}, {"type": "Feature", "geometry": {"type": "Point", "coordinates": [-82.48333333503501, 35.641666667238006]}, "properties": {"p_logistic": 0.49712857604026794, "p_rf": 0.6420000195503235, "p_xgb": 0.9763100147247314, "date": "2026-01-29"}}, {"type": "Feature", "geometry": {"type": "Point", "coordinates": [-82.47500000170201, 35.641666667238006]}, "properties": {"p_logistic": 0.4986859858036041, "p_rf": 0.6480000019073486, "p_xgb": 0.9656311869621277, "date": "2026-01-29"}}, {"type": "Feature", "geometry": {"type": "Point", "coordinates": [-82.46666666836902, 35.641666667238006]}, "properties": {"p_logistic": 0.5000103712081909, "p_rf": 0.6420000195503235, "p_xgb": 0.9651333689689636, "date": "2026-01-29"}}, {"type": "Feature", "geometry": {"type": "Point", "coordinates": [-82.45833333503602, 35.641666667238006]}, "properties": {"p_logistic": 0.5013440251350403, "p_rf": 0.6620000004768372, "p_xgb": 0.9651333689689636, "date": "2026-01-29"}}, {"type": "Feature", "geometry": {"type": "Point", "coordinates": [-82.45000000170302, 35.641666667238006]}, "properties": {"p_logistic": 0.503466010093689, "p_rf": 0.6700000166893005, "p_xgb": 0.9700320363044739, "date": "2026-01-29"}}, {"type": "Feature", "geometry": {"type": "Point", "coordinates": [-82.44166666837002, 35.641666667238006]}, "properties": {"p_logistic": 0.5060969591140747, "p_rf": 0.6819999814033508, "p_xgb": 0.9730960130691528, "date": "2026-01-29"}}, {"type": "Feature", "geometry": {"type": "Point", "coordinates": [-82.43333333503702, 35.641666667238006]}, "properties": {"p_logistic": 0.5093626976013184, "p_rf": 0.6499999761581421, "p_xgb": 0.9684754610061646, "date": "2026-01-29"}}, {"type": "Feature", "geometry": {"type": "Point", "coordinates": [-82.42500000170402, 35.641666667238006]}, "properties": {"p_logistic": 0.5126771926879883, "p_rf": 0.6000000238418579, "p_xgb": 0.9432669878005981, "date": "2026-01-29"}}, {"type": "Feature", "geometry": {"type": "Point", "coordinates": [-82.41666666837102, 35.641666667238006]}, "properties": {"p_logistic": 0.5145084857940674, "p_rf": 0.6019999980926514, "p_xgb": 0.9432669878005981, "date": "2026-01-29"}}, {"type": "Feature", "geometry": {"type": "Point", "coordinates": [-82.40833333503801, 35.641666667238006]}, "properties": {"p_logistic": 0.5145565867424011, "p_rf": 0.593999981880188, "p_xgb": 0.9432669878005981, "date": "2026-01-29"}}, {"type": "Feature", "geometry": {"type": "Point", "coordinates": [-82.40000000170502, 35.641666667238006]}, "properties": {"p_logistic": 0.5130596160888672, "p_rf": 0.5960000157356262, "p_xgb": 0.9432669878005981, "date": "2026-01-29"}}, {"type": "Feature", "geometry": {"type": "Point", "coordinates": [-82.39166666837201, 35.641666667238006]}, "properties": {"p_logistic": 0.512236475944519, "p_rf": 0.5960000157356262, "p_xgb": 0.9448055028915405, "date": "2026-01-29"}}, {"type": "Feature", "geometry": {"type": "Point", "coordinates": [-82.38333333503903, 35.641666667238006]}, "properties": {"p_logistic": 0.5107566714286804, "p_rf": 0.593999981880188, "p_xgb": 0.9458709955215454, "date": "2026-01-29"}}, {"type": "Feature", "geometry": {"type": "Point", "coordinates": [-82.37500000170601, 35.641666667238006]}, "properties": {"p_logistic": 0.510127067565918, "p_rf": 0.6000000238418579, "p_xgb": 0.9458709955215454, "date": "2026-01-29"}}, {"type": "Feature", "geometry": {"type": "Point", "coordinates": [-82.36666666837301, 35.641666667238006]}, "properties": {"p_logistic": 0.5093249678611755, "p_rf": 0.5979999899864197, "p_xgb": 0.9559194445610046, "date": "2026-01-29"}}, {"type": "Feature", "geometry": {"type": "Point", "coordinates": [-82.35833333504002, 35.641666667238006]}, "properties": {"p_logistic": 0.5087031126022339, "p_rf": 0.6359999775886536, "p_xgb": 0.9586407542228699, "date": "2026-01-29"}}, {"type": "Feature", "geometry": {"type": "Point", "coordinates": [-82.35000000170702, 35.641666667238006]}, "properties": {"p_logistic": 0.5071623921394348, "p_rf": 0.6779999732971191, "p_xgb": 0.9801672101020813, "date": "2026-01-29"}}, {"type": "Feature", "geometry": {"type": "Point", "coordinates": [-82.34166666837402, 35.641666667238006]}, "properties": {"p_logistic": 0.5051968097686768, "p_rf": 0.6859999895095825, "p_xgb": 0.9801672101020813, "date": "2026-01-29"}}, {"type": "Feature", "geometry": {"type": "Point", "coordinates": [-82.33333333504102, 35.641666667238006]}, "properties": {"p_logistic": 0.5039822459220886, "p_rf": 0.6759999990463257, "p_xgb": 0.9845820069313049, "date": "2026-01-29"}}, {"type": "Feature", "geometry": {"type": "Point", "coordinates": [-82.32500000170802, 35.641666667238006]}, "properties": {"p_logistic": 0.5034759044647217, "p_rf": 0.6759999990463257, "p_xgb": 0.9843055009841919, "date": "2026-01-29"}}, {"type": "Feature", "geometry": {"type": "Point", "coordinates": [-82.31666666837502, 35.641666667238006]}, "properties": {"p_logistic": 0.5036452412605286, "p_rf": 0.6639999747276306, "p_xgb": 0.9958221912384033, "date": "2026-01-29"}}, {"type": "Feature", "geometry": {"type": "Point", "coordinates": [-82.30833333504202, 35.641666667238006]}, "properties": {"p_logistic": 0.5037871599197388, "p_rf": 0.6740000247955322, "p_xgb": 0.9960464835166931, "date": "2026-01-29"}}, {"type": "Feature", "geometry": {"type": "Point", "coordinates": [-82.30000000170901, 35.641666667238006]}, "properties": {"p_logistic": 0.5038375854492188, "p_rf": 0.7239999771118164, "p_xgb": 0.9963051080703735, "date": "2026-01-29"}}, {"type": "Feature", "geometry": {"type": "Point", "coordinates": [-82.29166666837602, 35.641666667238006]}, "properties": {"p_logistic": 0.5045948624610901, "p_rf": 0.7039999961853027, "p_xgb": 0.9959532022476196, "date": "2026-01-29"}}, {"type": "Feature", "geometry": {"type": "Point", "coordinates": [-82.28333333504301, 35.641666667238006]}, "properties": {"p_logistic": 0.5067397356033325, "p_rf": 0.6800000071525574, "p_xgb": 0.9928991794586182, "date": "2026-01-29"}}, {"type": "Feature", "geometry": {"type": "Point", "coordinates": [-82.85000000168702, 35.633333333905]}, "properties": {"p_logistic": 0.47314000129699707, "p_rf": 0.6019999980926514, "p_xgb": 0.9939011335372925, "date": "2026-01-29"}}, {"type": "Feature", "geometry": {"type": "Point", "coordinates": [-82.84166666835401, 35.633333333905]}, "properties": {"p_logistic": 0.47580164670944214, "p_rf": 0.6159999966621399, "p_xgb": 0.9894723296165466, "date": "2026-01-29"}}, {"type": "Feature", "geometry": {"type": "Point", "coordinates": [-82.83333333502102, 35.633333333905]}, "properties": {"p_logistic": 0.4778309166431427, "p_rf": 0.6119999885559082, "p_xgb": 0.9905474781990051, "date": "2026-01-29"}}, {"type": "Feature", "geometry": {"type": "Point", "coordinates": [-82.82500000168801, 35.633333333905]}, "properties": {"p_logistic": 0.47937384247779846, "p_rf": 0.5839999914169312, "p_xgb": 0.9905474781990051, "date": "2026-01-29"}}, {"type": "Feature", "geometry": {"type": "Point", "coordinates": [-82.81666666835503, 35.633333333905]}, "properties": {"p_logistic": 0.48054027557373047, "p_rf": 0.5740000009536743, "p_xgb": 0.9912372827529907, "date": "2026-01-29"}}, {"type": "Feature", "geometry": {"type": "Point", "coordinates": [-82.80833333502201, 35.633333333905]}, "properties": {"p_logistic": 0.4819846451282501, "p_rf": 0.550000011920929, "p_xgb": 0.9911574125289917, "date": "2026-01-29"}}, {"type": "Feature", "geometry": {"type": "Point", "coordinates": [-82.80000000168901, 35.633333333905]}, "properties": {"p_logistic": 0.4836181700229645, "p_rf": 0.5360000133514404, "p_xgb": 0.9883474707603455, "date": "2026-01-29"}}, {"type": "Feature", "geometry": {"type": "Point", "coordinates": [-82.79166666835602, 35.633333333905]}, "properties": {"p_logistic": 0.4845602512359619, "p_rf": 0.5519999861717224, "p_xgb": 0.9889581203460693, "date": "2026-01-29"}}, {"type": "Feature", "geometry": {"type": "Point", "coordinates": [-82.78333333502302, 35.633333333905]}, "properties": {"p_logistic": 0.48532575368881226, "p_rf": 0.5600000023841858, "p_xgb": 0.9893416166305542, "date": "2026-01-29"}}, {"type": "Feature", "geometry": {"type": "Point", "coordinates": [-82.77500000169002, 35.633333333905]}, "properties": {"p_logistic": 0.48600080609321594, "p_rf": 0.5699999928474426, "p_xgb": 0.9893416166305542, "date": "2026-01-29"}}, {"type": "Feature", "geometry": {"type": "Point", "coordinates": [-82.76666666835702, 35.633333333905]}, "properties": {"p_logistic": 0.486441969871521, "p_rf": 0.5879999995231628, "p_xgb": 0.985916793346405, "date": "2026-01-29"}}, {"type": "Feature", "geometry": {"type": "Point", "coordinates": [-82.75833333502402, 35.633333333905]}, "properties": {"p_logistic": 0.4866945445537567, "p_rf": 0.5920000076293945, "p_xgb": 0.9867234826087952, "date": "2026-01-29"}}, {"type": "Feature", "geometry": {"type": "Point", "coordinates": [-82.75000000169102, 35.633333333905]}, "properties": {"p_logistic": 0.4865085184574127, "p_rf": 0.6019999980926514, "p_xgb": 0.9887489080429077, "date": "2026-01-29"}}, {"type": "Feature", "geometry": {"type": "Point", "coordinates": [-82.74166666835802, 35.633333333905]}, "properties": {"p_logistic": 0.48683229088783264, "p_rf": 0.6039999723434448, "p_xgb": 0.9892983436584473, "date": "2026-01-29"}}, {"type": "Feature", "geometry": {"type": "Point", "coordinates": [-82.73333333502501, 35.633333333905]}, "properties": {"p_logistic": 0.48720669746398926, "p_rf": 0.5860000252723694, "p_xgb": 0.9821825623512268, "date": "2026-01-29"}}, {"type": "Feature", "geometry": {"type": "Point", "coordinates": [-82.72500000169202, 35.633333333905]}, "properties": {"p_logistic": 0.4879988729953766, "p_rf": 0.5019999742507935, "p_xgb": 0.9826016426086426, "date": "2026-01-29"}}, {"type": "Feature", "geometry": {"type": "Point", "coordinates": [-82.71666666835901, 35.633333333905]}, "properties": {"p_logistic": 0.488071471452713, "p_rf": 0.5059999823570251, "p_xgb": 0.9821146726608276, "date": "2026-01-29"}}, {"type": "Feature", "geometry": {"type": "Point", "coordinates": [-82.70833333502603, 35.633333333905]}, "properties": {"p_logistic": 0.4883558750152588, "p_rf": 0.5059999823570251, "p_xgb": 0.985952615737915, "date": "2026-01-29"}}, {"type": "Feature", "geometry": {"type": "Point", "coordinates": [-82.70000000169301, 35.633333333905]}, "properties": {"p_logistic": 0.4882136583328247, "p_rf": 0.5120000243186951, "p_xgb": 0.985952615737915, "date": "2026-01-29"}}, {"type": "Feature", "geometry": {"type": "Point", "coordinates": [-82.69166666836001, 35.633333333905]}, "properties": {"p_logistic": 0.48839595913887024, "p_rf": 0.527999997138977, "p_xgb": 0.9869223237037659, "date": "2026-01-29"}}, {"type": "Feature", "geometry": {"type": "Point", "coordinates": [-82.68333333502702, 35.633333333905]}, "properties": {"p_logistic": 0.4883926212787628, "p_rf": 0.5199999809265137, "p_xgb": 0.9866059422492981, "date": "2026-01-29"}}, {"type": "Feature", "geometry": {"type": "Point", "coordinates": [-82.67500000169402, 35.633333333905]}, "properties": {"p_logistic": 0.48851603269577026, "p_rf": 0.5220000147819519, "p_xgb": 0.9875431060791016, "date": "2026-01-29"}}, {"type": "Feature", "geometry": {"type": "Point", "coordinates": [-82.66666666836102, 35.633333333905]}, "properties": {"p_logistic": 0.48875540494918823, "p_rf": 0.5220000147819519, "p_xgb": 0.9875431060791016, "date": "2026-01-29"}}, {"type": "Feature", "geometry": {"type": "Point", "coordinates": [-82.65833333502802, 35.633333333905]}, "properties": {"p_logistic": 0.4892781376838684, "p_rf": 0.5220000147819519, "p_xgb": 0.9875431060791016, "date": "2026-01-29"}}, {"type": "Feature", "geometry": {"type": "Point", "coordinates": [-82.65000000169502, 35.633333333905]}, "properties": {"p_logistic": 0.48950254917144775, "p_rf": 0.5199999809265137, "p_xgb": 0.9869223237037659, "date": "2026-01-29"}}, {"type": "Feature", "geometry": {"type": "Point", "coordinates": [-82.64166666836202, 35.633333333905]}, "properties": {"p_logistic": 0.4898172914981842, "p_rf": 0.5220000147819519, "p_xgb": 0.988146185874939, "date": "2026-01-29"}}, {"type": "Feature", "geometry": {"type": "Point", "coordinates": [-82.63333333502902, 35.633333333905]}, "properties": {"p_logistic": 0.49012619256973267, "p_rf": 0.5460000038146973, "p_xgb": 0.988146185874939, "date": "2026-01-29"}}, {"type": "Feature", "geometry": {"type": "Point", "coordinates": [-82.62500000169601, 35.633333333905]}, "properties": {"p_logistic": 0.4909732937812805, "p_rf": 0.5379999876022339, "p_xgb": 0.9884040355682373, "date": "2026-01-29"}}, {"type": "Feature", "geometry": {"type": "Point", "coordinates": [-82.61666666836302, 35.633333333905]}, "properties": {"p_logistic": 0.4919370412826538, "p_rf": 0.5239999890327454, "p_xgb": 0.9884040355682373, "date": "2026-01-29"}}, {"type": "Feature", "geometry": {"type": "Point", "coordinates": [-82.60833333503001, 35.633333333905]}, "properties": {"p_logistic": 0.4922897517681122, "p_rf": 0.527999997138977, "p_xgb": 0.9889448285102844, "date": "2026-01-29"}}, {"type": "Feature", "geometry": {"type": "Point", "coordinates": [-82.60000000169703, 35.633333333905]}, "properties": {"p_logistic": 0.492434561252594, "p_rf": 0.5419999957084656, "p_xgb": 0.9894664883613586, "date": "2026-01-29"}}, {"type": "Feature", "geometry": {"type": "Point", "coordinates": [-82.59166666836401, 35.633333333905]}, "properties": {"p_logistic": 0.4921296536922455, "p_rf": 0.5479999780654907, "p_xgb": 0.9889510273933411, "date": "2026-01-29"}}, {"type": "Feature", "geometry": {"type": "Point", "coordinates": [-82.58333333503101, 35.633333333905]}, "properties": {"p_logistic": 0.4914083480834961, "p_rf": 0.5479999780654907, "p_xgb": 0.9886045455932617, "date": "2026-01-29"}}, {"type": "Feature", "geometry": {"type": "Point", "coordinates": [-82.57500000169802, 35.633333333905]}, "properties": {"p_logistic": 0.49063825607299805, "p_rf": 0.5379999876022339, "p_xgb": 0.9886045455932617, "date": "2026-01-29"}}, {"type": "Feature", "geometry": {"type": "Point", "coordinates": [-82.56666666836502, 35.633333333905]}, "properties": {"p_logistic": 0.4903143644332886, "p_rf": 0.5419999957084656, "p_xgb": 0.9886045455932617, "date": "2026-01-29"}}, {"type": "Feature", "geometry": {"type": "Point", "coordinates": [-82.55833333503202, 35.633333333905]}, "properties": {"p_logistic": 0.4907158315181732, "p_rf": 0.5600000023841858, "p_xgb": 0.9892065525054932, "date": "2026-01-29"}}, {"type": "Feature", "geometry": {"type": "Point", "coordinates": [-82.55000000169902, 35.633333333905]}, "properties": {"p_logistic": 0.4913739264011383, "p_rf": 0.5540000200271606, "p_xgb": 0.9894562363624573, "date": "2026-01-29"}}, {"type": "Feature", "geometry": {"type": "Point", "coordinates": [-82.54166666836602, 35.633333333905]}, "properties": {"p_logistic": 0.4917711615562439, "p_rf": 0.5360000133514404, "p_xgb": 0.9879196882247925, "date": "2026-01-29"}}, {"type": "Feature", "geometry": {"type": "Point", "coordinates": [-82.53333333503302, 35.633333333905]}, "properties": {"p_logistic": 0.49202999472618103, "p_rf": 0.5820000171661377, "p_xgb": 0.9879196882247925, "date": "2026-01-29"}}, {"type": "Feature", "geometry": {"type": "Point", "coordinates": [-82.52500000170002, 35.633333333905]}, "properties": {"p_logistic": 0.4924961030483246, "p_rf": 0.5720000267028809, "p_xgb": 0.9888378381729126, "date": "2026-01-29"}}, {"type": "Feature", "geometry": {"type": "Point", "coordinates": [-82.51666666836701, 35.633333333905]}, "properties": {"p_logistic": 0.4932573437690735, "p_rf": 0.6060000061988831, "p_xgb": 0.9814038276672363, "date": "2026-01-29"}}, {"type": "Feature", "geometry": {"type": "Point", "coordinates": [-82.50833333503402, 35.633333333905]}, "properties": {"p_logistic": 0.4939076006412506, "p_rf": 0.6380000114440918, "p_xgb": 0.9775445461273193, "date": "2026-01-29"}}, {"type": "Feature", "geometry": {"type": "Point", "coordinates": [-82.50000000170101, 35.633333333905]}, "properties": {"p_logistic": 0.49505117535591125, "p_rf": 0.6420000195503235, "p_xgb": 0.9771839380264282, "date": "2026-01-29"}}, {"type": "Feature", "geometry": {"type": "Point", "coordinates": [-82.49166666836803, 35.633333333905]}, "properties": {"p_logistic": 0.49640968441963196, "p_rf": 0.6340000033378601, "p_xgb": 0.9760311245918274, "date": "2026-01-29"}}, {"type": "Feature", "geometry": {"type": "Point", "coordinates": [-82.48333333503501, 35.633333333905]}, "properties": {"p_logistic": 0.4981354773044586, "p_rf": 0.6380000114440918, "p_xgb": 0.9656311869621277, "date": "2026-01-29"}}, {"type": "Feature", "geometry": {"type": "Point", "coordinates": [-82.47500000170201, 35.633333333905]}, "properties": {"p_logistic": 0.49962571263313293, "p_rf": 0.5899999737739563, "p_xgb": 0.9651333689689636, "date": "2026-01-29"}}, {"type": "Feature", "geometry": {"type": "Point", "coordinates": [-82.46666666836902, 35.633333333905]}, "properties": {"p_logistic": 0.5008389353752136, "p_rf": 0.5860000252723694, "p_xgb": 0.9651333689689636, "date": "2026-01-29"}}, {"type": "Feature", "geometry": {"type": "Point", "coordinates": [-82.45833333503602, 35.633333333905]}, "properties": {"p_logistic": 0.5022502541542053, "p_rf": 0.5920000076293945, "p_xgb": 0.9677927494049072, "date": "2026-01-29"}}, {"type": "Feature", "geometry": {"type": "Point", "coordinates": [-82.45000000170302, 35.633333333905]}, "properties": {"p_logistic": 0.5042662620544434, "p_rf": 0.6039999723434448, "p_xgb": 0.968844473361969, "date": "2026-01-29"}}, {"type": "Feature", "geometry": {"type": "Point", "coordinates": [-82.44166666837002, 35.633333333905]}, "properties": {"p_logistic": 0.5068451166152954, "p_rf": 0.6179999709129333, "p_xgb": 0.9723504185676575, "date": "2026-01-29"}}, {"type": "Feature", "geometry": {"type": "Point", "coordinates": [-82.43333333503702, 35.633333333905]}, "properties": {"p_logistic": 0.5101611018180847, "p_rf": 0.6140000224113464, "p_xgb": 0.967606246471405, "date": "2026-01-29"}}, {"type": "Feature", "geometry": {"type": "Point", "coordinates": [-82.42500000170402, 35.633333333905]}, "properties": {"p_logistic": 0.5135648846626282, "p_rf": 0.593999981880188, "p_xgb": 0.9432669878005981, "date": "2026-01-29"}}, {"type": "Feature", "geometry": {"type": "Point", "coordinates": [-82.41666666837102, 35.633333333905]}, "properties": {"p_logistic": 0.5155473351478577, "p_rf": 0.5979999899864197, "p_xgb": 0.9432669878005981, "date": "2026-01-29"}}, {"type": "Feature", "geometry": {"type": "Point", "coordinates": [-82.40833333503801, 35.633333333905]}, "properties": {"p_logistic": 0.5154937505722046, "p_rf": 0.5960000157356262, "p_xgb": 0.9432669878005981, "date": "2026-01-29"}}, {"type": "Feature", "geometry": {"type": "Point", "coordinates": [-82.40000000170502, 35.633333333905]}, "properties": {"p_logistic": 0.5142309665679932, "p_rf": 0.5979999899864197, "p_xgb": 0.9454354047775269, "date": "2026-01-29"}}, {"type": "Feature", "geometry": {"type": "Point", "coordinates": [-82.39166666837201, 35.633333333905]}, "properties": {"p_logistic": 0.5123019814491272, "p_rf": 0.5960000157356262, "p_xgb": 0.9448055028915405, "date": "2026-01-29"}}, {"type": "Feature", "geometry": {"type": "Point", "coordinates": [-82.38333333503903, 35.633333333905]}, "properties": {"p_logistic": 0.5105018615722656, "p_rf": 0.593999981880188, "p_xgb": 0.9458709955215454, "date": "2026-01-29"}}, {"type": "Feature", "geometry": {"type": "Point", "coordinates": [-82.37500000170601, 35.633333333905]}, "properties": {"p_logistic": 0.5099670886993408, "p_rf": 0.6019999980926514, "p_xgb": 0.9458709955215454, "date": "2026-01-29"}}, {"type": "Feature", "geometry": {"type": "Point", "coordinates": [-82.36666666837301, 35.633333333905]}, "properties": {"p_logistic": 0.5100077986717224, "p_rf": 0.6060000061988831, "p_xgb": 0.9559194445610046, "date": "2026-01-29"}}, {"type": "Feature", "geometry": {"type": "Point", "coordinates": [-82.35833333504002, 35.633333333905]}, "properties": {"p_logistic": 0.5084465742111206, "p_rf": 0.6539999842643738, "p_xgb": 0.9586407542228699, "date": "2026-01-29"}}, {"type": "Feature", "geometry": {"type": "Point", "coordinates": [-82.35000000170702, 35.633333333905]}, "properties": {"p_logistic": 0.5071392059326172, "p_rf": 0.6919999718666077, "p_xgb": 0.9852032661437988, "date": "2026-01-29"}}, {"type": "Feature", "geometry": {"type": "Point", "coordinates": [-82.34166666837402, 35.633333333905]}, "properties": {"p_logistic": 0.5057061314582825, "p_rf": 0.6880000233650208, "p_xgb": 0.9852032661437988, "date": "2026-01-29"}}, {"type": "Feature", "geometry": {"type": "Point", "coordinates": [-82.33333333504102, 35.633333333905]}, "properties": {"p_logistic": 0.5044768452644348, "p_rf": 0.6759999990463257, "p_xgb": 0.9845820069313049, "date": "2026-01-29"}}, {"type": "Feature", "geometry": {"type": "Point", "coordinates": [-82.32500000170802, 35.633333333905]}, "properties": {"p_logistic": 0.5039657354354858, "p_rf": 0.6759999990463257, "p_xgb": 0.9843055009841919, "date": "2026-01-29"}}, {"type": "Feature", "geometry": {"type": "Point", "coordinates": [-82.31666666837502, 35.633333333905]}, "properties": {"p_logistic": 0.5039350986480713, "p_rf": 0.6639999747276306, "p_xgb": 0.9958221912384033, "date": "2026-01-29"}}, {"type": "Feature", "geometry": {"type": "Point", "coordinates": [-82.30833333504202, 35.633333333905]}, "properties": {"p_logistic": 0.5039701461791992, "p_rf": 0.6899999976158142, "p_xgb": 0.9962899684906006, "date": "2026-01-29"}}, {"type": "Feature", "geometry": {"type": "Point", "coordinates": [-82.30000000170901, 35.633333333905]}, "properties": {"p_logistic": 0.5038312673568726, "p_rf": 0.7319999933242798, "p_xgb": 0.9963051080703735, "date": "2026-01-29"}}, {"type": "Feature", "geometry": {"type": "Point", "coordinates": [-82.29166666837602, 35.633333333905]}, "properties": {"p_logistic": 0.5046597719192505, "p_rf": 0.6759999990463257, "p_xgb": 0.9959532022476196, "date": "2026-01-29"}}, {"type": "Feature", "geometry": {"type": "Point", "coordinates": [-82.28333333504301, 35.633333333905]}, "properties": {"p_logistic": 0.5068529844284058, "p_rf": 0.6460000276565552, "p_xgb": 0.9927413463592529, "date": "2026-01-29"}}, {"type": "Feature", "geometry": {"type": "Point", "coordinates": [-82.27500000171003, 35.633333333905]}, "properties": {"p_logistic": 0.5109810829162598, "p_rf": 0.6179999709129333, "p_xgb": 0.9755458831787109, "date": "2026-01-29"}}, {"type": "Feature", "geometry": {"type": "Point", "coordinates": [-82.85000000168702, 35.625000000572]}, "properties": {"p_logistic": 0.4733719229698181, "p_rf": 0.5540000200271606, "p_xgb": 0.9925917387008667, "date": "2026-01-29"}}, {"type": "Feature", "geometry": {"type": "Point", "coordinates": [-82.84166666835401, 35.625000000572]}, "properties": {"p_logistic": 0.4760313928127289, "p_rf": 0.578000009059906, "p_xgb": 0.9947386384010315, "date": "2026-01-29"}}, {"type": "Feature", "geometry": {"type": "Point", "coordinates": [-82.83333333502102, 35.625000000572]}, "properties": {"p_logistic": 0.4780619740486145, "p_rf": 0.5580000281333923, "p_xgb": 0.9894723296165466, "date": "2026-01-29"}}, {"type": "Feature", "geometry": {"type": "Point", "coordinates": [-82.82500000168801, 35.625000000572]}, "properties": {"p_logistic": 0.4797322750091553, "p_rf": 0.5640000104904175, "p_xgb": 0.9896551370620728, "date": "2026-01-29"}}, {"type": "Feature", "geometry": {"type": "Point", "coordinates": [-82.80833333502201, 35.625000000572]}, "properties": {"p_logistic": 0.4828585088253021, "p_rf": 0.5440000295639038, "p_xgb": 0.9895610809326172, "date": "2026-01-29"}}, {"type": "Feature", "geometry": {"type": "Point", "coordinates": [-82.80000000168901, 35.625000000572]}, "properties": {"p_logistic": 0.48436495661735535, "p_rf": 0.5519999861717224, "p_xgb": 0.9889581203460693, "date": "2026-01-29"}}, {"type": "Feature", "geometry": {"type": "Point", "coordinates": [-82.79166666835602, 35.625000000572]}, "properties": {"p_logistic": 0.48513439297676086, "p_rf": 0.5659999847412109, "p_xgb": 0.9876613616943359, "date": "2026-01-29"}}, {"type": "Feature", "geometry": {"type": "Point", "coordinates": [-82.78333333502302, 35.625000000572]}, "properties": {"p_logistic": 0.48570650815963745, "p_rf": 0.5680000185966492, "p_xgb": 0.9885256886482239, "date": "2026-01-29"}}, {"type": "Feature", "geometry": {"type": "Point", "coordinates": [-82.77500000169002, 35.625000000572]}, "properties": {"p_logistic": 0.4864872694015503, "p_rf": 0.5659999847412109, "p_xgb": 0.9885256886482239, "date": "2026-01-29"}}, {"type": "Feature", "geometry": {"type": "Point", "coordinates": [-82.76666666835702, 35.625000000572]}, "properties": {"p_logistic": 0.4869939982891083, "p_rf": 0.5860000252723694, "p_xgb": 0.9885256886482239, "date": "2026-01-29"}}, {"type": "Feature", "geometry": {"type": "Point", "coordinates": [-82.75833333502402, 35.625000000572]}, "properties": {"p_logistic": 0.48730918765068054, "p_rf": 0.5860000252723694, "p_xgb": 0.9869017004966736, "date": "2026-01-29"}}, {"type": "Feature", "geometry": {"type": "Point", "coordinates": [-82.75000000169102, 35.625000000572]}, "properties": {"p_logistic": 0.48745453357696533, "p_rf": 0.5979999899864197, "p_xgb": 0.9876526594161987, "date": "2026-01-29"}}, {"type": "Feature", "geometry": {"type": "Point", "coordinates": [-82.74166666835802, 35.625000000572]}, "properties": {"p_logistic": 0.4878380000591278, "p_rf": 0.6079999804496765, "p_xgb": 0.9876526594161987, "date": "2026-01-29"}}, {"type": "Feature", "geometry": {"type": "Point", "coordinates": [-82.73333333502501, 35.625000000572]}, "properties": {"p_logistic": 0.4881005585193634, "p_rf": 0.6039999723434448, "p_xgb": 0.9897323250770569, "date": "2026-01-29"}}, {"type": "Feature", "geometry": {"type": "Point", "coordinates": [-82.72500000169202, 35.625000000572]}, "properties": {"p_logistic": 0.4888092577457428, "p_rf": 0.5979999899864197, "p_xgb": 0.9834082126617432, "date": "2026-01-29"}}, {"type": "Feature", "geometry": {"type": "Point", "coordinates": [-82.71666666835901, 35.625000000572]}, "properties": {"p_logistic": 0.4888994097709656, "p_rf": 0.5540000200271606, "p_xgb": 0.9834082126617432, "date": "2026-01-29"}}, {"type": "Feature", "geometry": {"type": "Point", "coordinates": [-82.70833333502603, 35.625000000572]}, "properties": {"p_logistic": 0.48899930715560913, "p_rf": 0.5239999890327454, "p_xgb": 0.9837989807128906, "date": "2026-01-29"}}, {"type": "Feature", "geometry": {"type": "Point", "coordinates": [-82.70000000169301, 35.625000000572]}, "properties": {"p_logistic": 0.4885101020336151, "p_rf": 0.5360000133514404, "p_xgb": 0.9834082126617432, "date": "2026-01-29"}}, {"type": "Feature", "geometry": {"type": "Point", "coordinates": [-82.69166666836001, 35.625000000572]}, "properties": {"p_logistic": 0.4886431097984314, "p_rf": 0.5640000104904175, "p_xgb": 0.9834082126617432, "date": "2026-01-29"}}, {"type": "Feature", "geometry": {"type": "Point", "coordinates": [-82.68333333502702, 35.625000000572]}, "properties": {"p_logistic": 0.4886136054992676, "p_rf": 0.6000000238418579, "p_xgb": 0.9845656752586365, "date": "2026-01-29"}}, {"type": "Feature", "geometry": {"type": "Point", "coordinates": [-82.67500000169402, 35.625000000572]}, "properties": {"p_logistic": 0.4885556995868683, "p_rf": 0.6000000238418579, "p_xgb": 0.9828062653541565, "date": "2026-01-29"}}, {"type": "Feature", "geometry": {"type": "Point", "coordinates": [-82.66666666836102, 35.625000000572]}, "properties": {"p_logistic": 0.4885901212692261, "p_rf": 0.6000000238418579, "p_xgb": 0.9828062653541565, "date": "2026-01-29"}}, {"type": "Feature", "geometry": {"type": "Point", "coordinates": [-82.65833333502802, 35.625000000572]}, "properties": {"p_logistic": 0.4888168275356293, "p_rf": 0.5979999899864197, "p_xgb": 0.9826934337615967, "date": "2026-01-29"}}, {"type": "Feature", "geometry": {"type": "Point", "coordinates": [-82.65000000169502, 35.625000000572]}, "properties": {"p_logistic": 0.4891068637371063, "p_rf": 0.5379999876022339, "p_xgb": 0.9867992997169495, "date": "2026-01-29"}}, {"type": "Feature", "geometry": {"type": "Point", "coordinates": [-82.64166666836202, 35.625000000572]}, "properties": {"p_logistic": 0.48951974511146545, "p_rf": 0.5199999809265137, "p_xgb": 0.9864282011985779, "date": "2026-01-29"}}, {"type": "Feature", "geometry": {"type": "Point", "coordinates": [-82.63333333502902, 35.625000000572]}, "properties": {"p_logistic": 0.48985597491264343, "p_rf": 0.5180000066757202, "p_xgb": 0.9881393909454346, "date": "2026-01-29"}}, {"type": "Feature", "geometry": {"type": "Point", "coordinates": [-82.62500000169601, 35.625000000572]}, "properties": {"p_logistic": 0.4902035593986511, "p_rf": 0.5339999794960022, "p_xgb": 0.988976776599884, "date": "2026-01-29"}}, {"type": "Feature", "geometry": {"type": "Point", "coordinates": [-82.61666666836302, 35.625000000572]}, "properties": {"p_logistic": 0.49111390113830566, "p_rf": 0.5440000295639038, "p_xgb": 0.988976776599884, "date": "2026-01-29"}}, {"type": "Feature", "geometry": {"type": "Point", "coordinates": [-82.60833333503001, 35.625000000572]}, "properties": {"p_logistic": 0.49129343032836914, "p_rf": 0.5360000133514404, "p_xgb": 0.9892065525054932, "date": "2026-01-29"}}, {"type": "Feature", "geometry": {"type": "Point", "coordinates": [-82.60000000169703, 35.625000000572]}, "properties": {"p_logistic": 0.49132949113845825, "p_rf": 0.5440000295639038, "p_xgb": 0.9892065525054932, "date": "2026-01-29"}}, {"type": "Feature", "geometry": {"type": "Point", "coordinates": [-82.59166666836401, 35.625000000572]}, "properties": {"p_logistic": 0.49076396226882935, "p_rf": 0.550000011920929, "p_xgb": 0.9892065525054932, "date": "2026-01-29"}}, {"type": "Feature", "geometry": {"type": "Point", "coordinates": [-82.58333333503101, 35.625000000572]}, "properties": {"p_logistic": 0.49005791544914246, "p_rf": 0.5400000214576721, "p_xgb": 0.9884040355682373, "date": "2026-01-29"}}, {"type": "Feature", "geometry": {"type": "Point", "coordinates": [-82.57500000169802, 35.625000000572]}, "properties": {"p_logistic": 0.48889097571372986, "p_rf": 0.5239999890327454, "p_xgb": 0.9889510273933411, "date": "2026-01-29"}}, {"type": "Feature", "geometry": {"type": "Point", "coordinates": [-82.56666666836502, 35.625000000572]}, "properties": {"p_logistic": 0.4892866015434265, "p_rf": 0.5220000147819519, "p_xgb": 0.9889510273933411, "date": "2026-01-29"}}, {"type": "Feature", "geometry": {"type": "Point", "coordinates": [-82.55833333503202, 35.625000000572]}, "properties": {"p_logistic": 0.4901137053966522, "p_rf": 0.5540000200271606, "p_xgb": 0.9892065525054932, "date": "2026-01-29"}}, {"type": "Feature", "geometry": {"type": "Point", "coordinates": [-82.55000000169902, 35.625000000572]}, "properties": {"p_logistic": 0.4906693994998932, "p_rf": 0.5419999957084656, "p_xgb": 0.9876976609230042, "date": "2026-01-29"}}, {"type": "Feature", "geometry": {"type": "Point", "coordinates": [-82.54166666836602, 35.625000000572]}, "properties": {"p_logistic": 0.4913594722747803, "p_rf": 0.5720000267028809, "p_xgb": 0.9876434803009033, "date": "2026-01-29"}}, {"type": "Feature", "geometry": {"type": "Point", "coordinates": [-82.53333333503302, 35.625000000572]}, "properties": {"p_logistic": 0.4923262894153595, "p_rf": 0.5699999928474426, "p_xgb": 0.9864640235900879, "date": "2026-01-29"}}, {"type": "Feature", "geometry": {"type": "Point", "coordinates": [-82.52500000170002, 35.625000000572]}, "properties": {"p_logistic": 0.49284490942955017, "p_rf": 0.5640000104904175, "p_xgb": 0.9808839559555054, "date": "2026-01-29"}}, {"type": "Feature", "geometry": {"type": "Point", "coordinates": [-82.51666666836701, 35.625000000572]}, "properties": {"p_logistic": 0.49366071820259094, "p_rf": 0.6299999952316284, "p_xgb": 0.9775445461273193, "date": "2026-01-29"}}, {"type": "Feature", "geometry": {"type": "Point", "coordinates": [-82.50833333503402, 35.625000000572]}, "properties": {"p_logistic": 0.4950920343399048, "p_rf": 0.6399999856948853, "p_xgb": 0.9760311245918274, "date": "2026-01-29"}}, {"type": "Feature", "geometry": {"type": "Point", "coordinates": [-82.50000000170101, 35.625000000572]}, "properties": {"p_logistic": 0.4964919984340668, "p_rf": 0.6480000019073486, "p_xgb": 0.9695562124252319, "date": "2026-01-29"}}, {"type": "Feature", "geometry": {"type": "Point", "coordinates": [-82.49166666836803, 35.625000000572]}, "properties": {"p_logistic": 0.49838435649871826, "p_rf": 0.6159999966621399, "p_xgb": 0.9656311869621277, "date": "2026-01-29"}}, {"type": "Feature", "geometry": {"type": "Point", "coordinates": [-82.48333333503501, 35.625000000572]}, "properties": {"p_logistic": 0.5000936388969421, "p_rf": 0.5860000252723694, "p_xgb": 0.9651333689689636, "date": "2026-01-29"}}, {"type": "Feature", "geometry": {"type": "Point", "coordinates": [-82.47500000170201, 35.625000000572]}, "properties": {"p_logistic": 0.5015386939048767, "p_rf": 0.593999981880188, "p_xgb": 0.968844473361969, "date": "2026-01-29"}}, {"type": "Feature", "geometry": {"type": "Point", "coordinates": [-82.46666666836902, 35.625000000572]}, "properties": {"p_logistic": 0.5026801228523254, "p_rf": 0.6060000061988831, "p_xgb": 0.9706934094429016, "date": "2026-01-29"}}, {"type": "Feature", "geometry": {"type": "Point", "coordinates": [-82.45833333503602, 35.625000000572]}, "properties": {"p_logistic": 0.5038657784461975, "p_rf": 0.6079999804496765, "p_xgb": 0.9715448617935181, "date": "2026-01-29"}}, {"type": "Feature", "geometry": {"type": "Point", "coordinates": [-82.45000000170302, 35.625000000572]}, "properties": {"p_logistic": 0.5055028200149536, "p_rf": 0.6140000224113464, "p_xgb": 0.9775245189666748, "date": "2026-01-29"}}, {"type": "Feature", "geometry": {"type": "Point", "coordinates": [-82.44166666837002, 35.625000000572]}, "properties": {"p_logistic": 0.5078453421592712, "p_rf": 0.6200000047683716, "p_xgb": 0.9736440181732178, "date": "2026-01-29"}}, {"type": "Feature", "geometry": {"type": "Point", "coordinates": [-82.43333333503702, 35.625000000572]}, "properties": {"p_logistic": 0.5106026530265808, "p_rf": 0.5979999899864197, "p_xgb": 0.9416648149490356, "date": "2026-01-29"}}, {"type": "Feature", "geometry": {"type": "Point", "coordinates": [-82.42500000170402, 35.625000000572]}, "properties": {"p_logistic": 0.5140852928161621, "p_rf": 0.593999981880188, "p_xgb": 0.9416648149490356, "date": "2026-01-29"}}, {"type": "Feature", "geometry": {"type": "Point", "coordinates": [-82.41666666837102, 35.625000000572]}, "properties": {"p_logistic": 0.5159027576446533, "p_rf": 0.5979999899864197, "p_xgb": 0.9484540820121765, "date": "2026-01-29"}}, {"type": "Feature", "geometry": {"type": "Point", "coordinates": [-82.40833333503801, 35.625000000572]}, "properties": {"p_logistic": 0.5157506465911865, "p_rf": 0.6100000143051147, "p_xgb": 0.9484540820121765, "date": "2026-01-29"}}, {"type": "Feature", "geometry": {"type": "Point", "coordinates": [-82.40000000170502, 35.625000000572]}, "properties": {"p_logistic": 0.5141702890396118, "p_rf": 0.6159999966621399, "p_xgb": 0.9472013115882874, "date": "2026-01-29"}}, {"type": "Feature", "geometry": {"type": "Point", "coordinates": [-82.39166666837201, 35.625000000572]}, "properties": {"p_logistic": 0.5119398832321167, "p_rf": 0.6000000238418579, "p_xgb": 0.9458709955215454, "date": "2026-01-29"}}, {"type": "Feature", "geometry": {"type": "Point", "coordinates": [-82.38333333503903, 35.625000000572]}, "properties": {"p_logistic": 0.5110161900520325, "p_rf": 0.6079999804496765, "p_xgb": 0.9458709955215454, "date": "2026-01-29"}}, {"type": "Feature", "geometry": {"type": "Point", "coordinates": [-82.37500000170601, 35.625000000572]}, "properties": {"p_logistic": 0.5109344720840454, "p_rf": 0.6079999804496765, "p_xgb": 0.9486720561981201, "date": "2026-01-29"}}, {"type": "Feature", "geometry": {"type": "Point", "coordinates": [-82.36666666837301, 35.625000000572]}, "properties": {"p_logistic": 0.5097514986991882, "p_rf": 0.621999979019165, "p_xgb": 0.968113899230957, "date": "2026-01-29"}}, {"type": "Feature", "geometry": {"type": "Point", "coordinates": [-82.35833333504002, 35.625000000572]}, "properties": {"p_logistic": 0.5078617334365845, "p_rf": 0.6600000262260437, "p_xgb": 0.9689699411392212, "date": "2026-01-29"}}, {"type": "Feature", "geometry": {"type": "Point", "coordinates": [-82.35000000170702, 35.625000000572]}, "properties": {"p_logistic": 0.5071831345558167, "p_rf": 0.6940000057220459, "p_xgb": 0.9703285694122314, "date": "2026-01-29"}}, {"type": "Feature", "geometry": {"type": "Point", "coordinates": [-82.34166666837402, 35.625000000572]}, "properties": {"p_logistic": 0.5056908130645752, "p_rf": 0.6899999976158142, "p_xgb": 0.9852032661437988, "date": "2026-01-29"}}, {"type": "Feature", "geometry": {"type": "Point", "coordinates": [-82.33333333504102, 35.625000000572]}, "properties": {"p_logistic": 0.5047976970672607, "p_rf": 0.6800000071525574, "p_xgb": 0.9843055009841919, "date": "2026-01-29"}}, {"type": "Feature", "geometry": {"type": "Point", "coordinates": [-82.32500000170802, 35.625000000572]}, "properties": {"p_logistic": 0.5041021704673767, "p_rf": 0.6639999747276306, "p_xgb": 0.9934943318367004, "date": "2026-01-29"}}, {"type": "Feature", "geometry": {"type": "Point", "coordinates": [-82.31666666837502, 35.625000000572]}, "properties": {"p_logistic": 0.5037556886672974, "p_rf": 0.6880000233650208, "p_xgb": 0.9960953593254089, "date": "2026-01-29"}}, {"type": "Feature", "geometry": {"type": "Point", "coordinates": [-82.30833333504202, 35.625000000572]}, "properties": {"p_logistic": 0.5038949847221375, "p_rf": 0.6759999990463257, "p_xgb": 0.9963051080703735, "date": "2026-01-29"}}, {"type": "Feature", "geometry": {"type": "Point", "coordinates": [-82.30000000170901, 35.625000000572]}, "properties": {"p_logistic": 0.5040016174316406, "p_rf": 0.6639999747276306, "p_xgb": 0.9951545000076294, "date": "2026-01-29"}}, {"type": "Feature", "geometry": {"type": "Point", "coordinates": [-82.29166666837602, 35.625000000572]}, "properties": {"p_logistic": 0.5051121711730957, "p_rf": 0.6359999775886536, "p_xgb": 0.9855508804321289, "date": "2026-01-29"}}, {"type": "Feature", "geometry": {"type": "Point", "coordinates": [-82.28333333504301, 35.625000000572]}, "properties": {"p_logistic": 0.5074917078018188, "p_rf": 0.6380000114440918, "p_xgb": 0.9755458831787109, "date": "2026-01-29"}}, {"type": "Feature", "geometry": {"type": "Point", "coordinates": [-82.27500000171003, 35.625000000572]}, "properties": {"p_logistic": 0.5121161937713623, "p_rf": 0.6299999952316284, "p_xgb": 0.9778684973716736, "date": "2026-01-29"}}, {"type": "Feature", "geometry": {"type": "Point", "coordinates": [-82.85000000168702, 35.616666667239]}, "properties": {"p_logistic": 0.47358036041259766, "p_rf": 0.492000013589859, "p_xgb": 0.981476366519928, "date": "2026-01-29"}}, {"type": "Feature", "geometry": {"type": "Point", "coordinates": [-82.80833333502201, 35.616666667239]}, "properties": {"p_logistic": 0.483519971370697, "p_rf": 0.5460000038146973, "p_xgb": 0.9872181415557861, "date": "2026-01-29"}}, {"type": "Feature", "geometry": {"type": "Point", "coordinates": [-82.80000000168901, 35.616666667239]}, "properties": {"p_logistic": 0.4847028851509094, "p_rf": 0.5659999847412109, "p_xgb": 0.9876613616943359, "date": "2026-01-29"}}, {"type": "Feature", "geometry": {"type": "Point", "coordinates": [-82.79166666835602, 35.616666667239]}, "properties": {"p_logistic": 0.48534515500068665, "p_rf": 0.5680000185966492, "p_xgb": 0.9876613616943359, "date": "2026-01-29"}}, {"type": "Feature", "geometry": {"type": "Point", "coordinates": [-82.78333333502302, 35.616666667239]}, "properties": {"p_logistic": 0.4864031672477722, "p_rf": 0.5600000023841858, "p_xgb": 0.9885256886482239, "date": "2026-01-29"}}, {"type": "Feature", "geometry": {"type": "Point", "coordinates": [-82.77500000169002, 35.616666667239]}, "properties": {"p_logistic": 0.4872407913208008, "p_rf": 0.5640000104904175, "p_xgb": 0.9890643954277039, "date": "2026-01-29"}}, {"type": "Feature", "geometry": {"type": "Point", "coordinates": [-82.76666666835702, 35.616666667239]}, "properties": {"p_logistic": 0.48769593238830566, "p_rf": 0.578000009059906, "p_xgb": 0.9890643954277039, "date": "2026-01-29"}}, {"type": "Feature", "geometry": {"type": "Point", "coordinates": [-82.75833333502402, 35.616666667239]}, "properties": {"p_logistic": 0.487870454788208, "p_rf": 0.5879999995231628, "p_xgb": 0.9849051833152771, "date": "2026-01-29"}}, {"type": "Feature", "geometry": {"type": "Point", "coordinates": [-82.75000000169102, 35.616666667239]}, "properties": {"p_logistic": 0.4878906011581421, "p_rf": 0.5879999995231628, "p_xgb": 0.9869017004966736, "date": "2026-01-29"}}, {"type": "Feature", "geometry": {"type": "Point", "coordinates": [-82.74166666835802, 35.616666667239]}, "properties": {"p_logistic": 0.4882155954837799, "p_rf": 0.593999981880188, "p_xgb": 0.9876526594161987, "date": "2026-01-29"}}, {"type": "Feature", "geometry": {"type": "Point", "coordinates": [-82.73333333502501, 35.616666667239]}, "properties": {"p_logistic": 0.48852887749671936, "p_rf": 0.6060000061988831, "p_xgb": 0.9876526594161987, "date": "2026-01-29"}}, {"type": "Feature", "geometry": {"type": "Point", "coordinates": [-82.72500000169202, 35.616666667239]}, "properties": {"p_logistic": 0.48877906799316406, "p_rf": 0.6100000143051147, "p_xgb": 0.9843991994857788, "date": "2026-01-29"}}, {"type": "Feature", "geometry": {"type": "Point", "coordinates": [-82.71666666835901, 35.616666667239]}, "properties": {"p_logistic": 0.4895082712173462, "p_rf": 0.6079999804496765, "p_xgb": 0.9843991994857788, "date": "2026-01-29"}}, {"type": "Feature", "geometry": {"type": "Point", "coordinates": [-82.70833333502603, 35.616666667239]}, "properties": {"p_logistic": 0.4889686703681946, "p_rf": 0.6079999804496765, "p_xgb": 0.9843991994857788, "date": "2026-01-29"}}, {"type": "Feature", "geometry": {"type": "Point", "coordinates": [-82.70000000169301, 35.616666667239]}, "properties": {"p_logistic": 0.48886626958847046, "p_rf": 0.6100000143051147, "p_xgb": 0.9843991994857788, "date": "2026-01-29"}}, {"type": "Feature", "geometry": {"type": "Point", "coordinates": [-82.69166666836001, 35.616666667239]}, "properties": {"p_logistic": 0.48880860209465027, "p_rf": 0.6079999804496765, "p_xgb": 0.9836024045944214, "date": "2026-01-29"}}, {"type": "Feature", "geometry": {"type": "Point", "coordinates": [-82.68333333502702, 35.616666667239]}, "properties": {"p_logistic": 0.4885651171207428, "p_rf": 0.6019999980926514, "p_xgb": 0.9821411371231079, "date": "2026-01-29"}}, {"type": "Feature", "geometry": {"type": "Point", "coordinates": [-82.67500000169402, 35.616666667239]}, "properties": {"p_logistic": 0.4885547161102295, "p_rf": 0.593999981880188, "p_xgb": 0.9780721664428711, "date": "2026-01-29"}}, {"type": "Feature", "geometry": {"type": "Point", "coordinates": [-82.66666666836102, 35.616666667239]}, "properties": {"p_logistic": 0.48855090141296387, "p_rf": 0.593999981880188, "p_xgb": 0.9784641265869141, "date": "2026-01-29"}}, {"type": "Feature", "geometry": {"type": "Point", "coordinates": [-82.65833333502802, 35.616666667239]}, "properties": {"p_logistic": 0.4886500835418701, "p_rf": 0.593999981880188, "p_xgb": 0.9784641265869141, "date": "2026-01-29"}}, {"type": "Feature", "geometry": {"type": "Point", "coordinates": [-82.65000000169502, 35.616666667239]}, "properties": {"p_logistic": 0.4888717234134674, "p_rf": 0.6299999952316284, "p_xgb": 0.9784641265869141, "date": "2026-01-29"}}, {"type": "Feature", "geometry": {"type": "Point", "coordinates": [-82.64166666836202, 35.616666667239]}, "properties": {"p_logistic": 0.4890788197517395, "p_rf": 0.628000020980835, "p_xgb": 0.9782100319862366, "date": "2026-01-29"}}, {"type": "Feature", "geometry": {"type": "Point", "coordinates": [-82.63333333502902, 35.616666667239]}, "properties": {"p_logistic": 0.48928511142730713, "p_rf": 0.5960000157356262, "p_xgb": 0.9782100319862366, "date": "2026-01-29"}}, {"type": "Feature", "geometry": {"type": "Point", "coordinates": [-82.62500000169601, 35.616666667239]}, "properties": {"p_logistic": 0.48963662981987, "p_rf": 0.5540000200271606, "p_xgb": 0.9823916554450989, "date": "2026-01-29"}}, {"type": "Feature", "geometry": {"type": "Point", "coordinates": [-82.61666666836302, 35.616666667239]}, "properties": {"p_logistic": 0.4900375306606293, "p_rf": 0.550000011920929, "p_xgb": 0.9876434803009033, "date": "2026-01-29"}}, {"type": "Feature", "geometry": {"type": "Point", "coordinates": [-82.60833333503001, 35.616666667239]}, "properties": {"p_logistic": 0.4908791780471802, "p_rf": 0.550000011920929, "p_xgb": 0.9876976609230042, "date": "2026-01-29"}}, {"type": "Feature", "geometry": {"type": "Point", "coordinates": [-82.60000000169703, 35.616666667239]}, "properties": {"p_logistic": 0.4909587800502777, "p_rf": 0.5360000133514404, "p_xgb": 0.9890629649162292, "date": "2026-01-29"}}, {"type": "Feature", "geometry": {"type": "Point", "coordinates": [-82.59166666836401, 35.616666667239]}, "properties": {"p_logistic": 0.4906424880027771, "p_rf": 0.5360000133514404, "p_xgb": 0.9899635910987854, "date": "2026-01-29"}}, {"type": "Feature", "geometry": {"type": "Point", "coordinates": [-82.58333333503101, 35.616666667239]}, "properties": {"p_logistic": 0.48980820178985596, "p_rf": 0.5419999957084656, "p_xgb": 0.9892065525054932, "date": "2026-01-29"}}, {"type": "Feature", "geometry": {"type": "Point", "coordinates": [-82.57500000169802, 35.616666667239]}, "properties": {"p_logistic": 0.4895797669887543, "p_rf": 0.5379999876022339, "p_xgb": 0.9884040355682373, "date": "2026-01-29"}}, {"type": "Feature", "geometry": {"type": "Point", "coordinates": [-82.56666666836502, 35.616666667239]}, "properties": {"p_logistic": 0.4891541004180908, "p_rf": 0.5460000038146973, "p_xgb": 0.9884040355682373, "date": "2026-01-29"}}, {"type": "Feature", "geometry": {"type": "Point", "coordinates": [-82.55833333503202, 35.616666667239]}, "properties": {"p_logistic": 0.49071428179740906, "p_rf": 0.5559999942779541, "p_xgb": 0.9899635910987854, "date": "2026-01-29"}}, {"type": "Feature", "geometry": {"type": "Point", "coordinates": [-82.55000000169902, 35.616666667239]}, "properties": {"p_logistic": 0.49105459451675415, "p_rf": 0.578000009059906, "p_xgb": 0.9876434803009033, "date": "2026-01-29"}}, {"type": "Feature", "geometry": {"type": "Point", "coordinates": [-82.54166666836602, 35.616666667239]}, "properties": {"p_logistic": 0.4918481707572937, "p_rf": 0.5799999833106995, "p_xgb": 0.9859110116958618, "date": "2026-01-29"}}, {"type": "Feature", "geometry": {"type": "Point", "coordinates": [-82.53333333503302, 35.616666667239]}, "properties": {"p_logistic": 0.4924325942993164, "p_rf": 0.578000009059906, "p_xgb": 0.9859110116958618, "date": "2026-01-29"}}, {"type": "Feature", "geometry": {"type": "Point", "coordinates": [-82.52500000170002, 35.616666667239]}, "properties": {"p_logistic": 0.4930267333984375, "p_rf": 0.5740000009536743, "p_xgb": 0.9769194722175598, "date": "2026-01-29"}}, {"type": "Feature", "geometry": {"type": "Point", "coordinates": [-82.51666666836701, 35.616666667239]}, "properties": {"p_logistic": 0.4950641691684723, "p_rf": 0.6019999980926514, "p_xgb": 0.9760311245918274, "date": "2026-01-29"}}, {"type": "Feature", "geometry": {"type": "Point", "coordinates": [-82.50833333503402, 35.616666667239]}, "properties": {"p_logistic": 0.4969441294670105, "p_rf": 0.6159999966621399, "p_xgb": 0.9651333689689636, "date": "2026-01-29"}}, {"type": "Feature", "geometry": {"type": "Point", "coordinates": [-82.50000000170101, 35.616666667239]}, "properties": {"p_logistic": 0.49890127778053284, "p_rf": 0.5720000267028809, "p_xgb": 0.9651333689689636, "date": "2026-01-29"}}, {"type": "Feature", "geometry": {"type": "Point", "coordinates": [-82.49166666836803, 35.616666667239]}, "properties": {"p_logistic": 0.5009241700172424, "p_rf": 0.5920000076293945, "p_xgb": 0.9641753435134888, "date": "2026-01-29"}}, {"type": "Feature", "geometry": {"type": "Point", "coordinates": [-82.48333333503501, 35.616666667239]}, "properties": {"p_logistic": 0.5026789903640747, "p_rf": 0.6060000061988831, "p_xgb": 0.9706934094429016, "date": "2026-01-29"}}, {"type": "Feature", "geometry": {"type": "Point", "coordinates": [-82.47500000170201, 35.616666667239]}, "properties": {"p_logistic": 0.504006564617157, "p_rf": 0.6179999709129333, "p_xgb": 0.9775245189666748, "date": "2026-01-29"}}, {"type": "Feature", "geometry": {"type": "Point", "coordinates": [-82.46666666836902, 35.616666667239]}, "properties": {"p_logistic": 0.5050308704376221, "p_rf": 0.6179999709129333, "p_xgb": 0.9736440181732178, "date": "2026-01-29"}}, {"type": "Feature", "geometry": {"type": "Point", "coordinates": [-82.45833333503602, 35.616666667239]}, "properties": {"p_logistic": 0.5060238242149353, "p_rf": 0.6159999966621399, "p_xgb": 0.9736440181732178, "date": "2026-01-29"}}, {"type": "Feature", "geometry": {"type": "Point", "coordinates": [-82.45000000170302, 35.616666667239]}, "properties": {"p_logistic": 0.5071655511856079, "p_rf": 0.6359999775886536, "p_xgb": 0.9736440181732178, "date": "2026-01-29"}}, {"type": "Feature", "geometry": {"type": "Point", "coordinates": [-82.44166666837002, 35.616666667239]}, "properties": {"p_logistic": 0.5087748765945435, "p_rf": 0.628000020980835, "p_xgb": 0.95362389087677, "date": "2026-01-29"}}, {"type": "Feature", "geometry": {"type": "Point", "coordinates": [-82.43333333503702, 35.616666667239]}, "properties": {"p_logistic": 0.5118843913078308, "p_rf": 0.6179999709129333, "p_xgb": 0.95362389087677, "date": "2026-01-29"}}, {"type": "Feature", "geometry": {"type": "Point", "coordinates": [-82.42500000170402, 35.616666667239]}, "properties": {"p_logistic": 0.5153083801269531, "p_rf": 0.6119999885559082, "p_xgb": 0.9580758810043335, "date": "2026-01-29"}}, {"type": "Feature", "geometry": {"type": "Point", "coordinates": [-82.41666666837102, 35.616666667239]}, "properties": {"p_logistic": 0.517084538936615, "p_rf": 0.6240000128746033, "p_xgb": 0.955761730670929, "date": "2026-01-29"}}, {"type": "Feature", "geometry": {"type": "Point", "coordinates": [-82.40833333503801, 35.616666667239]}, "properties": {"p_logistic": 0.5166626572608948, "p_rf": 0.6439999938011169, "p_xgb": 0.9674408435821533, "date": "2026-01-29"}}, {"type": "Feature", "geometry": {"type": "Point", "coordinates": [-82.40000000170502, 35.616666667239]}, "properties": {"p_logistic": 0.5139666199684143, "p_rf": 0.6439999938011169, "p_xgb": 0.9588911533355713, "date": "2026-01-29"}}, {"type": "Feature", "geometry": {"type": "Point", "coordinates": [-82.39166666837201, 35.616666667239]}, "properties": {"p_logistic": 0.5122817754745483, "p_rf": 0.6480000019073486, "p_xgb": 0.9685492515563965, "date": "2026-01-29"}}, {"type": "Feature", "geometry": {"type": "Point", "coordinates": [-82.38333333503903, 35.616666667239]}, "properties": {"p_logistic": 0.5113487839698792, "p_rf": 0.6480000019073486, "p_xgb": 0.9671889543533325, "date": "2026-01-29"}}, {"type": "Feature", "geometry": {"type": "Point", "coordinates": [-82.37500000170601, 35.616666667239]}, "properties": {"p_logistic": 0.5109725594520569, "p_rf": 0.6340000033378601, "p_xgb": 0.9866538643836975, "date": "2026-01-29"}}, {"type": "Feature", "geometry": {"type": "Point", "coordinates": [-82.36666666837301, 35.616666667239]}, "properties": {"p_logistic": 0.5101665258407593, "p_rf": 0.6420000195503235, "p_xgb": 0.9866538643836975, "date": "2026-01-29"}}, {"type": "Feature", "geometry": {"type": "Point", "coordinates": [-82.35833333504002, 35.616666667239]}, "properties": {"p_logistic": 0.5086143612861633, "p_rf": 0.699999988079071, "p_xgb": 0.9876602292060852, "date": "2026-01-29"}}, {"type": "Feature", "geometry": {"type": "Point", "coordinates": [-82.35000000170702, 35.616666667239]}, "properties": {"p_logistic": 0.5074275135993958, "p_rf": 0.7139999866485596, "p_xgb": 0.9941745400428772, "date": "2026-01-29"}}, {"type": "Feature", "geometry": {"type": "Point", "coordinates": [-82.34166666837402, 35.616666667239]}, "properties": {"p_logistic": 0.5060492753982544, "p_rf": 0.7039999961853027, "p_xgb": 0.9938696622848511, "date": "2026-01-29"}}, {"type": "Feature", "geometry": {"type": "Point", "coordinates": [-82.33333333504102, 35.616666667239]}, "properties": {"p_logistic": 0.5050339102745056, "p_rf": 0.6940000057220459, "p_xgb": 0.9938176274299622, "date": "2026-01-29"}}, {"type": "Feature", "geometry": {"type": "Point", "coordinates": [-82.32500000170802, 35.616666667239]}, "properties": {"p_logistic": 0.504239022731781, "p_rf": 0.6679999828338623, "p_xgb": 0.9960302710533142, "date": "2026-01-29"}}, {"type": "Feature", "geometry": {"type": "Point", "coordinates": [-82.31666666837502, 35.616666667239]}, "properties": {"p_logistic": 0.50397127866745, "p_rf": 0.6759999990463257, "p_xgb": 0.9955755472183228, "date": "2026-01-29"}}, {"type": "Feature", "geometry": {"type": "Point", "coordinates": [-82.30833333504202, 35.616666667239]}, "properties": {"p_logistic": 0.5044194459915161, "p_rf": 0.6420000195503235, "p_xgb": 0.9855508804321289, "date": "2026-01-29"}}, {"type": "Feature", "geometry": {"type": "Point", "coordinates": [-82.30000000170901, 35.616666667239]}, "properties": {"p_logistic": 0.5058558583259583, "p_rf": 0.6399999856948853, "p_xgb": 0.9764658212661743, "date": "2026-01-29"}}, {"type": "Feature", "geometry": {"type": "Point", "coordinates": [-82.29166666837602, 35.616666667239]}, "properties": {"p_logistic": 0.5070425271987915, "p_rf": 0.6079999804496765, "p_xgb": 0.9764658212661743, "date": "2026-01-29"}}, {"type": "Feature", "geometry": {"type": "Point", "coordinates": [-82.28333333504301, 35.616666667239]}, "properties": {"p_logistic": 0.5101595520973206, "p_rf": 0.628000020980835, "p_xgb": 0.9778684973716736, "date": "2026-01-29"}}, {"type": "Feature", "geometry": {"type": "Point", "coordinates": [-82.27500000171003, 35.616666667239]}, "properties": {"p_logistic": 0.5149044394493103, "p_rf": 0.628000020980835, "p_xgb": 0.9882795810699463, "date": "2026-01-29"}}, {"type": "Feature", "geometry": {"type": "Point", "coordinates": [-82.26666666837701, 35.616666667239]}, "properties": {"p_logistic": 0.521575927734375, "p_rf": 0.5799999833106995, "p_xgb": 0.9889355301856995, "date": "2026-01-29"}}, {"type": "Feature", "geometry": {"type": "Point", "coordinates": [-82.80000000168901, 35.608333333906]}, "properties": {"p_logistic": 0.4849793016910553, "p_rf": 0.5580000281333923, "p_xgb": 0.9876613616943359, "date": "2026-01-29"}}, {"type": "Feature", "geometry": {"type": "Point", "coordinates": [-82.79166666835602, 35.608333333906]}, "properties": {"p_logistic": 0.48610538244247437, "p_rf": 0.5600000023841858, "p_xgb": 0.9885256886482239, "date": "2026-01-29"}}, {"type": "Feature", "geometry": {"type": "Point", "coordinates": [-82.78333333502302, 35.608333333906]}, "properties": {"p_logistic": 0.4874483346939087, "p_rf": 0.5580000281333923, "p_xgb": 0.9890643954277039, "date": "2026-01-29"}}, {"type": "Feature", "geometry": {"type": "Point", "coordinates": [-82.77500000169002, 35.608333333906]}, "properties": {"p_logistic": 0.4883038401603699, "p_rf": 0.5979999899864197, "p_xgb": 0.9890643954277039, "date": "2026-01-29"}}, {"type": "Feature", "geometry": {"type": "Point", "coordinates": [-82.76666666835702, 35.608333333906]}, "properties": {"p_logistic": 0.4887066185474396, "p_rf": 0.6119999885559082, "p_xgb": 0.9910497665405273, "date": "2026-01-29"}}, {"type": "Feature", "geometry": {"type": "Point", "coordinates": [-82.75833333502402, 35.608333333906]}, "properties": {"p_logistic": 0.48858609795570374, "p_rf": 0.6119999885559082, "p_xgb": 0.9890643954277039, "date": "2026-01-29"}}, {"type": "Feature", "geometry": {"type": "Point", "coordinates": [-82.75000000169102, 35.608333333906]}, "properties": {"p_logistic": 0.48848840594291687, "p_rf": 0.5879999995231628, "p_xgb": 0.9849051833152771, "date": "2026-01-29"}}, {"type": "Feature", "geometry": {"type": "Point", "coordinates": [-82.74166666835802, 35.608333333906]}, "properties": {"p_logistic": 0.48866894841194153, "p_rf": 0.5860000252723694, "p_xgb": 0.9871329069137573, "date": "2026-01-29"}}, {"type": "Feature", "geometry": {"type": "Point", "coordinates": [-82.73333333502501, 35.608333333906]}, "properties": {"p_logistic": 0.48887360095977783, "p_rf": 0.5960000157356262, "p_xgb": 0.9876526594161987, "date": "2026-01-29"}}, {"type": "Feature", "geometry": {"type": "Point", "coordinates": [-82.72500000169202, 35.608333333906]}, "properties": {"p_logistic": 0.48914194107055664, "p_rf": 0.5960000157356262, "p_xgb": 0.9876526594161987, "date": "2026-01-29"}}, {"type": "Feature", "geometry": {"type": "Point", "coordinates": [-82.71666666835901, 35.608333333906]}, "properties": {"p_logistic": 0.48924171924591064, "p_rf": 0.6019999980926514, "p_xgb": 0.9821411371231079, "date": "2026-01-29"}}, {"type": "Feature", "geometry": {"type": "Point", "coordinates": [-82.70833333502603, 35.608333333906]}, "properties": {"p_logistic": 0.48921874165534973, "p_rf": 0.593999981880188, "p_xgb": 0.9827789664268494, "date": "2026-01-29"}}, {"type": "Feature", "geometry": {"type": "Point", "coordinates": [-82.70000000169301, 35.608333333906]}, "properties": {"p_logistic": 0.48904263973236084, "p_rf": 0.593999981880188, "p_xgb": 0.9827789664268494, "date": "2026-01-29"}}, {"type": "Feature", "geometry": {"type": "Point", "coordinates": [-82.69166666836001, 35.608333333906]}, "properties": {"p_logistic": 0.48883748054504395, "p_rf": 0.5860000252723694, "p_xgb": 0.9820578098297119, "date": "2026-01-29"}}, {"type": "Feature", "geometry": {"type": "Point", "coordinates": [-82.68333333502702, 35.608333333906]}, "properties": {"p_logistic": 0.48859119415283203, "p_rf": 0.5879999995231628, "p_xgb": 0.9810613393783569, "date": "2026-01-29"}}, {"type": "Feature", "geometry": {"type": "Point", "coordinates": [-82.67500000169402, 35.608333333906]}, "properties": {"p_logistic": 0.4885239005088806, "p_rf": 0.5879999995231628, "p_xgb": 0.976751983165741, "date": "2026-01-29"}}, {"type": "Feature", "geometry": {"type": "Point", "coordinates": [-82.66666666836102, 35.608333333906]}, "properties": {"p_logistic": 0.4886080026626587, "p_rf": 0.5879999995231628, "p_xgb": 0.9771670699119568, "date": "2026-01-29"}}, {"type": "Feature", "geometry": {"type": "Point", "coordinates": [-82.65833333502802, 35.608333333906]}, "properties": {"p_logistic": 0.4887576997280121, "p_rf": 0.6179999709129333, "p_xgb": 0.9771670699119568, "date": "2026-01-29"}}, {"type": "Feature", "geometry": {"type": "Point", "coordinates": [-82.65000000169502, 35.608333333906]}, "properties": {"p_logistic": 0.48878052830696106, "p_rf": 0.621999979019165, "p_xgb": 0.9771670699119568, "date": "2026-01-29"}}, {"type": "Feature", "geometry": {"type": "Point", "coordinates": [-82.64166666836202, 35.608333333906]}, "properties": {"p_logistic": 0.4889470040798187, "p_rf": 0.6380000114440918, "p_xgb": 0.9786704182624817, "date": "2026-01-29"}}, {"type": "Feature", "geometry": {"type": "Point", "coordinates": [-82.63333333502902, 35.608333333906]}, "properties": {"p_logistic": 0.4890107214450836, "p_rf": 0.6420000195503235, "p_xgb": 0.9778062701225281, "date": "2026-01-29"}}, {"type": "Feature", "geometry": {"type": "Point", "coordinates": [-82.62500000169601, 35.608333333906]}, "properties": {"p_logistic": 0.4891808331012726, "p_rf": 0.6019999980926514, "p_xgb": 0.9775445461273193, "date": "2026-01-29"}}, {"type": "Feature", "geometry": {"type": "Point", "coordinates": [-82.61666666836302, 35.608333333906]}, "properties": {"p_logistic": 0.489698588848114, "p_rf": 0.5640000104904175, "p_xgb": 0.984981894493103, "date": "2026-01-29"}}, {"type": "Feature", "geometry": {"type": "Point", "coordinates": [-82.60833333503001, 35.608333333906]}, "properties": {"p_logistic": 0.4900168180465698, "p_rf": 0.5619999766349792, "p_xgb": 0.9864640235900879, "date": "2026-01-29"}}, {"type": "Feature", "geometry": {"type": "Point", "coordinates": [-82.60000000169703, 35.608333333906]}, "properties": {"p_logistic": 0.4908152222633362, "p_rf": 0.5799999833106995, "p_xgb": 0.9876434803009033, "date": "2026-01-29"}}, {"type": "Feature", "geometry": {"type": "Point", "coordinates": [-82.59166666836401, 35.608333333906]}, "properties": {"p_logistic": 0.4907039403915405, "p_rf": 0.5680000185966492, "p_xgb": 0.9879196882247925, "date": "2026-01-29"}}, {"type": "Feature", "geometry": {"type": "Point", "coordinates": [-82.58333333503101, 35.608333333906]}, "properties": {"p_logistic": 0.4903920292854309, "p_rf": 0.5360000133514404, "p_xgb": 0.9887977242469788, "date": "2026-01-29"}}, {"type": "Feature", "geometry": {"type": "Point", "coordinates": [-82.57500000169802, 35.608333333906]}, "properties": {"p_logistic": 0.49045348167419434, "p_rf": 0.5559999942779541, "p_xgb": 0.9899635910987854, "date": "2026-01-29"}}, {"type": "Feature", "geometry": {"type": "Point", "coordinates": [-82.56666666836502, 35.608333333906]}, "properties": {"p_logistic": 0.49057742953300476, "p_rf": 0.5400000214576721, "p_xgb": 0.9899635910987854, "date": "2026-01-29"}}, {"type": "Feature", "geometry": {"type": "Point", "coordinates": [-82.55833333503202, 35.608333333906]}, "properties": {"p_logistic": 0.4913133978843689, "p_rf": 0.5360000133514404, "p_xgb": 0.9876976609230042, "date": "2026-01-29"}}, {"type": "Feature", "geometry": {"type": "Point", "coordinates": [-82.55000000169902, 35.608333333906]}, "properties": {"p_logistic": 0.49156105518341064, "p_rf": 0.5839999914169312, "p_xgb": 0.9898841381072998, "date": "2026-01-29"}}, {"type": "Feature", "geometry": {"type": "Point", "coordinates": [-82.54166666836602, 35.608333333906]}, "properties": {"p_logistic": 0.4923452138900757, "p_rf": 0.5740000009536743, "p_xgb": 0.9859110116958618, "date": "2026-01-29"}}, {"type": "Feature", "geometry": {"type": "Point", "coordinates": [-82.53333333503302, 35.608333333906]}, "properties": {"p_logistic": 0.4928250312805176, "p_rf": 0.593999981880188, "p_xgb": 0.9859110116958618, "date": "2026-01-29"}}, {"type": "Feature", "geometry": {"type": "Point", "coordinates": [-82.52500000170002, 35.608333333906]}, "properties": {"p_logistic": 0.49379396438598633, "p_rf": 0.5699999928474426, "p_xgb": 0.9762436747550964, "date": "2026-01-29"}}, {"type": "Feature", "geometry": {"type": "Point", "coordinates": [-82.51666666836701, 35.608333333906]}, "properties": {"p_logistic": 0.49572494626045227, "p_rf": 0.5820000171661377, "p_xgb": 0.972612738609314, "date": "2026-01-29"}}, {"type": "Feature", "geometry": {"type": "Point", "coordinates": [-82.50833333503402, 35.608333333906]}, "properties": {"p_logistic": 0.498595267534256, "p_rf": 0.5740000009536743, "p_xgb": 0.9641753435134888, "date": "2026-01-29"}}, {"type": "Feature", "geometry": {"type": "Point", "coordinates": [-82.50000000170101, 35.608333333906]}, "properties": {"p_logistic": 0.500359058380127, "p_rf": 0.593999981880188, "p_xgb": 0.9641753435134888, "date": "2026-01-29"}}, {"type": "Feature", "geometry": {"type": "Point", "coordinates": [-82.49166666836803, 35.608333333906]}, "properties": {"p_logistic": 0.5020245909690857, "p_rf": 0.5979999899864197, "p_xgb": 0.9746574759483337, "date": "2026-01-29"}}, {"type": "Feature", "geometry": {"type": "Point", "coordinates": [-82.48333333503501, 35.608333333906]}, "properties": {"p_logistic": 0.5036068558692932, "p_rf": 0.6100000143051147, "p_xgb": 0.9775245189666748, "date": "2026-01-29"}}, {"type": "Feature", "geometry": {"type": "Point", "coordinates": [-82.47500000170201, 35.608333333906]}, "properties": {"p_logistic": 0.5049824714660645, "p_rf": 0.6179999709129333, "p_xgb": 0.9736440181732178, "date": "2026-01-29"}}, {"type": "Feature", "geometry": {"type": "Point", "coordinates": [-82.46666666836902, 35.608333333906]}, "properties": {"p_logistic": 0.506711483001709, "p_rf": 0.621999979019165, "p_xgb": 0.95362389087677, "date": "2026-01-29"}}, {"type": "Feature", "geometry": {"type": "Point", "coordinates": [-82.45833333503602, 35.608333333906]}, "properties": {"p_logistic": 0.5078845024108887, "p_rf": 0.6140000224113464, "p_xgb": 0.95362389087677, "date": "2026-01-29"}}, {"type": "Feature", "geometry": {"type": "Point", "coordinates": [-82.45000000170302, 35.608333333906]}, "properties": {"p_logistic": 0.5091094970703125, "p_rf": 0.6119999885559082, "p_xgb": 0.95362389087677, "date": "2026-01-29"}}, {"type": "Feature", "geometry": {"type": "Point", "coordinates": [-82.44166666837002, 35.608333333906]}, "properties": {"p_logistic": 0.5109038352966309, "p_rf": 0.6100000143051147, "p_xgb": 0.95362389087677, "date": "2026-01-29"}}, {"type": "Feature", "geometry": {"type": "Point", "coordinates": [-82.43333333503702, 35.608333333906]}, "properties": {"p_logistic": 0.513895571231842, "p_rf": 0.6079999804496765, "p_xgb": 0.9548950791358948, "date": "2026-01-29"}}, {"type": "Feature", "geometry": {"type": "Point", "coordinates": [-82.42500000170402, 35.608333333906]}, "properties": {"p_logistic": 0.5164048671722412, "p_rf": 0.6480000019073486, "p_xgb": 0.9674408435821533, "date": "2026-01-29"}}, {"type": "Feature", "geometry": {"type": "Point", "coordinates": [-82.41666666837102, 35.608333333906]}, "properties": {"p_logistic": 0.5175979137420654, "p_rf": 0.6620000004768372, "p_xgb": 0.9826977849006653, "date": "2026-01-29"}}, {"type": "Feature", "geometry": {"type": "Point", "coordinates": [-82.40833333503801, 35.608333333906]}, "properties": {"p_logistic": 0.516956090927124, "p_rf": 0.6660000085830688, "p_xgb": 0.9835489988327026, "date": "2026-01-29"}}, {"type": "Feature", "geometry": {"type": "Point", "coordinates": [-82.40000000170502, 35.608333333906]}, "properties": {"p_logistic": 0.5141556262969971, "p_rf": 0.6660000085830688, "p_xgb": 0.9869375824928284, "date": "2026-01-29"}}, {"type": "Feature", "geometry": {"type": "Point", "coordinates": [-82.39166666837201, 35.608333333906]}, "properties": {"p_logistic": 0.5122878551483154, "p_rf": 0.6660000085830688, "p_xgb": 0.9869375824928284, "date": "2026-01-29"}}, {"type": "Feature", "geometry": {"type": "Point", "coordinates": [-82.38333333503903, 35.608333333906]}, "properties": {"p_logistic": 0.511370837688446, "p_rf": 0.6520000100135803, "p_xgb": 0.9869375824928284, "date": "2026-01-29"}}, {"type": "Feature", "geometry": {"type": "Point", "coordinates": [-82.37500000170601, 35.608333333906]}, "properties": {"p_logistic": 0.510863721370697, "p_rf": 0.6499999761581421, "p_xgb": 0.9873129725456238, "date": "2026-01-29"}}, {"type": "Feature", "geometry": {"type": "Point", "coordinates": [-82.36666666837301, 35.608333333906]}, "properties": {"p_logistic": 0.5102238655090332, "p_rf": 0.6439999938011169, "p_xgb": 0.9873129725456238, "date": "2026-01-29"}}, {"type": "Feature", "geometry": {"type": "Point", "coordinates": [-82.35833333504002, 35.608333333906]}, "properties": {"p_logistic": 0.5086478590965271, "p_rf": 0.7139999866485596, "p_xgb": 0.9876602292060852, "date": "2026-01-29"}}, {"type": "Feature", "geometry": {"type": "Point", "coordinates": [-82.35000000170702, 35.608333333906]}, "properties": {"p_logistic": 0.507735550403595, "p_rf": 0.7039999961853027, "p_xgb": 0.9941745400428772, "date": "2026-01-29"}}, {"type": "Feature", "geometry": {"type": "Point", "coordinates": [-82.34166666837402, 35.608333333906]}, "properties": {"p_logistic": 0.5068373084068298, "p_rf": 0.6899999976158142, "p_xgb": 0.9938176274299622, "date": "2026-01-29"}}, {"type": "Feature", "geometry": {"type": "Point", "coordinates": [-82.33333333504102, 35.608333333906]}, "properties": {"p_logistic": 0.5056456327438354, "p_rf": 0.671999990940094, "p_xgb": 0.9938428401947021, "date": "2026-01-29"}}, {"type": "Feature", "geometry": {"type": "Point", "coordinates": [-82.32500000170802, 35.608333333906]}, "properties": {"p_logistic": 0.5053461790084839, "p_rf": 0.7039999961853027, "p_xgb": 0.9940673112869263, "date": "2026-01-29"}}, {"type": "Feature", "geometry": {"type": "Point", "coordinates": [-82.31666666837502, 35.608333333906]}, "properties": {"p_logistic": 0.5059560537338257, "p_rf": 0.6359999775886536, "p_xgb": 0.9755458831787109, "date": "2026-01-29"}}, {"type": "Feature", "geometry": {"type": "Point", "coordinates": [-82.30833333504202, 35.608333333906]}, "properties": {"p_logistic": 0.5081556439399719, "p_rf": 0.6140000224113464, "p_xgb": 0.9778684973716736, "date": "2026-01-29"}}, {"type": "Feature", "geometry": {"type": "Point", "coordinates": [-82.30000000170901, 35.608333333906]}, "properties": {"p_logistic": 0.5099074244499207, "p_rf": 0.628000020980835, "p_xgb": 0.9783458113670349, "date": "2026-01-29"}}, {"type": "Feature", "geometry": {"type": "Point", "coordinates": [-82.29166666837602, 35.608333333906]}, "properties": {"p_logistic": 0.5119936466217041, "p_rf": 0.621999979019165, "p_xgb": 0.9892562627792358, "date": "2026-01-29"}}, {"type": "Feature", "geometry": {"type": "Point", "coordinates": [-82.28333333504301, 35.608333333906]}, "properties": {"p_logistic": 0.5145311951637268, "p_rf": 0.6140000224113464, "p_xgb": 0.9889355301856995, "date": "2026-01-29"}}, {"type": "Feature", "geometry": {"type": "Point", "coordinates": [-82.80000000168901, 35.600000000573004]}, "properties": {"p_logistic": 0.4854777157306671, "p_rf": 0.5659999847412109, "p_xgb": 0.9876613616943359, "date": "2026-01-29"}}, {"type": "Feature", "geometry": {"type": "Point", "coordinates": [-82.79166666835602, 35.600000000573004]}, "properties": {"p_logistic": 0.48669660091400146, "p_rf": 0.5619999766349792, "p_xgb": 0.9885256886482239, "date": "2026-01-29"}}, {"type": "Feature", "geometry": {"type": "Point", "coordinates": [-82.78333333502302, 35.600000000573004]}, "properties": {"p_logistic": 0.48788440227508545, "p_rf": 0.5839999914169312, "p_xgb": 0.9890643954277039, "date": "2026-01-29"}}, {"type": "Feature", "geometry": {"type": "Point", "coordinates": [-82.77500000169002, 35.600000000573004]}, "properties": {"p_logistic": 0.4888775646686554, "p_rf": 0.5960000157356262, "p_xgb": 0.9910497665405273, "date": "2026-01-29"}}, {"type": "Feature", "geometry": {"type": "Point", "coordinates": [-82.76666666835702, 35.600000000573004]}, "properties": {"p_logistic": 0.48933619260787964, "p_rf": 0.6079999804496765, "p_xgb": 0.9910497665405273, "date": "2026-01-29"}}, {"type": "Feature", "geometry": {"type": "Point", "coordinates": [-82.75833333502402, 35.600000000573004]}, "properties": {"p_logistic": 0.48923346400260925, "p_rf": 0.6179999709129333, "p_xgb": 0.9910497665405273, "date": "2026-01-29"}}, {"type": "Feature", "geometry": {"type": "Point", "coordinates": [-82.75000000169102, 35.600000000573004]}, "properties": {"p_logistic": 0.48933884501457214, "p_rf": 0.6179999709129333, "p_xgb": 0.9849051833152771, "date": "2026-01-29"}}, {"type": "Feature", "geometry": {"type": "Point", "coordinates": [-82.74166666835802, 35.600000000573004]}, "properties": {"p_logistic": 0.48937544226646423, "p_rf": 0.6119999885559082, "p_xgb": 0.9875155687332153, "date": "2026-01-29"}}, {"type": "Feature", "geometry": {"type": "Point", "coordinates": [-82.73333333502501, 35.600000000573004]}, "properties": {"p_logistic": 0.48943907022476196, "p_rf": 0.5860000252723694, "p_xgb": 0.9875155687332153, "date": "2026-01-29"}}, {"type": "Feature", "geometry": {"type": "Point", "coordinates": [-82.72500000169202, 35.600000000573004]}, "properties": {"p_logistic": 0.4894856810569763, "p_rf": 0.5860000252723694, "p_xgb": 0.9871329069137573, "date": "2026-01-29"}}, {"type": "Feature", "geometry": {"type": "Point", "coordinates": [-82.71666666835901, 35.600000000573004]}, "properties": {"p_logistic": 0.4895402491092682, "p_rf": 0.5860000252723694, "p_xgb": 0.9871329069137573, "date": "2026-01-29"}}, {"type": "Feature", "geometry": {"type": "Point", "coordinates": [-82.70833333502603, 35.600000000573004]}, "properties": {"p_logistic": 0.489549458026886, "p_rf": 0.5879999995231628, "p_xgb": 0.9813938140869141, "date": "2026-01-29"}}, {"type": "Feature", "geometry": {"type": "Point", "coordinates": [-82.70000000169301, 35.600000000573004]}, "properties": {"p_logistic": 0.48959168791770935, "p_rf": 0.5879999995231628, "p_xgb": 0.9810613393783569, "date": "2026-01-29"}}, {"type": "Feature", "geometry": {"type": "Point", "coordinates": [-82.69166666836001, 35.600000000573004]}, "properties": {"p_logistic": 0.4895605444908142, "p_rf": 0.5879999995231628, "p_xgb": 0.9810613393783569, "date": "2026-01-29"}}, {"type": "Feature", "geometry": {"type": "Point", "coordinates": [-82.68333333502702, 35.600000000573004]}, "properties": {"p_logistic": 0.48937541246414185, "p_rf": 0.5839999914169312, "p_xgb": 0.9814009666442871, "date": "2026-01-29"}}, {"type": "Feature", "geometry": {"type": "Point", "coordinates": [-82.67500000169402, 35.600000000573004]}, "properties": {"p_logistic": 0.4891091287136078, "p_rf": 0.6079999804496765, "p_xgb": 0.9771670699119568, "date": "2026-01-29"}}, {"type": "Feature", "geometry": {"type": "Point", "coordinates": [-82.66666666836102, 35.600000000573004]}, "properties": {"p_logistic": 0.4892091453075409, "p_rf": 0.6119999885559082, "p_xgb": 0.9771670699119568, "date": "2026-01-29"}}, {"type": "Feature", "geometry": {"type": "Point", "coordinates": [-82.65833333502802, 35.600000000573004]}, "properties": {"p_logistic": 0.48910143971443176, "p_rf": 0.6159999966621399, "p_xgb": 0.9771670699119568, "date": "2026-01-29"}}, {"type": "Feature", "geometry": {"type": "Point", "coordinates": [-82.65000000169502, 35.600000000573004]}, "properties": {"p_logistic": 0.4891297519207001, "p_rf": 0.6259999871253967, "p_xgb": 0.9773855805397034, "date": "2026-01-29"}}, {"type": "Feature", "geometry": {"type": "Point", "coordinates": [-82.64166666836202, 35.600000000573004]}, "properties": {"p_logistic": 0.48909062147140503, "p_rf": 0.628000020980835, "p_xgb": 0.9778062701225281, "date": "2026-01-29"}}, {"type": "Feature", "geometry": {"type": "Point", "coordinates": [-82.63333333502902, 35.600000000573004]}, "properties": {"p_logistic": 0.48899227380752563, "p_rf": 0.6420000195503235, "p_xgb": 0.9778062701225281, "date": "2026-01-29"}}, {"type": "Feature", "geometry": {"type": "Point", "coordinates": [-82.62500000169601, 35.600000000573004]}, "properties": {"p_logistic": 0.48902755975723267, "p_rf": 0.6359999775886536, "p_xgb": 0.9750296473503113, "date": "2026-01-29"}}, {"type": "Feature", "geometry": {"type": "Point", "coordinates": [-82.61666666836302, 35.600000000573004]}, "properties": {"p_logistic": 0.48943427205085754, "p_rf": 0.5680000185966492, "p_xgb": 0.9775445461273193, "date": "2026-01-29"}}, {"type": "Feature", "geometry": {"type": "Point", "coordinates": [-82.60833333503001, 35.600000000573004]}, "properties": {"p_logistic": 0.48989370465278625, "p_rf": 0.5619999766349792, "p_xgb": 0.9818514585494995, "date": "2026-01-29"}}, {"type": "Feature", "geometry": {"type": "Point", "coordinates": [-82.60000000169703, 35.600000000573004]}, "properties": {"p_logistic": 0.4908101260662079, "p_rf": 0.593999981880188, "p_xgb": 0.9864640235900879, "date": "2026-01-29"}}, {"type": "Feature", "geometry": {"type": "Point", "coordinates": [-82.59166666836401, 35.600000000573004]}, "properties": {"p_logistic": 0.49075382947921753, "p_rf": 0.5799999833106995, "p_xgb": 0.9864640235900879, "date": "2026-01-29"}}, {"type": "Feature", "geometry": {"type": "Point", "coordinates": [-82.58333333503101, 35.600000000573004]}, "properties": {"p_logistic": 0.4905068874359131, "p_rf": 0.5680000185966492, "p_xgb": 0.9876434803009033, "date": "2026-01-29"}}, {"type": "Feature", "geometry": {"type": "Point", "coordinates": [-82.57500000169802, 35.600000000573004]}, "properties": {"p_logistic": 0.4904572665691376, "p_rf": 0.5440000295639038, "p_xgb": 0.9879196882247925, "date": "2026-01-29"}}, {"type": "Feature", "geometry": {"type": "Point", "coordinates": [-82.56666666836502, 35.600000000573004]}, "properties": {"p_logistic": 0.49098339676856995, "p_rf": 0.5379999876022339, "p_xgb": 0.9876976609230042, "date": "2026-01-29"}}, {"type": "Feature", "geometry": {"type": "Point", "coordinates": [-82.55833333503202, 35.600000000573004]}, "properties": {"p_logistic": 0.4916379451751709, "p_rf": 0.5379999876022339, "p_xgb": 0.9879196882247925, "date": "2026-01-29"}}, {"type": "Feature", "geometry": {"type": "Point", "coordinates": [-82.55000000169902, 35.600000000573004]}, "properties": {"p_logistic": 0.49248403310775757, "p_rf": 0.578000009059906, "p_xgb": 0.9898841381072998, "date": "2026-01-29"}}, {"type": "Feature", "geometry": {"type": "Point", "coordinates": [-82.54166666836602, 35.600000000573004]}, "properties": {"p_logistic": 0.4928619861602783, "p_rf": 0.5759999752044678, "p_xgb": 0.9859110116958618, "date": "2026-01-29"}}, {"type": "Feature", "geometry": {"type": "Point", "coordinates": [-82.53333333503302, 35.600000000573004]}, "properties": {"p_logistic": 0.49321192502975464, "p_rf": 0.5860000252723694, "p_xgb": 0.9859110116958618, "date": "2026-01-29"}}, {"type": "Feature", "geometry": {"type": "Point", "coordinates": [-82.52500000170002, 35.600000000573004]}, "properties": {"p_logistic": 0.4941833019256592, "p_rf": 0.578000009059906, "p_xgb": 0.9818514585494995, "date": "2026-01-29"}}, {"type": "Feature", "geometry": {"type": "Point", "coordinates": [-82.51666666836701, 35.600000000573004]}, "properties": {"p_logistic": 0.4962230920791626, "p_rf": 0.578000009059906, "p_xgb": 0.9753649830818176, "date": "2026-01-29"}}, {"type": "Feature", "geometry": {"type": "Point", "coordinates": [-82.50833333503402, 35.600000000573004]}, "properties": {"p_logistic": 0.4991292357444763, "p_rf": 0.5720000267028809, "p_xgb": 0.9641753435134888, "date": "2026-01-29"}}, {"type": "Feature", "geometry": {"type": "Point", "coordinates": [-82.50000000170101, 35.600000000573004]}, "properties": {"p_logistic": 0.500579297542572, "p_rf": 0.5860000252723694, "p_xgb": 0.9631404876708984, "date": "2026-01-29"}}, {"type": "Feature", "geometry": {"type": "Point", "coordinates": [-82.49166666836803, 35.600000000573004]}, "properties": {"p_logistic": 0.5020992755889893, "p_rf": 0.6000000238418579, "p_xgb": 0.9746574759483337, "date": "2026-01-29"}}, {"type": "Feature", "geometry": {"type": "Point", "coordinates": [-82.48333333503501, 35.600000000573004]}, "properties": {"p_logistic": 0.5034862160682678, "p_rf": 0.6079999804496765, "p_xgb": 0.9775245189666748, "date": "2026-01-29"}}, {"type": "Feature", "geometry": {"type": "Point", "coordinates": [-82.47500000170201, 35.600000000573004]}, "properties": {"p_logistic": 0.505195677280426, "p_rf": 0.6259999871253967, "p_xgb": 0.9736440181732178, "date": "2026-01-29"}}, {"type": "Feature", "geometry": {"type": "Point", "coordinates": [-82.46666666836902, 35.600000000573004]}, "properties": {"p_logistic": 0.5071205496788025, "p_rf": 0.621999979019165, "p_xgb": 0.95362389087677, "date": "2026-01-29"}}, {"type": "Feature", "geometry": {"type": "Point", "coordinates": [-82.45833333503602, 35.600000000573004]}, "properties": {"p_logistic": 0.5084621906280518, "p_rf": 0.6119999885559082, "p_xgb": 0.95362389087677, "date": "2026-01-29"}}, {"type": "Feature", "geometry": {"type": "Point", "coordinates": [-82.45000000170302, 35.600000000573004]}, "properties": {"p_logistic": 0.5102425813674927, "p_rf": 0.6079999804496765, "p_xgb": 0.95362389087677, "date": "2026-01-29"}}, {"type": "Feature", "geometry": {"type": "Point", "coordinates": [-82.44166666837002, 35.600000000573004]}, "properties": {"p_logistic": 0.5122502446174622, "p_rf": 0.6060000061988831, "p_xgb": 0.9548950791358948, "date": "2026-01-29"}}, {"type": "Feature", "geometry": {"type": "Point", "coordinates": [-82.43333333503702, 35.600000000573004]}, "properties": {"p_logistic": 0.5147671699523926, "p_rf": 0.6340000033378601, "p_xgb": 0.9566254019737244, "date": "2026-01-29"}}, {"type": "Feature", "geometry": {"type": "Point", "coordinates": [-82.42500000170402, 35.600000000573004]}, "properties": {"p_logistic": 0.516846239566803, "p_rf": 0.6620000004768372, "p_xgb": 0.9841181039810181, "date": "2026-01-29"}}, {"type": "Feature", "geometry": {"type": "Point", "coordinates": [-82.41666666837102, 35.600000000573004]}, "properties": {"p_logistic": 0.517591655254364, "p_rf": 0.6499999761581421, "p_xgb": 0.9868220090866089, "date": "2026-01-29"}}, {"type": "Feature", "geometry": {"type": "Point", "coordinates": [-82.40833333503801, 35.600000000573004]}, "properties": {"p_logistic": 0.5166807770729065, "p_rf": 0.6480000019073486, "p_xgb": 0.9873129725456238, "date": "2026-01-29"}}, {"type": "Feature", "geometry": {"type": "Point", "coordinates": [-82.40000000170502, 35.600000000573004]}, "properties": {"p_logistic": 0.5138247013092041, "p_rf": 0.6520000100135803, "p_xgb": 0.9873129725456238, "date": "2026-01-29"}}, {"type": "Feature", "geometry": {"type": "Point", "coordinates": [-82.39166666837201, 35.600000000573004]}, "properties": {"p_logistic": 0.5118004679679871, "p_rf": 0.6499999761581421, "p_xgb": 0.9873129725456238, "date": "2026-01-29"}}, {"type": "Feature", "geometry": {"type": "Point", "coordinates": [-82.38333333503903, 35.600000000573004]}, "properties": {"p_logistic": 0.5107091069221497, "p_rf": 0.6460000276565552, "p_xgb": 0.9873129725456238, "date": "2026-01-29"}}, {"type": "Feature", "geometry": {"type": "Point", "coordinates": [-82.37500000170601, 35.600000000573004]}, "properties": {"p_logistic": 0.5101924538612366, "p_rf": 0.6460000276565552, "p_xgb": 0.9873129725456238, "date": "2026-01-29"}}, {"type": "Feature", "geometry": {"type": "Point", "coordinates": [-82.36666666837301, 35.600000000573004]}, "properties": {"p_logistic": 0.5088907480239868, "p_rf": 0.7139999866485596, "p_xgb": 0.9876602292060852, "date": "2026-01-29"}}, {"type": "Feature", "geometry": {"type": "Point", "coordinates": [-82.35833333504002, 35.600000000573004]}, "properties": {"p_logistic": 0.5077287554740906, "p_rf": 0.7039999961853027, "p_xgb": 0.9938176274299622, "date": "2026-01-29"}}, {"type": "Feature", "geometry": {"type": "Point", "coordinates": [-82.35000000170702, 35.600000000573004]}, "properties": {"p_logistic": 0.506740927696228, "p_rf": 0.6779999732971191, "p_xgb": 0.9920544624328613, "date": "2026-01-29"}}, {"type": "Feature", "geometry": {"type": "Point", "coordinates": [-82.34166666837402, 35.600000000573004]}, "properties": {"p_logistic": 0.5061193704605103, "p_rf": 0.671999990940094, "p_xgb": 0.9891968369483948, "date": "2026-01-29"}}, {"type": "Feature", "geometry": {"type": "Point", "coordinates": [-82.33333333504102, 35.600000000573004]}, "properties": {"p_logistic": 0.5053578019142151, "p_rf": 0.7020000219345093, "p_xgb": 0.9898988604545593, "date": "2026-01-29"}}, {"type": "Feature", "geometry": {"type": "Point", "coordinates": [-82.32500000170802, 35.600000000573004]}, "properties": {"p_logistic": 0.505719006061554, "p_rf": 0.6240000128746033, "p_xgb": 0.9876528978347778, "date": "2026-01-29"}}, {"type": "Feature", "geometry": {"type": "Point", "coordinates": [-82.31666666837502, 35.600000000573004]}, "properties": {"p_logistic": 0.5072556734085083, "p_rf": 0.6240000128746033, "p_xgb": 0.9770021438598633, "date": "2026-01-29"}}, {"type": "Feature", "geometry": {"type": "Point", "coordinates": [-82.30833333504202, 35.600000000573004]}, "properties": {"p_logistic": 0.510201096534729, "p_rf": 0.6320000290870667, "p_xgb": 0.9801336526870728, "date": "2026-01-29"}}, {"type": "Feature", "geometry": {"type": "Point", "coordinates": [-82.30000000170901, 35.600000000573004]}, "properties": {"p_logistic": 0.512721061706543, "p_rf": 0.6259999871253967, "p_xgb": 0.9889355301856995, "date": "2026-01-29"}}, {"type": "Feature", "geometry": {"type": "Point", "coordinates": [-82.29166666837602, 35.600000000573004]}, "properties": {"p_logistic": 0.514894425868988, "p_rf": 0.6079999804496765, "p_xgb": 0.988846480846405, "date": "2026-01-29"}}, {"type": "Feature", "geometry": {"type": "Point", "coordinates": [-82.78333333502302, 35.591666667240005]}, "properties": {"p_logistic": 0.4881359934806824, "p_rf": 0.5839999914169312, "p_xgb": 0.9890643954277039, "date": "2026-01-29"}}, {"type": "Feature", "geometry": {"type": "Point", "coordinates": [-82.77500000169002, 35.591666667240005]}, "properties": {"p_logistic": 0.48871931433677673, "p_rf": 0.5879999995231628, "p_xgb": 0.9910497665405273, "date": "2026-01-29"}}, {"type": "Feature", "geometry": {"type": "Point", "coordinates": [-82.76666666835702, 35.591666667240005]}, "properties": {"p_logistic": 0.4894026815891266, "p_rf": 0.5979999899864197, "p_xgb": 0.9910497665405273, "date": "2026-01-29"}}, {"type": "Feature", "geometry": {"type": "Point", "coordinates": [-82.75833333502402, 35.591666667240005]}, "properties": {"p_logistic": 0.48970791697502136, "p_rf": 0.6060000061988831, "p_xgb": 0.9910497665405273, "date": "2026-01-29"}}, {"type": "Feature", "geometry": {"type": "Point", "coordinates": [-82.75000000169102, 35.591666667240005]}, "properties": {"p_logistic": 0.48975253105163574, "p_rf": 0.6140000224113464, "p_xgb": 0.9849051833152771, "date": "2026-01-29"}}, {"type": "Feature", "geometry": {"type": "Point", "coordinates": [-82.74166666835802, 35.591666667240005]}, "properties": {"p_logistic": 0.489894837141037, "p_rf": 0.6179999709129333, "p_xgb": 0.9875155687332153, "date": "2026-01-29"}}, {"type": "Feature", "geometry": {"type": "Point", "coordinates": [-82.73333333502501, 35.591666667240005]}, "properties": {"p_logistic": 0.48989516496658325, "p_rf": 0.6119999885559082, "p_xgb": 0.9875155687332153, "date": "2026-01-29"}}, {"type": "Feature", "geometry": {"type": "Point", "coordinates": [-82.72500000169202, 35.591666667240005]}, "properties": {"p_logistic": 0.4903484880924225, "p_rf": 0.5860000252723694, "p_xgb": 0.9875155687332153, "date": "2026-01-29"}}, {"type": "Feature", "geometry": {"type": "Point", "coordinates": [-82.71666666835901, 35.591666667240005]}, "properties": {"p_logistic": 0.4904492199420929, "p_rf": 0.5860000252723694, "p_xgb": 0.9875155687332153, "date": "2026-01-29"}}, {"type": "Feature", "geometry": {"type": "Point", "coordinates": [-82.70833333502603, 35.591666667240005]}, "properties": {"p_logistic": 0.49060848355293274, "p_rf": 0.5860000252723694, "p_xgb": 0.9810613393783569, "date": "2026-01-29"}}, {"type": "Feature", "geometry": {"type": "Point", "coordinates": [-82.70000000169301, 35.591666667240005]}, "properties": {"p_logistic": 0.4902850091457367, "p_rf": 0.5860000252723694, "p_xgb": 0.9814009666442871, "date": "2026-01-29"}}, {"type": "Feature", "geometry": {"type": "Point", "coordinates": [-82.69166666836001, 35.591666667240005]}, "properties": {"p_logistic": 0.4903241693973541, "p_rf": 0.5879999995231628, "p_xgb": 0.9814009666442871, "date": "2026-01-29"}}, {"type": "Feature", "geometry": {"type": "Point", "coordinates": [-82.68333333502702, 35.591666667240005]}, "properties": {"p_logistic": 0.4901270866394043, "p_rf": 0.6119999885559082, "p_xgb": 0.9771670699119568, "date": "2026-01-29"}}, {"type": "Feature", "geometry": {"type": "Point", "coordinates": [-82.67500000169402, 35.591666667240005]}, "properties": {"p_logistic": 0.48983168601989746, "p_rf": 0.6119999885559082, "p_xgb": 0.9771670699119568, "date": "2026-01-29"}}, {"type": "Feature", "geometry": {"type": "Point", "coordinates": [-82.66666666836102, 35.591666667240005]}, "properties": {"p_logistic": 0.48969343304634094, "p_rf": 0.6119999885559082, "p_xgb": 0.9812715649604797, "date": "2026-01-29"}}, {"type": "Feature", "geometry": {"type": "Point", "coordinates": [-82.65833333502802, 35.591666667240005]}, "properties": {"p_logistic": 0.4897487163543701, "p_rf": 0.621999979019165, "p_xgb": 0.9773855805397034, "date": "2026-01-29"}}, {"type": "Feature", "geometry": {"type": "Point", "coordinates": [-82.65000000169502, 35.591666667240005]}, "properties": {"p_logistic": 0.48994284868240356, "p_rf": 0.6259999871253967, "p_xgb": 0.9764705896377563, "date": "2026-01-29"}}, {"type": "Feature", "geometry": {"type": "Point", "coordinates": [-82.64166666836202, 35.591666667240005]}, "properties": {"p_logistic": 0.4899502694606781, "p_rf": 0.628000020980835, "p_xgb": 0.9778062701225281, "date": "2026-01-29"}}, {"type": "Feature", "geometry": {"type": "Point", "coordinates": [-82.63333333502902, 35.591666667240005]}, "properties": {"p_logistic": 0.48965033888816833, "p_rf": 0.6420000195503235, "p_xgb": 0.9753199815750122, "date": "2026-01-29"}}, {"type": "Feature", "geometry": {"type": "Point", "coordinates": [-82.62500000169601, 35.591666667240005]}, "properties": {"p_logistic": 0.4894179105758667, "p_rf": 0.6380000114440918, "p_xgb": 0.9750296473503113, "date": "2026-01-29"}}, {"type": "Feature", "geometry": {"type": "Point", "coordinates": [-82.61666666836302, 35.591666667240005]}, "properties": {"p_logistic": 0.4897996783256531, "p_rf": 0.5680000185966492, "p_xgb": 0.9775445461273193, "date": "2026-01-29"}}, {"type": "Feature", "geometry": {"type": "Point", "coordinates": [-82.60833333503001, 35.591666667240005]}, "properties": {"p_logistic": 0.4901650846004486, "p_rf": 0.5640000104904175, "p_xgb": 0.9818514585494995, "date": "2026-01-29"}}, {"type": "Feature", "geometry": {"type": "Point", "coordinates": [-82.60000000169703, 35.591666667240005]}, "properties": {"p_logistic": 0.49038901925086975, "p_rf": 0.5879999995231628, "p_xgb": 0.9818514585494995, "date": "2026-01-29"}}, {"type": "Feature", "geometry": {"type": "Point", "coordinates": [-82.59166666836401, 35.591666667240005]}, "properties": {"p_logistic": 0.49074211716651917, "p_rf": 0.5899999737739563, "p_xgb": 0.9859110116958618, "date": "2026-01-29"}}, {"type": "Feature", "geometry": {"type": "Point", "coordinates": [-82.58333333503101, 35.591666667240005]}, "properties": {"p_logistic": 0.49049413204193115, "p_rf": 0.5839999914169312, "p_xgb": 0.9864640235900879, "date": "2026-01-29"}}, {"type": "Feature", "geometry": {"type": "Point", "coordinates": [-82.57500000169802, 35.591666667240005]}, "properties": {"p_logistic": 0.490922749042511, "p_rf": 0.5740000009536743, "p_xgb": 0.9864640235900879, "date": "2026-01-29"}}, {"type": "Feature", "geometry": {"type": "Point", "coordinates": [-82.56666666836502, 35.591666667240005]}, "properties": {"p_logistic": 0.4910065531730652, "p_rf": 0.5799999833106995, "p_xgb": 0.9876434803009033, "date": "2026-01-29"}}, {"type": "Feature", "geometry": {"type": "Point", "coordinates": [-82.55833333503202, 35.591666667240005]}, "properties": {"p_logistic": 0.49163737893104553, "p_rf": 0.5879999995231628, "p_xgb": 0.9898841381072998, "date": "2026-01-29"}}, {"type": "Feature", "geometry": {"type": "Point", "coordinates": [-82.55000000169902, 35.591666667240005]}, "properties": {"p_logistic": 0.4931085705757141, "p_rf": 0.593999981880188, "p_xgb": 0.9894694089889526, "date": "2026-01-29"}}, {"type": "Feature", "geometry": {"type": "Point", "coordinates": [-82.54166666836602, 35.591666667240005]}, "properties": {"p_logistic": 0.49352607131004333, "p_rf": 0.578000009059906, "p_xgb": 0.9859110116958618, "date": "2026-01-29"}}, {"type": "Feature", "geometry": {"type": "Point", "coordinates": [-82.53333333503302, 35.591666667240005]}, "properties": {"p_logistic": 0.4934868812561035, "p_rf": 0.5839999914169312, "p_xgb": 0.9859110116958618, "date": "2026-01-29"}}, {"type": "Feature", "geometry": {"type": "Point", "coordinates": [-82.52500000170002, 35.591666667240005]}, "properties": {"p_logistic": 0.49431854486465454, "p_rf": 0.593999981880188, "p_xgb": 0.9818514585494995, "date": "2026-01-29"}}, {"type": "Feature", "geometry": {"type": "Point", "coordinates": [-82.51666666836701, 35.591666667240005]}, "properties": {"p_logistic": 0.4964216351509094, "p_rf": 0.5799999833106995, "p_xgb": 0.9799864888191223, "date": "2026-01-29"}}, {"type": "Feature", "geometry": {"type": "Point", "coordinates": [-82.50833333503402, 35.591666667240005]}, "properties": {"p_logistic": 0.4988284111022949, "p_rf": 0.5759999752044678, "p_xgb": 0.9631404876708984, "date": "2026-01-29"}}, {"type": "Feature", "geometry": {"type": "Point", "coordinates": [-82.50000000170101, 35.591666667240005]}, "properties": {"p_logistic": 0.5010442137718201, "p_rf": 0.5899999737739563, "p_xgb": 0.9708333611488342, "date": "2026-01-29"}}, {"type": "Feature", "geometry": {"type": "Point", "coordinates": [-82.49166666836803, 35.591666667240005]}, "properties": {"p_logistic": 0.5020256042480469, "p_rf": 0.5979999899864197, "p_xgb": 0.9746574759483337, "date": "2026-01-29"}}, {"type": "Feature", "geometry": {"type": "Point", "coordinates": [-82.48333333503501, 35.591666667240005]}, "properties": {"p_logistic": 0.5036088824272156, "p_rf": 0.6100000143051147, "p_xgb": 0.9775245189666748, "date": "2026-01-29"}}, {"type": "Feature", "geometry": {"type": "Point", "coordinates": [-82.47500000170201, 35.591666667240005]}, "properties": {"p_logistic": 0.50565505027771, "p_rf": 0.6140000224113464, "p_xgb": 0.9736440181732178, "date": "2026-01-29"}}, {"type": "Feature", "geometry": {"type": "Point", "coordinates": [-82.46666666836902, 35.591666667240005]}, "properties": {"p_logistic": 0.5083293318748474, "p_rf": 0.6039999723434448, "p_xgb": 0.95362389087677, "date": "2026-01-29"}}, {"type": "Feature", "geometry": {"type": "Point", "coordinates": [-82.45833333503602, 35.591666667240005]}, "properties": {"p_logistic": 0.5102360844612122, "p_rf": 0.6179999709129333, "p_xgb": 0.9548950791358948, "date": "2026-01-29"}}, {"type": "Feature", "geometry": {"type": "Point", "coordinates": [-82.45000000170302, 35.591666667240005]}, "properties": {"p_logistic": 0.5126171708106995, "p_rf": 0.6100000143051147, "p_xgb": 0.9548950791358948, "date": "2026-01-29"}}, {"type": "Feature", "geometry": {"type": "Point", "coordinates": [-82.44166666837002, 35.591666667240005]}, "properties": {"p_logistic": 0.5144455432891846, "p_rf": 0.6399999856948853, "p_xgb": 0.9674408435821533, "date": "2026-01-29"}}, {"type": "Feature", "geometry": {"type": "Point", "coordinates": [-82.43333333503702, 35.591666667240005]}, "properties": {"p_logistic": 0.5164234638214111, "p_rf": 0.6700000166893005, "p_xgb": 0.9868220090866089, "date": "2026-01-29"}}, {"type": "Feature", "geometry": {"type": "Point", "coordinates": [-82.42500000170402, 35.591666667240005]}, "properties": {"p_logistic": 0.5173949003219604, "p_rf": 0.6520000100135803, "p_xgb": 0.9873129725456238, "date": "2026-01-29"}}, {"type": "Feature", "geometry": {"type": "Point", "coordinates": [-82.41666666837102, 35.591666667240005]}, "properties": {"p_logistic": 0.5175393223762512, "p_rf": 0.6460000276565552, "p_xgb": 0.9850640892982483, "date": "2026-01-29"}}, {"type": "Feature", "geometry": {"type": "Point", "coordinates": [-82.40833333503801, 35.591666667240005]}, "properties": {"p_logistic": 0.5163621306419373, "p_rf": 0.6480000019073486, "p_xgb": 0.9850640892982483, "date": "2026-01-29"}}, {"type": "Feature", "geometry": {"type": "Point", "coordinates": [-82.40000000170502, 35.591666667240005]}, "properties": {"p_logistic": 0.5135032534599304, "p_rf": 0.6460000276565552, "p_xgb": 0.9876602292060852, "date": "2026-01-29"}}, {"type": "Feature", "geometry": {"type": "Point", "coordinates": [-82.39166666837201, 35.591666667240005]}, "properties": {"p_logistic": 0.511112630367279, "p_rf": 0.7139999866485596, "p_xgb": 0.9876602292060852, "date": "2026-01-29"}}, {"type": "Feature", "geometry": {"type": "Point", "coordinates": [-82.38333333503903, 35.591666667240005]}, "properties": {"p_logistic": 0.5097280740737915, "p_rf": 0.7200000286102295, "p_xgb": 0.9882104396820068, "date": "2026-01-29"}}, {"type": "Feature", "geometry": {"type": "Point", "coordinates": [-82.37500000170601, 35.591666667240005]}, "properties": {"p_logistic": 0.508899986743927, "p_rf": 0.7160000205039978, "p_xgb": 0.9941745400428772, "date": "2026-01-29"}}, {"type": "Feature", "geometry": {"type": "Point", "coordinates": [-82.36666666837301, 35.591666667240005]}, "properties": {"p_logistic": 0.5078380703926086, "p_rf": 0.7059999704360962, "p_xgb": 0.9927428960800171, "date": "2026-01-29"}}, {"type": "Feature", "geometry": {"type": "Point", "coordinates": [-82.35833333504002, 35.591666667240005]}, "properties": {"p_logistic": 0.5072231888771057, "p_rf": 0.6740000247955322, "p_xgb": 0.9832393527030945, "date": "2026-01-29"}}, {"type": "Feature", "geometry": {"type": "Point", "coordinates": [-82.35000000170702, 35.591666667240005]}, "properties": {"p_logistic": 0.5067664980888367, "p_rf": 0.6660000085830688, "p_xgb": 0.9891968369483948, "date": "2026-01-29"}}, {"type": "Feature", "geometry": {"type": "Point", "coordinates": [-82.34166666837402, 35.591666667240005]}, "properties": {"p_logistic": 0.5060436725616455, "p_rf": 0.6919999718666077, "p_xgb": 0.9898988604545593, "date": "2026-01-29"}}, {"type": "Feature", "geometry": {"type": "Point", "coordinates": [-82.33333333504102, 35.591666667240005]}, "properties": {"p_logistic": 0.5055448412895203, "p_rf": 0.6420000195503235, "p_xgb": 0.9886478781700134, "date": "2026-01-29"}}, {"type": "Feature", "geometry": {"type": "Point", "coordinates": [-82.32500000170802, 35.591666667240005]}, "properties": {"p_logistic": 0.5068651437759399, "p_rf": 0.6299999952316284, "p_xgb": 0.9770021438598633, "date": "2026-01-29"}}, {"type": "Feature", "geometry": {"type": "Point", "coordinates": [-82.31666666837502, 35.591666667240005]}, "properties": {"p_logistic": 0.5090621113777161, "p_rf": 0.6179999709129333, "p_xgb": 0.9801336526870728, "date": "2026-01-29"}}, {"type": "Feature", "geometry": {"type": "Point", "coordinates": [-82.30833333504202, 35.591666667240005]}, "properties": {"p_logistic": 0.5119315385818481, "p_rf": 0.6380000114440918, "p_xgb": 0.9889355301856995, "date": "2026-01-29"}}, {"type": "Feature", "geometry": {"type": "Point", "coordinates": [-82.30000000170901, 35.591666667240005]}, "properties": {"p_logistic": 0.5140263438224792, "p_rf": 0.6079999804496765, "p_xgb": 0.9892772436141968, "date": "2026-01-29"}}, {"type": "Feature", "geometry": {"type": "Point", "coordinates": [-82.29166666837602, 35.591666667240005]}, "properties": {"p_logistic": 0.5160825848579407, "p_rf": 0.5920000076293945, "p_xgb": 0.989291250705719, "date": "2026-01-29"}}, {"type": "Feature", "geometry": {"type": "Point", "coordinates": [-82.77500000169002, 35.58333333390701]}, "properties": {"p_logistic": 0.48861420154571533, "p_rf": 0.6000000238418579, "p_xgb": 0.9910497665405273, "date": "2026-01-29"}}, {"type": "Feature", "geometry": {"type": "Point", "coordinates": [-82.76666666835702, 35.58333333390701]}, "properties": {"p_logistic": 0.4894121587276459, "p_rf": 0.5960000157356262, "p_xgb": 0.9910497665405273, "date": "2026-01-29"}}, {"type": "Feature", "geometry": {"type": "Point", "coordinates": [-82.75833333502402, 35.58333333390701]}, "properties": {"p_logistic": 0.49008747935295105, "p_rf": 0.5979999899864197, "p_xgb": 0.9910497665405273, "date": "2026-01-29"}}, {"type": "Feature", "geometry": {"type": "Point", "coordinates": [-82.75000000169102, 35.58333333390701]}, "properties": {"p_logistic": 0.49027955532073975, "p_rf": 0.6179999709129333, "p_xgb": 0.9876362681388855, "date": "2026-01-29"}}, {"type": "Feature", "geometry": {"type": "Point", "coordinates": [-82.74166666835802, 35.58333333390701]}, "properties": {"p_logistic": 0.4904410243034363, "p_rf": 0.6240000128746033, "p_xgb": 0.9875155687332153, "date": "2026-01-29"}}, {"type": "Feature", "geometry": {"type": "Point", "coordinates": [-82.73333333502501, 35.58333333390701]}, "properties": {"p_logistic": 0.490889310836792, "p_rf": 0.6179999709129333, "p_xgb": 0.9875155687332153, "date": "2026-01-29"}}, {"type": "Feature", "geometry": {"type": "Point", "coordinates": [-82.72500000169202, 35.58333333390701]}, "properties": {"p_logistic": 0.491062730550766, "p_rf": 0.6179999709129333, "p_xgb": 0.9875155687332153, "date": "2026-01-29"}}, {"type": "Feature", "geometry": {"type": "Point", "coordinates": [-82.71666666835901, 35.58333333390701]}, "properties": {"p_logistic": 0.49107879400253296, "p_rf": 0.6100000143051147, "p_xgb": 0.987736165523529, "date": "2026-01-29"}}, {"type": "Feature", "geometry": {"type": "Point", "coordinates": [-82.70833333502603, 35.58333333390701]}, "properties": {"p_logistic": 0.49129849672317505, "p_rf": 0.6119999885559082, "p_xgb": 0.9882318377494812, "date": "2026-01-29"}}, {"type": "Feature", "geometry": {"type": "Point", "coordinates": [-82.70000000169301, 35.58333333390701]}, "properties": {"p_logistic": 0.4916088879108429, "p_rf": 0.6159999966621399, "p_xgb": 0.9824617505073547, "date": "2026-01-29"}}, {"type": "Feature", "geometry": {"type": "Point", "coordinates": [-82.69166666836001, 35.58333333390701]}, "properties": {"p_logistic": 0.4910818040370941, "p_rf": 0.6159999966621399, "p_xgb": 0.9771670699119568, "date": "2026-01-29"}}, {"type": "Feature", "geometry": {"type": "Point", "coordinates": [-82.68333333502702, 35.58333333390701]}, "properties": {"p_logistic": 0.4910263419151306, "p_rf": 0.6240000128746033, "p_xgb": 0.9812715649604797, "date": "2026-01-29"}}, {"type": "Feature", "geometry": {"type": "Point", "coordinates": [-82.67500000169402, 35.58333333390701]}, "properties": {"p_logistic": 0.4906367063522339, "p_rf": 0.6200000047683716, "p_xgb": 0.9812715649604797, "date": "2026-01-29"}}, {"type": "Feature", "geometry": {"type": "Point", "coordinates": [-82.66666666836102, 35.58333333390701]}, "properties": {"p_logistic": 0.4904341697692871, "p_rf": 0.6200000047683716, "p_xgb": 0.9764705896377563, "date": "2026-01-29"}}, {"type": "Feature", "geometry": {"type": "Point", "coordinates": [-82.65833333502802, 35.58333333390701]}, "properties": {"p_logistic": 0.4903523027896881, "p_rf": 0.6200000047683716, "p_xgb": 0.9871305823326111, "date": "2026-01-29"}}, {"type": "Feature", "geometry": {"type": "Point", "coordinates": [-82.65000000169502, 35.58333333390701]}, "properties": {"p_logistic": 0.49070754647254944, "p_rf": 0.628000020980835, "p_xgb": 0.9871305823326111, "date": "2026-01-29"}}, {"type": "Feature", "geometry": {"type": "Point", "coordinates": [-82.64166666836202, 35.58333333390701]}, "properties": {"p_logistic": 0.4909016788005829, "p_rf": 0.628000020980835, "p_xgb": 0.9742944240570068, "date": "2026-01-29"}}, {"type": "Feature", "geometry": {"type": "Point", "coordinates": [-82.63333333502902, 35.58333333390701]}, "properties": {"p_logistic": 0.4908275008201599, "p_rf": 0.6420000195503235, "p_xgb": 0.9749587178230286, "date": "2026-01-29"}}, {"type": "Feature", "geometry": {"type": "Point", "coordinates": [-82.62500000169601, 35.58333333390701]}, "properties": {"p_logistic": 0.49071216583251953, "p_rf": 0.6380000114440918, "p_xgb": 0.9746642708778381, "date": "2026-01-29"}}, {"type": "Feature", "geometry": {"type": "Point", "coordinates": [-82.61666666836302, 35.58333333390701]}, "properties": {"p_logistic": 0.49065712094306946, "p_rf": 0.5659999847412109, "p_xgb": 0.9743363261222839, "date": "2026-01-29"}}, {"type": "Feature", "geometry": {"type": "Point", "coordinates": [-82.60833333503001, 35.58333333390701]}, "properties": {"p_logistic": 0.4906017482280731, "p_rf": 0.5699999928474426, "p_xgb": 0.9818514585494995, "date": "2026-01-29"}}, {"type": "Feature", "geometry": {"type": "Point", "coordinates": [-82.60000000169703, 35.58333333390701]}, "properties": {"p_logistic": 0.49056220054626465, "p_rf": 0.5920000076293945, "p_xgb": 0.9818514585494995, "date": "2026-01-29"}}, {"type": "Feature", "geometry": {"type": "Point", "coordinates": [-82.59166666836401, 35.58333333390701]}, "properties": {"p_logistic": 0.4902620315551758, "p_rf": 0.5960000157356262, "p_xgb": 0.9818514585494995, "date": "2026-01-29"}}, {"type": "Feature", "geometry": {"type": "Point", "coordinates": [-82.58333333503101, 35.58333333390701]}, "properties": {"p_logistic": 0.49054181575775146, "p_rf": 0.593999981880188, "p_xgb": 0.9818514585494995, "date": "2026-01-29"}}, {"type": "Feature", "geometry": {"type": "Point", "coordinates": [-82.57500000169802, 35.58333333390701]}, "properties": {"p_logistic": 0.49097153544425964, "p_rf": 0.5839999914169312, "p_xgb": 0.9859110116958618, "date": "2026-01-29"}}, {"type": "Feature", "geometry": {"type": "Point", "coordinates": [-82.56666666836502, 35.58333333390701]}, "properties": {"p_logistic": 0.49155208468437195, "p_rf": 0.5820000171661377, "p_xgb": 0.9859110116958618, "date": "2026-01-29"}}, {"type": "Feature", "geometry": {"type": "Point", "coordinates": [-82.55833333503202, 35.58333333390701]}, "properties": {"p_logistic": 0.4920301139354706, "p_rf": 0.5740000009536743, "p_xgb": 0.9859110116958618, "date": "2026-01-29"}}, {"type": "Feature", "geometry": {"type": "Point", "coordinates": [-82.55000000169902, 35.58333333390701]}, "properties": {"p_logistic": 0.4931630790233612, "p_rf": 0.578000009059906, "p_xgb": 0.9859110116958618, "date": "2026-01-29"}}, {"type": "Feature", "geometry": {"type": "Point", "coordinates": [-82.54166666836602, 35.58333333390701]}, "properties": {"p_logistic": 0.4938257932662964, "p_rf": 0.578000009059906, "p_xgb": 0.9859110116958618, "date": "2026-01-29"}}, {"type": "Feature", "geometry": {"type": "Point", "coordinates": [-82.53333333503302, 35.58333333390701]}, "properties": {"p_logistic": 0.4939698278903961, "p_rf": 0.5799999833106995, "p_xgb": 0.9859110116958618, "date": "2026-01-29"}}, {"type": "Feature", "geometry": {"type": "Point", "coordinates": [-82.52500000170002, 35.58333333390701]}, "properties": {"p_logistic": 0.49480873346328735, "p_rf": 0.5860000252723694, "p_xgb": 0.9859110116958618, "date": "2026-01-29"}}, {"type": "Feature", "geometry": {"type": "Point", "coordinates": [-82.51666666836701, 35.58333333390701]}, "properties": {"p_logistic": 0.49711039662361145, "p_rf": 0.6039999723434448, "p_xgb": 0.9757473468780518, "date": "2026-01-29"}}, {"type": "Feature", "geometry": {"type": "Point", "coordinates": [-82.50833333503402, 35.58333333390701]}, "properties": {"p_logistic": 0.49982237815856934, "p_rf": 0.5720000267028809, "p_xgb": 0.9708333611488342, "date": "2026-01-29"}}, {"type": "Feature", "geometry": {"type": "Point", "coordinates": [-82.50000000170101, 35.58333333390701]}, "properties": {"p_logistic": 0.5019345879554749, "p_rf": 0.5960000157356262, "p_xgb": 0.9730701446533203, "date": "2026-01-29"}}, {"type": "Feature", "geometry": {"type": "Point", "coordinates": [-82.49166666836803, 35.58333333390701]}, "properties": {"p_logistic": 0.5031132102012634, "p_rf": 0.6119999885559082, "p_xgb": 0.976847767829895, "date": "2026-01-29"}}, {"type": "Feature", "geometry": {"type": "Point", "coordinates": [-82.48333333503501, 35.58333333390701]}, "properties": {"p_logistic": 0.5041155815124512, "p_rf": 0.6179999709129333, "p_xgb": 0.9715448617935181, "date": "2026-01-29"}}, {"type": "Feature", "geometry": {"type": "Point", "coordinates": [-82.47500000170201, 35.58333333390701]}, "properties": {"p_logistic": 0.5067381858825684, "p_rf": 0.593999981880188, "p_xgb": 0.9447519779205322, "date": "2026-01-29"}}, {"type": "Feature", "geometry": {"type": "Point", "coordinates": [-82.46666666836902, 35.58333333390701]}, "properties": {"p_logistic": 0.5111835598945618, "p_rf": 0.5899999737739563, "p_xgb": 0.9458709955215454, "date": "2026-01-29"}}, {"type": "Feature", "geometry": {"type": "Point", "coordinates": [-82.45833333503602, 35.58333333390701]}, "properties": {"p_logistic": 0.5140172839164734, "p_rf": 0.6299999952316284, "p_xgb": 0.960040271282196, "date": "2026-01-29"}}, {"type": "Feature", "geometry": {"type": "Point", "coordinates": [-82.45000000170302, 35.58333333390701]}, "properties": {"p_logistic": 0.5160102844238281, "p_rf": 0.6499999761581421, "p_xgb": 0.9873129725456238, "date": "2026-01-29"}}, {"type": "Feature", "geometry": {"type": "Point", "coordinates": [-82.44166666837002, 35.58333333390701]}, "properties": {"p_logistic": 0.5178421139717102, "p_rf": 0.6520000100135803, "p_xgb": 0.9873129725456238, "date": "2026-01-29"}}, {"type": "Feature", "geometry": {"type": "Point", "coordinates": [-82.43333333503702, 35.58333333390701]}, "properties": {"p_logistic": 0.5194774270057678, "p_rf": 0.6520000100135803, "p_xgb": 0.9752466082572937, "date": "2026-01-29"}}, {"type": "Feature", "geometry": {"type": "Point", "coordinates": [-82.42500000170402, 35.58333333390701]}, "properties": {"p_logistic": 0.5194132924079895, "p_rf": 0.6320000290870667, "p_xgb": 0.9752466082572937, "date": "2026-01-29"}}, {"type": "Feature", "geometry": {"type": "Point", "coordinates": [-82.41666666837102, 35.58333333390701]}, "properties": {"p_logistic": 0.5186389088630676, "p_rf": 0.6299999952316284, "p_xgb": 0.9759159088134766, "date": "2026-01-29"}}, {"type": "Feature", "geometry": {"type": "Point", "coordinates": [-82.40833333503801, 35.58333333390701]}, "properties": {"p_logistic": 0.5163043737411499, "p_rf": 0.6959999799728394, "p_xgb": 0.9759159088134766, "date": "2026-01-29"}}, {"type": "Feature", "geometry": {"type": "Point", "coordinates": [-82.40000000170502, 35.58333333390701]}, "properties": {"p_logistic": 0.5137858986854553, "p_rf": 0.7160000205039978, "p_xgb": 0.9885584115982056, "date": "2026-01-29"}}, {"type": "Feature", "geometry": {"type": "Point", "coordinates": [-82.39166666837201, 35.58333333390701]}, "properties": {"p_logistic": 0.510944664478302, "p_rf": 0.7039999961853027, "p_xgb": 0.9878617525100708, "date": "2026-01-29"}}, {"type": "Feature", "geometry": {"type": "Point", "coordinates": [-82.38333333503903, 35.58333333390701]}, "properties": {"p_logistic": 0.5092933773994446, "p_rf": 0.6840000152587891, "p_xgb": 0.9876554608345032, "date": "2026-01-29"}}, {"type": "Feature", "geometry": {"type": "Point", "coordinates": [-82.37500000170601, 35.58333333390701]}, "properties": {"p_logistic": 0.507840633392334, "p_rf": 0.6740000247955322, "p_xgb": 0.9832393527030945, "date": "2026-01-29"}}, {"type": "Feature", "geometry": {"type": "Point", "coordinates": [-82.36666666837301, 35.58333333390701]}, "properties": {"p_logistic": 0.5073123574256897, "p_rf": 0.656000018119812, "p_xgb": 0.9889434576034546, "date": "2026-01-29"}}, {"type": "Feature", "geometry": {"type": "Point", "coordinates": [-82.35833333504002, 35.58333333390701]}, "properties": {"p_logistic": 0.5071801543235779, "p_rf": 0.6700000166893005, "p_xgb": 0.9898988604545593, "date": "2026-01-29"}}, {"type": "Feature", "geometry": {"type": "Point", "coordinates": [-82.35000000170702, 35.58333333390701]}, "properties": {"p_logistic": 0.5072910189628601, "p_rf": 0.6899999976158142, "p_xgb": 0.9904922842979431, "date": "2026-01-29"}}, {"type": "Feature", "geometry": {"type": "Point", "coordinates": [-82.34166666837402, 35.58333333390701]}, "properties": {"p_logistic": 0.5072305798530579, "p_rf": 0.656000018119812, "p_xgb": 0.9895049333572388, "date": "2026-01-29"}}, {"type": "Feature", "geometry": {"type": "Point", "coordinates": [-82.33333333504102, 35.58333333390701]}, "properties": {"p_logistic": 0.5071923136711121, "p_rf": 0.6320000290870667, "p_xgb": 0.9793540239334106, "date": "2026-01-29"}}, {"type": "Feature", "geometry": {"type": "Point", "coordinates": [-82.32500000170802, 35.58333333390701]}, "properties": {"p_logistic": 0.5087530016899109, "p_rf": 0.6420000195503235, "p_xgb": 0.9801336526870728, "date": "2026-01-29"}}, {"type": "Feature", "geometry": {"type": "Point", "coordinates": [-82.31666666837502, 35.58333333390701]}, "properties": {"p_logistic": 0.5111556053161621, "p_rf": 0.621999979019165, "p_xgb": 0.9801719784736633, "date": "2026-01-29"}}, {"type": "Feature", "geometry": {"type": "Point", "coordinates": [-82.30833333504202, 35.58333333390701]}, "properties": {"p_logistic": 0.5136218667030334, "p_rf": 0.5979999899864197, "p_xgb": 0.9888926148414612, "date": "2026-01-29"}}, {"type": "Feature", "geometry": {"type": "Point", "coordinates": [-82.30000000170901, 35.58333333390701]}, "properties": {"p_logistic": 0.5151183605194092, "p_rf": 0.5799999833106995, "p_xgb": 0.9884465932846069, "date": "2026-01-29"}}, {"type": "Feature", "geometry": {"type": "Point", "coordinates": [-82.29166666837602, 35.58333333390701]}, "properties": {"p_logistic": 0.5161075592041016, "p_rf": 0.5879999995231628, "p_xgb": 0.9884465932846069, "date": "2026-01-29"}}, {"type": "Feature", "geometry": {"type": "Point", "coordinates": [-82.28333333504301, 35.58333333390701]}, "properties": {"p_logistic": 0.5171023011207581, "p_rf": 0.5720000267028809, "p_xgb": 0.9884465932846069, "date": "2026-01-29"}}, {"type": "Feature", "geometry": {"type": "Point", "coordinates": [-82.76666666835702, 35.57500000057401]}, "properties": {"p_logistic": 0.48941460251808167, "p_rf": 0.6499999761581421, "p_xgb": 0.9919935464859009, "date": "2026-01-29"}}, {"type": "Feature", "geometry": {"type": "Point", "coordinates": [-82.75833333502402, 35.57500000057401]}, "properties": {"p_logistic": 0.49026957154273987, "p_rf": 0.5979999899864197, "p_xgb": 0.9910497665405273, "date": "2026-01-29"}}, {"type": "Feature", "geometry": {"type": "Point", "coordinates": [-82.75000000169102, 35.57500000057401]}, "properties": {"p_logistic": 0.491228312253952, "p_rf": 0.6000000238418579, "p_xgb": 0.9876362681388855, "date": "2026-01-29"}}, {"type": "Feature", "geometry": {"type": "Point", "coordinates": [-82.74166666835802, 35.57500000057401]}, "properties": {"p_logistic": 0.49153265357017517, "p_rf": 0.6159999966621399, "p_xgb": 0.9876362681388855, "date": "2026-01-29"}}, {"type": "Feature", "geometry": {"type": "Point", "coordinates": [-82.73333333502501, 35.57500000057401]}, "properties": {"p_logistic": 0.4918036162853241, "p_rf": 0.628000020980835, "p_xgb": 0.9897792935371399, "date": "2026-01-29"}}, {"type": "Feature", "geometry": {"type": "Point", "coordinates": [-82.72500000169202, 35.57500000057401]}, "properties": {"p_logistic": 0.4919717609882355, "p_rf": 0.6259999871253967, "p_xgb": 0.9897792935371399, "date": "2026-01-29"}}, {"type": "Feature", "geometry": {"type": "Point", "coordinates": [-82.71666666835901, 35.57500000057401]}, "properties": {"p_logistic": 0.49216654896736145, "p_rf": 0.621999979019165, "p_xgb": 0.9899601936340332, "date": "2026-01-29"}}, {"type": "Feature", "geometry": {"type": "Point", "coordinates": [-82.70833333502603, 35.57500000057401]}, "properties": {"p_logistic": 0.49238723516464233, "p_rf": 0.628000020980835, "p_xgb": 0.9903669357299805, "date": "2026-01-29"}}, {"type": "Feature", "geometry": {"type": "Point", "coordinates": [-82.70000000169301, 35.57500000057401]}, "properties": {"p_logistic": 0.4927813708782196, "p_rf": 0.628000020980835, "p_xgb": 0.9903669357299805, "date": "2026-01-29"}}, {"type": "Feature", "geometry": {"type": "Point", "coordinates": [-82.69166666836001, 35.57500000057401]}, "properties": {"p_logistic": 0.4922467768192291, "p_rf": 0.6299999952316284, "p_xgb": 0.9903669357299805, "date": "2026-01-29"}}, {"type": "Feature", "geometry": {"type": "Point", "coordinates": [-82.68333333502702, 35.57500000057401]}, "properties": {"p_logistic": 0.49214431643486023, "p_rf": 0.6240000128746033, "p_xgb": 0.9893603324890137, "date": "2026-01-29"}}, {"type": "Feature", "geometry": {"type": "Point", "coordinates": [-82.67500000169402, 35.57500000057401]}, "properties": {"p_logistic": 0.4917237162590027, "p_rf": 0.6259999871253967, "p_xgb": 0.9871305823326111, "date": "2026-01-29"}}, {"type": "Feature", "geometry": {"type": "Point", "coordinates": [-82.66666666836102, 35.57500000057401]}, "properties": {"p_logistic": 0.49132445454597473, "p_rf": 0.621999979019165, "p_xgb": 0.9871305823326111, "date": "2026-01-29"}}, {"type": "Feature", "geometry": {"type": "Point", "coordinates": [-82.65833333502802, 35.57500000057401]}, "properties": {"p_logistic": 0.49121755361557007, "p_rf": 0.6159999966621399, "p_xgb": 0.9856735467910767, "date": "2026-01-29"}}, {"type": "Feature", "geometry": {"type": "Point", "coordinates": [-82.65000000169502, 35.57500000057401]}, "properties": {"p_logistic": 0.4915417432785034, "p_rf": 0.6240000128746033, "p_xgb": 0.9850505590438843, "date": "2026-01-29"}}, {"type": "Feature", "geometry": {"type": "Point", "coordinates": [-82.64166666836202, 35.57500000057401]}, "properties": {"p_logistic": 0.49162647128105164, "p_rf": 0.6299999952316284, "p_xgb": 0.9844732284545898, "date": "2026-01-29"}}, {"type": "Feature", "geometry": {"type": "Point", "coordinates": [-82.63333333502902, 35.57500000057401]}, "properties": {"p_logistic": 0.4916445016860962, "p_rf": 0.628000020980835, "p_xgb": 0.9732758402824402, "date": "2026-01-29"}}, {"type": "Feature", "geometry": {"type": "Point", "coordinates": [-82.62500000169601, 35.57500000057401]}, "properties": {"p_logistic": 0.49153125286102295, "p_rf": 0.6359999775886536, "p_xgb": 0.9732758402824402, "date": "2026-01-29"}}, {"type": "Feature", "geometry": {"type": "Point", "coordinates": [-82.61666666836302, 35.57500000057401]}, "properties": {"p_logistic": 0.4914321005344391, "p_rf": 0.5680000185966492, "p_xgb": 0.9722130298614502, "date": "2026-01-29"}}, {"type": "Feature", "geometry": {"type": "Point", "coordinates": [-82.60833333503001, 35.57500000057401]}, "properties": {"p_logistic": 0.4911922216415405, "p_rf": 0.5680000185966492, "p_xgb": 0.979241669178009, "date": "2026-01-29"}}, {"type": "Feature", "geometry": {"type": "Point", "coordinates": [-82.60000000169703, 35.57500000057401]}, "properties": {"p_logistic": 0.4908323884010315, "p_rf": 0.5720000267028809, "p_xgb": 0.9798089861869812, "date": "2026-01-29"}}, {"type": "Feature", "geometry": {"type": "Point", "coordinates": [-82.59166666836401, 35.57500000057401]}, "properties": {"p_logistic": 0.49054110050201416, "p_rf": 0.5720000267028809, "p_xgb": 0.9818514585494995, "date": "2026-01-29"}}, {"type": "Feature", "geometry": {"type": "Point", "coordinates": [-82.58333333503101, 35.57500000057401]}, "properties": {"p_logistic": 0.49013781547546387, "p_rf": 0.5699999928474426, "p_xgb": 0.9818514585494995, "date": "2026-01-29"}}, {"type": "Feature", "geometry": {"type": "Point", "coordinates": [-82.57500000169802, 35.57500000057401]}, "properties": {"p_logistic": 0.49063074588775635, "p_rf": 0.5680000185966492, "p_xgb": 0.9818514585494995, "date": "2026-01-29"}}, {"type": "Feature", "geometry": {"type": "Point", "coordinates": [-82.56666666836502, 35.57500000057401]}, "properties": {"p_logistic": 0.49108386039733887, "p_rf": 0.5699999928474426, "p_xgb": 0.9818514585494995, "date": "2026-01-29"}}, {"type": "Feature", "geometry": {"type": "Point", "coordinates": [-82.55833333503202, 35.57500000057401]}, "properties": {"p_logistic": 0.4921117126941681, "p_rf": 0.5920000076293945, "p_xgb": 0.9818514585494995, "date": "2026-01-29"}}, {"type": "Feature", "geometry": {"type": "Point", "coordinates": [-82.55000000169902, 35.57500000057401]}, "properties": {"p_logistic": 0.4933263063430786, "p_rf": 0.5860000252723694, "p_xgb": 0.9859110116958618, "date": "2026-01-29"}}, {"type": "Feature", "geometry": {"type": "Point", "coordinates": [-82.54166666836602, 35.57500000057401]}, "properties": {"p_logistic": 0.49416959285736084, "p_rf": 0.5860000252723694, "p_xgb": 0.9859110116958618, "date": "2026-01-29"}}, {"type": "Feature", "geometry": {"type": "Point", "coordinates": [-82.53333333503302, 35.57500000057401]}, "properties": {"p_logistic": 0.4944312870502472, "p_rf": 0.5799999833106995, "p_xgb": 0.9859110116958618, "date": "2026-01-29"}}, {"type": "Feature", "geometry": {"type": "Point", "coordinates": [-82.52500000170002, 35.57500000057401]}, "properties": {"p_logistic": 0.4956819415092468, "p_rf": 0.5860000252723694, "p_xgb": 0.9799864888191223, "date": "2026-01-29"}}, {"type": "Feature", "geometry": {"type": "Point", "coordinates": [-82.51666666836701, 35.57500000057401]}, "properties": {"p_logistic": 0.49794235825538635, "p_rf": 0.6019999980926514, "p_xgb": 0.974137544631958, "date": "2026-01-29"}}, {"type": "Feature", "geometry": {"type": "Point", "coordinates": [-82.50833333503402, 35.57500000057401]}, "properties": {"p_logistic": 0.5012621283531189, "p_rf": 0.5960000157356262, "p_xgb": 0.9730701446533203, "date": "2026-01-29"}}, {"type": "Feature", "geometry": {"type": "Point", "coordinates": [-82.50000000170101, 35.57500000057401]}, "properties": {"p_logistic": 0.503650426864624, "p_rf": 0.6060000061988831, "p_xgb": 0.9723504185676575, "date": "2026-01-29"}}, {"type": "Feature", "geometry": {"type": "Point", "coordinates": [-82.49166666836803, 35.57500000057401]}, "properties": {"p_logistic": 0.5045107007026672, "p_rf": 0.6880000233650208, "p_xgb": 0.9684754610061646, "date": "2026-01-29"}}, {"type": "Feature", "geometry": {"type": "Point", "coordinates": [-82.48333333503501, 35.57500000057401]}, "properties": {"p_logistic": 0.5059893727302551, "p_rf": 0.6679999828338623, "p_xgb": 0.9417760968208313, "date": "2026-01-29"}}, {"type": "Feature", "geometry": {"type": "Point", "coordinates": [-82.47500000170201, 35.57500000057401]}, "properties": {"p_logistic": 0.5090174674987793, "p_rf": 0.6520000100135803, "p_xgb": 0.9495501518249512, "date": "2026-01-29"}}, {"type": "Feature", "geometry": {"type": "Point", "coordinates": [-82.46666666836902, 35.57500000057401]}, "properties": {"p_logistic": 0.5140376687049866, "p_rf": 0.7120000123977661, "p_xgb": 0.9882104396820068, "date": "2026-01-29"}}, {"type": "Feature", "geometry": {"type": "Point", "coordinates": [-82.45833333503602, 35.57500000057401]}, "properties": {"p_logistic": 0.5170665383338928, "p_rf": 0.7179999947547913, "p_xgb": 0.9861184358596802, "date": "2026-01-29"}}, {"type": "Feature", "geometry": {"type": "Point", "coordinates": [-82.45000000170302, 35.57500000057401]}, "properties": {"p_logistic": 0.5187286734580994, "p_rf": 0.7059999704360962, "p_xgb": 0.9759159088134766, "date": "2026-01-29"}}, {"type": "Feature", "geometry": {"type": "Point", "coordinates": [-82.44166666837002, 35.57500000057401]}, "properties": {"p_logistic": 0.5201855897903442, "p_rf": 0.6840000152587891, "p_xgb": 0.9759159088134766, "date": "2026-01-29"}}, {"type": "Feature", "geometry": {"type": "Point", "coordinates": [-82.43333333503702, 35.57500000057401]}, "properties": {"p_logistic": 0.5212370157241821, "p_rf": 0.6840000152587891, "p_xgb": 0.9759159088134766, "date": "2026-01-29"}}, {"type": "Feature", "geometry": {"type": "Point", "coordinates": [-82.42500000170402, 35.57500000057401]}, "properties": {"p_logistic": 0.5208397507667542, "p_rf": 0.6980000138282776, "p_xgb": 0.9759159088134766, "date": "2026-01-29"}}, {"type": "Feature", "geometry": {"type": "Point", "coordinates": [-82.41666666837102, 35.57500000057401]}, "properties": {"p_logistic": 0.5197404026985168, "p_rf": 0.7020000219345093, "p_xgb": 0.9883638620376587, "date": "2026-01-29"}}, {"type": "Feature", "geometry": {"type": "Point", "coordinates": [-82.40833333503801, 35.57500000057401]}, "properties": {"p_logistic": 0.5177080035209656, "p_rf": 0.6940000057220459, "p_xgb": 0.9883638620376587, "date": "2026-01-29"}}, {"type": "Feature", "geometry": {"type": "Point", "coordinates": [-82.40000000170502, 35.57500000057401]}, "properties": {"p_logistic": 0.5147216320037842, "p_rf": 0.6840000152587891, "p_xgb": 0.9832393527030945, "date": "2026-01-29"}}, {"type": "Feature", "geometry": {"type": "Point", "coordinates": [-82.39166666837201, 35.57500000057401]}, "properties": {"p_logistic": 0.5110517144203186, "p_rf": 0.6520000100135803, "p_xgb": 0.9832393527030945, "date": "2026-01-29"}}, {"type": "Feature", "geometry": {"type": "Point", "coordinates": [-82.38333333503903, 35.57500000057401]}, "properties": {"p_logistic": 0.5092070698738098, "p_rf": 0.6539999842643738, "p_xgb": 0.9891968369483948, "date": "2026-01-29"}}, {"type": "Feature", "geometry": {"type": "Point", "coordinates": [-82.37500000170601, 35.57500000057401]}, "properties": {"p_logistic": 0.5081552267074585, "p_rf": 0.7039999961853027, "p_xgb": 0.9898988604545593, "date": "2026-01-29"}}, {"type": "Feature", "geometry": {"type": "Point", "coordinates": [-82.36666666837301, 35.57500000057401]}, "properties": {"p_logistic": 0.5075867772102356, "p_rf": 0.7080000042915344, "p_xgb": 0.9898988604545593, "date": "2026-01-29"}}, {"type": "Feature", "geometry": {"type": "Point", "coordinates": [-82.35833333504002, 35.57500000057401]}, "properties": {"p_logistic": 0.5083619356155396, "p_rf": 0.6700000166893005, "p_xgb": 0.9906623959541321, "date": "2026-01-29"}}, {"type": "Feature", "geometry": {"type": "Point", "coordinates": [-82.35000000170702, 35.57500000057401]}, "properties": {"p_logistic": 0.5085247755050659, "p_rf": 0.6359999775886536, "p_xgb": 0.9793939590454102, "date": "2026-01-29"}}, {"type": "Feature", "geometry": {"type": "Point", "coordinates": [-82.34166666837402, 35.57500000057401]}, "properties": {"p_logistic": 0.5086894631385803, "p_rf": 0.6159999966621399, "p_xgb": 0.9794675707817078, "date": "2026-01-29"}}, {"type": "Feature", "geometry": {"type": "Point", "coordinates": [-82.33333333504102, 35.57500000057401]}, "properties": {"p_logistic": 0.5089758634567261, "p_rf": 0.621999979019165, "p_xgb": 0.9794675707817078, "date": "2026-01-29"}}, {"type": "Feature", "geometry": {"type": "Point", "coordinates": [-82.32500000170802, 35.57500000057401]}, "properties": {"p_logistic": 0.5101871490478516, "p_rf": 0.6039999723434448, "p_xgb": 0.9888926148414612, "date": "2026-01-29"}}, {"type": "Feature", "geometry": {"type": "Point", "coordinates": [-82.31666666837502, 35.57500000057401]}, "properties": {"p_logistic": 0.5131440162658691, "p_rf": 0.5799999833106995, "p_xgb": 0.9888926148414612, "date": "2026-01-29"}}, {"type": "Feature", "geometry": {"type": "Point", "coordinates": [-82.30833333504202, 35.57500000057401]}, "properties": {"p_logistic": 0.5153648257255554, "p_rf": 0.578000009059906, "p_xgb": 0.9884465932846069, "date": "2026-01-29"}}, {"type": "Feature", "geometry": {"type": "Point", "coordinates": [-82.30000000170901, 35.57500000057401]}, "properties": {"p_logistic": 0.5163123607635498, "p_rf": 0.5839999914169312, "p_xgb": 0.9880160689353943, "date": "2026-01-29"}}, {"type": "Feature", "geometry": {"type": "Point", "coordinates": [-82.29166666837602, 35.57500000057401]}, "properties": {"p_logistic": 0.517044723033905, "p_rf": 0.5640000104904175, "p_xgb": 0.9880160689353943, "date": "2026-01-29"}}, {"type": "Feature", "geometry": {"type": "Point", "coordinates": [-82.28333333504301, 35.57500000057401]}, "properties": {"p_logistic": 0.5181052088737488, "p_rf": 0.5600000023841858, "p_xgb": 0.9822596907615662, "date": "2026-01-29"}}, {"type": "Feature", "geometry": {"type": "Point", "coordinates": [-82.27500000171003, 35.57500000057401]}, "properties": {"p_logistic": 0.5189326405525208, "p_rf": 0.5580000281333923, "p_xgb": 0.9822596907615662, "date": "2026-01-29"}}, {"type": "Feature", "geometry": {"type": "Point", "coordinates": [-82.76666666835702, 35.566666667241]}, "properties": {"p_logistic": 0.49010375142097473, "p_rf": 0.6159999966621399, "p_xgb": 0.9907159805297852, "date": "2026-01-29"}}, {"type": "Feature", "geometry": {"type": "Point", "coordinates": [-82.75833333502402, 35.566666667241]}, "properties": {"p_logistic": 0.4908079504966736, "p_rf": 0.6380000114440918, "p_xgb": 0.991664469242096, "date": "2026-01-29"}}, {"type": "Feature", "geometry": {"type": "Point", "coordinates": [-82.75000000169102, 35.566666667241]}, "properties": {"p_logistic": 0.4913427531719208, "p_rf": 0.593999981880188, "p_xgb": 0.9906823635101318, "date": "2026-01-29"}}, {"type": "Feature", "geometry": {"type": "Point", "coordinates": [-82.74166666835802, 35.566666667241]}, "properties": {"p_logistic": 0.49195125699043274, "p_rf": 0.5960000157356262, "p_xgb": 0.9871305823326111, "date": "2026-01-29"}}, {"type": "Feature", "geometry": {"type": "Point", "coordinates": [-82.73333333502501, 35.566666667241]}, "properties": {"p_logistic": 0.49244776368141174, "p_rf": 0.6119999885559082, "p_xgb": 0.9871305823326111, "date": "2026-01-29"}}, {"type": "Feature", "geometry": {"type": "Point", "coordinates": [-82.72500000169202, 35.566666667241]}, "properties": {"p_logistic": 0.4929174780845642, "p_rf": 0.6240000128746033, "p_xgb": 0.9893603324890137, "date": "2026-01-29"}}, {"type": "Feature", "geometry": {"type": "Point", "coordinates": [-82.71666666835901, 35.566666667241]}, "properties": {"p_logistic": 0.4931955933570862, "p_rf": 0.6240000128746033, "p_xgb": 0.9895485639572144, "date": "2026-01-29"}}, {"type": "Feature", "geometry": {"type": "Point", "coordinates": [-82.70833333502603, 35.566666667241]}, "properties": {"p_logistic": 0.4935525953769684, "p_rf": 0.6299999952316284, "p_xgb": 0.9899717569351196, "date": "2026-01-29"}}, {"type": "Feature", "geometry": {"type": "Point", "coordinates": [-82.70000000169301, 35.566666667241]}, "properties": {"p_logistic": 0.49393507838249207, "p_rf": 0.6359999775886536, "p_xgb": 0.9899717569351196, "date": "2026-01-29"}}, {"type": "Feature", "geometry": {"type": "Point", "coordinates": [-82.69166666836001, 35.566666667241]}, "properties": {"p_logistic": 0.49411246180534363, "p_rf": 0.6380000114440918, "p_xgb": 0.9899717569351196, "date": "2026-01-29"}}, {"type": "Feature", "geometry": {"type": "Point", "coordinates": [-82.68333333502702, 35.566666667241]}, "properties": {"p_logistic": 0.4934939444065094, "p_rf": 0.628000020980835, "p_xgb": 0.98786860704422, "date": "2026-01-29"}}, {"type": "Feature", "geometry": {"type": "Point", "coordinates": [-82.67500000169402, 35.566666667241]}, "properties": {"p_logistic": 0.4928120970726013, "p_rf": 0.628000020980835, "p_xgb": 0.9871305823326111, "date": "2026-01-29"}}, {"type": "Feature", "geometry": {"type": "Point", "coordinates": [-82.66666666836102, 35.566666667241]}, "properties": {"p_logistic": 0.49223557114601135, "p_rf": 0.6240000128746033, "p_xgb": 0.9856735467910767, "date": "2026-01-29"}}, {"type": "Feature", "geometry": {"type": "Point", "coordinates": [-82.65833333502802, 35.566666667241]}, "properties": {"p_logistic": 0.49189019203186035, "p_rf": 0.6079999804496765, "p_xgb": 0.9850505590438843, "date": "2026-01-29"}}, {"type": "Feature", "geometry": {"type": "Point", "coordinates": [-82.65000000169502, 35.566666667241]}, "properties": {"p_logistic": 0.4919370412826538, "p_rf": 0.6119999885559082, "p_xgb": 0.9844732284545898, "date": "2026-01-29"}}, {"type": "Feature", "geometry": {"type": "Point", "coordinates": [-82.64166666836202, 35.566666667241]}, "properties": {"p_logistic": 0.4919624924659729, "p_rf": 0.6240000128746033, "p_xgb": 0.9844732284545898, "date": "2026-01-29"}}, {"type": "Feature", "geometry": {"type": "Point", "coordinates": [-82.63333333502902, 35.566666667241]}, "properties": {"p_logistic": 0.4919365644454956, "p_rf": 0.6340000033378601, "p_xgb": 0.984987199306488, "date": "2026-01-29"}}, {"type": "Feature", "geometry": {"type": "Point", "coordinates": [-82.62500000169601, 35.566666667241]}, "properties": {"p_logistic": 0.49188634753227234, "p_rf": 0.6499999761581421, "p_xgb": 0.9741506576538086, "date": "2026-01-29"}}, {"type": "Feature", "geometry": {"type": "Point", "coordinates": [-82.61666666836302, 35.566666667241]}, "properties": {"p_logistic": 0.49175527691841125, "p_rf": 0.6320000290870667, "p_xgb": 0.9729621410369873, "date": "2026-01-29"}}, {"type": "Feature", "geometry": {"type": "Point", "coordinates": [-82.60833333503001, 35.566666667241]}, "properties": {"p_logistic": 0.4913192093372345, "p_rf": 0.5659999847412109, "p_xgb": 0.9722130298614502, "date": "2026-01-29"}}, {"type": "Feature", "geometry": {"type": "Point", "coordinates": [-82.60000000169703, 35.566666667241]}, "properties": {"p_logistic": 0.49084365367889404, "p_rf": 0.5680000185966492, "p_xgb": 0.9722130298614502, "date": "2026-01-29"}}, {"type": "Feature", "geometry": {"type": "Point", "coordinates": [-82.59166666836401, 35.566666667241]}, "properties": {"p_logistic": 0.49034351110458374, "p_rf": 0.5659999847412109, "p_xgb": 0.9732339382171631, "date": "2026-01-29"}}, {"type": "Feature", "geometry": {"type": "Point", "coordinates": [-82.58333333503101, 35.566666667241]}, "properties": {"p_logistic": 0.4901885390281677, "p_rf": 0.6079999804496765, "p_xgb": 0.9746642708778381, "date": "2026-01-29"}}, {"type": "Feature", "geometry": {"type": "Point", "coordinates": [-82.57500000169802, 35.566666667241]}, "properties": {"p_logistic": 0.4905174970626831, "p_rf": 0.6079999804496765, "p_xgb": 0.9746642708778381, "date": "2026-01-29"}}, {"type": "Feature", "geometry": {"type": "Point", "coordinates": [-82.56666666836502, 35.566666667241]}, "properties": {"p_logistic": 0.49103647470474243, "p_rf": 0.5699999928474426, "p_xgb": 0.9750296473503113, "date": "2026-01-29"}}, {"type": "Feature", "geometry": {"type": "Point", "coordinates": [-82.55833333503202, 35.566666667241]}, "properties": {"p_logistic": 0.4916377067565918, "p_rf": 0.5659999847412109, "p_xgb": 0.9743363261222839, "date": "2026-01-29"}}, {"type": "Feature", "geometry": {"type": "Point", "coordinates": [-82.55000000169902, 35.566666667241]}, "properties": {"p_logistic": 0.4924580454826355, "p_rf": 0.5720000267028809, "p_xgb": 0.9736193418502808, "date": "2026-01-29"}}, {"type": "Feature", "geometry": {"type": "Point", "coordinates": [-82.54166666836602, 35.566666667241]}, "properties": {"p_logistic": 0.4942547678947449, "p_rf": 0.5680000185966492, "p_xgb": 0.9753649830818176, "date": "2026-01-29"}}, {"type": "Feature", "geometry": {"type": "Point", "coordinates": [-82.53333333503302, 35.566666667241]}, "properties": {"p_logistic": 0.4947913885116577, "p_rf": 0.5680000185966492, "p_xgb": 0.9753649830818176, "date": "2026-01-29"}}, {"type": "Feature", "geometry": {"type": "Point", "coordinates": [-82.52500000170002, 35.566666667241]}, "properties": {"p_logistic": 0.4965003728866577, "p_rf": 0.578000009059906, "p_xgb": 0.964686393737793, "date": "2026-01-29"}}, {"type": "Feature", "geometry": {"type": "Point", "coordinates": [-82.51666666836701, 35.566666667241]}, "properties": {"p_logistic": 0.49889788031578064, "p_rf": 0.5680000185966492, "p_xgb": 0.9641753435134888, "date": "2026-01-29"}}, {"type": "Feature", "geometry": {"type": "Point", "coordinates": [-82.50833333503402, 35.566666667241]}, "properties": {"p_logistic": 0.5023041367530823, "p_rf": 0.6039999723434448, "p_xgb": 0.9715223908424377, "date": "2026-01-29"}}, {"type": "Feature", "geometry": {"type": "Point", "coordinates": [-82.50000000170101, 35.566666667241]}, "properties": {"p_logistic": 0.5047622323036194, "p_rf": 0.6840000152587891, "p_xgb": 0.9684754610061646, "date": "2026-01-29"}}, {"type": "Feature", "geometry": {"type": "Point", "coordinates": [-82.49166666836803, 35.566666667241]}, "properties": {"p_logistic": 0.5064629912376404, "p_rf": 0.6539999842643738, "p_xgb": 0.9384084939956665, "date": "2026-01-29"}}, {"type": "Feature", "geometry": {"type": "Point", "coordinates": [-82.48333333503501, 35.566666667241]}, "properties": {"p_logistic": 0.5083403587341309, "p_rf": 0.621999979019165, "p_xgb": 0.9730431437492371, "date": "2026-01-29"}}, {"type": "Feature", "geometry": {"type": "Point", "coordinates": [-82.47500000170201, 35.566666667241]}, "properties": {"p_logistic": 0.5121831893920898, "p_rf": 0.6539999842643738, "p_xgb": 0.9934943318367004, "date": "2026-01-29"}}, {"type": "Feature", "geometry": {"type": "Point", "coordinates": [-82.46666666836902, 35.566666667241]}, "properties": {"p_logistic": 0.516927182674408, "p_rf": 0.6779999732971191, "p_xgb": 0.9927132725715637, "date": "2026-01-29"}}, {"type": "Feature", "geometry": {"type": "Point", "coordinates": [-82.45833333503602, 35.566666667241]}, "properties": {"p_logistic": 0.5195662379264832, "p_rf": 0.6579999923706055, "p_xgb": 0.9878617525100708, "date": "2026-01-29"}}, {"type": "Feature", "geometry": {"type": "Point", "coordinates": [-82.45000000170302, 35.566666667241]}, "properties": {"p_logistic": 0.5206475853919983, "p_rf": 0.6919999718666077, "p_xgb": 0.9878617525100708, "date": "2026-01-29"}}, {"type": "Feature", "geometry": {"type": "Point", "coordinates": [-82.44166666837002, 35.566666667241]}, "properties": {"p_logistic": 0.5216850638389587, "p_rf": 0.6899999976158142, "p_xgb": 0.987533450126648, "date": "2026-01-29"}}, {"type": "Feature", "geometry": {"type": "Point", "coordinates": [-82.43333333503702, 35.566666667241]}, "properties": {"p_logistic": 0.5222342610359192, "p_rf": 0.6980000138282776, "p_xgb": 0.986357569694519, "date": "2026-01-29"}}, {"type": "Feature", "geometry": {"type": "Point", "coordinates": [-82.42500000170402, 35.566666667241]}, "properties": {"p_logistic": 0.5220032930374146, "p_rf": 0.6940000057220459, "p_xgb": 0.9823653101921082, "date": "2026-01-29"}}, {"type": "Feature", "geometry": {"type": "Point", "coordinates": [-82.41666666837102, 35.566666667241]}, "properties": {"p_logistic": 0.521017849445343, "p_rf": 0.6959999799728394, "p_xgb": 0.9820499420166016, "date": "2026-01-29"}}, {"type": "Feature", "geometry": {"type": "Point", "coordinates": [-82.40833333503801, 35.566666667241]}, "properties": {"p_logistic": 0.5191580653190613, "p_rf": 0.6759999990463257, "p_xgb": 0.9820499420166016, "date": "2026-01-29"}}, {"type": "Feature", "geometry": {"type": "Point", "coordinates": [-82.40000000170502, 35.566666667241]}, "properties": {"p_logistic": 0.5154625773429871, "p_rf": 0.6620000004768372, "p_xgb": 0.9884251356124878, "date": "2026-01-29"}}, {"type": "Feature", "geometry": {"type": "Point", "coordinates": [-82.39166666837201, 35.566666667241]}, "properties": {"p_logistic": 0.5119572877883911, "p_rf": 0.671999990940094, "p_xgb": 0.9891768097877502, "date": "2026-01-29"}}, {"type": "Feature", "geometry": {"type": "Point", "coordinates": [-82.38333333503903, 35.566666667241]}, "properties": {"p_logistic": 0.509675920009613, "p_rf": 0.7160000205039978, "p_xgb": 0.9898988604545593, "date": "2026-01-29"}}, {"type": "Feature", "geometry": {"type": "Point", "coordinates": [-82.37500000170601, 35.566666667241]}, "properties": {"p_logistic": 0.5087407231330872, "p_rf": 0.6880000233650208, "p_xgb": 0.9898988604545593, "date": "2026-01-29"}}, {"type": "Feature", "geometry": {"type": "Point", "coordinates": [-82.36666666837301, 35.566666667241]}, "properties": {"p_logistic": 0.5087807178497314, "p_rf": 0.6679999828338623, "p_xgb": 0.9906623959541321, "date": "2026-01-29"}}, {"type": "Feature", "geometry": {"type": "Point", "coordinates": [-82.35833333504002, 35.566666667241]}, "properties": {"p_logistic": 0.5087175369262695, "p_rf": 0.6200000047683716, "p_xgb": 0.9802079796791077, "date": "2026-01-29"}}, {"type": "Feature", "geometry": {"type": "Point", "coordinates": [-82.35000000170702, 35.566666667241]}, "properties": {"p_logistic": 0.5105726718902588, "p_rf": 0.6140000224113464, "p_xgb": 0.9794675707817078, "date": "2026-01-29"}}, {"type": "Feature", "geometry": {"type": "Point", "coordinates": [-82.34166666837402, 35.566666667241]}, "properties": {"p_logistic": 0.5099895596504211, "p_rf": 0.5979999899864197, "p_xgb": 0.9794675707817078, "date": "2026-01-29"}}, {"type": "Feature", "geometry": {"type": "Point", "coordinates": [-82.33333333504102, 35.566666667241]}, "properties": {"p_logistic": 0.510245144367218, "p_rf": 0.5839999914169312, "p_xgb": 0.9888926148414612, "date": "2026-01-29"}}, {"type": "Feature", "geometry": {"type": "Point", "coordinates": [-82.32500000170802, 35.566666667241]}, "properties": {"p_logistic": 0.5113576650619507, "p_rf": 0.5920000076293945, "p_xgb": 0.9884784817695618, "date": "2026-01-29"}}, {"type": "Feature", "geometry": {"type": "Point", "coordinates": [-82.31666666837502, 35.566666667241]}, "properties": {"p_logistic": 0.5140808820724487, "p_rf": 0.5799999833106995, "p_xgb": 0.9880160689353943, "date": "2026-01-29"}}, {"type": "Feature", "geometry": {"type": "Point", "coordinates": [-82.30833333504202, 35.566666667241]}, "properties": {"p_logistic": 0.5165687203407288, "p_rf": 0.5659999847412109, "p_xgb": 0.9880160689353943, "date": "2026-01-29"}}, {"type": "Feature", "geometry": {"type": "Point", "coordinates": [-82.30000000170901, 35.566666667241]}, "properties": {"p_logistic": 0.5173904895782471, "p_rf": 0.5600000023841858, "p_xgb": 0.982919454574585, "date": "2026-01-29"}}, {"type": "Feature", "geometry": {"type": "Point", "coordinates": [-82.29166666837602, 35.566666667241]}, "properties": {"p_logistic": 0.5181585550308228, "p_rf": 0.5600000023841858, "p_xgb": 0.9822596907615662, "date": "2026-01-29"}}, {"type": "Feature", "geometry": {"type": "Point", "coordinates": [-82.28333333504301, 35.566666667241]}, "properties": {"p_logistic": 0.5189703702926636, "p_rf": 0.550000011920929, "p_xgb": 0.9816923141479492, "date": "2026-01-29"}}, {"type": "Feature", "geometry": {"type": "Point", "coordinates": [-82.27500000171003, 35.566666667241]}, "properties": {"p_logistic": 0.5201147794723511, "p_rf": 0.5379999876022339, "p_xgb": 0.9821019172668457, "date": "2026-01-29"}}, {"type": "Feature", "geometry": {"type": "Point", "coordinates": [-82.26666666837701, 35.566666667241]}, "properties": {"p_logistic": 0.5199200510978699, "p_rf": 0.5419999957084656, "p_xgb": 0.9821019172668457, "date": "2026-01-29"}}, {"type": "Feature", "geometry": {"type": "Point", "coordinates": [-82.76666666835702, 35.558333333908]}, "properties": {"p_logistic": 0.4902854263782501, "p_rf": 0.5799999833106995, "p_xgb": 0.9905779361724854, "date": "2026-01-29"}}, {"type": "Feature", "geometry": {"type": "Point", "coordinates": [-82.75833333502402, 35.558333333908]}, "properties": {"p_logistic": 0.4909713864326477, "p_rf": 0.6159999966621399, "p_xgb": 0.9907159805297852, "date": "2026-01-29"}}, {"type": "Feature", "geometry": {"type": "Point", "coordinates": [-82.75000000169102, 35.558333333908]}, "properties": {"p_logistic": 0.4915918707847595, "p_rf": 0.6159999966621399, "p_xgb": 0.991664469242096, "date": "2026-01-29"}}, {"type": "Feature", "geometry": {"type": "Point", "coordinates": [-82.74166666835802, 35.558333333908]}, "properties": {"p_logistic": 0.49213629961013794, "p_rf": 0.5960000157356262, "p_xgb": 0.9906823635101318, "date": "2026-01-29"}}, {"type": "Feature", "geometry": {"type": "Point", "coordinates": [-82.73333333502501, 35.558333333908]}, "properties": {"p_logistic": 0.4929540455341339, "p_rf": 0.6000000238418579, "p_xgb": 0.9871305823326111, "date": "2026-01-29"}}, {"type": "Feature", "geometry": {"type": "Point", "coordinates": [-82.72500000169202, 35.558333333908]}, "properties": {"p_logistic": 0.4935108423233032, "p_rf": 0.6240000128746033, "p_xgb": 0.9871305823326111, "date": "2026-01-29"}}, {"type": "Feature", "geometry": {"type": "Point", "coordinates": [-82.71666666835901, 35.558333333908]}, "properties": {"p_logistic": 0.49395477771759033, "p_rf": 0.6240000128746033, "p_xgb": 0.9893603324890137, "date": "2026-01-29"}}, {"type": "Feature", "geometry": {"type": "Point", "coordinates": [-82.70833333502603, 35.558333333908]}, "properties": {"p_logistic": 0.4943014085292816, "p_rf": 0.6320000290870667, "p_xgb": 0.9899717569351196, "date": "2026-01-29"}}, {"type": "Feature", "geometry": {"type": "Point", "coordinates": [-82.70000000169301, 35.558333333908]}, "properties": {"p_logistic": 0.4946433901786804, "p_rf": 0.6399999856948853, "p_xgb": 0.9899717569351196, "date": "2026-01-29"}}, {"type": "Feature", "geometry": {"type": "Point", "coordinates": [-82.69166666836001, 35.558333333908]}, "properties": {"p_logistic": 0.4949647784233093, "p_rf": 0.6399999856948853, "p_xgb": 0.9899717569351196, "date": "2026-01-29"}}, {"type": "Feature", "geometry": {"type": "Point", "coordinates": [-82.68333333502702, 35.558333333908]}, "properties": {"p_logistic": 0.4942273199558258, "p_rf": 0.6340000033378601, "p_xgb": 0.98786860704422, "date": "2026-01-29"}}, {"type": "Feature", "geometry": {"type": "Point", "coordinates": [-82.67500000169402, 35.558333333908]}, "properties": {"p_logistic": 0.49348217248916626, "p_rf": 0.6299999952316284, "p_xgb": 0.9871305823326111, "date": "2026-01-29"}}, {"type": "Feature", "geometry": {"type": "Point", "coordinates": [-82.66666666836102, 35.558333333908]}, "properties": {"p_logistic": 0.4925622344017029, "p_rf": 0.6119999885559082, "p_xgb": 0.9852684140205383, "date": "2026-01-29"}}, {"type": "Feature", "geometry": {"type": "Point", "coordinates": [-82.65833333502802, 35.558333333908]}, "properties": {"p_logistic": 0.49212023615837097, "p_rf": 0.5979999899864197, "p_xgb": 0.9844732284545898, "date": "2026-01-29"}}, {"type": "Feature", "geometry": {"type": "Point", "coordinates": [-82.65000000169502, 35.558333333908]}, "properties": {"p_logistic": 0.4921238422393799, "p_rf": 0.593999981880188, "p_xgb": 0.9844732284545898, "date": "2026-01-29"}}, {"type": "Feature", "geometry": {"type": "Point", "coordinates": [-82.64166666836202, 35.558333333908]}, "properties": {"p_logistic": 0.4921453297138214, "p_rf": 0.6079999804496765, "p_xgb": 0.984987199306488, "date": "2026-01-29"}}, {"type": "Feature", "geometry": {"type": "Point", "coordinates": [-82.63333333502902, 35.558333333908]}, "properties": {"p_logistic": 0.4920472502708435, "p_rf": 0.6299999952316284, "p_xgb": 0.9824742674827576, "date": "2026-01-29"}}, {"type": "Feature", "geometry": {"type": "Point", "coordinates": [-82.62500000169601, 35.558333333908]}, "properties": {"p_logistic": 0.49194326996803284, "p_rf": 0.6359999775886536, "p_xgb": 0.9813024401664734, "date": "2026-01-29"}}, {"type": "Feature", "geometry": {"type": "Point", "coordinates": [-82.61666666836302, 35.558333333908]}, "properties": {"p_logistic": 0.49177244305610657, "p_rf": 0.6480000019073486, "p_xgb": 0.9687147736549377, "date": "2026-01-29"}}, {"type": "Feature", "geometry": {"type": "Point", "coordinates": [-82.60833333503001, 35.558333333908]}, "properties": {"p_logistic": 0.49126121401786804, "p_rf": 0.6460000276565552, "p_xgb": 0.9741506576538086, "date": "2026-01-29"}}, {"type": "Feature", "geometry": {"type": "Point", "coordinates": [-82.60000000169703, 35.558333333908]}, "properties": {"p_logistic": 0.49057409167289734, "p_rf": 0.6399999856948853, "p_xgb": 0.9729621410369873, "date": "2026-01-29"}}, {"type": "Feature", "geometry": {"type": "Point", "coordinates": [-82.59166666836401, 35.558333333908]}, "properties": {"p_logistic": 0.4902110695838928, "p_rf": 0.6420000195503235, "p_xgb": 0.9729621410369873, "date": "2026-01-29"}}, {"type": "Feature", "geometry": {"type": "Point", "coordinates": [-82.58333333503101, 35.558333333908]}, "properties": {"p_logistic": 0.4900403916835785, "p_rf": 0.6439999938011169, "p_xgb": 0.9732758402824402, "date": "2026-01-29"}}, {"type": "Feature", "geometry": {"type": "Point", "coordinates": [-82.57500000169802, 35.558333333908]}, "properties": {"p_logistic": 0.49037253856658936, "p_rf": 0.6439999938011169, "p_xgb": 0.9732758402824402, "date": "2026-01-29"}}, {"type": "Feature", "geometry": {"type": "Point", "coordinates": [-82.56666666836502, 35.558333333908]}, "properties": {"p_logistic": 0.49098119139671326, "p_rf": 0.6439999938011169, "p_xgb": 0.9732758402824402, "date": "2026-01-29"}}, {"type": "Feature", "geometry": {"type": "Point", "coordinates": [-82.55833333503202, 35.558333333908]}, "properties": {"p_logistic": 0.49159690737724304, "p_rf": 0.6420000195503235, "p_xgb": 0.9732758402824402, "date": "2026-01-29"}}, {"type": "Feature", "geometry": {"type": "Point", "coordinates": [-82.55000000169902, 35.558333333908]}, "properties": {"p_logistic": 0.49216997623443604, "p_rf": 0.6439999938011169, "p_xgb": 0.9732758402824402, "date": "2026-01-29"}}, {"type": "Feature", "geometry": {"type": "Point", "coordinates": [-82.54166666836602, 35.558333333908]}, "properties": {"p_logistic": 0.49323293566703796, "p_rf": 0.6499999761581421, "p_xgb": 0.9666541218757629, "date": "2026-01-29"}}, {"type": "Feature", "geometry": {"type": "Point", "coordinates": [-82.53333333503302, 35.558333333908]}, "properties": {"p_logistic": 0.4941101372241974, "p_rf": 0.6539999842643738, "p_xgb": 0.9666541218757629, "date": "2026-01-29"}}, {"type": "Feature", "geometry": {"type": "Point", "coordinates": [-82.52500000170002, 35.558333333908]}, "properties": {"p_logistic": 0.496131956577301, "p_rf": 0.6460000276565552, "p_xgb": 0.9666541218757629, "date": "2026-01-29"}}, {"type": "Feature", "geometry": {"type": "Point", "coordinates": [-82.51666666836701, 35.558333333908]}, "properties": {"p_logistic": 0.49895986914634705, "p_rf": 0.6660000085830688, "p_xgb": 0.9677927494049072, "date": "2026-01-29"}}, {"type": "Feature", "geometry": {"type": "Point", "coordinates": [-82.50833333503402, 35.558333333908]}, "properties": {"p_logistic": 0.5023155212402344, "p_rf": 0.6880000233650208, "p_xgb": 0.9730960130691528, "date": "2026-01-29"}}, {"type": "Feature", "geometry": {"type": "Point", "coordinates": [-82.50000000170101, 35.558333333908]}, "properties": {"p_logistic": 0.504953145980835, "p_rf": 0.671999990940094, "p_xgb": 0.9458296895027161, "date": "2026-01-29"}}, {"type": "Feature", "geometry": {"type": "Point", "coordinates": [-82.49166666836803, 35.558333333908]}, "properties": {"p_logistic": 0.5070534944534302, "p_rf": 0.6460000276565552, "p_xgb": 0.9693880081176758, "date": "2026-01-29"}}, {"type": "Feature", "geometry": {"type": "Point", "coordinates": [-82.48333333503501, 35.558333333908]}, "properties": {"p_logistic": 0.5095056295394897, "p_rf": 0.6240000128746033, "p_xgb": 0.9739659428596497, "date": "2026-01-29"}}, {"type": "Feature", "geometry": {"type": "Point", "coordinates": [-82.47500000170201, 35.558333333908]}, "properties": {"p_logistic": 0.5139684081077576, "p_rf": 0.671999990940094, "p_xgb": 0.9938176274299622, "date": "2026-01-29"}}, {"type": "Feature", "geometry": {"type": "Point", "coordinates": [-82.46666666836902, 35.558333333908]}, "properties": {"p_logistic": 0.5183826088905334, "p_rf": 0.6460000276565552, "p_xgb": 0.9878617525100708, "date": "2026-01-29"}}, {"type": "Feature", "geometry": {"type": "Point", "coordinates": [-82.45833333503602, 35.558333333908]}, "properties": {"p_logistic": 0.5212928652763367, "p_rf": 0.6579999923706055, "p_xgb": 0.9876554608345032, "date": "2026-01-29"}}, {"type": "Feature", "geometry": {"type": "Point", "coordinates": [-82.45000000170302, 35.558333333908]}, "properties": {"p_logistic": 0.5220111012458801, "p_rf": 0.6679999828338623, "p_xgb": 0.9855287671089172, "date": "2026-01-29"}}, {"type": "Feature", "geometry": {"type": "Point", "coordinates": [-82.44166666837002, 35.558333333908]}, "properties": {"p_logistic": 0.5224667191505432, "p_rf": 0.6700000166893005, "p_xgb": 0.9820499420166016, "date": "2026-01-29"}}, {"type": "Feature", "geometry": {"type": "Point", "coordinates": [-82.43333333503702, 35.558333333908]}, "properties": {"p_logistic": 0.5223085880279541, "p_rf": 0.6899999976158142, "p_xgb": 0.9820499420166016, "date": "2026-01-29"}}, {"type": "Feature", "geometry": {"type": "Point", "coordinates": [-82.42500000170402, 35.558333333908]}, "properties": {"p_logistic": 0.521989643573761, "p_rf": 0.6679999828338623, "p_xgb": 0.9813554883003235, "date": "2026-01-29"}}, {"type": "Feature", "geometry": {"type": "Point", "coordinates": [-82.41666666837102, 35.558333333908]}, "properties": {"p_logistic": 0.521466076374054, "p_rf": 0.6600000262260437, "p_xgb": 0.9876925349235535, "date": "2026-01-29"}}, {"type": "Feature", "geometry": {"type": "Point", "coordinates": [-82.40833333503801, 35.558333333908]}, "properties": {"p_logistic": 0.5192360281944275, "p_rf": 0.6520000100135803, "p_xgb": 0.9879744052886963, "date": "2026-01-29"}}, {"type": "Feature", "geometry": {"type": "Point", "coordinates": [-82.40000000170502, 35.558333333908]}, "properties": {"p_logistic": 0.516769528388977, "p_rf": 0.6620000004768372, "p_xgb": 0.9879744052886963, "date": "2026-01-29"}}, {"type": "Feature", "geometry": {"type": "Point", "coordinates": [-82.39166666837201, 35.558333333908]}, "properties": {"p_logistic": 0.5131949782371521, "p_rf": 0.6740000247955322, "p_xgb": 0.9884251356124878, "date": "2026-01-29"}}, {"type": "Feature", "geometry": {"type": "Point", "coordinates": [-82.38333333503903, 35.558333333908]}, "properties": {"p_logistic": 0.5109965801239014, "p_rf": 0.7160000205039978, "p_xgb": 0.9898121953010559, "date": "2026-01-29"}}, {"type": "Feature", "geometry": {"type": "Point", "coordinates": [-82.37500000170601, 35.558333333908]}, "properties": {"p_logistic": 0.5100362300872803, "p_rf": 0.6899999976158142, "p_xgb": 0.9898121953010559, "date": "2026-01-29"}}, {"type": "Feature", "geometry": {"type": "Point", "coordinates": [-82.36666666837301, 35.558333333908]}, "properties": {"p_logistic": 0.5101555585861206, "p_rf": 0.6700000166893005, "p_xgb": 0.9906623959541321, "date": "2026-01-29"}}, {"type": "Feature", "geometry": {"type": "Point", "coordinates": [-82.35833333504002, 35.558333333908]}, "properties": {"p_logistic": 0.5112636089324951, "p_rf": 0.6100000143051147, "p_xgb": 0.9900248050689697, "date": "2026-01-29"}}, {"type": "Feature", "geometry": {"type": "Point", "coordinates": [-82.35000000170702, 35.558333333908]}, "properties": {"p_logistic": 0.511787474155426, "p_rf": 0.6100000143051147, "p_xgb": 0.9794675707817078, "date": "2026-01-29"}}, {"type": "Feature", "geometry": {"type": "Point", "coordinates": [-82.34166666837402, 35.558333333908]}, "properties": {"p_logistic": 0.5118288993835449, "p_rf": 0.6000000238418579, "p_xgb": 0.9888926148414612, "date": "2026-01-29"}}, {"type": "Feature", "geometry": {"type": "Point", "coordinates": [-82.33333333504102, 35.558333333908]}, "properties": {"p_logistic": 0.5112448334693909, "p_rf": 0.5899999737739563, "p_xgb": 0.9884784817695618, "date": "2026-01-29"}}, {"type": "Feature", "geometry": {"type": "Point", "coordinates": [-82.32500000170802, 35.558333333908]}, "properties": {"p_logistic": 0.5119726061820984, "p_rf": 0.5759999752044678, "p_xgb": 0.9880160689353943, "date": "2026-01-29"}}, {"type": "Feature", "geometry": {"type": "Point", "coordinates": [-82.31666666837502, 35.558333333908]}, "properties": {"p_logistic": 0.514437198638916, "p_rf": 0.5820000171661377, "p_xgb": 0.9880160689353943, "date": "2026-01-29"}}, {"type": "Feature", "geometry": {"type": "Point", "coordinates": [-82.30833333504202, 35.558333333908]}, "properties": {"p_logistic": 0.5167796015739441, "p_rf": 0.5759999752044678, "p_xgb": 0.9804030656814575, "date": "2026-01-29"}}, {"type": "Feature", "geometry": {"type": "Point", "coordinates": [-82.30000000170901, 35.558333333908]}, "properties": {"p_logistic": 0.5176824331283569, "p_rf": 0.5580000281333923, "p_xgb": 0.9822596907615662, "date": "2026-01-29"}}, {"type": "Feature", "geometry": {"type": "Point", "coordinates": [-82.29166666837602, 35.558333333908]}, "properties": {"p_logistic": 0.5185625553131104, "p_rf": 0.5559999942779541, "p_xgb": 0.9816923141479492, "date": "2026-01-29"}}, {"type": "Feature", "geometry": {"type": "Point", "coordinates": [-82.28333333504301, 35.558333333908]}, "properties": {"p_logistic": 0.5196075439453125, "p_rf": 0.5379999876022339, "p_xgb": 0.9812615513801575, "date": "2026-01-29"}}, {"type": "Feature", "geometry": {"type": "Point", "coordinates": [-82.27500000171003, 35.558333333908]}, "properties": {"p_logistic": 0.5202670693397522, "p_rf": 0.5339999794960022, "p_xgb": 0.9861165881156921, "date": "2026-01-29"}}, {"type": "Feature", "geometry": {"type": "Point", "coordinates": [-82.26666666837701, 35.558333333908]}, "properties": {"p_logistic": 0.5203834772109985, "p_rf": 0.5299999713897705, "p_xgb": 0.9861165881156921, "date": "2026-01-29"}}, {"type": "Feature", "geometry": {"type": "Point", "coordinates": [-82.25833333504401, 35.558333333908]}, "properties": {"p_logistic": 0.5183482766151428, "p_rf": 0.5320000052452087, "p_xgb": 0.9861165881156921, "date": "2026-01-29"}}, {"type": "Feature", "geometry": {"type": "Point", "coordinates": [-82.25000000171102, 35.558333333908]}, "properties": {"p_logistic": 0.5163464546203613, "p_rf": 0.550000011920929, "p_xgb": 0.9793495535850525, "date": "2026-01-29"}}, {"type": "Feature", "geometry": {"type": "Point", "coordinates": [-82.76666666835702, 35.550000000575004]}, "properties": {"p_logistic": 0.4905364215373993, "p_rf": 0.5299999713897705, "p_xgb": 0.9884811639785767, "date": "2026-01-29"}}, {"type": "Feature", "geometry": {"type": "Point", "coordinates": [-82.75833333502402, 35.550000000575004]}, "properties": {"p_logistic": 0.4910687804222107, "p_rf": 0.5820000171661377, "p_xgb": 0.9905779361724854, "date": "2026-01-29"}}, {"type": "Feature", "geometry": {"type": "Point", "coordinates": [-82.75000000169102, 35.550000000575004]}, "properties": {"p_logistic": 0.49180272221565247, "p_rf": 0.6299999952316284, "p_xgb": 0.9907159805297852, "date": "2026-01-29"}}, {"type": "Feature", "geometry": {"type": "Point", "coordinates": [-82.74166666835802, 35.550000000575004]}, "properties": {"p_logistic": 0.49242424964904785, "p_rf": 0.6079999804496765, "p_xgb": 0.991664469242096, "date": "2026-01-29"}}, {"type": "Feature", "geometry": {"type": "Point", "coordinates": [-82.73333333502501, 35.550000000575004]}, "properties": {"p_logistic": 0.49310019612312317, "p_rf": 0.5920000076293945, "p_xgb": 0.9871305823326111, "date": "2026-01-29"}}, {"type": "Feature", "geometry": {"type": "Point", "coordinates": [-82.72500000169202, 35.550000000575004]}, "properties": {"p_logistic": 0.49367985129356384, "p_rf": 0.6060000061988831, "p_xgb": 0.9871305823326111, "date": "2026-01-29"}}, {"type": "Feature", "geometry": {"type": "Point", "coordinates": [-82.71666666835901, 35.550000000575004]}, "properties": {"p_logistic": 0.4940895736217499, "p_rf": 0.6240000128746033, "p_xgb": 0.9871305823326111, "date": "2026-01-29"}}, {"type": "Feature", "geometry": {"type": "Point", "coordinates": [-82.70833333502603, 35.550000000575004]}, "properties": {"p_logistic": 0.49452322721481323, "p_rf": 0.6259999871253967, "p_xgb": 0.9871305823326111, "date": "2026-01-29"}}, {"type": "Feature", "geometry": {"type": "Point", "coordinates": [-82.70000000169301, 35.550000000575004]}, "properties": {"p_logistic": 0.494966059923172, "p_rf": 0.6320000290870667, "p_xgb": 0.98786860704422, "date": "2026-01-29"}}, {"type": "Feature", "geometry": {"type": "Point", "coordinates": [-82.69166666836001, 35.550000000575004]}, "properties": {"p_logistic": 0.49528026580810547, "p_rf": 0.6340000033378601, "p_xgb": 0.98786860704422, "date": "2026-01-29"}}, {"type": "Feature", "geometry": {"type": "Point", "coordinates": [-82.68333333502702, 35.550000000575004]}, "properties": {"p_logistic": 0.4945710301399231, "p_rf": 0.6299999952316284, "p_xgb": 0.9871305823326111, "date": "2026-01-29"}}, {"type": "Feature", "geometry": {"type": "Point", "coordinates": [-82.67500000169402, 35.550000000575004]}, "properties": {"p_logistic": 0.49401596188545227, "p_rf": 0.6060000061988831, "p_xgb": 0.9871305823326111, "date": "2026-01-29"}}, {"type": "Feature", "geometry": {"type": "Point", "coordinates": [-82.66666666836102, 35.550000000575004]}, "properties": {"p_logistic": 0.49310845136642456, "p_rf": 0.593999981880188, "p_xgb": 0.9852684140205383, "date": "2026-01-29"}}, {"type": "Feature", "geometry": {"type": "Point", "coordinates": [-82.65833333502802, 35.550000000575004]}, "properties": {"p_logistic": 0.4919993281364441, "p_rf": 0.5899999737739563, "p_xgb": 0.9844732284545898, "date": "2026-01-29"}}, {"type": "Feature", "geometry": {"type": "Point", "coordinates": [-82.65000000169502, 35.550000000575004]}, "properties": {"p_logistic": 0.4921627938747406, "p_rf": 0.5879999995231628, "p_xgb": 0.9844732284545898, "date": "2026-01-29"}}, {"type": "Feature", "geometry": {"type": "Point", "coordinates": [-82.64166666836202, 35.550000000575004]}, "properties": {"p_logistic": 0.49220994114875793, "p_rf": 0.6019999980926514, "p_xgb": 0.984987199306488, "date": "2026-01-29"}}, {"type": "Feature", "geometry": {"type": "Point", "coordinates": [-82.63333333502902, 35.550000000575004]}, "properties": {"p_logistic": 0.4921298623085022, "p_rf": 0.6000000238418579, "p_xgb": 0.9813024401664734, "date": "2026-01-29"}}, {"type": "Feature", "geometry": {"type": "Point", "coordinates": [-82.62500000169601, 35.550000000575004]}, "properties": {"p_logistic": 0.4920872151851654, "p_rf": 0.6100000143051147, "p_xgb": 0.9813024401664734, "date": "2026-01-29"}}, {"type": "Feature", "geometry": {"type": "Point", "coordinates": [-82.61666666836302, 35.550000000575004]}, "properties": {"p_logistic": 0.49202466011047363, "p_rf": 0.621999979019165, "p_xgb": 0.9813024401664734, "date": "2026-01-29"}}, {"type": "Feature", "geometry": {"type": "Point", "coordinates": [-82.60833333503001, 35.550000000575004]}, "properties": {"p_logistic": 0.49139603972435, "p_rf": 0.6359999775886536, "p_xgb": 0.9813024401664734, "date": "2026-01-29"}}, {"type": "Feature", "geometry": {"type": "Point", "coordinates": [-82.60000000169703, 35.550000000575004]}, "properties": {"p_logistic": 0.4906423091888428, "p_rf": 0.6359999775886536, "p_xgb": 0.9824742674827576, "date": "2026-01-29"}}, {"type": "Feature", "geometry": {"type": "Point", "coordinates": [-82.59166666836401, 35.550000000575004]}, "properties": {"p_logistic": 0.49018165469169617, "p_rf": 0.628000020980835, "p_xgb": 0.9730780124664307, "date": "2026-01-29"}}, {"type": "Feature", "geometry": {"type": "Point", "coordinates": [-82.58333333503101, 35.550000000575004]}, "properties": {"p_logistic": 0.49018654227256775, "p_rf": 0.628000020980835, "p_xgb": 0.9730780124664307, "date": "2026-01-29"}}, {"type": "Feature", "geometry": {"type": "Point", "coordinates": [-82.57500000169802, 35.550000000575004]}, "properties": {"p_logistic": 0.4906298518180847, "p_rf": 0.6340000033378601, "p_xgb": 0.9730780124664307, "date": "2026-01-29"}}, {"type": "Feature", "geometry": {"type": "Point", "coordinates": [-82.56666666836502, 35.550000000575004]}, "properties": {"p_logistic": 0.4912378489971161, "p_rf": 0.6340000033378601, "p_xgb": 0.9823687672615051, "date": "2026-01-29"}}, {"type": "Feature", "geometry": {"type": "Point", "coordinates": [-82.55833333503202, 35.550000000575004]}, "properties": {"p_logistic": 0.49171683192253113, "p_rf": 0.6359999775886536, "p_xgb": 0.9816307425498962, "date": "2026-01-29"}}, {"type": "Feature", "geometry": {"type": "Point", "coordinates": [-82.55000000169902, 35.550000000575004]}, "properties": {"p_logistic": 0.4920852780342102, "p_rf": 0.6380000114440918, "p_xgb": 0.9813024401664734, "date": "2026-01-29"}}, {"type": "Feature", "geometry": {"type": "Point", "coordinates": [-82.54166666836602, 35.550000000575004]}, "properties": {"p_logistic": 0.4924095869064331, "p_rf": 0.6320000290870667, "p_xgb": 0.9813024401664734, "date": "2026-01-29"}}, {"type": "Feature", "geometry": {"type": "Point", "coordinates": [-82.53333333503302, 35.550000000575004]}, "properties": {"p_logistic": 0.4938584864139557, "p_rf": 0.6439999938011169, "p_xgb": 0.9813024401664734, "date": "2026-01-29"}}, {"type": "Feature", "geometry": {"type": "Point", "coordinates": [-82.52500000170002, 35.550000000575004]}, "properties": {"p_logistic": 0.49618011713027954, "p_rf": 0.6579999923706055, "p_xgb": 0.9838165044784546, "date": "2026-01-29"}}, {"type": "Feature", "geometry": {"type": "Point", "coordinates": [-82.51666666836701, 35.550000000575004]}, "properties": {"p_logistic": 0.49913737177848816, "p_rf": 0.6679999828338623, "p_xgb": 0.9868751168251038, "date": "2026-01-29"}}, {"type": "Feature", "geometry": {"type": "Point", "coordinates": [-82.50833333503402, 35.550000000575004]}, "properties": {"p_logistic": 0.5025802850723267, "p_rf": 0.6779999732971191, "p_xgb": 0.9833789467811584, "date": "2026-01-29"}}, {"type": "Feature", "geometry": {"type": "Point", "coordinates": [-82.50000000170101, 35.550000000575004]}, "properties": {"p_logistic": 0.5055549740791321, "p_rf": 0.6660000085830688, "p_xgb": 0.9711138606071472, "date": "2026-01-29"}}, {"type": "Feature", "geometry": {"type": "Point", "coordinates": [-82.49166666836803, 35.550000000575004]}, "properties": {"p_logistic": 0.5081866383552551, "p_rf": 0.6499999761581421, "p_xgb": 0.9745683670043945, "date": "2026-01-29"}}, {"type": "Feature", "geometry": {"type": "Point", "coordinates": [-82.48333333503501, 35.550000000575004]}, "properties": {"p_logistic": 0.51129150390625, "p_rf": 0.6759999990463257, "p_xgb": 0.9843055009841919, "date": "2026-01-29"}}, {"type": "Feature", "geometry": {"type": "Point", "coordinates": [-82.47500000170201, 35.550000000575004]}, "properties": {"p_logistic": 0.5155671834945679, "p_rf": 0.6899999976158142, "p_xgb": 0.9927132725715637, "date": "2026-01-29"}}, {"type": "Feature", "geometry": {"type": "Point", "coordinates": [-82.46666666836902, 35.550000000575004]}, "properties": {"p_logistic": 0.5189887881278992, "p_rf": 0.656000018119812, "p_xgb": 0.9878617525100708, "date": "2026-01-29"}}, {"type": "Feature", "geometry": {"type": "Point", "coordinates": [-82.45833333503602, 35.550000000575004]}, "properties": {"p_logistic": 0.5212447643280029, "p_rf": 0.6579999923706055, "p_xgb": 0.9904612898826599, "date": "2026-01-29"}}, {"type": "Feature", "geometry": {"type": "Point", "coordinates": [-82.45000000170302, 35.550000000575004]}, "properties": {"p_logistic": 0.5219486355781555, "p_rf": 0.6679999828338623, "p_xgb": 0.9884251356124878, "date": "2026-01-29"}}, {"type": "Feature", "geometry": {"type": "Point", "coordinates": [-82.44166666837002, 35.550000000575004]}, "properties": {"p_logistic": 0.5222172141075134, "p_rf": 0.6740000247955322, "p_xgb": 0.9884251356124878, "date": "2026-01-29"}}, {"type": "Feature", "geometry": {"type": "Point", "coordinates": [-82.43333333503702, 35.550000000575004]}, "properties": {"p_logistic": 0.5220105648040771, "p_rf": 0.6600000262260437, "p_xgb": 0.9879744052886963, "date": "2026-01-29"}}, {"type": "Feature", "geometry": {"type": "Point", "coordinates": [-82.42500000170402, 35.550000000575004]}, "properties": {"p_logistic": 0.522162139415741, "p_rf": 0.6620000004768372, "p_xgb": 0.9879744052886963, "date": "2026-01-29"}}, {"type": "Feature", "geometry": {"type": "Point", "coordinates": [-82.41666666837102, 35.550000000575004]}, "properties": {"p_logistic": 0.5209137201309204, "p_rf": 0.671999990940094, "p_xgb": 0.9879744052886963, "date": "2026-01-29"}}, {"type": "Feature", "geometry": {"type": "Point", "coordinates": [-82.40833333503801, 35.550000000575004]}, "properties": {"p_logistic": 0.5195410847663879, "p_rf": 0.6539999842643738, "p_xgb": 0.9886795878410339, "date": "2026-01-29"}}, {"type": "Feature", "geometry": {"type": "Point", "coordinates": [-82.40000000170502, 35.550000000575004]}, "properties": {"p_logistic": 0.5174942016601562, "p_rf": 0.6439999938011169, "p_xgb": 0.9896232485771179, "date": "2026-01-29"}}, {"type": "Feature", "geometry": {"type": "Point", "coordinates": [-82.39166666837201, 35.550000000575004]}, "properties": {"p_logistic": 0.5144053101539612, "p_rf": 0.6600000262260437, "p_xgb": 0.9900128841400146, "date": "2026-01-29"}}, {"type": "Feature", "geometry": {"type": "Point", "coordinates": [-82.38333333503903, 35.550000000575004]}, "properties": {"p_logistic": 0.5121765732765198, "p_rf": 0.6740000247955322, "p_xgb": 0.9900128841400146, "date": "2026-01-29"}}, {"type": "Feature", "geometry": {"type": "Point", "coordinates": [-82.37500000170601, 35.550000000575004]}, "properties": {"p_logistic": 0.5107789635658264, "p_rf": 0.7200000286102295, "p_xgb": 0.9906623959541321, "date": "2026-01-29"}}, {"type": "Feature", "geometry": {"type": "Point", "coordinates": [-82.36666666837301, 35.550000000575004]}, "properties": {"p_logistic": 0.5106759667396545, "p_rf": 0.6940000057220459, "p_xgb": 0.9910188913345337, "date": "2026-01-29"}}, {"type": "Feature", "geometry": {"type": "Point", "coordinates": [-82.35833333504002, 35.550000000575004]}, "properties": {"p_logistic": 0.5117018222808838, "p_rf": 0.6420000195503235, "p_xgb": 0.9902410507202148, "date": "2026-01-29"}}, {"type": "Feature", "geometry": {"type": "Point", "coordinates": [-82.35000000170702, 35.550000000575004]}, "properties": {"p_logistic": 0.5128055810928345, "p_rf": 0.6039999723434448, "p_xgb": 0.9794675707817078, "date": "2026-01-29"}}, {"type": "Feature", "geometry": {"type": "Point", "coordinates": [-82.34166666837402, 35.550000000575004]}, "properties": {"p_logistic": 0.5126144289970398, "p_rf": 0.5960000157356262, "p_xgb": 0.9888926148414612, "date": "2026-01-29"}}, {"type": "Feature", "geometry": {"type": "Point", "coordinates": [-82.33333333504102, 35.550000000575004]}, "properties": {"p_logistic": 0.5118073225021362, "p_rf": 0.5920000076293945, "p_xgb": 0.9884784817695618, "date": "2026-01-29"}}, {"type": "Feature", "geometry": {"type": "Point", "coordinates": [-82.32500000170802, 35.550000000575004]}, "properties": {"p_logistic": 0.5122603178024292, "p_rf": 0.578000009059906, "p_xgb": 0.9880160689353943, "date": "2026-01-29"}}, {"type": "Feature", "geometry": {"type": "Point", "coordinates": [-82.31666666837502, 35.550000000575004]}, "properties": {"p_logistic": 0.5142490267753601, "p_rf": 0.5759999752044678, "p_xgb": 0.9880160689353943, "date": "2026-01-29"}}, {"type": "Feature", "geometry": {"type": "Point", "coordinates": [-82.30833333504202, 35.550000000575004]}, "properties": {"p_logistic": 0.5160529613494873, "p_rf": 0.578000009059906, "p_xgb": 0.982919454574585, "date": "2026-01-29"}}, {"type": "Feature", "geometry": {"type": "Point", "coordinates": [-82.30000000170901, 35.550000000575004]}, "properties": {"p_logistic": 0.5171467661857605, "p_rf": 0.5600000023841858, "p_xgb": 0.9822596907615662, "date": "2026-01-29"}}, {"type": "Feature", "geometry": {"type": "Point", "coordinates": [-82.29166666837602, 35.550000000575004]}, "properties": {"p_logistic": 0.5180358290672302, "p_rf": 0.550000011920929, "p_xgb": 0.9812615513801575, "date": "2026-01-29"}}, {"type": "Feature", "geometry": {"type": "Point", "coordinates": [-82.28333333504301, 35.550000000575004]}, "properties": {"p_logistic": 0.5188395380973816, "p_rf": 0.5379999876022339, "p_xgb": 0.9812615513801575, "date": "2026-01-29"}}, {"type": "Feature", "geometry": {"type": "Point", "coordinates": [-82.27500000171003, 35.550000000575004]}, "properties": {"p_logistic": 0.519281268119812, "p_rf": 0.5339999794960022, "p_xgb": 0.9861165881156921, "date": "2026-01-29"}}, {"type": "Feature", "geometry": {"type": "Point", "coordinates": [-82.26666666837701, 35.550000000575004]}, "properties": {"p_logistic": 0.518888533115387, "p_rf": 0.5260000228881836, "p_xgb": 0.9861165881156921, "date": "2026-01-29"}}, {"type": "Feature", "geometry": {"type": "Point", "coordinates": [-82.25833333504401, 35.550000000575004]}, "properties": {"p_logistic": 0.517717182636261, "p_rf": 0.5320000052452087, "p_xgb": 0.98503577709198, "date": "2026-01-29"}}, {"type": "Feature", "geometry": {"type": "Point", "coordinates": [-82.25000000171102, 35.550000000575004]}, "properties": {"p_logistic": 0.5153075456619263, "p_rf": 0.550000011920929, "p_xgb": 0.9843622446060181, "date": "2026-01-29"}}, {"type": "Feature", "geometry": {"type": "Point", "coordinates": [-82.24166666837802, 35.550000000575004]}, "properties": {"p_logistic": 0.5130459070205688, "p_rf": 0.5540000200271606, "p_xgb": 0.979688823223114, "date": "2026-01-29"}}, {"type": "Feature", "geometry": {"type": "Point", "coordinates": [-82.23333333504502, 35.550000000575004]}, "properties": {"p_logistic": 0.5127689838409424, "p_rf": 0.5559999942779541, "p_xgb": 0.977827250957489, "date": "2026-01-29"}}, {"type": "Feature", "geometry": {"type": "Point", "coordinates": [-82.22500000171202, 35.550000000575004]}, "properties": {"p_logistic": 0.5132961869239807, "p_rf": 0.5559999942779541, "p_xgb": 0.9806679487228394, "date": "2026-01-29"}}, {"type": "Feature", "geometry": {"type": "Point", "coordinates": [-82.21666666837902, 35.550000000575004]}, "properties": {"p_logistic": 0.5139191150665283, "p_rf": 0.5559999942779541, "p_xgb": 0.9805983304977417, "date": "2026-01-29"}}, {"type": "Feature", "geometry": {"type": "Point", "coordinates": [-82.75833333502402, 35.541666667242005]}, "properties": {"p_logistic": 0.4912468492984772, "p_rf": 0.5299999713897705, "p_xgb": 0.9745641946792603, "date": "2026-01-29"}}, {"type": "Feature", "geometry": {"type": "Point", "coordinates": [-82.75000000169102, 35.541666667242005]}, "properties": {"p_logistic": 0.4922202527523041, "p_rf": 0.6159999966621399, "p_xgb": 0.9905779361724854, "date": "2026-01-29"}}, {"type": "Feature", "geometry": {"type": "Point", "coordinates": [-82.74166666835802, 35.541666667242005]}, "properties": {"p_logistic": 0.49291402101516724, "p_rf": 0.6499999761581421, "p_xgb": 0.9907159805297852, "date": "2026-01-29"}}, {"type": "Feature", "geometry": {"type": "Point", "coordinates": [-82.73333333502501, 35.541666667242005]}, "properties": {"p_logistic": 0.4935472905635834, "p_rf": 0.5960000157356262, "p_xgb": 0.9871305823326111, "date": "2026-01-29"}}, {"type": "Feature", "geometry": {"type": "Point", "coordinates": [-82.72500000169202, 35.541666667242005]}, "properties": {"p_logistic": 0.49393031001091003, "p_rf": 0.593999981880188, "p_xgb": 0.9871305823326111, "date": "2026-01-29"}}, {"type": "Feature", "geometry": {"type": "Point", "coordinates": [-82.71666666835901, 35.541666667242005]}, "properties": {"p_logistic": 0.49419909715652466, "p_rf": 0.6060000061988831, "p_xgb": 0.9871305823326111, "date": "2026-01-29"}}, {"type": "Feature", "geometry": {"type": "Point", "coordinates": [-82.70833333502603, 35.541666667242005]}, "properties": {"p_logistic": 0.4944833517074585, "p_rf": 0.6119999885559082, "p_xgb": 0.9871305823326111, "date": "2026-01-29"}}, {"type": "Feature", "geometry": {"type": "Point", "coordinates": [-82.70000000169301, 35.541666667242005]}, "properties": {"p_logistic": 0.49475377798080444, "p_rf": 0.6240000128746033, "p_xgb": 0.9871305823326111, "date": "2026-01-29"}}, {"type": "Feature", "geometry": {"type": "Point", "coordinates": [-82.69166666836001, 35.541666667242005]}, "properties": {"p_logistic": 0.4944232702255249, "p_rf": 0.6119999885559082, "p_xgb": 0.9871305823326111, "date": "2026-01-29"}}, {"type": "Feature", "geometry": {"type": "Point", "coordinates": [-82.68333333502702, 35.541666667242005]}, "properties": {"p_logistic": 0.49413520097732544, "p_rf": 0.5979999899864197, "p_xgb": 0.9852684140205383, "date": "2026-01-29"}}, {"type": "Feature", "geometry": {"type": "Point", "coordinates": [-82.67500000169402, 35.541666667242005]}, "properties": {"p_logistic": 0.49378013610839844, "p_rf": 0.593999981880188, "p_xgb": 0.9852684140205383, "date": "2026-01-29"}}, {"type": "Feature", "geometry": {"type": "Point", "coordinates": [-82.66666666836102, 35.541666667242005]}, "properties": {"p_logistic": 0.4927574098110199, "p_rf": 0.6079999804496765, "p_xgb": 0.9856735467910767, "date": "2026-01-29"}}, {"type": "Feature", "geometry": {"type": "Point", "coordinates": [-82.65833333502802, 35.541666667242005]}, "properties": {"p_logistic": 0.49266108870506287, "p_rf": 0.6159999966621399, "p_xgb": 0.9861007332801819, "date": "2026-01-29"}}, {"type": "Feature", "geometry": {"type": "Point", "coordinates": [-82.65000000169502, 35.541666667242005]}, "properties": {"p_logistic": 0.49228450655937195, "p_rf": 0.6480000019073486, "p_xgb": 0.9902688264846802, "date": "2026-01-29"}}, {"type": "Feature", "geometry": {"type": "Point", "coordinates": [-82.64166666836202, 35.541666667242005]}, "properties": {"p_logistic": 0.4924672842025757, "p_rf": 0.6159999966621399, "p_xgb": 0.9885701537132263, "date": "2026-01-29"}}, {"type": "Feature", "geometry": {"type": "Point", "coordinates": [-82.63333333502902, 35.541666667242005]}, "properties": {"p_logistic": 0.4924702048301697, "p_rf": 0.6100000143051147, "p_xgb": 0.9872280359268188, "date": "2026-01-29"}}, {"type": "Feature", "geometry": {"type": "Point", "coordinates": [-82.62500000169601, 35.541666667242005]}, "properties": {"p_logistic": 0.4923994541168213, "p_rf": 0.6000000238418579, "p_xgb": 0.9869045615196228, "date": "2026-01-29"}}, {"type": "Feature", "geometry": {"type": "Point", "coordinates": [-82.61666666836302, 35.541666667242005]}, "properties": {"p_logistic": 0.4921186864376068, "p_rf": 0.6000000238418579, "p_xgb": 0.9808319211006165, "date": "2026-01-29"}}, {"type": "Feature", "geometry": {"type": "Point", "coordinates": [-82.60833333503001, 35.541666667242005]}, "properties": {"p_logistic": 0.4915018677711487, "p_rf": 0.6000000238418579, "p_xgb": 0.9808319211006165, "date": "2026-01-29"}}, {"type": "Feature", "geometry": {"type": "Point", "coordinates": [-82.60000000169703, 35.541666667242005]}, "properties": {"p_logistic": 0.4909263551235199, "p_rf": 0.6079999804496765, "p_xgb": 0.9813024401664734, "date": "2026-01-29"}}, {"type": "Feature", "geometry": {"type": "Point", "coordinates": [-82.59166666836401, 35.541666667242005]}, "properties": {"p_logistic": 0.49070701003074646, "p_rf": 0.6159999966621399, "p_xgb": 0.9813024401664734, "date": "2026-01-29"}}, {"type": "Feature", "geometry": {"type": "Point", "coordinates": [-82.58333333503101, 35.541666667242005]}, "properties": {"p_logistic": 0.49089592695236206, "p_rf": 0.621999979019165, "p_xgb": 0.9813024401664734, "date": "2026-01-29"}}, {"type": "Feature", "geometry": {"type": "Point", "coordinates": [-82.57500000169802, 35.541666667242005]}, "properties": {"p_logistic": 0.49159935116767883, "p_rf": 0.6299999952316284, "p_xgb": 0.9813024401664734, "date": "2026-01-29"}}, {"type": "Feature", "geometry": {"type": "Point", "coordinates": [-82.56666666836502, 35.541666667242005]}, "properties": {"p_logistic": 0.49231594800949097, "p_rf": 0.6200000047683716, "p_xgb": 0.9808319211006165, "date": "2026-01-29"}}, {"type": "Feature", "geometry": {"type": "Point", "coordinates": [-82.55833333503202, 35.541666667242005]}, "properties": {"p_logistic": 0.49296194314956665, "p_rf": 0.6340000033378601, "p_xgb": 0.9808319211006165, "date": "2026-01-29"}}, {"type": "Feature", "geometry": {"type": "Point", "coordinates": [-82.55000000169902, 35.541666667242005]}, "properties": {"p_logistic": 0.4932718276977539, "p_rf": 0.6259999871253967, "p_xgb": 0.9793403148651123, "date": "2026-01-29"}}, {"type": "Feature", "geometry": {"type": "Point", "coordinates": [-82.54166666836602, 35.541666667242005]}, "properties": {"p_logistic": 0.4936012327671051, "p_rf": 0.6259999871253967, "p_xgb": 0.9825531244277954, "date": "2026-01-29"}}, {"type": "Feature", "geometry": {"type": "Point", "coordinates": [-82.53333333503302, 35.541666667242005]}, "properties": {"p_logistic": 0.4950946271419525, "p_rf": 0.6340000033378601, "p_xgb": 0.9840721487998962, "date": "2026-01-29"}}, {"type": "Feature", "geometry": {"type": "Point", "coordinates": [-82.52500000170002, 35.541666667242005]}, "properties": {"p_logistic": 0.4974501430988312, "p_rf": 0.6499999761581421, "p_xgb": 0.9852896332740784, "date": "2026-01-29"}}, {"type": "Feature", "geometry": {"type": "Point", "coordinates": [-82.51666666836701, 35.541666667242005]}, "properties": {"p_logistic": 0.5008506178855896, "p_rf": 0.656000018119812, "p_xgb": 0.9693880081176758, "date": "2026-01-29"}}, {"type": "Feature", "geometry": {"type": "Point", "coordinates": [-82.50833333503402, 35.541666667242005]}, "properties": {"p_logistic": 0.504086971282959, "p_rf": 0.6520000100135803, "p_xgb": 0.9693880081176758, "date": "2026-01-29"}}, {"type": "Feature", "geometry": {"type": "Point", "coordinates": [-82.50000000170101, 35.541666667242005]}, "properties": {"p_logistic": 0.5071662068367004, "p_rf": 0.6539999842643738, "p_xgb": 0.9745683670043945, "date": "2026-01-29"}}, {"type": "Feature", "geometry": {"type": "Point", "coordinates": [-82.49166666836803, 35.541666667242005]}, "properties": {"p_logistic": 0.5098327994346619, "p_rf": 0.6600000262260437, "p_xgb": 0.9794054627418518, "date": "2026-01-29"}}, {"type": "Feature", "geometry": {"type": "Point", "coordinates": [-82.48333333503501, 35.541666667242005]}, "properties": {"p_logistic": 0.512788712978363, "p_rf": 0.699999988079071, "p_xgb": 0.9941745400428772, "date": "2026-01-29"}}, {"type": "Feature", "geometry": {"type": "Point", "coordinates": [-82.47500000170201, 35.541666667242005]}, "properties": {"p_logistic": 0.5166661739349365, "p_rf": 0.699999988079071, "p_xgb": 0.9878617525100708, "date": "2026-01-29"}}, {"type": "Feature", "geometry": {"type": "Point", "coordinates": [-82.46666666836902, 35.541666667242005]}, "properties": {"p_logistic": 0.5192406177520752, "p_rf": 0.6620000004768372, "p_xgb": 0.9876554608345032, "date": "2026-01-29"}}, {"type": "Feature", "geometry": {"type": "Point", "coordinates": [-82.45833333503602, 35.541666667242005]}, "properties": {"p_logistic": 0.5210406184196472, "p_rf": 0.6620000004768372, "p_xgb": 0.9884251356124878, "date": "2026-01-29"}}, {"type": "Feature", "geometry": {"type": "Point", "coordinates": [-82.45000000170302, 35.541666667242005]}, "properties": {"p_logistic": 0.521376371383667, "p_rf": 0.6679999828338623, "p_xgb": 0.9884251356124878, "date": "2026-01-29"}}, {"type": "Feature", "geometry": {"type": "Point", "coordinates": [-82.44166666837002, 35.541666667242005]}, "properties": {"p_logistic": 0.5217067003250122, "p_rf": 0.6700000166893005, "p_xgb": 0.9879744052886963, "date": "2026-01-29"}}, {"type": "Feature", "geometry": {"type": "Point", "coordinates": [-82.43333333503702, 35.541666667242005]}, "properties": {"p_logistic": 0.5205346345901489, "p_rf": 0.6600000262260437, "p_xgb": 0.9879744052886963, "date": "2026-01-29"}}, {"type": "Feature", "geometry": {"type": "Point", "coordinates": [-82.42500000170402, 35.541666667242005]}, "properties": {"p_logistic": 0.5197296738624573, "p_rf": 0.6660000085830688, "p_xgb": 0.9886795878410339, "date": "2026-01-29"}}, {"type": "Feature", "geometry": {"type": "Point", "coordinates": [-82.41666666837102, 35.541666667242005]}, "properties": {"p_logistic": 0.5190277695655823, "p_rf": 0.671999990940094, "p_xgb": 0.9896232485771179, "date": "2026-01-29"}}, {"type": "Feature", "geometry": {"type": "Point", "coordinates": [-82.40833333503801, 35.541666667242005]}, "properties": {"p_logistic": 0.517318069934845, "p_rf": 0.671999990940094, "p_xgb": 0.9896232485771179, "date": "2026-01-29"}}, {"type": "Feature", "geometry": {"type": "Point", "coordinates": [-82.40000000170502, 35.541666667242005]}, "properties": {"p_logistic": 0.5156426429748535, "p_rf": 0.6600000262260437, "p_xgb": 0.9896232485771179, "date": "2026-01-29"}}, {"type": "Feature", "geometry": {"type": "Point", "coordinates": [-82.39166666837201, 35.541666667242005]}, "properties": {"p_logistic": 0.5138266682624817, "p_rf": 0.6679999828338623, "p_xgb": 0.9900189638137817, "date": "2026-01-29"}}, {"type": "Feature", "geometry": {"type": "Point", "coordinates": [-82.38333333503903, 35.541666667242005]}, "properties": {"p_logistic": 0.5117419362068176, "p_rf": 0.6600000262260437, "p_xgb": 0.9903939366340637, "date": "2026-01-29"}}, {"type": "Feature", "geometry": {"type": "Point", "coordinates": [-82.37500000170601, 35.541666667242005]}, "properties": {"p_logistic": 0.5109863877296448, "p_rf": 0.6800000071525574, "p_xgb": 0.9910188913345337, "date": "2026-01-29"}}, {"type": "Feature", "geometry": {"type": "Point", "coordinates": [-82.36666666837301, 35.541666667242005]}, "properties": {"p_logistic": 0.5110864639282227, "p_rf": 0.7039999961853027, "p_xgb": 0.9910188913345337, "date": "2026-01-29"}}, {"type": "Feature", "geometry": {"type": "Point", "coordinates": [-82.35833333504002, 35.541666667242005]}, "properties": {"p_logistic": 0.5121539831161499, "p_rf": 0.6399999856948853, "p_xgb": 0.9902410507202148, "date": "2026-01-29"}}, {"type": "Feature", "geometry": {"type": "Point", "coordinates": [-82.35000000170702, 35.541666667242005]}, "properties": {"p_logistic": 0.512996256351471, "p_rf": 0.6100000143051147, "p_xgb": 0.9888926148414612, "date": "2026-01-29"}}, {"type": "Feature", "geometry": {"type": "Point", "coordinates": [-82.34166666837402, 35.541666667242005]}, "properties": {"p_logistic": 0.5123630166053772, "p_rf": 0.5860000252723694, "p_xgb": 0.9884465932846069, "date": "2026-01-29"}}, {"type": "Feature", "geometry": {"type": "Point", "coordinates": [-82.33333333504102, 35.541666667242005]}, "properties": {"p_logistic": 0.5117882490158081, "p_rf": 0.5820000171661377, "p_xgb": 0.9880160689353943, "date": "2026-01-29"}}, {"type": "Feature", "geometry": {"type": "Point", "coordinates": [-82.32500000170802, 35.541666667242005]}, "properties": {"p_logistic": 0.5118913054466248, "p_rf": 0.578000009059906, "p_xgb": 0.9880160689353943, "date": "2026-01-29"}}, {"type": "Feature", "geometry": {"type": "Point", "coordinates": [-82.31666666837502, 35.541666667242005]}, "properties": {"p_logistic": 0.5132898092269897, "p_rf": 0.5839999914169312, "p_xgb": 0.9880160689353943, "date": "2026-01-29"}}, {"type": "Feature", "geometry": {"type": "Point", "coordinates": [-82.30833333504202, 35.541666667242005]}, "properties": {"p_logistic": 0.5146681070327759, "p_rf": 0.5640000104904175, "p_xgb": 0.9804030656814575, "date": "2026-01-29"}}, {"type": "Feature", "geometry": {"type": "Point", "coordinates": [-82.30000000170901, 35.541666667242005]}, "properties": {"p_logistic": 0.5151883363723755, "p_rf": 0.5580000281333923, "p_xgb": 0.9816923141479492, "date": "2026-01-29"}}, {"type": "Feature", "geometry": {"type": "Point", "coordinates": [-82.29166666837602, 35.541666667242005]}, "properties": {"p_logistic": 0.5162362456321716, "p_rf": 0.5540000200271606, "p_xgb": 0.9808329343795776, "date": "2026-01-29"}}, {"type": "Feature", "geometry": {"type": "Point", "coordinates": [-82.28333333504301, 35.541666667242005]}, "properties": {"p_logistic": 0.5165438652038574, "p_rf": 0.5419999957084656, "p_xgb": 0.9861165881156921, "date": "2026-01-29"}}, {"type": "Feature", "geometry": {"type": "Point", "coordinates": [-82.27500000171003, 35.541666667242005]}, "properties": {"p_logistic": 0.5166934728622437, "p_rf": 0.5339999794960022, "p_xgb": 0.9861165881156921, "date": "2026-01-29"}}, {"type": "Feature", "geometry": {"type": "Point", "coordinates": [-82.26666666837701, 35.541666667242005]}, "properties": {"p_logistic": 0.51624596118927, "p_rf": 0.5440000295639038, "p_xgb": 0.9854536056518555, "date": "2026-01-29"}}, {"type": "Feature", "geometry": {"type": "Point", "coordinates": [-82.25833333504401, 35.541666667242005]}, "properties": {"p_logistic": 0.5150660276412964, "p_rf": 0.5580000281333923, "p_xgb": 0.9802108407020569, "date": "2026-01-29"}}, {"type": "Feature", "geometry": {"type": "Point", "coordinates": [-82.25000000171102, 35.541666667242005]}, "properties": {"p_logistic": 0.5126294493675232, "p_rf": 0.5720000267028809, "p_xgb": 0.979758620262146, "date": "2026-01-29"}}, {"type": "Feature", "geometry": {"type": "Point", "coordinates": [-82.24166666837802, 35.541666667242005]}, "properties": {"p_logistic": 0.5101132988929749, "p_rf": 0.5419999957084656, "p_xgb": 0.9735299944877625, "date": "2026-01-29"}}, {"type": "Feature", "geometry": {"type": "Point", "coordinates": [-82.23333333504502, 35.541666667242005]}, "properties": {"p_logistic": 0.5092200040817261, "p_rf": 0.5479999780654907, "p_xgb": 0.9699195027351379, "date": "2026-01-29"}}, {"type": "Feature", "geometry": {"type": "Point", "coordinates": [-82.22500000171202, 35.541666667242005]}, "properties": {"p_logistic": 0.5098742842674255, "p_rf": 0.5479999780654907, "p_xgb": 0.9699195027351379, "date": "2026-01-29"}}, {"type": "Feature", "geometry": {"type": "Point", "coordinates": [-82.21666666837902, 35.541666667242005]}, "properties": {"p_logistic": 0.5107507705688477, "p_rf": 0.5820000171661377, "p_xgb": 0.9699195027351379, "date": "2026-01-29"}}, {"type": "Feature", "geometry": {"type": "Point", "coordinates": [-82.20833333504602, 35.541666667242005]}, "properties": {"p_logistic": 0.5111616253852844, "p_rf": 0.5659999847412109, "p_xgb": 0.9777477383613586, "date": "2026-01-29"}}, {"type": "Feature", "geometry": {"type": "Point", "coordinates": [-82.20000000171302, 35.541666667242005]}, "properties": {"p_logistic": 0.5105710029602051, "p_rf": 0.5659999847412109, "p_xgb": 0.9784348011016846, "date": "2026-01-29"}}, {"type": "Feature", "geometry": {"type": "Point", "coordinates": [-82.76666666835702, 35.533333333909006]}, "properties": {"p_logistic": 0.49060913920402527, "p_rf": 0.5379999876022339, "p_xgb": 0.9747297167778015, "date": "2026-01-29"}}, {"type": "Feature", "geometry": {"type": "Point", "coordinates": [-82.75833333502402, 35.533333333909006]}, "properties": {"p_logistic": 0.49149471521377563, "p_rf": 0.5239999890327454, "p_xgb": 0.9737437963485718, "date": "2026-01-29"}}, {"type": "Feature", "geometry": {"type": "Point", "coordinates": [-82.75000000169102, 35.533333333909006]}, "properties": {"p_logistic": 0.49245819449424744, "p_rf": 0.5759999752044678, "p_xgb": 0.9883615374565125, "date": "2026-01-29"}}, {"type": "Feature", "geometry": {"type": "Point", "coordinates": [-82.74166666835802, 35.533333333909006]}, "properties": {"p_logistic": 0.49345675110816956, "p_rf": 0.656000018119812, "p_xgb": 0.9899337887763977, "date": "2026-01-29"}}, {"type": "Feature", "geometry": {"type": "Point", "coordinates": [-82.73333333502501, 35.533333333909006]}, "properties": {"p_logistic": 0.49398770928382874, "p_rf": 0.6100000143051147, "p_xgb": 0.9899337887763977, "date": "2026-01-29"}}, {"type": "Feature", "geometry": {"type": "Point", "coordinates": [-82.72500000169202, 35.533333333909006]}, "properties": {"p_logistic": 0.4943627119064331, "p_rf": 0.593999981880188, "p_xgb": 0.9844732284545898, "date": "2026-01-29"}}, {"type": "Feature", "geometry": {"type": "Point", "coordinates": [-82.71666666835901, 35.533333333909006]}, "properties": {"p_logistic": 0.4944918751716614, "p_rf": 0.593999981880188, "p_xgb": 0.9844732284545898, "date": "2026-01-29"}}, {"type": "Feature", "geometry": {"type": "Point", "coordinates": [-82.70833333502603, 35.533333333909006]}, "properties": {"p_logistic": 0.49459898471832275, "p_rf": 0.593999981880188, "p_xgb": 0.9844732284545898, "date": "2026-01-29"}}, {"type": "Feature", "geometry": {"type": "Point", "coordinates": [-82.70000000169301, 35.533333333909006]}, "properties": {"p_logistic": 0.49441254138946533, "p_rf": 0.5960000157356262, "p_xgb": 0.9846993088722229, "date": "2026-01-29"}}, {"type": "Feature", "geometry": {"type": "Point", "coordinates": [-82.69166666836001, 35.533333333909006]}, "properties": {"p_logistic": 0.4938693046569824, "p_rf": 0.6079999804496765, "p_xgb": 0.9887500405311584, "date": "2026-01-29"}}, {"type": "Feature", "geometry": {"type": "Point", "coordinates": [-82.68333333502702, 35.533333333909006]}, "properties": {"p_logistic": 0.4936774671077728, "p_rf": 0.6159999966621399, "p_xgb": 0.9899337887763977, "date": "2026-01-29"}}, {"type": "Feature", "geometry": {"type": "Point", "coordinates": [-82.67500000169402, 35.533333333909006]}, "properties": {"p_logistic": 0.4935663938522339, "p_rf": 0.656000018119812, "p_xgb": 0.9899337887763977, "date": "2026-01-29"}}, {"type": "Feature", "geometry": {"type": "Point", "coordinates": [-82.66666666836102, 35.533333333909006]}, "properties": {"p_logistic": 0.49289727210998535, "p_rf": 0.6299999952316284, "p_xgb": 0.9899337887763977, "date": "2026-01-29"}}, {"type": "Feature", "geometry": {"type": "Point", "coordinates": [-82.65833333502802, 35.533333333909006]}, "properties": {"p_logistic": 0.492400586605072, "p_rf": 0.6100000143051147, "p_xgb": 0.9899337887763977, "date": "2026-01-29"}}, {"type": "Feature", "geometry": {"type": "Point", "coordinates": [-82.65000000169502, 35.533333333909006]}, "properties": {"p_logistic": 0.4927745759487152, "p_rf": 0.6240000128746033, "p_xgb": 0.9885701537132263, "date": "2026-01-29"}}, {"type": "Feature", "geometry": {"type": "Point", "coordinates": [-82.64166666836202, 35.533333333909006]}, "properties": {"p_logistic": 0.4929133653640747, "p_rf": 0.628000020980835, "p_xgb": 0.9885701537132263, "date": "2026-01-29"}}, {"type": "Feature", "geometry": {"type": "Point", "coordinates": [-82.63333333502902, 35.533333333909006]}, "properties": {"p_logistic": 0.4927721917629242, "p_rf": 0.6639999747276306, "p_xgb": 0.9873608350753784, "date": "2026-01-29"}}, {"type": "Feature", "geometry": {"type": "Point", "coordinates": [-82.62500000169601, 35.533333333909006]}, "properties": {"p_logistic": 0.4929440915584564, "p_rf": 0.6859999895095825, "p_xgb": 0.9888904094696045, "date": "2026-01-29"}}, {"type": "Feature", "geometry": {"type": "Point", "coordinates": [-82.61666666836302, 35.533333333909006]}, "properties": {"p_logistic": 0.492631733417511, "p_rf": 0.6800000071525574, "p_xgb": 0.9888904094696045, "date": "2026-01-29"}}, {"type": "Feature", "geometry": {"type": "Point", "coordinates": [-82.60833333503001, 35.533333333909006]}, "properties": {"p_logistic": 0.49217689037323, "p_rf": 0.6800000071525574, "p_xgb": 0.9888904094696045, "date": "2026-01-29"}}, {"type": "Feature", "geometry": {"type": "Point", "coordinates": [-82.60000000169703, 35.533333333909006]}, "properties": {"p_logistic": 0.4916004538536072, "p_rf": 0.6359999775886536, "p_xgb": 0.9876155257225037, "date": "2026-01-29"}}, {"type": "Feature", "geometry": {"type": "Point", "coordinates": [-82.59166666836401, 35.533333333909006]}, "properties": {"p_logistic": 0.491687536239624, "p_rf": 0.621999979019165, "p_xgb": 0.9793403148651123, "date": "2026-01-29"}}, {"type": "Feature", "geometry": {"type": "Point", "coordinates": [-82.58333333503101, 35.533333333909006]}, "properties": {"p_logistic": 0.492070734500885, "p_rf": 0.6240000128746033, "p_xgb": 0.9814509153366089, "date": "2026-01-29"}}, {"type": "Feature", "geometry": {"type": "Point", "coordinates": [-82.57500000169802, 35.533333333909006]}, "properties": {"p_logistic": 0.49287036061286926, "p_rf": 0.6240000128746033, "p_xgb": 0.9825531244277954, "date": "2026-01-29"}}, {"type": "Feature", "geometry": {"type": "Point", "coordinates": [-82.56666666836502, 35.533333333909006]}, "properties": {"p_logistic": 0.49383124709129333, "p_rf": 0.6320000290870667, "p_xgb": 0.9843921661376953, "date": "2026-01-29"}}, {"type": "Feature", "geometry": {"type": "Point", "coordinates": [-82.55833333503202, 35.533333333909006]}, "properties": {"p_logistic": 0.4947203993797302, "p_rf": 0.6399999856948853, "p_xgb": 0.9852896332740784, "date": "2026-01-29"}}, {"type": "Feature", "geometry": {"type": "Point", "coordinates": [-82.55000000169902, 35.533333333909006]}, "properties": {"p_logistic": 0.49532780051231384, "p_rf": 0.6480000019073486, "p_xgb": 0.9903028607368469, "date": "2026-01-29"}}, {"type": "Feature", "geometry": {"type": "Point", "coordinates": [-82.54166666836602, 35.533333333909006]}, "properties": {"p_logistic": 0.4959399402141571, "p_rf": 0.6539999842643738, "p_xgb": 0.9905253648757935, "date": "2026-01-29"}}, {"type": "Feature", "geometry": {"type": "Point", "coordinates": [-82.53333333503302, 35.533333333909006]}, "properties": {"p_logistic": 0.4975252151489258, "p_rf": 0.6359999775886536, "p_xgb": 0.9888639450073242, "date": "2026-01-29"}}, {"type": "Feature", "geometry": {"type": "Point", "coordinates": [-82.52500000170002, 35.533333333909006]}, "properties": {"p_logistic": 0.4998316764831543, "p_rf": 0.6259999871253967, "p_xgb": 0.9804080128669739, "date": "2026-01-29"}}, {"type": "Feature", "geometry": {"type": "Point", "coordinates": [-82.51666666836701, 35.533333333909006]}, "properties": {"p_logistic": 0.5026533603668213, "p_rf": 0.6240000128746033, "p_xgb": 0.9746890664100647, "date": "2026-01-29"}}, {"type": "Feature", "geometry": {"type": "Point", "coordinates": [-82.50833333503402, 35.533333333909006]}, "properties": {"p_logistic": 0.5062384009361267, "p_rf": 0.6439999938011169, "p_xgb": 0.9785482883453369, "date": "2026-01-29"}}, {"type": "Feature", "geometry": {"type": "Point", "coordinates": [-82.50000000170101, 35.533333333909006]}, "properties": {"p_logistic": 0.5094327330589294, "p_rf": 0.6800000071525574, "p_xgb": 0.9843055009841919, "date": "2026-01-29"}}, {"type": "Feature", "geometry": {"type": "Point", "coordinates": [-82.49166666836803, 35.533333333909006]}, "properties": {"p_logistic": 0.5121217966079712, "p_rf": 0.699999988079071, "p_xgb": 0.9938176274299622, "date": "2026-01-29"}}, {"type": "Feature", "geometry": {"type": "Point", "coordinates": [-82.48333333503501, 35.533333333909006]}, "properties": {"p_logistic": 0.5144633054733276, "p_rf": 0.6980000138282776, "p_xgb": 0.9927132725715637, "date": "2026-01-29"}}, {"type": "Feature", "geometry": {"type": "Point", "coordinates": [-82.47500000170201, 35.533333333909006]}, "properties": {"p_logistic": 0.5177133083343506, "p_rf": 0.656000018119812, "p_xgb": 0.9878617525100708, "date": "2026-01-29"}}, {"type": "Feature", "geometry": {"type": "Point", "coordinates": [-82.46666666836902, 35.533333333909006]}, "properties": {"p_logistic": 0.5195526480674744, "p_rf": 0.6520000100135803, "p_xgb": 0.9913028478622437, "date": "2026-01-29"}}, {"type": "Feature", "geometry": {"type": "Point", "coordinates": [-82.45833333503602, 35.533333333909006]}, "properties": {"p_logistic": 0.520359456539154, "p_rf": 0.6620000004768372, "p_xgb": 0.9884251356124878, "date": "2026-01-29"}}, {"type": "Feature", "geometry": {"type": "Point", "coordinates": [-82.45000000170302, 35.533333333909006]}, "properties": {"p_logistic": 0.5202943682670593, "p_rf": 0.6679999828338623, "p_xgb": 0.9884251356124878, "date": "2026-01-29"}}, {"type": "Feature", "geometry": {"type": "Point", "coordinates": [-82.44166666837002, 35.533333333909006]}, "properties": {"p_logistic": 0.519057035446167, "p_rf": 0.671999990940094, "p_xgb": 0.9884251356124878, "date": "2026-01-29"}}, {"type": "Feature", "geometry": {"type": "Point", "coordinates": [-82.43333333503702, 35.533333333909006]}, "properties": {"p_logistic": 0.5175395011901855, "p_rf": 0.6859999895095825, "p_xgb": 0.9879744052886963, "date": "2026-01-29"}}, {"type": "Feature", "geometry": {"type": "Point", "coordinates": [-82.42500000170402, 35.533333333909006]}, "properties": {"p_logistic": 0.5162189602851868, "p_rf": 0.6779999732971191, "p_xgb": 0.9896232485771179, "date": "2026-01-29"}}, {"type": "Feature", "geometry": {"type": "Point", "coordinates": [-82.41666666837102, 35.533333333909006]}, "properties": {"p_logistic": 0.515026867389679, "p_rf": 0.6700000166893005, "p_xgb": 0.9899438619613647, "date": "2026-01-29"}}, {"type": "Feature", "geometry": {"type": "Point", "coordinates": [-82.40833333503801, 35.533333333909006]}, "properties": {"p_logistic": 0.5138732194900513, "p_rf": 0.671999990940094, "p_xgb": 0.990498960018158, "date": "2026-01-29"}}, {"type": "Feature", "geometry": {"type": "Point", "coordinates": [-82.40000000170502, 35.533333333909006]}, "properties": {"p_logistic": 0.5130035281181335, "p_rf": 0.6779999732971191, "p_xgb": 0.9903275370597839, "date": "2026-01-29"}}, {"type": "Feature", "geometry": {"type": "Point", "coordinates": [-82.39166666837201, 35.533333333909006]}, "properties": {"p_logistic": 0.5117855668067932, "p_rf": 0.6740000247955322, "p_xgb": 0.990691065788269, "date": "2026-01-29"}}, {"type": "Feature", "geometry": {"type": "Point", "coordinates": [-82.38333333503903, 35.533333333909006]}, "properties": {"p_logistic": 0.5109525322914124, "p_rf": 0.6639999747276306, "p_xgb": 0.9903939366340637, "date": "2026-01-29"}}, {"type": "Feature", "geometry": {"type": "Point", "coordinates": [-82.37500000170601, 35.533333333909006]}, "properties": {"p_logistic": 0.510450541973114, "p_rf": 0.7200000286102295, "p_xgb": 0.9910188913345337, "date": "2026-01-29"}}, {"type": "Feature", "geometry": {"type": "Point", "coordinates": [-82.36666666837301, 35.533333333909006]}, "properties": {"p_logistic": 0.5110206007957458, "p_rf": 0.6700000166893005, "p_xgb": 0.9954698085784912, "date": "2026-01-29"}}, {"type": "Feature", "geometry": {"type": "Point", "coordinates": [-82.35833333504002, 35.533333333909006]}, "properties": {"p_logistic": 0.512606680393219, "p_rf": 0.6100000143051147, "p_xgb": 0.9897049069404602, "date": "2026-01-29"}}, {"type": "Feature", "geometry": {"type": "Point", "coordinates": [-82.35000000170702, 35.533333333909006]}, "properties": {"p_logistic": 0.5133733749389648, "p_rf": 0.5820000171661377, "p_xgb": 0.9884465932846069, "date": "2026-01-29"}}, {"type": "Feature", "geometry": {"type": "Point", "coordinates": [-82.34166666837402, 35.533333333909006]}, "properties": {"p_logistic": 0.5125402808189392, "p_rf": 0.5820000171661377, "p_xgb": 0.9880160689353943, "date": "2026-01-29"}}, {"type": "Feature", "geometry": {"type": "Point", "coordinates": [-82.33333333504102, 35.533333333909006]}, "properties": {"p_logistic": 0.511777937412262, "p_rf": 0.5740000009536743, "p_xgb": 0.9880160689353943, "date": "2026-01-29"}}, {"type": "Feature", "geometry": {"type": "Point", "coordinates": [-82.32500000170802, 35.533333333909006]}, "properties": {"p_logistic": 0.511528730392456, "p_rf": 0.5720000267028809, "p_xgb": 0.9880160689353943, "date": "2026-01-29"}}, {"type": "Feature", "geometry": {"type": "Point", "coordinates": [-82.31666666837502, 35.533333333909006]}, "properties": {"p_logistic": 0.5124443173408508, "p_rf": 0.5720000267028809, "p_xgb": 0.9804030656814575, "date": "2026-01-29"}}, {"type": "Feature", "geometry": {"type": "Point", "coordinates": [-82.30833333504202, 35.533333333909006]}, "properties": {"p_logistic": 0.5134467482566833, "p_rf": 0.5600000023841858, "p_xgb": 0.9797773957252502, "date": "2026-01-29"}}, {"type": "Feature", "geometry": {"type": "Point", "coordinates": [-82.30000000170901, 35.533333333909006]}, "properties": {"p_logistic": 0.5140296220779419, "p_rf": 0.5519999861717224, "p_xgb": 0.9808329343795776, "date": "2026-01-29"}}, {"type": "Feature", "geometry": {"type": "Point", "coordinates": [-82.29166666837602, 35.533333333909006]}, "properties": {"p_logistic": 0.5141788721084595, "p_rf": 0.5540000200271606, "p_xgb": 0.9803446531295776, "date": "2026-01-29"}}, {"type": "Feature", "geometry": {"type": "Point", "coordinates": [-82.28333333504301, 35.533333333909006]}, "properties": {"p_logistic": 0.5142560601234436, "p_rf": 0.5720000267028809, "p_xgb": 0.9864957928657532, "date": "2026-01-29"}}, {"type": "Feature", "geometry": {"type": "Point", "coordinates": [-82.27500000171003, 35.533333333909006]}, "properties": {"p_logistic": 0.5139961242675781, "p_rf": 0.5360000133514404, "p_xgb": 0.979758620262146, "date": "2026-01-29"}}, {"type": "Feature", "geometry": {"type": "Point", "coordinates": [-82.26666666837701, 35.533333333909006]}, "properties": {"p_logistic": 0.5130688548088074, "p_rf": 0.5040000081062317, "p_xgb": 0.979758620262146, "date": "2026-01-29"}}, {"type": "Feature", "geometry": {"type": "Point", "coordinates": [-82.25833333504401, 35.533333333909006]}, "properties": {"p_logistic": 0.5117796659469604, "p_rf": 0.5019999742507935, "p_xgb": 0.979758620262146, "date": "2026-01-29"}}, {"type": "Feature", "geometry": {"type": "Point", "coordinates": [-82.25000000171102, 35.533333333909006]}, "properties": {"p_logistic": 0.5092495679855347, "p_rf": 0.5059999823570251, "p_xgb": 0.9780346155166626, "date": "2026-01-29"}}, {"type": "Feature", "geometry": {"type": "Point", "coordinates": [-82.24166666837802, 35.533333333909006]}, "properties": {"p_logistic": 0.5064263343811035, "p_rf": 0.515999972820282, "p_xgb": 0.9780346155166626, "date": "2026-01-29"}}, {"type": "Feature", "geometry": {"type": "Point", "coordinates": [-82.23333333504502, 35.533333333909006]}, "properties": {"p_logistic": 0.5055587291717529, "p_rf": 0.515999972820282, "p_xgb": 0.9780346155166626, "date": "2026-01-29"}}, {"type": "Feature", "geometry": {"type": "Point", "coordinates": [-82.22500000171202, 35.533333333909006]}, "properties": {"p_logistic": 0.5061571002006531, "p_rf": 0.515999972820282, "p_xgb": 0.9699195027351379, "date": "2026-01-29"}}, {"type": "Feature", "geometry": {"type": "Point", "coordinates": [-82.21666666837902, 35.533333333909006]}, "properties": {"p_logistic": 0.5071287751197815, "p_rf": 0.5220000147819519, "p_xgb": 0.9712537527084351, "date": "2026-01-29"}}, {"type": "Feature", "geometry": {"type": "Point", "coordinates": [-82.20833333504602, 35.533333333909006]}, "properties": {"p_logistic": 0.5069621205329895, "p_rf": 0.5440000295639038, "p_xgb": 0.9712537527084351, "date": "2026-01-29"}}, {"type": "Feature", "geometry": {"type": "Point", "coordinates": [-82.20000000171302, 35.533333333909006]}, "properties": {"p_logistic": 0.5060629844665527, "p_rf": 0.5699999928474426, "p_xgb": 0.9721356630325317, "date": "2026-01-29"}}, {"type": "Feature", "geometry": {"type": "Point", "coordinates": [-82.19166666838001, 35.533333333909006]}, "properties": {"p_logistic": 0.5039381980895996, "p_rf": 0.6119999885559082, "p_xgb": 0.9829043745994568, "date": "2026-01-29"}}, {"type": "Feature", "geometry": {"type": "Point", "coordinates": [-82.18333333504702, 35.533333333909006]}, "properties": {"p_logistic": 0.5021982789039612, "p_rf": 0.6159999966621399, "p_xgb": 0.9823635816574097, "date": "2026-01-29"}}, {"type": "Feature", "geometry": {"type": "Point", "coordinates": [-82.77500000169002, 35.525000000576]}, "properties": {"p_logistic": 0.48987504839897156, "p_rf": 0.5239999890327454, "p_xgb": 0.9813392758369446, "date": "2026-01-29"}}, {"type": "Feature", "geometry": {"type": "Point", "coordinates": [-82.76666666835702, 35.525000000576]}, "properties": {"p_logistic": 0.49052873253822327, "p_rf": 0.5239999890327454, "p_xgb": 0.9802197813987732, "date": "2026-01-29"}}, {"type": "Feature", "geometry": {"type": "Point", "coordinates": [-82.75833333502402, 35.525000000576]}, "properties": {"p_logistic": 0.4914340674877167, "p_rf": 0.5419999957084656, "p_xgb": 0.9696630239486694, "date": "2026-01-29"}}, {"type": "Feature", "geometry": {"type": "Point", "coordinates": [-82.75000000169102, 35.525000000576]}, "properties": {"p_logistic": 0.4925205707550049, "p_rf": 0.5419999957084656, "p_xgb": 0.9692499041557312, "date": "2026-01-29"}}, {"type": "Feature", "geometry": {"type": "Point", "coordinates": [-82.74166666835802, 35.525000000576]}, "properties": {"p_logistic": 0.4934276044368744, "p_rf": 0.6000000238418579, "p_xgb": 0.9863344430923462, "date": "2026-01-29"}}, {"type": "Feature", "geometry": {"type": "Point", "coordinates": [-82.73333333502501, 35.525000000576]}, "properties": {"p_logistic": 0.4942510426044464, "p_rf": 0.6299999952316284, "p_xgb": 0.9885701537132263, "date": "2026-01-29"}}, {"type": "Feature", "geometry": {"type": "Point", "coordinates": [-82.72500000169202, 35.525000000576]}, "properties": {"p_logistic": 0.4948177635669708, "p_rf": 0.6660000085830688, "p_xgb": 0.9885701537132263, "date": "2026-01-29"}}, {"type": "Feature", "geometry": {"type": "Point", "coordinates": [-82.71666666835901, 35.525000000576]}, "properties": {"p_logistic": 0.4948956370353699, "p_rf": 0.6660000085830688, "p_xgb": 0.9885701537132263, "date": "2026-01-29"}}, {"type": "Feature", "geometry": {"type": "Point", "coordinates": [-82.70833333502603, 35.525000000576]}, "properties": {"p_logistic": 0.49486735463142395, "p_rf": 0.6660000085830688, "p_xgb": 0.9885701537132263, "date": "2026-01-29"}}, {"type": "Feature", "geometry": {"type": "Point", "coordinates": [-82.70000000169301, 35.525000000576]}, "properties": {"p_logistic": 0.4946335256099701, "p_rf": 0.6399999856948853, "p_xgb": 0.9885701537132263, "date": "2026-01-29"}}, {"type": "Feature", "geometry": {"type": "Point", "coordinates": [-82.69166666836001, 35.525000000576]}, "properties": {"p_logistic": 0.494258850812912, "p_rf": 0.6240000128746033, "p_xgb": 0.9885701537132263, "date": "2026-01-29"}}, {"type": "Feature", "geometry": {"type": "Point", "coordinates": [-82.68333333502702, 35.525000000576]}, "properties": {"p_logistic": 0.4933111369609833, "p_rf": 0.6259999871253967, "p_xgb": 0.9890402555465698, "date": "2026-01-29"}}, {"type": "Feature", "geometry": {"type": "Point", "coordinates": [-82.67500000169402, 35.525000000576]}, "properties": {"p_logistic": 0.4930712580680847, "p_rf": 0.5960000157356262, "p_xgb": 0.9890402555465698, "date": "2026-01-29"}}, {"type": "Feature", "geometry": {"type": "Point", "coordinates": [-82.66666666836102, 35.525000000576]}, "properties": {"p_logistic": 0.49280330538749695, "p_rf": 0.5960000157356262, "p_xgb": 0.9890402555465698, "date": "2026-01-29"}}, {"type": "Feature", "geometry": {"type": "Point", "coordinates": [-82.65833333502802, 35.525000000576]}, "properties": {"p_logistic": 0.49293065071105957, "p_rf": 0.5920000076293945, "p_xgb": 0.9885701537132263, "date": "2026-01-29"}}, {"type": "Feature", "geometry": {"type": "Point", "coordinates": [-82.65000000169502, 35.525000000576]}, "properties": {"p_logistic": 0.4930383861064911, "p_rf": 0.5979999899864197, "p_xgb": 0.9885701537132263, "date": "2026-01-29"}}, {"type": "Feature", "geometry": {"type": "Point", "coordinates": [-82.64166666836202, 35.525000000576]}, "properties": {"p_logistic": 0.4932347238063812, "p_rf": 0.6140000224113464, "p_xgb": 0.9873608350753784, "date": "2026-01-29"}}, {"type": "Feature", "geometry": {"type": "Point", "coordinates": [-82.63333333502902, 35.525000000576]}, "properties": {"p_logistic": 0.49335023760795593, "p_rf": 0.6240000128746033, "p_xgb": 0.9901387691497803, "date": "2026-01-29"}}, {"type": "Feature", "geometry": {"type": "Point", "coordinates": [-82.62500000169601, 35.525000000576]}, "properties": {"p_logistic": 0.4930981397628784, "p_rf": 0.6620000004768372, "p_xgb": 0.9910032749176025, "date": "2026-01-29"}}, {"type": "Feature", "geometry": {"type": "Point", "coordinates": [-82.61666666836302, 35.525000000576]}, "properties": {"p_logistic": 0.4928918182849884, "p_rf": 0.6620000004768372, "p_xgb": 0.9918195009231567, "date": "2026-01-29"}}, {"type": "Feature", "geometry": {"type": "Point", "coordinates": [-82.60833333503001, 35.525000000576]}, "properties": {"p_logistic": 0.49242720007896423, "p_rf": 0.6639999747276306, "p_xgb": 0.9910032749176025, "date": "2026-01-29"}}, {"type": "Feature", "geometry": {"type": "Point", "coordinates": [-82.60000000169703, 35.525000000576]}, "properties": {"p_logistic": 0.492344468832016, "p_rf": 0.699999988079071, "p_xgb": 0.9910032749176025, "date": "2026-01-29"}}, {"type": "Feature", "geometry": {"type": "Point", "coordinates": [-82.59166666836401, 35.525000000576]}, "properties": {"p_logistic": 0.49239251017570496, "p_rf": 0.6919999718666077, "p_xgb": 0.9910032749176025, "date": "2026-01-29"}}, {"type": "Feature", "geometry": {"type": "Point", "coordinates": [-82.58333333503101, 35.525000000576]}, "properties": {"p_logistic": 0.4928877651691437, "p_rf": 0.6579999923706055, "p_xgb": 0.9915239810943604, "date": "2026-01-29"}}, {"type": "Feature", "geometry": {"type": "Point", "coordinates": [-82.57500000169802, 35.525000000576]}, "properties": {"p_logistic": 0.4937076270580292, "p_rf": 0.6499999761581421, "p_xgb": 0.9915239810943604, "date": "2026-01-29"}}, {"type": "Feature", "geometry": {"type": "Point", "coordinates": [-82.56666666836502, 35.525000000576]}, "properties": {"p_logistic": 0.49476540088653564, "p_rf": 0.6679999828338623, "p_xgb": 0.9915239810943604, "date": "2026-01-29"}}, {"type": "Feature", "geometry": {"type": "Point", "coordinates": [-82.55833333503202, 35.525000000576]}, "properties": {"p_logistic": 0.49597299098968506, "p_rf": 0.6539999842643738, "p_xgb": 0.990382730960846, "date": "2026-01-29"}}, {"type": "Feature", "geometry": {"type": "Point", "coordinates": [-82.55000000169902, 35.525000000576]}, "properties": {"p_logistic": 0.4967784285545349, "p_rf": 0.656000018119812, "p_xgb": 0.9828535914421082, "date": "2026-01-29"}}, {"type": "Feature", "geometry": {"type": "Point", "coordinates": [-82.54166666836602, 35.525000000576]}, "properties": {"p_logistic": 0.49752867221832275, "p_rf": 0.671999990940094, "p_xgb": 0.9853491187095642, "date": "2026-01-29"}}, {"type": "Feature", "geometry": {"type": "Point", "coordinates": [-82.53333333503302, 35.525000000576]}, "properties": {"p_logistic": 0.49866676330566406, "p_rf": 0.6800000071525574, "p_xgb": 0.9858942031860352, "date": "2026-01-29"}}, {"type": "Feature", "geometry": {"type": "Point", "coordinates": [-82.52500000170002, 35.525000000576]}, "properties": {"p_logistic": 0.5010117888450623, "p_rf": 0.6340000033378601, "p_xgb": 0.9842429161071777, "date": "2026-01-29"}}, {"type": "Feature", "geometry": {"type": "Point", "coordinates": [-82.51666666836701, 35.525000000576]}, "properties": {"p_logistic": 0.503444492816925, "p_rf": 0.6179999709129333, "p_xgb": 0.9861496686935425, "date": "2026-01-29"}}, {"type": "Feature", "geometry": {"type": "Point", "coordinates": [-82.50833333503402, 35.525000000576]}, "properties": {"p_logistic": 0.5067083835601807, "p_rf": 0.6420000195503235, "p_xgb": 0.9864243865013123, "date": "2026-01-29"}}, {"type": "Feature", "geometry": {"type": "Point", "coordinates": [-82.50000000170101, 35.525000000576]}, "properties": {"p_logistic": 0.5097823143005371, "p_rf": 0.6779999732971191, "p_xgb": 0.9960302710533142, "date": "2026-01-29"}}, {"type": "Feature", "geometry": {"type": "Point", "coordinates": [-82.49166666836803, 35.525000000576]}, "properties": {"p_logistic": 0.5123336911201477, "p_rf": 0.6759999990463257, "p_xgb": 0.9960302710533142, "date": "2026-01-29"}}, {"type": "Feature", "geometry": {"type": "Point", "coordinates": [-82.48333333503501, 35.525000000576]}, "properties": {"p_logistic": 0.5149470567703247, "p_rf": 0.6679999828338623, "p_xgb": 0.9921892881393433, "date": "2026-01-29"}}, {"type": "Feature", "geometry": {"type": "Point", "coordinates": [-82.47500000170201, 35.525000000576]}, "properties": {"p_logistic": 0.517579972743988, "p_rf": 0.6600000262260437, "p_xgb": 0.9913028478622437, "date": "2026-01-29"}}, {"type": "Feature", "geometry": {"type": "Point", "coordinates": [-82.46666666836902, 35.525000000576]}, "properties": {"p_logistic": 0.5190756320953369, "p_rf": 0.6660000085830688, "p_xgb": 0.9884251356124878, "date": "2026-01-29"}}, {"type": "Feature", "geometry": {"type": "Point", "coordinates": [-82.45833333503602, 35.525000000576]}, "properties": {"p_logistic": 0.5194962024688721, "p_rf": 0.6620000004768372, "p_xgb": 0.9884251356124878, "date": "2026-01-29"}}, {"type": "Feature", "geometry": {"type": "Point", "coordinates": [-82.45000000170302, 35.525000000576]}, "properties": {"p_logistic": 0.5183371901512146, "p_rf": 0.6639999747276306, "p_xgb": 0.9884251356124878, "date": "2026-01-29"}}, {"type": "Feature", "geometry": {"type": "Point", "coordinates": [-82.44166666837002, 35.525000000576]}, "properties": {"p_logistic": 0.516353189945221, "p_rf": 0.6620000004768372, "p_xgb": 0.9884251356124878, "date": "2026-01-29"}}, {"type": "Feature", "geometry": {"type": "Point", "coordinates": [-82.43333333503702, 35.525000000576]}, "properties": {"p_logistic": 0.5136345028877258, "p_rf": 0.6660000085830688, "p_xgb": 0.9884251356124878, "date": "2026-01-29"}}, {"type": "Feature", "geometry": {"type": "Point", "coordinates": [-82.42500000170402, 35.525000000576]}, "properties": {"p_logistic": 0.5113664269447327, "p_rf": 0.6779999732971191, "p_xgb": 0.9891042709350586, "date": "2026-01-29"}}, {"type": "Feature", "geometry": {"type": "Point", "coordinates": [-82.41666666837102, 35.525000000576]}, "properties": {"p_logistic": 0.5098532438278198, "p_rf": 0.6919999718666077, "p_xgb": 0.9903939366340637, "date": "2026-01-29"}}, {"type": "Feature", "geometry": {"type": "Point", "coordinates": [-82.40833333503801, 35.525000000576]}, "properties": {"p_logistic": 0.5091110467910767, "p_rf": 0.6880000233650208, "p_xgb": 0.9910355806350708, "date": "2026-01-29"}}, {"type": "Feature", "geometry": {"type": "Point", "coordinates": [-82.40000000170502, 35.525000000576]}, "properties": {"p_logistic": 0.5095794200897217, "p_rf": 0.671999990940094, "p_xgb": 0.9910355806350708, "date": "2026-01-29"}}, {"type": "Feature", "geometry": {"type": "Point", "coordinates": [-82.39166666837201, 35.525000000576]}, "properties": {"p_logistic": 0.5102069973945618, "p_rf": 0.6579999923706055, "p_xgb": 0.9949977397918701, "date": "2026-01-29"}}, {"type": "Feature", "geometry": {"type": "Point", "coordinates": [-82.38333333503903, 35.525000000576]}, "properties": {"p_logistic": 0.5107276439666748, "p_rf": 0.6620000004768372, "p_xgb": 0.9949977397918701, "date": "2026-01-29"}}, {"type": "Feature", "geometry": {"type": "Point", "coordinates": [-82.37500000170601, 35.525000000576]}, "properties": {"p_logistic": 0.5114820599555969, "p_rf": 0.6940000057220459, "p_xgb": 0.9953244924545288, "date": "2026-01-29"}}, {"type": "Feature", "geometry": {"type": "Point", "coordinates": [-82.36666666837301, 35.525000000576]}, "properties": {"p_logistic": 0.5125383138656616, "p_rf": 0.671999990940094, "p_xgb": 0.9947053790092468, "date": "2026-01-29"}}, {"type": "Feature", "geometry": {"type": "Point", "coordinates": [-82.35833333504002, 35.525000000576]}, "properties": {"p_logistic": 0.5147666931152344, "p_rf": 0.6100000143051147, "p_xgb": 0.9888926148414612, "date": "2026-01-29"}}, {"type": "Feature", "geometry": {"type": "Point", "coordinates": [-82.35000000170702, 35.525000000576]}, "properties": {"p_logistic": 0.5147461295127869, "p_rf": 0.5899999737739563, "p_xgb": 0.9884465932846069, "date": "2026-01-29"}}, {"type": "Feature", "geometry": {"type": "Point", "coordinates": [-82.34166666837402, 35.525000000576]}, "properties": {"p_logistic": 0.5135535001754761, "p_rf": 0.5759999752044678, "p_xgb": 0.9880160689353943, "date": "2026-01-29"}}, {"type": "Feature", "geometry": {"type": "Point", "coordinates": [-82.33333333504102, 35.525000000576]}, "properties": {"p_logistic": 0.5119020938873291, "p_rf": 0.5720000267028809, "p_xgb": 0.9880160689353943, "date": "2026-01-29"}}, {"type": "Feature", "geometry": {"type": "Point", "coordinates": [-82.32500000170802, 35.525000000576]}, "properties": {"p_logistic": 0.5118532180786133, "p_rf": 0.5720000267028809, "p_xgb": 0.9804030656814575, "date": "2026-01-29"}}, {"type": "Feature", "geometry": {"type": "Point", "coordinates": [-82.31666666837502, 35.525000000576]}, "properties": {"p_logistic": 0.5123233199119568, "p_rf": 0.5659999847412109, "p_xgb": 0.9804030656814575, "date": "2026-01-29"}}, {"type": "Feature", "geometry": {"type": "Point", "coordinates": [-82.30833333504202, 35.525000000576]}, "properties": {"p_logistic": 0.5127835273742676, "p_rf": 0.5559999942779541, "p_xgb": 0.9797773957252502, "date": "2026-01-29"}}, {"type": "Feature", "geometry": {"type": "Point", "coordinates": [-82.30000000170901, 35.525000000576]}, "properties": {"p_logistic": 0.5133910775184631, "p_rf": 0.5540000200271606, "p_xgb": 0.9808329343795776, "date": "2026-01-29"}}, {"type": "Feature", "geometry": {"type": "Point", "coordinates": [-82.29166666837602, 35.525000000576]}, "properties": {"p_logistic": 0.5135301351547241, "p_rf": 0.5740000009536743, "p_xgb": 0.9817711114883423, "date": "2026-01-29"}}, {"type": "Feature", "geometry": {"type": "Point", "coordinates": [-82.28333333504301, 35.525000000576]}, "properties": {"p_logistic": 0.5133358240127563, "p_rf": 0.5400000214576721, "p_xgb": 0.9727417826652527, "date": "2026-01-29"}}, {"type": "Feature", "geometry": {"type": "Point", "coordinates": [-82.27500000171003, 35.525000000576]}, "properties": {"p_logistic": 0.5127530694007874, "p_rf": 0.5419999957084656, "p_xgb": 0.979758620262146, "date": "2026-01-29"}}, {"type": "Feature", "geometry": {"type": "Point", "coordinates": [-82.26666666837701, 35.525000000576]}, "properties": {"p_logistic": 0.5117433071136475, "p_rf": 0.5080000162124634, "p_xgb": 0.979758620262146, "date": "2026-01-29"}}, {"type": "Feature", "geometry": {"type": "Point", "coordinates": [-82.25833333504401, 35.525000000576]}, "properties": {"p_logistic": 0.5092654824256897, "p_rf": 0.5059999823570251, "p_xgb": 0.9780346155166626, "date": "2026-01-29"}}, {"type": "Feature", "geometry": {"type": "Point", "coordinates": [-82.25000000171102, 35.525000000576]}, "properties": {"p_logistic": 0.5065706372261047, "p_rf": 0.5180000066757202, "p_xgb": 0.9780346155166626, "date": "2026-01-29"}}, {"type": "Feature", "geometry": {"type": "Point", "coordinates": [-82.24166666837802, 35.525000000576]}, "properties": {"p_logistic": 0.5042186379432678, "p_rf": 0.5199999809265137, "p_xgb": 0.9780346155166626, "date": "2026-01-29"}}, {"type": "Feature", "geometry": {"type": "Point", "coordinates": [-82.23333333504502, 35.525000000576]}, "properties": {"p_logistic": 0.5035235285758972, "p_rf": 0.5199999809265137, "p_xgb": 0.9780346155166626, "date": "2026-01-29"}}, {"type": "Feature", "geometry": {"type": "Point", "coordinates": [-82.22500000171202, 35.525000000576]}, "properties": {"p_logistic": 0.5041556358337402, "p_rf": 0.5180000066757202, "p_xgb": 0.9704381227493286, "date": "2026-01-29"}}, {"type": "Feature", "geometry": {"type": "Point", "coordinates": [-82.21666666837902, 35.525000000576]}, "properties": {"p_logistic": 0.5048235654830933, "p_rf": 0.5199999809265137, "p_xgb": 0.9712537527084351, "date": "2026-01-29"}}, {"type": "Feature", "geometry": {"type": "Point", "coordinates": [-82.20833333504602, 35.525000000576]}, "properties": {"p_logistic": 0.5043933391571045, "p_rf": 0.5320000052452087, "p_xgb": 0.9726171493530273, "date": "2026-01-29"}}, {"type": "Feature", "geometry": {"type": "Point", "coordinates": [-82.20000000171302, 35.525000000576]}, "properties": {"p_logistic": 0.5034195780754089, "p_rf": 0.5419999957084656, "p_xgb": 0.9721356630325317, "date": "2026-01-29"}}, {"type": "Feature", "geometry": {"type": "Point", "coordinates": [-82.19166666838001, 35.525000000576]}, "properties": {"p_logistic": 0.5018668174743652, "p_rf": 0.5879999995231628, "p_xgb": 0.9839906692504883, "date": "2026-01-29"}}, {"type": "Feature", "geometry": {"type": "Point", "coordinates": [-82.77500000169002, 35.516666667243]}, "properties": {"p_logistic": 0.48980817198753357, "p_rf": 0.5139999985694885, "p_xgb": 0.9803415536880493, "date": "2026-01-29"}}, {"type": "Feature", "geometry": {"type": "Point", "coordinates": [-82.76666666835702, 35.516666667243]}, "properties": {"p_logistic": 0.4903852641582489, "p_rf": 0.5120000243186951, "p_xgb": 0.9803415536880493, "date": "2026-01-29"}}, {"type": "Feature", "geometry": {"type": "Point", "coordinates": [-82.75833333502402, 35.516666667243]}, "properties": {"p_logistic": 0.4913936257362366, "p_rf": 0.5339999794960022, "p_xgb": 0.9793791770935059, "date": "2026-01-29"}}, {"type": "Feature", "geometry": {"type": "Point", "coordinates": [-82.75000000169102, 35.516666667243]}, "properties": {"p_logistic": 0.4924018085002899, "p_rf": 0.5440000295639038, "p_xgb": 0.9636126756668091, "date": "2026-01-29"}}, {"type": "Feature", "geometry": {"type": "Point", "coordinates": [-82.74166666835802, 35.516666667243]}, "properties": {"p_logistic": 0.4935016632080078, "p_rf": 0.5460000038146973, "p_xgb": 0.9684858322143555, "date": "2026-01-29"}}, {"type": "Feature", "geometry": {"type": "Point", "coordinates": [-82.73333333502501, 35.516666667243]}, "properties": {"p_logistic": 0.49439001083374023, "p_rf": 0.5519999861717224, "p_xgb": 0.9860329031944275, "date": "2026-01-29"}}, {"type": "Feature", "geometry": {"type": "Point", "coordinates": [-82.72500000169202, 35.516666667243]}, "properties": {"p_logistic": 0.4950594902038574, "p_rf": 0.6119999885559082, "p_xgb": 0.9863344430923462, "date": "2026-01-29"}}, {"type": "Feature", "geometry": {"type": "Point", "coordinates": [-82.71666666835901, 35.516666667243]}, "properties": {"p_logistic": 0.49525126814842224, "p_rf": 0.6140000224113464, "p_xgb": 0.9882802963256836, "date": "2026-01-29"}}, {"type": "Feature", "geometry": {"type": "Point", "coordinates": [-82.70833333502603, 35.516666667243]}, "properties": {"p_logistic": 0.49535539746284485, "p_rf": 0.6140000224113464, "p_xgb": 0.9882802963256836, "date": "2026-01-29"}}, {"type": "Feature", "geometry": {"type": "Point", "coordinates": [-82.70000000169301, 35.516666667243]}, "properties": {"p_logistic": 0.49507614970207214, "p_rf": 0.6119999885559082, "p_xgb": 0.9863344430923462, "date": "2026-01-29"}}, {"type": "Feature", "geometry": {"type": "Point", "coordinates": [-82.69166666836001, 35.516666667243]}, "properties": {"p_logistic": 0.4946029782295227, "p_rf": 0.593999981880188, "p_xgb": 0.9863344430923462, "date": "2026-01-29"}}, {"type": "Feature", "geometry": {"type": "Point", "coordinates": [-82.68333333502702, 35.516666667243]}, "properties": {"p_logistic": 0.49358487129211426, "p_rf": 0.5979999899864197, "p_xgb": 0.9863344430923462, "date": "2026-01-29"}}, {"type": "Feature", "geometry": {"type": "Point", "coordinates": [-82.67500000169402, 35.516666667243]}, "properties": {"p_logistic": 0.493091881275177, "p_rf": 0.5979999899864197, "p_xgb": 0.9863344430923462, "date": "2026-01-29"}}, {"type": "Feature", "geometry": {"type": "Point", "coordinates": [-82.66666666836102, 35.516666667243]}, "properties": {"p_logistic": 0.49278777837753296, "p_rf": 0.5979999899864197, "p_xgb": 0.9863344430923462, "date": "2026-01-29"}}, {"type": "Feature", "geometry": {"type": "Point", "coordinates": [-82.65833333502802, 35.516666667243]}, "properties": {"p_logistic": 0.49266254901885986, "p_rf": 0.6019999980926514, "p_xgb": 0.9859887361526489, "date": "2026-01-29"}}, {"type": "Feature", "geometry": {"type": "Point", "coordinates": [-82.65000000169502, 35.516666667243]}, "properties": {"p_logistic": 0.4927668869495392, "p_rf": 0.6119999885559082, "p_xgb": 0.9848922491073608, "date": "2026-01-29"}}, {"type": "Feature", "geometry": {"type": "Point", "coordinates": [-82.64166666836202, 35.516666667243]}, "properties": {"p_logistic": 0.4929092228412628, "p_rf": 0.6200000047683716, "p_xgb": 0.9895106554031372, "date": "2026-01-29"}}, {"type": "Feature", "geometry": {"type": "Point", "coordinates": [-82.63333333502902, 35.516666667243]}, "properties": {"p_logistic": 0.4932936429977417, "p_rf": 0.6320000290870667, "p_xgb": 0.9913167953491211, "date": "2026-01-29"}}, {"type": "Feature", "geometry": {"type": "Point", "coordinates": [-82.62500000169601, 35.516666667243]}, "properties": {"p_logistic": 0.49344223737716675, "p_rf": 0.6340000033378601, "p_xgb": 0.9930194020271301, "date": "2026-01-29"}}, {"type": "Feature", "geometry": {"type": "Point", "coordinates": [-82.61666666836302, 35.516666667243]}, "properties": {"p_logistic": 0.49315306544303894, "p_rf": 0.6399999856948853, "p_xgb": 0.9932810664176941, "date": "2026-01-29"}}, {"type": "Feature", "geometry": {"type": "Point", "coordinates": [-82.60833333503001, 35.516666667243]}, "properties": {"p_logistic": 0.4927136301994324, "p_rf": 0.6380000114440918, "p_xgb": 0.9930194020271301, "date": "2026-01-29"}}, {"type": "Feature", "geometry": {"type": "Point", "coordinates": [-82.60000000169703, 35.516666667243]}, "properties": {"p_logistic": 0.49228617548942566, "p_rf": 0.6620000004768372, "p_xgb": 0.9930194020271301, "date": "2026-01-29"}}, {"type": "Feature", "geometry": {"type": "Point", "coordinates": [-82.59166666836401, 35.516666667243]}, "properties": {"p_logistic": 0.49242159724235535, "p_rf": 0.6639999747276306, "p_xgb": 0.9918195009231567, "date": "2026-01-29"}}, {"type": "Feature", "geometry": {"type": "Point", "coordinates": [-82.58333333503101, 35.516666667243]}, "properties": {"p_logistic": 0.4928986728191376, "p_rf": 0.7020000219345093, "p_xgb": 0.9918195009231567, "date": "2026-01-29"}}, {"type": "Feature", "geometry": {"type": "Point", "coordinates": [-82.57500000169802, 35.516666667243]}, "properties": {"p_logistic": 0.493754118680954, "p_rf": 0.7080000042915344, "p_xgb": 0.9930194020271301, "date": "2026-01-29"}}, {"type": "Feature", "geometry": {"type": "Point", "coordinates": [-82.56666666836502, 35.516666667243]}, "properties": {"p_logistic": 0.4951563775539398, "p_rf": 0.6940000057220459, "p_xgb": 0.9917917251586914, "date": "2026-01-29"}}, {"type": "Feature", "geometry": {"type": "Point", "coordinates": [-82.55833333503202, 35.516666667243]}, "properties": {"p_logistic": 0.49649491906166077, "p_rf": 0.6859999895095825, "p_xgb": 0.9858942031860352, "date": "2026-01-29"}}, {"type": "Feature", "geometry": {"type": "Point", "coordinates": [-82.55000000169902, 35.516666667243]}, "properties": {"p_logistic": 0.4974733591079712, "p_rf": 0.6800000071525574, "p_xgb": 0.9858942031860352, "date": "2026-01-29"}}, {"type": "Feature", "geometry": {"type": "Point", "coordinates": [-82.54166666836602, 35.516666667243]}, "properties": {"p_logistic": 0.4984351694583893, "p_rf": 0.6800000071525574, "p_xgb": 0.9858942031860352, "date": "2026-01-29"}}, {"type": "Feature", "geometry": {"type": "Point", "coordinates": [-82.53333333503302, 35.516666667243]}, "properties": {"p_logistic": 0.4995945394039154, "p_rf": 0.6759999990463257, "p_xgb": 0.9858942031860352, "date": "2026-01-29"}}, {"type": "Feature", "geometry": {"type": "Point", "coordinates": [-82.52500000170002, 35.516666667243]}, "properties": {"p_logistic": 0.5015639066696167, "p_rf": 0.6740000247955322, "p_xgb": 0.9876036643981934, "date": "2026-01-29"}}, {"type": "Feature", "geometry": {"type": "Point", "coordinates": [-82.51666666836701, 35.516666667243]}, "properties": {"p_logistic": 0.5043724775314331, "p_rf": 0.6359999775886536, "p_xgb": 0.9876036643981934, "date": "2026-01-29"}}, {"type": "Feature", "geometry": {"type": "Point", "coordinates": [-82.50833333503402, 35.516666667243]}, "properties": {"p_logistic": 0.507183849811554, "p_rf": 0.6460000276565552, "p_xgb": 0.9898878931999207, "date": "2026-01-29"}}, {"type": "Feature", "geometry": {"type": "Point", "coordinates": [-82.50000000170101, 35.516666667243]}, "properties": {"p_logistic": 0.5096035599708557, "p_rf": 0.6759999990463257, "p_xgb": 0.9960302710533142, "date": "2026-01-29"}}, {"type": "Feature", "geometry": {"type": "Point", "coordinates": [-82.49166666836803, 35.516666667243]}, "properties": {"p_logistic": 0.5118177533149719, "p_rf": 0.6759999990463257, "p_xgb": 0.9953193068504333, "date": "2026-01-29"}}, {"type": "Feature", "geometry": {"type": "Point", "coordinates": [-82.48333333503501, 35.516666667243]}, "properties": {"p_logistic": 0.514104425907135, "p_rf": 0.6520000100135803, "p_xgb": 0.9920559525489807, "date": "2026-01-29"}}, {"type": "Feature", "geometry": {"type": "Point", "coordinates": [-82.47500000170201, 35.516666667243]}, "properties": {"p_logistic": 0.516545832157135, "p_rf": 0.6700000166893005, "p_xgb": 0.9891968369483948, "date": "2026-01-29"}}, {"type": "Feature", "geometry": {"type": "Point", "coordinates": [-82.46666666836902, 35.516666667243]}, "properties": {"p_logistic": 0.5182009339332581, "p_rf": 0.6800000071525574, "p_xgb": 0.9891768097877502, "date": "2026-01-29"}}, {"type": "Feature", "geometry": {"type": "Point", "coordinates": [-82.45833333503602, 35.516666667243]}, "properties": {"p_logistic": 0.5190991759300232, "p_rf": 0.6800000071525574, "p_xgb": 0.9891768097877502, "date": "2026-01-29"}}, {"type": "Feature", "geometry": {"type": "Point", "coordinates": [-82.45000000170302, 35.516666667243]}, "properties": {"p_logistic": 0.5180631875991821, "p_rf": 0.6740000247955322, "p_xgb": 0.9884251356124878, "date": "2026-01-29"}}, {"type": "Feature", "geometry": {"type": "Point", "coordinates": [-82.44166666837002, 35.516666667243]}, "properties": {"p_logistic": 0.5154218673706055, "p_rf": 0.656000018119812, "p_xgb": 0.9891968369483948, "date": "2026-01-29"}}, {"type": "Feature", "geometry": {"type": "Point", "coordinates": [-82.43333333503702, 35.516666667243]}, "properties": {"p_logistic": 0.5120589137077332, "p_rf": 0.6539999842643738, "p_xgb": 0.9891968369483948, "date": "2026-01-29"}}, {"type": "Feature", "geometry": {"type": "Point", "coordinates": [-82.42500000170402, 35.516666667243]}, "properties": {"p_logistic": 0.5096807479858398, "p_rf": 0.656000018119812, "p_xgb": 0.9896087050437927, "date": "2026-01-29"}}, {"type": "Feature", "geometry": {"type": "Point", "coordinates": [-82.41666666837102, 35.516666667243]}, "properties": {"p_logistic": 0.5089250802993774, "p_rf": 0.656000018119812, "p_xgb": 0.9896087050437927, "date": "2026-01-29"}}, {"type": "Feature", "geometry": {"type": "Point", "coordinates": [-82.40833333503801, 35.516666667243]}, "properties": {"p_logistic": 0.5091414451599121, "p_rf": 0.656000018119812, "p_xgb": 0.9896087050437927, "date": "2026-01-29"}}, {"type": "Feature", "geometry": {"type": "Point", "coordinates": [-82.40000000170502, 35.516666667243]}, "properties": {"p_logistic": 0.511040985584259, "p_rf": 0.6499999761581421, "p_xgb": 0.994586706161499, "date": "2026-01-29"}}, {"type": "Feature", "geometry": {"type": "Point", "coordinates": [-82.39166666837201, 35.516666667243]}, "properties": {"p_logistic": 0.51225745677948, "p_rf": 0.6639999747276306, "p_xgb": 0.994586706161499, "date": "2026-01-29"}}, {"type": "Feature", "geometry": {"type": "Point", "coordinates": [-82.38333333503903, 35.516666667243]}, "properties": {"p_logistic": 0.513538658618927, "p_rf": 0.7160000205039978, "p_xgb": 0.9945765733718872, "date": "2026-01-29"}}, {"type": "Feature", "geometry": {"type": "Point", "coordinates": [-82.37500000170601, 35.516666667243]}, "properties": {"p_logistic": 0.5133734345436096, "p_rf": 0.6700000166893005, "p_xgb": 0.9910188913345337, "date": "2026-01-29"}}, {"type": "Feature", "geometry": {"type": "Point", "coordinates": [-82.36666666837301, 35.516666667243]}, "properties": {"p_logistic": 0.5144535303115845, "p_rf": 0.6119999885559082, "p_xgb": 0.9945875406265259, "date": "2026-01-29"}}, {"type": "Feature", "geometry": {"type": "Point", "coordinates": [-82.35833333504002, 35.516666667243]}, "properties": {"p_logistic": 0.5154239535331726, "p_rf": 0.5979999899864197, "p_xgb": 0.9888926148414612, "date": "2026-01-29"}}, {"type": "Feature", "geometry": {"type": "Point", "coordinates": [-82.35000000170702, 35.516666667243]}, "properties": {"p_logistic": 0.5149506330490112, "p_rf": 0.5899999737739563, "p_xgb": 0.9880160689353943, "date": "2026-01-29"}}, {"type": "Feature", "geometry": {"type": "Point", "coordinates": [-82.34166666837402, 35.516666667243]}, "properties": {"p_logistic": 0.5133735537528992, "p_rf": 0.578000009059906, "p_xgb": 0.9880160689353943, "date": "2026-01-29"}}, {"type": "Feature", "geometry": {"type": "Point", "coordinates": [-82.33333333504102, 35.516666667243]}, "properties": {"p_logistic": 0.5117488503456116, "p_rf": 0.5720000267028809, "p_xgb": 0.9804030656814575, "date": "2026-01-29"}}, {"type": "Feature", "geometry": {"type": "Point", "coordinates": [-82.32500000170802, 35.516666667243]}, "properties": {"p_logistic": 0.5117738246917725, "p_rf": 0.5640000104904175, "p_xgb": 0.9804030656814575, "date": "2026-01-29"}}, {"type": "Feature", "geometry": {"type": "Point", "coordinates": [-82.31666666837502, 35.516666667243]}, "properties": {"p_logistic": 0.511938214302063, "p_rf": 0.5640000104904175, "p_xgb": 0.9797773957252502, "date": "2026-01-29"}}, {"type": "Feature", "geometry": {"type": "Point", "coordinates": [-82.30833333504202, 35.516666667243]}, "properties": {"p_logistic": 0.5123063325881958, "p_rf": 0.5559999942779541, "p_xgb": 0.9797773957252502, "date": "2026-01-29"}}, {"type": "Feature", "geometry": {"type": "Point", "coordinates": [-82.30000000170901, 35.516666667243]}, "properties": {"p_logistic": 0.5126501321792603, "p_rf": 0.5540000200271606, "p_xgb": 0.9815447330474854, "date": "2026-01-29"}}, {"type": "Feature", "geometry": {"type": "Point", "coordinates": [-82.29166666837602, 35.516666667243]}, "properties": {"p_logistic": 0.5129073858261108, "p_rf": 0.5720000267028809, "p_xgb": 0.982435941696167, "date": "2026-01-29"}}, {"type": "Feature", "geometry": {"type": "Point", "coordinates": [-82.28333333504301, 35.516666667243]}, "properties": {"p_logistic": 0.5126224160194397, "p_rf": 0.5740000009536743, "p_xgb": 0.9828181862831116, "date": "2026-01-29"}}, {"type": "Feature", "geometry": {"type": "Point", "coordinates": [-82.27500000171003, 35.516666667243]}, "properties": {"p_logistic": 0.5118313431739807, "p_rf": 0.5759999752044678, "p_xgb": 0.9798643589019775, "date": "2026-01-29"}}, {"type": "Feature", "geometry": {"type": "Point", "coordinates": [-82.26666666837701, 35.516666667243]}, "properties": {"p_logistic": 0.5099422335624695, "p_rf": 0.5440000295639038, "p_xgb": 0.9699195027351379, "date": "2026-01-29"}}, {"type": "Feature", "geometry": {"type": "Point", "coordinates": [-82.25833333504401, 35.516666667243]}, "properties": {"p_logistic": 0.507576584815979, "p_rf": 0.5180000066757202, "p_xgb": 0.9776461720466614, "date": "2026-01-29"}}, {"type": "Feature", "geometry": {"type": "Point", "coordinates": [-82.25000000171102, 35.516666667243]}, "properties": {"p_logistic": 0.504890501499176, "p_rf": 0.515999972820282, "p_xgb": 0.9780346155166626, "date": "2026-01-29"}}, {"type": "Feature", "geometry": {"type": "Point", "coordinates": [-82.24166666837802, 35.516666667243]}, "properties": {"p_logistic": 0.503027617931366, "p_rf": 0.5199999809265137, "p_xgb": 0.9780346155166626, "date": "2026-01-29"}}, {"type": "Feature", "geometry": {"type": "Point", "coordinates": [-82.23333333504502, 35.516666667243]}, "properties": {"p_logistic": 0.5026518702507019, "p_rf": 0.5199999809265137, "p_xgb": 0.9780346155166626, "date": "2026-01-29"}}, {"type": "Feature", "geometry": {"type": "Point", "coordinates": [-82.78333333502302, 35.50833333391]}, "properties": {"p_logistic": 0.4890241324901581, "p_rf": 0.5019999742507935, "p_xgb": 0.9688071012496948, "date": "2026-01-29"}}, {"type": "Feature", "geometry": {"type": "Point", "coordinates": [-82.77500000169002, 35.50833333391]}, "properties": {"p_logistic": 0.48955273628234863, "p_rf": 0.5139999985694885, "p_xgb": 0.978367269039154, "date": "2026-01-29"}}, {"type": "Feature", "geometry": {"type": "Point", "coordinates": [-82.76666666835702, 35.50833333391]}, "properties": {"p_logistic": 0.49012500047683716, "p_rf": 0.5019999742507935, "p_xgb": 0.9803415536880493, "date": "2026-01-29"}}, {"type": "Feature", "geometry": {"type": "Point", "coordinates": [-82.75833333502402, 35.50833333391]}, "properties": {"p_logistic": 0.4913272261619568, "p_rf": 0.5120000243186951, "p_xgb": 0.9803415536880493, "date": "2026-01-29"}}, {"type": "Feature", "geometry": {"type": "Point", "coordinates": [-82.75000000169102, 35.50833333391]}, "properties": {"p_logistic": 0.4926914572715759, "p_rf": 0.5360000133514404, "p_xgb": 0.9805651307106018, "date": "2026-01-29"}}, {"type": "Feature", "geometry": {"type": "Point", "coordinates": [-82.74166666835802, 35.50833333391]}, "properties": {"p_logistic": 0.49392107129096985, "p_rf": 0.5680000185966492, "p_xgb": 0.9622098207473755, "date": "2026-01-29"}}, {"type": "Feature", "geometry": {"type": "Point", "coordinates": [-82.73333333502501, 35.50833333391]}, "properties": {"p_logistic": 0.4949066936969757, "p_rf": 0.5680000185966492, "p_xgb": 0.9660096764564514, "date": "2026-01-29"}}, {"type": "Feature", "geometry": {"type": "Point", "coordinates": [-82.72500000169202, 35.50833333391]}, "properties": {"p_logistic": 0.49551817774772644, "p_rf": 0.5720000267028809, "p_xgb": 0.9679995775222778, "date": "2026-01-29"}}, {"type": "Feature", "geometry": {"type": "Point", "coordinates": [-82.71666666835901, 35.50833333391]}, "properties": {"p_logistic": 0.4959159195423126, "p_rf": 0.5740000009536743, "p_xgb": 0.9679995775222778, "date": "2026-01-29"}}, {"type": "Feature", "geometry": {"type": "Point", "coordinates": [-82.70833333502603, 35.50833333391]}, "properties": {"p_logistic": 0.49619171023368835, "p_rf": 0.578000009059906, "p_xgb": 0.9707480072975159, "date": "2026-01-29"}}, {"type": "Feature", "geometry": {"type": "Point", "coordinates": [-82.70000000169301, 35.50833333391]}, "properties": {"p_logistic": 0.49610698223114014, "p_rf": 0.5740000009536743, "p_xgb": 0.9869713187217712, "date": "2026-01-29"}}, {"type": "Feature", "geometry": {"type": "Point", "coordinates": [-82.69166666836001, 35.50833333391]}, "properties": {"p_logistic": 0.49573299288749695, "p_rf": 0.5720000267028809, "p_xgb": 0.9869713187217712, "date": "2026-01-29"}}, {"type": "Feature", "geometry": {"type": "Point", "coordinates": [-82.68333333502702, 35.50833333391]}, "properties": {"p_logistic": 0.4945739507675171, "p_rf": 0.5699999928474426, "p_xgb": 0.9869713187217712, "date": "2026-01-29"}}, {"type": "Feature", "geometry": {"type": "Point", "coordinates": [-82.67500000169402, 35.50833333391]}, "properties": {"p_logistic": 0.4939810037612915, "p_rf": 0.5699999928474426, "p_xgb": 0.9861443042755127, "date": "2026-01-29"}}, {"type": "Feature", "geometry": {"type": "Point", "coordinates": [-82.66666666836102, 35.50833333391]}, "properties": {"p_logistic": 0.4935851991176605, "p_rf": 0.5699999928474426, "p_xgb": 0.9864231944084167, "date": "2026-01-29"}}, {"type": "Feature", "geometry": {"type": "Point", "coordinates": [-82.65833333502802, 35.50833333391]}, "properties": {"p_logistic": 0.4931778907775879, "p_rf": 0.5799999833106995, "p_xgb": 0.9871793389320374, "date": "2026-01-29"}}, {"type": "Feature", "geometry": {"type": "Point", "coordinates": [-82.65000000169502, 35.50833333391]}, "properties": {"p_logistic": 0.4928385615348816, "p_rf": 0.6259999871253967, "p_xgb": 0.9882060885429382, "date": "2026-01-29"}}, {"type": "Feature", "geometry": {"type": "Point", "coordinates": [-82.64166666836202, 35.50833333391]}, "properties": {"p_logistic": 0.49321413040161133, "p_rf": 0.6299999952316284, "p_xgb": 0.9913167953491211, "date": "2026-01-29"}}, {"type": "Feature", "geometry": {"type": "Point", "coordinates": [-82.63333333502902, 35.50833333391]}, "properties": {"p_logistic": 0.49349522590637207, "p_rf": 0.6399999856948853, "p_xgb": 0.9935382008552551, "date": "2026-01-29"}}, {"type": "Feature", "geometry": {"type": "Point", "coordinates": [-82.62500000169601, 35.50833333391]}, "properties": {"p_logistic": 0.4937082529067993, "p_rf": 0.6480000019073486, "p_xgb": 0.9935382008552551, "date": "2026-01-29"}}, {"type": "Feature", "geometry": {"type": "Point", "coordinates": [-82.61666666836302, 35.50833333391]}, "properties": {"p_logistic": 0.4934207499027252, "p_rf": 0.6480000019073486, "p_xgb": 0.9935382008552551, "date": "2026-01-29"}}, {"type": "Feature", "geometry": {"type": "Point", "coordinates": [-82.60833333503001, 35.50833333391]}, "properties": {"p_logistic": 0.4927183985710144, "p_rf": 0.6480000019073486, "p_xgb": 0.9935382008552551, "date": "2026-01-29"}}, {"type": "Feature", "geometry": {"type": "Point", "coordinates": [-82.60000000169703, 35.50833333391]}, "properties": {"p_logistic": 0.4923607409000397, "p_rf": 0.6380000114440918, "p_xgb": 0.9932810664176941, "date": "2026-01-29"}}, {"type": "Feature", "geometry": {"type": "Point", "coordinates": [-82.59166666836401, 35.50833333391]}, "properties": {"p_logistic": 0.49231868982315063, "p_rf": 0.6660000085830688, "p_xgb": 0.9932810664176941, "date": "2026-01-29"}}, {"type": "Feature", "geometry": {"type": "Point", "coordinates": [-82.58333333503101, 35.50833333391]}, "properties": {"p_logistic": 0.4928187131881714, "p_rf": 0.6759999990463257, "p_xgb": 0.9932810664176941, "date": "2026-01-29"}}, {"type": "Feature", "geometry": {"type": "Point", "coordinates": [-82.57500000169802, 35.50833333391]}, "properties": {"p_logistic": 0.493903785943985, "p_rf": 0.6980000138282776, "p_xgb": 0.9920990467071533, "date": "2026-01-29"}}, {"type": "Feature", "geometry": {"type": "Point", "coordinates": [-82.56666666836502, 35.50833333391]}, "properties": {"p_logistic": 0.4956594705581665, "p_rf": 0.6880000233650208, "p_xgb": 0.9858942031860352, "date": "2026-01-29"}}, {"type": "Feature", "geometry": {"type": "Point", "coordinates": [-82.55833333503202, 35.50833333391]}, "properties": {"p_logistic": 0.4972136914730072, "p_rf": 0.6859999895095825, "p_xgb": 0.9858942031860352, "date": "2026-01-29"}}, {"type": "Feature", "geometry": {"type": "Point", "coordinates": [-82.55000000169902, 35.50833333391]}, "properties": {"p_logistic": 0.4982255697250366, "p_rf": 0.6840000152587891, "p_xgb": 0.9858942031860352, "date": "2026-01-29"}}, {"type": "Feature", "geometry": {"type": "Point", "coordinates": [-82.54166666836602, 35.50833333391]}, "properties": {"p_logistic": 0.49951717257499695, "p_rf": 0.6819999814033508, "p_xgb": 0.9858942031860352, "date": "2026-01-29"}}, {"type": "Feature", "geometry": {"type": "Point", "coordinates": [-82.53333333503302, 35.50833333391]}, "properties": {"p_logistic": 0.5005345940589905, "p_rf": 0.6819999814033508, "p_xgb": 0.9876036643981934, "date": "2026-01-29"}}, {"type": "Feature", "geometry": {"type": "Point", "coordinates": [-82.52500000170002, 35.50833333391]}, "properties": {"p_logistic": 0.5018683075904846, "p_rf": 0.6779999732971191, "p_xgb": 0.9876036643981934, "date": "2026-01-29"}}, {"type": "Feature", "geometry": {"type": "Point", "coordinates": [-82.51666666836701, 35.50833333391]}, "properties": {"p_logistic": 0.5049427151679993, "p_rf": 0.6480000019073486, "p_xgb": 0.9878498911857605, "date": "2026-01-29"}}, {"type": "Feature", "geometry": {"type": "Point", "coordinates": [-82.50833333503402, 35.50833333391]}, "properties": {"p_logistic": 0.5073030591011047, "p_rf": 0.6520000100135803, "p_xgb": 0.9958221912384033, "date": "2026-01-29"}}, {"type": "Feature", "geometry": {"type": "Point", "coordinates": [-82.50000000170101, 35.50833333391]}, "properties": {"p_logistic": 0.5094336867332458, "p_rf": 0.6800000071525574, "p_xgb": 0.9960302710533142, "date": "2026-01-29"}}, {"type": "Feature", "geometry": {"type": "Point", "coordinates": [-82.49166666836803, 35.50833333391]}, "properties": {"p_logistic": 0.5113413333892822, "p_rf": 0.6800000071525574, "p_xgb": 0.9953193068504333, "date": "2026-01-29"}}, {"type": "Feature", "geometry": {"type": "Point", "coordinates": [-82.48333333503501, 35.50833333391]}, "properties": {"p_logistic": 0.5134889483451843, "p_rf": 0.6539999842643738, "p_xgb": 0.9920559525489807, "date": "2026-01-29"}}, {"type": "Feature", "geometry": {"type": "Point", "coordinates": [-82.47500000170201, 35.50833333391]}, "properties": {"p_logistic": 0.5158509016036987, "p_rf": 0.6600000262260437, "p_xgb": 0.9891968369483948, "date": "2026-01-29"}}, {"type": "Feature", "geometry": {"type": "Point", "coordinates": [-82.46666666836902, 35.50833333391]}, "properties": {"p_logistic": 0.5172684192657471, "p_rf": 0.6759999990463257, "p_xgb": 0.9891768097877502, "date": "2026-01-29"}}, {"type": "Feature", "geometry": {"type": "Point", "coordinates": [-82.45833333503602, 35.50833333391]}, "properties": {"p_logistic": 0.5182316303253174, "p_rf": 0.7139999866485596, "p_xgb": 0.9891768097877502, "date": "2026-01-29"}}, {"type": "Feature", "geometry": {"type": "Point", "coordinates": [-82.45000000170302, 35.50833333391]}, "properties": {"p_logistic": 0.517005980014801, "p_rf": 0.7200000286102295, "p_xgb": 0.9891768097877502, "date": "2026-01-29"}}, {"type": "Feature", "geometry": {"type": "Point", "coordinates": [-82.44166666837002, 35.50833333391]}, "properties": {"p_logistic": 0.5145610570907593, "p_rf": 0.7120000123977661, "p_xgb": 0.9898988604545593, "date": "2026-01-29"}}, {"type": "Feature", "geometry": {"type": "Point", "coordinates": [-82.43333333503702, 35.50833333391]}, "properties": {"p_logistic": 0.51142418384552, "p_rf": 0.7080000042915344, "p_xgb": 0.9902841448783875, "date": "2026-01-29"}}, {"type": "Feature", "geometry": {"type": "Point", "coordinates": [-82.42500000170402, 35.50833333391]}, "properties": {"p_logistic": 0.5098245143890381, "p_rf": 0.6880000233650208, "p_xgb": 0.9902841448783875, "date": "2026-01-29"}}, {"type": "Feature", "geometry": {"type": "Point", "coordinates": [-82.41666666837102, 35.50833333391]}, "properties": {"p_logistic": 0.5103762745857239, "p_rf": 0.6800000071525574, "p_xgb": 0.9902841448783875, "date": "2026-01-29"}}, {"type": "Feature", "geometry": {"type": "Point", "coordinates": [-82.40833333503801, 35.50833333391]}, "properties": {"p_logistic": 0.5127069354057312, "p_rf": 0.6740000247955322, "p_xgb": 0.9902841448783875, "date": "2026-01-29"}}, {"type": "Feature", "geometry": {"type": "Point", "coordinates": [-82.40000000170502, 35.50833333391]}, "properties": {"p_logistic": 0.5150854587554932, "p_rf": 0.6959999799728394, "p_xgb": 0.9902841448783875, "date": "2026-01-29"}}, {"type": "Feature", "geometry": {"type": "Point", "coordinates": [-82.39166666837201, 35.50833333391]}, "properties": {"p_logistic": 0.516640305519104, "p_rf": 0.7160000205039978, "p_xgb": 0.9902841448783875, "date": "2026-01-29"}}, {"type": "Feature", "geometry": {"type": "Point", "coordinates": [-82.38333333503903, 35.50833333391]}, "properties": {"p_logistic": 0.5159045457839966, "p_rf": 0.6880000233650208, "p_xgb": 0.9902841448783875, "date": "2026-01-29"}}, {"type": "Feature", "geometry": {"type": "Point", "coordinates": [-82.37500000170601, 35.50833333391]}, "properties": {"p_logistic": 0.5161446928977966, "p_rf": 0.6679999828338623, "p_xgb": 0.9889868497848511, "date": "2026-01-29"}}, {"type": "Feature", "geometry": {"type": "Point", "coordinates": [-82.36666666837301, 35.50833333391]}, "properties": {"p_logistic": 0.5151205658912659, "p_rf": 0.6119999885559082, "p_xgb": 0.9801719784736633, "date": "2026-01-29"}}, {"type": "Feature", "geometry": {"type": "Point", "coordinates": [-82.35833333504002, 35.50833333391]}, "properties": {"p_logistic": 0.5156093239784241, "p_rf": 0.5979999899864197, "p_xgb": 0.9794675707817078, "date": "2026-01-29"}}, {"type": "Feature", "geometry": {"type": "Point", "coordinates": [-82.35000000170702, 35.50833333391]}, "properties": {"p_logistic": 0.5142430067062378, "p_rf": 0.5899999737739563, "p_xgb": 0.9884465932846069, "date": "2026-01-29"}}, {"type": "Feature", "geometry": {"type": "Point", "coordinates": [-82.34166666837402, 35.50833333391]}, "properties": {"p_logistic": 0.5131782293319702, "p_rf": 0.578000009059906, "p_xgb": 0.9880160689353943, "date": "2026-01-29"}}, {"type": "Feature", "geometry": {"type": "Point", "coordinates": [-82.33333333504102, 35.50833333391]}, "properties": {"p_logistic": 0.5115394592285156, "p_rf": 0.5699999928474426, "p_xgb": 0.9804030656814575, "date": "2026-01-29"}}, {"type": "Feature", "geometry": {"type": "Point", "coordinates": [-82.32500000170802, 35.50833333391]}, "properties": {"p_logistic": 0.5110756754875183, "p_rf": 0.5640000104904175, "p_xgb": 0.9797773957252502, "date": "2026-01-29"}}, {"type": "Feature", "geometry": {"type": "Point", "coordinates": [-82.31666666837502, 35.50833333391]}, "properties": {"p_logistic": 0.5108462572097778, "p_rf": 0.5619999766349792, "p_xgb": 0.9797773957252502, "date": "2026-01-29"}}, {"type": "Feature", "geometry": {"type": "Point", "coordinates": [-82.30833333504202, 35.50833333391]}, "properties": {"p_logistic": 0.5110220909118652, "p_rf": 0.5600000023841858, "p_xgb": 0.9788302183151245, "date": "2026-01-29"}}, {"type": "Feature", "geometry": {"type": "Point", "coordinates": [-82.30000000170901, 35.50833333391]}, "properties": {"p_logistic": 0.5112171173095703, "p_rf": 0.5540000200271606, "p_xgb": 0.9815447330474854, "date": "2026-01-29"}}, {"type": "Feature", "geometry": {"type": "Point", "coordinates": [-82.29166666837602, 35.50833333391]}, "properties": {"p_logistic": 0.5112963914871216, "p_rf": 0.5559999942779541, "p_xgb": 0.9815447330474854, "date": "2026-01-29"}}, {"type": "Feature", "geometry": {"type": "Point", "coordinates": [-82.28333333504301, 35.50833333391]}, "properties": {"p_logistic": 0.5110598206520081, "p_rf": 0.5559999942779541, "p_xgb": 0.9798498153686523, "date": "2026-01-29"}}, {"type": "Feature", "geometry": {"type": "Point", "coordinates": [-82.27500000171003, 35.50833333391]}, "properties": {"p_logistic": 0.5103528499603271, "p_rf": 0.5600000023841858, "p_xgb": 0.9798498153686523, "date": "2026-01-29"}}, {"type": "Feature", "geometry": {"type": "Point", "coordinates": [-82.26666666837701, 35.50833333391]}, "properties": {"p_logistic": 0.5080130696296692, "p_rf": 0.5860000252723694, "p_xgb": 0.977827250957489, "date": "2026-01-29"}}, {"type": "Feature", "geometry": {"type": "Point", "coordinates": [-82.25833333504401, 35.50833333391]}, "properties": {"p_logistic": 0.5056307315826416, "p_rf": 0.5540000200271606, "p_xgb": 0.9699195027351379, "date": "2026-01-29"}}, {"type": "Feature", "geometry": {"type": "Point", "coordinates": [-82.25000000171102, 35.50833333391]}, "properties": {"p_logistic": 0.5030483603477478, "p_rf": 0.5199999809265137, "p_xgb": 0.9776461720466614, "date": "2026-01-29"}}, {"type": "Feature", "geometry": {"type": "Point", "coordinates": [-82.24166666837802, 35.50833333391]}, "properties": {"p_logistic": 0.5016252398490906, "p_rf": 0.5180000066757202, "p_xgb": 0.9780346155166626, "date": "2026-01-29"}}, {"type": "Feature", "geometry": {"type": "Point", "coordinates": [-82.23333333504502, 35.50833333391]}, "properties": {"p_logistic": 0.5013923048973083, "p_rf": 0.5239999890327454, "p_xgb": 0.9699195027351379, "date": "2026-01-29"}}, {"type": "Feature", "geometry": {"type": "Point", "coordinates": [-82.78333333502302, 35.500000000577]}, "properties": {"p_logistic": 0.4879645109176636, "p_rf": 0.5080000162124634, "p_xgb": 0.9742733836174011, "date": "2026-01-29"}}, {"type": "Feature", "geometry": {"type": "Point", "coordinates": [-82.77500000169002, 35.500000000577]}, "properties": {"p_logistic": 0.4884636700153351, "p_rf": 0.5059999823570251, "p_xgb": 0.9742733836174011, "date": "2026-01-29"}}, {"type": "Feature", "geometry": {"type": "Point", "coordinates": [-82.76666666835702, 35.500000000577]}, "properties": {"p_logistic": 0.4892289936542511, "p_rf": 0.5180000066757202, "p_xgb": 0.9821419715881348, "date": "2026-01-29"}}, {"type": "Feature", "geometry": {"type": "Point", "coordinates": [-82.75833333502402, 35.500000000577]}, "properties": {"p_logistic": 0.49090898036956787, "p_rf": 0.515999972820282, "p_xgb": 0.9803415536880493, "date": "2026-01-29"}}, {"type": "Feature", "geometry": {"type": "Point", "coordinates": [-82.75000000169102, 35.500000000577]}, "properties": {"p_logistic": 0.4924461543560028, "p_rf": 0.5479999780654907, "p_xgb": 0.9809098839759827, "date": "2026-01-29"}}, {"type": "Feature", "geometry": {"type": "Point", "coordinates": [-82.74166666835802, 35.500000000577]}, "properties": {"p_logistic": 0.49364233016967773, "p_rf": 0.5479999780654907, "p_xgb": 0.9816415309906006, "date": "2026-01-29"}}, {"type": "Feature", "geometry": {"type": "Point", "coordinates": [-82.73333333502501, 35.500000000577]}, "properties": {"p_logistic": 0.4947255551815033, "p_rf": 0.578000009059906, "p_xgb": 0.9686322212219238, "date": "2026-01-29"}}, {"type": "Feature", "geometry": {"type": "Point", "coordinates": [-82.72500000169202, 35.500000000577]}, "properties": {"p_logistic": 0.4953095316886902, "p_rf": 0.5839999914169312, "p_xgb": 0.9729016423225403, "date": "2026-01-29"}}, {"type": "Feature", "geometry": {"type": "Point", "coordinates": [-82.71666666835901, 35.500000000577]}, "properties": {"p_logistic": 0.4953542947769165, "p_rf": 0.5920000076293945, "p_xgb": 0.9744428396224976, "date": "2026-01-29"}}, {"type": "Feature", "geometry": {"type": "Point", "coordinates": [-82.70833333502603, 35.500000000577]}, "properties": {"p_logistic": 0.4960801899433136, "p_rf": 0.5920000076293945, "p_xgb": 0.9744428396224976, "date": "2026-01-29"}}, {"type": "Feature", "geometry": {"type": "Point", "coordinates": [-82.70000000169301, 35.500000000577]}, "properties": {"p_logistic": 0.49601247906684875, "p_rf": 0.5820000171661377, "p_xgb": 0.9744428396224976, "date": "2026-01-29"}}, {"type": "Feature", "geometry": {"type": "Point", "coordinates": [-82.69166666836001, 35.500000000577]}, "properties": {"p_logistic": 0.49527448415756226, "p_rf": 0.5820000171661377, "p_xgb": 0.9744428396224976, "date": "2026-01-29"}}, {"type": "Feature", "geometry": {"type": "Point", "coordinates": [-82.68333333502702, 35.500000000577]}, "properties": {"p_logistic": 0.4947143495082855, "p_rf": 0.5820000171661377, "p_xgb": 0.9744428396224976, "date": "2026-01-29"}}, {"type": "Feature", "geometry": {"type": "Point", "coordinates": [-82.67500000169402, 35.500000000577]}, "properties": {"p_logistic": 0.4940185248851776, "p_rf": 0.5759999752044678, "p_xgb": 0.9729016423225403, "date": "2026-01-29"}}, {"type": "Feature", "geometry": {"type": "Point", "coordinates": [-82.66666666836102, 35.500000000577]}, "properties": {"p_logistic": 0.4935033917427063, "p_rf": 0.5759999752044678, "p_xgb": 0.9729016423225403, "date": "2026-01-29"}}, {"type": "Feature", "geometry": {"type": "Point", "coordinates": [-82.65833333502802, 35.500000000577]}, "properties": {"p_logistic": 0.49328818917274475, "p_rf": 0.5759999752044678, "p_xgb": 0.9748120903968811, "date": "2026-01-29"}}, {"type": "Feature", "geometry": {"type": "Point", "coordinates": [-82.65000000169502, 35.500000000577]}, "properties": {"p_logistic": 0.49358609318733215, "p_rf": 0.5960000157356262, "p_xgb": 0.9917874932289124, "date": "2026-01-29"}}, {"type": "Feature", "geometry": {"type": "Point", "coordinates": [-82.64166666836202, 35.500000000577]}, "properties": {"p_logistic": 0.49413999915122986, "p_rf": 0.6480000019073486, "p_xgb": 0.9922665953636169, "date": "2026-01-29"}}, {"type": "Feature", "geometry": {"type": "Point", "coordinates": [-82.63333333502902, 35.500000000577]}, "properties": {"p_logistic": 0.49464160203933716, "p_rf": 0.6439999938011169, "p_xgb": 0.9924010038375854, "date": "2026-01-29"}}, {"type": "Feature", "geometry": {"type": "Point", "coordinates": [-82.62500000169601, 35.500000000577]}, "properties": {"p_logistic": 0.4950568675994873, "p_rf": 0.6420000195503235, "p_xgb": 0.986430287361145, "date": "2026-01-29"}}, {"type": "Feature", "geometry": {"type": "Point", "coordinates": [-82.61666666836302, 35.500000000577]}, "properties": {"p_logistic": 0.49483299255371094, "p_rf": 0.6420000195503235, "p_xgb": 0.9924010038375854, "date": "2026-01-29"}}, {"type": "Feature", "geometry": {"type": "Point", "coordinates": [-82.60833333503001, 35.500000000577]}, "properties": {"p_logistic": 0.4942174255847931, "p_rf": 0.6439999938011169, "p_xgb": 0.9924010038375854, "date": "2026-01-29"}}, {"type": "Feature", "geometry": {"type": "Point", "coordinates": [-82.60000000169703, 35.500000000577]}, "properties": {"p_logistic": 0.4938008189201355, "p_rf": 0.6460000276565552, "p_xgb": 0.9924010038375854, "date": "2026-01-29"}}, {"type": "Feature", "geometry": {"type": "Point", "coordinates": [-82.59166666836401, 35.500000000577]}, "properties": {"p_logistic": 0.4936048984527588, "p_rf": 0.6460000276565552, "p_xgb": 0.9920990467071533, "date": "2026-01-29"}}, {"type": "Feature", "geometry": {"type": "Point", "coordinates": [-82.58333333503101, 35.500000000577]}, "properties": {"p_logistic": 0.4938766360282898, "p_rf": 0.6439999938011169, "p_xgb": 0.9920990467071533, "date": "2026-01-29"}}, {"type": "Feature", "geometry": {"type": "Point", "coordinates": [-82.57500000169802, 35.500000000577]}, "properties": {"p_logistic": 0.49490979313850403, "p_rf": 0.656000018119812, "p_xgb": 0.9858942031860352, "date": "2026-01-29"}}, {"type": "Feature", "geometry": {"type": "Point", "coordinates": [-82.56666666836502, 35.500000000577]}, "properties": {"p_logistic": 0.4965543746948242, "p_rf": 0.6660000085830688, "p_xgb": 0.9858942031860352, "date": "2026-01-29"}}, {"type": "Feature", "geometry": {"type": "Point", "coordinates": [-82.55833333503202, 35.500000000577]}, "properties": {"p_logistic": 0.498142808675766, "p_rf": 0.6840000152587891, "p_xgb": 0.9858942031860352, "date": "2026-01-29"}}, {"type": "Feature", "geometry": {"type": "Point", "coordinates": [-82.55000000169902, 35.500000000577]}, "properties": {"p_logistic": 0.49938908219337463, "p_rf": 0.6600000262260437, "p_xgb": 0.9864567518234253, "date": "2026-01-29"}}, {"type": "Feature", "geometry": {"type": "Point", "coordinates": [-82.54166666836602, 35.500000000577]}, "properties": {"p_logistic": 0.4997541606426239, "p_rf": 0.6499999761581421, "p_xgb": 0.9876036643981934, "date": "2026-01-29"}}, {"type": "Feature", "geometry": {"type": "Point", "coordinates": [-82.53333333503302, 35.500000000577]}, "properties": {"p_logistic": 0.5002410411834717, "p_rf": 0.6259999871253967, "p_xgb": 0.9876036643981934, "date": "2026-01-29"}}, {"type": "Feature", "geometry": {"type": "Point", "coordinates": [-82.52500000170002, 35.500000000577]}, "properties": {"p_logistic": 0.5021160244941711, "p_rf": 0.6499999761581421, "p_xgb": 0.9876036643981934, "date": "2026-01-29"}}, {"type": "Feature", "geometry": {"type": "Point", "coordinates": [-82.51666666836701, 35.500000000577]}, "properties": {"p_logistic": 0.5048702359199524, "p_rf": 0.7020000219345093, "p_xgb": 0.9909530878067017, "date": "2026-01-29"}}, {"type": "Feature", "geometry": {"type": "Point", "coordinates": [-82.50833333503402, 35.500000000577]}, "properties": {"p_logistic": 0.5073725581169128, "p_rf": 0.6660000085830688, "p_xgb": 0.9958221912384033, "date": "2026-01-29"}}, {"type": "Feature", "geometry": {"type": "Point", "coordinates": [-82.50000000170101, 35.500000000577]}, "properties": {"p_logistic": 0.5092453360557556, "p_rf": 0.6800000071525574, "p_xgb": 0.9960302710533142, "date": "2026-01-29"}}, {"type": "Feature", "geometry": {"type": "Point", "coordinates": [-82.49166666836803, 35.500000000577]}, "properties": {"p_logistic": 0.510644257068634, "p_rf": 0.6980000138282776, "p_xgb": 0.9960302710533142, "date": "2026-01-29"}}, {"type": "Feature", "geometry": {"type": "Point", "coordinates": [-82.48333333503501, 35.500000000577]}, "properties": {"p_logistic": 0.5125277042388916, "p_rf": 0.6779999732971191, "p_xgb": 0.9920559525489807, "date": "2026-01-29"}}, {"type": "Feature", "geometry": {"type": "Point", "coordinates": [-82.47500000170201, 35.500000000577]}, "properties": {"p_logistic": 0.5143282413482666, "p_rf": 0.6480000019073486, "p_xgb": 0.9891968369483948, "date": "2026-01-29"}}, {"type": "Feature", "geometry": {"type": "Point", "coordinates": [-82.46666666836902, 35.500000000577]}, "properties": {"p_logistic": 0.5157569050788879, "p_rf": 0.671999990940094, "p_xgb": 0.9898988604545593, "date": "2026-01-29"}}, {"type": "Feature", "geometry": {"type": "Point", "coordinates": [-82.45833333503602, 35.500000000577]}, "properties": {"p_logistic": 0.5163676738739014, "p_rf": 0.7099999785423279, "p_xgb": 0.9891768097877502, "date": "2026-01-29"}}, {"type": "Feature", "geometry": {"type": "Point", "coordinates": [-82.45000000170302, 35.500000000577]}, "properties": {"p_logistic": 0.5152285099029541, "p_rf": 0.7160000205039978, "p_xgb": 0.9898988604545593, "date": "2026-01-29"}}, {"type": "Feature", "geometry": {"type": "Point", "coordinates": [-82.44166666837002, 35.500000000577]}, "properties": {"p_logistic": 0.513282060623169, "p_rf": 0.7020000219345093, "p_xgb": 0.9898988604545593, "date": "2026-01-29"}}, {"type": "Feature", "geometry": {"type": "Point", "coordinates": [-82.43333333503702, 35.500000000577]}, "properties": {"p_logistic": 0.5109042525291443, "p_rf": 0.6899999976158142, "p_xgb": 0.9902841448783875, "date": "2026-01-29"}}, {"type": "Feature", "geometry": {"type": "Point", "coordinates": [-82.42500000170402, 35.500000000577]}, "properties": {"p_logistic": 0.5097792744636536, "p_rf": 0.7059999704360962, "p_xgb": 0.9942944645881653, "date": "2026-01-29"}}, {"type": "Feature", "geometry": {"type": "Point", "coordinates": [-82.41666666837102, 35.500000000577]}, "properties": {"p_logistic": 0.5111477971076965, "p_rf": 0.7059999704360962, "p_xgb": 0.9942944645881653, "date": "2026-01-29"}}, {"type": "Feature", "geometry": {"type": "Point", "coordinates": [-82.40833333503801, 35.500000000577]}, "properties": {"p_logistic": 0.5131417512893677, "p_rf": 0.7020000219345093, "p_xgb": 0.9959312081336975, "date": "2026-01-29"}}, {"type": "Feature", "geometry": {"type": "Point", "coordinates": [-82.40000000170502, 35.500000000577]}, "properties": {"p_logistic": 0.5153233408927917, "p_rf": 0.6639999747276306, "p_xgb": 0.9921798706054688, "date": "2026-01-29"}}, {"type": "Feature", "geometry": {"type": "Point", "coordinates": [-82.39166666837201, 35.500000000577]}, "properties": {"p_logistic": 0.5158427953720093, "p_rf": 0.6539999842643738, "p_xgb": 0.9902841448783875, "date": "2026-01-29"}}, {"type": "Feature", "geometry": {"type": "Point", "coordinates": [-82.38333333503903, 35.500000000577]}, "properties": {"p_logistic": 0.5144604444503784, "p_rf": 0.6620000004768372, "p_xgb": 0.9890803694725037, "date": "2026-01-29"}}, {"type": "Feature", "geometry": {"type": "Point", "coordinates": [-82.37500000170601, 35.500000000577]}, "properties": {"p_logistic": 0.5133843421936035, "p_rf": 0.6380000114440918, "p_xgb": 0.988041877746582, "date": "2026-01-29"}}, {"type": "Feature", "geometry": {"type": "Point", "coordinates": [-82.36666666837301, 35.500000000577]}, "properties": {"p_logistic": 0.5128562450408936, "p_rf": 0.6179999709129333, "p_xgb": 0.9795461297035217, "date": "2026-01-29"}}, {"type": "Feature", "geometry": {"type": "Point", "coordinates": [-82.35833333504002, 35.500000000577]}, "properties": {"p_logistic": 0.5119950175285339, "p_rf": 0.6159999966621399, "p_xgb": 0.9794675707817078, "date": "2026-01-29"}}, {"type": "Feature", "geometry": {"type": "Point", "coordinates": [-82.35000000170702, 35.500000000577]}, "properties": {"p_logistic": 0.5112162232398987, "p_rf": 0.5759999752044678, "p_xgb": 0.9888926148414612, "date": "2026-01-29"}}, {"type": "Feature", "geometry": {"type": "Point", "coordinates": [-82.34166666837402, 35.500000000577]}, "properties": {"p_logistic": 0.5102649331092834, "p_rf": 0.5720000267028809, "p_xgb": 0.9804030656814575, "date": "2026-01-29"}}, {"type": "Feature", "geometry": {"type": "Point", "coordinates": [-82.32500000170802, 35.500000000577]}, "properties": {"p_logistic": 0.5088355541229248, "p_rf": 0.5619999766349792, "p_xgb": 0.9788302183151245, "date": "2026-01-29"}}, {"type": "Feature", "geometry": {"type": "Point", "coordinates": [-82.31666666837502, 35.500000000577]}, "properties": {"p_logistic": 0.5086813569068909, "p_rf": 0.5600000023841858, "p_xgb": 0.9788302183151245, "date": "2026-01-29"}}, {"type": "Feature", "geometry": {"type": "Point", "coordinates": [-82.30833333504202, 35.500000000577]}, "properties": {"p_logistic": 0.5089679956436157, "p_rf": 0.5600000023841858, "p_xgb": 0.9843050837516785, "date": "2026-01-29"}}, {"type": "Feature", "geometry": {"type": "Point", "coordinates": [-82.30000000170901, 35.500000000577]}, "properties": {"p_logistic": 0.5089983940124512, "p_rf": 0.5559999942779541, "p_xgb": 0.9863274097442627, "date": "2026-01-29"}}, {"type": "Feature", "geometry": {"type": "Point", "coordinates": [-82.29166666837602, 35.500000000577]}, "properties": {"p_logistic": 0.509288489818573, "p_rf": 0.5540000200271606, "p_xgb": 0.9843050837516785, "date": "2026-01-29"}}, {"type": "Feature", "geometry": {"type": "Point", "coordinates": [-82.28333333504301, 35.500000000577]}, "properties": {"p_logistic": 0.5088805556297302, "p_rf": 0.5559999942779541, "p_xgb": 0.9843050837516785, "date": "2026-01-29"}}, {"type": "Feature", "geometry": {"type": "Point", "coordinates": [-82.27500000171003, 35.500000000577]}, "properties": {"p_logistic": 0.5078967213630676, "p_rf": 0.5640000104904175, "p_xgb": 0.9788302183151245, "date": "2026-01-29"}}, {"type": "Feature", "geometry": {"type": "Point", "coordinates": [-82.26666666837701, 35.500000000577]}, "properties": {"p_logistic": 0.5052739977836609, "p_rf": 0.5680000185966492, "p_xgb": 0.9782919883728027, "date": "2026-01-29"}}, {"type": "Feature", "geometry": {"type": "Point", "coordinates": [-82.25833333504401, 35.500000000577]}, "properties": {"p_logistic": 0.5025372505187988, "p_rf": 0.5559999942779541, "p_xgb": 0.9699195027351379, "date": "2026-01-29"}}, {"type": "Feature", "geometry": {"type": "Point", "coordinates": [-82.25000000171102, 35.500000000577]}, "properties": {"p_logistic": 0.49972301721572876, "p_rf": 0.5339999794960022, "p_xgb": 0.9699195027351379, "date": "2026-01-29"}}, {"type": "Feature", "geometry": {"type": "Point", "coordinates": [-82.24166666837802, 35.500000000577]}, "properties": {"p_logistic": 0.4982787072658539, "p_rf": 0.5419999957084656, "p_xgb": 0.9699195027351379, "date": "2026-01-29"}}, {"type": "Feature", "geometry": {"type": "Point", "coordinates": [-82.23333333504502, 35.500000000577]}, "properties": {"p_logistic": 0.4974835216999054, "p_rf": 0.5440000295639038, "p_xgb": 0.9712537527084351, "date": "2026-01-29"}}, {"type": "Feature", "geometry": {"type": "Point", "coordinates": [-82.22500000171202, 35.500000000577]}, "properties": {"p_logistic": 0.4981081485748291, "p_rf": 0.5479999780654907, "p_xgb": 0.9721356630325317, "date": "2026-01-29"}}, {"type": "Feature", "geometry": {"type": "Point", "coordinates": [-82.78333333502302, 35.491666667244004]}, "properties": {"p_logistic": 0.4871680438518524, "p_rf": 0.5180000066757202, "p_xgb": 0.9703904390335083, "date": "2026-01-29"}}, {"type": "Feature", "geometry": {"type": "Point", "coordinates": [-82.77500000169002, 35.491666667244004]}, "properties": {"p_logistic": 0.4878121018409729, "p_rf": 0.5139999985694885, "p_xgb": 0.9731517434120178, "date": "2026-01-29"}}, {"type": "Feature", "geometry": {"type": "Point", "coordinates": [-82.76666666835702, 35.491666667244004]}, "properties": {"p_logistic": 0.48869097232818604, "p_rf": 0.5099999904632568, "p_xgb": 0.9742733836174011, "date": "2026-01-29"}}, {"type": "Feature", "geometry": {"type": "Point", "coordinates": [-82.75833333502402, 35.491666667244004]}, "properties": {"p_logistic": 0.49028193950653076, "p_rf": 0.5099999904632568, "p_xgb": 0.9825178980827332, "date": "2026-01-29"}}, {"type": "Feature", "geometry": {"type": "Point", "coordinates": [-82.75000000169102, 35.491666667244004]}, "properties": {"p_logistic": 0.4919748604297638, "p_rf": 0.5320000052452087, "p_xgb": 0.9803415536880493, "date": "2026-01-29"}}, {"type": "Feature", "geometry": {"type": "Point", "coordinates": [-82.74166666835802, 35.491666667244004]}, "properties": {"p_logistic": 0.4931287467479706, "p_rf": 0.5559999942779541, "p_xgb": 0.9828630089759827, "date": "2026-01-29"}}, {"type": "Feature", "geometry": {"type": "Point", "coordinates": [-82.73333333502501, 35.491666667244004]}, "properties": {"p_logistic": 0.4941277503967285, "p_rf": 0.5640000104904175, "p_xgb": 0.9845021367073059, "date": "2026-01-29"}}, {"type": "Feature", "geometry": {"type": "Point", "coordinates": [-82.72500000169202, 35.491666667244004]}, "properties": {"p_logistic": 0.49457046389579773, "p_rf": 0.5680000185966492, "p_xgb": 0.9871310591697693, "date": "2026-01-29"}}, {"type": "Feature", "geometry": {"type": "Point", "coordinates": [-82.71666666835901, 35.491666667244004]}, "properties": {"p_logistic": 0.4945847988128662, "p_rf": 0.5820000171661377, "p_xgb": 0.9890109896659851, "date": "2026-01-29"}}, {"type": "Feature", "geometry": {"type": "Point", "coordinates": [-82.70833333502603, 35.491666667244004]}, "properties": {"p_logistic": 0.49508222937583923, "p_rf": 0.5979999899864197, "p_xgb": 0.9796844720840454, "date": "2026-01-29"}}, {"type": "Feature", "geometry": {"type": "Point", "coordinates": [-82.70000000169301, 35.491666667244004]}, "properties": {"p_logistic": 0.49528589844703674, "p_rf": 0.6060000061988831, "p_xgb": 0.9762471914291382, "date": "2026-01-29"}}, {"type": "Feature", "geometry": {"type": "Point", "coordinates": [-82.69166666836001, 35.491666667244004]}, "properties": {"p_logistic": 0.4944748878479004, "p_rf": 0.6039999723434448, "p_xgb": 0.9796844720840454, "date": "2026-01-29"}}, {"type": "Feature", "geometry": {"type": "Point", "coordinates": [-82.68333333502702, 35.491666667244004]}, "properties": {"p_logistic": 0.49414822459220886, "p_rf": 0.6039999723434448, "p_xgb": 0.9796844720840454, "date": "2026-01-29"}}, {"type": "Feature", "geometry": {"type": "Point", "coordinates": [-82.67500000169402, 35.491666667244004]}, "properties": {"p_logistic": 0.4935596287250519, "p_rf": 0.6019999980926514, "p_xgb": 0.9796844720840454, "date": "2026-01-29"}}, {"type": "Feature", "geometry": {"type": "Point", "coordinates": [-82.66666666836102, 35.491666667244004]}, "properties": {"p_logistic": 0.4935508072376251, "p_rf": 0.6039999723434448, "p_xgb": 0.9804360866546631, "date": "2026-01-29"}}, {"type": "Feature", "geometry": {"type": "Point", "coordinates": [-82.65833333502802, 35.491666667244004]}, "properties": {"p_logistic": 0.49366050958633423, "p_rf": 0.6039999723434448, "p_xgb": 0.9804360866546631, "date": "2026-01-29"}}, {"type": "Feature", "geometry": {"type": "Point", "coordinates": [-82.65000000169502, 35.491666667244004]}, "properties": {"p_logistic": 0.4947061836719513, "p_rf": 0.5899999737739563, "p_xgb": 0.980922520160675, "date": "2026-01-29"}}, {"type": "Feature", "geometry": {"type": "Point", "coordinates": [-82.64166666836202, 35.491666667244004]}, "properties": {"p_logistic": 0.4957336485385895, "p_rf": 0.5839999914169312, "p_xgb": 0.9913398623466492, "date": "2026-01-29"}}, {"type": "Feature", "geometry": {"type": "Point", "coordinates": [-82.63333333502902, 35.491666667244004]}, "properties": {"p_logistic": 0.49653998017311096, "p_rf": 0.6340000033378601, "p_xgb": 0.9915278553962708, "date": "2026-01-29"}}, {"type": "Feature", "geometry": {"type": "Point", "coordinates": [-82.62500000169601, 35.491666667244004]}, "properties": {"p_logistic": 0.49705377221107483, "p_rf": 0.628000020980835, "p_xgb": 0.9929199814796448, "date": "2026-01-29"}}, {"type": "Feature", "geometry": {"type": "Point", "coordinates": [-82.61666666836302, 35.491666667244004]}, "properties": {"p_logistic": 0.49695107340812683, "p_rf": 0.628000020980835, "p_xgb": 0.9915278553962708, "date": "2026-01-29"}}, {"type": "Feature", "geometry": {"type": "Point", "coordinates": [-82.60833333503001, 35.491666667244004]}, "properties": {"p_logistic": 0.4965619742870331, "p_rf": 0.6340000033378601, "p_xgb": 0.9915278553962708, "date": "2026-01-29"}}, {"type": "Feature", "geometry": {"type": "Point", "coordinates": [-82.60000000169703, 35.491666667244004]}, "properties": {"p_logistic": 0.4960823357105255, "p_rf": 0.6179999709129333, "p_xgb": 0.9915278553962708, "date": "2026-01-29"}}, {"type": "Feature", "geometry": {"type": "Point", "coordinates": [-82.59166666836401, 35.491666667244004]}, "properties": {"p_logistic": 0.49556344747543335, "p_rf": 0.5839999914169312, "p_xgb": 0.9649739265441895, "date": "2026-01-29"}}, {"type": "Feature", "geometry": {"type": "Point", "coordinates": [-82.58333333503101, 35.491666667244004]}, "properties": {"p_logistic": 0.4954451322555542, "p_rf": 0.5839999914169312, "p_xgb": 0.9834259748458862, "date": "2026-01-29"}}, {"type": "Feature", "geometry": {"type": "Point", "coordinates": [-82.57500000169802, 35.491666667244004]}, "properties": {"p_logistic": 0.49626481533050537, "p_rf": 0.6299999952316284, "p_xgb": 0.9831441044807434, "date": "2026-01-29"}}, {"type": "Feature", "geometry": {"type": "Point", "coordinates": [-82.56666666836502, 35.491666667244004]}, "properties": {"p_logistic": 0.49773767590522766, "p_rf": 0.6240000128746033, "p_xgb": 0.9876036643981934, "date": "2026-01-29"}}, {"type": "Feature", "geometry": {"type": "Point", "coordinates": [-82.55833333503202, 35.491666667244004]}, "properties": {"p_logistic": 0.49910667538642883, "p_rf": 0.6240000128746033, "p_xgb": 0.9876036643981934, "date": "2026-01-29"}}, {"type": "Feature", "geometry": {"type": "Point", "coordinates": [-82.55000000169902, 35.491666667244004]}, "properties": {"p_logistic": 0.49990183115005493, "p_rf": 0.6240000128746033, "p_xgb": 0.9876036643981934, "date": "2026-01-29"}}, {"type": "Feature", "geometry": {"type": "Point", "coordinates": [-82.54166666836602, 35.491666667244004]}, "properties": {"p_logistic": 0.4998266100883484, "p_rf": 0.621999979019165, "p_xgb": 0.9876036643981934, "date": "2026-01-29"}}, {"type": "Feature", "geometry": {"type": "Point", "coordinates": [-82.53333333503302, 35.491666667244004]}, "properties": {"p_logistic": 0.4999222159385681, "p_rf": 0.5860000252723694, "p_xgb": 0.9848551154136658, "date": "2026-01-29"}}, {"type": "Feature", "geometry": {"type": "Point", "coordinates": [-82.52500000170002, 35.491666667244004]}, "properties": {"p_logistic": 0.5015188455581665, "p_rf": 0.621999979019165, "p_xgb": 0.9851551651954651, "date": "2026-01-29"}}, {"type": "Feature", "geometry": {"type": "Point", "coordinates": [-82.51666666836701, 35.491666667244004]}, "properties": {"p_logistic": 0.504511833190918, "p_rf": 0.699999988079071, "p_xgb": 0.9960953593254089, "date": "2026-01-29"}}, {"type": "Feature", "geometry": {"type": "Point", "coordinates": [-82.50833333503402, 35.491666667244004]}, "properties": {"p_logistic": 0.5063535571098328, "p_rf": 0.6700000166893005, "p_xgb": 0.9960302710533142, "date": "2026-01-29"}}, {"type": "Feature", "geometry": {"type": "Point", "coordinates": [-82.50000000170101, 35.491666667244004]}, "properties": {"p_logistic": 0.5078789591789246, "p_rf": 0.6800000071525574, "p_xgb": 0.9960302710533142, "date": "2026-01-29"}}, {"type": "Feature", "geometry": {"type": "Point", "coordinates": [-82.49166666836803, 35.491666667244004]}, "properties": {"p_logistic": 0.5091355443000793, "p_rf": 0.7059999704360962, "p_xgb": 0.9960464835166931, "date": "2026-01-29"}}, {"type": "Feature", "geometry": {"type": "Point", "coordinates": [-82.48333333503501, 35.491666667244004]}, "properties": {"p_logistic": 0.5101099014282227, "p_rf": 0.6980000138282776, "p_xgb": 0.9948949217796326, "date": "2026-01-29"}}, {"type": "Feature", "geometry": {"type": "Point", "coordinates": [-82.47500000170201, 35.491666667244004]}, "properties": {"p_logistic": 0.5116809010505676, "p_rf": 0.6600000262260437, "p_xgb": 0.9891968369483948, "date": "2026-01-29"}}, {"type": "Feature", "geometry": {"type": "Point", "coordinates": [-82.46666666836902, 35.491666667244004]}, "properties": {"p_logistic": 0.5128894448280334, "p_rf": 0.6499999761581421, "p_xgb": 0.9891968369483948, "date": "2026-01-29"}}, {"type": "Feature", "geometry": {"type": "Point", "coordinates": [-82.45833333503602, 35.491666667244004]}, "properties": {"p_logistic": 0.513360321521759, "p_rf": 0.6700000166893005, "p_xgb": 0.9898988604545593, "date": "2026-01-29"}}, {"type": "Feature", "geometry": {"type": "Point", "coordinates": [-82.45000000170302, 35.491666667244004]}, "properties": {"p_logistic": 0.512929379940033, "p_rf": 0.7020000219345093, "p_xgb": 0.9898988604545593, "date": "2026-01-29"}}, {"type": "Feature", "geometry": {"type": "Point", "coordinates": [-82.44166666837002, 35.491666667244004]}, "properties": {"p_logistic": 0.5110748410224915, "p_rf": 0.6800000071525574, "p_xgb": 0.9898988604545593, "date": "2026-01-29"}}, {"type": "Feature", "geometry": {"type": "Point", "coordinates": [-82.43333333503702, 35.491666667244004]}, "properties": {"p_logistic": 0.5095247030258179, "p_rf": 0.6740000247955322, "p_xgb": 0.9902841448783875, "date": "2026-01-29"}}, {"type": "Feature", "geometry": {"type": "Point", "coordinates": [-82.42500000170402, 35.491666667244004]}, "properties": {"p_logistic": 0.508892297744751, "p_rf": 0.6660000085830688, "p_xgb": 0.9931708574295044, "date": "2026-01-29"}}, {"type": "Feature", "geometry": {"type": "Point", "coordinates": [-82.41666666837102, 35.491666667244004]}, "properties": {"p_logistic": 0.5095635652542114, "p_rf": 0.6460000276565552, "p_xgb": 0.9963692426681519, "date": "2026-01-29"}}, {"type": "Feature", "geometry": {"type": "Point", "coordinates": [-82.40833333503801, 35.491666667244004]}, "properties": {"p_logistic": 0.5105942487716675, "p_rf": 0.6460000276565552, "p_xgb": 0.9970812201499939, "date": "2026-01-29"}}, {"type": "Feature", "geometry": {"type": "Point", "coordinates": [-82.40000000170502, 35.491666667244004]}, "properties": {"p_logistic": 0.5110709071159363, "p_rf": 0.6380000114440918, "p_xgb": 0.9963692426681519, "date": "2026-01-29"}}, {"type": "Feature", "geometry": {"type": "Point", "coordinates": [-82.39166666837201, 35.491666667244004]}, "properties": {"p_logistic": 0.51065593957901, "p_rf": 0.6340000033378601, "p_xgb": 0.9764658212661743, "date": "2026-01-29"}}, {"type": "Feature", "geometry": {"type": "Point", "coordinates": [-82.38333333503903, 35.491666667244004]}, "properties": {"p_logistic": 0.5092933177947998, "p_rf": 0.6179999709129333, "p_xgb": 0.9764658212661743, "date": "2026-01-29"}}, {"type": "Feature", "geometry": {"type": "Point", "coordinates": [-82.37500000170601, 35.491666667244004]}, "properties": {"p_logistic": 0.5084100961685181, "p_rf": 0.6200000047683716, "p_xgb": 0.9770021438598633, "date": "2026-01-29"}}, {"type": "Feature", "geometry": {"type": "Point", "coordinates": [-82.36666666837301, 35.491666667244004]}, "properties": {"p_logistic": 0.5078471899032593, "p_rf": 0.6340000033378601, "p_xgb": 0.9793540239334106, "date": "2026-01-29"}}, {"type": "Feature", "geometry": {"type": "Point", "coordinates": [-82.35833333504002, 35.491666667244004]}, "properties": {"p_logistic": 0.507056474685669, "p_rf": 0.6399999856948853, "p_xgb": 0.9815037250518799, "date": "2026-01-29"}}, {"type": "Feature", "geometry": {"type": "Point", "coordinates": [-82.35000000170702, 35.491666667244004]}, "properties": {"p_logistic": 0.5058299899101257, "p_rf": 0.6000000238418579, "p_xgb": 0.9888926148414612, "date": "2026-01-29"}}, {"type": "Feature", "geometry": {"type": "Point", "coordinates": [-82.34166666837402, 35.491666667244004]}, "properties": {"p_logistic": 0.5063933730125427, "p_rf": 0.5799999833106995, "p_xgb": 0.9880160689353943, "date": "2026-01-29"}}, {"type": "Feature", "geometry": {"type": "Point", "coordinates": [-82.30833333504202, 35.491666667244004]}, "properties": {"p_logistic": 0.5069918036460876, "p_rf": 0.5600000023841858, "p_xgb": 0.9843050837516785, "date": "2026-01-29"}}, {"type": "Feature", "geometry": {"type": "Point", "coordinates": [-82.30000000170901, 35.491666667244004]}, "properties": {"p_logistic": 0.5074149966239929, "p_rf": 0.5600000023841858, "p_xgb": 0.9843050837516785, "date": "2026-01-29"}}, {"type": "Feature", "geometry": {"type": "Point", "coordinates": [-82.29166666837602, 35.491666667244004]}, "properties": {"p_logistic": 0.5077537894248962, "p_rf": 0.5600000023841858, "p_xgb": 0.9843050837516785, "date": "2026-01-29"}}, {"type": "Feature", "geometry": {"type": "Point", "coordinates": [-82.28333333504301, 35.491666667244004]}, "properties": {"p_logistic": 0.507054328918457, "p_rf": 0.5600000023841858, "p_xgb": 0.9843050837516785, "date": "2026-01-29"}}, {"type": "Feature", "geometry": {"type": "Point", "coordinates": [-82.27500000171003, 35.491666667244004]}, "properties": {"p_logistic": 0.5049994587898254, "p_rf": 0.5659999847412109, "p_xgb": 0.9839037656784058, "date": "2026-01-29"}}, {"type": "Feature", "geometry": {"type": "Point", "coordinates": [-82.26666666837701, 35.491666667244004]}, "properties": {"p_logistic": 0.5018211603164673, "p_rf": 0.5559999942779541, "p_xgb": 0.9699195027351379, "date": "2026-01-29"}}, {"type": "Feature", "geometry": {"type": "Point", "coordinates": [-82.25833333504401, 35.491666667244004]}, "properties": {"p_logistic": 0.49847984313964844, "p_rf": 0.5379999876022339, "p_xgb": 0.9699195027351379, "date": "2026-01-29"}}, {"type": "Feature", "geometry": {"type": "Point", "coordinates": [-82.25000000171102, 35.491666667244004]}, "properties": {"p_logistic": 0.4952816665172577, "p_rf": 0.5580000281333923, "p_xgb": 0.971750020980835, "date": "2026-01-29"}}, {"type": "Feature", "geometry": {"type": "Point", "coordinates": [-82.24166666837802, 35.491666667244004]}, "properties": {"p_logistic": 0.49364301562309265, "p_rf": 0.5540000200271606, "p_xgb": 0.9725550413131714, "date": "2026-01-29"}}, {"type": "Feature", "geometry": {"type": "Point", "coordinates": [-82.23333333504502, 35.491666667244004]}, "properties": {"p_logistic": 0.49289587140083313, "p_rf": 0.550000011920929, "p_xgb": 0.9733981490135193, "date": "2026-01-29"}}, {"type": "Feature", "geometry": {"type": "Point", "coordinates": [-82.79166666835602, 35.483333333911006]}, "properties": {"p_logistic": 0.4853323996067047, "p_rf": 0.421999990940094, "p_xgb": 0.9743132591247559, "date": "2026-01-29"}}, {"type": "Feature", "geometry": {"type": "Point", "coordinates": [-82.78333333502302, 35.483333333911006]}, "properties": {"p_logistic": 0.4867343604564667, "p_rf": 0.49000000953674316, "p_xgb": 0.9743132591247559, "date": "2026-01-29"}}, {"type": "Feature", "geometry": {"type": "Point", "coordinates": [-82.77500000169002, 35.483333333911006]}, "properties": {"p_logistic": 0.48733967542648315, "p_rf": 0.5139999985694885, "p_xgb": 0.9703904390335083, "date": "2026-01-29"}}, {"type": "Feature", "geometry": {"type": "Point", "coordinates": [-82.76666666835702, 35.483333333911006]}, "properties": {"p_logistic": 0.48892804980278015, "p_rf": 0.5099999904632568, "p_xgb": 0.9731517434120178, "date": "2026-01-29"}}, {"type": "Feature", "geometry": {"type": "Point", "coordinates": [-82.75833333502402, 35.483333333911006]}, "properties": {"p_logistic": 0.4899040758609772, "p_rf": 0.5199999809265137, "p_xgb": 0.9742733836174011, "date": "2026-01-29"}}, {"type": "Feature", "geometry": {"type": "Point", "coordinates": [-82.75000000169102, 35.483333333911006]}, "properties": {"p_logistic": 0.4915160834789276, "p_rf": 0.5220000147819519, "p_xgb": 0.9831664562225342, "date": "2026-01-29"}}, {"type": "Feature", "geometry": {"type": "Point", "coordinates": [-82.74166666835802, 35.483333333911006]}, "properties": {"p_logistic": 0.49235236644744873, "p_rf": 0.5379999876022339, "p_xgb": 0.9863098859786987, "date": "2026-01-29"}}, {"type": "Feature", "geometry": {"type": "Point", "coordinates": [-82.73333333502501, 35.483333333911006]}, "properties": {"p_logistic": 0.4931267499923706, "p_rf": 0.5680000185966492, "p_xgb": 0.987971842288971, "date": "2026-01-29"}}, {"type": "Feature", "geometry": {"type": "Point", "coordinates": [-82.72500000169202, 35.483333333911006]}, "properties": {"p_logistic": 0.4934351146221161, "p_rf": 0.5820000171661377, "p_xgb": 0.9889962673187256, "date": "2026-01-29"}}, {"type": "Feature", "geometry": {"type": "Point", "coordinates": [-82.71666666835901, 35.483333333911006]}, "properties": {"p_logistic": 0.49309852719306946, "p_rf": 0.5860000252723694, "p_xgb": 0.9886659383773804, "date": "2026-01-29"}}, {"type": "Feature", "geometry": {"type": "Point", "coordinates": [-82.70833333502603, 35.483333333911006]}, "properties": {"p_logistic": 0.4930385947227478, "p_rf": 0.5860000252723694, "p_xgb": 0.9889962673187256, "date": "2026-01-29"}}, {"type": "Feature", "geometry": {"type": "Point", "coordinates": [-82.70000000169301, 35.483333333911006]}, "properties": {"p_logistic": 0.49253785610198975, "p_rf": 0.5820000171661377, "p_xgb": 0.9889962673187256, "date": "2026-01-29"}}, {"type": "Feature", "geometry": {"type": "Point", "coordinates": [-82.69166666836001, 35.483333333911006]}, "properties": {"p_logistic": 0.4929085969924927, "p_rf": 0.5860000252723694, "p_xgb": 0.988261878490448, "date": "2026-01-29"}}, {"type": "Feature", "geometry": {"type": "Point", "coordinates": [-82.68333333502702, 35.483333333911006]}, "properties": {"p_logistic": 0.4926862120628357, "p_rf": 0.5839999914169312, "p_xgb": 0.988261878490448, "date": "2026-01-29"}}, {"type": "Feature", "geometry": {"type": "Point", "coordinates": [-82.67500000169402, 35.483333333911006]}, "properties": {"p_logistic": 0.4930737316608429, "p_rf": 0.578000009059906, "p_xgb": 0.988261878490448, "date": "2026-01-29"}}, {"type": "Feature", "geometry": {"type": "Point", "coordinates": [-82.66666666836102, 35.483333333911006]}, "properties": {"p_logistic": 0.493179053068161, "p_rf": 0.5960000157356262, "p_xgb": 0.988261878490448, "date": "2026-01-29"}}, {"type": "Feature", "geometry": {"type": "Point", "coordinates": [-82.65833333502802, 35.483333333911006]}, "properties": {"p_logistic": 0.4941291809082031, "p_rf": 0.5979999899864197, "p_xgb": 0.9801628589630127, "date": "2026-01-29"}}, {"type": "Feature", "geometry": {"type": "Point", "coordinates": [-82.65000000169502, 35.483333333911006]}, "properties": {"p_logistic": 0.494772344827652, "p_rf": 0.5899999737739563, "p_xgb": 0.9801628589630127, "date": "2026-01-29"}}, {"type": "Feature", "geometry": {"type": "Point", "coordinates": [-82.64166666836202, 35.483333333911006]}, "properties": {"p_logistic": 0.4959283173084259, "p_rf": 0.5839999914169312, "p_xgb": 0.9801628589630127, "date": "2026-01-29"}}, {"type": "Feature", "geometry": {"type": "Point", "coordinates": [-82.63333333502902, 35.483333333911006]}, "properties": {"p_logistic": 0.49703776836395264, "p_rf": 0.5759999752044678, "p_xgb": 0.9824380278587341, "date": "2026-01-29"}}, {"type": "Feature", "geometry": {"type": "Point", "coordinates": [-82.62500000169601, 35.483333333911006]}, "properties": {"p_logistic": 0.4976917803287506, "p_rf": 0.578000009059906, "p_xgb": 0.9920880198478699, "date": "2026-01-29"}}, {"type": "Feature", "geometry": {"type": "Point", "coordinates": [-82.61666666836302, 35.483333333911006]}, "properties": {"p_logistic": 0.4977949559688568, "p_rf": 0.578000009059906, "p_xgb": 0.9920880198478699, "date": "2026-01-29"}}, {"type": "Feature", "geometry": {"type": "Point", "coordinates": [-82.60833333503001, 35.483333333911006]}, "properties": {"p_logistic": 0.49735403060913086, "p_rf": 0.578000009059906, "p_xgb": 0.9824380278587341, "date": "2026-01-29"}}, {"type": "Feature", "geometry": {"type": "Point", "coordinates": [-82.60000000169703, 35.483333333911006]}, "properties": {"p_logistic": 0.4966747760772705, "p_rf": 0.578000009059906, "p_xgb": 0.9824380278587341, "date": "2026-01-29"}}, {"type": "Feature", "geometry": {"type": "Point", "coordinates": [-82.59166666836401, 35.483333333911006]}, "properties": {"p_logistic": 0.49542945623397827, "p_rf": 0.5860000252723694, "p_xgb": 0.9824380278587341, "date": "2026-01-29"}}, {"type": "Feature", "geometry": {"type": "Point", "coordinates": [-82.58333333503101, 35.483333333911006]}, "properties": {"p_logistic": 0.49517175555229187, "p_rf": 0.5820000171661377, "p_xgb": 0.9816795587539673, "date": "2026-01-29"}}, {"type": "Feature", "geometry": {"type": "Point", "coordinates": [-82.57500000169802, 35.483333333911006]}, "properties": {"p_logistic": 0.49592384696006775, "p_rf": 0.5740000009536743, "p_xgb": 0.9689360857009888, "date": "2026-01-29"}}, {"type": "Feature", "geometry": {"type": "Point", "coordinates": [-82.56666666836502, 35.483333333911006]}, "properties": {"p_logistic": 0.4973800480365753, "p_rf": 0.5799999833106995, "p_xgb": 0.9677315950393677, "date": "2026-01-29"}}, {"type": "Feature", "geometry": {"type": "Point", "coordinates": [-82.55833333503202, 35.483333333911006]}, "properties": {"p_logistic": 0.49873343110084534, "p_rf": 0.5960000157356262, "p_xgb": 0.9851551651954651, "date": "2026-01-29"}}, {"type": "Feature", "geometry": {"type": "Point", "coordinates": [-82.55000000169902, 35.483333333911006]}, "properties": {"p_logistic": 0.4996606707572937, "p_rf": 0.6240000128746033, "p_xgb": 0.9854754209518433, "date": "2026-01-29"}}, {"type": "Feature", "geometry": {"type": "Point", "coordinates": [-82.54166666836602, 35.483333333911006]}, "properties": {"p_logistic": 0.4996614158153534, "p_rf": 0.5879999995231628, "p_xgb": 0.9857187867164612, "date": "2026-01-29"}}, {"type": "Feature", "geometry": {"type": "Point", "coordinates": [-82.53333333503302, 35.483333333911006]}, "properties": {"p_logistic": 0.49986863136291504, "p_rf": 0.5879999995231628, "p_xgb": 0.9691118597984314, "date": "2026-01-29"}}, {"type": "Feature", "geometry": {"type": "Point", "coordinates": [-82.52500000170002, 35.483333333911006]}, "properties": {"p_logistic": 0.5016787648200989, "p_rf": 0.6119999885559082, "p_xgb": 0.9753895998001099, "date": "2026-01-29"}}, {"type": "Feature", "geometry": {"type": "Point", "coordinates": [-82.51666666836701, 35.483333333911006]}, "properties": {"p_logistic": 0.5039164423942566, "p_rf": 0.6740000247955322, "p_xgb": 0.9955755472183228, "date": "2026-01-29"}}, {"type": "Feature", "geometry": {"type": "Point", "coordinates": [-82.50833333503402, 35.483333333911006]}, "properties": {"p_logistic": 0.5052618980407715, "p_rf": 0.7260000109672546, "p_xgb": 0.9959532022476196, "date": "2026-01-29"}}, {"type": "Feature", "geometry": {"type": "Point", "coordinates": [-82.50000000170101, 35.483333333911006]}, "properties": {"p_logistic": 0.5065295100212097, "p_rf": 0.6679999828338623, "p_xgb": 0.9956700801849365, "date": "2026-01-29"}}, {"type": "Feature", "geometry": {"type": "Point", "coordinates": [-82.49166666836803, 35.483333333911006]}, "properties": {"p_logistic": 0.5076087713241577, "p_rf": 0.6859999895095825, "p_xgb": 0.9956700801849365, "date": "2026-01-29"}}, {"type": "Feature", "geometry": {"type": "Point", "coordinates": [-82.48333333503501, 35.483333333911006]}, "properties": {"p_logistic": 0.5088240504264832, "p_rf": 0.6880000233650208, "p_xgb": 0.9948949217796326, "date": "2026-01-29"}}, {"type": "Feature", "geometry": {"type": "Point", "coordinates": [-82.47500000170201, 35.483333333911006]}, "properties": {"p_logistic": 0.5097364783287048, "p_rf": 0.6740000247955322, "p_xgb": 0.9891968369483948, "date": "2026-01-29"}}, {"type": "Feature", "geometry": {"type": "Point", "coordinates": [-82.46666666836902, 35.483333333911006]}, "properties": {"p_logistic": 0.5108312964439392, "p_rf": 0.656000018119812, "p_xgb": 0.9891968369483948, "date": "2026-01-29"}}, {"type": "Feature", "geometry": {"type": "Point", "coordinates": [-82.45833333503602, 35.483333333911006]}, "properties": {"p_logistic": 0.5109606981277466, "p_rf": 0.7080000042915344, "p_xgb": 0.9898988604545593, "date": "2026-01-29"}}, {"type": "Feature", "geometry": {"type": "Point", "coordinates": [-82.45000000170302, 35.483333333911006]}, "properties": {"p_logistic": 0.5102197527885437, "p_rf": 0.7020000219345093, "p_xgb": 0.9898988604545593, "date": "2026-01-29"}}, {"type": "Feature", "geometry": {"type": "Point", "coordinates": [-82.44166666837002, 35.483333333911006]}, "properties": {"p_logistic": 0.5091906189918518, "p_rf": 0.6620000004768372, "p_xgb": 0.9898988604545593, "date": "2026-01-29"}}, {"type": "Feature", "geometry": {"type": "Point", "coordinates": [-82.43333333503702, 35.483333333911006]}, "properties": {"p_logistic": 0.5079855918884277, "p_rf": 0.6340000033378601, "p_xgb": 0.9764658212661743, "date": "2026-01-29"}}, {"type": "Feature", "geometry": {"type": "Point", "coordinates": [-82.42500000170402, 35.483333333911006]}, "properties": {"p_logistic": 0.5073309540748596, "p_rf": 0.6380000114440918, "p_xgb": 0.9925037622451782, "date": "2026-01-29"}}, {"type": "Feature", "geometry": {"type": "Point", "coordinates": [-82.41666666837102, 35.483333333911006]}, "properties": {"p_logistic": 0.5073891282081604, "p_rf": 0.6359999775886536, "p_xgb": 0.9925037622451782, "date": "2026-01-29"}}, {"type": "Feature", "geometry": {"type": "Point", "coordinates": [-82.40833333503801, 35.483333333911006]}, "properties": {"p_logistic": 0.5072717070579529, "p_rf": 0.6399999856948853, "p_xgb": 0.9925037622451782, "date": "2026-01-29"}}, {"type": "Feature", "geometry": {"type": "Point", "coordinates": [-82.40000000170502, 35.483333333911006]}, "properties": {"p_logistic": 0.5064026117324829, "p_rf": 0.6420000195503235, "p_xgb": 0.9925037622451782, "date": "2026-01-29"}}, {"type": "Feature", "geometry": {"type": "Point", "coordinates": [-82.39166666837201, 35.483333333911006]}, "properties": {"p_logistic": 0.5051858425140381, "p_rf": 0.6460000276565552, "p_xgb": 0.9860997796058655, "date": "2026-01-29"}}, {"type": "Feature", "geometry": {"type": "Point", "coordinates": [-82.38333333503903, 35.483333333911006]}, "properties": {"p_logistic": 0.504842221736908, "p_rf": 0.6439999938011169, "p_xgb": 0.9764658212661743, "date": "2026-01-29"}}, {"type": "Feature", "geometry": {"type": "Point", "coordinates": [-82.37500000170601, 35.483333333911006]}, "properties": {"p_logistic": 0.5043515563011169, "p_rf": 0.621999979019165, "p_xgb": 0.9755458831787109, "date": "2026-01-29"}}, {"type": "Feature", "geometry": {"type": "Point", "coordinates": [-82.29166666837602, 35.483333333911006]}, "properties": {"p_logistic": 0.5060969591140747, "p_rf": 0.5600000023841858, "p_xgb": 0.9843050837516785, "date": "2026-01-29"}}, {"type": "Feature", "geometry": {"type": "Point", "coordinates": [-82.28333333504301, 35.483333333911006]}, "properties": {"p_logistic": 0.5048930644989014, "p_rf": 0.5600000023841858, "p_xgb": 0.9843050837516785, "date": "2026-01-29"}}, {"type": "Feature", "geometry": {"type": "Point", "coordinates": [-82.27500000171003, 35.483333333911006]}, "properties": {"p_logistic": 0.5016278624534607, "p_rf": 0.5720000267028809, "p_xgb": 0.9835572242736816, "date": "2026-01-29"}}, {"type": "Feature", "geometry": {"type": "Point", "coordinates": [-82.26666666837701, 35.483333333911006]}, "properties": {"p_logistic": 0.4978354871273041, "p_rf": 0.578000009059906, "p_xgb": 0.9699195027351379, "date": "2026-01-29"}}, {"type": "Feature", "geometry": {"type": "Point", "coordinates": [-82.25833333504401, 35.483333333911006]}, "properties": {"p_logistic": 0.49443864822387695, "p_rf": 0.5659999847412109, "p_xgb": 0.9712537527084351, "date": "2026-01-29"}}, {"type": "Feature", "geometry": {"type": "Point", "coordinates": [-82.25000000171102, 35.483333333911006]}, "properties": {"p_logistic": 0.4926249086856842, "p_rf": 0.5640000104904175, "p_xgb": 0.9720725417137146, "date": "2026-01-29"}}, {"type": "Feature", "geometry": {"type": "Point", "coordinates": [-82.24166666837802, 35.483333333911006]}, "properties": {"p_logistic": 0.4916197955608368, "p_rf": 0.5619999766349792, "p_xgb": 0.9739347100257874, "date": "2026-01-29"}}, {"type": "Feature", "geometry": {"type": "Point", "coordinates": [-82.23333333504502, 35.483333333911006]}, "properties": {"p_logistic": 0.4913162291049957, "p_rf": 0.5479999780654907, "p_xgb": 0.9840196371078491, "date": "2026-01-29"}}, {"type": "Feature", "geometry": {"type": "Point", "coordinates": [-82.79166666835602, 35.47500000057801]}, "properties": {"p_logistic": 0.48558852076530457, "p_rf": 0.4480000138282776, "p_xgb": 0.979386031627655, "date": "2026-01-29"}}, {"type": "Feature", "geometry": {"type": "Point", "coordinates": [-82.78333333502302, 35.47500000057801]}, "properties": {"p_logistic": 0.4860391914844513, "p_rf": 0.4259999990463257, "p_xgb": 0.9718778133392334, "date": "2026-01-29"}}, {"type": "Feature", "geometry": {"type": "Point", "coordinates": [-82.77500000169002, 35.47500000057801]}, "properties": {"p_logistic": 0.48695141077041626, "p_rf": 0.5460000038146973, "p_xgb": 0.973650336265564, "date": "2026-01-29"}}, {"type": "Feature", "geometry": {"type": "Point", "coordinates": [-82.76666666835702, 35.47500000057801]}, "properties": {"p_logistic": 0.4885302186012268, "p_rf": 0.527999997138977, "p_xgb": 0.9703904390335083, "date": "2026-01-29"}}, {"type": "Feature", "geometry": {"type": "Point", "coordinates": [-82.75833333502402, 35.47500000057801]}, "properties": {"p_logistic": 0.4900376498699188, "p_rf": 0.527999997138977, "p_xgb": 0.9758790135383606, "date": "2026-01-29"}}, {"type": "Feature", "geometry": {"type": "Point", "coordinates": [-82.75000000169102, 35.47500000057801]}, "properties": {"p_logistic": 0.4909883737564087, "p_rf": 0.5400000214576721, "p_xgb": 0.976889431476593, "date": "2026-01-29"}}, {"type": "Feature", "geometry": {"type": "Point", "coordinates": [-82.74166666835802, 35.47500000057801]}, "properties": {"p_logistic": 0.49100545048713684, "p_rf": 0.527999997138977, "p_xgb": 0.9854863882064819, "date": "2026-01-29"}}, {"type": "Feature", "geometry": {"type": "Point", "coordinates": [-82.73333333502501, 35.47500000057801]}, "properties": {"p_logistic": 0.4912545680999756, "p_rf": 0.5580000281333923, "p_xgb": 0.9886659383773804, "date": "2026-01-29"}}, {"type": "Feature", "geometry": {"type": "Point", "coordinates": [-82.72500000169202, 35.47500000057801]}, "properties": {"p_logistic": 0.4914373755455017, "p_rf": 0.5659999847412109, "p_xgb": 0.9886659383773804, "date": "2026-01-29"}}, {"type": "Feature", "geometry": {"type": "Point", "coordinates": [-82.71666666835901, 35.47500000057801]}, "properties": {"p_logistic": 0.49118322134017944, "p_rf": 0.5699999928474426, "p_xgb": 0.9886659383773804, "date": "2026-01-29"}}, {"type": "Feature", "geometry": {"type": "Point", "coordinates": [-82.70833333502603, 35.47500000057801]}, "properties": {"p_logistic": 0.49147310853004456, "p_rf": 0.5640000104904175, "p_xgb": 0.9879096746444702, "date": "2026-01-29"}}, {"type": "Feature", "geometry": {"type": "Point", "coordinates": [-82.70000000169301, 35.47500000057801]}, "properties": {"p_logistic": 0.4910106062889099, "p_rf": 0.5899999737739563, "p_xgb": 0.988261878490448, "date": "2026-01-29"}}, {"type": "Feature", "geometry": {"type": "Point", "coordinates": [-82.69166666836001, 35.47500000057801]}, "properties": {"p_logistic": 0.4909268021583557, "p_rf": 0.5879999995231628, "p_xgb": 0.988261878490448, "date": "2026-01-29"}}, {"type": "Feature", "geometry": {"type": "Point", "coordinates": [-82.68333333502702, 35.47500000057801]}, "properties": {"p_logistic": 0.4911212921142578, "p_rf": 0.5860000252723694, "p_xgb": 0.988261878490448, "date": "2026-01-29"}}, {"type": "Feature", "geometry": {"type": "Point", "coordinates": [-82.67500000169402, 35.47500000057801]}, "properties": {"p_logistic": 0.49183520674705505, "p_rf": 0.5799999833106995, "p_xgb": 0.9801628589630127, "date": "2026-01-29"}}, {"type": "Feature", "geometry": {"type": "Point", "coordinates": [-82.66666666836102, 35.47500000057801]}, "properties": {"p_logistic": 0.49231359362602234, "p_rf": 0.5699999928474426, "p_xgb": 0.9801628589630127, "date": "2026-01-29"}}, {"type": "Feature", "geometry": {"type": "Point", "coordinates": [-82.65833333502802, 35.47500000057801]}, "properties": {"p_logistic": 0.49318650364875793, "p_rf": 0.5860000252723694, "p_xgb": 0.9801628589630127, "date": "2026-01-29"}}, {"type": "Feature", "geometry": {"type": "Point", "coordinates": [-82.65000000169502, 35.47500000057801]}, "properties": {"p_logistic": 0.4940796494483948, "p_rf": 0.5799999833106995, "p_xgb": 0.9801628589630127, "date": "2026-01-29"}}, {"type": "Feature", "geometry": {"type": "Point", "coordinates": [-82.64166666836202, 35.47500000057801]}, "properties": {"p_logistic": 0.4948360323905945, "p_rf": 0.5879999995231628, "p_xgb": 0.9812918901443481, "date": "2026-01-29"}}, {"type": "Feature", "geometry": {"type": "Point", "coordinates": [-82.63333333502902, 35.47500000057801]}, "properties": {"p_logistic": 0.4956088960170746, "p_rf": 0.5839999914169312, "p_xgb": 0.9812918901443481, "date": "2026-01-29"}}, {"type": "Feature", "geometry": {"type": "Point", "coordinates": [-82.62500000169601, 35.47500000057801]}, "properties": {"p_logistic": 0.49627619981765747, "p_rf": 0.5799999833106995, "p_xgb": 0.9812918901443481, "date": "2026-01-29"}}, {"type": "Feature", "geometry": {"type": "Point", "coordinates": [-82.61666666836302, 35.47500000057801]}, "properties": {"p_logistic": 0.49631842970848083, "p_rf": 0.578000009059906, "p_xgb": 0.9812918901443481, "date": "2026-01-29"}}, {"type": "Feature", "geometry": {"type": "Point", "coordinates": [-82.60833333503001, 35.47500000057801]}, "properties": {"p_logistic": 0.4961061179637909, "p_rf": 0.578000009059906, "p_xgb": 0.9812918901443481, "date": "2026-01-29"}}, {"type": "Feature", "geometry": {"type": "Point", "coordinates": [-82.60000000169703, 35.47500000057801]}, "properties": {"p_logistic": 0.4949095547199249, "p_rf": 0.5820000171661377, "p_xgb": 0.9812918901443481, "date": "2026-01-29"}}, {"type": "Feature", "geometry": {"type": "Point", "coordinates": [-82.59166666836401, 35.47500000057801]}, "properties": {"p_logistic": 0.494262158870697, "p_rf": 0.5860000252723694, "p_xgb": 0.9812918901443481, "date": "2026-01-29"}}, {"type": "Feature", "geometry": {"type": "Point", "coordinates": [-82.58333333503101, 35.47500000057801]}, "properties": {"p_logistic": 0.4943535625934601, "p_rf": 0.5839999914169312, "p_xgb": 0.9820090532302856, "date": "2026-01-29"}}, {"type": "Feature", "geometry": {"type": "Point", "coordinates": [-82.57500000169802, 35.47500000057801]}, "properties": {"p_logistic": 0.4953592121601105, "p_rf": 0.5839999914169312, "p_xgb": 0.9669382572174072, "date": "2026-01-29"}}, {"type": "Feature", "geometry": {"type": "Point", "coordinates": [-82.56666666836502, 35.47500000057801]}, "properties": {"p_logistic": 0.496793270111084, "p_rf": 0.5860000252723694, "p_xgb": 0.9671249985694885, "date": "2026-01-29"}}, {"type": "Feature", "geometry": {"type": "Point", "coordinates": [-82.55833333503202, 35.47500000057801]}, "properties": {"p_logistic": 0.49817749857902527, "p_rf": 0.6060000061988831, "p_xgb": 0.9882119297981262, "date": "2026-01-29"}}, {"type": "Feature", "geometry": {"type": "Point", "coordinates": [-82.55000000169902, 35.47500000057801]}, "properties": {"p_logistic": 0.4989470839500427, "p_rf": 0.6079999804496765, "p_xgb": 0.9882119297981262, "date": "2026-01-29"}}, {"type": "Feature", "geometry": {"type": "Point", "coordinates": [-82.54166666836602, 35.47500000057801]}, "properties": {"p_logistic": 0.499565988779068, "p_rf": 0.6079999804496765, "p_xgb": 0.9753895998001099, "date": "2026-01-29"}}, {"type": "Feature", "geometry": {"type": "Point", "coordinates": [-82.53333333503302, 35.47500000057801]}, "properties": {"p_logistic": 0.5000712871551514, "p_rf": 0.621999979019165, "p_xgb": 0.9730994701385498, "date": "2026-01-29"}}, {"type": "Feature", "geometry": {"type": "Point", "coordinates": [-82.52500000170002, 35.47500000057801]}, "properties": {"p_logistic": 0.5016283392906189, "p_rf": 0.6399999856948853, "p_xgb": 0.9904941916465759, "date": "2026-01-29"}}, {"type": "Feature", "geometry": {"type": "Point", "coordinates": [-82.51666666836701, 35.47500000057801]}, "properties": {"p_logistic": 0.5028509497642517, "p_rf": 0.6359999775886536, "p_xgb": 0.9881945848464966, "date": "2026-01-29"}}, {"type": "Feature", "geometry": {"type": "Point", "coordinates": [-82.50833333503402, 35.47500000057801]}, "properties": {"p_logistic": 0.5041025876998901, "p_rf": 0.6759999990463257, "p_xgb": 0.994967520236969, "date": "2026-01-29"}}, {"type": "Feature", "geometry": {"type": "Point", "coordinates": [-82.50000000170101, 35.47500000057801]}, "properties": {"p_logistic": 0.5052861571311951, "p_rf": 0.6899999976158142, "p_xgb": 0.994967520236969, "date": "2026-01-29"}}, {"type": "Feature", "geometry": {"type": "Point", "coordinates": [-82.49166666836803, 35.47500000057801]}, "properties": {"p_logistic": 0.5064135193824768, "p_rf": 0.6679999828338623, "p_xgb": 0.9936531782150269, "date": "2026-01-29"}}, {"type": "Feature", "geometry": {"type": "Point", "coordinates": [-82.48333333503501, 35.47500000057801]}, "properties": {"p_logistic": 0.5074425339698792, "p_rf": 0.671999990940094, "p_xgb": 0.9936531782150269, "date": "2026-01-29"}}, {"type": "Feature", "geometry": {"type": "Point", "coordinates": [-82.47500000170201, 35.47500000057801]}, "properties": {"p_logistic": 0.5082412958145142, "p_rf": 0.6700000166893005, "p_xgb": 0.9891968369483948, "date": "2026-01-29"}}, {"type": "Feature", "geometry": {"type": "Point", "coordinates": [-82.46666666836902, 35.47500000057801]}, "properties": {"p_logistic": 0.5087730288505554, "p_rf": 0.6840000152587891, "p_xgb": 0.9898988604545593, "date": "2026-01-29"}}, {"type": "Feature", "geometry": {"type": "Point", "coordinates": [-82.45833333503602, 35.47500000057801]}, "properties": {"p_logistic": 0.5095053911209106, "p_rf": 0.7160000205039978, "p_xgb": 0.9898988604545593, "date": "2026-01-29"}}, {"type": "Feature", "geometry": {"type": "Point", "coordinates": [-82.45000000170302, 35.47500000057801]}, "properties": {"p_logistic": 0.5087442398071289, "p_rf": 0.6660000085830688, "p_xgb": 0.9898988604545593, "date": "2026-01-29"}}, {"type": "Feature", "geometry": {"type": "Point", "coordinates": [-82.44166666837002, 35.47500000057801]}, "properties": {"p_logistic": 0.5081655979156494, "p_rf": 0.6740000247955322, "p_xgb": 0.9898988604545593, "date": "2026-01-29"}}, {"type": "Feature", "geometry": {"type": "Point", "coordinates": [-82.43333333503702, 35.47500000057801]}, "properties": {"p_logistic": 0.5071582794189453, "p_rf": 0.6420000195503235, "p_xgb": 0.9881228804588318, "date": "2026-01-29"}}, {"type": "Feature", "geometry": {"type": "Point", "coordinates": [-82.42500000170402, 35.47500000057801]}, "properties": {"p_logistic": 0.5065333247184753, "p_rf": 0.6380000114440918, "p_xgb": 0.9819195866584778, "date": "2026-01-29"}}, {"type": "Feature", "geometry": {"type": "Point", "coordinates": [-82.41666666837102, 35.47500000057801]}, "properties": {"p_logistic": 0.5061254501342773, "p_rf": 0.6380000114440918, "p_xgb": 0.9860997796058655, "date": "2026-01-29"}}, {"type": "Feature", "geometry": {"type": "Point", "coordinates": [-82.40833333503801, 35.47500000057801]}, "properties": {"p_logistic": 0.505031943321228, "p_rf": 0.6359999775886536, "p_xgb": 0.9860997796058655, "date": "2026-01-29"}}, {"type": "Feature", "geometry": {"type": "Point", "coordinates": [-82.40000000170502, 35.47500000057801]}, "properties": {"p_logistic": 0.5038293600082397, "p_rf": 0.6399999856948853, "p_xgb": 0.9860997796058655, "date": "2026-01-29"}}, {"type": "Feature", "geometry": {"type": "Point", "coordinates": [-82.39166666837201, 35.47500000057801]}, "properties": {"p_logistic": 0.5029458999633789, "p_rf": 0.6460000276565552, "p_xgb": 0.9855508804321289, "date": "2026-01-29"}}, {"type": "Feature", "geometry": {"type": "Point", "coordinates": [-82.38333333503903, 35.47500000057801]}, "properties": {"p_logistic": 0.5024543404579163, "p_rf": 0.6439999938011169, "p_xgb": 0.9755458831787109, "date": "2026-01-29"}}, {"type": "Feature", "geometry": {"type": "Point", "coordinates": [-82.37500000170601, 35.47500000057801]}, "properties": {"p_logistic": 0.5024974942207336, "p_rf": 0.6079999804496765, "p_xgb": 0.9769629240036011, "date": "2026-01-29"}}, {"type": "Feature", "geometry": {"type": "Point", "coordinates": [-82.27500000171003, 35.47500000057801]}, "properties": {"p_logistic": 0.49932292103767395, "p_rf": 0.5699999928474426, "p_xgb": 0.9827218651771545, "date": "2026-01-29"}}, {"type": "Feature", "geometry": {"type": "Point", "coordinates": [-82.26666666837701, 35.47500000057801]}, "properties": {"p_logistic": 0.4957028329372406, "p_rf": 0.6179999709129333, "p_xgb": 0.968373715877533, "date": "2026-01-29"}}, {"type": "Feature", "geometry": {"type": "Point", "coordinates": [-82.25833333504401, 35.47500000057801]}, "properties": {"p_logistic": 0.4926163852214813, "p_rf": 0.6359999775886536, "p_xgb": 0.9720725417137146, "date": "2026-01-29"}}, {"type": "Feature", "geometry": {"type": "Point", "coordinates": [-82.25000000171102, 35.47500000057801]}, "properties": {"p_logistic": 0.49144095182418823, "p_rf": 0.6299999952316284, "p_xgb": 0.9729299545288086, "date": "2026-01-29"}}, {"type": "Feature", "geometry": {"type": "Point", "coordinates": [-82.24166666837802, 35.47500000057801]}, "properties": {"p_logistic": 0.4921509027481079, "p_rf": 0.6079999804496765, "p_xgb": 0.981502115726471, "date": "2026-01-29"}}, {"type": "Feature", "geometry": {"type": "Point", "coordinates": [-82.79166666835602, 35.46666666724501]}, "properties": {"p_logistic": 0.48444661498069763, "p_rf": 0.5099999904632568, "p_xgb": 0.9728797674179077, "date": "2026-01-29"}}, {"type": "Feature", "geometry": {"type": "Point", "coordinates": [-82.78333333502302, 35.46666666724501]}, "properties": {"p_logistic": 0.4852227568626404, "p_rf": 0.4480000138282776, "p_xgb": 0.9774591326713562, "date": "2026-01-29"}}, {"type": "Feature", "geometry": {"type": "Point", "coordinates": [-82.77500000169002, 35.46666666724501]}, "properties": {"p_logistic": 0.4861205816268921, "p_rf": 0.4359999895095825, "p_xgb": 0.9747310876846313, "date": "2026-01-29"}}, {"type": "Feature", "geometry": {"type": "Point", "coordinates": [-82.76666666835702, 35.46666666724501]}, "properties": {"p_logistic": 0.4872394800186157, "p_rf": 0.5139999985694885, "p_xgb": 0.976925253868103, "date": "2026-01-29"}}, {"type": "Feature", "geometry": {"type": "Point", "coordinates": [-82.75833333502402, 35.46666666724501]}, "properties": {"p_logistic": 0.48839423060417175, "p_rf": 0.5339999794960022, "p_xgb": 0.9749594926834106, "date": "2026-01-29"}}, {"type": "Feature", "geometry": {"type": "Point", "coordinates": [-82.75000000169102, 35.46666666724501]}, "properties": {"p_logistic": 0.4890705645084381, "p_rf": 0.5299999713897705, "p_xgb": 0.9773046970367432, "date": "2026-01-29"}}, {"type": "Feature", "geometry": {"type": "Point", "coordinates": [-82.74166666835802, 35.46666666724501]}, "properties": {"p_logistic": 0.4893770217895508, "p_rf": 0.5400000214576721, "p_xgb": 0.9801422357559204, "date": "2026-01-29"}}, {"type": "Feature", "geometry": {"type": "Point", "coordinates": [-82.73333333502501, 35.46666666724501]}, "properties": {"p_logistic": 0.48981842398643494, "p_rf": 0.5440000295639038, "p_xgb": 0.9812796115875244, "date": "2026-01-29"}}, {"type": "Feature", "geometry": {"type": "Point", "coordinates": [-82.72500000169202, 35.46666666724501]}, "properties": {"p_logistic": 0.4898829162120819, "p_rf": 0.5580000281333923, "p_xgb": 0.9812796115875244, "date": "2026-01-29"}}, {"type": "Feature", "geometry": {"type": "Point", "coordinates": [-82.71666666835901, 35.46666666724501]}, "properties": {"p_logistic": 0.4898580312728882, "p_rf": 0.5600000023841858, "p_xgb": 0.9812796115875244, "date": "2026-01-29"}}, {"type": "Feature", "geometry": {"type": "Point", "coordinates": [-82.70833333502603, 35.46666666724501]}, "properties": {"p_logistic": 0.4897051155567169, "p_rf": 0.5720000267028809, "p_xgb": 0.9869667291641235, "date": "2026-01-29"}}, {"type": "Feature", "geometry": {"type": "Point", "coordinates": [-82.70000000169301, 35.46666666724501]}, "properties": {"p_logistic": 0.4897755980491638, "p_rf": 0.5680000185966492, "p_xgb": 0.9879096746444702, "date": "2026-01-29"}}, {"type": "Feature", "geometry": {"type": "Point", "coordinates": [-82.69166666836001, 35.46666666724501]}, "properties": {"p_logistic": 0.49010899662971497, "p_rf": 0.5619999766349792, "p_xgb": 0.9795727133750916, "date": "2026-01-29"}}, {"type": "Feature", "geometry": {"type": "Point", "coordinates": [-82.68333333502702, 35.46666666724501]}, "properties": {"p_logistic": 0.49050822854042053, "p_rf": 0.5559999942779541, "p_xgb": 0.9795727133750916, "date": "2026-01-29"}}, {"type": "Feature", "geometry": {"type": "Point", "coordinates": [-82.67500000169402, 35.46666666724501]}, "properties": {"p_logistic": 0.49106261134147644, "p_rf": 0.5519999861717224, "p_xgb": 0.9795727133750916, "date": "2026-01-29"}}, {"type": "Feature", "geometry": {"type": "Point", "coordinates": [-82.66666666836102, 35.46666666724501]}, "properties": {"p_logistic": 0.4919710159301758, "p_rf": 0.5799999833106995, "p_xgb": 0.9801628589630127, "date": "2026-01-29"}}, {"type": "Feature", "geometry": {"type": "Point", "coordinates": [-82.65833333502802, 35.46666666724501]}, "properties": {"p_logistic": 0.49265533685684204, "p_rf": 0.5759999752044678, "p_xgb": 0.9788712859153748, "date": "2026-01-29"}}, {"type": "Feature", "geometry": {"type": "Point", "coordinates": [-82.65000000169502, 35.46666666724501]}, "properties": {"p_logistic": 0.4933118224143982, "p_rf": 0.5640000104904175, "p_xgb": 0.9778107404708862, "date": "2026-01-29"}}, {"type": "Feature", "geometry": {"type": "Point", "coordinates": [-82.64166666836202, 35.46666666724501]}, "properties": {"p_logistic": 0.4937117099761963, "p_rf": 0.5619999766349792, "p_xgb": 0.9746577143669128, "date": "2026-01-29"}}, {"type": "Feature", "geometry": {"type": "Point", "coordinates": [-82.63333333502902, 35.46666666724501]}, "properties": {"p_logistic": 0.49389585852622986, "p_rf": 0.5640000104904175, "p_xgb": 0.9746577143669128, "date": "2026-01-29"}}, {"type": "Feature", "geometry": {"type": "Point", "coordinates": [-82.62500000169601, 35.46666666724501]}, "properties": {"p_logistic": 0.49412083625793457, "p_rf": 0.5699999928474426, "p_xgb": 0.9746577143669128, "date": "2026-01-29"}}, {"type": "Feature", "geometry": {"type": "Point", "coordinates": [-82.61666666836302, 35.46666666724501]}, "properties": {"p_logistic": 0.49441996216773987, "p_rf": 0.5860000252723694, "p_xgb": 0.9746577143669128, "date": "2026-01-29"}}, {"type": "Feature", "geometry": {"type": "Point", "coordinates": [-82.60833333503001, 35.46666666724501]}, "properties": {"p_logistic": 0.49444904923439026, "p_rf": 0.5899999737739563, "p_xgb": 0.9746577143669128, "date": "2026-01-29"}}, {"type": "Feature", "geometry": {"type": "Point", "coordinates": [-82.60000000169703, 35.46666666724501]}, "properties": {"p_logistic": 0.4940655827522278, "p_rf": 0.5860000252723694, "p_xgb": 0.9746577143669128, "date": "2026-01-29"}}, {"type": "Feature", "geometry": {"type": "Point", "coordinates": [-82.59166666836401, 35.46666666724501]}, "properties": {"p_logistic": 0.49354562163352966, "p_rf": 0.5820000171661377, "p_xgb": 0.9746577143669128, "date": "2026-01-29"}}, {"type": "Feature", "geometry": {"type": "Point", "coordinates": [-82.58333333503101, 35.46666666724501]}, "properties": {"p_logistic": 0.4939778447151184, "p_rf": 0.5820000171661377, "p_xgb": 0.9795393943786621, "date": "2026-01-29"}}, {"type": "Feature", "geometry": {"type": "Point", "coordinates": [-82.57500000169802, 35.46666666724501]}, "properties": {"p_logistic": 0.4952998459339142, "p_rf": 0.593999981880188, "p_xgb": 0.9640939831733704, "date": "2026-01-29"}}, {"type": "Feature", "geometry": {"type": "Point", "coordinates": [-82.56666666836502, 35.46666666724501]}, "properties": {"p_logistic": 0.4970134198665619, "p_rf": 0.6060000061988831, "p_xgb": 0.972051739692688, "date": "2026-01-29"}}, {"type": "Feature", "geometry": {"type": "Point", "coordinates": [-82.55833333503202, 35.46666666724501]}, "properties": {"p_logistic": 0.49831071496009827, "p_rf": 0.6200000047683716, "p_xgb": 0.9935193657875061, "date": "2026-01-29"}}, {"type": "Feature", "geometry": {"type": "Point", "coordinates": [-82.55000000169902, 35.46666666724501]}, "properties": {"p_logistic": 0.49913153052330017, "p_rf": 0.6320000290870667, "p_xgb": 0.9870895743370056, "date": "2026-01-29"}}, {"type": "Feature", "geometry": {"type": "Point", "coordinates": [-82.54166666836602, 35.46666666724501]}, "properties": {"p_logistic": 0.49945446848869324, "p_rf": 0.6380000114440918, "p_xgb": 0.9881945848464966, "date": "2026-01-29"}}, {"type": "Feature", "geometry": {"type": "Point", "coordinates": [-82.53333333503302, 35.46666666724501]}, "properties": {"p_logistic": 0.4998994469642639, "p_rf": 0.6439999938011169, "p_xgb": 0.9881945848464966, "date": "2026-01-29"}}, {"type": "Feature", "geometry": {"type": "Point", "coordinates": [-82.52500000170002, 35.46666666724501]}, "properties": {"p_logistic": 0.5007655024528503, "p_rf": 0.6460000276565552, "p_xgb": 0.9936396479606628, "date": "2026-01-29"}}, {"type": "Feature", "geometry": {"type": "Point", "coordinates": [-82.51666666836701, 35.46666666724501]}, "properties": {"p_logistic": 0.5019253492355347, "p_rf": 0.6439999938011169, "p_xgb": 0.9936396479606628, "date": "2026-01-29"}}, {"type": "Feature", "geometry": {"type": "Point", "coordinates": [-82.50833333503402, 35.46666666724501]}, "properties": {"p_logistic": 0.5029833912849426, "p_rf": 0.6359999775886536, "p_xgb": 0.9860997796058655, "date": "2026-01-29"}}, {"type": "Feature", "geometry": {"type": "Point", "coordinates": [-82.50000000170101, 35.46666666724501]}, "properties": {"p_logistic": 0.5041294693946838, "p_rf": 0.6759999990463257, "p_xgb": 0.9942944645881653, "date": "2026-01-29"}}, {"type": "Feature", "geometry": {"type": "Point", "coordinates": [-82.49166666836803, 35.46666666724501]}, "properties": {"p_logistic": 0.5052757859230042, "p_rf": 0.7319999933242798, "p_xgb": 0.9940673112869263, "date": "2026-01-29"}}, {"type": "Feature", "geometry": {"type": "Point", "coordinates": [-82.48333333503501, 35.46666666724501]}, "properties": {"p_logistic": 0.5061547756195068, "p_rf": 0.6880000233650208, "p_xgb": 0.9898988604545593, "date": "2026-01-29"}}, {"type": "Feature", "geometry": {"type": "Point", "coordinates": [-82.47500000170201, 35.46666666724501]}, "properties": {"p_logistic": 0.5067862272262573, "p_rf": 0.722000002861023, "p_xgb": 0.9898988604545593, "date": "2026-01-29"}}, {"type": "Feature", "geometry": {"type": "Point", "coordinates": [-82.46666666836902, 35.46666666724501]}, "properties": {"p_logistic": 0.5074228644371033, "p_rf": 0.7139999866485596, "p_xgb": 0.9898988604545593, "date": "2026-01-29"}}, {"type": "Feature", "geometry": {"type": "Point", "coordinates": [-82.45833333503602, 35.46666666724501]}, "properties": {"p_logistic": 0.5080443024635315, "p_rf": 0.6740000247955322, "p_xgb": 0.9898988604545593, "date": "2026-01-29"}}, {"type": "Feature", "geometry": {"type": "Point", "coordinates": [-82.45000000170302, 35.46666666724501]}, "properties": {"p_logistic": 0.5074222087860107, "p_rf": 0.6740000247955322, "p_xgb": 0.987919807434082, "date": "2026-01-29"}}, {"type": "Feature", "geometry": {"type": "Point", "coordinates": [-82.44166666837002, 35.46666666724501]}, "properties": {"p_logistic": 0.5069227814674377, "p_rf": 0.6660000085830688, "p_xgb": 0.987919807434082, "date": "2026-01-29"}}, {"type": "Feature", "geometry": {"type": "Point", "coordinates": [-82.43333333503702, 35.46666666724501]}, "properties": {"p_logistic": 0.5060441493988037, "p_rf": 0.6340000033378601, "p_xgb": 0.9764658212661743, "date": "2026-01-29"}}, {"type": "Feature", "geometry": {"type": "Point", "coordinates": [-82.37500000170601, 35.46666666724501]}, "properties": {"p_logistic": 0.501178503036499, "p_rf": 0.621999979019165, "p_xgb": 0.9808762669563293, "date": "2026-01-29"}}, {"type": "Feature", "geometry": {"type": "Point", "coordinates": [-82.25833333504401, 35.46666666724501]}, "properties": {"p_logistic": 0.49299952387809753, "p_rf": 0.6179999709129333, "p_xgb": 0.9809664487838745, "date": "2026-01-29"}}, {"type": "Feature", "geometry": {"type": "Point", "coordinates": [-82.25000000171102, 35.46666666724501]}, "properties": {"p_logistic": 0.49265238642692566, "p_rf": 0.6119999885559082, "p_xgb": 0.9879273772239685, "date": "2026-01-29"}}, {"type": "Feature", "geometry": {"type": "Point", "coordinates": [-82.78333333502302, 35.458333333912]}, "properties": {"p_logistic": 0.4833313822746277, "p_rf": 0.5040000081062317, "p_xgb": 0.9728797674179077, "date": "2026-01-29"}}, {"type": "Feature", "geometry": {"type": "Point", "coordinates": [-82.77500000169002, 35.458333333912]}, "properties": {"p_logistic": 0.483896940946579, "p_rf": 0.5099999904632568, "p_xgb": 0.9737386107444763, "date": "2026-01-29"}}, {"type": "Feature", "geometry": {"type": "Point", "coordinates": [-82.76666666835702, 35.458333333912]}, "properties": {"p_logistic": 0.4849904477596283, "p_rf": 0.46799999475479126, "p_xgb": 0.976006269454956, "date": "2026-01-29"}}, {"type": "Feature", "geometry": {"type": "Point", "coordinates": [-82.75833333502402, 35.458333333912]}, "properties": {"p_logistic": 0.4857221245765686, "p_rf": 0.44999998807907104, "p_xgb": 0.9736894369125366, "date": "2026-01-29"}}, {"type": "Feature", "geometry": {"type": "Point", "coordinates": [-82.75000000169102, 35.458333333912]}, "properties": {"p_logistic": 0.4862263798713684, "p_rf": 0.527999997138977, "p_xgb": 0.9768799543380737, "date": "2026-01-29"}}, {"type": "Feature", "geometry": {"type": "Point", "coordinates": [-82.74166666835802, 35.458333333912]}, "properties": {"p_logistic": 0.4868568778038025, "p_rf": 0.550000011920929, "p_xgb": 0.9771242737770081, "date": "2026-01-29"}}, {"type": "Feature", "geometry": {"type": "Point", "coordinates": [-82.73333333502501, 35.458333333912]}, "properties": {"p_logistic": 0.48766934871673584, "p_rf": 0.5580000281333923, "p_xgb": 0.977767288684845, "date": "2026-01-29"}}, {"type": "Feature", "geometry": {"type": "Point", "coordinates": [-82.72500000169202, 35.458333333912]}, "properties": {"p_logistic": 0.48809492588043213, "p_rf": 0.5619999766349792, "p_xgb": 0.9804571270942688, "date": "2026-01-29"}}, {"type": "Feature", "geometry": {"type": "Point", "coordinates": [-82.71666666835901, 35.458333333912]}, "properties": {"p_logistic": 0.48825493454933167, "p_rf": 0.5640000104904175, "p_xgb": 0.9812796115875244, "date": "2026-01-29"}}, {"type": "Feature", "geometry": {"type": "Point", "coordinates": [-82.70833333502603, 35.458333333912]}, "properties": {"p_logistic": 0.48831605911254883, "p_rf": 0.5720000267028809, "p_xgb": 0.9800405502319336, "date": "2026-01-29"}}, {"type": "Feature", "geometry": {"type": "Point", "coordinates": [-82.70000000169301, 35.458333333912]}, "properties": {"p_logistic": 0.4887765347957611, "p_rf": 0.5680000185966492, "p_xgb": 0.9643101096153259, "date": "2026-01-29"}}, {"type": "Feature", "geometry": {"type": "Point", "coordinates": [-82.69166666836001, 35.458333333912]}, "properties": {"p_logistic": 0.4895792603492737, "p_rf": 0.550000011920929, "p_xgb": 0.961030125617981, "date": "2026-01-29"}}, {"type": "Feature", "geometry": {"type": "Point", "coordinates": [-82.68333333502702, 35.458333333912]}, "properties": {"p_logistic": 0.49052509665489197, "p_rf": 0.550000011920929, "p_xgb": 0.961030125617981, "date": "2026-01-29"}}, {"type": "Feature", "geometry": {"type": "Point", "coordinates": [-82.67500000169402, 35.458333333912]}, "properties": {"p_logistic": 0.4916003942489624, "p_rf": 0.5479999780654907, "p_xgb": 0.9519488215446472, "date": "2026-01-29"}}, {"type": "Feature", "geometry": {"type": "Point", "coordinates": [-82.66666666836102, 35.458333333912]}, "properties": {"p_logistic": 0.4928053021430969, "p_rf": 0.5559999942779541, "p_xgb": 0.9538017511367798, "date": "2026-01-29"}}, {"type": "Feature", "geometry": {"type": "Point", "coordinates": [-82.65833333502802, 35.458333333912]}, "properties": {"p_logistic": 0.49360451102256775, "p_rf": 0.5540000200271606, "p_xgb": 0.9573193192481995, "date": "2026-01-29"}}, {"type": "Feature", "geometry": {"type": "Point", "coordinates": [-82.65000000169502, 35.458333333912]}, "properties": {"p_logistic": 0.4942946135997772, "p_rf": 0.5559999942779541, "p_xgb": 0.9573193192481995, "date": "2026-01-29"}}, {"type": "Feature", "geometry": {"type": "Point", "coordinates": [-82.64166666836202, 35.458333333912]}, "properties": {"p_logistic": 0.4948517382144928, "p_rf": 0.5699999928474426, "p_xgb": 0.957557737827301, "date": "2026-01-29"}}, {"type": "Feature", "geometry": {"type": "Point", "coordinates": [-82.63333333502902, 35.458333333912]}, "properties": {"p_logistic": 0.4949786067008972, "p_rf": 0.5899999737739563, "p_xgb": 0.968148410320282, "date": "2026-01-29"}}, {"type": "Feature", "geometry": {"type": "Point", "coordinates": [-82.62500000169601, 35.458333333912]}, "properties": {"p_logistic": 0.49517881870269775, "p_rf": 0.5899999737739563, "p_xgb": 0.9786658883094788, "date": "2026-01-29"}}, {"type": "Feature", "geometry": {"type": "Point", "coordinates": [-82.61666666836302, 35.458333333912]}, "properties": {"p_logistic": 0.4956105351448059, "p_rf": 0.6179999709129333, "p_xgb": 0.992490828037262, "date": "2026-01-29"}}, {"type": "Feature", "geometry": {"type": "Point", "coordinates": [-82.60833333503001, 35.458333333912]}, "properties": {"p_logistic": 0.49617069959640503, "p_rf": 0.6100000143051147, "p_xgb": 0.9930370450019836, "date": "2026-01-29"}}, {"type": "Feature", "geometry": {"type": "Point", "coordinates": [-82.60000000169703, 35.458333333912]}, "properties": {"p_logistic": 0.4962305426597595, "p_rf": 0.6100000143051147, "p_xgb": 0.9930370450019836, "date": "2026-01-29"}}, {"type": "Feature", "geometry": {"type": "Point", "coordinates": [-82.59166666836401, 35.458333333912]}, "properties": {"p_logistic": 0.4956250488758087, "p_rf": 0.6019999980926514, "p_xgb": 0.981174111366272, "date": "2026-01-29"}}, {"type": "Feature", "geometry": {"type": "Point", "coordinates": [-82.58333333503101, 35.458333333912]}, "properties": {"p_logistic": 0.49638065695762634, "p_rf": 0.6079999804496765, "p_xgb": 0.9930370450019836, "date": "2026-01-29"}}, {"type": "Feature", "geometry": {"type": "Point", "coordinates": [-82.57500000169802, 35.458333333912]}, "properties": {"p_logistic": 0.49771809577941895, "p_rf": 0.6420000195503235, "p_xgb": 0.9881945848464966, "date": "2026-01-29"}}, {"type": "Feature", "geometry": {"type": "Point", "coordinates": [-82.56666666836502, 35.458333333912]}, "properties": {"p_logistic": 0.4989834427833557, "p_rf": 0.6359999775886536, "p_xgb": 0.9877274036407471, "date": "2026-01-29"}}, {"type": "Feature", "geometry": {"type": "Point", "coordinates": [-82.55833333503202, 35.458333333912]}, "properties": {"p_logistic": 0.49990418553352356, "p_rf": 0.6359999775886536, "p_xgb": 0.9877274036407471, "date": "2026-01-29"}}, {"type": "Feature", "geometry": {"type": "Point", "coordinates": [-82.55000000169902, 35.458333333912]}, "properties": {"p_logistic": 0.5003983974456787, "p_rf": 0.6399999856948853, "p_xgb": 0.9877274036407471, "date": "2026-01-29"}}, {"type": "Feature", "geometry": {"type": "Point", "coordinates": [-82.54166666836602, 35.458333333912]}, "properties": {"p_logistic": 0.5005684494972229, "p_rf": 0.6439999938011169, "p_xgb": 0.9881945848464966, "date": "2026-01-29"}}, {"type": "Feature", "geometry": {"type": "Point", "coordinates": [-82.53333333503302, 35.458333333912]}, "properties": {"p_logistic": 0.5005806684494019, "p_rf": 0.628000020980835, "p_xgb": 0.9925037622451782, "date": "2026-01-29"}}, {"type": "Feature", "geometry": {"type": "Point", "coordinates": [-82.52500000170002, 35.458333333912]}, "properties": {"p_logistic": 0.500743567943573, "p_rf": 0.6320000290870667, "p_xgb": 0.992201566696167, "date": "2026-01-29"}}, {"type": "Feature", "geometry": {"type": "Point", "coordinates": [-82.51666666836701, 35.458333333912]}, "properties": {"p_logistic": 0.5009458065032959, "p_rf": 0.6299999952316284, "p_xgb": 0.992201566696167, "date": "2026-01-29"}}, {"type": "Feature", "geometry": {"type": "Point", "coordinates": [-82.50833333503402, 35.458333333912]}, "properties": {"p_logistic": 0.5012841820716858, "p_rf": 0.628000020980835, "p_xgb": 0.992201566696167, "date": "2026-01-29"}}, {"type": "Feature", "geometry": {"type": "Point", "coordinates": [-82.50000000170101, 35.458333333912]}, "properties": {"p_logistic": 0.5021244883537292, "p_rf": 0.6460000276565552, "p_xgb": 0.9925037622451782, "date": "2026-01-29"}}, {"type": "Feature", "geometry": {"type": "Point", "coordinates": [-82.49166666836803, 35.458333333912]}, "properties": {"p_logistic": 0.5030607581138611, "p_rf": 0.6380000114440918, "p_xgb": 0.9860997796058655, "date": "2026-01-29"}}, {"type": "Feature", "geometry": {"type": "Point", "coordinates": [-82.48333333503501, 35.458333333912]}, "properties": {"p_logistic": 0.5041089057922363, "p_rf": 0.6740000247955322, "p_xgb": 0.9883798360824585, "date": "2026-01-29"}}, {"type": "Feature", "geometry": {"type": "Point", "coordinates": [-82.47500000170201, 35.458333333912]}, "properties": {"p_logistic": 0.5047186017036438, "p_rf": 0.6740000247955322, "p_xgb": 0.9902841448783875, "date": "2026-01-29"}}, {"type": "Feature", "geometry": {"type": "Point", "coordinates": [-82.46666666836902, 35.458333333912]}, "properties": {"p_logistic": 0.5052146315574646, "p_rf": 0.6759999990463257, "p_xgb": 0.9883798360824585, "date": "2026-01-29"}}, {"type": "Feature", "geometry": {"type": "Point", "coordinates": [-82.45833333503602, 35.458333333912]}, "properties": {"p_logistic": 0.5061375498771667, "p_rf": 0.6439999938011169, "p_xgb": 0.9881228804588318, "date": "2026-01-29"}}, {"type": "Feature", "geometry": {"type": "Point", "coordinates": [-82.45000000170302, 35.458333333912]}, "properties": {"p_logistic": 0.5061312913894653, "p_rf": 0.6340000033378601, "p_xgb": 0.9764658212661743, "date": "2026-01-29"}}, {"type": "Feature", "geometry": {"type": "Point", "coordinates": [-82.78333333502302, 35.450000000579]}, "properties": {"p_logistic": 0.4823870062828064, "p_rf": 0.5479999780654907, "p_xgb": 0.9788241386413574, "date": "2026-01-29"}}, {"type": "Feature", "geometry": {"type": "Point", "coordinates": [-82.77500000169002, 35.450000000579]}, "properties": {"p_logistic": 0.4825660288333893, "p_rf": 0.5360000133514404, "p_xgb": 0.9744220972061157, "date": "2026-01-29"}}, {"type": "Feature", "geometry": {"type": "Point", "coordinates": [-82.76666666835702, 35.450000000579]}, "properties": {"p_logistic": 0.4828905165195465, "p_rf": 0.5400000214576721, "p_xgb": 0.9744220972061157, "date": "2026-01-29"}}, {"type": "Feature", "geometry": {"type": "Point", "coordinates": [-82.75833333502402, 35.450000000579]}, "properties": {"p_logistic": 0.4832656681537628, "p_rf": 0.5180000066757202, "p_xgb": 0.9744220972061157, "date": "2026-01-29"}}, {"type": "Feature", "geometry": {"type": "Point", "coordinates": [-82.75000000169102, 35.450000000579]}, "properties": {"p_logistic": 0.4832490384578705, "p_rf": 0.515999972820282, "p_xgb": 0.9766358137130737, "date": "2026-01-29"}}, {"type": "Feature", "geometry": {"type": "Point", "coordinates": [-82.74166666835802, 35.450000000579]}, "properties": {"p_logistic": 0.48415064811706543, "p_rf": 0.48399999737739563, "p_xgb": 0.9773749709129333, "date": "2026-01-29"}}, {"type": "Feature", "geometry": {"type": "Point", "coordinates": [-82.73333333502501, 35.450000000579]}, "properties": {"p_logistic": 0.48526525497436523, "p_rf": 0.4699999988079071, "p_xgb": 0.9739755392074585, "date": "2026-01-29"}}, {"type": "Feature", "geometry": {"type": "Point", "coordinates": [-82.72500000169202, 35.450000000579]}, "properties": {"p_logistic": 0.48599767684936523, "p_rf": 0.5460000038146973, "p_xgb": 0.9712733030319214, "date": "2026-01-29"}}, {"type": "Feature", "geometry": {"type": "Point", "coordinates": [-82.71666666835901, 35.450000000579]}, "properties": {"p_logistic": 0.4863240122795105, "p_rf": 0.5600000023841858, "p_xgb": 0.9448869228363037, "date": "2026-01-29"}}, {"type": "Feature", "geometry": {"type": "Point", "coordinates": [-82.64166666836202, 35.450000000579]}, "properties": {"p_logistic": 0.497071236371994, "p_rf": 0.6240000128746033, "p_xgb": 0.9896802306175232, "date": "2026-01-29"}}, {"type": "Feature", "geometry": {"type": "Point", "coordinates": [-82.63333333502902, 35.450000000579]}, "properties": {"p_logistic": 0.4975402355194092, "p_rf": 0.6100000143051147, "p_xgb": 0.9905412793159485, "date": "2026-01-29"}}, {"type": "Feature", "geometry": {"type": "Point", "coordinates": [-82.62500000169601, 35.450000000579]}, "properties": {"p_logistic": 0.4979539215564728, "p_rf": 0.6159999966621399, "p_xgb": 0.9905412793159485, "date": "2026-01-29"}}, {"type": "Feature", "geometry": {"type": "Point", "coordinates": [-82.61666666836302, 35.450000000579]}, "properties": {"p_logistic": 0.49853771924972534, "p_rf": 0.6140000224113464, "p_xgb": 0.9888582229614258, "date": "2026-01-29"}}, {"type": "Feature", "geometry": {"type": "Point", "coordinates": [-82.60833333503001, 35.450000000579]}, "properties": {"p_logistic": 0.499377965927124, "p_rf": 0.621999979019165, "p_xgb": 0.9888582229614258, "date": "2026-01-29"}}, {"type": "Feature", "geometry": {"type": "Point", "coordinates": [-82.60000000169703, 35.450000000579]}, "properties": {"p_logistic": 0.5003771781921387, "p_rf": 0.6179999709129333, "p_xgb": 0.9932748079299927, "date": "2026-01-29"}}, {"type": "Feature", "geometry": {"type": "Point", "coordinates": [-82.59166666836401, 35.450000000579]}, "properties": {"p_logistic": 0.5010644197463989, "p_rf": 0.6320000290870667, "p_xgb": 0.9904344081878662, "date": "2026-01-29"}}, {"type": "Feature", "geometry": {"type": "Point", "coordinates": [-82.58333333503101, 35.450000000579]}, "properties": {"p_logistic": 0.5015547275543213, "p_rf": 0.6359999775886536, "p_xgb": 0.9867397546768188, "date": "2026-01-29"}}, {"type": "Feature", "geometry": {"type": "Point", "coordinates": [-82.57500000169802, 35.450000000579]}, "properties": {"p_logistic": 0.502640426158905, "p_rf": 0.6179999709129333, "p_xgb": 0.987250804901123, "date": "2026-01-29"}}, {"type": "Feature", "geometry": {"type": "Point", "coordinates": [-82.56666666836502, 35.450000000579]}, "properties": {"p_logistic": 0.5029966235160828, "p_rf": 0.6240000128746033, "p_xgb": 0.9764658212661743, "date": "2026-01-29"}}, {"type": "Feature", "geometry": {"type": "Point", "coordinates": [-82.55833333503202, 35.450000000579]}, "properties": {"p_logistic": 0.5031105279922485, "p_rf": 0.6259999871253967, "p_xgb": 0.977830708026886, "date": "2026-01-29"}}, {"type": "Feature", "geometry": {"type": "Point", "coordinates": [-82.55000000169902, 35.450000000579]}, "properties": {"p_logistic": 0.5029598474502563, "p_rf": 0.6200000047683716, "p_xgb": 0.977830708026886, "date": "2026-01-29"}}, {"type": "Feature", "geometry": {"type": "Point", "coordinates": [-82.54166666836602, 35.450000000579]}, "properties": {"p_logistic": 0.5024821162223816, "p_rf": 0.6179999709129333, "p_xgb": 0.989661455154419, "date": "2026-01-29"}}, {"type": "Feature", "geometry": {"type": "Point", "coordinates": [-82.53333333503302, 35.450000000579]}, "properties": {"p_logistic": 0.5018558502197266, "p_rf": 0.6019999980926514, "p_xgb": 0.9892459511756897, "date": "2026-01-29"}}, {"type": "Feature", "geometry": {"type": "Point", "coordinates": [-82.52500000170002, 35.450000000579]}, "properties": {"p_logistic": 0.5011332631111145, "p_rf": 0.6140000224113464, "p_xgb": 0.9895781874656677, "date": "2026-01-29"}}, {"type": "Feature", "geometry": {"type": "Point", "coordinates": [-82.51666666836701, 35.450000000579]}, "properties": {"p_logistic": 0.5000565052032471, "p_rf": 0.6079999804496765, "p_xgb": 0.9895781874656677, "date": "2026-01-29"}}, {"type": "Feature", "geometry": {"type": "Point", "coordinates": [-82.50833333503402, 35.450000000579]}, "properties": {"p_logistic": 0.49942055344581604, "p_rf": 0.6100000143051147, "p_xgb": 0.9885559678077698, "date": "2026-01-29"}}, {"type": "Feature", "geometry": {"type": "Point", "coordinates": [-82.50000000170101, 35.450000000579]}, "properties": {"p_logistic": 0.4994315803050995, "p_rf": 0.6359999775886536, "p_xgb": 0.9885559678077698, "date": "2026-01-29"}}, {"type": "Feature", "geometry": {"type": "Point", "coordinates": [-82.49166666836803, 35.450000000579]}, "properties": {"p_logistic": 0.500240683555603, "p_rf": 0.6259999871253967, "p_xgb": 0.9875164031982422, "date": "2026-01-29"}}, {"type": "Feature", "geometry": {"type": "Point", "coordinates": [-82.48333333503501, 35.450000000579]}, "properties": {"p_logistic": 0.5011355876922607, "p_rf": 0.6439999938011169, "p_xgb": 0.987250804901123, "date": "2026-01-29"}}, {"type": "Feature", "geometry": {"type": "Point", "coordinates": [-82.47500000170201, 35.450000000579]}, "properties": {"p_logistic": 0.5015742182731628, "p_rf": 0.6439999938011169, "p_xgb": 0.9925037622451782, "date": "2026-01-29"}}, {"type": "Feature", "geometry": {"type": "Point", "coordinates": [-82.46666666836902, 35.450000000579]}, "properties": {"p_logistic": 0.5022012591362, "p_rf": 0.6380000114440918, "p_xgb": 0.9860997796058655, "date": "2026-01-29"}}, {"type": "Feature", "geometry": {"type": "Point", "coordinates": [-82.45833333503602, 35.450000000579]}, "properties": {"p_logistic": 0.5028716921806335, "p_rf": 0.6380000114440918, "p_xgb": 0.9860997796058655, "date": "2026-01-29"}}, {"type": "Feature", "geometry": {"type": "Point", "coordinates": [-82.77500000169002, 35.441666667246004]}, "properties": {"p_logistic": 0.48203152418136597, "p_rf": 0.5360000133514404, "p_xgb": 0.980534017086029, "date": "2026-01-29"}}, {"type": "Feature", "geometry": {"type": "Point", "coordinates": [-82.76666666835702, 35.441666667246004]}, "properties": {"p_logistic": 0.481805682182312, "p_rf": 0.5220000147819519, "p_xgb": 0.980534017086029, "date": "2026-01-29"}}, {"type": "Feature", "geometry": {"type": "Point", "coordinates": [-82.75833333502402, 35.441666667246004]}, "properties": {"p_logistic": 0.481856107711792, "p_rf": 0.5540000200271606, "p_xgb": 0.980534017086029, "date": "2026-01-29"}}, {"type": "Feature", "geometry": {"type": "Point", "coordinates": [-82.75000000169102, 35.441666667246004]}, "properties": {"p_logistic": 0.4816988408565521, "p_rf": 0.5580000281333923, "p_xgb": 0.9800971150398254, "date": "2026-01-29"}}, {"type": "Feature", "geometry": {"type": "Point", "coordinates": [-82.74166666835802, 35.441666667246004]}, "properties": {"p_logistic": 0.48218950629234314, "p_rf": 0.5460000038146973, "p_xgb": 0.9788241386413574, "date": "2026-01-29"}}, {"type": "Feature", "geometry": {"type": "Point", "coordinates": [-82.73333333502501, 35.441666667246004]}, "properties": {"p_logistic": 0.48357483744621277, "p_rf": 0.5299999713897705, "p_xgb": 0.9727419018745422, "date": "2026-01-29"}}, {"type": "Feature", "geometry": {"type": "Point", "coordinates": [-82.72500000169202, 35.441666667246004]}, "properties": {"p_logistic": 0.4846471846103668, "p_rf": 0.4740000069141388, "p_xgb": 0.9608880281448364, "date": "2026-01-29"}}, {"type": "Feature", "geometry": {"type": "Point", "coordinates": [-82.62500000169601, 35.441666667246004]}, "properties": {"p_logistic": 0.49924325942993164, "p_rf": 0.6140000224113464, "p_xgb": 0.9824039936065674, "date": "2026-01-29"}}, {"type": "Feature", "geometry": {"type": "Point", "coordinates": [-82.61666666836302, 35.441666667246004]}, "properties": {"p_logistic": 0.49994388222694397, "p_rf": 0.6140000224113464, "p_xgb": 0.9824039936065674, "date": "2026-01-29"}}, {"type": "Feature", "geometry": {"type": "Point", "coordinates": [-82.60000000169703, 35.441666667246004]}, "properties": {"p_logistic": 0.5023719668388367, "p_rf": 0.6019999980926514, "p_xgb": 0.9887638092041016, "date": "2026-01-29"}}, {"type": "Feature", "geometry": {"type": "Point", "coordinates": [-82.59166666836401, 35.441666667246004]}, "properties": {"p_logistic": 0.5034640431404114, "p_rf": 0.6100000143051147, "p_xgb": 0.9895781874656677, "date": "2026-01-29"}}, {"type": "Feature", "geometry": {"type": "Point", "coordinates": [-82.58333333503101, 35.441666667246004]}, "properties": {"p_logistic": 0.5044206380844116, "p_rf": 0.6100000143051147, "p_xgb": 0.9892459511756897, "date": "2026-01-29"}}, {"type": "Feature", "geometry": {"type": "Point", "coordinates": [-82.57500000169802, 35.441666667246004]}, "properties": {"p_logistic": 0.5053818225860596, "p_rf": 0.6140000224113464, "p_xgb": 0.9888246655464172, "date": "2026-01-29"}}, {"type": "Feature", "geometry": {"type": "Point", "coordinates": [-82.56666666836502, 35.441666667246004]}, "properties": {"p_logistic": 0.505978524684906, "p_rf": 0.6200000047683716, "p_xgb": 0.9892562627792358, "date": "2026-01-29"}}, {"type": "Feature", "geometry": {"type": "Point", "coordinates": [-82.54166666836602, 35.441666667246004]}, "properties": {"p_logistic": 0.5032241940498352, "p_rf": 0.6200000047683716, "p_xgb": 0.9896016716957092, "date": "2026-01-29"}}, {"type": "Feature", "geometry": {"type": "Point", "coordinates": [-82.76666666835702, 35.433333333913005]}, "properties": {"p_logistic": 0.4817025363445282, "p_rf": 0.4819999933242798, "p_xgb": 0.9549636840820312, "date": "2026-01-29"}}, {"type": "Feature", "geometry": {"type": "Point", "coordinates": [-82.75833333502402, 35.433333333913005]}, "properties": {"p_logistic": 0.4815931022167206, "p_rf": 0.49799999594688416, "p_xgb": 0.9569328427314758, "date": "2026-01-29"}}, {"type": "Feature", "geometry": {"type": "Point", "coordinates": [-82.75000000169102, 35.433333333913005]}, "properties": {"p_logistic": 0.4811684191226959, "p_rf": 0.5040000081062317, "p_xgb": 0.9552050828933716, "date": "2026-01-29"}}, {"type": "Feature", "geometry": {"type": "Point", "coordinates": [-82.74166666835802, 35.433333333913005]}, "properties": {"p_logistic": 0.48159849643707275, "p_rf": 0.5260000228881836, "p_xgb": 0.9701414108276367, "date": "2026-01-29"}}, {"type": "Feature", "geometry": {"type": "Point", "coordinates": [-82.73333333502501, 35.433333333913005]}, "properties": {"p_logistic": 0.4825576841831207, "p_rf": 0.550000011920929, "p_xgb": 0.9729395508766174, "date": "2026-01-29"}}, {"type": "Feature", "geometry": {"type": "Point", "coordinates": [-82.57500000169802, 35.433333333913005]}, "properties": {"p_logistic": 0.5068802237510681, "p_rf": 0.6240000128746033, "p_xgb": 0.9887813329696655, "date": "2026-01-29"}}, {"type": "Feature", "geometry": {"type": "Point", "coordinates": [-82.54166666836602, 35.433333333913005]}, "properties": {"p_logistic": 0.5033456087112427, "p_rf": 0.6320000290870667, "p_xgb": 0.9887813329696655, "date": "2026-01-29"}}, {"type": "Feature", "geometry": {"type": "Point", "coordinates": [-82.53333333503302, 35.433333333913005]}, "properties": {"p_logistic": 0.501422643661499, "p_rf": 0.6340000033378601, "p_xgb": 0.9887813329696655, "date": "2026-01-29"}}, {"type": "Feature", "geometry": {"type": "Point", "coordinates": [-82.54166666836602, 35.425000000580006]}, "properties": {"p_logistic": 0.5043763518333435, "p_rf": 0.6039999723434448, "p_xgb": 0.9884465932846069, "date": "2026-01-29"}}, {"type": "Feature", "geometry": {"type": "Point", "coordinates": [-82.53333333503302, 35.425000000580006]}, "properties": {"p_logistic": 0.5020241141319275, "p_rf": 0.6359999775886536, "p_xgb": 0.9880160689353943, "date": "2026-01-29"}}]}