{"type": "FeatureCollection", "features": [{"type": "Feature", "geometry": {"type": "Point", "coordinates": [-82.40833333503801, 35.816666667231004]}, "properties": {"p_logistic": 0.4679887592792511, "p_rf": 0.722000002861023, "p_xgb": 0.971268355846405, "date": "2026-10-08"}}, {"type": "Feature", "geometry": {"type": "Point", "coordinates": [-82.40000000170502, 35.816666667231004]}, "properties": {"p_logistic": 0.46731650829315186, "p_rf": 0.722000002861023, "p_xgb": 0.971268355846405, "date": "2026-10-08"}}, {"type": "Feature", "geometry": {"type": "Point", "coordinates": [-82.39166666837201, 35.816666667231004]}, "properties": {"p_logistic": 0.4649384021759033, "p_rf": 0.7020000219345093, "p_xgb": 0.9723934531211853, "date": "2026-10-08"}}, {"type": "Feature", "geometry": {"type": "Point", "coordinates": [-82.38333333503903, 35.816666667231004]}, "properties": {"p_logistic": 0.46211278438568115, "p_rf": 0.7039999961853027, "p_xgb": 0.9723934531211853, "date": "2026-10-08"}}, {"type": "Feature", "geometry": {"type": "Point", "coordinates": [-82.37500000170601, 35.816666667231004]}, "properties": {"p_logistic": 0.45927008986473083, "p_rf": 0.7080000042915344, "p_xgb": 0.9723934531211853, "date": "2026-10-08"}}, {"type": "Feature", "geometry": {"type": "Point", "coordinates": [-82.36666666837301, 35.816666667231004]}, "properties": {"p_logistic": 0.463744580745697, "p_rf": 0.7080000042915344, "p_xgb": 0.9736531376838684, "date": "2026-10-08"}}, {"type": "Feature", "geometry": {"type": "Point", "coordinates": [-82.35833333504002, 35.816666667231004]}, "properties": {"p_logistic": 0.4659912884235382, "p_rf": 0.7080000042915344, "p_xgb": 0.9801806807518005, "date": "2026-10-08"}}, {"type": "Feature", "geometry": {"type": "Point", "coordinates": [-82.45833333503602, 35.808333333898005]}, "properties": {"p_logistic": 0.46554312109947205, "p_rf": 0.7039999961853027, "p_xgb": 0.9737905859947205, "date": "2026-10-08"}}, {"type": "Feature", "geometry": {"type": "Point", "coordinates": [-82.45000000170302, 35.808333333898005]}, "properties": {"p_logistic": 0.4706776440143585, "p_rf": 0.7200000286102295, "p_xgb": 0.973466694355011, "date": "2026-10-08"}}, {"type": "Feature", "geometry": {"type": "Point", "coordinates": [-82.44166666837002, 35.808333333898005]}, "properties": {"p_logistic": 0.47308576107025146, "p_rf": 0.7039999961853027, "p_xgb": 0.9724872708320618, "date": "2026-10-08"}}, {"type": "Feature", "geometry": {"type": "Point", "coordinates": [-82.43333333503702, 35.808333333898005]}, "properties": {"p_logistic": 0.4726772606372833, "p_rf": 0.7039999961853027, "p_xgb": 0.9724872708320618, "date": "2026-10-08"}}, {"type": "Feature", "geometry": {"type": "Point", "coordinates": [-82.42500000170402, 35.808333333898005]}, "properties": {"p_logistic": 0.47145432233810425, "p_rf": 0.7139999866485596, "p_xgb": 0.9715742468833923, "date": "2026-10-08"}}, {"type": "Feature", "geometry": {"type": "Point", "coordinates": [-82.41666666837102, 35.808333333898005]}, "properties": {"p_logistic": 0.47024795413017273, "p_rf": 0.7139999866485596, "p_xgb": 0.9715742468833923, "date": "2026-10-08"}}, {"type": "Feature", "geometry": {"type": "Point", "coordinates": [-82.40833333503801, 35.808333333898005]}, "properties": {"p_logistic": 0.468881219625473, "p_rf": 0.7179999947547913, "p_xgb": 0.9715742468833923, "date": "2026-10-08"}}, {"type": "Feature", "geometry": {"type": "Point", "coordinates": [-82.40000000170502, 35.808333333898005]}, "properties": {"p_logistic": 0.4670742452144623, "p_rf": 0.722000002861023, "p_xgb": 0.9704431891441345, "date": "2026-10-08"}}, {"type": "Feature", "geometry": {"type": "Point", "coordinates": [-82.39166666837201, 35.808333333898005]}, "properties": {"p_logistic": 0.463640034198761, "p_rf": 0.7200000286102295, "p_xgb": 0.9704431891441345, "date": "2026-10-08"}}, {"type": "Feature", "geometry": {"type": "Point", "coordinates": [-82.38333333503903, 35.808333333898005]}, "properties": {"p_logistic": 0.4606180489063263, "p_rf": 0.722000002861023, "p_xgb": 0.9723934531211853, "date": "2026-10-08"}}, {"type": "Feature", "geometry": {"type": "Point", "coordinates": [-82.37500000170601, 35.808333333898005]}, "properties": {"p_logistic": 0.4573413133621216, "p_rf": 0.7059999704360962, "p_xgb": 0.9723934531211853, "date": "2026-10-08"}}, {"type": "Feature", "geometry": {"type": "Point", "coordinates": [-82.36666666837301, 35.808333333898005]}, "properties": {"p_logistic": 0.4580555856227875, "p_rf": 0.7080000042915344, "p_xgb": 0.9723934531211853, "date": "2026-10-08"}}, {"type": "Feature", "geometry": {"type": "Point", "coordinates": [-82.35833333504002, 35.808333333898005]}, "properties": {"p_logistic": 0.46089014410972595, "p_rf": 0.7080000042915344, "p_xgb": 0.9736531376838684, "date": "2026-10-08"}}, {"type": "Feature", "geometry": {"type": "Point", "coordinates": [-82.35000000170702, 35.808333333898005]}, "properties": {"p_logistic": 0.46370169520378113, "p_rf": 0.7059999704360962, "p_xgb": 0.9801806807518005, "date": "2026-10-08"}}, {"type": "Feature", "geometry": {"type": "Point", "coordinates": [-82.51666666836701, 35.80000000056501]}, "properties": {"p_logistic": 0.4769183099269867, "p_rf": 0.8339999914169312, "p_xgb": 0.9898635745048523, "date": "2026-10-08"}}, {"type": "Feature", "geometry": {"type": "Point", "coordinates": [-82.50833333503402, 35.80000000056501]}, "properties": {"p_logistic": 0.4727095663547516, "p_rf": 0.8600000143051147, "p_xgb": 0.9932608008384705, "date": "2026-10-08"}}, {"type": "Feature", "geometry": {"type": "Point", "coordinates": [-82.50000000170101, 35.80000000056501]}, "properties": {"p_logistic": 0.4704078733921051, "p_rf": 0.8679999709129333, "p_xgb": 0.9932608008384705, "date": "2026-10-08"}}, {"type": "Feature", "geometry": {"type": "Point", "coordinates": [-82.49166666836803, 35.80000000056501]}, "properties": {"p_logistic": 0.4690563380718231, "p_rf": 0.8679999709129333, "p_xgb": 0.9968296885490417, "date": "2026-10-08"}}, {"type": "Feature", "geometry": {"type": "Point", "coordinates": [-82.46666666836902, 35.80000000056501]}, "properties": {"p_logistic": 0.4626959264278412, "p_rf": 0.7059999704360962, "p_xgb": 0.9742289185523987, "date": "2026-10-08"}}, {"type": "Feature", "geometry": {"type": "Point", "coordinates": [-82.45833333503602, 35.80000000056501]}, "properties": {"p_logistic": 0.4662730395793915, "p_rf": 0.7039999961853027, "p_xgb": 0.9737905859947205, "date": "2026-10-08"}}, {"type": "Feature", "geometry": {"type": "Point", "coordinates": [-82.45000000170302, 35.80000000056501]}, "properties": {"p_logistic": 0.47033724188804626, "p_rf": 0.722000002861023, "p_xgb": 0.9742098450660706, "date": "2026-10-08"}}, {"type": "Feature", "geometry": {"type": "Point", "coordinates": [-82.44166666837002, 35.80000000056501]}, "properties": {"p_logistic": 0.47284719347953796, "p_rf": 0.7139999866485596, "p_xgb": 0.9724872708320618, "date": "2026-10-08"}}, {"type": "Feature", "geometry": {"type": "Point", "coordinates": [-82.43333333503702, 35.80000000056501]}, "properties": {"p_logistic": 0.47306758165359497, "p_rf": 0.7039999961853027, "p_xgb": 0.9724872708320618, "date": "2026-10-08"}}, {"type": "Feature", "geometry": {"type": "Point", "coordinates": [-82.42500000170402, 35.80000000056501]}, "properties": {"p_logistic": 0.472177118062973, "p_rf": 0.7039999961853027, "p_xgb": 0.9724872708320618, "date": "2026-10-08"}}, {"type": "Feature", "geometry": {"type": "Point", "coordinates": [-82.41666666837102, 35.80000000056501]}, "properties": {"p_logistic": 0.47045010328292847, "p_rf": 0.7139999866485596, "p_xgb": 0.9715742468833923, "date": "2026-10-08"}}, {"type": "Feature", "geometry": {"type": "Point", "coordinates": [-82.40833333503801, 35.80000000056501]}, "properties": {"p_logistic": 0.4684881865978241, "p_rf": 0.7139999866485596, "p_xgb": 0.9715742468833923, "date": "2026-10-08"}}, {"type": "Feature", "geometry": {"type": "Point", "coordinates": [-82.40000000170502, 35.80000000056501]}, "properties": {"p_logistic": 0.46537432074546814, "p_rf": 0.7179999947547913, "p_xgb": 0.9704431891441345, "date": "2026-10-08"}}, {"type": "Feature", "geometry": {"type": "Point", "coordinates": [-82.39166666837201, 35.80000000056501]}, "properties": {"p_logistic": 0.46155989170074463, "p_rf": 0.7200000286102295, "p_xgb": 0.9704431891441345, "date": "2026-10-08"}}, {"type": "Feature", "geometry": {"type": "Point", "coordinates": [-82.38333333503903, 35.80000000056501]}, "properties": {"p_logistic": 0.45798802375793457, "p_rf": 0.7200000286102295, "p_xgb": 0.9705075025558472, "date": "2026-10-08"}}, {"type": "Feature", "geometry": {"type": "Point", "coordinates": [-82.37500000170601, 35.80000000056501]}, "properties": {"p_logistic": 0.45516932010650635, "p_rf": 0.7039999961853027, "p_xgb": 0.9705075025558472, "date": "2026-10-08"}}, {"type": "Feature", "geometry": {"type": "Point", "coordinates": [-82.36666666837301, 35.80000000056501]}, "properties": {"p_logistic": 0.45605531334877014, "p_rf": 0.7059999704360962, "p_xgb": 0.9723934531211853, "date": "2026-10-08"}}, {"type": "Feature", "geometry": {"type": "Point", "coordinates": [-82.35833333504002, 35.80000000056501]}, "properties": {"p_logistic": 0.45916450023651123, "p_rf": 0.7039999961853027, "p_xgb": 0.9801806807518005, "date": "2026-10-08"}}, {"type": "Feature", "geometry": {"type": "Point", "coordinates": [-82.35000000170702, 35.80000000056501]}, "properties": {"p_logistic": 0.46166494488716125, "p_rf": 0.7200000286102295, "p_xgb": 0.9796060919761658, "date": "2026-10-08"}}, {"type": "Feature", "geometry": {"type": "Point", "coordinates": [-82.34166666837402, 35.80000000056501]}, "properties": {"p_logistic": 0.46333083510398865, "p_rf": 0.7179999947547913, "p_xgb": 0.9813174605369568, "date": "2026-10-08"}}, {"type": "Feature", "geometry": {"type": "Point", "coordinates": [-82.53333333503302, 35.79166666723201]}, "properties": {"p_logistic": 0.47862470149993896, "p_rf": 0.8759999871253967, "p_xgb": 0.99797123670578, "date": "2026-10-08"}}, {"type": "Feature", "geometry": {"type": "Point", "coordinates": [-82.52500000170002, 35.79166666723201]}, "properties": {"p_logistic": 0.47658997774124146, "p_rf": 0.8759999871253967, "p_xgb": 0.998088538646698, "date": "2026-10-08"}}, {"type": "Feature", "geometry": {"type": "Point", "coordinates": [-82.51666666836701, 35.79166666723201]}, "properties": {"p_logistic": 0.4742499887943268, "p_rf": 0.8759999871253967, "p_xgb": 0.9970042109489441, "date": "2026-10-08"}}, {"type": "Feature", "geometry": {"type": "Point", "coordinates": [-82.50833333503402, 35.79166666723201]}, "properties": {"p_logistic": 0.4712868928909302, "p_rf": 0.8759999871253967, "p_xgb": 0.9970042109489441, "date": "2026-10-08"}}, {"type": "Feature", "geometry": {"type": "Point", "coordinates": [-82.50000000170101, 35.79166666723201]}, "properties": {"p_logistic": 0.469552218914032, "p_rf": 0.8740000128746033, "p_xgb": 0.9970042109489441, "date": "2026-10-08"}}, {"type": "Feature", "geometry": {"type": "Point", "coordinates": [-82.49166666836803, 35.79166666723201]}, "properties": {"p_logistic": 0.4685148298740387, "p_rf": 0.8420000076293945, "p_xgb": 0.9916361570358276, "date": "2026-10-08"}}, {"type": "Feature", "geometry": {"type": "Point", "coordinates": [-82.48333333503501, 35.79166666723201]}, "properties": {"p_logistic": 0.46751493215560913, "p_rf": 0.8119999766349792, "p_xgb": 0.9768549203872681, "date": "2026-10-08"}}, {"type": "Feature", "geometry": {"type": "Point", "coordinates": [-82.47500000170201, 35.79166666723201]}, "properties": {"p_logistic": 0.4651177227497101, "p_rf": 0.722000002861023, "p_xgb": 0.9734864830970764, "date": "2026-10-08"}}, {"type": "Feature", "geometry": {"type": "Point", "coordinates": [-82.46666666836902, 35.79166666723201]}, "properties": {"p_logistic": 0.46283477544784546, "p_rf": 0.7059999704360962, "p_xgb": 0.9737905859947205, "date": "2026-10-08"}}, {"type": "Feature", "geometry": {"type": "Point", "coordinates": [-82.45833333503602, 35.79166666723201]}, "properties": {"p_logistic": 0.46684056520462036, "p_rf": 0.7059999704360962, "p_xgb": 0.9737905859947205, "date": "2026-10-08"}}, {"type": "Feature", "geometry": {"type": "Point", "coordinates": [-82.45000000170302, 35.79166666723201]}, "properties": {"p_logistic": 0.4704400897026062, "p_rf": 0.722000002861023, "p_xgb": 0.9732570052146912, "date": "2026-10-08"}}, {"type": "Feature", "geometry": {"type": "Point", "coordinates": [-82.44166666837002, 35.79166666723201]}, "properties": {"p_logistic": 0.47299736738204956, "p_rf": 0.7179999947547913, "p_xgb": 0.9724872708320618, "date": "2026-10-08"}}, {"type": "Feature", "geometry": {"type": "Point", "coordinates": [-82.43333333503702, 35.79166666723201]}, "properties": {"p_logistic": 0.47351664304733276, "p_rf": 0.7139999866485596, "p_xgb": 0.9724872708320618, "date": "2026-10-08"}}, {"type": "Feature", "geometry": {"type": "Point", "coordinates": [-82.42500000170402, 35.79166666723201]}, "properties": {"p_logistic": 0.4732652008533478, "p_rf": 0.7139999866485596, "p_xgb": 0.9724872708320618, "date": "2026-10-08"}}, {"type": "Feature", "geometry": {"type": "Point", "coordinates": [-82.41666666837102, 35.79166666723201]}, "properties": {"p_logistic": 0.47197747230529785, "p_rf": 0.7139999866485596, "p_xgb": 0.9715742468833923, "date": "2026-10-08"}}, {"type": "Feature", "geometry": {"type": "Point", "coordinates": [-82.40833333503801, 35.79166666723201]}, "properties": {"p_logistic": 0.46876558661460876, "p_rf": 0.7179999947547913, "p_xgb": 0.9715742468833923, "date": "2026-10-08"}}, {"type": "Feature", "geometry": {"type": "Point", "coordinates": [-82.40000000170502, 35.79166666723201]}, "properties": {"p_logistic": 0.46529620885849, "p_rf": 0.7179999947547913, "p_xgb": 0.9704431891441345, "date": "2026-10-08"}}, {"type": "Feature", "geometry": {"type": "Point", "coordinates": [-82.39166666837201, 35.79166666723201]}, "properties": {"p_logistic": 0.46082767844200134, "p_rf": 0.7200000286102295, "p_xgb": 0.9715996980667114, "date": "2026-10-08"}}, {"type": "Feature", "geometry": {"type": "Point", "coordinates": [-82.38333333503903, 35.79166666723201]}, "properties": {"p_logistic": 0.45809075236320496, "p_rf": 0.7200000286102295, "p_xgb": 0.9705075025558472, "date": "2026-10-08"}}, {"type": "Feature", "geometry": {"type": "Point", "coordinates": [-82.37500000170601, 35.79166666723201]}, "properties": {"p_logistic": 0.4549725353717804, "p_rf": 0.7039999961853027, "p_xgb": 0.9748249053955078, "date": "2026-10-08"}}, {"type": "Feature", "geometry": {"type": "Point", "coordinates": [-82.36666666837301, 35.79166666723201]}, "properties": {"p_logistic": 0.456797331571579, "p_rf": 0.7039999961853027, "p_xgb": 0.9788151383399963, "date": "2026-10-08"}}, {"type": "Feature", "geometry": {"type": "Point", "coordinates": [-82.35833333504002, 35.79166666723201]}, "properties": {"p_logistic": 0.45989176630973816, "p_rf": 0.7200000286102295, "p_xgb": 0.9800286293029785, "date": "2026-10-08"}}, {"type": "Feature", "geometry": {"type": "Point", "coordinates": [-82.35000000170702, 35.79166666723201]}, "properties": {"p_logistic": 0.46147364377975464, "p_rf": 0.7139999866485596, "p_xgb": 0.9785733819007874, "date": "2026-10-08"}}, {"type": "Feature", "geometry": {"type": "Point", "coordinates": [-82.55833333503202, 35.783333333899]}, "properties": {"p_logistic": 0.47781968116760254, "p_rf": 0.8759999871253967, "p_xgb": 0.998088538646698, "date": "2026-10-08"}}, {"type": "Feature", "geometry": {"type": "Point", "coordinates": [-82.55000000169902, 35.783333333899]}, "properties": {"p_logistic": 0.47693920135498047, "p_rf": 0.8759999871253967, "p_xgb": 0.998088538646698, "date": "2026-10-08"}}, {"type": "Feature", "geometry": {"type": "Point", "coordinates": [-82.54166666836602, 35.783333333899]}, "properties": {"p_logistic": 0.47579094767570496, "p_rf": 0.8740000128746033, "p_xgb": 0.997977077960968, "date": "2026-10-08"}}, {"type": "Feature", "geometry": {"type": "Point", "coordinates": [-82.53333333503302, 35.783333333899]}, "properties": {"p_logistic": 0.47508448362350464, "p_rf": 0.8679999709129333, "p_xgb": 0.997977077960968, "date": "2026-10-08"}}, {"type": "Feature", "geometry": {"type": "Point", "coordinates": [-82.52500000170002, 35.783333333899]}, "properties": {"p_logistic": 0.47349852323532104, "p_rf": 0.8539999723434448, "p_xgb": 0.9960542917251587, "date": "2026-10-08"}}, {"type": "Feature", "geometry": {"type": "Point", "coordinates": [-82.51666666836701, 35.783333333899]}, "properties": {"p_logistic": 0.47156840562820435, "p_rf": 0.8379999995231628, "p_xgb": 0.9956887364387512, "date": "2026-10-08"}}, {"type": "Feature", "geometry": {"type": "Point", "coordinates": [-82.50833333503402, 35.783333333899]}, "properties": {"p_logistic": 0.46953874826431274, "p_rf": 0.843999981880188, "p_xgb": 0.9947511553764343, "date": "2026-10-08"}}, {"type": "Feature", "geometry": {"type": "Point", "coordinates": [-82.50000000170101, 35.783333333899]}, "properties": {"p_logistic": 0.4679388403892517, "p_rf": 0.843999981880188, "p_xgb": 0.995368480682373, "date": "2026-10-08"}}, {"type": "Feature", "geometry": {"type": "Point", "coordinates": [-82.49166666836803, 35.783333333899]}, "properties": {"p_logistic": 0.467607319355011, "p_rf": 0.8199999928474426, "p_xgb": 0.9955125451087952, "date": "2026-10-08"}}, {"type": "Feature", "geometry": {"type": "Point", "coordinates": [-82.48333333503501, 35.783333333899]}, "properties": {"p_logistic": 0.46642637252807617, "p_rf": 0.6779999732971191, "p_xgb": 0.9609837532043457, "date": "2026-10-08"}}, {"type": "Feature", "geometry": {"type": "Point", "coordinates": [-82.47500000170201, 35.783333333899]}, "properties": {"p_logistic": 0.46412792801856995, "p_rf": 0.7039999961853027, "p_xgb": 0.9737905859947205, "date": "2026-10-08"}}, {"type": "Feature", "geometry": {"type": "Point", "coordinates": [-82.46666666836902, 35.783333333899]}, "properties": {"p_logistic": 0.46220895648002625, "p_rf": 0.7080000042915344, "p_xgb": 0.9737905859947205, "date": "2026-10-08"}}, {"type": "Feature", "geometry": {"type": "Point", "coordinates": [-82.45833333503602, 35.783333333899]}, "properties": {"p_logistic": 0.46666091680526733, "p_rf": 0.7059999704360962, "p_xgb": 0.9742098450660706, "date": "2026-10-08"}}, {"type": "Feature", "geometry": {"type": "Point", "coordinates": [-82.45000000170302, 35.783333333899]}, "properties": {"p_logistic": 0.4699511229991913, "p_rf": 0.7039999961853027, "p_xgb": 0.9732570052146912, "date": "2026-10-08"}}, {"type": "Feature", "geometry": {"type": "Point", "coordinates": [-82.44166666837002, 35.783333333899]}, "properties": {"p_logistic": 0.472293496131897, "p_rf": 0.7200000286102295, "p_xgb": 0.9724872708320618, "date": "2026-10-08"}}, {"type": "Feature", "geometry": {"type": "Point", "coordinates": [-82.43333333503702, 35.783333333899]}, "properties": {"p_logistic": 0.47341424226760864, "p_rf": 0.7179999947547913, "p_xgb": 0.9724872708320618, "date": "2026-10-08"}}, {"type": "Feature", "geometry": {"type": "Point", "coordinates": [-82.42500000170402, 35.783333333899]}, "properties": {"p_logistic": 0.4733304977416992, "p_rf": 0.7179999947547913, "p_xgb": 0.9715742468833923, "date": "2026-10-08"}}, {"type": "Feature", "geometry": {"type": "Point", "coordinates": [-82.41666666837102, 35.783333333899]}, "properties": {"p_logistic": 0.47260481119155884, "p_rf": 0.722000002861023, "p_xgb": 0.9704431891441345, "date": "2026-10-08"}}, {"type": "Feature", "geometry": {"type": "Point", "coordinates": [-82.40833333503801, 35.783333333899]}, "properties": {"p_logistic": 0.4703483283519745, "p_rf": 0.7179999947547913, "p_xgb": 0.9704431891441345, "date": "2026-10-08"}}, {"type": "Feature", "geometry": {"type": "Point", "coordinates": [-82.40000000170502, 35.783333333899]}, "properties": {"p_logistic": 0.4663938879966736, "p_rf": 0.7200000286102295, "p_xgb": 0.9715996980667114, "date": "2026-10-08"}}, {"type": "Feature", "geometry": {"type": "Point", "coordinates": [-82.39166666837201, 35.783333333899]}, "properties": {"p_logistic": 0.46161970496177673, "p_rf": 0.7200000286102295, "p_xgb": 0.9796060919761658, "date": "2026-10-08"}}, {"type": "Feature", "geometry": {"type": "Point", "coordinates": [-82.38333333503903, 35.783333333899]}, "properties": {"p_logistic": 0.4584783911705017, "p_rf": 0.722000002861023, "p_xgb": 0.9788151383399963, "date": "2026-10-08"}}, {"type": "Feature", "geometry": {"type": "Point", "coordinates": [-82.37500000170601, 35.783333333899]}, "properties": {"p_logistic": 0.45626047253608704, "p_rf": 0.7020000219345093, "p_xgb": 0.9805915951728821, "date": "2026-10-08"}}, {"type": "Feature", "geometry": {"type": "Point", "coordinates": [-82.36666666837301, 35.783333333899]}, "properties": {"p_logistic": 0.4577990472316742, "p_rf": 0.722000002861023, "p_xgb": 0.9805915951728821, "date": "2026-10-08"}}, {"type": "Feature", "geometry": {"type": "Point", "coordinates": [-82.35833333504002, 35.783333333899]}, "properties": {"p_logistic": 0.4599868059158325, "p_rf": 0.7139999866485596, "p_xgb": 0.9746691584587097, "date": "2026-10-08"}}, {"type": "Feature", "geometry": {"type": "Point", "coordinates": [-82.35000000170702, 35.783333333899]}, "properties": {"p_logistic": 0.4621783494949341, "p_rf": 0.6859999895095825, "p_xgb": 0.9616141319274902, "date": "2026-10-08"}}, {"type": "Feature", "geometry": {"type": "Point", "coordinates": [-82.57500000169802, 35.775000000566]}, "properties": {"p_logistic": 0.4757275879383087, "p_rf": 0.8360000252723694, "p_xgb": 0.9898635745048523, "date": "2026-10-08"}}, {"type": "Feature", "geometry": {"type": "Point", "coordinates": [-82.56666666836502, 35.775000000566]}, "properties": {"p_logistic": 0.4765310287475586, "p_rf": 0.8679999709129333, "p_xgb": 0.9932608008384705, "date": "2026-10-08"}}, {"type": "Feature", "geometry": {"type": "Point", "coordinates": [-82.55833333503202, 35.775000000566]}, "properties": {"p_logistic": 0.4762662649154663, "p_rf": 0.8759999871253967, "p_xgb": 0.998088538646698, "date": "2026-10-08"}}, {"type": "Feature", "geometry": {"type": "Point", "coordinates": [-82.55000000169902, 35.775000000566]}, "properties": {"p_logistic": 0.4748413860797882, "p_rf": 0.8679999709129333, "p_xgb": 0.997977077960968, "date": "2026-10-08"}}, {"type": "Feature", "geometry": {"type": "Point", "coordinates": [-82.54166666836602, 35.775000000566]}, "properties": {"p_logistic": 0.4740760922431946, "p_rf": 0.8700000047683716, "p_xgb": 0.997977077960968, "date": "2026-10-08"}}, {"type": "Feature", "geometry": {"type": "Point", "coordinates": [-82.53333333503302, 35.775000000566]}, "properties": {"p_logistic": 0.472616046667099, "p_rf": 0.8679999709129333, "p_xgb": 0.9953200221061707, "date": "2026-10-08"}}, {"type": "Feature", "geometry": {"type": "Point", "coordinates": [-82.52500000170002, 35.775000000566]}, "properties": {"p_logistic": 0.47059276700019836, "p_rf": 0.843999981880188, "p_xgb": 0.9955742359161377, "date": "2026-10-08"}}, {"type": "Feature", "geometry": {"type": "Point", "coordinates": [-82.51666666836701, 35.775000000566]}, "properties": {"p_logistic": 0.46795377135276794, "p_rf": 0.8259999752044678, "p_xgb": 0.9960951209068298, "date": "2026-10-08"}}, {"type": "Feature", "geometry": {"type": "Point", "coordinates": [-82.50833333503402, 35.775000000566]}, "properties": {"p_logistic": 0.46743515133857727, "p_rf": 0.8220000267028809, "p_xgb": 0.9955125451087952, "date": "2026-10-08"}}, {"type": "Feature", "geometry": {"type": "Point", "coordinates": [-82.50000000170101, 35.775000000566]}, "properties": {"p_logistic": 0.4669334292411804, "p_rf": 0.8059999942779541, "p_xgb": 0.9768549203872681, "date": "2026-10-08"}}, {"type": "Feature", "geometry": {"type": "Point", "coordinates": [-82.49166666836803, 35.775000000566]}, "properties": {"p_logistic": 0.46700090169906616, "p_rf": 0.6779999732971191, "p_xgb": 0.9609837532043457, "date": "2026-10-08"}}, {"type": "Feature", "geometry": {"type": "Point", "coordinates": [-82.48333333503501, 35.775000000566]}, "properties": {"p_logistic": 0.46568745374679565, "p_rf": 0.7200000286102295, "p_xgb": 0.9718979597091675, "date": "2026-10-08"}}, {"type": "Feature", "geometry": {"type": "Point", "coordinates": [-82.47500000170201, 35.775000000566]}, "properties": {"p_logistic": 0.46394553780555725, "p_rf": 0.7059999704360962, "p_xgb": 0.9737905859947205, "date": "2026-10-08"}}, {"type": "Feature", "geometry": {"type": "Point", "coordinates": [-82.46666666836902, 35.775000000566]}, "properties": {"p_logistic": 0.46345219016075134, "p_rf": 0.7080000042915344, "p_xgb": 0.9737905859947205, "date": "2026-10-08"}}, {"type": "Feature", "geometry": {"type": "Point", "coordinates": [-82.45833333503602, 35.775000000566]}, "properties": {"p_logistic": 0.4671189785003662, "p_rf": 0.7059999704360962, "p_xgb": 0.9732570052146912, "date": "2026-10-08"}}, {"type": "Feature", "geometry": {"type": "Point", "coordinates": [-82.45000000170302, 35.775000000566]}, "properties": {"p_logistic": 0.4701157510280609, "p_rf": 0.7039999961853027, "p_xgb": 0.9732570052146912, "date": "2026-10-08"}}, {"type": "Feature", "geometry": {"type": "Point", "coordinates": [-82.44166666837002, 35.775000000566]}, "properties": {"p_logistic": 0.4725545644760132, "p_rf": 0.722000002861023, "p_xgb": 0.9732570052146912, "date": "2026-10-08"}}, {"type": "Feature", "geometry": {"type": "Point", "coordinates": [-82.43333333503702, 35.775000000566]}, "properties": {"p_logistic": 0.47328099608421326, "p_rf": 0.7200000286102295, "p_xgb": 0.9715742468833923, "date": "2026-10-08"}}, {"type": "Feature", "geometry": {"type": "Point", "coordinates": [-82.42500000170402, 35.775000000566]}, "properties": {"p_logistic": 0.4740031361579895, "p_rf": 0.7179999947547913, "p_xgb": 0.9715742468833923, "date": "2026-10-08"}}, {"type": "Feature", "geometry": {"type": "Point", "coordinates": [-82.41666666837102, 35.775000000566]}, "properties": {"p_logistic": 0.4730891287326813, "p_rf": 0.7200000286102295, "p_xgb": 0.9704431891441345, "date": "2026-10-08"}}, {"type": "Feature", "geometry": {"type": "Point", "coordinates": [-82.40833333503801, 35.775000000566]}, "properties": {"p_logistic": 0.47117558121681213, "p_rf": 0.7200000286102295, "p_xgb": 0.9715996980667114, "date": "2026-10-08"}}, {"type": "Feature", "geometry": {"type": "Point", "coordinates": [-82.40000000170502, 35.775000000566]}, "properties": {"p_logistic": 0.4679641127586365, "p_rf": 0.7200000286102295, "p_xgb": 0.9796060919761658, "date": "2026-10-08"}}, {"type": "Feature", "geometry": {"type": "Point", "coordinates": [-82.39166666837201, 35.775000000566]}, "properties": {"p_logistic": 0.4637291729450226, "p_rf": 0.7200000286102295, "p_xgb": 0.9801806807518005, "date": "2026-10-08"}}, {"type": "Feature", "geometry": {"type": "Point", "coordinates": [-82.38333333503903, 35.775000000566]}, "properties": {"p_logistic": 0.46040940284729004, "p_rf": 0.722000002861023, "p_xgb": 0.9805915951728821, "date": "2026-10-08"}}, {"type": "Feature", "geometry": {"type": "Point", "coordinates": [-82.37500000170601, 35.775000000566]}, "properties": {"p_logistic": 0.45975178480148315, "p_rf": 0.722000002861023, "p_xgb": 0.9805915951728821, "date": "2026-10-08"}}, {"type": "Feature", "geometry": {"type": "Point", "coordinates": [-82.36666666837301, 35.775000000566]}, "properties": {"p_logistic": 0.460143506526947, "p_rf": 0.7200000286102295, "p_xgb": 0.9785733819007874, "date": "2026-10-08"}}, {"type": "Feature", "geometry": {"type": "Point", "coordinates": [-82.35833333504002, 35.775000000566]}, "properties": {"p_logistic": 0.460567831993103, "p_rf": 0.7039999961853027, "p_xgb": 0.9616141319274902, "date": "2026-10-08"}}, {"type": "Feature", "geometry": {"type": "Point", "coordinates": [-82.35000000170702, 35.775000000566]}, "properties": {"p_logistic": 0.461191326379776, "p_rf": 0.6779999732971191, "p_xgb": 0.9686101078987122, "date": "2026-10-08"}}, {"type": "Feature", "geometry": {"type": "Point", "coordinates": [-82.59166666836401, 35.766666667233004]}, "properties": {"p_logistic": 0.47381001710891724, "p_rf": 0.8600000143051147, "p_xgb": 0.9924336671829224, "date": "2026-10-08"}}, {"type": "Feature", "geometry": {"type": "Point", "coordinates": [-82.58333333503101, 35.766666667233004]}, "properties": {"p_logistic": 0.47544658184051514, "p_rf": 0.828000009059906, "p_xgb": 0.9898635745048523, "date": "2026-10-08"}}, {"type": "Feature", "geometry": {"type": "Point", "coordinates": [-82.57500000169802, 35.766666667233004]}, "properties": {"p_logistic": 0.47518354654312134, "p_rf": 0.8360000252723694, "p_xgb": 0.9898635745048523, "date": "2026-10-08"}}, {"type": "Feature", "geometry": {"type": "Point", "coordinates": [-82.56666666836502, 35.766666667233004]}, "properties": {"p_logistic": 0.4746108949184418, "p_rf": 0.8679999709129333, "p_xgb": 0.9932608008384705, "date": "2026-10-08"}}, {"type": "Feature", "geometry": {"type": "Point", "coordinates": [-82.55833333503202, 35.766666667233004]}, "properties": {"p_logistic": 0.4744707942008972, "p_rf": 0.8759999871253967, "p_xgb": 0.9978105425834656, "date": "2026-10-08"}}, {"type": "Feature", "geometry": {"type": "Point", "coordinates": [-82.55000000169902, 35.766666667233004]}, "properties": {"p_logistic": 0.4734099507331848, "p_rf": 0.8679999709129333, "p_xgb": 0.9976828098297119, "date": "2026-10-08"}}, {"type": "Feature", "geometry": {"type": "Point", "coordinates": [-82.54166666836602, 35.766666667233004]}, "properties": {"p_logistic": 0.47289758920669556, "p_rf": 0.8679999709129333, "p_xgb": 0.9976828098297119, "date": "2026-10-08"}}, {"type": "Feature", "geometry": {"type": "Point", "coordinates": [-82.53333333503302, 35.766666667233004]}, "properties": {"p_logistic": 0.47221583127975464, "p_rf": 0.8679999709129333, "p_xgb": 0.9976828098297119, "date": "2026-10-08"}}, {"type": "Feature", "geometry": {"type": "Point", "coordinates": [-82.52500000170002, 35.766666667233004]}, "properties": {"p_logistic": 0.4697873592376709, "p_rf": 0.843999981880188, "p_xgb": 0.9947511553764343, "date": "2026-10-08"}}, {"type": "Feature", "geometry": {"type": "Point", "coordinates": [-82.51666666836701, 35.766666667233004]}, "properties": {"p_logistic": 0.4672049283981323, "p_rf": 0.8240000009536743, "p_xgb": 0.9960951209068298, "date": "2026-10-08"}}, {"type": "Feature", "geometry": {"type": "Point", "coordinates": [-82.50833333503402, 35.766666667233004]}, "properties": {"p_logistic": 0.4663979411125183, "p_rf": 0.8119999766349792, "p_xgb": 0.9768549203872681, "date": "2026-10-08"}}, {"type": "Feature", "geometry": {"type": "Point", "coordinates": [-82.50000000170101, 35.766666667233004]}, "properties": {"p_logistic": 0.4664718806743622, "p_rf": 0.6779999732971191, "p_xgb": 0.9586780071258545, "date": "2026-10-08"}}, {"type": "Feature", "geometry": {"type": "Point", "coordinates": [-82.49166666836803, 35.766666667233004]}, "properties": {"p_logistic": 0.46626824140548706, "p_rf": 0.7039999961853027, "p_xgb": 0.9718979597091675, "date": "2026-10-08"}}, {"type": "Feature", "geometry": {"type": "Point", "coordinates": [-82.48333333503501, 35.766666667233004]}, "properties": {"p_logistic": 0.4659092128276825, "p_rf": 0.722000002861023, "p_xgb": 0.9726836681365967, "date": "2026-10-08"}}, {"type": "Feature", "geometry": {"type": "Point", "coordinates": [-82.47500000170201, 35.766666667233004]}, "properties": {"p_logistic": 0.46466168761253357, "p_rf": 0.7080000042915344, "p_xgb": 0.9737905859947205, "date": "2026-10-08"}}, {"type": "Feature", "geometry": {"type": "Point", "coordinates": [-82.46666666836902, 35.766666667233004]}, "properties": {"p_logistic": 0.4641132652759552, "p_rf": 0.7080000042915344, "p_xgb": 0.9737905859947205, "date": "2026-10-08"}}, {"type": "Feature", "geometry": {"type": "Point", "coordinates": [-82.45833333503602, 35.766666667233004]}, "properties": {"p_logistic": 0.4674883782863617, "p_rf": 0.7080000042915344, "p_xgb": 0.9742098450660706, "date": "2026-10-08"}}, {"type": "Feature", "geometry": {"type": "Point", "coordinates": [-82.45000000170302, 35.766666667233004]}, "properties": {"p_logistic": 0.47051483392715454, "p_rf": 0.7059999704360962, "p_xgb": 0.9732570052146912, "date": "2026-10-08"}}, {"type": "Feature", "geometry": {"type": "Point", "coordinates": [-82.44166666837002, 35.766666667233004]}, "properties": {"p_logistic": 0.47255009412765503, "p_rf": 0.7039999961853027, "p_xgb": 0.9732570052146912, "date": "2026-10-08"}}, {"type": "Feature", "geometry": {"type": "Point", "coordinates": [-82.43333333503702, 35.766666667233004]}, "properties": {"p_logistic": 0.4744906723499298, "p_rf": 0.722000002861023, "p_xgb": 0.9732570052146912, "date": "2026-10-08"}}, {"type": "Feature", "geometry": {"type": "Point", "coordinates": [-82.42500000170402, 35.766666667233004]}, "properties": {"p_logistic": 0.4741126298904419, "p_rf": 0.722000002861023, "p_xgb": 0.9723687767982483, "date": "2026-10-08"}}, {"type": "Feature", "geometry": {"type": "Point", "coordinates": [-82.41666666837102, 35.766666667233004]}, "properties": {"p_logistic": 0.4732738733291626, "p_rf": 0.722000002861023, "p_xgb": 0.971268355846405, "date": "2026-10-08"}}, {"type": "Feature", "geometry": {"type": "Point", "coordinates": [-82.40833333503801, 35.766666667233004]}, "properties": {"p_logistic": 0.4714311957359314, "p_rf": 0.722000002861023, "p_xgb": 0.9723934531211853, "date": "2026-10-08"}}, {"type": "Feature", "geometry": {"type": "Point", "coordinates": [-82.40000000170502, 35.766666667233004]}, "properties": {"p_logistic": 0.46868500113487244, "p_rf": 0.722000002861023, "p_xgb": 0.9801806807518005, "date": "2026-10-08"}}, {"type": "Feature", "geometry": {"type": "Point", "coordinates": [-82.39166666837201, 35.766666667233004]}, "properties": {"p_logistic": 0.46527379751205444, "p_rf": 0.722000002861023, "p_xgb": 0.9818447828292847, "date": "2026-10-08"}}, {"type": "Feature", "geometry": {"type": "Point", "coordinates": [-82.38333333503903, 35.766666667233004]}, "properties": {"p_logistic": 0.4631178677082062, "p_rf": 0.722000002861023, "p_xgb": 0.9818447828292847, "date": "2026-10-08"}}, {"type": "Feature", "geometry": {"type": "Point", "coordinates": [-82.37500000170601, 35.766666667233004]}, "properties": {"p_logistic": 0.4626084268093109, "p_rf": 0.7200000286102295, "p_xgb": 0.9805192351341248, "date": "2026-10-08"}}, {"type": "Feature", "geometry": {"type": "Point", "coordinates": [-82.36666666837301, 35.766666667233004]}, "properties": {"p_logistic": 0.46265876293182373, "p_rf": 0.722000002861023, "p_xgb": 0.9793940782546997, "date": "2026-10-08"}}, {"type": "Feature", "geometry": {"type": "Point", "coordinates": [-82.35833333504002, 35.766666667233004]}, "properties": {"p_logistic": 0.4622856676578522, "p_rf": 0.6759999990463257, "p_xgb": 0.9406174421310425, "date": "2026-10-08"}}, {"type": "Feature", "geometry": {"type": "Point", "coordinates": [-82.35000000170702, 35.766666667233004]}, "properties": {"p_logistic": 0.4619661867618561, "p_rf": 0.6779999732971191, "p_xgb": 0.968609631061554, "date": "2026-10-08"}}, {"type": "Feature", "geometry": {"type": "Point", "coordinates": [-82.34166666837402, 35.766666667233004]}, "properties": {"p_logistic": 0.4627070128917694, "p_rf": 0.8199999928474426, "p_xgb": 0.9963527917861938, "date": "2026-10-08"}}, {"type": "Feature", "geometry": {"type": "Point", "coordinates": [-82.61666666836302, 35.758333333900005]}, "properties": {"p_logistic": 0.47121569514274597, "p_rf": 0.843999981880188, "p_xgb": 0.9960951209068298, "date": "2026-10-08"}}, {"type": "Feature", "geometry": {"type": "Point", "coordinates": [-82.60833333503001, 35.758333333900005]}, "properties": {"p_logistic": 0.46680712699890137, "p_rf": 0.8259999752044678, "p_xgb": 0.9960951209068298, "date": "2026-10-08"}}, {"type": "Feature", "geometry": {"type": "Point", "coordinates": [-82.60000000169703, 35.758333333900005]}, "properties": {"p_logistic": 0.4706851541996002, "p_rf": 0.8679999709129333, "p_xgb": 0.992540180683136, "date": "2026-10-08"}}, {"type": "Feature", "geometry": {"type": "Point", "coordinates": [-82.59166666836401, 35.758333333900005]}, "properties": {"p_logistic": 0.474690318107605, "p_rf": 0.8679999709129333, "p_xgb": 0.9932608008384705, "date": "2026-10-08"}}, {"type": "Feature", "geometry": {"type": "Point", "coordinates": [-82.58333333503101, 35.758333333900005]}, "properties": {"p_logistic": 0.47612062096595764, "p_rf": 0.8320000171661377, "p_xgb": 0.9898635745048523, "date": "2026-10-08"}}, {"type": "Feature", "geometry": {"type": "Point", "coordinates": [-82.57500000169802, 35.758333333900005]}, "properties": {"p_logistic": 0.4748106598854065, "p_rf": 0.8420000076293945, "p_xgb": 0.9898635745048523, "date": "2026-10-08"}}, {"type": "Feature", "geometry": {"type": "Point", "coordinates": [-82.56666666836502, 35.758333333900005]}, "properties": {"p_logistic": 0.47359588742256165, "p_rf": 0.8700000047683716, "p_xgb": 0.9968205690383911, "date": "2026-10-08"}}, {"type": "Feature", "geometry": {"type": "Point", "coordinates": [-82.55833333503202, 35.758333333900005]}, "properties": {"p_logistic": 0.47284311056137085, "p_rf": 0.8759999871253967, "p_xgb": 0.9970042109489441, "date": "2026-10-08"}}, {"type": "Feature", "geometry": {"type": "Point", "coordinates": [-82.55000000169902, 35.758333333900005]}, "properties": {"p_logistic": 0.4732031226158142, "p_rf": 0.8700000047683716, "p_xgb": 0.9976828098297119, "date": "2026-10-08"}}, {"type": "Feature", "geometry": {"type": "Point", "coordinates": [-82.54166666836602, 35.758333333900005]}, "properties": {"p_logistic": 0.4721035063266754, "p_rf": 0.8539999723434448, "p_xgb": 0.9953200221061707, "date": "2026-10-08"}}, {"type": "Feature", "geometry": {"type": "Point", "coordinates": [-82.53333333503302, 35.758333333900005]}, "properties": {"p_logistic": 0.4712899625301361, "p_rf": 0.8399999737739563, "p_xgb": 0.9948868155479431, "date": "2026-10-08"}}, {"type": "Feature", "geometry": {"type": "Point", "coordinates": [-82.52500000170002, 35.758333333900005]}, "properties": {"p_logistic": 0.4691419005393982, "p_rf": 0.843999981880188, "p_xgb": 0.995368480682373, "date": "2026-10-08"}}, {"type": "Feature", "geometry": {"type": "Point", "coordinates": [-82.51666666836701, 35.758333333900005]}, "properties": {"p_logistic": 0.4658512771129608, "p_rf": 0.8199999928474426, "p_xgb": 0.9950007796287537, "date": "2026-10-08"}}, {"type": "Feature", "geometry": {"type": "Point", "coordinates": [-82.50833333503402, 35.758333333900005]}, "properties": {"p_logistic": 0.4643567204475403, "p_rf": 0.6779999732971191, "p_xgb": 0.957655131816864, "date": "2026-10-08"}}, {"type": "Feature", "geometry": {"type": "Point", "coordinates": [-82.50000000170101, 35.758333333900005]}, "properties": {"p_logistic": 0.463397741317749, "p_rf": 0.6759999990463257, "p_xgb": 0.9586780071258545, "date": "2026-10-08"}}, {"type": "Feature", "geometry": {"type": "Point", "coordinates": [-82.49166666836803, 35.758333333900005]}, "properties": {"p_logistic": 0.46387359499931335, "p_rf": 0.722000002861023, "p_xgb": 0.9718979597091675, "date": "2026-10-08"}}, {"type": "Feature", "geometry": {"type": "Point", "coordinates": [-82.48333333503501, 35.758333333900005]}, "properties": {"p_logistic": 0.46444323658943176, "p_rf": 0.7039999961853027, "p_xgb": 0.9726836681365967, "date": "2026-10-08"}}, {"type": "Feature", "geometry": {"type": "Point", "coordinates": [-82.47500000170201, 35.758333333900005]}, "properties": {"p_logistic": 0.4645029306411743, "p_rf": 0.7080000042915344, "p_xgb": 0.9737905859947205, "date": "2026-10-08"}}, {"type": "Feature", "geometry": {"type": "Point", "coordinates": [-82.46666666836902, 35.758333333900005]}, "properties": {"p_logistic": 0.4644930064678192, "p_rf": 0.7080000042915344, "p_xgb": 0.9737905859947205, "date": "2026-10-08"}}, {"type": "Feature", "geometry": {"type": "Point", "coordinates": [-82.45833333503602, 35.758333333900005]}, "properties": {"p_logistic": 0.46829572319984436, "p_rf": 0.7080000042915344, "p_xgb": 0.9735347032546997, "date": "2026-10-08"}}, {"type": "Feature", "geometry": {"type": "Point", "coordinates": [-82.45000000170302, 35.758333333900005]}, "properties": {"p_logistic": 0.47063586115837097, "p_rf": 0.7080000042915344, "p_xgb": 0.9725576043128967, "date": "2026-10-08"}}, {"type": "Feature", "geometry": {"type": "Point", "coordinates": [-82.44166666837002, 35.758333333900005]}, "properties": {"p_logistic": 0.4727719724178314, "p_rf": 0.7059999704360962, "p_xgb": 0.9725576043128967, "date": "2026-10-08"}}, {"type": "Feature", "geometry": {"type": "Point", "coordinates": [-82.43333333503702, 35.758333333900005]}, "properties": {"p_logistic": 0.47352755069732666, "p_rf": 0.7059999704360962, "p_xgb": 0.9716468453407288, "date": "2026-10-08"}}, {"type": "Feature", "geometry": {"type": "Point", "coordinates": [-82.42500000170402, 35.758333333900005]}, "properties": {"p_logistic": 0.473422646522522, "p_rf": 0.7039999961853027, "p_xgb": 0.971268355846405, "date": "2026-10-08"}}, {"type": "Feature", "geometry": {"type": "Point", "coordinates": [-82.41666666837102, 35.758333333900005]}, "properties": {"p_logistic": 0.4713660478591919, "p_rf": 0.7059999704360962, "p_xgb": 0.9723934531211853, "date": "2026-10-08"}}, {"type": "Feature", "geometry": {"type": "Point", "coordinates": [-82.40833333503801, 35.758333333900005]}, "properties": {"p_logistic": 0.46961215138435364, "p_rf": 0.7039999961853027, "p_xgb": 0.9723934531211853, "date": "2026-10-08"}}, {"type": "Feature", "geometry": {"type": "Point", "coordinates": [-82.40000000170502, 35.758333333900005]}, "properties": {"p_logistic": 0.4674953818321228, "p_rf": 0.7039999961853027, "p_xgb": 0.9801806807518005, "date": "2026-10-08"}}, {"type": "Feature", "geometry": {"type": "Point", "coordinates": [-82.39166666837201, 35.758333333900005]}, "properties": {"p_logistic": 0.46547865867614746, "p_rf": 0.722000002861023, "p_xgb": 0.9818447828292847, "date": "2026-10-08"}}, {"type": "Feature", "geometry": {"type": "Point", "coordinates": [-82.38333333503903, 35.758333333900005]}, "properties": {"p_logistic": 0.4641115367412567, "p_rf": 0.7200000286102295, "p_xgb": 0.9805192351341248, "date": "2026-10-08"}}, {"type": "Feature", "geometry": {"type": "Point", "coordinates": [-82.37500000170601, 35.758333333900005]}, "properties": {"p_logistic": 0.4641389846801758, "p_rf": 0.7200000286102295, "p_xgb": 0.9799542427062988, "date": "2026-10-08"}}, {"type": "Feature", "geometry": {"type": "Point", "coordinates": [-82.36666666837301, 35.758333333900005]}, "properties": {"p_logistic": 0.46472880244255066, "p_rf": 0.7139999866485596, "p_xgb": 0.9793940782546997, "date": "2026-10-08"}}, {"type": "Feature", "geometry": {"type": "Point", "coordinates": [-82.35833333504002, 35.758333333900005]}, "properties": {"p_logistic": 0.4646877348423004, "p_rf": 0.6779999732971191, "p_xgb": 0.9424691796302795, "date": "2026-10-08"}}, {"type": "Feature", "geometry": {"type": "Point", "coordinates": [-82.35000000170702, 35.758333333900005]}, "properties": {"p_logistic": 0.46391525864601135, "p_rf": 0.8199999928474426, "p_xgb": 0.9961715340614319, "date": "2026-10-08"}}, {"type": "Feature", "geometry": {"type": "Point", "coordinates": [-82.34166666837402, 35.758333333900005]}, "properties": {"p_logistic": 0.4645519256591797, "p_rf": 0.8320000171661377, "p_xgb": 0.9968996047973633, "date": "2026-10-08"}}, {"type": "Feature", "geometry": {"type": "Point", "coordinates": [-82.63333333502902, 35.750000000567006]}, "properties": {"p_logistic": 0.48098820447921753, "p_rf": 0.8679999709129333, "p_xgb": 0.9963127970695496, "date": "2026-10-08"}}, {"type": "Feature", "geometry": {"type": "Point", "coordinates": [-82.62500000169601, 35.750000000567006]}, "properties": {"p_logistic": 0.4784906506538391, "p_rf": 0.843999981880188, "p_xgb": 0.9958640336990356, "date": "2026-10-08"}}, {"type": "Feature", "geometry": {"type": "Point", "coordinates": [-82.61666666836302, 35.750000000567006]}, "properties": {"p_logistic": 0.47512754797935486, "p_rf": 0.8320000171661377, "p_xgb": 0.9963510036468506, "date": "2026-10-08"}}, {"type": "Feature", "geometry": {"type": "Point", "coordinates": [-82.60833333503001, 35.750000000567006]}, "properties": {"p_logistic": 0.47018519043922424, "p_rf": 0.8240000009536743, "p_xgb": 0.9963510036468506, "date": "2026-10-08"}}, {"type": "Feature", "geometry": {"type": "Point", "coordinates": [-82.60000000169703, 35.750000000567006]}, "properties": {"p_logistic": 0.4702415466308594, "p_rf": 0.843999981880188, "p_xgb": 0.9960951209068298, "date": "2026-10-08"}}, {"type": "Feature", "geometry": {"type": "Point", "coordinates": [-82.59166666836401, 35.750000000567006]}, "properties": {"p_logistic": 0.47359755635261536, "p_rf": 0.8700000047683716, "p_xgb": 0.9976828098297119, "date": "2026-10-08"}}, {"type": "Feature", "geometry": {"type": "Point", "coordinates": [-82.58333333503101, 35.750000000567006]}, "properties": {"p_logistic": 0.4747419059276581, "p_rf": 0.8759999871253967, "p_xgb": 0.9970042109489441, "date": "2026-10-08"}}, {"type": "Feature", "geometry": {"type": "Point", "coordinates": [-82.57500000169802, 35.750000000567006]}, "properties": {"p_logistic": 0.4736308455467224, "p_rf": 0.8759999871253967, "p_xgb": 0.9970042109489441, "date": "2026-10-08"}}, {"type": "Feature", "geometry": {"type": "Point", "coordinates": [-82.56666666836502, 35.750000000567006]}, "properties": {"p_logistic": 0.4708876609802246, "p_rf": 0.8700000047683716, "p_xgb": 0.9968296885490417, "date": "2026-10-08"}}, {"type": "Feature", "geometry": {"type": "Point", "coordinates": [-82.55833333503202, 35.750000000567006]}, "properties": {"p_logistic": 0.4695790708065033, "p_rf": 0.8379999995231628, "p_xgb": 0.9918517470359802, "date": "2026-10-08"}}, {"type": "Feature", "geometry": {"type": "Point", "coordinates": [-82.55000000169902, 35.750000000567006]}, "properties": {"p_logistic": 0.46886685490608215, "p_rf": 0.843999981880188, "p_xgb": 0.995368480682373, "date": "2026-10-08"}}, {"type": "Feature", "geometry": {"type": "Point", "coordinates": [-82.54166666836602, 35.750000000567006]}, "properties": {"p_logistic": 0.46833932399749756, "p_rf": 0.8320000171661377, "p_xgb": 0.9960951209068298, "date": "2026-10-08"}}, {"type": "Feature", "geometry": {"type": "Point", "coordinates": [-82.53333333503302, 35.750000000567006]}, "properties": {"p_logistic": 0.4661434292793274, "p_rf": 0.8259999752044678, "p_xgb": 0.9950843453407288, "date": "2026-10-08"}}, {"type": "Feature", "geometry": {"type": "Point", "coordinates": [-82.52500000170002, 35.750000000567006]}, "properties": {"p_logistic": 0.4633471369743347, "p_rf": 0.8119999766349792, "p_xgb": 0.9943169951438904, "date": "2026-10-08"}}, {"type": "Feature", "geometry": {"type": "Point", "coordinates": [-82.51666666836701, 35.750000000567006]}, "properties": {"p_logistic": 0.4599611461162567, "p_rf": 0.6779999732971191, "p_xgb": 0.9501333832740784, "date": "2026-10-08"}}, {"type": "Feature", "geometry": {"type": "Point", "coordinates": [-82.50833333503402, 35.750000000567006]}, "properties": {"p_logistic": 0.4567895531654358, "p_rf": 0.7139999866485596, "p_xgb": 0.971192479133606, "date": "2026-10-08"}}, {"type": "Feature", "geometry": {"type": "Point", "coordinates": [-82.50000000170101, 35.750000000567006]}, "properties": {"p_logistic": 0.4557289779186249, "p_rf": 0.7200000286102295, "p_xgb": 0.9719974398612976, "date": "2026-10-08"}}, {"type": "Feature", "geometry": {"type": "Point", "coordinates": [-82.49166666836803, 35.750000000567006]}, "properties": {"p_logistic": 0.4567026197910309, "p_rf": 0.7039999961853027, "p_xgb": 0.9726836681365967, "date": "2026-10-08"}}, {"type": "Feature", "geometry": {"type": "Point", "coordinates": [-82.48333333503501, 35.750000000567006]}, "properties": {"p_logistic": 0.45923590660095215, "p_rf": 0.7080000042915344, "p_xgb": 0.9737905859947205, "date": "2026-10-08"}}, {"type": "Feature", "geometry": {"type": "Point", "coordinates": [-82.47500000170201, 35.750000000567006]}, "properties": {"p_logistic": 0.46240195631980896, "p_rf": 0.7080000042915344, "p_xgb": 0.9737905859947205, "date": "2026-10-08"}}, {"type": "Feature", "geometry": {"type": "Point", "coordinates": [-82.46666666836902, 35.750000000567006]}, "properties": {"p_logistic": 0.46500271558761597, "p_rf": 0.7080000042915344, "p_xgb": 0.9735347032546997, "date": "2026-10-08"}}, {"type": "Feature", "geometry": {"type": "Point", "coordinates": [-82.45833333503602, 35.750000000567006]}, "properties": {"p_logistic": 0.46889927983283997, "p_rf": 0.7080000042915344, "p_xgb": 0.9725576043128967, "date": "2026-10-08"}}, {"type": "Feature", "geometry": {"type": "Point", "coordinates": [-82.45000000170302, 35.750000000567006]}, "properties": {"p_logistic": 0.47138503193855286, "p_rf": 0.7080000042915344, "p_xgb": 0.9725576043128967, "date": "2026-10-08"}}, {"type": "Feature", "geometry": {"type": "Point", "coordinates": [-82.44166666837002, 35.750000000567006]}, "properties": {"p_logistic": 0.4730571508407593, "p_rf": 0.7080000042915344, "p_xgb": 0.9716468453407288, "date": "2026-10-08"}}, {"type": "Feature", "geometry": {"type": "Point", "coordinates": [-82.43333333503702, 35.750000000567006]}, "properties": {"p_logistic": 0.4737570285797119, "p_rf": 0.7059999704360962, "p_xgb": 0.9716721773147583, "date": "2026-10-08"}}, {"type": "Feature", "geometry": {"type": "Point", "coordinates": [-82.42500000170402, 35.750000000567006]}, "properties": {"p_logistic": 0.47207221388816833, "p_rf": 0.7059999704360962, "p_xgb": 0.9801806807518005, "date": "2026-10-08"}}, {"type": "Feature", "geometry": {"type": "Point", "coordinates": [-82.41666666837102, 35.750000000567006]}, "properties": {"p_logistic": 0.46997809410095215, "p_rf": 0.7059999704360962, "p_xgb": 0.9801806807518005, "date": "2026-10-08"}}, {"type": "Feature", "geometry": {"type": "Point", "coordinates": [-82.40833333503801, 35.750000000567006]}, "properties": {"p_logistic": 0.467999666929245, "p_rf": 0.7039999961853027, "p_xgb": 0.9818447828292847, "date": "2026-10-08"}}, {"type": "Feature", "geometry": {"type": "Point", "coordinates": [-82.40000000170502, 35.750000000567006]}, "properties": {"p_logistic": 0.46784088015556335, "p_rf": 0.7200000286102295, "p_xgb": 0.9799542427062988, "date": "2026-10-08"}}, {"type": "Feature", "geometry": {"type": "Point", "coordinates": [-82.39166666837201, 35.750000000567006]}, "properties": {"p_logistic": 0.4670800268650055, "p_rf": 0.7039999961853027, "p_xgb": 0.980722963809967, "date": "2026-10-08"}}, {"type": "Feature", "geometry": {"type": "Point", "coordinates": [-82.38333333503903, 35.750000000567006]}, "properties": {"p_logistic": 0.4662682116031647, "p_rf": 0.7039999961853027, "p_xgb": 0.9793940782546997, "date": "2026-10-08"}}, {"type": "Feature", "geometry": {"type": "Point", "coordinates": [-82.37500000170601, 35.750000000567006]}, "properties": {"p_logistic": 0.46512946486473083, "p_rf": 0.7039999961853027, "p_xgb": 0.9793940782546997, "date": "2026-10-08"}}, {"type": "Feature", "geometry": {"type": "Point", "coordinates": [-82.36666666837301, 35.750000000567006]}, "properties": {"p_logistic": 0.4665076732635498, "p_rf": 0.6779999732971191, "p_xgb": 0.963216245174408, "date": "2026-10-08"}}, {"type": "Feature", "geometry": {"type": "Point", "coordinates": [-82.35833333504002, 35.750000000567006]}, "properties": {"p_logistic": 0.46723562479019165, "p_rf": 0.8199999928474426, "p_xgb": 0.9961715340614319, "date": "2026-10-08"}}, {"type": "Feature", "geometry": {"type": "Point", "coordinates": [-82.35000000170702, 35.750000000567006]}, "properties": {"p_logistic": 0.46762704849243164, "p_rf": 0.8420000076293945, "p_xgb": 0.9961763620376587, "date": "2026-10-08"}}, {"type": "Feature", "geometry": {"type": "Point", "coordinates": [-82.34166666837402, 35.750000000567006]}, "properties": {"p_logistic": 0.46818920969963074, "p_rf": 0.8740000128746033, "p_xgb": 0.9992831349372864, "date": "2026-10-08"}}, {"type": "Feature", "geometry": {"type": "Point", "coordinates": [-82.65000000169502, 35.741666667234]}, "properties": {"p_logistic": 0.49803626537323, "p_rf": 0.8059999942779541, "p_xgb": 0.9939395189285278, "date": "2026-10-08"}}, {"type": "Feature", "geometry": {"type": "Point", "coordinates": [-82.64166666836202, 35.741666667234]}, "properties": {"p_logistic": 0.49202948808670044, "p_rf": 0.8679999709129333, "p_xgb": 0.9959762692451477, "date": "2026-10-08"}}, {"type": "Feature", "geometry": {"type": "Point", "coordinates": [-82.63333333502902, 35.741666667234]}, "properties": {"p_logistic": 0.48837408423423767, "p_rf": 0.8679999709129333, "p_xgb": 0.9981098175048828, "date": "2026-10-08"}}, {"type": "Feature", "geometry": {"type": "Point", "coordinates": [-82.62500000169601, 35.741666667234]}, "properties": {"p_logistic": 0.4856947064399719, "p_rf": 0.8420000076293945, "p_xgb": 0.9958640336990356, "date": "2026-10-08"}}, {"type": "Feature", "geometry": {"type": "Point", "coordinates": [-82.61666666836302, 35.741666667234]}, "properties": {"p_logistic": 0.48164084553718567, "p_rf": 0.8320000171661377, "p_xgb": 0.9963510036468506, "date": "2026-10-08"}}, {"type": "Feature", "geometry": {"type": "Point", "coordinates": [-82.60833333503001, 35.741666667234]}, "properties": {"p_logistic": 0.47611913084983826, "p_rf": 0.8220000267028809, "p_xgb": 0.9958063364028931, "date": "2026-10-08"}}, {"type": "Feature", "geometry": {"type": "Point", "coordinates": [-82.60000000169703, 35.741666667234]}, "properties": {"p_logistic": 0.4703230857849121, "p_rf": 0.8119999766349792, "p_xgb": 0.9783440828323364, "date": "2026-10-08"}}, {"type": "Feature", "geometry": {"type": "Point", "coordinates": [-82.59166666836401, 35.741666667234]}, "properties": {"p_logistic": 0.47072649002075195, "p_rf": 0.8259999752044678, "p_xgb": 0.9963510036468506, "date": "2026-10-08"}}, {"type": "Feature", "geometry": {"type": "Point", "coordinates": [-82.58333333503101, 35.741666667234]}, "properties": {"p_logistic": 0.4707421362400055, "p_rf": 0.8320000171661377, "p_xgb": 0.9960951209068298, "date": "2026-10-08"}}, {"type": "Feature", "geometry": {"type": "Point", "coordinates": [-82.57500000169802, 35.741666667234]}, "properties": {"p_logistic": 0.46838220953941345, "p_rf": 0.8259999752044678, "p_xgb": 0.9960951209068298, "date": "2026-10-08"}}, {"type": "Feature", "geometry": {"type": "Point", "coordinates": [-82.56666666836502, 35.741666667234]}, "properties": {"p_logistic": 0.46555033326148987, "p_rf": 0.8220000267028809, "p_xgb": 0.9955125451087952, "date": "2026-10-08"}}, {"type": "Feature", "geometry": {"type": "Point", "coordinates": [-82.55833333503202, 35.741666667234]}, "properties": {"p_logistic": 0.46252137422561646, "p_rf": 0.8119999766349792, "p_xgb": 0.9726462364196777, "date": "2026-10-08"}}, {"type": "Feature", "geometry": {"type": "Point", "coordinates": [-82.55000000169902, 35.741666667234]}, "properties": {"p_logistic": 0.46073079109191895, "p_rf": 0.6779999732971191, "p_xgb": 0.9509473443031311, "date": "2026-10-08"}}, {"type": "Feature", "geometry": {"type": "Point", "coordinates": [-82.54166666836602, 35.741666667234]}, "properties": {"p_logistic": 0.45825520157814026, "p_rf": 0.6779999732971191, "p_xgb": 0.9195098876953125, "date": "2026-10-08"}}, {"type": "Feature", "geometry": {"type": "Point", "coordinates": [-82.53333333503302, 35.741666667234]}, "properties": {"p_logistic": 0.45552727580070496, "p_rf": 0.6859999895095825, "p_xgb": 0.9467208981513977, "date": "2026-10-08"}}, {"type": "Feature", "geometry": {"type": "Point", "coordinates": [-82.52500000170002, 35.741666667234]}, "properties": {"p_logistic": 0.4585403501987457, "p_rf": 0.6779999732971191, "p_xgb": 0.9237738847732544, "date": "2026-10-08"}}, {"type": "Feature", "geometry": {"type": "Point", "coordinates": [-82.51666666836701, 35.741666667234]}, "properties": {"p_logistic": 0.4624379277229309, "p_rf": 0.8199999928474426, "p_xgb": 0.991094172000885, "date": "2026-10-08"}}, {"type": "Feature", "geometry": {"type": "Point", "coordinates": [-82.50833333503402, 35.741666667234]}, "properties": {"p_logistic": 0.46504858136177063, "p_rf": 0.8259999752044678, "p_xgb": 0.9926115870475769, "date": "2026-10-08"}}, {"type": "Feature", "geometry": {"type": "Point", "coordinates": [-82.50000000170101, 35.741666667234]}, "properties": {"p_logistic": 0.4662560224533081, "p_rf": 0.8259999752044678, "p_xgb": 0.992489218711853, "date": "2026-10-08"}}, {"type": "Feature", "geometry": {"type": "Point", "coordinates": [-82.49166666836803, 35.741666667234]}, "properties": {"p_logistic": 0.4662860333919525, "p_rf": 0.8059999942779541, "p_xgb": 0.9764602780342102, "date": "2026-10-08"}}, {"type": "Feature", "geometry": {"type": "Point", "coordinates": [-82.48333333503501, 35.741666667234]}, "properties": {"p_logistic": 0.46423590183258057, "p_rf": 0.7020000219345093, "p_xgb": 0.9737905859947205, "date": "2026-10-08"}}, {"type": "Feature", "geometry": {"type": "Point", "coordinates": [-82.47500000170201, 35.741666667234]}, "properties": {"p_logistic": 0.46430331468582153, "p_rf": 0.7080000042915344, "p_xgb": 0.9742098450660706, "date": "2026-10-08"}}, {"type": "Feature", "geometry": {"type": "Point", "coordinates": [-82.46666666836902, 35.741666667234]}, "properties": {"p_logistic": 0.46401455998420715, "p_rf": 0.7080000042915344, "p_xgb": 0.9725576043128967, "date": "2026-10-08"}}, {"type": "Feature", "geometry": {"type": "Point", "coordinates": [-82.45833333503602, 35.741666667234]}, "properties": {"p_logistic": 0.46687498688697815, "p_rf": 0.7080000042915344, "p_xgb": 0.9725576043128967, "date": "2026-10-08"}}, {"type": "Feature", "geometry": {"type": "Point", "coordinates": [-82.45000000170302, 35.741666667234]}, "properties": {"p_logistic": 0.47008100152015686, "p_rf": 0.7080000042915344, "p_xgb": 0.9725576043128967, "date": "2026-10-08"}}, {"type": "Feature", "geometry": {"type": "Point", "coordinates": [-82.44166666837002, 35.741666667234]}, "properties": {"p_logistic": 0.4723769426345825, "p_rf": 0.7080000042915344, "p_xgb": 0.9705186486244202, "date": "2026-10-08"}}, {"type": "Feature", "geometry": {"type": "Point", "coordinates": [-82.43333333503702, 35.741666667234]}, "properties": {"p_logistic": 0.47231921553611755, "p_rf": 0.7080000042915344, "p_xgb": 0.9796586036682129, "date": "2026-10-08"}}, {"type": "Feature", "geometry": {"type": "Point", "coordinates": [-82.42500000170402, 35.741666667234]}, "properties": {"p_logistic": 0.47025611996650696, "p_rf": 0.7080000042915344, "p_xgb": 0.9818447828292847, "date": "2026-10-08"}}, {"type": "Feature", "geometry": {"type": "Point", "coordinates": [-82.41666666837102, 35.741666667234]}, "properties": {"p_logistic": 0.466226726770401, "p_rf": 0.7080000042915344, "p_xgb": 0.9805192351341248, "date": "2026-10-08"}}, {"type": "Feature", "geometry": {"type": "Point", "coordinates": [-82.40833333503801, 35.741666667234]}, "properties": {"p_logistic": 0.4681130349636078, "p_rf": 0.7200000286102295, "p_xgb": 0.9812667369842529, "date": "2026-10-08"}}, {"type": "Feature", "geometry": {"type": "Point", "coordinates": [-82.40000000170502, 35.741666667234]}, "properties": {"p_logistic": 0.46819767355918884, "p_rf": 0.6759999990463257, "p_xgb": 0.9677971005439758, "date": "2026-10-08"}}, {"type": "Feature", "geometry": {"type": "Point", "coordinates": [-82.39166666837201, 35.741666667234]}, "properties": {"p_logistic": 0.46722662448883057, "p_rf": 0.6779999732971191, "p_xgb": 0.9770851135253906, "date": "2026-10-08"}}, {"type": "Feature", "geometry": {"type": "Point", "coordinates": [-82.38333333503903, 35.741666667234]}, "properties": {"p_logistic": 0.46639353036880493, "p_rf": 0.6779999732971191, "p_xgb": 0.968609631061554, "date": "2026-10-08"}}, {"type": "Feature", "geometry": {"type": "Point", "coordinates": [-82.37500000170601, 35.741666667234]}, "properties": {"p_logistic": 0.4662840664386749, "p_rf": 0.6779999732971191, "p_xgb": 0.968609631061554, "date": "2026-10-08"}}, {"type": "Feature", "geometry": {"type": "Point", "coordinates": [-82.36666666837301, 35.741666667234]}, "properties": {"p_logistic": 0.4679256081581116, "p_rf": 0.8220000267028809, "p_xgb": 0.9963527917861938, "date": "2026-10-08"}}, {"type": "Feature", "geometry": {"type": "Point", "coordinates": [-82.35833333504002, 35.741666667234]}, "properties": {"p_logistic": 0.469397634267807, "p_rf": 0.8679999709129333, "p_xgb": 0.9964612126350403, "date": "2026-10-08"}}, {"type": "Feature", "geometry": {"type": "Point", "coordinates": [-82.35000000170702, 35.741666667234]}, "properties": {"p_logistic": 0.4703217148780823, "p_rf": 0.8600000143051147, "p_xgb": 0.9983828067779541, "date": "2026-10-08"}}, {"type": "Feature", "geometry": {"type": "Point", "coordinates": [-82.34166666837402, 35.741666667234]}, "properties": {"p_logistic": 0.471297949552536, "p_rf": 0.8040000200271606, "p_xgb": 0.9979780316352844, "date": "2026-10-08"}}, {"type": "Feature", "geometry": {"type": "Point", "coordinates": [-82.33333333504102, 35.741666667234]}, "properties": {"p_logistic": 0.4732089340686798, "p_rf": 0.7599999904632568, "p_xgb": 0.994623064994812, "date": "2026-10-08"}}, {"type": "Feature", "geometry": {"type": "Point", "coordinates": [-82.32500000170802, 35.741666667234]}, "properties": {"p_logistic": 0.47860124707221985, "p_rf": 0.656000018119812, "p_xgb": 0.9911001324653625, "date": "2026-10-08"}}, {"type": "Feature", "geometry": {"type": "Point", "coordinates": [-82.70000000169301, 35.733333333901]}, "properties": {"p_logistic": 0.506809413433075, "p_rf": 0.6460000276565552, "p_xgb": 0.9809302091598511, "date": "2026-10-08"}}, {"type": "Feature", "geometry": {"type": "Point", "coordinates": [-82.67500000169402, 35.733333333901]}, "properties": {"p_logistic": 0.5105120539665222, "p_rf": 0.7400000095367432, "p_xgb": 0.9857088327407837, "date": "2026-10-08"}}, {"type": "Feature", "geometry": {"type": "Point", "coordinates": [-82.66666666836102, 35.733333333901]}, "properties": {"p_logistic": 0.509673535823822, "p_rf": 0.7480000257492065, "p_xgb": 0.9883583188056946, "date": "2026-10-08"}}, {"type": "Feature", "geometry": {"type": "Point", "coordinates": [-82.65833333502802, 35.733333333901]}, "properties": {"p_logistic": 0.5064611434936523, "p_rf": 0.7620000243186951, "p_xgb": 0.9880040884017944, "date": "2026-10-08"}}, {"type": "Feature", "geometry": {"type": "Point", "coordinates": [-82.65000000169502, 35.733333333901]}, "properties": {"p_logistic": 0.5015194416046143, "p_rf": 0.7960000038146973, "p_xgb": 0.9932188391685486, "date": "2026-10-08"}}, {"type": "Feature", "geometry": {"type": "Point", "coordinates": [-82.64166666836202, 35.733333333901]}, "properties": {"p_logistic": 0.4959564805030823, "p_rf": 0.8659999966621399, "p_xgb": 0.9959762692451477, "date": "2026-10-08"}}, {"type": "Feature", "geometry": {"type": "Point", "coordinates": [-82.63333333502902, 35.733333333901]}, "properties": {"p_logistic": 0.49272575974464417, "p_rf": 0.8679999709129333, "p_xgb": 0.9981098175048828, "date": "2026-10-08"}}, {"type": "Feature", "geometry": {"type": "Point", "coordinates": [-82.62500000169601, 35.733333333901]}, "properties": {"p_logistic": 0.48965001106262207, "p_rf": 0.8379999995231628, "p_xgb": 0.9958640336990356, "date": "2026-10-08"}}, {"type": "Feature", "geometry": {"type": "Point", "coordinates": [-82.61666666836302, 35.733333333901]}, "properties": {"p_logistic": 0.4860387146472931, "p_rf": 0.8320000171661377, "p_xgb": 0.9963510036468506, "date": "2026-10-08"}}, {"type": "Feature", "geometry": {"type": "Point", "coordinates": [-82.60833333503001, 35.733333333901]}, "properties": {"p_logistic": 0.48060667514801025, "p_rf": 0.8220000267028809, "p_xgb": 0.9958063364028931, "date": "2026-10-08"}}, {"type": "Feature", "geometry": {"type": "Point", "coordinates": [-82.60000000169703, 35.733333333901]}, "properties": {"p_logistic": 0.47460901737213135, "p_rf": 0.7900000214576721, "p_xgb": 0.9655635952949524, "date": "2026-10-08"}}, {"type": "Feature", "geometry": {"type": "Point", "coordinates": [-82.59166666836401, 35.733333333901]}, "properties": {"p_logistic": 0.469951331615448, "p_rf": 0.6779999732971191, "p_xgb": 0.9609837532043457, "date": "2026-10-08"}}, {"type": "Feature", "geometry": {"type": "Point", "coordinates": [-82.58333333503101, 35.733333333901]}, "properties": {"p_logistic": 0.46807435154914856, "p_rf": 0.6779999732971191, "p_xgb": 0.9609837532043457, "date": "2026-10-08"}}, {"type": "Feature", "geometry": {"type": "Point", "coordinates": [-82.57500000169802, 35.733333333901]}, "properties": {"p_logistic": 0.4656151533126831, "p_rf": 0.6779999732971191, "p_xgb": 0.9609837532043457, "date": "2026-10-08"}}, {"type": "Feature", "geometry": {"type": "Point", "coordinates": [-82.56666666836502, 35.733333333901]}, "properties": {"p_logistic": 0.4612025320529938, "p_rf": 0.6779999732971191, "p_xgb": 0.958351731300354, "date": "2026-10-08"}}, {"type": "Feature", "geometry": {"type": "Point", "coordinates": [-82.55833333503202, 35.733333333901]}, "properties": {"p_logistic": 0.4570617377758026, "p_rf": 0.7039999961853027, "p_xgb": 0.9716729521751404, "date": "2026-10-08"}}, {"type": "Feature", "geometry": {"type": "Point", "coordinates": [-82.55000000169902, 35.733333333901]}, "properties": {"p_logistic": 0.45969775319099426, "p_rf": 0.6779999732971191, "p_xgb": 0.9480805397033691, "date": "2026-10-08"}}, {"type": "Feature", "geometry": {"type": "Point", "coordinates": [-82.54166666836602, 35.733333333901]}, "properties": {"p_logistic": 0.46145620942115784, "p_rf": 0.7900000214576721, "p_xgb": 0.9313638806343079, "date": "2026-10-08"}}, {"type": "Feature", "geometry": {"type": "Point", "coordinates": [-82.53333333503302, 35.733333333901]}, "properties": {"p_logistic": 0.46371349692344666, "p_rf": 0.8220000267028809, "p_xgb": 0.9915136694908142, "date": "2026-10-08"}}, {"type": "Feature", "geometry": {"type": "Point", "coordinates": [-82.52500000170002, 35.733333333901]}, "properties": {"p_logistic": 0.4662994146347046, "p_rf": 0.8460000157356262, "p_xgb": 0.9923332929611206, "date": "2026-10-08"}}, {"type": "Feature", "geometry": {"type": "Point", "coordinates": [-82.51666666836701, 35.733333333901]}, "properties": {"p_logistic": 0.4693736433982849, "p_rf": 0.8679999709129333, "p_xgb": 0.9967072606086731, "date": "2026-10-08"}}, {"type": "Feature", "geometry": {"type": "Point", "coordinates": [-82.50833333503402, 35.733333333901]}, "properties": {"p_logistic": 0.4716067910194397, "p_rf": 0.871999979019165, "p_xgb": 0.9966977834701538, "date": "2026-10-08"}}, {"type": "Feature", "geometry": {"type": "Point", "coordinates": [-82.50000000170101, 35.733333333901]}, "properties": {"p_logistic": 0.47347456216812134, "p_rf": 0.8679999709129333, "p_xgb": 0.9931439161300659, "date": "2026-10-08"}}, {"type": "Feature", "geometry": {"type": "Point", "coordinates": [-82.49166666836803, 35.733333333901]}, "properties": {"p_logistic": 0.4738859534263611, "p_rf": 0.8740000128746033, "p_xgb": 0.9969519376754761, "date": "2026-10-08"}}, {"type": "Feature", "geometry": {"type": "Point", "coordinates": [-82.48333333503501, 35.733333333901]}, "properties": {"p_logistic": 0.47161194682121277, "p_rf": 0.8220000267028809, "p_xgb": 0.9957334399223328, "date": "2026-10-08"}}, {"type": "Feature", "geometry": {"type": "Point", "coordinates": [-82.47500000170201, 35.733333333901]}, "properties": {"p_logistic": 0.4702926576137543, "p_rf": 0.7039999961853027, "p_xgb": 0.973466694355011, "date": "2026-10-08"}}, {"type": "Feature", "geometry": {"type": "Point", "coordinates": [-82.46666666836902, 35.733333333901]}, "properties": {"p_logistic": 0.46867531538009644, "p_rf": 0.7039999961853027, "p_xgb": 0.9732570052146912, "date": "2026-10-08"}}, {"type": "Feature", "geometry": {"type": "Point", "coordinates": [-82.45833333503602, 35.733333333901]}, "properties": {"p_logistic": 0.46506667137145996, "p_rf": 0.7080000042915344, "p_xgb": 0.9732570052146912, "date": "2026-10-08"}}, {"type": "Feature", "geometry": {"type": "Point", "coordinates": [-82.45000000170302, 35.733333333901]}, "properties": {"p_logistic": 0.46754223108291626, "p_rf": 0.7080000042915344, "p_xgb": 0.9716468453407288, "date": "2026-10-08"}}, {"type": "Feature", "geometry": {"type": "Point", "coordinates": [-82.44166666837002, 35.733333333901]}, "properties": {"p_logistic": 0.47031158208847046, "p_rf": 0.7080000042915344, "p_xgb": 0.9716721773147583, "date": "2026-10-08"}}, {"type": "Feature", "geometry": {"type": "Point", "coordinates": [-82.43333333503702, 35.733333333901]}, "properties": {"p_logistic": 0.47021257877349854, "p_rf": 0.7080000042915344, "p_xgb": 0.9818447828292847, "date": "2026-10-08"}}, {"type": "Feature", "geometry": {"type": "Point", "coordinates": [-82.42500000170402, 35.733333333901]}, "properties": {"p_logistic": 0.4673052430152893, "p_rf": 0.7080000042915344, "p_xgb": 0.9805192351341248, "date": "2026-10-08"}}, {"type": "Feature", "geometry": {"type": "Point", "coordinates": [-82.41666666837102, 35.733333333901]}, "properties": {"p_logistic": 0.4651508927345276, "p_rf": 0.7059999704360962, "p_xgb": 0.9812667369842529, "date": "2026-10-08"}}, {"type": "Feature", "geometry": {"type": "Point", "coordinates": [-82.40833333503801, 35.733333333901]}, "properties": {"p_logistic": 0.4683208465576172, "p_rf": 0.7039999961853027, "p_xgb": 0.9813489317893982, "date": "2026-10-08"}}, {"type": "Feature", "geometry": {"type": "Point", "coordinates": [-82.40000000170502, 35.733333333901]}, "properties": {"p_logistic": 0.4687887132167816, "p_rf": 0.6779999732971191, "p_xgb": 0.9801782965660095, "date": "2026-10-08"}}, {"type": "Feature", "geometry": {"type": "Point", "coordinates": [-82.39166666837201, 35.733333333901]}, "properties": {"p_logistic": 0.46771806478500366, "p_rf": 0.8119999766349792, "p_xgb": 0.9826381802558899, "date": "2026-10-08"}}, {"type": "Feature", "geometry": {"type": "Point", "coordinates": [-82.38333333503903, 35.733333333901]}, "properties": {"p_logistic": 0.46687838435173035, "p_rf": 0.8140000104904175, "p_xgb": 0.9961715340614319, "date": "2026-10-08"}}, {"type": "Feature", "geometry": {"type": "Point", "coordinates": [-82.37500000170601, 35.733333333901]}, "properties": {"p_logistic": 0.4674863815307617, "p_rf": 0.8259999752044678, "p_xgb": 0.9968265891075134, "date": "2026-10-08"}}, {"type": "Feature", "geometry": {"type": "Point", "coordinates": [-82.36666666837301, 35.733333333901]}, "properties": {"p_logistic": 0.4692804217338562, "p_rf": 0.8679999709129333, "p_xgb": 0.9956876635551453, "date": "2026-10-08"}}, {"type": "Feature", "geometry": {"type": "Point", "coordinates": [-82.35833333504002, 35.733333333901]}, "properties": {"p_logistic": 0.4714338779449463, "p_rf": 0.8259999752044678, "p_xgb": 0.9981472492218018, "date": "2026-10-08"}}, {"type": "Feature", "geometry": {"type": "Point", "coordinates": [-82.35000000170702, 35.733333333901]}, "properties": {"p_logistic": 0.4715815484523773, "p_rf": 0.7680000066757202, "p_xgb": 0.9947511553764343, "date": "2026-10-08"}}, {"type": "Feature", "geometry": {"type": "Point", "coordinates": [-82.34166666837402, 35.733333333901]}, "properties": {"p_logistic": 0.47200560569763184, "p_rf": 0.7519999742507935, "p_xgb": 0.9937112331390381, "date": "2026-10-08"}}, {"type": "Feature", "geometry": {"type": "Point", "coordinates": [-82.33333333504102, 35.733333333901]}, "properties": {"p_logistic": 0.4738973081111908, "p_rf": 0.6539999842643738, "p_xgb": 0.9885182976722717, "date": "2026-10-08"}}, {"type": "Feature", "geometry": {"type": "Point", "coordinates": [-82.32500000170802, 35.733333333901]}, "properties": {"p_logistic": 0.47859877347946167, "p_rf": 0.6620000004768372, "p_xgb": 0.9857383966445923, "date": "2026-10-08"}}, {"type": "Feature", "geometry": {"type": "Point", "coordinates": [-82.31666666837502, 35.733333333901]}, "properties": {"p_logistic": 0.48765766620635986, "p_rf": 0.7179999947547913, "p_xgb": 0.9883676171302795, "date": "2026-10-08"}}, {"type": "Feature", "geometry": {"type": "Point", "coordinates": [-82.70833333502603, 35.725000000568]}, "properties": {"p_logistic": 0.505179762840271, "p_rf": 0.6620000004768372, "p_xgb": 0.9723939299583435, "date": "2026-10-08"}}, {"type": "Feature", "geometry": {"type": "Point", "coordinates": [-82.70000000169301, 35.725000000568]}, "properties": {"p_logistic": 0.5075311064720154, "p_rf": 0.6499999761581421, "p_xgb": 0.9812513589859009, "date": "2026-10-08"}}, {"type": "Feature", "geometry": {"type": "Point", "coordinates": [-82.69166666836001, 35.725000000568]}, "properties": {"p_logistic": 0.5092712640762329, "p_rf": 0.6439999938011169, "p_xgb": 0.9824626445770264, "date": "2026-10-08"}}, {"type": "Feature", "geometry": {"type": "Point", "coordinates": [-82.68333333502702, 35.725000000568]}, "properties": {"p_logistic": 0.5105162858963013, "p_rf": 0.6499999761581421, "p_xgb": 0.984046995639801, "date": "2026-10-08"}}, {"type": "Feature", "geometry": {"type": "Point", "coordinates": [-82.67500000169402, 35.725000000568]}, "properties": {"p_logistic": 0.5109397768974304, "p_rf": 0.6679999828338623, "p_xgb": 0.9857088327407837, "date": "2026-10-08"}}, {"type": "Feature", "geometry": {"type": "Point", "coordinates": [-82.66666666836102, 35.725000000568]}, "properties": {"p_logistic": 0.5102869868278503, "p_rf": 0.7459999918937683, "p_xgb": 0.9876498579978943, "date": "2026-10-08"}}, {"type": "Feature", "geometry": {"type": "Point", "coordinates": [-82.65833333502802, 35.725000000568]}, "properties": {"p_logistic": 0.5073146820068359, "p_rf": 0.7599999904632568, "p_xgb": 0.9880040884017944, "date": "2026-10-08"}}, {"type": "Feature", "geometry": {"type": "Point", "coordinates": [-82.65000000169502, 35.725000000568]}, "properties": {"p_logistic": 0.5026849508285522, "p_rf": 0.7960000038146973, "p_xgb": 0.9932188391685486, "date": "2026-10-08"}}, {"type": "Feature", "geometry": {"type": "Point", "coordinates": [-82.64166666836202, 35.725000000568]}, "properties": {"p_logistic": 0.497761994600296, "p_rf": 0.8679999709129333, "p_xgb": 0.9959762692451477, "date": "2026-10-08"}}, {"type": "Feature", "geometry": {"type": "Point", "coordinates": [-82.63333333502902, 35.725000000568]}, "properties": {"p_logistic": 0.49424874782562256, "p_rf": 0.8700000047683716, "p_xgb": 0.9981098175048828, "date": "2026-10-08"}}, {"type": "Feature", "geometry": {"type": "Point", "coordinates": [-82.62500000169601, 35.725000000568]}, "properties": {"p_logistic": 0.4911997318267822, "p_rf": 0.843999981880188, "p_xgb": 0.9958640336990356, "date": "2026-10-08"}}, {"type": "Feature", "geometry": {"type": "Point", "coordinates": [-82.61666666836302, 35.725000000568]}, "properties": {"p_logistic": 0.48833972215652466, "p_rf": 0.8320000171661377, "p_xgb": 0.9963510036468506, "date": "2026-10-08"}}, {"type": "Feature", "geometry": {"type": "Point", "coordinates": [-82.60833333503001, 35.725000000568]}, "properties": {"p_logistic": 0.4839136302471161, "p_rf": 0.8199999928474426, "p_xgb": 0.9958063364028931, "date": "2026-10-08"}}, {"type": "Feature", "geometry": {"type": "Point", "coordinates": [-82.60000000169703, 35.725000000568]}, "properties": {"p_logistic": 0.47829458117485046, "p_rf": 0.7900000214576721, "p_xgb": 0.9783440828323364, "date": "2026-10-08"}}, {"type": "Feature", "geometry": {"type": "Point", "coordinates": [-82.59166666836401, 35.725000000568]}, "properties": {"p_logistic": 0.4734857678413391, "p_rf": 0.6779999732971191, "p_xgb": 0.9609837532043457, "date": "2026-10-08"}}, {"type": "Feature", "geometry": {"type": "Point", "coordinates": [-82.58333333503101, 35.725000000568]}, "properties": {"p_logistic": 0.4694577157497406, "p_rf": 0.6759999990463257, "p_xgb": 0.9609837532043457, "date": "2026-10-08"}}, {"type": "Feature", "geometry": {"type": "Point", "coordinates": [-82.57500000169802, 35.725000000568]}, "properties": {"p_logistic": 0.465179979801178, "p_rf": 0.7039999961853027, "p_xgb": 0.9734864830970764, "date": "2026-10-08"}}, {"type": "Feature", "geometry": {"type": "Point", "coordinates": [-82.56666666836502, 35.725000000568]}, "properties": {"p_logistic": 0.4612143933773041, "p_rf": 0.7039999961853027, "p_xgb": 0.9734864830970764, "date": "2026-10-08"}}, {"type": "Feature", "geometry": {"type": "Point", "coordinates": [-82.55833333503202, 35.725000000568]}, "properties": {"p_logistic": 0.4629230201244354, "p_rf": 0.6779999732971191, "p_xgb": 0.958351731300354, "date": "2026-10-08"}}, {"type": "Feature", "geometry": {"type": "Point", "coordinates": [-82.55000000169902, 35.725000000568]}, "properties": {"p_logistic": 0.4654211401939392, "p_rf": 0.8119999766349792, "p_xgb": 0.9952078461647034, "date": "2026-10-08"}}, {"type": "Feature", "geometry": {"type": "Point", "coordinates": [-82.54166666836602, 35.725000000568]}, "properties": {"p_logistic": 0.4656237065792084, "p_rf": 0.8259999752044678, "p_xgb": 0.9926115870475769, "date": "2026-10-08"}}, {"type": "Feature", "geometry": {"type": "Point", "coordinates": [-82.53333333503302, 35.725000000568]}, "properties": {"p_logistic": 0.4668967127799988, "p_rf": 0.843999981880188, "p_xgb": 0.9923332929611206, "date": "2026-10-08"}}, {"type": "Feature", "geometry": {"type": "Point", "coordinates": [-82.52500000170002, 35.725000000568]}, "properties": {"p_logistic": 0.4686274528503418, "p_rf": 0.8679999709129333, "p_xgb": 0.9922533631324768, "date": "2026-10-08"}}, {"type": "Feature", "geometry": {"type": "Point", "coordinates": [-82.51666666836701, 35.725000000568]}, "properties": {"p_logistic": 0.4712219834327698, "p_rf": 0.8759999871253967, "p_xgb": 0.9966977834701538, "date": "2026-10-08"}}, {"type": "Feature", "geometry": {"type": "Point", "coordinates": [-82.50833333503402, 35.725000000568]}, "properties": {"p_logistic": 0.474395215511322, "p_rf": 0.8320000171661377, "p_xgb": 0.9889647960662842, "date": "2026-10-08"}}, {"type": "Feature", "geometry": {"type": "Point", "coordinates": [-82.50000000170101, 35.725000000568]}, "properties": {"p_logistic": 0.47697916626930237, "p_rf": 0.8180000185966492, "p_xgb": 0.9891884922981262, "date": "2026-10-08"}}, {"type": "Feature", "geometry": {"type": "Point", "coordinates": [-82.49166666836803, 35.725000000568]}, "properties": {"p_logistic": 0.47861507534980774, "p_rf": 0.8360000252723694, "p_xgb": 0.9891884922981262, "date": "2026-10-08"}}, {"type": "Feature", "geometry": {"type": "Point", "coordinates": [-82.48333333503501, 35.725000000568]}, "properties": {"p_logistic": 0.47738826274871826, "p_rf": 0.8679999709129333, "p_xgb": 0.9959855675697327, "date": "2026-10-08"}}, {"type": "Feature", "geometry": {"type": "Point", "coordinates": [-82.47500000170201, 35.725000000568]}, "properties": {"p_logistic": 0.4744948148727417, "p_rf": 0.8140000104904175, "p_xgb": 0.9955947995185852, "date": "2026-10-08"}}, {"type": "Feature", "geometry": {"type": "Point", "coordinates": [-82.46666666836902, 35.725000000568]}, "properties": {"p_logistic": 0.47039005160331726, "p_rf": 0.7179999947547913, "p_xgb": 0.9724872708320618, "date": "2026-10-08"}}, {"type": "Feature", "geometry": {"type": "Point", "coordinates": [-82.45833333503602, 35.725000000568]}, "properties": {"p_logistic": 0.4648289978504181, "p_rf": 0.7080000042915344, "p_xgb": 0.9732570052146912, "date": "2026-10-08"}}, {"type": "Feature", "geometry": {"type": "Point", "coordinates": [-82.45000000170302, 35.725000000568]}, "properties": {"p_logistic": 0.4652417004108429, "p_rf": 0.7080000042915344, "p_xgb": 0.9723687767982483, "date": "2026-10-08"}}, {"type": "Feature", "geometry": {"type": "Point", "coordinates": [-82.44166666837002, 35.725000000568]}, "properties": {"p_logistic": 0.4679070711135864, "p_rf": 0.7080000042915344, "p_xgb": 0.9723934531211853, "date": "2026-10-08"}}, {"type": "Feature", "geometry": {"type": "Point", "coordinates": [-82.43333333503702, 35.725000000568]}, "properties": {"p_logistic": 0.4667278528213501, "p_rf": 0.7080000042915344, "p_xgb": 0.9818447828292847, "date": "2026-10-08"}}, {"type": "Feature", "geometry": {"type": "Point", "coordinates": [-82.42500000170402, 35.725000000568]}, "properties": {"p_logistic": 0.46314942836761475, "p_rf": 0.7080000042915344, "p_xgb": 0.9812667369842529, "date": "2026-10-08"}}, {"type": "Feature", "geometry": {"type": "Point", "coordinates": [-82.41666666837102, 35.725000000568]}, "properties": {"p_logistic": 0.4640328884124756, "p_rf": 0.7039999961853027, "p_xgb": 0.9812667369842529, "date": "2026-10-08"}}, {"type": "Feature", "geometry": {"type": "Point", "coordinates": [-82.40833333503801, 35.725000000568]}, "properties": {"p_logistic": 0.4679087996482849, "p_rf": 0.6779999732971191, "p_xgb": 0.9825050830841064, "date": "2026-10-08"}}, {"type": "Feature", "geometry": {"type": "Point", "coordinates": [-82.40000000170502, 35.725000000568]}, "properties": {"p_logistic": 0.46952298283576965, "p_rf": 0.8220000267028809, "p_xgb": 0.9963527917861938, "date": "2026-10-08"}}, {"type": "Feature", "geometry": {"type": "Point", "coordinates": [-82.39166666837201, 35.725000000568]}, "properties": {"p_logistic": 0.469290167093277, "p_rf": 0.8320000171661377, "p_xgb": 0.9968265891075134, "date": "2026-10-08"}}, {"type": "Feature", "geometry": {"type": "Point", "coordinates": [-82.38333333503903, 35.725000000568]}, "properties": {"p_logistic": 0.4696302115917206, "p_rf": 0.8420000076293945, "p_xgb": 0.9960863590240479, "date": "2026-10-08"}}, {"type": "Feature", "geometry": {"type": "Point", "coordinates": [-82.37500000170601, 35.725000000568]}, "properties": {"p_logistic": 0.4705590605735779, "p_rf": 0.8759999871253967, "p_xgb": 0.9992446899414062, "date": "2026-10-08"}}, {"type": "Feature", "geometry": {"type": "Point", "coordinates": [-82.36666666837301, 35.725000000568]}, "properties": {"p_logistic": 0.4729265570640564, "p_rf": 0.8180000185966492, "p_xgb": 0.9981472492218018, "date": "2026-10-08"}}, {"type": "Feature", "geometry": {"type": "Point", "coordinates": [-82.35833333504002, 35.725000000568]}, "properties": {"p_logistic": 0.47376561164855957, "p_rf": 0.7599999904632568, "p_xgb": 0.996607780456543, "date": "2026-10-08"}}, {"type": "Feature", "geometry": {"type": "Point", "coordinates": [-82.35000000170702, 35.725000000568]}, "properties": {"p_logistic": 0.4727882146835327, "p_rf": 0.7440000176429749, "p_xgb": 0.9935458302497864, "date": "2026-10-08"}}, {"type": "Feature", "geometry": {"type": "Point", "coordinates": [-82.34166666837402, 35.725000000568]}, "properties": {"p_logistic": 0.47389233112335205, "p_rf": 0.6480000019073486, "p_xgb": 0.9883660674095154, "date": "2026-10-08"}}, {"type": "Feature", "geometry": {"type": "Point", "coordinates": [-82.33333333504102, 35.725000000568]}, "properties": {"p_logistic": 0.47639796137809753, "p_rf": 0.6620000004768372, "p_xgb": 0.9870325326919556, "date": "2026-10-08"}}, {"type": "Feature", "geometry": {"type": "Point", "coordinates": [-82.32500000170802, 35.725000000568]}, "properties": {"p_logistic": 0.48016971349716187, "p_rf": 0.6840000152587891, "p_xgb": 0.98816978931427, "date": "2026-10-08"}}, {"type": "Feature", "geometry": {"type": "Point", "coordinates": [-82.31666666837502, 35.725000000568]}, "properties": {"p_logistic": 0.4879229664802551, "p_rf": 0.6759999990463257, "p_xgb": 0.9830759763717651, "date": "2026-10-08"}}, {"type": "Feature", "geometry": {"type": "Point", "coordinates": [-82.30833333504202, 35.725000000568]}, "properties": {"p_logistic": 0.4968867897987366, "p_rf": 0.7020000219345093, "p_xgb": 0.9873850345611572, "date": "2026-10-08"}}, {"type": "Feature", "geometry": {"type": "Point", "coordinates": [-82.30000000170901, 35.725000000568]}, "properties": {"p_logistic": 0.5035352110862732, "p_rf": 0.6959999799728394, "p_xgb": 0.9742437601089478, "date": "2026-10-08"}}, {"type": "Feature", "geometry": {"type": "Point", "coordinates": [-82.29166666837602, 35.725000000568]}, "properties": {"p_logistic": 0.5083991289138794, "p_rf": 0.7440000176429749, "p_xgb": 0.9771382808685303, "date": "2026-10-08"}}, {"type": "Feature", "geometry": {"type": "Point", "coordinates": [-82.73333333502501, 35.716666667235]}, "properties": {"p_logistic": 0.49903160333633423, "p_rf": 0.6840000152587891, "p_xgb": 0.9828044176101685, "date": "2026-10-08"}}, {"type": "Feature", "geometry": {"type": "Point", "coordinates": [-82.72500000169202, 35.716666667235]}, "properties": {"p_logistic": 0.5025044083595276, "p_rf": 0.6759999990463257, "p_xgb": 0.9766071438789368, "date": "2026-10-08"}}, {"type": "Feature", "geometry": {"type": "Point", "coordinates": [-82.71666666835901, 35.716666667235]}, "properties": {"p_logistic": 0.5049923062324524, "p_rf": 0.6700000166893005, "p_xgb": 0.9753702878952026, "date": "2026-10-08"}}, {"type": "Feature", "geometry": {"type": "Point", "coordinates": [-82.70833333502603, 35.716666667235]}, "properties": {"p_logistic": 0.5066900253295898, "p_rf": 0.6660000085830688, "p_xgb": 0.9757828712463379, "date": "2026-10-08"}}, {"type": "Feature", "geometry": {"type": "Point", "coordinates": [-82.70000000169301, 35.716666667235]}, "properties": {"p_logistic": 0.5076907277107239, "p_rf": 0.6639999747276306, "p_xgb": 0.9796893000602722, "date": "2026-10-08"}}, {"type": "Feature", "geometry": {"type": "Point", "coordinates": [-82.69166666836001, 35.716666667235]}, "properties": {"p_logistic": 0.5089364051818848, "p_rf": 0.6460000276565552, "p_xgb": 0.9812513589859009, "date": "2026-10-08"}}, {"type": "Feature", "geometry": {"type": "Point", "coordinates": [-82.68333333502702, 35.716666667235]}, "properties": {"p_logistic": 0.5098369717597961, "p_rf": 0.6480000019073486, "p_xgb": 0.9824626445770264, "date": "2026-10-08"}}, {"type": "Feature", "geometry": {"type": "Point", "coordinates": [-82.67500000169402, 35.716666667235]}, "properties": {"p_logistic": 0.5102036595344543, "p_rf": 0.6539999842643738, "p_xgb": 0.9857088327407837, "date": "2026-10-08"}}, {"type": "Feature", "geometry": {"type": "Point", "coordinates": [-82.66666666836102, 35.716666667235]}, "properties": {"p_logistic": 0.509200394153595, "p_rf": 0.7419999837875366, "p_xgb": 0.9871104955673218, "date": "2026-10-08"}}, {"type": "Feature", "geometry": {"type": "Point", "coordinates": [-82.65833333502802, 35.716666667235]}, "properties": {"p_logistic": 0.5068366527557373, "p_rf": 0.7620000243186951, "p_xgb": 0.9883583188056946, "date": "2026-10-08"}}, {"type": "Feature", "geometry": {"type": "Point", "coordinates": [-82.65000000169502, 35.716666667235]}, "properties": {"p_logistic": 0.503086507320404, "p_rf": 0.8019999861717224, "p_xgb": 0.9932188391685486, "date": "2026-10-08"}}, {"type": "Feature", "geometry": {"type": "Point", "coordinates": [-82.64166666836202, 35.716666667235]}, "properties": {"p_logistic": 0.4987103044986725, "p_rf": 0.8659999966621399, "p_xgb": 0.9959762692451477, "date": "2026-10-08"}}, {"type": "Feature", "geometry": {"type": "Point", "coordinates": [-82.63333333502902, 35.716666667235]}, "properties": {"p_logistic": 0.4954456090927124, "p_rf": 0.8700000047683716, "p_xgb": 0.9981098175048828, "date": "2026-10-08"}}, {"type": "Feature", "geometry": {"type": "Point", "coordinates": [-82.62500000169601, 35.716666667235]}, "properties": {"p_logistic": 0.4926125109195709, "p_rf": 0.8460000157356262, "p_xgb": 0.9962531328201294, "date": "2026-10-08"}}, {"type": "Feature", "geometry": {"type": "Point", "coordinates": [-82.61666666836302, 35.716666667235]}, "properties": {"p_logistic": 0.48979660868644714, "p_rf": 0.8259999752044678, "p_xgb": 0.9962531328201294, "date": "2026-10-08"}}, {"type": "Feature", "geometry": {"type": "Point", "coordinates": [-82.60833333503001, 35.716666667235]}, "properties": {"p_logistic": 0.48552119731903076, "p_rf": 0.8140000104904175, "p_xgb": 0.9955981373786926, "date": "2026-10-08"}}, {"type": "Feature", "geometry": {"type": "Point", "coordinates": [-82.60000000169703, 35.716666667235]}, "properties": {"p_logistic": 0.48012086749076843, "p_rf": 0.6779999732971191, "p_xgb": 0.9609837532043457, "date": "2026-10-08"}}, {"type": "Feature", "geometry": {"type": "Point", "coordinates": [-82.59166666836401, 35.716666667235]}, "properties": {"p_logistic": 0.4751695692539215, "p_rf": 0.6779999732971191, "p_xgb": 0.9609837532043457, "date": "2026-10-08"}}, {"type": "Feature", "geometry": {"type": "Point", "coordinates": [-82.58333333503101, 35.716666667235]}, "properties": {"p_logistic": 0.47035208344459534, "p_rf": 0.7039999961853027, "p_xgb": 0.9734864830970764, "date": "2026-10-08"}}, {"type": "Feature", "geometry": {"type": "Point", "coordinates": [-82.57500000169802, 35.716666667235]}, "properties": {"p_logistic": 0.4661930799484253, "p_rf": 0.7139999866485596, "p_xgb": 0.9734864830970764, "date": "2026-10-08"}}, {"type": "Feature", "geometry": {"type": "Point", "coordinates": [-82.56666666836502, 35.716666667235]}, "properties": {"p_logistic": 0.46315452456474304, "p_rf": 0.7039999961853027, "p_xgb": 0.9734864830970764, "date": "2026-10-08"}}, {"type": "Feature", "geometry": {"type": "Point", "coordinates": [-82.55833333503202, 35.716666667235]}, "properties": {"p_logistic": 0.46796533465385437, "p_rf": 0.8059999942779541, "p_xgb": 0.9783440828323364, "date": "2026-10-08"}}, {"type": "Feature", "geometry": {"type": "Point", "coordinates": [-82.55000000169902, 35.716666667235]}, "properties": {"p_logistic": 0.4694381058216095, "p_rf": 0.8259999752044678, "p_xgb": 0.9960272312164307, "date": "2026-10-08"}}, {"type": "Feature", "geometry": {"type": "Point", "coordinates": [-82.54166666836602, 35.716666667235]}, "properties": {"p_logistic": 0.46921485662460327, "p_rf": 0.843999981880188, "p_xgb": 0.9951897859573364, "date": "2026-10-08"}}, {"type": "Feature", "geometry": {"type": "Point", "coordinates": [-82.53333333503302, 35.716666667235]}, "properties": {"p_logistic": 0.4694128632545471, "p_rf": 0.8379999995231628, "p_xgb": 0.9915387034416199, "date": "2026-10-08"}}, {"type": "Feature", "geometry": {"type": "Point", "coordinates": [-82.52500000170002, 35.716666667235]}, "properties": {"p_logistic": 0.47061434388160706, "p_rf": 0.8700000047683716, "p_xgb": 0.9967072606086731, "date": "2026-10-08"}}, {"type": "Feature", "geometry": {"type": "Point", "coordinates": [-82.51666666836701, 35.716666667235]}, "properties": {"p_logistic": 0.4728866219520569, "p_rf": 0.8679999709129333, "p_xgb": 0.9930014610290527, "date": "2026-10-08"}}, {"type": "Feature", "geometry": {"type": "Point", "coordinates": [-82.50833333503402, 35.716666667235]}, "properties": {"p_logistic": 0.4768945872783661, "p_rf": 0.8259999752044678, "p_xgb": 0.9893641471862793, "date": "2026-10-08"}}, {"type": "Feature", "geometry": {"type": "Point", "coordinates": [-82.50000000170101, 35.716666667235]}, "properties": {"p_logistic": 0.48007240891456604, "p_rf": 0.8059999942779541, "p_xgb": 0.9893720746040344, "date": "2026-10-08"}}, {"type": "Feature", "geometry": {"type": "Point", "coordinates": [-82.49166666836803, 35.716666667235]}, "properties": {"p_logistic": 0.4827015697956085, "p_rf": 0.8199999928474426, "p_xgb": 0.9922165870666504, "date": "2026-10-08"}}, {"type": "Feature", "geometry": {"type": "Point", "coordinates": [-82.48333333503501, 35.716666667235]}, "properties": {"p_logistic": 0.4815947711467743, "p_rf": 0.8759999871253967, "p_xgb": 0.9980552196502686, "date": "2026-10-08"}}, {"type": "Feature", "geometry": {"type": "Point", "coordinates": [-82.47500000170201, 35.716666667235]}, "properties": {"p_logistic": 0.4774133265018463, "p_rf": 0.8259999752044678, "p_xgb": 0.9962100982666016, "date": "2026-10-08"}}, {"type": "Feature", "geometry": {"type": "Point", "coordinates": [-82.46666666836902, 35.716666667235]}, "properties": {"p_logistic": 0.4716961085796356, "p_rf": 0.7039999961853027, "p_xgb": 0.9724872708320618, "date": "2026-10-08"}}, {"type": "Feature", "geometry": {"type": "Point", "coordinates": [-82.45833333503602, 35.716666667235]}, "properties": {"p_logistic": 0.46482568979263306, "p_rf": 0.7080000042915344, "p_xgb": 0.971268355846405, "date": "2026-10-08"}}, {"type": "Feature", "geometry": {"type": "Point", "coordinates": [-82.45000000170302, 35.716666667235]}, "properties": {"p_logistic": 0.4631483852863312, "p_rf": 0.7080000042915344, "p_xgb": 0.9723934531211853, "date": "2026-10-08"}}, {"type": "Feature", "geometry": {"type": "Point", "coordinates": [-82.44166666837002, 35.716666667235]}, "properties": {"p_logistic": 0.4643412232398987, "p_rf": 0.7080000042915344, "p_xgb": 0.9801806807518005, "date": "2026-10-08"}}, {"type": "Feature", "geometry": {"type": "Point", "coordinates": [-82.43333333503702, 35.716666667235]}, "properties": {"p_logistic": 0.46202418208122253, "p_rf": 0.7080000042915344, "p_xgb": 0.9818447828292847, "date": "2026-10-08"}}, {"type": "Feature", "geometry": {"type": "Point", "coordinates": [-82.42500000170402, 35.716666667235]}, "properties": {"p_logistic": 0.46025383472442627, "p_rf": 0.7059999704360962, "p_xgb": 0.9812667369842529, "date": "2026-10-08"}}, {"type": "Feature", "geometry": {"type": "Point", "coordinates": [-82.41666666837102, 35.716666667235]}, "properties": {"p_logistic": 0.4617076814174652, "p_rf": 0.722000002861023, "p_xgb": 0.9806241393089294, "date": "2026-10-08"}}, {"type": "Feature", "geometry": {"type": "Point", "coordinates": [-82.40833333503801, 35.716666667235]}, "properties": {"p_logistic": 0.4660540223121643, "p_rf": 0.6779999732971191, "p_xgb": 0.968609631061554, "date": "2026-10-08"}}, {"type": "Feature", "geometry": {"type": "Point", "coordinates": [-82.40000000170502, 35.716666667235]}, "properties": {"p_logistic": 0.4681660830974579, "p_rf": 0.8259999752044678, "p_xgb": 0.9968265891075134, "date": "2026-10-08"}}, {"type": "Feature", "geometry": {"type": "Point", "coordinates": [-82.39166666837201, 35.716666667235]}, "properties": {"p_logistic": 0.4699106216430664, "p_rf": 0.8379999995231628, "p_xgb": 0.9961877465248108, "date": "2026-10-08"}}, {"type": "Feature", "geometry": {"type": "Point", "coordinates": [-82.38333333503903, 35.716666667235]}, "properties": {"p_logistic": 0.4714917838573456, "p_rf": 0.8759999871253967, "p_xgb": 0.9992446899414062, "date": "2026-10-08"}}, {"type": "Feature", "geometry": {"type": "Point", "coordinates": [-82.37500000170601, 35.716666667235]}, "properties": {"p_logistic": 0.4748580753803253, "p_rf": 0.8059999942779541, "p_xgb": 0.9981472492218018, "date": "2026-10-08"}}, {"type": "Feature", "geometry": {"type": "Point", "coordinates": [-82.36666666837301, 35.716666667235]}, "properties": {"p_logistic": 0.4777596592903137, "p_rf": 0.7599999904632568, "p_xgb": 0.996607780456543, "date": "2026-10-08"}}, {"type": "Feature", "geometry": {"type": "Point", "coordinates": [-82.35833333504002, 35.716666667235]}, "properties": {"p_logistic": 0.47816410660743713, "p_rf": 0.6499999761581421, "p_xgb": 0.9943414926528931, "date": "2026-10-08"}}, {"type": "Feature", "geometry": {"type": "Point", "coordinates": [-82.35000000170702, 35.716666667235]}, "properties": {"p_logistic": 0.4773315191268921, "p_rf": 0.6539999842643738, "p_xgb": 0.9884980320930481, "date": "2026-10-08"}}, {"type": "Feature", "geometry": {"type": "Point", "coordinates": [-82.34166666837402, 35.716666667235]}, "properties": {"p_logistic": 0.4777516722679138, "p_rf": 0.6880000233650208, "p_xgb": 0.9905534386634827, "date": "2026-10-08"}}, {"type": "Feature", "geometry": {"type": "Point", "coordinates": [-82.33333333504102, 35.716666667235]}, "properties": {"p_logistic": 0.4814679026603699, "p_rf": 0.7160000205039978, "p_xgb": 0.9902313351631165, "date": "2026-10-08"}}, {"type": "Feature", "geometry": {"type": "Point", "coordinates": [-82.32500000170802, 35.716666667235]}, "properties": {"p_logistic": 0.4843693673610687, "p_rf": 0.6840000152587891, "p_xgb": 0.9880374670028687, "date": "2026-10-08"}}, {"type": "Feature", "geometry": {"type": "Point", "coordinates": [-82.31666666837502, 35.716666667235]}, "properties": {"p_logistic": 0.49122998118400574, "p_rf": 0.7039999961853027, "p_xgb": 0.9875180125236511, "date": "2026-10-08"}}, {"type": "Feature", "geometry": {"type": "Point", "coordinates": [-82.30833333504202, 35.716666667235]}, "properties": {"p_logistic": 0.4988587200641632, "p_rf": 0.6980000138282776, "p_xgb": 0.9746828675270081, "date": "2026-10-08"}}, {"type": "Feature", "geometry": {"type": "Point", "coordinates": [-82.30000000170901, 35.716666667235]}, "properties": {"p_logistic": 0.5054019093513489, "p_rf": 0.7519999742507935, "p_xgb": 0.9786275029182434, "date": "2026-10-08"}}, {"type": "Feature", "geometry": {"type": "Point", "coordinates": [-82.29166666837602, 35.716666667235]}, "properties": {"p_logistic": 0.5103264451026917, "p_rf": 0.7720000147819519, "p_xgb": 0.9927164912223816, "date": "2026-10-08"}}, {"type": "Feature", "geometry": {"type": "Point", "coordinates": [-82.28333333504301, 35.716666667235]}, "properties": {"p_logistic": 0.5149451494216919, "p_rf": 0.5979999899864197, "p_xgb": 0.9816063046455383, "date": "2026-10-08"}}, {"type": "Feature", "geometry": {"type": "Point", "coordinates": [-82.75000000169102, 35.708333333902004]}, "properties": {"p_logistic": 0.5040827989578247, "p_rf": 0.7179999947547913, "p_xgb": 0.9875357747077942, "date": "2026-10-08"}}, {"type": "Feature", "geometry": {"type": "Point", "coordinates": [-82.74166666835802, 35.708333333902004]}, "properties": {"p_logistic": 0.5042964816093445, "p_rf": 0.7139999866485596, "p_xgb": 0.9875357747077942, "date": "2026-10-08"}}, {"type": "Feature", "geometry": {"type": "Point", "coordinates": [-82.73333333502501, 35.708333333902004]}, "properties": {"p_logistic": 0.5055310130119324, "p_rf": 0.6919999718666077, "p_xgb": 0.978768527507782, "date": "2026-10-08"}}, {"type": "Feature", "geometry": {"type": "Point", "coordinates": [-82.72500000169202, 35.708333333902004]}, "properties": {"p_logistic": 0.507896363735199, "p_rf": 0.6899999976158142, "p_xgb": 0.9798720479011536, "date": "2026-10-08"}}, {"type": "Feature", "geometry": {"type": "Point", "coordinates": [-82.71666666835901, 35.708333333902004]}, "properties": {"p_logistic": 0.5095006823539734, "p_rf": 0.6859999895095825, "p_xgb": 0.975666880607605, "date": "2026-10-08"}}, {"type": "Feature", "geometry": {"type": "Point", "coordinates": [-82.70833333502603, 35.708333333902004]}, "properties": {"p_logistic": 0.5102799534797668, "p_rf": 0.6859999895095825, "p_xgb": 0.977047324180603, "date": "2026-10-08"}}, {"type": "Feature", "geometry": {"type": "Point", "coordinates": [-82.70000000169301, 35.708333333902004]}, "properties": {"p_logistic": 0.5102877616882324, "p_rf": 0.6740000247955322, "p_xgb": 0.9774601459503174, "date": "2026-10-08"}}, {"type": "Feature", "geometry": {"type": "Point", "coordinates": [-82.69166666836001, 35.708333333902004]}, "properties": {"p_logistic": 0.510484516620636, "p_rf": 0.6639999747276306, "p_xgb": 0.9822271466255188, "date": "2026-10-08"}}, {"type": "Feature", "geometry": {"type": "Point", "coordinates": [-82.68333333502702, 35.708333333902004]}, "properties": {"p_logistic": 0.5106014013290405, "p_rf": 0.6439999938011169, "p_xgb": 0.9824626445770264, "date": "2026-10-08"}}, {"type": "Feature", "geometry": {"type": "Point", "coordinates": [-82.67500000169402, 35.708333333902004]}, "properties": {"p_logistic": 0.510085940361023, "p_rf": 0.6499999761581421, "p_xgb": 0.984046995639801, "date": "2026-10-08"}}, {"type": "Feature", "geometry": {"type": "Point", "coordinates": [-82.66666666836102, 35.708333333902004]}, "properties": {"p_logistic": 0.5087052583694458, "p_rf": 0.7300000190734863, "p_xgb": 0.9857088327407837, "date": "2026-10-08"}}, {"type": "Feature", "geometry": {"type": "Point", "coordinates": [-82.65833333502802, 35.708333333902004]}, "properties": {"p_logistic": 0.5064584612846375, "p_rf": 0.7620000243186951, "p_xgb": 0.9883583188056946, "date": "2026-10-08"}}, {"type": "Feature", "geometry": {"type": "Point", "coordinates": [-82.65000000169502, 35.708333333902004]}, "properties": {"p_logistic": 0.5035982728004456, "p_rf": 0.7960000038146973, "p_xgb": 0.9932188391685486, "date": "2026-10-08"}}, {"type": "Feature", "geometry": {"type": "Point", "coordinates": [-82.64166666836202, 35.708333333902004]}, "properties": {"p_logistic": 0.499744713306427, "p_rf": 0.8679999709129333, "p_xgb": 0.9959762692451477, "date": "2026-10-08"}}, {"type": "Feature", "geometry": {"type": "Point", "coordinates": [-82.63333333502902, 35.708333333902004]}, "properties": {"p_logistic": 0.49608734250068665, "p_rf": 0.8539999723434448, "p_xgb": 0.996213972568512, "date": "2026-10-08"}}, {"type": "Feature", "geometry": {"type": "Point", "coordinates": [-82.62500000169601, 35.708333333902004]}, "properties": {"p_logistic": 0.4931822717189789, "p_rf": 0.843999981880188, "p_xgb": 0.9962531328201294, "date": "2026-10-08"}}, {"type": "Feature", "geometry": {"type": "Point", "coordinates": [-82.61666666836302, 35.708333333902004]}, "properties": {"p_logistic": 0.4906173646450043, "p_rf": 0.8199999928474426, "p_xgb": 0.9956940412521362, "date": "2026-10-08"}}, {"type": "Feature", "geometry": {"type": "Point", "coordinates": [-82.60833333503001, 35.708333333902004]}, "properties": {"p_logistic": 0.4868762195110321, "p_rf": 0.6779999732971191, "p_xgb": 0.9646704196929932, "date": "2026-10-08"}}, {"type": "Feature", "geometry": {"type": "Point", "coordinates": [-82.60000000169703, 35.708333333902004]}, "properties": {"p_logistic": 0.48225948214530945, "p_rf": 0.6779999732971191, "p_xgb": 0.9609837532043457, "date": "2026-10-08"}}, {"type": "Feature", "geometry": {"type": "Point", "coordinates": [-82.59166666836401, 35.708333333902004]}, "properties": {"p_logistic": 0.4771467447280884, "p_rf": 0.6759999990463257, "p_xgb": 0.9609837532043457, "date": "2026-10-08"}}, {"type": "Feature", "geometry": {"type": "Point", "coordinates": [-82.58333333503101, 35.708333333902004]}, "properties": {"p_logistic": 0.4714207351207733, "p_rf": 0.7039999961853027, "p_xgb": 0.9734864830970764, "date": "2026-10-08"}}, {"type": "Feature", "geometry": {"type": "Point", "coordinates": [-82.57500000169802, 35.708333333902004]}, "properties": {"p_logistic": 0.4664935767650604, "p_rf": 0.7179999947547913, "p_xgb": 0.9734864830970764, "date": "2026-10-08"}}, {"type": "Feature", "geometry": {"type": "Point", "coordinates": [-82.56666666836502, 35.708333333902004]}, "properties": {"p_logistic": 0.47164663672447205, "p_rf": 0.8180000185966492, "p_xgb": 0.9955981373786926, "date": "2026-10-08"}}, {"type": "Feature", "geometry": {"type": "Point", "coordinates": [-82.55833333503202, 35.708333333902004]}, "properties": {"p_logistic": 0.4759487211704254, "p_rf": 0.8399999737739563, "p_xgb": 0.9956887364387512, "date": "2026-10-08"}}, {"type": "Feature", "geometry": {"type": "Point", "coordinates": [-82.55000000169902, 35.708333333902004]}, "properties": {"p_logistic": 0.47728532552719116, "p_rf": 0.8759999871253967, "p_xgb": 0.9980552196502686, "date": "2026-10-08"}}, {"type": "Feature", "geometry": {"type": "Point", "coordinates": [-82.54166666836602, 35.708333333902004]}, "properties": {"p_logistic": 0.47593072056770325, "p_rf": 0.8759999871253967, "p_xgb": 0.9970018267631531, "date": "2026-10-08"}}, {"type": "Feature", "geometry": {"type": "Point", "coordinates": [-82.53333333503302, 35.708333333902004]}, "properties": {"p_logistic": 0.4750387966632843, "p_rf": 0.8759999871253967, "p_xgb": 0.9968884587287903, "date": "2026-10-08"}}, {"type": "Feature", "geometry": {"type": "Point", "coordinates": [-82.52500000170002, 35.708333333902004]}, "properties": {"p_logistic": 0.4750807285308838, "p_rf": 0.8659999966621399, "p_xgb": 0.9930014610290527, "date": "2026-10-08"}}, {"type": "Feature", "geometry": {"type": "Point", "coordinates": [-82.51666666836701, 35.708333333902004]}, "properties": {"p_logistic": 0.47709181904792786, "p_rf": 0.8339999914169312, "p_xgb": 0.9893641471862793, "date": "2026-10-08"}}, {"type": "Feature", "geometry": {"type": "Point", "coordinates": [-82.50833333503402, 35.708333333902004]}, "properties": {"p_logistic": 0.4805092513561249, "p_rf": 0.8199999928474426, "p_xgb": 0.9891884922981262, "date": "2026-10-08"}}, {"type": "Feature", "geometry": {"type": "Point", "coordinates": [-82.50000000170101, 35.708333333902004]}, "properties": {"p_logistic": 0.48412278294563293, "p_rf": 0.8040000200271606, "p_xgb": 0.9881147146224976, "date": "2026-10-08"}}, {"type": "Feature", "geometry": {"type": "Point", "coordinates": [-82.49166666836803, 35.708333333902004]}, "properties": {"p_logistic": 0.48578983545303345, "p_rf": 0.8059999942779541, "p_xgb": 0.9927839040756226, "date": "2026-10-08"}}, {"type": "Feature", "geometry": {"type": "Point", "coordinates": [-82.48333333503501, 35.708333333902004]}, "properties": {"p_logistic": 0.4836015999317169, "p_rf": 0.8759999871253967, "p_xgb": 0.9981448650360107, "date": "2026-10-08"}}, {"type": "Feature", "geometry": {"type": "Point", "coordinates": [-82.47500000170201, 35.708333333902004]}, "properties": {"p_logistic": 0.47796398401260376, "p_rf": 0.8259999752044678, "p_xgb": 0.9962100982666016, "date": "2026-10-08"}}, {"type": "Feature", "geometry": {"type": "Point", "coordinates": [-82.46666666836902, 35.708333333902004]}, "properties": {"p_logistic": 0.4724237322807312, "p_rf": 0.7039999961853027, "p_xgb": 0.9704431891441345, "date": "2026-10-08"}}, {"type": "Feature", "geometry": {"type": "Point", "coordinates": [-82.45833333503602, 35.708333333902004]}, "properties": {"p_logistic": 0.4650357961654663, "p_rf": 0.7080000042915344, "p_xgb": 0.9736531376838684, "date": "2026-10-08"}}, {"type": "Feature", "geometry": {"type": "Point", "coordinates": [-82.45000000170302, 35.708333333902004]}, "properties": {"p_logistic": 0.4626617431640625, "p_rf": 0.7080000042915344, "p_xgb": 0.9801806807518005, "date": "2026-10-08"}}, {"type": "Feature", "geometry": {"type": "Point", "coordinates": [-82.44166666837002, 35.708333333902004]}, "properties": {"p_logistic": 0.461575984954834, "p_rf": 0.7080000042915344, "p_xgb": 0.9818447828292847, "date": "2026-10-08"}}, {"type": "Feature", "geometry": {"type": "Point", "coordinates": [-82.43333333503702, 35.708333333902004]}, "properties": {"p_logistic": 0.4584978222846985, "p_rf": 0.7080000042915344, "p_xgb": 0.9805192351341248, "date": "2026-10-08"}}, {"type": "Feature", "geometry": {"type": "Point", "coordinates": [-82.42500000170402, 35.708333333902004]}, "properties": {"p_logistic": 0.45649686455726624, "p_rf": 0.7039999961853027, "p_xgb": 0.9763192534446716, "date": "2026-10-08"}}, {"type": "Feature", "geometry": {"type": "Point", "coordinates": [-82.41666666837102, 35.708333333902004]}, "properties": {"p_logistic": 0.45796850323677063, "p_rf": 0.7039999961853027, "p_xgb": 0.979919970035553, "date": "2026-10-08"}}, {"type": "Feature", "geometry": {"type": "Point", "coordinates": [-82.40833333503801, 35.708333333902004]}, "properties": {"p_logistic": 0.46290725469589233, "p_rf": 0.8240000009536743, "p_xgb": 0.9968265891075134, "date": "2026-10-08"}}, {"type": "Feature", "geometry": {"type": "Point", "coordinates": [-82.40000000170502, 35.708333333902004]}, "properties": {"p_logistic": 0.46764522790908813, "p_rf": 0.8539999723434448, "p_xgb": 0.9974491000175476, "date": "2026-10-08"}}, {"type": "Feature", "geometry": {"type": "Point", "coordinates": [-82.39166666837201, 35.708333333902004]}, "properties": {"p_logistic": 0.472439706325531, "p_rf": 0.8679999709129333, "p_xgb": 0.9983828067779541, "date": "2026-10-08"}}, {"type": "Feature", "geometry": {"type": "Point", "coordinates": [-82.38333333503903, 35.708333333902004]}, "properties": {"p_logistic": 0.47737354040145874, "p_rf": 0.8040000200271606, "p_xgb": 0.998054027557373, "date": "2026-10-08"}}, {"type": "Feature", "geometry": {"type": "Point", "coordinates": [-82.37500000170601, 35.708333333902004]}, "properties": {"p_logistic": 0.48240649700164795, "p_rf": 0.7459999918937683, "p_xgb": 0.9966219663619995, "date": "2026-10-08"}}, {"type": "Feature", "geometry": {"type": "Point", "coordinates": [-82.36666666837301, 35.708333333902004]}, "properties": {"p_logistic": 0.4877794086933136, "p_rf": 0.6660000085830688, "p_xgb": 0.9962894916534424, "date": "2026-10-08"}}, {"type": "Feature", "geometry": {"type": "Point", "coordinates": [-82.35833333504002, 35.708333333902004]}, "properties": {"p_logistic": 0.4871552884578705, "p_rf": 0.6899999976158142, "p_xgb": 0.9926073551177979, "date": "2026-10-08"}}, {"type": "Feature", "geometry": {"type": "Point", "coordinates": [-82.35000000170702, 35.708333333902004]}, "properties": {"p_logistic": 0.4844602346420288, "p_rf": 0.7179999947547913, "p_xgb": 0.991897702217102, "date": "2026-10-08"}}, {"type": "Feature", "geometry": {"type": "Point", "coordinates": [-82.34166666837402, 35.708333333902004]}, "properties": {"p_logistic": 0.48297902941703796, "p_rf": 0.6840000152587891, "p_xgb": 0.9891253709793091, "date": "2026-10-08"}}, {"type": "Feature", "geometry": {"type": "Point", "coordinates": [-82.33333333504102, 35.708333333902004]}, "properties": {"p_logistic": 0.48617735505104065, "p_rf": 0.699999988079071, "p_xgb": 0.9868174195289612, "date": "2026-10-08"}}, {"type": "Feature", "geometry": {"type": "Point", "coordinates": [-82.32500000170802, 35.708333333902004]}, "properties": {"p_logistic": 0.4925157427787781, "p_rf": 0.6940000057220459, "p_xgb": 0.9770298004150391, "date": "2026-10-08"}}, {"type": "Feature", "geometry": {"type": "Point", "coordinates": [-82.31666666837502, 35.708333333902004]}, "properties": {"p_logistic": 0.4971446692943573, "p_rf": 0.699999988079071, "p_xgb": 0.9785715341567993, "date": "2026-10-08"}}, {"type": "Feature", "geometry": {"type": "Point", "coordinates": [-82.30833333504202, 35.708333333902004]}, "properties": {"p_logistic": 0.5047528147697449, "p_rf": 0.7720000147819519, "p_xgb": 0.9921349287033081, "date": "2026-10-08"}}, {"type": "Feature", "geometry": {"type": "Point", "coordinates": [-82.30000000170901, 35.708333333902004]}, "properties": {"p_logistic": 0.5102107524871826, "p_rf": 0.6039999723434448, "p_xgb": 0.9831051230430603, "date": "2026-10-08"}}, {"type": "Feature", "geometry": {"type": "Point", "coordinates": [-82.29166666837602, 35.708333333902004]}, "properties": {"p_logistic": 0.5154057145118713, "p_rf": 0.5360000133514404, "p_xgb": 0.9828096032142639, "date": "2026-10-08"}}, {"type": "Feature", "geometry": {"type": "Point", "coordinates": [-82.28333333504301, 35.708333333902004]}, "properties": {"p_logistic": 0.5191431045532227, "p_rf": 0.49799999594688416, "p_xgb": 0.9834837317466736, "date": "2026-10-08"}}, {"type": "Feature", "geometry": {"type": "Point", "coordinates": [-82.85000000168702, 35.700000000569005]}, "properties": {"p_logistic": 0.4762265980243683, "p_rf": 0.6499999761581421, "p_xgb": 0.9821692109107971, "date": "2026-10-08"}}, {"type": "Feature", "geometry": {"type": "Point", "coordinates": [-82.75833333502402, 35.700000000569005]}, "properties": {"p_logistic": 0.5147445201873779, "p_rf": 0.6779999732971191, "p_xgb": 0.9813375473022461, "date": "2026-10-08"}}, {"type": "Feature", "geometry": {"type": "Point", "coordinates": [-82.75000000169102, 35.700000000569005]}, "properties": {"p_logistic": 0.5139910578727722, "p_rf": 0.6660000085830688, "p_xgb": 0.9813375473022461, "date": "2026-10-08"}}, {"type": "Feature", "geometry": {"type": "Point", "coordinates": [-82.74166666835802, 35.700000000569005]}, "properties": {"p_logistic": 0.5132815837860107, "p_rf": 0.6759999990463257, "p_xgb": 0.9825072884559631, "date": "2026-10-08"}}, {"type": "Feature", "geometry": {"type": "Point", "coordinates": [-82.73333333502501, 35.700000000569005]}, "properties": {"p_logistic": 0.5133957862854004, "p_rf": 0.7099999785423279, "p_xgb": 0.9763977527618408, "date": "2026-10-08"}}, {"type": "Feature", "geometry": {"type": "Point", "coordinates": [-82.72500000169202, 35.700000000569005]}, "properties": {"p_logistic": 0.5145400166511536, "p_rf": 0.7179999947547913, "p_xgb": 0.975853443145752, "date": "2026-10-08"}}, {"type": "Feature", "geometry": {"type": "Point", "coordinates": [-82.71666666835901, 35.700000000569005]}, "properties": {"p_logistic": 0.5152184367179871, "p_rf": 0.7179999947547913, "p_xgb": 0.9778096079826355, "date": "2026-10-08"}}, {"type": "Feature", "geometry": {"type": "Point", "coordinates": [-82.70833333502603, 35.700000000569005]}, "properties": {"p_logistic": 0.515182375907898, "p_rf": 0.7139999866485596, "p_xgb": 0.9790711402893066, "date": "2026-10-08"}}, {"type": "Feature", "geometry": {"type": "Point", "coordinates": [-82.70000000169301, 35.700000000569005]}, "properties": {"p_logistic": 0.5140392780303955, "p_rf": 0.6880000233650208, "p_xgb": 0.9798870086669922, "date": "2026-10-08"}}, {"type": "Feature", "geometry": {"type": "Point", "coordinates": [-82.69166666836001, 35.700000000569005]}, "properties": {"p_logistic": 0.513090968132019, "p_rf": 0.6759999990463257, "p_xgb": 0.9855157732963562, "date": "2026-10-08"}}, {"type": "Feature", "geometry": {"type": "Point", "coordinates": [-82.68333333502702, 35.700000000569005]}, "properties": {"p_logistic": 0.5118826627731323, "p_rf": 0.6520000100135803, "p_xgb": 0.9824626445770264, "date": "2026-10-08"}}, {"type": "Feature", "geometry": {"type": "Point", "coordinates": [-82.67500000169402, 35.700000000569005]}, "properties": {"p_logistic": 0.5105738043785095, "p_rf": 0.6480000019073486, "p_xgb": 0.9824626445770264, "date": "2026-10-08"}}, {"type": "Feature", "geometry": {"type": "Point", "coordinates": [-82.66666666836102, 35.700000000569005]}, "properties": {"p_logistic": 0.5087918043136597, "p_rf": 0.6859999895095825, "p_xgb": 0.9850190281867981, "date": "2026-10-08"}}, {"type": "Feature", "geometry": {"type": "Point", "coordinates": [-82.65833333502802, 35.700000000569005]}, "properties": {"p_logistic": 0.5063543319702148, "p_rf": 0.7599999904632568, "p_xgb": 0.9880040884017944, "date": "2026-10-08"}}, {"type": "Feature", "geometry": {"type": "Point", "coordinates": [-82.65000000169502, 35.700000000569005]}, "properties": {"p_logistic": 0.5030518770217896, "p_rf": 0.8059999942779541, "p_xgb": 0.9939395189285278, "date": "2026-10-08"}}, {"type": "Feature", "geometry": {"type": "Point", "coordinates": [-82.64166666836202, 35.700000000569005]}, "properties": {"p_logistic": 0.499605268239975, "p_rf": 0.8759999871253967, "p_xgb": 0.9982140064239502, "date": "2026-10-08"}}, {"type": "Feature", "geometry": {"type": "Point", "coordinates": [-82.63333333502902, 35.700000000569005]}, "properties": {"p_logistic": 0.4970812499523163, "p_rf": 0.8399999737739563, "p_xgb": 0.9958631992340088, "date": "2026-10-08"}}, {"type": "Feature", "geometry": {"type": "Point", "coordinates": [-82.62500000169601, 35.700000000569005]}, "properties": {"p_logistic": 0.4950624108314514, "p_rf": 0.8320000171661377, "p_xgb": 0.9954826831817627, "date": "2026-10-08"}}, {"type": "Feature", "geometry": {"type": "Point", "coordinates": [-82.61666666836302, 35.700000000569005]}, "properties": {"p_logistic": 0.49228060245513916, "p_rf": 0.8119999766349792, "p_xgb": 0.9733056426048279, "date": "2026-10-08"}}, {"type": "Feature", "geometry": {"type": "Point", "coordinates": [-82.60833333503001, 35.700000000569005]}, "properties": {"p_logistic": 0.4902347922325134, "p_rf": 0.6779999732971191, "p_xgb": 0.9521040320396423, "date": "2026-10-08"}}, {"type": "Feature", "geometry": {"type": "Point", "coordinates": [-82.60000000169703, 35.700000000569005]}, "properties": {"p_logistic": 0.4871625304222107, "p_rf": 0.6779999732971191, "p_xgb": 0.9521040320396423, "date": "2026-10-08"}}, {"type": "Feature", "geometry": {"type": "Point", "coordinates": [-82.59166666836401, 35.700000000569005]}, "properties": {"p_logistic": 0.481444388628006, "p_rf": 0.6759999990463257, "p_xgb": 0.9599766135215759, "date": "2026-10-08"}}, {"type": "Feature", "geometry": {"type": "Point", "coordinates": [-82.58333333503101, 35.700000000569005]}, "properties": {"p_logistic": 0.4726255536079407, "p_rf": 0.7139999866485596, "p_xgb": 0.9734864830970764, "date": "2026-10-08"}}, {"type": "Feature", "geometry": {"type": "Point", "coordinates": [-82.57500000169802, 35.700000000569005]}, "properties": {"p_logistic": 0.47590747475624084, "p_rf": 0.8199999928474426, "p_xgb": 0.9955981373786926, "date": "2026-10-08"}}, {"type": "Feature", "geometry": {"type": "Point", "coordinates": [-82.56666666836502, 35.700000000569005]}, "properties": {"p_logistic": 0.48124247789382935, "p_rf": 0.8759999871253967, "p_xgb": 0.9982140064239502, "date": "2026-10-08"}}, {"type": "Feature", "geometry": {"type": "Point", "coordinates": [-82.55833333503202, 35.700000000569005]}, "properties": {"p_logistic": 0.4852406978607178, "p_rf": 0.8180000185966492, "p_xgb": 0.9932001233100891, "date": "2026-10-08"}}, {"type": "Feature", "geometry": {"type": "Point", "coordinates": [-82.55000000169902, 35.700000000569005]}, "properties": {"p_logistic": 0.4857010543346405, "p_rf": 0.800000011920929, "p_xgb": 0.9912927746772766, "date": "2026-10-08"}}, {"type": "Feature", "geometry": {"type": "Point", "coordinates": [-82.54166666836602, 35.700000000569005]}, "properties": {"p_logistic": 0.48403704166412354, "p_rf": 0.800000011920929, "p_xgb": 0.9873914122581482, "date": "2026-10-08"}}, {"type": "Feature", "geometry": {"type": "Point", "coordinates": [-82.53333333503302, 35.700000000569005]}, "properties": {"p_logistic": 0.4827803075313568, "p_rf": 0.8040000200271606, "p_xgb": 0.9879096746444702, "date": "2026-10-08"}}, {"type": "Feature", "geometry": {"type": "Point", "coordinates": [-82.52500000170002, 35.700000000569005]}, "properties": {"p_logistic": 0.48175933957099915, "p_rf": 0.8040000200271606, "p_xgb": 0.9879096746444702, "date": "2026-10-08"}}, {"type": "Feature", "geometry": {"type": "Point", "coordinates": [-82.51666666836701, 35.700000000569005]}, "properties": {"p_logistic": 0.4808497428894043, "p_rf": 0.8040000200271606, "p_xgb": 0.9891884922981262, "date": "2026-10-08"}}, {"type": "Feature", "geometry": {"type": "Point", "coordinates": [-82.50833333503402, 35.700000000569005]}, "properties": {"p_logistic": 0.4826914966106415, "p_rf": 0.8040000200271606, "p_xgb": 0.9879096746444702, "date": "2026-10-08"}}, {"type": "Feature", "geometry": {"type": "Point", "coordinates": [-82.50000000170101, 35.700000000569005]}, "properties": {"p_logistic": 0.4851660430431366, "p_rf": 0.7960000038146973, "p_xgb": 0.9907609820365906, "date": "2026-10-08"}}, {"type": "Feature", "geometry": {"type": "Point", "coordinates": [-82.49166666836803, 35.700000000569005]}, "properties": {"p_logistic": 0.48598429560661316, "p_rf": 0.8059999942779541, "p_xgb": 0.9930821061134338, "date": "2026-10-08"}}, {"type": "Feature", "geometry": {"type": "Point", "coordinates": [-82.48333333503501, 35.700000000569005]}, "properties": {"p_logistic": 0.4818264842033386, "p_rf": 0.8759999871253967, "p_xgb": 0.9980145692825317, "date": "2026-10-08"}}, {"type": "Feature", "geometry": {"type": "Point", "coordinates": [-82.47500000170201, 35.700000000569005]}, "properties": {"p_logistic": 0.47734662890434265, "p_rf": 0.8320000171661377, "p_xgb": 0.9960811734199524, "date": "2026-10-08"}}, {"type": "Feature", "geometry": {"type": "Point", "coordinates": [-82.46666666836902, 35.700000000569005]}, "properties": {"p_logistic": 0.4713662564754486, "p_rf": 0.6779999732971191, "p_xgb": 0.9582453370094299, "date": "2026-10-08"}}, {"type": "Feature", "geometry": {"type": "Point", "coordinates": [-82.45833333503602, 35.700000000569005]}, "properties": {"p_logistic": 0.46518319845199585, "p_rf": 0.7020000219345093, "p_xgb": 0.9801806807518005, "date": "2026-10-08"}}, {"type": "Feature", "geometry": {"type": "Point", "coordinates": [-82.45000000170302, 35.700000000569005]}, "properties": {"p_logistic": 0.45860788226127625, "p_rf": 0.7080000042915344, "p_xgb": 0.9818447828292847, "date": "2026-10-08"}}, {"type": "Feature", "geometry": {"type": "Point", "coordinates": [-82.44166666837002, 35.700000000569005]}, "properties": {"p_logistic": 0.45608335733413696, "p_rf": 0.7080000042915344, "p_xgb": 0.9805192351341248, "date": "2026-10-08"}}, {"type": "Feature", "geometry": {"type": "Point", "coordinates": [-82.43333333503702, 35.700000000569005]}, "properties": {"p_logistic": 0.4557722806930542, "p_rf": 0.722000002861023, "p_xgb": 0.9626762866973877, "date": "2026-10-08"}}, {"type": "Feature", "geometry": {"type": "Point", "coordinates": [-82.42500000170402, 35.700000000569005]}, "properties": {"p_logistic": 0.4547062814235687, "p_rf": 0.6759999990463257, "p_xgb": 0.968609631061554, "date": "2026-10-08"}}, {"type": "Feature", "geometry": {"type": "Point", "coordinates": [-82.41666666837102, 35.700000000569005]}, "properties": {"p_logistic": 0.4519842565059662, "p_rf": 0.6779999732971191, "p_xgb": 0.9840760827064514, "date": "2026-10-08"}}, {"type": "Feature", "geometry": {"type": "Point", "coordinates": [-82.40833333503801, 35.700000000569005]}, "properties": {"p_logistic": 0.45745497941970825, "p_rf": 0.8399999737739563, "p_xgb": 0.9972531199455261, "date": "2026-10-08"}}, {"type": "Feature", "geometry": {"type": "Point", "coordinates": [-82.40000000170502, 35.700000000569005]}, "properties": {"p_logistic": 0.4656744599342346, "p_rf": 0.843999981880188, "p_xgb": 0.9980558156967163, "date": "2026-10-08"}}, {"type": "Feature", "geometry": {"type": "Point", "coordinates": [-82.39166666837201, 35.700000000569005]}, "properties": {"p_logistic": 0.4752504527568817, "p_rf": 0.7960000038146973, "p_xgb": 0.9978761672973633, "date": "2026-10-08"}}, {"type": "Feature", "geometry": {"type": "Point", "coordinates": [-82.38333333503903, 35.700000000569005]}, "properties": {"p_logistic": 0.48328036069869995, "p_rf": 0.7440000176429749, "p_xgb": 0.9964871406555176, "date": "2026-10-08"}}, {"type": "Feature", "geometry": {"type": "Point", "coordinates": [-82.37500000170601, 35.700000000569005]}, "properties": {"p_logistic": 0.4906538724899292, "p_rf": 0.6759999990463257, "p_xgb": 0.9950082302093506, "date": "2026-10-08"}}, {"type": "Feature", "geometry": {"type": "Point", "coordinates": [-82.36666666837301, 35.700000000569005]}, "properties": {"p_logistic": 0.49497079849243164, "p_rf": 0.7020000219345093, "p_xgb": 0.9912529587745667, "date": "2026-10-08"}}, {"type": "Feature", "geometry": {"type": "Point", "coordinates": [-82.35833333504002, 35.700000000569005]}, "properties": {"p_logistic": 0.4936610162258148, "p_rf": 0.6779999732971191, "p_xgb": 0.9868871569633484, "date": "2026-10-08"}}, {"type": "Feature", "geometry": {"type": "Point", "coordinates": [-82.35000000170702, 35.700000000569005]}, "properties": {"p_logistic": 0.49055975675582886, "p_rf": 0.7059999704360962, "p_xgb": 0.9890235662460327, "date": "2026-10-08"}}, {"type": "Feature", "geometry": {"type": "Point", "coordinates": [-82.34166666837402, 35.700000000569005]}, "properties": {"p_logistic": 0.4885641932487488, "p_rf": 0.6980000138282776, "p_xgb": 0.9770298004150391, "date": "2026-10-08"}}, {"type": "Feature", "geometry": {"type": "Point", "coordinates": [-82.33333333504102, 35.700000000569005]}, "properties": {"p_logistic": 0.48970338702201843, "p_rf": 0.6959999799728394, "p_xgb": 0.9726452231407166, "date": "2026-10-08"}}, {"type": "Feature", "geometry": {"type": "Point", "coordinates": [-82.32500000170802, 35.700000000569005]}, "properties": {"p_logistic": 0.49707308411598206, "p_rf": 0.7720000147819519, "p_xgb": 0.9917758703231812, "date": "2026-10-08"}}, {"type": "Feature", "geometry": {"type": "Point", "coordinates": [-82.31666666837502, 35.700000000569005]}, "properties": {"p_logistic": 0.5032469630241394, "p_rf": 0.6819999814033508, "p_xgb": 0.9831051230430603, "date": "2026-10-08"}}, {"type": "Feature", "geometry": {"type": "Point", "coordinates": [-82.30833333504202, 35.700000000569005]}, "properties": {"p_logistic": 0.5114082098007202, "p_rf": 0.5360000133514404, "p_xgb": 0.9843740463256836, "date": "2026-10-08"}}, {"type": "Feature", "geometry": {"type": "Point", "coordinates": [-82.30000000170901, 35.700000000569005]}, "properties": {"p_logistic": 0.5174869894981384, "p_rf": 0.4580000042915344, "p_xgb": 0.9837051630020142, "date": "2026-10-08"}}, {"type": "Feature", "geometry": {"type": "Point", "coordinates": [-82.29166666837602, 35.700000000569005]}, "properties": {"p_logistic": 0.5222609639167786, "p_rf": 0.44600000977516174, "p_xgb": 0.9871006011962891, "date": "2026-10-08"}}, {"type": "Feature", "geometry": {"type": "Point", "coordinates": [-82.28333333504301, 35.700000000569005]}, "properties": {"p_logistic": 0.5249117612838745, "p_rf": 0.4440000057220459, "p_xgb": 0.9796119332313538, "date": "2026-10-08"}}, {"type": "Feature", "geometry": {"type": "Point", "coordinates": [-82.85833333502002, 35.69166666723601]}, "properties": {"p_logistic": 0.471701979637146, "p_rf": 0.7620000243186951, "p_xgb": 0.9871073365211487, "date": "2026-10-08"}}, {"type": "Feature", "geometry": {"type": "Point", "coordinates": [-82.85000000168702, 35.69166666723601]}, "properties": {"p_logistic": 0.4777098000049591, "p_rf": 0.6520000100135803, "p_xgb": 0.9846431016921997, "date": "2026-10-08"}}, {"type": "Feature", "geometry": {"type": "Point", "coordinates": [-82.84166666835401, 35.69166666723601]}, "properties": {"p_logistic": 0.4822988212108612, "p_rf": 0.6520000100135803, "p_xgb": 0.9820238947868347, "date": "2026-10-08"}}, {"type": "Feature", "geometry": {"type": "Point", "coordinates": [-82.83333333502102, 35.69166666723601]}, "properties": {"p_logistic": 0.48703017830848694, "p_rf": 0.6840000152587891, "p_xgb": 0.986567497253418, "date": "2026-10-08"}}, {"type": "Feature", "geometry": {"type": "Point", "coordinates": [-82.79166666835602, 35.69166666723601]}, "properties": {"p_logistic": 0.517876148223877, "p_rf": 0.6919999718666077, "p_xgb": 0.9691897034645081, "date": "2026-10-08"}}, {"type": "Feature", "geometry": {"type": "Point", "coordinates": [-82.78333333502302, 35.69166666723601]}, "properties": {"p_logistic": 0.5183979868888855, "p_rf": 0.6940000057220459, "p_xgb": 0.9699050784111023, "date": "2026-10-08"}}, {"type": "Feature", "geometry": {"type": "Point", "coordinates": [-82.77500000169002, 35.69166666723601]}, "properties": {"p_logistic": 0.5183213949203491, "p_rf": 0.6980000138282776, "p_xgb": 0.9823445081710815, "date": "2026-10-08"}}, {"type": "Feature", "geometry": {"type": "Point", "coordinates": [-82.76666666835702, 35.69166666723601]}, "properties": {"p_logistic": 0.5193886160850525, "p_rf": 0.7020000219345093, "p_xgb": 0.9843664169311523, "date": "2026-10-08"}}, {"type": "Feature", "geometry": {"type": "Point", "coordinates": [-82.75833333502402, 35.69166666723601]}, "properties": {"p_logistic": 0.5198633074760437, "p_rf": 0.7039999961853027, "p_xgb": 0.9845308065414429, "date": "2026-10-08"}}, {"type": "Feature", "geometry": {"type": "Point", "coordinates": [-82.75000000169102, 35.69166666723601]}, "properties": {"p_logistic": 0.5191279053688049, "p_rf": 0.6940000057220459, "p_xgb": 0.9819836616516113, "date": "2026-10-08"}}, {"type": "Feature", "geometry": {"type": "Point", "coordinates": [-82.74166666835802, 35.69166666723601]}, "properties": {"p_logistic": 0.5182431936264038, "p_rf": 0.6620000004768372, "p_xgb": 0.9810320734977722, "date": "2026-10-08"}}, {"type": "Feature", "geometry": {"type": "Point", "coordinates": [-82.73333333502501, 35.69166666723601]}, "properties": {"p_logistic": 0.5181373953819275, "p_rf": 0.6660000085830688, "p_xgb": 0.9678390026092529, "date": "2026-10-08"}}, {"type": "Feature", "geometry": {"type": "Point", "coordinates": [-82.72500000169202, 35.69166666723601]}, "properties": {"p_logistic": 0.5187810063362122, "p_rf": 0.6740000247955322, "p_xgb": 0.9657245874404907, "date": "2026-10-08"}}, {"type": "Feature", "geometry": {"type": "Point", "coordinates": [-82.71666666835901, 35.69166666723601]}, "properties": {"p_logistic": 0.518856406211853, "p_rf": 0.7020000219345093, "p_xgb": 0.9762580990791321, "date": "2026-10-08"}}, {"type": "Feature", "geometry": {"type": "Point", "coordinates": [-82.70833333502603, 35.69166666723601]}, "properties": {"p_logistic": 0.5181881189346313, "p_rf": 0.7179999947547913, "p_xgb": 0.9762580990791321, "date": "2026-10-08"}}, {"type": "Feature", "geometry": {"type": "Point", "coordinates": [-82.70000000169301, 35.69166666723601]}, "properties": {"p_logistic": 0.5163672566413879, "p_rf": 0.7139999866485596, "p_xgb": 0.9790711402893066, "date": "2026-10-08"}}, {"type": "Feature", "geometry": {"type": "Point", "coordinates": [-82.69166666836001, 35.69166666723601]}, "properties": {"p_logistic": 0.5145168304443359, "p_rf": 0.6859999895095825, "p_xgb": 0.9828256964683533, "date": "2026-10-08"}}, {"type": "Feature", "geometry": {"type": "Point", "coordinates": [-82.68333333502702, 35.69166666723601]}, "properties": {"p_logistic": 0.5124784708023071, "p_rf": 0.6620000004768372, "p_xgb": 0.9822271466255188, "date": "2026-10-08"}}, {"type": "Feature", "geometry": {"type": "Point", "coordinates": [-82.67500000169402, 35.69166666723601]}, "properties": {"p_logistic": 0.5107430815696716, "p_rf": 0.6460000276565552, "p_xgb": 0.9824626445770264, "date": "2026-10-08"}}, {"type": "Feature", "geometry": {"type": "Point", "coordinates": [-82.66666666836102, 35.69166666723601]}, "properties": {"p_logistic": 0.5086401700973511, "p_rf": 0.7400000095367432, "p_xgb": 0.9850190281867981, "date": "2026-10-08"}}, {"type": "Feature", "geometry": {"type": "Point", "coordinates": [-82.65833333502802, 35.69166666723601]}, "properties": {"p_logistic": 0.5059709548950195, "p_rf": 0.7620000243186951, "p_xgb": 0.9874235987663269, "date": "2026-10-08"}}, {"type": "Feature", "geometry": {"type": "Point", "coordinates": [-82.65000000169502, 35.69166666723601]}, "properties": {"p_logistic": 0.5027575492858887, "p_rf": 0.8199999928474426, "p_xgb": 0.9939395189285278, "date": "2026-10-08"}}, {"type": "Feature", "geometry": {"type": "Point", "coordinates": [-82.64166666836202, 35.69166666723601]}, "properties": {"p_logistic": 0.4993927478790283, "p_rf": 0.8759999871253967, "p_xgb": 0.998166024684906, "date": "2026-10-08"}}, {"type": "Feature", "geometry": {"type": "Point", "coordinates": [-82.63333333502902, 35.69166666723601]}, "properties": {"p_logistic": 0.497336208820343, "p_rf": 0.8379999995231628, "p_xgb": 0.9958631992340088, "date": "2026-10-08"}}, {"type": "Feature", "geometry": {"type": "Point", "coordinates": [-82.62500000169601, 35.69166666723601]}, "properties": {"p_logistic": 0.49562403559684753, "p_rf": 0.8259999752044678, "p_xgb": 0.9954826831817627, "date": "2026-10-08"}}, {"type": "Feature", "geometry": {"type": "Point", "coordinates": [-82.61666666836302, 35.69166666723601]}, "properties": {"p_logistic": 0.49382999539375305, "p_rf": 0.6819999814033508, "p_xgb": 0.9594152569770813, "date": "2026-10-08"}}, {"type": "Feature", "geometry": {"type": "Point", "coordinates": [-82.60833333503001, 35.69166666723601]}, "properties": {"p_logistic": 0.49268433451652527, "p_rf": 0.6779999732971191, "p_xgb": 0.9540566802024841, "date": "2026-10-08"}}, {"type": "Feature", "geometry": {"type": "Point", "coordinates": [-82.60000000169703, 35.69166666723601]}, "properties": {"p_logistic": 0.4903496503829956, "p_rf": 0.6779999732971191, "p_xgb": 0.9540566802024841, "date": "2026-10-08"}}, {"type": "Feature", "geometry": {"type": "Point", "coordinates": [-82.59166666836401, 35.69166666723601]}, "properties": {"p_logistic": 0.48463568091392517, "p_rf": 0.6759999990463257, "p_xgb": 0.9521040320396423, "date": "2026-10-08"}}, {"type": "Feature", "geometry": {"type": "Point", "coordinates": [-82.58333333503101, 35.69166666723601]}, "properties": {"p_logistic": 0.4744473397731781, "p_rf": 0.7139999866485596, "p_xgb": 0.9734864830970764, "date": "2026-10-08"}}, {"type": "Feature", "geometry": {"type": "Point", "coordinates": [-82.57500000169802, 35.69166666723601]}, "properties": {"p_logistic": 0.4792555570602417, "p_rf": 0.8259999752044678, "p_xgb": 0.9963510036468506, "date": "2026-10-08"}}, {"type": "Feature", "geometry": {"type": "Point", "coordinates": [-82.56666666836502, 35.69166666723601]}, "properties": {"p_logistic": 0.4843389391899109, "p_rf": 0.843999981880188, "p_xgb": 0.9939395189285278, "date": "2026-10-08"}}, {"type": "Feature", "geometry": {"type": "Point", "coordinates": [-82.55833333503202, 35.69166666723601]}, "properties": {"p_logistic": 0.488432377576828, "p_rf": 0.7680000066757202, "p_xgb": 0.9846200346946716, "date": "2026-10-08"}}, {"type": "Feature", "geometry": {"type": "Point", "coordinates": [-82.55000000169902, 35.69166666723601]}, "properties": {"p_logistic": 0.48910045623779297, "p_rf": 0.7599999904632568, "p_xgb": 0.9790578484535217, "date": "2026-10-08"}}, {"type": "Feature", "geometry": {"type": "Point", "coordinates": [-82.54166666836602, 35.69166666723601]}, "properties": {"p_logistic": 0.48789191246032715, "p_rf": 0.7599999904632568, "p_xgb": 0.9786998629570007, "date": "2026-10-08"}}, {"type": "Feature", "geometry": {"type": "Point", "coordinates": [-82.53333333503302, 35.69166666723601]}, "properties": {"p_logistic": 0.4866296052932739, "p_rf": 0.7620000243186951, "p_xgb": 0.9786998629570007, "date": "2026-10-08"}}, {"type": "Feature", "geometry": {"type": "Point", "coordinates": [-82.52500000170002, 35.69166666723601]}, "properties": {"p_logistic": 0.4848386347293854, "p_rf": 0.7720000147819519, "p_xgb": 0.9790422320365906, "date": "2026-10-08"}}, {"type": "Feature", "geometry": {"type": "Point", "coordinates": [-82.51666666836701, 35.69166666723601]}, "properties": {"p_logistic": 0.483432412147522, "p_rf": 0.800000011920929, "p_xgb": 0.9879096746444702, "date": "2026-10-08"}}, {"type": "Feature", "geometry": {"type": "Point", "coordinates": [-82.50833333503402, 35.69166666723601]}, "properties": {"p_logistic": 0.4822847545146942, "p_rf": 0.8040000200271606, "p_xgb": 0.9879096746444702, "date": "2026-10-08"}}, {"type": "Feature", "geometry": {"type": "Point", "coordinates": [-82.50000000170101, 35.69166666723601]}, "properties": {"p_logistic": 0.4825378656387329, "p_rf": 0.8040000200271606, "p_xgb": 0.9879096746444702, "date": "2026-10-08"}}, {"type": "Feature", "geometry": {"type": "Point", "coordinates": [-82.49166666836803, 35.69166666723601]}, "properties": {"p_logistic": 0.4817032814025879, "p_rf": 0.8180000185966492, "p_xgb": 0.9893641471862793, "date": "2026-10-08"}}, {"type": "Feature", "geometry": {"type": "Point", "coordinates": [-82.48333333503501, 35.69166666723601]}, "properties": {"p_logistic": 0.47863996028900146, "p_rf": 0.8659999966621399, "p_xgb": 0.9930014610290527, "date": "2026-10-08"}}, {"type": "Feature", "geometry": {"type": "Point", "coordinates": [-82.47500000170201, 35.69166666723601]}, "properties": {"p_logistic": 0.4749228060245514, "p_rf": 0.8700000047683716, "p_xgb": 0.9975112676620483, "date": "2026-10-08"}}, {"type": "Feature", "geometry": {"type": "Point", "coordinates": [-82.46666666836902, 35.69166666723601]}, "properties": {"p_logistic": 0.47156357765197754, "p_rf": 0.843999981880188, "p_xgb": 0.9950308799743652, "date": "2026-10-08"}}, {"type": "Feature", "geometry": {"type": "Point", "coordinates": [-82.45833333503602, 35.69166666723601]}, "properties": {"p_logistic": 0.4665665030479431, "p_rf": 0.8199999928474426, "p_xgb": 0.9931121468544006, "date": "2026-10-08"}}, {"type": "Feature", "geometry": {"type": "Point", "coordinates": [-82.45000000170302, 35.69166666723601]}, "properties": {"p_logistic": 0.46103423833847046, "p_rf": 0.6779999732971191, "p_xgb": 0.9423763155937195, "date": "2026-10-08"}}, {"type": "Feature", "geometry": {"type": "Point", "coordinates": [-82.44166666837002, 35.69166666723601]}, "properties": {"p_logistic": 0.45613059401512146, "p_rf": 0.6779999732971191, "p_xgb": 0.9406174421310425, "date": "2026-10-08"}}, {"type": "Feature", "geometry": {"type": "Point", "coordinates": [-82.43333333503702, 35.69166666723601]}, "properties": {"p_logistic": 0.45729342103004456, "p_rf": 0.843999981880188, "p_xgb": 0.9981936812400818, "date": "2026-10-08"}}, {"type": "Feature", "geometry": {"type": "Point", "coordinates": [-82.42500000170402, 35.69166666723601]}, "properties": {"p_logistic": 0.45544004440307617, "p_rf": 0.8759999871253967, "p_xgb": 0.9994057416915894, "date": "2026-10-08"}}, {"type": "Feature", "geometry": {"type": "Point", "coordinates": [-82.41666666837102, 35.69166666723601]}, "properties": {"p_logistic": 0.4521365463733673, "p_rf": 0.8759999871253967, "p_xgb": 0.9987480640411377, "date": "2026-10-08"}}, {"type": "Feature", "geometry": {"type": "Point", "coordinates": [-82.40833333503801, 35.69166666723601]}, "properties": {"p_logistic": 0.44713130593299866, "p_rf": 0.8679999709129333, "p_xgb": 0.9963520765304565, "date": "2026-10-08"}}, {"type": "Feature", "geometry": {"type": "Point", "coordinates": [-82.40000000170502, 35.69166666723601]}, "properties": {"p_logistic": 0.4612200856208801, "p_rf": 0.7960000038146973, "p_xgb": 0.9953317046165466, "date": "2026-10-08"}}, {"type": "Feature", "geometry": {"type": "Point", "coordinates": [-82.39166666837201, 35.69166666723601]}, "properties": {"p_logistic": 0.47607842087745667, "p_rf": 0.7480000257492065, "p_xgb": 0.9951781034469604, "date": "2026-10-08"}}, {"type": "Feature", "geometry": {"type": "Point", "coordinates": [-82.38333333503903, 35.69166666723601]}, "properties": {"p_logistic": 0.4874413311481476, "p_rf": 0.6620000004768372, "p_xgb": 0.9936980605125427, "date": "2026-10-08"}}, {"type": "Feature", "geometry": {"type": "Point", "coordinates": [-82.37500000170601, 35.69166666723601]}, "properties": {"p_logistic": 0.495016872882843, "p_rf": 0.7179999947547913, "p_xgb": 0.9922147393226624, "date": "2026-10-08"}}, {"type": "Feature", "geometry": {"type": "Point", "coordinates": [-82.36666666837301, 35.69166666723601]}, "properties": {"p_logistic": 0.4996224343776703, "p_rf": 0.7059999704360962, "p_xgb": 0.9879833459854126, "date": "2026-10-08"}}, {"type": "Feature", "geometry": {"type": "Point", "coordinates": [-82.35833333504002, 35.69166666723601]}, "properties": {"p_logistic": 0.49736714363098145, "p_rf": 0.6919999718666077, "p_xgb": 0.9770298004150391, "date": "2026-10-08"}}, {"type": "Feature", "geometry": {"type": "Point", "coordinates": [-82.35000000170702, 35.69166666723601]}, "properties": {"p_logistic": 0.492018461227417, "p_rf": 0.6959999799728394, "p_xgb": 0.9770298004150391, "date": "2026-10-08"}}, {"type": "Feature", "geometry": {"type": "Point", "coordinates": [-82.34166666837402, 35.69166666723601]}, "properties": {"p_logistic": 0.48894554376602173, "p_rf": 0.7039999961853027, "p_xgb": 0.9705978035926819, "date": "2026-10-08"}}, {"type": "Feature", "geometry": {"type": "Point", "coordinates": [-82.33333333504102, 35.69166666723601]}, "properties": {"p_logistic": 0.4896275997161865, "p_rf": 0.7720000147819519, "p_xgb": 0.9932171702384949, "date": "2026-10-08"}}, {"type": "Feature", "geometry": {"type": "Point", "coordinates": [-82.32500000170802, 35.69166666723601]}, "properties": {"p_logistic": 0.4957946538925171, "p_rf": 0.5720000267028809, "p_xgb": 0.9853553771972656, "date": "2026-10-08"}}, {"type": "Feature", "geometry": {"type": "Point", "coordinates": [-82.31666666837502, 35.69166666723601]}, "properties": {"p_logistic": 0.5020627379417419, "p_rf": 0.5320000052452087, "p_xgb": 0.9843136072158813, "date": "2026-10-08"}}, {"type": "Feature", "geometry": {"type": "Point", "coordinates": [-82.30833333504202, 35.69166666723601]}, "properties": {"p_logistic": 0.5139329433441162, "p_rf": 0.45399999618530273, "p_xgb": 0.9828630089759827, "date": "2026-10-08"}}, {"type": "Feature", "geometry": {"type": "Point", "coordinates": [-82.30000000170901, 35.69166666723601]}, "properties": {"p_logistic": 0.5204099416732788, "p_rf": 0.4440000057220459, "p_xgb": 0.9769865870475769, "date": "2026-10-08"}}, {"type": "Feature", "geometry": {"type": "Point", "coordinates": [-82.29166666837602, 35.69166666723601]}, "properties": {"p_logistic": 0.5239895582199097, "p_rf": 0.4580000042915344, "p_xgb": 0.9850835204124451, "date": "2026-10-08"}}, {"type": "Feature", "geometry": {"type": "Point", "coordinates": [-82.87500000168602, 35.68333333390301]}, "properties": {"p_logistic": 0.46184515953063965, "p_rf": 0.8759999871253967, "p_xgb": 0.9977614879608154, "date": "2026-10-08"}}, {"type": "Feature", "geometry": {"type": "Point", "coordinates": [-82.86666666835302, 35.68333333390301]}, "properties": {"p_logistic": 0.46671342849731445, "p_rf": 0.8180000185966492, "p_xgb": 0.9934834837913513, "date": "2026-10-08"}}, {"type": "Feature", "geometry": {"type": "Point", "coordinates": [-82.85833333502002, 35.68333333390301]}, "properties": {"p_logistic": 0.4724239706993103, "p_rf": 0.7599999904632568, "p_xgb": 0.9871073365211487, "date": "2026-10-08"}}, {"type": "Feature", "geometry": {"type": "Point", "coordinates": [-82.85000000168702, 35.68333333390301]}, "properties": {"p_logistic": 0.47871339321136475, "p_rf": 0.6539999842643738, "p_xgb": 0.9846431016921997, "date": "2026-10-08"}}, {"type": "Feature", "geometry": {"type": "Point", "coordinates": [-82.84166666835401, 35.68333333390301]}, "properties": {"p_logistic": 0.4822726249694824, "p_rf": 0.6480000019073486, "p_xgb": 0.9826073050498962, "date": "2026-10-08"}}, {"type": "Feature", "geometry": {"type": "Point", "coordinates": [-82.83333333502102, 35.68333333390301]}, "properties": {"p_logistic": 0.486407607793808, "p_rf": 0.6740000247955322, "p_xgb": 0.986567497253418, "date": "2026-10-08"}}, {"type": "Feature", "geometry": {"type": "Point", "coordinates": [-82.82500000168801, 35.68333333390301]}, "properties": {"p_logistic": 0.49315813183784485, "p_rf": 0.6919999718666077, "p_xgb": 0.9875357747077942, "date": "2026-10-08"}}, {"type": "Feature", "geometry": {"type": "Point", "coordinates": [-82.81666666835503, 35.68333333390301]}, "properties": {"p_logistic": 0.5015121102333069, "p_rf": 0.6840000152587891, "p_xgb": 0.9858441352844238, "date": "2026-10-08"}}, {"type": "Feature", "geometry": {"type": "Point", "coordinates": [-82.80833333502201, 35.68333333390301]}, "properties": {"p_logistic": 0.5090288519859314, "p_rf": 0.7020000219345093, "p_xgb": 0.9833283424377441, "date": "2026-10-08"}}, {"type": "Feature", "geometry": {"type": "Point", "coordinates": [-82.80000000168901, 35.68333333390301]}, "properties": {"p_logistic": 0.5150153636932373, "p_rf": 0.6980000138282776, "p_xgb": 0.9822108149528503, "date": "2026-10-08"}}, {"type": "Feature", "geometry": {"type": "Point", "coordinates": [-82.79166666835602, 35.68333333390301]}, "properties": {"p_logistic": 0.5181172490119934, "p_rf": 0.6959999799728394, "p_xgb": 0.96968013048172, "date": "2026-10-08"}}, {"type": "Feature", "geometry": {"type": "Point", "coordinates": [-82.78333333502302, 35.68333333390301]}, "properties": {"p_logistic": 0.5189265012741089, "p_rf": 0.6980000138282776, "p_xgb": 0.9699050784111023, "date": "2026-10-08"}}, {"type": "Feature", "geometry": {"type": "Point", "coordinates": [-82.77500000169002, 35.68333333390301]}, "properties": {"p_logistic": 0.5191476345062256, "p_rf": 0.6980000138282776, "p_xgb": 0.9823445081710815, "date": "2026-10-08"}}, {"type": "Feature", "geometry": {"type": "Point", "coordinates": [-82.76666666835702, 35.68333333390301]}, "properties": {"p_logistic": 0.5202013254165649, "p_rf": 0.7020000219345093, "p_xgb": 0.9843664169311523, "date": "2026-10-08"}}, {"type": "Feature", "geometry": {"type": "Point", "coordinates": [-82.75833333502402, 35.68333333390301]}, "properties": {"p_logistic": 0.5204780101776123, "p_rf": 0.7059999704360962, "p_xgb": 0.9849864840507507, "date": "2026-10-08"}}, {"type": "Feature", "geometry": {"type": "Point", "coordinates": [-82.75000000169102, 35.68333333390301]}, "properties": {"p_logistic": 0.519855260848999, "p_rf": 0.7020000219345093, "p_xgb": 0.9830547571182251, "date": "2026-10-08"}}, {"type": "Feature", "geometry": {"type": "Point", "coordinates": [-82.74166666835802, 35.68333333390301]}, "properties": {"p_logistic": 0.5190466046333313, "p_rf": 0.6779999732971191, "p_xgb": 0.9810320734977722, "date": "2026-10-08"}}, {"type": "Feature", "geometry": {"type": "Point", "coordinates": [-82.73333333502501, 35.68333333390301]}, "properties": {"p_logistic": 0.5190630555152893, "p_rf": 0.6660000085830688, "p_xgb": 0.966489315032959, "date": "2026-10-08"}}, {"type": "Feature", "geometry": {"type": "Point", "coordinates": [-82.72500000169202, 35.68333333390301]}, "properties": {"p_logistic": 0.5194519758224487, "p_rf": 0.6740000247955322, "p_xgb": 0.967650294303894, "date": "2026-10-08"}}, {"type": "Feature", "geometry": {"type": "Point", "coordinates": [-82.71666666835901, 35.68333333390301]}, "properties": {"p_logistic": 0.5192593336105347, "p_rf": 0.6840000152587891, "p_xgb": 0.9762580990791321, "date": "2026-10-08"}}, {"type": "Feature", "geometry": {"type": "Point", "coordinates": [-82.70833333502603, 35.68333333390301]}, "properties": {"p_logistic": 0.5183278322219849, "p_rf": 0.7179999947547913, "p_xgb": 0.9762580990791321, "date": "2026-10-08"}}, {"type": "Feature", "geometry": {"type": "Point", "coordinates": [-82.70000000169301, 35.68333333390301]}, "properties": {"p_logistic": 0.5159906148910522, "p_rf": 0.6940000057220459, "p_xgb": 0.9790711402893066, "date": "2026-10-08"}}, {"type": "Feature", "geometry": {"type": "Point", "coordinates": [-82.69166666836001, 35.68333333390301]}, "properties": {"p_logistic": 0.5138154029846191, "p_rf": 0.6840000152587891, "p_xgb": 0.9855157732963562, "date": "2026-10-08"}}, {"type": "Feature", "geometry": {"type": "Point", "coordinates": [-82.68333333502702, 35.68333333390301]}, "properties": {"p_logistic": 0.5117878317832947, "p_rf": 0.6480000019073486, "p_xgb": 0.9824626445770264, "date": "2026-10-08"}}, {"type": "Feature", "geometry": {"type": "Point", "coordinates": [-82.67500000169402, 35.68333333390301]}, "properties": {"p_logistic": 0.5104747414588928, "p_rf": 0.6499999761581421, "p_xgb": 0.9824626445770264, "date": "2026-10-08"}}, {"type": "Feature", "geometry": {"type": "Point", "coordinates": [-82.66666666836102, 35.68333333390301]}, "properties": {"p_logistic": 0.5089712738990784, "p_rf": 0.7440000176429749, "p_xgb": 0.9870523810386658, "date": "2026-10-08"}}, {"type": "Feature", "geometry": {"type": "Point", "coordinates": [-82.65833333502802, 35.68333333390301]}, "properties": {"p_logistic": 0.5062268376350403, "p_rf": 0.7599999904632568, "p_xgb": 0.9874235987663269, "date": "2026-10-08"}}, {"type": "Feature", "geometry": {"type": "Point", "coordinates": [-82.65000000169502, 35.68333333390301]}, "properties": {"p_logistic": 0.5030763149261475, "p_rf": 0.8199999928474426, "p_xgb": 0.9939395189285278, "date": "2026-10-08"}}, {"type": "Feature", "geometry": {"type": "Point", "coordinates": [-82.64166666836202, 35.68333333390301]}, "properties": {"p_logistic": 0.4999905824661255, "p_rf": 0.8759999871253967, "p_xgb": 0.9982140064239502, "date": "2026-10-08"}}, {"type": "Feature", "geometry": {"type": "Point", "coordinates": [-82.63333333502902, 35.68333333390301]}, "properties": {"p_logistic": 0.4981716275215149, "p_rf": 0.8379999995231628, "p_xgb": 0.9950128197669983, "date": "2026-10-08"}}, {"type": "Feature", "geometry": {"type": "Point", "coordinates": [-82.62500000169601, 35.68333333390301]}, "properties": {"p_logistic": 0.49648627638816833, "p_rf": 0.8259999752044678, "p_xgb": 0.9954826831817627, "date": "2026-10-08"}}, {"type": "Feature", "geometry": {"type": "Point", "coordinates": [-82.61666666836302, 35.68333333390301]}, "properties": {"p_logistic": 0.49492985010147095, "p_rf": 0.6779999732971191, "p_xgb": 0.9594152569770813, "date": "2026-10-08"}}, {"type": "Feature", "geometry": {"type": "Point", "coordinates": [-82.60833333503001, 35.68333333390301]}, "properties": {"p_logistic": 0.49403244256973267, "p_rf": 0.6779999732971191, "p_xgb": 0.9563730359077454, "date": "2026-10-08"}}, {"type": "Feature", "geometry": {"type": "Point", "coordinates": [-82.60000000169703, 35.68333333390301]}, "properties": {"p_logistic": 0.4923318922519684, "p_rf": 0.6779999732971191, "p_xgb": 0.9540566802024841, "date": "2026-10-08"}}, {"type": "Feature", "geometry": {"type": "Point", "coordinates": [-82.59166666836401, 35.68333333390301]}, "properties": {"p_logistic": 0.48732492327690125, "p_rf": 0.6779999732971191, "p_xgb": 0.9521040320396423, "date": "2026-10-08"}}, {"type": "Feature", "geometry": {"type": "Point", "coordinates": [-82.58333333503101, 35.68333333390301]}, "properties": {"p_logistic": 0.47701841592788696, "p_rf": 0.7139999866485596, "p_xgb": 0.9734864830970764, "date": "2026-10-08"}}, {"type": "Feature", "geometry": {"type": "Point", "coordinates": [-82.57500000169802, 35.68333333390301]}, "properties": {"p_logistic": 0.4807842969894409, "p_rf": 0.8259999752044678, "p_xgb": 0.9963510036468506, "date": "2026-10-08"}}, {"type": "Feature", "geometry": {"type": "Point", "coordinates": [-82.56666666836502, 35.68333333390301]}, "properties": {"p_logistic": 0.48603948950767517, "p_rf": 0.8619999885559082, "p_xgb": 0.9959762692451477, "date": "2026-10-08"}}, {"type": "Feature", "geometry": {"type": "Point", "coordinates": [-82.55833333503202, 35.68333333390301]}, "properties": {"p_logistic": 0.48966652154922485, "p_rf": 0.7720000147819519, "p_xgb": 0.9865503311157227, "date": "2026-10-08"}}, {"type": "Feature", "geometry": {"type": "Point", "coordinates": [-82.55000000169902, 35.68333333390301]}, "properties": {"p_logistic": 0.49064064025878906, "p_rf": 0.7620000243186951, "p_xgb": 0.9846200346946716, "date": "2026-10-08"}}, {"type": "Feature", "geometry": {"type": "Point", "coordinates": [-82.54166666836602, 35.68333333390301]}, "properties": {"p_logistic": 0.4891149699687958, "p_rf": 0.7599999904632568, "p_xgb": 0.9786998629570007, "date": "2026-10-08"}}, {"type": "Feature", "geometry": {"type": "Point", "coordinates": [-82.53333333503302, 35.68333333390301]}, "properties": {"p_logistic": 0.4867749810218811, "p_rf": 0.7680000066757202, "p_xgb": 0.9790422320365906, "date": "2026-10-08"}}, {"type": "Feature", "geometry": {"type": "Point", "coordinates": [-82.52500000170002, 35.68333333390301]}, "properties": {"p_logistic": 0.48501378297805786, "p_rf": 0.800000011920929, "p_xgb": 0.9881057739257812, "date": "2026-10-08"}}, {"type": "Feature", "geometry": {"type": "Point", "coordinates": [-82.51666666836701, 35.68333333390301]}, "properties": {"p_logistic": 0.4825288951396942, "p_rf": 0.7960000038146973, "p_xgb": 0.9881057739257812, "date": "2026-10-08"}}, {"type": "Feature", "geometry": {"type": "Point", "coordinates": [-82.50833333503402, 35.68333333390301]}, "properties": {"p_logistic": 0.48066791892051697, "p_rf": 0.8059999942779541, "p_xgb": 0.9893641471862793, "date": "2026-10-08"}}, {"type": "Feature", "geometry": {"type": "Point", "coordinates": [-82.50000000170101, 35.68333333390301]}, "properties": {"p_logistic": 0.479390949010849, "p_rf": 0.8199999928474426, "p_xgb": 0.9893641471862793, "date": "2026-10-08"}}, {"type": "Feature", "geometry": {"type": "Point", "coordinates": [-82.49166666836803, 35.68333333390301]}, "properties": {"p_logistic": 0.47817155718803406, "p_rf": 0.8180000185966492, "p_xgb": 0.9889647960662842, "date": "2026-10-08"}}, {"type": "Feature", "geometry": {"type": "Point", "coordinates": [-82.48333333503501, 35.68333333390301]}, "properties": {"p_logistic": 0.4752720594406128, "p_rf": 0.8360000252723694, "p_xgb": 0.9889647960662842, "date": "2026-10-08"}}, {"type": "Feature", "geometry": {"type": "Point", "coordinates": [-82.47500000170201, 35.68333333390301]}, "properties": {"p_logistic": 0.4716113805770874, "p_rf": 0.871999979019165, "p_xgb": 0.9964458346366882, "date": "2026-10-08"}}, {"type": "Feature", "geometry": {"type": "Point", "coordinates": [-82.46666666836902, 35.68333333390301]}, "properties": {"p_logistic": 0.46837109327316284, "p_rf": 0.8759999871253967, "p_xgb": 0.9969356060028076, "date": "2026-10-08"}}, {"type": "Feature", "geometry": {"type": "Point", "coordinates": [-82.45833333503602, 35.68333333390301]}, "properties": {"p_logistic": 0.4635527431964874, "p_rf": 0.843999981880188, "p_xgb": 0.9945843815803528, "date": "2026-10-08"}}, {"type": "Feature", "geometry": {"type": "Point", "coordinates": [-82.45000000170302, 35.68333333390301]}, "properties": {"p_logistic": 0.457328200340271, "p_rf": 0.8320000171661377, "p_xgb": 0.9966425895690918, "date": "2026-10-08"}}, {"type": "Feature", "geometry": {"type": "Point", "coordinates": [-82.44166666837002, 35.68333333390301]}, "properties": {"p_logistic": 0.454532653093338, "p_rf": 0.8420000076293945, "p_xgb": 0.9960208535194397, "date": "2026-10-08"}}, {"type": "Feature", "geometry": {"type": "Point", "coordinates": [-82.43333333503702, 35.68333333390301]}, "properties": {"p_logistic": 0.45631465315818787, "p_rf": 0.8379999995231628, "p_xgb": 0.9984263181686401, "date": "2026-10-08"}}, {"type": "Feature", "geometry": {"type": "Point", "coordinates": [-82.42500000170402, 35.68333333390301]}, "properties": {"p_logistic": 0.4558117687702179, "p_rf": 0.7720000147819519, "p_xgb": 0.9964919686317444, "date": "2026-10-08"}}, {"type": "Feature", "geometry": {"type": "Point", "coordinates": [-82.41666666837102, 35.68333333390301]}, "properties": {"p_logistic": 0.4531725347042084, "p_rf": 0.7620000243186951, "p_xgb": 0.993674635887146, "date": "2026-10-08"}}, {"type": "Feature", "geometry": {"type": "Point", "coordinates": [-82.40833333503801, 35.68333333390301]}, "properties": {"p_logistic": 0.4466634690761566, "p_rf": 0.8180000185966492, "p_xgb": 0.9957037568092346, "date": "2026-10-08"}}, {"type": "Feature", "geometry": {"type": "Point", "coordinates": [-82.40000000170502, 35.68333333390301]}, "properties": {"p_logistic": 0.4568485915660858, "p_rf": 0.7680000066757202, "p_xgb": 0.9902284145355225, "date": "2026-10-08"}}, {"type": "Feature", "geometry": {"type": "Point", "coordinates": [-82.39166666837201, 35.68333333390301]}, "properties": {"p_logistic": 0.47550874948501587, "p_rf": 0.6520000100135803, "p_xgb": 0.9885182976722717, "date": "2026-10-08"}}, {"type": "Feature", "geometry": {"type": "Point", "coordinates": [-82.38333333503903, 35.68333333390301]}, "properties": {"p_logistic": 0.48744890093803406, "p_rf": 0.6740000247955322, "p_xgb": 0.9902201294898987, "date": "2026-10-08"}}, {"type": "Feature", "geometry": {"type": "Point", "coordinates": [-82.37500000170601, 35.68333333390301]}, "properties": {"p_logistic": 0.4950330853462219, "p_rf": 0.7020000219345093, "p_xgb": 0.9895888566970825, "date": "2026-10-08"}}, {"type": "Feature", "geometry": {"type": "Point", "coordinates": [-82.36666666837301, 35.68333333390301]}, "properties": {"p_logistic": 0.498766154050827, "p_rf": 0.699999988079071, "p_xgb": 0.9852921366691589, "date": "2026-10-08"}}, {"type": "Feature", "geometry": {"type": "Point", "coordinates": [-82.35833333504002, 35.68333333390301]}, "properties": {"p_logistic": 0.4951057732105255, "p_rf": 0.6980000138282776, "p_xgb": 0.9770298004150391, "date": "2026-10-08"}}, {"type": "Feature", "geometry": {"type": "Point", "coordinates": [-82.35000000170702, 35.68333333390301]}, "properties": {"p_logistic": 0.49136969447135925, "p_rf": 0.7020000219345093, "p_xgb": 0.9705978035926819, "date": "2026-10-08"}}, {"type": "Feature", "geometry": {"type": "Point", "coordinates": [-82.34166666837402, 35.68333333390301]}, "properties": {"p_logistic": 0.4881207048892975, "p_rf": 0.7620000243186951, "p_xgb": 0.9805706143379211, "date": "2026-10-08"}}, {"type": "Feature", "geometry": {"type": "Point", "coordinates": [-82.33333333504102, 35.68333333390301]}, "properties": {"p_logistic": 0.48873084783554077, "p_rf": 0.7720000147819519, "p_xgb": 0.9936907291412354, "date": "2026-10-08"}}, {"type": "Feature", "geometry": {"type": "Point", "coordinates": [-82.32500000170802, 35.68333333390301]}, "properties": {"p_logistic": 0.4935051202774048, "p_rf": 0.5619999766349792, "p_xgb": 0.9853553771972656, "date": "2026-10-08"}}, {"type": "Feature", "geometry": {"type": "Point", "coordinates": [-82.31666666837502, 35.68333333390301]}, "properties": {"p_logistic": 0.5010513067245483, "p_rf": 0.5299999713897705, "p_xgb": 0.9842166900634766, "date": "2026-10-08"}}, {"type": "Feature", "geometry": {"type": "Point", "coordinates": [-82.30833333504202, 35.68333333390301]}, "properties": {"p_logistic": 0.5136310458183289, "p_rf": 0.4519999921321869, "p_xgb": 0.9725428223609924, "date": "2026-10-08"}}, {"type": "Feature", "geometry": {"type": "Point", "coordinates": [-82.30000000170901, 35.68333333390301]}, "properties": {"p_logistic": 0.5207698345184326, "p_rf": 0.44999998807907104, "p_xgb": 0.9850577712059021, "date": "2026-10-08"}}, {"type": "Feature", "geometry": {"type": "Point", "coordinates": [-82.88333333501902, 35.67500000057]}, "properties": {"p_logistic": 0.45622047781944275, "p_rf": 0.843999981880188, "p_xgb": 0.9925089478492737, "date": "2026-10-08"}}, {"type": "Feature", "geometry": {"type": "Point", "coordinates": [-82.87500000168602, 35.67500000057]}, "properties": {"p_logistic": 0.4606407880783081, "p_rf": 0.8740000128746033, "p_xgb": 0.9978353381156921, "date": "2026-10-08"}}, {"type": "Feature", "geometry": {"type": "Point", "coordinates": [-82.86666666835302, 35.67500000057]}, "properties": {"p_logistic": 0.4660261869430542, "p_rf": 0.8320000171661377, "p_xgb": 0.993697464466095, "date": "2026-10-08"}}, {"type": "Feature", "geometry": {"type": "Point", "coordinates": [-82.85833333502002, 35.67500000057]}, "properties": {"p_logistic": 0.4714524447917938, "p_rf": 0.7639999985694885, "p_xgb": 0.9875279068946838, "date": "2026-10-08"}}, {"type": "Feature", "geometry": {"type": "Point", "coordinates": [-82.85000000168702, 35.67500000057]}, "properties": {"p_logistic": 0.47749584913253784, "p_rf": 0.7279999852180481, "p_xgb": 0.9851428866386414, "date": "2026-10-08"}}, {"type": "Feature", "geometry": {"type": "Point", "coordinates": [-82.84166666835401, 35.67500000057]}, "properties": {"p_logistic": 0.48051053285598755, "p_rf": 0.6439999938011169, "p_xgb": 0.9826073050498962, "date": "2026-10-08"}}, {"type": "Feature", "geometry": {"type": "Point", "coordinates": [-82.83333333502102, 35.67500000057]}, "properties": {"p_logistic": 0.48410674929618835, "p_rf": 0.6639999747276306, "p_xgb": 0.9855578541755676, "date": "2026-10-08"}}, {"type": "Feature", "geometry": {"type": "Point", "coordinates": [-82.82500000168801, 35.67500000057]}, "properties": {"p_logistic": 0.49034225940704346, "p_rf": 0.6840000152587891, "p_xgb": 0.9863191843032837, "date": "2026-10-08"}}, {"type": "Feature", "geometry": {"type": "Point", "coordinates": [-82.81666666835503, 35.67500000057]}, "properties": {"p_logistic": 0.4976353347301483, "p_rf": 0.7179999947547913, "p_xgb": 0.9871827363967896, "date": "2026-10-08"}}, {"type": "Feature", "geometry": {"type": "Point", "coordinates": [-82.80833333502201, 35.67500000057]}, "properties": {"p_logistic": 0.5056101679801941, "p_rf": 0.6620000004768372, "p_xgb": 0.9806429147720337, "date": "2026-10-08"}}, {"type": "Feature", "geometry": {"type": "Point", "coordinates": [-82.80000000168901, 35.67500000057]}, "properties": {"p_logistic": 0.5109032392501831, "p_rf": 0.7059999704360962, "p_xgb": 0.9846771955490112, "date": "2026-10-08"}}, {"type": "Feature", "geometry": {"type": "Point", "coordinates": [-82.79166666835602, 35.67500000057]}, "properties": {"p_logistic": 0.5145435333251953, "p_rf": 0.7020000219345093, "p_xgb": 0.9840445518493652, "date": "2026-10-08"}}, {"type": "Feature", "geometry": {"type": "Point", "coordinates": [-82.78333333502302, 35.67500000057]}, "properties": {"p_logistic": 0.515807569026947, "p_rf": 0.6980000138282776, "p_xgb": 0.9852293133735657, "date": "2026-10-08"}}, {"type": "Feature", "geometry": {"type": "Point", "coordinates": [-82.77500000169002, 35.67500000057]}, "properties": {"p_logistic": 0.5163989663124084, "p_rf": 0.7059999704360962, "p_xgb": 0.9852293133735657, "date": "2026-10-08"}}, {"type": "Feature", "geometry": {"type": "Point", "coordinates": [-82.76666666835702, 35.67500000057]}, "properties": {"p_logistic": 0.5172226428985596, "p_rf": 0.7020000219345093, "p_xgb": 0.9830547571182251, "date": "2026-10-08"}}, {"type": "Feature", "geometry": {"type": "Point", "coordinates": [-82.75833333502402, 35.67500000057]}, "properties": {"p_logistic": 0.5176059603691101, "p_rf": 0.6819999814033508, "p_xgb": 0.9810320734977722, "date": "2026-10-08"}}, {"type": "Feature", "geometry": {"type": "Point", "coordinates": [-82.75000000169102, 35.67500000057]}, "properties": {"p_logistic": 0.516959547996521, "p_rf": 0.6620000004768372, "p_xgb": 0.9810320734977722, "date": "2026-10-08"}}, {"type": "Feature", "geometry": {"type": "Point", "coordinates": [-82.74166666835802, 35.67500000057]}, "properties": {"p_logistic": 0.5163832306861877, "p_rf": 0.6740000247955322, "p_xgb": 0.9747301936149597, "date": "2026-10-08"}}, {"type": "Feature", "geometry": {"type": "Point", "coordinates": [-82.73333333502501, 35.67500000057]}, "properties": {"p_logistic": 0.5162855386734009, "p_rf": 0.6840000152587891, "p_xgb": 0.9748313426971436, "date": "2026-10-08"}}, {"type": "Feature", "geometry": {"type": "Point", "coordinates": [-82.72500000169202, 35.67500000057]}, "properties": {"p_logistic": 0.5163697004318237, "p_rf": 0.7120000123977661, "p_xgb": 0.9762580990791321, "date": "2026-10-08"}}, {"type": "Feature", "geometry": {"type": "Point", "coordinates": [-82.71666666835901, 35.67500000057]}, "properties": {"p_logistic": 0.516197681427002, "p_rf": 0.7179999947547913, "p_xgb": 0.9790711402893066, "date": "2026-10-08"}}, {"type": "Feature", "geometry": {"type": "Point", "coordinates": [-82.70833333502603, 35.67500000057]}, "properties": {"p_logistic": 0.5154026746749878, "p_rf": 0.6940000057220459, "p_xgb": 0.9790711402893066, "date": "2026-10-08"}}, {"type": "Feature", "geometry": {"type": "Point", "coordinates": [-82.70000000169301, 35.67500000057]}, "properties": {"p_logistic": 0.5126531720161438, "p_rf": 0.6740000247955322, "p_xgb": 0.9834395051002502, "date": "2026-10-08"}}, {"type": "Feature", "geometry": {"type": "Point", "coordinates": [-82.69166666836001, 35.67500000057]}, "properties": {"p_logistic": 0.5105910897254944, "p_rf": 0.6460000276565552, "p_xgb": 0.9824626445770264, "date": "2026-10-08"}}, {"type": "Feature", "geometry": {"type": "Point", "coordinates": [-82.68333333502702, 35.67500000057]}, "properties": {"p_logistic": 0.5089336037635803, "p_rf": 0.6539999842643738, "p_xgb": 0.9850190281867981, "date": "2026-10-08"}}, {"type": "Feature", "geometry": {"type": "Point", "coordinates": [-82.67500000169402, 35.67500000057]}, "properties": {"p_logistic": 0.5089671611785889, "p_rf": 0.7440000176429749, "p_xgb": 0.9870523810386658, "date": "2026-10-08"}}, {"type": "Feature", "geometry": {"type": "Point", "coordinates": [-82.66666666836102, 35.67500000057]}, "properties": {"p_logistic": 0.5084208846092224, "p_rf": 0.7519999742507935, "p_xgb": 0.9877947568893433, "date": "2026-10-08"}}, {"type": "Feature", "geometry": {"type": "Point", "coordinates": [-82.65833333502802, 35.67500000057]}, "properties": {"p_logistic": 0.5069382190704346, "p_rf": 0.7680000066757202, "p_xgb": 0.9874235987663269, "date": "2026-10-08"}}, {"type": "Feature", "geometry": {"type": "Point", "coordinates": [-82.65000000169502, 35.67500000057]}, "properties": {"p_logistic": 0.5043692588806152, "p_rf": 0.8180000185966492, "p_xgb": 0.9939395189285278, "date": "2026-10-08"}}, {"type": "Feature", "geometry": {"type": "Point", "coordinates": [-82.64166666836202, 35.67500000057]}, "properties": {"p_logistic": 0.5019361972808838, "p_rf": 0.8759999871253967, "p_xgb": 0.998166024684906, "date": "2026-10-08"}}, {"type": "Feature", "geometry": {"type": "Point", "coordinates": [-82.63333333502902, 35.67500000057]}, "properties": {"p_logistic": 0.49983859062194824, "p_rf": 0.8379999995231628, "p_xgb": 0.9950128197669983, "date": "2026-10-08"}}, {"type": "Feature", "geometry": {"type": "Point", "coordinates": [-82.62500000169601, 35.67500000057]}, "properties": {"p_logistic": 0.4978938698768616, "p_rf": 0.8259999752044678, "p_xgb": 0.9956747889518738, "date": "2026-10-08"}}, {"type": "Feature", "geometry": {"type": "Point", "coordinates": [-82.61666666836302, 35.67500000057]}, "properties": {"p_logistic": 0.4963098466396332, "p_rf": 0.6779999732971191, "p_xgb": 0.9614723920822144, "date": "2026-10-08"}}, {"type": "Feature", "geometry": {"type": "Point", "coordinates": [-82.60833333503001, 35.67500000057]}, "properties": {"p_logistic": 0.4949347972869873, "p_rf": 0.6779999732971191, "p_xgb": 0.9563730359077454, "date": "2026-10-08"}}, {"type": "Feature", "geometry": {"type": "Point", "coordinates": [-82.60000000169703, 35.67500000057]}, "properties": {"p_logistic": 0.49342554807662964, "p_rf": 0.6779999732971191, "p_xgb": 0.9563730359077454, "date": "2026-10-08"}}, {"type": "Feature", "geometry": {"type": "Point", "coordinates": [-82.59166666836401, 35.67500000057]}, "properties": {"p_logistic": 0.48912909626960754, "p_rf": 0.6859999895095825, "p_xgb": 0.9687068462371826, "date": "2026-10-08"}}, {"type": "Feature", "geometry": {"type": "Point", "coordinates": [-82.58333333503101, 35.67500000057]}, "properties": {"p_logistic": 0.4804780185222626, "p_rf": 0.7179999947547913, "p_xgb": 0.9673556089401245, "date": "2026-10-08"}}, {"type": "Feature", "geometry": {"type": "Point", "coordinates": [-82.57500000169802, 35.67500000057]}, "properties": {"p_logistic": 0.4807061553001404, "p_rf": 0.6779999732971191, "p_xgb": 0.9609837532043457, "date": "2026-10-08"}}, {"type": "Feature", "geometry": {"type": "Point", "coordinates": [-82.56666666836502, 35.67500000057]}, "properties": {"p_logistic": 0.485259473323822, "p_rf": 0.8679999709129333, "p_xgb": 0.9963127970695496, "date": "2026-10-08"}}, {"type": "Feature", "geometry": {"type": "Point", "coordinates": [-82.55833333503202, 35.67500000057]}, "properties": {"p_logistic": 0.4890139400959015, "p_rf": 0.8259999752044678, "p_xgb": 0.9936443567276001, "date": "2026-10-08"}}, {"type": "Feature", "geometry": {"type": "Point", "coordinates": [-82.55000000169902, 35.67500000057]}, "properties": {"p_logistic": 0.4898352026939392, "p_rf": 0.7960000038146973, "p_xgb": 0.9922602772712708, "date": "2026-10-08"}}, {"type": "Feature", "geometry": {"type": "Point", "coordinates": [-82.54166666836602, 35.67500000057]}, "properties": {"p_logistic": 0.48835331201553345, "p_rf": 0.7960000038146973, "p_xgb": 0.9923863410949707, "date": "2026-10-08"}}, {"type": "Feature", "geometry": {"type": "Point", "coordinates": [-82.53333333503302, 35.67500000057]}, "properties": {"p_logistic": 0.48577311635017395, "p_rf": 0.8199999928474426, "p_xgb": 0.9929384589195251, "date": "2026-10-08"}}, {"type": "Feature", "geometry": {"type": "Point", "coordinates": [-82.52500000170002, 35.67500000057]}, "properties": {"p_logistic": 0.4828169047832489, "p_rf": 0.828000009059906, "p_xgb": 0.9929384589195251, "date": "2026-10-08"}}, {"type": "Feature", "geometry": {"type": "Point", "coordinates": [-82.51666666836701, 35.67500000057]}, "properties": {"p_logistic": 0.4799492359161377, "p_rf": 0.8339999914169312, "p_xgb": 0.9889647960662842, "date": "2026-10-08"}}, {"type": "Feature", "geometry": {"type": "Point", "coordinates": [-82.50833333503402, 35.67500000057]}, "properties": {"p_logistic": 0.4770511984825134, "p_rf": 0.8500000238418579, "p_xgb": 0.9921427965164185, "date": "2026-10-08"}}, {"type": "Feature", "geometry": {"type": "Point", "coordinates": [-82.50000000170101, 35.67500000057]}, "properties": {"p_logistic": 0.4755268692970276, "p_rf": 0.8420000076293945, "p_xgb": 0.9889647960662842, "date": "2026-10-08"}}, {"type": "Feature", "geometry": {"type": "Point", "coordinates": [-82.49166666836803, 35.67500000057]}, "properties": {"p_logistic": 0.4731926918029785, "p_rf": 0.8420000076293945, "p_xgb": 0.9889647960662842, "date": "2026-10-08"}}, {"type": "Feature", "geometry": {"type": "Point", "coordinates": [-82.48333333503501, 35.67500000057]}, "properties": {"p_logistic": 0.47016891837120056, "p_rf": 0.8619999885559082, "p_xgb": 0.9927641749382019, "date": "2026-10-08"}}, {"type": "Feature", "geometry": {"type": "Point", "coordinates": [-82.47500000170201, 35.67500000057]}, "properties": {"p_logistic": 0.4661810100078583, "p_rf": 0.8679999709129333, "p_xgb": 0.9947091341018677, "date": "2026-10-08"}}, {"type": "Feature", "geometry": {"type": "Point", "coordinates": [-82.46666666836902, 35.67500000057]}, "properties": {"p_logistic": 0.4616892635822296, "p_rf": 0.8759999871253967, "p_xgb": 0.9987366795539856, "date": "2026-10-08"}}, {"type": "Feature", "geometry": {"type": "Point", "coordinates": [-82.45833333503602, 35.67500000057]}, "properties": {"p_logistic": 0.4560904800891876, "p_rf": 0.8700000047683716, "p_xgb": 0.9987012147903442, "date": "2026-10-08"}}, {"type": "Feature", "geometry": {"type": "Point", "coordinates": [-82.45000000170302, 35.67500000057]}, "properties": {"p_logistic": 0.4518437683582306, "p_rf": 0.8679999709129333, "p_xgb": 0.9986903071403503, "date": "2026-10-08"}}, {"type": "Feature", "geometry": {"type": "Point", "coordinates": [-82.44166666837002, 35.67500000057]}, "properties": {"p_logistic": 0.45333966612815857, "p_rf": 0.8059999942779541, "p_xgb": 0.9968506693840027, "date": "2026-10-08"}}, {"type": "Feature", "geometry": {"type": "Point", "coordinates": [-82.43333333503702, 35.67500000057]}, "properties": {"p_logistic": 0.45615702867507935, "p_rf": 0.7480000257492065, "p_xgb": 0.9951466917991638, "date": "2026-10-08"}}, {"type": "Feature", "geometry": {"type": "Point", "coordinates": [-82.42500000170402, 35.67500000057]}, "properties": {"p_logistic": 0.45752814412117004, "p_rf": 0.6480000019073486, "p_xgb": 0.9915106892585754, "date": "2026-10-08"}}, {"type": "Feature", "geometry": {"type": "Point", "coordinates": [-82.41666666837102, 35.67500000057]}, "properties": {"p_logistic": 0.4559585154056549, "p_rf": 0.6460000276565552, "p_xgb": 0.9916825294494629, "date": "2026-10-08"}}, {"type": "Feature", "geometry": {"type": "Point", "coordinates": [-82.40833333503801, 35.67500000057]}, "properties": {"p_logistic": 0.4504214823246002, "p_rf": 0.7480000257492065, "p_xgb": 0.9933326840400696, "date": "2026-10-08"}}, {"type": "Feature", "geometry": {"type": "Point", "coordinates": [-82.40000000170502, 35.67500000057]}, "properties": {"p_logistic": 0.4506136476993561, "p_rf": 0.7720000147819519, "p_xgb": 0.9932899475097656, "date": "2026-10-08"}}, {"type": "Feature", "geometry": {"type": "Point", "coordinates": [-82.39166666837201, 35.67500000057]}, "properties": {"p_logistic": 0.47202351689338684, "p_rf": 0.6520000100135803, "p_xgb": 0.9886267781257629, "date": "2026-10-08"}}, {"type": "Feature", "geometry": {"type": "Point", "coordinates": [-82.38333333503903, 35.67500000057]}, "properties": {"p_logistic": 0.4845874607563019, "p_rf": 0.6840000152587891, "p_xgb": 0.9885547757148743, "date": "2026-10-08"}}, {"type": "Feature", "geometry": {"type": "Point", "coordinates": [-82.37500000170601, 35.67500000057]}, "properties": {"p_logistic": 0.4905834197998047, "p_rf": 0.7120000123977661, "p_xgb": 0.9885467290878296, "date": "2026-10-08"}}, {"type": "Feature", "geometry": {"type": "Point", "coordinates": [-82.36666666837301, 35.67500000057]}, "properties": {"p_logistic": 0.4932441711425781, "p_rf": 0.7020000219345093, "p_xgb": 0.9890235662460327, "date": "2026-10-08"}}, {"type": "Feature", "geometry": {"type": "Point", "coordinates": [-82.35833333504002, 35.67500000057]}, "properties": {"p_logistic": 0.49130570888519287, "p_rf": 0.6959999799728394, "p_xgb": 0.973548412322998, "date": "2026-10-08"}}, {"type": "Feature", "geometry": {"type": "Point", "coordinates": [-82.35000000170702, 35.67500000057]}, "properties": {"p_logistic": 0.48584121465682983, "p_rf": 0.699999988079071, "p_xgb": 0.9705978035926819, "date": "2026-10-08"}}, {"type": "Feature", "geometry": {"type": "Point", "coordinates": [-82.34166666837402, 35.67500000057]}, "properties": {"p_logistic": 0.483513206243515, "p_rf": 0.7540000081062317, "p_xgb": 0.9761374592781067, "date": "2026-10-08"}}, {"type": "Feature", "geometry": {"type": "Point", "coordinates": [-82.33333333504102, 35.67500000057]}, "properties": {"p_logistic": 0.48457884788513184, "p_rf": 0.7720000147819519, "p_xgb": 0.9936907291412354, "date": "2026-10-08"}}, {"type": "Feature", "geometry": {"type": "Point", "coordinates": [-82.32500000170802, 35.67500000057]}, "properties": {"p_logistic": 0.4887630045413971, "p_rf": 0.6800000071525574, "p_xgb": 0.9853553771972656, "date": "2026-10-08"}}, {"type": "Feature", "geometry": {"type": "Point", "coordinates": [-82.31666666837502, 35.67500000057]}, "properties": {"p_logistic": 0.4979081451892853, "p_rf": 0.5360000133514404, "p_xgb": 0.9840922355651855, "date": "2026-10-08"}}, {"type": "Feature", "geometry": {"type": "Point", "coordinates": [-82.30833333504202, 35.67500000057]}, "properties": {"p_logistic": 0.5114452242851257, "p_rf": 0.4519999921321869, "p_xgb": 0.9725428223609924, "date": "2026-10-08"}}, {"type": "Feature", "geometry": {"type": "Point", "coordinates": [-82.30000000170901, 35.67500000057]}, "properties": {"p_logistic": 0.5188288688659668, "p_rf": 0.4519999921321869, "p_xgb": 0.9835701584815979, "date": "2026-10-08"}}, {"type": "Feature", "geometry": {"type": "Point", "coordinates": [-82.29166666837602, 35.67500000057]}, "properties": {"p_logistic": 0.5210179090499878, "p_rf": 0.4699999988079071, "p_xgb": 0.9861099720001221, "date": "2026-10-08"}}, {"type": "Feature", "geometry": {"type": "Point", "coordinates": [-82.87500000168602, 35.666666667237]}, "properties": {"p_logistic": 0.45785975456237793, "p_rf": 0.8379999995231628, "p_xgb": 0.9936410784721375, "date": "2026-10-08"}}, {"type": "Feature", "geometry": {"type": "Point", "coordinates": [-82.86666666835302, 35.666666667237]}, "properties": {"p_logistic": 0.46286964416503906, "p_rf": 0.8759999871253967, "p_xgb": 0.9978353381156921, "date": "2026-10-08"}}, {"type": "Feature", "geometry": {"type": "Point", "coordinates": [-82.85833333502002, 35.666666667237]}, "properties": {"p_logistic": 0.4679657518863678, "p_rf": 0.8040000200271606, "p_xgb": 0.992948055267334, "date": "2026-10-08"}}, {"type": "Feature", "geometry": {"type": "Point", "coordinates": [-82.85000000168702, 35.666666667237]}, "properties": {"p_logistic": 0.4733079969882965, "p_rf": 0.7519999742507935, "p_xgb": 0.9878959655761719, "date": "2026-10-08"}}, {"type": "Feature", "geometry": {"type": "Point", "coordinates": [-82.84166666835401, 35.666666667237]}, "properties": {"p_logistic": 0.4763554632663727, "p_rf": 0.6539999842643738, "p_xgb": 0.9851428866386414, "date": "2026-10-08"}}, {"type": "Feature", "geometry": {"type": "Point", "coordinates": [-82.83333333502102, 35.666666667237]}, "properties": {"p_logistic": 0.4792751371860504, "p_rf": 0.6460000276565552, "p_xgb": 0.9826073050498962, "date": "2026-10-08"}}, {"type": "Feature", "geometry": {"type": "Point", "coordinates": [-82.82500000168801, 35.666666667237]}, "properties": {"p_logistic": 0.4846472144126892, "p_rf": 0.6639999747276306, "p_xgb": 0.9855578541755676, "date": "2026-10-08"}}, {"type": "Feature", "geometry": {"type": "Point", "coordinates": [-82.81666666835503, 35.666666667237]}, "properties": {"p_logistic": 0.49083346128463745, "p_rf": 0.6859999895095825, "p_xgb": 0.9863191843032837, "date": "2026-10-08"}}, {"type": "Feature", "geometry": {"type": "Point", "coordinates": [-82.80833333502201, 35.666666667237]}, "properties": {"p_logistic": 0.4973420202732086, "p_rf": 0.7179999947547913, "p_xgb": 0.9875357747077942, "date": "2026-10-08"}}, {"type": "Feature", "geometry": {"type": "Point", "coordinates": [-82.80000000168901, 35.666666667237]}, "properties": {"p_logistic": 0.503304660320282, "p_rf": 0.7020000219345093, "p_xgb": 0.9858441352844238, "date": "2026-10-08"}}, {"type": "Feature", "geometry": {"type": "Point", "coordinates": [-82.79166666835602, 35.666666667237]}, "properties": {"p_logistic": 0.5073220729827881, "p_rf": 0.6740000247955322, "p_xgb": 0.9806429147720337, "date": "2026-10-08"}}, {"type": "Feature", "geometry": {"type": "Point", "coordinates": [-82.78333333502302, 35.666666667237]}, "properties": {"p_logistic": 0.5093381404876709, "p_rf": 0.6759999990463257, "p_xgb": 0.9818552732467651, "date": "2026-10-08"}}, {"type": "Feature", "geometry": {"type": "Point", "coordinates": [-82.77500000169002, 35.666666667237]}, "properties": {"p_logistic": 0.5100299715995789, "p_rf": 0.7020000219345093, "p_xgb": 0.9858441352844238, "date": "2026-10-08"}}, {"type": "Feature", "geometry": {"type": "Point", "coordinates": [-82.76666666835702, 35.666666667237]}, "properties": {"p_logistic": 0.5108729600906372, "p_rf": 0.7120000123977661, "p_xgb": 0.9863547682762146, "date": "2026-10-08"}}, {"type": "Feature", "geometry": {"type": "Point", "coordinates": [-82.75833333502402, 35.666666667237]}, "properties": {"p_logistic": 0.5111066699028015, "p_rf": 0.7179999947547913, "p_xgb": 0.9825330972671509, "date": "2026-10-08"}}, {"type": "Feature", "geometry": {"type": "Point", "coordinates": [-82.75000000169102, 35.666666667237]}, "properties": {"p_logistic": 0.5107946991920471, "p_rf": 0.7179999947547913, "p_xgb": 0.9791945815086365, "date": "2026-10-08"}}, {"type": "Feature", "geometry": {"type": "Point", "coordinates": [-82.74166666835802, 35.666666667237]}, "properties": {"p_logistic": 0.5101994276046753, "p_rf": 0.7139999866485596, "p_xgb": 0.97871333360672, "date": "2026-10-08"}}, {"type": "Feature", "geometry": {"type": "Point", "coordinates": [-82.73333333502501, 35.666666667237]}, "properties": {"p_logistic": 0.5093050599098206, "p_rf": 0.6859999895095825, "p_xgb": 0.975666880607605, "date": "2026-10-08"}}, {"type": "Feature", "geometry": {"type": "Point", "coordinates": [-82.72500000169202, 35.666666667237]}, "properties": {"p_logistic": 0.5084141492843628, "p_rf": 0.6759999990463257, "p_xgb": 0.9761039614677429, "date": "2026-10-08"}}, {"type": "Feature", "geometry": {"type": "Point", "coordinates": [-82.71666666835901, 35.666666667237]}, "properties": {"p_logistic": 0.50782710313797, "p_rf": 0.6639999747276306, "p_xgb": 0.9796893000602722, "date": "2026-10-08"}}, {"type": "Feature", "geometry": {"type": "Point", "coordinates": [-82.70833333502603, 35.666666667237]}, "properties": {"p_logistic": 0.5075273513793945, "p_rf": 0.6439999938011169, "p_xgb": 0.9812513589859009, "date": "2026-10-08"}}, {"type": "Feature", "geometry": {"type": "Point", "coordinates": [-82.70000000169301, 35.666666667237]}, "properties": {"p_logistic": 0.5059265494346619, "p_rf": 0.7400000095367432, "p_xgb": 0.9850190281867981, "date": "2026-10-08"}}, {"type": "Feature", "geometry": {"type": "Point", "coordinates": [-82.69166666836001, 35.666666667237]}, "properties": {"p_logistic": 0.5040996074676514, "p_rf": 0.7580000162124634, "p_xgb": 0.9874235987663269, "date": "2026-10-08"}}, {"type": "Feature", "geometry": {"type": "Point", "coordinates": [-82.68333333502702, 35.666666667237]}, "properties": {"p_logistic": 0.5041944980621338, "p_rf": 0.800000011920929, "p_xgb": 0.9928888082504272, "date": "2026-10-08"}}, {"type": "Feature", "geometry": {"type": "Point", "coordinates": [-82.67500000169402, 35.666666667237]}, "properties": {"p_logistic": 0.504845917224884, "p_rf": 0.8019999861717224, "p_xgb": 0.9928888082504272, "date": "2026-10-08"}}, {"type": "Feature", "geometry": {"type": "Point", "coordinates": [-82.66666666836102, 35.666666667237]}, "properties": {"p_logistic": 0.5055152177810669, "p_rf": 0.8040000200271606, "p_xgb": 0.9928888082504272, "date": "2026-10-08"}}, {"type": "Feature", "geometry": {"type": "Point", "coordinates": [-82.65833333502802, 35.666666667237]}, "properties": {"p_logistic": 0.5053834319114685, "p_rf": 0.8180000185966492, "p_xgb": 0.9936443567276001, "date": "2026-10-08"}}, {"type": "Feature", "geometry": {"type": "Point", "coordinates": [-82.65000000169502, 35.666666667237]}, "properties": {"p_logistic": 0.504978597164154, "p_rf": 0.8420000076293945, "p_xgb": 0.9934746623039246, "date": "2026-10-08"}}, {"type": "Feature", "geometry": {"type": "Point", "coordinates": [-82.64166666836202, 35.666666667237]}, "properties": {"p_logistic": 0.5023574233055115, "p_rf": 0.8679999709129333, "p_xgb": 0.9977803826332092, "date": "2026-10-08"}}, {"type": "Feature", "geometry": {"type": "Point", "coordinates": [-82.63333333502902, 35.666666667237]}, "properties": {"p_logistic": 0.5006402730941772, "p_rf": 0.8460000157356262, "p_xgb": 0.9956747889518738, "date": "2026-10-08"}}, {"type": "Feature", "geometry": {"type": "Point", "coordinates": [-82.62500000169601, 35.666666667237]}, "properties": {"p_logistic": 0.49861907958984375, "p_rf": 0.8220000267028809, "p_xgb": 0.995029866695404, "date": "2026-10-08"}}, {"type": "Feature", "geometry": {"type": "Point", "coordinates": [-82.61666666836302, 35.666666667237]}, "properties": {"p_logistic": 0.4970841407775879, "p_rf": 0.6779999732971191, "p_xgb": 0.9563730359077454, "date": "2026-10-08"}}, {"type": "Feature", "geometry": {"type": "Point", "coordinates": [-82.60833333503001, 35.666666667237]}, "properties": {"p_logistic": 0.4958556592464447, "p_rf": 0.6779999732971191, "p_xgb": 0.9563730359077454, "date": "2026-10-08"}}, {"type": "Feature", "geometry": {"type": "Point", "coordinates": [-82.60000000169703, 35.666666667237]}, "properties": {"p_logistic": 0.49419569969177246, "p_rf": 0.7039999961853027, "p_xgb": 0.9703075885772705, "date": "2026-10-08"}}, {"type": "Feature", "geometry": {"type": "Point", "coordinates": [-82.59166666836401, 35.666666667237]}, "properties": {"p_logistic": 0.49150988459587097, "p_rf": 0.7179999947547913, "p_xgb": 0.9703075885772705, "date": "2026-10-08"}}, {"type": "Feature", "geometry": {"type": "Point", "coordinates": [-82.58333333503101, 35.666666667237]}, "properties": {"p_logistic": 0.4852849245071411, "p_rf": 0.722000002861023, "p_xgb": 0.9711365103721619, "date": "2026-10-08"}}, {"type": "Feature", "geometry": {"type": "Point", "coordinates": [-82.57500000169802, 35.666666667237]}, "properties": {"p_logistic": 0.4803985357284546, "p_rf": 0.7200000286102295, "p_xgb": 0.9682641625404358, "date": "2026-10-08"}}, {"type": "Feature", "geometry": {"type": "Point", "coordinates": [-82.56666666836502, 35.666666667237]}, "properties": {"p_logistic": 0.4846758544445038, "p_rf": 0.8119999766349792, "p_xgb": 0.9783440828323364, "date": "2026-10-08"}}, {"type": "Feature", "geometry": {"type": "Point", "coordinates": [-82.55833333503202, 35.666666667237]}, "properties": {"p_logistic": 0.4872458577156067, "p_rf": 0.843999981880188, "p_xgb": 0.9958640336990356, "date": "2026-10-08"}}, {"type": "Feature", "geometry": {"type": "Point", "coordinates": [-82.55000000169902, 35.666666667237]}, "properties": {"p_logistic": 0.48978909850120544, "p_rf": 0.871999979019165, "p_xgb": 0.9980713725090027, "date": "2026-10-08"}}, {"type": "Feature", "geometry": {"type": "Point", "coordinates": [-82.54166666836602, 35.666666667237]}, "properties": {"p_logistic": 0.4882664978504181, "p_rf": 0.8679999709129333, "p_xgb": 0.9958209991455078, "date": "2026-10-08"}}, {"type": "Feature", "geometry": {"type": "Point", "coordinates": [-82.53333333503302, 35.666666667237]}, "properties": {"p_logistic": 0.4836595952510834, "p_rf": 0.8679999709129333, "p_xgb": 0.998036801815033, "date": "2026-10-08"}}, {"type": "Feature", "geometry": {"type": "Point", "coordinates": [-82.52500000170002, 35.666666667237]}, "properties": {"p_logistic": 0.47983884811401367, "p_rf": 0.8399999737739563, "p_xgb": 0.9958156943321228, "date": "2026-10-08"}}, {"type": "Feature", "geometry": {"type": "Point", "coordinates": [-82.51666666836701, 35.666666667237]}, "properties": {"p_logistic": 0.47687220573425293, "p_rf": 0.8679999709129333, "p_xgb": 0.9959020018577576, "date": "2026-10-08"}}, {"type": "Feature", "geometry": {"type": "Point", "coordinates": [-82.50833333503402, 35.666666667237]}, "properties": {"p_logistic": 0.47417500615119934, "p_rf": 0.8679999709129333, "p_xgb": 0.9967072606086731, "date": "2026-10-08"}}, {"type": "Feature", "geometry": {"type": "Point", "coordinates": [-82.50000000170101, 35.666666667237]}, "properties": {"p_logistic": 0.4724731147289276, "p_rf": 0.8759999871253967, "p_xgb": 0.9967824220657349, "date": "2026-10-08"}}, {"type": "Feature", "geometry": {"type": "Point", "coordinates": [-82.49166666836803, 35.666666667237]}, "properties": {"p_logistic": 0.4691980183124542, "p_rf": 0.8759999871253967, "p_xgb": 0.9966509938240051, "date": "2026-10-08"}}, {"type": "Feature", "geometry": {"type": "Point", "coordinates": [-82.48333333503501, 35.666666667237]}, "properties": {"p_logistic": 0.46340471506118774, "p_rf": 0.8759999871253967, "p_xgb": 0.9987366795539856, "date": "2026-10-08"}}, {"type": "Feature", "geometry": {"type": "Point", "coordinates": [-82.47500000170201, 35.666666667237]}, "properties": {"p_logistic": 0.4549487233161926, "p_rf": 0.8759999871253967, "p_xgb": 0.9988985061645508, "date": "2026-10-08"}}, {"type": "Feature", "geometry": {"type": "Point", "coordinates": [-82.46666666836902, 35.666666667237]}, "properties": {"p_logistic": 0.4542910158634186, "p_rf": 0.828000009059906, "p_xgb": 0.9970709085464478, "date": "2026-10-08"}}, {"type": "Feature", "geometry": {"type": "Point", "coordinates": [-82.45833333503602, 35.666666667237]}, "properties": {"p_logistic": 0.4554274380207062, "p_rf": 0.7720000147819519, "p_xgb": 0.9946720004081726, "date": "2026-10-08"}}, {"type": "Feature", "geometry": {"type": "Point", "coordinates": [-82.45000000170302, 35.666666667237]}, "properties": {"p_logistic": 0.4578353762626648, "p_rf": 0.7459999918937683, "p_xgb": 0.9950189590454102, "date": "2026-10-08"}}, {"type": "Feature", "geometry": {"type": "Point", "coordinates": [-82.44166666837002, 35.666666667237]}, "properties": {"p_logistic": 0.4597211182117462, "p_rf": 0.6620000004768372, "p_xgb": 0.9934938549995422, "date": "2026-10-08"}}, {"type": "Feature", "geometry": {"type": "Point", "coordinates": [-82.43333333503702, 35.666666667237]}, "properties": {"p_logistic": 0.46251899003982544, "p_rf": 0.699999988079071, "p_xgb": 0.9943966865539551, "date": "2026-10-08"}}, {"type": "Feature", "geometry": {"type": "Point", "coordinates": [-82.42500000170402, 35.666666667237]}, "properties": {"p_logistic": 0.4646015763282776, "p_rf": 0.6840000152587891, "p_xgb": 0.9936302304267883, "date": "2026-10-08"}}, {"type": "Feature", "geometry": {"type": "Point", "coordinates": [-82.41666666837102, 35.666666667237]}, "properties": {"p_logistic": 0.4641146957874298, "p_rf": 0.6840000152587891, "p_xgb": 0.9936302304267883, "date": "2026-10-08"}}, {"type": "Feature", "geometry": {"type": "Point", "coordinates": [-82.40833333503801, 35.666666667237]}, "properties": {"p_logistic": 0.4583718180656433, "p_rf": 0.6880000233650208, "p_xgb": 0.9920048117637634, "date": "2026-10-08"}}, {"type": "Feature", "geometry": {"type": "Point", "coordinates": [-82.40000000170502, 35.666666667237]}, "properties": {"p_logistic": 0.4438212215900421, "p_rf": 0.7599999904632568, "p_xgb": 0.9908732175827026, "date": "2026-10-08"}}, {"type": "Feature", "geometry": {"type": "Point", "coordinates": [-82.39166666837201, 35.666666667237]}, "properties": {"p_logistic": 0.4625264108181, "p_rf": 0.6520000100135803, "p_xgb": 0.9876061081886292, "date": "2026-10-08"}}, {"type": "Feature", "geometry": {"type": "Point", "coordinates": [-82.38333333503903, 35.666666667237]}, "properties": {"p_logistic": 0.47658392786979675, "p_rf": 0.6759999990463257, "p_xgb": 0.9883849620819092, "date": "2026-10-08"}}, {"type": "Feature", "geometry": {"type": "Point", "coordinates": [-82.37500000170601, 35.666666667237]}, "properties": {"p_logistic": 0.48094406723976135, "p_rf": 0.7179999947547913, "p_xgb": 0.9894698858261108, "date": "2026-10-08"}}, {"type": "Feature", "geometry": {"type": "Point", "coordinates": [-82.36666666837301, 35.666666667237]}, "properties": {"p_logistic": 0.4837036728858948, "p_rf": 0.7020000219345093, "p_xgb": 0.9876047372817993, "date": "2026-10-08"}}, {"type": "Feature", "geometry": {"type": "Point", "coordinates": [-82.35833333504002, 35.666666667237]}, "properties": {"p_logistic": 0.4827583134174347, "p_rf": 0.6980000138282776, "p_xgb": 0.9704026579856873, "date": "2026-10-08"}}, {"type": "Feature", "geometry": {"type": "Point", "coordinates": [-82.35000000170702, 35.666666667237]}, "properties": {"p_logistic": 0.47904863953590393, "p_rf": 0.6880000233650208, "p_xgb": 0.9653132557868958, "date": "2026-10-08"}}, {"type": "Feature", "geometry": {"type": "Point", "coordinates": [-82.34166666837402, 35.666666667237]}, "properties": {"p_logistic": 0.4780867397785187, "p_rf": 0.6959999799728394, "p_xgb": 0.9679286479949951, "date": "2026-10-08"}}, {"type": "Feature", "geometry": {"type": "Point", "coordinates": [-82.33333333504102, 35.666666667237]}, "properties": {"p_logistic": 0.47845616936683655, "p_rf": 0.7020000219345093, "p_xgb": 0.9745680093765259, "date": "2026-10-08"}}, {"type": "Feature", "geometry": {"type": "Point", "coordinates": [-82.32500000170802, 35.666666667237]}, "properties": {"p_logistic": 0.4827024042606354, "p_rf": 0.7639999985694885, "p_xgb": 0.9925365447998047, "date": "2026-10-08"}}, {"type": "Feature", "geometry": {"type": "Point", "coordinates": [-82.31666666837502, 35.666666667237]}, "properties": {"p_logistic": 0.4922981560230255, "p_rf": 0.5979999899864197, "p_xgb": 0.9867264032363892, "date": "2026-10-08"}}, {"type": "Feature", "geometry": {"type": "Point", "coordinates": [-82.30833333504202, 35.666666667237]}, "properties": {"p_logistic": 0.5065722465515137, "p_rf": 0.5, "p_xgb": 0.9864851236343384, "date": "2026-10-08"}}, {"type": "Feature", "geometry": {"type": "Point", "coordinates": [-82.30000000170901, 35.666666667237]}, "properties": {"p_logistic": 0.5140717029571533, "p_rf": 0.44200000166893005, "p_xgb": 0.9834966659545898, "date": "2026-10-08"}}, {"type": "Feature", "geometry": {"type": "Point", "coordinates": [-82.29166666837602, 35.666666667237]}, "properties": {"p_logistic": 0.5163015127182007, "p_rf": 0.4560000002384186, "p_xgb": 0.9891046285629272, "date": "2026-10-08"}}, {"type": "Feature", "geometry": {"type": "Point", "coordinates": [-82.28333333504301, 35.666666667237]}, "properties": {"p_logistic": 0.5157585740089417, "p_rf": 0.4699999988079071, "p_xgb": 0.98886638879776, "date": "2026-10-08"}}, {"type": "Feature", "geometry": {"type": "Point", "coordinates": [-82.86666666835302, 35.658333333904004]}, "properties": {"p_logistic": 0.4576113522052765, "p_rf": 0.8399999737739563, "p_xgb": 0.9938054084777832, "date": "2026-10-08"}}, {"type": "Feature", "geometry": {"type": "Point", "coordinates": [-82.85833333502002, 35.658333333904004]}, "properties": {"p_logistic": 0.46280959248542786, "p_rf": 0.8600000143051147, "p_xgb": 0.9960098266601562, "date": "2026-10-08"}}, {"type": "Feature", "geometry": {"type": "Point", "coordinates": [-82.85000000168702, 35.658333333904004]}, "properties": {"p_logistic": 0.46897217631340027, "p_rf": 0.7620000243186951, "p_xgb": 0.9875279068946838, "date": "2026-10-08"}}, {"type": "Feature", "geometry": {"type": "Point", "coordinates": [-82.84166666835401, 35.658333333904004]}, "properties": {"p_logistic": 0.4710451066493988, "p_rf": 0.7620000243186951, "p_xgb": 0.9878959655761719, "date": "2026-10-08"}}, {"type": "Feature", "geometry": {"type": "Point", "coordinates": [-82.83333333502102, 35.658333333904004]}, "properties": {"p_logistic": 0.47379252314567566, "p_rf": 0.7459999918937683, "p_xgb": 0.9871597290039062, "date": "2026-10-08"}}, {"type": "Feature", "geometry": {"type": "Point", "coordinates": [-82.82500000168801, 35.658333333904004]}, "properties": {"p_logistic": 0.4773269593715668, "p_rf": 0.656000018119812, "p_xgb": 0.9851428866386414, "date": "2026-10-08"}}, {"type": "Feature", "geometry": {"type": "Point", "coordinates": [-82.81666666835503, 35.658333333904004]}, "properties": {"p_logistic": 0.48299556970596313, "p_rf": 0.6439999938011169, "p_xgb": 0.9826073050498962, "date": "2026-10-08"}}, {"type": "Feature", "geometry": {"type": "Point", "coordinates": [-82.80833333502201, 35.658333333904004]}, "properties": {"p_logistic": 0.4884907603263855, "p_rf": 0.6520000100135803, "p_xgb": 0.9826073050498962, "date": "2026-10-08"}}, {"type": "Feature", "geometry": {"type": "Point", "coordinates": [-82.80000000168901, 35.658333333904004]}, "properties": {"p_logistic": 0.49447718262672424, "p_rf": 0.6639999747276306, "p_xgb": 0.9855578541755676, "date": "2026-10-08"}}, {"type": "Feature", "geometry": {"type": "Point", "coordinates": [-82.79166666835602, 35.658333333904004]}, "properties": {"p_logistic": 0.49845296144485474, "p_rf": 0.6660000085830688, "p_xgb": 0.9754339456558228, "date": "2026-10-08"}}, {"type": "Feature", "geometry": {"type": "Point", "coordinates": [-82.78333333502302, 35.658333333904004]}, "properties": {"p_logistic": 0.5008009076118469, "p_rf": 0.6660000085830688, "p_xgb": 0.9748679399490356, "date": "2026-10-08"}}, {"type": "Feature", "geometry": {"type": "Point", "coordinates": [-82.77500000169002, 35.658333333904004]}, "properties": {"p_logistic": 0.5020751357078552, "p_rf": 0.6660000085830688, "p_xgb": 0.9748679399490356, "date": "2026-10-08"}}, {"type": "Feature", "geometry": {"type": "Point", "coordinates": [-82.76666666835702, 35.658333333904004]}, "properties": {"p_logistic": 0.5026063919067383, "p_rf": 0.6639999747276306, "p_xgb": 0.9748679399490356, "date": "2026-10-08"}}, {"type": "Feature", "geometry": {"type": "Point", "coordinates": [-82.75833333502402, 35.658333333904004]}, "properties": {"p_logistic": 0.5028507113456726, "p_rf": 0.6639999747276306, "p_xgb": 0.9748679399490356, "date": "2026-10-08"}}, {"type": "Feature", "geometry": {"type": "Point", "coordinates": [-82.75000000169102, 35.658333333904004]}, "properties": {"p_logistic": 0.50240558385849, "p_rf": 0.6620000004768372, "p_xgb": 0.9723734259605408, "date": "2026-10-08"}}, {"type": "Feature", "geometry": {"type": "Point", "coordinates": [-82.74166666835802, 35.658333333904004]}, "properties": {"p_logistic": 0.5021598935127258, "p_rf": 0.6480000019073486, "p_xgb": 0.970400869846344, "date": "2026-10-08"}}, {"type": "Feature", "geometry": {"type": "Point", "coordinates": [-82.73333333502501, 35.658333333904004]}, "properties": {"p_logistic": 0.5014805197715759, "p_rf": 0.6480000019073486, "p_xgb": 0.970400869846344, "date": "2026-10-08"}}, {"type": "Feature", "geometry": {"type": "Point", "coordinates": [-82.72500000169202, 35.658333333904004]}, "properties": {"p_logistic": 0.4999011158943176, "p_rf": 0.7459999918937683, "p_xgb": 0.9859151840209961, "date": "2026-10-08"}}, {"type": "Feature", "geometry": {"type": "Point", "coordinates": [-82.71666666835901, 35.658333333904004]}, "properties": {"p_logistic": 0.49955978989601135, "p_rf": 0.7599999904632568, "p_xgb": 0.9866587519645691, "date": "2026-10-08"}}, {"type": "Feature", "geometry": {"type": "Point", "coordinates": [-82.70833333502603, 35.658333333904004]}, "properties": {"p_logistic": 0.49988123774528503, "p_rf": 0.7680000066757202, "p_xgb": 0.9866587519645691, "date": "2026-10-08"}}, {"type": "Feature", "geometry": {"type": "Point", "coordinates": [-82.70000000169301, 35.658333333904004]}, "properties": {"p_logistic": 0.4992896616458893, "p_rf": 0.8180000185966492, "p_xgb": 0.9936443567276001, "date": "2026-10-08"}}, {"type": "Feature", "geometry": {"type": "Point", "coordinates": [-82.69166666836001, 35.658333333904004]}, "properties": {"p_logistic": 0.49881353974342346, "p_rf": 0.8759999871253967, "p_xgb": 0.9981043338775635, "date": "2026-10-08"}}, {"type": "Feature", "geometry": {"type": "Point", "coordinates": [-82.68333333502702, 35.658333333904004]}, "properties": {"p_logistic": 0.4989480972290039, "p_rf": 0.8679999709129333, "p_xgb": 0.998059093952179, "date": "2026-10-08"}}, {"type": "Feature", "geometry": {"type": "Point", "coordinates": [-82.67500000169402, 35.658333333904004]}, "properties": {"p_logistic": 0.5002564191818237, "p_rf": 0.8700000047683716, "p_xgb": 0.998059093952179, "date": "2026-10-08"}}, {"type": "Feature", "geometry": {"type": "Point", "coordinates": [-82.66666666836102, 35.658333333904004]}, "properties": {"p_logistic": 0.5013090968132019, "p_rf": 0.8679999709129333, "p_xgb": 0.9977803826332092, "date": "2026-10-08"}}, {"type": "Feature", "geometry": {"type": "Point", "coordinates": [-82.65833333502802, 35.658333333904004]}, "properties": {"p_logistic": 0.5016092658042908, "p_rf": 0.8679999709129333, "p_xgb": 0.9954354166984558, "date": "2026-10-08"}}, {"type": "Feature", "geometry": {"type": "Point", "coordinates": [-82.65000000169502, 35.658333333904004]}, "properties": {"p_logistic": 0.5013859272003174, "p_rf": 0.8399999737739563, "p_xgb": 0.9950128197669983, "date": "2026-10-08"}}, {"type": "Feature", "geometry": {"type": "Point", "coordinates": [-82.64166666836202, 35.658333333904004]}, "properties": {"p_logistic": 0.5002162456512451, "p_rf": 0.843999981880188, "p_xgb": 0.9956747889518738, "date": "2026-10-08"}}, {"type": "Feature", "geometry": {"type": "Point", "coordinates": [-82.63333333502902, 35.658333333904004]}, "properties": {"p_logistic": 0.4993171989917755, "p_rf": 0.8259999752044678, "p_xgb": 0.9956747889518738, "date": "2026-10-08"}}, {"type": "Feature", "geometry": {"type": "Point", "coordinates": [-82.62500000169601, 35.658333333904004]}, "properties": {"p_logistic": 0.49831804633140564, "p_rf": 0.8119999766349792, "p_xgb": 0.9947832226753235, "date": "2026-10-08"}}, {"type": "Feature", "geometry": {"type": "Point", "coordinates": [-82.61666666836302, 35.658333333904004]}, "properties": {"p_logistic": 0.4971122145652771, "p_rf": 0.6779999732971191, "p_xgb": 0.9563730359077454, "date": "2026-10-08"}}, {"type": "Feature", "geometry": {"type": "Point", "coordinates": [-82.60833333503001, 35.658333333904004]}, "properties": {"p_logistic": 0.4951920211315155, "p_rf": 0.7039999961853027, "p_xgb": 0.9703075885772705, "date": "2026-10-08"}}, {"type": "Feature", "geometry": {"type": "Point", "coordinates": [-82.60000000169703, 35.658333333904004]}, "properties": {"p_logistic": 0.4938049018383026, "p_rf": 0.7200000286102295, "p_xgb": 0.9703075885772705, "date": "2026-10-08"}}, {"type": "Feature", "geometry": {"type": "Point", "coordinates": [-82.59166666836401, 35.658333333904004]}, "properties": {"p_logistic": 0.4919488728046417, "p_rf": 0.722000002861023, "p_xgb": 0.9711365103721619, "date": "2026-10-08"}}, {"type": "Feature", "geometry": {"type": "Point", "coordinates": [-82.58333333503101, 35.658333333904004]}, "properties": {"p_logistic": 0.4883967638015747, "p_rf": 0.7039999961853027, "p_xgb": 0.9711365103721619, "date": "2026-10-08"}}, {"type": "Feature", "geometry": {"type": "Point", "coordinates": [-82.57500000169802, 35.658333333904004]}, "properties": {"p_logistic": 0.4840677082538605, "p_rf": 0.7039999961853027, "p_xgb": 0.9711365103721619, "date": "2026-10-08"}}, {"type": "Feature", "geometry": {"type": "Point", "coordinates": [-82.56666666836502, 35.658333333904004]}, "properties": {"p_logistic": 0.4832092225551605, "p_rf": 0.722000002861023, "p_xgb": 0.9695790410041809, "date": "2026-10-08"}}, {"type": "Feature", "geometry": {"type": "Point", "coordinates": [-82.55833333503202, 35.658333333904004]}, "properties": {"p_logistic": 0.4857396185398102, "p_rf": 0.6779999732971191, "p_xgb": 0.9593061208724976, "date": "2026-10-08"}}, {"type": "Feature", "geometry": {"type": "Point", "coordinates": [-82.55000000169902, 35.658333333904004]}, "properties": {"p_logistic": 0.48729729652404785, "p_rf": 0.8199999928474426, "p_xgb": 0.99580317735672, "date": "2026-10-08"}}, {"type": "Feature", "geometry": {"type": "Point", "coordinates": [-82.54166666836602, 35.658333333904004]}, "properties": {"p_logistic": 0.48755306005477905, "p_rf": 0.8320000171661377, "p_xgb": 0.9962100982666016, "date": "2026-10-08"}}, {"type": "Feature", "geometry": {"type": "Point", "coordinates": [-82.53333333503302, 35.658333333904004]}, "properties": {"p_logistic": 0.4849294126033783, "p_rf": 0.8320000171661377, "p_xgb": 0.9962100982666016, "date": "2026-10-08"}}, {"type": "Feature", "geometry": {"type": "Point", "coordinates": [-82.52500000170002, 35.658333333904004]}, "properties": {"p_logistic": 0.48110076785087585, "p_rf": 0.8259999752044678, "p_xgb": 0.9962100982666016, "date": "2026-10-08"}}, {"type": "Feature", "geometry": {"type": "Point", "coordinates": [-82.51666666836701, 35.658333333904004]}, "properties": {"p_logistic": 0.4765051305294037, "p_rf": 0.8320000171661377, "p_xgb": 0.9959211349487305, "date": "2026-10-08"}}, {"type": "Feature", "geometry": {"type": "Point", "coordinates": [-82.50833333503402, 35.658333333904004]}, "properties": {"p_logistic": 0.4732111990451813, "p_rf": 0.843999981880188, "p_xgb": 0.9958102703094482, "date": "2026-10-08"}}, {"type": "Feature", "geometry": {"type": "Point", "coordinates": [-82.50000000170101, 35.658333333904004]}, "properties": {"p_logistic": 0.47091081738471985, "p_rf": 0.8379999995231628, "p_xgb": 0.9933820962905884, "date": "2026-10-08"}}, {"type": "Feature", "geometry": {"type": "Point", "coordinates": [-82.49166666836803, 35.658333333904004]}, "properties": {"p_logistic": 0.4660702645778656, "p_rf": 0.8539999723434448, "p_xgb": 0.9944571256637573, "date": "2026-10-08"}}, {"type": "Feature", "geometry": {"type": "Point", "coordinates": [-82.48333333503501, 35.658333333904004]}, "properties": {"p_logistic": 0.4571952223777771, "p_rf": 0.8539999723434448, "p_xgb": 0.9964525699615479, "date": "2026-10-08"}}, {"type": "Feature", "geometry": {"type": "Point", "coordinates": [-82.47500000170201, 35.658333333904004]}, "properties": {"p_logistic": 0.46003684401512146, "p_rf": 0.7960000038146973, "p_xgb": 0.9976162910461426, "date": "2026-10-08"}}, {"type": "Feature", "geometry": {"type": "Point", "coordinates": [-82.46666666836902, 35.658333333904004]}, "properties": {"p_logistic": 0.4613474905490875, "p_rf": 0.7400000095367432, "p_xgb": 0.9927041530609131, "date": "2026-10-08"}}, {"type": "Feature", "geometry": {"type": "Point", "coordinates": [-82.45833333503602, 35.658333333904004]}, "properties": {"p_logistic": 0.4636375308036804, "p_rf": 0.6620000004768372, "p_xgb": 0.9919569492340088, "date": "2026-10-08"}}, {"type": "Feature", "geometry": {"type": "Point", "coordinates": [-82.45000000170302, 35.658333333904004]}, "properties": {"p_logistic": 0.4659169912338257, "p_rf": 0.6919999718666077, "p_xgb": 0.9946184754371643, "date": "2026-10-08"}}, {"type": "Feature", "geometry": {"type": "Point", "coordinates": [-82.44166666837002, 35.658333333904004]}, "properties": {"p_logistic": 0.4687209129333496, "p_rf": 0.6620000004768372, "p_xgb": 0.9893914461135864, "date": "2026-10-08"}}, {"type": "Feature", "geometry": {"type": "Point", "coordinates": [-82.43333333503702, 35.658333333904004]}, "properties": {"p_logistic": 0.4726009964942932, "p_rf": 0.6880000233650208, "p_xgb": 0.9768666625022888, "date": "2026-10-08"}}, {"type": "Feature", "geometry": {"type": "Point", "coordinates": [-82.42500000170402, 35.658333333904004]}, "properties": {"p_logistic": 0.4765627682209015, "p_rf": 0.7379999756813049, "p_xgb": 0.9830927848815918, "date": "2026-10-08"}}, {"type": "Feature", "geometry": {"type": "Point", "coordinates": [-82.41666666837102, 35.658333333904004]}, "properties": {"p_logistic": 0.47738727927207947, "p_rf": 0.7599999904632568, "p_xgb": 0.9829907417297363, "date": "2026-10-08"}}, {"type": "Feature", "geometry": {"type": "Point", "coordinates": [-82.40833333503801, 35.658333333904004]}, "properties": {"p_logistic": 0.47243592143058777, "p_rf": 0.6880000233650208, "p_xgb": 0.9762616157531738, "date": "2026-10-08"}}, {"type": "Feature", "geometry": {"type": "Point", "coordinates": [-82.40000000170502, 35.658333333904004]}, "properties": {"p_logistic": 0.4555675983428955, "p_rf": 0.7179999947547913, "p_xgb": 0.9863088726997375, "date": "2026-10-08"}}, {"type": "Feature", "geometry": {"type": "Point", "coordinates": [-82.39166666837201, 35.658333333904004]}, "properties": {"p_logistic": 0.43963316082954407, "p_rf": 0.7480000257492065, "p_xgb": 0.9898399114608765, "date": "2026-10-08"}}, {"type": "Feature", "geometry": {"type": "Point", "coordinates": [-82.38333333503903, 35.658333333904004]}, "properties": {"p_logistic": 0.455912321805954, "p_rf": 0.6520000100135803, "p_xgb": 0.986676037311554, "date": "2026-10-08"}}, {"type": "Feature", "geometry": {"type": "Point", "coordinates": [-82.37500000170601, 35.658333333904004]}, "properties": {"p_logistic": 0.46456167101860046, "p_rf": 0.6919999718666077, "p_xgb": 0.9914305806159973, "date": "2026-10-08"}}, {"type": "Feature", "geometry": {"type": "Point", "coordinates": [-82.36666666837301, 35.658333333904004]}, "properties": {"p_logistic": 0.47126850485801697, "p_rf": 0.6639999747276306, "p_xgb": 0.986117422580719, "date": "2026-10-08"}}, {"type": "Feature", "geometry": {"type": "Point", "coordinates": [-82.35833333504002, 35.658333333904004]}, "properties": {"p_logistic": 0.47254323959350586, "p_rf": 0.7039999961853027, "p_xgb": 0.9836724400520325, "date": "2026-10-08"}}, {"type": "Feature", "geometry": {"type": "Point", "coordinates": [-82.35000000170702, 35.658333333904004]}, "properties": {"p_logistic": 0.47136804461479187, "p_rf": 0.7020000219345093, "p_xgb": 0.981178343296051, "date": "2026-10-08"}}, {"type": "Feature", "geometry": {"type": "Point", "coordinates": [-82.34166666837402, 35.658333333904004]}, "properties": {"p_logistic": 0.4710906147956848, "p_rf": 0.7020000219345093, "p_xgb": 0.9850954413414001, "date": "2026-10-08"}}, {"type": "Feature", "geometry": {"type": "Point", "coordinates": [-82.33333333504102, 35.658333333904004]}, "properties": {"p_logistic": 0.47200971841812134, "p_rf": 0.7039999961853027, "p_xgb": 0.98553466796875, "date": "2026-10-08"}}, {"type": "Feature", "geometry": {"type": "Point", "coordinates": [-82.32500000170802, 35.658333333904004]}, "properties": {"p_logistic": 0.475009948015213, "p_rf": 0.6959999799728394, "p_xgb": 0.9698449373245239, "date": "2026-10-08"}}, {"type": "Feature", "geometry": {"type": "Point", "coordinates": [-82.31666666837502, 35.658333333904004]}, "properties": {"p_logistic": 0.4858782887458801, "p_rf": 0.7720000147819519, "p_xgb": 0.9949373006820679, "date": "2026-10-08"}}, {"type": "Feature", "geometry": {"type": "Point", "coordinates": [-82.30833333504202, 35.658333333904004]}, "properties": {"p_logistic": 0.4990510940551758, "p_rf": 0.5320000052452087, "p_xgb": 0.9895841479301453, "date": "2026-10-08"}}, {"type": "Feature", "geometry": {"type": "Point", "coordinates": [-82.30000000170901, 35.658333333904004]}, "properties": {"p_logistic": 0.5056428909301758, "p_rf": 0.4580000042915344, "p_xgb": 0.9907774925231934, "date": "2026-10-08"}}, {"type": "Feature", "geometry": {"type": "Point", "coordinates": [-82.29166666837602, 35.658333333904004]}, "properties": {"p_logistic": 0.5057476162910461, "p_rf": 0.4480000138282776, "p_xgb": 0.989852249622345, "date": "2026-10-08"}}, {"type": "Feature", "geometry": {"type": "Point", "coordinates": [-82.86666666835302, 35.650000000571005]}, "properties": {"p_logistic": 0.4542706310749054, "p_rf": 0.843999981880188, "p_xgb": 0.9943882822990417, "date": "2026-10-08"}}, {"type": "Feature", "geometry": {"type": "Point", "coordinates": [-82.85833333502002, 35.650000000571005]}, "properties": {"p_logistic": 0.4600856602191925, "p_rf": 0.8759999871253967, "p_xgb": 0.9982289671897888, "date": "2026-10-08"}}, {"type": "Feature", "geometry": {"type": "Point", "coordinates": [-82.85000000168702, 35.650000000571005]}, "properties": {"p_logistic": 0.46429628133773804, "p_rf": 0.8059999942779541, "p_xgb": 0.993926465511322, "date": "2026-10-08"}}, {"type": "Feature", "geometry": {"type": "Point", "coordinates": [-82.84166666835401, 35.650000000571005]}, "properties": {"p_logistic": 0.4668198525905609, "p_rf": 0.7680000066757202, "p_xgb": 0.987978458404541, "date": "2026-10-08"}}, {"type": "Feature", "geometry": {"type": "Point", "coordinates": [-82.83333333502102, 35.650000000571005]}, "properties": {"p_logistic": 0.4697917401790619, "p_rf": 0.7620000243186951, "p_xgb": 0.9875279068946838, "date": "2026-10-08"}}, {"type": "Feature", "geometry": {"type": "Point", "coordinates": [-82.82500000168801, 35.650000000571005]}, "properties": {"p_logistic": 0.47463318705558777, "p_rf": 0.7480000257492065, "p_xgb": 0.9878959655761719, "date": "2026-10-08"}}, {"type": "Feature", "geometry": {"type": "Point", "coordinates": [-82.81666666835503, 35.650000000571005]}, "properties": {"p_logistic": 0.4798344373703003, "p_rf": 0.7419999837875366, "p_xgb": 0.986599326133728, "date": "2026-10-08"}}, {"type": "Feature", "geometry": {"type": "Point", "coordinates": [-82.80833333502201, 35.650000000571005]}, "properties": {"p_logistic": 0.48579540848731995, "p_rf": 0.671999990940094, "p_xgb": 0.9747353792190552, "date": "2026-10-08"}}, {"type": "Feature", "geometry": {"type": "Point", "coordinates": [-82.80000000168901, 35.650000000571005]}, "properties": {"p_logistic": 0.49060165882110596, "p_rf": 0.6700000166893005, "p_xgb": 0.9732945561408997, "date": "2026-10-08"}}, {"type": "Feature", "geometry": {"type": "Point", "coordinates": [-82.79166666835602, 35.650000000571005]}, "properties": {"p_logistic": 0.49397188425064087, "p_rf": 0.656000018119812, "p_xgb": 0.9741538166999817, "date": "2026-10-08"}}, {"type": "Feature", "geometry": {"type": "Point", "coordinates": [-82.78333333502302, 35.650000000571005]}, "properties": {"p_logistic": 0.4958624541759491, "p_rf": 0.671999990940094, "p_xgb": 0.9741538166999817, "date": "2026-10-08"}}, {"type": "Feature", "geometry": {"type": "Point", "coordinates": [-82.77500000169002, 35.650000000571005]}, "properties": {"p_logistic": 0.4974762797355652, "p_rf": 0.6759999990463257, "p_xgb": 0.9741538166999817, "date": "2026-10-08"}}, {"type": "Feature", "geometry": {"type": "Point", "coordinates": [-82.76666666835702, 35.650000000571005]}, "properties": {"p_logistic": 0.4974680244922638, "p_rf": 0.6819999814033508, "p_xgb": 0.9741538166999817, "date": "2026-10-08"}}, {"type": "Feature", "geometry": {"type": "Point", "coordinates": [-82.75833333502402, 35.650000000571005]}, "properties": {"p_logistic": 0.49718010425567627, "p_rf": 0.6759999990463257, "p_xgb": 0.9741538166999817, "date": "2026-10-08"}}, {"type": "Feature", "geometry": {"type": "Point", "coordinates": [-82.75000000169102, 35.650000000571005]}, "properties": {"p_logistic": 0.4961877167224884, "p_rf": 0.7400000095367432, "p_xgb": 0.9750754237174988, "date": "2026-10-08"}}, {"type": "Feature", "geometry": {"type": "Point", "coordinates": [-82.74166666835802, 35.650000000571005]}, "properties": {"p_logistic": 0.49546706676483154, "p_rf": 0.7480000257492065, "p_xgb": 0.9848159551620483, "date": "2026-10-08"}}, {"type": "Feature", "geometry": {"type": "Point", "coordinates": [-82.73333333502501, 35.650000000571005]}, "properties": {"p_logistic": 0.49441763758659363, "p_rf": 0.7620000243186951, "p_xgb": 0.9863185882568359, "date": "2026-10-08"}}, {"type": "Feature", "geometry": {"type": "Point", "coordinates": [-82.72500000169202, 35.650000000571005]}, "properties": {"p_logistic": 0.493512898683548, "p_rf": 0.800000011920929, "p_xgb": 0.9927655458450317, "date": "2026-10-08"}}, {"type": "Feature", "geometry": {"type": "Point", "coordinates": [-82.71666666835901, 35.650000000571005]}, "properties": {"p_logistic": 0.492910236120224, "p_rf": 0.8259999752044678, "p_xgb": 0.9932552576065063, "date": "2026-10-08"}}, {"type": "Feature", "geometry": {"type": "Point", "coordinates": [-82.70833333502603, 35.650000000571005]}, "properties": {"p_logistic": 0.4938525855541229, "p_rf": 0.8659999966621399, "p_xgb": 0.9959762692451477, "date": "2026-10-08"}}, {"type": "Feature", "geometry": {"type": "Point", "coordinates": [-82.70000000169301, 35.650000000571005]}, "properties": {"p_logistic": 0.4942869544029236, "p_rf": 0.8679999709129333, "p_xgb": 0.9981098175048828, "date": "2026-10-08"}}, {"type": "Feature", "geometry": {"type": "Point", "coordinates": [-82.69166666836001, 35.650000000571005]}, "properties": {"p_logistic": 0.4934312105178833, "p_rf": 0.8220000267028809, "p_xgb": 0.9948091506958008, "date": "2026-10-08"}}, {"type": "Feature", "geometry": {"type": "Point", "coordinates": [-82.68333333502702, 35.650000000571005]}, "properties": {"p_logistic": 0.49437376856803894, "p_rf": 0.8059999942779541, "p_xgb": 0.9744171500205994, "date": "2026-10-08"}}, {"type": "Feature", "geometry": {"type": "Point", "coordinates": [-82.67500000169402, 35.650000000571005]}, "properties": {"p_logistic": 0.49607986211776733, "p_rf": 0.6779999732971191, "p_xgb": 0.9614723920822144, "date": "2026-10-08"}}, {"type": "Feature", "geometry": {"type": "Point", "coordinates": [-82.66666666836102, 35.650000000571005]}, "properties": {"p_logistic": 0.4966432750225067, "p_rf": 0.6779999732971191, "p_xgb": 0.9614723920822144, "date": "2026-10-08"}}, {"type": "Feature", "geometry": {"type": "Point", "coordinates": [-82.65833333502802, 35.650000000571005]}, "properties": {"p_logistic": 0.4967045783996582, "p_rf": 0.6779999732971191, "p_xgb": 0.9614723920822144, "date": "2026-10-08"}}, {"type": "Feature", "geometry": {"type": "Point", "coordinates": [-82.65000000169502, 35.650000000571005]}, "properties": {"p_logistic": 0.4968407452106476, "p_rf": 0.8059999942779541, "p_xgb": 0.9757330417633057, "date": "2026-10-08"}}, {"type": "Feature", "geometry": {"type": "Point", "coordinates": [-82.64166666836202, 35.650000000571005]}, "properties": {"p_logistic": 0.49654194712638855, "p_rf": 0.6819999814033508, "p_xgb": 0.9614723920822144, "date": "2026-10-08"}}, {"type": "Feature", "geometry": {"type": "Point", "coordinates": [-82.63333333502902, 35.650000000571005]}, "properties": {"p_logistic": 0.49658340215682983, "p_rf": 0.6779999732971191, "p_xgb": 0.9563730359077454, "date": "2026-10-08"}}, {"type": "Feature", "geometry": {"type": "Point", "coordinates": [-82.62500000169601, 35.650000000571005]}, "properties": {"p_logistic": 0.496163547039032, "p_rf": 0.6779999732971191, "p_xgb": 0.9563730359077454, "date": "2026-10-08"}}, {"type": "Feature", "geometry": {"type": "Point", "coordinates": [-82.61666666836302, 35.650000000571005]}, "properties": {"p_logistic": 0.4953809380531311, "p_rf": 0.6859999895095825, "p_xgb": 0.9703075885772705, "date": "2026-10-08"}}, {"type": "Feature", "geometry": {"type": "Point", "coordinates": [-82.60833333503001, 35.650000000571005]}, "properties": {"p_logistic": 0.4938901364803314, "p_rf": 0.7179999947547913, "p_xgb": 0.9703075885772705, "date": "2026-10-08"}}, {"type": "Feature", "geometry": {"type": "Point", "coordinates": [-82.60000000169703, 35.650000000571005]}, "properties": {"p_logistic": 0.4925667941570282, "p_rf": 0.7020000219345093, "p_xgb": 0.9711365103721619, "date": "2026-10-08"}}, {"type": "Feature", "geometry": {"type": "Point", "coordinates": [-82.59166666836401, 35.650000000571005]}, "properties": {"p_logistic": 0.4913922846317291, "p_rf": 0.7039999961853027, "p_xgb": 0.9711365103721619, "date": "2026-10-08"}}, {"type": "Feature", "geometry": {"type": "Point", "coordinates": [-82.58333333503101, 35.650000000571005]}, "properties": {"p_logistic": 0.48932522535324097, "p_rf": 0.7059999704360962, "p_xgb": 0.9711365103721619, "date": "2026-10-08"}}, {"type": "Feature", "geometry": {"type": "Point", "coordinates": [-82.57500000169802, 35.650000000571005]}, "properties": {"p_logistic": 0.48670515418052673, "p_rf": 0.7059999704360962, "p_xgb": 0.9711365103721619, "date": "2026-10-08"}}, {"type": "Feature", "geometry": {"type": "Point", "coordinates": [-82.56666666836502, 35.650000000571005]}, "properties": {"p_logistic": 0.48361480236053467, "p_rf": 0.7059999704360962, "p_xgb": 0.9711365103721619, "date": "2026-10-08"}}, {"type": "Feature", "geometry": {"type": "Point", "coordinates": [-82.55833333503202, 35.650000000571005]}, "properties": {"p_logistic": 0.48433536291122437, "p_rf": 0.7020000219345093, "p_xgb": 0.9690641760826111, "date": "2026-10-08"}}, {"type": "Feature", "geometry": {"type": "Point", "coordinates": [-82.55000000169902, 35.650000000571005]}, "properties": {"p_logistic": 0.4862521290779114, "p_rf": 0.6759999990463257, "p_xgb": 0.9520692825317383, "date": "2026-10-08"}}, {"type": "Feature", "geometry": {"type": "Point", "coordinates": [-82.54166666836602, 35.650000000571005]}, "properties": {"p_logistic": 0.48686638474464417, "p_rf": 0.6779999732971191, "p_xgb": 0.9633515477180481, "date": "2026-10-08"}}, {"type": "Feature", "geometry": {"type": "Point", "coordinates": [-82.53333333503302, 35.650000000571005]}, "properties": {"p_logistic": 0.48543861508369446, "p_rf": 0.8119999766349792, "p_xgb": 0.9954283237457275, "date": "2026-10-08"}}, {"type": "Feature", "geometry": {"type": "Point", "coordinates": [-82.52500000170002, 35.650000000571005]}, "properties": {"p_logistic": 0.4821181297302246, "p_rf": 0.8199999928474426, "p_xgb": 0.9952729344367981, "date": "2026-10-08"}}, {"type": "Feature", "geometry": {"type": "Point", "coordinates": [-82.51666666836701, 35.650000000571005]}, "properties": {"p_logistic": 0.47873398661613464, "p_rf": 0.8220000267028809, "p_xgb": 0.9955006241798401, "date": "2026-10-08"}}, {"type": "Feature", "geometry": {"type": "Point", "coordinates": [-82.50833333503402, 35.650000000571005]}, "properties": {"p_logistic": 0.47458335757255554, "p_rf": 0.8259999752044678, "p_xgb": 0.9968309998512268, "date": "2026-10-08"}}, {"type": "Feature", "geometry": {"type": "Point", "coordinates": [-82.50000000170101, 35.650000000571005]}, "properties": {"p_logistic": 0.471076101064682, "p_rf": 0.843999981880188, "p_xgb": 0.9945144653320312, "date": "2026-10-08"}}, {"type": "Feature", "geometry": {"type": "Point", "coordinates": [-82.49166666836803, 35.650000000571005]}, "properties": {"p_logistic": 0.46453502774238586, "p_rf": 0.8460000157356262, "p_xgb": 0.9943373799324036, "date": "2026-10-08"}}, {"type": "Feature", "geometry": {"type": "Point", "coordinates": [-82.48333333503501, 35.650000000571005]}, "properties": {"p_logistic": 0.4591505527496338, "p_rf": 0.8679999709129333, "p_xgb": 0.9992673993110657, "date": "2026-10-08"}}, {"type": "Feature", "geometry": {"type": "Point", "coordinates": [-82.47500000170201, 35.650000000571005]}, "properties": {"p_logistic": 0.46473249793052673, "p_rf": 0.7599999904632568, "p_xgb": 0.9909494519233704, "date": "2026-10-08"}}, {"type": "Feature", "geometry": {"type": "Point", "coordinates": [-82.46666666836902, 35.650000000571005]}, "properties": {"p_logistic": 0.4674593508243561, "p_rf": 0.6499999761581421, "p_xgb": 0.9854167103767395, "date": "2026-10-08"}}, {"type": "Feature", "geometry": {"type": "Point", "coordinates": [-82.45833333503602, 35.650000000571005]}, "properties": {"p_logistic": 0.4692152440547943, "p_rf": 0.6880000233650208, "p_xgb": 0.9914305806159973, "date": "2026-10-08"}}, {"type": "Feature", "geometry": {"type": "Point", "coordinates": [-82.45000000170302, 35.650000000571005]}, "properties": {"p_logistic": 0.4718720018863678, "p_rf": 0.6740000247955322, "p_xgb": 0.986117422580719, "date": "2026-10-08"}}, {"type": "Feature", "geometry": {"type": "Point", "coordinates": [-82.44166666837002, 35.650000000571005]}, "properties": {"p_logistic": 0.4761013984680176, "p_rf": 0.6919999718666077, "p_xgb": 0.9698449373245239, "date": "2026-10-08"}}, {"type": "Feature", "geometry": {"type": "Point", "coordinates": [-82.43333333503702, 35.650000000571005]}, "properties": {"p_logistic": 0.4813714921474457, "p_rf": 0.7720000147819519, "p_xgb": 0.9943966865539551, "date": "2026-10-08"}}, {"type": "Feature", "geometry": {"type": "Point", "coordinates": [-82.42500000170402, 35.650000000571005]}, "properties": {"p_logistic": 0.48560070991516113, "p_rf": 0.5619999766349792, "p_xgb": 0.9875125288963318, "date": "2026-10-08"}}, {"type": "Feature", "geometry": {"type": "Point", "coordinates": [-82.41666666837102, 35.650000000571005]}, "properties": {"p_logistic": 0.48686569929122925, "p_rf": 0.5619999766349792, "p_xgb": 0.9805561900138855, "date": "2026-10-08"}}, {"type": "Feature", "geometry": {"type": "Point", "coordinates": [-82.40833333503801, 35.650000000571005]}, "properties": {"p_logistic": 0.4806501567363739, "p_rf": 0.7559999823570251, "p_xgb": 0.9926859140396118, "date": "2026-10-08"}}, {"type": "Feature", "geometry": {"type": "Point", "coordinates": [-82.40000000170502, 35.650000000571005]}, "properties": {"p_logistic": 0.46333202719688416, "p_rf": 0.6980000138282776, "p_xgb": 0.9738141894340515, "date": "2026-10-08"}}, {"type": "Feature", "geometry": {"type": "Point", "coordinates": [-82.39166666837201, 35.650000000571005]}, "properties": {"p_logistic": 0.4426535367965698, "p_rf": 0.7139999866485596, "p_xgb": 0.9867995381355286, "date": "2026-10-08"}}, {"type": "Feature", "geometry": {"type": "Point", "coordinates": [-82.38333333503903, 35.650000000571005]}, "properties": {"p_logistic": 0.42965659499168396, "p_rf": 0.6480000019073486, "p_xgb": 0.9765393733978271, "date": "2026-10-08"}}, {"type": "Feature", "geometry": {"type": "Point", "coordinates": [-82.37500000170601, 35.650000000571005]}, "properties": {"p_logistic": 0.44114863872528076, "p_rf": 0.6859999895095825, "p_xgb": 0.9820724129676819, "date": "2026-10-08"}}, {"type": "Feature", "geometry": {"type": "Point", "coordinates": [-82.36666666837301, 35.650000000571005]}, "properties": {"p_logistic": 0.45311442017555237, "p_rf": 0.6759999990463257, "p_xgb": 0.9817984700202942, "date": "2026-10-08"}}, {"type": "Feature", "geometry": {"type": "Point", "coordinates": [-82.35833333504002, 35.650000000571005]}, "properties": {"p_logistic": 0.4588482975959778, "p_rf": 0.6660000085830688, "p_xgb": 0.9805824160575867, "date": "2026-10-08"}}, {"type": "Feature", "geometry": {"type": "Point", "coordinates": [-82.35000000170702, 35.650000000571005]}, "properties": {"p_logistic": 0.46144092082977295, "p_rf": 0.6740000247955322, "p_xgb": 0.9805824160575867, "date": "2026-10-08"}}, {"type": "Feature", "geometry": {"type": "Point", "coordinates": [-82.34166666837402, 35.650000000571005]}, "properties": {"p_logistic": 0.46431949734687805, "p_rf": 0.6740000247955322, "p_xgb": 0.9834697842597961, "date": "2026-10-08"}}, {"type": "Feature", "geometry": {"type": "Point", "coordinates": [-82.33333333504102, 35.650000000571005]}, "properties": {"p_logistic": 0.4665122628211975, "p_rf": 0.6660000085830688, "p_xgb": 0.9849667549133301, "date": "2026-10-08"}}, {"type": "Feature", "geometry": {"type": "Point", "coordinates": [-82.32500000170802, 35.650000000571005]}, "properties": {"p_logistic": 0.46944814920425415, "p_rf": 0.7020000219345093, "p_xgb": 0.9871856570243835, "date": "2026-10-08"}}, {"type": "Feature", "geometry": {"type": "Point", "coordinates": [-82.31666666837502, 35.650000000571005]}, "properties": {"p_logistic": 0.4802747368812561, "p_rf": 0.7020000219345093, "p_xgb": 0.9804267883300781, "date": "2026-10-08"}}, {"type": "Feature", "geometry": {"type": "Point", "coordinates": [-82.30833333504202, 35.650000000571005]}, "properties": {"p_logistic": 0.49352967739105225, "p_rf": 0.5720000267028809, "p_xgb": 0.992274820804596, "date": "2026-10-08"}}, {"type": "Feature", "geometry": {"type": "Point", "coordinates": [-82.30000000170901, 35.650000000571005]}, "properties": {"p_logistic": 0.49938467144966125, "p_rf": 0.5040000081062317, "p_xgb": 0.9913559556007385, "date": "2026-10-08"}}, {"type": "Feature", "geometry": {"type": "Point", "coordinates": [-82.29166666837602, 35.650000000571005]}, "properties": {"p_logistic": 0.49928373098373413, "p_rf": 0.45399999618530273, "p_xgb": 0.9867321848869324, "date": "2026-10-08"}}, {"type": "Feature", "geometry": {"type": "Point", "coordinates": [-82.86666666835302, 35.641666667238006]}, "properties": {"p_logistic": 0.45415642857551575, "p_rf": 0.8259999752044678, "p_xgb": 0.992780864238739, "date": "2026-10-08"}}, {"type": "Feature", "geometry": {"type": "Point", "coordinates": [-82.85833333502002, 35.641666667238006]}, "properties": {"p_logistic": 0.45926526188850403, "p_rf": 0.8679999709129333, "p_xgb": 0.9977927207946777, "date": "2026-10-08"}}, {"type": "Feature", "geometry": {"type": "Point", "coordinates": [-82.85000000168702, 35.641666667238006]}, "properties": {"p_logistic": 0.46304208040237427, "p_rf": 0.8180000185966492, "p_xgb": 0.993926465511322, "date": "2026-10-08"}}, {"type": "Feature", "geometry": {"type": "Point", "coordinates": [-82.84166666835401, 35.641666667238006]}, "properties": {"p_logistic": 0.4648127257823944, "p_rf": 0.800000011920929, "p_xgb": 0.9932042360305786, "date": "2026-10-08"}}, {"type": "Feature", "geometry": {"type": "Point", "coordinates": [-82.83333333502102, 35.641666667238006]}, "properties": {"p_logistic": 0.46867334842681885, "p_rf": 0.7599999904632568, "p_xgb": 0.987978458404541, "date": "2026-10-08"}}, {"type": "Feature", "geometry": {"type": "Point", "coordinates": [-82.82500000168801, 35.641666667238006]}, "properties": {"p_logistic": 0.47372397780418396, "p_rf": 0.7480000257492065, "p_xgb": 0.9878959655761719, "date": "2026-10-08"}}, {"type": "Feature", "geometry": {"type": "Point", "coordinates": [-82.81666666835503, 35.641666667238006]}, "properties": {"p_logistic": 0.4799005091190338, "p_rf": 0.7480000257492065, "p_xgb": 0.9878959655761719, "date": "2026-10-08"}}, {"type": "Feature", "geometry": {"type": "Point", "coordinates": [-82.80833333502201, 35.641666667238006]}, "properties": {"p_logistic": 0.485811322927475, "p_rf": 0.7480000257492065, "p_xgb": 0.9781946539878845, "date": "2026-10-08"}}, {"type": "Feature", "geometry": {"type": "Point", "coordinates": [-82.80000000168901, 35.641666667238006]}, "properties": {"p_logistic": 0.49010172486305237, "p_rf": 0.7480000257492065, "p_xgb": 0.9781946539878845, "date": "2026-10-08"}}, {"type": "Feature", "geometry": {"type": "Point", "coordinates": [-82.79166666835602, 35.641666667238006]}, "properties": {"p_logistic": 0.49370434880256653, "p_rf": 0.75, "p_xgb": 0.9788997769355774, "date": "2026-10-08"}}, {"type": "Feature", "geometry": {"type": "Point", "coordinates": [-82.78333333502302, 35.641666667238006]}, "properties": {"p_logistic": 0.49533405900001526, "p_rf": 0.7599999904632568, "p_xgb": 0.9860364198684692, "date": "2026-10-08"}}, {"type": "Feature", "geometry": {"type": "Point", "coordinates": [-82.77500000169002, 35.641666667238006]}, "properties": {"p_logistic": 0.4966907501220703, "p_rf": 0.7599999904632568, "p_xgb": 0.9860364198684692, "date": "2026-10-08"}}, {"type": "Feature", "geometry": {"type": "Point", "coordinates": [-82.76666666835702, 35.641666667238006]}, "properties": {"p_logistic": 0.49622389674186707, "p_rf": 0.7599999904632568, "p_xgb": 0.9860364198684692, "date": "2026-10-08"}}, {"type": "Feature", "geometry": {"type": "Point", "coordinates": [-82.75833333502402, 35.641666667238006]}, "properties": {"p_logistic": 0.49500158429145813, "p_rf": 0.7620000243186951, "p_xgb": 0.9865401387214661, "date": "2026-10-08"}}, {"type": "Feature", "geometry": {"type": "Point", "coordinates": [-82.75000000169102, 35.641666667238006]}, "properties": {"p_logistic": 0.49250006675720215, "p_rf": 0.7599999904632568, "p_xgb": 0.9863185882568359, "date": "2026-10-08"}}, {"type": "Feature", "geometry": {"type": "Point", "coordinates": [-82.74166666835802, 35.641666667238006]}, "properties": {"p_logistic": 0.4902353286743164, "p_rf": 0.800000011920929, "p_xgb": 0.9922602772712708, "date": "2026-10-08"}}, {"type": "Feature", "geometry": {"type": "Point", "coordinates": [-82.73333333502501, 35.641666667238006]}, "properties": {"p_logistic": 0.4890609681606293, "p_rf": 0.8180000185966492, "p_xgb": 0.9930821061134338, "date": "2026-10-08"}}, {"type": "Feature", "geometry": {"type": "Point", "coordinates": [-82.72500000169202, 35.641666667238006]}, "properties": {"p_logistic": 0.48807984590530396, "p_rf": 0.8679999709129333, "p_xgb": 0.9959062337875366, "date": "2026-10-08"}}, {"type": "Feature", "geometry": {"type": "Point", "coordinates": [-82.71666666835901, 35.641666667238006]}, "properties": {"p_logistic": 0.4876212477684021, "p_rf": 0.8700000047683716, "p_xgb": 0.9979935884475708, "date": "2026-10-08"}}, {"type": "Feature", "geometry": {"type": "Point", "coordinates": [-82.70833333502603, 35.641666667238006]}, "properties": {"p_logistic": 0.48877352476119995, "p_rf": 0.8460000157356262, "p_xgb": 0.9963510036468506, "date": "2026-10-08"}}, {"type": "Feature", "geometry": {"type": "Point", "coordinates": [-82.70000000169301, 35.641666667238006]}, "properties": {"p_logistic": 0.4897574782371521, "p_rf": 0.8199999928474426, "p_xgb": 0.9956940412521362, "date": "2026-10-08"}}, {"type": "Feature", "geometry": {"type": "Point", "coordinates": [-82.69166666836001, 35.641666667238006]}, "properties": {"p_logistic": 0.4904550611972809, "p_rf": 0.6759999990463257, "p_xgb": 0.9540566802024841, "date": "2026-10-08"}}, {"type": "Feature", "geometry": {"type": "Point", "coordinates": [-82.68333333502702, 35.641666667238006]}, "properties": {"p_logistic": 0.4925607442855835, "p_rf": 0.7139999866485596, "p_xgb": 0.9703075885772705, "date": "2026-10-08"}}, {"type": "Feature", "geometry": {"type": "Point", "coordinates": [-82.67500000169402, 35.641666667238006]}, "properties": {"p_logistic": 0.49420857429504395, "p_rf": 0.7179999947547913, "p_xgb": 0.9703075885772705, "date": "2026-10-08"}}, {"type": "Feature", "geometry": {"type": "Point", "coordinates": [-82.66666666836102, 35.641666667238006]}, "properties": {"p_logistic": 0.49454689025878906, "p_rf": 0.7179999947547913, "p_xgb": 0.9703075885772705, "date": "2026-10-08"}}, {"type": "Feature", "geometry": {"type": "Point", "coordinates": [-82.65833333502802, 35.641666667238006]}, "properties": {"p_logistic": 0.49414563179016113, "p_rf": 0.7139999866485596, "p_xgb": 0.9703075885772705, "date": "2026-10-08"}}, {"type": "Feature", "geometry": {"type": "Point", "coordinates": [-82.65000000169502, 35.641666667238006]}, "properties": {"p_logistic": 0.4936310946941376, "p_rf": 0.7039999961853027, "p_xgb": 0.9703075885772705, "date": "2026-10-08"}}, {"type": "Feature", "geometry": {"type": "Point", "coordinates": [-82.64166666836202, 35.641666667238006]}, "properties": {"p_logistic": 0.49361035227775574, "p_rf": 0.7039999961853027, "p_xgb": 0.9703075885772705, "date": "2026-10-08"}}, {"type": "Feature", "geometry": {"type": "Point", "coordinates": [-82.63333333502902, 35.641666667238006]}, "properties": {"p_logistic": 0.49368563294410706, "p_rf": 0.6859999895095825, "p_xgb": 0.9703075885772705, "date": "2026-10-08"}}, {"type": "Feature", "geometry": {"type": "Point", "coordinates": [-82.62500000169601, 35.641666667238006]}, "properties": {"p_logistic": 0.49374642968177795, "p_rf": 0.7039999961853027, "p_xgb": 0.9703075885772705, "date": "2026-10-08"}}, {"type": "Feature", "geometry": {"type": "Point", "coordinates": [-82.61666666836302, 35.641666667238006]}, "properties": {"p_logistic": 0.49338364601135254, "p_rf": 0.7200000286102295, "p_xgb": 0.9703075885772705, "date": "2026-10-08"}}, {"type": "Feature", "geometry": {"type": "Point", "coordinates": [-82.60833333503001, 35.641666667238006]}, "properties": {"p_logistic": 0.4925038516521454, "p_rf": 0.7020000219345093, "p_xgb": 0.9711365103721619, "date": "2026-10-08"}}, {"type": "Feature", "geometry": {"type": "Point", "coordinates": [-82.60000000169703, 35.641666667238006]}, "properties": {"p_logistic": 0.4912812113761902, "p_rf": 0.7039999961853027, "p_xgb": 0.9711365103721619, "date": "2026-10-08"}}, {"type": "Feature", "geometry": {"type": "Point", "coordinates": [-82.59166666836401, 35.641666667238006]}, "properties": {"p_logistic": 0.4902494251728058, "p_rf": 0.7059999704360962, "p_xgb": 0.9711365103721619, "date": "2026-10-08"}}, {"type": "Feature", "geometry": {"type": "Point", "coordinates": [-82.58333333503101, 35.641666667238006]}, "properties": {"p_logistic": 0.4893050491809845, "p_rf": 0.7080000042915344, "p_xgb": 0.9711365103721619, "date": "2026-10-08"}}, {"type": "Feature", "geometry": {"type": "Point", "coordinates": [-82.57500000169802, 35.641666667238006]}, "properties": {"p_logistic": 0.4868617057800293, "p_rf": 0.7080000042915344, "p_xgb": 0.9711365103721619, "date": "2026-10-08"}}, {"type": "Feature", "geometry": {"type": "Point", "coordinates": [-82.56666666836502, 35.641666667238006]}, "properties": {"p_logistic": 0.4838970899581909, "p_rf": 0.7080000042915344, "p_xgb": 0.9711365103721619, "date": "2026-10-08"}}, {"type": "Feature", "geometry": {"type": "Point", "coordinates": [-82.55833333503202, 35.641666667238006]}, "properties": {"p_logistic": 0.4847274720668793, "p_rf": 0.7039999961853027, "p_xgb": 0.9706470966339111, "date": "2026-10-08"}}, {"type": "Feature", "geometry": {"type": "Point", "coordinates": [-82.55000000169902, 35.641666667238006]}, "properties": {"p_logistic": 0.48656290769577026, "p_rf": 0.7139999866485596, "p_xgb": 0.9686837196350098, "date": "2026-10-08"}}, {"type": "Feature", "geometry": {"type": "Point", "coordinates": [-82.54166666836602, 35.641666667238006]}, "properties": {"p_logistic": 0.48712587356567383, "p_rf": 0.6779999732971191, "p_xgb": 0.9584900140762329, "date": "2026-10-08"}}, {"type": "Feature", "geometry": {"type": "Point", "coordinates": [-82.53333333503302, 35.641666667238006]}, "properties": {"p_logistic": 0.48573654890060425, "p_rf": 0.6779999732971191, "p_xgb": 0.9595330357551575, "date": "2026-10-08"}}, {"type": "Feature", "geometry": {"type": "Point", "coordinates": [-82.52500000170002, 35.641666667238006]}, "properties": {"p_logistic": 0.48293372988700867, "p_rf": 0.6819999814033508, "p_xgb": 0.9616467356681824, "date": "2026-10-08"}}, {"type": "Feature", "geometry": {"type": "Point", "coordinates": [-82.51666666836701, 35.641666667238006]}, "properties": {"p_logistic": 0.4799717664718628, "p_rf": 0.8199999928474426, "p_xgb": 0.9964273571968079, "date": "2026-10-08"}}, {"type": "Feature", "geometry": {"type": "Point", "coordinates": [-82.50833333503402, 35.641666667238006]}, "properties": {"p_logistic": 0.47588902711868286, "p_rf": 0.8259999752044678, "p_xgb": 0.9972912669181824, "date": "2026-10-08"}}, {"type": "Feature", "geometry": {"type": "Point", "coordinates": [-82.50000000170101, 35.641666667238006]}, "properties": {"p_logistic": 0.4720078110694885, "p_rf": 0.8320000171661377, "p_xgb": 0.9943373799324036, "date": "2026-10-08"}}, {"type": "Feature", "geometry": {"type": "Point", "coordinates": [-82.49166666836803, 35.641666667238006]}, "properties": {"p_logistic": 0.4651140570640564, "p_rf": 0.843999981880188, "p_xgb": 0.9968265891075134, "date": "2026-10-08"}}, {"type": "Feature", "geometry": {"type": "Point", "coordinates": [-82.48333333503501, 35.641666667238006]}, "properties": {"p_logistic": 0.4604223072528839, "p_rf": 0.8679999709129333, "p_xgb": 0.9990725517272949, "date": "2026-10-08"}}, {"type": "Feature", "geometry": {"type": "Point", "coordinates": [-82.47500000170201, 35.641666667238006]}, "properties": {"p_logistic": 0.4672747254371643, "p_rf": 0.7599999904632568, "p_xgb": 0.9881504774093628, "date": "2026-10-08"}}, {"type": "Feature", "geometry": {"type": "Point", "coordinates": [-82.46666666836902, 35.641666667238006]}, "properties": {"p_logistic": 0.4701588451862335, "p_rf": 0.6620000004768372, "p_xgb": 0.9832340478897095, "date": "2026-10-08"}}, {"type": "Feature", "geometry": {"type": "Point", "coordinates": [-82.45833333503602, 35.641666667238006]}, "properties": {"p_logistic": 0.47223779559135437, "p_rf": 0.6919999718666077, "p_xgb": 0.9901526570320129, "date": "2026-10-08"}}, {"type": "Feature", "geometry": {"type": "Point", "coordinates": [-82.45000000170302, 35.641666667238006]}, "properties": {"p_logistic": 0.47437018156051636, "p_rf": 0.6740000247955322, "p_xgb": 0.9846845269203186, "date": "2026-10-08"}}, {"type": "Feature", "geometry": {"type": "Point", "coordinates": [-82.44166666837002, 35.641666667238006]}, "properties": {"p_logistic": 0.479531466960907, "p_rf": 0.6880000233650208, "p_xgb": 0.9653132557868958, "date": "2026-10-08"}}, {"type": "Feature", "geometry": {"type": "Point", "coordinates": [-82.43333333503702, 35.641666667238006]}, "properties": {"p_logistic": 0.48552998900413513, "p_rf": 0.7720000147819519, "p_xgb": 0.9938328266143799, "date": "2026-10-08"}}, {"type": "Feature", "geometry": {"type": "Point", "coordinates": [-82.42500000170402, 35.641666667238006]}, "properties": {"p_logistic": 0.49050372838974, "p_rf": 0.5360000133514404, "p_xgb": 0.9771206378936768, "date": "2026-10-08"}}, {"type": "Feature", "geometry": {"type": "Point", "coordinates": [-82.41666666837102, 35.641666667238006]}, "properties": {"p_logistic": 0.490614652633667, "p_rf": 0.5299999713897705, "p_xgb": 0.9714497923851013, "date": "2026-10-08"}}, {"type": "Feature", "geometry": {"type": "Point", "coordinates": [-82.40833333503801, 35.641666667238006]}, "properties": {"p_logistic": 0.48363402485847473, "p_rf": 0.5619999766349792, "p_xgb": 0.9770852327346802, "date": "2026-10-08"}}, {"type": "Feature", "geometry": {"type": "Point", "coordinates": [-82.40000000170502, 35.641666667238006]}, "properties": {"p_logistic": 0.4665604829788208, "p_rf": 0.75, "p_xgb": 0.975899338722229, "date": "2026-10-08"}}, {"type": "Feature", "geometry": {"type": "Point", "coordinates": [-82.39166666837201, 35.641666667238006]}, "properties": {"p_logistic": 0.44848018884658813, "p_rf": 0.6759999990463257, "p_xgb": 0.9811064004898071, "date": "2026-10-08"}}, {"type": "Feature", "geometry": {"type": "Point", "coordinates": [-82.38333333503903, 35.641666667238006]}, "properties": {"p_logistic": 0.43072769045829773, "p_rf": 0.6759999990463257, "p_xgb": 0.9856577515602112, "date": "2026-10-08"}}, {"type": "Feature", "geometry": {"type": "Point", "coordinates": [-82.37500000170601, 35.641666667238006]}, "properties": {"p_logistic": 0.42832809686660767, "p_rf": 0.6639999747276306, "p_xgb": 0.9848464727401733, "date": "2026-10-08"}}, {"type": "Feature", "geometry": {"type": "Point", "coordinates": [-82.36666666837301, 35.641666667238006]}, "properties": {"p_logistic": 0.4429453909397125, "p_rf": 0.7179999947547913, "p_xgb": 0.9873730540275574, "date": "2026-10-08"}}, {"type": "Feature", "geometry": {"type": "Point", "coordinates": [-82.35833333504002, 35.641666667238006]}, "properties": {"p_logistic": 0.4500352442264557, "p_rf": 0.7120000123977661, "p_xgb": 0.9826402068138123, "date": "2026-10-08"}}, {"type": "Feature", "geometry": {"type": "Point", "coordinates": [-82.35000000170702, 35.641666667238006]}, "properties": {"p_logistic": 0.4543324410915375, "p_rf": 0.7179999947547913, "p_xgb": 0.9863661527633667, "date": "2026-10-08"}}, {"type": "Feature", "geometry": {"type": "Point", "coordinates": [-82.34166666837402, 35.641666667238006]}, "properties": {"p_logistic": 0.4586760699748993, "p_rf": 0.7179999947547913, "p_xgb": 0.9887235164642334, "date": "2026-10-08"}}, {"type": "Feature", "geometry": {"type": "Point", "coordinates": [-82.33333333504102, 35.641666667238006]}, "properties": {"p_logistic": 0.4612663984298706, "p_rf": 0.7179999947547913, "p_xgb": 0.9893604516983032, "date": "2026-10-08"}}, {"type": "Feature", "geometry": {"type": "Point", "coordinates": [-82.32500000170802, 35.641666667238006]}, "properties": {"p_logistic": 0.4651814103126526, "p_rf": 0.6660000085830688, "p_xgb": 0.987026035785675, "date": "2026-10-08"}}, {"type": "Feature", "geometry": {"type": "Point", "coordinates": [-82.31666666837502, 35.641666667238006]}, "properties": {"p_logistic": 0.4758501946926117, "p_rf": 0.6980000138282776, "p_xgb": 0.9809082746505737, "date": "2026-10-08"}}, {"type": "Feature", "geometry": {"type": "Point", "coordinates": [-82.30833333504202, 35.641666667238006]}, "properties": {"p_logistic": 0.48868992924690247, "p_rf": 0.7559999823570251, "p_xgb": 0.9956449270248413, "date": "2026-10-08"}}, {"type": "Feature", "geometry": {"type": "Point", "coordinates": [-82.30000000170901, 35.641666667238006]}, "properties": {"p_logistic": 0.4949520230293274, "p_rf": 0.5379999876022339, "p_xgb": 0.9929179549217224, "date": "2026-10-08"}}, {"type": "Feature", "geometry": {"type": "Point", "coordinates": [-82.29166666837602, 35.641666667238006]}, "properties": {"p_logistic": 0.4957999289035797, "p_rf": 0.4580000042915344, "p_xgb": 0.987725555896759, "date": "2026-10-08"}}, {"type": "Feature", "geometry": {"type": "Point", "coordinates": [-82.28333333504301, 35.641666667238006]}, "properties": {"p_logistic": 0.498092383146286, "p_rf": 0.44600000977516174, "p_xgb": 0.9916328191757202, "date": "2026-10-08"}}, {"type": "Feature", "geometry": {"type": "Point", "coordinates": [-82.85000000168702, 35.633333333905]}, "properties": {"p_logistic": 0.462906152009964, "p_rf": 0.8339999914169312, "p_xgb": 0.9938257932662964, "date": "2026-10-08"}}, {"type": "Feature", "geometry": {"type": "Point", "coordinates": [-82.84166666835401, 35.633333333905]}, "properties": {"p_logistic": 0.46449556946754456, "p_rf": 0.7960000038146973, "p_xgb": 0.9930915832519531, "date": "2026-10-08"}}, {"type": "Feature", "geometry": {"type": "Point", "coordinates": [-82.83333333502102, 35.633333333905]}, "properties": {"p_logistic": 0.46881231665611267, "p_rf": 0.7599999904632568, "p_xgb": 0.987978458404541, "date": "2026-10-08"}}, {"type": "Feature", "geometry": {"type": "Point", "coordinates": [-82.82500000168801, 35.633333333905]}, "properties": {"p_logistic": 0.47453364729881287, "p_rf": 0.7480000257492065, "p_xgb": 0.9878959655761719, "date": "2026-10-08"}}, {"type": "Feature", "geometry": {"type": "Point", "coordinates": [-82.81666666835503, 35.633333333905]}, "properties": {"p_logistic": 0.48057183623313904, "p_rf": 0.7480000257492065, "p_xgb": 0.9844992756843567, "date": "2026-10-08"}}, {"type": "Feature", "geometry": {"type": "Point", "coordinates": [-82.80833333502201, 35.633333333905]}, "properties": {"p_logistic": 0.486622154712677, "p_rf": 0.7519999742507935, "p_xgb": 0.9781946539878845, "date": "2026-10-08"}}, {"type": "Feature", "geometry": {"type": "Point", "coordinates": [-82.80000000168901, 35.633333333905]}, "properties": {"p_logistic": 0.4913055896759033, "p_rf": 0.7620000243186951, "p_xgb": 0.9775382876396179, "date": "2026-10-08"}}, {"type": "Feature", "geometry": {"type": "Point", "coordinates": [-82.79166666835602, 35.633333333905]}, "properties": {"p_logistic": 0.49380725622177124, "p_rf": 0.7580000162124634, "p_xgb": 0.9860364198684692, "date": "2026-10-08"}}, {"type": "Feature", "geometry": {"type": "Point", "coordinates": [-82.78333333502302, 35.633333333905]}, "properties": {"p_logistic": 0.4950198829174042, "p_rf": 0.7720000147819519, "p_xgb": 0.9926153421401978, "date": "2026-10-08"}}, {"type": "Feature", "geometry": {"type": "Point", "coordinates": [-82.77500000169002, 35.633333333905]}, "properties": {"p_logistic": 0.494928777217865, "p_rf": 0.7960000038146973, "p_xgb": 0.9926153421401978, "date": "2026-10-08"}}, {"type": "Feature", "geometry": {"type": "Point", "coordinates": [-82.76666666835702, 35.633333333905]}, "properties": {"p_logistic": 0.4941309690475464, "p_rf": 0.8019999861717224, "p_xgb": 0.9928834438323975, "date": "2026-10-08"}}, {"type": "Feature", "geometry": {"type": "Point", "coordinates": [-82.75833333502402, 35.633333333905]}, "properties": {"p_logistic": 0.49252042174339294, "p_rf": 0.8040000200271606, "p_xgb": 0.9935340881347656, "date": "2026-10-08"}}, {"type": "Feature", "geometry": {"type": "Point", "coordinates": [-82.75000000169102, 35.633333333905]}, "properties": {"p_logistic": 0.48890969157218933, "p_rf": 0.828000009059906, "p_xgb": 0.9935340881347656, "date": "2026-10-08"}}, {"type": "Feature", "geometry": {"type": "Point", "coordinates": [-82.74166666835802, 35.633333333905]}, "properties": {"p_logistic": 0.4858143627643585, "p_rf": 0.8700000047683716, "p_xgb": 0.9980713725090027, "date": "2026-10-08"}}, {"type": "Feature", "geometry": {"type": "Point", "coordinates": [-82.73333333502501, 35.633333333905]}, "properties": {"p_logistic": 0.48385053873062134, "p_rf": 0.8679999709129333, "p_xgb": 0.9979935884475708, "date": "2026-10-08"}}, {"type": "Feature", "geometry": {"type": "Point", "coordinates": [-82.72500000169202, 35.633333333905]}, "properties": {"p_logistic": 0.4827443063259125, "p_rf": 0.8320000171661377, "p_xgb": 0.9961269497871399, "date": "2026-10-08"}}, {"type": "Feature", "geometry": {"type": "Point", "coordinates": [-82.71666666835901, 35.633333333905]}, "properties": {"p_logistic": 0.48203739523887634, "p_rf": 0.6819999814033508, "p_xgb": 0.9655635952949524, "date": "2026-10-08"}}, {"type": "Feature", "geometry": {"type": "Point", "coordinates": [-82.70833333502603, 35.633333333905]}, "properties": {"p_logistic": 0.48373547196388245, "p_rf": 0.6779999732971191, "p_xgb": 0.9599766135215759, "date": "2026-10-08"}}, {"type": "Feature", "geometry": {"type": "Point", "coordinates": [-82.70000000169301, 35.633333333905]}, "properties": {"p_logistic": 0.4856632351875305, "p_rf": 0.7139999866485596, "p_xgb": 0.9673556089401245, "date": "2026-10-08"}}, {"type": "Feature", "geometry": {"type": "Point", "coordinates": [-82.69166666836001, 35.633333333905]}, "properties": {"p_logistic": 0.4873078167438507, "p_rf": 0.7039999961853027, "p_xgb": 0.9711365103721619, "date": "2026-10-08"}}, {"type": "Feature", "geometry": {"type": "Point", "coordinates": [-82.68333333502702, 35.633333333905]}, "properties": {"p_logistic": 0.49062278866767883, "p_rf": 0.7039999961853027, "p_xgb": 0.9711365103721619, "date": "2026-10-08"}}, {"type": "Feature", "geometry": {"type": "Point", "coordinates": [-82.67500000169402, 35.633333333905]}, "properties": {"p_logistic": 0.4923388957977295, "p_rf": 0.7059999704360962, "p_xgb": 0.9711365103721619, "date": "2026-10-08"}}, {"type": "Feature", "geometry": {"type": "Point", "coordinates": [-82.66666666836102, 35.633333333905]}, "properties": {"p_logistic": 0.4929015040397644, "p_rf": 0.7039999961853027, "p_xgb": 0.9711365103721619, "date": "2026-10-08"}}, {"type": "Feature", "geometry": {"type": "Point", "coordinates": [-82.65833333502802, 35.633333333905]}, "properties": {"p_logistic": 0.49224919080734253, "p_rf": 0.7039999961853027, "p_xgb": 0.9711365103721619, "date": "2026-10-08"}}, {"type": "Feature", "geometry": {"type": "Point", "coordinates": [-82.65000000169502, 35.633333333905]}, "properties": {"p_logistic": 0.4918903410434723, "p_rf": 0.7039999961853027, "p_xgb": 0.9711365103721619, "date": "2026-10-08"}}, {"type": "Feature", "geometry": {"type": "Point", "coordinates": [-82.64166666836202, 35.633333333905]}, "properties": {"p_logistic": 0.4916037321090698, "p_rf": 0.7039999961853027, "p_xgb": 0.9711365103721619, "date": "2026-10-08"}}, {"type": "Feature", "geometry": {"type": "Point", "coordinates": [-82.63333333502902, 35.633333333905]}, "properties": {"p_logistic": 0.49172160029411316, "p_rf": 0.7039999961853027, "p_xgb": 0.9711365103721619, "date": "2026-10-08"}}, {"type": "Feature", "geometry": {"type": "Point", "coordinates": [-82.62500000169601, 35.633333333905]}, "properties": {"p_logistic": 0.4919845461845398, "p_rf": 0.7039999961853027, "p_xgb": 0.9711365103721619, "date": "2026-10-08"}}, {"type": "Feature", "geometry": {"type": "Point", "coordinates": [-82.61666666836302, 35.633333333905]}, "properties": {"p_logistic": 0.4917604923248291, "p_rf": 0.7039999961853027, "p_xgb": 0.9711365103721619, "date": "2026-10-08"}}, {"type": "Feature", "geometry": {"type": "Point", "coordinates": [-82.60833333503001, 35.633333333905]}, "properties": {"p_logistic": 0.49078330397605896, "p_rf": 0.7059999704360962, "p_xgb": 0.9711365103721619, "date": "2026-10-08"}}, {"type": "Feature", "geometry": {"type": "Point", "coordinates": [-82.60000000169703, 35.633333333905]}, "properties": {"p_logistic": 0.48938432335853577, "p_rf": 0.7059999704360962, "p_xgb": 0.9711365103721619, "date": "2026-10-08"}}, {"type": "Feature", "geometry": {"type": "Point", "coordinates": [-82.59166666836401, 35.633333333905]}, "properties": {"p_logistic": 0.48845386505126953, "p_rf": 0.7080000042915344, "p_xgb": 0.9711365103721619, "date": "2026-10-08"}}, {"type": "Feature", "geometry": {"type": "Point", "coordinates": [-82.58333333503101, 35.633333333905]}, "properties": {"p_logistic": 0.48728322982788086, "p_rf": 0.7080000042915344, "p_xgb": 0.9711365103721619, "date": "2026-10-08"}}, {"type": "Feature", "geometry": {"type": "Point", "coordinates": [-82.57500000169802, 35.633333333905]}, "properties": {"p_logistic": 0.4857328236103058, "p_rf": 0.7080000042915344, "p_xgb": 0.9711365103721619, "date": "2026-10-08"}}, {"type": "Feature", "geometry": {"type": "Point", "coordinates": [-82.56666666836502, 35.633333333905]}, "properties": {"p_logistic": 0.48498719930648804, "p_rf": 0.7080000042915344, "p_xgb": 0.9711365103721619, "date": "2026-10-08"}}, {"type": "Feature", "geometry": {"type": "Point", "coordinates": [-82.55833333503202, 35.633333333905]}, "properties": {"p_logistic": 0.4858124256134033, "p_rf": 0.7039999961853027, "p_xgb": 0.9706470966339111, "date": "2026-10-08"}}, {"type": "Feature", "geometry": {"type": "Point", "coordinates": [-82.55000000169902, 35.633333333905]}, "properties": {"p_logistic": 0.48719364404678345, "p_rf": 0.7179999947547913, "p_xgb": 0.9675335884094238, "date": "2026-10-08"}}, {"type": "Feature", "geometry": {"type": "Point", "coordinates": [-82.54166666836602, 35.633333333905]}, "properties": {"p_logistic": 0.4872523248195648, "p_rf": 0.6779999732971191, "p_xgb": 0.9584900140762329, "date": "2026-10-08"}}, {"type": "Feature", "geometry": {"type": "Point", "coordinates": [-82.53333333503302, 35.633333333905]}, "properties": {"p_logistic": 0.48593011498451233, "p_rf": 0.6779999732971191, "p_xgb": 0.9554536938667297, "date": "2026-10-08"}}, {"type": "Feature", "geometry": {"type": "Point", "coordinates": [-82.52500000170002, 35.633333333905]}, "properties": {"p_logistic": 0.483293741941452, "p_rf": 0.6779999732971191, "p_xgb": 0.9681246280670166, "date": "2026-10-08"}}, {"type": "Feature", "geometry": {"type": "Point", "coordinates": [-82.51666666836701, 35.633333333905]}, "properties": {"p_logistic": 0.47975775599479675, "p_rf": 0.6819999814033508, "p_xgb": 0.972366988658905, "date": "2026-10-08"}}, {"type": "Feature", "geometry": {"type": "Point", "coordinates": [-82.50833333503402, 35.633333333905]}, "properties": {"p_logistic": 0.47587189078330994, "p_rf": 0.8180000185966492, "p_xgb": 0.9966261386871338, "date": "2026-10-08"}}, {"type": "Feature", "geometry": {"type": "Point", "coordinates": [-82.50000000170101, 35.633333333905]}, "properties": {"p_logistic": 0.47111621499061584, "p_rf": 0.8220000267028809, "p_xgb": 0.9968265891075134, "date": "2026-10-08"}}, {"type": "Feature", "geometry": {"type": "Point", "coordinates": [-82.49166666836803, 35.633333333905]}, "properties": {"p_logistic": 0.4655214548110962, "p_rf": 0.8259999752044678, "p_xgb": 0.9959851503372192, "date": "2026-10-08"}}, {"type": "Feature", "geometry": {"type": "Point", "coordinates": [-82.48333333503501, 35.633333333905]}, "properties": {"p_logistic": 0.4600110650062561, "p_rf": 0.843999981880188, "p_xgb": 0.9931157231330872, "date": "2026-10-08"}}, {"type": "Feature", "geometry": {"type": "Point", "coordinates": [-82.47500000170201, 35.633333333905]}, "properties": {"p_logistic": 0.4667630195617676, "p_rf": 0.7720000147819519, "p_xgb": 0.988976001739502, "date": "2026-10-08"}}, {"type": "Feature", "geometry": {"type": "Point", "coordinates": [-82.46666666836902, 35.633333333905]}, "properties": {"p_logistic": 0.47136467695236206, "p_rf": 0.6480000019073486, "p_xgb": 0.9748932123184204, "date": "2026-10-08"}}, {"type": "Feature", "geometry": {"type": "Point", "coordinates": [-82.45833333503602, 35.633333333905]}, "properties": {"p_logistic": 0.4724976122379303, "p_rf": 0.6840000152587891, "p_xgb": 0.9832522869110107, "date": "2026-10-08"}}, {"type": "Feature", "geometry": {"type": "Point", "coordinates": [-82.45000000170302, 35.633333333905]}, "properties": {"p_logistic": 0.4747762978076935, "p_rf": 0.7179999947547913, "p_xgb": 0.9889938235282898, "date": "2026-10-08"}}, {"type": "Feature", "geometry": {"type": "Point", "coordinates": [-82.44166666837002, 35.633333333905]}, "properties": {"p_logistic": 0.47984087467193604, "p_rf": 0.7059999704360962, "p_xgb": 0.9873747825622559, "date": "2026-10-08"}}, {"type": "Feature", "geometry": {"type": "Point", "coordinates": [-82.43333333503702, 35.633333333905]}, "properties": {"p_logistic": 0.48565828800201416, "p_rf": 0.7620000243186951, "p_xgb": 0.9821781516075134, "date": "2026-10-08"}}, {"type": "Feature", "geometry": {"type": "Point", "coordinates": [-82.42500000170402, 35.633333333905]}, "properties": {"p_logistic": 0.48977696895599365, "p_rf": 0.5720000267028809, "p_xgb": 0.9857926964759827, "date": "2026-10-08"}}, {"type": "Feature", "geometry": {"type": "Point", "coordinates": [-82.41666666837102, 35.633333333905]}, "properties": {"p_logistic": 0.4890264570713043, "p_rf": 0.550000011920929, "p_xgb": 0.976686954498291, "date": "2026-10-08"}}, {"type": "Feature", "geometry": {"type": "Point", "coordinates": [-82.40833333503801, 35.633333333905]}, "properties": {"p_logistic": 0.48098433017730713, "p_rf": 0.6819999814033508, "p_xgb": 0.9742743372917175, "date": "2026-10-08"}}, {"type": "Feature", "geometry": {"type": "Point", "coordinates": [-82.40000000170502, 35.633333333905]}, "properties": {"p_logistic": 0.46505606174468994, "p_rf": 0.699999988079071, "p_xgb": 0.9671305418014526, "date": "2026-10-08"}}, {"type": "Feature", "geometry": {"type": "Point", "coordinates": [-82.39166666837201, 35.633333333905]}, "properties": {"p_logistic": 0.4481338858604431, "p_rf": 0.6639999747276306, "p_xgb": 0.9751197695732117, "date": "2026-10-08"}}, {"type": "Feature", "geometry": {"type": "Point", "coordinates": [-82.38333333503903, 35.633333333905]}, "properties": {"p_logistic": 0.432015061378479, "p_rf": 0.6840000152587891, "p_xgb": 0.9784846901893616, "date": "2026-10-08"}}, {"type": "Feature", "geometry": {"type": "Point", "coordinates": [-82.37500000170601, 35.633333333905]}, "properties": {"p_logistic": 0.4214004874229431, "p_rf": 0.6539999842643738, "p_xgb": 0.9757397174835205, "date": "2026-10-08"}}, {"type": "Feature", "geometry": {"type": "Point", "coordinates": [-82.36666666837301, 35.633333333905]}, "properties": {"p_logistic": 0.4358420670032501, "p_rf": 0.6880000233650208, "p_xgb": 0.9826351404190063, "date": "2026-10-08"}}, {"type": "Feature", "geometry": {"type": "Point", "coordinates": [-82.35833333504002, 35.633333333905]}, "properties": {"p_logistic": 0.4440912902355194, "p_rf": 0.6840000152587891, "p_xgb": 0.9833661913871765, "date": "2026-10-08"}}, {"type": "Feature", "geometry": {"type": "Point", "coordinates": [-82.35000000170702, 35.633333333905]}, "properties": {"p_logistic": 0.4477110207080841, "p_rf": 0.6859999895095825, "p_xgb": 0.9828476905822754, "date": "2026-10-08"}}, {"type": "Feature", "geometry": {"type": "Point", "coordinates": [-82.34166666837402, 35.633333333905]}, "properties": {"p_logistic": 0.45222872495651245, "p_rf": 0.6840000152587891, "p_xgb": 0.9879107475280762, "date": "2026-10-08"}}, {"type": "Feature", "geometry": {"type": "Point", "coordinates": [-82.33333333504102, 35.633333333905]}, "properties": {"p_logistic": 0.4563252329826355, "p_rf": 0.6899999976158142, "p_xgb": 0.9914305806159973, "date": "2026-10-08"}}, {"type": "Feature", "geometry": {"type": "Point", "coordinates": [-82.32500000170802, 35.633333333905]}, "properties": {"p_logistic": 0.4608355164527893, "p_rf": 0.7120000123977661, "p_xgb": 0.99082350730896, "date": "2026-10-08"}}, {"type": "Feature", "geometry": {"type": "Point", "coordinates": [-82.31666666837502, 35.633333333905]}, "properties": {"p_logistic": 0.47026342153549194, "p_rf": 0.6980000138282776, "p_xgb": 0.9892823696136475, "date": "2026-10-08"}}, {"type": "Feature", "geometry": {"type": "Point", "coordinates": [-82.30833333504202, 35.633333333905]}, "properties": {"p_logistic": 0.48043298721313477, "p_rf": 0.7720000147819519, "p_xgb": 0.9964215755462646, "date": "2026-10-08"}}, {"type": "Feature", "geometry": {"type": "Point", "coordinates": [-82.30000000170901, 35.633333333905]}, "properties": {"p_logistic": 0.4873445928096771, "p_rf": 0.5640000104904175, "p_xgb": 0.9933920502662659, "date": "2026-10-08"}}, {"type": "Feature", "geometry": {"type": "Point", "coordinates": [-82.29166666837602, 35.633333333905]}, "properties": {"p_logistic": 0.49045825004577637, "p_rf": 0.49799999594688416, "p_xgb": 0.9881083369255066, "date": "2026-10-08"}}, {"type": "Feature", "geometry": {"type": "Point", "coordinates": [-82.28333333504301, 35.633333333905]}, "properties": {"p_logistic": 0.49394211173057556, "p_rf": 0.45399999618530273, "p_xgb": 0.989401638507843, "date": "2026-10-08"}}, {"type": "Feature", "geometry": {"type": "Point", "coordinates": [-82.27500000171003, 35.633333333905]}, "properties": {"p_logistic": 0.501944899559021, "p_rf": 0.44999998807907104, "p_xgb": 0.9897584915161133, "date": "2026-10-08"}}, {"type": "Feature", "geometry": {"type": "Point", "coordinates": [-82.85000000168702, 35.625000000572]}, "properties": {"p_logistic": 0.4638630449771881, "p_rf": 0.8360000252723694, "p_xgb": 0.9938257932662964, "date": "2026-10-08"}}, {"type": "Feature", "geometry": {"type": "Point", "coordinates": [-82.84166666835401, 35.625000000572]}, "properties": {"p_logistic": 0.4654323160648346, "p_rf": 0.8040000200271606, "p_xgb": 0.9930915832519531, "date": "2026-10-08"}}, {"type": "Feature", "geometry": {"type": "Point", "coordinates": [-82.83333333502102, 35.625000000572]}, "properties": {"p_logistic": 0.4694330096244812, "p_rf": 0.7580000162124634, "p_xgb": 0.987978458404541, "date": "2026-10-08"}}, {"type": "Feature", "geometry": {"type": "Point", "coordinates": [-82.82500000168801, 35.625000000572]}, "properties": {"p_logistic": 0.47436514496803284, "p_rf": 0.7599999904632568, "p_xgb": 0.9875279068946838, "date": "2026-10-08"}}, {"type": "Feature", "geometry": {"type": "Point", "coordinates": [-82.80833333502201, 35.625000000572]}, "properties": {"p_logistic": 0.4854300022125244, "p_rf": 0.7620000243186951, "p_xgb": 0.9775382876396179, "date": "2026-10-08"}}, {"type": "Feature", "geometry": {"type": "Point", "coordinates": [-82.80000000168901, 35.625000000572]}, "properties": {"p_logistic": 0.48914819955825806, "p_rf": 0.8040000200271606, "p_xgb": 0.9918319582939148, "date": "2026-10-08"}}, {"type": "Feature", "geometry": {"type": "Point", "coordinates": [-82.79166666835602, 35.625000000572]}, "properties": {"p_logistic": 0.4912179708480835, "p_rf": 0.828000009059906, "p_xgb": 0.9933997392654419, "date": "2026-10-08"}}, {"type": "Feature", "geometry": {"type": "Point", "coordinates": [-82.78333333502302, 35.625000000572]}, "properties": {"p_logistic": 0.49111226201057434, "p_rf": 0.8759999871253967, "p_xgb": 0.9981448650360107, "date": "2026-10-08"}}, {"type": "Feature", "geometry": {"type": "Point", "coordinates": [-82.77500000169002, 35.625000000572]}, "properties": {"p_logistic": 0.49083805084228516, "p_rf": 0.8740000128746033, "p_xgb": 0.9981448650360107, "date": "2026-10-08"}}, {"type": "Feature", "geometry": {"type": "Point", "coordinates": [-82.76666666835702, 35.625000000572]}, "properties": {"p_logistic": 0.48969870805740356, "p_rf": 0.8700000047683716, "p_xgb": 0.9981083869934082, "date": "2026-10-08"}}, {"type": "Feature", "geometry": {"type": "Point", "coordinates": [-82.75833333502402, 35.625000000572]}, "properties": {"p_logistic": 0.4879187047481537, "p_rf": 0.8679999709129333, "p_xgb": 0.9962486624717712, "date": "2026-10-08"}}, {"type": "Feature", "geometry": {"type": "Point", "coordinates": [-82.75000000169102, 35.625000000572]}, "properties": {"p_logistic": 0.48418620228767395, "p_rf": 0.843999981880188, "p_xgb": 0.9961269497871399, "date": "2026-10-08"}}, {"type": "Feature", "geometry": {"type": "Point", "coordinates": [-82.74166666835802, 35.625000000572]}, "properties": {"p_logistic": 0.48009079694747925, "p_rf": 0.8059999942779541, "p_xgb": 0.9770396947860718, "date": "2026-10-08"}}, {"type": "Feature", "geometry": {"type": "Point", "coordinates": [-82.73333333502501, 35.625000000572]}, "properties": {"p_logistic": 0.48316749930381775, "p_rf": 0.8059999942779541, "p_xgb": 0.9770396947860718, "date": "2026-10-08"}}, {"type": "Feature", "geometry": {"type": "Point", "coordinates": [-82.72500000169202, 35.625000000572]}, "properties": {"p_logistic": 0.4848160743713379, "p_rf": 0.6779999732971191, "p_xgb": 0.9599766135215759, "date": "2026-10-08"}}, {"type": "Feature", "geometry": {"type": "Point", "coordinates": [-82.71666666835901, 35.625000000572]}, "properties": {"p_logistic": 0.4863179624080658, "p_rf": 0.6759999990463257, "p_xgb": 0.9521040320396423, "date": "2026-10-08"}}, {"type": "Feature", "geometry": {"type": "Point", "coordinates": [-82.70833333502603, 35.625000000572]}, "properties": {"p_logistic": 0.4859655201435089, "p_rf": 0.722000002861023, "p_xgb": 0.9711365103721619, "date": "2026-10-08"}}, {"type": "Feature", "geometry": {"type": "Point", "coordinates": [-82.70000000169301, 35.625000000572]}, "properties": {"p_logistic": 0.48565396666526794, "p_rf": 0.7059999704360962, "p_xgb": 0.9711365103721619, "date": "2026-10-08"}}, {"type": "Feature", "geometry": {"type": "Point", "coordinates": [-82.69166666836001, 35.625000000572]}, "properties": {"p_logistic": 0.4851638078689575, "p_rf": 0.7080000042915344, "p_xgb": 0.9711365103721619, "date": "2026-10-08"}}, {"type": "Feature", "geometry": {"type": "Point", "coordinates": [-82.68333333502702, 35.625000000572]}, "properties": {"p_logistic": 0.48720577359199524, "p_rf": 0.7080000042915344, "p_xgb": 0.9711365103721619, "date": "2026-10-08"}}, {"type": "Feature", "geometry": {"type": "Point", "coordinates": [-82.67500000169402, 35.625000000572]}, "properties": {"p_logistic": 0.4888894557952881, "p_rf": 0.7080000042915344, "p_xgb": 0.9711365103721619, "date": "2026-10-08"}}, {"type": "Feature", "geometry": {"type": "Point", "coordinates": [-82.66666666836102, 35.625000000572]}, "properties": {"p_logistic": 0.48975446820259094, "p_rf": 0.7080000042915344, "p_xgb": 0.9711365103721619, "date": "2026-10-08"}}, {"type": "Feature", "geometry": {"type": "Point", "coordinates": [-82.65833333502802, 35.625000000572]}, "properties": {"p_logistic": 0.4896391034126282, "p_rf": 0.7080000042915344, "p_xgb": 0.9711365103721619, "date": "2026-10-08"}}, {"type": "Feature", "geometry": {"type": "Point", "coordinates": [-82.65000000169502, 35.625000000572]}, "properties": {"p_logistic": 0.48951852321624756, "p_rf": 0.7080000042915344, "p_xgb": 0.9711365103721619, "date": "2026-10-08"}}, {"type": "Feature", "geometry": {"type": "Point", "coordinates": [-82.64166666836202, 35.625000000572]}, "properties": {"p_logistic": 0.48945149779319763, "p_rf": 0.7080000042915344, "p_xgb": 0.9711365103721619, "date": "2026-10-08"}}, {"type": "Feature", "geometry": {"type": "Point", "coordinates": [-82.63333333502902, 35.625000000572]}, "properties": {"p_logistic": 0.4894886612892151, "p_rf": 0.7080000042915344, "p_xgb": 0.9711365103721619, "date": "2026-10-08"}}, {"type": "Feature", "geometry": {"type": "Point", "coordinates": [-82.62500000169601, 35.625000000572]}, "properties": {"p_logistic": 0.4893508851528168, "p_rf": 0.7080000042915344, "p_xgb": 0.9711365103721619, "date": "2026-10-08"}}, {"type": "Feature", "geometry": {"type": "Point", "coordinates": [-82.61666666836302, 35.625000000572]}, "properties": {"p_logistic": 0.4889002740383148, "p_rf": 0.7080000042915344, "p_xgb": 0.9711365103721619, "date": "2026-10-08"}}, {"type": "Feature", "geometry": {"type": "Point", "coordinates": [-82.60833333503001, 35.625000000572]}, "properties": {"p_logistic": 0.48799723386764526, "p_rf": 0.7080000042915344, "p_xgb": 0.9711365103721619, "date": "2026-10-08"}}, {"type": "Feature", "geometry": {"type": "Point", "coordinates": [-82.60000000169703, 35.625000000572]}, "properties": {"p_logistic": 0.4871097803115845, "p_rf": 0.7080000042915344, "p_xgb": 0.9711365103721619, "date": "2026-10-08"}}, {"type": "Feature", "geometry": {"type": "Point", "coordinates": [-82.59166666836401, 35.625000000572]}, "properties": {"p_logistic": 0.48651787638664246, "p_rf": 0.7080000042915344, "p_xgb": 0.9711365103721619, "date": "2026-10-08"}}, {"type": "Feature", "geometry": {"type": "Point", "coordinates": [-82.58333333503101, 35.625000000572]}, "properties": {"p_logistic": 0.4859471917152405, "p_rf": 0.7080000042915344, "p_xgb": 0.9711365103721619, "date": "2026-10-08"}}, {"type": "Feature", "geometry": {"type": "Point", "coordinates": [-82.57500000169802, 35.625000000572]}, "properties": {"p_logistic": 0.4853599965572357, "p_rf": 0.7080000042915344, "p_xgb": 0.9711365103721619, "date": "2026-10-08"}}, {"type": "Feature", "geometry": {"type": "Point", "coordinates": [-82.56666666836502, 35.625000000572]}, "properties": {"p_logistic": 0.48629558086395264, "p_rf": 0.7080000042915344, "p_xgb": 0.9694115519523621, "date": "2026-10-08"}}, {"type": "Feature", "geometry": {"type": "Point", "coordinates": [-82.55833333503202, 35.625000000572]}, "properties": {"p_logistic": 0.487770676612854, "p_rf": 0.7039999961853027, "p_xgb": 0.9700514078140259, "date": "2026-10-08"}}, {"type": "Feature", "geometry": {"type": "Point", "coordinates": [-82.55000000169902, 35.625000000572]}, "properties": {"p_logistic": 0.48790451884269714, "p_rf": 0.7179999947547913, "p_xgb": 0.9675335884094238, "date": "2026-10-08"}}, {"type": "Feature", "geometry": {"type": "Point", "coordinates": [-82.54166666836602, 35.625000000572]}, "properties": {"p_logistic": 0.48728808760643005, "p_rf": 0.7039999961853027, "p_xgb": 0.9636349678039551, "date": "2026-10-08"}}, {"type": "Feature", "geometry": {"type": "Point", "coordinates": [-82.53333333503302, 35.625000000572]}, "properties": {"p_logistic": 0.48586025834083557, "p_rf": 0.7039999961853027, "p_xgb": 0.9808247685432434, "date": "2026-10-08"}}, {"type": "Feature", "geometry": {"type": "Point", "coordinates": [-82.52500000170002, 35.625000000572]}, "properties": {"p_logistic": 0.48330846428871155, "p_rf": 0.7039999961853027, "p_xgb": 0.980722963809967, "date": "2026-10-08"}}, {"type": "Feature", "geometry": {"type": "Point", "coordinates": [-82.51666666836701, 35.625000000572]}, "properties": {"p_logistic": 0.47867169976234436, "p_rf": 0.6759999990463257, "p_xgb": 0.9836776256561279, "date": "2026-10-08"}}, {"type": "Feature", "geometry": {"type": "Point", "coordinates": [-82.50833333503402, 35.625000000572]}, "properties": {"p_logistic": 0.4740021526813507, "p_rf": 0.6779999732971191, "p_xgb": 0.978004515171051, "date": "2026-10-08"}}, {"type": "Feature", "geometry": {"type": "Point", "coordinates": [-82.50000000170101, 35.625000000572]}, "properties": {"p_logistic": 0.4692936837673187, "p_rf": 0.6779999732971191, "p_xgb": 0.9310667514801025, "date": "2026-10-08"}}, {"type": "Feature", "geometry": {"type": "Point", "coordinates": [-82.49166666836803, 35.625000000572]}, "properties": {"p_logistic": 0.4692535996437073, "p_rf": 0.8259999752044678, "p_xgb": 0.9947191476821899, "date": "2026-10-08"}}, {"type": "Feature", "geometry": {"type": "Point", "coordinates": [-82.48333333503501, 35.625000000572]}, "properties": {"p_logistic": 0.4740010201931, "p_rf": 0.8619999885559082, "p_xgb": 0.9958450198173523, "date": "2026-10-08"}}, {"type": "Feature", "geometry": {"type": "Point", "coordinates": [-82.47500000170201, 35.625000000572]}, "properties": {"p_logistic": 0.47651201486587524, "p_rf": 0.7599999904632568, "p_xgb": 0.9877488017082214, "date": "2026-10-08"}}, {"type": "Feature", "geometry": {"type": "Point", "coordinates": [-82.46666666836902, 35.625000000572]}, "properties": {"p_logistic": 0.4712119698524475, "p_rf": 0.7519999742507935, "p_xgb": 0.9904256463050842, "date": "2026-10-08"}}, {"type": "Feature", "geometry": {"type": "Point", "coordinates": [-82.45833333503602, 35.625000000572]}, "properties": {"p_logistic": 0.4700470268726349, "p_rf": 0.671999990940094, "p_xgb": 0.9887933135032654, "date": "2026-10-08"}}, {"type": "Feature", "geometry": {"type": "Point", "coordinates": [-82.45000000170302, 35.625000000572]}, "properties": {"p_logistic": 0.471909761428833, "p_rf": 0.6520000100135803, "p_xgb": 0.9895135164260864, "date": "2026-10-08"}}, {"type": "Feature", "geometry": {"type": "Point", "coordinates": [-82.44166666837002, 35.625000000572]}, "properties": {"p_logistic": 0.47512176632881165, "p_rf": 0.6859999895095825, "p_xgb": 0.9835532903671265, "date": "2026-10-08"}}, {"type": "Feature", "geometry": {"type": "Point", "coordinates": [-82.43333333503702, 35.625000000572]}, "properties": {"p_logistic": 0.48089829087257385, "p_rf": 0.6759999990463257, "p_xgb": 0.9833233952522278, "date": "2026-10-08"}}, {"type": "Feature", "geometry": {"type": "Point", "coordinates": [-82.42500000170402, 35.625000000572]}, "properties": {"p_logistic": 0.4821946620941162, "p_rf": 0.6980000138282776, "p_xgb": 0.9638956189155579, "date": "2026-10-08"}}, {"type": "Feature", "geometry": {"type": "Point", "coordinates": [-82.41666666837102, 35.625000000572]}, "properties": {"p_logistic": 0.47868555784225464, "p_rf": 0.7039999961853027, "p_xgb": 0.9811384081840515, "date": "2026-10-08"}}, {"type": "Feature", "geometry": {"type": "Point", "coordinates": [-82.40833333503801, 35.625000000572]}, "properties": {"p_logistic": 0.46997809410095215, "p_rf": 0.6959999799728394, "p_xgb": 0.9854658842086792, "date": "2026-10-08"}}, {"type": "Feature", "geometry": {"type": "Point", "coordinates": [-82.40000000170502, 35.625000000572]}, "properties": {"p_logistic": 0.454770565032959, "p_rf": 0.7020000219345093, "p_xgb": 0.9912801384925842, "date": "2026-10-08"}}, {"type": "Feature", "geometry": {"type": "Point", "coordinates": [-82.39166666837201, 35.625000000572]}, "properties": {"p_logistic": 0.4406091868877411, "p_rf": 0.6899999976158142, "p_xgb": 0.9925857186317444, "date": "2026-10-08"}}, {"type": "Feature", "geometry": {"type": "Point", "coordinates": [-82.38333333503903, 35.625000000572]}, "properties": {"p_logistic": 0.43071380257606506, "p_rf": 0.6460000276565552, "p_xgb": 0.9876726269721985, "date": "2026-10-08"}}, {"type": "Feature", "geometry": {"type": "Point", "coordinates": [-82.37500000170601, 35.625000000572]}, "properties": {"p_logistic": 0.42211979627609253, "p_rf": 0.7620000243186951, "p_xgb": 0.9863954782485962, "date": "2026-10-08"}}, {"type": "Feature", "geometry": {"type": "Point", "coordinates": [-82.36666666837301, 35.625000000572]}, "properties": {"p_logistic": 0.42263832688331604, "p_rf": 0.7599999904632568, "p_xgb": 0.985622227191925, "date": "2026-10-08"}}, {"type": "Feature", "geometry": {"type": "Point", "coordinates": [-82.35833333504002, 35.625000000572]}, "properties": {"p_logistic": 0.431929349899292, "p_rf": 0.7480000257492065, "p_xgb": 0.9756858348846436, "date": "2026-10-08"}}, {"type": "Feature", "geometry": {"type": "Point", "coordinates": [-82.35000000170702, 35.625000000572]}, "properties": {"p_logistic": 0.43821290135383606, "p_rf": 0.7279999852180481, "p_xgb": 0.9828354716300964, "date": "2026-10-08"}}, {"type": "Feature", "geometry": {"type": "Point", "coordinates": [-82.34166666837402, 35.625000000572]}, "properties": {"p_logistic": 0.4437994062900543, "p_rf": 0.6499999761581421, "p_xgb": 0.9854317307472229, "date": "2026-10-08"}}, {"type": "Feature", "geometry": {"type": "Point", "coordinates": [-82.33333333504102, 35.625000000572]}, "properties": {"p_logistic": 0.4482167959213257, "p_rf": 0.6460000276565552, "p_xgb": 0.985299825668335, "date": "2026-10-08"}}, {"type": "Feature", "geometry": {"type": "Point", "coordinates": [-82.32500000170802, 35.625000000572]}, "properties": {"p_logistic": 0.45416367053985596, "p_rf": 0.6880000233650208, "p_xgb": 0.9893359541893005, "date": "2026-10-08"}}, {"type": "Feature", "geometry": {"type": "Point", "coordinates": [-82.31666666837502, 35.625000000572]}, "properties": {"p_logistic": 0.462338387966156, "p_rf": 0.6660000085830688, "p_xgb": 0.9847501516342163, "date": "2026-10-08"}}, {"type": "Feature", "geometry": {"type": "Point", "coordinates": [-82.30833333504202, 35.625000000572]}, "properties": {"p_logistic": 0.4708422124385834, "p_rf": 0.6959999799728394, "p_xgb": 0.9847748875617981, "date": "2026-10-08"}}, {"type": "Feature", "geometry": {"type": "Point", "coordinates": [-82.30000000170901, 35.625000000572]}, "properties": {"p_logistic": 0.47756704688072205, "p_rf": 0.7720000147819519, "p_xgb": 0.996292233467102, "date": "2026-10-08"}}, {"type": "Feature", "geometry": {"type": "Point", "coordinates": [-82.29166666837602, 35.625000000572]}, "properties": {"p_logistic": 0.48122090101242065, "p_rf": 0.5720000267028809, "p_xgb": 0.99334716796875, "date": "2026-10-08"}}, {"type": "Feature", "geometry": {"type": "Point", "coordinates": [-82.28333333504301, 35.625000000572]}, "properties": {"p_logistic": 0.4866269528865814, "p_rf": 0.5299999713897705, "p_xgb": 0.9885541796684265, "date": "2026-10-08"}}, {"type": "Feature", "geometry": {"type": "Point", "coordinates": [-82.27500000171003, 35.625000000572]}, "properties": {"p_logistic": 0.4967891275882721, "p_rf": 0.4519999921321869, "p_xgb": 0.988962709903717, "date": "2026-10-08"}}, {"type": "Feature", "geometry": {"type": "Point", "coordinates": [-82.85000000168702, 35.616666667239]}, "properties": {"p_logistic": 0.4650614261627197, "p_rf": 0.8640000224113464, "p_xgb": 0.9949827194213867, "date": "2026-10-08"}}, {"type": "Feature", "geometry": {"type": "Point", "coordinates": [-82.80833333502201, 35.616666667239]}, "properties": {"p_logistic": 0.4816800057888031, "p_rf": 0.8320000171661377, "p_xgb": 0.9885922074317932, "date": "2026-10-08"}}, {"type": "Feature", "geometry": {"type": "Point", "coordinates": [-82.80000000168901, 35.616666667239]}, "properties": {"p_logistic": 0.4815337657928467, "p_rf": 0.8420000076293945, "p_xgb": 0.9955583810806274, "date": "2026-10-08"}}, {"type": "Feature", "geometry": {"type": "Point", "coordinates": [-82.79166666835602, 35.616666667239]}, "properties": {"p_logistic": 0.48307886719703674, "p_rf": 0.8240000009536743, "p_xgb": 0.9962100982666016, "date": "2026-10-08"}}, {"type": "Feature", "geometry": {"type": "Point", "coordinates": [-82.78333333502302, 35.616666667239]}, "properties": {"p_logistic": 0.48407506942749023, "p_rf": 0.6779999732971191, "p_xgb": 0.9595330357551575, "date": "2026-10-08"}}, {"type": "Feature", "geometry": {"type": "Point", "coordinates": [-82.77500000169002, 35.616666667239]}, "properties": {"p_logistic": 0.4848620593547821, "p_rf": 0.6779999732971191, "p_xgb": 0.9584900140762329, "date": "2026-10-08"}}, {"type": "Feature", "geometry": {"type": "Point", "coordinates": [-82.76666666835702, 35.616666667239]}, "properties": {"p_logistic": 0.4843541979789734, "p_rf": 0.6759999990463257, "p_xgb": 0.9593061208724976, "date": "2026-10-08"}}, {"type": "Feature", "geometry": {"type": "Point", "coordinates": [-82.75833333502402, 35.616666667239]}, "properties": {"p_logistic": 0.48280665278434753, "p_rf": 0.6800000071525574, "p_xgb": 0.9593061208724976, "date": "2026-10-08"}}, {"type": "Feature", "geometry": {"type": "Point", "coordinates": [-82.75000000169102, 35.616666667239]}, "properties": {"p_logistic": 0.4809316098690033, "p_rf": 0.6800000071525574, "p_xgb": 0.9576140642166138, "date": "2026-10-08"}}, {"type": "Feature", "geometry": {"type": "Point", "coordinates": [-82.74166666835802, 35.616666667239]}, "properties": {"p_logistic": 0.48496347665786743, "p_rf": 0.6779999732971191, "p_xgb": 0.9576140642166138, "date": "2026-10-08"}}, {"type": "Feature", "geometry": {"type": "Point", "coordinates": [-82.73333333502501, 35.616666667239]}, "properties": {"p_logistic": 0.4871178865432739, "p_rf": 0.6779999732971191, "p_xgb": 0.9576140642166138, "date": "2026-10-08"}}, {"type": "Feature", "geometry": {"type": "Point", "coordinates": [-82.72500000169202, 35.616666667239]}, "properties": {"p_logistic": 0.48772937059402466, "p_rf": 0.6859999895095825, "p_xgb": 0.9673556089401245, "date": "2026-10-08"}}, {"type": "Feature", "geometry": {"type": "Point", "coordinates": [-82.71666666835901, 35.616666667239]}, "properties": {"p_logistic": 0.4877147376537323, "p_rf": 0.7200000286102295, "p_xgb": 0.9703075885772705, "date": "2026-10-08"}}, {"type": "Feature", "geometry": {"type": "Point", "coordinates": [-82.70833333502603, 35.616666667239]}, "properties": {"p_logistic": 0.4876488149166107, "p_rf": 0.7039999961853027, "p_xgb": 0.9711365103721619, "date": "2026-10-08"}}, {"type": "Feature", "geometry": {"type": "Point", "coordinates": [-82.70000000169301, 35.616666667239]}, "properties": {"p_logistic": 0.4870940148830414, "p_rf": 0.7080000042915344, "p_xgb": 0.9711365103721619, "date": "2026-10-08"}}, {"type": "Feature", "geometry": {"type": "Point", "coordinates": [-82.69166666836001, 35.616666667239]}, "properties": {"p_logistic": 0.4868239462375641, "p_rf": 0.7080000042915344, "p_xgb": 0.9711365103721619, "date": "2026-10-08"}}, {"type": "Feature", "geometry": {"type": "Point", "coordinates": [-82.68333333502702, 35.616666667239]}, "properties": {"p_logistic": 0.4858645796775818, "p_rf": 0.7080000042915344, "p_xgb": 0.9711365103721619, "date": "2026-10-08"}}, {"type": "Feature", "geometry": {"type": "Point", "coordinates": [-82.67500000169402, 35.616666667239]}, "properties": {"p_logistic": 0.48604118824005127, "p_rf": 0.7080000042915344, "p_xgb": 0.9711365103721619, "date": "2026-10-08"}}, {"type": "Feature", "geometry": {"type": "Point", "coordinates": [-82.66666666836102, 35.616666667239]}, "properties": {"p_logistic": 0.48687848448753357, "p_rf": 0.7080000042915344, "p_xgb": 0.9711365103721619, "date": "2026-10-08"}}, {"type": "Feature", "geometry": {"type": "Point", "coordinates": [-82.65833333502802, 35.616666667239]}, "properties": {"p_logistic": 0.48731809854507446, "p_rf": 0.7080000042915344, "p_xgb": 0.9711365103721619, "date": "2026-10-08"}}, {"type": "Feature", "geometry": {"type": "Point", "coordinates": [-82.65000000169502, 35.616666667239]}, "properties": {"p_logistic": 0.48754164576530457, "p_rf": 0.7080000042915344, "p_xgb": 0.9711365103721619, "date": "2026-10-08"}}, {"type": "Feature", "geometry": {"type": "Point", "coordinates": [-82.64166666836202, 35.616666667239]}, "properties": {"p_logistic": 0.4872061610221863, "p_rf": 0.7080000042915344, "p_xgb": 0.9711365103721619, "date": "2026-10-08"}}, {"type": "Feature", "geometry": {"type": "Point", "coordinates": [-82.63333333502902, 35.616666667239]}, "properties": {"p_logistic": 0.4871748387813568, "p_rf": 0.7080000042915344, "p_xgb": 0.9711365103721619, "date": "2026-10-08"}}, {"type": "Feature", "geometry": {"type": "Point", "coordinates": [-82.62500000169601, 35.616666667239]}, "properties": {"p_logistic": 0.4868476390838623, "p_rf": 0.7080000042915344, "p_xgb": 0.9711365103721619, "date": "2026-10-08"}}, {"type": "Feature", "geometry": {"type": "Point", "coordinates": [-82.61666666836302, 35.616666667239]}, "properties": {"p_logistic": 0.4864143431186676, "p_rf": 0.7080000042915344, "p_xgb": 0.9711365103721619, "date": "2026-10-08"}}, {"type": "Feature", "geometry": {"type": "Point", "coordinates": [-82.60833333503001, 35.616666667239]}, "properties": {"p_logistic": 0.48580557107925415, "p_rf": 0.7080000042915344, "p_xgb": 0.9711365103721619, "date": "2026-10-08"}}, {"type": "Feature", "geometry": {"type": "Point", "coordinates": [-82.60000000169703, 35.616666667239]}, "properties": {"p_logistic": 0.48638230562210083, "p_rf": 0.7080000042915344, "p_xgb": 0.9711365103721619, "date": "2026-10-08"}}, {"type": "Feature", "geometry": {"type": "Point", "coordinates": [-82.59166666836401, 35.616666667239]}, "properties": {"p_logistic": 0.4868994355201721, "p_rf": 0.7080000042915344, "p_xgb": 0.9711365103721619, "date": "2026-10-08"}}, {"type": "Feature", "geometry": {"type": "Point", "coordinates": [-82.58333333503101, 35.616666667239]}, "properties": {"p_logistic": 0.48704639077186584, "p_rf": 0.7080000042915344, "p_xgb": 0.9711365103721619, "date": "2026-10-08"}}, {"type": "Feature", "geometry": {"type": "Point", "coordinates": [-82.57500000169802, 35.616666667239]}, "properties": {"p_logistic": 0.4871639311313629, "p_rf": 0.7080000042915344, "p_xgb": 0.9694115519523621, "date": "2026-10-08"}}, {"type": "Feature", "geometry": {"type": "Point", "coordinates": [-82.56666666836502, 35.616666667239]}, "properties": {"p_logistic": 0.4877764582633972, "p_rf": 0.7080000042915344, "p_xgb": 0.9700514078140259, "date": "2026-10-08"}}, {"type": "Feature", "geometry": {"type": "Point", "coordinates": [-82.55833333503202, 35.616666667239]}, "properties": {"p_logistic": 0.48935821652412415, "p_rf": 0.7059999704360962, "p_xgb": 0.9700514078140259, "date": "2026-10-08"}}, {"type": "Feature", "geometry": {"type": "Point", "coordinates": [-82.55000000169902, 35.616666667239]}, "properties": {"p_logistic": 0.48919516801834106, "p_rf": 0.7039999961853027, "p_xgb": 0.9690876603126526, "date": "2026-10-08"}}, {"type": "Feature", "geometry": {"type": "Point", "coordinates": [-82.54166666836602, 35.616666667239]}, "properties": {"p_logistic": 0.48649534583091736, "p_rf": 0.7039999961853027, "p_xgb": 0.9785386919975281, "date": "2026-10-08"}}, {"type": "Feature", "geometry": {"type": "Point", "coordinates": [-82.53333333503302, 35.616666667239]}, "properties": {"p_logistic": 0.4854198098182678, "p_rf": 0.7039999961853027, "p_xgb": 0.9776396751403809, "date": "2026-10-08"}}, {"type": "Feature", "geometry": {"type": "Point", "coordinates": [-82.52500000170002, 35.616666667239]}, "properties": {"p_logistic": 0.48569369316101074, "p_rf": 0.722000002861023, "p_xgb": 0.9867570400238037, "date": "2026-10-08"}}, {"type": "Feature", "geometry": {"type": "Point", "coordinates": [-82.51666666836701, 35.616666667239]}, "properties": {"p_logistic": 0.49112534523010254, "p_rf": 0.6779999732971191, "p_xgb": 0.9554911851882935, "date": "2026-10-08"}}, {"type": "Feature", "geometry": {"type": "Point", "coordinates": [-82.50833333503402, 35.616666667239]}, "properties": {"p_logistic": 0.4889542758464813, "p_rf": 0.8259999752044678, "p_xgb": 0.9949073195457458, "date": "2026-10-08"}}, {"type": "Feature", "geometry": {"type": "Point", "coordinates": [-82.50000000170101, 35.616666667239]}, "properties": {"p_logistic": 0.48549824953079224, "p_rf": 0.8379999995231628, "p_xgb": 0.9871219992637634, "date": "2026-10-08"}}, {"type": "Feature", "geometry": {"type": "Point", "coordinates": [-82.49166666836803, 35.616666667239]}, "properties": {"p_logistic": 0.4856158494949341, "p_rf": 0.8679999709129333, "p_xgb": 0.9946529865264893, "date": "2026-10-08"}}, {"type": "Feature", "geometry": {"type": "Point", "coordinates": [-82.48333333503501, 35.616666667239]}, "properties": {"p_logistic": 0.4897352457046509, "p_rf": 0.7599999904632568, "p_xgb": 0.9928223490715027, "date": "2026-10-08"}}, {"type": "Feature", "geometry": {"type": "Point", "coordinates": [-82.47500000170201, 35.616666667239]}, "properties": {"p_logistic": 0.48989397287368774, "p_rf": 0.6840000152587891, "p_xgb": 0.993889570236206, "date": "2026-10-08"}}, {"type": "Feature", "geometry": {"type": "Point", "coordinates": [-82.46666666836902, 35.616666667239]}, "properties": {"p_logistic": 0.4845387637615204, "p_rf": 0.6520000100135803, "p_xgb": 0.9938573241233826, "date": "2026-10-08"}}, {"type": "Feature", "geometry": {"type": "Point", "coordinates": [-82.45833333503602, 35.616666667239]}, "properties": {"p_logistic": 0.4796653687953949, "p_rf": 0.671999990940094, "p_xgb": 0.9934012293815613, "date": "2026-10-08"}}, {"type": "Feature", "geometry": {"type": "Point", "coordinates": [-82.45000000170302, 35.616666667239]}, "properties": {"p_logistic": 0.4718906879425049, "p_rf": 0.7620000243186951, "p_xgb": 0.9912657141685486, "date": "2026-10-08"}}, {"type": "Feature", "geometry": {"type": "Point", "coordinates": [-82.44166666837002, 35.616666667239]}, "properties": {"p_logistic": 0.47155192494392395, "p_rf": 0.7480000257492065, "p_xgb": 0.9904344081878662, "date": "2026-10-08"}}, {"type": "Feature", "geometry": {"type": "Point", "coordinates": [-82.43333333503702, 35.616666667239]}, "properties": {"p_logistic": 0.47114092111587524, "p_rf": 0.6460000276565552, "p_xgb": 0.9833641052246094, "date": "2026-10-08"}}, {"type": "Feature", "geometry": {"type": "Point", "coordinates": [-82.42500000170402, 35.616666667239]}, "properties": {"p_logistic": 0.4667649269104004, "p_rf": 0.6840000152587891, "p_xgb": 0.9922950267791748, "date": "2026-10-08"}}, {"type": "Feature", "geometry": {"type": "Point", "coordinates": [-82.41666666837102, 35.616666667239]}, "properties": {"p_logistic": 0.4617733061313629, "p_rf": 0.7179999947547913, "p_xgb": 0.9902368187904358, "date": "2026-10-08"}}, {"type": "Feature", "geometry": {"type": "Point", "coordinates": [-82.40833333503801, 35.616666667239]}, "properties": {"p_logistic": 0.45163294672966003, "p_rf": 0.7139999866485596, "p_xgb": 0.9925490617752075, "date": "2026-10-08"}}, {"type": "Feature", "geometry": {"type": "Point", "coordinates": [-82.40000000170502, 35.616666667239]}, "properties": {"p_logistic": 0.43787023425102234, "p_rf": 0.6620000004768372, "p_xgb": 0.9925683736801147, "date": "2026-10-08"}}, {"type": "Feature", "geometry": {"type": "Point", "coordinates": [-82.39166666837201, 35.616666667239]}, "properties": {"p_logistic": 0.43323343992233276, "p_rf": 0.6499999761581421, "p_xgb": 0.9924442172050476, "date": "2026-10-08"}}, {"type": "Feature", "geometry": {"type": "Point", "coordinates": [-82.38333333503903, 35.616666667239]}, "properties": {"p_logistic": 0.4386584460735321, "p_rf": 0.6480000019073486, "p_xgb": 0.9924129843711853, "date": "2026-10-08"}}, {"type": "Feature", "geometry": {"type": "Point", "coordinates": [-82.37500000170601, 35.616666667239]}, "properties": {"p_logistic": 0.4401930272579193, "p_rf": 0.6700000166893005, "p_xgb": 0.9915598034858704, "date": "2026-10-08"}}, {"type": "Feature", "geometry": {"type": "Point", "coordinates": [-82.36666666837301, 35.616666667239]}, "properties": {"p_logistic": 0.43706831336021423, "p_rf": 0.7519999742507935, "p_xgb": 0.9885212182998657, "date": "2026-10-08"}}, {"type": "Feature", "geometry": {"type": "Point", "coordinates": [-82.35833333504002, 35.616666667239]}, "properties": {"p_logistic": 0.43231263756752014, "p_rf": 0.7960000038146973, "p_xgb": 0.9905866980552673, "date": "2026-10-08"}}, {"type": "Feature", "geometry": {"type": "Point", "coordinates": [-82.35000000170702, 35.616666667239]}, "properties": {"p_logistic": 0.4316607713699341, "p_rf": 0.8180000185966492, "p_xgb": 0.9876396059989929, "date": "2026-10-08"}}, {"type": "Feature", "geometry": {"type": "Point", "coordinates": [-82.34166666837402, 35.616666667239]}, "properties": {"p_logistic": 0.4351682662963867, "p_rf": 0.800000011920929, "p_xgb": 0.9898195862770081, "date": "2026-10-08"}}, {"type": "Feature", "geometry": {"type": "Point", "coordinates": [-82.33333333504102, 35.616666667239]}, "properties": {"p_logistic": 0.4365271329879761, "p_rf": 0.7580000162124634, "p_xgb": 0.9869288206100464, "date": "2026-10-08"}}, {"type": "Feature", "geometry": {"type": "Point", "coordinates": [-82.32500000170802, 35.616666667239]}, "properties": {"p_logistic": 0.44138970971107483, "p_rf": 0.6759999990463257, "p_xgb": 0.9870874881744385, "date": "2026-10-08"}}, {"type": "Feature", "geometry": {"type": "Point", "coordinates": [-82.31666666837502, 35.616666667239]}, "properties": {"p_logistic": 0.44892382621765137, "p_rf": 0.6880000233650208, "p_xgb": 0.9844621419906616, "date": "2026-10-08"}}, {"type": "Feature", "geometry": {"type": "Point", "coordinates": [-82.30833333504202, 35.616666667239]}, "properties": {"p_logistic": 0.45788970589637756, "p_rf": 0.6740000247955322, "p_xgb": 0.985142171382904, "date": "2026-10-08"}}, {"type": "Feature", "geometry": {"type": "Point", "coordinates": [-82.30000000170901, 35.616666667239]}, "properties": {"p_logistic": 0.4638262391090393, "p_rf": 0.7020000219345093, "p_xgb": 0.9905174374580383, "date": "2026-10-08"}}, {"type": "Feature", "geometry": {"type": "Point", "coordinates": [-82.29166666837602, 35.616666667239]}, "properties": {"p_logistic": 0.4683779180049896, "p_rf": 0.6959999799728394, "p_xgb": 0.9847748875617981, "date": "2026-10-08"}}, {"type": "Feature", "geometry": {"type": "Point", "coordinates": [-82.28333333504301, 35.616666667239]}, "properties": {"p_logistic": 0.4754166305065155, "p_rf": 0.7720000147819519, "p_xgb": 0.9968241453170776, "date": "2026-10-08"}}, {"type": "Feature", "geometry": {"type": "Point", "coordinates": [-82.27500000171003, 35.616666667239]}, "properties": {"p_logistic": 0.48769721388816833, "p_rf": 0.5400000214576721, "p_xgb": 0.9935910701751709, "date": "2026-10-08"}}, {"type": "Feature", "geometry": {"type": "Point", "coordinates": [-82.26666666837701, 35.616666667239]}, "properties": {"p_logistic": 0.5027515292167664, "p_rf": 0.45399999618530273, "p_xgb": 0.9881585240364075, "date": "2026-10-08"}}, {"type": "Feature", "geometry": {"type": "Point", "coordinates": [-82.80000000168901, 35.608333333906]}, "properties": {"p_logistic": 0.47412410378456116, "p_rf": 0.6779999732971191, "p_xgb": 0.9595330357551575, "date": "2026-10-08"}}, {"type": "Feature", "geometry": {"type": "Point", "coordinates": [-82.79166666835602, 35.608333333906]}, "properties": {"p_logistic": 0.47571486234664917, "p_rf": 0.6859999895095825, "p_xgb": 0.9724872708320618, "date": "2026-10-08"}}, {"type": "Feature", "geometry": {"type": "Point", "coordinates": [-82.78333333502302, 35.608333333906]}, "properties": {"p_logistic": 0.4777016341686249, "p_rf": 0.7200000286102295, "p_xgb": 0.9724872708320618, "date": "2026-10-08"}}, {"type": "Feature", "geometry": {"type": "Point", "coordinates": [-82.77500000169002, 35.608333333906]}, "properties": {"p_logistic": 0.47909852862358093, "p_rf": 0.722000002861023, "p_xgb": 0.9670749306678772, "date": "2026-10-08"}}, {"type": "Feature", "geometry": {"type": "Point", "coordinates": [-82.76666666835702, 35.608333333906]}, "properties": {"p_logistic": 0.4788007140159607, "p_rf": 0.7039999961853027, "p_xgb": 0.967727780342102, "date": "2026-10-08"}}, {"type": "Feature", "geometry": {"type": "Point", "coordinates": [-82.75833333502402, 35.608333333906]}, "properties": {"p_logistic": 0.47733578085899353, "p_rf": 0.7039999961853027, "p_xgb": 0.967727780342102, "date": "2026-10-08"}}, {"type": "Feature", "geometry": {"type": "Point", "coordinates": [-82.75000000169102, 35.608333333906]}, "properties": {"p_logistic": 0.48215147852897644, "p_rf": 0.7139999866485596, "p_xgb": 0.9723309278488159, "date": "2026-10-08"}}, {"type": "Feature", "geometry": {"type": "Point", "coordinates": [-82.74166666835802, 35.608333333906]}, "properties": {"p_logistic": 0.4846603572368622, "p_rf": 0.6859999895095825, "p_xgb": 0.9654127955436707, "date": "2026-10-08"}}, {"type": "Feature", "geometry": {"type": "Point", "coordinates": [-82.73333333502501, 35.608333333906]}, "properties": {"p_logistic": 0.4851060211658478, "p_rf": 0.7179999947547913, "p_xgb": 0.9654127955436707, "date": "2026-10-08"}}, {"type": "Feature", "geometry": {"type": "Point", "coordinates": [-82.72500000169202, 35.608333333906]}, "properties": {"p_logistic": 0.4846591651439667, "p_rf": 0.7039999961853027, "p_xgb": 0.9711365103721619, "date": "2026-10-08"}}, {"type": "Feature", "geometry": {"type": "Point", "coordinates": [-82.71666666835901, 35.608333333906]}, "properties": {"p_logistic": 0.48487287759780884, "p_rf": 0.7080000042915344, "p_xgb": 0.9711365103721619, "date": "2026-10-08"}}, {"type": "Feature", "geometry": {"type": "Point", "coordinates": [-82.70833333502603, 35.608333333906]}, "properties": {"p_logistic": 0.4851991832256317, "p_rf": 0.7080000042915344, "p_xgb": 0.9711365103721619, "date": "2026-10-08"}}, {"type": "Feature", "geometry": {"type": "Point", "coordinates": [-82.70000000169301, 35.608333333906]}, "properties": {"p_logistic": 0.48544445633888245, "p_rf": 0.7080000042915344, "p_xgb": 0.9711365103721619, "date": "2026-10-08"}}, {"type": "Feature", "geometry": {"type": "Point", "coordinates": [-82.69166666836001, 35.608333333906]}, "properties": {"p_logistic": 0.4861399531364441, "p_rf": 0.7080000042915344, "p_xgb": 0.9711365103721619, "date": "2026-10-08"}}, {"type": "Feature", "geometry": {"type": "Point", "coordinates": [-82.68333333502702, 35.608333333906]}, "properties": {"p_logistic": 0.4857959449291229, "p_rf": 0.7080000042915344, "p_xgb": 0.9711365103721619, "date": "2026-10-08"}}, {"type": "Feature", "geometry": {"type": "Point", "coordinates": [-82.67500000169402, 35.608333333906]}, "properties": {"p_logistic": 0.4854709208011627, "p_rf": 0.7080000042915344, "p_xgb": 0.9711365103721619, "date": "2026-10-08"}}, {"type": "Feature", "geometry": {"type": "Point", "coordinates": [-82.66666666836102, 35.608333333906]}, "properties": {"p_logistic": 0.48574474453926086, "p_rf": 0.7080000042915344, "p_xgb": 0.9711365103721619, "date": "2026-10-08"}}, {"type": "Feature", "geometry": {"type": "Point", "coordinates": [-82.65833333502802, 35.608333333906]}, "properties": {"p_logistic": 0.48582789301872253, "p_rf": 0.7080000042915344, "p_xgb": 0.9711365103721619, "date": "2026-10-08"}}, {"type": "Feature", "geometry": {"type": "Point", "coordinates": [-82.65000000169502, 35.608333333906]}, "properties": {"p_logistic": 0.4859928786754608, "p_rf": 0.7080000042915344, "p_xgb": 0.9711365103721619, "date": "2026-10-08"}}, {"type": "Feature", "geometry": {"type": "Point", "coordinates": [-82.64166666836202, 35.608333333906]}, "properties": {"p_logistic": 0.48544201254844666, "p_rf": 0.7080000042915344, "p_xgb": 0.9711365103721619, "date": "2026-10-08"}}, {"type": "Feature", "geometry": {"type": "Point", "coordinates": [-82.63333333502902, 35.608333333906]}, "properties": {"p_logistic": 0.4850301146507263, "p_rf": 0.7080000042915344, "p_xgb": 0.9694115519523621, "date": "2026-10-08"}}, {"type": "Feature", "geometry": {"type": "Point", "coordinates": [-82.62500000169601, 35.608333333906]}, "properties": {"p_logistic": 0.4860013425350189, "p_rf": 0.7080000042915344, "p_xgb": 0.9706470966339111, "date": "2026-10-08"}}, {"type": "Feature", "geometry": {"type": "Point", "coordinates": [-82.61666666836302, 35.608333333906]}, "properties": {"p_logistic": 0.4868115484714508, "p_rf": 0.7080000042915344, "p_xgb": 0.9706470966339111, "date": "2026-10-08"}}, {"type": "Feature", "geometry": {"type": "Point", "coordinates": [-82.60833333503001, 35.608333333906]}, "properties": {"p_logistic": 0.4880453944206238, "p_rf": 0.7080000042915344, "p_xgb": 0.9706470966339111, "date": "2026-10-08"}}, {"type": "Feature", "geometry": {"type": "Point", "coordinates": [-82.60000000169703, 35.608333333906]}, "properties": {"p_logistic": 0.48867350816726685, "p_rf": 0.7080000042915344, "p_xgb": 0.9694115519523621, "date": "2026-10-08"}}, {"type": "Feature", "geometry": {"type": "Point", "coordinates": [-82.59166666836401, 35.608333333906]}, "properties": {"p_logistic": 0.488935261964798, "p_rf": 0.7080000042915344, "p_xgb": 0.9694115519523621, "date": "2026-10-08"}}, {"type": "Feature", "geometry": {"type": "Point", "coordinates": [-82.58333333503101, 35.608333333906]}, "properties": {"p_logistic": 0.4889163076877594, "p_rf": 0.7080000042915344, "p_xgb": 0.9706470966339111, "date": "2026-10-08"}}, {"type": "Feature", "geometry": {"type": "Point", "coordinates": [-82.57500000169802, 35.608333333906]}, "properties": {"p_logistic": 0.48905491828918457, "p_rf": 0.7080000042915344, "p_xgb": 0.9700514078140259, "date": "2026-10-08"}}, {"type": "Feature", "geometry": {"type": "Point", "coordinates": [-82.56666666836502, 35.608333333906]}, "properties": {"p_logistic": 0.48987483978271484, "p_rf": 0.7080000042915344, "p_xgb": 0.9700514078140259, "date": "2026-10-08"}}, {"type": "Feature", "geometry": {"type": "Point", "coordinates": [-82.55833333503202, 35.608333333906]}, "properties": {"p_logistic": 0.49073708057403564, "p_rf": 0.7080000042915344, "p_xgb": 0.9678323864936829, "date": "2026-10-08"}}, {"type": "Feature", "geometry": {"type": "Point", "coordinates": [-82.55000000169902, 35.608333333906]}, "properties": {"p_logistic": 0.4899423122406006, "p_rf": 0.7080000042915344, "p_xgb": 0.977786123752594, "date": "2026-10-08"}}, {"type": "Feature", "geometry": {"type": "Point", "coordinates": [-82.54166666836602, 35.608333333906]}, "properties": {"p_logistic": 0.4868224263191223, "p_rf": 0.7080000042915344, "p_xgb": 0.9790005087852478, "date": "2026-10-08"}}, {"type": "Feature", "geometry": {"type": "Point", "coordinates": [-82.53333333503302, 35.608333333906]}, "properties": {"p_logistic": 0.488237202167511, "p_rf": 0.7080000042915344, "p_xgb": 0.9880576133728027, "date": "2026-10-08"}}, {"type": "Feature", "geometry": {"type": "Point", "coordinates": [-82.52500000170002, 35.608333333906]}, "properties": {"p_logistic": 0.5017089247703552, "p_rf": 0.6779999732971191, "p_xgb": 0.9523481130599976, "date": "2026-10-08"}}, {"type": "Feature", "geometry": {"type": "Point", "coordinates": [-82.51666666836701, 35.608333333906]}, "properties": {"p_logistic": 0.508915901184082, "p_rf": 0.8539999723434448, "p_xgb": 0.9942527413368225, "date": "2026-10-08"}}, {"type": "Feature", "geometry": {"type": "Point", "coordinates": [-82.50833333503402, 35.608333333906]}, "properties": {"p_logistic": 0.5061299204826355, "p_rf": 0.8700000047683716, "p_xgb": 0.9971467852592468, "date": "2026-10-08"}}, {"type": "Feature", "geometry": {"type": "Point", "coordinates": [-82.50000000170101, 35.608333333906]}, "properties": {"p_logistic": 0.5000566244125366, "p_rf": 0.8360000252723694, "p_xgb": 0.9920491576194763, "date": "2026-10-08"}}, {"type": "Feature", "geometry": {"type": "Point", "coordinates": [-82.49166666836803, 35.608333333906]}, "properties": {"p_logistic": 0.4971260726451874, "p_rf": 0.8040000200271606, "p_xgb": 0.9948022365570068, "date": "2026-10-08"}}, {"type": "Feature", "geometry": {"type": "Point", "coordinates": [-82.48333333503501, 35.608333333906]}, "properties": {"p_logistic": 0.4971976578235626, "p_rf": 0.7599999904632568, "p_xgb": 0.9938024282455444, "date": "2026-10-08"}}, {"type": "Feature", "geometry": {"type": "Point", "coordinates": [-82.47500000170201, 35.608333333906]}, "properties": {"p_logistic": 0.49544063210487366, "p_rf": 0.6539999842643738, "p_xgb": 0.9950555562973022, "date": "2026-10-08"}}, {"type": "Feature", "geometry": {"type": "Point", "coordinates": [-82.46666666836902, 35.608333333906]}, "properties": {"p_logistic": 0.48915502429008484, "p_rf": 0.6499999761581421, "p_xgb": 0.9927763938903809, "date": "2026-10-08"}}, {"type": "Feature", "geometry": {"type": "Point", "coordinates": [-82.45833333503602, 35.608333333906]}, "properties": {"p_logistic": 0.4847937822341919, "p_rf": 0.6539999842643738, "p_xgb": 0.9934012293815613, "date": "2026-10-08"}}, {"type": "Feature", "geometry": {"type": "Point", "coordinates": [-82.45000000170302, 35.608333333906]}, "properties": {"p_logistic": 0.47961631417274475, "p_rf": 0.7480000257492065, "p_xgb": 0.9946650266647339, "date": "2026-10-08"}}, {"type": "Feature", "geometry": {"type": "Point", "coordinates": [-82.44166666837002, 35.608333333906]}, "properties": {"p_logistic": 0.47202831506729126, "p_rf": 0.7620000243186951, "p_xgb": 0.9877488017082214, "date": "2026-10-08"}}, {"type": "Feature", "geometry": {"type": "Point", "coordinates": [-82.43333333503702, 35.608333333906]}, "properties": {"p_logistic": 0.4651643633842468, "p_rf": 0.7620000243186951, "p_xgb": 0.9870858788490295, "date": "2026-10-08"}}, {"type": "Feature", "geometry": {"type": "Point", "coordinates": [-82.42500000170402, 35.608333333906]}, "properties": {"p_logistic": 0.45695966482162476, "p_rf": 0.7480000257492065, "p_xgb": 0.992009162902832, "date": "2026-10-08"}}, {"type": "Feature", "geometry": {"type": "Point", "coordinates": [-82.41666666837102, 35.608333333906]}, "properties": {"p_logistic": 0.4479745924472809, "p_rf": 0.6700000166893005, "p_xgb": 0.9890612363815308, "date": "2026-10-08"}}, {"type": "Feature", "geometry": {"type": "Point", "coordinates": [-82.40833333503801, 35.608333333906]}, "properties": {"p_logistic": 0.43940314650535583, "p_rf": 0.6700000166893005, "p_xgb": 0.9915598034858704, "date": "2026-10-08"}}, {"type": "Feature", "geometry": {"type": "Point", "coordinates": [-82.40000000170502, 35.608333333906]}, "properties": {"p_logistic": 0.43802765011787415, "p_rf": 0.6460000276565552, "p_xgb": 0.9928695559501648, "date": "2026-10-08"}}, {"type": "Feature", "geometry": {"type": "Point", "coordinates": [-82.39166666837201, 35.608333333906]}, "properties": {"p_logistic": 0.4406334161758423, "p_rf": 0.6460000276565552, "p_xgb": 0.9928695559501648, "date": "2026-10-08"}}, {"type": "Feature", "geometry": {"type": "Point", "coordinates": [-82.38333333503903, 35.608333333906]}, "properties": {"p_logistic": 0.44609159231185913, "p_rf": 0.6460000276565552, "p_xgb": 0.9924129843711853, "date": "2026-10-08"}}, {"type": "Feature", "geometry": {"type": "Point", "coordinates": [-82.37500000170601, 35.608333333906]}, "properties": {"p_logistic": 0.44824886322021484, "p_rf": 0.6480000019073486, "p_xgb": 0.9912034273147583, "date": "2026-10-08"}}, {"type": "Feature", "geometry": {"type": "Point", "coordinates": [-82.36666666837301, 35.608333333906]}, "properties": {"p_logistic": 0.4484989643096924, "p_rf": 0.7419999837875366, "p_xgb": 0.9939939379692078, "date": "2026-10-08"}}, {"type": "Feature", "geometry": {"type": "Point", "coordinates": [-82.35833333504002, 35.608333333906]}, "properties": {"p_logistic": 0.4428243339061737, "p_rf": 0.7620000243186951, "p_xgb": 0.9894730448722839, "date": "2026-10-08"}}, {"type": "Feature", "geometry": {"type": "Point", "coordinates": [-82.35000000170702, 35.608333333906]}, "properties": {"p_logistic": 0.4343315064907074, "p_rf": 0.8320000171661377, "p_xgb": 0.9912017583847046, "date": "2026-10-08"}}, {"type": "Feature", "geometry": {"type": "Point", "coordinates": [-82.34166666837402, 35.608333333906]}, "properties": {"p_logistic": 0.42992764711380005, "p_rf": 0.8619999885559082, "p_xgb": 0.9893359541893005, "date": "2026-10-08"}}, {"type": "Feature", "geometry": {"type": "Point", "coordinates": [-82.33333333504102, 35.608333333906]}, "properties": {"p_logistic": 0.4290928244590759, "p_rf": 0.8259999752044678, "p_xgb": 0.9872735738754272, "date": "2026-10-08"}}, {"type": "Feature", "geometry": {"type": "Point", "coordinates": [-82.32500000170802, 35.608333333906]}, "properties": {"p_logistic": 0.43115806579589844, "p_rf": 0.7699999809265137, "p_xgb": 0.9856479167938232, "date": "2026-10-08"}}, {"type": "Feature", "geometry": {"type": "Point", "coordinates": [-82.31666666837502, 35.608333333906]}, "properties": {"p_logistic": 0.43927574157714844, "p_rf": 0.6499999761581421, "p_xgb": 0.9830394387245178, "date": "2026-10-08"}}, {"type": "Feature", "geometry": {"type": "Point", "coordinates": [-82.30833333504202, 35.608333333906]}, "properties": {"p_logistic": 0.44721418619155884, "p_rf": 0.6840000152587891, "p_xgb": 0.9844498038291931, "date": "2026-10-08"}}, {"type": "Feature", "geometry": {"type": "Point", "coordinates": [-82.30000000170901, 35.608333333906]}, "properties": {"p_logistic": 0.45234039425849915, "p_rf": 0.7020000219345093, "p_xgb": 0.9884911775588989, "date": "2026-10-08"}}, {"type": "Feature", "geometry": {"type": "Point", "coordinates": [-82.29166666837602, 35.608333333906]}, "properties": {"p_logistic": 0.4571687579154968, "p_rf": 0.7020000219345093, "p_xgb": 0.9897164702415466, "date": "2026-10-08"}}, {"type": "Feature", "geometry": {"type": "Point", "coordinates": [-82.28333333504301, 35.608333333906]}, "properties": {"p_logistic": 0.46551230549812317, "p_rf": 0.6980000138282776, "p_xgb": 0.9835098385810852, "date": "2026-10-08"}}, {"type": "Feature", "geometry": {"type": "Point", "coordinates": [-82.80000000168901, 35.600000000573004]}, "properties": {"p_logistic": 0.47147804498672485, "p_rf": 0.6779999732971191, "p_xgb": 0.9595330357551575, "date": "2026-10-08"}}, {"type": "Feature", "geometry": {"type": "Point", "coordinates": [-82.79166666835602, 35.600000000573004]}, "properties": {"p_logistic": 0.471023291349411, "p_rf": 0.7200000286102295, "p_xgb": 0.9732570052146912, "date": "2026-10-08"}}, {"type": "Feature", "geometry": {"type": "Point", "coordinates": [-82.78333333502302, 35.600000000573004]}, "properties": {"p_logistic": 0.47275450825691223, "p_rf": 0.7039999961853027, "p_xgb": 0.9732570052146912, "date": "2026-10-08"}}, {"type": "Feature", "geometry": {"type": "Point", "coordinates": [-82.77500000169002, 35.600000000573004]}, "properties": {"p_logistic": 0.47472092509269714, "p_rf": 0.7059999704360962, "p_xgb": 0.9725576043128967, "date": "2026-10-08"}}, {"type": "Feature", "geometry": {"type": "Point", "coordinates": [-82.76666666835702, 35.600000000573004]}, "properties": {"p_logistic": 0.4750719964504242, "p_rf": 0.7080000042915344, "p_xgb": 0.9682406783103943, "date": "2026-10-08"}}, {"type": "Feature", "geometry": {"type": "Point", "coordinates": [-82.75833333502402, 35.600000000573004]}, "properties": {"p_logistic": 0.47562122344970703, "p_rf": 0.7059999704360962, "p_xgb": 0.967727780342102, "date": "2026-10-08"}}, {"type": "Feature", "geometry": {"type": "Point", "coordinates": [-82.75000000169102, 35.600000000573004]}, "properties": {"p_logistic": 0.4808935225009918, "p_rf": 0.7179999947547913, "p_xgb": 0.9723309278488159, "date": "2026-10-08"}}, {"type": "Feature", "geometry": {"type": "Point", "coordinates": [-82.74166666835802, 35.600000000573004]}, "properties": {"p_logistic": 0.48275160789489746, "p_rf": 0.7179999947547913, "p_xgb": 0.9668043851852417, "date": "2026-10-08"}}, {"type": "Feature", "geometry": {"type": "Point", "coordinates": [-82.73333333502501, 35.600000000573004]}, "properties": {"p_logistic": 0.4827766716480255, "p_rf": 0.7020000219345093, "p_xgb": 0.9677641987800598, "date": "2026-10-08"}}, {"type": "Feature", "geometry": {"type": "Point", "coordinates": [-82.72500000169202, 35.600000000573004]}, "properties": {"p_logistic": 0.48252323269844055, "p_rf": 0.7080000042915344, "p_xgb": 0.9694115519523621, "date": "2026-10-08"}}, {"type": "Feature", "geometry": {"type": "Point", "coordinates": [-82.71666666835901, 35.600000000573004]}, "properties": {"p_logistic": 0.48297935724258423, "p_rf": 0.7080000042915344, "p_xgb": 0.9711365103721619, "date": "2026-10-08"}}, {"type": "Feature", "geometry": {"type": "Point", "coordinates": [-82.70833333502603, 35.600000000573004]}, "properties": {"p_logistic": 0.48390012979507446, "p_rf": 0.7080000042915344, "p_xgb": 0.9711365103721619, "date": "2026-10-08"}}, {"type": "Feature", "geometry": {"type": "Point", "coordinates": [-82.70000000169301, 35.600000000573004]}, "properties": {"p_logistic": 0.4843159019947052, "p_rf": 0.7080000042915344, "p_xgb": 0.9711365103721619, "date": "2026-10-08"}}, {"type": "Feature", "geometry": {"type": "Point", "coordinates": [-82.69166666836001, 35.600000000573004]}, "properties": {"p_logistic": 0.48628485202789307, "p_rf": 0.7080000042915344, "p_xgb": 0.9711365103721619, "date": "2026-10-08"}}, {"type": "Feature", "geometry": {"type": "Point", "coordinates": [-82.68333333502702, 35.600000000573004]}, "properties": {"p_logistic": 0.48761487007141113, "p_rf": 0.7080000042915344, "p_xgb": 0.9711365103721619, "date": "2026-10-08"}}, {"type": "Feature", "geometry": {"type": "Point", "coordinates": [-82.67500000169402, 35.600000000573004]}, "properties": {"p_logistic": 0.48760131001472473, "p_rf": 0.7080000042915344, "p_xgb": 0.9711365103721619, "date": "2026-10-08"}}, {"type": "Feature", "geometry": {"type": "Point", "coordinates": [-82.66666666836102, 35.600000000573004]}, "properties": {"p_logistic": 0.48693472146987915, "p_rf": 0.7080000042915344, "p_xgb": 0.9711365103721619, "date": "2026-10-08"}}, {"type": "Feature", "geometry": {"type": "Point", "coordinates": [-82.65833333502802, 35.600000000573004]}, "properties": {"p_logistic": 0.4860532581806183, "p_rf": 0.7080000042915344, "p_xgb": 0.9711365103721619, "date": "2026-10-08"}}, {"type": "Feature", "geometry": {"type": "Point", "coordinates": [-82.65000000169502, 35.600000000573004]}, "properties": {"p_logistic": 0.485962450504303, "p_rf": 0.7080000042915344, "p_xgb": 0.9711365103721619, "date": "2026-10-08"}}, {"type": "Feature", "geometry": {"type": "Point", "coordinates": [-82.64166666836202, 35.600000000573004]}, "properties": {"p_logistic": 0.48639798164367676, "p_rf": 0.7080000042915344, "p_xgb": 0.9694115519523621, "date": "2026-10-08"}}, {"type": "Feature", "geometry": {"type": "Point", "coordinates": [-82.63333333502902, 35.600000000573004]}, "properties": {"p_logistic": 0.48753270506858826, "p_rf": 0.7080000042915344, "p_xgb": 0.9706470966339111, "date": "2026-10-08"}}, {"type": "Feature", "geometry": {"type": "Point", "coordinates": [-82.62500000169601, 35.600000000573004]}, "properties": {"p_logistic": 0.48886844515800476, "p_rf": 0.7080000042915344, "p_xgb": 0.9706470966339111, "date": "2026-10-08"}}, {"type": "Feature", "geometry": {"type": "Point", "coordinates": [-82.61666666836302, 35.600000000573004]}, "properties": {"p_logistic": 0.4896397888660431, "p_rf": 0.7080000042915344, "p_xgb": 0.9711151123046875, "date": "2026-10-08"}}, {"type": "Feature", "geometry": {"type": "Point", "coordinates": [-82.60833333503001, 35.600000000573004]}, "properties": {"p_logistic": 0.490296870470047, "p_rf": 0.7080000042915344, "p_xgb": 0.9711151123046875, "date": "2026-10-08"}}, {"type": "Feature", "geometry": {"type": "Point", "coordinates": [-82.60000000169703, 35.600000000573004]}, "properties": {"p_logistic": 0.49050000309944153, "p_rf": 0.7080000042915344, "p_xgb": 0.9711151123046875, "date": "2026-10-08"}}, {"type": "Feature", "geometry": {"type": "Point", "coordinates": [-82.59166666836401, 35.600000000573004]}, "properties": {"p_logistic": 0.4904038608074188, "p_rf": 0.7080000042915344, "p_xgb": 0.9706470966339111, "date": "2026-10-08"}}, {"type": "Feature", "geometry": {"type": "Point", "coordinates": [-82.58333333503101, 35.600000000573004]}, "properties": {"p_logistic": 0.49041470885276794, "p_rf": 0.7080000042915344, "p_xgb": 0.9706470966339111, "date": "2026-10-08"}}, {"type": "Feature", "geometry": {"type": "Point", "coordinates": [-82.57500000169802, 35.600000000573004]}, "properties": {"p_logistic": 0.4906297028064728, "p_rf": 0.7080000042915344, "p_xgb": 0.9700514078140259, "date": "2026-10-08"}}, {"type": "Feature", "geometry": {"type": "Point", "coordinates": [-82.56666666836502, 35.600000000573004]}, "properties": {"p_logistic": 0.49116531014442444, "p_rf": 0.7080000042915344, "p_xgb": 0.9690601229667664, "date": "2026-10-08"}}, {"type": "Feature", "geometry": {"type": "Point", "coordinates": [-82.55833333503202, 35.600000000573004]}, "properties": {"p_logistic": 0.4910213053226471, "p_rf": 0.7080000042915344, "p_xgb": 0.9690876603126526, "date": "2026-10-08"}}, {"type": "Feature", "geometry": {"type": "Point", "coordinates": [-82.55000000169902, 35.600000000573004]}, "properties": {"p_logistic": 0.49015504121780396, "p_rf": 0.7080000042915344, "p_xgb": 0.9796470403671265, "date": "2026-10-08"}}, {"type": "Feature", "geometry": {"type": "Point", "coordinates": [-82.54166666836602, 35.600000000573004]}, "properties": {"p_logistic": 0.48761290311813354, "p_rf": 0.7080000042915344, "p_xgb": 0.9790005087852478, "date": "2026-10-08"}}, {"type": "Feature", "geometry": {"type": "Point", "coordinates": [-82.53333333503302, 35.600000000573004]}, "properties": {"p_logistic": 0.4964922070503235, "p_rf": 0.7039999961853027, "p_xgb": 0.9857093095779419, "date": "2026-10-08"}}, {"type": "Feature", "geometry": {"type": "Point", "coordinates": [-82.52500000170002, 35.600000000573004]}, "properties": {"p_logistic": 0.5126545429229736, "p_rf": 0.8220000267028809, "p_xgb": 0.9941097497940063, "date": "2026-10-08"}}, {"type": "Feature", "geometry": {"type": "Point", "coordinates": [-82.51666666836701, 35.600000000573004]}, "properties": {"p_logistic": 0.5212212204933167, "p_rf": 0.8640000224113464, "p_xgb": 0.9956110119819641, "date": "2026-10-08"}}, {"type": "Feature", "geometry": {"type": "Point", "coordinates": [-82.50833333503402, 35.600000000573004]}, "properties": {"p_logistic": 0.5173075795173645, "p_rf": 0.8180000185966492, "p_xgb": 0.9955095052719116, "date": "2026-10-08"}}, {"type": "Feature", "geometry": {"type": "Point", "coordinates": [-82.50000000170101, 35.600000000573004]}, "properties": {"p_logistic": 0.5095383524894714, "p_rf": 0.8040000200271606, "p_xgb": 0.9925385117530823, "date": "2026-10-08"}}, {"type": "Feature", "geometry": {"type": "Point", "coordinates": [-82.49166666836803, 35.600000000573004]}, "properties": {"p_logistic": 0.5041390061378479, "p_rf": 0.800000011920929, "p_xgb": 0.9925385117530823, "date": "2026-10-08"}}, {"type": "Feature", "geometry": {"type": "Point", "coordinates": [-82.48333333503501, 35.600000000573004]}, "properties": {"p_logistic": 0.5024793148040771, "p_rf": 0.7519999742507935, "p_xgb": 0.9951300621032715, "date": "2026-10-08"}}, {"type": "Feature", "geometry": {"type": "Point", "coordinates": [-82.47500000170201, 35.600000000573004]}, "properties": {"p_logistic": 0.49895524978637695, "p_rf": 0.6679999828338623, "p_xgb": 0.9960488677024841, "date": "2026-10-08"}}, {"type": "Feature", "geometry": {"type": "Point", "coordinates": [-82.46666666836902, 35.600000000573004]}, "properties": {"p_logistic": 0.4914798438549042, "p_rf": 0.6520000100135803, "p_xgb": 0.9939476251602173, "date": "2026-10-08"}}, {"type": "Feature", "geometry": {"type": "Point", "coordinates": [-82.45833333503602, 35.600000000573004]}, "properties": {"p_logistic": 0.4852086901664734, "p_rf": 0.656000018119812, "p_xgb": 0.9934012293815613, "date": "2026-10-08"}}, {"type": "Feature", "geometry": {"type": "Point", "coordinates": [-82.45000000170302, 35.600000000573004]}, "properties": {"p_logistic": 0.4796273112297058, "p_rf": 0.7480000257492065, "p_xgb": 0.9946650266647339, "date": "2026-10-08"}}, {"type": "Feature", "geometry": {"type": "Point", "coordinates": [-82.44166666837002, 35.600000000573004]}, "properties": {"p_logistic": 0.47314783930778503, "p_rf": 0.7620000243186951, "p_xgb": 0.9884089231491089, "date": "2026-10-08"}}, {"type": "Feature", "geometry": {"type": "Point", "coordinates": [-82.43333333503702, 35.600000000573004]}, "properties": {"p_logistic": 0.46474042534828186, "p_rf": 0.7620000243186951, "p_xgb": 0.986575186252594, "date": "2026-10-08"}}, {"type": "Feature", "geometry": {"type": "Point", "coordinates": [-82.42500000170402, 35.600000000573004]}, "properties": {"p_logistic": 0.45795661211013794, "p_rf": 0.7459999918937683, "p_xgb": 0.9917995929718018, "date": "2026-10-08"}}, {"type": "Feature", "geometry": {"type": "Point", "coordinates": [-82.41666666837102, 35.600000000573004]}, "properties": {"p_logistic": 0.45311298966407776, "p_rf": 0.6460000276565552, "p_xgb": 0.9925984144210815, "date": "2026-10-08"}}, {"type": "Feature", "geometry": {"type": "Point", "coordinates": [-82.40833333503801, 35.600000000573004]}, "properties": {"p_logistic": 0.4476948082447052, "p_rf": 0.6460000276565552, "p_xgb": 0.9906600117683411, "date": "2026-10-08"}}, {"type": "Feature", "geometry": {"type": "Point", "coordinates": [-82.40000000170502, 35.600000000573004]}, "properties": {"p_logistic": 0.4415629506111145, "p_rf": 0.6460000276565552, "p_xgb": 0.9928695559501648, "date": "2026-10-08"}}, {"type": "Feature", "geometry": {"type": "Point", "coordinates": [-82.39166666837201, 35.600000000573004]}, "properties": {"p_logistic": 0.4427664577960968, "p_rf": 0.6480000019073486, "p_xgb": 0.9928695559501648, "date": "2026-10-08"}}, {"type": "Feature", "geometry": {"type": "Point", "coordinates": [-82.38333333503903, 35.600000000573004]}, "properties": {"p_logistic": 0.4472237229347229, "p_rf": 0.6480000019073486, "p_xgb": 0.9924129843711853, "date": "2026-10-08"}}, {"type": "Feature", "geometry": {"type": "Point", "coordinates": [-82.37500000170601, 35.600000000573004]}, "properties": {"p_logistic": 0.4506992697715759, "p_rf": 0.6460000276565552, "p_xgb": 0.9912034273147583, "date": "2026-10-08"}}, {"type": "Feature", "geometry": {"type": "Point", "coordinates": [-82.36666666837301, 35.600000000573004]}, "properties": {"p_logistic": 0.4513210654258728, "p_rf": 0.7419999837875366, "p_xgb": 0.9938809871673584, "date": "2026-10-08"}}, {"type": "Feature", "geometry": {"type": "Point", "coordinates": [-82.35833333504002, 35.600000000573004]}, "properties": {"p_logistic": 0.4453580975532532, "p_rf": 0.7620000243186951, "p_xgb": 0.9894730448722839, "date": "2026-10-08"}}, {"type": "Feature", "geometry": {"type": "Point", "coordinates": [-82.35000000170702, 35.600000000573004]}, "properties": {"p_logistic": 0.43704360723495483, "p_rf": 0.828000009059906, "p_xgb": 0.9912017583847046, "date": "2026-10-08"}}, {"type": "Feature", "geometry": {"type": "Point", "coordinates": [-82.34166666837402, 35.600000000573004]}, "properties": {"p_logistic": 0.4285702407360077, "p_rf": 0.8759999871253967, "p_xgb": 0.9941914677619934, "date": "2026-10-08"}}, {"type": "Feature", "geometry": {"type": "Point", "coordinates": [-82.33333333504102, 35.600000000573004]}, "properties": {"p_logistic": 0.4260035455226898, "p_rf": 0.8619999885559082, "p_xgb": 0.9893359541893005, "date": "2026-10-08"}}, {"type": "Feature", "geometry": {"type": "Point", "coordinates": [-82.32500000170802, 35.600000000573004]}, "properties": {"p_logistic": 0.4267279803752899, "p_rf": 0.8040000200271606, "p_xgb": 0.9871610999107361, "date": "2026-10-08"}}, {"type": "Feature", "geometry": {"type": "Point", "coordinates": [-82.31666666837502, 35.600000000573004]}, "properties": {"p_logistic": 0.43171030282974243, "p_rf": 0.7279999852180481, "p_xgb": 0.979331374168396, "date": "2026-10-08"}}, {"type": "Feature", "geometry": {"type": "Point", "coordinates": [-82.30833333504202, 35.600000000573004]}, "properties": {"p_logistic": 0.4403802752494812, "p_rf": 0.6840000152587891, "p_xgb": 0.9818556904792786, "date": "2026-10-08"}}, {"type": "Feature", "geometry": {"type": "Point", "coordinates": [-82.30000000170901, 35.600000000573004]}, "properties": {"p_logistic": 0.44568729400634766, "p_rf": 0.7179999947547913, "p_xgb": 0.989601194858551, "date": "2026-10-08"}}, {"type": "Feature", "geometry": {"type": "Point", "coordinates": [-82.29166666837602, 35.600000000573004]}, "properties": {"p_logistic": 0.4519428014755249, "p_rf": 0.6620000004768372, "p_xgb": 0.987174391746521, "date": "2026-10-08"}}, {"type": "Feature", "geometry": {"type": "Point", "coordinates": [-82.78333333502302, 35.591666667240005]}, "properties": {"p_logistic": 0.47578558325767517, "p_rf": 0.7200000286102295, "p_xgb": 0.9732570052146912, "date": "2026-10-08"}}, {"type": "Feature", "geometry": {"type": "Point", "coordinates": [-82.77500000169002, 35.591666667240005]}, "properties": {"p_logistic": 0.4731954336166382, "p_rf": 0.7059999704360962, "p_xgb": 0.9725576043128967, "date": "2026-10-08"}}, {"type": "Feature", "geometry": {"type": "Point", "coordinates": [-82.76666666835702, 35.591666667240005]}, "properties": {"p_logistic": 0.47196632623672485, "p_rf": 0.7080000042915344, "p_xgb": 0.9725576043128967, "date": "2026-10-08"}}, {"type": "Feature", "geometry": {"type": "Point", "coordinates": [-82.75833333502402, 35.591666667240005]}, "properties": {"p_logistic": 0.47416743636131287, "p_rf": 0.7059999704360962, "p_xgb": 0.967727780342102, "date": "2026-10-08"}}, {"type": "Feature", "geometry": {"type": "Point", "coordinates": [-82.75000000169102, 35.591666667240005]}, "properties": {"p_logistic": 0.4773225486278534, "p_rf": 0.7039999961853027, "p_xgb": 0.967727780342102, "date": "2026-10-08"}}, {"type": "Feature", "geometry": {"type": "Point", "coordinates": [-82.74166666835802, 35.591666667240005]}, "properties": {"p_logistic": 0.47952842712402344, "p_rf": 0.7039999961853027, "p_xgb": 0.967727780342102, "date": "2026-10-08"}}, {"type": "Feature", "geometry": {"type": "Point", "coordinates": [-82.73333333502501, 35.591666667240005]}, "properties": {"p_logistic": 0.48015668988227844, "p_rf": 0.7059999704360962, "p_xgb": 0.9690641760826111, "date": "2026-10-08"}}, {"type": "Feature", "geometry": {"type": "Point", "coordinates": [-82.72500000169202, 35.591666667240005]}, "properties": {"p_logistic": 0.4803694784641266, "p_rf": 0.7080000042915344, "p_xgb": 0.9706470966339111, "date": "2026-10-08"}}, {"type": "Feature", "geometry": {"type": "Point", "coordinates": [-82.71666666835901, 35.591666667240005]}, "properties": {"p_logistic": 0.4822346270084381, "p_rf": 0.7080000042915344, "p_xgb": 0.9706470966339111, "date": "2026-10-08"}}, {"type": "Feature", "geometry": {"type": "Point", "coordinates": [-82.70833333502603, 35.591666667240005]}, "properties": {"p_logistic": 0.4849681854248047, "p_rf": 0.7080000042915344, "p_xgb": 0.9694115519523621, "date": "2026-10-08"}}, {"type": "Feature", "geometry": {"type": "Point", "coordinates": [-82.70000000169301, 35.591666667240005]}, "properties": {"p_logistic": 0.486610472202301, "p_rf": 0.7080000042915344, "p_xgb": 0.9711365103721619, "date": "2026-10-08"}}, {"type": "Feature", "geometry": {"type": "Point", "coordinates": [-82.69166666836001, 35.591666667240005]}, "properties": {"p_logistic": 0.4884032905101776, "p_rf": 0.7080000042915344, "p_xgb": 0.9711365103721619, "date": "2026-10-08"}}, {"type": "Feature", "geometry": {"type": "Point", "coordinates": [-82.68333333502702, 35.591666667240005]}, "properties": {"p_logistic": 0.4889970123767853, "p_rf": 0.7080000042915344, "p_xgb": 0.9711365103721619, "date": "2026-10-08"}}, {"type": "Feature", "geometry": {"type": "Point", "coordinates": [-82.67500000169402, 35.591666667240005]}, "properties": {"p_logistic": 0.48894673585891724, "p_rf": 0.7080000042915344, "p_xgb": 0.9711365103721619, "date": "2026-10-08"}}, {"type": "Feature", "geometry": {"type": "Point", "coordinates": [-82.66666666836102, 35.591666667240005]}, "properties": {"p_logistic": 0.4885411560535431, "p_rf": 0.7080000042915344, "p_xgb": 0.9711365103721619, "date": "2026-10-08"}}, {"type": "Feature", "geometry": {"type": "Point", "coordinates": [-82.65833333502802, 35.591666667240005]}, "properties": {"p_logistic": 0.4880678653717041, "p_rf": 0.7080000042915344, "p_xgb": 0.9711365103721619, "date": "2026-10-08"}}, {"type": "Feature", "geometry": {"type": "Point", "coordinates": [-82.65000000169502, 35.591666667240005]}, "properties": {"p_logistic": 0.4883024990558624, "p_rf": 0.7080000042915344, "p_xgb": 0.9706470966339111, "date": "2026-10-08"}}, {"type": "Feature", "geometry": {"type": "Point", "coordinates": [-82.64166666836202, 35.591666667240005]}, "properties": {"p_logistic": 0.48917609453201294, "p_rf": 0.7080000042915344, "p_xgb": 0.9706470966339111, "date": "2026-10-08"}}, {"type": "Feature", "geometry": {"type": "Point", "coordinates": [-82.63333333502902, 35.591666667240005]}, "properties": {"p_logistic": 0.4903094470500946, "p_rf": 0.7080000042915344, "p_xgb": 0.9711151123046875, "date": "2026-10-08"}}, {"type": "Feature", "geometry": {"type": "Point", "coordinates": [-82.62500000169601, 35.591666667240005]}, "properties": {"p_logistic": 0.4915117025375366, "p_rf": 0.7080000042915344, "p_xgb": 0.9711151123046875, "date": "2026-10-08"}}, {"type": "Feature", "geometry": {"type": "Point", "coordinates": [-82.61666666836302, 35.591666667240005]}, "properties": {"p_logistic": 0.49210068583488464, "p_rf": 0.7080000042915344, "p_xgb": 0.9700514078140259, "date": "2026-10-08"}}, {"type": "Feature", "geometry": {"type": "Point", "coordinates": [-82.60833333503001, 35.591666667240005]}, "properties": {"p_logistic": 0.49238094687461853, "p_rf": 0.7080000042915344, "p_xgb": 0.9700514078140259, "date": "2026-10-08"}}, {"type": "Feature", "geometry": {"type": "Point", "coordinates": [-82.60000000169703, 35.591666667240005]}, "properties": {"p_logistic": 0.49245527386665344, "p_rf": 0.7080000042915344, "p_xgb": 0.9700514078140259, "date": "2026-10-08"}}, {"type": "Feature", "geometry": {"type": "Point", "coordinates": [-82.59166666836401, 35.591666667240005]}, "properties": {"p_logistic": 0.4925837516784668, "p_rf": 0.7080000042915344, "p_xgb": 0.9700514078140259, "date": "2026-10-08"}}, {"type": "Feature", "geometry": {"type": "Point", "coordinates": [-82.58333333503101, 35.591666667240005]}, "properties": {"p_logistic": 0.4924860894680023, "p_rf": 0.7080000042915344, "p_xgb": 0.9700514078140259, "date": "2026-10-08"}}, {"type": "Feature", "geometry": {"type": "Point", "coordinates": [-82.57500000169802, 35.591666667240005]}, "properties": {"p_logistic": 0.49249187111854553, "p_rf": 0.7080000042915344, "p_xgb": 0.9700514078140259, "date": "2026-10-08"}}, {"type": "Feature", "geometry": {"type": "Point", "coordinates": [-82.56666666836502, 35.591666667240005]}, "properties": {"p_logistic": 0.49217700958251953, "p_rf": 0.7080000042915344, "p_xgb": 0.9690601229667664, "date": "2026-10-08"}}, {"type": "Feature", "geometry": {"type": "Point", "coordinates": [-82.55833333503202, 35.591666667240005]}, "properties": {"p_logistic": 0.4918770492076874, "p_rf": 0.7080000042915344, "p_xgb": 0.9690876603126526, "date": "2026-10-08"}}, {"type": "Feature", "geometry": {"type": "Point", "coordinates": [-82.55000000169902, 35.591666667240005]}, "properties": {"p_logistic": 0.491585373878479, "p_rf": 0.7080000042915344, "p_xgb": 0.977786123752594, "date": "2026-10-08"}}, {"type": "Feature", "geometry": {"type": "Point", "coordinates": [-82.54166666836602, 35.591666667240005]}, "properties": {"p_logistic": 0.48904675245285034, "p_rf": 0.7080000042915344, "p_xgb": 0.9790005087852478, "date": "2026-10-08"}}, {"type": "Feature", "geometry": {"type": "Point", "coordinates": [-82.53333333503302, 35.591666667240005]}, "properties": {"p_logistic": 0.5008490681648254, "p_rf": 0.7039999961853027, "p_xgb": 0.9857093095779419, "date": "2026-10-08"}}, {"type": "Feature", "geometry": {"type": "Point", "coordinates": [-82.52500000170002, 35.591666667240005]}, "properties": {"p_logistic": 0.5221887826919556, "p_rf": 0.8379999995231628, "p_xgb": 0.9920032024383545, "date": "2026-10-08"}}, {"type": "Feature", "geometry": {"type": "Point", "coordinates": [-82.51666666836701, 35.591666667240005]}, "properties": {"p_logistic": 0.5337159037590027, "p_rf": 0.7979999780654907, "p_xgb": 0.9952841401100159, "date": "2026-10-08"}}, {"type": "Feature", "geometry": {"type": "Point", "coordinates": [-82.50833333503402, 35.591666667240005]}, "properties": {"p_logistic": 0.530220627784729, "p_rf": 0.7620000243186951, "p_xgb": 0.9946027398109436, "date": "2026-10-08"}}, {"type": "Feature", "geometry": {"type": "Point", "coordinates": [-82.50000000170101, 35.591666667240005]}, "properties": {"p_logistic": 0.5223789811134338, "p_rf": 0.7519999742507935, "p_xgb": 0.9914639592170715, "date": "2026-10-08"}}, {"type": "Feature", "geometry": {"type": "Point", "coordinates": [-82.49166666836803, 35.591666667240005]}, "properties": {"p_logistic": 0.5147154331207275, "p_rf": 0.7519999742507935, "p_xgb": 0.9914639592170715, "date": "2026-10-08"}}, {"type": "Feature", "geometry": {"type": "Point", "coordinates": [-82.48333333503501, 35.591666667240005]}, "properties": {"p_logistic": 0.5080423355102539, "p_rf": 0.7459999918937683, "p_xgb": 0.9969515800476074, "date": "2026-10-08"}}, {"type": "Feature", "geometry": {"type": "Point", "coordinates": [-82.47500000170201, 35.591666667240005]}, "properties": {"p_logistic": 0.5025703310966492, "p_rf": 0.6520000100135803, "p_xgb": 0.9956735968589783, "date": "2026-10-08"}}, {"type": "Feature", "geometry": {"type": "Point", "coordinates": [-82.46666666836902, 35.591666667240005]}, "properties": {"p_logistic": 0.4930541217327118, "p_rf": 0.6499999761581421, "p_xgb": 0.9930817484855652, "date": "2026-10-08"}}, {"type": "Feature", "geometry": {"type": "Point", "coordinates": [-82.45833333503602, 35.591666667240005]}, "properties": {"p_logistic": 0.4858989715576172, "p_rf": 0.6499999761581421, "p_xgb": 0.9927763938903809, "date": "2026-10-08"}}, {"type": "Feature", "geometry": {"type": "Point", "coordinates": [-82.45000000170302, 35.591666667240005]}, "properties": {"p_logistic": 0.4777985215187073, "p_rf": 0.671999990940094, "p_xgb": 0.9929637312889099, "date": "2026-10-08"}}, {"type": "Feature", "geometry": {"type": "Point", "coordinates": [-82.44166666837002, 35.591666667240005]}, "properties": {"p_logistic": 0.47252529859542847, "p_rf": 0.7480000257492065, "p_xgb": 0.990687906742096, "date": "2026-10-08"}}, {"type": "Feature", "geometry": {"type": "Point", "coordinates": [-82.43333333503702, 35.591666667240005]}, "properties": {"p_logistic": 0.46733444929122925, "p_rf": 0.7480000257492065, "p_xgb": 0.9913865327835083, "date": "2026-10-08"}}, {"type": "Feature", "geometry": {"type": "Point", "coordinates": [-82.42500000170402, 35.591666667240005]}, "properties": {"p_logistic": 0.46522948145866394, "p_rf": 0.6460000276565552, "p_xgb": 0.9904240965843201, "date": "2026-10-08"}}, {"type": "Feature", "geometry": {"type": "Point", "coordinates": [-82.41666666837102, 35.591666667240005]}, "properties": {"p_logistic": 0.4598515033721924, "p_rf": 0.6639999747276306, "p_xgb": 0.9927050471305847, "date": "2026-10-08"}}, {"type": "Feature", "geometry": {"type": "Point", "coordinates": [-82.40833333503801, 35.591666667240005]}, "properties": {"p_logistic": 0.45293447375297546, "p_rf": 0.6620000004768372, "p_xgb": 0.9914757013320923, "date": "2026-10-08"}}, {"type": "Feature", "geometry": {"type": "Point", "coordinates": [-82.40000000170502, 35.591666667240005]}, "properties": {"p_logistic": 0.4455845057964325, "p_rf": 0.6480000019073486, "p_xgb": 0.9924129843711853, "date": "2026-10-08"}}, {"type": "Feature", "geometry": {"type": "Point", "coordinates": [-82.39166666837201, 35.591666667240005]}, "properties": {"p_logistic": 0.4459298253059387, "p_rf": 0.6480000019073486, "p_xgb": 0.9924129843711853, "date": "2026-10-08"}}, {"type": "Feature", "geometry": {"type": "Point", "coordinates": [-82.38333333503903, 35.591666667240005]}, "properties": {"p_logistic": 0.4490810036659241, "p_rf": 0.6460000276565552, "p_xgb": 0.9912034273147583, "date": "2026-10-08"}}, {"type": "Feature", "geometry": {"type": "Point", "coordinates": [-82.37500000170601, 35.591666667240005]}, "properties": {"p_logistic": 0.4512041509151459, "p_rf": 0.6480000019073486, "p_xgb": 0.9910029172897339, "date": "2026-10-08"}}, {"type": "Feature", "geometry": {"type": "Point", "coordinates": [-82.36666666837301, 35.591666667240005]}, "properties": {"p_logistic": 0.4501698315143585, "p_rf": 0.7480000257492065, "p_xgb": 0.9955464601516724, "date": "2026-10-08"}}, {"type": "Feature", "geometry": {"type": "Point", "coordinates": [-82.35833333504002, 35.591666667240005]}, "properties": {"p_logistic": 0.4442160725593567, "p_rf": 0.7820000052452087, "p_xgb": 0.9925411939620972, "date": "2026-10-08"}}, {"type": "Feature", "geometry": {"type": "Point", "coordinates": [-82.35000000170702, 35.591666667240005]}, "properties": {"p_logistic": 0.43568870425224304, "p_rf": 0.8360000252723694, "p_xgb": 0.9912017583847046, "date": "2026-10-08"}}, {"type": "Feature", "geometry": {"type": "Point", "coordinates": [-82.34166666837402, 35.591666667240005]}, "properties": {"p_logistic": 0.429068386554718, "p_rf": 0.8759999871253967, "p_xgb": 0.9945260882377625, "date": "2026-10-08"}}, {"type": "Feature", "geometry": {"type": "Point", "coordinates": [-82.33333333504102, 35.591666667240005]}, "properties": {"p_logistic": 0.4264827072620392, "p_rf": 0.8360000252723694, "p_xgb": 0.9876396059989929, "date": "2026-10-08"}}, {"type": "Feature", "geometry": {"type": "Point", "coordinates": [-82.32500000170802, 35.591666667240005]}, "properties": {"p_logistic": 0.42683839797973633, "p_rf": 0.8019999861717224, "p_xgb": 0.9802019000053406, "date": "2026-10-08"}}, {"type": "Feature", "geometry": {"type": "Point", "coordinates": [-82.31666666837502, 35.591666667240005]}, "properties": {"p_logistic": 0.4318293631076813, "p_rf": 0.6539999842643738, "p_xgb": 0.979331374168396, "date": "2026-10-08"}}, {"type": "Feature", "geometry": {"type": "Point", "coordinates": [-82.30833333504202, 35.591666667240005]}, "properties": {"p_logistic": 0.43975499272346497, "p_rf": 0.6859999895095825, "p_xgb": 0.9819974303245544, "date": "2026-10-08"}}, {"type": "Feature", "geometry": {"type": "Point", "coordinates": [-82.30000000170901, 35.591666667240005]}, "properties": {"p_logistic": 0.4456409215927124, "p_rf": 0.7120000123977661, "p_xgb": 0.9870026111602783, "date": "2026-10-08"}}, {"type": "Feature", "geometry": {"type": "Point", "coordinates": [-82.29166666837602, 35.591666667240005]}, "properties": {"p_logistic": 0.45140761137008667, "p_rf": 0.7020000219345093, "p_xgb": 0.9892829656600952, "date": "2026-10-08"}}, {"type": "Feature", "geometry": {"type": "Point", "coordinates": [-82.77500000169002, 35.58333333390701]}, "properties": {"p_logistic": 0.4761485755443573, "p_rf": 0.7039999961853027, "p_xgb": 0.9725576043128967, "date": "2026-10-08"}}, {"type": "Feature", "geometry": {"type": "Point", "coordinates": [-82.76666666835702, 35.58333333390701]}, "properties": {"p_logistic": 0.473746120929718, "p_rf": 0.7080000042915344, "p_xgb": 0.9670749306678772, "date": "2026-10-08"}}, {"type": "Feature", "geometry": {"type": "Point", "coordinates": [-82.75833333502402, 35.58333333390701]}, "properties": {"p_logistic": 0.4729275703430176, "p_rf": 0.7080000042915344, "p_xgb": 0.9682406783103943, "date": "2026-10-08"}}, {"type": "Feature", "geometry": {"type": "Point", "coordinates": [-82.75000000169102, 35.58333333390701]}, "properties": {"p_logistic": 0.47562161087989807, "p_rf": 0.7080000042915344, "p_xgb": 0.9682406783103943, "date": "2026-10-08"}}, {"type": "Feature", "geometry": {"type": "Point", "coordinates": [-82.74166666835802, 35.58333333390701]}, "properties": {"p_logistic": 0.47758564352989197, "p_rf": 0.7080000042915344, "p_xgb": 0.9690641760826111, "date": "2026-10-08"}}, {"type": "Feature", "geometry": {"type": "Point", "coordinates": [-82.73333333502501, 35.58333333390701]}, "properties": {"p_logistic": 0.47941896319389343, "p_rf": 0.7080000042915344, "p_xgb": 0.9706470966339111, "date": "2026-10-08"}}, {"type": "Feature", "geometry": {"type": "Point", "coordinates": [-82.72500000169202, 35.58333333390701]}, "properties": {"p_logistic": 0.48196062445640564, "p_rf": 0.7080000042915344, "p_xgb": 0.9706470966339111, "date": "2026-10-08"}}, {"type": "Feature", "geometry": {"type": "Point", "coordinates": [-82.71666666835901, 35.58333333390701]}, "properties": {"p_logistic": 0.4847836494445801, "p_rf": 0.7080000042915344, "p_xgb": 0.9706470966339111, "date": "2026-10-08"}}, {"type": "Feature", "geometry": {"type": "Point", "coordinates": [-82.70833333502603, 35.58333333390701]}, "properties": {"p_logistic": 0.4869895279407501, "p_rf": 0.7080000042915344, "p_xgb": 0.9706470966339111, "date": "2026-10-08"}}, {"type": "Feature", "geometry": {"type": "Point", "coordinates": [-82.70000000169301, 35.58333333390701]}, "properties": {"p_logistic": 0.48839592933654785, "p_rf": 0.7080000042915344, "p_xgb": 0.9694115519523621, "date": "2026-10-08"}}, {"type": "Feature", "geometry": {"type": "Point", "coordinates": [-82.69166666836001, 35.58333333390701]}, "properties": {"p_logistic": 0.4889465570449829, "p_rf": 0.7080000042915344, "p_xgb": 0.9711365103721619, "date": "2026-10-08"}}, {"type": "Feature", "geometry": {"type": "Point", "coordinates": [-82.68333333502702, 35.58333333390701]}, "properties": {"p_logistic": 0.4893381595611572, "p_rf": 0.7080000042915344, "p_xgb": 0.9711365103721619, "date": "2026-10-08"}}, {"type": "Feature", "geometry": {"type": "Point", "coordinates": [-82.67500000169402, 35.58333333390701]}, "properties": {"p_logistic": 0.4894430637359619, "p_rf": 0.7080000042915344, "p_xgb": 0.9711365103721619, "date": "2026-10-08"}}, {"type": "Feature", "geometry": {"type": "Point", "coordinates": [-82.66666666836102, 35.58333333390701]}, "properties": {"p_logistic": 0.48947709798812866, "p_rf": 0.7080000042915344, "p_xgb": 0.9694115519523621, "date": "2026-10-08"}}, {"type": "Feature", "geometry": {"type": "Point", "coordinates": [-82.65833333502802, 35.58333333390701]}, "properties": {"p_logistic": 0.48957017064094543, "p_rf": 0.7080000042915344, "p_xgb": 0.9706470966339111, "date": "2026-10-08"}}, {"type": "Feature", "geometry": {"type": "Point", "coordinates": [-82.65000000169502, 35.58333333390701]}, "properties": {"p_logistic": 0.48976680636405945, "p_rf": 0.7080000042915344, "p_xgb": 0.9711151123046875, "date": "2026-10-08"}}, {"type": "Feature", "geometry": {"type": "Point", "coordinates": [-82.64166666836202, 35.58333333390701]}, "properties": {"p_logistic": 0.49131467938423157, "p_rf": 0.7080000042915344, "p_xgb": 0.9700514078140259, "date": "2026-10-08"}}, {"type": "Feature", "geometry": {"type": "Point", "coordinates": [-82.63333333502902, 35.58333333390701]}, "properties": {"p_logistic": 0.49340036511421204, "p_rf": 0.7080000042915344, "p_xgb": 0.9700514078140259, "date": "2026-10-08"}}, {"type": "Feature", "geometry": {"type": "Point", "coordinates": [-82.62500000169601, 35.58333333390701]}, "properties": {"p_logistic": 0.4944908618927002, "p_rf": 0.7039999961853027, "p_xgb": 0.9700514078140259, "date": "2026-10-08"}}, {"type": "Feature", "geometry": {"type": "Point", "coordinates": [-82.61666666836302, 35.58333333390701]}, "properties": {"p_logistic": 0.49480918049812317, "p_rf": 0.7039999961853027, "p_xgb": 0.9700514078140259, "date": "2026-10-08"}}, {"type": "Feature", "geometry": {"type": "Point", "coordinates": [-82.60833333503001, 35.58333333390701]}, "properties": {"p_logistic": 0.49517279863357544, "p_rf": 0.7059999704360962, "p_xgb": 0.9690601229667664, "date": "2026-10-08"}}, {"type": "Feature", "geometry": {"type": "Point", "coordinates": [-82.60000000169703, 35.58333333390701]}, "properties": {"p_logistic": 0.4952148199081421, "p_rf": 0.7080000042915344, "p_xgb": 0.9690601229667664, "date": "2026-10-08"}}, {"type": "Feature", "geometry": {"type": "Point", "coordinates": [-82.59166666836401, 35.58333333390701]}, "properties": {"p_logistic": 0.4949295222759247, "p_rf": 0.7080000042915344, "p_xgb": 0.9700514078140259, "date": "2026-10-08"}}, {"type": "Feature", "geometry": {"type": "Point", "coordinates": [-82.58333333503101, 35.58333333390701]}, "properties": {"p_logistic": 0.49480029940605164, "p_rf": 0.7080000042915344, "p_xgb": 0.9700514078140259, "date": "2026-10-08"}}, {"type": "Feature", "geometry": {"type": "Point", "coordinates": [-82.57500000169802, 35.58333333390701]}, "properties": {"p_logistic": 0.4947555363178253, "p_rf": 0.7080000042915344, "p_xgb": 0.9690601229667664, "date": "2026-10-08"}}, {"type": "Feature", "geometry": {"type": "Point", "coordinates": [-82.56666666836502, 35.58333333390701]}, "properties": {"p_logistic": 0.49383679032325745, "p_rf": 0.7080000042915344, "p_xgb": 0.9690876603126526, "date": "2026-10-08"}}, {"type": "Feature", "geometry": {"type": "Point", "coordinates": [-82.55833333503202, 35.58333333390701]}, "properties": {"p_logistic": 0.49332380294799805, "p_rf": 0.7080000042915344, "p_xgb": 0.977786123752594, "date": "2026-10-08"}}, {"type": "Feature", "geometry": {"type": "Point", "coordinates": [-82.55000000169902, 35.58333333390701]}, "properties": {"p_logistic": 0.49215424060821533, "p_rf": 0.7080000042915344, "p_xgb": 0.9796470403671265, "date": "2026-10-08"}}, {"type": "Feature", "geometry": {"type": "Point", "coordinates": [-82.54166666836602, 35.58333333390701]}, "properties": {"p_logistic": 0.4898771047592163, "p_rf": 0.7080000042915344, "p_xgb": 0.9790005087852478, "date": "2026-10-08"}}, {"type": "Feature", "geometry": {"type": "Point", "coordinates": [-82.53333333503302, 35.58333333390701]}, "properties": {"p_logistic": 0.5037596225738525, "p_rf": 0.7200000286102295, "p_xgb": 0.9851449728012085, "date": "2026-10-08"}}, {"type": "Feature", "geometry": {"type": "Point", "coordinates": [-82.52500000170002, 35.58333333390701]}, "properties": {"p_logistic": 0.5302106738090515, "p_rf": 0.8659999966621399, "p_xgb": 0.9954934120178223, "date": "2026-10-08"}}, {"type": "Feature", "geometry": {"type": "Point", "coordinates": [-82.51666666836701, 35.58333333390701]}, "properties": {"p_logistic": 0.5500235557556152, "p_rf": 0.6439999938011169, "p_xgb": 0.9957612156867981, "date": "2026-10-08"}}, {"type": "Feature", "geometry": {"type": "Point", "coordinates": [-82.50833333503402, 35.58333333390701]}, "properties": {"p_logistic": 0.5520541071891785, "p_rf": 0.6840000152587891, "p_xgb": 0.9906118512153625, "date": "2026-10-08"}}, {"type": "Feature", "geometry": {"type": "Point", "coordinates": [-82.50000000170101, 35.58333333390701]}, "properties": {"p_logistic": 0.5462977290153503, "p_rf": 0.6880000233650208, "p_xgb": 0.9923185110092163, "date": "2026-10-08"}}, {"type": "Feature", "geometry": {"type": "Point", "coordinates": [-82.49166666836803, 35.58333333390701]}, "properties": {"p_logistic": 0.5353099703788757, "p_rf": 0.6840000152587891, "p_xgb": 0.994641900062561, "date": "2026-10-08"}}, {"type": "Feature", "geometry": {"type": "Point", "coordinates": [-82.48333333503501, 35.58333333390701]}, "properties": {"p_logistic": 0.5244505405426025, "p_rf": 0.6840000152587891, "p_xgb": 0.9940997362136841, "date": "2026-10-08"}}, {"type": "Feature", "geometry": {"type": "Point", "coordinates": [-82.47500000170201, 35.58333333390701]}, "properties": {"p_logistic": 0.5145483016967773, "p_rf": 0.6759999990463257, "p_xgb": 0.9924404621124268, "date": "2026-10-08"}}, {"type": "Feature", "geometry": {"type": "Point", "coordinates": [-82.46666666836902, 35.58333333390701]}, "properties": {"p_logistic": 0.5024465322494507, "p_rf": 0.6759999990463257, "p_xgb": 0.9899200201034546, "date": "2026-10-08"}}, {"type": "Feature", "geometry": {"type": "Point", "coordinates": [-82.45833333503602, 35.58333333390701]}, "properties": {"p_logistic": 0.49595320224761963, "p_rf": 0.6759999990463257, "p_xgb": 0.9892542362213135, "date": "2026-10-08"}}, {"type": "Feature", "geometry": {"type": "Point", "coordinates": [-82.45000000170302, 35.58333333390701]}, "properties": {"p_logistic": 0.4919544756412506, "p_rf": 0.6660000085830688, "p_xgb": 0.9884441494941711, "date": "2026-10-08"}}, {"type": "Feature", "geometry": {"type": "Point", "coordinates": [-82.44166666837002, 35.58333333390701]}, "properties": {"p_logistic": 0.48720812797546387, "p_rf": 0.6520000100135803, "p_xgb": 0.9926803708076477, "date": "2026-10-08"}}, {"type": "Feature", "geometry": {"type": "Point", "coordinates": [-82.43333333503702, 35.58333333390701]}, "properties": {"p_logistic": 0.4779171347618103, "p_rf": 0.6499999761581421, "p_xgb": 0.992811381816864, "date": "2026-10-08"}}, {"type": "Feature", "geometry": {"type": "Point", "coordinates": [-82.42500000170402, 35.58333333390701]}, "properties": {"p_logistic": 0.47577834129333496, "p_rf": 0.6620000004768372, "p_xgb": 0.9942335486412048, "date": "2026-10-08"}}, {"type": "Feature", "geometry": {"type": "Point", "coordinates": [-82.41666666837102, 35.58333333390701]}, "properties": {"p_logistic": 0.4672808051109314, "p_rf": 0.6759999990463257, "p_xgb": 0.9945816397666931, "date": "2026-10-08"}}, {"type": "Feature", "geometry": {"type": "Point", "coordinates": [-82.40833333503801, 35.58333333390701]}, "properties": {"p_logistic": 0.45912832021713257, "p_rf": 0.6740000247955322, "p_xgb": 0.9927065968513489, "date": "2026-10-08"}}, {"type": "Feature", "geometry": {"type": "Point", "coordinates": [-82.40000000170502, 35.58333333390701]}, "properties": {"p_logistic": 0.4509521722793579, "p_rf": 0.6520000100135803, "p_xgb": 0.9912034273147583, "date": "2026-10-08"}}, {"type": "Feature", "geometry": {"type": "Point", "coordinates": [-82.39166666837201, 35.58333333390701]}, "properties": {"p_logistic": 0.44919082522392273, "p_rf": 0.6460000276565552, "p_xgb": 0.9912034273147583, "date": "2026-10-08"}}, {"type": "Feature", "geometry": {"type": "Point", "coordinates": [-82.38333333503903, 35.58333333390701]}, "properties": {"p_logistic": 0.45075908303260803, "p_rf": 0.6439999938011169, "p_xgb": 0.9912034273147583, "date": "2026-10-08"}}, {"type": "Feature", "geometry": {"type": "Point", "coordinates": [-82.37500000170601, 35.58333333390701]}, "properties": {"p_logistic": 0.45091888308525085, "p_rf": 0.6499999761581421, "p_xgb": 0.9907442927360535, "date": "2026-10-08"}}, {"type": "Feature", "geometry": {"type": "Point", "coordinates": [-82.36666666837301, 35.58333333390701]}, "properties": {"p_logistic": 0.4490371346473694, "p_rf": 0.7480000257492065, "p_xgb": 0.9927045702934265, "date": "2026-10-08"}}, {"type": "Feature", "geometry": {"type": "Point", "coordinates": [-82.35833333504002, 35.58333333390701]}, "properties": {"p_logistic": 0.44383689761161804, "p_rf": 0.8019999861717224, "p_xgb": 0.9925411939620972, "date": "2026-10-08"}}, {"type": "Feature", "geometry": {"type": "Point", "coordinates": [-82.35000000170702, 35.58333333390701]}, "properties": {"p_logistic": 0.43625733256340027, "p_rf": 0.8420000076293945, "p_xgb": 0.9912017583847046, "date": "2026-10-08"}}, {"type": "Feature", "geometry": {"type": "Point", "coordinates": [-82.34166666837402, 35.58333333390701]}, "properties": {"p_logistic": 0.4312245547771454, "p_rf": 0.8679999709129333, "p_xgb": 0.9893359541893005, "date": "2026-10-08"}}, {"type": "Feature", "geometry": {"type": "Point", "coordinates": [-82.33333333504102, 35.58333333390701]}, "properties": {"p_logistic": 0.42967841029167175, "p_rf": 0.8259999752044678, "p_xgb": 0.9876396059989929, "date": "2026-10-08"}}, {"type": "Feature", "geometry": {"type": "Point", "coordinates": [-82.32500000170802, 35.58333333390701]}, "properties": {"p_logistic": 0.4308779835700989, "p_rf": 0.7599999904632568, "p_xgb": 0.9721999764442444, "date": "2026-10-08"}}, {"type": "Feature", "geometry": {"type": "Point", "coordinates": [-82.31666666837502, 35.58333333390701]}, "properties": {"p_logistic": 0.4369697868824005, "p_rf": 0.6460000276565552, "p_xgb": 0.9749440550804138, "date": "2026-10-08"}}, {"type": "Feature", "geometry": {"type": "Point", "coordinates": [-82.30833333504202, 35.58333333390701]}, "properties": {"p_logistic": 0.4448571503162384, "p_rf": 0.6940000057220459, "p_xgb": 0.9853718876838684, "date": "2026-10-08"}}, {"type": "Feature", "geometry": {"type": "Point", "coordinates": [-82.30000000170901, 35.58333333390701]}, "properties": {"p_logistic": 0.44823306798934937, "p_rf": 0.6740000247955322, "p_xgb": 0.980666995048523, "date": "2026-10-08"}}, {"type": "Feature", "geometry": {"type": "Point", "coordinates": [-82.29166666837602, 35.58333333390701]}, "properties": {"p_logistic": 0.45347559452056885, "p_rf": 0.7020000219345093, "p_xgb": 0.9869465231895447, "date": "2026-10-08"}}, {"type": "Feature", "geometry": {"type": "Point", "coordinates": [-82.28333333504301, 35.58333333390701]}, "properties": {"p_logistic": 0.4643995761871338, "p_rf": 0.7620000243186951, "p_xgb": 0.9868277311325073, "date": "2026-10-08"}}, {"type": "Feature", "geometry": {"type": "Point", "coordinates": [-82.76666666835702, 35.57500000057401]}, "properties": {"p_logistic": 0.47863712906837463, "p_rf": 0.7080000042915344, "p_xgb": 0.9684374332427979, "date": "2026-10-08"}}, {"type": "Feature", "geometry": {"type": "Point", "coordinates": [-82.75833333502402, 35.57500000057401]}, "properties": {"p_logistic": 0.478396475315094, "p_rf": 0.7080000042915344, "p_xgb": 0.9700514078140259, "date": "2026-10-08"}}, {"type": "Feature", "geometry": {"type": "Point", "coordinates": [-82.75000000169102, 35.57500000057401]}, "properties": {"p_logistic": 0.4793090522289276, "p_rf": 0.7080000042915344, "p_xgb": 0.9700514078140259, "date": "2026-10-08"}}, {"type": "Feature", "geometry": {"type": "Point", "coordinates": [-82.74166666835802, 35.57500000057401]}, "properties": {"p_logistic": 0.4810705780982971, "p_rf": 0.7080000042915344, "p_xgb": 0.9711151123046875, "date": "2026-10-08"}}, {"type": "Feature", "geometry": {"type": "Point", "coordinates": [-82.73333333502501, 35.57500000057401]}, "properties": {"p_logistic": 0.48324349522590637, "p_rf": 0.7080000042915344, "p_xgb": 0.9711151123046875, "date": "2026-10-08"}}, {"type": "Feature", "geometry": {"type": "Point", "coordinates": [-82.72500000169202, 35.57500000057401]}, "properties": {"p_logistic": 0.4856002926826477, "p_rf": 0.7080000042915344, "p_xgb": 0.9706470966339111, "date": "2026-10-08"}}, {"type": "Feature", "geometry": {"type": "Point", "coordinates": [-82.71666666835901, 35.57500000057401]}, "properties": {"p_logistic": 0.48726925253868103, "p_rf": 0.7080000042915344, "p_xgb": 0.9706470966339111, "date": "2026-10-08"}}, {"type": "Feature", "geometry": {"type": "Point", "coordinates": [-82.70833333502603, 35.57500000057401]}, "properties": {"p_logistic": 0.48857393860816956, "p_rf": 0.7080000042915344, "p_xgb": 0.9706470966339111, "date": "2026-10-08"}}, {"type": "Feature", "geometry": {"type": "Point", "coordinates": [-82.70000000169301, 35.57500000057401]}, "properties": {"p_logistic": 0.4889315366744995, "p_rf": 0.7080000042915344, "p_xgb": 0.9706470966339111, "date": "2026-10-08"}}, {"type": "Feature", "geometry": {"type": "Point", "coordinates": [-82.69166666836001, 35.57500000057401]}, "properties": {"p_logistic": 0.48930856585502625, "p_rf": 0.7080000042915344, "p_xgb": 0.9706470966339111, "date": "2026-10-08"}}, {"type": "Feature", "geometry": {"type": "Point", "coordinates": [-82.68333333502702, 35.57500000057401]}, "properties": {"p_logistic": 0.4896177649497986, "p_rf": 0.7080000042915344, "p_xgb": 0.9706470966339111, "date": "2026-10-08"}}, {"type": "Feature", "geometry": {"type": "Point", "coordinates": [-82.67500000169402, 35.57500000057401]}, "properties": {"p_logistic": 0.489948034286499, "p_rf": 0.7080000042915344, "p_xgb": 0.9706470966339111, "date": "2026-10-08"}}, {"type": "Feature", "geometry": {"type": "Point", "coordinates": [-82.66666666836102, 35.57500000057401]}, "properties": {"p_logistic": 0.4904908537864685, "p_rf": 0.7080000042915344, "p_xgb": 0.9706470966339111, "date": "2026-10-08"}}, {"type": "Feature", "geometry": {"type": "Point", "coordinates": [-82.65833333502802, 35.57500000057401]}, "properties": {"p_logistic": 0.490869402885437, "p_rf": 0.7080000042915344, "p_xgb": 0.9711151123046875, "date": "2026-10-08"}}, {"type": "Feature", "geometry": {"type": "Point", "coordinates": [-82.65000000169502, 35.57500000057401]}, "properties": {"p_logistic": 0.4913845658302307, "p_rf": 0.7080000042915344, "p_xgb": 0.9700514078140259, "date": "2026-10-08"}}, {"type": "Feature", "geometry": {"type": "Point", "coordinates": [-82.64166666836202, 35.57500000057401]}, "properties": {"p_logistic": 0.4936180114746094, "p_rf": 0.7039999961853027, "p_xgb": 0.9700514078140259, "date": "2026-10-08"}}, {"type": "Feature", "geometry": {"type": "Point", "coordinates": [-82.63333333502902, 35.57500000057401]}, "properties": {"p_logistic": 0.49614760279655457, "p_rf": 0.7200000286102295, "p_xgb": 0.9691924452781677, "date": "2026-10-08"}}, {"type": "Feature", "geometry": {"type": "Point", "coordinates": [-82.62500000169601, 35.57500000057401]}, "properties": {"p_logistic": 0.49747636914253235, "p_rf": 0.7039999961853027, "p_xgb": 0.9691924452781677, "date": "2026-10-08"}}, {"type": "Feature", "geometry": {"type": "Point", "coordinates": [-82.61666666836302, 35.57500000057401]}, "properties": {"p_logistic": 0.4987933933734894, "p_rf": 0.7039999961853027, "p_xgb": 0.9681736826896667, "date": "2026-10-08"}}, {"type": "Feature", "geometry": {"type": "Point", "coordinates": [-82.60833333503001, 35.57500000057401]}, "properties": {"p_logistic": 0.4999830722808838, "p_rf": 0.7039999961853027, "p_xgb": 0.9681736826896667, "date": "2026-10-08"}}, {"type": "Feature", "geometry": {"type": "Point", "coordinates": [-82.60000000169703, 35.57500000057401]}, "properties": {"p_logistic": 0.5000295042991638, "p_rf": 0.7179999947547913, "p_xgb": 0.9669118523597717, "date": "2026-10-08"}}, {"type": "Feature", "geometry": {"type": "Point", "coordinates": [-82.59166666836401, 35.57500000057401]}, "properties": {"p_logistic": 0.4994450509548187, "p_rf": 0.7020000219345093, "p_xgb": 0.9678323864936829, "date": "2026-10-08"}}, {"type": "Feature", "geometry": {"type": "Point", "coordinates": [-82.58333333503101, 35.57500000057401]}, "properties": {"p_logistic": 0.4981047511100769, "p_rf": 0.7059999704360962, "p_xgb": 0.9678323864936829, "date": "2026-10-08"}}, {"type": "Feature", "geometry": {"type": "Point", "coordinates": [-82.57500000169802, 35.57500000057401]}, "properties": {"p_logistic": 0.4972289502620697, "p_rf": 0.7080000042915344, "p_xgb": 0.9690876603126526, "date": "2026-10-08"}}, {"type": "Feature", "geometry": {"type": "Point", "coordinates": [-82.56666666836502, 35.57500000057401]}, "properties": {"p_logistic": 0.49496129155158997, "p_rf": 0.7080000042915344, "p_xgb": 0.977786123752594, "date": "2026-10-08"}}, {"type": "Feature", "geometry": {"type": "Point", "coordinates": [-82.55833333503202, 35.57500000057401]}, "properties": {"p_logistic": 0.4933741092681885, "p_rf": 0.7080000042915344, "p_xgb": 0.977786123752594, "date": "2026-10-08"}}, {"type": "Feature", "geometry": {"type": "Point", "coordinates": [-82.55000000169902, 35.57500000057401]}, "properties": {"p_logistic": 0.4914321303367615, "p_rf": 0.7080000042915344, "p_xgb": 0.9796470403671265, "date": "2026-10-08"}}, {"type": "Feature", "geometry": {"type": "Point", "coordinates": [-82.54166666836602, 35.57500000057401]}, "properties": {"p_logistic": 0.4928003251552582, "p_rf": 0.7080000042915344, "p_xgb": 0.9868958592414856, "date": "2026-10-08"}}, {"type": "Feature", "geometry": {"type": "Point", "coordinates": [-82.53333333503302, 35.57500000057401]}, "properties": {"p_logistic": 0.5115656852722168, "p_rf": 0.6779999732971191, "p_xgb": 0.9480947852134705, "date": "2026-10-08"}}, {"type": "Feature", "geometry": {"type": "Point", "coordinates": [-82.52500000170002, 35.57500000057401]}, "properties": {"p_logistic": 0.5448935031890869, "p_rf": 0.7459999918937683, "p_xgb": 0.9966208934783936, "date": "2026-10-08"}}, {"type": "Feature", "geometry": {"type": "Point", "coordinates": [-82.51666666836701, 35.57500000057401]}, "properties": {"p_logistic": 0.5764431357383728, "p_rf": 0.6759999990463257, "p_xgb": 0.9805090427398682, "date": "2026-10-08"}}, {"type": "Feature", "geometry": {"type": "Point", "coordinates": [-82.50833333503402, 35.57500000057401]}, "properties": {"p_logistic": 0.5902640223503113, "p_rf": 0.699999988079071, "p_xgb": 0.9879724383354187, "date": "2026-10-08"}}, {"type": "Feature", "geometry": {"type": "Point", "coordinates": [-82.50000000170101, 35.57500000057401]}, "properties": {"p_logistic": 0.590185821056366, "p_rf": 0.7639999985694885, "p_xgb": 0.9939025640487671, "date": "2026-10-08"}}, {"type": "Feature", "geometry": {"type": "Point", "coordinates": [-82.49166666836803, 35.57500000057401]}, "properties": {"p_logistic": 0.576656699180603, "p_rf": 0.7419999837875366, "p_xgb": 0.9786911010742188, "date": "2026-10-08"}}, {"type": "Feature", "geometry": {"type": "Point", "coordinates": [-82.48333333503501, 35.57500000057401]}, "properties": {"p_logistic": 0.5548129081726074, "p_rf": 0.6959999799728394, "p_xgb": 0.9745758175849915, "date": "2026-10-08"}}, {"type": "Feature", "geometry": {"type": "Point", "coordinates": [-82.47500000170201, 35.57500000057401]}, "properties": {"p_logistic": 0.5422425270080566, "p_rf": 0.6959999799728394, "p_xgb": 0.9734042286872864, "date": "2026-10-08"}}, {"type": "Feature", "geometry": {"type": "Point", "coordinates": [-82.46666666836902, 35.57500000057401]}, "properties": {"p_logistic": 0.528718113899231, "p_rf": 0.7039999961853027, "p_xgb": 0.9903518557548523, "date": "2026-10-08"}}, {"type": "Feature", "geometry": {"type": "Point", "coordinates": [-82.45833333503602, 35.57500000057401]}, "properties": {"p_logistic": 0.5192530155181885, "p_rf": 0.6940000057220459, "p_xgb": 0.9865590333938599, "date": "2026-10-08"}}, {"type": "Feature", "geometry": {"type": "Point", "coordinates": [-82.45000000170302, 35.57500000057401]}, "properties": {"p_logistic": 0.5121434330940247, "p_rf": 0.6660000085830688, "p_xgb": 0.9823350310325623, "date": "2026-10-08"}}, {"type": "Feature", "geometry": {"type": "Point", "coordinates": [-82.44166666837002, 35.57500000057401]}, "properties": {"p_logistic": 0.5026551485061646, "p_rf": 0.7179999947547913, "p_xgb": 0.9842772483825684, "date": "2026-10-08"}}, {"type": "Feature", "geometry": {"type": "Point", "coordinates": [-82.43333333503702, 35.57500000057401]}, "properties": {"p_logistic": 0.4889526069164276, "p_rf": 0.6859999895095825, "p_xgb": 0.9910797476768494, "date": "2026-10-08"}}, {"type": "Feature", "geometry": {"type": "Point", "coordinates": [-82.42500000170402, 35.57500000057401]}, "properties": {"p_logistic": 0.4781787693500519, "p_rf": 0.6740000247955322, "p_xgb": 0.9946809411048889, "date": "2026-10-08"}}, {"type": "Feature", "geometry": {"type": "Point", "coordinates": [-82.41666666837102, 35.57500000057401]}, "properties": {"p_logistic": 0.471622109413147, "p_rf": 0.6859999895095825, "p_xgb": 0.9948981404304504, "date": "2026-10-08"}}, {"type": "Feature", "geometry": {"type": "Point", "coordinates": [-82.40833333503801, 35.57500000057401]}, "properties": {"p_logistic": 0.4636117219924927, "p_rf": 0.6840000152587891, "p_xgb": 0.9932199120521545, "date": "2026-10-08"}}, {"type": "Feature", "geometry": {"type": "Point", "coordinates": [-82.40000000170502, 35.57500000057401]}, "properties": {"p_logistic": 0.4547494649887085, "p_rf": 0.6539999842643738, "p_xgb": 0.9912034273147583, "date": "2026-10-08"}}, {"type": "Feature", "geometry": {"type": "Point", "coordinates": [-82.39166666837201, 35.57500000057401]}, "properties": {"p_logistic": 0.45267051458358765, "p_rf": 0.6460000276565552, "p_xgb": 0.9912034273147583, "date": "2026-10-08"}}, {"type": "Feature", "geometry": {"type": "Point", "coordinates": [-82.38333333503903, 35.57500000057401]}, "properties": {"p_logistic": 0.45352259278297424, "p_rf": 0.6439999938011169, "p_xgb": 0.9912034273147583, "date": "2026-10-08"}}, {"type": "Feature", "geometry": {"type": "Point", "coordinates": [-82.37500000170601, 35.57500000057401]}, "properties": {"p_logistic": 0.45281150937080383, "p_rf": 0.6520000100135803, "p_xgb": 0.9923696517944336, "date": "2026-10-08"}}, {"type": "Feature", "geometry": {"type": "Point", "coordinates": [-82.36666666837301, 35.57500000057401]}, "properties": {"p_logistic": 0.45030221343040466, "p_rf": 0.7519999742507935, "p_xgb": 0.9924986958503723, "date": "2026-10-08"}}, {"type": "Feature", "geometry": {"type": "Point", "coordinates": [-82.35833333504002, 35.57500000057401]}, "properties": {"p_logistic": 0.44523221254348755, "p_rf": 0.8019999861717224, "p_xgb": 0.9925411939620972, "date": "2026-10-08"}}, {"type": "Feature", "geometry": {"type": "Point", "coordinates": [-82.35000000170702, 35.57500000057401]}, "properties": {"p_logistic": 0.4393118619918823, "p_rf": 0.843999981880188, "p_xgb": 0.9912017583847046, "date": "2026-10-08"}}, {"type": "Feature", "geometry": {"type": "Point", "coordinates": [-82.34166666837402, 35.57500000057401]}, "properties": {"p_logistic": 0.43723970651626587, "p_rf": 0.8360000252723694, "p_xgb": 0.9876396059989929, "date": "2026-10-08"}}, {"type": "Feature", "geometry": {"type": "Point", "coordinates": [-82.33333333504102, 35.57500000057401]}, "properties": {"p_logistic": 0.4368983805179596, "p_rf": 0.8019999861717224, "p_xgb": 0.9870243072509766, "date": "2026-10-08"}}, {"type": "Feature", "geometry": {"type": "Point", "coordinates": [-82.32500000170802, 35.57500000057401]}, "properties": {"p_logistic": 0.4387913942337036, "p_rf": 0.7480000257492065, "p_xgb": 0.9811108708381653, "date": "2026-10-08"}}, {"type": "Feature", "geometry": {"type": "Point", "coordinates": [-82.31666666837502, 35.57500000057401]}, "properties": {"p_logistic": 0.4439961016178131, "p_rf": 0.6660000085830688, "p_xgb": 0.9791669845581055, "date": "2026-10-08"}}, {"type": "Feature", "geometry": {"type": "Point", "coordinates": [-82.30833333504202, 35.57500000057401]}, "properties": {"p_logistic": 0.44951331615448, "p_rf": 0.7179999947547913, "p_xgb": 0.9854080080986023, "date": "2026-10-08"}}, {"type": "Feature", "geometry": {"type": "Point", "coordinates": [-82.30000000170901, 35.57500000057401]}, "properties": {"p_logistic": 0.4526253342628479, "p_rf": 0.699999988079071, "p_xgb": 0.9839015603065491, "date": "2026-10-08"}}, {"type": "Feature", "geometry": {"type": "Point", "coordinates": [-82.29166666837602, 35.57500000057401]}, "properties": {"p_logistic": 0.45648613572120667, "p_rf": 0.6880000233650208, "p_xgb": 0.9709725975990295, "date": "2026-10-08"}}, {"type": "Feature", "geometry": {"type": "Point", "coordinates": [-82.28333333504301, 35.57500000057401]}, "properties": {"p_logistic": 0.4663403630256653, "p_rf": 0.7720000147819519, "p_xgb": 0.990462601184845, "date": "2026-10-08"}}, {"type": "Feature", "geometry": {"type": "Point", "coordinates": [-82.27500000171003, 35.57500000057401]}, "properties": {"p_logistic": 0.47775280475616455, "p_rf": 0.5299999713897705, "p_xgb": 0.9771618247032166, "date": "2026-10-08"}}, {"type": "Feature", "geometry": {"type": "Point", "coordinates": [-82.76666666835702, 35.566666667241]}, "properties": {"p_logistic": 0.48152005672454834, "p_rf": 0.7080000042915344, "p_xgb": 0.9700514078140259, "date": "2026-10-08"}}, {"type": "Feature", "geometry": {"type": "Point", "coordinates": [-82.75833333502402, 35.566666667241]}, "properties": {"p_logistic": 0.481689989566803, "p_rf": 0.7080000042915344, "p_xgb": 0.9700514078140259, "date": "2026-10-08"}}, {"type": "Feature", "geometry": {"type": "Point", "coordinates": [-82.75000000169102, 35.566666667241]}, "properties": {"p_logistic": 0.48261937499046326, "p_rf": 0.7080000042915344, "p_xgb": 0.9700514078140259, "date": "2026-10-08"}}, {"type": "Feature", "geometry": {"type": "Point", "coordinates": [-82.74166666835802, 35.566666667241]}, "properties": {"p_logistic": 0.4840337932109833, "p_rf": 0.7080000042915344, "p_xgb": 0.9700514078140259, "date": "2026-10-08"}}, {"type": "Feature", "geometry": {"type": "Point", "coordinates": [-82.73333333502501, 35.566666667241]}, "properties": {"p_logistic": 0.4856546223163605, "p_rf": 0.7080000042915344, "p_xgb": 0.9700514078140259, "date": "2026-10-08"}}, {"type": "Feature", "geometry": {"type": "Point", "coordinates": [-82.72500000169202, 35.566666667241]}, "properties": {"p_logistic": 0.4870586395263672, "p_rf": 0.7080000042915344, "p_xgb": 0.9700514078140259, "date": "2026-10-08"}}, {"type": "Feature", "geometry": {"type": "Point", "coordinates": [-82.71666666835901, 35.566666667241]}, "properties": {"p_logistic": 0.4886106848716736, "p_rf": 0.7080000042915344, "p_xgb": 0.9711151123046875, "date": "2026-10-08"}}, {"type": "Feature", "geometry": {"type": "Point", "coordinates": [-82.70833333502603, 35.566666667241]}, "properties": {"p_logistic": 0.489154189825058, "p_rf": 0.7080000042915344, "p_xgb": 0.9711151123046875, "date": "2026-10-08"}}, {"type": "Feature", "geometry": {"type": "Point", "coordinates": [-82.70000000169301, 35.566666667241]}, "properties": {"p_logistic": 0.4895131289958954, "p_rf": 0.7080000042915344, "p_xgb": 0.9706470966339111, "date": "2026-10-08"}}, {"type": "Feature", "geometry": {"type": "Point", "coordinates": [-82.69166666836001, 35.566666667241]}, "properties": {"p_logistic": 0.48992595076560974, "p_rf": 0.7080000042915344, "p_xgb": 0.9706470966339111, "date": "2026-10-08"}}, {"type": "Feature", "geometry": {"type": "Point", "coordinates": [-82.68333333502702, 35.566666667241]}, "properties": {"p_logistic": 0.4904080331325531, "p_rf": 0.7080000042915344, "p_xgb": 0.9706470966339111, "date": "2026-10-08"}}, {"type": "Feature", "geometry": {"type": "Point", "coordinates": [-82.67500000169402, 35.566666667241]}, "properties": {"p_logistic": 0.49103957414627075, "p_rf": 0.7080000042915344, "p_xgb": 0.9706470966339111, "date": "2026-10-08"}}, {"type": "Feature", "geometry": {"type": "Point", "coordinates": [-82.66666666836102, 35.566666667241]}, "properties": {"p_logistic": 0.4922838807106018, "p_rf": 0.7080000042915344, "p_xgb": 0.9711151123046875, "date": "2026-10-08"}}, {"type": "Feature", "geometry": {"type": "Point", "coordinates": [-82.65833333502802, 35.566666667241]}, "properties": {"p_logistic": 0.4928753674030304, "p_rf": 0.7080000042915344, "p_xgb": 0.9700514078140259, "date": "2026-10-08"}}, {"type": "Feature", "geometry": {"type": "Point", "coordinates": [-82.65000000169502, 35.566666667241]}, "properties": {"p_logistic": 0.4941812753677368, "p_rf": 0.7059999704360962, "p_xgb": 0.9700514078140259, "date": "2026-10-08"}}, {"type": "Feature", "geometry": {"type": "Point", "coordinates": [-82.64166666836202, 35.566666667241]}, "properties": {"p_logistic": 0.4959104657173157, "p_rf": 0.7200000286102295, "p_xgb": 0.9681736826896667, "date": "2026-10-08"}}, {"type": "Feature", "geometry": {"type": "Point", "coordinates": [-82.63333333502902, 35.566666667241]}, "properties": {"p_logistic": 0.4969203770160675, "p_rf": 0.6759999990463257, "p_xgb": 0.953285813331604, "date": "2026-10-08"}}, {"type": "Feature", "geometry": {"type": "Point", "coordinates": [-82.62500000169601, 35.566666667241]}, "properties": {"p_logistic": 0.4990612268447876, "p_rf": 0.6779999732971191, "p_xgb": 0.953285813331604, "date": "2026-10-08"}}, {"type": "Feature", "geometry": {"type": "Point", "coordinates": [-82.61666666836302, 35.566666667241]}, "properties": {"p_logistic": 0.5017251968383789, "p_rf": 0.6819999814033508, "p_xgb": 0.9571108818054199, "date": "2026-10-08"}}, {"type": "Feature", "geometry": {"type": "Point", "coordinates": [-82.60833333503001, 35.566666667241]}, "properties": {"p_logistic": 0.5034644603729248, "p_rf": 0.8119999766349792, "p_xgb": 0.9941698312759399, "date": "2026-10-08"}}, {"type": "Feature", "geometry": {"type": "Point", "coordinates": [-82.60000000169703, 35.566666667241]}, "properties": {"p_logistic": 0.5043396949768066, "p_rf": 0.8059999942779541, "p_xgb": 0.9740018844604492, "date": "2026-10-08"}}, {"type": "Feature", "geometry": {"type": "Point", "coordinates": [-82.59166666836401, 35.566666667241]}, "properties": {"p_logistic": 0.5036529898643494, "p_rf": 0.6779999732971191, "p_xgb": 0.9533267617225647, "date": "2026-10-08"}}, {"type": "Feature", "geometry": {"type": "Point", "coordinates": [-82.58333333503101, 35.566666667241]}, "properties": {"p_logistic": 0.5015151500701904, "p_rf": 0.7139999866485596, "p_xgb": 0.9682019352912903, "date": "2026-10-08"}}, {"type": "Feature", "geometry": {"type": "Point", "coordinates": [-82.57500000169802, 35.566666667241]}, "properties": {"p_logistic": 0.49883174896240234, "p_rf": 0.7020000219345093, "p_xgb": 0.9736072421073914, "date": "2026-10-08"}}, {"type": "Feature", "geometry": {"type": "Point", "coordinates": [-82.56666666836502, 35.566666667241]}, "properties": {"p_logistic": 0.4954988658428192, "p_rf": 0.7059999704360962, "p_xgb": 0.977786123752594, "date": "2026-10-08"}}, {"type": "Feature", "geometry": {"type": "Point", "coordinates": [-82.55833333503202, 35.566666667241]}, "properties": {"p_logistic": 0.4927953779697418, "p_rf": 0.7080000042915344, "p_xgb": 0.9796470403671265, "date": "2026-10-08"}}, {"type": "Feature", "geometry": {"type": "Point", "coordinates": [-82.55000000169902, 35.566666667241]}, "properties": {"p_logistic": 0.4908985495567322, "p_rf": 0.7080000042915344, "p_xgb": 0.9781646728515625, "date": "2026-10-08"}}, {"type": "Feature", "geometry": {"type": "Point", "coordinates": [-82.54166666836602, 35.566666667241]}, "properties": {"p_logistic": 0.49634113907814026, "p_rf": 0.7080000042915344, "p_xgb": 0.9886800050735474, "date": "2026-10-08"}}, {"type": "Feature", "geometry": {"type": "Point", "coordinates": [-82.53333333503302, 35.566666667241]}, "properties": {"p_logistic": 0.5200053453445435, "p_rf": 0.8460000157356262, "p_xgb": 0.9935278296470642, "date": "2026-10-08"}}, {"type": "Feature", "geometry": {"type": "Point", "coordinates": [-82.52500000170002, 35.566666667241]}, "properties": {"p_logistic": 0.5578852891921997, "p_rf": 0.6740000247955322, "p_xgb": 0.9937680959701538, "date": "2026-10-08"}}, {"type": "Feature", "geometry": {"type": "Point", "coordinates": [-82.51666666836701, 35.566666667241]}, "properties": {"p_logistic": 0.596756100654602, "p_rf": 0.7099999785423279, "p_xgb": 0.9885330200195312, "date": "2026-10-08"}}, {"type": "Feature", "geometry": {"type": "Point", "coordinates": [-82.50833333503402, 35.566666667241]}, "properties": {"p_logistic": 0.6183992624282837, "p_rf": 0.5379999876022339, "p_xgb": 0.985650360584259, "date": "2026-10-08"}}, {"type": "Feature", "geometry": {"type": "Point", "coordinates": [-82.50000000170101, 35.566666667241]}, "properties": {"p_logistic": 0.6275806427001953, "p_rf": 0.45399999618530273, "p_xgb": 0.9911038875579834, "date": "2026-10-08"}}, {"type": "Feature", "geometry": {"type": "Point", "coordinates": [-82.49166666836803, 35.566666667241]}, "properties": {"p_logistic": 0.6155194044113159, "p_rf": 0.4560000002384186, "p_xgb": 0.9913049936294556, "date": "2026-10-08"}}, {"type": "Feature", "geometry": {"type": "Point", "coordinates": [-82.48333333503501, 35.566666667241]}, "properties": {"p_logistic": 0.602497398853302, "p_rf": 0.45399999618530273, "p_xgb": 0.9880759716033936, "date": "2026-10-08"}}, {"type": "Feature", "geometry": {"type": "Point", "coordinates": [-82.47500000170201, 35.566666667241]}, "properties": {"p_logistic": 0.587295413017273, "p_rf": 0.5040000081062317, "p_xgb": 0.9823342561721802, "date": "2026-10-08"}}, {"type": "Feature", "geometry": {"type": "Point", "coordinates": [-82.46666666836902, 35.566666667241]}, "properties": {"p_logistic": 0.5628565549850464, "p_rf": 0.5979999899864197, "p_xgb": 0.980813205242157, "date": "2026-10-08"}}, {"type": "Feature", "geometry": {"type": "Point", "coordinates": [-82.45833333503602, 35.566666667241]}, "properties": {"p_logistic": 0.5431356430053711, "p_rf": 0.7620000243186951, "p_xgb": 0.9802606701850891, "date": "2026-10-08"}}, {"type": "Feature", "geometry": {"type": "Point", "coordinates": [-82.45000000170302, 35.566666667241]}, "properties": {"p_logistic": 0.5290892720222473, "p_rf": 0.6980000138282776, "p_xgb": 0.9768692851066589, "date": "2026-10-08"}}, {"type": "Feature", "geometry": {"type": "Point", "coordinates": [-82.44166666837002, 35.566666667241]}, "properties": {"p_logistic": 0.5137435793876648, "p_rf": 0.7020000219345093, "p_xgb": 0.9887771010398865, "date": "2026-10-08"}}, {"type": "Feature", "geometry": {"type": "Point", "coordinates": [-82.43333333503702, 35.566666667241]}, "properties": {"p_logistic": 0.4944249987602234, "p_rf": 0.7179999947547913, "p_xgb": 0.9842772483825684, "date": "2026-10-08"}}, {"type": "Feature", "geometry": {"type": "Point", "coordinates": [-82.42500000170402, 35.566666667241]}, "properties": {"p_logistic": 0.47859641909599304, "p_rf": 0.6840000152587891, "p_xgb": 0.9914996027946472, "date": "2026-10-08"}}, {"type": "Feature", "geometry": {"type": "Point", "coordinates": [-82.41666666837102, 35.566666667241]}, "properties": {"p_logistic": 0.47194498777389526, "p_rf": 0.6840000152587891, "p_xgb": 0.9865430593490601, "date": "2026-10-08"}}, {"type": "Feature", "geometry": {"type": "Point", "coordinates": [-82.40833333503801, 35.566666667241]}, "properties": {"p_logistic": 0.46518760919570923, "p_rf": 0.6840000152587891, "p_xgb": 0.992409348487854, "date": "2026-10-08"}}, {"type": "Feature", "geometry": {"type": "Point", "coordinates": [-82.40000000170502, 35.566666667241]}, "properties": {"p_logistic": 0.45608896017074585, "p_rf": 0.6520000100135803, "p_xgb": 0.9912034273147583, "date": "2026-10-08"}}, {"type": "Feature", "geometry": {"type": "Point", "coordinates": [-82.39166666837201, 35.566666667241]}, "properties": {"p_logistic": 0.45426854491233826, "p_rf": 0.6460000276565552, "p_xgb": 0.9912034273147583, "date": "2026-10-08"}}, {"type": "Feature", "geometry": {"type": "Point", "coordinates": [-82.38333333503903, 35.566666667241]}, "properties": {"p_logistic": 0.4545165002346039, "p_rf": 0.6460000276565552, "p_xgb": 0.9912034273147583, "date": "2026-10-08"}}, {"type": "Feature", "geometry": {"type": "Point", "coordinates": [-82.37500000170601, 35.566666667241]}, "properties": {"p_logistic": 0.4540834128856659, "p_rf": 0.6539999842643738, "p_xgb": 0.9936339855194092, "date": "2026-10-08"}}, {"type": "Feature", "geometry": {"type": "Point", "coordinates": [-82.36666666837301, 35.566666667241]}, "properties": {"p_logistic": 0.4509113132953644, "p_rf": 0.7599999904632568, "p_xgb": 0.9909064769744873, "date": "2026-10-08"}}, {"type": "Feature", "geometry": {"type": "Point", "coordinates": [-82.35833333504002, 35.566666667241]}, "properties": {"p_logistic": 0.4464786648750305, "p_rf": 0.8040000200271606, "p_xgb": 0.9925411939620972, "date": "2026-10-08"}}, {"type": "Feature", "geometry": {"type": "Point", "coordinates": [-82.35000000170702, 35.566666667241]}, "properties": {"p_logistic": 0.4413466453552246, "p_rf": 0.8460000157356262, "p_xgb": 0.9924255609512329, "date": "2026-10-08"}}, {"type": "Feature", "geometry": {"type": "Point", "coordinates": [-82.34166666837402, 35.566666667241]}, "properties": {"p_logistic": 0.4410058259963989, "p_rf": 0.8259999752044678, "p_xgb": 0.9876396059989929, "date": "2026-10-08"}}, {"type": "Feature", "geometry": {"type": "Point", "coordinates": [-82.33333333504102, 35.566666667241]}, "properties": {"p_logistic": 0.44150835275650024, "p_rf": 0.7680000066757202, "p_xgb": 0.9817284941673279, "date": "2026-10-08"}}, {"type": "Feature", "geometry": {"type": "Point", "coordinates": [-82.32500000170802, 35.566666667241]}, "properties": {"p_logistic": 0.44315412640571594, "p_rf": 0.656000018119812, "p_xgb": 0.9810622334480286, "date": "2026-10-08"}}, {"type": "Feature", "geometry": {"type": "Point", "coordinates": [-82.31666666837502, 35.566666667241]}, "properties": {"p_logistic": 0.4474787712097168, "p_rf": 0.6880000233650208, "p_xgb": 0.9798983335494995, "date": "2026-10-08"}}, {"type": "Feature", "geometry": {"type": "Point", "coordinates": [-82.30833333504202, 35.566666667241]}, "properties": {"p_logistic": 0.4524683654308319, "p_rf": 0.6740000247955322, "p_xgb": 0.9798637628555298, "date": "2026-10-08"}}, {"type": "Feature", "geometry": {"type": "Point", "coordinates": [-82.30000000170901, 35.566666667241]}, "properties": {"p_logistic": 0.4548395574092865, "p_rf": 0.7039999961853027, "p_xgb": 0.9849385023117065, "date": "2026-10-08"}}, {"type": "Feature", "geometry": {"type": "Point", "coordinates": [-82.29166666837602, 35.566666667241]}, "properties": {"p_logistic": 0.4592515230178833, "p_rf": 0.699999988079071, "p_xgb": 0.9586878418922424, "date": "2026-10-08"}}, {"type": "Feature", "geometry": {"type": "Point", "coordinates": [-82.28333333504301, 35.566666667241]}, "properties": {"p_logistic": 0.46693161129951477, "p_rf": 0.7559999823570251, "p_xgb": 0.9885877370834351, "date": "2026-10-08"}}, {"type": "Feature", "geometry": {"type": "Point", "coordinates": [-82.27500000171003, 35.566666667241]}, "properties": {"p_logistic": 0.47684481739997864, "p_rf": 0.49799999594688416, "p_xgb": 0.9732181429862976, "date": "2026-10-08"}}, {"type": "Feature", "geometry": {"type": "Point", "coordinates": [-82.26666666837701, 35.566666667241]}, "properties": {"p_logistic": 0.48459485173225403, "p_rf": 0.44600000977516174, "p_xgb": 0.9740643501281738, "date": "2026-10-08"}}, {"type": "Feature", "geometry": {"type": "Point", "coordinates": [-82.76666666835702, 35.558333333908]}, "properties": {"p_logistic": 0.48175156116485596, "p_rf": 0.7080000042915344, "p_xgb": 0.9700514078140259, "date": "2026-10-08"}}, {"type": "Feature", "geometry": {"type": "Point", "coordinates": [-82.75833333502402, 35.558333333908]}, "properties": {"p_logistic": 0.48190972208976746, "p_rf": 0.7080000042915344, "p_xgb": 0.9700514078140259, "date": "2026-10-08"}}, {"type": "Feature", "geometry": {"type": "Point", "coordinates": [-82.75000000169102, 35.558333333908]}, "properties": {"p_logistic": 0.48327139019966125, "p_rf": 0.7080000042915344, "p_xgb": 0.9700514078140259, "date": "2026-10-08"}}, {"type": "Feature", "geometry": {"type": "Point", "coordinates": [-82.74166666835802, 35.558333333908]}, "properties": {"p_logistic": 0.4847491979598999, "p_rf": 0.7080000042915344, "p_xgb": 0.9700514078140259, "date": "2026-10-08"}}, {"type": "Feature", "geometry": {"type": "Point", "coordinates": [-82.73333333502501, 35.558333333908]}, "properties": {"p_logistic": 0.4860934019088745, "p_rf": 0.7080000042915344, "p_xgb": 0.9700514078140259, "date": "2026-10-08"}}, {"type": "Feature", "geometry": {"type": "Point", "coordinates": [-82.72500000169202, 35.558333333908]}, "properties": {"p_logistic": 0.4874192178249359, "p_rf": 0.7080000042915344, "p_xgb": 0.9700514078140259, "date": "2026-10-08"}}, {"type": "Feature", "geometry": {"type": "Point", "coordinates": [-82.71666666835901, 35.558333333908]}, "properties": {"p_logistic": 0.48894497752189636, "p_rf": 0.7080000042915344, "p_xgb": 0.9711151123046875, "date": "2026-10-08"}}, {"type": "Feature", "geometry": {"type": "Point", "coordinates": [-82.70833333502603, 35.558333333908]}, "properties": {"p_logistic": 0.4897799789905548, "p_rf": 0.7080000042915344, "p_xgb": 0.9711151123046875, "date": "2026-10-08"}}, {"type": "Feature", "geometry": {"type": "Point", "coordinates": [-82.70000000169301, 35.558333333908]}, "properties": {"p_logistic": 0.4903617799282074, "p_rf": 0.7080000042915344, "p_xgb": 0.9706470966339111, "date": "2026-10-08"}}, {"type": "Feature", "geometry": {"type": "Point", "coordinates": [-82.69166666836001, 35.558333333908]}, "properties": {"p_logistic": 0.4908466339111328, "p_rf": 0.7080000042915344, "p_xgb": 0.9706470966339111, "date": "2026-10-08"}}, {"type": "Feature", "geometry": {"type": "Point", "coordinates": [-82.68333333502702, 35.558333333908]}, "properties": {"p_logistic": 0.49149709939956665, "p_rf": 0.7080000042915344, "p_xgb": 0.9706470966339111, "date": "2026-10-08"}}, {"type": "Feature", "geometry": {"type": "Point", "coordinates": [-82.67500000169402, 35.558333333908]}, "properties": {"p_logistic": 0.49207502603530884, "p_rf": 0.7080000042915344, "p_xgb": 0.9711151123046875, "date": "2026-10-08"}}, {"type": "Feature", "geometry": {"type": "Point", "coordinates": [-82.66666666836102, 35.558333333908]}, "properties": {"p_logistic": 0.4929836690425873, "p_rf": 0.7080000042915344, "p_xgb": 0.9700514078140259, "date": "2026-10-08"}}, {"type": "Feature", "geometry": {"type": "Point", "coordinates": [-82.65833333502802, 35.558333333908]}, "properties": {"p_logistic": 0.49379706382751465, "p_rf": 0.7080000042915344, "p_xgb": 0.9700514078140259, "date": "2026-10-08"}}, {"type": "Feature", "geometry": {"type": "Point", "coordinates": [-82.65000000169502, 35.558333333908]}, "properties": {"p_logistic": 0.49476945400238037, "p_rf": 0.7039999961853027, "p_xgb": 0.9700514078140259, "date": "2026-10-08"}}, {"type": "Feature", "geometry": {"type": "Point", "coordinates": [-82.64166666836202, 35.558333333908]}, "properties": {"p_logistic": 0.4957253336906433, "p_rf": 0.7179999947547913, "p_xgb": 0.9681736826896667, "date": "2026-10-08"}}, {"type": "Feature", "geometry": {"type": "Point", "coordinates": [-82.63333333502902, 35.558333333908]}, "properties": {"p_logistic": 0.4964914321899414, "p_rf": 0.6759999990463257, "p_xgb": 0.953285813331604, "date": "2026-10-08"}}, {"type": "Feature", "geometry": {"type": "Point", "coordinates": [-82.62500000169601, 35.558333333908]}, "properties": {"p_logistic": 0.4977225363254547, "p_rf": 0.6779999732971191, "p_xgb": 0.9514633417129517, "date": "2026-10-08"}}, {"type": "Feature", "geometry": {"type": "Point", "coordinates": [-82.61666666836302, 35.558333333908]}, "properties": {"p_logistic": 0.5001331567764282, "p_rf": 0.8119999766349792, "p_xgb": 0.9944032430648804, "date": "2026-10-08"}}, {"type": "Feature", "geometry": {"type": "Point", "coordinates": [-82.60833333503001, 35.558333333908]}, "properties": {"p_logistic": 0.5028707385063171, "p_rf": 0.8220000267028809, "p_xgb": 0.9946677684783936, "date": "2026-10-08"}}, {"type": "Feature", "geometry": {"type": "Point", "coordinates": [-82.60000000169703, 35.558333333908]}, "properties": {"p_logistic": 0.5039272308349609, "p_rf": 0.8220000267028809, "p_xgb": 0.9946677684783936, "date": "2026-10-08"}}, {"type": "Feature", "geometry": {"type": "Point", "coordinates": [-82.59166666836401, 35.558333333908]}, "properties": {"p_logistic": 0.503679096698761, "p_rf": 0.8119999766349792, "p_xgb": 0.9944032430648804, "date": "2026-10-08"}}, {"type": "Feature", "geometry": {"type": "Point", "coordinates": [-82.58333333503101, 35.558333333908]}, "properties": {"p_logistic": 0.5017440915107727, "p_rf": 0.6779999732971191, "p_xgb": 0.9554165601730347, "date": "2026-10-08"}}, {"type": "Feature", "geometry": {"type": "Point", "coordinates": [-82.57500000169802, 35.558333333908]}, "properties": {"p_logistic": 0.49874427914619446, "p_rf": 0.7179999947547913, "p_xgb": 0.9771437644958496, "date": "2026-10-08"}}, {"type": "Feature", "geometry": {"type": "Point", "coordinates": [-82.56666666836502, 35.558333333908]}, "properties": {"p_logistic": 0.4946375787258148, "p_rf": 0.7039999961853027, "p_xgb": 0.9796470403671265, "date": "2026-10-08"}}, {"type": "Feature", "geometry": {"type": "Point", "coordinates": [-82.55833333503202, 35.558333333908]}, "properties": {"p_logistic": 0.4914541244506836, "p_rf": 0.7080000042915344, "p_xgb": 0.9796470403671265, "date": "2026-10-08"}}, {"type": "Feature", "geometry": {"type": "Point", "coordinates": [-82.55000000169902, 35.558333333908]}, "properties": {"p_logistic": 0.4896593689918518, "p_rf": 0.7080000042915344, "p_xgb": 0.9790005087852478, "date": "2026-10-08"}}, {"type": "Feature", "geometry": {"type": "Point", "coordinates": [-82.54166666836602, 35.558333333908]}, "properties": {"p_logistic": 0.4982386529445648, "p_rf": 0.7039999961853027, "p_xgb": 0.9857093095779419, "date": "2026-10-08"}}, {"type": "Feature", "geometry": {"type": "Point", "coordinates": [-82.53333333503302, 35.558333333908]}, "properties": {"p_logistic": 0.524654746055603, "p_rf": 0.8759999871253967, "p_xgb": 0.9974205493927002, "date": "2026-10-08"}}, {"type": "Feature", "geometry": {"type": "Point", "coordinates": [-82.52500000170002, 35.558333333908]}, "properties": {"p_logistic": 0.5645489692687988, "p_rf": 0.7139999866485596, "p_xgb": 0.9934112429618835, "date": "2026-10-08"}}, {"type": "Feature", "geometry": {"type": "Point", "coordinates": [-82.51666666836701, 35.558333333908]}, "properties": {"p_logistic": 0.6043810844421387, "p_rf": 0.7720000147819519, "p_xgb": 0.9954901337623596, "date": "2026-10-08"}}, {"type": "Feature", "geometry": {"type": "Point", "coordinates": [-82.50833333503402, 35.558333333908]}, "properties": {"p_logistic": 0.6281611919403076, "p_rf": 0.4580000042915344, "p_xgb": 0.9892832040786743, "date": "2026-10-08"}}, {"type": "Feature", "geometry": {"type": "Point", "coordinates": [-82.50000000170101, 35.558333333908]}, "properties": {"p_logistic": 0.6415767669677734, "p_rf": 0.44999998807907104, "p_xgb": 0.9947084188461304, "date": "2026-10-08"}}, {"type": "Feature", "geometry": {"type": "Point", "coordinates": [-82.49166666836803, 35.558333333908]}, "properties": {"p_logistic": 0.638319194316864, "p_rf": 0.4560000002384186, "p_xgb": 0.9936378598213196, "date": "2026-10-08"}}, {"type": "Feature", "geometry": {"type": "Point", "coordinates": [-82.48333333503501, 35.558333333908]}, "properties": {"p_logistic": 0.6232367157936096, "p_rf": 0.4580000042915344, "p_xgb": 0.9944931268692017, "date": "2026-10-08"}}, {"type": "Feature", "geometry": {"type": "Point", "coordinates": [-82.47500000170201, 35.558333333908]}, "properties": {"p_logistic": 0.6039499044418335, "p_rf": 0.44200000166893005, "p_xgb": 0.9918171763420105, "date": "2026-10-08"}}, {"type": "Feature", "geometry": {"type": "Point", "coordinates": [-82.46666666836902, 35.558333333908]}, "properties": {"p_logistic": 0.5761345028877258, "p_rf": 0.5260000228881836, "p_xgb": 0.9847444891929626, "date": "2026-10-08"}}, {"type": "Feature", "geometry": {"type": "Point", "coordinates": [-82.45833333503602, 35.558333333908]}, "properties": {"p_logistic": 0.5536375045776367, "p_rf": 0.7559999823570251, "p_xgb": 0.989464521408081, "date": "2026-10-08"}}, {"type": "Feature", "geometry": {"type": "Point", "coordinates": [-82.45000000170302, 35.558333333908]}, "properties": {"p_logistic": 0.5360124111175537, "p_rf": 0.7139999866485596, "p_xgb": 0.9738934636116028, "date": "2026-10-08"}}, {"type": "Feature", "geometry": {"type": "Point", "coordinates": [-82.44166666837002, 35.558333333908]}, "properties": {"p_logistic": 0.5166173577308655, "p_rf": 0.7020000219345093, "p_xgb": 0.9887335300445557, "date": "2026-10-08"}}, {"type": "Feature", "geometry": {"type": "Point", "coordinates": [-82.43333333503702, 35.558333333908]}, "properties": {"p_logistic": 0.49278947710990906, "p_rf": 0.6840000152587891, "p_xgb": 0.9794635772705078, "date": "2026-10-08"}}, {"type": "Feature", "geometry": {"type": "Point", "coordinates": [-82.42500000170402, 35.558333333908]}, "properties": {"p_logistic": 0.47667407989501953, "p_rf": 0.6899999976158142, "p_xgb": 0.9889811277389526, "date": "2026-10-08"}}, {"type": "Feature", "geometry": {"type": "Point", "coordinates": [-82.41666666837102, 35.558333333908]}, "properties": {"p_logistic": 0.4717773497104645, "p_rf": 0.6919999718666077, "p_xgb": 0.9889811277389526, "date": "2026-10-08"}}, {"type": "Feature", "geometry": {"type": "Point", "coordinates": [-82.40833333503801, 35.558333333908]}, "properties": {"p_logistic": 0.46460142731666565, "p_rf": 0.6880000233650208, "p_xgb": 0.9932199120521545, "date": "2026-10-08"}}, {"type": "Feature", "geometry": {"type": "Point", "coordinates": [-82.40000000170502, 35.558333333908]}, "properties": {"p_logistic": 0.4559953510761261, "p_rf": 0.6480000019073486, "p_xgb": 0.9912034273147583, "date": "2026-10-08"}}, {"type": "Feature", "geometry": {"type": "Point", "coordinates": [-82.39166666837201, 35.558333333908]}, "properties": {"p_logistic": 0.4538666903972626, "p_rf": 0.6460000276565552, "p_xgb": 0.9912034273147583, "date": "2026-10-08"}}, {"type": "Feature", "geometry": {"type": "Point", "coordinates": [-82.38333333503903, 35.558333333908]}, "properties": {"p_logistic": 0.454338937997818, "p_rf": 0.6499999761581421, "p_xgb": 0.9923000335693359, "date": "2026-10-08"}}, {"type": "Feature", "geometry": {"type": "Point", "coordinates": [-82.37500000170601, 35.558333333908]}, "properties": {"p_logistic": 0.4535357356071472, "p_rf": 0.7419999837875366, "p_xgb": 0.9952279329299927, "date": "2026-10-08"}}, {"type": "Feature", "geometry": {"type": "Point", "coordinates": [-82.36666666837301, 35.558333333908]}, "properties": {"p_logistic": 0.4511873722076416, "p_rf": 0.7599999904632568, "p_xgb": 0.9894730448722839, "date": "2026-10-08"}}, {"type": "Feature", "geometry": {"type": "Point", "coordinates": [-82.35833333504002, 35.558333333908]}, "properties": {"p_logistic": 0.4463824927806854, "p_rf": 0.8199999928474426, "p_xgb": 0.9928968548774719, "date": "2026-10-08"}}, {"type": "Feature", "geometry": {"type": "Point", "coordinates": [-82.35000000170702, 35.558333333908]}, "properties": {"p_logistic": 0.4423256814479828, "p_rf": 0.8659999966621399, "p_xgb": 0.991354763507843, "date": "2026-10-08"}}, {"type": "Feature", "geometry": {"type": "Point", "coordinates": [-82.34166666837402, 35.558333333908]}, "properties": {"p_logistic": 0.44458648562431335, "p_rf": 0.8180000185966492, "p_xgb": 0.9876396059989929, "date": "2026-10-08"}}, {"type": "Feature", "geometry": {"type": "Point", "coordinates": [-82.33333333504102, 35.558333333908]}, "properties": {"p_logistic": 0.44550007581710815, "p_rf": 0.7580000162124634, "p_xgb": 0.9811907410621643, "date": "2026-10-08"}}, {"type": "Feature", "geometry": {"type": "Point", "coordinates": [-82.32500000170802, 35.558333333908]}, "properties": {"p_logistic": 0.44701123237609863, "p_rf": 0.6499999761581421, "p_xgb": 0.9837265610694885, "date": "2026-10-08"}}, {"type": "Feature", "geometry": {"type": "Point", "coordinates": [-82.31666666837502, 35.558333333908]}, "properties": {"p_logistic": 0.4505813419818878, "p_rf": 0.6859999895095825, "p_xgb": 0.9808458685874939, "date": "2026-10-08"}}, {"type": "Feature", "geometry": {"type": "Point", "coordinates": [-82.30833333504202, 35.558333333908]}, "properties": {"p_logistic": 0.4545966684818268, "p_rf": 0.6660000085830688, "p_xgb": 0.9798637628555298, "date": "2026-10-08"}}, {"type": "Feature", "geometry": {"type": "Point", "coordinates": [-82.30000000170901, 35.558333333908]}, "properties": {"p_logistic": 0.45674461126327515, "p_rf": 0.6980000138282776, "p_xgb": 0.9821791052818298, "date": "2026-10-08"}}, {"type": "Feature", "geometry": {"type": "Point", "coordinates": [-82.29166666837602, 35.558333333908]}, "properties": {"p_logistic": 0.46119874715805054, "p_rf": 0.7459999918937683, "p_xgb": 0.9525898098945618, "date": "2026-10-08"}}, {"type": "Feature", "geometry": {"type": "Point", "coordinates": [-82.28333333504301, 35.558333333908]}, "properties": {"p_logistic": 0.4690687656402588, "p_rf": 0.5720000267028809, "p_xgb": 0.977783739566803, "date": "2026-10-08"}}, {"type": "Feature", "geometry": {"type": "Point", "coordinates": [-82.27500000171003, 35.558333333908]}, "properties": {"p_logistic": 0.47758740186691284, "p_rf": 0.49799999594688416, "p_xgb": 0.9603676795959473, "date": "2026-10-08"}}, {"type": "Feature", "geometry": {"type": "Point", "coordinates": [-82.26666666837701, 35.558333333908]}, "properties": {"p_logistic": 0.48604196310043335, "p_rf": 0.44600000977516174, "p_xgb": 0.9718056321144104, "date": "2026-10-08"}}, {"type": "Feature", "geometry": {"type": "Point", "coordinates": [-82.25833333504401, 35.558333333908]}, "properties": {"p_logistic": 0.49812638759613037, "p_rf": 0.4819999933242798, "p_xgb": 0.977393627166748, "date": "2026-10-08"}}, {"type": "Feature", "geometry": {"type": "Point", "coordinates": [-82.25000000171102, 35.558333333908]}, "properties": {"p_logistic": 0.5176397562026978, "p_rf": 0.5099999904632568, "p_xgb": 0.9358518123626709, "date": "2026-10-08"}}, {"type": "Feature", "geometry": {"type": "Point", "coordinates": [-82.76666666835702, 35.550000000575004]}, "properties": {"p_logistic": 0.48035213351249695, "p_rf": 0.7080000042915344, "p_xgb": 0.9684374332427979, "date": "2026-10-08"}}, {"type": "Feature", "geometry": {"type": "Point", "coordinates": [-82.75833333502402, 35.550000000575004]}, "properties": {"p_logistic": 0.48086977005004883, "p_rf": 0.7080000042915344, "p_xgb": 0.9700514078140259, "date": "2026-10-08"}}, {"type": "Feature", "geometry": {"type": "Point", "coordinates": [-82.75000000169102, 35.550000000575004]}, "properties": {"p_logistic": 0.48178502917289734, "p_rf": 0.7080000042915344, "p_xgb": 0.9700514078140259, "date": "2026-10-08"}}, {"type": "Feature", "geometry": {"type": "Point", "coordinates": [-82.74166666835802, 35.550000000575004]}, "properties": {"p_logistic": 0.48348063230514526, "p_rf": 0.7080000042915344, "p_xgb": 0.9700514078140259, "date": "2026-10-08"}}, {"type": "Feature", "geometry": {"type": "Point", "coordinates": [-82.73333333502501, 35.550000000575004]}, "properties": {"p_logistic": 0.4856802523136139, "p_rf": 0.7080000042915344, "p_xgb": 0.9700514078140259, "date": "2026-10-08"}}, {"type": "Feature", "geometry": {"type": "Point", "coordinates": [-82.72500000169202, 35.550000000575004]}, "properties": {"p_logistic": 0.4868270754814148, "p_rf": 0.7080000042915344, "p_xgb": 0.9700514078140259, "date": "2026-10-08"}}, {"type": "Feature", "geometry": {"type": "Point", "coordinates": [-82.71666666835901, 35.550000000575004]}, "properties": {"p_logistic": 0.48803287744522095, "p_rf": 0.7080000042915344, "p_xgb": 0.9700514078140259, "date": "2026-10-08"}}, {"type": "Feature", "geometry": {"type": "Point", "coordinates": [-82.70833333502603, 35.550000000575004]}, "properties": {"p_logistic": 0.4891643226146698, "p_rf": 0.7080000042915344, "p_xgb": 0.9700514078140259, "date": "2026-10-08"}}, {"type": "Feature", "geometry": {"type": "Point", "coordinates": [-82.70000000169301, 35.550000000575004]}, "properties": {"p_logistic": 0.4905607998371124, "p_rf": 0.7080000042915344, "p_xgb": 0.9711151123046875, "date": "2026-10-08"}}, {"type": "Feature", "geometry": {"type": "Point", "coordinates": [-82.69166666836001, 35.550000000575004]}, "properties": {"p_logistic": 0.49119654297828674, "p_rf": 0.7080000042915344, "p_xgb": 0.9711151123046875, "date": "2026-10-08"}}, {"type": "Feature", "geometry": {"type": "Point", "coordinates": [-82.68333333502702, 35.550000000575004]}, "properties": {"p_logistic": 0.4919154942035675, "p_rf": 0.7080000042915344, "p_xgb": 0.9711151123046875, "date": "2026-10-08"}}, {"type": "Feature", "geometry": {"type": "Point", "coordinates": [-82.67500000169402, 35.550000000575004]}, "properties": {"p_logistic": 0.4923856258392334, "p_rf": 0.7080000042915344, "p_xgb": 0.9700514078140259, "date": "2026-10-08"}}, {"type": "Feature", "geometry": {"type": "Point", "coordinates": [-82.66666666836102, 35.550000000575004]}, "properties": {"p_logistic": 0.49288666248321533, "p_rf": 0.7080000042915344, "p_xgb": 0.9700514078140259, "date": "2026-10-08"}}, {"type": "Feature", "geometry": {"type": "Point", "coordinates": [-82.65833333502802, 35.550000000575004]}, "properties": {"p_logistic": 0.49396994709968567, "p_rf": 0.7059999704360962, "p_xgb": 0.9700514078140259, "date": "2026-10-08"}}, {"type": "Feature", "geometry": {"type": "Point", "coordinates": [-82.65000000169502, 35.550000000575004]}, "properties": {"p_logistic": 0.4946223795413971, "p_rf": 0.7039999961853027, "p_xgb": 0.9700514078140259, "date": "2026-10-08"}}, {"type": "Feature", "geometry": {"type": "Point", "coordinates": [-82.64166666836202, 35.550000000575004]}, "properties": {"p_logistic": 0.49552488327026367, "p_rf": 0.7179999947547913, "p_xgb": 0.9681736826896667, "date": "2026-10-08"}}, {"type": "Feature", "geometry": {"type": "Point", "coordinates": [-82.63333333502902, 35.550000000575004]}, "properties": {"p_logistic": 0.49543869495391846, "p_rf": 0.6859999895095825, "p_xgb": 0.9681736826896667, "date": "2026-10-08"}}, {"type": "Feature", "geometry": {"type": "Point", "coordinates": [-82.62500000169601, 35.550000000575004]}, "properties": {"p_logistic": 0.49550673365592957, "p_rf": 0.6779999732971191, "p_xgb": 0.9489002823829651, "date": "2026-10-08"}}, {"type": "Feature", "geometry": {"type": "Point", "coordinates": [-82.61666666836302, 35.550000000575004]}, "properties": {"p_logistic": 0.49606144428253174, "p_rf": 0.6779999732971191, "p_xgb": 0.9508569240570068, "date": "2026-10-08"}}, {"type": "Feature", "geometry": {"type": "Point", "coordinates": [-82.60833333503001, 35.550000000575004]}, "properties": {"p_logistic": 0.49819666147232056, "p_rf": 0.8119999766349792, "p_xgb": 0.9944032430648804, "date": "2026-10-08"}}, {"type": "Feature", "geometry": {"type": "Point", "coordinates": [-82.60000000169703, 35.550000000575004]}, "properties": {"p_logistic": 0.500612199306488, "p_rf": 0.8199999928474426, "p_xgb": 0.9957653284072876, "date": "2026-10-08"}}, {"type": "Feature", "geometry": {"type": "Point", "coordinates": [-82.59166666836401, 35.550000000575004]}, "properties": {"p_logistic": 0.5007944703102112, "p_rf": 0.8119999766349792, "p_xgb": 0.9957653284072876, "date": "2026-10-08"}}, {"type": "Feature", "geometry": {"type": "Point", "coordinates": [-82.58333333503101, 35.550000000575004]}, "properties": {"p_logistic": 0.49890244007110596, "p_rf": 0.6779999732971191, "p_xgb": 0.9643264412879944, "date": "2026-10-08"}}, {"type": "Feature", "geometry": {"type": "Point", "coordinates": [-82.57500000169802, 35.550000000575004]}, "properties": {"p_logistic": 0.49571138620376587, "p_rf": 0.7039999961853027, "p_xgb": 0.9790573120117188, "date": "2026-10-08"}}, {"type": "Feature", "geometry": {"type": "Point", "coordinates": [-82.56666666836502, 35.550000000575004]}, "properties": {"p_logistic": 0.4920310974121094, "p_rf": 0.722000002861023, "p_xgb": 0.9781646728515625, "date": "2026-10-08"}}, {"type": "Feature", "geometry": {"type": "Point", "coordinates": [-82.55833333503202, 35.550000000575004]}, "properties": {"p_logistic": 0.4883699119091034, "p_rf": 0.7059999704360962, "p_xgb": 0.9790005087852478, "date": "2026-10-08"}}, {"type": "Feature", "geometry": {"type": "Point", "coordinates": [-82.55000000169902, 35.550000000575004]}, "properties": {"p_logistic": 0.4861571192741394, "p_rf": 0.7080000042915344, "p_xgb": 0.9880576133728027, "date": "2026-10-08"}}, {"type": "Feature", "geometry": {"type": "Point", "coordinates": [-82.54166666836602, 35.550000000575004]}, "properties": {"p_logistic": 0.49959102272987366, "p_rf": 0.7179999947547913, "p_xgb": 0.9768208265304565, "date": "2026-10-08"}}, {"type": "Feature", "geometry": {"type": "Point", "coordinates": [-82.53333333503302, 35.550000000575004]}, "properties": {"p_logistic": 0.5257315635681152, "p_rf": 0.8600000143051147, "p_xgb": 0.995675265789032, "date": "2026-10-08"}}, {"type": "Feature", "geometry": {"type": "Point", "coordinates": [-82.52500000170002, 35.550000000575004]}, "properties": {"p_logistic": 0.562035322189331, "p_rf": 0.7139999866485596, "p_xgb": 0.9902650117874146, "date": "2026-10-08"}}, {"type": "Feature", "geometry": {"type": "Point", "coordinates": [-82.51666666836701, 35.550000000575004]}, "properties": {"p_logistic": 0.5985852479934692, "p_rf": 0.7720000147819519, "p_xgb": 0.9956522583961487, "date": "2026-10-08"}}, {"type": "Feature", "geometry": {"type": "Point", "coordinates": [-82.50833333503402, 35.550000000575004]}, "properties": {"p_logistic": 0.6194157600402832, "p_rf": 0.5019999742507935, "p_xgb": 0.9860500693321228, "date": "2026-10-08"}}, {"type": "Feature", "geometry": {"type": "Point", "coordinates": [-82.50000000170101, 35.550000000575004]}, "properties": {"p_logistic": 0.6313692927360535, "p_rf": 0.4440000057220459, "p_xgb": 0.9935488104820251, "date": "2026-10-08"}}, {"type": "Feature", "geometry": {"type": "Point", "coordinates": [-82.49166666836803, 35.550000000575004]}, "properties": {"p_logistic": 0.6304477453231812, "p_rf": 0.4560000002384186, "p_xgb": 0.9928984642028809, "date": "2026-10-08"}}, {"type": "Feature", "geometry": {"type": "Point", "coordinates": [-82.48333333503501, 35.550000000575004]}, "properties": {"p_logistic": 0.6158591508865356, "p_rf": 0.4519999921321869, "p_xgb": 0.9934406876564026, "date": "2026-10-08"}}, {"type": "Feature", "geometry": {"type": "Point", "coordinates": [-82.47500000170201, 35.550000000575004]}, "properties": {"p_logistic": 0.5968017578125, "p_rf": 0.4519999921321869, "p_xgb": 0.9900290369987488, "date": "2026-10-08"}}, {"type": "Feature", "geometry": {"type": "Point", "coordinates": [-82.46666666836902, 35.550000000575004]}, "properties": {"p_logistic": 0.5709831714630127, "p_rf": 0.5360000133514404, "p_xgb": 0.9839854836463928, "date": "2026-10-08"}}, {"type": "Feature", "geometry": {"type": "Point", "coordinates": [-82.45833333503602, 35.550000000575004]}, "properties": {"p_logistic": 0.5505112409591675, "p_rf": 0.7720000147819519, "p_xgb": 0.9910567998886108, "date": "2026-10-08"}}, {"type": "Feature", "geometry": {"type": "Point", "coordinates": [-82.45000000170302, 35.550000000575004]}, "properties": {"p_logistic": 0.5346629023551941, "p_rf": 0.7099999785423279, "p_xgb": 0.9738934636116028, "date": "2026-10-08"}}, {"type": "Feature", "geometry": {"type": "Point", "coordinates": [-82.44166666837002, 35.550000000575004]}, "properties": {"p_logistic": 0.5140751004219055, "p_rf": 0.699999988079071, "p_xgb": 0.9887335300445557, "date": "2026-10-08"}}, {"type": "Feature", "geometry": {"type": "Point", "coordinates": [-82.43333333503702, 35.550000000575004]}, "properties": {"p_logistic": 0.4901363253593445, "p_rf": 0.7120000123977661, "p_xgb": 0.9794635772705078, "date": "2026-10-08"}}, {"type": "Feature", "geometry": {"type": "Point", "coordinates": [-82.42500000170402, 35.550000000575004]}, "properties": {"p_logistic": 0.4779682457447052, "p_rf": 0.6940000057220459, "p_xgb": 0.9885297417640686, "date": "2026-10-08"}}, {"type": "Feature", "geometry": {"type": "Point", "coordinates": [-82.41666666837102, 35.550000000575004]}, "properties": {"p_logistic": 0.473592609167099, "p_rf": 0.6940000057220459, "p_xgb": 0.9940264225006104, "date": "2026-10-08"}}, {"type": "Feature", "geometry": {"type": "Point", "coordinates": [-82.40833333503801, 35.550000000575004]}, "properties": {"p_logistic": 0.46670812368392944, "p_rf": 0.6859999895095825, "p_xgb": 0.9932199120521545, "date": "2026-10-08"}}, {"type": "Feature", "geometry": {"type": "Point", "coordinates": [-82.40000000170502, 35.550000000575004]}, "properties": {"p_logistic": 0.45650678873062134, "p_rf": 0.6460000276565552, "p_xgb": 0.9910029172897339, "date": "2026-10-08"}}, {"type": "Feature", "geometry": {"type": "Point", "coordinates": [-82.39166666837201, 35.550000000575004]}, "properties": {"p_logistic": 0.4533716142177582, "p_rf": 0.6520000100135803, "p_xgb": 0.9923696517944336, "date": "2026-10-08"}}, {"type": "Feature", "geometry": {"type": "Point", "coordinates": [-82.38333333503903, 35.550000000575004]}, "properties": {"p_logistic": 0.45219841599464417, "p_rf": 0.7279999852180481, "p_xgb": 0.9936339855194092, "date": "2026-10-08"}}, {"type": "Feature", "geometry": {"type": "Point", "coordinates": [-82.37500000170601, 35.550000000575004]}, "properties": {"p_logistic": 0.4519292712211609, "p_rf": 0.7480000257492065, "p_xgb": 0.9927045702934265, "date": "2026-10-08"}}, {"type": "Feature", "geometry": {"type": "Point", "coordinates": [-82.36666666837301, 35.550000000575004]}, "properties": {"p_logistic": 0.44981855154037476, "p_rf": 0.7620000243186951, "p_xgb": 0.9894730448722839, "date": "2026-10-08"}}, {"type": "Feature", "geometry": {"type": "Point", "coordinates": [-82.35833333504002, 35.550000000575004]}, "properties": {"p_logistic": 0.4455026090145111, "p_rf": 0.828000009059906, "p_xgb": 0.9912017583847046, "date": "2026-10-08"}}, {"type": "Feature", "geometry": {"type": "Point", "coordinates": [-82.35000000170702, 35.550000000575004]}, "properties": {"p_logistic": 0.44707992672920227, "p_rf": 0.8180000185966492, "p_xgb": 0.9854198098182678, "date": "2026-10-08"}}, {"type": "Feature", "geometry": {"type": "Point", "coordinates": [-82.34166666837402, 35.550000000575004]}, "properties": {"p_logistic": 0.450714111328125, "p_rf": 0.7620000243186951, "p_xgb": 0.9792113304138184, "date": "2026-10-08"}}, {"type": "Feature", "geometry": {"type": "Point", "coordinates": [-82.33333333504102, 35.550000000575004]}, "properties": {"p_logistic": 0.4525032937526703, "p_rf": 0.7459999918937683, "p_xgb": 0.9836238622665405, "date": "2026-10-08"}}, {"type": "Feature", "geometry": {"type": "Point", "coordinates": [-82.32500000170802, 35.550000000575004]}, "properties": {"p_logistic": 0.4549143612384796, "p_rf": 0.6620000004768372, "p_xgb": 0.9801920652389526, "date": "2026-10-08"}}, {"type": "Feature", "geometry": {"type": "Point", "coordinates": [-82.31666666837502, 35.550000000575004]}, "properties": {"p_logistic": 0.4582941234111786, "p_rf": 0.7179999947547913, "p_xgb": 0.9764919877052307, "date": "2026-10-08"}}, {"type": "Feature", "geometry": {"type": "Point", "coordinates": [-82.30833333504202, 35.550000000575004]}, "properties": {"p_logistic": 0.46087151765823364, "p_rf": 0.7020000219345093, "p_xgb": 0.9806751608848572, "date": "2026-10-08"}}, {"type": "Feature", "geometry": {"type": "Point", "coordinates": [-82.30000000170901, 35.550000000575004]}, "properties": {"p_logistic": 0.4632952809333801, "p_rf": 0.7020000219345093, "p_xgb": 0.94940185546875, "date": "2026-10-08"}}, {"type": "Feature", "geometry": {"type": "Point", "coordinates": [-82.29166666837602, 35.550000000575004]}, "properties": {"p_logistic": 0.4686930477619171, "p_rf": 0.7720000147819519, "p_xgb": 0.9872032999992371, "date": "2026-10-08"}}, {"type": "Feature", "geometry": {"type": "Point", "coordinates": [-82.28333333504301, 35.550000000575004]}, "properties": {"p_logistic": 0.4773472845554352, "p_rf": 0.5260000228881836, "p_xgb": 0.9631249308586121, "date": "2026-10-08"}}, {"type": "Feature", "geometry": {"type": "Point", "coordinates": [-82.27500000171003, 35.550000000575004]}, "properties": {"p_logistic": 0.4866721034049988, "p_rf": 0.4440000057220459, "p_xgb": 0.9645824432373047, "date": "2026-10-08"}}, {"type": "Feature", "geometry": {"type": "Point", "coordinates": [-82.26666666837701, 35.550000000575004]}, "properties": {"p_logistic": 0.49449798464775085, "p_rf": 0.45399999618530273, "p_xgb": 0.9728944301605225, "date": "2026-10-08"}}, {"type": "Feature", "geometry": {"type": "Point", "coordinates": [-82.25833333504401, 35.550000000575004]}, "properties": {"p_logistic": 0.5055419206619263, "p_rf": 0.527999997138977, "p_xgb": 0.9141029715538025, "date": "2026-10-08"}}, {"type": "Feature", "geometry": {"type": "Point", "coordinates": [-82.25000000171102, 35.550000000575004]}, "properties": {"p_logistic": 0.5234418511390686, "p_rf": 0.5019999742507935, "p_xgb": 0.9232742190361023, "date": "2026-10-08"}}, {"type": "Feature", "geometry": {"type": "Point", "coordinates": [-82.24166666837802, 35.550000000575004]}, "properties": {"p_logistic": 0.54204261302948, "p_rf": 0.5299999713897705, "p_xgb": 0.9232742190361023, "date": "2026-10-08"}}, {"type": "Feature", "geometry": {"type": "Point", "coordinates": [-82.23333333504502, 35.550000000575004]}, "properties": {"p_logistic": 0.556776225566864, "p_rf": 0.5180000066757202, "p_xgb": 0.9211211800575256, "date": "2026-10-08"}}, {"type": "Feature", "geometry": {"type": "Point", "coordinates": [-82.22500000171202, 35.550000000575004]}, "properties": {"p_logistic": 0.5683215856552124, "p_rf": 0.5180000066757202, "p_xgb": 0.9235977530479431, "date": "2026-10-08"}}, {"type": "Feature", "geometry": {"type": "Point", "coordinates": [-82.21666666837902, 35.550000000575004]}, "properties": {"p_logistic": 0.5734615325927734, "p_rf": 0.5199999809265137, "p_xgb": 0.9596863985061646, "date": "2026-10-08"}}, {"type": "Feature", "geometry": {"type": "Point", "coordinates": [-82.75833333502402, 35.541666667242005]}, "properties": {"p_logistic": 0.4776461124420166, "p_rf": 0.7080000042915344, "p_xgb": 0.9684374332427979, "date": "2026-10-08"}}, {"type": "Feature", "geometry": {"type": "Point", "coordinates": [-82.75000000169102, 35.541666667242005]}, "properties": {"p_logistic": 0.4790099561214447, "p_rf": 0.7080000042915344, "p_xgb": 0.9700514078140259, "date": "2026-10-08"}}, {"type": "Feature", "geometry": {"type": "Point", "coordinates": [-82.74166666835802, 35.541666667242005]}, "properties": {"p_logistic": 0.48122480511665344, "p_rf": 0.7080000042915344, "p_xgb": 0.9700514078140259, "date": "2026-10-08"}}, {"type": "Feature", "geometry": {"type": "Point", "coordinates": [-82.73333333502501, 35.541666667242005]}, "properties": {"p_logistic": 0.48392051458358765, "p_rf": 0.7080000042915344, "p_xgb": 0.9700514078140259, "date": "2026-10-08"}}, {"type": "Feature", "geometry": {"type": "Point", "coordinates": [-82.72500000169202, 35.541666667242005]}, "properties": {"p_logistic": 0.4852805435657501, "p_rf": 0.7080000042915344, "p_xgb": 0.9700514078140259, "date": "2026-10-08"}}, {"type": "Feature", "geometry": {"type": "Point", "coordinates": [-82.71666666835901, 35.541666667242005]}, "properties": {"p_logistic": 0.4864285886287689, "p_rf": 0.7080000042915344, "p_xgb": 0.9700514078140259, "date": "2026-10-08"}}, {"type": "Feature", "geometry": {"type": "Point", "coordinates": [-82.70833333502603, 35.541666667242005]}, "properties": {"p_logistic": 0.4876621961593628, "p_rf": 0.7080000042915344, "p_xgb": 0.9700514078140259, "date": "2026-10-08"}}, {"type": "Feature", "geometry": {"type": "Point", "coordinates": [-82.70000000169301, 35.541666667242005]}, "properties": {"p_logistic": 0.4886188507080078, "p_rf": 0.7080000042915344, "p_xgb": 0.9700514078140259, "date": "2026-10-08"}}, {"type": "Feature", "geometry": {"type": "Point", "coordinates": [-82.69166666836001, 35.541666667242005]}, "properties": {"p_logistic": 0.4896620810031891, "p_rf": 0.7080000042915344, "p_xgb": 0.9700514078140259, "date": "2026-10-08"}}, {"type": "Feature", "geometry": {"type": "Point", "coordinates": [-82.68333333502702, 35.541666667242005]}, "properties": {"p_logistic": 0.4905473589897156, "p_rf": 0.7080000042915344, "p_xgb": 0.9700514078140259, "date": "2026-10-08"}}, {"type": "Feature", "geometry": {"type": "Point", "coordinates": [-82.67500000169402, 35.541666667242005]}, "properties": {"p_logistic": 0.49151140451431274, "p_rf": 0.7080000042915344, "p_xgb": 0.9700514078140259, "date": "2026-10-08"}}, {"type": "Feature", "geometry": {"type": "Point", "coordinates": [-82.66666666836102, 35.541666667242005]}, "properties": {"p_logistic": 0.4921424686908722, "p_rf": 0.7080000042915344, "p_xgb": 0.9700514078140259, "date": "2026-10-08"}}, {"type": "Feature", "geometry": {"type": "Point", "coordinates": [-82.65833333502802, 35.541666667242005]}, "properties": {"p_logistic": 0.49296870827674866, "p_rf": 0.7059999704360962, "p_xgb": 0.9700514078140259, "date": "2026-10-08"}}, {"type": "Feature", "geometry": {"type": "Point", "coordinates": [-82.65000000169502, 35.541666667242005]}, "properties": {"p_logistic": 0.4940285086631775, "p_rf": 0.7039999961853027, "p_xgb": 0.9700514078140259, "date": "2026-10-08"}}, {"type": "Feature", "geometry": {"type": "Point", "coordinates": [-82.64166666836202, 35.541666667242005]}, "properties": {"p_logistic": 0.4955640137195587, "p_rf": 0.7200000286102295, "p_xgb": 0.9681736826896667, "date": "2026-10-08"}}, {"type": "Feature", "geometry": {"type": "Point", "coordinates": [-82.63333333502902, 35.541666667242005]}, "properties": {"p_logistic": 0.4957149624824524, "p_rf": 0.6859999895095825, "p_xgb": 0.9682019352912903, "date": "2026-10-08"}}, {"type": "Feature", "geometry": {"type": "Point", "coordinates": [-82.62500000169601, 35.541666667242005]}, "properties": {"p_logistic": 0.4951028525829315, "p_rf": 0.6779999732971191, "p_xgb": 0.9624157547950745, "date": "2026-10-08"}}, {"type": "Feature", "geometry": {"type": "Point", "coordinates": [-82.61666666836302, 35.541666667242005]}, "properties": {"p_logistic": 0.4953145384788513, "p_rf": 0.6779999732971191, "p_xgb": 0.964035153388977, "date": "2026-10-08"}}, {"type": "Feature", "geometry": {"type": "Point", "coordinates": [-82.60833333503001, 35.541666667242005]}, "properties": {"p_logistic": 0.49711817502975464, "p_rf": 0.8119999766349792, "p_xgb": 0.9800659418106079, "date": "2026-10-08"}}, {"type": "Feature", "geometry": {"type": "Point", "coordinates": [-82.60000000169703, 35.541666667242005]}, "properties": {"p_logistic": 0.4990862309932709, "p_rf": 0.8199999928474426, "p_xgb": 0.9959537982940674, "date": "2026-10-08"}}, {"type": "Feature", "geometry": {"type": "Point", "coordinates": [-82.59166666836401, 35.541666667242005]}, "properties": {"p_logistic": 0.49898025393486023, "p_rf": 0.8199999928474426, "p_xgb": 0.9958594441413879, "date": "2026-10-08"}}, {"type": "Feature", "geometry": {"type": "Point", "coordinates": [-82.58333333503101, 35.541666667242005]}, "properties": {"p_logistic": 0.4960101842880249, "p_rf": 0.6779999732971191, "p_xgb": 0.9659863710403442, "date": "2026-10-08"}}, {"type": "Feature", "geometry": {"type": "Point", "coordinates": [-82.57500000169802, 35.541666667242005]}, "properties": {"p_logistic": 0.49199220538139343, "p_rf": 0.6779999732971191, "p_xgb": 0.9690653681755066, "date": "2026-10-08"}}, {"type": "Feature", "geometry": {"type": "Point", "coordinates": [-82.56666666836502, 35.541666667242005]}, "properties": {"p_logistic": 0.4870714545249939, "p_rf": 0.7179999947547913, "p_xgb": 0.9893408417701721, "date": "2026-10-08"}}, {"type": "Feature", "geometry": {"type": "Point", "coordinates": [-82.55833333503202, 35.541666667242005]}, "properties": {"p_logistic": 0.48307543992996216, "p_rf": 0.7039999961853027, "p_xgb": 0.9872608184814453, "date": "2026-10-08"}}, {"type": "Feature", "geometry": {"type": "Point", "coordinates": [-82.55000000169902, 35.541666667242005]}, "properties": {"p_logistic": 0.4882473051548004, "p_rf": 0.7200000286102295, "p_xgb": 0.9803861975669861, "date": "2026-10-08"}}, {"type": "Feature", "geometry": {"type": "Point", "coordinates": [-82.54166666836602, 35.541666667242005]}, "properties": {"p_logistic": 0.5022318363189697, "p_rf": 0.8140000104904175, "p_xgb": 0.9943599104881287, "date": "2026-10-08"}}, {"type": "Feature", "geometry": {"type": "Point", "coordinates": [-82.53333333503302, 35.541666667242005]}, "properties": {"p_logistic": 0.5243475437164307, "p_rf": 0.8059999942779541, "p_xgb": 0.9955095052719116, "date": "2026-10-08"}}, {"type": "Feature", "geometry": {"type": "Point", "coordinates": [-82.52500000170002, 35.541666667242005]}, "properties": {"p_logistic": 0.5545995831489563, "p_rf": 0.6880000233650208, "p_xgb": 0.9923185110092163, "date": "2026-10-08"}}, {"type": "Feature", "geometry": {"type": "Point", "coordinates": [-82.51666666836701, 35.541666667242005]}, "properties": {"p_logistic": 0.5819175839424133, "p_rf": 0.6959999799728394, "p_xgb": 0.9865411520004272, "date": "2026-10-08"}}, {"type": "Feature", "geometry": {"type": "Point", "coordinates": [-82.50833333503402, 35.541666667242005]}, "properties": {"p_logistic": 0.598689079284668, "p_rf": 0.5619999766349792, "p_xgb": 0.9827430248260498, "date": "2026-10-08"}}, {"type": "Feature", "geometry": {"type": "Point", "coordinates": [-82.50000000170101, 35.541666667242005]}, "properties": {"p_logistic": 0.6075693964958191, "p_rf": 0.5019999742507935, "p_xgb": 0.9881750345230103, "date": "2026-10-08"}}, {"type": "Feature", "geometry": {"type": "Point", "coordinates": [-82.49166666836803, 35.541666667242005]}, "properties": {"p_logistic": 0.6048224568367004, "p_rf": 0.4580000042915344, "p_xgb": 0.9904813170433044, "date": "2026-10-08"}}, {"type": "Feature", "geometry": {"type": "Point", "coordinates": [-82.48333333503501, 35.541666667242005]}, "properties": {"p_logistic": 0.5874605178833008, "p_rf": 0.49799999594688416, "p_xgb": 0.9823342561721802, "date": "2026-10-08"}}, {"type": "Feature", "geometry": {"type": "Point", "coordinates": [-82.47500000170201, 35.541666667242005]}, "properties": {"p_logistic": 0.5712589621543884, "p_rf": 0.5640000104904175, "p_xgb": 0.9846047759056091, "date": "2026-10-08"}}, {"type": "Feature", "geometry": {"type": "Point", "coordinates": [-82.46666666836902, 35.541666667242005]}, "properties": {"p_logistic": 0.5524525046348572, "p_rf": 0.7720000147819519, "p_xgb": 0.9918251037597656, "date": "2026-10-08"}}, {"type": "Feature", "geometry": {"type": "Point", "coordinates": [-82.45833333503602, 35.541666667242005]}, "properties": {"p_logistic": 0.5396409630775452, "p_rf": 0.7120000123977661, "p_xgb": 0.9790992140769958, "date": "2026-10-08"}}, {"type": "Feature", "geometry": {"type": "Point", "coordinates": [-82.45000000170302, 35.541666667242005]}, "properties": {"p_logistic": 0.5251263380050659, "p_rf": 0.6959999799728394, "p_xgb": 0.9768692851066589, "date": "2026-10-08"}}, {"type": "Feature", "geometry": {"type": "Point", "coordinates": [-82.44166666837002, 35.541666667242005]}, "properties": {"p_logistic": 0.5058176517486572, "p_rf": 0.6620000004768372, "p_xgb": 0.9823350310325623, "date": "2026-10-08"}}, {"type": "Feature", "geometry": {"type": "Point", "coordinates": [-82.43333333503702, 35.541666667242005]}, "properties": {"p_logistic": 0.4840717911720276, "p_rf": 0.7139999866485596, "p_xgb": 0.9898204803466797, "date": "2026-10-08"}}, {"type": "Feature", "geometry": {"type": "Point", "coordinates": [-82.42500000170402, 35.541666667242005]}, "properties": {"p_logistic": 0.4850315451622009, "p_rf": 0.6759999990463257, "p_xgb": 0.9950054287910461, "date": "2026-10-08"}}, {"type": "Feature", "geometry": {"type": "Point", "coordinates": [-82.41666666837102, 35.541666667242005]}, "properties": {"p_logistic": 0.4825531840324402, "p_rf": 0.6740000247955322, "p_xgb": 0.9944667220115662, "date": "2026-10-08"}}, {"type": "Feature", "geometry": {"type": "Point", "coordinates": [-82.40833333503801, 35.541666667242005]}, "properties": {"p_logistic": 0.47606608271598816, "p_rf": 0.7179999947547913, "p_xgb": 0.9957759976387024, "date": "2026-10-08"}}, {"type": "Feature", "geometry": {"type": "Point", "coordinates": [-82.40000000170502, 35.541666667242005]}, "properties": {"p_logistic": 0.46574363112449646, "p_rf": 0.6840000152587891, "p_xgb": 0.9926179051399231, "date": "2026-10-08"}}, {"type": "Feature", "geometry": {"type": "Point", "coordinates": [-82.39166666837201, 35.541666667242005]}, "properties": {"p_logistic": 0.4542192220687866, "p_rf": 0.6520000100135803, "p_xgb": 0.9905105233192444, "date": "2026-10-08"}}, {"type": "Feature", "geometry": {"type": "Point", "coordinates": [-82.38333333503903, 35.541666667242005]}, "properties": {"p_logistic": 0.4476988613605499, "p_rf": 0.7620000243186951, "p_xgb": 0.9900413155555725, "date": "2026-10-08"}}, {"type": "Feature", "geometry": {"type": "Point", "coordinates": [-82.37500000170601, 35.541666667242005]}, "properties": {"p_logistic": 0.44685330986976624, "p_rf": 0.7620000243186951, "p_xgb": 0.9894730448722839, "date": "2026-10-08"}}, {"type": "Feature", "geometry": {"type": "Point", "coordinates": [-82.36666666837301, 35.541666667242005]}, "properties": {"p_logistic": 0.4451684355735779, "p_rf": 0.8040000200271606, "p_xgb": 0.9925411939620972, "date": "2026-10-08"}}, {"type": "Feature", "geometry": {"type": "Point", "coordinates": [-82.35833333504002, 35.541666667242005]}, "properties": {"p_logistic": 0.4471433162689209, "p_rf": 0.8019999861717224, "p_xgb": 0.9907620549201965, "date": "2026-10-08"}}, {"type": "Feature", "geometry": {"type": "Point", "coordinates": [-82.35000000170702, 35.541666667242005]}, "properties": {"p_logistic": 0.45654264092445374, "p_rf": 0.7279999852180481, "p_xgb": 0.9810622334480286, "date": "2026-10-08"}}, {"type": "Feature", "geometry": {"type": "Point", "coordinates": [-82.34166666837402, 35.541666667242005]}, "properties": {"p_logistic": 0.46133899688720703, "p_rf": 0.6520000100135803, "p_xgb": 0.9791069030761719, "date": "2026-10-08"}}, {"type": "Feature", "geometry": {"type": "Point", "coordinates": [-82.33333333504102, 35.541666667242005]}, "properties": {"p_logistic": 0.46486157178878784, "p_rf": 0.6840000152587891, "p_xgb": 0.9835532903671265, "date": "2026-10-08"}}, {"type": "Feature", "geometry": {"type": "Point", "coordinates": [-82.32500000170802, 35.541666667242005]}, "properties": {"p_logistic": 0.4692162573337555, "p_rf": 0.6759999990463257, "p_xgb": 0.9731214046478271, "date": "2026-10-08"}}, {"type": "Feature", "geometry": {"type": "Point", "coordinates": [-82.31666666837502, 35.541666667242005]}, "properties": {"p_logistic": 0.4752407968044281, "p_rf": 0.6880000233650208, "p_xgb": 0.9616250395774841, "date": "2026-10-08"}}, {"type": "Feature", "geometry": {"type": "Point", "coordinates": [-82.30833333504202, 35.541666667242005]}, "properties": {"p_logistic": 0.47946518659591675, "p_rf": 0.7720000147819519, "p_xgb": 0.98562091588974, "date": "2026-10-08"}}, {"type": "Feature", "geometry": {"type": "Point", "coordinates": [-82.30000000170901, 35.541666667242005]}, "properties": {"p_logistic": 0.48194465041160583, "p_rf": 0.550000011920929, "p_xgb": 0.9726676940917969, "date": "2026-10-08"}}, {"type": "Feature", "geometry": {"type": "Point", "coordinates": [-82.29166666837602, 35.541666667242005]}, "properties": {"p_logistic": 0.48897966742515564, "p_rf": 0.4580000042915344, "p_xgb": 0.9631249308586121, "date": "2026-10-08"}}, {"type": "Feature", "geometry": {"type": "Point", "coordinates": [-82.28333333504301, 35.541666667242005]}, "properties": {"p_logistic": 0.4991326928138733, "p_rf": 0.44999998807907104, "p_xgb": 0.9718133211135864, "date": "2026-10-08"}}, {"type": "Feature", "geometry": {"type": "Point", "coordinates": [-82.27500000171003, 35.541666667242005]}, "properties": {"p_logistic": 0.5099567174911499, "p_rf": 0.527999997138977, "p_xgb": 0.9742627739906311, "date": "2026-10-08"}}, {"type": "Feature", "geometry": {"type": "Point", "coordinates": [-82.26666666837701, 35.541666667242005]}, "properties": {"p_logistic": 0.5176346898078918, "p_rf": 0.5120000243186951, "p_xgb": 0.9469351768493652, "date": "2026-10-08"}}, {"type": "Feature", "geometry": {"type": "Point", "coordinates": [-82.25833333504401, 35.541666667242005]}, "properties": {"p_logistic": 0.5287968516349792, "p_rf": 0.5080000162124634, "p_xgb": 0.9469351768493652, "date": "2026-10-08"}}, {"type": "Feature", "geometry": {"type": "Point", "coordinates": [-82.25000000171102, 35.541666667242005]}, "properties": {"p_logistic": 0.5451185703277588, "p_rf": 0.5299999713897705, "p_xgb": 0.9483246803283691, "date": "2026-10-08"}}, {"type": "Feature", "geometry": {"type": "Point", "coordinates": [-82.24166666837802, 35.541666667242005]}, "properties": {"p_logistic": 0.5616705417633057, "p_rf": 0.5180000066757202, "p_xgb": 0.9276918172836304, "date": "2026-10-08"}}, {"type": "Feature", "geometry": {"type": "Point", "coordinates": [-82.23333333504502, 35.541666667242005]}, "properties": {"p_logistic": 0.5744507908821106, "p_rf": 0.5120000243186951, "p_xgb": 0.912163257598877, "date": "2026-10-08"}}, {"type": "Feature", "geometry": {"type": "Point", "coordinates": [-82.22500000171202, 35.541666667242005]}, "properties": {"p_logistic": 0.5803552865982056, "p_rf": 0.5120000243186951, "p_xgb": 0.8839666247367859, "date": "2026-10-08"}}, {"type": "Feature", "geometry": {"type": "Point", "coordinates": [-82.21666666837902, 35.541666667242005]}, "properties": {"p_logistic": 0.5827969312667847, "p_rf": 0.5180000066757202, "p_xgb": 0.8839666247367859, "date": "2026-10-08"}}, {"type": "Feature", "geometry": {"type": "Point", "coordinates": [-82.20833333504602, 35.541666667242005]}, "properties": {"p_logistic": 0.5867949724197388, "p_rf": 0.5180000066757202, "p_xgb": 0.8954092264175415, "date": "2026-10-08"}}, {"type": "Feature", "geometry": {"type": "Point", "coordinates": [-82.20000000171302, 35.541666667242005]}, "properties": {"p_logistic": 0.5939252972602844, "p_rf": 0.5180000066757202, "p_xgb": 0.8973292708396912, "date": "2026-10-08"}}, {"type": "Feature", "geometry": {"type": "Point", "coordinates": [-82.76666666835702, 35.533333333909006]}, "properties": {"p_logistic": 0.47044849395751953, "p_rf": 0.7080000042915344, "p_xgb": 0.9705186486244202, "date": "2026-10-08"}}, {"type": "Feature", "geometry": {"type": "Point", "coordinates": [-82.75833333502402, 35.533333333909006]}, "properties": {"p_logistic": 0.4728751480579376, "p_rf": 0.7080000042915344, "p_xgb": 0.9659885764122009, "date": "2026-10-08"}}, {"type": "Feature", "geometry": {"type": "Point", "coordinates": [-82.75000000169102, 35.533333333909006]}, "properties": {"p_logistic": 0.47477906942367554, "p_rf": 0.7080000042915344, "p_xgb": 0.9673944115638733, "date": "2026-10-08"}}, {"type": "Feature", "geometry": {"type": "Point", "coordinates": [-82.74166666835802, 35.533333333909006]}, "properties": {"p_logistic": 0.47751954197883606, "p_rf": 0.7080000042915344, "p_xgb": 0.9690601229667664, "date": "2026-10-08"}}, {"type": "Feature", "geometry": {"type": "Point", "coordinates": [-82.73333333502501, 35.533333333909006]}, "properties": {"p_logistic": 0.48110973834991455, "p_rf": 0.7080000042915344, "p_xgb": 0.9700514078140259, "date": "2026-10-08"}}, {"type": "Feature", "geometry": {"type": "Point", "coordinates": [-82.72500000169202, 35.533333333909006]}, "properties": {"p_logistic": 0.4830188453197479, "p_rf": 0.7080000042915344, "p_xgb": 0.9700514078140259, "date": "2026-10-08"}}, {"type": "Feature", "geometry": {"type": "Point", "coordinates": [-82.71666666835901, 35.533333333909006]}, "properties": {"p_logistic": 0.4845241904258728, "p_rf": 0.7080000042915344, "p_xgb": 0.9700514078140259, "date": "2026-10-08"}}, {"type": "Feature", "geometry": {"type": "Point", "coordinates": [-82.70833333502603, 35.533333333909006]}, "properties": {"p_logistic": 0.4857640862464905, "p_rf": 0.7080000042915344, "p_xgb": 0.9700514078140259, "date": "2026-10-08"}}, {"type": "Feature", "geometry": {"type": "Point", "coordinates": [-82.70000000169301, 35.533333333909006]}, "properties": {"p_logistic": 0.4869248867034912, "p_rf": 0.7080000042915344, "p_xgb": 0.9700514078140259, "date": "2026-10-08"}}, {"type": "Feature", "geometry": {"type": "Point", "coordinates": [-82.69166666836001, 35.533333333909006]}, "properties": {"p_logistic": 0.48781150579452515, "p_rf": 0.7080000042915344, "p_xgb": 0.9700514078140259, "date": "2026-10-08"}}, {"type": "Feature", "geometry": {"type": "Point", "coordinates": [-82.68333333502702, 35.533333333909006]}, "properties": {"p_logistic": 0.4891178011894226, "p_rf": 0.7080000042915344, "p_xgb": 0.9700514078140259, "date": "2026-10-08"}}, {"type": "Feature", "geometry": {"type": "Point", "coordinates": [-82.67500000169402, 35.533333333909006]}, "properties": {"p_logistic": 0.490052193403244, "p_rf": 0.7080000042915344, "p_xgb": 0.9700514078140259, "date": "2026-10-08"}}, {"type": "Feature", "geometry": {"type": "Point", "coordinates": [-82.66666666836102, 35.533333333909006]}, "properties": {"p_logistic": 0.4912572503089905, "p_rf": 0.7080000042915344, "p_xgb": 0.9700514078140259, "date": "2026-10-08"}}, {"type": "Feature", "geometry": {"type": "Point", "coordinates": [-82.65833333502802, 35.533333333909006]}, "properties": {"p_logistic": 0.4920935332775116, "p_rf": 0.7059999704360962, "p_xgb": 0.9700514078140259, "date": "2026-10-08"}}, {"type": "Feature", "geometry": {"type": "Point", "coordinates": [-82.65000000169502, 35.533333333909006]}, "properties": {"p_logistic": 0.4933592975139618, "p_rf": 0.7039999961853027, "p_xgb": 0.9690601229667664, "date": "2026-10-08"}}, {"type": "Feature", "geometry": {"type": "Point", "coordinates": [-82.64166666836202, 35.533333333909006]}, "properties": {"p_logistic": 0.4955744743347168, "p_rf": 0.7200000286102295, "p_xgb": 0.9669118523597717, "date": "2026-10-08"}}, {"type": "Feature", "geometry": {"type": "Point", "coordinates": [-82.63333333502902, 35.533333333909006]}, "properties": {"p_logistic": 0.4969676733016968, "p_rf": 0.6859999895095825, "p_xgb": 0.9728473424911499, "date": "2026-10-08"}}, {"type": "Feature", "geometry": {"type": "Point", "coordinates": [-82.62500000169601, 35.533333333909006]}, "properties": {"p_logistic": 0.4963459074497223, "p_rf": 0.6779999732971191, "p_xgb": 0.9655190110206604, "date": "2026-10-08"}}, {"type": "Feature", "geometry": {"type": "Point", "coordinates": [-82.61666666836302, 35.533333333909006]}, "properties": {"p_logistic": 0.49742934107780457, "p_rf": 0.6779999732971191, "p_xgb": 0.9629115462303162, "date": "2026-10-08"}}, {"type": "Feature", "geometry": {"type": "Point", "coordinates": [-82.60833333503001, 35.533333333909006]}, "properties": {"p_logistic": 0.4982966482639313, "p_rf": 0.8199999928474426, "p_xgb": 0.9965357780456543, "date": "2026-10-08"}}, {"type": "Feature", "geometry": {"type": "Point", "coordinates": [-82.60000000169703, 35.533333333909006]}, "properties": {"p_logistic": 0.49912697076797485, "p_rf": 0.8259999752044678, "p_xgb": 0.9972234964370728, "date": "2026-10-08"}}, {"type": "Feature", "geometry": {"type": "Point", "coordinates": [-82.59166666836401, 35.533333333909006]}, "properties": {"p_logistic": 0.4981788396835327, "p_rf": 0.8259999752044678, "p_xgb": 0.9983685612678528, "date": "2026-10-08"}}, {"type": "Feature", "geometry": {"type": "Point", "coordinates": [-82.58333333503101, 35.533333333909006]}, "properties": {"p_logistic": 0.4947815537452698, "p_rf": 0.8259999752044678, "p_xgb": 0.9983727335929871, "date": "2026-10-08"}}, {"type": "Feature", "geometry": {"type": "Point", "coordinates": [-82.57500000169802, 35.533333333909006]}, "properties": {"p_logistic": 0.48909273743629456, "p_rf": 0.8119999766349792, "p_xgb": 0.9886744618415833, "date": "2026-10-08"}}, {"type": "Feature", "geometry": {"type": "Point", "coordinates": [-82.56666666836502, 35.533333333909006]}, "properties": {"p_logistic": 0.48329710960388184, "p_rf": 0.6779999732971191, "p_xgb": 0.9693302512168884, "date": "2026-10-08"}}, {"type": "Feature", "geometry": {"type": "Point", "coordinates": [-82.55833333503202, 35.533333333909006]}, "properties": {"p_logistic": 0.48860225081443787, "p_rf": 0.8119999766349792, "p_xgb": 0.9943599104881287, "date": "2026-10-08"}}, {"type": "Feature", "geometry": {"type": "Point", "coordinates": [-82.55000000169902, 35.533333333909006]}, "properties": {"p_logistic": 0.4952000081539154, "p_rf": 0.843999981880188, "p_xgb": 0.9947699904441833, "date": "2026-10-08"}}, {"type": "Feature", "geometry": {"type": "Point", "coordinates": [-82.54166666836602, 35.533333333909006]}, "properties": {"p_logistic": 0.5053603649139404, "p_rf": 0.8759999871253967, "p_xgb": 0.9973115921020508, "date": "2026-10-08"}}, {"type": "Feature", "geometry": {"type": "Point", "coordinates": [-82.53333333503302, 35.533333333909006]}, "properties": {"p_logistic": 0.5206870436668396, "p_rf": 0.7620000243186951, "p_xgb": 0.9880260825157166, "date": "2026-10-08"}}, {"type": "Feature", "geometry": {"type": "Point", "coordinates": [-82.52500000170002, 35.533333333909006]}, "properties": {"p_logistic": 0.537712037563324, "p_rf": 0.6759999990463257, "p_xgb": 0.9903738498687744, "date": "2026-10-08"}}, {"type": "Feature", "geometry": {"type": "Point", "coordinates": [-82.51666666836701, 35.533333333909006]}, "properties": {"p_logistic": 0.5567957162857056, "p_rf": 0.6940000057220459, "p_xgb": 0.9908792972564697, "date": "2026-10-08"}}, {"type": "Feature", "geometry": {"type": "Point", "coordinates": [-82.50833333503402, 35.533333333909006]}, "properties": {"p_logistic": 0.5639387369155884, "p_rf": 0.6980000138282776, "p_xgb": 0.9789391756057739, "date": "2026-10-08"}}, {"type": "Feature", "geometry": {"type": "Point", "coordinates": [-82.50000000170101, 35.533333333909006]}, "properties": {"p_logistic": 0.573698878288269, "p_rf": 0.7720000147819519, "p_xgb": 0.9937773942947388, "date": "2026-10-08"}}, {"type": "Feature", "geometry": {"type": "Point", "coordinates": [-82.49166666836803, 35.533333333909006]}, "properties": {"p_logistic": 0.570490837097168, "p_rf": 0.7720000147819519, "p_xgb": 0.9931913018226624, "date": "2026-10-08"}}, {"type": "Feature", "geometry": {"type": "Point", "coordinates": [-82.48333333503501, 35.533333333909006]}, "properties": {"p_logistic": 0.5561668872833252, "p_rf": 0.7720000147819519, "p_xgb": 0.9938369393348694, "date": "2026-10-08"}}, {"type": "Feature", "geometry": {"type": "Point", "coordinates": [-82.47500000170201, 35.533333333909006]}, "properties": {"p_logistic": 0.5421338677406311, "p_rf": 0.699999988079071, "p_xgb": 0.9813385009765625, "date": "2026-10-08"}}, {"type": "Feature", "geometry": {"type": "Point", "coordinates": [-82.46666666836902, 35.533333333909006]}, "properties": {"p_logistic": 0.5308446288108826, "p_rf": 0.6959999799728394, "p_xgb": 0.9774113893508911, "date": "2026-10-08"}}, {"type": "Feature", "geometry": {"type": "Point", "coordinates": [-82.45833333503602, 35.533333333909006]}, "properties": {"p_logistic": 0.5200291275978088, "p_rf": 0.7059999704360962, "p_xgb": 0.9903518557548523, "date": "2026-10-08"}}, {"type": "Feature", "geometry": {"type": "Point", "coordinates": [-82.45000000170302, 35.533333333909006]}, "properties": {"p_logistic": 0.5107042193412781, "p_rf": 0.6639999747276306, "p_xgb": 0.9823350310325623, "date": "2026-10-08"}}, {"type": "Feature", "geometry": {"type": "Point", "coordinates": [-82.44166666837002, 35.533333333909006]}, "properties": {"p_logistic": 0.4927658438682556, "p_rf": 0.7139999866485596, "p_xgb": 0.9901242852210999, "date": "2026-10-08"}}, {"type": "Feature", "geometry": {"type": "Point", "coordinates": [-82.43333333503702, 35.533333333909006]}, "properties": {"p_logistic": 0.494208425283432, "p_rf": 0.6639999747276306, "p_xgb": 0.9950023293495178, "date": "2026-10-08"}}, {"type": "Feature", "geometry": {"type": "Point", "coordinates": [-82.42500000170402, 35.533333333909006]}, "properties": {"p_logistic": 0.498451828956604, "p_rf": 0.699999988079071, "p_xgb": 0.9958273768424988, "date": "2026-10-08"}}, {"type": "Feature", "geometry": {"type": "Point", "coordinates": [-82.41666666837102, 35.533333333909006]}, "properties": {"p_logistic": 0.49860987067222595, "p_rf": 0.6880000233650208, "p_xgb": 0.9859615564346313, "date": "2026-10-08"}}, {"type": "Feature", "geometry": {"type": "Point", "coordinates": [-82.40833333503801, 35.533333333909006]}, "properties": {"p_logistic": 0.4940526783466339, "p_rf": 0.699999988079071, "p_xgb": 0.9923239946365356, "date": "2026-10-08"}}, {"type": "Feature", "geometry": {"type": "Point", "coordinates": [-82.40000000170502, 35.533333333909006]}, "properties": {"p_logistic": 0.4835975468158722, "p_rf": 0.6660000085830688, "p_xgb": 0.987511396408081, "date": "2026-10-08"}}, {"type": "Feature", "geometry": {"type": "Point", "coordinates": [-82.39166666837201, 35.533333333909006]}, "properties": {"p_logistic": 0.47259974479675293, "p_rf": 0.7139999866485596, "p_xgb": 0.9911600947380066, "date": "2026-10-08"}}, {"type": "Feature", "geometry": {"type": "Point", "coordinates": [-82.38333333503903, 35.533333333909006]}, "properties": {"p_logistic": 0.46028932929039, "p_rf": 0.6520000100135803, "p_xgb": 0.9858923554420471, "date": "2026-10-08"}}, {"type": "Feature", "geometry": {"type": "Point", "coordinates": [-82.37500000170601, 35.533333333909006]}, "properties": {"p_logistic": 0.4511836767196655, "p_rf": 0.7459999918937683, "p_xgb": 0.9889588356018066, "date": "2026-10-08"}}, {"type": "Feature", "geometry": {"type": "Point", "coordinates": [-82.36666666837301, 35.533333333909006]}, "properties": {"p_logistic": 0.447017639875412, "p_rf": 0.7620000243186951, "p_xgb": 0.9869716763496399, "date": "2026-10-08"}}, {"type": "Feature", "geometry": {"type": "Point", "coordinates": [-82.35833333504002, 35.533333333909006]}, "properties": {"p_logistic": 0.4588676989078522, "p_rf": 0.6480000019073486, "p_xgb": 0.9791069030761719, "date": "2026-10-08"}}, {"type": "Feature", "geometry": {"type": "Point", "coordinates": [-82.35000000170702, 35.533333333909006]}, "properties": {"p_logistic": 0.4700748026371002, "p_rf": 0.7179999947547913, "p_xgb": 0.9859750866889954, "date": "2026-10-08"}}, {"type": "Feature", "geometry": {"type": "Point", "coordinates": [-82.34166666837402, 35.533333333909006]}, "properties": {"p_logistic": 0.4759443700313568, "p_rf": 0.6959999799728394, "p_xgb": 0.9713425040245056, "date": "2026-10-08"}}, {"type": "Feature", "geometry": {"type": "Point", "coordinates": [-82.33333333504102, 35.533333333909006]}, "properties": {"p_logistic": 0.4801962673664093, "p_rf": 0.6940000057220459, "p_xgb": 0.955726146697998, "date": "2026-10-08"}}, {"type": "Feature", "geometry": {"type": "Point", "coordinates": [-82.32500000170802, 35.533333333909006]}, "properties": {"p_logistic": 0.486920565366745, "p_rf": 0.7620000243186951, "p_xgb": 0.9768433570861816, "date": "2026-10-08"}}, {"type": "Feature", "geometry": {"type": "Point", "coordinates": [-82.31666666837502, 35.533333333909006]}, "properties": {"p_logistic": 0.4976779520511627, "p_rf": 0.5400000214576721, "p_xgb": 0.9802306294441223, "date": "2026-10-08"}}, {"type": "Feature", "geometry": {"type": "Point", "coordinates": [-82.30833333504202, 35.533333333909006]}, "properties": {"p_logistic": 0.504865825176239, "p_rf": 0.4519999921321869, "p_xgb": 0.969632089138031, "date": "2026-10-08"}}, {"type": "Feature", "geometry": {"type": "Point", "coordinates": [-82.30000000170901, 35.533333333909006]}, "properties": {"p_logistic": 0.5102279186248779, "p_rf": 0.4580000042915344, "p_xgb": 0.9814491868019104, "date": "2026-10-08"}}, {"type": "Feature", "geometry": {"type": "Point", "coordinates": [-82.29166666837602, 35.533333333909006]}, "properties": {"p_logistic": 0.5169926881790161, "p_rf": 0.4779999852180481, "p_xgb": 0.9816765785217285, "date": "2026-10-08"}}, {"type": "Feature", "geometry": {"type": "Point", "coordinates": [-82.28333333504301, 35.533333333909006]}, "properties": {"p_logistic": 0.5310448408126831, "p_rf": 0.4959999918937683, "p_xgb": 0.9490692019462585, "date": "2026-10-08"}}, {"type": "Feature", "geometry": {"type": "Point", "coordinates": [-82.27500000171003, 35.533333333909006]}, "properties": {"p_logistic": 0.5439097881317139, "p_rf": 0.5260000228881836, "p_xgb": 0.9469351768493652, "date": "2026-10-08"}}, {"type": "Feature", "geometry": {"type": "Point", "coordinates": [-82.26666666837701, 35.533333333909006]}, "properties": {"p_logistic": 0.5546832084655762, "p_rf": 0.5180000066757202, "p_xgb": 0.9454069137573242, "date": "2026-10-08"}}, {"type": "Feature", "geometry": {"type": "Point", "coordinates": [-82.25833333504401, 35.533333333909006]}, "properties": {"p_logistic": 0.564700186252594, "p_rf": 0.5180000066757202, "p_xgb": 0.9445644617080688, "date": "2026-10-08"}}, {"type": "Feature", "geometry": {"type": "Point", "coordinates": [-82.25000000171102, 35.533333333909006]}, "properties": {"p_logistic": 0.5783578753471375, "p_rf": 0.5120000243186951, "p_xgb": 0.8839666247367859, "date": "2026-10-08"}}, {"type": "Feature", "geometry": {"type": "Point", "coordinates": [-82.24166666837802, 35.533333333909006]}, "properties": {"p_logistic": 0.5921269059181213, "p_rf": 0.5440000295639038, "p_xgb": 0.8653853535652161, "date": "2026-10-08"}}, {"type": "Feature", "geometry": {"type": "Point", "coordinates": [-82.23333333504502, 35.533333333909006]}, "properties": {"p_logistic": 0.5996171832084656, "p_rf": 0.5519999861717224, "p_xgb": 0.8653853535652161, "date": "2026-10-08"}}, {"type": "Feature", "geometry": {"type": "Point", "coordinates": [-82.22500000171202, 35.533333333909006]}, "properties": {"p_logistic": 0.6059158444404602, "p_rf": 0.5659999847412109, "p_xgb": 0.8837207555770874, "date": "2026-10-08"}}, {"type": "Feature", "geometry": {"type": "Point", "coordinates": [-82.21666666837902, 35.533333333909006]}, "properties": {"p_logistic": 0.6060510873794556, "p_rf": 0.5839999914169312, "p_xgb": 0.8903573751449585, "date": "2026-10-08"}}, {"type": "Feature", "geometry": {"type": "Point", "coordinates": [-82.20833333504602, 35.533333333909006]}, "properties": {"p_logistic": 0.6081971526145935, "p_rf": 0.5839999914169312, "p_xgb": 0.7975887656211853, "date": "2026-10-08"}}, {"type": "Feature", "geometry": {"type": "Point", "coordinates": [-82.20000000171302, 35.533333333909006]}, "properties": {"p_logistic": 0.6150333285331726, "p_rf": 0.6000000238418579, "p_xgb": 0.8071789741516113, "date": "2026-10-08"}}, {"type": "Feature", "geometry": {"type": "Point", "coordinates": [-82.19166666838001, 35.533333333909006]}, "properties": {"p_logistic": 0.623375415802002, "p_rf": 0.7239999771118164, "p_xgb": 0.8543940186500549, "date": "2026-10-08"}}, {"type": "Feature", "geometry": {"type": "Point", "coordinates": [-82.18333333504702, 35.533333333909006]}, "properties": {"p_logistic": 0.6330826878547668, "p_rf": 0.7400000095367432, "p_xgb": 0.8543940186500549, "date": "2026-10-08"}}, {"type": "Feature", "geometry": {"type": "Point", "coordinates": [-82.77500000169002, 35.525000000576]}, "properties": {"p_logistic": 0.4682914614677429, "p_rf": 0.7059999704360962, "p_xgb": 0.9723934531211853, "date": "2026-10-08"}}, {"type": "Feature", "geometry": {"type": "Point", "coordinates": [-82.76666666835702, 35.525000000576]}, "properties": {"p_logistic": 0.46691325306892395, "p_rf": 0.7080000042915344, "p_xgb": 0.9723934531211853, "date": "2026-10-08"}}, {"type": "Feature", "geometry": {"type": "Point", "coordinates": [-82.75833333502402, 35.525000000576]}, "properties": {"p_logistic": 0.4692860543727875, "p_rf": 0.7080000042915344, "p_xgb": 0.9705186486244202, "date": "2026-10-08"}}, {"type": "Feature", "geometry": {"type": "Point", "coordinates": [-82.75000000169102, 35.525000000576]}, "properties": {"p_logistic": 0.47209930419921875, "p_rf": 0.7080000042915344, "p_xgb": 0.9646432399749756, "date": "2026-10-08"}}, {"type": "Feature", "geometry": {"type": "Point", "coordinates": [-82.74166666835802, 35.525000000576]}, "properties": {"p_logistic": 0.474854052066803, "p_rf": 0.7080000042915344, "p_xgb": 0.9659885764122009, "date": "2026-10-08"}}, {"type": "Feature", "geometry": {"type": "Point", "coordinates": [-82.73333333502501, 35.525000000576]}, "properties": {"p_logistic": 0.4785161018371582, "p_rf": 0.7080000042915344, "p_xgb": 0.9684374332427979, "date": "2026-10-08"}}, {"type": "Feature", "geometry": {"type": "Point", "coordinates": [-82.72500000169202, 35.525000000576]}, "properties": {"p_logistic": 0.48179593682289124, "p_rf": 0.7080000042915344, "p_xgb": 0.9700514078140259, "date": "2026-10-08"}}, {"type": "Feature", "geometry": {"type": "Point", "coordinates": [-82.71666666835901, 35.525000000576]}, "properties": {"p_logistic": 0.48371219635009766, "p_rf": 0.7080000042915344, "p_xgb": 0.9700514078140259, "date": "2026-10-08"}}, {"type": "Feature", "geometry": {"type": "Point", "coordinates": [-82.70833333502603, 35.525000000576]}, "properties": {"p_logistic": 0.4851849377155304, "p_rf": 0.7080000042915344, "p_xgb": 0.9700514078140259, "date": "2026-10-08"}}, {"type": "Feature", "geometry": {"type": "Point", "coordinates": [-82.70000000169301, 35.525000000576]}, "properties": {"p_logistic": 0.48642584681510925, "p_rf": 0.7059999704360962, "p_xgb": 0.9700514078140259, "date": "2026-10-08"}}, {"type": "Feature", "geometry": {"type": "Point", "coordinates": [-82.69166666836001, 35.525000000576]}, "properties": {"p_logistic": 0.4876205325126648, "p_rf": 0.7059999704360962, "p_xgb": 0.9700514078140259, "date": "2026-10-08"}}, {"type": "Feature", "geometry": {"type": "Point", "coordinates": [-82.68333333502702, 35.525000000576]}, "properties": {"p_logistic": 0.4883677363395691, "p_rf": 0.7059999704360962, "p_xgb": 0.9700514078140259, "date": "2026-10-08"}}, {"type": "Feature", "geometry": {"type": "Point", "coordinates": [-82.67500000169402, 35.525000000576]}, "properties": {"p_logistic": 0.4896414279937744, "p_rf": 0.7059999704360962, "p_xgb": 0.9690601229667664, "date": "2026-10-08"}}, {"type": "Feature", "geometry": {"type": "Point", "coordinates": [-82.66666666836102, 35.525000000576]}, "properties": {"p_logistic": 0.4904508888721466, "p_rf": 0.7039999961853027, "p_xgb": 0.9690601229667664, "date": "2026-10-08"}}, {"type": "Feature", "geometry": {"type": "Point", "coordinates": [-82.65833333502802, 35.525000000576]}, "properties": {"p_logistic": 0.49121761322021484, "p_rf": 0.7039999961853027, "p_xgb": 0.9678323864936829, "date": "2026-10-08"}}, {"type": "Feature", "geometry": {"type": "Point", "coordinates": [-82.65000000169502, 35.525000000576]}, "properties": {"p_logistic": 0.49249786138534546, "p_rf": 0.7039999961853027, "p_xgb": 0.9690876603126526, "date": "2026-10-08"}}, {"type": "Feature", "geometry": {"type": "Point", "coordinates": [-82.64166666836202, 35.525000000576]}, "properties": {"p_logistic": 0.49502915143966675, "p_rf": 0.7200000286102295, "p_xgb": 0.9771437644958496, "date": "2026-10-08"}}, {"type": "Feature", "geometry": {"type": "Point", "coordinates": [-82.63333333502902, 35.525000000576]}, "properties": {"p_logistic": 0.49718981981277466, "p_rf": 0.7039999961853027, "p_xgb": 0.9790573120117188, "date": "2026-10-08"}}, {"type": "Feature", "geometry": {"type": "Point", "coordinates": [-82.62500000169601, 35.525000000576]}, "properties": {"p_logistic": 0.49795857071876526, "p_rf": 0.6779999732971191, "p_xgb": 0.9630464315414429, "date": "2026-10-08"}}, {"type": "Feature", "geometry": {"type": "Point", "coordinates": [-82.61666666836302, 35.525000000576]}, "properties": {"p_logistic": 0.4984762668609619, "p_rf": 0.6779999732971191, "p_xgb": 0.9629115462303162, "date": "2026-10-08"}}, {"type": "Feature", "geometry": {"type": "Point", "coordinates": [-82.60833333503001, 35.525000000576]}, "properties": {"p_logistic": 0.49863311648368835, "p_rf": 0.8180000185966492, "p_xgb": 0.9979833364486694, "date": "2026-10-08"}}, {"type": "Feature", "geometry": {"type": "Point", "coordinates": [-82.60000000169703, 35.525000000576]}, "properties": {"p_logistic": 0.49855825304985046, "p_rf": 0.8259999752044678, "p_xgb": 0.9983727335929871, "date": "2026-10-08"}}, {"type": "Feature", "geometry": {"type": "Point", "coordinates": [-82.59166666836401, 35.525000000576]}, "properties": {"p_logistic": 0.4970158338546753, "p_rf": 0.8320000171661377, "p_xgb": 0.9983104467391968, "date": "2026-10-08"}}, {"type": "Feature", "geometry": {"type": "Point", "coordinates": [-82.58333333503101, 35.525000000576]}, "properties": {"p_logistic": 0.49340978264808655, "p_rf": 0.843999981880188, "p_xgb": 0.9979402422904968, "date": "2026-10-08"}}, {"type": "Feature", "geometry": {"type": "Point", "coordinates": [-82.57500000169802, 35.525000000576]}, "properties": {"p_logistic": 0.4875030517578125, "p_rf": 0.8259999752044678, "p_xgb": 0.9968187808990479, "date": "2026-10-08"}}, {"type": "Feature", "geometry": {"type": "Point", "coordinates": [-82.56666666836502, 35.525000000576]}, "properties": {"p_logistic": 0.4841483533382416, "p_rf": 0.8259999752044678, "p_xgb": 0.99420565366745, "date": "2026-10-08"}}, {"type": "Feature", "geometry": {"type": "Point", "coordinates": [-82.55833333503202, 35.525000000576]}, "properties": {"p_logistic": 0.49327516555786133, "p_rf": 0.8759999871253967, "p_xgb": 0.9959490299224854, "date": "2026-10-08"}}, {"type": "Feature", "geometry": {"type": "Point", "coordinates": [-82.55000000169902, 35.525000000576]}, "properties": {"p_logistic": 0.5002631545066833, "p_rf": 0.8199999928474426, "p_xgb": 0.9928942322731018, "date": "2026-10-08"}}, {"type": "Feature", "geometry": {"type": "Point", "coordinates": [-82.54166666836602, 35.525000000576]}, "properties": {"p_logistic": 0.5069360733032227, "p_rf": 0.7599999904632568, "p_xgb": 0.9882992506027222, "date": "2026-10-08"}}, {"type": "Feature", "geometry": {"type": "Point", "coordinates": [-82.53333333503302, 35.525000000576]}, "properties": {"p_logistic": 0.5141669511795044, "p_rf": 0.6539999842643738, "p_xgb": 0.9963243007659912, "date": "2026-10-08"}}, {"type": "Feature", "geometry": {"type": "Point", "coordinates": [-82.52500000170002, 35.525000000576]}, "properties": {"p_logistic": 0.5224024057388306, "p_rf": 0.6759999990463257, "p_xgb": 0.9940997362136841, "date": "2026-10-08"}}, {"type": "Feature", "geometry": {"type": "Point", "coordinates": [-82.51666666836701, 35.525000000576]}, "properties": {"p_logistic": 0.527904212474823, "p_rf": 0.7179999947547913, "p_xgb": 0.9835489988327026, "date": "2026-10-08"}}, {"type": "Feature", "geometry": {"type": "Point", "coordinates": [-82.50833333503402, 35.525000000576]}, "properties": {"p_logistic": 0.5347026586532593, "p_rf": 0.7020000219345093, "p_xgb": 0.9876676201820374, "date": "2026-10-08"}}, {"type": "Feature", "geometry": {"type": "Point", "coordinates": [-82.50000000170101, 35.525000000576]}, "properties": {"p_logistic": 0.5412417650222778, "p_rf": 0.6980000138282776, "p_xgb": 0.9774113893508911, "date": "2026-10-08"}}, {"type": "Feature", "geometry": {"type": "Point", "coordinates": [-82.49166666836803, 35.525000000576]}, "properties": {"p_logistic": 0.5416997075080872, "p_rf": 0.699999988079071, "p_xgb": 0.9813385009765625, "date": "2026-10-08"}}, {"type": "Feature", "geometry": {"type": "Point", "coordinates": [-82.48333333503501, 35.525000000576]}, "properties": {"p_logistic": 0.5336474776268005, "p_rf": 0.6880000233650208, "p_xgb": 0.9774113893508911, "date": "2026-10-08"}}, {"type": "Feature", "geometry": {"type": "Point", "coordinates": [-82.47500000170201, 35.525000000576]}, "properties": {"p_logistic": 0.524284839630127, "p_rf": 0.7059999704360962, "p_xgb": 0.9903518557548523, "date": "2026-10-08"}}, {"type": "Feature", "geometry": {"type": "Point", "coordinates": [-82.46666666836902, 35.525000000576]}, "properties": {"p_logistic": 0.5158630013465881, "p_rf": 0.6759999990463257, "p_xgb": 0.9823350310325623, "date": "2026-10-08"}}, {"type": "Feature", "geometry": {"type": "Point", "coordinates": [-82.45833333503602, 35.525000000576]}, "properties": {"p_logistic": 0.5116278529167175, "p_rf": 0.6740000247955322, "p_xgb": 0.9823350310325623, "date": "2026-10-08"}}, {"type": "Feature", "geometry": {"type": "Point", "coordinates": [-82.45000000170302, 35.525000000576]}, "properties": {"p_logistic": 0.5021657943725586, "p_rf": 0.7179999947547913, "p_xgb": 0.9842772483825684, "date": "2026-10-08"}}, {"type": "Feature", "geometry": {"type": "Point", "coordinates": [-82.44166666837002, 35.525000000576]}, "properties": {"p_logistic": 0.4894235134124756, "p_rf": 0.6919999718666077, "p_xgb": 0.9927598237991333, "date": "2026-10-08"}}, {"type": "Feature", "geometry": {"type": "Point", "coordinates": [-82.43333333503702, 35.525000000576]}, "properties": {"p_logistic": 0.49975690245628357, "p_rf": 0.7020000219345093, "p_xgb": 0.9965448975563049, "date": "2026-10-08"}}, {"type": "Feature", "geometry": {"type": "Point", "coordinates": [-82.42500000170402, 35.525000000576]}, "properties": {"p_logistic": 0.5074745416641235, "p_rf": 0.699999988079071, "p_xgb": 0.9891675710678101, "date": "2026-10-08"}}, {"type": "Feature", "geometry": {"type": "Point", "coordinates": [-82.41666666837102, 35.525000000576]}, "properties": {"p_logistic": 0.511274516582489, "p_rf": 0.7620000243186951, "p_xgb": 0.9913450479507446, "date": "2026-10-08"}}, {"type": "Feature", "geometry": {"type": "Point", "coordinates": [-82.40833333503801, 35.525000000576]}, "properties": {"p_logistic": 0.5087049007415771, "p_rf": 0.7599999904632568, "p_xgb": 0.983405351638794, "date": "2026-10-08"}}, {"type": "Feature", "geometry": {"type": "Point", "coordinates": [-82.40000000170502, 35.525000000576]}, "properties": {"p_logistic": 0.5002852082252502, "p_rf": 0.6980000138282776, "p_xgb": 0.9661575555801392, "date": "2026-10-08"}}, {"type": "Feature", "geometry": {"type": "Point", "coordinates": [-82.39166666837201, 35.525000000576]}, "properties": {"p_logistic": 0.48641636967658997, "p_rf": 0.6800000071525574, "p_xgb": 0.9794561266899109, "date": "2026-10-08"}}, {"type": "Feature", "geometry": {"type": "Point", "coordinates": [-82.38333333503903, 35.525000000576]}, "properties": {"p_logistic": 0.47317734360694885, "p_rf": 0.7139999866485596, "p_xgb": 0.9911600947380066, "date": "2026-10-08"}}, {"type": "Feature", "geometry": {"type": "Point", "coordinates": [-82.37500000170601, 35.525000000576]}, "properties": {"p_logistic": 0.4607725143432617, "p_rf": 0.6639999747276306, "p_xgb": 0.986629843711853, "date": "2026-10-08"}}, {"type": "Feature", "geometry": {"type": "Point", "coordinates": [-82.36666666837301, 35.525000000576]}, "properties": {"p_logistic": 0.45372480154037476, "p_rf": 0.6460000276565552, "p_xgb": 0.9858923554420471, "date": "2026-10-08"}}, {"type": "Feature", "geometry": {"type": "Point", "coordinates": [-82.35833333504002, 35.525000000576]}, "properties": {"p_logistic": 0.46667739748954773, "p_rf": 0.7139999866485596, "p_xgb": 0.9859750866889954, "date": "2026-10-08"}}, {"type": "Feature", "geometry": {"type": "Point", "coordinates": [-82.35000000170702, 35.525000000576]}, "properties": {"p_logistic": 0.47990110516548157, "p_rf": 0.7039999961853027, "p_xgb": 0.9785998463630676, "date": "2026-10-08"}}, {"type": "Feature", "geometry": {"type": "Point", "coordinates": [-82.34166666837402, 35.525000000576]}, "properties": {"p_logistic": 0.48592060804367065, "p_rf": 0.699999988079071, "p_xgb": 0.9645646810531616, "date": "2026-10-08"}}, {"type": "Feature", "geometry": {"type": "Point", "coordinates": [-82.33333333504102, 35.525000000576]}, "properties": {"p_logistic": 0.4909895956516266, "p_rf": 0.7720000147819519, "p_xgb": 0.9908393025398254, "date": "2026-10-08"}}, {"type": "Feature", "geometry": {"type": "Point", "coordinates": [-82.32500000170802, 35.525000000576]}, "properties": {"p_logistic": 0.49904996156692505, "p_rf": 0.5400000214576721, "p_xgb": 0.9802306294441223, "date": "2026-10-08"}}, {"type": "Feature", "geometry": {"type": "Point", "coordinates": [-82.31666666837502, 35.525000000576]}, "properties": {"p_logistic": 0.5115248560905457, "p_rf": 0.4519999921321869, "p_xgb": 0.969632089138031, "date": "2026-10-08"}}, {"type": "Feature", "geometry": {"type": "Point", "coordinates": [-82.30833333504202, 35.525000000576]}, "properties": {"p_logistic": 0.5223267674446106, "p_rf": 0.48399999737739563, "p_xgb": 0.9809629917144775, "date": "2026-10-08"}}, {"type": "Feature", "geometry": {"type": "Point", "coordinates": [-82.30000000170901, 35.525000000576]}, "properties": {"p_logistic": 0.5265127420425415, "p_rf": 0.5139999985694885, "p_xgb": 0.9820384979248047, "date": "2026-10-08"}}, {"type": "Feature", "geometry": {"type": "Point", "coordinates": [-82.29166666837602, 35.525000000576]}, "properties": {"p_logistic": 0.5342047810554504, "p_rf": 0.4959999918937683, "p_xgb": 0.9490692019462585, "date": "2026-10-08"}}, {"type": "Feature", "geometry": {"type": "Point", "coordinates": [-82.28333333504301, 35.525000000576]}, "properties": {"p_logistic": 0.5468071699142456, "p_rf": 0.5180000066757202, "p_xgb": 0.9469351768493652, "date": "2026-10-08"}}, {"type": "Feature", "geometry": {"type": "Point", "coordinates": [-82.27500000171003, 35.525000000576]}, "properties": {"p_logistic": 0.5624140501022339, "p_rf": 0.5180000066757202, "p_xgb": 0.9454069137573242, "date": "2026-10-08"}}, {"type": "Feature", "geometry": {"type": "Point", "coordinates": [-82.26666666837701, 35.525000000576]}, "properties": {"p_logistic": 0.5736685395240784, "p_rf": 0.5199999809265137, "p_xgb": 0.9258355498313904, "date": "2026-10-08"}}, {"type": "Feature", "geometry": {"type": "Point", "coordinates": [-82.25833333504401, 35.525000000576]}, "properties": {"p_logistic": 0.583419919013977, "p_rf": 0.5180000066757202, "p_xgb": 0.8450283408164978, "date": "2026-10-08"}}, {"type": "Feature", "geometry": {"type": "Point", "coordinates": [-82.25000000171102, 35.525000000576]}, "properties": {"p_logistic": 0.595243513584137, "p_rf": 0.5519999861717224, "p_xgb": 0.8653853535652161, "date": "2026-10-08"}}, {"type": "Feature", "geometry": {"type": "Point", "coordinates": [-82.24166666837802, 35.525000000576]}, "properties": {"p_logistic": 0.6054330468177795, "p_rf": 0.5659999847412109, "p_xgb": 0.8837207555770874, "date": "2026-10-08"}}, {"type": "Feature", "geometry": {"type": "Point", "coordinates": [-82.23333333504502, 35.525000000576]}, "properties": {"p_logistic": 0.6160726547241211, "p_rf": 0.7400000095367432, "p_xgb": 0.9003008604049683, "date": "2026-10-08"}}, {"type": "Feature", "geometry": {"type": "Point", "coordinates": [-82.22500000171202, 35.525000000576]}, "properties": {"p_logistic": 0.6222267746925354, "p_rf": 0.7879999876022339, "p_xgb": 0.9003008604049683, "date": "2026-10-08"}}, {"type": "Feature", "geometry": {"type": "Point", "coordinates": [-82.21666666837902, 35.525000000576]}, "properties": {"p_logistic": 0.6239014863967896, "p_rf": 0.7860000133514404, "p_xgb": 0.904912531375885, "date": "2026-10-08"}}, {"type": "Feature", "geometry": {"type": "Point", "coordinates": [-82.20833333504602, 35.525000000576]}, "properties": {"p_logistic": 0.6253615617752075, "p_rf": 0.7860000133514404, "p_xgb": 0.9148437976837158, "date": "2026-10-08"}}, {"type": "Feature", "geometry": {"type": "Point", "coordinates": [-82.20000000171302, 35.525000000576]}, "properties": {"p_logistic": 0.6295751333236694, "p_rf": 0.7960000038146973, "p_xgb": 0.9194395542144775, "date": "2026-10-08"}}, {"type": "Feature", "geometry": {"type": "Point", "coordinates": [-82.19166666838001, 35.525000000576]}, "properties": {"p_logistic": 0.6376962661743164, "p_rf": 0.7960000038146973, "p_xgb": 0.8543940186500549, "date": "2026-10-08"}}, {"type": "Feature", "geometry": {"type": "Point", "coordinates": [-82.77500000169002, 35.516666667243]}, "properties": {"p_logistic": 0.46996060013771057, "p_rf": 0.722000002861023, "p_xgb": 0.9801806807518005, "date": "2026-10-08"}}, {"type": "Feature", "geometry": {"type": "Point", "coordinates": [-82.76666666835702, 35.516666667243]}, "properties": {"p_logistic": 0.4680740237236023, "p_rf": 0.7080000042915344, "p_xgb": 0.9723934531211853, "date": "2026-10-08"}}, {"type": "Feature", "geometry": {"type": "Point", "coordinates": [-82.75833333502402, 35.516666667243]}, "properties": {"p_logistic": 0.46839818358421326, "p_rf": 0.7080000042915344, "p_xgb": 0.9716721773147583, "date": "2026-10-08"}}, {"type": "Feature", "geometry": {"type": "Point", "coordinates": [-82.75000000169102, 35.516666667243]}, "properties": {"p_logistic": 0.4710444211959839, "p_rf": 0.7080000042915344, "p_xgb": 0.9705186486244202, "date": "2026-10-08"}}, {"type": "Feature", "geometry": {"type": "Point", "coordinates": [-82.74166666835802, 35.516666667243]}, "properties": {"p_logistic": 0.47382527589797974, "p_rf": 0.7080000042915344, "p_xgb": 0.9659885764122009, "date": "2026-10-08"}}, {"type": "Feature", "geometry": {"type": "Point", "coordinates": [-82.73333333502501, 35.516666667243]}, "properties": {"p_logistic": 0.47757089138031006, "p_rf": 0.7080000042915344, "p_xgb": 0.9684374332427979, "date": "2026-10-08"}}, {"type": "Feature", "geometry": {"type": "Point", "coordinates": [-82.72500000169202, 35.516666667243]}, "properties": {"p_logistic": 0.48083147406578064, "p_rf": 0.7059999704360962, "p_xgb": 0.9684374332427979, "date": "2026-10-08"}}, {"type": "Feature", "geometry": {"type": "Point", "coordinates": [-82.71666666835901, 35.516666667243]}, "properties": {"p_logistic": 0.48371925950050354, "p_rf": 0.7059999704360962, "p_xgb": 0.9700514078140259, "date": "2026-10-08"}}, {"type": "Feature", "geometry": {"type": "Point", "coordinates": [-82.70833333502603, 35.516666667243]}, "properties": {"p_logistic": 0.4852581322193146, "p_rf": 0.7039999961853027, "p_xgb": 0.9700514078140259, "date": "2026-10-08"}}, {"type": "Feature", "geometry": {"type": "Point", "coordinates": [-82.70000000169301, 35.516666667243]}, "properties": {"p_logistic": 0.4864535629749298, "p_rf": 0.7039999961853027, "p_xgb": 0.9700514078140259, "date": "2026-10-08"}}, {"type": "Feature", "geometry": {"type": "Point", "coordinates": [-82.69166666836001, 35.516666667243]}, "properties": {"p_logistic": 0.48742595314979553, "p_rf": 0.7039999961853027, "p_xgb": 0.9700514078140259, "date": "2026-10-08"}}, {"type": "Feature", "geometry": {"type": "Point", "coordinates": [-82.68333333502702, 35.516666667243]}, "properties": {"p_logistic": 0.4882008135318756, "p_rf": 0.7039999961853027, "p_xgb": 0.9690601229667664, "date": "2026-10-08"}}, {"type": "Feature", "geometry": {"type": "Point", "coordinates": [-82.67500000169402, 35.516666667243]}, "properties": {"p_logistic": 0.48907625675201416, "p_rf": 0.7039999961853027, "p_xgb": 0.9678323864936829, "date": "2026-10-08"}}, {"type": "Feature", "geometry": {"type": "Point", "coordinates": [-82.66666666836102, 35.516666667243]}, "properties": {"p_logistic": 0.48980051279067993, "p_rf": 0.7039999961853027, "p_xgb": 0.9690876603126526, "date": "2026-10-08"}}, {"type": "Feature", "geometry": {"type": "Point", "coordinates": [-82.65833333502802, 35.516666667243]}, "properties": {"p_logistic": 0.4904942810535431, "p_rf": 0.7039999961853027, "p_xgb": 0.9690876603126526, "date": "2026-10-08"}}, {"type": "Feature", "geometry": {"type": "Point", "coordinates": [-82.65000000169502, 35.516666667243]}, "properties": {"p_logistic": 0.4917308986186981, "p_rf": 0.722000002861023, "p_xgb": 0.977786123752594, "date": "2026-10-08"}}, {"type": "Feature", "geometry": {"type": "Point", "coordinates": [-82.64166666836202, 35.516666667243]}, "properties": {"p_logistic": 0.49418067932128906, "p_rf": 0.7200000286102295, "p_xgb": 0.9790573120117188, "date": "2026-10-08"}}, {"type": "Feature", "geometry": {"type": "Point", "coordinates": [-82.63333333502902, 35.516666667243]}, "properties": {"p_logistic": 0.49644967913627625, "p_rf": 0.7179999947547913, "p_xgb": 0.9790573120117188, "date": "2026-10-08"}}, {"type": "Feature", "geometry": {"type": "Point", "coordinates": [-82.62500000169601, 35.516666667243]}, "properties": {"p_logistic": 0.49757248163223267, "p_rf": 0.7039999961853027, "p_xgb": 0.9775329232215881, "date": "2026-10-08"}}, {"type": "Feature", "geometry": {"type": "Point", "coordinates": [-82.61666666836302, 35.516666667243]}, "properties": {"p_logistic": 0.49827441573143005, "p_rf": 0.6779999732971191, "p_xgb": 0.9644399285316467, "date": "2026-10-08"}}, {"type": "Feature", "geometry": {"type": "Point", "coordinates": [-82.60833333503001, 35.516666667243]}, "properties": {"p_logistic": 0.4985129237174988, "p_rf": 0.6779999732971191, "p_xgb": 0.9852527976036072, "date": "2026-10-08"}}, {"type": "Feature", "geometry": {"type": "Point", "coordinates": [-82.60000000169703, 35.516666667243]}, "properties": {"p_logistic": 0.4981151223182678, "p_rf": 0.8220000267028809, "p_xgb": 0.9976322650909424, "date": "2026-10-08"}}, {"type": "Feature", "geometry": {"type": "Point", "coordinates": [-82.59166666836401, 35.516666667243]}, "properties": {"p_logistic": 0.4970702528953552, "p_rf": 0.843999981880188, "p_xgb": 0.9979402422904968, "date": "2026-10-08"}}, {"type": "Feature", "geometry": {"type": "Point", "coordinates": [-82.58333333503101, 35.516666667243]}, "properties": {"p_logistic": 0.493710994720459, "p_rf": 0.8460000157356262, "p_xgb": 0.9969015121459961, "date": "2026-10-08"}}, {"type": "Feature", "geometry": {"type": "Point", "coordinates": [-82.57500000169802, 35.516666667243]}, "properties": {"p_logistic": 0.4884165823459625, "p_rf": 0.843999981880188, "p_xgb": 0.9947668313980103, "date": "2026-10-08"}}, {"type": "Feature", "geometry": {"type": "Point", "coordinates": [-82.56666666836502, 35.516666667243]}, "properties": {"p_logistic": 0.4871608018875122, "p_rf": 0.8679999709129333, "p_xgb": 0.9853547811508179, "date": "2026-10-08"}}, {"type": "Feature", "geometry": {"type": "Point", "coordinates": [-82.55833333503202, 35.516666667243]}, "properties": {"p_logistic": 0.4964776933193207, "p_rf": 0.8040000200271606, "p_xgb": 0.9957451224327087, "date": "2026-10-08"}}, {"type": "Feature", "geometry": {"type": "Point", "coordinates": [-82.55000000169902, 35.516666667243]}, "properties": {"p_logistic": 0.5029888153076172, "p_rf": 0.7519999742507935, "p_xgb": 0.9951300621032715, "date": "2026-10-08"}}, {"type": "Feature", "geometry": {"type": "Point", "coordinates": [-82.54166666836602, 35.516666667243]}, "properties": {"p_logistic": 0.5075019598007202, "p_rf": 0.6520000100135803, "p_xgb": 0.9961430430412292, "date": "2026-10-08"}}, {"type": "Feature", "geometry": {"type": "Point", "coordinates": [-82.53333333503302, 35.516666667243]}, "properties": {"p_logistic": 0.5115599036216736, "p_rf": 0.6539999842643738, "p_xgb": 0.9961062073707581, "date": "2026-10-08"}}, {"type": "Feature", "geometry": {"type": "Point", "coordinates": [-82.52500000170002, 35.516666667243]}, "properties": {"p_logistic": 0.5145863890647888, "p_rf": 0.6859999895095825, "p_xgb": 0.9911028146743774, "date": "2026-10-08"}}, {"type": "Feature", "geometry": {"type": "Point", "coordinates": [-82.51666666836701, 35.516666667243]}, "properties": {"p_logistic": 0.517524003982544, "p_rf": 0.7179999947547913, "p_xgb": 0.9822490215301514, "date": "2026-10-08"}}, {"type": "Feature", "geometry": {"type": "Point", "coordinates": [-82.50833333503402, 35.516666667243]}, "properties": {"p_logistic": 0.5218325853347778, "p_rf": 0.6639999747276306, "p_xgb": 0.979182779788971, "date": "2026-10-08"}}, {"type": "Feature", "geometry": {"type": "Point", "coordinates": [-82.50000000170101, 35.516666667243]}, "properties": {"p_logistic": 0.5293638706207275, "p_rf": 0.7020000219345093, "p_xgb": 0.9899510741233826, "date": "2026-10-08"}}, {"type": "Feature", "geometry": {"type": "Point", "coordinates": [-82.49166666836803, 35.516666667243]}, "properties": {"p_logistic": 0.5309835076332092, "p_rf": 0.6980000138282776, "p_xgb": 0.9774113893508911, "date": "2026-10-08"}}, {"type": "Feature", "geometry": {"type": "Point", "coordinates": [-82.48333333503501, 35.516666667243]}, "properties": {"p_logistic": 0.52602618932724, "p_rf": 0.7020000219345093, "p_xgb": 0.9899510741233826, "date": "2026-10-08"}}, {"type": "Feature", "geometry": {"type": "Point", "coordinates": [-82.47500000170201, 35.516666667243]}, "properties": {"p_logistic": 0.5179855823516846, "p_rf": 0.6800000071525574, "p_xgb": 0.9828014969825745, "date": "2026-10-08"}}, {"type": "Feature", "geometry": {"type": "Point", "coordinates": [-82.46666666836902, 35.516666667243]}, "properties": {"p_logistic": 0.5121537446975708, "p_rf": 0.6740000247955322, "p_xgb": 0.9823350310325623, "date": "2026-10-08"}}, {"type": "Feature", "geometry": {"type": "Point", "coordinates": [-82.45833333503602, 35.516666667243]}, "properties": {"p_logistic": 0.5076537728309631, "p_rf": 0.7120000123977661, "p_xgb": 0.9837208986282349, "date": "2026-10-08"}}, {"type": "Feature", "geometry": {"type": "Point", "coordinates": [-82.45000000170302, 35.516666667243]}, "properties": {"p_logistic": 0.49898841977119446, "p_rf": 0.7020000219345093, "p_xgb": 0.9911851286888123, "date": "2026-10-08"}}, {"type": "Feature", "geometry": {"type": "Point", "coordinates": [-82.44166666837002, 35.516666667243]}, "properties": {"p_logistic": 0.4895627200603485, "p_rf": 0.6940000057220459, "p_xgb": 0.9927598237991333, "date": "2026-10-08"}}, {"type": "Feature", "geometry": {"type": "Point", "coordinates": [-82.43333333503702, 35.516666667243]}, "properties": {"p_logistic": 0.5011525750160217, "p_rf": 0.7059999704360962, "p_xgb": 0.9967459440231323, "date": "2026-10-08"}}, {"type": "Feature", "geometry": {"type": "Point", "coordinates": [-82.42500000170402, 35.516666667243]}, "properties": {"p_logistic": 0.5102071166038513, "p_rf": 0.7020000219345093, "p_xgb": 0.9891675710678101, "date": "2026-10-08"}}, {"type": "Feature", "geometry": {"type": "Point", "coordinates": [-82.41666666837102, 35.516666667243]}, "properties": {"p_logistic": 0.5147944688796997, "p_rf": 0.7720000147819519, "p_xgb": 0.9965530633926392, "date": "2026-10-08"}}, {"type": "Feature", "geometry": {"type": "Point", "coordinates": [-82.40833333503801, 35.516666667243]}, "properties": {"p_logistic": 0.5137744545936584, "p_rf": 0.7720000147819519, "p_xgb": 0.9950622916221619, "date": "2026-10-08"}}, {"type": "Feature", "geometry": {"type": "Point", "coordinates": [-82.40000000170502, 35.516666667243]}, "properties": {"p_logistic": 0.5067418813705444, "p_rf": 0.7020000219345093, "p_xgb": 0.9713174104690552, "date": "2026-10-08"}}, {"type": "Feature", "geometry": {"type": "Point", "coordinates": [-82.39166666837201, 35.516666667243]}, "properties": {"p_logistic": 0.4946827292442322, "p_rf": 0.6980000138282776, "p_xgb": 0.9837337136268616, "date": "2026-10-08"}}, {"type": "Feature", "geometry": {"type": "Point", "coordinates": [-82.38333333503903, 35.516666667243]}, "properties": {"p_logistic": 0.48071786761283875, "p_rf": 0.6840000152587891, "p_xgb": 0.9845831394195557, "date": "2026-10-08"}}, {"type": "Feature", "geometry": {"type": "Point", "coordinates": [-82.37500000170601, 35.516666667243]}, "properties": {"p_logistic": 0.46711137890815735, "p_rf": 0.6859999895095825, "p_xgb": 0.9835532903671265, "date": "2026-10-08"}}, {"type": "Feature", "geometry": {"type": "Point", "coordinates": [-82.36666666837301, 35.516666667243]}, "properties": {"p_logistic": 0.4567636549472809, "p_rf": 0.6660000085830688, "p_xgb": 0.98264080286026, "date": "2026-10-08"}}, {"type": "Feature", "geometry": {"type": "Point", "coordinates": [-82.35833333504002, 35.516666667243]}, "properties": {"p_logistic": 0.47081857919692993, "p_rf": 0.6740000247955322, "p_xgb": 0.9713425040245056, "date": "2026-10-08"}}, {"type": "Feature", "geometry": {"type": "Point", "coordinates": [-82.35000000170702, 35.516666667243]}, "properties": {"p_logistic": 0.481981098651886, "p_rf": 0.6980000138282776, "p_xgb": 0.9582424759864807, "date": "2026-10-08"}}, {"type": "Feature", "geometry": {"type": "Point", "coordinates": [-82.34166666837402, 35.516666667243]}, "properties": {"p_logistic": 0.48904815316200256, "p_rf": 0.7720000147819519, "p_xgb": 0.9910674691200256, "date": "2026-10-08"}}, {"type": "Feature", "geometry": {"type": "Point", "coordinates": [-82.33333333504102, 35.516666667243]}, "properties": {"p_logistic": 0.49409177899360657, "p_rf": 0.5720000267028809, "p_xgb": 0.9886507987976074, "date": "2026-10-08"}}, {"type": "Feature", "geometry": {"type": "Point", "coordinates": [-82.32500000170802, 35.516666667243]}, "properties": {"p_logistic": 0.5029499530792236, "p_rf": 0.49399998784065247, "p_xgb": 0.9797036647796631, "date": "2026-10-08"}}, {"type": "Feature", "geometry": {"type": "Point", "coordinates": [-82.31666666837502, 35.516666667243]}, "properties": {"p_logistic": 0.5164085030555725, "p_rf": 0.4399999976158142, "p_xgb": 0.9852129817008972, "date": "2026-10-08"}}, {"type": "Feature", "geometry": {"type": "Point", "coordinates": [-82.30833333504202, 35.516666667243]}, "properties": {"p_logistic": 0.5255267024040222, "p_rf": 0.47999998927116394, "p_xgb": 0.9800987243652344, "date": "2026-10-08"}}, {"type": "Feature", "geometry": {"type": "Point", "coordinates": [-82.30000000170901, 35.516666667243]}, "properties": {"p_logistic": 0.5324041247367859, "p_rf": 0.5120000243186951, "p_xgb": 0.9837622046470642, "date": "2026-10-08"}}, {"type": "Feature", "geometry": {"type": "Point", "coordinates": [-82.29166666837602, 35.516666667243]}, "properties": {"p_logistic": 0.5394070744514465, "p_rf": 0.5019999742507935, "p_xgb": 0.9490692019462585, "date": "2026-10-08"}}, {"type": "Feature", "geometry": {"type": "Point", "coordinates": [-82.28333333504301, 35.516666667243]}, "properties": {"p_logistic": 0.5514141321182251, "p_rf": 0.5320000052452087, "p_xgb": 0.9469351768493652, "date": "2026-10-08"}}, {"type": "Feature", "geometry": {"type": "Point", "coordinates": [-82.27500000171003, 35.516666667243]}, "properties": {"p_logistic": 0.5665004253387451, "p_rf": 0.5180000066757202, "p_xgb": 0.9488983750343323, "date": "2026-10-08"}}, {"type": "Feature", "geometry": {"type": "Point", "coordinates": [-82.26666666837701, 35.516666667243]}, "properties": {"p_logistic": 0.5792845487594604, "p_rf": 0.5120000243186951, "p_xgb": 0.912163257598877, "date": "2026-10-08"}}, {"type": "Feature", "geometry": {"type": "Point", "coordinates": [-82.25833333504401, 35.516666667243]}, "properties": {"p_logistic": 0.5893309712409973, "p_rf": 0.5220000147819519, "p_xgb": 0.8214709162712097, "date": "2026-10-08"}}, {"type": "Feature", "geometry": {"type": "Point", "coordinates": [-82.25000000171102, 35.516666667243]}, "properties": {"p_logistic": 0.5991475582122803, "p_rf": 0.5519999861717224, "p_xgb": 0.8214709162712097, "date": "2026-10-08"}}, {"type": "Feature", "geometry": {"type": "Point", "coordinates": [-82.24166666837802, 35.516666667243]}, "properties": {"p_logistic": 0.6102791428565979, "p_rf": 0.6000000238418579, "p_xgb": 0.8837207555770874, "date": "2026-10-08"}}, {"type": "Feature", "geometry": {"type": "Point", "coordinates": [-82.23333333504502, 35.516666667243]}, "properties": {"p_logistic": 0.6208900213241577, "p_rf": 0.7720000147819519, "p_xgb": 0.9003008604049683, "date": "2026-10-08"}}, {"type": "Feature", "geometry": {"type": "Point", "coordinates": [-82.78333333502302, 35.50833333391]}, "properties": {"p_logistic": 0.4741646945476532, "p_rf": 0.6779999732971191, "p_xgb": 0.9681246280670166, "date": "2026-10-08"}}, {"type": "Feature", "geometry": {"type": "Point", "coordinates": [-82.77500000169002, 35.50833333391]}, "properties": {"p_logistic": 0.4723140001296997, "p_rf": 0.7139999866485596, "p_xgb": 0.9796060919761658, "date": "2026-10-08"}}, {"type": "Feature", "geometry": {"type": "Point", "coordinates": [-82.76666666835702, 35.50833333391]}, "properties": {"p_logistic": 0.470337450504303, "p_rf": 0.7039999961853027, "p_xgb": 0.9801806807518005, "date": "2026-10-08"}}, {"type": "Feature", "geometry": {"type": "Point", "coordinates": [-82.75833333502402, 35.50833333391]}, "properties": {"p_logistic": 0.4672415852546692, "p_rf": 0.7080000042915344, "p_xgb": 0.9723934531211853, "date": "2026-10-08"}}, {"type": "Feature", "geometry": {"type": "Point", "coordinates": [-82.75000000169102, 35.50833333391]}, "properties": {"p_logistic": 0.47050410509109497, "p_rf": 0.7080000042915344, "p_xgb": 0.9716721773147583, "date": "2026-10-08"}}, {"type": "Feature", "geometry": {"type": "Point", "coordinates": [-82.74166666835802, 35.50833333391]}, "properties": {"p_logistic": 0.473172128200531, "p_rf": 0.7080000042915344, "p_xgb": 0.9646432399749756, "date": "2026-10-08"}}, {"type": "Feature", "geometry": {"type": "Point", "coordinates": [-82.73333333502501, 35.50833333391]}, "properties": {"p_logistic": 0.4766720235347748, "p_rf": 0.7080000042915344, "p_xgb": 0.9659885764122009, "date": "2026-10-08"}}, {"type": "Feature", "geometry": {"type": "Point", "coordinates": [-82.72500000169202, 35.50833333391]}, "properties": {"p_logistic": 0.48008993268013, "p_rf": 0.7059999704360962, "p_xgb": 0.9684374332427979, "date": "2026-10-08"}}, {"type": "Feature", "geometry": {"type": "Point", "coordinates": [-82.71666666835901, 35.50833333391]}, "properties": {"p_logistic": 0.4824228286743164, "p_rf": 0.7039999961853027, "p_xgb": 0.9684374332427979, "date": "2026-10-08"}}, {"type": "Feature", "geometry": {"type": "Point", "coordinates": [-82.70833333502603, 35.50833333391]}, "properties": {"p_logistic": 0.48440030217170715, "p_rf": 0.7039999961853027, "p_xgb": 0.9700514078140259, "date": "2026-10-08"}}, {"type": "Feature", "geometry": {"type": "Point", "coordinates": [-82.70000000169301, 35.50833333391]}, "properties": {"p_logistic": 0.4856921136379242, "p_rf": 0.7039999961853027, "p_xgb": 0.9700514078140259, "date": "2026-10-08"}}, {"type": "Feature", "geometry": {"type": "Point", "coordinates": [-82.69166666836001, 35.50833333391]}, "properties": {"p_logistic": 0.4866359531879425, "p_rf": 0.7039999961853027, "p_xgb": 0.9690601229667664, "date": "2026-10-08"}}, {"type": "Feature", "geometry": {"type": "Point", "coordinates": [-82.68333333502702, 35.50833333391]}, "properties": {"p_logistic": 0.48730137944221497, "p_rf": 0.7020000219345093, "p_xgb": 0.9678323864936829, "date": "2026-10-08"}}, {"type": "Feature", "geometry": {"type": "Point", "coordinates": [-82.67500000169402, 35.50833333391]}, "properties": {"p_logistic": 0.48792263865470886, "p_rf": 0.722000002861023, "p_xgb": 0.9690876603126526, "date": "2026-10-08"}}, {"type": "Feature", "geometry": {"type": "Point", "coordinates": [-82.66666666836102, 35.50833333391]}, "properties": {"p_logistic": 0.4889307916164398, "p_rf": 0.722000002861023, "p_xgb": 0.9690876603126526, "date": "2026-10-08"}}, {"type": "Feature", "geometry": {"type": "Point", "coordinates": [-82.65833333502802, 35.50833333391]}, "properties": {"p_logistic": 0.4899062514305115, "p_rf": 0.722000002861023, "p_xgb": 0.977786123752594, "date": "2026-10-08"}}, {"type": "Feature", "geometry": {"type": "Point", "coordinates": [-82.65000000169502, 35.50833333391]}, "properties": {"p_logistic": 0.4912897050380707, "p_rf": 0.722000002861023, "p_xgb": 0.977786123752594, "date": "2026-10-08"}}, {"type": "Feature", "geometry": {"type": "Point", "coordinates": [-82.64166666836202, 35.50833333391]}, "properties": {"p_logistic": 0.49354875087738037, "p_rf": 0.722000002861023, "p_xgb": 0.9796470403671265, "date": "2026-10-08"}}, {"type": "Feature", "geometry": {"type": "Point", "coordinates": [-82.63333333502902, 35.50833333391]}, "properties": {"p_logistic": 0.4953993260860443, "p_rf": 0.7200000286102295, "p_xgb": 0.9796470403671265, "date": "2026-10-08"}}, {"type": "Feature", "geometry": {"type": "Point", "coordinates": [-82.62500000169601, 35.50833333391]}, "properties": {"p_logistic": 0.4969915449619293, "p_rf": 0.7179999947547913, "p_xgb": 0.9775329232215881, "date": "2026-10-08"}}, {"type": "Feature", "geometry": {"type": "Point", "coordinates": [-82.61666666836302, 35.50833333391]}, "properties": {"p_logistic": 0.4981629550457001, "p_rf": 0.7039999961853027, "p_xgb": 0.978392481803894, "date": "2026-10-08"}}, {"type": "Feature", "geometry": {"type": "Point", "coordinates": [-82.60833333503001, 35.50833333391]}, "properties": {"p_logistic": 0.4988076686859131, "p_rf": 0.6779999732971191, "p_xgb": 0.9798546433448792, "date": "2026-10-08"}}, {"type": "Feature", "geometry": {"type": "Point", "coordinates": [-82.60000000169703, 35.50833333391]}, "properties": {"p_logistic": 0.49846822023391724, "p_rf": 0.8199999928474426, "p_xgb": 0.9975144863128662, "date": "2026-10-08"}}, {"type": "Feature", "geometry": {"type": "Point", "coordinates": [-82.59166666836401, 35.50833333391]}, "properties": {"p_logistic": 0.4977952539920807, "p_rf": 0.843999981880188, "p_xgb": 0.9969015121459961, "date": "2026-10-08"}}, {"type": "Feature", "geometry": {"type": "Point", "coordinates": [-82.58333333503101, 35.50833333391]}, "properties": {"p_logistic": 0.4954516887664795, "p_rf": 0.8420000076293945, "p_xgb": 0.9946788549423218, "date": "2026-10-08"}}, {"type": "Feature", "geometry": {"type": "Point", "coordinates": [-82.57500000169802, 35.50833333391]}, "properties": {"p_logistic": 0.49029088020324707, "p_rf": 0.8399999737739563, "p_xgb": 0.9885742664337158, "date": "2026-10-08"}}, {"type": "Feature", "geometry": {"type": "Point", "coordinates": [-82.56666666836502, 35.50833333391]}, "properties": {"p_logistic": 0.49426043033599854, "p_rf": 0.828000009059906, "p_xgb": 0.9922312498092651, "date": "2026-10-08"}}, {"type": "Feature", "geometry": {"type": "Point", "coordinates": [-82.55833333503202, 35.50833333391]}, "properties": {"p_logistic": 0.5046501159667969, "p_rf": 0.7459999918937683, "p_xgb": 0.9968011379241943, "date": "2026-10-08"}}, {"type": "Feature", "geometry": {"type": "Point", "coordinates": [-82.55000000169902, 35.50833333391]}, "properties": {"p_logistic": 0.5101229548454285, "p_rf": 0.6460000276565552, "p_xgb": 0.9958892464637756, "date": "2026-10-08"}}, {"type": "Feature", "geometry": {"type": "Point", "coordinates": [-82.54166666836602, 35.50833333391]}, "properties": {"p_logistic": 0.5127849578857422, "p_rf": 0.6700000166893005, "p_xgb": 0.9918686151504517, "date": "2026-10-08"}}, {"type": "Feature", "geometry": {"type": "Point", "coordinates": [-82.53333333503302, 35.50833333391]}, "properties": {"p_logistic": 0.5144413709640503, "p_rf": 0.6840000152587891, "p_xgb": 0.9905346035957336, "date": "2026-10-08"}}, {"type": "Feature", "geometry": {"type": "Point", "coordinates": [-82.52500000170002, 35.50833333391]}, "properties": {"p_logistic": 0.5143526196479797, "p_rf": 0.699999988079071, "p_xgb": 0.990039050579071, "date": "2026-10-08"}}, {"type": "Feature", "geometry": {"type": "Point", "coordinates": [-82.51666666836701, 35.50833333391]}, "properties": {"p_logistic": 0.5164592266082764, "p_rf": 0.7099999785423279, "p_xgb": 0.9804190993309021, "date": "2026-10-08"}}, {"type": "Feature", "geometry": {"type": "Point", "coordinates": [-82.50833333503402, 35.50833333391]}, "properties": {"p_logistic": 0.5190708041191101, "p_rf": 0.6660000085830688, "p_xgb": 0.979182779788971, "date": "2026-10-08"}}, {"type": "Feature", "geometry": {"type": "Point", "coordinates": [-82.50000000170101, 35.50833333391]}, "properties": {"p_logistic": 0.5253458023071289, "p_rf": 0.7020000219345093, "p_xgb": 0.9887771010398865, "date": "2026-10-08"}}, {"type": "Feature", "geometry": {"type": "Point", "coordinates": [-82.49166666836803, 35.50833333391]}, "properties": {"p_logistic": 0.5272043347358704, "p_rf": 0.7039999961853027, "p_xgb": 0.9903518557548523, "date": "2026-10-08"}}, {"type": "Feature", "geometry": {"type": "Point", "coordinates": [-82.48333333503501, 35.50833333391]}, "properties": {"p_logistic": 0.5233739018440247, "p_rf": 0.7020000219345093, "p_xgb": 0.9887771010398865, "date": "2026-10-08"}}, {"type": "Feature", "geometry": {"type": "Point", "coordinates": [-82.47500000170201, 35.50833333391]}, "properties": {"p_logistic": 0.5159268379211426, "p_rf": 0.6660000085830688, "p_xgb": 0.9823350310325623, "date": "2026-10-08"}}, {"type": "Feature", "geometry": {"type": "Point", "coordinates": [-82.46666666836902, 35.50833333391]}, "properties": {"p_logistic": 0.5091633796691895, "p_rf": 0.7020000219345093, "p_xgb": 0.9837208986282349, "date": "2026-10-08"}}, {"type": "Feature", "geometry": {"type": "Point", "coordinates": [-82.45833333503602, 35.50833333391]}, "properties": {"p_logistic": 0.5050917267799377, "p_rf": 0.7179999947547913, "p_xgb": 0.9842772483825684, "date": "2026-10-08"}}, {"type": "Feature", "geometry": {"type": "Point", "coordinates": [-82.45000000170302, 35.50833333391]}, "properties": {"p_logistic": 0.49683037400245667, "p_rf": 0.6919999718666077, "p_xgb": 0.9930459856987, "date": "2026-10-08"}}, {"type": "Feature", "geometry": {"type": "Point", "coordinates": [-82.44166666837002, 35.50833333391]}, "properties": {"p_logistic": 0.4871310889720917, "p_rf": 0.6840000152587891, "p_xgb": 0.9914996027946472, "date": "2026-10-08"}}, {"type": "Feature", "geometry": {"type": "Point", "coordinates": [-82.43333333503702, 35.50833333391]}, "properties": {"p_logistic": 0.498517245054245, "p_rf": 0.6940000057220459, "p_xgb": 0.9958755373954773, "date": "2026-10-08"}}, {"type": "Feature", "geometry": {"type": "Point", "coordinates": [-82.42500000170402, 35.50833333391]}, "properties": {"p_logistic": 0.5070342421531677, "p_rf": 0.6980000138282776, "p_xgb": 0.9874802231788635, "date": "2026-10-08"}}, {"type": "Feature", "geometry": {"type": "Point", "coordinates": [-82.41666666837102, 35.50833333391]}, "properties": {"p_logistic": 0.5107121467590332, "p_rf": 0.7099999785423279, "p_xgb": 0.9884201288223267, "date": "2026-10-08"}}, {"type": "Feature", "geometry": {"type": "Point", "coordinates": [-82.40833333503801, 35.50833333391]}, "properties": {"p_logistic": 0.5113174319267273, "p_rf": 0.7120000123977661, "p_xgb": 0.9834699034690857, "date": "2026-10-08"}}, {"type": "Feature", "geometry": {"type": "Point", "coordinates": [-82.40000000170502, 35.50833333391]}, "properties": {"p_logistic": 0.5067408084869385, "p_rf": 0.6959999799728394, "p_xgb": 0.9804523587226868, "date": "2026-10-08"}}, {"type": "Feature", "geometry": {"type": "Point", "coordinates": [-82.39166666837201, 35.50833333391]}, "properties": {"p_logistic": 0.4974985122680664, "p_rf": 0.7020000219345093, "p_xgb": 0.9902887344360352, "date": "2026-10-08"}}, {"type": "Feature", "geometry": {"type": "Point", "coordinates": [-82.38333333503903, 35.50833333391]}, "properties": {"p_logistic": 0.4871407449245453, "p_rf": 0.6759999990463257, "p_xgb": 0.987511396408081, "date": "2026-10-08"}}, {"type": "Feature", "geometry": {"type": "Point", "coordinates": [-82.37500000170601, 35.50833333391]}, "properties": {"p_logistic": 0.4728114902973175, "p_rf": 0.7179999947547913, "p_xgb": 0.9911600947380066, "date": "2026-10-08"}}, {"type": "Feature", "geometry": {"type": "Point", "coordinates": [-82.36666666837301, 35.50833333391]}, "properties": {"p_logistic": 0.45982205867767334, "p_rf": 0.6840000152587891, "p_xgb": 0.9868901968002319, "date": "2026-10-08"}}, {"type": "Feature", "geometry": {"type": "Point", "coordinates": [-82.35833333504002, 35.50833333391]}, "properties": {"p_logistic": 0.4720700681209564, "p_rf": 0.6779999732971191, "p_xgb": 0.9825223684310913, "date": "2026-10-08"}}, {"type": "Feature", "geometry": {"type": "Point", "coordinates": [-82.35000000170702, 35.50833333391]}, "properties": {"p_logistic": 0.4829939305782318, "p_rf": 0.699999988079071, "p_xgb": 0.9817866683006287, "date": "2026-10-08"}}, {"type": "Feature", "geometry": {"type": "Point", "coordinates": [-82.34166666837402, 35.50833333391]}, "properties": {"p_logistic": 0.4874023497104645, "p_rf": 0.7720000147819519, "p_xgb": 0.9947324991226196, "date": "2026-10-08"}}, {"type": "Feature", "geometry": {"type": "Point", "coordinates": [-82.33333333504102, 35.50833333391]}, "properties": {"p_logistic": 0.4935622215270996, "p_rf": 0.5640000104904175, "p_xgb": 0.9817515015602112, "date": "2026-10-08"}}, {"type": "Feature", "geometry": {"type": "Point", "coordinates": [-82.32500000170802, 35.50833333391]}, "properties": {"p_logistic": 0.5035340785980225, "p_rf": 0.5019999742507935, "p_xgb": 0.9877057671546936, "date": "2026-10-08"}}, {"type": "Feature", "geometry": {"type": "Point", "coordinates": [-82.31666666837502, 35.50833333391]}, "properties": {"p_logistic": 0.516230583190918, "p_rf": 0.44999998807907104, "p_xgb": 0.989767849445343, "date": "2026-10-08"}}, {"type": "Feature", "geometry": {"type": "Point", "coordinates": [-82.30833333504202, 35.50833333391]}, "properties": {"p_logistic": 0.5270474553108215, "p_rf": 0.527999997138977, "p_xgb": 0.9838167428970337, "date": "2026-10-08"}}, {"type": "Feature", "geometry": {"type": "Point", "coordinates": [-82.30000000170901, 35.50833333391]}, "properties": {"p_logistic": 0.5352847576141357, "p_rf": 0.5019999742507935, "p_xgb": 0.9817472100257874, "date": "2026-10-08"}}, {"type": "Feature", "geometry": {"type": "Point", "coordinates": [-82.29166666837602, 35.50833333391]}, "properties": {"p_logistic": 0.5428858399391174, "p_rf": 0.5080000162124634, "p_xgb": 0.9490692019462585, "date": "2026-10-08"}}, {"type": "Feature", "geometry": {"type": "Point", "coordinates": [-82.28333333504301, 35.50833333391]}, "properties": {"p_logistic": 0.5537366271018982, "p_rf": 0.5320000052452087, "p_xgb": 0.9469351768493652, "date": "2026-10-08"}}, {"type": "Feature", "geometry": {"type": "Point", "coordinates": [-82.27500000171003, 35.50833333391]}, "properties": {"p_logistic": 0.5695993900299072, "p_rf": 0.5180000066757202, "p_xgb": 0.9454069137573242, "date": "2026-10-08"}}, {"type": "Feature", "geometry": {"type": "Point", "coordinates": [-82.26666666837701, 35.50833333391]}, "properties": {"p_logistic": 0.5820220708847046, "p_rf": 0.5120000243186951, "p_xgb": 0.912163257598877, "date": "2026-10-08"}}, {"type": "Feature", "geometry": {"type": "Point", "coordinates": [-82.25833333504401, 35.50833333391]}, "properties": {"p_logistic": 0.592656672000885, "p_rf": 0.5239999890327454, "p_xgb": 0.8214709162712097, "date": "2026-10-08"}}, {"type": "Feature", "geometry": {"type": "Point", "coordinates": [-82.25000000171102, 35.50833333391]}, "properties": {"p_logistic": 0.6015081405639648, "p_rf": 0.5519999861717224, "p_xgb": 0.8447144031524658, "date": "2026-10-08"}}, {"type": "Feature", "geometry": {"type": "Point", "coordinates": [-82.24166666837802, 35.50833333391]}, "properties": {"p_logistic": 0.6115556955337524, "p_rf": 0.6000000238418579, "p_xgb": 0.8447144031524658, "date": "2026-10-08"}}, {"type": "Feature", "geometry": {"type": "Point", "coordinates": [-82.23333333504502, 35.50833333391]}, "properties": {"p_logistic": 0.6233891248703003, "p_rf": 0.7879999876022339, "p_xgb": 0.9003008604049683, "date": "2026-10-08"}}, {"type": "Feature", "geometry": {"type": "Point", "coordinates": [-82.78333333502302, 35.500000000577]}, "properties": {"p_logistic": 0.4760938882827759, "p_rf": 0.8199999928474426, "p_xgb": 0.9964273571968079, "date": "2026-10-08"}}, {"type": "Feature", "geometry": {"type": "Point", "coordinates": [-82.77500000169002, 35.500000000577]}, "properties": {"p_logistic": 0.4756658673286438, "p_rf": 0.6779999732971191, "p_xgb": 0.9681246280670166, "date": "2026-10-08"}}, {"type": "Feature", "geometry": {"type": "Point", "coordinates": [-82.76666666835702, 35.500000000577]}, "properties": {"p_logistic": 0.4744541645050049, "p_rf": 0.6800000071525574, "p_xgb": 0.9681246280670166, "date": "2026-10-08"}}, {"type": "Feature", "geometry": {"type": "Point", "coordinates": [-82.75833333502402, 35.500000000577]}, "properties": {"p_logistic": 0.47105956077575684, "p_rf": 0.7039999961853027, "p_xgb": 0.9801806807518005, "date": "2026-10-08"}}, {"type": "Feature", "geometry": {"type": "Point", "coordinates": [-82.75000000169102, 35.500000000577]}, "properties": {"p_logistic": 0.46842747926712036, "p_rf": 0.7080000042915344, "p_xgb": 0.9764413833618164, "date": "2026-10-08"}}, {"type": "Feature", "geometry": {"type": "Point", "coordinates": [-82.74166666835802, 35.500000000577]}, "properties": {"p_logistic": 0.47131627798080444, "p_rf": 0.7080000042915344, "p_xgb": 0.9716721773147583, "date": "2026-10-08"}}, {"type": "Feature", "geometry": {"type": "Point", "coordinates": [-82.73333333502501, 35.500000000577]}, "properties": {"p_logistic": 0.47480010986328125, "p_rf": 0.7059999704360962, "p_xgb": 0.9705186486244202, "date": "2026-10-08"}}, {"type": "Feature", "geometry": {"type": "Point", "coordinates": [-82.72500000169202, 35.500000000577]}, "properties": {"p_logistic": 0.4779288172721863, "p_rf": 0.7039999961853027, "p_xgb": 0.9659885764122009, "date": "2026-10-08"}}, {"type": "Feature", "geometry": {"type": "Point", "coordinates": [-82.71666666835901, 35.500000000577]}, "properties": {"p_logistic": 0.4801621735095978, "p_rf": 0.7039999961853027, "p_xgb": 0.9659885764122009, "date": "2026-10-08"}}, {"type": "Feature", "geometry": {"type": "Point", "coordinates": [-82.70833333502603, 35.500000000577]}, "properties": {"p_logistic": 0.4821314811706543, "p_rf": 0.7020000219345093, "p_xgb": 0.9670749306678772, "date": "2026-10-08"}}, {"type": "Feature", "geometry": {"type": "Point", "coordinates": [-82.70000000169301, 35.500000000577]}, "properties": {"p_logistic": 0.48317256569862366, "p_rf": 0.722000002861023, "p_xgb": 0.9659885764122009, "date": "2026-10-08"}}, {"type": "Feature", "geometry": {"type": "Point", "coordinates": [-82.69166666836001, 35.500000000577]}, "properties": {"p_logistic": 0.48458215594291687, "p_rf": 0.722000002861023, "p_xgb": 0.9661028385162354, "date": "2026-10-08"}}, {"type": "Feature", "geometry": {"type": "Point", "coordinates": [-82.68333333502702, 35.500000000577]}, "properties": {"p_logistic": 0.4852922260761261, "p_rf": 0.722000002861023, "p_xgb": 0.9674234390258789, "date": "2026-10-08"}}, {"type": "Feature", "geometry": {"type": "Point", "coordinates": [-82.67500000169402, 35.500000000577]}, "properties": {"p_logistic": 0.48629656434059143, "p_rf": 0.722000002861023, "p_xgb": 0.9674234390258789, "date": "2026-10-08"}}, {"type": "Feature", "geometry": {"type": "Point", "coordinates": [-82.66666666836102, 35.500000000577]}, "properties": {"p_logistic": 0.4874281585216522, "p_rf": 0.722000002861023, "p_xgb": 0.9765788316726685, "date": "2026-10-08"}}, {"type": "Feature", "geometry": {"type": "Point", "coordinates": [-82.65833333502802, 35.500000000577]}, "properties": {"p_logistic": 0.4888502061367035, "p_rf": 0.722000002861023, "p_xgb": 0.9765788316726685, "date": "2026-10-08"}}, {"type": "Feature", "geometry": {"type": "Point", "coordinates": [-82.65000000169502, 35.500000000577]}, "properties": {"p_logistic": 0.490795373916626, "p_rf": 0.722000002861023, "p_xgb": 0.9796470403671265, "date": "2026-10-08"}}, {"type": "Feature", "geometry": {"type": "Point", "coordinates": [-82.64166666836202, 35.500000000577]}, "properties": {"p_logistic": 0.49285799264907837, "p_rf": 0.722000002861023, "p_xgb": 0.9796470403671265, "date": "2026-10-08"}}, {"type": "Feature", "geometry": {"type": "Point", "coordinates": [-82.63333333502902, 35.500000000577]}, "properties": {"p_logistic": 0.4948296546936035, "p_rf": 0.722000002861023, "p_xgb": 0.9781646728515625, "date": "2026-10-08"}}, {"type": "Feature", "geometry": {"type": "Point", "coordinates": [-82.62500000169601, 35.500000000577]}, "properties": {"p_logistic": 0.4966595470905304, "p_rf": 0.7200000286102295, "p_xgb": 0.9781646728515625, "date": "2026-10-08"}}, {"type": "Feature", "geometry": {"type": "Point", "coordinates": [-82.61666666836302, 35.500000000577]}, "properties": {"p_logistic": 0.49818679690361023, "p_rf": 0.7179999947547913, "p_xgb": 0.978392481803894, "date": "2026-10-08"}}, {"type": "Feature", "geometry": {"type": "Point", "coordinates": [-82.60833333503001, 35.500000000577]}, "properties": {"p_logistic": 0.4984996020793915, "p_rf": 0.6779999732971191, "p_xgb": 0.9798546433448792, "date": "2026-10-08"}}, {"type": "Feature", "geometry": {"type": "Point", "coordinates": [-82.60000000169703, 35.500000000577]}, "properties": {"p_logistic": 0.49748364090919495, "p_rf": 0.8199999928474426, "p_xgb": 0.9961620569229126, "date": "2026-10-08"}}, {"type": "Feature", "geometry": {"type": "Point", "coordinates": [-82.59166666836401, 35.500000000577]}, "properties": {"p_logistic": 0.4960532486438751, "p_rf": 0.843999981880188, "p_xgb": 0.9953234791755676, "date": "2026-10-08"}}, {"type": "Feature", "geometry": {"type": "Point", "coordinates": [-82.58333333503101, 35.500000000577]}, "properties": {"p_logistic": 0.4935835599899292, "p_rf": 0.8700000047683716, "p_xgb": 0.9960916638374329, "date": "2026-10-08"}}, {"type": "Feature", "geometry": {"type": "Point", "coordinates": [-82.57500000169802, 35.500000000577]}, "properties": {"p_logistic": 0.4961959719657898, "p_rf": 0.8199999928474426, "p_xgb": 0.993057131767273, "date": "2026-10-08"}}, {"type": "Feature", "geometry": {"type": "Point", "coordinates": [-82.56666666836502, 35.500000000577]}, "properties": {"p_logistic": 0.5061531066894531, "p_rf": 0.6499999761581421, "p_xgb": 0.9957767128944397, "date": "2026-10-08"}}, {"type": "Feature", "geometry": {"type": "Point", "coordinates": [-82.55833333503202, 35.500000000577]}, "properties": {"p_logistic": 0.5140008330345154, "p_rf": 0.6859999895095825, "p_xgb": 0.9906635284423828, "date": "2026-10-08"}}, {"type": "Feature", "geometry": {"type": "Point", "coordinates": [-82.55000000169902, 35.500000000577]}, "properties": {"p_logistic": 0.5216535329818726, "p_rf": 0.7179999947547913, "p_xgb": 0.9816221594810486, "date": "2026-10-08"}}, {"type": "Feature", "geometry": {"type": "Point", "coordinates": [-82.54166666836602, 35.500000000577]}, "properties": {"p_logistic": 0.5227715373039246, "p_rf": 0.6840000152587891, "p_xgb": 0.9816221594810486, "date": "2026-10-08"}}, {"type": "Feature", "geometry": {"type": "Point", "coordinates": [-82.53333333503302, 35.500000000577]}, "properties": {"p_logistic": 0.5223222970962524, "p_rf": 0.6740000247955322, "p_xgb": 0.9787582159042358, "date": "2026-10-08"}}, {"type": "Feature", "geometry": {"type": "Point", "coordinates": [-82.52500000170002, 35.500000000577]}, "properties": {"p_logistic": 0.519913375377655, "p_rf": 0.6740000247955322, "p_xgb": 0.979182779788971, "date": "2026-10-08"}}, {"type": "Feature", "geometry": {"type": "Point", "coordinates": [-82.51666666836701, 35.500000000577]}, "properties": {"p_logistic": 0.5185672044754028, "p_rf": 0.6740000247955322, "p_xgb": 0.979182779788971, "date": "2026-10-08"}}, {"type": "Feature", "geometry": {"type": "Point", "coordinates": [-82.50833333503402, 35.500000000577]}, "properties": {"p_logistic": 0.5182017087936401, "p_rf": 0.6660000085830688, "p_xgb": 0.9798997044563293, "date": "2026-10-08"}}, {"type": "Feature", "geometry": {"type": "Point", "coordinates": [-82.50000000170101, 35.500000000577]}, "properties": {"p_logistic": 0.5204695463180542, "p_rf": 0.6620000004768372, "p_xgb": 0.9823350310325623, "date": "2026-10-08"}}, {"type": "Feature", "geometry": {"type": "Point", "coordinates": [-82.49166666836803, 35.500000000577]}, "properties": {"p_logistic": 0.5194131731987, "p_rf": 0.6759999990463257, "p_xgb": 0.9823350310325623, "date": "2026-10-08"}}, {"type": "Feature", "geometry": {"type": "Point", "coordinates": [-82.48333333503501, 35.500000000577]}, "properties": {"p_logistic": 0.5156005620956421, "p_rf": 0.6660000085830688, "p_xgb": 0.9823350310325623, "date": "2026-10-08"}}, {"type": "Feature", "geometry": {"type": "Point", "coordinates": [-82.47500000170201, 35.500000000577]}, "properties": {"p_logistic": 0.507839024066925, "p_rf": 0.7120000123977661, "p_xgb": 0.9837208986282349, "date": "2026-10-08"}}, {"type": "Feature", "geometry": {"type": "Point", "coordinates": [-82.46666666836902, 35.500000000577]}, "properties": {"p_logistic": 0.5027167797088623, "p_rf": 0.7139999866485596, "p_xgb": 0.9895954728126526, "date": "2026-10-08"}}, {"type": "Feature", "geometry": {"type": "Point", "coordinates": [-82.45833333503602, 35.500000000577]}, "properties": {"p_logistic": 0.49822837114334106, "p_rf": 0.6880000233650208, "p_xgb": 0.9917889833450317, "date": "2026-10-08"}}, {"type": "Feature", "geometry": {"type": "Point", "coordinates": [-82.45000000170302, 35.500000000577]}, "properties": {"p_logistic": 0.4908483028411865, "p_rf": 0.6840000152587891, "p_xgb": 0.9894711971282959, "date": "2026-10-08"}}, {"type": "Feature", "geometry": {"type": "Point", "coordinates": [-82.44166666837002, 35.500000000577]}, "properties": {"p_logistic": 0.48162391781806946, "p_rf": 0.6620000004768372, "p_xgb": 0.9945700764656067, "date": "2026-10-08"}}, {"type": "Feature", "geometry": {"type": "Point", "coordinates": [-82.43333333503702, 35.500000000577]}, "properties": {"p_logistic": 0.4906672239303589, "p_rf": 0.7120000123977661, "p_xgb": 0.9959318041801453, "date": "2026-10-08"}}, {"type": "Feature", "geometry": {"type": "Point", "coordinates": [-82.42500000170402, 35.500000000577]}, "properties": {"p_logistic": 0.4978441596031189, "p_rf": 0.7020000219345093, "p_xgb": 0.9924150109291077, "date": "2026-10-08"}}, {"type": "Feature", "geometry": {"type": "Point", "coordinates": [-82.41666666837102, 35.500000000577]}, "properties": {"p_logistic": 0.5011523962020874, "p_rf": 0.7020000219345093, "p_xgb": 0.9932109713554382, "date": "2026-10-08"}}, {"type": "Feature", "geometry": {"type": "Point", "coordinates": [-82.40833333503801, 35.500000000577]}, "properties": {"p_logistic": 0.5023568272590637, "p_rf": 0.7020000219345093, "p_xgb": 0.9932109713554382, "date": "2026-10-08"}}, {"type": "Feature", "geometry": {"type": "Point", "coordinates": [-82.40000000170502, 35.500000000577]}, "properties": {"p_logistic": 0.49775320291519165, "p_rf": 0.7020000219345093, "p_xgb": 0.9891536831855774, "date": "2026-10-08"}}, {"type": "Feature", "geometry": {"type": "Point", "coordinates": [-82.39166666837201, 35.500000000577]}, "properties": {"p_logistic": 0.49130386114120483, "p_rf": 0.6620000004768372, "p_xgb": 0.987511396408081, "date": "2026-10-08"}}, {"type": "Feature", "geometry": {"type": "Point", "coordinates": [-82.38333333503903, 35.500000000577]}, "properties": {"p_logistic": 0.4808301627635956, "p_rf": 0.7099999785423279, "p_xgb": 0.9927815794944763, "date": "2026-10-08"}}, {"type": "Feature", "geometry": {"type": "Point", "coordinates": [-82.37500000170601, 35.500000000577]}, "properties": {"p_logistic": 0.47189730405807495, "p_rf": 0.7179999947547913, "p_xgb": 0.9924196600914001, "date": "2026-10-08"}}, {"type": "Feature", "geometry": {"type": "Point", "coordinates": [-82.36666666837301, 35.500000000577]}, "properties": {"p_logistic": 0.4613897204399109, "p_rf": 0.6919999718666077, "p_xgb": 0.9902368187904358, "date": "2026-10-08"}}, {"type": "Feature", "geometry": {"type": "Point", "coordinates": [-82.35833333504002, 35.500000000577]}, "properties": {"p_logistic": 0.4712103307247162, "p_rf": 0.7020000219345093, "p_xgb": 0.9913676381111145, "date": "2026-10-08"}}, {"type": "Feature", "geometry": {"type": "Point", "coordinates": [-82.35000000170702, 35.500000000577]}, "properties": {"p_logistic": 0.47919902205467224, "p_rf": 0.7080000042915344, "p_xgb": 0.9871728420257568, "date": "2026-10-08"}}, {"type": "Feature", "geometry": {"type": "Point", "coordinates": [-82.34166666837402, 35.500000000577]}, "properties": {"p_logistic": 0.48285841941833496, "p_rf": 0.7699999809265137, "p_xgb": 0.9939578771591187, "date": "2026-10-08"}}, {"type": "Feature", "geometry": {"type": "Point", "coordinates": [-82.32500000170802, 35.500000000577]}, "properties": {"p_logistic": 0.5027315616607666, "p_rf": 0.4580000042915344, "p_xgb": 0.9877270460128784, "date": "2026-10-08"}}, {"type": "Feature", "geometry": {"type": "Point", "coordinates": [-82.31666666837502, 35.500000000577]}, "properties": {"p_logistic": 0.5184633731842041, "p_rf": 0.4560000002384186, "p_xgb": 0.9869965314865112, "date": "2026-10-08"}}, {"type": "Feature", "geometry": {"type": "Point", "coordinates": [-82.30833333504202, 35.500000000577]}, "properties": {"p_logistic": 0.5328583121299744, "p_rf": 0.5099999904632568, "p_xgb": 0.9874118566513062, "date": "2026-10-08"}}, {"type": "Feature", "geometry": {"type": "Point", "coordinates": [-82.30000000170901, 35.500000000577]}, "properties": {"p_logistic": 0.5435666441917419, "p_rf": 0.5019999742507935, "p_xgb": 0.9490692019462585, "date": "2026-10-08"}}, {"type": "Feature", "geometry": {"type": "Point", "coordinates": [-82.29166666837602, 35.500000000577]}, "properties": {"p_logistic": 0.5523172616958618, "p_rf": 0.515999972820282, "p_xgb": 0.9469351768493652, "date": "2026-10-08"}}, {"type": "Feature", "geometry": {"type": "Point", "coordinates": [-82.28333333504301, 35.500000000577]}, "properties": {"p_logistic": 0.5632948875427246, "p_rf": 0.5199999809265137, "p_xgb": 0.9439436197280884, "date": "2026-10-08"}}, {"type": "Feature", "geometry": {"type": "Point", "coordinates": [-82.27500000171003, 35.500000000577]}, "properties": {"p_logistic": 0.5781034827232361, "p_rf": 0.5199999809265137, "p_xgb": 0.9488983750343323, "date": "2026-10-08"}}, {"type": "Feature", "geometry": {"type": "Point", "coordinates": [-82.26666666837701, 35.500000000577]}, "properties": {"p_logistic": 0.5934634208679199, "p_rf": 0.5180000066757202, "p_xgb": 0.7958588004112244, "date": "2026-10-08"}}, {"type": "Feature", "geometry": {"type": "Point", "coordinates": [-82.25833333504401, 35.500000000577]}, "properties": {"p_logistic": 0.6038384437561035, "p_rf": 0.5519999861717224, "p_xgb": 0.7668891549110413, "date": "2026-10-08"}}, {"type": "Feature", "geometry": {"type": "Point", "coordinates": [-82.25000000171102, 35.500000000577]}, "properties": {"p_logistic": 0.6115530729293823, "p_rf": 0.5839999914169312, "p_xgb": 0.8447144031524658, "date": "2026-10-08"}}, {"type": "Feature", "geometry": {"type": "Point", "coordinates": [-82.24166666837802, 35.500000000577]}, "properties": {"p_logistic": 0.6200476288795471, "p_rf": 0.7400000095367432, "p_xgb": 0.9398539066314697, "date": "2026-10-08"}}, {"type": "Feature", "geometry": {"type": "Point", "coordinates": [-82.23333333504502, 35.500000000577]}, "properties": {"p_logistic": 0.6314130425453186, "p_rf": 0.7860000133514404, "p_xgb": 0.9003008604049683, "date": "2026-10-08"}}, {"type": "Feature", "geometry": {"type": "Point", "coordinates": [-82.22500000171202, 35.500000000577]}, "properties": {"p_logistic": 0.6404403448104858, "p_rf": 0.7919999957084656, "p_xgb": 0.9003008604049683, "date": "2026-10-08"}}, {"type": "Feature", "geometry": {"type": "Point", "coordinates": [-82.78333333502302, 35.491666667244004]}, "properties": {"p_logistic": 0.4783097803592682, "p_rf": 0.8379999995231628, "p_xgb": 0.9965009689331055, "date": "2026-10-08"}}, {"type": "Feature", "geometry": {"type": "Point", "coordinates": [-82.77500000169002, 35.491666667244004]}, "properties": {"p_logistic": 0.4784539043903351, "p_rf": 0.8320000171661377, "p_xgb": 0.9970388412475586, "date": "2026-10-08"}}, {"type": "Feature", "geometry": {"type": "Point", "coordinates": [-82.76666666835702, 35.491666667244004]}, "properties": {"p_logistic": 0.47812312841415405, "p_rf": 0.8180000185966492, "p_xgb": 0.9964273571968079, "date": "2026-10-08"}}, {"type": "Feature", "geometry": {"type": "Point", "coordinates": [-82.75833333502402, 35.491666667244004]}, "properties": {"p_logistic": 0.47608962655067444, "p_rf": 0.6779999732971191, "p_xgb": 0.9681246280670166, "date": "2026-10-08"}}, {"type": "Feature", "geometry": {"type": "Point", "coordinates": [-82.75000000169102, 35.491666667244004]}, "properties": {"p_logistic": 0.4734860360622406, "p_rf": 0.7179999947547913, "p_xgb": 0.9796060919761658, "date": "2026-10-08"}}, {"type": "Feature", "geometry": {"type": "Point", "coordinates": [-82.74166666835802, 35.491666667244004]}, "properties": {"p_logistic": 0.47118449211120605, "p_rf": 0.7039999961853027, "p_xgb": 0.9801806807518005, "date": "2026-10-08"}}, {"type": "Feature", "geometry": {"type": "Point", "coordinates": [-82.73333333502501, 35.491666667244004]}, "properties": {"p_logistic": 0.4713442325592041, "p_rf": 0.7039999961853027, "p_xgb": 0.9801806807518005, "date": "2026-10-08"}}, {"type": "Feature", "geometry": {"type": "Point", "coordinates": [-82.72500000169202, 35.491666667244004]}, "properties": {"p_logistic": 0.4752625524997711, "p_rf": 0.722000002861023, "p_xgb": 0.9736531376838684, "date": "2026-10-08"}}, {"type": "Feature", "geometry": {"type": "Point", "coordinates": [-82.71666666835901, 35.491666667244004]}, "properties": {"p_logistic": 0.47711417078971863, "p_rf": 0.7200000286102295, "p_xgb": 0.9715996980667114, "date": "2026-10-08"}}, {"type": "Feature", "geometry": {"type": "Point", "coordinates": [-82.70833333502603, 35.491666667244004]}, "properties": {"p_logistic": 0.47817814350128174, "p_rf": 0.7179999947547913, "p_xgb": 0.9715996980667114, "date": "2026-10-08"}}, {"type": "Feature", "geometry": {"type": "Point", "coordinates": [-82.70000000169301, 35.491666667244004]}, "properties": {"p_logistic": 0.4801851809024811, "p_rf": 0.7179999947547913, "p_xgb": 0.9715996980667114, "date": "2026-10-08"}}, {"type": "Feature", "geometry": {"type": "Point", "coordinates": [-82.69166666836001, 35.491666667244004]}, "properties": {"p_logistic": 0.4815150201320648, "p_rf": 0.7179999947547913, "p_xgb": 0.979069173336029, "date": "2026-10-08"}}, {"type": "Feature", "geometry": {"type": "Point", "coordinates": [-82.68333333502702, 35.491666667244004]}, "properties": {"p_logistic": 0.48297691345214844, "p_rf": 0.7200000286102295, "p_xgb": 0.979069173336029, "date": "2026-10-08"}}, {"type": "Feature", "geometry": {"type": "Point", "coordinates": [-82.67500000169402, 35.491666667244004]}, "properties": {"p_logistic": 0.4843580722808838, "p_rf": 0.7200000286102295, "p_xgb": 0.9748537540435791, "date": "2026-10-08"}}, {"type": "Feature", "geometry": {"type": "Point", "coordinates": [-82.66666666836102, 35.491666667244004]}, "properties": {"p_logistic": 0.4855023920536041, "p_rf": 0.7200000286102295, "p_xgb": 0.9776021838188171, "date": "2026-10-08"}}, {"type": "Feature", "geometry": {"type": "Point", "coordinates": [-82.65833333502802, 35.491666667244004]}, "properties": {"p_logistic": 0.4869643449783325, "p_rf": 0.722000002861023, "p_xgb": 0.9759745001792908, "date": "2026-10-08"}}, {"type": "Feature", "geometry": {"type": "Point", "coordinates": [-82.65000000169502, 35.491666667244004]}, "properties": {"p_logistic": 0.4889451265335083, "p_rf": 0.722000002861023, "p_xgb": 0.9769774675369263, "date": "2026-10-08"}}, {"type": "Feature", "geometry": {"type": "Point", "coordinates": [-82.64166666836202, 35.491666667244004]}, "properties": {"p_logistic": 0.4911784827709198, "p_rf": 0.722000002861023, "p_xgb": 0.9778578281402588, "date": "2026-10-08"}}, {"type": "Feature", "geometry": {"type": "Point", "coordinates": [-82.63333333502902, 35.491666667244004]}, "properties": {"p_logistic": 0.49342218041419983, "p_rf": 0.722000002861023, "p_xgb": 0.9790005087852478, "date": "2026-10-08"}}, {"type": "Feature", "geometry": {"type": "Point", "coordinates": [-82.62500000169601, 35.491666667244004]}, "properties": {"p_logistic": 0.4953666925430298, "p_rf": 0.7200000286102295, "p_xgb": 0.978392481803894, "date": "2026-10-08"}}, {"type": "Feature", "geometry": {"type": "Point", "coordinates": [-82.61666666836302, 35.491666667244004]}, "properties": {"p_logistic": 0.49628210067749023, "p_rf": 0.7139999866485596, "p_xgb": 0.987708568572998, "date": "2026-10-08"}}, {"type": "Feature", "geometry": {"type": "Point", "coordinates": [-82.60833333503001, 35.491666667244004]}, "properties": {"p_logistic": 0.49508413672447205, "p_rf": 0.6779999732971191, "p_xgb": 0.9634766578674316, "date": "2026-10-08"}}, {"type": "Feature", "geometry": {"type": "Point", "coordinates": [-82.60000000169703, 35.491666667244004]}, "properties": {"p_logistic": 0.49622055888175964, "p_rf": 0.843999981880188, "p_xgb": 0.9929008483886719, "date": "2026-10-08"}}, {"type": "Feature", "geometry": {"type": "Point", "coordinates": [-82.59166666836401, 35.491666667244004]}, "properties": {"p_logistic": 0.49729248881340027, "p_rf": 0.8320000171661377, "p_xgb": 0.9920491576194763, "date": "2026-10-08"}}, {"type": "Feature", "geometry": {"type": "Point", "coordinates": [-82.58333333503101, 35.491666667244004]}, "properties": {"p_logistic": 0.49906694889068604, "p_rf": 0.7519999742507935, "p_xgb": 0.9948902130126953, "date": "2026-10-08"}}, {"type": "Feature", "geometry": {"type": "Point", "coordinates": [-82.57500000169802, 35.491666667244004]}, "properties": {"p_logistic": 0.4998869001865387, "p_rf": 0.6480000019073486, "p_xgb": 0.993236243724823, "date": "2026-10-08"}}, {"type": "Feature", "geometry": {"type": "Point", "coordinates": [-82.56666666836502, 35.491666667244004]}, "properties": {"p_logistic": 0.5036507248878479, "p_rf": 0.6919999718666077, "p_xgb": 0.991619348526001, "date": "2026-10-08"}}, {"type": "Feature", "geometry": {"type": "Point", "coordinates": [-82.55833333503202, 35.491666667244004]}, "properties": {"p_logistic": 0.5107347965240479, "p_rf": 0.6740000247955322, "p_xgb": 0.9823350310325623, "date": "2026-10-08"}}, {"type": "Feature", "geometry": {"type": "Point", "coordinates": [-82.55000000169902, 35.491666667244004]}, "properties": {"p_logistic": 0.5150949954986572, "p_rf": 0.6800000071525574, "p_xgb": 0.9828014969825745, "date": "2026-10-08"}}, {"type": "Feature", "geometry": {"type": "Point", "coordinates": [-82.54166666836602, 35.491666667244004]}, "properties": {"p_logistic": 0.5181460380554199, "p_rf": 0.7020000219345093, "p_xgb": 0.9887771010398865, "date": "2026-10-08"}}, {"type": "Feature", "geometry": {"type": "Point", "coordinates": [-82.53333333503302, 35.491666667244004]}, "properties": {"p_logistic": 0.5197675824165344, "p_rf": 0.7020000219345093, "p_xgb": 0.9887771010398865, "date": "2026-10-08"}}, {"type": "Feature", "geometry": {"type": "Point", "coordinates": [-82.52500000170002, 35.491666667244004]}, "properties": {"p_logistic": 0.5196807980537415, "p_rf": 0.6800000071525574, "p_xgb": 0.9828014969825745, "date": "2026-10-08"}}, {"type": "Feature", "geometry": {"type": "Point", "coordinates": [-82.51666666836701, 35.491666667244004]}, "properties": {"p_logistic": 0.5185868144035339, "p_rf": 0.6620000004768372, "p_xgb": 0.9823350310325623, "date": "2026-10-08"}}, {"type": "Feature", "geometry": {"type": "Point", "coordinates": [-82.50833333503402, 35.491666667244004]}, "properties": {"p_logistic": 0.5159889459609985, "p_rf": 0.6660000085830688, "p_xgb": 0.9823350310325623, "date": "2026-10-08"}}, {"type": "Feature", "geometry": {"type": "Point", "coordinates": [-82.50000000170101, 35.491666667244004]}, "properties": {"p_logistic": 0.5115979909896851, "p_rf": 0.6840000152587891, "p_xgb": 0.9837208986282349, "date": "2026-10-08"}}, {"type": "Feature", "geometry": {"type": "Point", "coordinates": [-82.49166666836803, 35.491666667244004]}, "properties": {"p_logistic": 0.5068164467811584, "p_rf": 0.7120000123977661, "p_xgb": 0.9837208986282349, "date": "2026-10-08"}}, {"type": "Feature", "geometry": {"type": "Point", "coordinates": [-82.48333333503501, 35.491666667244004]}, "properties": {"p_logistic": 0.5006958842277527, "p_rf": 0.7139999866485596, "p_xgb": 0.9911851286888123, "date": "2026-10-08"}}, {"type": "Feature", "geometry": {"type": "Point", "coordinates": [-82.47500000170201, 35.491666667244004]}, "properties": {"p_logistic": 0.49363067746162415, "p_rf": 0.6859999895095825, "p_xgb": 0.9903152585029602, "date": "2026-10-08"}}, {"type": "Feature", "geometry": {"type": "Point", "coordinates": [-82.46666666836902, 35.491666667244004]}, "properties": {"p_logistic": 0.49086838960647583, "p_rf": 0.6740000247955322, "p_xgb": 0.9886773824691772, "date": "2026-10-08"}}, {"type": "Feature", "geometry": {"type": "Point", "coordinates": [-82.45833333503602, 35.491666667244004]}, "properties": {"p_logistic": 0.48751503229141235, "p_rf": 0.6639999747276306, "p_xgb": 0.9935868978500366, "date": "2026-10-08"}}, {"type": "Feature", "geometry": {"type": "Point", "coordinates": [-82.45000000170302, 35.491666667244004]}, "properties": {"p_logistic": 0.48263901472091675, "p_rf": 0.6460000276565552, "p_xgb": 0.9932305812835693, "date": "2026-10-08"}}, {"type": "Feature", "geometry": {"type": "Point", "coordinates": [-82.44166666837002, 35.491666667244004]}, "properties": {"p_logistic": 0.47370457649230957, "p_rf": 0.6700000166893005, "p_xgb": 0.9934927821159363, "date": "2026-10-08"}}, {"type": "Feature", "geometry": {"type": "Point", "coordinates": [-82.43333333503702, 35.491666667244004]}, "properties": {"p_logistic": 0.47934699058532715, "p_rf": 0.6639999747276306, "p_xgb": 0.9892911314964294, "date": "2026-10-08"}}, {"type": "Feature", "geometry": {"type": "Point", "coordinates": [-82.42500000170402, 35.491666667244004]}, "properties": {"p_logistic": 0.4825020730495453, "p_rf": 0.6840000152587891, "p_xgb": 0.9912206530570984, "date": "2026-10-08"}}, {"type": "Feature", "geometry": {"type": "Point", "coordinates": [-82.41666666837102, 35.491666667244004]}, "properties": {"p_logistic": 0.4851008653640747, "p_rf": 0.699999988079071, "p_xgb": 0.993438184261322, "date": "2026-10-08"}}, {"type": "Feature", "geometry": {"type": "Point", "coordinates": [-82.40833333503801, 35.491666667244004]}, "properties": {"p_logistic": 0.4853249490261078, "p_rf": 0.7139999866485596, "p_xgb": 0.993438184261322, "date": "2026-10-08"}}, {"type": "Feature", "geometry": {"type": "Point", "coordinates": [-82.40000000170502, 35.491666667244004]}, "properties": {"p_logistic": 0.48219841718673706, "p_rf": 0.7139999866485596, "p_xgb": 0.993438184261322, "date": "2026-10-08"}}, {"type": "Feature", "geometry": {"type": "Point", "coordinates": [-82.39166666837201, 35.491666667244004]}, "properties": {"p_logistic": 0.4776453673839569, "p_rf": 0.7139999866485596, "p_xgb": 0.993438184261322, "date": "2026-10-08"}}, {"type": "Feature", "geometry": {"type": "Point", "coordinates": [-82.38333333503903, 35.491666667244004]}, "properties": {"p_logistic": 0.472995787858963, "p_rf": 0.7139999866485596, "p_xgb": 0.993438184261322, "date": "2026-10-08"}}, {"type": "Feature", "geometry": {"type": "Point", "coordinates": [-82.37500000170601, 35.491666667244004]}, "properties": {"p_logistic": 0.466235876083374, "p_rf": 0.7020000219345093, "p_xgb": 0.9910851120948792, "date": "2026-10-08"}}, {"type": "Feature", "geometry": {"type": "Point", "coordinates": [-82.36666666837301, 35.491666667244004]}, "properties": {"p_logistic": 0.45894935727119446, "p_rf": 0.7139999866485596, "p_xgb": 0.9948757290840149, "date": "2026-10-08"}}, {"type": "Feature", "geometry": {"type": "Point", "coordinates": [-82.35833333504002, 35.491666667244004]}, "properties": {"p_logistic": 0.46652746200561523, "p_rf": 0.7020000219345093, "p_xgb": 0.9958049058914185, "date": "2026-10-08"}}, {"type": "Feature", "geometry": {"type": "Point", "coordinates": [-82.35000000170702, 35.491666667244004]}, "properties": {"p_logistic": 0.471903532743454, "p_rf": 0.7139999866485596, "p_xgb": 0.9902163743972778, "date": "2026-10-08"}}, {"type": "Feature", "geometry": {"type": "Point", "coordinates": [-82.34166666837402, 35.491666667244004]}, "properties": {"p_logistic": 0.47637245059013367, "p_rf": 0.7559999823570251, "p_xgb": 0.9968728423118591, "date": "2026-10-08"}}, {"type": "Feature", "geometry": {"type": "Point", "coordinates": [-82.30833333504202, 35.491666667244004]}, "properties": {"p_logistic": 0.5419591665267944, "p_rf": 0.5, "p_xgb": 0.9630103707313538, "date": "2026-10-08"}}, {"type": "Feature", "geometry": {"type": "Point", "coordinates": [-82.30000000170901, 35.491666667244004]}, "properties": {"p_logistic": 0.55697101354599, "p_rf": 0.5320000052452087, "p_xgb": 0.9605581164360046, "date": "2026-10-08"}}, {"type": "Feature", "geometry": {"type": "Point", "coordinates": [-82.29166666837602, 35.491666667244004]}, "properties": {"p_logistic": 0.567837119102478, "p_rf": 0.5180000066757202, "p_xgb": 0.9439436197280884, "date": "2026-10-08"}}, {"type": "Feature", "geometry": {"type": "Point", "coordinates": [-82.28333333504301, 35.491666667244004]}, "properties": {"p_logistic": 0.5800395607948303, "p_rf": 0.5180000066757202, "p_xgb": 0.9454069137573242, "date": "2026-10-08"}}, {"type": "Feature", "geometry": {"type": "Point", "coordinates": [-82.27500000171003, 35.491666667244004]}, "properties": {"p_logistic": 0.5973184108734131, "p_rf": 0.5180000066757202, "p_xgb": 0.9258355498313904, "date": "2026-10-08"}}, {"type": "Feature", "geometry": {"type": "Point", "coordinates": [-82.26666666837701, 35.491666667244004]}, "properties": {"p_logistic": 0.6144616007804871, "p_rf": 0.5659999847412109, "p_xgb": 0.7954695224761963, "date": "2026-10-08"}}, {"type": "Feature", "geometry": {"type": "Point", "coordinates": [-82.25833333504401, 35.491666667244004]}, "properties": {"p_logistic": 0.6259449124336243, "p_rf": 0.7400000095367432, "p_xgb": 0.928803026676178, "date": "2026-10-08"}}, {"type": "Feature", "geometry": {"type": "Point", "coordinates": [-82.25000000171102, 35.491666667244004]}, "properties": {"p_logistic": 0.6334090828895569, "p_rf": 0.7860000133514404, "p_xgb": 0.8821082711219788, "date": "2026-10-08"}}, {"type": "Feature", "geometry": {"type": "Point", "coordinates": [-82.24166666837802, 35.491666667244004]}, "properties": {"p_logistic": 0.6404756903648376, "p_rf": 0.7960000038146973, "p_xgb": 0.8821082711219788, "date": "2026-10-08"}}, {"type": "Feature", "geometry": {"type": "Point", "coordinates": [-82.23333333504502, 35.491666667244004]}, "properties": {"p_logistic": 0.6490258574485779, "p_rf": 0.7940000295639038, "p_xgb": 0.8821082711219788, "date": "2026-10-08"}}, {"type": "Feature", "geometry": {"type": "Point", "coordinates": [-82.79166666835602, 35.483333333911006]}, "properties": {"p_logistic": 0.47887128591537476, "p_rf": 0.828000009059906, "p_xgb": 0.9935818910598755, "date": "2026-10-08"}}, {"type": "Feature", "geometry": {"type": "Point", "coordinates": [-82.78333333502302, 35.483333333911006]}, "properties": {"p_logistic": 0.4789539575576782, "p_rf": 0.8759999871253967, "p_xgb": 0.9983775615692139, "date": "2026-10-08"}}, {"type": "Feature", "geometry": {"type": "Point", "coordinates": [-82.77500000169002, 35.483333333911006]}, "properties": {"p_logistic": 0.47934138774871826, "p_rf": 0.8379999995231628, "p_xgb": 0.9965009689331055, "date": "2026-10-08"}}, {"type": "Feature", "geometry": {"type": "Point", "coordinates": [-82.76666666835702, 35.483333333911006]}, "properties": {"p_logistic": 0.4793025255203247, "p_rf": 0.8320000171661377, "p_xgb": 0.9970388412475586, "date": "2026-10-08"}}, {"type": "Feature", "geometry": {"type": "Point", "coordinates": [-82.75833333502402, 35.483333333911006]}, "properties": {"p_logistic": 0.4776039123535156, "p_rf": 0.8119999766349792, "p_xgb": 0.9964273571968079, "date": "2026-10-08"}}, {"type": "Feature", "geometry": {"type": "Point", "coordinates": [-82.75000000169102, 35.483333333911006]}, "properties": {"p_logistic": 0.4749312400817871, "p_rf": 0.6779999732971191, "p_xgb": 0.9681246280670166, "date": "2026-10-08"}}, {"type": "Feature", "geometry": {"type": "Point", "coordinates": [-82.74166666835802, 35.483333333911006]}, "properties": {"p_logistic": 0.4717260003089905, "p_rf": 0.7139999866485596, "p_xgb": 0.9796060919761658, "date": "2026-10-08"}}, {"type": "Feature", "geometry": {"type": "Point", "coordinates": [-82.73333333502501, 35.483333333911006]}, "properties": {"p_logistic": 0.46999749541282654, "p_rf": 0.7200000286102295, "p_xgb": 0.9801806807518005, "date": "2026-10-08"}}, {"type": "Feature", "geometry": {"type": "Point", "coordinates": [-82.72500000169202, 35.483333333911006]}, "properties": {"p_logistic": 0.47353875637054443, "p_rf": 0.7139999866485596, "p_xgb": 0.9796060919761658, "date": "2026-10-08"}}, {"type": "Feature", "geometry": {"type": "Point", "coordinates": [-82.71666666835901, 35.483333333911006]}, "properties": {"p_logistic": 0.4756505787372589, "p_rf": 0.6859999895095825, "p_xgb": 0.9796060919761658, "date": "2026-10-08"}}, {"type": "Feature", "geometry": {"type": "Point", "coordinates": [-82.70833333502603, 35.483333333911006]}, "properties": {"p_logistic": 0.4765089750289917, "p_rf": 0.6759999990463257, "p_xgb": 0.9681246280670166, "date": "2026-10-08"}}, {"type": "Feature", "geometry": {"type": "Point", "coordinates": [-82.70000000169301, 35.483333333911006]}, "properties": {"p_logistic": 0.4775206446647644, "p_rf": 0.6759999990463257, "p_xgb": 0.9707707762718201, "date": "2026-10-08"}}, {"type": "Feature", "geometry": {"type": "Point", "coordinates": [-82.69166666836001, 35.483333333911006]}, "properties": {"p_logistic": 0.47944724559783936, "p_rf": 0.6859999895095825, "p_xgb": 0.9813174605369568, "date": "2026-10-08"}}, {"type": "Feature", "geometry": {"type": "Point", "coordinates": [-82.68333333502702, 35.483333333911006]}, "properties": {"p_logistic": 0.4807591438293457, "p_rf": 0.7039999961853027, "p_xgb": 0.9799542427062988, "date": "2026-10-08"}}, {"type": "Feature", "geometry": {"type": "Point", "coordinates": [-82.67500000169402, 35.483333333911006]}, "properties": {"p_logistic": 0.4819105863571167, "p_rf": 0.7179999947547913, "p_xgb": 0.980722963809967, "date": "2026-10-08"}}, {"type": "Feature", "geometry": {"type": "Point", "coordinates": [-82.66666666836102, 35.483333333911006]}, "properties": {"p_logistic": 0.4826992154121399, "p_rf": 0.7179999947547913, "p_xgb": 0.980722963809967, "date": "2026-10-08"}}, {"type": "Feature", "geometry": {"type": "Point", "coordinates": [-82.65833333502802, 35.483333333911006]}, "properties": {"p_logistic": 0.48382556438446045, "p_rf": 0.7200000286102295, "p_xgb": 0.9802149534225464, "date": "2026-10-08"}}, {"type": "Feature", "geometry": {"type": "Point", "coordinates": [-82.65000000169502, 35.483333333911006]}, "properties": {"p_logistic": 0.4854980707168579, "p_rf": 0.7200000286102295, "p_xgb": 0.9896440505981445, "date": "2026-10-08"}}, {"type": "Feature", "geometry": {"type": "Point", "coordinates": [-82.64166666836202, 35.483333333911006]}, "properties": {"p_logistic": 0.4874615967273712, "p_rf": 0.7200000286102295, "p_xgb": 0.9896440505981445, "date": "2026-10-08"}}, {"type": "Feature", "geometry": {"type": "Point", "coordinates": [-82.63333333502902, 35.483333333911006]}, "properties": {"p_logistic": 0.4899333119392395, "p_rf": 0.7200000286102295, "p_xgb": 0.9893408417701721, "date": "2026-10-08"}}, {"type": "Feature", "geometry": {"type": "Point", "coordinates": [-82.62500000169601, 35.483333333911006]}, "properties": {"p_logistic": 0.4915163815021515, "p_rf": 0.7179999947547913, "p_xgb": 0.9865409731864929, "date": "2026-10-08"}}, {"type": "Feature", "geometry": {"type": "Point", "coordinates": [-82.61666666836302, 35.483333333911006]}, "properties": {"p_logistic": 0.49061766266822815, "p_rf": 0.6800000071525574, "p_xgb": 0.9634766578674316, "date": "2026-10-08"}}, {"type": "Feature", "geometry": {"type": "Point", "coordinates": [-82.60833333503001, 35.483333333911006]}, "properties": {"p_logistic": 0.4968027174472809, "p_rf": 0.8379999995231628, "p_xgb": 0.9930840730667114, "date": "2026-10-08"}}, {"type": "Feature", "geometry": {"type": "Point", "coordinates": [-82.60000000169703, 35.483333333911006]}, "properties": {"p_logistic": 0.5008517503738403, "p_rf": 0.7680000066757202, "p_xgb": 0.9931584000587463, "date": "2026-10-08"}}, {"type": "Feature", "geometry": {"type": "Point", "coordinates": [-82.59166666836401, 35.483333333911006]}, "properties": {"p_logistic": 0.5025503635406494, "p_rf": 0.6460000276565552, "p_xgb": 0.9948559999465942, "date": "2026-10-08"}}, {"type": "Feature", "geometry": {"type": "Point", "coordinates": [-82.58333333503101, 35.483333333911006]}, "properties": {"p_logistic": 0.502947986125946, "p_rf": 0.6840000152587891, "p_xgb": 0.989759087562561, "date": "2026-10-08"}}, {"type": "Feature", "geometry": {"type": "Point", "coordinates": [-82.57500000169802, 35.483333333911006]}, "properties": {"p_logistic": 0.5021825432777405, "p_rf": 0.7020000219345093, "p_xgb": 0.9837208986282349, "date": "2026-10-08"}}, {"type": "Feature", "geometry": {"type": "Point", "coordinates": [-82.56666666836502, 35.483333333911006]}, "properties": {"p_logistic": 0.5039241313934326, "p_rf": 0.6800000071525574, "p_xgb": 0.9789814352989197, "date": "2026-10-08"}}, {"type": "Feature", "geometry": {"type": "Point", "coordinates": [-82.55833333503202, 35.483333333911006]}, "properties": {"p_logistic": 0.5065503120422363, "p_rf": 0.7020000219345093, "p_xgb": 0.9858927130699158, "date": "2026-10-08"}}, {"type": "Feature", "geometry": {"type": "Point", "coordinates": [-82.55000000169902, 35.483333333911006]}, "properties": {"p_logistic": 0.5070722699165344, "p_rf": 0.7020000219345093, "p_xgb": 0.9840649962425232, "date": "2026-10-08"}}, {"type": "Feature", "geometry": {"type": "Point", "coordinates": [-82.54166666836602, 35.483333333911006]}, "properties": {"p_logistic": 0.5100725293159485, "p_rf": 0.699999988079071, "p_xgb": 0.9840649962425232, "date": "2026-10-08"}}, {"type": "Feature", "geometry": {"type": "Point", "coordinates": [-82.53333333503302, 35.483333333911006]}, "properties": {"p_logistic": 0.513192355632782, "p_rf": 0.7020000219345093, "p_xgb": 0.9858927130699158, "date": "2026-10-08"}}, {"type": "Feature", "geometry": {"type": "Point", "coordinates": [-82.52500000170002, 35.483333333911006]}, "properties": {"p_logistic": 0.5156021118164062, "p_rf": 0.7020000219345093, "p_xgb": 0.9897598624229431, "date": "2026-10-08"}}, {"type": "Feature", "geometry": {"type": "Point", "coordinates": [-82.51666666836701, 35.483333333911006]}, "properties": {"p_logistic": 0.5169910788536072, "p_rf": 0.6940000057220459, "p_xgb": 0.9865590333938599, "date": "2026-10-08"}}, {"type": "Feature", "geometry": {"type": "Point", "coordinates": [-82.50833333503402, 35.483333333911006]}, "properties": {"p_logistic": 0.5136412978172302, "p_rf": 0.6660000085830688, "p_xgb": 0.9823350310325623, "date": "2026-10-08"}}, {"type": "Feature", "geometry": {"type": "Point", "coordinates": [-82.50000000170101, 35.483333333911006]}, "properties": {"p_logistic": 0.5063414573669434, "p_rf": 0.7120000123977661, "p_xgb": 0.9837208986282349, "date": "2026-10-08"}}, {"type": "Feature", "geometry": {"type": "Point", "coordinates": [-82.49166666836803, 35.483333333911006]}, "properties": {"p_logistic": 0.49832749366760254, "p_rf": 0.6940000057220459, "p_xgb": 0.9911851286888123, "date": "2026-10-08"}}, {"type": "Feature", "geometry": {"type": "Point", "coordinates": [-82.48333333503501, 35.483333333911006]}, "properties": {"p_logistic": 0.4912671148777008, "p_rf": 0.6859999895095825, "p_xgb": 0.9910797476768494, "date": "2026-10-08"}}, {"type": "Feature", "geometry": {"type": "Point", "coordinates": [-82.47500000170201, 35.483333333911006]}, "properties": {"p_logistic": 0.48568615317344666, "p_rf": 0.6620000004768372, "p_xgb": 0.9928199648857117, "date": "2026-10-08"}}, {"type": "Feature", "geometry": {"type": "Point", "coordinates": [-82.46666666836902, 35.483333333911006]}, "properties": {"p_logistic": 0.4847448170185089, "p_rf": 0.6480000019073486, "p_xgb": 0.9932305812835693, "date": "2026-10-08"}}, {"type": "Feature", "geometry": {"type": "Point", "coordinates": [-82.45833333503602, 35.483333333911006]}, "properties": {"p_logistic": 0.4821603000164032, "p_rf": 0.6460000276565552, "p_xgb": 0.9926803708076477, "date": "2026-10-08"}}, {"type": "Feature", "geometry": {"type": "Point", "coordinates": [-82.45000000170302, 35.483333333911006]}, "properties": {"p_logistic": 0.4788525402545929, "p_rf": 0.6520000100135803, "p_xgb": 0.993449866771698, "date": "2026-10-08"}}, {"type": "Feature", "geometry": {"type": "Point", "coordinates": [-82.44166666837002, 35.483333333911006]}, "properties": {"p_logistic": 0.47174152731895447, "p_rf": 0.7480000257492065, "p_xgb": 0.990687906742096, "date": "2026-10-08"}}, {"type": "Feature", "geometry": {"type": "Point", "coordinates": [-82.43333333503702, 35.483333333911006]}, "properties": {"p_logistic": 0.4700498878955841, "p_rf": 0.7459999918937683, "p_xgb": 0.9895352721214294, "date": "2026-10-08"}}, {"type": "Feature", "geometry": {"type": "Point", "coordinates": [-82.42500000170402, 35.483333333911006]}, "properties": {"p_logistic": 0.4719734787940979, "p_rf": 0.6480000019073486, "p_xgb": 0.9876261353492737, "date": "2026-10-08"}}, {"type": "Feature", "geometry": {"type": "Point", "coordinates": [-82.41666666837102, 35.483333333911006]}, "properties": {"p_logistic": 0.4731130599975586, "p_rf": 0.6460000276565552, "p_xgb": 0.9876261353492737, "date": "2026-10-08"}}, {"type": "Feature", "geometry": {"type": "Point", "coordinates": [-82.40833333503801, 35.483333333911006]}, "properties": {"p_logistic": 0.473259299993515, "p_rf": 0.6639999747276306, "p_xgb": 0.9900637269020081, "date": "2026-10-08"}}, {"type": "Feature", "geometry": {"type": "Point", "coordinates": [-82.40000000170502, 35.483333333911006]}, "properties": {"p_logistic": 0.4705864191055298, "p_rf": 0.6639999747276306, "p_xgb": 0.9913029670715332, "date": "2026-10-08"}}, {"type": "Feature", "geometry": {"type": "Point", "coordinates": [-82.39166666837201, 35.483333333911006]}, "properties": {"p_logistic": 0.4677239656448364, "p_rf": 0.6740000247955322, "p_xgb": 0.9926179051399231, "date": "2026-10-08"}}, {"type": "Feature", "geometry": {"type": "Point", "coordinates": [-82.38333333503903, 35.483333333911006]}, "properties": {"p_logistic": 0.46552130579948425, "p_rf": 0.6840000152587891, "p_xgb": 0.9936043620109558, "date": "2026-10-08"}}, {"type": "Feature", "geometry": {"type": "Point", "coordinates": [-82.37500000170601, 35.483333333911006]}, "properties": {"p_logistic": 0.4601234197616577, "p_rf": 0.6880000233650208, "p_xgb": 0.9945585131645203, "date": "2026-10-08"}}, {"type": "Feature", "geometry": {"type": "Point", "coordinates": [-82.29166666837602, 35.483333333911006]}, "properties": {"p_logistic": 0.5792985558509827, "p_rf": 0.5180000066757202, "p_xgb": 0.9592275619506836, "date": "2026-10-08"}}, {"type": "Feature", "geometry": {"type": "Point", "coordinates": [-82.28333333504301, 35.483333333911006]}, "properties": {"p_logistic": 0.5923618674278259, "p_rf": 0.5120000243186951, "p_xgb": 0.9488983750343323, "date": "2026-10-08"}}, {"type": "Feature", "geometry": {"type": "Point", "coordinates": [-82.27500000171003, 35.483333333911006]}, "properties": {"p_logistic": 0.6107008457183838, "p_rf": 0.5519999861717224, "p_xgb": 0.8450283408164978, "date": "2026-10-08"}}, {"type": "Feature", "geometry": {"type": "Point", "coordinates": [-82.26666666837701, 35.483333333911006]}, "properties": {"p_logistic": 0.6294631361961365, "p_rf": 0.7400000095367432, "p_xgb": 0.928803026676178, "date": "2026-10-08"}}, {"type": "Feature", "geometry": {"type": "Point", "coordinates": [-82.25833333504401, 35.483333333911006]}, "properties": {"p_logistic": 0.6412694454193115, "p_rf": 0.7960000038146973, "p_xgb": 0.8700307607650757, "date": "2026-10-08"}}, {"type": "Feature", "geometry": {"type": "Point", "coordinates": [-82.25000000171102, 35.483333333911006]}, "properties": {"p_logistic": 0.6485304832458496, "p_rf": 0.7919999957084656, "p_xgb": 0.8700307607650757, "date": "2026-10-08"}}, {"type": "Feature", "geometry": {"type": "Point", "coordinates": [-82.24166666837802, 35.483333333911006]}, "properties": {"p_logistic": 0.6544904112815857, "p_rf": 0.7940000295639038, "p_xgb": 0.895215630531311, "date": "2026-10-08"}}, {"type": "Feature", "geometry": {"type": "Point", "coordinates": [-82.23333333504502, 35.483333333911006]}, "properties": {"p_logistic": 0.6618436574935913, "p_rf": 0.7599999904632568, "p_xgb": 0.8918917179107666, "date": "2026-10-08"}}, {"type": "Feature", "geometry": {"type": "Point", "coordinates": [-82.79166666835602, 35.47500000057801]}, "properties": {"p_logistic": 0.47730642557144165, "p_rf": 0.8180000185966492, "p_xgb": 0.9886025786399841, "date": "2026-10-08"}}, {"type": "Feature", "geometry": {"type": "Point", "coordinates": [-82.78333333502302, 35.47500000057801]}, "properties": {"p_logistic": 0.4783228635787964, "p_rf": 0.8759999871253967, "p_xgb": 0.9976505637168884, "date": "2026-10-08"}}, {"type": "Feature", "geometry": {"type": "Point", "coordinates": [-82.77500000169002, 35.47500000057801]}, "properties": {"p_logistic": 0.478146493434906, "p_rf": 0.8539999723434448, "p_xgb": 0.9957665205001831, "date": "2026-10-08"}}, {"type": "Feature", "geometry": {"type": "Point", "coordinates": [-82.76666666835702, 35.47500000057801]}, "properties": {"p_logistic": 0.4778405725955963, "p_rf": 0.843999981880188, "p_xgb": 0.9960846900939941, "date": "2026-10-08"}}, {"type": "Feature", "geometry": {"type": "Point", "coordinates": [-82.75833333502402, 35.47500000057801]}, "properties": {"p_logistic": 0.4758344888687134, "p_rf": 0.8199999928474426, "p_xgb": 0.9955006241798401, "date": "2026-10-08"}}, {"type": "Feature", "geometry": {"type": "Point", "coordinates": [-82.75000000169102, 35.47500000057801]}, "properties": {"p_logistic": 0.4732525646686554, "p_rf": 0.6779999732971191, "p_xgb": 0.9582453370094299, "date": "2026-10-08"}}, {"type": "Feature", "geometry": {"type": "Point", "coordinates": [-82.74166666835802, 35.47500000057801]}, "properties": {"p_logistic": 0.4690976142883301, "p_rf": 0.7039999961853027, "p_xgb": 0.9715996980667114, "date": "2026-10-08"}}, {"type": "Feature", "geometry": {"type": "Point", "coordinates": [-82.73333333502501, 35.47500000057801]}, "properties": {"p_logistic": 0.46881288290023804, "p_rf": 0.7139999866485596, "p_xgb": 0.9796060919761658, "date": "2026-10-08"}}, {"type": "Feature", "geometry": {"type": "Point", "coordinates": [-82.72500000169202, 35.47500000057801]}, "properties": {"p_logistic": 0.47204113006591797, "p_rf": 0.6759999990463257, "p_xgb": 0.9681246280670166, "date": "2026-10-08"}}, {"type": "Feature", "geometry": {"type": "Point", "coordinates": [-82.71666666835901, 35.47500000057801]}, "properties": {"p_logistic": 0.4748316705226898, "p_rf": 0.6779999732971191, "p_xgb": 0.9681246280670166, "date": "2026-10-08"}}, {"type": "Feature", "geometry": {"type": "Point", "coordinates": [-82.70833333502603, 35.47500000057801]}, "properties": {"p_logistic": 0.4757381081581116, "p_rf": 0.6779999732971191, "p_xgb": 0.9707707762718201, "date": "2026-10-08"}}, {"type": "Feature", "geometry": {"type": "Point", "coordinates": [-82.70000000169301, 35.47500000057801]}, "properties": {"p_logistic": 0.4762099087238312, "p_rf": 0.6779999732971191, "p_xgb": 0.9707707762718201, "date": "2026-10-08"}}, {"type": "Feature", "geometry": {"type": "Point", "coordinates": [-82.69166666836001, 35.47500000057801]}, "properties": {"p_logistic": 0.4768669903278351, "p_rf": 0.6779999732971191, "p_xgb": 0.9686625599861145, "date": "2026-10-08"}}, {"type": "Feature", "geometry": {"type": "Point", "coordinates": [-82.68333333502702, 35.47500000057801]}, "properties": {"p_logistic": 0.47928035259246826, "p_rf": 0.6859999895095825, "p_xgb": 0.980722963809967, "date": "2026-10-08"}}, {"type": "Feature", "geometry": {"type": "Point", "coordinates": [-82.67500000169402, 35.47500000057801]}, "properties": {"p_logistic": 0.4803568422794342, "p_rf": 0.7039999961853027, "p_xgb": 0.980722963809967, "date": "2026-10-08"}}, {"type": "Feature", "geometry": {"type": "Point", "coordinates": [-82.66666666836102, 35.47500000057801]}, "properties": {"p_logistic": 0.48090246319770813, "p_rf": 0.7139999866485596, "p_xgb": 0.9879786968231201, "date": "2026-10-08"}}, {"type": "Feature", "geometry": {"type": "Point", "coordinates": [-82.65833333502802, 35.47500000057801]}, "properties": {"p_logistic": 0.4816639721393585, "p_rf": 0.722000002861023, "p_xgb": 0.9896169900894165, "date": "2026-10-08"}}, {"type": "Feature", "geometry": {"type": "Point", "coordinates": [-82.65000000169502, 35.47500000057801]}, "properties": {"p_logistic": 0.4826865494251251, "p_rf": 0.722000002861023, "p_xgb": 0.9896169900894165, "date": "2026-10-08"}}, {"type": "Feature", "geometry": {"type": "Point", "coordinates": [-82.64166666836202, 35.47500000057801]}, "properties": {"p_logistic": 0.4843555688858032, "p_rf": 0.7179999947547913, "p_xgb": 0.9868887662887573, "date": "2026-10-08"}}, {"type": "Feature", "geometry": {"type": "Point", "coordinates": [-82.63333333502902, 35.47500000057801]}, "properties": {"p_logistic": 0.48611846566200256, "p_rf": 0.7039999961853027, "p_xgb": 0.9803861975669861, "date": "2026-10-08"}}, {"type": "Feature", "geometry": {"type": "Point", "coordinates": [-82.62500000169601, 35.47500000057801]}, "properties": {"p_logistic": 0.4873512089252472, "p_rf": 0.6779999732971191, "p_xgb": 0.959926962852478, "date": "2026-10-08"}}, {"type": "Feature", "geometry": {"type": "Point", "coordinates": [-82.61666666836302, 35.47500000057801]}, "properties": {"p_logistic": 0.49200260639190674, "p_rf": 0.8259999752044678, "p_xgb": 0.9952406883239746, "date": "2026-10-08"}}, {"type": "Feature", "geometry": {"type": "Point", "coordinates": [-82.60833333503001, 35.47500000057801]}, "properties": {"p_logistic": 0.5006939768791199, "p_rf": 0.8059999942779541, "p_xgb": 0.9928942322731018, "date": "2026-10-08"}}, {"type": "Feature", "geometry": {"type": "Point", "coordinates": [-82.60000000169703, 35.47500000057801]}, "properties": {"p_logistic": 0.5057482123374939, "p_rf": 0.6460000276565552, "p_xgb": 0.9958892464637756, "date": "2026-10-08"}}, {"type": "Feature", "geometry": {"type": "Point", "coordinates": [-82.59166666836401, 35.47500000057801]}, "properties": {"p_logistic": 0.5086951851844788, "p_rf": 0.6919999718666077, "p_xgb": 0.9921398758888245, "date": "2026-10-08"}}, {"type": "Feature", "geometry": {"type": "Point", "coordinates": [-82.58333333503101, 35.47500000057801]}, "properties": {"p_logistic": 0.5082260370254517, "p_rf": 0.6759999990463257, "p_xgb": 0.9822263717651367, "date": "2026-10-08"}}, {"type": "Feature", "geometry": {"type": "Point", "coordinates": [-82.57500000169802, 35.47500000057801]}, "properties": {"p_logistic": 0.5063869953155518, "p_rf": 0.7020000219345093, "p_xgb": 0.9842522740364075, "date": "2026-10-08"}}, {"type": "Feature", "geometry": {"type": "Point", "coordinates": [-82.56666666836502, 35.47500000057801]}, "properties": {"p_logistic": 0.5075099468231201, "p_rf": 0.6980000138282776, "p_xgb": 0.9717308878898621, "date": "2026-10-08"}}, {"type": "Feature", "geometry": {"type": "Point", "coordinates": [-82.55833333503202, 35.47500000057801]}, "properties": {"p_logistic": 0.509760856628418, "p_rf": 0.699999988079071, "p_xgb": 0.9758132696151733, "date": "2026-10-08"}}, {"type": "Feature", "geometry": {"type": "Point", "coordinates": [-82.55000000169902, 35.47500000057801]}, "properties": {"p_logistic": 0.5109680891036987, "p_rf": 0.7139999866485596, "p_xgb": 0.9758132696151733, "date": "2026-10-08"}}, {"type": "Feature", "geometry": {"type": "Point", "coordinates": [-82.54166666836602, 35.47500000057801]}, "properties": {"p_logistic": 0.5089137554168701, "p_rf": 0.699999988079071, "p_xgb": 0.9758132696151733, "date": "2026-10-08"}}, {"type": "Feature", "geometry": {"type": "Point", "coordinates": [-82.53333333503302, 35.47500000057801]}, "properties": {"p_logistic": 0.5075311064720154, "p_rf": 0.6980000138282776, "p_xgb": 0.9821894764900208, "date": "2026-10-08"}}, {"type": "Feature", "geometry": {"type": "Point", "coordinates": [-82.52500000170002, 35.47500000057801]}, "properties": {"p_logistic": 0.5108749866485596, "p_rf": 0.7039999961853027, "p_xgb": 0.9864529967308044, "date": "2026-10-08"}}, {"type": "Feature", "geometry": {"type": "Point", "coordinates": [-82.51666666836701, 35.47500000057801]}, "properties": {"p_logistic": 0.5146430730819702, "p_rf": 0.7020000219345093, "p_xgb": 0.9887771010398865, "date": "2026-10-08"}}, {"type": "Feature", "geometry": {"type": "Point", "coordinates": [-82.50833333503402, 35.47500000057801]}, "properties": {"p_logistic": 0.513171374797821, "p_rf": 0.6759999990463257, "p_xgb": 0.9823350310325623, "date": "2026-10-08"}}, {"type": "Feature", "geometry": {"type": "Point", "coordinates": [-82.50000000170101, 35.47500000057801]}, "properties": {"p_logistic": 0.505217969417572, "p_rf": 0.7099999785423279, "p_xgb": 0.9837208986282349, "date": "2026-10-08"}}, {"type": "Feature", "geometry": {"type": "Point", "coordinates": [-82.49166666836803, 35.47500000057801]}, "properties": {"p_logistic": 0.49603599309921265, "p_rf": 0.6919999718666077, "p_xgb": 0.9911851286888123, "date": "2026-10-08"}}, {"type": "Feature", "geometry": {"type": "Point", "coordinates": [-82.48333333503501, 35.47500000057801]}, "properties": {"p_logistic": 0.4883081912994385, "p_rf": 0.6840000152587891, "p_xgb": 0.9910797476768494, "date": "2026-10-08"}}, {"type": "Feature", "geometry": {"type": "Point", "coordinates": [-82.47500000170201, 35.47500000057801]}, "properties": {"p_logistic": 0.48365792632102966, "p_rf": 0.6639999747276306, "p_xgb": 0.9938109517097473, "date": "2026-10-08"}}, {"type": "Feature", "geometry": {"type": "Point", "coordinates": [-82.46666666836902, 35.47500000057801]}, "properties": {"p_logistic": 0.4821101427078247, "p_rf": 0.6460000276565552, "p_xgb": 0.9932305812835693, "date": "2026-10-08"}}, {"type": "Feature", "geometry": {"type": "Point", "coordinates": [-82.45833333503602, 35.47500000057801]}, "properties": {"p_logistic": 0.48093828558921814, "p_rf": 0.6480000019073486, "p_xgb": 0.9925132393836975, "date": "2026-10-08"}}, {"type": "Feature", "geometry": {"type": "Point", "coordinates": [-82.45000000170302, 35.47500000057801]}, "properties": {"p_logistic": 0.47781336307525635, "p_rf": 0.656000018119812, "p_xgb": 0.9929637312889099, "date": "2026-10-08"}}, {"type": "Feature", "geometry": {"type": "Point", "coordinates": [-82.44166666837002, 35.47500000057801]}, "properties": {"p_logistic": 0.47202804684638977, "p_rf": 0.7480000257492065, "p_xgb": 0.990687906742096, "date": "2026-10-08"}}, {"type": "Feature", "geometry": {"type": "Point", "coordinates": [-82.43333333503702, 35.47500000057801]}, "properties": {"p_logistic": 0.46464118361473083, "p_rf": 0.7620000243186951, "p_xgb": 0.986575186252594, "date": "2026-10-08"}}, {"type": "Feature", "geometry": {"type": "Point", "coordinates": [-82.42500000170402, 35.47500000057801]}, "properties": {"p_logistic": 0.4647037982940674, "p_rf": 0.7519999742507935, "p_xgb": 0.9897269606590271, "date": "2026-10-08"}}, {"type": "Feature", "geometry": {"type": "Point", "coordinates": [-82.41666666837102, 35.47500000057801]}, "properties": {"p_logistic": 0.4651930630207062, "p_rf": 0.7419999837875366, "p_xgb": 0.9903196096420288, "date": "2026-10-08"}}, {"type": "Feature", "geometry": {"type": "Point", "coordinates": [-82.40833333503801, 35.47500000057801]}, "properties": {"p_logistic": 0.46477317810058594, "p_rf": 0.6499999761581421, "p_xgb": 0.989608108997345, "date": "2026-10-08"}}, {"type": "Feature", "geometry": {"type": "Point", "coordinates": [-82.40000000170502, 35.47500000057801]}, "properties": {"p_logistic": 0.46361392736434937, "p_rf": 0.6480000019073486, "p_xgb": 0.9895135164260864, "date": "2026-10-08"}}, {"type": "Feature", "geometry": {"type": "Point", "coordinates": [-82.39166666837201, 35.47500000057801]}, "properties": {"p_logistic": 0.46065232157707214, "p_rf": 0.6439999938011169, "p_xgb": 0.9941490888595581, "date": "2026-10-08"}}, {"type": "Feature", "geometry": {"type": "Point", "coordinates": [-82.38333333503903, 35.47500000057801]}, "properties": {"p_logistic": 0.45867276191711426, "p_rf": 0.6620000004768372, "p_xgb": 0.9914757013320923, "date": "2026-10-08"}}, {"type": "Feature", "geometry": {"type": "Point", "coordinates": [-82.37500000170601, 35.47500000057801]}, "properties": {"p_logistic": 0.4531612992286682, "p_rf": 0.6700000166893005, "p_xgb": 0.9931361675262451, "date": "2026-10-08"}}, {"type": "Feature", "geometry": {"type": "Point", "coordinates": [-82.27500000171003, 35.47500000057801]}, "properties": {"p_logistic": 0.6173187494277954, "p_rf": 0.5519999861717224, "p_xgb": 0.8607946038246155, "date": "2026-10-08"}}, {"type": "Feature", "geometry": {"type": "Point", "coordinates": [-82.26666666837701, 35.47500000057801]}, "properties": {"p_logistic": 0.6365212798118591, "p_rf": 0.7720000147819519, "p_xgb": 0.928803026676178, "date": "2026-10-08"}}, {"type": "Feature", "geometry": {"type": "Point", "coordinates": [-82.25833333504401, 35.47500000057801]}, "properties": {"p_logistic": 0.6484552621841431, "p_rf": 0.800000011920929, "p_xgb": 0.8700307607650757, "date": "2026-10-08"}}, {"type": "Feature", "geometry": {"type": "Point", "coordinates": [-82.25000000171102, 35.47500000057801]}, "properties": {"p_logistic": 0.6553124785423279, "p_rf": 0.7940000295639038, "p_xgb": 0.8700307607650757, "date": "2026-10-08"}}, {"type": "Feature", "geometry": {"type": "Point", "coordinates": [-82.24166666837802, 35.47500000057801]}, "properties": {"p_logistic": 0.6602711081504822, "p_rf": 0.7639999985694885, "p_xgb": 0.8918917179107666, "date": "2026-10-08"}}, {"type": "Feature", "geometry": {"type": "Point", "coordinates": [-82.79166666835602, 35.46666666724501]}, "properties": {"p_logistic": 0.4750247895717621, "p_rf": 0.8059999942779541, "p_xgb": 0.9889647960662842, "date": "2026-10-08"}}, {"type": "Feature", "geometry": {"type": "Point", "coordinates": [-82.78333333502302, 35.46666666724501]}, "properties": {"p_logistic": 0.4764668047428131, "p_rf": 0.8679999709129333, "p_xgb": 0.9930014610290527, "date": "2026-10-08"}}, {"type": "Feature", "geometry": {"type": "Point", "coordinates": [-82.77500000169002, 35.46666666724501]}, "properties": {"p_logistic": 0.4763176143169403, "p_rf": 0.8679999709129333, "p_xgb": 0.9978988170623779, "date": "2026-10-08"}}, {"type": "Feature", "geometry": {"type": "Point", "coordinates": [-82.76666666835702, 35.46666666724501]}, "properties": {"p_logistic": 0.47449320554733276, "p_rf": 0.8460000157356262, "p_xgb": 0.9959444403648376, "date": "2026-10-08"}}, {"type": "Feature", "geometry": {"type": "Point", "coordinates": [-82.75833333502402, 35.46666666724501]}, "properties": {"p_logistic": 0.47194743156433105, "p_rf": 0.8220000267028809, "p_xgb": 0.9956445693969727, "date": "2026-10-08"}}, {"type": "Feature", "geometry": {"type": "Point", "coordinates": [-82.75000000169102, 35.46666666724501]}, "properties": {"p_logistic": 0.46879228949546814, "p_rf": 0.6779999732971191, "p_xgb": 0.9595330357551575, "date": "2026-10-08"}}, {"type": "Feature", "geometry": {"type": "Point", "coordinates": [-82.74166666835802, 35.46666666724501]}, "properties": {"p_logistic": 0.46563521027565, "p_rf": 0.7039999961853027, "p_xgb": 0.9715742468833923, "date": "2026-10-08"}}, {"type": "Feature", "geometry": {"type": "Point", "coordinates": [-82.73333333502501, 35.46666666724501]}, "properties": {"p_logistic": 0.46913474798202515, "p_rf": 0.6779999732971191, "p_xgb": 0.9582453370094299, "date": "2026-10-08"}}, {"type": "Feature", "geometry": {"type": "Point", "coordinates": [-82.72500000169202, 35.46666666724501]}, "properties": {"p_logistic": 0.471269428730011, "p_rf": 0.6779999732971191, "p_xgb": 0.9681246280670166, "date": "2026-10-08"}}, {"type": "Feature", "geometry": {"type": "Point", "coordinates": [-82.71666666835901, 35.46666666724501]}, "properties": {"p_logistic": 0.47388526797294617, "p_rf": 0.6779999732971191, "p_xgb": 0.9707707762718201, "date": "2026-10-08"}}, {"type": "Feature", "geometry": {"type": "Point", "coordinates": [-82.70833333502603, 35.46666666724501]}, "properties": {"p_logistic": 0.4746461808681488, "p_rf": 0.6779999732971191, "p_xgb": 0.9707707762718201, "date": "2026-10-08"}}, {"type": "Feature", "geometry": {"type": "Point", "coordinates": [-82.70000000169301, 35.46666666724501]}, "properties": {"p_logistic": 0.47507771849632263, "p_rf": 0.6779999732971191, "p_xgb": 0.9686625599861145, "date": "2026-10-08"}}, {"type": "Feature", "geometry": {"type": "Point", "coordinates": [-82.69166666836001, 35.46666666724501]}, "properties": {"p_logistic": 0.4757797122001648, "p_rf": 0.6779999732971191, "p_xgb": 0.969851016998291, "date": "2026-10-08"}}, {"type": "Feature", "geometry": {"type": "Point", "coordinates": [-82.68333333502702, 35.46666666724501]}, "properties": {"p_logistic": 0.4779556095600128, "p_rf": 0.6779999732971191, "p_xgb": 0.969851016998291, "date": "2026-10-08"}}, {"type": "Feature", "geometry": {"type": "Point", "coordinates": [-82.67500000169402, 35.46666666724501]}, "properties": {"p_logistic": 0.4798649549484253, "p_rf": 0.6759999990463257, "p_xgb": 0.9811200499534607, "date": "2026-10-08"}}, {"type": "Feature", "geometry": {"type": "Point", "coordinates": [-82.66666666836102, 35.46666666724501]}, "properties": {"p_logistic": 0.48066940903663635, "p_rf": 0.6759999990463257, "p_xgb": 0.9836776256561279, "date": "2026-10-08"}}, {"type": "Feature", "geometry": {"type": "Point", "coordinates": [-82.65833333502802, 35.46666666724501]}, "properties": {"p_logistic": 0.4809666872024536, "p_rf": 0.6800000071525574, "p_xgb": 0.9836776256561279, "date": "2026-10-08"}}, {"type": "Feature", "geometry": {"type": "Point", "coordinates": [-82.65000000169502, 35.46666666724501]}, "properties": {"p_logistic": 0.48119330406188965, "p_rf": 0.6759999990463257, "p_xgb": 0.9794212579727173, "date": "2026-10-08"}}, {"type": "Feature", "geometry": {"type": "Point", "coordinates": [-82.64166666836202, 35.46666666724501]}, "properties": {"p_logistic": 0.4813288450241089, "p_rf": 0.6779999732971191, "p_xgb": 0.9693302512168884, "date": "2026-10-08"}}, {"type": "Feature", "geometry": {"type": "Point", "coordinates": [-82.63333333502902, 35.46666666724501]}, "properties": {"p_logistic": 0.4826098680496216, "p_rf": 0.6779999732971191, "p_xgb": 0.959926962852478, "date": "2026-10-08"}}, {"type": "Feature", "geometry": {"type": "Point", "coordinates": [-82.62500000169601, 35.46666666724501]}, "properties": {"p_logistic": 0.489792138338089, "p_rf": 0.8460000157356262, "p_xgb": 0.9936332702636719, "date": "2026-10-08"}}, {"type": "Feature", "geometry": {"type": "Point", "coordinates": [-82.61666666836302, 35.46666666724501]}, "properties": {"p_logistic": 0.49746593832969666, "p_rf": 0.8259999752044678, "p_xgb": 0.9920491576194763, "date": "2026-10-08"}}, {"type": "Feature", "geometry": {"type": "Point", "coordinates": [-82.60833333503001, 35.46666666724501]}, "properties": {"p_logistic": 0.5081857442855835, "p_rf": 0.6499999761581421, "p_xgb": 0.9957767128944397, "date": "2026-10-08"}}, {"type": "Feature", "geometry": {"type": "Point", "coordinates": [-82.60000000169703, 35.46666666724501]}, "properties": {"p_logistic": 0.5147742033004761, "p_rf": 0.6919999718666077, "p_xgb": 0.990039050579071, "date": "2026-10-08"}}, {"type": "Feature", "geometry": {"type": "Point", "coordinates": [-82.59166666836401, 35.46666666724501]}, "properties": {"p_logistic": 0.5159038305282593, "p_rf": 0.6660000085830688, "p_xgb": 0.9823350310325623, "date": "2026-10-08"}}, {"type": "Feature", "geometry": {"type": "Point", "coordinates": [-82.58333333503101, 35.46666666724501]}, "properties": {"p_logistic": 0.5147160887718201, "p_rf": 0.7020000219345093, "p_xgb": 0.9897598624229431, "date": "2026-10-08"}}, {"type": "Feature", "geometry": {"type": "Point", "coordinates": [-82.57500000169802, 35.46666666724501]}, "properties": {"p_logistic": 0.5076060891151428, "p_rf": 0.699999988079071, "p_xgb": 0.9840649962425232, "date": "2026-10-08"}}, {"type": "Feature", "geometry": {"type": "Point", "coordinates": [-82.56666666836502, 35.46666666724501]}, "properties": {"p_logistic": 0.5019646286964417, "p_rf": 0.6880000233650208, "p_xgb": 0.9725977778434753, "date": "2026-10-08"}}, {"type": "Feature", "geometry": {"type": "Point", "coordinates": [-82.55833333503202, 35.46666666724501]}, "properties": {"p_logistic": 0.5033283233642578, "p_rf": 0.7139999866485596, "p_xgb": 0.9647092223167419, "date": "2026-10-08"}}, {"type": "Feature", "geometry": {"type": "Point", "coordinates": [-82.55000000169902, 35.46666666724501]}, "properties": {"p_logistic": 0.5055068731307983, "p_rf": 0.7620000243186951, "p_xgb": 0.9718329906463623, "date": "2026-10-08"}}, {"type": "Feature", "geometry": {"type": "Point", "coordinates": [-82.54166666836602, 35.46666666724501]}, "properties": {"p_logistic": 0.5048676133155823, "p_rf": 0.7139999866485596, "p_xgb": 0.977203369140625, "date": "2026-10-08"}}, {"type": "Feature", "geometry": {"type": "Point", "coordinates": [-82.53333333503302, 35.46666666724501]}, "properties": {"p_logistic": 0.5019171833992004, "p_rf": 0.6980000138282776, "p_xgb": 0.9735315442085266, "date": "2026-10-08"}}, {"type": "Feature", "geometry": {"type": "Point", "coordinates": [-82.52500000170002, 35.46666666724501]}, "properties": {"p_logistic": 0.5061336159706116, "p_rf": 0.7059999704360962, "p_xgb": 0.9864529967308044, "date": "2026-10-08"}}, {"type": "Feature", "geometry": {"type": "Point", "coordinates": [-82.51666666836701, 35.46666666724501]}, "properties": {"p_logistic": 0.510743260383606, "p_rf": 0.699999988079071, "p_xgb": 0.988063395023346, "date": "2026-10-08"}}, {"type": "Feature", "geometry": {"type": "Point", "coordinates": [-82.50833333503402, 35.46666666724501]}, "properties": {"p_logistic": 0.5114521980285645, "p_rf": 0.6779999732971191, "p_xgb": 0.9823350310325623, "date": "2026-10-08"}}, {"type": "Feature", "geometry": {"type": "Point", "coordinates": [-82.50000000170101, 35.46666666724501]}, "properties": {"p_logistic": 0.5052655935287476, "p_rf": 0.6759999990463257, "p_xgb": 0.9823350310325623, "date": "2026-10-08"}}, {"type": "Feature", "geometry": {"type": "Point", "coordinates": [-82.49166666836803, 35.46666666724501]}, "properties": {"p_logistic": 0.4969117045402527, "p_rf": 0.7139999866485596, "p_xgb": 0.9837908148765564, "date": "2026-10-08"}}, {"type": "Feature", "geometry": {"type": "Point", "coordinates": [-82.48333333503501, 35.46666666724501]}, "properties": {"p_logistic": 0.48861998319625854, "p_rf": 0.6840000152587891, "p_xgb": 0.9914996027946472, "date": "2026-10-08"}}, {"type": "Feature", "geometry": {"type": "Point", "coordinates": [-82.47500000170201, 35.46666666724501]}, "properties": {"p_logistic": 0.48362860083580017, "p_rf": 0.6660000085830688, "p_xgb": 0.9904059767723083, "date": "2026-10-08"}}, {"type": "Feature", "geometry": {"type": "Point", "coordinates": [-82.46666666836902, 35.46666666724501]}, "properties": {"p_logistic": 0.4817919433116913, "p_rf": 0.6520000100135803, "p_xgb": 0.9934669137001038, "date": "2026-10-08"}}, {"type": "Feature", "geometry": {"type": "Point", "coordinates": [-82.45833333503602, 35.46666666724501]}, "properties": {"p_logistic": 0.4805566072463989, "p_rf": 0.6439999938011169, "p_xgb": 0.9932305812835693, "date": "2026-10-08"}}, {"type": "Feature", "geometry": {"type": "Point", "coordinates": [-82.45000000170302, 35.46666666724501]}, "properties": {"p_logistic": 0.4783199429512024, "p_rf": 0.6499999761581421, "p_xgb": 0.993075966835022, "date": "2026-10-08"}}, {"type": "Feature", "geometry": {"type": "Point", "coordinates": [-82.44166666837002, 35.46666666724501]}, "properties": {"p_logistic": 0.4729563295841217, "p_rf": 0.7459999918937683, "p_xgb": 0.9941611886024475, "date": "2026-10-08"}}, {"type": "Feature", "geometry": {"type": "Point", "coordinates": [-82.43333333503702, 35.46666666724501]}, "properties": {"p_logistic": 0.4654330313205719, "p_rf": 0.7599999904632568, "p_xgb": 0.9875537157058716, "date": "2026-10-08"}}, {"type": "Feature", "geometry": {"type": "Point", "coordinates": [-82.37500000170601, 35.46666666724501]}, "properties": {"p_logistic": 0.458411306142807, "p_rf": 0.6840000152587891, "p_xgb": 0.9883859157562256, "date": "2026-10-08"}}, {"type": "Feature", "geometry": {"type": "Point", "coordinates": [-82.25833333504401, 35.46666666724501]}, "properties": {"p_logistic": 0.6523427963256836, "p_rf": 0.7919999957084656, "p_xgb": 0.8700307607650757, "date": "2026-10-08"}}, {"type": "Feature", "geometry": {"type": "Point", "coordinates": [-82.25000000171102, 35.46666666724501]}, "properties": {"p_logistic": 0.6592074632644653, "p_rf": 0.7639999985694885, "p_xgb": 0.8843048810958862, "date": "2026-10-08"}}, {"type": "Feature", "geometry": {"type": "Point", "coordinates": [-82.78333333502302, 35.458333333912]}, "properties": {"p_logistic": 0.47487887740135193, "p_rf": 0.8180000185966492, "p_xgb": 0.9893641471862793, "date": "2026-10-08"}}, {"type": "Feature", "geometry": {"type": "Point", "coordinates": [-82.77500000169002, 35.458333333912]}, "properties": {"p_logistic": 0.4746754765510559, "p_rf": 0.8659999966621399, "p_xgb": 0.9930014610290527, "date": "2026-10-08"}}, {"type": "Feature", "geometry": {"type": "Point", "coordinates": [-82.76666666835702, 35.458333333912]}, "properties": {"p_logistic": 0.4716833233833313, "p_rf": 0.8700000047683716, "p_xgb": 0.9967072606086731, "date": "2026-10-08"}}, {"type": "Feature", "geometry": {"type": "Point", "coordinates": [-82.75833333502402, 35.458333333912]}, "properties": {"p_logistic": 0.46845510601997375, "p_rf": 0.8320000171661377, "p_xgb": 0.9951897859573364, "date": "2026-10-08"}}, {"type": "Feature", "geometry": {"type": "Point", "coordinates": [-82.75000000169102, 35.458333333912]}, "properties": {"p_logistic": 0.4646865427494049, "p_rf": 0.6819999814033508, "p_xgb": 0.9618580937385559, "date": "2026-10-08"}}, {"type": "Feature", "geometry": {"type": "Point", "coordinates": [-82.74166666835802, 35.458333333912]}, "properties": {"p_logistic": 0.4643806517124176, "p_rf": 0.6779999732971191, "p_xgb": 0.9568074941635132, "date": "2026-10-08"}}, {"type": "Feature", "geometry": {"type": "Point", "coordinates": [-82.73333333502501, 35.458333333912]}, "properties": {"p_logistic": 0.4671558439731598, "p_rf": 0.6779999732971191, "p_xgb": 0.9553979635238647, "date": "2026-10-08"}}, {"type": "Feature", "geometry": {"type": "Point", "coordinates": [-82.72500000169202, 35.458333333912]}, "properties": {"p_logistic": 0.46902528405189514, "p_rf": 0.6779999732971191, "p_xgb": 0.9699715375900269, "date": "2026-10-08"}}, {"type": "Feature", "geometry": {"type": "Point", "coordinates": [-82.71666666835901, 35.458333333912]}, "properties": {"p_logistic": 0.4705575406551361, "p_rf": 0.6779999732971191, "p_xgb": 0.9724687933921814, "date": "2026-10-08"}}, {"type": "Feature", "geometry": {"type": "Point", "coordinates": [-82.70833333502603, 35.458333333912]}, "properties": {"p_logistic": 0.472115159034729, "p_rf": 0.6779999732971191, "p_xgb": 0.972366988658905, "date": "2026-10-08"}}, {"type": "Feature", "geometry": {"type": "Point", "coordinates": [-82.70000000169301, 35.458333333912]}, "properties": {"p_logistic": 0.4728546738624573, "p_rf": 0.6779999732971191, "p_xgb": 0.9686625599861145, "date": "2026-10-08"}}, {"type": "Feature", "geometry": {"type": "Point", "coordinates": [-82.69166666836001, 35.458333333912]}, "properties": {"p_logistic": 0.47430646419525146, "p_rf": 0.6779999732971191, "p_xgb": 0.969851016998291, "date": "2026-10-08"}}, {"type": "Feature", "geometry": {"type": "Point", "coordinates": [-82.68333333502702, 35.458333333912]}, "properties": {"p_logistic": 0.4764088988304138, "p_rf": 0.6779999732971191, "p_xgb": 0.9836367964744568, "date": "2026-10-08"}}, {"type": "Feature", "geometry": {"type": "Point", "coordinates": [-82.67500000169402, 35.458333333912]}, "properties": {"p_logistic": 0.4794352352619171, "p_rf": 0.6779999732971191, "p_xgb": 0.9836776256561279, "date": "2026-10-08"}}, {"type": "Feature", "geometry": {"type": "Point", "coordinates": [-82.66666666836102, 35.458333333912]}, "properties": {"p_logistic": 0.4814181625843048, "p_rf": 0.6779999732971191, "p_xgb": 0.9836776256561279, "date": "2026-10-08"}}, {"type": "Feature", "geometry": {"type": "Point", "coordinates": [-82.65833333502802, 35.458333333912]}, "properties": {"p_logistic": 0.4821864366531372, "p_rf": 0.6779999732971191, "p_xgb": 0.9794212579727173, "date": "2026-10-08"}}, {"type": "Feature", "geometry": {"type": "Point", "coordinates": [-82.65000000169502, 35.458333333912]}, "properties": {"p_logistic": 0.4825357496738434, "p_rf": 0.8119999766349792, "p_xgb": 0.9962617754936218, "date": "2026-10-08"}}, {"type": "Feature", "geometry": {"type": "Point", "coordinates": [-82.64166666836202, 35.458333333912]}, "properties": {"p_logistic": 0.48265525698661804, "p_rf": 0.8220000267028809, "p_xgb": 0.9939873218536377, "date": "2026-10-08"}}, {"type": "Feature", "geometry": {"type": "Point", "coordinates": [-82.63333333502902, 35.458333333912]}, "properties": {"p_logistic": 0.48726654052734375, "p_rf": 0.8379999995231628, "p_xgb": 0.9871219992637634, "date": "2026-10-08"}}, {"type": "Feature", "geometry": {"type": "Point", "coordinates": [-82.62500000169601, 35.458333333912]}, "properties": {"p_logistic": 0.49775344133377075, "p_rf": 0.8059999942779541, "p_xgb": 0.993057131767273, "date": "2026-10-08"}}, {"type": "Feature", "geometry": {"type": "Point", "coordinates": [-82.61666666836302, 35.458333333912]}, "properties": {"p_logistic": 0.5106257796287537, "p_rf": 0.6480000019073486, "p_xgb": 0.995895266532898, "date": "2026-10-08"}}, {"type": "Feature", "geometry": {"type": "Point", "coordinates": [-82.60833333503001, 35.458333333912]}, "properties": {"p_logistic": 0.5222923755645752, "p_rf": 0.7139999866485596, "p_xgb": 0.9890050292015076, "date": "2026-10-08"}}, {"type": "Feature", "geometry": {"type": "Point", "coordinates": [-82.60000000169703, 35.458333333912]}, "properties": {"p_logistic": 0.5258057713508606, "p_rf": 0.6940000057220459, "p_xgb": 0.984148383140564, "date": "2026-10-08"}}, {"type": "Feature", "geometry": {"type": "Point", "coordinates": [-82.59166666836401, 35.458333333912]}, "properties": {"p_logistic": 0.521665096282959, "p_rf": 0.7020000219345093, "p_xgb": 0.9899510741233826, "date": "2026-10-08"}}, {"type": "Feature", "geometry": {"type": "Point", "coordinates": [-82.58333333503101, 35.458333333912]}, "properties": {"p_logistic": 0.5169498920440674, "p_rf": 0.6980000138282776, "p_xgb": 0.9684500694274902, "date": "2026-10-08"}}, {"type": "Feature", "geometry": {"type": "Point", "coordinates": [-82.57500000169802, 35.458333333912]}, "properties": {"p_logistic": 0.5072032809257507, "p_rf": 0.6880000233650208, "p_xgb": 0.9735315442085266, "date": "2026-10-08"}}, {"type": "Feature", "geometry": {"type": "Point", "coordinates": [-82.56666666836502, 35.458333333912]}, "properties": {"p_logistic": 0.49989572167396545, "p_rf": 0.6980000138282776, "p_xgb": 0.977203369140625, "date": "2026-10-08"}}, {"type": "Feature", "geometry": {"type": "Point", "coordinates": [-82.55833333503202, 35.458333333912]}, "properties": {"p_logistic": 0.49676570296287537, "p_rf": 0.7599999904632568, "p_xgb": 0.9674209952354431, "date": "2026-10-08"}}, {"type": "Feature", "geometry": {"type": "Point", "coordinates": [-82.55000000169902, 35.458333333912]}, "properties": {"p_logistic": 0.4942501485347748, "p_rf": 0.75, "p_xgb": 0.9664620161056519, "date": "2026-10-08"}}, {"type": "Feature", "geometry": {"type": "Point", "coordinates": [-82.54166666836602, 35.458333333912]}, "properties": {"p_logistic": 0.49538201093673706, "p_rf": 0.7020000219345093, "p_xgb": 0.9586650729179382, "date": "2026-10-08"}}, {"type": "Feature", "geometry": {"type": "Point", "coordinates": [-82.53333333503302, 35.458333333912]}, "properties": {"p_logistic": 0.49643343687057495, "p_rf": 0.6980000138282776, "p_xgb": 0.9845596551895142, "date": "2026-10-08"}}, {"type": "Feature", "geometry": {"type": "Point", "coordinates": [-82.52500000170002, 35.458333333912]}, "properties": {"p_logistic": 0.5010038018226624, "p_rf": 0.7020000219345093, "p_xgb": 0.9842522740364075, "date": "2026-10-08"}}, {"type": "Feature", "geometry": {"type": "Point", "coordinates": [-82.51666666836701, 35.458333333912]}, "properties": {"p_logistic": 0.505749523639679, "p_rf": 0.6759999990463257, "p_xgb": 0.9823350310325623, "date": "2026-10-08"}}, {"type": "Feature", "geometry": {"type": "Point", "coordinates": [-82.50833333503402, 35.458333333912]}, "properties": {"p_logistic": 0.5075189471244812, "p_rf": 0.6639999747276306, "p_xgb": 0.9823350310325623, "date": "2026-10-08"}}, {"type": "Feature", "geometry": {"type": "Point", "coordinates": [-82.50000000170101, 35.458333333912]}, "properties": {"p_logistic": 0.5044423341751099, "p_rf": 0.6740000247955322, "p_xgb": 0.9823350310325623, "date": "2026-10-08"}}, {"type": "Feature", "geometry": {"type": "Point", "coordinates": [-82.49166666836803, 35.458333333912]}, "properties": {"p_logistic": 0.49800950288772583, "p_rf": 0.7120000123977661, "p_xgb": 0.9837208986282349, "date": "2026-10-08"}}, {"type": "Feature", "geometry": {"type": "Point", "coordinates": [-82.48333333503501, 35.458333333912]}, "properties": {"p_logistic": 0.4909040629863739, "p_rf": 0.699999988079071, "p_xgb": 0.9911851286888123, "date": "2026-10-08"}}, {"type": "Feature", "geometry": {"type": "Point", "coordinates": [-82.47500000170201, 35.458333333912]}, "properties": {"p_logistic": 0.4838157296180725, "p_rf": 0.6880000233650208, "p_xgb": 0.9910797476768494, "date": "2026-10-08"}}, {"type": "Feature", "geometry": {"type": "Point", "coordinates": [-82.46666666836902, 35.458333333912]}, "properties": {"p_logistic": 0.4793853461742401, "p_rf": 0.6620000004768372, "p_xgb": 0.9945700764656067, "date": "2026-10-08"}}, {"type": "Feature", "geometry": {"type": "Point", "coordinates": [-82.45833333503602, 35.458333333912]}, "properties": {"p_logistic": 0.4774938225746155, "p_rf": 0.6480000019073486, "p_xgb": 0.9942680597305298, "date": "2026-10-08"}}, {"type": "Feature", "geometry": {"type": "Point", "coordinates": [-82.45000000170302, 35.458333333912]}, "properties": {"p_logistic": 0.4759952127933502, "p_rf": 0.6460000276565552, "p_xgb": 0.9942680597305298, "date": "2026-10-08"}}, {"type": "Feature", "geometry": {"type": "Point", "coordinates": [-82.78333333502302, 35.450000000579]}, "properties": {"p_logistic": 0.47480031847953796, "p_rf": 0.7599999904632568, "p_xgb": 0.9877803325653076, "date": "2026-10-08"}}, {"type": "Feature", "geometry": {"type": "Point", "coordinates": [-82.77500000169002, 35.450000000579]}, "properties": {"p_logistic": 0.4731576144695282, "p_rf": 0.8040000200271606, "p_xgb": 0.9881855249404907, "date": "2026-10-08"}}, {"type": "Feature", "geometry": {"type": "Point", "coordinates": [-82.76666666835702, 35.450000000579]}, "properties": {"p_logistic": 0.4693033993244171, "p_rf": 0.8679999709129333, "p_xgb": 0.993255615234375, "date": "2026-10-08"}}, {"type": "Feature", "geometry": {"type": "Point", "coordinates": [-82.75833333502402, 35.450000000579]}, "properties": {"p_logistic": 0.4650559723377228, "p_rf": 0.8420000076293945, "p_xgb": 0.9913149476051331, "date": "2026-10-08"}}, {"type": "Feature", "geometry": {"type": "Point", "coordinates": [-82.75000000169102, 35.450000000579]}, "properties": {"p_logistic": 0.461124986410141, "p_rf": 0.8140000104904175, "p_xgb": 0.9907591342926025, "date": "2026-10-08"}}, {"type": "Feature", "geometry": {"type": "Point", "coordinates": [-82.74166666835802, 35.450000000579]}, "properties": {"p_logistic": 0.4614337980747223, "p_rf": 0.6779999732971191, "p_xgb": 0.93002849817276, "date": "2026-10-08"}}, {"type": "Feature", "geometry": {"type": "Point", "coordinates": [-82.73333333502501, 35.450000000579]}, "properties": {"p_logistic": 0.46398353576660156, "p_rf": 0.8059999942779541, "p_xgb": 0.9706752896308899, "date": "2026-10-08"}}, {"type": "Feature", "geometry": {"type": "Point", "coordinates": [-82.72500000169202, 35.450000000579]}, "properties": {"p_logistic": 0.4647741913795471, "p_rf": 0.6819999814033508, "p_xgb": 0.9645566344261169, "date": "2026-10-08"}}, {"type": "Feature", "geometry": {"type": "Point", "coordinates": [-82.71666666835901, 35.450000000579]}, "properties": {"p_logistic": 0.46611207723617554, "p_rf": 0.6779999732971191, "p_xgb": 0.9674890637397766, "date": "2026-10-08"}}, {"type": "Feature", "geometry": {"type": "Point", "coordinates": [-82.64166666836202, 35.450000000579]}, "properties": {"p_logistic": 0.485504150390625, "p_rf": 0.8740000128746033, "p_xgb": 0.9960916638374329, "date": "2026-10-08"}}, {"type": "Feature", "geometry": {"type": "Point", "coordinates": [-82.63333333502902, 35.450000000579]}, "properties": {"p_logistic": 0.4913252890110016, "p_rf": 0.8180000185966492, "p_xgb": 0.9959486126899719, "date": "2026-10-08"}}, {"type": "Feature", "geometry": {"type": "Point", "coordinates": [-82.62500000169601, 35.450000000579]}, "properties": {"p_logistic": 0.5070838332176208, "p_rf": 0.6499999761581421, "p_xgb": 0.9959325194358826, "date": "2026-10-08"}}, {"type": "Feature", "geometry": {"type": "Point", "coordinates": [-82.61666666836302, 35.450000000579]}, "properties": {"p_logistic": 0.5215056538581848, "p_rf": 0.7139999866485596, "p_xgb": 0.9817009568214417, "date": "2026-10-08"}}, {"type": "Feature", "geometry": {"type": "Point", "coordinates": [-82.60833333503001, 35.450000000579]}, "properties": {"p_logistic": 0.5274989604949951, "p_rf": 0.6779999732971191, "p_xgb": 0.982846200466156, "date": "2026-10-08"}}, {"type": "Feature", "geometry": {"type": "Point", "coordinates": [-82.60000000169703, 35.450000000579]}, "properties": {"p_logistic": 0.5259530544281006, "p_rf": 0.699999988079071, "p_xgb": 0.9872995018959045, "date": "2026-10-08"}}, {"type": "Feature", "geometry": {"type": "Point", "coordinates": [-82.59166666836401, 35.450000000579]}, "properties": {"p_logistic": 0.5179755091667175, "p_rf": 0.6919999718666077, "p_xgb": 0.9684500694274902, "date": "2026-10-08"}}, {"type": "Feature", "geometry": {"type": "Point", "coordinates": [-82.58333333503101, 35.450000000579]}, "properties": {"p_logistic": 0.5117179155349731, "p_rf": 0.6880000233650208, "p_xgb": 0.9727020859718323, "date": "2026-10-08"}}, {"type": "Feature", "geometry": {"type": "Point", "coordinates": [-82.57500000169802, 35.450000000579]}, "properties": {"p_logistic": 0.5040881633758545, "p_rf": 0.6880000233650208, "p_xgb": 0.9743247628211975, "date": "2026-10-08"}}, {"type": "Feature", "geometry": {"type": "Point", "coordinates": [-82.56666666836502, 35.450000000579]}, "properties": {"p_logistic": 0.4972529709339142, "p_rf": 0.6980000138282776, "p_xgb": 0.9741678237915039, "date": "2026-10-08"}}, {"type": "Feature", "geometry": {"type": "Point", "coordinates": [-82.55833333503202, 35.450000000579]}, "properties": {"p_logistic": 0.49617812037467957, "p_rf": 0.7120000123977661, "p_xgb": 0.965739369392395, "date": "2026-10-08"}}, {"type": "Feature", "geometry": {"type": "Point", "coordinates": [-82.55000000169902, 35.450000000579]}, "properties": {"p_logistic": 0.4935981333255768, "p_rf": 0.7099999785423279, "p_xgb": 0.965739369392395, "date": "2026-10-08"}}, {"type": "Feature", "geometry": {"type": "Point", "coordinates": [-82.54166666836602, 35.450000000579]}, "properties": {"p_logistic": 0.4928359389305115, "p_rf": 0.6959999799728394, "p_xgb": 0.9566673040390015, "date": "2026-10-08"}}, {"type": "Feature", "geometry": {"type": "Point", "coordinates": [-82.53333333503302, 35.450000000579]}, "properties": {"p_logistic": 0.49538496136665344, "p_rf": 0.7039999961853027, "p_xgb": 0.9886688590049744, "date": "2026-10-08"}}, {"type": "Feature", "geometry": {"type": "Point", "coordinates": [-82.52500000170002, 35.450000000579]}, "properties": {"p_logistic": 0.5000726580619812, "p_rf": 0.6620000004768372, "p_xgb": 0.9737470746040344, "date": "2026-10-08"}}, {"type": "Feature", "geometry": {"type": "Point", "coordinates": [-82.51666666836701, 35.450000000579]}, "properties": {"p_logistic": 0.502246081829071, "p_rf": 0.6740000247955322, "p_xgb": 0.9823350310325623, "date": "2026-10-08"}}, {"type": "Feature", "geometry": {"type": "Point", "coordinates": [-82.50833333503402, 35.450000000579]}, "properties": {"p_logistic": 0.504486083984375, "p_rf": 0.6740000247955322, "p_xgb": 0.9823350310325623, "date": "2026-10-08"}}, {"type": "Feature", "geometry": {"type": "Point", "coordinates": [-82.50000000170101, 35.450000000579]}, "properties": {"p_logistic": 0.5036194920539856, "p_rf": 0.6759999990463257, "p_xgb": 0.9822263717651367, "date": "2026-10-08"}}, {"type": "Feature", "geometry": {"type": "Point", "coordinates": [-82.49166666836803, 35.450000000579]}, "properties": {"p_logistic": 0.4997790455818176, "p_rf": 0.7099999785423279, "p_xgb": 0.9837208986282349, "date": "2026-10-08"}}, {"type": "Feature", "geometry": {"type": "Point", "coordinates": [-82.48333333503501, 35.450000000579]}, "properties": {"p_logistic": 0.49143144488334656, "p_rf": 0.7139999866485596, "p_xgb": 0.9837908148765564, "date": "2026-10-08"}}, {"type": "Feature", "geometry": {"type": "Point", "coordinates": [-82.47500000170201, 35.450000000579]}, "properties": {"p_logistic": 0.4832690954208374, "p_rf": 0.6859999895095825, "p_xgb": 0.9914996027946472, "date": "2026-10-08"}}, {"type": "Feature", "geometry": {"type": "Point", "coordinates": [-82.46666666836902, 35.450000000579]}, "properties": {"p_logistic": 0.4748656153678894, "p_rf": 0.6660000085830688, "p_xgb": 0.9904059767723083, "date": "2026-10-08"}}, {"type": "Feature", "geometry": {"type": "Point", "coordinates": [-82.45833333503602, 35.450000000579]}, "properties": {"p_logistic": 0.47039011120796204, "p_rf": 0.6520000100135803, "p_xgb": 0.9942680597305298, "date": "2026-10-08"}}, {"type": "Feature", "geometry": {"type": "Point", "coordinates": [-82.77500000169002, 35.441666667246004]}, "properties": {"p_logistic": 0.4672839045524597, "p_rf": 0.800000011920929, "p_xgb": 0.9932042360305786, "date": "2026-10-08"}}, {"type": "Feature", "geometry": {"type": "Point", "coordinates": [-82.76666666835702, 35.441666667246004]}, "properties": {"p_logistic": 0.46340155601501465, "p_rf": 0.8679999709129333, "p_xgb": 0.9960098266601562, "date": "2026-10-08"}}, {"type": "Feature", "geometry": {"type": "Point", "coordinates": [-82.75833333502402, 35.441666667246004]}, "properties": {"p_logistic": 0.45946288108825684, "p_rf": 0.8399999737739563, "p_xgb": 0.9917324781417847, "date": "2026-10-08"}}, {"type": "Feature", "geometry": {"type": "Point", "coordinates": [-82.75000000169102, 35.441666667246004]}, "properties": {"p_logistic": 0.45537838339805603, "p_rf": 0.8199999928474426, "p_xgb": 0.9911943674087524, "date": "2026-10-08"}}, {"type": "Feature", "geometry": {"type": "Point", "coordinates": [-82.74166666835802, 35.441666667246004]}, "properties": {"p_logistic": 0.456667959690094, "p_rf": 0.8119999766349792, "p_xgb": 0.9907591342926025, "date": "2026-10-08"}}, {"type": "Feature", "geometry": {"type": "Point", "coordinates": [-82.73333333502501, 35.441666667246004]}, "properties": {"p_logistic": 0.45836153626441956, "p_rf": 0.8119999766349792, "p_xgb": 0.9521357417106628, "date": "2026-10-08"}}, {"type": "Feature", "geometry": {"type": "Point", "coordinates": [-82.72500000169202, 35.441666667246004]}, "properties": {"p_logistic": 0.4602721035480499, "p_rf": 0.6779999732971191, "p_xgb": 0.9373254179954529, "date": "2026-10-08"}}, {"type": "Feature", "geometry": {"type": "Point", "coordinates": [-82.62500000169601, 35.441666667246004]}, "properties": {"p_logistic": 0.5132023692131042, "p_rf": 0.6840000152587891, "p_xgb": 0.9906635284423828, "date": "2026-10-08"}}, {"type": "Feature", "geometry": {"type": "Point", "coordinates": [-82.61666666836302, 35.441666667246004]}, "properties": {"p_logistic": 0.522629976272583, "p_rf": 0.6840000152587891, "p_xgb": 0.9811595678329468, "date": "2026-10-08"}}, {"type": "Feature", "geometry": {"type": "Point", "coordinates": [-82.60000000169703, 35.441666667246004]}, "properties": {"p_logistic": 0.5223538875579834, "p_rf": 0.6940000057220459, "p_xgb": 0.9684500694274902, "date": "2026-10-08"}}, {"type": "Feature", "geometry": {"type": "Point", "coordinates": [-82.59166666836401, 35.441666667246004]}, "properties": {"p_logistic": 0.5125992298126221, "p_rf": 0.6880000233650208, "p_xgb": 0.9702657461166382, "date": "2026-10-08"}}, {"type": "Feature", "geometry": {"type": "Point", "coordinates": [-82.58333333503101, 35.441666667246004]}, "properties": {"p_logistic": 0.5066763162612915, "p_rf": 0.6880000233650208, "p_xgb": 0.9727020859718323, "date": "2026-10-08"}}, {"type": "Feature", "geometry": {"type": "Point", "coordinates": [-82.57500000169802, 35.441666667246004]}, "properties": {"p_logistic": 0.49809759855270386, "p_rf": 0.6980000138282776, "p_xgb": 0.9845596551895142, "date": "2026-10-08"}}, {"type": "Feature", "geometry": {"type": "Point", "coordinates": [-82.56666666836502, 35.441666667246004]}, "properties": {"p_logistic": 0.4926026165485382, "p_rf": 0.6980000138282776, "p_xgb": 0.9850203990936279, "date": "2026-10-08"}}, {"type": "Feature", "geometry": {"type": "Point", "coordinates": [-82.54166666836602, 35.441666667246004]}, "properties": {"p_logistic": 0.4938296973705292, "p_rf": 0.6980000138282776, "p_xgb": 0.9845596551895142, "date": "2026-10-08"}}, {"type": "Feature", "geometry": {"type": "Point", "coordinates": [-82.76666666835702, 35.433333333913005]}, "properties": {"p_logistic": 0.4521336853504181, "p_rf": 0.8759999871253967, "p_xgb": 0.9982289671897888, "date": "2026-10-08"}}, {"type": "Feature", "geometry": {"type": "Point", "coordinates": [-82.75833333502402, 35.433333333913005]}, "properties": {"p_logistic": 0.4474441111087799, "p_rf": 0.8320000171661377, "p_xgb": 0.9954788684844971, "date": "2026-10-08"}}, {"type": "Feature", "geometry": {"type": "Point", "coordinates": [-82.75000000169102, 35.433333333913005]}, "properties": {"p_logistic": 0.4471133053302765, "p_rf": 0.8199999928474426, "p_xgb": 0.9948049187660217, "date": "2026-10-08"}}, {"type": "Feature", "geometry": {"type": "Point", "coordinates": [-82.74166666835802, 35.433333333913005]}, "properties": {"p_logistic": 0.44999247789382935, "p_rf": 0.8180000185966492, "p_xgb": 0.9943248629570007, "date": "2026-10-08"}}, {"type": "Feature", "geometry": {"type": "Point", "coordinates": [-82.73333333502501, 35.433333333913005]}, "properties": {"p_logistic": 0.452296644449234, "p_rf": 0.8059999942779541, "p_xgb": 0.9549893140792847, "date": "2026-10-08"}}, {"type": "Feature", "geometry": {"type": "Point", "coordinates": [-82.57500000169802, 35.433333333913005]}, "properties": {"p_logistic": 0.49609366059303284, "p_rf": 0.7020000219345093, "p_xgb": 0.9875923991203308, "date": "2026-10-08"}}, {"type": "Feature", "geometry": {"type": "Point", "coordinates": [-82.54166666836602, 35.433333333913005]}, "properties": {"p_logistic": 0.492494136095047, "p_rf": 0.7059999704360962, "p_xgb": 0.9886688590049744, "date": "2026-10-08"}}, {"type": "Feature", "geometry": {"type": "Point", "coordinates": [-82.53333333503302, 35.433333333913005]}, "properties": {"p_logistic": 0.4963383376598358, "p_rf": 0.6740000247955322, "p_xgb": 0.9737470746040344, "date": "2026-10-08"}}, {"type": "Feature", "geometry": {"type": "Point", "coordinates": [-82.54166666836602, 35.425000000580006]}, "properties": {"p_logistic": 0.4921721816062927, "p_rf": 0.7020000219345093, "p_xgb": 0.987975001335144, "date": "2026-10-08"}}, {"type": "Feature", "geometry": {"type": "Point", "coordinates": [-82.53333333503302, 35.425000000580006]}, "properties": {"p_logistic": 0.4970113933086395, "p_rf": 0.6639999747276306, "p_xgb": 0.9737470746040344, "date": "2026-10-08"}}]}