{"type": "FeatureCollection", "features": [{"type": "Feature", "geometry": {"type": "Point", "coordinates": [-82.40833333503801, 35.816666667231004]}, "properties": {"p_logistic": 0.4629940390586853, "p_rf": 0.6299999952316284, "p_xgb": 0.9890322089195251, "date": "2026-02-07"}}, {"type": "Feature", "geometry": {"type": "Point", "coordinates": [-82.40000000170502, 35.816666667231004]}, "properties": {"p_logistic": 0.46323829889297485, "p_rf": 0.6520000100135803, "p_xgb": 0.9898584485054016, "date": "2026-02-07"}}, {"type": "Feature", "geometry": {"type": "Point", "coordinates": [-82.39166666837201, 35.816666667231004]}, "properties": {"p_logistic": 0.46293503046035767, "p_rf": 0.6380000114440918, "p_xgb": 0.9888396859169006, "date": "2026-02-07"}}, {"type": "Feature", "geometry": {"type": "Point", "coordinates": [-82.38333333503903, 35.816666667231004]}, "properties": {"p_logistic": 0.4617727994918823, "p_rf": 0.6480000019073486, "p_xgb": 0.989458441734314, "date": "2026-02-07"}}, {"type": "Feature", "geometry": {"type": "Point", "coordinates": [-82.37500000170601, 35.816666667231004]}, "properties": {"p_logistic": 0.46045470237731934, "p_rf": 0.6899999976158142, "p_xgb": 0.989504337310791, "date": "2026-02-07"}}, {"type": "Feature", "geometry": {"type": "Point", "coordinates": [-82.36666666837301, 35.816666667231004]}, "properties": {"p_logistic": 0.45855531096458435, "p_rf": 0.6980000138282776, "p_xgb": 0.989504337310791, "date": "2026-02-07"}}, {"type": "Feature", "geometry": {"type": "Point", "coordinates": [-82.35833333504002, 35.816666667231004]}, "properties": {"p_logistic": 0.45634204149246216, "p_rf": 0.628000020980835, "p_xgb": 0.9905038475990295, "date": "2026-02-07"}}, {"type": "Feature", "geometry": {"type": "Point", "coordinates": [-82.45833333503602, 35.808333333898005]}, "properties": {"p_logistic": 0.4684521555900574, "p_rf": 0.7039999961853027, "p_xgb": 0.9929450154304504, "date": "2026-02-07"}}, {"type": "Feature", "geometry": {"type": "Point", "coordinates": [-82.45000000170302, 35.808333333898005]}, "properties": {"p_logistic": 0.4669976830482483, "p_rf": 0.7020000219345093, "p_xgb": 0.9929450154304504, "date": "2026-02-07"}}, {"type": "Feature", "geometry": {"type": "Point", "coordinates": [-82.44166666837002, 35.808333333898005]}, "properties": {"p_logistic": 0.46601757407188416, "p_rf": 0.7059999704360962, "p_xgb": 0.9929450154304504, "date": "2026-02-07"}}, {"type": "Feature", "geometry": {"type": "Point", "coordinates": [-82.43333333503702, 35.808333333898005]}, "properties": {"p_logistic": 0.46533000469207764, "p_rf": 0.7080000042915344, "p_xgb": 0.9929450154304504, "date": "2026-02-07"}}, {"type": "Feature", "geometry": {"type": "Point", "coordinates": [-82.42500000170402, 35.808333333898005]}, "properties": {"p_logistic": 0.46485191583633423, "p_rf": 0.7160000205039978, "p_xgb": 0.9929450154304504, "date": "2026-02-07"}}, {"type": "Feature", "geometry": {"type": "Point", "coordinates": [-82.41666666837102, 35.808333333898005]}, "properties": {"p_logistic": 0.4641881585121155, "p_rf": 0.6539999842643738, "p_xgb": 0.9903393387794495, "date": "2026-02-07"}}, {"type": "Feature", "geometry": {"type": "Point", "coordinates": [-82.40833333503801, 35.808333333898005]}, "properties": {"p_logistic": 0.4644149839878082, "p_rf": 0.7020000219345093, "p_xgb": 0.9906469583511353, "date": "2026-02-07"}}, {"type": "Feature", "geometry": {"type": "Point", "coordinates": [-82.40000000170502, 35.808333333898005]}, "properties": {"p_logistic": 0.4644511342048645, "p_rf": 0.6779999732971191, "p_xgb": 0.9904676079750061, "date": "2026-02-07"}}, {"type": "Feature", "geometry": {"type": "Point", "coordinates": [-82.39166666837201, 35.808333333898005]}, "properties": {"p_logistic": 0.46423470973968506, "p_rf": 0.671999990940094, "p_xgb": 0.99186772108078, "date": "2026-02-07"}}, {"type": "Feature", "geometry": {"type": "Point", "coordinates": [-82.38333333503903, 35.808333333898005]}, "properties": {"p_logistic": 0.4630975127220154, "p_rf": 0.6480000019073486, "p_xgb": 0.9904906749725342, "date": "2026-02-07"}}, {"type": "Feature", "geometry": {"type": "Point", "coordinates": [-82.37500000170601, 35.808333333898005]}, "properties": {"p_logistic": 0.461809903383255, "p_rf": 0.6499999761581421, "p_xgb": 0.9890264868736267, "date": "2026-02-07"}}, {"type": "Feature", "geometry": {"type": "Point", "coordinates": [-82.36666666837301, 35.808333333898005]}, "properties": {"p_logistic": 0.46014899015426636, "p_rf": 0.6840000152587891, "p_xgb": 0.989504337310791, "date": "2026-02-07"}}, {"type": "Feature", "geometry": {"type": "Point", "coordinates": [-82.35833333504002, 35.808333333898005]}, "properties": {"p_logistic": 0.45752888917922974, "p_rf": 0.656000018119812, "p_xgb": 0.9882309436798096, "date": "2026-02-07"}}, {"type": "Feature", "geometry": {"type": "Point", "coordinates": [-82.35000000170702, 35.808333333898005]}, "properties": {"p_logistic": 0.4555583894252777, "p_rf": 0.6299999952316284, "p_xgb": 0.9857592582702637, "date": "2026-02-07"}}, {"type": "Feature", "geometry": {"type": "Point", "coordinates": [-82.51666666836701, 35.80000000056501]}, "properties": {"p_logistic": 0.4691612422466278, "p_rf": 0.6980000138282776, "p_xgb": 0.9906415343284607, "date": "2026-02-07"}}, {"type": "Feature", "geometry": {"type": "Point", "coordinates": [-82.50833333503402, 35.80000000056501]}, "properties": {"p_logistic": 0.469729483127594, "p_rf": 0.6899999976158142, "p_xgb": 0.9905563592910767, "date": "2026-02-07"}}, {"type": "Feature", "geometry": {"type": "Point", "coordinates": [-82.50000000170101, 35.80000000056501]}, "properties": {"p_logistic": 0.47007814049720764, "p_rf": 0.6759999990463257, "p_xgb": 0.9902082085609436, "date": "2026-02-07"}}, {"type": "Feature", "geometry": {"type": "Point", "coordinates": [-82.49166666836803, 35.80000000056501]}, "properties": {"p_logistic": 0.4706926941871643, "p_rf": 0.6759999990463257, "p_xgb": 0.9899736642837524, "date": "2026-02-07"}}, {"type": "Feature", "geometry": {"type": "Point", "coordinates": [-82.46666666836902, 35.80000000056501]}, "properties": {"p_logistic": 0.4705033302307129, "p_rf": 0.7099999785423279, "p_xgb": 0.9930486679077148, "date": "2026-02-07"}}, {"type": "Feature", "geometry": {"type": "Point", "coordinates": [-82.45833333503602, 35.80000000056501]}, "properties": {"p_logistic": 0.46949684619903564, "p_rf": 0.7179999947547913, "p_xgb": 0.9929450154304504, "date": "2026-02-07"}}, {"type": "Feature", "geometry": {"type": "Point", "coordinates": [-82.45000000170302, 35.80000000056501]}, "properties": {"p_logistic": 0.468217134475708, "p_rf": 0.7120000123977661, "p_xgb": 0.9929450154304504, "date": "2026-02-07"}}, {"type": "Feature", "geometry": {"type": "Point", "coordinates": [-82.44166666837002, 35.80000000056501]}, "properties": {"p_logistic": 0.46721068024635315, "p_rf": 0.7179999947547913, "p_xgb": 0.9929450154304504, "date": "2026-02-07"}}, {"type": "Feature", "geometry": {"type": "Point", "coordinates": [-82.43333333503702, 35.80000000056501]}, "properties": {"p_logistic": 0.4665348529815674, "p_rf": 0.7239999771118164, "p_xgb": 0.9929450154304504, "date": "2026-02-07"}}, {"type": "Feature", "geometry": {"type": "Point", "coordinates": [-82.42500000170402, 35.80000000056501]}, "properties": {"p_logistic": 0.4660094678401947, "p_rf": 0.7319999933242798, "p_xgb": 0.9929450154304504, "date": "2026-02-07"}}, {"type": "Feature", "geometry": {"type": "Point", "coordinates": [-82.41666666837102, 35.80000000056501]}, "properties": {"p_logistic": 0.46580803394317627, "p_rf": 0.75, "p_xgb": 0.9933163523674011, "date": "2026-02-07"}}, {"type": "Feature", "geometry": {"type": "Point", "coordinates": [-82.40833333503801, 35.80000000056501]}, "properties": {"p_logistic": 0.46570295095443726, "p_rf": 0.7160000205039978, "p_xgb": 0.9913294315338135, "date": "2026-02-07"}}, {"type": "Feature", "geometry": {"type": "Point", "coordinates": [-82.40000000170502, 35.80000000056501]}, "properties": {"p_logistic": 0.46597567200660706, "p_rf": 0.6899999976158142, "p_xgb": 0.9905223250389099, "date": "2026-02-07"}}, {"type": "Feature", "geometry": {"type": "Point", "coordinates": [-82.39166666837201, 35.80000000056501]}, "properties": {"p_logistic": 0.46561679244041443, "p_rf": 0.7239999771118164, "p_xgb": 0.9921517372131348, "date": "2026-02-07"}}, {"type": "Feature", "geometry": {"type": "Point", "coordinates": [-82.38333333503903, 35.80000000056501]}, "properties": {"p_logistic": 0.46459436416625977, "p_rf": 0.6600000262260437, "p_xgb": 0.9913573265075684, "date": "2026-02-07"}}, {"type": "Feature", "geometry": {"type": "Point", "coordinates": [-82.37500000170601, 35.80000000056501]}, "properties": {"p_logistic": 0.46361351013183594, "p_rf": 0.6399999856948853, "p_xgb": 0.9904906749725342, "date": "2026-02-07"}}, {"type": "Feature", "geometry": {"type": "Point", "coordinates": [-82.36666666837301, 35.80000000056501]}, "properties": {"p_logistic": 0.4617939293384552, "p_rf": 0.6779999732971191, "p_xgb": 0.9887151122093201, "date": "2026-02-07"}}, {"type": "Feature", "geometry": {"type": "Point", "coordinates": [-82.35833333504002, 35.80000000056501]}, "properties": {"p_logistic": 0.4593535363674164, "p_rf": 0.6320000290870667, "p_xgb": 0.9884164333343506, "date": "2026-02-07"}}, {"type": "Feature", "geometry": {"type": "Point", "coordinates": [-82.35000000170702, 35.80000000056501]}, "properties": {"p_logistic": 0.4573024809360504, "p_rf": 0.6200000047683716, "p_xgb": 0.9787090420722961, "date": "2026-02-07"}}, {"type": "Feature", "geometry": {"type": "Point", "coordinates": [-82.34166666837402, 35.80000000056501]}, "properties": {"p_logistic": 0.45689845085144043, "p_rf": 0.6119999885559082, "p_xgb": 0.9824687242507935, "date": "2026-02-07"}}, {"type": "Feature", "geometry": {"type": "Point", "coordinates": [-82.53333333503302, 35.79166666723201]}, "properties": {"p_logistic": 0.4698902368545532, "p_rf": 0.7020000219345093, "p_xgb": 0.9937759637832642, "date": "2026-02-07"}}, {"type": "Feature", "geometry": {"type": "Point", "coordinates": [-82.52500000170002, 35.79166666723201]}, "properties": {"p_logistic": 0.46995094418525696, "p_rf": 0.6200000047683716, "p_xgb": 0.9906415343284607, "date": "2026-02-07"}}, {"type": "Feature", "geometry": {"type": "Point", "coordinates": [-82.51666666836701, 35.79166666723201]}, "properties": {"p_logistic": 0.47023528814315796, "p_rf": 0.5799999833106995, "p_xgb": 0.9905563592910767, "date": "2026-02-07"}}, {"type": "Feature", "geometry": {"type": "Point", "coordinates": [-82.50833333503402, 35.79166666723201]}, "properties": {"p_logistic": 0.4705241322517395, "p_rf": 0.5879999995231628, "p_xgb": 0.9905563592910767, "date": "2026-02-07"}}, {"type": "Feature", "geometry": {"type": "Point", "coordinates": [-82.50000000170101, 35.79166666723201]}, "properties": {"p_logistic": 0.47030749917030334, "p_rf": 0.5860000252723694, "p_xgb": 0.9899736642837524, "date": "2026-02-07"}}, {"type": "Feature", "geometry": {"type": "Point", "coordinates": [-82.49166666836803, 35.79166666723201]}, "properties": {"p_logistic": 0.47104957699775696, "p_rf": 0.671999990940094, "p_xgb": 0.9899736642837524, "date": "2026-02-07"}}, {"type": "Feature", "geometry": {"type": "Point", "coordinates": [-82.48333333503501, 35.79166666723201]}, "properties": {"p_logistic": 0.471537321805954, "p_rf": 0.6800000071525574, "p_xgb": 0.9930625557899475, "date": "2026-02-07"}}, {"type": "Feature", "geometry": {"type": "Point", "coordinates": [-82.47500000170201, 35.79166666723201]}, "properties": {"p_logistic": 0.4720853269100189, "p_rf": 0.699999988079071, "p_xgb": 0.9934669137001038, "date": "2026-02-07"}}, {"type": "Feature", "geometry": {"type": "Point", "coordinates": [-82.46666666836902, 35.79166666723201]}, "properties": {"p_logistic": 0.4715765416622162, "p_rf": 0.7279999852180481, "p_xgb": 0.9930486679077148, "date": "2026-02-07"}}, {"type": "Feature", "geometry": {"type": "Point", "coordinates": [-82.45833333503602, 35.79166666723201]}, "properties": {"p_logistic": 0.4706442058086395, "p_rf": 0.7300000190734863, "p_xgb": 0.9933163523674011, "date": "2026-02-07"}}, {"type": "Feature", "geometry": {"type": "Point", "coordinates": [-82.45000000170302, 35.79166666723201]}, "properties": {"p_logistic": 0.46962711215019226, "p_rf": 0.7279999852180481, "p_xgb": 0.9929450154304504, "date": "2026-02-07"}}, {"type": "Feature", "geometry": {"type": "Point", "coordinates": [-82.44166666837002, 35.79166666723201]}, "properties": {"p_logistic": 0.46874821186065674, "p_rf": 0.7279999852180481, "p_xgb": 0.9933163523674011, "date": "2026-02-07"}}, {"type": "Feature", "geometry": {"type": "Point", "coordinates": [-82.43333333503702, 35.79166666723201]}, "properties": {"p_logistic": 0.46812039613723755, "p_rf": 0.7379999756813049, "p_xgb": 0.9933163523674011, "date": "2026-02-07"}}, {"type": "Feature", "geometry": {"type": "Point", "coordinates": [-82.42500000170402, 35.79166666723201]}, "properties": {"p_logistic": 0.4675368070602417, "p_rf": 0.7480000257492065, "p_xgb": 0.9933163523674011, "date": "2026-02-07"}}, {"type": "Feature", "geometry": {"type": "Point", "coordinates": [-82.41666666837102, 35.79166666723201]}, "properties": {"p_logistic": 0.4674074053764343, "p_rf": 0.7760000228881836, "p_xgb": 0.9941522479057312, "date": "2026-02-07"}}, {"type": "Feature", "geometry": {"type": "Point", "coordinates": [-82.40833333503801, 35.79166666723201]}, "properties": {"p_logistic": 0.4675576090812683, "p_rf": 0.8019999861717224, "p_xgb": 0.994564414024353, "date": "2026-02-07"}}, {"type": "Feature", "geometry": {"type": "Point", "coordinates": [-82.40000000170502, 35.79166666723201]}, "properties": {"p_logistic": 0.4674621820449829, "p_rf": 0.7200000286102295, "p_xgb": 0.9906938672065735, "date": "2026-02-07"}}, {"type": "Feature", "geometry": {"type": "Point", "coordinates": [-82.39166666837201, 35.79166666723201]}, "properties": {"p_logistic": 0.4675593376159668, "p_rf": 0.7300000190734863, "p_xgb": 0.9917531609535217, "date": "2026-02-07"}}, {"type": "Feature", "geometry": {"type": "Point", "coordinates": [-82.38333333503903, 35.79166666723201]}, "properties": {"p_logistic": 0.46713656187057495, "p_rf": 0.7020000219345093, "p_xgb": 0.9927000403404236, "date": "2026-02-07"}}, {"type": "Feature", "geometry": {"type": "Point", "coordinates": [-82.37500000170601, 35.79166666723201]}, "properties": {"p_logistic": 0.4659375548362732, "p_rf": 0.6380000114440918, "p_xgb": 0.9895039796829224, "date": "2026-02-07"}}, {"type": "Feature", "geometry": {"type": "Point", "coordinates": [-82.36666666837301, 35.79166666723201]}, "properties": {"p_logistic": 0.4642396867275238, "p_rf": 0.6759999990463257, "p_xgb": 0.9895039796829224, "date": "2026-02-07"}}, {"type": "Feature", "geometry": {"type": "Point", "coordinates": [-82.35833333504002, 35.79166666723201]}, "properties": {"p_logistic": 0.4619995653629303, "p_rf": 0.6140000224113464, "p_xgb": 0.9839085936546326, "date": "2026-02-07"}}, {"type": "Feature", "geometry": {"type": "Point", "coordinates": [-82.35000000170702, 35.79166666723201]}, "properties": {"p_logistic": 0.4599980115890503, "p_rf": 0.5839999914169312, "p_xgb": 0.9772912859916687, "date": "2026-02-07"}}, {"type": "Feature", "geometry": {"type": "Point", "coordinates": [-82.55833333503202, 35.783333333899]}, "properties": {"p_logistic": 0.46811676025390625, "p_rf": 0.7559999823570251, "p_xgb": 0.9968320727348328, "date": "2026-02-07"}}, {"type": "Feature", "geometry": {"type": "Point", "coordinates": [-82.55000000169902, 35.783333333899]}, "properties": {"p_logistic": 0.4687386155128479, "p_rf": 0.75, "p_xgb": 0.9968834519386292, "date": "2026-02-07"}}, {"type": "Feature", "geometry": {"type": "Point", "coordinates": [-82.54166666836602, 35.783333333899]}, "properties": {"p_logistic": 0.46953609585762024, "p_rf": 0.7459999918937683, "p_xgb": 0.9958245754241943, "date": "2026-02-07"}}, {"type": "Feature", "geometry": {"type": "Point", "coordinates": [-82.53333333503302, 35.783333333899]}, "properties": {"p_logistic": 0.47047093510627747, "p_rf": 0.6980000138282776, "p_xgb": 0.995366096496582, "date": "2026-02-07"}}, {"type": "Feature", "geometry": {"type": "Point", "coordinates": [-82.52500000170002, 35.783333333899]}, "properties": {"p_logistic": 0.4709528684616089, "p_rf": 0.6940000057220459, "p_xgb": 0.9949874877929688, "date": "2026-02-07"}}, {"type": "Feature", "geometry": {"type": "Point", "coordinates": [-82.51666666836701, 35.783333333899]}, "properties": {"p_logistic": 0.47079145908355713, "p_rf": 0.5839999914169312, "p_xgb": 0.9905563592910767, "date": "2026-02-07"}}, {"type": "Feature", "geometry": {"type": "Point", "coordinates": [-82.50833333503402, 35.783333333899]}, "properties": {"p_logistic": 0.4710015654563904, "p_rf": 0.5879999995231628, "p_xgb": 0.9899736642837524, "date": "2026-02-07"}}, {"type": "Feature", "geometry": {"type": "Point", "coordinates": [-82.50000000170101, 35.783333333899]}, "properties": {"p_logistic": 0.471270352602005, "p_rf": 0.5920000076293945, "p_xgb": 0.9899736642837524, "date": "2026-02-07"}}, {"type": "Feature", "geometry": {"type": "Point", "coordinates": [-82.49166666836803, 35.783333333899]}, "properties": {"p_logistic": 0.47199249267578125, "p_rf": 0.6380000114440918, "p_xgb": 0.9899736642837524, "date": "2026-02-07"}}, {"type": "Feature", "geometry": {"type": "Point", "coordinates": [-82.48333333503501, 35.783333333899]}, "properties": {"p_logistic": 0.47293683886528015, "p_rf": 0.6740000247955322, "p_xgb": 0.9930625557899475, "date": "2026-02-07"}}, {"type": "Feature", "geometry": {"type": "Point", "coordinates": [-82.47500000170201, 35.783333333899]}, "properties": {"p_logistic": 0.47363168001174927, "p_rf": 0.7260000109672546, "p_xgb": 0.9930069446563721, "date": "2026-02-07"}}, {"type": "Feature", "geometry": {"type": "Point", "coordinates": [-82.46666666836902, 35.783333333899]}, "properties": {"p_logistic": 0.4738604426383972, "p_rf": 0.7580000162124634, "p_xgb": 0.9942382574081421, "date": "2026-02-07"}}, {"type": "Feature", "geometry": {"type": "Point", "coordinates": [-82.45833333503602, 35.783333333899]}, "properties": {"p_logistic": 0.47298726439476013, "p_rf": 0.7720000147819519, "p_xgb": 0.9941522479057312, "date": "2026-02-07"}}, {"type": "Feature", "geometry": {"type": "Point", "coordinates": [-82.45000000170302, 35.783333333899]}, "properties": {"p_logistic": 0.472044974565506, "p_rf": 0.7720000147819519, "p_xgb": 0.9941522479057312, "date": "2026-02-07"}}, {"type": "Feature", "geometry": {"type": "Point", "coordinates": [-82.44166666837002, 35.783333333899]}, "properties": {"p_logistic": 0.47073623538017273, "p_rf": 0.765999972820282, "p_xgb": 0.9933163523674011, "date": "2026-02-07"}}, {"type": "Feature", "geometry": {"type": "Point", "coordinates": [-82.43333333503702, 35.783333333899]}, "properties": {"p_logistic": 0.470072865486145, "p_rf": 0.7720000147819519, "p_xgb": 0.9941522479057312, "date": "2026-02-07"}}, {"type": "Feature", "geometry": {"type": "Point", "coordinates": [-82.42500000170402, 35.783333333899]}, "properties": {"p_logistic": 0.4695574939250946, "p_rf": 0.777999997138977, "p_xgb": 0.9941522479057312, "date": "2026-02-07"}}, {"type": "Feature", "geometry": {"type": "Point", "coordinates": [-82.41666666837102, 35.783333333899]}, "properties": {"p_logistic": 0.4694254696369171, "p_rf": 0.8040000200271606, "p_xgb": 0.994564414024353, "date": "2026-02-07"}}, {"type": "Feature", "geometry": {"type": "Point", "coordinates": [-82.40833333503801, 35.783333333899]}, "properties": {"p_logistic": 0.46954599022865295, "p_rf": 0.8019999861717224, "p_xgb": 0.993923008441925, "date": "2026-02-07"}}, {"type": "Feature", "geometry": {"type": "Point", "coordinates": [-82.40000000170502, 35.783333333899]}, "properties": {"p_logistic": 0.46990811824798584, "p_rf": 0.8539999723434448, "p_xgb": 0.9937333464622498, "date": "2026-02-07"}}, {"type": "Feature", "geometry": {"type": "Point", "coordinates": [-82.39166666837201, 35.783333333899]}, "properties": {"p_logistic": 0.4701482951641083, "p_rf": 0.7279999852180481, "p_xgb": 0.9925042390823364, "date": "2026-02-07"}}, {"type": "Feature", "geometry": {"type": "Point", "coordinates": [-82.38333333503903, 35.783333333899]}, "properties": {"p_logistic": 0.4697454571723938, "p_rf": 0.7080000042915344, "p_xgb": 0.9921493530273438, "date": "2026-02-07"}}, {"type": "Feature", "geometry": {"type": "Point", "coordinates": [-82.37500000170601, 35.783333333899]}, "properties": {"p_logistic": 0.4689035713672638, "p_rf": 0.6359999775886536, "p_xgb": 0.9892768859863281, "date": "2026-02-07"}}, {"type": "Feature", "geometry": {"type": "Point", "coordinates": [-82.36666666837301, 35.783333333899]}, "properties": {"p_logistic": 0.4674587547779083, "p_rf": 0.6700000166893005, "p_xgb": 0.9860460162162781, "date": "2026-02-07"}}, {"type": "Feature", "geometry": {"type": "Point", "coordinates": [-82.35833333504002, 35.783333333899]}, "properties": {"p_logistic": 0.4648418724536896, "p_rf": 0.6079999804496765, "p_xgb": 0.9848131537437439, "date": "2026-02-07"}}, {"type": "Feature", "geometry": {"type": "Point", "coordinates": [-82.35000000170702, 35.783333333899]}, "properties": {"p_logistic": 0.4635315239429474, "p_rf": 0.5979999899864197, "p_xgb": 0.9806050062179565, "date": "2026-02-07"}}, {"type": "Feature", "geometry": {"type": "Point", "coordinates": [-82.57500000169802, 35.775000000566]}, "properties": {"p_logistic": 0.46896979212760925, "p_rf": 0.7540000081062317, "p_xgb": 0.9968127608299255, "date": "2026-02-07"}}, {"type": "Feature", "geometry": {"type": "Point", "coordinates": [-82.56666666836502, 35.775000000566]}, "properties": {"p_logistic": 0.4688042402267456, "p_rf": 0.7580000162124634, "p_xgb": 0.9968602657318115, "date": "2026-02-07"}}, {"type": "Feature", "geometry": {"type": "Point", "coordinates": [-82.55833333503202, 35.775000000566]}, "properties": {"p_logistic": 0.4687792658805847, "p_rf": 0.7540000081062317, "p_xgb": 0.9968602657318115, "date": "2026-02-07"}}, {"type": "Feature", "geometry": {"type": "Point", "coordinates": [-82.55000000169902, 35.775000000566]}, "properties": {"p_logistic": 0.46902281045913696, "p_rf": 0.75, "p_xgb": 0.9969537258148193, "date": "2026-02-07"}}, {"type": "Feature", "geometry": {"type": "Point", "coordinates": [-82.54166666836602, 35.775000000566]}, "properties": {"p_logistic": 0.46969249844551086, "p_rf": 0.7440000176429749, "p_xgb": 0.9969537258148193, "date": "2026-02-07"}}, {"type": "Feature", "geometry": {"type": "Point", "coordinates": [-82.53333333503302, 35.775000000566]}, "properties": {"p_logistic": 0.4705602526664734, "p_rf": 0.7239999771118164, "p_xgb": 0.9964495897293091, "date": "2026-02-07"}}, {"type": "Feature", "geometry": {"type": "Point", "coordinates": [-82.52500000170002, 35.775000000566]}, "properties": {"p_logistic": 0.4709875285625458, "p_rf": 0.6819999814033508, "p_xgb": 0.995366096496582, "date": "2026-02-07"}}, {"type": "Feature", "geometry": {"type": "Point", "coordinates": [-82.51666666836701, 35.775000000566]}, "properties": {"p_logistic": 0.4712664484977722, "p_rf": 0.6759999990463257, "p_xgb": 0.9946767091751099, "date": "2026-02-07"}}, {"type": "Feature", "geometry": {"type": "Point", "coordinates": [-82.50833333503402, 35.775000000566]}, "properties": {"p_logistic": 0.47110190987586975, "p_rf": 0.5839999914169312, "p_xgb": 0.9899736642837524, "date": "2026-02-07"}}, {"type": "Feature", "geometry": {"type": "Point", "coordinates": [-82.50000000170101, 35.775000000566]}, "properties": {"p_logistic": 0.4715423882007599, "p_rf": 0.5680000185966492, "p_xgb": 0.9897652864456177, "date": "2026-02-07"}}, {"type": "Feature", "geometry": {"type": "Point", "coordinates": [-82.49166666836803, 35.775000000566]}, "properties": {"p_logistic": 0.47249194979667664, "p_rf": 0.5820000171661377, "p_xgb": 0.9929178357124329, "date": "2026-02-07"}}, {"type": "Feature", "geometry": {"type": "Point", "coordinates": [-82.48333333503501, 35.775000000566]}, "properties": {"p_logistic": 0.4734111726284027, "p_rf": 0.6119999885559082, "p_xgb": 0.9928612112998962, "date": "2026-02-07"}}, {"type": "Feature", "geometry": {"type": "Point", "coordinates": [-82.47500000170201, 35.775000000566]}, "properties": {"p_logistic": 0.47455424070358276, "p_rf": 0.6899999976158142, "p_xgb": 0.9937900900840759, "date": "2026-02-07"}}, {"type": "Feature", "geometry": {"type": "Point", "coordinates": [-82.46666666836902, 35.775000000566]}, "properties": {"p_logistic": 0.4747523367404938, "p_rf": 0.7799999713897705, "p_xgb": 0.9942275285720825, "date": "2026-02-07"}}, {"type": "Feature", "geometry": {"type": "Point", "coordinates": [-82.45833333503602, 35.775000000566]}, "properties": {"p_logistic": 0.47467508912086487, "p_rf": 0.7820000052452087, "p_xgb": 0.994564414024353, "date": "2026-02-07"}}, {"type": "Feature", "geometry": {"type": "Point", "coordinates": [-82.45000000170302, 35.775000000566]}, "properties": {"p_logistic": 0.47408196330070496, "p_rf": 0.7860000133514404, "p_xgb": 0.9942882061004639, "date": "2026-02-07"}}, {"type": "Feature", "geometry": {"type": "Point", "coordinates": [-82.44166666837002, 35.775000000566]}, "properties": {"p_logistic": 0.47347626090049744, "p_rf": 0.7860000133514404, "p_xgb": 0.9942882061004639, "date": "2026-02-07"}}, {"type": "Feature", "geometry": {"type": "Point", "coordinates": [-82.43333333503702, 35.775000000566]}, "properties": {"p_logistic": 0.4729815125465393, "p_rf": 0.7879999876022339, "p_xgb": 0.9940741658210754, "date": "2026-02-07"}}, {"type": "Feature", "geometry": {"type": "Point", "coordinates": [-82.42500000170402, 35.775000000566]}, "properties": {"p_logistic": 0.47249841690063477, "p_rf": 0.800000011920929, "p_xgb": 0.9940741658210754, "date": "2026-02-07"}}, {"type": "Feature", "geometry": {"type": "Point", "coordinates": [-82.41666666837102, 35.775000000566]}, "properties": {"p_logistic": 0.47240307927131653, "p_rf": 0.8379999995231628, "p_xgb": 0.9941818118095398, "date": "2026-02-07"}}, {"type": "Feature", "geometry": {"type": "Point", "coordinates": [-82.40833333503801, 35.775000000566]}, "properties": {"p_logistic": 0.4720592796802521, "p_rf": 0.8619999885559082, "p_xgb": 0.9937333464622498, "date": "2026-02-07"}}, {"type": "Feature", "geometry": {"type": "Point", "coordinates": [-82.40000000170502, 35.775000000566]}, "properties": {"p_logistic": 0.47261300683021545, "p_rf": 0.8600000143051147, "p_xgb": 0.993607759475708, "date": "2026-02-07"}}, {"type": "Feature", "geometry": {"type": "Point", "coordinates": [-82.39166666837201, 35.775000000566]}, "properties": {"p_logistic": 0.4723801612854004, "p_rf": 0.7319999933242798, "p_xgb": 0.9939153790473938, "date": "2026-02-07"}}, {"type": "Feature", "geometry": {"type": "Point", "coordinates": [-82.38333333503903, 35.775000000566]}, "properties": {"p_logistic": 0.47196096181869507, "p_rf": 0.7120000123977661, "p_xgb": 0.9901605844497681, "date": "2026-02-07"}}, {"type": "Feature", "geometry": {"type": "Point", "coordinates": [-82.37500000170601, 35.775000000566]}, "properties": {"p_logistic": 0.47128772735595703, "p_rf": 0.6480000019073486, "p_xgb": 0.9897979497909546, "date": "2026-02-07"}}, {"type": "Feature", "geometry": {"type": "Point", "coordinates": [-82.36666666837301, 35.775000000566]}, "properties": {"p_logistic": 0.46999070048332214, "p_rf": 0.6840000152587891, "p_xgb": 0.9892768859863281, "date": "2026-02-07"}}, {"type": "Feature", "geometry": {"type": "Point", "coordinates": [-82.35833333504002, 35.775000000566]}, "properties": {"p_logistic": 0.46809810400009155, "p_rf": 0.6859999895095825, "p_xgb": 0.9867129325866699, "date": "2026-02-07"}}, {"type": "Feature", "geometry": {"type": "Point", "coordinates": [-82.35000000170702, 35.775000000566]}, "properties": {"p_logistic": 0.4669993221759796, "p_rf": 0.6679999828338623, "p_xgb": 0.9847906231880188, "date": "2026-02-07"}}, {"type": "Feature", "geometry": {"type": "Point", "coordinates": [-82.59166666836401, 35.766666667233004]}, "properties": {"p_logistic": 0.46934744715690613, "p_rf": 0.765999972820282, "p_xgb": 0.9969351291656494, "date": "2026-02-07"}}, {"type": "Feature", "geometry": {"type": "Point", "coordinates": [-82.58333333503101, 35.766666667233004]}, "properties": {"p_logistic": 0.46956175565719604, "p_rf": 0.7620000243186951, "p_xgb": 0.9969351291656494, "date": "2026-02-07"}}, {"type": "Feature", "geometry": {"type": "Point", "coordinates": [-82.57500000169802, 35.766666667233004]}, "properties": {"p_logistic": 0.46938034892082214, "p_rf": 0.7599999904632568, "p_xgb": 0.9969351291656494, "date": "2026-02-07"}}, {"type": "Feature", "geometry": {"type": "Point", "coordinates": [-82.56666666836502, 35.766666667233004]}, "properties": {"p_logistic": 0.4690847396850586, "p_rf": 0.75, "p_xgb": 0.9969351291656494, "date": "2026-02-07"}}, {"type": "Feature", "geometry": {"type": "Point", "coordinates": [-82.55833333503202, 35.766666667233004]}, "properties": {"p_logistic": 0.46894779801368713, "p_rf": 0.75, "p_xgb": 0.9969351291656494, "date": "2026-02-07"}}, {"type": "Feature", "geometry": {"type": "Point", "coordinates": [-82.55000000169902, 35.766666667233004]}, "properties": {"p_logistic": 0.4689677357673645, "p_rf": 0.7480000257492065, "p_xgb": 0.9968602657318115, "date": "2026-02-07"}}, {"type": "Feature", "geometry": {"type": "Point", "coordinates": [-82.54166666836602, 35.766666667233004]}, "properties": {"p_logistic": 0.4692510664463043, "p_rf": 0.7480000257492065, "p_xgb": 0.9969537258148193, "date": "2026-02-07"}}, {"type": "Feature", "geometry": {"type": "Point", "coordinates": [-82.53333333503302, 35.766666667233004]}, "properties": {"p_logistic": 0.46966829895973206, "p_rf": 0.7300000190734863, "p_xgb": 0.9969537258148193, "date": "2026-02-07"}}, {"type": "Feature", "geometry": {"type": "Point", "coordinates": [-82.52500000170002, 35.766666667233004]}, "properties": {"p_logistic": 0.470292866230011, "p_rf": 0.722000002861023, "p_xgb": 0.9966025352478027, "date": "2026-02-07"}}, {"type": "Feature", "geometry": {"type": "Point", "coordinates": [-82.51666666836701, 35.766666667233004]}, "properties": {"p_logistic": 0.4709044396877289, "p_rf": 0.5979999899864197, "p_xgb": 0.9948824644088745, "date": "2026-02-07"}}, {"type": "Feature", "geometry": {"type": "Point", "coordinates": [-82.50833333503402, 35.766666667233004]}, "properties": {"p_logistic": 0.47146329283714294, "p_rf": 0.578000009059906, "p_xgb": 0.9945656061172485, "date": "2026-02-07"}}, {"type": "Feature", "geometry": {"type": "Point", "coordinates": [-82.50000000170101, 35.766666667233004]}, "properties": {"p_logistic": 0.4718131124973297, "p_rf": 0.578000009059906, "p_xgb": 0.9897652864456177, "date": "2026-02-07"}}, {"type": "Feature", "geometry": {"type": "Point", "coordinates": [-82.49166666836803, 35.766666667233004]}, "properties": {"p_logistic": 0.4718622863292694, "p_rf": 0.5799999833106995, "p_xgb": 0.9897652864456177, "date": "2026-02-07"}}, {"type": "Feature", "geometry": {"type": "Point", "coordinates": [-82.48333333503501, 35.766666667233004]}, "properties": {"p_logistic": 0.4728422164916992, "p_rf": 0.621999979019165, "p_xgb": 0.9895303249359131, "date": "2026-02-07"}}, {"type": "Feature", "geometry": {"type": "Point", "coordinates": [-82.47500000170201, 35.766666667233004]}, "properties": {"p_logistic": 0.47385162115097046, "p_rf": 0.6740000247955322, "p_xgb": 0.990835428237915, "date": "2026-02-07"}}, {"type": "Feature", "geometry": {"type": "Point", "coordinates": [-82.46666666836902, 35.766666667233004]}, "properties": {"p_logistic": 0.474580854177475, "p_rf": 0.7039999961853027, "p_xgb": 0.9939343333244324, "date": "2026-02-07"}}, {"type": "Feature", "geometry": {"type": "Point", "coordinates": [-82.45833333503602, 35.766666667233004]}, "properties": {"p_logistic": 0.4750366806983948, "p_rf": 0.7799999713897705, "p_xgb": 0.9937071204185486, "date": "2026-02-07"}}, {"type": "Feature", "geometry": {"type": "Point", "coordinates": [-82.45000000170302, 35.766666667233004]}, "properties": {"p_logistic": 0.47466954588890076, "p_rf": 0.7860000133514404, "p_xgb": 0.9937071204185486, "date": "2026-02-07"}}, {"type": "Feature", "geometry": {"type": "Point", "coordinates": [-82.44166666837002, 35.766666667233004]}, "properties": {"p_logistic": 0.4745071828365326, "p_rf": 0.7860000133514404, "p_xgb": 0.9910673499107361, "date": "2026-02-07"}}, {"type": "Feature", "geometry": {"type": "Point", "coordinates": [-82.43333333503702, 35.766666667233004]}, "properties": {"p_logistic": 0.47414833307266235, "p_rf": 0.8119999766349792, "p_xgb": 0.993821382522583, "date": "2026-02-07"}}, {"type": "Feature", "geometry": {"type": "Point", "coordinates": [-82.42500000170402, 35.766666667233004]}, "properties": {"p_logistic": 0.4738898277282715, "p_rf": 0.8360000252723694, "p_xgb": 0.9943364262580872, "date": "2026-02-07"}}, {"type": "Feature", "geometry": {"type": "Point", "coordinates": [-82.41666666837102, 35.766666667233004]}, "properties": {"p_logistic": 0.473895788192749, "p_rf": 0.8560000061988831, "p_xgb": 0.9939528107643127, "date": "2026-02-07"}}, {"type": "Feature", "geometry": {"type": "Point", "coordinates": [-82.40833333503801, 35.766666667233004]}, "properties": {"p_logistic": 0.4740944504737854, "p_rf": 0.8619999885559082, "p_xgb": 0.9934754967689514, "date": "2026-02-07"}}, {"type": "Feature", "geometry": {"type": "Point", "coordinates": [-82.40000000170502, 35.766666667233004]}, "properties": {"p_logistic": 0.4739527702331543, "p_rf": 0.8679999709129333, "p_xgb": 0.992942214012146, "date": "2026-02-07"}}, {"type": "Feature", "geometry": {"type": "Point", "coordinates": [-82.39166666837201, 35.766666667233004]}, "properties": {"p_logistic": 0.473781943321228, "p_rf": 0.722000002861023, "p_xgb": 0.9918988943099976, "date": "2026-02-07"}}, {"type": "Feature", "geometry": {"type": "Point", "coordinates": [-82.38333333503903, 35.766666667233004]}, "properties": {"p_logistic": 0.47344326972961426, "p_rf": 0.7179999947547913, "p_xgb": 0.9918988943099976, "date": "2026-02-07"}}, {"type": "Feature", "geometry": {"type": "Point", "coordinates": [-82.37500000170601, 35.766666667233004]}, "properties": {"p_logistic": 0.4728635549545288, "p_rf": 0.656000018119812, "p_xgb": 0.9901605844497681, "date": "2026-02-07"}}, {"type": "Feature", "geometry": {"type": "Point", "coordinates": [-82.36666666837301, 35.766666667233004]}, "properties": {"p_logistic": 0.4722003936767578, "p_rf": 0.671999990940094, "p_xgb": 0.9914729595184326, "date": "2026-02-07"}}, {"type": "Feature", "geometry": {"type": "Point", "coordinates": [-82.35833333504002, 35.766666667233004]}, "properties": {"p_logistic": 0.4703386425971985, "p_rf": 0.6940000057220459, "p_xgb": 0.9899242520332336, "date": "2026-02-07"}}, {"type": "Feature", "geometry": {"type": "Point", "coordinates": [-82.35000000170702, 35.766666667233004]}, "properties": {"p_logistic": 0.46926385164260864, "p_rf": 0.6700000166893005, "p_xgb": 0.9712914228439331, "date": "2026-02-07"}}, {"type": "Feature", "geometry": {"type": "Point", "coordinates": [-82.34166666837402, 35.766666667233004]}, "properties": {"p_logistic": 0.4692786931991577, "p_rf": 0.6740000247955322, "p_xgb": 0.9712914228439331, "date": "2026-02-07"}}, {"type": "Feature", "geometry": {"type": "Point", "coordinates": [-82.61666666836302, 35.758333333900005]}, "properties": {"p_logistic": 0.46920979022979736, "p_rf": 0.7519999742507935, "p_xgb": 0.9980109333992004, "date": "2026-02-07"}}, {"type": "Feature", "geometry": {"type": "Point", "coordinates": [-82.60833333503001, 35.758333333900005]}, "properties": {"p_logistic": 0.46965116262435913, "p_rf": 0.7599999904632568, "p_xgb": 0.9968127608299255, "date": "2026-02-07"}}, {"type": "Feature", "geometry": {"type": "Point", "coordinates": [-82.60000000169703, 35.758333333900005]}, "properties": {"p_logistic": 0.4697214663028717, "p_rf": 0.7480000257492065, "p_xgb": 0.9968127608299255, "date": "2026-02-07"}}, {"type": "Feature", "geometry": {"type": "Point", "coordinates": [-82.59166666836401, 35.758333333900005]}, "properties": {"p_logistic": 0.46970534324645996, "p_rf": 0.7480000257492065, "p_xgb": 0.9968127608299255, "date": "2026-02-07"}}, {"type": "Feature", "geometry": {"type": "Point", "coordinates": [-82.58333333503101, 35.758333333900005]}, "properties": {"p_logistic": 0.4697457551956177, "p_rf": 0.7480000257492065, "p_xgb": 0.9968127608299255, "date": "2026-02-07"}}, {"type": "Feature", "geometry": {"type": "Point", "coordinates": [-82.57500000169802, 35.758333333900005]}, "properties": {"p_logistic": 0.4694971442222595, "p_rf": 0.7419999837875366, "p_xgb": 0.9968127608299255, "date": "2026-02-07"}}, {"type": "Feature", "geometry": {"type": "Point", "coordinates": [-82.56666666836502, 35.758333333900005]}, "properties": {"p_logistic": 0.46929025650024414, "p_rf": 0.7319999933242798, "p_xgb": 0.9966944456100464, "date": "2026-02-07"}}, {"type": "Feature", "geometry": {"type": "Point", "coordinates": [-82.55833333503202, 35.758333333900005]}, "properties": {"p_logistic": 0.4691287577152252, "p_rf": 0.734000027179718, "p_xgb": 0.9968127608299255, "date": "2026-02-07"}}, {"type": "Feature", "geometry": {"type": "Point", "coordinates": [-82.55000000169902, 35.758333333900005]}, "properties": {"p_logistic": 0.46899545192718506, "p_rf": 0.734000027179718, "p_xgb": 0.9968127608299255, "date": "2026-02-07"}}, {"type": "Feature", "geometry": {"type": "Point", "coordinates": [-82.54166666836602, 35.758333333900005]}, "properties": {"p_logistic": 0.4689444601535797, "p_rf": 0.734000027179718, "p_xgb": 0.9968602657318115, "date": "2026-02-07"}}, {"type": "Feature", "geometry": {"type": "Point", "coordinates": [-82.53333333503302, 35.758333333900005]}, "properties": {"p_logistic": 0.46895143389701843, "p_rf": 0.7279999852180481, "p_xgb": 0.9966651797294617, "date": "2026-02-07"}}, {"type": "Feature", "geometry": {"type": "Point", "coordinates": [-82.52500000170002, 35.758333333900005]}, "properties": {"p_logistic": 0.46934664249420166, "p_rf": 0.7239999771118164, "p_xgb": 0.9966352581977844, "date": "2026-02-07"}}, {"type": "Feature", "geometry": {"type": "Point", "coordinates": [-82.51666666836701, 35.758333333900005]}, "properties": {"p_logistic": 0.4702811539173126, "p_rf": 0.593999981880188, "p_xgb": 0.9947755336761475, "date": "2026-02-07"}}, {"type": "Feature", "geometry": {"type": "Point", "coordinates": [-82.50833333503402, 35.758333333900005]}, "properties": {"p_logistic": 0.4708552062511444, "p_rf": 0.578000009059906, "p_xgb": 0.98985755443573, "date": "2026-02-07"}}, {"type": "Feature", "geometry": {"type": "Point", "coordinates": [-82.50000000170101, 35.758333333900005]}, "properties": {"p_logistic": 0.4707813262939453, "p_rf": 0.5799999833106995, "p_xgb": 0.9897652864456177, "date": "2026-02-07"}}, {"type": "Feature", "geometry": {"type": "Point", "coordinates": [-82.49166666836803, 35.758333333900005]}, "properties": {"p_logistic": 0.47106900811195374, "p_rf": 0.5799999833106995, "p_xgb": 0.9891125559806824, "date": "2026-02-07"}}, {"type": "Feature", "geometry": {"type": "Point", "coordinates": [-82.48333333503501, 35.758333333900005]}, "properties": {"p_logistic": 0.4716149568557739, "p_rf": 0.6060000061988831, "p_xgb": 0.9895303249359131, "date": "2026-02-07"}}, {"type": "Feature", "geometry": {"type": "Point", "coordinates": [-82.47500000170201, 35.758333333900005]}, "properties": {"p_logistic": 0.4728967249393463, "p_rf": 0.6700000166893005, "p_xgb": 0.990835428237915, "date": "2026-02-07"}}, {"type": "Feature", "geometry": {"type": "Point", "coordinates": [-82.46666666836902, 35.758333333900005]}, "properties": {"p_logistic": 0.47350770235061646, "p_rf": 0.6819999814033508, "p_xgb": 0.9914793372154236, "date": "2026-02-07"}}, {"type": "Feature", "geometry": {"type": "Point", "coordinates": [-82.45833333503602, 35.758333333900005]}, "properties": {"p_logistic": 0.47397124767303467, "p_rf": 0.7440000176429749, "p_xgb": 0.9909024834632874, "date": "2026-02-07"}}, {"type": "Feature", "geometry": {"type": "Point", "coordinates": [-82.45000000170302, 35.758333333900005]}, "properties": {"p_logistic": 0.47390225529670715, "p_rf": 0.7480000257492065, "p_xgb": 0.9910673499107361, "date": "2026-02-07"}}, {"type": "Feature", "geometry": {"type": "Point", "coordinates": [-82.44166666837002, 35.758333333900005]}, "properties": {"p_logistic": 0.47376272082328796, "p_rf": 0.8059999942779541, "p_xgb": 0.9910673499107361, "date": "2026-02-07"}}, {"type": "Feature", "geometry": {"type": "Point", "coordinates": [-82.43333333503702, 35.758333333900005]}, "properties": {"p_logistic": 0.47415345907211304, "p_rf": 0.8199999928474426, "p_xgb": 0.9910673499107361, "date": "2026-02-07"}}, {"type": "Feature", "geometry": {"type": "Point", "coordinates": [-82.42500000170402, 35.758333333900005]}, "properties": {"p_logistic": 0.4742719531059265, "p_rf": 0.8379999995231628, "p_xgb": 0.9941267967224121, "date": "2026-02-07"}}, {"type": "Feature", "geometry": {"type": "Point", "coordinates": [-82.41666666837102, 35.758333333900005]}, "properties": {"p_logistic": 0.47441208362579346, "p_rf": 0.8479999899864197, "p_xgb": 0.9934754967689514, "date": "2026-02-07"}}, {"type": "Feature", "geometry": {"type": "Point", "coordinates": [-82.40833333503801, 35.758333333900005]}, "properties": {"p_logistic": 0.47473281621932983, "p_rf": 0.8619999885559082, "p_xgb": 0.9934754967689514, "date": "2026-02-07"}}, {"type": "Feature", "geometry": {"type": "Point", "coordinates": [-82.40000000170502, 35.758333333900005]}, "properties": {"p_logistic": 0.4743475317955017, "p_rf": 0.7599999904632568, "p_xgb": 0.9914258718490601, "date": "2026-02-07"}}, {"type": "Feature", "geometry": {"type": "Point", "coordinates": [-82.39166666837201, 35.758333333900005]}, "properties": {"p_logistic": 0.4745520353317261, "p_rf": 0.7419999837875366, "p_xgb": 0.9918988943099976, "date": "2026-02-07"}}, {"type": "Feature", "geometry": {"type": "Point", "coordinates": [-82.38333333503903, 35.758333333900005]}, "properties": {"p_logistic": 0.474356085062027, "p_rf": 0.6819999814033508, "p_xgb": 0.9901605844497681, "date": "2026-02-07"}}, {"type": "Feature", "geometry": {"type": "Point", "coordinates": [-82.37500000170601, 35.758333333900005]}, "properties": {"p_logistic": 0.4740203022956848, "p_rf": 0.6240000128746033, "p_xgb": 0.9901605844497681, "date": "2026-02-07"}}, {"type": "Feature", "geometry": {"type": "Point", "coordinates": [-82.36666666837301, 35.758333333900005]}, "properties": {"p_logistic": 0.4733843207359314, "p_rf": 0.6779999732971191, "p_xgb": 0.9914729595184326, "date": "2026-02-07"}}, {"type": "Feature", "geometry": {"type": "Point", "coordinates": [-82.35833333504002, 35.758333333900005]}, "properties": {"p_logistic": 0.47208720445632935, "p_rf": 0.7179999947547913, "p_xgb": 0.9909492135047913, "date": "2026-02-07"}}, {"type": "Feature", "geometry": {"type": "Point", "coordinates": [-82.35000000170702, 35.758333333900005]}, "properties": {"p_logistic": 0.47092291712760925, "p_rf": 0.6679999828338623, "p_xgb": 0.9738619327545166, "date": "2026-02-07"}}, {"type": "Feature", "geometry": {"type": "Point", "coordinates": [-82.34166666837402, 35.758333333900005]}, "properties": {"p_logistic": 0.4707854986190796, "p_rf": 0.6620000004768372, "p_xgb": 0.9738619327545166, "date": "2026-02-07"}}, {"type": "Feature", "geometry": {"type": "Point", "coordinates": [-82.63333333502902, 35.750000000567006]}, "properties": {"p_logistic": 0.4684906005859375, "p_rf": 0.765999972820282, "p_xgb": 0.9968127608299255, "date": "2026-02-07"}}, {"type": "Feature", "geometry": {"type": "Point", "coordinates": [-82.62500000169601, 35.750000000567006]}, "properties": {"p_logistic": 0.4696979224681854, "p_rf": 0.7599999904632568, "p_xgb": 0.9968127608299255, "date": "2026-02-07"}}, {"type": "Feature", "geometry": {"type": "Point", "coordinates": [-82.61666666836302, 35.750000000567006]}, "properties": {"p_logistic": 0.4701356589794159, "p_rf": 0.7440000176429749, "p_xgb": 0.9968127608299255, "date": "2026-02-07"}}, {"type": "Feature", "geometry": {"type": "Point", "coordinates": [-82.60833333503001, 35.750000000567006]}, "properties": {"p_logistic": 0.47023841738700867, "p_rf": 0.734000027179718, "p_xgb": 0.9966147541999817, "date": "2026-02-07"}}, {"type": "Feature", "geometry": {"type": "Point", "coordinates": [-82.60000000169703, 35.750000000567006]}, "properties": {"p_logistic": 0.4702441692352295, "p_rf": 0.734000027179718, "p_xgb": 0.9949628114700317, "date": "2026-02-07"}}, {"type": "Feature", "geometry": {"type": "Point", "coordinates": [-82.59166666836401, 35.750000000567006]}, "properties": {"p_logistic": 0.47010675072669983, "p_rf": 0.6959999799728394, "p_xgb": 0.9949628114700317, "date": "2026-02-07"}}, {"type": "Feature", "geometry": {"type": "Point", "coordinates": [-82.58333333503101, 35.750000000567006]}, "properties": {"p_logistic": 0.4697255790233612, "p_rf": 0.6579999923706055, "p_xgb": 0.9949628114700317, "date": "2026-02-07"}}, {"type": "Feature", "geometry": {"type": "Point", "coordinates": [-82.57500000169802, 35.750000000567006]}, "properties": {"p_logistic": 0.4695696532726288, "p_rf": 0.6499999761581421, "p_xgb": 0.9949628114700317, "date": "2026-02-07"}}, {"type": "Feature", "geometry": {"type": "Point", "coordinates": [-82.56666666836502, 35.750000000567006]}, "properties": {"p_logistic": 0.46939992904663086, "p_rf": 0.6940000057220459, "p_xgb": 0.9948398470878601, "date": "2026-02-07"}}, {"type": "Feature", "geometry": {"type": "Point", "coordinates": [-82.55833333503202, 35.750000000567006]}, "properties": {"p_logistic": 0.4691799283027649, "p_rf": 0.7120000123977661, "p_xgb": 0.9948398470878601, "date": "2026-02-07"}}, {"type": "Feature", "geometry": {"type": "Point", "coordinates": [-82.55000000169902, 35.750000000567006]}, "properties": {"p_logistic": 0.468917578458786, "p_rf": 0.7260000109672546, "p_xgb": 0.9948398470878601, "date": "2026-02-07"}}, {"type": "Feature", "geometry": {"type": "Point", "coordinates": [-82.54166666836602, 35.750000000567006]}, "properties": {"p_logistic": 0.4686679244041443, "p_rf": 0.7279999852180481, "p_xgb": 0.9965319633483887, "date": "2026-02-07"}}, {"type": "Feature", "geometry": {"type": "Point", "coordinates": [-82.53333333503302, 35.750000000567006]}, "properties": {"p_logistic": 0.4685642123222351, "p_rf": 0.7300000190734863, "p_xgb": 0.9965319633483887, "date": "2026-02-07"}}, {"type": "Feature", "geometry": {"type": "Point", "coordinates": [-82.52500000170002, 35.750000000567006]}, "properties": {"p_logistic": 0.4685622751712799, "p_rf": 0.6480000019073486, "p_xgb": 0.9952659606933594, "date": "2026-02-07"}}, {"type": "Feature", "geometry": {"type": "Point", "coordinates": [-82.51666666836701, 35.750000000567006]}, "properties": {"p_logistic": 0.4694216549396515, "p_rf": 0.5979999899864197, "p_xgb": 0.9928200840950012, "date": "2026-02-07"}}, {"type": "Feature", "geometry": {"type": "Point", "coordinates": [-82.50833333503402, 35.750000000567006]}, "properties": {"p_logistic": 0.46949440240859985, "p_rf": 0.578000009059906, "p_xgb": 0.98985755443573, "date": "2026-02-07"}}, {"type": "Feature", "geometry": {"type": "Point", "coordinates": [-82.50000000170101, 35.750000000567006]}, "properties": {"p_logistic": 0.46987396478652954, "p_rf": 0.5799999833106995, "p_xgb": 0.9891125559806824, "date": "2026-02-07"}}, {"type": "Feature", "geometry": {"type": "Point", "coordinates": [-82.49166666836803, 35.750000000567006]}, "properties": {"p_logistic": 0.47003668546676636, "p_rf": 0.5960000157356262, "p_xgb": 0.9886583685874939, "date": "2026-02-07"}}, {"type": "Feature", "geometry": {"type": "Point", "coordinates": [-82.48333333503501, 35.750000000567006]}, "properties": {"p_logistic": 0.47040918469429016, "p_rf": 0.6159999966621399, "p_xgb": 0.9892528653144836, "date": "2026-02-07"}}, {"type": "Feature", "geometry": {"type": "Point", "coordinates": [-82.47500000170201, 35.750000000567006]}, "properties": {"p_logistic": 0.47135016322135925, "p_rf": 0.6660000085830688, "p_xgb": 0.9905921816825867, "date": "2026-02-07"}}, {"type": "Feature", "geometry": {"type": "Point", "coordinates": [-82.46666666836902, 35.750000000567006]}, "properties": {"p_logistic": 0.4722435474395752, "p_rf": 0.6819999814033508, "p_xgb": 0.9912529587745667, "date": "2026-02-07"}}, {"type": "Feature", "geometry": {"type": "Point", "coordinates": [-82.45833333503602, 35.750000000567006]}, "properties": {"p_logistic": 0.4729515016078949, "p_rf": 0.6840000152587891, "p_xgb": 0.9904668927192688, "date": "2026-02-07"}}, {"type": "Feature", "geometry": {"type": "Point", "coordinates": [-82.45000000170302, 35.750000000567006]}, "properties": {"p_logistic": 0.473231703042984, "p_rf": 0.7160000205039978, "p_xgb": 0.9908814430236816, "date": "2026-02-07"}}, {"type": "Feature", "geometry": {"type": "Point", "coordinates": [-82.44166666837002, 35.750000000567006]}, "properties": {"p_logistic": 0.47338369488716125, "p_rf": 0.7400000095367432, "p_xgb": 0.9910673499107361, "date": "2026-02-07"}}, {"type": "Feature", "geometry": {"type": "Point", "coordinates": [-82.43333333503702, 35.750000000567006]}, "properties": {"p_logistic": 0.4734446108341217, "p_rf": 0.8320000171661377, "p_xgb": 0.9925056099891663, "date": "2026-02-07"}}, {"type": "Feature", "geometry": {"type": "Point", "coordinates": [-82.42500000170402, 35.750000000567006]}, "properties": {"p_logistic": 0.4736354649066925, "p_rf": 0.8399999737739563, "p_xgb": 0.9915828108787537, "date": "2026-02-07"}}, {"type": "Feature", "geometry": {"type": "Point", "coordinates": [-82.41666666837102, 35.750000000567006]}, "properties": {"p_logistic": 0.4748899042606354, "p_rf": 0.8420000076293945, "p_xgb": 0.9920727610588074, "date": "2026-02-07"}}, {"type": "Feature", "geometry": {"type": "Point", "coordinates": [-82.40833333503801, 35.750000000567006]}, "properties": {"p_logistic": 0.4753909111022949, "p_rf": 0.8619999885559082, "p_xgb": 0.9922332763671875, "date": "2026-02-07"}}, {"type": "Feature", "geometry": {"type": "Point", "coordinates": [-82.40000000170502, 35.750000000567006]}, "properties": {"p_logistic": 0.4749971628189087, "p_rf": 0.7379999756813049, "p_xgb": 0.9917247295379639, "date": "2026-02-07"}}, {"type": "Feature", "geometry": {"type": "Point", "coordinates": [-82.39166666837201, 35.750000000567006]}, "properties": {"p_logistic": 0.47525566816329956, "p_rf": 0.7099999785423279, "p_xgb": 0.9901605844497681, "date": "2026-02-07"}}, {"type": "Feature", "geometry": {"type": "Point", "coordinates": [-82.38333333503903, 35.750000000567006]}, "properties": {"p_logistic": 0.47514280676841736, "p_rf": 0.6320000290870667, "p_xgb": 0.9901605844497681, "date": "2026-02-07"}}, {"type": "Feature", "geometry": {"type": "Point", "coordinates": [-82.37500000170601, 35.750000000567006]}, "properties": {"p_logistic": 0.47492095828056335, "p_rf": 0.6499999761581421, "p_xgb": 0.9909290671348572, "date": "2026-02-07"}}, {"type": "Feature", "geometry": {"type": "Point", "coordinates": [-82.36666666837301, 35.750000000567006]}, "properties": {"p_logistic": 0.4748038649559021, "p_rf": 0.6980000138282776, "p_xgb": 0.9922516942024231, "date": "2026-02-07"}}, {"type": "Feature", "geometry": {"type": "Point", "coordinates": [-82.35833333504002, 35.750000000567006]}, "properties": {"p_logistic": 0.4736725687980652, "p_rf": 0.6940000057220459, "p_xgb": 0.9881407022476196, "date": "2026-02-07"}}, {"type": "Feature", "geometry": {"type": "Point", "coordinates": [-82.35000000170702, 35.750000000567006]}, "properties": {"p_logistic": 0.4729525148868561, "p_rf": 0.6620000004768372, "p_xgb": 0.9738619327545166, "date": "2026-02-07"}}, {"type": "Feature", "geometry": {"type": "Point", "coordinates": [-82.34166666837402, 35.750000000567006]}, "properties": {"p_logistic": 0.4723643660545349, "p_rf": 0.6679999828338623, "p_xgb": 0.9756882190704346, "date": "2026-02-07"}}, {"type": "Feature", "geometry": {"type": "Point", "coordinates": [-82.65000000169502, 35.741666667234]}, "properties": {"p_logistic": 0.4667782485485077, "p_rf": 0.7639999985694885, "p_xgb": 0.9968602657318115, "date": "2026-02-07"}}, {"type": "Feature", "geometry": {"type": "Point", "coordinates": [-82.64166666836202, 35.741666667234]}, "properties": {"p_logistic": 0.4684997498989105, "p_rf": 0.7540000081062317, "p_xgb": 0.9968602657318115, "date": "2026-02-07"}}, {"type": "Feature", "geometry": {"type": "Point", "coordinates": [-82.63333333502902, 35.741666667234]}, "properties": {"p_logistic": 0.46955275535583496, "p_rf": 0.7580000162124634, "p_xgb": 0.9968127608299255, "date": "2026-02-07"}}, {"type": "Feature", "geometry": {"type": "Point", "coordinates": [-82.62500000169601, 35.741666667234]}, "properties": {"p_logistic": 0.4708554148674011, "p_rf": 0.7540000081062317, "p_xgb": 0.9952569603919983, "date": "2026-02-07"}}, {"type": "Feature", "geometry": {"type": "Point", "coordinates": [-82.61666666836302, 35.741666667234]}, "properties": {"p_logistic": 0.47124820947647095, "p_rf": 0.7379999756813049, "p_xgb": 0.9952569603919983, "date": "2026-02-07"}}, {"type": "Feature", "geometry": {"type": "Point", "coordinates": [-82.60833333503001, 35.741666667234]}, "properties": {"p_logistic": 0.4712795913219452, "p_rf": 0.7379999756813049, "p_xgb": 0.9952569603919983, "date": "2026-02-07"}}, {"type": "Feature", "geometry": {"type": "Point", "coordinates": [-82.60000000169703, 35.741666667234]}, "properties": {"p_logistic": 0.47104600071907043, "p_rf": 0.7300000190734863, "p_xgb": 0.9950811862945557, "date": "2026-02-07"}}, {"type": "Feature", "geometry": {"type": "Point", "coordinates": [-82.59166666836401, 35.741666667234]}, "properties": {"p_logistic": 0.47057467699050903, "p_rf": 0.7260000109672546, "p_xgb": 0.9949628114700317, "date": "2026-02-07"}}, {"type": "Feature", "geometry": {"type": "Point", "coordinates": [-82.58333333503101, 35.741666667234]}, "properties": {"p_logistic": 0.470231831073761, "p_rf": 0.6499999761581421, "p_xgb": 0.9948398470878601, "date": "2026-02-07"}}, {"type": "Feature", "geometry": {"type": "Point", "coordinates": [-82.57500000169802, 35.741666667234]}, "properties": {"p_logistic": 0.4699726998806, "p_rf": 0.6320000290870667, "p_xgb": 0.994732141494751, "date": "2026-02-07"}}, {"type": "Feature", "geometry": {"type": "Point", "coordinates": [-82.56666666836502, 35.741666667234]}, "properties": {"p_logistic": 0.4699018597602844, "p_rf": 0.6320000290870667, "p_xgb": 0.9952759742736816, "date": "2026-02-07"}}, {"type": "Feature", "geometry": {"type": "Point", "coordinates": [-82.55833333503202, 35.741666667234]}, "properties": {"p_logistic": 0.4693656265735626, "p_rf": 0.6320000290870667, "p_xgb": 0.9952759742736816, "date": "2026-02-07"}}, {"type": "Feature", "geometry": {"type": "Point", "coordinates": [-82.55000000169902, 35.741666667234]}, "properties": {"p_logistic": 0.4688480496406555, "p_rf": 0.6320000290870667, "p_xgb": 0.9952759742736816, "date": "2026-02-07"}}, {"type": "Feature", "geometry": {"type": "Point", "coordinates": [-82.54166666836602, 35.741666667234]}, "properties": {"p_logistic": 0.4685173034667969, "p_rf": 0.6320000290870667, "p_xgb": 0.9951671361923218, "date": "2026-02-07"}}, {"type": "Feature", "geometry": {"type": "Point", "coordinates": [-82.53333333503302, 35.741666667234]}, "properties": {"p_logistic": 0.4685225784778595, "p_rf": 0.6320000290870667, "p_xgb": 0.9951671361923218, "date": "2026-02-07"}}, {"type": "Feature", "geometry": {"type": "Point", "coordinates": [-82.52500000170002, 35.741666667234]}, "properties": {"p_logistic": 0.4679394066333771, "p_rf": 0.628000020980835, "p_xgb": 0.9935289025306702, "date": "2026-02-07"}}, {"type": "Feature", "geometry": {"type": "Point", "coordinates": [-82.51666666836701, 35.741666667234]}, "properties": {"p_logistic": 0.46824097633361816, "p_rf": 0.578000009059906, "p_xgb": 0.9907325506210327, "date": "2026-02-07"}}, {"type": "Feature", "geometry": {"type": "Point", "coordinates": [-82.50833333503402, 35.741666667234]}, "properties": {"p_logistic": 0.4684549570083618, "p_rf": 0.5759999752044678, "p_xgb": 0.9886583685874939, "date": "2026-02-07"}}, {"type": "Feature", "geometry": {"type": "Point", "coordinates": [-82.50000000170101, 35.741666667234]}, "properties": {"p_logistic": 0.46891865134239197, "p_rf": 0.5960000157356262, "p_xgb": 0.9886583685874939, "date": "2026-02-07"}}, {"type": "Feature", "geometry": {"type": "Point", "coordinates": [-82.49166666836803, 35.741666667234]}, "properties": {"p_logistic": 0.46876612305641174, "p_rf": 0.593999981880188, "p_xgb": 0.9868546724319458, "date": "2026-02-07"}}, {"type": "Feature", "geometry": {"type": "Point", "coordinates": [-82.48333333503501, 35.741666667234]}, "properties": {"p_logistic": 0.4688534736633301, "p_rf": 0.6240000128746033, "p_xgb": 0.9862985014915466, "date": "2026-02-07"}}, {"type": "Feature", "geometry": {"type": "Point", "coordinates": [-82.47500000170201, 35.741666667234]}, "properties": {"p_logistic": 0.4696490466594696, "p_rf": 0.6759999990463257, "p_xgb": 0.9890927076339722, "date": "2026-02-07"}}, {"type": "Feature", "geometry": {"type": "Point", "coordinates": [-82.46666666836902, 35.741666667234]}, "properties": {"p_logistic": 0.4704698324203491, "p_rf": 0.6800000071525574, "p_xgb": 0.9898577332496643, "date": "2026-02-07"}}, {"type": "Feature", "geometry": {"type": "Point", "coordinates": [-82.45833333503602, 35.741666667234]}, "properties": {"p_logistic": 0.4715319573879242, "p_rf": 0.6819999814033508, "p_xgb": 0.987998366355896, "date": "2026-02-07"}}, {"type": "Feature", "geometry": {"type": "Point", "coordinates": [-82.45000000170302, 35.741666667234]}, "properties": {"p_logistic": 0.4722262918949127, "p_rf": 0.722000002861023, "p_xgb": 0.9901754260063171, "date": "2026-02-07"}}, {"type": "Feature", "geometry": {"type": "Point", "coordinates": [-82.44166666837002, 35.741666667234]}, "properties": {"p_logistic": 0.47279101610183716, "p_rf": 0.7400000095367432, "p_xgb": 0.9901754260063171, "date": "2026-02-07"}}, {"type": "Feature", "geometry": {"type": "Point", "coordinates": [-82.43333333503702, 35.741666667234]}, "properties": {"p_logistic": 0.47308945655822754, "p_rf": 0.7379999756813049, "p_xgb": 0.9911794066429138, "date": "2026-02-07"}}, {"type": "Feature", "geometry": {"type": "Point", "coordinates": [-82.42500000170402, 35.741666667234]}, "properties": {"p_logistic": 0.4738391637802124, "p_rf": 0.8100000023841858, "p_xgb": 0.9915340542793274, "date": "2026-02-07"}}, {"type": "Feature", "geometry": {"type": "Point", "coordinates": [-82.41666666837102, 35.741666667234]}, "properties": {"p_logistic": 0.4741930663585663, "p_rf": 0.8460000157356262, "p_xgb": 0.9917531609535217, "date": "2026-02-07"}}, {"type": "Feature", "geometry": {"type": "Point", "coordinates": [-82.40833333503801, 35.741666667234]}, "properties": {"p_logistic": 0.47422319650650024, "p_rf": 0.7379999756813049, "p_xgb": 0.9911981225013733, "date": "2026-02-07"}}, {"type": "Feature", "geometry": {"type": "Point", "coordinates": [-82.40000000170502, 35.741666667234]}, "properties": {"p_logistic": 0.47508472204208374, "p_rf": 0.699999988079071, "p_xgb": 0.9905378818511963, "date": "2026-02-07"}}, {"type": "Feature", "geometry": {"type": "Point", "coordinates": [-82.39166666837201, 35.741666667234]}, "properties": {"p_logistic": 0.4758116900920868, "p_rf": 0.621999979019165, "p_xgb": 0.9898996949195862, "date": "2026-02-07"}}, {"type": "Feature", "geometry": {"type": "Point", "coordinates": [-82.38333333503903, 35.741666667234]}, "properties": {"p_logistic": 0.47604453563690186, "p_rf": 0.6840000152587891, "p_xgb": 0.9892038702964783, "date": "2026-02-07"}}, {"type": "Feature", "geometry": {"type": "Point", "coordinates": [-82.37500000170601, 35.741666667234]}, "properties": {"p_logistic": 0.4762088358402252, "p_rf": 0.6940000057220459, "p_xgb": 0.9907398223876953, "date": "2026-02-07"}}, {"type": "Feature", "geometry": {"type": "Point", "coordinates": [-82.36666666837301, 35.741666667234]}, "properties": {"p_logistic": 0.47590920329093933, "p_rf": 0.7080000042915344, "p_xgb": 0.9906408190727234, "date": "2026-02-07"}}, {"type": "Feature", "geometry": {"type": "Point", "coordinates": [-82.35833333504002, 35.741666667234]}, "properties": {"p_logistic": 0.4759403169155121, "p_rf": 0.6840000152587891, "p_xgb": 0.9738619327545166, "date": "2026-02-07"}}, {"type": "Feature", "geometry": {"type": "Point", "coordinates": [-82.35000000170702, 35.741666667234]}, "properties": {"p_logistic": 0.4757920801639557, "p_rf": 0.6660000085830688, "p_xgb": 0.975848913192749, "date": "2026-02-07"}}, {"type": "Feature", "geometry": {"type": "Point", "coordinates": [-82.34166666837402, 35.741666667234]}, "properties": {"p_logistic": 0.475543737411499, "p_rf": 0.6639999747276306, "p_xgb": 0.9756882190704346, "date": "2026-02-07"}}, {"type": "Feature", "geometry": {"type": "Point", "coordinates": [-82.33333333504102, 35.741666667234]}, "properties": {"p_logistic": 0.47601667046546936, "p_rf": 0.7200000286102295, "p_xgb": 0.981661856174469, "date": "2026-02-07"}}, {"type": "Feature", "geometry": {"type": "Point", "coordinates": [-82.32500000170802, 35.741666667234]}, "properties": {"p_logistic": 0.4779914915561676, "p_rf": 0.7419999837875366, "p_xgb": 0.9950870871543884, "date": "2026-02-07"}}, {"type": "Feature", "geometry": {"type": "Point", "coordinates": [-82.70000000169301, 35.733333333901]}, "properties": {"p_logistic": 0.4615924656391144, "p_rf": 0.7620000243186951, "p_xgb": 0.9943673014640808, "date": "2026-02-07"}}, {"type": "Feature", "geometry": {"type": "Point", "coordinates": [-82.67500000169402, 35.733333333901]}, "properties": {"p_logistic": 0.4645920693874359, "p_rf": 0.7519999742507935, "p_xgb": 0.9958069324493408, "date": "2026-02-07"}}, {"type": "Feature", "geometry": {"type": "Point", "coordinates": [-82.66666666836102, 35.733333333901]}, "properties": {"p_logistic": 0.46528568863868713, "p_rf": 0.7540000081062317, "p_xgb": 0.9958069324493408, "date": "2026-02-07"}}, {"type": "Feature", "geometry": {"type": "Point", "coordinates": [-82.65833333502802, 35.733333333901]}, "properties": {"p_logistic": 0.4663247764110565, "p_rf": 0.7639999985694885, "p_xgb": 0.9967877864837646, "date": "2026-02-07"}}, {"type": "Feature", "geometry": {"type": "Point", "coordinates": [-82.65000000169502, 35.733333333901]}, "properties": {"p_logistic": 0.4677553176879883, "p_rf": 0.7699999809265137, "p_xgb": 0.9969289898872375, "date": "2026-02-07"}}, {"type": "Feature", "geometry": {"type": "Point", "coordinates": [-82.64166666836202, 35.733333333901]}, "properties": {"p_logistic": 0.4694572687149048, "p_rf": 0.7620000243186951, "p_xgb": 0.9969289898872375, "date": "2026-02-07"}}, {"type": "Feature", "geometry": {"type": "Point", "coordinates": [-82.63333333502902, 35.733333333901]}, "properties": {"p_logistic": 0.4705386757850647, "p_rf": 0.7540000081062317, "p_xgb": 0.9968127608299255, "date": "2026-02-07"}}, {"type": "Feature", "geometry": {"type": "Point", "coordinates": [-82.62500000169601, 35.733333333901]}, "properties": {"p_logistic": 0.47200238704681396, "p_rf": 0.7580000162124634, "p_xgb": 0.9952569603919983, "date": "2026-02-07"}}, {"type": "Feature", "geometry": {"type": "Point", "coordinates": [-82.61666666836302, 35.733333333901]}, "properties": {"p_logistic": 0.47254678606987, "p_rf": 0.7540000081062317, "p_xgb": 0.9952569603919983, "date": "2026-02-07"}}, {"type": "Feature", "geometry": {"type": "Point", "coordinates": [-82.60833333503001, 35.733333333901]}, "properties": {"p_logistic": 0.47254514694213867, "p_rf": 0.7540000081062317, "p_xgb": 0.9952569603919983, "date": "2026-02-07"}}, {"type": "Feature", "geometry": {"type": "Point", "coordinates": [-82.60000000169703, 35.733333333901]}, "properties": {"p_logistic": 0.4720342755317688, "p_rf": 0.7480000257492065, "p_xgb": 0.9952569603919983, "date": "2026-02-07"}}, {"type": "Feature", "geometry": {"type": "Point", "coordinates": [-82.59166666836401, 35.733333333901]}, "properties": {"p_logistic": 0.4714154601097107, "p_rf": 0.734000027179718, "p_xgb": 0.9954814910888672, "date": "2026-02-07"}}, {"type": "Feature", "geometry": {"type": "Point", "coordinates": [-82.58333333503101, 35.733333333901]}, "properties": {"p_logistic": 0.4707719683647156, "p_rf": 0.7260000109672546, "p_xgb": 0.9953725934028625, "date": "2026-02-07"}}, {"type": "Feature", "geometry": {"type": "Point", "coordinates": [-82.57500000169802, 35.733333333901]}, "properties": {"p_logistic": 0.4704969525337219, "p_rf": 0.6420000195503235, "p_xgb": 0.9953725934028625, "date": "2026-02-07"}}, {"type": "Feature", "geometry": {"type": "Point", "coordinates": [-82.56666666836502, 35.733333333901]}, "properties": {"p_logistic": 0.47037211060523987, "p_rf": 0.6299999952316284, "p_xgb": 0.9951671361923218, "date": "2026-02-07"}}, {"type": "Feature", "geometry": {"type": "Point", "coordinates": [-82.55833333503202, 35.733333333901]}, "properties": {"p_logistic": 0.46969249844551086, "p_rf": 0.6299999952316284, "p_xgb": 0.9951671361923218, "date": "2026-02-07"}}, {"type": "Feature", "geometry": {"type": "Point", "coordinates": [-82.55000000169902, 35.733333333901]}, "properties": {"p_logistic": 0.4692170321941376, "p_rf": 0.6299999952316284, "p_xgb": 0.9936946034431458, "date": "2026-02-07"}}, {"type": "Feature", "geometry": {"type": "Point", "coordinates": [-82.54166666836602, 35.733333333901]}, "properties": {"p_logistic": 0.4686906933784485, "p_rf": 0.628000020980835, "p_xgb": 0.9936946034431458, "date": "2026-02-07"}}, {"type": "Feature", "geometry": {"type": "Point", "coordinates": [-82.53333333503302, 35.733333333901]}, "properties": {"p_logistic": 0.46857789158821106, "p_rf": 0.6259999871253967, "p_xgb": 0.9935289025306702, "date": "2026-02-07"}}, {"type": "Feature", "geometry": {"type": "Point", "coordinates": [-82.52500000170002, 35.733333333901]}, "properties": {"p_logistic": 0.46740904450416565, "p_rf": 0.6100000143051147, "p_xgb": 0.9907325506210327, "date": "2026-02-07"}}, {"type": "Feature", "geometry": {"type": "Point", "coordinates": [-82.51666666836701, 35.733333333901]}, "properties": {"p_logistic": 0.46692147850990295, "p_rf": 0.5759999752044678, "p_xgb": 0.9889248013496399, "date": "2026-02-07"}}, {"type": "Feature", "geometry": {"type": "Point", "coordinates": [-82.50833333503402, 35.733333333901]}, "properties": {"p_logistic": 0.46683573722839355, "p_rf": 0.5759999752044678, "p_xgb": 0.9868546724319458, "date": "2026-02-07"}}, {"type": "Feature", "geometry": {"type": "Point", "coordinates": [-82.50000000170101, 35.733333333901]}, "properties": {"p_logistic": 0.46759864687919617, "p_rf": 0.593999981880188, "p_xgb": 0.985542893409729, "date": "2026-02-07"}}, {"type": "Feature", "geometry": {"type": "Point", "coordinates": [-82.49166666836803, 35.733333333901]}, "properties": {"p_logistic": 0.4679529070854187, "p_rf": 0.6140000224113464, "p_xgb": 0.9862985014915466, "date": "2026-02-07"}}, {"type": "Feature", "geometry": {"type": "Point", "coordinates": [-82.48333333503501, 35.733333333901]}, "properties": {"p_logistic": 0.4677548408508301, "p_rf": 0.6340000033378601, "p_xgb": 0.9862985014915466, "date": "2026-02-07"}}, {"type": "Feature", "geometry": {"type": "Point", "coordinates": [-82.47500000170201, 35.733333333901]}, "properties": {"p_logistic": 0.468146950006485, "p_rf": 0.6620000004768372, "p_xgb": 0.9876975417137146, "date": "2026-02-07"}}, {"type": "Feature", "geometry": {"type": "Point", "coordinates": [-82.46666666836902, 35.733333333901]}, "properties": {"p_logistic": 0.4689520001411438, "p_rf": 0.6679999828338623, "p_xgb": 0.9876614809036255, "date": "2026-02-07"}}, {"type": "Feature", "geometry": {"type": "Point", "coordinates": [-82.45833333503602, 35.733333333901]}, "properties": {"p_logistic": 0.4702252447605133, "p_rf": 0.7080000042915344, "p_xgb": 0.9867992997169495, "date": "2026-02-07"}}, {"type": "Feature", "geometry": {"type": "Point", "coordinates": [-82.45000000170302, 35.733333333901]}, "properties": {"p_logistic": 0.4705343246459961, "p_rf": 0.7039999961853027, "p_xgb": 0.9894096851348877, "date": "2026-02-07"}}, {"type": "Feature", "geometry": {"type": "Point", "coordinates": [-82.44166666837002, 35.733333333901]}, "properties": {"p_logistic": 0.4710407257080078, "p_rf": 0.7120000123977661, "p_xgb": 0.9889757633209229, "date": "2026-02-07"}}, {"type": "Feature", "geometry": {"type": "Point", "coordinates": [-82.43333333503702, 35.733333333901]}, "properties": {"p_logistic": 0.4716964364051819, "p_rf": 0.7179999947547913, "p_xgb": 0.9889757633209229, "date": "2026-02-07"}}, {"type": "Feature", "geometry": {"type": "Point", "coordinates": [-82.42500000170402, 35.733333333901]}, "properties": {"p_logistic": 0.4724200963973999, "p_rf": 0.7099999785423279, "p_xgb": 0.9889757633209229, "date": "2026-02-07"}}, {"type": "Feature", "geometry": {"type": "Point", "coordinates": [-82.41666666837102, 35.733333333901]}, "properties": {"p_logistic": 0.47300049662590027, "p_rf": 0.7319999933242798, "p_xgb": 0.9891999959945679, "date": "2026-02-07"}}, {"type": "Feature", "geometry": {"type": "Point", "coordinates": [-82.40833333503801, 35.733333333901]}, "properties": {"p_logistic": 0.4736010730266571, "p_rf": 0.7120000123977661, "p_xgb": 0.9901493787765503, "date": "2026-02-07"}}, {"type": "Feature", "geometry": {"type": "Point", "coordinates": [-82.40000000170502, 35.733333333901]}, "properties": {"p_logistic": 0.47390490770339966, "p_rf": 0.6539999842643738, "p_xgb": 0.9882909655570984, "date": "2026-02-07"}}, {"type": "Feature", "geometry": {"type": "Point", "coordinates": [-82.39166666837201, 35.733333333901]}, "properties": {"p_logistic": 0.4755218029022217, "p_rf": 0.6819999814033508, "p_xgb": 0.9871208071708679, "date": "2026-02-07"}}, {"type": "Feature", "geometry": {"type": "Point", "coordinates": [-82.38333333503903, 35.733333333901]}, "properties": {"p_logistic": 0.4767239987850189, "p_rf": 0.699999988079071, "p_xgb": 0.9888339638710022, "date": "2026-02-07"}}, {"type": "Feature", "geometry": {"type": "Point", "coordinates": [-82.37500000170601, 35.733333333901]}, "properties": {"p_logistic": 0.47705361247062683, "p_rf": 0.6819999814033508, "p_xgb": 0.9901134967803955, "date": "2026-02-07"}}, {"type": "Feature", "geometry": {"type": "Point", "coordinates": [-82.36666666837301, 35.733333333901]}, "properties": {"p_logistic": 0.4774782955646515, "p_rf": 0.6600000262260437, "p_xgb": 0.9894216656684875, "date": "2026-02-07"}}, {"type": "Feature", "geometry": {"type": "Point", "coordinates": [-82.35833333504002, 35.733333333901]}, "properties": {"p_logistic": 0.47723880410194397, "p_rf": 0.6620000004768372, "p_xgb": 0.9712914228439331, "date": "2026-02-07"}}, {"type": "Feature", "geometry": {"type": "Point", "coordinates": [-82.35000000170702, 35.733333333901]}, "properties": {"p_logistic": 0.47752729058265686, "p_rf": 0.6700000166893005, "p_xgb": 0.9756882190704346, "date": "2026-02-07"}}, {"type": "Feature", "geometry": {"type": "Point", "coordinates": [-82.34166666837402, 35.733333333901]}, "properties": {"p_logistic": 0.47770121693611145, "p_rf": 0.6800000071525574, "p_xgb": 0.9756882190704346, "date": "2026-02-07"}}, {"type": "Feature", "geometry": {"type": "Point", "coordinates": [-82.33333333504102, 35.733333333901]}, "properties": {"p_logistic": 0.47873371839523315, "p_rf": 0.7260000109672546, "p_xgb": 0.9849599003791809, "date": "2026-02-07"}}, {"type": "Feature", "geometry": {"type": "Point", "coordinates": [-82.32500000170802, 35.733333333901]}, "properties": {"p_logistic": 0.48016202449798584, "p_rf": 0.7480000257492065, "p_xgb": 0.9960241317749023, "date": "2026-02-07"}}, {"type": "Feature", "geometry": {"type": "Point", "coordinates": [-82.31666666837502, 35.733333333901]}, "properties": {"p_logistic": 0.48229146003723145, "p_rf": 0.7300000190734863, "p_xgb": 0.9945428371429443, "date": "2026-02-07"}}, {"type": "Feature", "geometry": {"type": "Point", "coordinates": [-82.70833333502603, 35.725000000568]}, "properties": {"p_logistic": 0.4608488082885742, "p_rf": 0.7639999985694885, "p_xgb": 0.9943673014640808, "date": "2026-02-07"}}, {"type": "Feature", "geometry": {"type": "Point", "coordinates": [-82.70000000169301, 35.725000000568]}, "properties": {"p_logistic": 0.4616795778274536, "p_rf": 0.7620000243186951, "p_xgb": 0.9943673014640808, "date": "2026-02-07"}}, {"type": "Feature", "geometry": {"type": "Point", "coordinates": [-82.69166666836001, 35.725000000568]}, "properties": {"p_logistic": 0.4626176655292511, "p_rf": 0.7519999742507935, "p_xgb": 0.9943673014640808, "date": "2026-02-07"}}, {"type": "Feature", "geometry": {"type": "Point", "coordinates": [-82.68333333502702, 35.725000000568]}, "properties": {"p_logistic": 0.463844895362854, "p_rf": 0.7540000081062317, "p_xgb": 0.9956396818161011, "date": "2026-02-07"}}, {"type": "Feature", "geometry": {"type": "Point", "coordinates": [-82.67500000169402, 35.725000000568]}, "properties": {"p_logistic": 0.4648361802101135, "p_rf": 0.7519999742507935, "p_xgb": 0.9956396818161011, "date": "2026-02-07"}}, {"type": "Feature", "geometry": {"type": "Point", "coordinates": [-82.66666666836102, 35.725000000568]}, "properties": {"p_logistic": 0.4657416045665741, "p_rf": 0.7559999823570251, "p_xgb": 0.9956396818161011, "date": "2026-02-07"}}, {"type": "Feature", "geometry": {"type": "Point", "coordinates": [-82.65833333502802, 35.725000000568]}, "properties": {"p_logistic": 0.46694037318229675, "p_rf": 0.7639999985694885, "p_xgb": 0.9968580007553101, "date": "2026-02-07"}}, {"type": "Feature", "geometry": {"type": "Point", "coordinates": [-82.65000000169502, 35.725000000568]}, "properties": {"p_logistic": 0.46846961975097656, "p_rf": 0.765999972820282, "p_xgb": 0.9969289898872375, "date": "2026-02-07"}}, {"type": "Feature", "geometry": {"type": "Point", "coordinates": [-82.64166666836202, 35.725000000568]}, "properties": {"p_logistic": 0.4699613153934479, "p_rf": 0.7620000243186951, "p_xgb": 0.9969289898872375, "date": "2026-02-07"}}, {"type": "Feature", "geometry": {"type": "Point", "coordinates": [-82.63333333502902, 35.725000000568]}, "properties": {"p_logistic": 0.47147613763809204, "p_rf": 0.7720000147819519, "p_xgb": 0.996882438659668, "date": "2026-02-07"}}, {"type": "Feature", "geometry": {"type": "Point", "coordinates": [-82.62500000169601, 35.725000000568]}, "properties": {"p_logistic": 0.4731564223766327, "p_rf": 0.7639999985694885, "p_xgb": 0.996882438659668, "date": "2026-02-07"}}, {"type": "Feature", "geometry": {"type": "Point", "coordinates": [-82.61666666836302, 35.725000000568]}, "properties": {"p_logistic": 0.4738348126411438, "p_rf": 0.7620000243186951, "p_xgb": 0.9952569603919983, "date": "2026-02-07"}}, {"type": "Feature", "geometry": {"type": "Point", "coordinates": [-82.60833333503001, 35.725000000568]}, "properties": {"p_logistic": 0.4739212393760681, "p_rf": 0.7559999823570251, "p_xgb": 0.9952569603919983, "date": "2026-02-07"}}, {"type": "Feature", "geometry": {"type": "Point", "coordinates": [-82.60000000169703, 35.725000000568]}, "properties": {"p_logistic": 0.47337985038757324, "p_rf": 0.7519999742507935, "p_xgb": 0.9957467913627625, "date": "2026-02-07"}}, {"type": "Feature", "geometry": {"type": "Point", "coordinates": [-82.59166666836401, 35.725000000568]}, "properties": {"p_logistic": 0.47249478101730347, "p_rf": 0.7440000176429749, "p_xgb": 0.9957467913627625, "date": "2026-02-07"}}, {"type": "Feature", "geometry": {"type": "Point", "coordinates": [-82.58333333503101, 35.725000000568]}, "properties": {"p_logistic": 0.4718230068683624, "p_rf": 0.7300000190734863, "p_xgb": 0.9956430196762085, "date": "2026-02-07"}}, {"type": "Feature", "geometry": {"type": "Point", "coordinates": [-82.57500000169802, 35.725000000568]}, "properties": {"p_logistic": 0.47116437554359436, "p_rf": 0.7260000109672546, "p_xgb": 0.9953725934028625, "date": "2026-02-07"}}, {"type": "Feature", "geometry": {"type": "Point", "coordinates": [-82.56666666836502, 35.725000000568]}, "properties": {"p_logistic": 0.4708073139190674, "p_rf": 0.6460000276565552, "p_xgb": 0.9951413869857788, "date": "2026-02-07"}}, {"type": "Feature", "geometry": {"type": "Point", "coordinates": [-82.55833333503202, 35.725000000568]}, "properties": {"p_logistic": 0.47033974528312683, "p_rf": 0.6179999709129333, "p_xgb": 0.9935289025306702, "date": "2026-02-07"}}, {"type": "Feature", "geometry": {"type": "Point", "coordinates": [-82.55000000169902, 35.725000000568]}, "properties": {"p_logistic": 0.4699424207210541, "p_rf": 0.6140000224113464, "p_xgb": 0.9935289025306702, "date": "2026-02-07"}}, {"type": "Feature", "geometry": {"type": "Point", "coordinates": [-82.54166666836602, 35.725000000568]}, "properties": {"p_logistic": 0.4693930149078369, "p_rf": 0.6179999709129333, "p_xgb": 0.9928200840950012, "date": "2026-02-07"}}, {"type": "Feature", "geometry": {"type": "Point", "coordinates": [-82.53333333503302, 35.725000000568]}, "properties": {"p_logistic": 0.4684825539588928, "p_rf": 0.6100000143051147, "p_xgb": 0.9907325506210327, "date": "2026-02-07"}}, {"type": "Feature", "geometry": {"type": "Point", "coordinates": [-82.52500000170002, 35.725000000568]}, "properties": {"p_logistic": 0.46796539425849915, "p_rf": 0.5759999752044678, "p_xgb": 0.9904866814613342, "date": "2026-02-07"}}, {"type": "Feature", "geometry": {"type": "Point", "coordinates": [-82.51666666836701, 35.725000000568]}, "properties": {"p_logistic": 0.46724632382392883, "p_rf": 0.5920000076293945, "p_xgb": 0.9887604713439941, "date": "2026-02-07"}}, {"type": "Feature", "geometry": {"type": "Point", "coordinates": [-82.50833333503402, 35.725000000568]}, "properties": {"p_logistic": 0.46694037318229675, "p_rf": 0.5879999995231628, "p_xgb": 0.985542893409729, "date": "2026-02-07"}}, {"type": "Feature", "geometry": {"type": "Point", "coordinates": [-82.50000000170101, 35.725000000568]}, "properties": {"p_logistic": 0.4671174883842468, "p_rf": 0.6060000061988831, "p_xgb": 0.985542893409729, "date": "2026-02-07"}}, {"type": "Feature", "geometry": {"type": "Point", "coordinates": [-82.49166666836803, 35.725000000568]}, "properties": {"p_logistic": 0.46682652831077576, "p_rf": 0.6200000047683716, "p_xgb": 0.9841991662979126, "date": "2026-02-07"}}, {"type": "Feature", "geometry": {"type": "Point", "coordinates": [-82.48333333503501, 35.725000000568]}, "properties": {"p_logistic": 0.46665698289871216, "p_rf": 0.6320000290870667, "p_xgb": 0.9838003516197205, "date": "2026-02-07"}}, {"type": "Feature", "geometry": {"type": "Point", "coordinates": [-82.47500000170201, 35.725000000568]}, "properties": {"p_logistic": 0.46685791015625, "p_rf": 0.6499999761581421, "p_xgb": 0.9846991896629333, "date": "2026-02-07"}}, {"type": "Feature", "geometry": {"type": "Point", "coordinates": [-82.46666666836902, 35.725000000568]}, "properties": {"p_logistic": 0.4676884114742279, "p_rf": 0.6679999828338623, "p_xgb": 0.9846991896629333, "date": "2026-02-07"}}, {"type": "Feature", "geometry": {"type": "Point", "coordinates": [-82.45833333503602, 35.725000000568]}, "properties": {"p_logistic": 0.4686294496059418, "p_rf": 0.6700000166893005, "p_xgb": 0.9848082065582275, "date": "2026-02-07"}}, {"type": "Feature", "geometry": {"type": "Point", "coordinates": [-82.45000000170302, 35.725000000568]}, "properties": {"p_logistic": 0.4690966010093689, "p_rf": 0.7039999961853027, "p_xgb": 0.9877811670303345, "date": "2026-02-07"}}, {"type": "Feature", "geometry": {"type": "Point", "coordinates": [-82.44166666837002, 35.725000000568]}, "properties": {"p_logistic": 0.4697995185852051, "p_rf": 0.7120000123977661, "p_xgb": 0.9872812628746033, "date": "2026-02-07"}}, {"type": "Feature", "geometry": {"type": "Point", "coordinates": [-82.43333333503702, 35.725000000568]}, "properties": {"p_logistic": 0.47045910358428955, "p_rf": 0.722000002861023, "p_xgb": 0.9872812628746033, "date": "2026-02-07"}}, {"type": "Feature", "geometry": {"type": "Point", "coordinates": [-82.42500000170402, 35.725000000568]}, "properties": {"p_logistic": 0.47102800011634827, "p_rf": 0.7059999704360962, "p_xgb": 0.9893591403961182, "date": "2026-02-07"}}, {"type": "Feature", "geometry": {"type": "Point", "coordinates": [-82.41666666837102, 35.725000000568]}, "properties": {"p_logistic": 0.4717099666595459, "p_rf": 0.699999988079071, "p_xgb": 0.9906843900680542, "date": "2026-02-07"}}, {"type": "Feature", "geometry": {"type": "Point", "coordinates": [-82.40833333503801, 35.725000000568]}, "properties": {"p_logistic": 0.47252243757247925, "p_rf": 0.6700000166893005, "p_xgb": 0.9897176027297974, "date": "2026-02-07"}}, {"type": "Feature", "geometry": {"type": "Point", "coordinates": [-82.40000000170502, 35.725000000568]}, "properties": {"p_logistic": 0.47309061884880066, "p_rf": 0.6959999799728394, "p_xgb": 0.9871208071708679, "date": "2026-02-07"}}, {"type": "Feature", "geometry": {"type": "Point", "coordinates": [-82.39166666837201, 35.725000000568]}, "properties": {"p_logistic": 0.47520241141319275, "p_rf": 0.6880000233650208, "p_xgb": 0.9871208071708679, "date": "2026-02-07"}}, {"type": "Feature", "geometry": {"type": "Point", "coordinates": [-82.38333333503903, 35.725000000568]}, "properties": {"p_logistic": 0.4765831530094147, "p_rf": 0.6899999976158142, "p_xgb": 0.9898118376731873, "date": "2026-02-07"}}, {"type": "Feature", "geometry": {"type": "Point", "coordinates": [-82.37500000170601, 35.725000000568]}, "properties": {"p_logistic": 0.47708868980407715, "p_rf": 0.6639999747276306, "p_xgb": 0.9897029995918274, "date": "2026-02-07"}}, {"type": "Feature", "geometry": {"type": "Point", "coordinates": [-82.36666666837301, 35.725000000568]}, "properties": {"p_logistic": 0.47769078612327576, "p_rf": 0.6600000262260437, "p_xgb": 0.988080620765686, "date": "2026-02-07"}}, {"type": "Feature", "geometry": {"type": "Point", "coordinates": [-82.35833333504002, 35.725000000568]}, "properties": {"p_logistic": 0.47800686955451965, "p_rf": 0.6499999761581421, "p_xgb": 0.9712914228439331, "date": "2026-02-07"}}, {"type": "Feature", "geometry": {"type": "Point", "coordinates": [-82.35000000170702, 35.725000000568]}, "properties": {"p_logistic": 0.47807255387306213, "p_rf": 0.6460000276565552, "p_xgb": 0.9756882190704346, "date": "2026-02-07"}}, {"type": "Feature", "geometry": {"type": "Point", "coordinates": [-82.34166666837402, 35.725000000568]}, "properties": {"p_logistic": 0.47873854637145996, "p_rf": 0.6639999747276306, "p_xgb": 0.978029191493988, "date": "2026-02-07"}}, {"type": "Feature", "geometry": {"type": "Point", "coordinates": [-82.33333333504102, 35.725000000568]}, "properties": {"p_logistic": 0.4801941514015198, "p_rf": 0.699999988079071, "p_xgb": 0.9946557283401489, "date": "2026-02-07"}}, {"type": "Feature", "geometry": {"type": "Point", "coordinates": [-82.32500000170802, 35.725000000568]}, "properties": {"p_logistic": 0.48228079080581665, "p_rf": 0.7300000190734863, "p_xgb": 0.9963200092315674, "date": "2026-02-07"}}, {"type": "Feature", "geometry": {"type": "Point", "coordinates": [-82.31666666837502, 35.725000000568]}, "properties": {"p_logistic": 0.4841870665550232, "p_rf": 0.7099999785423279, "p_xgb": 0.9935771822929382, "date": "2026-02-07"}}, {"type": "Feature", "geometry": {"type": "Point", "coordinates": [-82.30833333504202, 35.725000000568]}, "properties": {"p_logistic": 0.48568105697631836, "p_rf": 0.7699999809265137, "p_xgb": 0.9945470094680786, "date": "2026-02-07"}}, {"type": "Feature", "geometry": {"type": "Point", "coordinates": [-82.30000000170901, 35.725000000568]}, "properties": {"p_logistic": 0.48681265115737915, "p_rf": 0.7820000052452087, "p_xgb": 0.99415522813797, "date": "2026-02-07"}}, {"type": "Feature", "geometry": {"type": "Point", "coordinates": [-82.29166666837602, 35.725000000568]}, "properties": {"p_logistic": 0.4882672429084778, "p_rf": 0.7919999957084656, "p_xgb": 0.9949496984481812, "date": "2026-02-07"}}, {"type": "Feature", "geometry": {"type": "Point", "coordinates": [-82.73333333502501, 35.716666667235]}, "properties": {"p_logistic": 0.45922812819480896, "p_rf": 0.7519999742507935, "p_xgb": 0.9941843152046204, "date": "2026-02-07"}}, {"type": "Feature", "geometry": {"type": "Point", "coordinates": [-82.72500000169202, 35.716666667235]}, "properties": {"p_logistic": 0.460002064704895, "p_rf": 0.7519999742507935, "p_xgb": 0.9945346117019653, "date": "2026-02-07"}}, {"type": "Feature", "geometry": {"type": "Point", "coordinates": [-82.71666666835901, 35.716666667235]}, "properties": {"p_logistic": 0.4606694281101227, "p_rf": 0.7639999985694885, "p_xgb": 0.9945346117019653, "date": "2026-02-07"}}, {"type": "Feature", "geometry": {"type": "Point", "coordinates": [-82.70833333502603, 35.716666667235]}, "properties": {"p_logistic": 0.4611376225948334, "p_rf": 0.7639999985694885, "p_xgb": 0.9945346117019653, "date": "2026-02-07"}}, {"type": "Feature", "geometry": {"type": "Point", "coordinates": [-82.70000000169301, 35.716666667235]}, "properties": {"p_logistic": 0.46164464950561523, "p_rf": 0.7559999823570251, "p_xgb": 0.9945346117019653, "date": "2026-02-07"}}, {"type": "Feature", "geometry": {"type": "Point", "coordinates": [-82.69166666836001, 35.716666667235]}, "properties": {"p_logistic": 0.4626356065273285, "p_rf": 0.7559999823570251, "p_xgb": 0.9924896359443665, "date": "2026-02-07"}}, {"type": "Feature", "geometry": {"type": "Point", "coordinates": [-82.68333333502702, 35.716666667235]}, "properties": {"p_logistic": 0.463960736989975, "p_rf": 0.7580000162124634, "p_xgb": 0.9957693815231323, "date": "2026-02-07"}}, {"type": "Feature", "geometry": {"type": "Point", "coordinates": [-82.67500000169402, 35.716666667235]}, "properties": {"p_logistic": 0.46511590480804443, "p_rf": 0.7480000257492065, "p_xgb": 0.9957693815231323, "date": "2026-02-07"}}, {"type": "Feature", "geometry": {"type": "Point", "coordinates": [-82.66666666836102, 35.716666667235]}, "properties": {"p_logistic": 0.46610498428344727, "p_rf": 0.7540000081062317, "p_xgb": 0.9957693815231323, "date": "2026-02-07"}}, {"type": "Feature", "geometry": {"type": "Point", "coordinates": [-82.65833333502802, 35.716666667235]}, "properties": {"p_logistic": 0.46742507815361023, "p_rf": 0.7580000162124634, "p_xgb": 0.9969515800476074, "date": "2026-02-07"}}, {"type": "Feature", "geometry": {"type": "Point", "coordinates": [-82.65000000169502, 35.716666667235]}, "properties": {"p_logistic": 0.4689077138900757, "p_rf": 0.7639999985694885, "p_xgb": 0.997020423412323, "date": "2026-02-07"}}, {"type": "Feature", "geometry": {"type": "Point", "coordinates": [-82.64166666836202, 35.716666667235]}, "properties": {"p_logistic": 0.47055596113204956, "p_rf": 0.7799999713897705, "p_xgb": 0.9970570802688599, "date": "2026-02-07"}}, {"type": "Feature", "geometry": {"type": "Point", "coordinates": [-82.63333333502902, 35.716666667235]}, "properties": {"p_logistic": 0.4726337790489197, "p_rf": 0.7760000228881836, "p_xgb": 0.9970124959945679, "date": "2026-02-07"}}, {"type": "Feature", "geometry": {"type": "Point", "coordinates": [-82.62500000169601, 35.716666667235]}, "properties": {"p_logistic": 0.47387027740478516, "p_rf": 0.7760000228881836, "p_xgb": 0.9970124959945679, "date": "2026-02-07"}}, {"type": "Feature", "geometry": {"type": "Point", "coordinates": [-82.61666666836302, 35.716666667235]}, "properties": {"p_logistic": 0.47497332096099854, "p_rf": 0.7639999985694885, "p_xgb": 0.996975302696228, "date": "2026-02-07"}}, {"type": "Feature", "geometry": {"type": "Point", "coordinates": [-82.60833333503001, 35.716666667235]}, "properties": {"p_logistic": 0.4750620126724243, "p_rf": 0.7580000162124634, "p_xgb": 0.9958398342132568, "date": "2026-02-07"}}, {"type": "Feature", "geometry": {"type": "Point", "coordinates": [-82.60000000169703, 35.716666667235]}, "properties": {"p_logistic": 0.4747092127799988, "p_rf": 0.7519999742507935, "p_xgb": 0.9957467913627625, "date": "2026-02-07"}}, {"type": "Feature", "geometry": {"type": "Point", "coordinates": [-82.59166666836401, 35.716666667235]}, "properties": {"p_logistic": 0.4737814962863922, "p_rf": 0.7480000257492065, "p_xgb": 0.9957467913627625, "date": "2026-02-07"}}, {"type": "Feature", "geometry": {"type": "Point", "coordinates": [-82.58333333503101, 35.716666667235]}, "properties": {"p_logistic": 0.4726119339466095, "p_rf": 0.7419999837875366, "p_xgb": 0.9956430196762085, "date": "2026-02-07"}}, {"type": "Feature", "geometry": {"type": "Point", "coordinates": [-82.57500000169802, 35.716666667235]}, "properties": {"p_logistic": 0.47169214487075806, "p_rf": 0.7239999771118164, "p_xgb": 0.9952492713928223, "date": "2026-02-07"}}, {"type": "Feature", "geometry": {"type": "Point", "coordinates": [-82.56666666836502, 35.716666667235]}, "properties": {"p_logistic": 0.471084862947464, "p_rf": 0.6399999856948853, "p_xgb": 0.9934924244880676, "date": "2026-02-07"}}, {"type": "Feature", "geometry": {"type": "Point", "coordinates": [-82.55833333503202, 35.716666667235]}, "properties": {"p_logistic": 0.47071462869644165, "p_rf": 0.6100000143051147, "p_xgb": 0.9926291704177856, "date": "2026-02-07"}}, {"type": "Feature", "geometry": {"type": "Point", "coordinates": [-82.55000000169902, 35.716666667235]}, "properties": {"p_logistic": 0.4703305661678314, "p_rf": 0.5799999833106995, "p_xgb": 0.9926291704177856, "date": "2026-02-07"}}, {"type": "Feature", "geometry": {"type": "Point", "coordinates": [-82.54166666836602, 35.716666667235]}, "properties": {"p_logistic": 0.4699214696884155, "p_rf": 0.5799999833106995, "p_xgb": 0.9904866814613342, "date": "2026-02-07"}}, {"type": "Feature", "geometry": {"type": "Point", "coordinates": [-82.53333333503302, 35.716666667235]}, "properties": {"p_logistic": 0.4693605303764343, "p_rf": 0.5759999752044678, "p_xgb": 0.9904866814613342, "date": "2026-02-07"}}, {"type": "Feature", "geometry": {"type": "Point", "coordinates": [-82.52500000170002, 35.716666667235]}, "properties": {"p_logistic": 0.46876147389411926, "p_rf": 0.5920000076293945, "p_xgb": 0.9871630072593689, "date": "2026-02-07"}}, {"type": "Feature", "geometry": {"type": "Point", "coordinates": [-82.51666666836701, 35.716666667235]}, "properties": {"p_logistic": 0.4680645167827606, "p_rf": 0.5920000076293945, "p_xgb": 0.9868546724319458, "date": "2026-02-07"}}, {"type": "Feature", "geometry": {"type": "Point", "coordinates": [-82.50833333503402, 35.716666667235]}, "properties": {"p_logistic": 0.46784916520118713, "p_rf": 0.6119999885559082, "p_xgb": 0.985542893409729, "date": "2026-02-07"}}, {"type": "Feature", "geometry": {"type": "Point", "coordinates": [-82.50000000170101, 35.716666667235]}, "properties": {"p_logistic": 0.4675729274749756, "p_rf": 0.6359999775886536, "p_xgb": 0.985542893409729, "date": "2026-02-07"}}, {"type": "Feature", "geometry": {"type": "Point", "coordinates": [-82.49166666836803, 35.716666667235]}, "properties": {"p_logistic": 0.4667458236217499, "p_rf": 0.6439999938011169, "p_xgb": 0.9841991662979126, "date": "2026-02-07"}}, {"type": "Feature", "geometry": {"type": "Point", "coordinates": [-82.48333333503501, 35.716666667235]}, "properties": {"p_logistic": 0.4663431644439697, "p_rf": 0.6340000033378601, "p_xgb": 0.9838003516197205, "date": "2026-02-07"}}, {"type": "Feature", "geometry": {"type": "Point", "coordinates": [-82.47500000170201, 35.716666667235]}, "properties": {"p_logistic": 0.4665626287460327, "p_rf": 0.6620000004768372, "p_xgb": 0.9846991896629333, "date": "2026-02-07"}}, {"type": "Feature", "geometry": {"type": "Point", "coordinates": [-82.46666666836902, 35.716666667235]}, "properties": {"p_logistic": 0.4673158526420593, "p_rf": 0.6779999732971191, "p_xgb": 0.9846991896629333, "date": "2026-02-07"}}, {"type": "Feature", "geometry": {"type": "Point", "coordinates": [-82.45833333503602, 35.716666667235]}, "properties": {"p_logistic": 0.467909038066864, "p_rf": 0.6700000166893005, "p_xgb": 0.9854669570922852, "date": "2026-02-07"}}, {"type": "Feature", "geometry": {"type": "Point", "coordinates": [-82.45000000170302, 35.716666667235]}, "properties": {"p_logistic": 0.46903741359710693, "p_rf": 0.7279999852180481, "p_xgb": 0.9877811670303345, "date": "2026-02-07"}}, {"type": "Feature", "geometry": {"type": "Point", "coordinates": [-82.44166666837002, 35.716666667235]}, "properties": {"p_logistic": 0.46920910477638245, "p_rf": 0.7179999947547913, "p_xgb": 0.9877228736877441, "date": "2026-02-07"}}, {"type": "Feature", "geometry": {"type": "Point", "coordinates": [-82.43333333503702, 35.716666667235]}, "properties": {"p_logistic": 0.4695630371570587, "p_rf": 0.7120000123977661, "p_xgb": 0.9890264868736267, "date": "2026-02-07"}}, {"type": "Feature", "geometry": {"type": "Point", "coordinates": [-82.42500000170402, 35.716666667235]}, "properties": {"p_logistic": 0.47004204988479614, "p_rf": 0.6880000233650208, "p_xgb": 0.9890264868736267, "date": "2026-02-07"}}, {"type": "Feature", "geometry": {"type": "Point", "coordinates": [-82.41666666837102, 35.716666667235]}, "properties": {"p_logistic": 0.4709552228450775, "p_rf": 0.6480000019073486, "p_xgb": 0.988135814666748, "date": "2026-02-07"}}, {"type": "Feature", "geometry": {"type": "Point", "coordinates": [-82.40833333503801, 35.716666667235]}, "properties": {"p_logistic": 0.47190120816230774, "p_rf": 0.6940000057220459, "p_xgb": 0.988135814666748, "date": "2026-02-07"}}, {"type": "Feature", "geometry": {"type": "Point", "coordinates": [-82.40000000170502, 35.716666667235]}, "properties": {"p_logistic": 0.47311344742774963, "p_rf": 0.699999988079071, "p_xgb": 0.9851455688476562, "date": "2026-02-07"}}, {"type": "Feature", "geometry": {"type": "Point", "coordinates": [-82.39166666837201, 35.716666667235]}, "properties": {"p_logistic": 0.47467920184135437, "p_rf": 0.6859999895095825, "p_xgb": 0.9881238341331482, "date": "2026-02-07"}}, {"type": "Feature", "geometry": {"type": "Point", "coordinates": [-82.38333333503903, 35.716666667235]}, "properties": {"p_logistic": 0.475942462682724, "p_rf": 0.6660000085830688, "p_xgb": 0.9901134967803955, "date": "2026-02-07"}}, {"type": "Feature", "geometry": {"type": "Point", "coordinates": [-82.37500000170601, 35.716666667235]}, "properties": {"p_logistic": 0.4770622253417969, "p_rf": 0.6679999828338623, "p_xgb": 0.9897029995918274, "date": "2026-02-07"}}, {"type": "Feature", "geometry": {"type": "Point", "coordinates": [-82.36666666837301, 35.716666667235]}, "properties": {"p_logistic": 0.4776873290538788, "p_rf": 0.6700000166893005, "p_xgb": 0.9787877202033997, "date": "2026-02-07"}}, {"type": "Feature", "geometry": {"type": "Point", "coordinates": [-82.35833333504002, 35.716666667235]}, "properties": {"p_logistic": 0.47831907868385315, "p_rf": 0.6340000033378601, "p_xgb": 0.9712914228439331, "date": "2026-02-07"}}, {"type": "Feature", "geometry": {"type": "Point", "coordinates": [-82.35000000170702, 35.716666667235]}, "properties": {"p_logistic": 0.47856834530830383, "p_rf": 0.6359999775886536, "p_xgb": 0.9756882190704346, "date": "2026-02-07"}}, {"type": "Feature", "geometry": {"type": "Point", "coordinates": [-82.34166666837402, 35.716666667235]}, "properties": {"p_logistic": 0.4789782464504242, "p_rf": 0.6639999747276306, "p_xgb": 0.978029191493988, "date": "2026-02-07"}}, {"type": "Feature", "geometry": {"type": "Point", "coordinates": [-82.33333333504102, 35.716666667235]}, "properties": {"p_logistic": 0.4806990325450897, "p_rf": 0.6840000152587891, "p_xgb": 0.9951446652412415, "date": "2026-02-07"}}, {"type": "Feature", "geometry": {"type": "Point", "coordinates": [-82.32500000170802, 35.716666667235]}, "properties": {"p_logistic": 0.48261207342147827, "p_rf": 0.734000027179718, "p_xgb": 0.9963200092315674, "date": "2026-02-07"}}, {"type": "Feature", "geometry": {"type": "Point", "coordinates": [-82.31666666837502, 35.716666667235]}, "properties": {"p_logistic": 0.4846063554286957, "p_rf": 0.7160000205039978, "p_xgb": 0.9935771822929382, "date": "2026-02-07"}}, {"type": "Feature", "geometry": {"type": "Point", "coordinates": [-82.30833333504202, 35.716666667235]}, "properties": {"p_logistic": 0.48635193705558777, "p_rf": 0.7739999890327454, "p_xgb": 0.9945470094680786, "date": "2026-02-07"}}, {"type": "Feature", "geometry": {"type": "Point", "coordinates": [-82.30000000170901, 35.716666667235]}, "properties": {"p_logistic": 0.4869726002216339, "p_rf": 0.8040000200271606, "p_xgb": 0.9945470094680786, "date": "2026-02-07"}}, {"type": "Feature", "geometry": {"type": "Point", "coordinates": [-82.29166666837602, 35.716666667235]}, "properties": {"p_logistic": 0.48783284425735474, "p_rf": 0.7900000214576721, "p_xgb": 0.9951322674751282, "date": "2026-02-07"}}, {"type": "Feature", "geometry": {"type": "Point", "coordinates": [-82.28333333504301, 35.716666667235]}, "properties": {"p_logistic": 0.48883143067359924, "p_rf": 0.7940000295639038, "p_xgb": 0.9951322674751282, "date": "2026-02-07"}}, {"type": "Feature", "geometry": {"type": "Point", "coordinates": [-82.75000000169102, 35.708333333902004]}, "properties": {"p_logistic": 0.45941150188446045, "p_rf": 0.7480000257492065, "p_xgb": 0.9944071769714355, "date": "2026-02-07"}}, {"type": "Feature", "geometry": {"type": "Point", "coordinates": [-82.74166666835802, 35.708333333902004]}, "properties": {"p_logistic": 0.45992031693458557, "p_rf": 0.7480000257492065, "p_xgb": 0.9947441816329956, "date": "2026-02-07"}}, {"type": "Feature", "geometry": {"type": "Point", "coordinates": [-82.73333333502501, 35.708333333902004]}, "properties": {"p_logistic": 0.4605214297771454, "p_rf": 0.7480000257492065, "p_xgb": 0.9947441816329956, "date": "2026-02-07"}}, {"type": "Feature", "geometry": {"type": "Point", "coordinates": [-82.72500000169202, 35.708333333902004]}, "properties": {"p_logistic": 0.46098771691322327, "p_rf": 0.7480000257492065, "p_xgb": 0.9947441816329956, "date": "2026-02-07"}}, {"type": "Feature", "geometry": {"type": "Point", "coordinates": [-82.71666666835901, 35.708333333902004]}, "properties": {"p_logistic": 0.46141156554222107, "p_rf": 0.7580000162124634, "p_xgb": 0.9947441816329956, "date": "2026-02-07"}}, {"type": "Feature", "geometry": {"type": "Point", "coordinates": [-82.70833333502603, 35.708333333902004]}, "properties": {"p_logistic": 0.46173208951950073, "p_rf": 0.7580000162124634, "p_xgb": 0.9947441816329956, "date": "2026-02-07"}}, {"type": "Feature", "geometry": {"type": "Point", "coordinates": [-82.70000000169301, 35.708333333902004]}, "properties": {"p_logistic": 0.4621637165546417, "p_rf": 0.7480000257492065, "p_xgb": 0.9945346117019653, "date": "2026-02-07"}}, {"type": "Feature", "geometry": {"type": "Point", "coordinates": [-82.69166666836001, 35.708333333902004]}, "properties": {"p_logistic": 0.4631238579750061, "p_rf": 0.7519999742507935, "p_xgb": 0.9945346117019653, "date": "2026-02-07"}}, {"type": "Feature", "geometry": {"type": "Point", "coordinates": [-82.68333333502702, 35.708333333902004]}, "properties": {"p_logistic": 0.46454712748527527, "p_rf": 0.75, "p_xgb": 0.9957693815231323, "date": "2026-02-07"}}, {"type": "Feature", "geometry": {"type": "Point", "coordinates": [-82.67500000169402, 35.708333333902004]}, "properties": {"p_logistic": 0.4657458961009979, "p_rf": 0.7459999918937683, "p_xgb": 0.9957693815231323, "date": "2026-02-07"}}, {"type": "Feature", "geometry": {"type": "Point", "coordinates": [-82.66666666836102, 35.708333333902004]}, "properties": {"p_logistic": 0.4668533205986023, "p_rf": 0.7559999823570251, "p_xgb": 0.9960207343101501, "date": "2026-02-07"}}, {"type": "Feature", "geometry": {"type": "Point", "coordinates": [-82.65833333502802, 35.708333333902004]}, "properties": {"p_logistic": 0.4680233895778656, "p_rf": 0.7580000162124634, "p_xgb": 0.9969515800476074, "date": "2026-02-07"}}, {"type": "Feature", "geometry": {"type": "Point", "coordinates": [-82.65000000169502, 35.708333333902004]}, "properties": {"p_logistic": 0.46948763728141785, "p_rf": 0.7739999890327454, "p_xgb": 0.9971447587013245, "date": "2026-02-07"}}, {"type": "Feature", "geometry": {"type": "Point", "coordinates": [-82.64166666836202, 35.708333333902004]}, "properties": {"p_logistic": 0.47090116143226624, "p_rf": 0.7799999713897705, "p_xgb": 0.9972811937332153, "date": "2026-02-07"}}, {"type": "Feature", "geometry": {"type": "Point", "coordinates": [-82.63333333502902, 35.708333333902004]}, "properties": {"p_logistic": 0.4728530943393707, "p_rf": 0.7360000014305115, "p_xgb": 0.9972646236419678, "date": "2026-02-07"}}, {"type": "Feature", "geometry": {"type": "Point", "coordinates": [-82.62500000169601, 35.708333333902004]}, "properties": {"p_logistic": 0.4741785228252411, "p_rf": 0.7379999756813049, "p_xgb": 0.9972400665283203, "date": "2026-02-07"}}, {"type": "Feature", "geometry": {"type": "Point", "coordinates": [-82.61666666836302, 35.708333333902004]}, "properties": {"p_logistic": 0.4753067195415497, "p_rf": 0.7760000228881836, "p_xgb": 0.9972400665283203, "date": "2026-02-07"}}, {"type": "Feature", "geometry": {"type": "Point", "coordinates": [-82.60833333503001, 35.708333333902004]}, "properties": {"p_logistic": 0.47589799761772156, "p_rf": 0.765999972820282, "p_xgb": 0.9971014857292175, "date": "2026-02-07"}}, {"type": "Feature", "geometry": {"type": "Point", "coordinates": [-82.60000000169703, 35.708333333902004]}, "properties": {"p_logistic": 0.4756776690483093, "p_rf": 0.7559999823570251, "p_xgb": 0.9957467913627625, "date": "2026-02-07"}}, {"type": "Feature", "geometry": {"type": "Point", "coordinates": [-82.59166666836401, 35.708333333902004]}, "properties": {"p_logistic": 0.47479844093322754, "p_rf": 0.7459999918937683, "p_xgb": 0.9957467913627625, "date": "2026-02-07"}}, {"type": "Feature", "geometry": {"type": "Point", "coordinates": [-82.58333333503101, 35.708333333902004]}, "properties": {"p_logistic": 0.47356972098350525, "p_rf": 0.7239999771118164, "p_xgb": 0.9955267310142517, "date": "2026-02-07"}}, {"type": "Feature", "geometry": {"type": "Point", "coordinates": [-82.57500000169802, 35.708333333902004]}, "properties": {"p_logistic": 0.4723234176635742, "p_rf": 0.621999979019165, "p_xgb": 0.9942126870155334, "date": "2026-02-07"}}, {"type": "Feature", "geometry": {"type": "Point", "coordinates": [-82.56666666836502, 35.708333333902004]}, "properties": {"p_logistic": 0.4715547263622284, "p_rf": 0.6119999885559082, "p_xgb": 0.9914515614509583, "date": "2026-02-07"}}, {"type": "Feature", "geometry": {"type": "Point", "coordinates": [-82.55833333503202, 35.708333333902004]}, "properties": {"p_logistic": 0.47089534997940063, "p_rf": 0.5920000076293945, "p_xgb": 0.9914515614509583, "date": "2026-02-07"}}, {"type": "Feature", "geometry": {"type": "Point", "coordinates": [-82.55000000169902, 35.708333333902004]}, "properties": {"p_logistic": 0.47104695439338684, "p_rf": 0.578000009059906, "p_xgb": 0.9879311323165894, "date": "2026-02-07"}}, {"type": "Feature", "geometry": {"type": "Point", "coordinates": [-82.54166666836602, 35.708333333902004]}, "properties": {"p_logistic": 0.47102975845336914, "p_rf": 0.5759999752044678, "p_xgb": 0.9878215193748474, "date": "2026-02-07"}}, {"type": "Feature", "geometry": {"type": "Point", "coordinates": [-82.53333333503302, 35.708333333902004]}, "properties": {"p_logistic": 0.47080227732658386, "p_rf": 0.5920000076293945, "p_xgb": 0.987046480178833, "date": "2026-02-07"}}, {"type": "Feature", "geometry": {"type": "Point", "coordinates": [-82.52500000170002, 35.708333333902004]}, "properties": {"p_logistic": 0.4701675474643707, "p_rf": 0.593999981880188, "p_xgb": 0.9868546724319458, "date": "2026-02-07"}}, {"type": "Feature", "geometry": {"type": "Point", "coordinates": [-82.51666666836701, 35.708333333902004]}, "properties": {"p_logistic": 0.4692096710205078, "p_rf": 0.6019999980926514, "p_xgb": 0.985542893409729, "date": "2026-02-07"}}, {"type": "Feature", "geometry": {"type": "Point", "coordinates": [-82.50833333503402, 35.708333333902004]}, "properties": {"p_logistic": 0.46865567564964294, "p_rf": 0.6359999775886536, "p_xgb": 0.9862985014915466, "date": "2026-02-07"}}, {"type": "Feature", "geometry": {"type": "Point", "coordinates": [-82.50000000170101, 35.708333333902004]}, "properties": {"p_logistic": 0.46800246834754944, "p_rf": 0.6600000262260437, "p_xgb": 0.9862985014915466, "date": "2026-02-07"}}, {"type": "Feature", "geometry": {"type": "Point", "coordinates": [-82.49166666836803, 35.708333333902004]}, "properties": {"p_logistic": 0.4668368697166443, "p_rf": 0.6819999814033508, "p_xgb": 0.9859519004821777, "date": "2026-02-07"}}, {"type": "Feature", "geometry": {"type": "Point", "coordinates": [-82.48333333503501, 35.708333333902004]}, "properties": {"p_logistic": 0.4661182463169098, "p_rf": 0.6819999814033508, "p_xgb": 0.9846991896629333, "date": "2026-02-07"}}, {"type": "Feature", "geometry": {"type": "Point", "coordinates": [-82.47500000170201, 35.708333333902004]}, "properties": {"p_logistic": 0.466060608625412, "p_rf": 0.6779999732971191, "p_xgb": 0.9846991896629333, "date": "2026-02-07"}}, {"type": "Feature", "geometry": {"type": "Point", "coordinates": [-82.46666666836902, 35.708333333902004]}, "properties": {"p_logistic": 0.4666735529899597, "p_rf": 0.6859999895095825, "p_xgb": 0.9860543608665466, "date": "2026-02-07"}}, {"type": "Feature", "geometry": {"type": "Point", "coordinates": [-82.45833333503602, 35.708333333902004]}, "properties": {"p_logistic": 0.4675423800945282, "p_rf": 0.6819999814033508, "p_xgb": 0.9850815534591675, "date": "2026-02-07"}}, {"type": "Feature", "geometry": {"type": "Point", "coordinates": [-82.45000000170302, 35.708333333902004]}, "properties": {"p_logistic": 0.4684247672557831, "p_rf": 0.734000027179718, "p_xgb": 0.9882055521011353, "date": "2026-02-07"}}, {"type": "Feature", "geometry": {"type": "Point", "coordinates": [-82.44166666837002, 35.708333333902004]}, "properties": {"p_logistic": 0.46921506524086, "p_rf": 0.7379999756813049, "p_xgb": 0.9890264868736267, "date": "2026-02-07"}}, {"type": "Feature", "geometry": {"type": "Point", "coordinates": [-82.43333333503702, 35.708333333902004]}, "properties": {"p_logistic": 0.4694717824459076, "p_rf": 0.7080000042915344, "p_xgb": 0.9890264868736267, "date": "2026-02-07"}}, {"type": "Feature", "geometry": {"type": "Point", "coordinates": [-82.42500000170402, 35.708333333902004]}, "properties": {"p_logistic": 0.4707837402820587, "p_rf": 0.6859999895095825, "p_xgb": 0.9887151122093201, "date": "2026-02-07"}}, {"type": "Feature", "geometry": {"type": "Point", "coordinates": [-82.41666666837102, 35.708333333902004]}, "properties": {"p_logistic": 0.47153401374816895, "p_rf": 0.6480000019073486, "p_xgb": 0.98788982629776, "date": "2026-02-07"}}, {"type": "Feature", "geometry": {"type": "Point", "coordinates": [-82.40833333503801, 35.708333333902004]}, "properties": {"p_logistic": 0.4725792109966278, "p_rf": 0.6899999976158142, "p_xgb": 0.9842342734336853, "date": "2026-02-07"}}, {"type": "Feature", "geometry": {"type": "Point", "coordinates": [-82.40000000170502, 35.708333333902004]}, "properties": {"p_logistic": 0.47386178374290466, "p_rf": 0.6759999990463257, "p_xgb": 0.9842342734336853, "date": "2026-02-07"}}, {"type": "Feature", "geometry": {"type": "Point", "coordinates": [-82.39166666837201, 35.708333333902004]}, "properties": {"p_logistic": 0.4757545590400696, "p_rf": 0.6740000247955322, "p_xgb": 0.987118124961853, "date": "2026-02-07"}}, {"type": "Feature", "geometry": {"type": "Point", "coordinates": [-82.38333333503903, 35.708333333902004]}, "properties": {"p_logistic": 0.47656795382499695, "p_rf": 0.656000018119812, "p_xgb": 0.9885919690132141, "date": "2026-02-07"}}, {"type": "Feature", "geometry": {"type": "Point", "coordinates": [-82.37500000170601, 35.708333333902004]}, "properties": {"p_logistic": 0.47776395082473755, "p_rf": 0.6460000276565552, "p_xgb": 0.9865757822990417, "date": "2026-02-07"}}, {"type": "Feature", "geometry": {"type": "Point", "coordinates": [-82.36666666837301, 35.708333333902004]}, "properties": {"p_logistic": 0.4788201153278351, "p_rf": 0.6399999856948853, "p_xgb": 0.9787877202033997, "date": "2026-02-07"}}, {"type": "Feature", "geometry": {"type": "Point", "coordinates": [-82.35833333504002, 35.708333333902004]}, "properties": {"p_logistic": 0.47989559173583984, "p_rf": 0.6399999856948853, "p_xgb": 0.9744208455085754, "date": "2026-02-07"}}, {"type": "Feature", "geometry": {"type": "Point", "coordinates": [-82.35000000170702, 35.708333333902004]}, "properties": {"p_logistic": 0.48008400201797485, "p_rf": 0.6439999938011169, "p_xgb": 0.9783490300178528, "date": "2026-02-07"}}, {"type": "Feature", "geometry": {"type": "Point", "coordinates": [-82.34166666837402, 35.708333333902004]}, "properties": {"p_logistic": 0.4804627597332001, "p_rf": 0.656000018119812, "p_xgb": 0.9843544960021973, "date": "2026-02-07"}}, {"type": "Feature", "geometry": {"type": "Point", "coordinates": [-82.33333333504102, 35.708333333902004]}, "properties": {"p_logistic": 0.4807760715484619, "p_rf": 0.6759999990463257, "p_xgb": 0.9878800511360168, "date": "2026-02-07"}}, {"type": "Feature", "geometry": {"type": "Point", "coordinates": [-82.32500000170802, 35.708333333902004]}, "properties": {"p_logistic": 0.4821169376373291, "p_rf": 0.7200000286102295, "p_xgb": 0.9965655207633972, "date": "2026-02-07"}}, {"type": "Feature", "geometry": {"type": "Point", "coordinates": [-82.31666666837502, 35.708333333902004]}, "properties": {"p_logistic": 0.48378676176071167, "p_rf": 0.6959999799728394, "p_xgb": 0.9960758090019226, "date": "2026-02-07"}}, {"type": "Feature", "geometry": {"type": "Point", "coordinates": [-82.30833333504202, 35.708333333902004]}, "properties": {"p_logistic": 0.4851023554801941, "p_rf": 0.7440000176429749, "p_xgb": 0.9945470094680786, "date": "2026-02-07"}}, {"type": "Feature", "geometry": {"type": "Point", "coordinates": [-82.30000000170901, 35.708333333902004]}, "properties": {"p_logistic": 0.48614537715911865, "p_rf": 0.7799999713897705, "p_xgb": 0.9945470094680786, "date": "2026-02-07"}}, {"type": "Feature", "geometry": {"type": "Point", "coordinates": [-82.29166666837602, 35.708333333902004]}, "properties": {"p_logistic": 0.4870011508464813, "p_rf": 0.7940000295639038, "p_xgb": 0.9945470094680786, "date": "2026-02-07"}}, {"type": "Feature", "geometry": {"type": "Point", "coordinates": [-82.28333333504301, 35.708333333902004]}, "properties": {"p_logistic": 0.48766976594924927, "p_rf": 0.7860000133514404, "p_xgb": 0.9945470094680786, "date": "2026-02-07"}}, {"type": "Feature", "geometry": {"type": "Point", "coordinates": [-82.85000000168702, 35.700000000569005]}, "properties": {"p_logistic": 0.4451049566268921, "p_rf": 0.628000020980835, "p_xgb": 0.9923330545425415, "date": "2026-02-07"}}, {"type": "Feature", "geometry": {"type": "Point", "coordinates": [-82.75833333502402, 35.700000000569005]}, "properties": {"p_logistic": 0.46078944206237793, "p_rf": 0.7580000162124634, "p_xgb": 0.9948588609695435, "date": "2026-02-07"}}, {"type": "Feature", "geometry": {"type": "Point", "coordinates": [-82.75000000169102, 35.700000000569005]}, "properties": {"p_logistic": 0.46101728081703186, "p_rf": 0.7599999904632568, "p_xgb": 0.9948588609695435, "date": "2026-02-07"}}, {"type": "Feature", "geometry": {"type": "Point", "coordinates": [-82.74166666835802, 35.700000000569005]}, "properties": {"p_logistic": 0.461497962474823, "p_rf": 0.7599999904632568, "p_xgb": 0.9948588609695435, "date": "2026-02-07"}}, {"type": "Feature", "geometry": {"type": "Point", "coordinates": [-82.73333333502501, 35.700000000569005]}, "properties": {"p_logistic": 0.4619174301624298, "p_rf": 0.7580000162124634, "p_xgb": 0.9948588609695435, "date": "2026-02-07"}}, {"type": "Feature", "geometry": {"type": "Point", "coordinates": [-82.72500000169202, 35.700000000569005]}, "properties": {"p_logistic": 0.4622548520565033, "p_rf": 0.7580000162124634, "p_xgb": 0.9948588609695435, "date": "2026-02-07"}}, {"type": "Feature", "geometry": {"type": "Point", "coordinates": [-82.71666666835901, 35.700000000569005]}, "properties": {"p_logistic": 0.4627245366573334, "p_rf": 0.7639999985694885, "p_xgb": 0.9948588609695435, "date": "2026-02-07"}}, {"type": "Feature", "geometry": {"type": "Point", "coordinates": [-82.70833333502603, 35.700000000569005]}, "properties": {"p_logistic": 0.46303895115852356, "p_rf": 0.7599999904632568, "p_xgb": 0.9948588609695435, "date": "2026-02-07"}}, {"type": "Feature", "geometry": {"type": "Point", "coordinates": [-82.70000000169301, 35.700000000569005]}, "properties": {"p_logistic": 0.46349215507507324, "p_rf": 0.7620000243186951, "p_xgb": 0.9948588609695435, "date": "2026-02-07"}}, {"type": "Feature", "geometry": {"type": "Point", "coordinates": [-82.69166666836001, 35.700000000569005]}, "properties": {"p_logistic": 0.4643940329551697, "p_rf": 0.7639999985694885, "p_xgb": 0.9948588609695435, "date": "2026-02-07"}}, {"type": "Feature", "geometry": {"type": "Point", "coordinates": [-82.68333333502702, 35.700000000569005]}, "properties": {"p_logistic": 0.4655440151691437, "p_rf": 0.7620000243186951, "p_xgb": 0.9960207343101501, "date": "2026-02-07"}}, {"type": "Feature", "geometry": {"type": "Point", "coordinates": [-82.67500000169402, 35.700000000569005]}, "properties": {"p_logistic": 0.46672481298446655, "p_rf": 0.7580000162124634, "p_xgb": 0.9960207343101501, "date": "2026-02-07"}}, {"type": "Feature", "geometry": {"type": "Point", "coordinates": [-82.66666666836102, 35.700000000569005]}, "properties": {"p_logistic": 0.4677189886569977, "p_rf": 0.7699999809265137, "p_xgb": 0.9962737560272217, "date": "2026-02-07"}}, {"type": "Feature", "geometry": {"type": "Point", "coordinates": [-82.65833333502802, 35.700000000569005]}, "properties": {"p_logistic": 0.46936020255088806, "p_rf": 0.7760000228881836, "p_xgb": 0.9972183704376221, "date": "2026-02-07"}}, {"type": "Feature", "geometry": {"type": "Point", "coordinates": [-82.65000000169502, 35.700000000569005]}, "properties": {"p_logistic": 0.4703335165977478, "p_rf": 0.7200000286102295, "p_xgb": 0.9973574280738831, "date": "2026-02-07"}}, {"type": "Feature", "geometry": {"type": "Point", "coordinates": [-82.64166666836202, 35.700000000569005]}, "properties": {"p_logistic": 0.47156837582588196, "p_rf": 0.7639999985694885, "p_xgb": 0.9973574280738831, "date": "2026-02-07"}}, {"type": "Feature", "geometry": {"type": "Point", "coordinates": [-82.63333333502902, 35.700000000569005]}, "properties": {"p_logistic": 0.472733736038208, "p_rf": 0.765999972820282, "p_xgb": 0.9974205493927002, "date": "2026-02-07"}}, {"type": "Feature", "geometry": {"type": "Point", "coordinates": [-82.62500000169601, 35.700000000569005]}, "properties": {"p_logistic": 0.4740805923938751, "p_rf": 0.7639999985694885, "p_xgb": 0.997317373752594, "date": "2026-02-07"}}, {"type": "Feature", "geometry": {"type": "Point", "coordinates": [-82.61666666836302, 35.700000000569005]}, "properties": {"p_logistic": 0.475437194108963, "p_rf": 0.7200000286102295, "p_xgb": 0.997317373752594, "date": "2026-02-07"}}, {"type": "Feature", "geometry": {"type": "Point", "coordinates": [-82.60833333503001, 35.700000000569005]}, "properties": {"p_logistic": 0.4764670729637146, "p_rf": 0.7680000066757202, "p_xgb": 0.9970250725746155, "date": "2026-02-07"}}, {"type": "Feature", "geometry": {"type": "Point", "coordinates": [-82.60000000169703, 35.700000000569005]}, "properties": {"p_logistic": 0.4765969514846802, "p_rf": 0.7540000081062317, "p_xgb": 0.9956348538398743, "date": "2026-02-07"}}, {"type": "Feature", "geometry": {"type": "Point", "coordinates": [-82.59166666836401, 35.700000000569005]}, "properties": {"p_logistic": 0.4758070707321167, "p_rf": 0.7379999756813049, "p_xgb": 0.9954089522361755, "date": "2026-02-07"}}, {"type": "Feature", "geometry": {"type": "Point", "coordinates": [-82.58333333503101, 35.700000000569005]}, "properties": {"p_logistic": 0.47438347339630127, "p_rf": 0.6299999952316284, "p_xgb": 0.9937227368354797, "date": "2026-02-07"}}, {"type": "Feature", "geometry": {"type": "Point", "coordinates": [-82.57500000169802, 35.700000000569005]}, "properties": {"p_logistic": 0.4727770686149597, "p_rf": 0.5839999914169312, "p_xgb": 0.9905941486358643, "date": "2026-02-07"}}, {"type": "Feature", "geometry": {"type": "Point", "coordinates": [-82.56666666836502, 35.700000000569005]}, "properties": {"p_logistic": 0.4716465473175049, "p_rf": 0.5920000076293945, "p_xgb": 0.9878673553466797, "date": "2026-02-07"}}, {"type": "Feature", "geometry": {"type": "Point", "coordinates": [-82.55833333503202, 35.700000000569005]}, "properties": {"p_logistic": 0.47150176763534546, "p_rf": 0.6000000238418579, "p_xgb": 0.9866049885749817, "date": "2026-02-07"}}, {"type": "Feature", "geometry": {"type": "Point", "coordinates": [-82.55000000169902, 35.700000000569005]}, "properties": {"p_logistic": 0.47174444794654846, "p_rf": 0.5920000076293945, "p_xgb": 0.9866049885749817, "date": "2026-02-07"}}, {"type": "Feature", "geometry": {"type": "Point", "coordinates": [-82.54166666836602, 35.700000000569005]}, "properties": {"p_logistic": 0.4725413918495178, "p_rf": 0.5960000157356262, "p_xgb": 0.985542893409729, "date": "2026-02-07"}}, {"type": "Feature", "geometry": {"type": "Point", "coordinates": [-82.53333333503302, 35.700000000569005]}, "properties": {"p_logistic": 0.4726880192756653, "p_rf": 0.6159999966621399, "p_xgb": 0.985542893409729, "date": "2026-02-07"}}, {"type": "Feature", "geometry": {"type": "Point", "coordinates": [-82.52500000170002, 35.700000000569005]}, "properties": {"p_logistic": 0.47237467765808105, "p_rf": 0.6380000114440918, "p_xgb": 0.9862985014915466, "date": "2026-02-07"}}, {"type": "Feature", "geometry": {"type": "Point", "coordinates": [-82.51666666836701, 35.700000000569005]}, "properties": {"p_logistic": 0.47156813740730286, "p_rf": 0.6600000262260437, "p_xgb": 0.9880016446113586, "date": "2026-02-07"}}, {"type": "Feature", "geometry": {"type": "Point", "coordinates": [-82.50833333503402, 35.700000000569005]}, "properties": {"p_logistic": 0.4702182710170746, "p_rf": 0.6740000247955322, "p_xgb": 0.9880016446113586, "date": "2026-02-07"}}, {"type": "Feature", "geometry": {"type": "Point", "coordinates": [-82.50000000170101, 35.700000000569005]}, "properties": {"p_logistic": 0.46881815791130066, "p_rf": 0.6859999895095825, "p_xgb": 0.9880016446113586, "date": "2026-02-07"}}, {"type": "Feature", "geometry": {"type": "Point", "coordinates": [-82.49166666836803, 35.700000000569005]}, "properties": {"p_logistic": 0.46719157695770264, "p_rf": 0.7080000042915344, "p_xgb": 0.9858093857765198, "date": "2026-02-07"}}, {"type": "Feature", "geometry": {"type": "Point", "coordinates": [-82.48333333503501, 35.700000000569005]}, "properties": {"p_logistic": 0.46555429697036743, "p_rf": 0.722000002861023, "p_xgb": 0.9850946664810181, "date": "2026-02-07"}}, {"type": "Feature", "geometry": {"type": "Point", "coordinates": [-82.47500000170201, 35.700000000569005]}, "properties": {"p_logistic": 0.46521759033203125, "p_rf": 0.7260000109672546, "p_xgb": 0.9850067496299744, "date": "2026-02-07"}}, {"type": "Feature", "geometry": {"type": "Point", "coordinates": [-82.46666666836902, 35.700000000569005]}, "properties": {"p_logistic": 0.46563586592674255, "p_rf": 0.7099999785423279, "p_xgb": 0.9848082065582275, "date": "2026-02-07"}}, {"type": "Feature", "geometry": {"type": "Point", "coordinates": [-82.45833333503602, 35.700000000569005]}, "properties": {"p_logistic": 0.4664807617664337, "p_rf": 0.734000027179718, "p_xgb": 0.9862233996391296, "date": "2026-02-07"}}, {"type": "Feature", "geometry": {"type": "Point", "coordinates": [-82.45000000170302, 35.700000000569005]}, "properties": {"p_logistic": 0.46744459867477417, "p_rf": 0.7300000190734863, "p_xgb": 0.9890264868736267, "date": "2026-02-07"}}, {"type": "Feature", "geometry": {"type": "Point", "coordinates": [-82.44166666837002, 35.700000000569005]}, "properties": {"p_logistic": 0.46811145544052124, "p_rf": 0.7139999866485596, "p_xgb": 0.989504337310791, "date": "2026-02-07"}}, {"type": "Feature", "geometry": {"type": "Point", "coordinates": [-82.43333333503702, 35.700000000569005]}, "properties": {"p_logistic": 0.4698304533958435, "p_rf": 0.7080000042915344, "p_xgb": 0.9890264868736267, "date": "2026-02-07"}}, {"type": "Feature", "geometry": {"type": "Point", "coordinates": [-82.42500000170402, 35.700000000569005]}, "properties": {"p_logistic": 0.4718560576438904, "p_rf": 0.7080000042915344, "p_xgb": 0.98788982629776, "date": "2026-02-07"}}, {"type": "Feature", "geometry": {"type": "Point", "coordinates": [-82.41666666837102, 35.700000000569005]}, "properties": {"p_logistic": 0.47364717721939087, "p_rf": 0.6460000276565552, "p_xgb": 0.9839085936546326, "date": "2026-02-07"}}, {"type": "Feature", "geometry": {"type": "Point", "coordinates": [-82.40833333503801, 35.700000000569005]}, "properties": {"p_logistic": 0.4746542274951935, "p_rf": 0.6320000290870667, "p_xgb": 0.9839085936546326, "date": "2026-02-07"}}, {"type": "Feature", "geometry": {"type": "Point", "coordinates": [-82.40000000170502, 35.700000000569005]}, "properties": {"p_logistic": 0.4757345914840698, "p_rf": 0.6759999990463257, "p_xgb": 0.9842342734336853, "date": "2026-02-07"}}, {"type": "Feature", "geometry": {"type": "Point", "coordinates": [-82.39166666837201, 35.700000000569005]}, "properties": {"p_logistic": 0.47731080651283264, "p_rf": 0.6520000100135803, "p_xgb": 0.9878894686698914, "date": "2026-02-07"}}, {"type": "Feature", "geometry": {"type": "Point", "coordinates": [-82.38333333503903, 35.700000000569005]}, "properties": {"p_logistic": 0.478400319814682, "p_rf": 0.6420000195503235, "p_xgb": 0.9865757822990417, "date": "2026-02-07"}}, {"type": "Feature", "geometry": {"type": "Point", "coordinates": [-82.37500000170601, 35.700000000569005]}, "properties": {"p_logistic": 0.4798007011413574, "p_rf": 0.6420000195503235, "p_xgb": 0.9761379957199097, "date": "2026-02-07"}}, {"type": "Feature", "geometry": {"type": "Point", "coordinates": [-82.36666666837301, 35.700000000569005]}, "properties": {"p_logistic": 0.48070070147514343, "p_rf": 0.6340000033378601, "p_xgb": 0.9807002544403076, "date": "2026-02-07"}}, {"type": "Feature", "geometry": {"type": "Point", "coordinates": [-82.35833333504002, 35.700000000569005]}, "properties": {"p_logistic": 0.4810587763786316, "p_rf": 0.6420000195503235, "p_xgb": 0.9821624159812927, "date": "2026-02-07"}}, {"type": "Feature", "geometry": {"type": "Point", "coordinates": [-82.35000000170702, 35.700000000569005]}, "properties": {"p_logistic": 0.4806102216243744, "p_rf": 0.6380000114440918, "p_xgb": 0.9812976121902466, "date": "2026-02-07"}}, {"type": "Feature", "geometry": {"type": "Point", "coordinates": [-82.34166666837402, 35.700000000569005]}, "properties": {"p_logistic": 0.48004019260406494, "p_rf": 0.6480000019073486, "p_xgb": 0.9840387105941772, "date": "2026-02-07"}}, {"type": "Feature", "geometry": {"type": "Point", "coordinates": [-82.33333333504102, 35.700000000569005]}, "properties": {"p_logistic": 0.4803275763988495, "p_rf": 0.6759999990463257, "p_xgb": 0.9850932359695435, "date": "2026-02-07"}}, {"type": "Feature", "geometry": {"type": "Point", "coordinates": [-82.32500000170802, 35.700000000569005]}, "properties": {"p_logistic": 0.4815778136253357, "p_rf": 0.7139999866485596, "p_xgb": 0.9960540533065796, "date": "2026-02-07"}}, {"type": "Feature", "geometry": {"type": "Point", "coordinates": [-82.31666666837502, 35.700000000569005]}, "properties": {"p_logistic": 0.4827462136745453, "p_rf": 0.7139999866485596, "p_xgb": 0.9965655207633972, "date": "2026-02-07"}}, {"type": "Feature", "geometry": {"type": "Point", "coordinates": [-82.30833333504202, 35.700000000569005]}, "properties": {"p_logistic": 0.4828363060951233, "p_rf": 0.7559999823570251, "p_xgb": 0.9969149827957153, "date": "2026-02-07"}}, {"type": "Feature", "geometry": {"type": "Point", "coordinates": [-82.30000000170901, 35.700000000569005]}, "properties": {"p_logistic": 0.4829552173614502, "p_rf": 0.8019999861717224, "p_xgb": 0.9945470094680786, "date": "2026-02-07"}}, {"type": "Feature", "geometry": {"type": "Point", "coordinates": [-82.29166666837602, 35.700000000569005]}, "properties": {"p_logistic": 0.4836312532424927, "p_rf": 0.800000011920929, "p_xgb": 0.9945470094680786, "date": "2026-02-07"}}, {"type": "Feature", "geometry": {"type": "Point", "coordinates": [-82.28333333504301, 35.700000000569005]}, "properties": {"p_logistic": 0.48535922169685364, "p_rf": 0.7839999794960022, "p_xgb": 0.9945470094680786, "date": "2026-02-07"}}, {"type": "Feature", "geometry": {"type": "Point", "coordinates": [-82.85833333502002, 35.69166666723601]}, "properties": {"p_logistic": 0.4431135952472687, "p_rf": 0.6240000128746033, "p_xgb": 0.9923330545425415, "date": "2026-02-07"}}, {"type": "Feature", "geometry": {"type": "Point", "coordinates": [-82.85000000168702, 35.69166666723601]}, "properties": {"p_logistic": 0.4455668330192566, "p_rf": 0.6299999952316284, "p_xgb": 0.9925434589385986, "date": "2026-02-07"}}, {"type": "Feature", "geometry": {"type": "Point", "coordinates": [-82.84166666835401, 35.69166666723601]}, "properties": {"p_logistic": 0.44834768772125244, "p_rf": 0.628000020980835, "p_xgb": 0.9923892617225647, "date": "2026-02-07"}}, {"type": "Feature", "geometry": {"type": "Point", "coordinates": [-82.83333333502102, 35.69166666723601]}, "properties": {"p_logistic": 0.45104891061782837, "p_rf": 0.6499999761581421, "p_xgb": 0.9921896457672119, "date": "2026-02-07"}}, {"type": "Feature", "geometry": {"type": "Point", "coordinates": [-82.79166666835602, 35.69166666723601]}, "properties": {"p_logistic": 0.4620065689086914, "p_rf": 0.7059999704360962, "p_xgb": 0.9951397180557251, "date": "2026-02-07"}}, {"type": "Feature", "geometry": {"type": "Point", "coordinates": [-82.78333333502302, 35.69166666723601]}, "properties": {"p_logistic": 0.4625067412853241, "p_rf": 0.7120000123977661, "p_xgb": 0.9952113032341003, "date": "2026-02-07"}}, {"type": "Feature", "geometry": {"type": "Point", "coordinates": [-82.77500000169002, 35.69166666723601]}, "properties": {"p_logistic": 0.46227899193763733, "p_rf": 0.7540000081062317, "p_xgb": 0.9959452748298645, "date": "2026-02-07"}}, {"type": "Feature", "geometry": {"type": "Point", "coordinates": [-82.76666666835702, 35.69166666723601]}, "properties": {"p_logistic": 0.46182727813720703, "p_rf": 0.7599999904632568, "p_xgb": 0.9958986639976501, "date": "2026-02-07"}}, {"type": "Feature", "geometry": {"type": "Point", "coordinates": [-82.75833333502402, 35.69166666723601]}, "properties": {"p_logistic": 0.4617305397987366, "p_rf": 0.7599999904632568, "p_xgb": 0.9948588609695435, "date": "2026-02-07"}}, {"type": "Feature", "geometry": {"type": "Point", "coordinates": [-82.75000000169102, 35.69166666723601]}, "properties": {"p_logistic": 0.46177729964256287, "p_rf": 0.7599999904632568, "p_xgb": 0.9948588609695435, "date": "2026-02-07"}}, {"type": "Feature", "geometry": {"type": "Point", "coordinates": [-82.74166666835802, 35.69166666723601]}, "properties": {"p_logistic": 0.46212631464004517, "p_rf": 0.7599999904632568, "p_xgb": 0.9948588609695435, "date": "2026-02-07"}}, {"type": "Feature", "geometry": {"type": "Point", "coordinates": [-82.73333333502501, 35.69166666723601]}, "properties": {"p_logistic": 0.4626205265522003, "p_rf": 0.7580000162124634, "p_xgb": 0.9948588609695435, "date": "2026-02-07"}}, {"type": "Feature", "geometry": {"type": "Point", "coordinates": [-82.72500000169202, 35.69166666723601]}, "properties": {"p_logistic": 0.4630766212940216, "p_rf": 0.7580000162124634, "p_xgb": 0.9948588609695435, "date": "2026-02-07"}}, {"type": "Feature", "geometry": {"type": "Point", "coordinates": [-82.71666666835901, 35.69166666723601]}, "properties": {"p_logistic": 0.463618665933609, "p_rf": 0.7680000066757202, "p_xgb": 0.9951855540275574, "date": "2026-02-07"}}, {"type": "Feature", "geometry": {"type": "Point", "coordinates": [-82.70833333502603, 35.69166666723601]}, "properties": {"p_logistic": 0.46412235498428345, "p_rf": 0.7739999890327454, "p_xgb": 0.9951855540275574, "date": "2026-02-07"}}, {"type": "Feature", "geometry": {"type": "Point", "coordinates": [-82.70000000169301, 35.69166666723601]}, "properties": {"p_logistic": 0.46458956599235535, "p_rf": 0.7720000147819519, "p_xgb": 0.9951855540275574, "date": "2026-02-07"}}, {"type": "Feature", "geometry": {"type": "Point", "coordinates": [-82.69166666836001, 35.69166666723601]}, "properties": {"p_logistic": 0.46544942259788513, "p_rf": 0.7680000066757202, "p_xgb": 0.9951855540275574, "date": "2026-02-07"}}, {"type": "Feature", "geometry": {"type": "Point", "coordinates": [-82.68333333502702, 35.69166666723601]}, "properties": {"p_logistic": 0.4665396213531494, "p_rf": 0.7720000147819519, "p_xgb": 0.9961756467819214, "date": "2026-02-07"}}, {"type": "Feature", "geometry": {"type": "Point", "coordinates": [-82.67500000169402, 35.69166666723601]}, "properties": {"p_logistic": 0.46818655729293823, "p_rf": 0.7680000066757202, "p_xgb": 0.9961756467819214, "date": "2026-02-07"}}, {"type": "Feature", "geometry": {"type": "Point", "coordinates": [-82.66666666836102, 35.69166666723601]}, "properties": {"p_logistic": 0.46901509165763855, "p_rf": 0.7179999947547913, "p_xgb": 0.9963582158088684, "date": "2026-02-07"}}, {"type": "Feature", "geometry": {"type": "Point", "coordinates": [-82.65833333502802, 35.69166666723601]}, "properties": {"p_logistic": 0.4698096811771393, "p_rf": 0.7440000176429749, "p_xgb": 0.9972251653671265, "date": "2026-02-07"}}, {"type": "Feature", "geometry": {"type": "Point", "coordinates": [-82.65000000169502, 35.69166666723601]}, "properties": {"p_logistic": 0.4706728458404541, "p_rf": 0.7580000162124634, "p_xgb": 0.9972877502441406, "date": "2026-02-07"}}, {"type": "Feature", "geometry": {"type": "Point", "coordinates": [-82.64166666836202, 35.69166666723601]}, "properties": {"p_logistic": 0.4715838134288788, "p_rf": 0.7639999985694885, "p_xgb": 0.9973574280738831, "date": "2026-02-07"}}, {"type": "Feature", "geometry": {"type": "Point", "coordinates": [-82.63333333502902, 35.69166666723601]}, "properties": {"p_logistic": 0.47284838557243347, "p_rf": 0.765999972820282, "p_xgb": 0.9973574280738831, "date": "2026-02-07"}}, {"type": "Feature", "geometry": {"type": "Point", "coordinates": [-82.62500000169601, 35.69166666723601]}, "properties": {"p_logistic": 0.474252313375473, "p_rf": 0.7639999985694885, "p_xgb": 0.9974205493927002, "date": "2026-02-07"}}, {"type": "Feature", "geometry": {"type": "Point", "coordinates": [-82.61666666836302, 35.69166666723601]}, "properties": {"p_logistic": 0.47628194093704224, "p_rf": 0.7580000162124634, "p_xgb": 0.9969437718391418, "date": "2026-02-07"}}, {"type": "Feature", "geometry": {"type": "Point", "coordinates": [-82.60833333503001, 35.69166666723601]}, "properties": {"p_logistic": 0.4778664708137512, "p_rf": 0.7379999756813049, "p_xgb": 0.9968441724777222, "date": "2026-02-07"}}, {"type": "Feature", "geometry": {"type": "Point", "coordinates": [-82.60000000169703, 35.69166666723601]}, "properties": {"p_logistic": 0.47907501459121704, "p_rf": 0.7059999704360962, "p_xgb": 0.9951555728912354, "date": "2026-02-07"}}, {"type": "Feature", "geometry": {"type": "Point", "coordinates": [-82.59166666836401, 35.69166666723601]}, "properties": {"p_logistic": 0.4785362780094147, "p_rf": 0.6899999976158142, "p_xgb": 0.9952576756477356, "date": "2026-02-07"}}, {"type": "Feature", "geometry": {"type": "Point", "coordinates": [-82.58333333503101, 35.69166666723601]}, "properties": {"p_logistic": 0.4761207103729248, "p_rf": 0.578000009059906, "p_xgb": 0.9928234815597534, "date": "2026-02-07"}}, {"type": "Feature", "geometry": {"type": "Point", "coordinates": [-82.57500000169802, 35.69166666723601]}, "properties": {"p_logistic": 0.4733029901981354, "p_rf": 0.5920000076293945, "p_xgb": 0.9867254495620728, "date": "2026-02-07"}}, {"type": "Feature", "geometry": {"type": "Point", "coordinates": [-82.56666666836502, 35.69166666723601]}, "properties": {"p_logistic": 0.47201114892959595, "p_rf": 0.6100000143051147, "p_xgb": 0.9866049885749817, "date": "2026-02-07"}}, {"type": "Feature", "geometry": {"type": "Point", "coordinates": [-82.55833333503202, 35.69166666723601]}, "properties": {"p_logistic": 0.47186118364334106, "p_rf": 0.6159999966621399, "p_xgb": 0.9857536554336548, "date": "2026-02-07"}}, {"type": "Feature", "geometry": {"type": "Point", "coordinates": [-82.55000000169902, 35.69166666723601]}, "properties": {"p_logistic": 0.4726133346557617, "p_rf": 0.6259999871253967, "p_xgb": 0.985542893409729, "date": "2026-02-07"}}, {"type": "Feature", "geometry": {"type": "Point", "coordinates": [-82.54166666836602, 35.69166666723601]}, "properties": {"p_logistic": 0.473532110452652, "p_rf": 0.6359999775886536, "p_xgb": 0.9862985014915466, "date": "2026-02-07"}}, {"type": "Feature", "geometry": {"type": "Point", "coordinates": [-82.53333333503302, 35.69166666723601]}, "properties": {"p_logistic": 0.47382643818855286, "p_rf": 0.6600000262260437, "p_xgb": 0.9880016446113586, "date": "2026-02-07"}}, {"type": "Feature", "geometry": {"type": "Point", "coordinates": [-82.52500000170002, 35.69166666723601]}, "properties": {"p_logistic": 0.4733875095844269, "p_rf": 0.6759999990463257, "p_xgb": 0.9880016446113586, "date": "2026-02-07"}}, {"type": "Feature", "geometry": {"type": "Point", "coordinates": [-82.51666666836701, 35.69166666723601]}, "properties": {"p_logistic": 0.47260212898254395, "p_rf": 0.6859999895095825, "p_xgb": 0.988842248916626, "date": "2026-02-07"}}, {"type": "Feature", "geometry": {"type": "Point", "coordinates": [-82.50833333503402, 35.69166666723601]}, "properties": {"p_logistic": 0.4715782701969147, "p_rf": 0.6840000152587891, "p_xgb": 0.9880016446113586, "date": "2026-02-07"}}, {"type": "Feature", "geometry": {"type": "Point", "coordinates": [-82.50000000170101, 35.69166666723601]}, "properties": {"p_logistic": 0.4696424901485443, "p_rf": 0.7059999704360962, "p_xgb": 0.9880016446113586, "date": "2026-02-07"}}, {"type": "Feature", "geometry": {"type": "Point", "coordinates": [-82.49166666836803, 35.69166666723601]}, "properties": {"p_logistic": 0.46741437911987305, "p_rf": 0.7379999756813049, "p_xgb": 0.9850946664810181, "date": "2026-02-07"}}, {"type": "Feature", "geometry": {"type": "Point", "coordinates": [-82.48333333503501, 35.69166666723601]}, "properties": {"p_logistic": 0.4650155305862427, "p_rf": 0.7319999933242798, "p_xgb": 0.9882081151008606, "date": "2026-02-07"}}, {"type": "Feature", "geometry": {"type": "Point", "coordinates": [-82.47500000170201, 35.69166666723601]}, "properties": {"p_logistic": 0.46328067779541016, "p_rf": 0.7580000162124634, "p_xgb": 0.9889487028121948, "date": "2026-02-07"}}, {"type": "Feature", "geometry": {"type": "Point", "coordinates": [-82.46666666836902, 35.69166666723601]}, "properties": {"p_logistic": 0.4630824029445648, "p_rf": 0.7139999866485596, "p_xgb": 0.9903404116630554, "date": "2026-02-07"}}, {"type": "Feature", "geometry": {"type": "Point", "coordinates": [-82.45833333503602, 35.69166666723601]}, "properties": {"p_logistic": 0.4635496437549591, "p_rf": 0.7360000014305115, "p_xgb": 0.992239236831665, "date": "2026-02-07"}}, {"type": "Feature", "geometry": {"type": "Point", "coordinates": [-82.45000000170302, 35.69166666723601]}, "properties": {"p_logistic": 0.46527642011642456, "p_rf": 0.7400000095367432, "p_xgb": 0.9919203519821167, "date": "2026-02-07"}}, {"type": "Feature", "geometry": {"type": "Point", "coordinates": [-82.44166666837002, 35.69166666723601]}, "properties": {"p_logistic": 0.4673011004924774, "p_rf": 0.7200000286102295, "p_xgb": 0.989504337310791, "date": "2026-02-07"}}, {"type": "Feature", "geometry": {"type": "Point", "coordinates": [-82.43333333503702, 35.69166666723601]}, "properties": {"p_logistic": 0.46947017312049866, "p_rf": 0.6980000138282776, "p_xgb": 0.98788982629776, "date": "2026-02-07"}}, {"type": "Feature", "geometry": {"type": "Point", "coordinates": [-82.42500000170402, 35.69166666723601]}, "properties": {"p_logistic": 0.47253936529159546, "p_rf": 0.7160000205039978, "p_xgb": 0.984919548034668, "date": "2026-02-07"}}, {"type": "Feature", "geometry": {"type": "Point", "coordinates": [-82.41666666837102, 35.69166666723601]}, "properties": {"p_logistic": 0.47448158264160156, "p_rf": 0.7099999785423279, "p_xgb": 0.9860460162162781, "date": "2026-02-07"}}, {"type": "Feature", "geometry": {"type": "Point", "coordinates": [-82.40833333503801, 35.69166666723601]}, "properties": {"p_logistic": 0.4759766757488251, "p_rf": 0.6800000071525574, "p_xgb": 0.9860460162162781, "date": "2026-02-07"}}, {"type": "Feature", "geometry": {"type": "Point", "coordinates": [-82.40000000170502, 35.69166666723601]}, "properties": {"p_logistic": 0.4781542718410492, "p_rf": 0.6919999718666077, "p_xgb": 0.9881463050842285, "date": "2026-02-07"}}, {"type": "Feature", "geometry": {"type": "Point", "coordinates": [-82.39166666837201, 35.69166666723601]}, "properties": {"p_logistic": 0.4790234863758087, "p_rf": 0.6959999799728394, "p_xgb": 0.9893236756324768, "date": "2026-02-07"}}, {"type": "Feature", "geometry": {"type": "Point", "coordinates": [-82.38333333503903, 35.69166666723601]}, "properties": {"p_logistic": 0.480367511510849, "p_rf": 0.6700000166893005, "p_xgb": 0.9865757822990417, "date": "2026-02-07"}}, {"type": "Feature", "geometry": {"type": "Point", "coordinates": [-82.37500000170601, 35.69166666723601]}, "properties": {"p_logistic": 0.4819647967815399, "p_rf": 0.6639999747276306, "p_xgb": 0.9792858958244324, "date": "2026-02-07"}}, {"type": "Feature", "geometry": {"type": "Point", "coordinates": [-82.36666666837301, 35.69166666723601]}, "properties": {"p_logistic": 0.48197731375694275, "p_rf": 0.6700000166893005, "p_xgb": 0.9792858958244324, "date": "2026-02-07"}}, {"type": "Feature", "geometry": {"type": "Point", "coordinates": [-82.35833333504002, 35.69166666723601]}, "properties": {"p_logistic": 0.4819449782371521, "p_rf": 0.6679999828338623, "p_xgb": 0.9821624159812927, "date": "2026-02-07"}}, {"type": "Feature", "geometry": {"type": "Point", "coordinates": [-82.35000000170702, 35.69166666723601]}, "properties": {"p_logistic": 0.480782151222229, "p_rf": 0.6399999856948853, "p_xgb": 0.981776773929596, "date": "2026-02-07"}}, {"type": "Feature", "geometry": {"type": "Point", "coordinates": [-82.34166666837402, 35.69166666723601]}, "properties": {"p_logistic": 0.47993260622024536, "p_rf": 0.6499999761581421, "p_xgb": 0.981776773929596, "date": "2026-02-07"}}, {"type": "Feature", "geometry": {"type": "Point", "coordinates": [-82.33333333504102, 35.69166666723601]}, "properties": {"p_logistic": 0.47959721088409424, "p_rf": 0.6819999814033508, "p_xgb": 0.9843544960021973, "date": "2026-02-07"}}, {"type": "Feature", "geometry": {"type": "Point", "coordinates": [-82.32500000170802, 35.69166666723601]}, "properties": {"p_logistic": 0.4807268977165222, "p_rf": 0.7139999866485596, "p_xgb": 0.9896283149719238, "date": "2026-02-07"}}, {"type": "Feature", "geometry": {"type": "Point", "coordinates": [-82.31666666837502, 35.69166666723601]}, "properties": {"p_logistic": 0.481781542301178, "p_rf": 0.7179999947547913, "p_xgb": 0.9960540533065796, "date": "2026-02-07"}}, {"type": "Feature", "geometry": {"type": "Point", "coordinates": [-82.30833333504202, 35.69166666723601]}, "properties": {"p_logistic": 0.48202043771743774, "p_rf": 0.7519999742507935, "p_xgb": 0.9972453117370605, "date": "2026-02-07"}}, {"type": "Feature", "geometry": {"type": "Point", "coordinates": [-82.30000000170901, 35.69166666723601]}, "properties": {"p_logistic": 0.48155686259269714, "p_rf": 0.7960000038146973, "p_xgb": 0.997384250164032, "date": "2026-02-07"}}, {"type": "Feature", "geometry": {"type": "Point", "coordinates": [-82.29166666837602, 35.69166666723601]}, "properties": {"p_logistic": 0.4820578694343567, "p_rf": 0.8080000281333923, "p_xgb": 0.9970389604568481, "date": "2026-02-07"}}, {"type": "Feature", "geometry": {"type": "Point", "coordinates": [-82.87500000168602, 35.68333333390301]}, "properties": {"p_logistic": 0.4384517967700958, "p_rf": 0.5960000157356262, "p_xgb": 0.9936906099319458, "date": "2026-02-07"}}, {"type": "Feature", "geometry": {"type": "Point", "coordinates": [-82.86666666835302, 35.68333333390301]}, "properties": {"p_logistic": 0.4409472644329071, "p_rf": 0.6159999966621399, "p_xgb": 0.9935628175735474, "date": "2026-02-07"}}, {"type": "Feature", "geometry": {"type": "Point", "coordinates": [-82.85833333502002, 35.68333333390301]}, "properties": {"p_logistic": 0.44344568252563477, "p_rf": 0.6299999952316284, "p_xgb": 0.9925434589385986, "date": "2026-02-07"}}, {"type": "Feature", "geometry": {"type": "Point", "coordinates": [-82.85000000168702, 35.68333333390301]}, "properties": {"p_logistic": 0.44693246483802795, "p_rf": 0.6520000100135803, "p_xgb": 0.9945738911628723, "date": "2026-02-07"}}, {"type": "Feature", "geometry": {"type": "Point", "coordinates": [-82.84166666835401, 35.68333333390301]}, "properties": {"p_logistic": 0.4501975476741791, "p_rf": 0.6420000195503235, "p_xgb": 0.9946737289428711, "date": "2026-02-07"}}, {"type": "Feature", "geometry": {"type": "Point", "coordinates": [-82.83333333502102, 35.68333333390301]}, "properties": {"p_logistic": 0.45301130414009094, "p_rf": 0.6539999842643738, "p_xgb": 0.9950600266456604, "date": "2026-02-07"}}, {"type": "Feature", "geometry": {"type": "Point", "coordinates": [-82.82500000168801, 35.68333333390301]}, "properties": {"p_logistic": 0.4559009373188019, "p_rf": 0.6819999814033508, "p_xgb": 0.9946097135543823, "date": "2026-02-07"}}, {"type": "Feature", "geometry": {"type": "Point", "coordinates": [-82.81666666835503, 35.68333333390301]}, "properties": {"p_logistic": 0.45819127559661865, "p_rf": 0.7179999947547913, "p_xgb": 0.9943398833274841, "date": "2026-02-07"}}, {"type": "Feature", "geometry": {"type": "Point", "coordinates": [-82.80833333502201, 35.68333333390301]}, "properties": {"p_logistic": 0.46028947830200195, "p_rf": 0.722000002861023, "p_xgb": 0.995096743106842, "date": "2026-02-07"}}, {"type": "Feature", "geometry": {"type": "Point", "coordinates": [-82.80000000168901, 35.68333333390301]}, "properties": {"p_logistic": 0.4616597890853882, "p_rf": 0.7179999947547913, "p_xgb": 0.9952768087387085, "date": "2026-02-07"}}, {"type": "Feature", "geometry": {"type": "Point", "coordinates": [-82.79166666835602, 35.68333333390301]}, "properties": {"p_logistic": 0.46249279379844666, "p_rf": 0.7039999961853027, "p_xgb": 0.9947229623794556, "date": "2026-02-07"}}, {"type": "Feature", "geometry": {"type": "Point", "coordinates": [-82.78333333502302, 35.68333333390301]}, "properties": {"p_logistic": 0.4628804624080658, "p_rf": 0.7059999704360962, "p_xgb": 0.995278000831604, "date": "2026-02-07"}}, {"type": "Feature", "geometry": {"type": "Point", "coordinates": [-82.77500000169002, 35.68333333390301]}, "properties": {"p_logistic": 0.4628129303455353, "p_rf": 0.7080000042915344, "p_xgb": 0.9952113032341003, "date": "2026-02-07"}}, {"type": "Feature", "geometry": {"type": "Point", "coordinates": [-82.76666666835702, 35.68333333390301]}, "properties": {"p_logistic": 0.46244511008262634, "p_rf": 0.7540000081062317, "p_xgb": 0.9957906603813171, "date": "2026-02-07"}}, {"type": "Feature", "geometry": {"type": "Point", "coordinates": [-82.75833333502402, 35.68333333390301]}, "properties": {"p_logistic": 0.46229568123817444, "p_rf": 0.7580000162124634, "p_xgb": 0.9947236776351929, "date": "2026-02-07"}}, {"type": "Feature", "geometry": {"type": "Point", "coordinates": [-82.75000000169102, 35.68333333390301]}, "properties": {"p_logistic": 0.462120920419693, "p_rf": 0.7559999823570251, "p_xgb": 0.9948588609695435, "date": "2026-02-07"}}, {"type": "Feature", "geometry": {"type": "Point", "coordinates": [-82.74166666835802, 35.68333333390301]}, "properties": {"p_logistic": 0.46235164999961853, "p_rf": 0.7559999823570251, "p_xgb": 0.9948588609695435, "date": "2026-02-07"}}, {"type": "Feature", "geometry": {"type": "Point", "coordinates": [-82.73333333502501, 35.68333333390301]}, "properties": {"p_logistic": 0.46284908056259155, "p_rf": 0.7559999823570251, "p_xgb": 0.9947236776351929, "date": "2026-02-07"}}, {"type": "Feature", "geometry": {"type": "Point", "coordinates": [-82.72500000169202, 35.68333333390301]}, "properties": {"p_logistic": 0.46344488859176636, "p_rf": 0.7639999985694885, "p_xgb": 0.9947236776351929, "date": "2026-02-07"}}, {"type": "Feature", "geometry": {"type": "Point", "coordinates": [-82.71666666835901, 35.68333333390301]}, "properties": {"p_logistic": 0.4641246199607849, "p_rf": 0.7680000066757202, "p_xgb": 0.9951855540275574, "date": "2026-02-07"}}, {"type": "Feature", "geometry": {"type": "Point", "coordinates": [-82.70833333502603, 35.68333333390301]}, "properties": {"p_logistic": 0.4647133946418762, "p_rf": 0.7699999809265137, "p_xgb": 0.9951855540275574, "date": "2026-02-07"}}, {"type": "Feature", "geometry": {"type": "Point", "coordinates": [-82.70000000169301, 35.68333333390301]}, "properties": {"p_logistic": 0.4653218984603882, "p_rf": 0.7680000066757202, "p_xgb": 0.9952946305274963, "date": "2026-02-07"}}, {"type": "Feature", "geometry": {"type": "Point", "coordinates": [-82.69166666836001, 35.68333333390301]}, "properties": {"p_logistic": 0.4663543701171875, "p_rf": 0.7680000066757202, "p_xgb": 0.9952946305274963, "date": "2026-02-07"}}, {"type": "Feature", "geometry": {"type": "Point", "coordinates": [-82.68333333502702, 35.68333333390301]}, "properties": {"p_logistic": 0.4674450755119324, "p_rf": 0.7699999809265137, "p_xgb": 0.995958149433136, "date": "2026-02-07"}}, {"type": "Feature", "geometry": {"type": "Point", "coordinates": [-82.67500000169402, 35.68333333390301]}, "properties": {"p_logistic": 0.46910837292671204, "p_rf": 0.6880000233650208, "p_xgb": 0.9962452054023743, "date": "2026-02-07"}}, {"type": "Feature", "geometry": {"type": "Point", "coordinates": [-82.66666666836102, 35.68333333390301]}, "properties": {"p_logistic": 0.46987318992614746, "p_rf": 0.7360000014305115, "p_xgb": 0.9962452054023743, "date": "2026-02-07"}}, {"type": "Feature", "geometry": {"type": "Point", "coordinates": [-82.65833333502802, 35.68333333390301]}, "properties": {"p_logistic": 0.470642626285553, "p_rf": 0.7279999852180481, "p_xgb": 0.9962452054023743, "date": "2026-02-07"}}, {"type": "Feature", "geometry": {"type": "Point", "coordinates": [-82.65000000169502, 35.68333333390301]}, "properties": {"p_logistic": 0.4712657332420349, "p_rf": 0.734000027179718, "p_xgb": 0.9970563650131226, "date": "2026-02-07"}}, {"type": "Feature", "geometry": {"type": "Point", "coordinates": [-82.64166666836202, 35.68333333390301]}, "properties": {"p_logistic": 0.4719623327255249, "p_rf": 0.7559999823570251, "p_xgb": 0.9969894289970398, "date": "2026-02-07"}}, {"type": "Feature", "geometry": {"type": "Point", "coordinates": [-82.63333333502902, 35.68333333390301]}, "properties": {"p_logistic": 0.47308018803596497, "p_rf": 0.7559999823570251, "p_xgb": 0.9972877502441406, "date": "2026-02-07"}}, {"type": "Feature", "geometry": {"type": "Point", "coordinates": [-82.62500000169601, 35.68333333390301]}, "properties": {"p_logistic": 0.4745714068412781, "p_rf": 0.7599999904632568, "p_xgb": 0.9972877502441406, "date": "2026-02-07"}}, {"type": "Feature", "geometry": {"type": "Point", "coordinates": [-82.61666666836302, 35.68333333390301]}, "properties": {"p_logistic": 0.47670358419418335, "p_rf": 0.7260000109672546, "p_xgb": 0.9971227049827576, "date": "2026-02-07"}}, {"type": "Feature", "geometry": {"type": "Point", "coordinates": [-82.60833333503001, 35.68333333390301]}, "properties": {"p_logistic": 0.47904059290885925, "p_rf": 0.7179999947547913, "p_xgb": 0.9968441724777222, "date": "2026-02-07"}}, {"type": "Feature", "geometry": {"type": "Point", "coordinates": [-82.60000000169703, 35.68333333390301]}, "properties": {"p_logistic": 0.4814143180847168, "p_rf": 0.7059999704360962, "p_xgb": 0.9946959614753723, "date": "2026-02-07"}}, {"type": "Feature", "geometry": {"type": "Point", "coordinates": [-82.59166666836401, 35.68333333390301]}, "properties": {"p_logistic": 0.4806143045425415, "p_rf": 0.6819999814033508, "p_xgb": 0.9934695959091187, "date": "2026-02-07"}}, {"type": "Feature", "geometry": {"type": "Point", "coordinates": [-82.58333333503101, 35.68333333390301]}, "properties": {"p_logistic": 0.4781334102153778, "p_rf": 0.5759999752044678, "p_xgb": 0.9896125197410583, "date": "2026-02-07"}}, {"type": "Feature", "geometry": {"type": "Point", "coordinates": [-82.57500000169802, 35.68333333390301]}, "properties": {"p_logistic": 0.47446075081825256, "p_rf": 0.6100000143051147, "p_xgb": 0.9866049885749817, "date": "2026-02-07"}}, {"type": "Feature", "geometry": {"type": "Point", "coordinates": [-82.56666666836502, 35.68333333390301]}, "properties": {"p_logistic": 0.4725881814956665, "p_rf": 0.621999979019165, "p_xgb": 0.9857536554336548, "date": "2026-02-07"}}, {"type": "Feature", "geometry": {"type": "Point", "coordinates": [-82.55833333503202, 35.68333333390301]}, "properties": {"p_logistic": 0.4722084105014801, "p_rf": 0.628000020980835, "p_xgb": 0.985542893409729, "date": "2026-02-07"}}, {"type": "Feature", "geometry": {"type": "Point", "coordinates": [-82.55000000169902, 35.68333333390301]}, "properties": {"p_logistic": 0.4724902808666229, "p_rf": 0.656000018119812, "p_xgb": 0.9862985014915466, "date": "2026-02-07"}}, {"type": "Feature", "geometry": {"type": "Point", "coordinates": [-82.54166666836602, 35.68333333390301]}, "properties": {"p_logistic": 0.47315213084220886, "p_rf": 0.6779999732971191, "p_xgb": 0.9880016446113586, "date": "2026-02-07"}}, {"type": "Feature", "geometry": {"type": "Point", "coordinates": [-82.53333333503302, 35.68333333390301]}, "properties": {"p_logistic": 0.47334522008895874, "p_rf": 0.6819999814033508, "p_xgb": 0.9880016446113586, "date": "2026-02-07"}}, {"type": "Feature", "geometry": {"type": "Point", "coordinates": [-82.52500000170002, 35.68333333390301]}, "properties": {"p_logistic": 0.47303444147109985, "p_rf": 0.6840000152587891, "p_xgb": 0.988842248916626, "date": "2026-02-07"}}, {"type": "Feature", "geometry": {"type": "Point", "coordinates": [-82.51666666836701, 35.68333333390301]}, "properties": {"p_logistic": 0.47235554456710815, "p_rf": 0.6859999895095825, "p_xgb": 0.9898577332496643, "date": "2026-02-07"}}, {"type": "Feature", "geometry": {"type": "Point", "coordinates": [-82.50833333503402, 35.68333333390301]}, "properties": {"p_logistic": 0.47121500968933105, "p_rf": 0.6819999814033508, "p_xgb": 0.9882787466049194, "date": "2026-02-07"}}, {"type": "Feature", "geometry": {"type": "Point", "coordinates": [-82.50000000170101, 35.68333333390301]}, "properties": {"p_logistic": 0.4697754383087158, "p_rf": 0.7080000042915344, "p_xgb": 0.9885593056678772, "date": "2026-02-07"}}, {"type": "Feature", "geometry": {"type": "Point", "coordinates": [-82.49166666836803, 35.68333333390301]}, "properties": {"p_logistic": 0.4676291346549988, "p_rf": 0.7540000081062317, "p_xgb": 0.9904975295066833, "date": "2026-02-07"}}, {"type": "Feature", "geometry": {"type": "Point", "coordinates": [-82.48333333503501, 35.68333333390301]}, "properties": {"p_logistic": 0.4644404351711273, "p_rf": 0.7519999742507935, "p_xgb": 0.9884459972381592, "date": "2026-02-07"}}, {"type": "Feature", "geometry": {"type": "Point", "coordinates": [-82.47500000170201, 35.68333333390301]}, "properties": {"p_logistic": 0.46245238184928894, "p_rf": 0.7099999785423279, "p_xgb": 0.9895798563957214, "date": "2026-02-07"}}, {"type": "Feature", "geometry": {"type": "Point", "coordinates": [-82.46666666836902, 35.68333333390301]}, "properties": {"p_logistic": 0.4619050621986389, "p_rf": 0.7440000176429749, "p_xgb": 0.9905152320861816, "date": "2026-02-07"}}, {"type": "Feature", "geometry": {"type": "Point", "coordinates": [-82.45833333503602, 35.68333333390301]}, "properties": {"p_logistic": 0.46239274740219116, "p_rf": 0.7440000176429749, "p_xgb": 0.9919203519821167, "date": "2026-02-07"}}, {"type": "Feature", "geometry": {"type": "Point", "coordinates": [-82.45000000170302, 35.68333333390301]}, "properties": {"p_logistic": 0.4637378752231598, "p_rf": 0.7580000162124634, "p_xgb": 0.9919203519821167, "date": "2026-02-07"}}, {"type": "Feature", "geometry": {"type": "Point", "coordinates": [-82.44166666837002, 35.68333333390301]}, "properties": {"p_logistic": 0.46574005484580994, "p_rf": 0.722000002861023, "p_xgb": 0.989504337310791, "date": "2026-02-07"}}, {"type": "Feature", "geometry": {"type": "Point", "coordinates": [-82.43333333503702, 35.68333333390301]}, "properties": {"p_logistic": 0.46891850233078003, "p_rf": 0.699999988079071, "p_xgb": 0.98788982629776, "date": "2026-02-07"}}, {"type": "Feature", "geometry": {"type": "Point", "coordinates": [-82.42500000170402, 35.68333333390301]}, "properties": {"p_logistic": 0.47259292006492615, "p_rf": 0.7080000042915344, "p_xgb": 0.9860460162162781, "date": "2026-02-07"}}, {"type": "Feature", "geometry": {"type": "Point", "coordinates": [-82.41666666837102, 35.68333333390301]}, "properties": {"p_logistic": 0.4757073223590851, "p_rf": 0.7179999947547913, "p_xgb": 0.9860460162162781, "date": "2026-02-07"}}, {"type": "Feature", "geometry": {"type": "Point", "coordinates": [-82.40833333503801, 35.68333333390301]}, "properties": {"p_logistic": 0.47806158661842346, "p_rf": 0.7260000109672546, "p_xgb": 0.9863290190696716, "date": "2026-02-07"}}, {"type": "Feature", "geometry": {"type": "Point", "coordinates": [-82.40000000170502, 35.68333333390301]}, "properties": {"p_logistic": 0.48112836480140686, "p_rf": 0.7620000243186951, "p_xgb": 0.9904595613479614, "date": "2026-02-07"}}, {"type": "Feature", "geometry": {"type": "Point", "coordinates": [-82.39166666837201, 35.68333333390301]}, "properties": {"p_logistic": 0.48234128952026367, "p_rf": 0.6940000057220459, "p_xgb": 0.9906408190727234, "date": "2026-02-07"}}, {"type": "Feature", "geometry": {"type": "Point", "coordinates": [-82.38333333503903, 35.68333333390301]}, "properties": {"p_logistic": 0.48362594842910767, "p_rf": 0.7099999785423279, "p_xgb": 0.9811543822288513, "date": "2026-02-07"}}, {"type": "Feature", "geometry": {"type": "Point", "coordinates": [-82.37500000170601, 35.68333333390301]}, "properties": {"p_logistic": 0.48397010564804077, "p_rf": 0.7080000042915344, "p_xgb": 0.9811543822288513, "date": "2026-02-07"}}, {"type": "Feature", "geometry": {"type": "Point", "coordinates": [-82.36666666837301, 35.68333333390301]}, "properties": {"p_logistic": 0.48370233178138733, "p_rf": 0.6840000152587891, "p_xgb": 0.9837273359298706, "date": "2026-02-07"}}, {"type": "Feature", "geometry": {"type": "Point", "coordinates": [-82.35833333504002, 35.68333333390301]}, "properties": {"p_logistic": 0.48262542486190796, "p_rf": 0.6600000262260437, "p_xgb": 0.9839518666267395, "date": "2026-02-07"}}, {"type": "Feature", "geometry": {"type": "Point", "coordinates": [-82.35000000170702, 35.68333333390301]}, "properties": {"p_logistic": 0.4808863401412964, "p_rf": 0.6620000004768372, "p_xgb": 0.981776773929596, "date": "2026-02-07"}}, {"type": "Feature", "geometry": {"type": "Point", "coordinates": [-82.34166666837402, 35.68333333390301]}, "properties": {"p_logistic": 0.4796341061592102, "p_rf": 0.6700000166893005, "p_xgb": 0.981776773929596, "date": "2026-02-07"}}, {"type": "Feature", "geometry": {"type": "Point", "coordinates": [-82.33333333504102, 35.68333333390301]}, "properties": {"p_logistic": 0.4789758324623108, "p_rf": 0.7139999866485596, "p_xgb": 0.9843544960021973, "date": "2026-02-07"}}, {"type": "Feature", "geometry": {"type": "Point", "coordinates": [-82.32500000170802, 35.68333333390301]}, "properties": {"p_logistic": 0.4796765446662903, "p_rf": 0.7459999918937683, "p_xgb": 0.9896283149719238, "date": "2026-02-07"}}, {"type": "Feature", "geometry": {"type": "Point", "coordinates": [-82.31666666837502, 35.68333333390301]}, "properties": {"p_logistic": 0.48074886202812195, "p_rf": 0.7400000095367432, "p_xgb": 0.9963853359222412, "date": "2026-02-07"}}, {"type": "Feature", "geometry": {"type": "Point", "coordinates": [-82.30833333504202, 35.68333333390301]}, "properties": {"p_logistic": 0.4814279079437256, "p_rf": 0.7519999742507935, "p_xgb": 0.9971754550933838, "date": "2026-02-07"}}, {"type": "Feature", "geometry": {"type": "Point", "coordinates": [-82.30000000170901, 35.68333333390301]}, "properties": {"p_logistic": 0.480838418006897, "p_rf": 0.7919999957084656, "p_xgb": 0.997384250164032, "date": "2026-02-07"}}, {"type": "Feature", "geometry": {"type": "Point", "coordinates": [-82.88333333501902, 35.67500000057]}, "properties": {"p_logistic": 0.4347689151763916, "p_rf": 0.6499999761581421, "p_xgb": 0.9936906099319458, "date": "2026-02-07"}}, {"type": "Feature", "geometry": {"type": "Point", "coordinates": [-82.87500000168602, 35.67500000057]}, "properties": {"p_logistic": 0.43801742792129517, "p_rf": 0.6100000143051147, "p_xgb": 0.9936906099319458, "date": "2026-02-07"}}, {"type": "Feature", "geometry": {"type": "Point", "coordinates": [-82.86666666835302, 35.67500000057]}, "properties": {"p_logistic": 0.4410184919834137, "p_rf": 0.6240000128746033, "p_xgb": 0.993854284286499, "date": "2026-02-07"}}, {"type": "Feature", "geometry": {"type": "Point", "coordinates": [-82.85833333502002, 35.67500000057]}, "properties": {"p_logistic": 0.4442310631275177, "p_rf": 0.6439999938011169, "p_xgb": 0.9927270412445068, "date": "2026-02-07"}}, {"type": "Feature", "geometry": {"type": "Point", "coordinates": [-82.85000000168702, 35.67500000057]}, "properties": {"p_logistic": 0.44816380739212036, "p_rf": 0.6499999761581421, "p_xgb": 0.9948051571846008, "date": "2026-02-07"}}, {"type": "Feature", "geometry": {"type": "Point", "coordinates": [-82.84166666835401, 35.67500000057]}, "properties": {"p_logistic": 0.45153000950813293, "p_rf": 0.6320000290870667, "p_xgb": 0.9949340224266052, "date": "2026-02-07"}}, {"type": "Feature", "geometry": {"type": "Point", "coordinates": [-82.83333333502102, 35.67500000057]}, "properties": {"p_logistic": 0.45428648591041565, "p_rf": 0.6499999761581421, "p_xgb": 0.9945181012153625, "date": "2026-02-07"}}, {"type": "Feature", "geometry": {"type": "Point", "coordinates": [-82.82500000168801, 35.67500000057]}, "properties": {"p_logistic": 0.456829309463501, "p_rf": 0.6679999828338623, "p_xgb": 0.9947603344917297, "date": "2026-02-07"}}, {"type": "Feature", "geometry": {"type": "Point", "coordinates": [-82.81666666835503, 35.67500000057]}, "properties": {"p_logistic": 0.45858028531074524, "p_rf": 0.722000002861023, "p_xgb": 0.9956996440887451, "date": "2026-02-07"}}, {"type": "Feature", "geometry": {"type": "Point", "coordinates": [-82.80833333502201, 35.67500000057]}, "properties": {"p_logistic": 0.4601891040802002, "p_rf": 0.722000002861023, "p_xgb": 0.995096743106842, "date": "2026-02-07"}}, {"type": "Feature", "geometry": {"type": "Point", "coordinates": [-82.80000000168901, 35.67500000057]}, "properties": {"p_logistic": 0.46115514636039734, "p_rf": 0.7179999947547913, "p_xgb": 0.9952768087387085, "date": "2026-02-07"}}, {"type": "Feature", "geometry": {"type": "Point", "coordinates": [-82.79166666835602, 35.67500000057]}, "properties": {"p_logistic": 0.46179628372192383, "p_rf": 0.7179999947547913, "p_xgb": 0.9952768087387085, "date": "2026-02-07"}}, {"type": "Feature", "geometry": {"type": "Point", "coordinates": [-82.78333333502302, 35.67500000057]}, "properties": {"p_logistic": 0.4620803892612457, "p_rf": 0.7059999704360962, "p_xgb": 0.9945218563079834, "date": "2026-02-07"}}, {"type": "Feature", "geometry": {"type": "Point", "coordinates": [-82.77500000169002, 35.67500000057]}, "properties": {"p_logistic": 0.4624069333076477, "p_rf": 0.7059999704360962, "p_xgb": 0.9950980544090271, "date": "2026-02-07"}}, {"type": "Feature", "geometry": {"type": "Point", "coordinates": [-82.76666666835702, 35.67500000057]}, "properties": {"p_logistic": 0.4625124931335449, "p_rf": 0.7039999961853027, "p_xgb": 0.9949544072151184, "date": "2026-02-07"}}, {"type": "Feature", "geometry": {"type": "Point", "coordinates": [-82.75833333502402, 35.67500000057]}, "properties": {"p_logistic": 0.46266061067581177, "p_rf": 0.7099999785423279, "p_xgb": 0.9936768412590027, "date": "2026-02-07"}}, {"type": "Feature", "geometry": {"type": "Point", "coordinates": [-82.75000000169102, 35.67500000057]}, "properties": {"p_logistic": 0.4623894989490509, "p_rf": 0.7419999837875366, "p_xgb": 0.9937698245048523, "date": "2026-02-07"}}, {"type": "Feature", "geometry": {"type": "Point", "coordinates": [-82.74166666835802, 35.67500000057]}, "properties": {"p_logistic": 0.4627169668674469, "p_rf": 0.7620000243186951, "p_xgb": 0.9941652417182922, "date": "2026-02-07"}}, {"type": "Feature", "geometry": {"type": "Point", "coordinates": [-82.73333333502501, 35.67500000057]}, "properties": {"p_logistic": 0.4633788764476776, "p_rf": 0.7620000243186951, "p_xgb": 0.9945166707038879, "date": "2026-02-07"}}, {"type": "Feature", "geometry": {"type": "Point", "coordinates": [-82.72500000169202, 35.67500000057]}, "properties": {"p_logistic": 0.4640021324157715, "p_rf": 0.765999972820282, "p_xgb": 0.9950588941574097, "date": "2026-02-07"}}, {"type": "Feature", "geometry": {"type": "Point", "coordinates": [-82.71666666835901, 35.67500000057]}, "properties": {"p_logistic": 0.46473944187164307, "p_rf": 0.7720000147819519, "p_xgb": 0.9950588941574097, "date": "2026-02-07"}}, {"type": "Feature", "geometry": {"type": "Point", "coordinates": [-82.70833333502603, 35.67500000057]}, "properties": {"p_logistic": 0.46542888879776, "p_rf": 0.7720000147819519, "p_xgb": 0.9952946305274963, "date": "2026-02-07"}}, {"type": "Feature", "geometry": {"type": "Point", "coordinates": [-82.70000000169301, 35.67500000057]}, "properties": {"p_logistic": 0.466224730014801, "p_rf": 0.7160000205039978, "p_xgb": 0.9947781562805176, "date": "2026-02-07"}}, {"type": "Feature", "geometry": {"type": "Point", "coordinates": [-82.69166666836001, 35.67500000057]}, "properties": {"p_logistic": 0.46744078397750854, "p_rf": 0.6840000152587891, "p_xgb": 0.9950090646743774, "date": "2026-02-07"}}, {"type": "Feature", "geometry": {"type": "Point", "coordinates": [-82.68333333502702, 35.67500000057]}, "properties": {"p_logistic": 0.469326913356781, "p_rf": 0.6759999990463257, "p_xgb": 0.9953545331954956, "date": "2026-02-07"}}, {"type": "Feature", "geometry": {"type": "Point", "coordinates": [-82.67500000169402, 35.67500000057]}, "properties": {"p_logistic": 0.47013112902641296, "p_rf": 0.6660000085830688, "p_xgb": 0.9960940480232239, "date": "2026-02-07"}}, {"type": "Feature", "geometry": {"type": "Point", "coordinates": [-82.66666666836102, 35.67500000057]}, "properties": {"p_logistic": 0.4709084630012512, "p_rf": 0.7120000123977661, "p_xgb": 0.9960940480232239, "date": "2026-02-07"}}, {"type": "Feature", "geometry": {"type": "Point", "coordinates": [-82.65833333502802, 35.67500000057]}, "properties": {"p_logistic": 0.47128424048423767, "p_rf": 0.7120000123977661, "p_xgb": 0.9962452054023743, "date": "2026-02-07"}}, {"type": "Feature", "geometry": {"type": "Point", "coordinates": [-82.65000000169502, 35.67500000057]}, "properties": {"p_logistic": 0.47172996401786804, "p_rf": 0.7059999704360962, "p_xgb": 0.9962452054023743, "date": "2026-02-07"}}, {"type": "Feature", "geometry": {"type": "Point", "coordinates": [-82.64166666836202, 35.67500000057]}, "properties": {"p_logistic": 0.47212037444114685, "p_rf": 0.7160000205039978, "p_xgb": 0.9970563650131226, "date": "2026-02-07"}}, {"type": "Feature", "geometry": {"type": "Point", "coordinates": [-82.63333333502902, 35.67500000057]}, "properties": {"p_logistic": 0.47314730286598206, "p_rf": 0.7459999918937683, "p_xgb": 0.9971227049827576, "date": "2026-02-07"}}, {"type": "Feature", "geometry": {"type": "Point", "coordinates": [-82.62500000169601, 35.67500000057]}, "properties": {"p_logistic": 0.4745854139328003, "p_rf": 0.734000027179718, "p_xgb": 0.9971227049827576, "date": "2026-02-07"}}, {"type": "Feature", "geometry": {"type": "Point", "coordinates": [-82.61666666836302, 35.67500000057]}, "properties": {"p_logistic": 0.47685593366622925, "p_rf": 0.7139999866485596, "p_xgb": 0.9971227049827576, "date": "2026-02-07"}}, {"type": "Feature", "geometry": {"type": "Point", "coordinates": [-82.60833333503001, 35.67500000057]}, "properties": {"p_logistic": 0.479358434677124, "p_rf": 0.722000002861023, "p_xgb": 0.9966368675231934, "date": "2026-02-07"}}, {"type": "Feature", "geometry": {"type": "Point", "coordinates": [-82.60000000169703, 35.67500000057]}, "properties": {"p_logistic": 0.4814985692501068, "p_rf": 0.699999988079071, "p_xgb": 0.994516909122467, "date": "2026-02-07"}}, {"type": "Feature", "geometry": {"type": "Point", "coordinates": [-82.59166666836401, 35.67500000057]}, "properties": {"p_logistic": 0.48223254084587097, "p_rf": 0.6759999990463257, "p_xgb": 0.993065357208252, "date": "2026-02-07"}}, {"type": "Feature", "geometry": {"type": "Point", "coordinates": [-82.58333333503101, 35.67500000057]}, "properties": {"p_logistic": 0.4792182743549347, "p_rf": 0.5920000076293945, "p_xgb": 0.9896125197410583, "date": "2026-02-07"}}, {"type": "Feature", "geometry": {"type": "Point", "coordinates": [-82.57500000169802, 35.67500000057]}, "properties": {"p_logistic": 0.47566506266593933, "p_rf": 0.6600000262260437, "p_xgb": 0.9845519661903381, "date": "2026-02-07"}}, {"type": "Feature", "geometry": {"type": "Point", "coordinates": [-82.56666666836502, 35.67500000057]}, "properties": {"p_logistic": 0.47332897782325745, "p_rf": 0.671999990940094, "p_xgb": 0.9833298325538635, "date": "2026-02-07"}}, {"type": "Feature", "geometry": {"type": "Point", "coordinates": [-82.55833333503202, 35.67500000057]}, "properties": {"p_logistic": 0.47223180532455444, "p_rf": 0.6740000247955322, "p_xgb": 0.9862985014915466, "date": "2026-02-07"}}, {"type": "Feature", "geometry": {"type": "Point", "coordinates": [-82.55000000169902, 35.67500000057]}, "properties": {"p_logistic": 0.47216764092445374, "p_rf": 0.6940000057220459, "p_xgb": 0.9862985014915466, "date": "2026-02-07"}}, {"type": "Feature", "geometry": {"type": "Point", "coordinates": [-82.54166666836602, 35.67500000057]}, "properties": {"p_logistic": 0.4723401665687561, "p_rf": 0.6859999895095825, "p_xgb": 0.9880016446113586, "date": "2026-02-07"}}, {"type": "Feature", "geometry": {"type": "Point", "coordinates": [-82.53333333503302, 35.67500000057]}, "properties": {"p_logistic": 0.4722764790058136, "p_rf": 0.6980000138282776, "p_xgb": 0.9880016446113586, "date": "2026-02-07"}}, {"type": "Feature", "geometry": {"type": "Point", "coordinates": [-82.52500000170002, 35.67500000057]}, "properties": {"p_logistic": 0.47199147939682007, "p_rf": 0.6919999718666077, "p_xgb": 0.9898577332496643, "date": "2026-02-07"}}, {"type": "Feature", "geometry": {"type": "Point", "coordinates": [-82.51666666836701, 35.67500000057]}, "properties": {"p_logistic": 0.47099626064300537, "p_rf": 0.6819999814033508, "p_xgb": 0.9889476299285889, "date": "2026-02-07"}}, {"type": "Feature", "geometry": {"type": "Point", "coordinates": [-82.50833333503402, 35.67500000057]}, "properties": {"p_logistic": 0.47053152322769165, "p_rf": 0.6840000152587891, "p_xgb": 0.9886671900749207, "date": "2026-02-07"}}, {"type": "Feature", "geometry": {"type": "Point", "coordinates": [-82.50000000170101, 35.67500000057]}, "properties": {"p_logistic": 0.4692772924900055, "p_rf": 0.7039999961853027, "p_xgb": 0.9865569472312927, "date": "2026-02-07"}}, {"type": "Feature", "geometry": {"type": "Point", "coordinates": [-82.49166666836803, 35.67500000057]}, "properties": {"p_logistic": 0.46708375215530396, "p_rf": 0.7319999933242798, "p_xgb": 0.9871689081192017, "date": "2026-02-07"}}, {"type": "Feature", "geometry": {"type": "Point", "coordinates": [-82.48333333503501, 35.67500000057]}, "properties": {"p_logistic": 0.4645330309867859, "p_rf": 0.7160000205039978, "p_xgb": 0.988292396068573, "date": "2026-02-07"}}, {"type": "Feature", "geometry": {"type": "Point", "coordinates": [-82.47500000170201, 35.67500000057]}, "properties": {"p_logistic": 0.4630488455295563, "p_rf": 0.7300000190734863, "p_xgb": 0.9905152320861816, "date": "2026-02-07"}}, {"type": "Feature", "geometry": {"type": "Point", "coordinates": [-82.46666666836902, 35.67500000057]}, "properties": {"p_logistic": 0.46261686086654663, "p_rf": 0.7440000176429749, "p_xgb": 0.992239236831665, "date": "2026-02-07"}}, {"type": "Feature", "geometry": {"type": "Point", "coordinates": [-82.45833333503602, 35.67500000057]}, "properties": {"p_logistic": 0.46332091093063354, "p_rf": 0.7459999918937683, "p_xgb": 0.9919203519821167, "date": "2026-02-07"}}, {"type": "Feature", "geometry": {"type": "Point", "coordinates": [-82.45000000170302, 35.67500000057]}, "properties": {"p_logistic": 0.4652121663093567, "p_rf": 0.7400000095367432, "p_xgb": 0.9897768497467041, "date": "2026-02-07"}}, {"type": "Feature", "geometry": {"type": "Point", "coordinates": [-82.44166666837002, 35.67500000057]}, "properties": {"p_logistic": 0.4674736559391022, "p_rf": 0.7179999947547913, "p_xgb": 0.98788982629776, "date": "2026-02-07"}}, {"type": "Feature", "geometry": {"type": "Point", "coordinates": [-82.43333333503702, 35.67500000057]}, "properties": {"p_logistic": 0.47090715169906616, "p_rf": 0.7099999785423279, "p_xgb": 0.9860460162162781, "date": "2026-02-07"}}, {"type": "Feature", "geometry": {"type": "Point", "coordinates": [-82.42500000170402, 35.67500000057]}, "properties": {"p_logistic": 0.47465330362319946, "p_rf": 0.7120000123977661, "p_xgb": 0.9860460162162781, "date": "2026-02-07"}}, {"type": "Feature", "geometry": {"type": "Point", "coordinates": [-82.41666666837102, 35.67500000057]}, "properties": {"p_logistic": 0.47750145196914673, "p_rf": 0.7360000014305115, "p_xgb": 0.9875703454017639, "date": "2026-02-07"}}, {"type": "Feature", "geometry": {"type": "Point", "coordinates": [-82.40833333503801, 35.67500000057]}, "properties": {"p_logistic": 0.4807051718235016, "p_rf": 0.7620000243186951, "p_xgb": 0.989224374294281, "date": "2026-02-07"}}, {"type": "Feature", "geometry": {"type": "Point", "coordinates": [-82.40000000170502, 35.67500000057]}, "properties": {"p_logistic": 0.483425498008728, "p_rf": 0.7860000133514404, "p_xgb": 0.9922516942024231, "date": "2026-02-07"}}, {"type": "Feature", "geometry": {"type": "Point", "coordinates": [-82.39166666837201, 35.67500000057]}, "properties": {"p_logistic": 0.4847956895828247, "p_rf": 0.8040000200271606, "p_xgb": 0.9911122918128967, "date": "2026-02-07"}}, {"type": "Feature", "geometry": {"type": "Point", "coordinates": [-82.38333333503903, 35.67500000057]}, "properties": {"p_logistic": 0.4855629801750183, "p_rf": 0.7540000081062317, "p_xgb": 0.9837273359298706, "date": "2026-02-07"}}, {"type": "Feature", "geometry": {"type": "Point", "coordinates": [-82.37500000170601, 35.67500000057]}, "properties": {"p_logistic": 0.4859009385108948, "p_rf": 0.6800000071525574, "p_xgb": 0.9837273359298706, "date": "2026-02-07"}}, {"type": "Feature", "geometry": {"type": "Point", "coordinates": [-82.36666666837301, 35.67500000057]}, "properties": {"p_logistic": 0.48518699407577515, "p_rf": 0.6980000138282776, "p_xgb": 0.9840787649154663, "date": "2026-02-07"}}, {"type": "Feature", "geometry": {"type": "Point", "coordinates": [-82.35833333504002, 35.67500000057]}, "properties": {"p_logistic": 0.48360517621040344, "p_rf": 0.7059999704360962, "p_xgb": 0.9865728616714478, "date": "2026-02-07"}}, {"type": "Feature", "geometry": {"type": "Point", "coordinates": [-82.35000000170702, 35.67500000057]}, "properties": {"p_logistic": 0.4814073145389557, "p_rf": 0.6880000233650208, "p_xgb": 0.981776773929596, "date": "2026-02-07"}}, {"type": "Feature", "geometry": {"type": "Point", "coordinates": [-82.34166666837402, 35.67500000057]}, "properties": {"p_logistic": 0.4800468683242798, "p_rf": 0.7480000257492065, "p_xgb": 0.981776773929596, "date": "2026-02-07"}}, {"type": "Feature", "geometry": {"type": "Point", "coordinates": [-82.33333333504102, 35.67500000057]}, "properties": {"p_logistic": 0.47911083698272705, "p_rf": 0.7039999961853027, "p_xgb": 0.9847565293312073, "date": "2026-02-07"}}, {"type": "Feature", "geometry": {"type": "Point", "coordinates": [-82.32500000170802, 35.67500000057]}, "properties": {"p_logistic": 0.47921687364578247, "p_rf": 0.75, "p_xgb": 0.9902374148368835, "date": "2026-02-07"}}, {"type": "Feature", "geometry": {"type": "Point", "coordinates": [-82.31666666837502, 35.67500000057]}, "properties": {"p_logistic": 0.47996869683265686, "p_rf": 0.7599999904632568, "p_xgb": 0.9963853359222412, "date": "2026-02-07"}}, {"type": "Feature", "geometry": {"type": "Point", "coordinates": [-82.30833333504202, 35.67500000057]}, "properties": {"p_logistic": 0.48075780272483826, "p_rf": 0.7559999823570251, "p_xgb": 0.9971754550933838, "date": "2026-02-07"}}, {"type": "Feature", "geometry": {"type": "Point", "coordinates": [-82.30000000170901, 35.67500000057]}, "properties": {"p_logistic": 0.48140227794647217, "p_rf": 0.765999972820282, "p_xgb": 0.9973002076148987, "date": "2026-02-07"}}, {"type": "Feature", "geometry": {"type": "Point", "coordinates": [-82.29166666837602, 35.67500000057]}, "properties": {"p_logistic": 0.48231467604637146, "p_rf": 0.7900000214576721, "p_xgb": 0.9969149827957153, "date": "2026-02-07"}}, {"type": "Feature", "geometry": {"type": "Point", "coordinates": [-82.87500000168602, 35.666666667237]}, "properties": {"p_logistic": 0.43782714009284973, "p_rf": 0.6200000047683716, "p_xgb": 0.9936927556991577, "date": "2026-02-07"}}, {"type": "Feature", "geometry": {"type": "Point", "coordinates": [-82.86666666835302, 35.666666667237]}, "properties": {"p_logistic": 0.4409652054309845, "p_rf": 0.6420000195503235, "p_xgb": 0.9936927556991577, "date": "2026-02-07"}}, {"type": "Feature", "geometry": {"type": "Point", "coordinates": [-82.85833333502002, 35.666666667237]}, "properties": {"p_logistic": 0.44490787386894226, "p_rf": 0.6480000019073486, "p_xgb": 0.9946763515472412, "date": "2026-02-07"}}, {"type": "Feature", "geometry": {"type": "Point", "coordinates": [-82.85000000168702, 35.666666667237]}, "properties": {"p_logistic": 0.44854244589805603, "p_rf": 0.656000018119812, "p_xgb": 0.9947744011878967, "date": "2026-02-07"}}, {"type": "Feature", "geometry": {"type": "Point", "coordinates": [-82.84166666835401, 35.666666667237]}, "properties": {"p_logistic": 0.4518355131149292, "p_rf": 0.6299999952316284, "p_xgb": 0.9949340224266052, "date": "2026-02-07"}}, {"type": "Feature", "geometry": {"type": "Point", "coordinates": [-82.83333333502102, 35.666666667237]}, "properties": {"p_logistic": 0.45428237318992615, "p_rf": 0.6499999761581421, "p_xgb": 0.9947603344917297, "date": "2026-02-07"}}, {"type": "Feature", "geometry": {"type": "Point", "coordinates": [-82.82500000168801, 35.666666667237]}, "properties": {"p_logistic": 0.45660343766212463, "p_rf": 0.7120000123977661, "p_xgb": 0.9958199262619019, "date": "2026-02-07"}}, {"type": "Feature", "geometry": {"type": "Point", "coordinates": [-82.81666666835503, 35.666666667237]}, "properties": {"p_logistic": 0.45822378993034363, "p_rf": 0.6800000071525574, "p_xgb": 0.9958199262619019, "date": "2026-02-07"}}, {"type": "Feature", "geometry": {"type": "Point", "coordinates": [-82.80833333502201, 35.666666667237]}, "properties": {"p_logistic": 0.4595489799976349, "p_rf": 0.6660000085830688, "p_xgb": 0.9959390163421631, "date": "2026-02-07"}}, {"type": "Feature", "geometry": {"type": "Point", "coordinates": [-82.80000000168901, 35.666666667237]}, "properties": {"p_logistic": 0.4603789746761322, "p_rf": 0.7200000286102295, "p_xgb": 0.9953306913375854, "date": "2026-02-07"}}, {"type": "Feature", "geometry": {"type": "Point", "coordinates": [-82.79166666835602, 35.666666667237]}, "properties": {"p_logistic": 0.4609374403953552, "p_rf": 0.7239999771118164, "p_xgb": 0.9953306913375854, "date": "2026-02-07"}}, {"type": "Feature", "geometry": {"type": "Point", "coordinates": [-82.78333333502302, 35.666666667237]}, "properties": {"p_logistic": 0.4611041843891144, "p_rf": 0.7179999947547913, "p_xgb": 0.995096743106842, "date": "2026-02-07"}}, {"type": "Feature", "geometry": {"type": "Point", "coordinates": [-82.77500000169002, 35.666666667237]}, "properties": {"p_logistic": 0.46152472496032715, "p_rf": 0.7200000286102295, "p_xgb": 0.995096743106842, "date": "2026-02-07"}}, {"type": "Feature", "geometry": {"type": "Point", "coordinates": [-82.76666666835702, 35.666666667237]}, "properties": {"p_logistic": 0.46201959252357483, "p_rf": 0.7200000286102295, "p_xgb": 0.995096743106842, "date": "2026-02-07"}}, {"type": "Feature", "geometry": {"type": "Point", "coordinates": [-82.75833333502402, 35.666666667237]}, "properties": {"p_logistic": 0.46236345171928406, "p_rf": 0.7200000286102295, "p_xgb": 0.9941124320030212, "date": "2026-02-07"}}, {"type": "Feature", "geometry": {"type": "Point", "coordinates": [-82.75000000169102, 35.666666667237]}, "properties": {"p_logistic": 0.46265092492103577, "p_rf": 0.7179999947547913, "p_xgb": 0.9941124320030212, "date": "2026-02-07"}}, {"type": "Feature", "geometry": {"type": "Point", "coordinates": [-82.74166666835802, 35.666666667237]}, "properties": {"p_logistic": 0.4632450044155121, "p_rf": 0.7179999947547913, "p_xgb": 0.9943398833274841, "date": "2026-02-07"}}, {"type": "Feature", "geometry": {"type": "Point", "coordinates": [-82.73333333502501, 35.666666667237]}, "properties": {"p_logistic": 0.46409767866134644, "p_rf": 0.7239999771118164, "p_xgb": 0.9946097135543823, "date": "2026-02-07"}}, {"type": "Feature", "geometry": {"type": "Point", "coordinates": [-82.72500000169202, 35.666666667237]}, "properties": {"p_logistic": 0.46510550379753113, "p_rf": 0.722000002861023, "p_xgb": 0.9946889877319336, "date": "2026-02-07"}}, {"type": "Feature", "geometry": {"type": "Point", "coordinates": [-82.71666666835901, 35.666666667237]}, "properties": {"p_logistic": 0.46595409512519836, "p_rf": 0.6660000085830688, "p_xgb": 0.9950090646743774, "date": "2026-02-07"}}, {"type": "Feature", "geometry": {"type": "Point", "coordinates": [-82.70833333502603, 35.666666667237]}, "properties": {"p_logistic": 0.46682268381118774, "p_rf": 0.6800000071525574, "p_xgb": 0.9951485991477966, "date": "2026-02-07"}}, {"type": "Feature", "geometry": {"type": "Point", "coordinates": [-82.70000000169301, 35.666666667237]}, "properties": {"p_logistic": 0.4675631523132324, "p_rf": 0.7139999866485596, "p_xgb": 0.9949535727500916, "date": "2026-02-07"}}, {"type": "Feature", "geometry": {"type": "Point", "coordinates": [-82.69166666836001, 35.666666667237]}, "properties": {"p_logistic": 0.4692877531051636, "p_rf": 0.6800000071525574, "p_xgb": 0.9947044253349304, "date": "2026-02-07"}}, {"type": "Feature", "geometry": {"type": "Point", "coordinates": [-82.68333333502702, 35.666666667237]}, "properties": {"p_logistic": 0.4700373709201813, "p_rf": 0.6660000085830688, "p_xgb": 0.9947044253349304, "date": "2026-02-07"}}, {"type": "Feature", "geometry": {"type": "Point", "coordinates": [-82.67500000169402, 35.666666667237]}, "properties": {"p_logistic": 0.470834881067276, "p_rf": 0.6819999814033508, "p_xgb": 0.9947044253349304, "date": "2026-02-07"}}, {"type": "Feature", "geometry": {"type": "Point", "coordinates": [-82.66666666836102, 35.666666667237]}, "properties": {"p_logistic": 0.47122547030448914, "p_rf": 0.7139999866485596, "p_xgb": 0.9947044253349304, "date": "2026-02-07"}}, {"type": "Feature", "geometry": {"type": "Point", "coordinates": [-82.65833333502802, 35.666666667237]}, "properties": {"p_logistic": 0.47177475690841675, "p_rf": 0.7139999866485596, "p_xgb": 0.9959009289741516, "date": "2026-02-07"}}, {"type": "Feature", "geometry": {"type": "Point", "coordinates": [-82.65000000169502, 35.666666667237]}, "properties": {"p_logistic": 0.47194552421569824, "p_rf": 0.7120000123977661, "p_xgb": 0.9960940480232239, "date": "2026-02-07"}}, {"type": "Feature", "geometry": {"type": "Point", "coordinates": [-82.64166666836202, 35.666666667237]}, "properties": {"p_logistic": 0.47217226028442383, "p_rf": 0.7120000123977661, "p_xgb": 0.9965053796768188, "date": "2026-02-07"}}, {"type": "Feature", "geometry": {"type": "Point", "coordinates": [-82.63333333502902, 35.666666667237]}, "properties": {"p_logistic": 0.4727016091346741, "p_rf": 0.7099999785423279, "p_xgb": 0.9970563650131226, "date": "2026-02-07"}}, {"type": "Feature", "geometry": {"type": "Point", "coordinates": [-82.62500000169601, 35.666666667237]}, "properties": {"p_logistic": 0.4742032289505005, "p_rf": 0.6940000057220459, "p_xgb": 0.9970563650131226, "date": "2026-02-07"}}, {"type": "Feature", "geometry": {"type": "Point", "coordinates": [-82.61666666836302, 35.666666667237]}, "properties": {"p_logistic": 0.47617846727371216, "p_rf": 0.722000002861023, "p_xgb": 0.9967976212501526, "date": "2026-02-07"}}, {"type": "Feature", "geometry": {"type": "Point", "coordinates": [-82.60833333503001, 35.666666667237]}, "properties": {"p_logistic": 0.47835099697113037, "p_rf": 0.7059999704360962, "p_xgb": 0.994636595249176, "date": "2026-02-07"}}, {"type": "Feature", "geometry": {"type": "Point", "coordinates": [-82.60000000169703, 35.666666667237]}, "properties": {"p_logistic": 0.4801867604255676, "p_rf": 0.7059999704360962, "p_xgb": 0.9942412376403809, "date": "2026-02-07"}}, {"type": "Feature", "geometry": {"type": "Point", "coordinates": [-82.59166666836401, 35.666666667237]}, "properties": {"p_logistic": 0.4803202152252197, "p_rf": 0.5899999737739563, "p_xgb": 0.9896125197410583, "date": "2026-02-07"}}, {"type": "Feature", "geometry": {"type": "Point", "coordinates": [-82.58333333503101, 35.666666667237]}, "properties": {"p_logistic": 0.478384792804718, "p_rf": 0.6899999976158142, "p_xgb": 0.985358476638794, "date": "2026-02-07"}}, {"type": "Feature", "geometry": {"type": "Point", "coordinates": [-82.57500000169802, 35.666666667237]}, "properties": {"p_logistic": 0.47477176785469055, "p_rf": 0.7319999933242798, "p_xgb": 0.9898015856742859, "date": "2026-02-07"}}, {"type": "Feature", "geometry": {"type": "Point", "coordinates": [-82.56666666836502, 35.666666667237]}, "properties": {"p_logistic": 0.4724675118923187, "p_rf": 0.7319999933242798, "p_xgb": 0.9898015856742859, "date": "2026-02-07"}}, {"type": "Feature", "geometry": {"type": "Point", "coordinates": [-82.55833333503202, 35.666666667237]}, "properties": {"p_logistic": 0.47160065174102783, "p_rf": 0.734000027179718, "p_xgb": 0.9893372058868408, "date": "2026-02-07"}}, {"type": "Feature", "geometry": {"type": "Point", "coordinates": [-82.55000000169902, 35.666666667237]}, "properties": {"p_logistic": 0.4713905155658722, "p_rf": 0.7379999756813049, "p_xgb": 0.9865178465843201, "date": "2026-02-07"}}, {"type": "Feature", "geometry": {"type": "Point", "coordinates": [-82.54166666836602, 35.666666667237]}, "properties": {"p_logistic": 0.47147876024246216, "p_rf": 0.7179999947547913, "p_xgb": 0.9880016446113586, "date": "2026-02-07"}}, {"type": "Feature", "geometry": {"type": "Point", "coordinates": [-82.53333333503302, 35.666666667237]}, "properties": {"p_logistic": 0.4714682996273041, "p_rf": 0.7059999704360962, "p_xgb": 0.988842248916626, "date": "2026-02-07"}}, {"type": "Feature", "geometry": {"type": "Point", "coordinates": [-82.52500000170002, 35.666666667237]}, "properties": {"p_logistic": 0.4713292717933655, "p_rf": 0.6840000152587891, "p_xgb": 0.9889476299285889, "date": "2026-02-07"}}, {"type": "Feature", "geometry": {"type": "Point", "coordinates": [-82.51666666836701, 35.666666667237]}, "properties": {"p_logistic": 0.470529705286026, "p_rf": 0.6880000233650208, "p_xgb": 0.987998366355896, "date": "2026-02-07"}}, {"type": "Feature", "geometry": {"type": "Point", "coordinates": [-82.50833333503402, 35.666666667237]}, "properties": {"p_logistic": 0.46994778513908386, "p_rf": 0.7080000042915344, "p_xgb": 0.987998366355896, "date": "2026-02-07"}}, {"type": "Feature", "geometry": {"type": "Point", "coordinates": [-82.50000000170101, 35.666666667237]}, "properties": {"p_logistic": 0.46883758902549744, "p_rf": 0.7120000123977661, "p_xgb": 0.9882404804229736, "date": "2026-02-07"}}, {"type": "Feature", "geometry": {"type": "Point", "coordinates": [-82.49166666836803, 35.666666667237]}, "properties": {"p_logistic": 0.4671860337257385, "p_rf": 0.7080000042915344, "p_xgb": 0.987065315246582, "date": "2026-02-07"}}, {"type": "Feature", "geometry": {"type": "Point", "coordinates": [-82.48333333503501, 35.666666667237]}, "properties": {"p_logistic": 0.4657939672470093, "p_rf": 0.7260000109672546, "p_xgb": 0.987065315246582, "date": "2026-02-07"}}, {"type": "Feature", "geometry": {"type": "Point", "coordinates": [-82.47500000170201, 35.666666667237]}, "properties": {"p_logistic": 0.46519529819488525, "p_rf": 0.75, "p_xgb": 0.9918849468231201, "date": "2026-02-07"}}, {"type": "Feature", "geometry": {"type": "Point", "coordinates": [-82.46666666836902, 35.666666667237]}, "properties": {"p_logistic": 0.46541720628738403, "p_rf": 0.7580000162124634, "p_xgb": 0.9915516376495361, "date": "2026-02-07"}}, {"type": "Feature", "geometry": {"type": "Point", "coordinates": [-82.45833333503602, 35.666666667237]}, "properties": {"p_logistic": 0.4667259454727173, "p_rf": 0.7519999742507935, "p_xgb": 0.9904906749725342, "date": "2026-02-07"}}, {"type": "Feature", "geometry": {"type": "Point", "coordinates": [-82.45000000170302, 35.666666667237]}, "properties": {"p_logistic": 0.4689544439315796, "p_rf": 0.7319999933242798, "p_xgb": 0.9895039796829224, "date": "2026-02-07"}}, {"type": "Feature", "geometry": {"type": "Point", "coordinates": [-82.44166666837002, 35.666666667237]}, "properties": {"p_logistic": 0.47232648730278015, "p_rf": 0.7179999947547913, "p_xgb": 0.9860460162162781, "date": "2026-02-07"}}, {"type": "Feature", "geometry": {"type": "Point", "coordinates": [-82.43333333503702, 35.666666667237]}, "properties": {"p_logistic": 0.4758892357349396, "p_rf": 0.7519999742507935, "p_xgb": 0.9892768859863281, "date": "2026-02-07"}}, {"type": "Feature", "geometry": {"type": "Point", "coordinates": [-82.42500000170402, 35.666666667237]}, "properties": {"p_logistic": 0.4789977967739105, "p_rf": 0.8700000047683716, "p_xgb": 0.9903690218925476, "date": "2026-02-07"}}, {"type": "Feature", "geometry": {"type": "Point", "coordinates": [-82.41666666837102, 35.666666667237]}, "properties": {"p_logistic": 0.4822458028793335, "p_rf": 0.8899999856948853, "p_xgb": 0.9914729595184326, "date": "2026-02-07"}}, {"type": "Feature", "geometry": {"type": "Point", "coordinates": [-82.40833333503801, 35.666666667237]}, "properties": {"p_logistic": 0.48457443714141846, "p_rf": 0.8960000276565552, "p_xgb": 0.9924523234367371, "date": "2026-02-07"}}, {"type": "Feature", "geometry": {"type": "Point", "coordinates": [-82.40000000170502, 35.666666667237]}, "properties": {"p_logistic": 0.4860425889492035, "p_rf": 0.8140000104904175, "p_xgb": 0.9911122918128967, "date": "2026-02-07"}}, {"type": "Feature", "geometry": {"type": "Point", "coordinates": [-82.39166666837201, 35.666666667237]}, "properties": {"p_logistic": 0.4874337613582611, "p_rf": 0.8100000023841858, "p_xgb": 0.9841451048851013, "date": "2026-02-07"}}, {"type": "Feature", "geometry": {"type": "Point", "coordinates": [-82.38333333503903, 35.666666667237]}, "properties": {"p_logistic": 0.487443208694458, "p_rf": 0.7919999957084656, "p_xgb": 0.9844877123832703, "date": "2026-02-07"}}, {"type": "Feature", "geometry": {"type": "Point", "coordinates": [-82.37500000170601, 35.666666667237]}, "properties": {"p_logistic": 0.48739859461784363, "p_rf": 0.7960000038146973, "p_xgb": 0.9844877123832703, "date": "2026-02-07"}}, {"type": "Feature", "geometry": {"type": "Point", "coordinates": [-82.36666666837301, 35.666666667237]}, "properties": {"p_logistic": 0.48694851994514465, "p_rf": 0.7820000052452087, "p_xgb": 0.9856787323951721, "date": "2026-02-07"}}, {"type": "Feature", "geometry": {"type": "Point", "coordinates": [-82.35833333504002, 35.666666667237]}, "properties": {"p_logistic": 0.4849582314491272, "p_rf": 0.7239999771118164, "p_xgb": 0.9865728616714478, "date": "2026-02-07"}}, {"type": "Feature", "geometry": {"type": "Point", "coordinates": [-82.35000000170702, 35.666666667237]}, "properties": {"p_logistic": 0.482883483171463, "p_rf": 0.7459999918937683, "p_xgb": 0.9844485521316528, "date": "2026-02-07"}}, {"type": "Feature", "geometry": {"type": "Point", "coordinates": [-82.34166666837402, 35.666666667237]}, "properties": {"p_logistic": 0.4807780683040619, "p_rf": 0.7120000123977661, "p_xgb": 0.9844485521316528, "date": "2026-02-07"}}, {"type": "Feature", "geometry": {"type": "Point", "coordinates": [-82.33333333504102, 35.666666667237]}, "properties": {"p_logistic": 0.4799150228500366, "p_rf": 0.734000027179718, "p_xgb": 0.9847565293312073, "date": "2026-02-07"}}, {"type": "Feature", "geometry": {"type": "Point", "coordinates": [-82.32500000170802, 35.666666667237]}, "properties": {"p_logistic": 0.47938355803489685, "p_rf": 0.7440000176429749, "p_xgb": 0.9914597272872925, "date": "2026-02-07"}}, {"type": "Feature", "geometry": {"type": "Point", "coordinates": [-82.31666666837502, 35.666666667237]}, "properties": {"p_logistic": 0.4797944724559784, "p_rf": 0.7559999823570251, "p_xgb": 0.9970272183418274, "date": "2026-02-07"}}, {"type": "Feature", "geometry": {"type": "Point", "coordinates": [-82.30833333504202, 35.666666667237]}, "properties": {"p_logistic": 0.4804927706718445, "p_rf": 0.75, "p_xgb": 0.9971754550933838, "date": "2026-02-07"}}, {"type": "Feature", "geometry": {"type": "Point", "coordinates": [-82.30000000170901, 35.666666667237]}, "properties": {"p_logistic": 0.4812869131565094, "p_rf": 0.75, "p_xgb": 0.9973002076148987, "date": "2026-02-07"}}, {"type": "Feature", "geometry": {"type": "Point", "coordinates": [-82.29166666837602, 35.666666667237]}, "properties": {"p_logistic": 0.4825427830219269, "p_rf": 0.7639999985694885, "p_xgb": 0.9969149827957153, "date": "2026-02-07"}}, {"type": "Feature", "geometry": {"type": "Point", "coordinates": [-82.28333333504301, 35.666666667237]}, "properties": {"p_logistic": 0.48485806584358215, "p_rf": 0.765999972820282, "p_xgb": 0.9947368502616882, "date": "2026-02-07"}}, {"type": "Feature", "geometry": {"type": "Point", "coordinates": [-82.86666666835302, 35.658333333904004]}, "properties": {"p_logistic": 0.44124144315719604, "p_rf": 0.6340000033378601, "p_xgb": 0.9949079155921936, "date": "2026-02-07"}}, {"type": "Feature", "geometry": {"type": "Point", "coordinates": [-82.85833333502002, 35.658333333904004]}, "properties": {"p_logistic": 0.4445854723453522, "p_rf": 0.6620000004768372, "p_xgb": 0.9948626160621643, "date": "2026-02-07"}}, {"type": "Feature", "geometry": {"type": "Point", "coordinates": [-82.85000000168702, 35.658333333904004]}, "properties": {"p_logistic": 0.44821682572364807, "p_rf": 0.6480000019073486, "p_xgb": 0.9948805570602417, "date": "2026-02-07"}}, {"type": "Feature", "geometry": {"type": "Point", "coordinates": [-82.84166666835401, 35.658333333904004]}, "properties": {"p_logistic": 0.4515834152698517, "p_rf": 0.6439999938011169, "p_xgb": 0.9942012429237366, "date": "2026-02-07"}}, {"type": "Feature", "geometry": {"type": "Point", "coordinates": [-82.83333333502102, 35.658333333904004]}, "properties": {"p_logistic": 0.45390766859054565, "p_rf": 0.621999979019165, "p_xgb": 0.9947603344917297, "date": "2026-02-07"}}, {"type": "Feature", "geometry": {"type": "Point", "coordinates": [-82.82500000168801, 35.658333333904004]}, "properties": {"p_logistic": 0.4556099772453308, "p_rf": 0.6060000061988831, "p_xgb": 0.9947603344917297, "date": "2026-02-07"}}, {"type": "Feature", "geometry": {"type": "Point", "coordinates": [-82.81666666835503, 35.658333333904004]}, "properties": {"p_logistic": 0.45734256505966187, "p_rf": 0.7080000042915344, "p_xgb": 0.9958199262619019, "date": "2026-02-07"}}, {"type": "Feature", "geometry": {"type": "Point", "coordinates": [-82.80833333502201, 35.658333333904004]}, "properties": {"p_logistic": 0.4585232734680176, "p_rf": 0.7080000042915344, "p_xgb": 0.9958199262619019, "date": "2026-02-07"}}, {"type": "Feature", "geometry": {"type": "Point", "coordinates": [-82.80000000168901, 35.658333333904004]}, "properties": {"p_logistic": 0.45950281620025635, "p_rf": 0.7120000123977661, "p_xgb": 0.9954612851142883, "date": "2026-02-07"}}, {"type": "Feature", "geometry": {"type": "Point", "coordinates": [-82.79166666835602, 35.658333333904004]}, "properties": {"p_logistic": 0.46012628078460693, "p_rf": 0.7139999866485596, "p_xgb": 0.9945498108863831, "date": "2026-02-07"}}, {"type": "Feature", "geometry": {"type": "Point", "coordinates": [-82.78333333502302, 35.658333333904004]}, "properties": {"p_logistic": 0.46040835976600647, "p_rf": 0.7099999785423279, "p_xgb": 0.9952369928359985, "date": "2026-02-07"}}, {"type": "Feature", "geometry": {"type": "Point", "coordinates": [-82.77500000169002, 35.658333333904004]}, "properties": {"p_logistic": 0.4609319865703583, "p_rf": 0.7099999785423279, "p_xgb": 0.9952369928359985, "date": "2026-02-07"}}, {"type": "Feature", "geometry": {"type": "Point", "coordinates": [-82.76666666835702, 35.658333333904004]}, "properties": {"p_logistic": 0.46150264143943787, "p_rf": 0.7099999785423279, "p_xgb": 0.9952369928359985, "date": "2026-02-07"}}, {"type": "Feature", "geometry": {"type": "Point", "coordinates": [-82.75833333502402, 35.658333333904004]}, "properties": {"p_logistic": 0.4621207118034363, "p_rf": 0.7099999785423279, "p_xgb": 0.9952369928359985, "date": "2026-02-07"}}, {"type": "Feature", "geometry": {"type": "Point", "coordinates": [-82.75000000169102, 35.658333333904004]}, "properties": {"p_logistic": 0.4628080427646637, "p_rf": 0.7120000123977661, "p_xgb": 0.9952369928359985, "date": "2026-02-07"}}, {"type": "Feature", "geometry": {"type": "Point", "coordinates": [-82.74166666835802, 35.658333333904004]}, "properties": {"p_logistic": 0.4636918306350708, "p_rf": 0.7120000123977661, "p_xgb": 0.9952369928359985, "date": "2026-02-07"}}, {"type": "Feature", "geometry": {"type": "Point", "coordinates": [-82.73333333502501, 35.658333333904004]}, "properties": {"p_logistic": 0.46501368284225464, "p_rf": 0.7120000123977661, "p_xgb": 0.9952369928359985, "date": "2026-02-07"}}, {"type": "Feature", "geometry": {"type": "Point", "coordinates": [-82.72500000169202, 35.658333333904004]}, "properties": {"p_logistic": 0.4663901627063751, "p_rf": 0.7099999785423279, "p_xgb": 0.9952369928359985, "date": "2026-02-07"}}, {"type": "Feature", "geometry": {"type": "Point", "coordinates": [-82.71666666835901, 35.658333333904004]}, "properties": {"p_logistic": 0.46731260418891907, "p_rf": 0.7120000123977661, "p_xgb": 0.9953071475028992, "date": "2026-02-07"}}, {"type": "Feature", "geometry": {"type": "Point", "coordinates": [-82.70833333502603, 35.658333333904004]}, "properties": {"p_logistic": 0.46829062700271606, "p_rf": 0.7099999785423279, "p_xgb": 0.9953071475028992, "date": "2026-02-07"}}, {"type": "Feature", "geometry": {"type": "Point", "coordinates": [-82.70000000169301, 35.658333333904004]}, "properties": {"p_logistic": 0.4695691764354706, "p_rf": 0.7080000042915344, "p_xgb": 0.9955902099609375, "date": "2026-02-07"}}, {"type": "Feature", "geometry": {"type": "Point", "coordinates": [-82.69166666836001, 35.658333333904004]}, "properties": {"p_logistic": 0.47007715702056885, "p_rf": 0.7160000205039978, "p_xgb": 0.9943649768829346, "date": "2026-02-07"}}, {"type": "Feature", "geometry": {"type": "Point", "coordinates": [-82.68333333502702, 35.658333333904004]}, "properties": {"p_logistic": 0.4707714319229126, "p_rf": 0.722000002861023, "p_xgb": 0.9943649768829346, "date": "2026-02-07"}}, {"type": "Feature", "geometry": {"type": "Point", "coordinates": [-82.67500000169402, 35.658333333904004]}, "properties": {"p_logistic": 0.4714661240577698, "p_rf": 0.7260000109672546, "p_xgb": 0.9943649768829346, "date": "2026-02-07"}}, {"type": "Feature", "geometry": {"type": "Point", "coordinates": [-82.66666666836102, 35.658333333904004]}, "properties": {"p_logistic": 0.4720183312892914, "p_rf": 0.7200000286102295, "p_xgb": 0.9947044253349304, "date": "2026-02-07"}}, {"type": "Feature", "geometry": {"type": "Point", "coordinates": [-82.65833333502802, 35.658333333904004]}, "properties": {"p_logistic": 0.4719536006450653, "p_rf": 0.699999988079071, "p_xgb": 0.9947044253349304, "date": "2026-02-07"}}, {"type": "Feature", "geometry": {"type": "Point", "coordinates": [-82.65000000169502, 35.658333333904004]}, "properties": {"p_logistic": 0.4720448851585388, "p_rf": 0.6740000247955322, "p_xgb": 0.9947044253349304, "date": "2026-02-07"}}, {"type": "Feature", "geometry": {"type": "Point", "coordinates": [-82.64166666836202, 35.658333333904004]}, "properties": {"p_logistic": 0.4722025692462921, "p_rf": 0.6679999828338623, "p_xgb": 0.9947044253349304, "date": "2026-02-07"}}, {"type": "Feature", "geometry": {"type": "Point", "coordinates": [-82.63333333502902, 35.658333333904004]}, "properties": {"p_logistic": 0.4724029302597046, "p_rf": 0.722000002861023, "p_xgb": 0.9957829713821411, "date": "2026-02-07"}}, {"type": "Feature", "geometry": {"type": "Point", "coordinates": [-82.62500000169601, 35.658333333904004]}, "properties": {"p_logistic": 0.4734249413013458, "p_rf": 0.722000002861023, "p_xgb": 0.995571494102478, "date": "2026-02-07"}}, {"type": "Feature", "geometry": {"type": "Point", "coordinates": [-82.61666666836302, 35.658333333904004]}, "properties": {"p_logistic": 0.47486522793769836, "p_rf": 0.7059999704360962, "p_xgb": 0.9928426742553711, "date": "2026-02-07"}}, {"type": "Feature", "geometry": {"type": "Point", "coordinates": [-82.60833333503001, 35.658333333904004]}, "properties": {"p_logistic": 0.4762958288192749, "p_rf": 0.7059999704360962, "p_xgb": 0.9926832318305969, "date": "2026-02-07"}}, {"type": "Feature", "geometry": {"type": "Point", "coordinates": [-82.60000000169703, 35.658333333904004]}, "properties": {"p_logistic": 0.47738802433013916, "p_rf": 0.699999988079071, "p_xgb": 0.9887611269950867, "date": "2026-02-07"}}, {"type": "Feature", "geometry": {"type": "Point", "coordinates": [-82.59166666836401, 35.658333333904004]}, "properties": {"p_logistic": 0.4772333800792694, "p_rf": 0.6660000085830688, "p_xgb": 0.9881768822669983, "date": "2026-02-07"}}, {"type": "Feature", "geometry": {"type": "Point", "coordinates": [-82.58333333503101, 35.658333333904004]}, "properties": {"p_logistic": 0.47465988993644714, "p_rf": 0.7519999742507935, "p_xgb": 0.9898015856742859, "date": "2026-02-07"}}, {"type": "Feature", "geometry": {"type": "Point", "coordinates": [-82.57500000169802, 35.658333333904004]}, "properties": {"p_logistic": 0.4717143476009369, "p_rf": 0.765999972820282, "p_xgb": 0.989403486251831, "date": "2026-02-07"}}, {"type": "Feature", "geometry": {"type": "Point", "coordinates": [-82.56666666836502, 35.658333333904004]}, "properties": {"p_logistic": 0.4701952040195465, "p_rf": 0.765999972820282, "p_xgb": 0.9885711073875427, "date": "2026-02-07"}}, {"type": "Feature", "geometry": {"type": "Point", "coordinates": [-82.55833333503202, 35.658333333904004]}, "properties": {"p_logistic": 0.4699976444244385, "p_rf": 0.75, "p_xgb": 0.9889817833900452, "date": "2026-02-07"}}, {"type": "Feature", "geometry": {"type": "Point", "coordinates": [-82.55000000169902, 35.658333333904004]}, "properties": {"p_logistic": 0.4707465171813965, "p_rf": 0.75, "p_xgb": 0.9893194437026978, "date": "2026-02-07"}}, {"type": "Feature", "geometry": {"type": "Point", "coordinates": [-82.54166666836602, 35.658333333904004]}, "properties": {"p_logistic": 0.4708692133426666, "p_rf": 0.7279999852180481, "p_xgb": 0.9879816174507141, "date": "2026-02-07"}}, {"type": "Feature", "geometry": {"type": "Point", "coordinates": [-82.53333333503302, 35.658333333904004]}, "properties": {"p_logistic": 0.4710375666618347, "p_rf": 0.7020000219345093, "p_xgb": 0.9875341653823853, "date": "2026-02-07"}}, {"type": "Feature", "geometry": {"type": "Point", "coordinates": [-82.52500000170002, 35.658333333904004]}, "properties": {"p_logistic": 0.47087228298187256, "p_rf": 0.6819999814033508, "p_xgb": 0.987998366355896, "date": "2026-02-07"}}, {"type": "Feature", "geometry": {"type": "Point", "coordinates": [-82.51666666836701, 35.658333333904004]}, "properties": {"p_logistic": 0.4702104926109314, "p_rf": 0.7279999852180481, "p_xgb": 0.989646852016449, "date": "2026-02-07"}}, {"type": "Feature", "geometry": {"type": "Point", "coordinates": [-82.50833333503402, 35.658333333904004]}, "properties": {"p_logistic": 0.470001220703125, "p_rf": 0.7300000190734863, "p_xgb": 0.9916988611221313, "date": "2026-02-07"}}, {"type": "Feature", "geometry": {"type": "Point", "coordinates": [-82.50000000170101, 35.658333333904004]}, "properties": {"p_logistic": 0.4699000120162964, "p_rf": 0.7400000095367432, "p_xgb": 0.9913579225540161, "date": "2026-02-07"}}, {"type": "Feature", "geometry": {"type": "Point", "coordinates": [-82.49166666836803, 35.658333333904004]}, "properties": {"p_logistic": 0.46994397044181824, "p_rf": 0.7379999756813049, "p_xgb": 0.9913579225540161, "date": "2026-02-07"}}, {"type": "Feature", "geometry": {"type": "Point", "coordinates": [-82.48333333503501, 35.658333333904004]}, "properties": {"p_logistic": 0.4689965546131134, "p_rf": 0.7379999756813049, "p_xgb": 0.9913579225540161, "date": "2026-02-07"}}, {"type": "Feature", "geometry": {"type": "Point", "coordinates": [-82.47500000170201, 35.658333333904004]}, "properties": {"p_logistic": 0.46891823410987854, "p_rf": 0.7419999837875366, "p_xgb": 0.9925479292869568, "date": "2026-02-07"}}, {"type": "Feature", "geometry": {"type": "Point", "coordinates": [-82.46666666836902, 35.658333333904004]}, "properties": {"p_logistic": 0.4699384272098541, "p_rf": 0.7400000095367432, "p_xgb": 0.9923357367515564, "date": "2026-02-07"}}, {"type": "Feature", "geometry": {"type": "Point", "coordinates": [-82.45833333503602, 35.658333333904004]}, "properties": {"p_logistic": 0.47167885303497314, "p_rf": 0.7120000123977661, "p_xgb": 0.9904597997665405, "date": "2026-02-07"}}, {"type": "Feature", "geometry": {"type": "Point", "coordinates": [-82.45000000170302, 35.658333333904004]}, "properties": {"p_logistic": 0.4744802415370941, "p_rf": 0.7099999785423279, "p_xgb": 0.9890540838241577, "date": "2026-02-07"}}, {"type": "Feature", "geometry": {"type": "Point", "coordinates": [-82.44166666837002, 35.658333333904004]}, "properties": {"p_logistic": 0.47796523571014404, "p_rf": 0.8199999928474426, "p_xgb": 0.989553689956665, "date": "2026-02-07"}}, {"type": "Feature", "geometry": {"type": "Point", "coordinates": [-82.43333333503702, 35.658333333904004]}, "properties": {"p_logistic": 0.4816382825374603, "p_rf": 0.8799999952316284, "p_xgb": 0.9917407035827637, "date": "2026-02-07"}}, {"type": "Feature", "geometry": {"type": "Point", "coordinates": [-82.42500000170402, 35.658333333904004]}, "properties": {"p_logistic": 0.484141081571579, "p_rf": 0.8820000290870667, "p_xgb": 0.9921382069587708, "date": "2026-02-07"}}, {"type": "Feature", "geometry": {"type": "Point", "coordinates": [-82.41666666837102, 35.658333333904004]}, "properties": {"p_logistic": 0.4864424765110016, "p_rf": 0.8939999938011169, "p_xgb": 0.9926837086677551, "date": "2026-02-07"}}, {"type": "Feature", "geometry": {"type": "Point", "coordinates": [-82.40833333503801, 35.658333333904004]}, "properties": {"p_logistic": 0.4882279336452484, "p_rf": 0.8960000276565552, "p_xgb": 0.986932098865509, "date": "2026-02-07"}}, {"type": "Feature", "geometry": {"type": "Point", "coordinates": [-82.40000000170502, 35.658333333904004]}, "properties": {"p_logistic": 0.48984336853027344, "p_rf": 0.8820000290870667, "p_xgb": 0.986932098865509, "date": "2026-02-07"}}, {"type": "Feature", "geometry": {"type": "Point", "coordinates": [-82.39166666837201, 35.658333333904004]}, "properties": {"p_logistic": 0.4903509020805359, "p_rf": 0.8180000185966492, "p_xgb": 0.986932098865509, "date": "2026-02-07"}}, {"type": "Feature", "geometry": {"type": "Point", "coordinates": [-82.38333333503903, 35.658333333904004]}, "properties": {"p_logistic": 0.49047815799713135, "p_rf": 0.8199999928474426, "p_xgb": 0.9892003536224365, "date": "2026-02-07"}}, {"type": "Feature", "geometry": {"type": "Point", "coordinates": [-82.37500000170601, 35.658333333904004]}, "properties": {"p_logistic": 0.4892873167991638, "p_rf": 0.8159999847412109, "p_xgb": 0.9892003536224365, "date": "2026-02-07"}}, {"type": "Feature", "geometry": {"type": "Point", "coordinates": [-82.36666666837301, 35.658333333904004]}, "properties": {"p_logistic": 0.48825955390930176, "p_rf": 0.828000009059906, "p_xgb": 0.9907940030097961, "date": "2026-02-07"}}, {"type": "Feature", "geometry": {"type": "Point", "coordinates": [-82.35833333504002, 35.658333333904004]}, "properties": {"p_logistic": 0.4871494174003601, "p_rf": 0.8080000281333923, "p_xgb": 0.9905699491500854, "date": "2026-02-07"}}, {"type": "Feature", "geometry": {"type": "Point", "coordinates": [-82.35000000170702, 35.658333333904004]}, "properties": {"p_logistic": 0.48505574464797974, "p_rf": 0.7860000133514404, "p_xgb": 0.9871828556060791, "date": "2026-02-07"}}, {"type": "Feature", "geometry": {"type": "Point", "coordinates": [-82.34166666837402, 35.658333333904004]}, "properties": {"p_logistic": 0.4827140271663666, "p_rf": 0.75, "p_xgb": 0.9871828556060791, "date": "2026-02-07"}}, {"type": "Feature", "geometry": {"type": "Point", "coordinates": [-82.33333333504102, 35.658333333904004]}, "properties": {"p_logistic": 0.48116862773895264, "p_rf": 0.7960000038146973, "p_xgb": 0.9874373078346252, "date": "2026-02-07"}}, {"type": "Feature", "geometry": {"type": "Point", "coordinates": [-82.32500000170802, 35.658333333904004]}, "properties": {"p_logistic": 0.48050040006637573, "p_rf": 0.765999972820282, "p_xgb": 0.9916977882385254, "date": "2026-02-07"}}, {"type": "Feature", "geometry": {"type": "Point", "coordinates": [-82.31666666837502, 35.658333333904004]}, "properties": {"p_logistic": 0.4807000458240509, "p_rf": 0.7739999890327454, "p_xgb": 0.9967545866966248, "date": "2026-02-07"}}, {"type": "Feature", "geometry": {"type": "Point", "coordinates": [-82.30833333504202, 35.658333333904004]}, "properties": {"p_logistic": 0.4812474250793457, "p_rf": 0.7480000257492065, "p_xgb": 0.9971754550933838, "date": "2026-02-07"}}, {"type": "Feature", "geometry": {"type": "Point", "coordinates": [-82.30000000170901, 35.658333333904004]}, "properties": {"p_logistic": 0.4814009368419647, "p_rf": 0.7519999742507935, "p_xgb": 0.9973002076148987, "date": "2026-02-07"}}, {"type": "Feature", "geometry": {"type": "Point", "coordinates": [-82.29166666837602, 35.658333333904004]}, "properties": {"p_logistic": 0.4823579788208008, "p_rf": 0.7559999823570251, "p_xgb": 0.9969149827957153, "date": "2026-02-07"}}, {"type": "Feature", "geometry": {"type": "Point", "coordinates": [-82.86666666835302, 35.650000000571005]}, "properties": {"p_logistic": 0.4390495717525482, "p_rf": 0.6179999709129333, "p_xgb": 0.995133101940155, "date": "2026-02-07"}}, {"type": "Feature", "geometry": {"type": "Point", "coordinates": [-82.85833333502002, 35.650000000571005]}, "properties": {"p_logistic": 0.44334545731544495, "p_rf": 0.6399999856948853, "p_xgb": 0.995133101940155, "date": "2026-02-07"}}, {"type": "Feature", "geometry": {"type": "Point", "coordinates": [-82.85000000168702, 35.650000000571005]}, "properties": {"p_logistic": 0.4469872713088989, "p_rf": 0.6539999842643738, "p_xgb": 0.9943189024925232, "date": "2026-02-07"}}, {"type": "Feature", "geometry": {"type": "Point", "coordinates": [-82.84166666835401, 35.650000000571005]}, "properties": {"p_logistic": 0.45040732622146606, "p_rf": 0.6539999842643738, "p_xgb": 0.9942012429237366, "date": "2026-02-07"}}, {"type": "Feature", "geometry": {"type": "Point", "coordinates": [-82.83333333502102, 35.650000000571005]}, "properties": {"p_logistic": 0.45280659198760986, "p_rf": 0.6320000290870667, "p_xgb": 0.9948633313179016, "date": "2026-02-07"}}, {"type": "Feature", "geometry": {"type": "Point", "coordinates": [-82.82500000168801, 35.650000000571005]}, "properties": {"p_logistic": 0.45464178919792175, "p_rf": 0.6600000262260437, "p_xgb": 0.9949912428855896, "date": "2026-02-07"}}, {"type": "Feature", "geometry": {"type": "Point", "coordinates": [-82.81666666835503, 35.650000000571005]}, "properties": {"p_logistic": 0.45617371797561646, "p_rf": 0.7239999771118164, "p_xgb": 0.9959232807159424, "date": "2026-02-07"}}, {"type": "Feature", "geometry": {"type": "Point", "coordinates": [-82.80833333502201, 35.650000000571005]}, "properties": {"p_logistic": 0.4573840796947479, "p_rf": 0.7239999771118164, "p_xgb": 0.9950462579727173, "date": "2026-02-07"}}, {"type": "Feature", "geometry": {"type": "Point", "coordinates": [-82.80000000168901, 35.650000000571005]}, "properties": {"p_logistic": 0.4584091603755951, "p_rf": 0.7120000123977661, "p_xgb": 0.9942808151245117, "date": "2026-02-07"}}, {"type": "Feature", "geometry": {"type": "Point", "coordinates": [-82.79166666835602, 35.650000000571005]}, "properties": {"p_logistic": 0.45937544107437134, "p_rf": 0.7120000123977661, "p_xgb": 0.9942808151245117, "date": "2026-02-07"}}, {"type": "Feature", "geometry": {"type": "Point", "coordinates": [-82.78333333502302, 35.650000000571005]}, "properties": {"p_logistic": 0.4600733816623688, "p_rf": 0.7120000123977661, "p_xgb": 0.9942808151245117, "date": "2026-02-07"}}, {"type": "Feature", "geometry": {"type": "Point", "coordinates": [-82.77500000169002, 35.650000000571005]}, "properties": {"p_logistic": 0.46078842878341675, "p_rf": 0.7139999866485596, "p_xgb": 0.9952369928359985, "date": "2026-02-07"}}, {"type": "Feature", "geometry": {"type": "Point", "coordinates": [-82.76666666835702, 35.650000000571005]}, "properties": {"p_logistic": 0.46125560998916626, "p_rf": 0.7139999866485596, "p_xgb": 0.9954119324684143, "date": "2026-02-07"}}, {"type": "Feature", "geometry": {"type": "Point", "coordinates": [-82.75833333502402, 35.650000000571005]}, "properties": {"p_logistic": 0.4619547426700592, "p_rf": 0.7120000123977661, "p_xgb": 0.9954119324684143, "date": "2026-02-07"}}, {"type": "Feature", "geometry": {"type": "Point", "coordinates": [-82.75000000169102, 35.650000000571005]}, "properties": {"p_logistic": 0.46283188462257385, "p_rf": 0.7120000123977661, "p_xgb": 0.9954119324684143, "date": "2026-02-07"}}, {"type": "Feature", "geometry": {"type": "Point", "coordinates": [-82.74166666835802, 35.650000000571005]}, "properties": {"p_logistic": 0.46387308835983276, "p_rf": 0.7120000123977661, "p_xgb": 0.9954119324684143, "date": "2026-02-07"}}, {"type": "Feature", "geometry": {"type": "Point", "coordinates": [-82.73333333502501, 35.650000000571005]}, "properties": {"p_logistic": 0.4652596414089203, "p_rf": 0.7120000123977661, "p_xgb": 0.9954119324684143, "date": "2026-02-07"}}, {"type": "Feature", "geometry": {"type": "Point", "coordinates": [-82.72500000169202, 35.650000000571005]}, "properties": {"p_logistic": 0.46760088205337524, "p_rf": 0.7120000123977661, "p_xgb": 0.9954119324684143, "date": "2026-02-07"}}, {"type": "Feature", "geometry": {"type": "Point", "coordinates": [-82.71666666835901, 35.650000000571005]}, "properties": {"p_logistic": 0.4686199426651001, "p_rf": 0.7120000123977661, "p_xgb": 0.9954119324684143, "date": "2026-02-07"}}, {"type": "Feature", "geometry": {"type": "Point", "coordinates": [-82.70833333502603, 35.650000000571005]}, "properties": {"p_logistic": 0.46947768330574036, "p_rf": 0.722000002861023, "p_xgb": 0.9954119324684143, "date": "2026-02-07"}}, {"type": "Feature", "geometry": {"type": "Point", "coordinates": [-82.70000000169301, 35.650000000571005]}, "properties": {"p_logistic": 0.47017544507980347, "p_rf": 0.7300000190734863, "p_xgb": 0.9952369928359985, "date": "2026-02-07"}}, {"type": "Feature", "geometry": {"type": "Point", "coordinates": [-82.69166666836001, 35.650000000571005]}, "properties": {"p_logistic": 0.47068795561790466, "p_rf": 0.7379999756813049, "p_xgb": 0.9952369928359985, "date": "2026-02-07"}}, {"type": "Feature", "geometry": {"type": "Point", "coordinates": [-82.68333333502702, 35.650000000571005]}, "properties": {"p_logistic": 0.47094184160232544, "p_rf": 0.7559999823570251, "p_xgb": 0.9954883456230164, "date": "2026-02-07"}}, {"type": "Feature", "geometry": {"type": "Point", "coordinates": [-82.67500000169402, 35.650000000571005]}, "properties": {"p_logistic": 0.4714241325855255, "p_rf": 0.7599999904632568, "p_xgb": 0.9945822358131409, "date": "2026-02-07"}}, {"type": "Feature", "geometry": {"type": "Point", "coordinates": [-82.66666666836102, 35.650000000571005]}, "properties": {"p_logistic": 0.47185182571411133, "p_rf": 0.7580000162124634, "p_xgb": 0.9945822358131409, "date": "2026-02-07"}}, {"type": "Feature", "geometry": {"type": "Point", "coordinates": [-82.65833333502802, 35.650000000571005]}, "properties": {"p_logistic": 0.47201430797576904, "p_rf": 0.7099999785423279, "p_xgb": 0.9945822358131409, "date": "2026-02-07"}}, {"type": "Feature", "geometry": {"type": "Point", "coordinates": [-82.65000000169502, 35.650000000571005]}, "properties": {"p_logistic": 0.471940279006958, "p_rf": 0.7559999823570251, "p_xgb": 0.9944263696670532, "date": "2026-02-07"}}, {"type": "Feature", "geometry": {"type": "Point", "coordinates": [-82.64166666836202, 35.650000000571005]}, "properties": {"p_logistic": 0.47202980518341064, "p_rf": 0.7440000176429749, "p_xgb": 0.9939127564430237, "date": "2026-02-07"}}, {"type": "Feature", "geometry": {"type": "Point", "coordinates": [-82.63333333502902, 35.650000000571005]}, "properties": {"p_logistic": 0.4723343253135681, "p_rf": 0.7139999866485596, "p_xgb": 0.9936094284057617, "date": "2026-02-07"}}, {"type": "Feature", "geometry": {"type": "Point", "coordinates": [-82.62500000169601, 35.650000000571005]}, "properties": {"p_logistic": 0.47300082445144653, "p_rf": 0.7160000205039978, "p_xgb": 0.9936094284057617, "date": "2026-02-07"}}, {"type": "Feature", "geometry": {"type": "Point", "coordinates": [-82.61666666836302, 35.650000000571005]}, "properties": {"p_logistic": 0.4738425612449646, "p_rf": 0.7059999704360962, "p_xgb": 0.9905563592910767, "date": "2026-02-07"}}, {"type": "Feature", "geometry": {"type": "Point", "coordinates": [-82.60833333503001, 35.650000000571005]}, "properties": {"p_logistic": 0.474752813577652, "p_rf": 0.7160000205039978, "p_xgb": 0.9903057813644409, "date": "2026-02-07"}}, {"type": "Feature", "geometry": {"type": "Point", "coordinates": [-82.60000000169703, 35.650000000571005]}, "properties": {"p_logistic": 0.47503843903541565, "p_rf": 0.6740000247955322, "p_xgb": 0.9877955913543701, "date": "2026-02-07"}}, {"type": "Feature", "geometry": {"type": "Point", "coordinates": [-82.59166666836401, 35.650000000571005]}, "properties": {"p_logistic": 0.47440242767333984, "p_rf": 0.6980000138282776, "p_xgb": 0.9861595034599304, "date": "2026-02-07"}}, {"type": "Feature", "geometry": {"type": "Point", "coordinates": [-82.58333333503101, 35.650000000571005]}, "properties": {"p_logistic": 0.4722408652305603, "p_rf": 0.7540000081062317, "p_xgb": 0.9905173182487488, "date": "2026-02-07"}}, {"type": "Feature", "geometry": {"type": "Point", "coordinates": [-82.57500000169802, 35.650000000571005]}, "properties": {"p_logistic": 0.4701077938079834, "p_rf": 0.765999972820282, "p_xgb": 0.9885711073875427, "date": "2026-02-07"}}, {"type": "Feature", "geometry": {"type": "Point", "coordinates": [-82.56666666836502, 35.650000000571005]}, "properties": {"p_logistic": 0.46919164061546326, "p_rf": 0.7680000066757202, "p_xgb": 0.9885711073875427, "date": "2026-02-07"}}, {"type": "Feature", "geometry": {"type": "Point", "coordinates": [-82.55833333503202, 35.650000000571005]}, "properties": {"p_logistic": 0.46942225098609924, "p_rf": 0.75, "p_xgb": 0.9885711073875427, "date": "2026-02-07"}}, {"type": "Feature", "geometry": {"type": "Point", "coordinates": [-82.55000000169902, 35.650000000571005]}, "properties": {"p_logistic": 0.46990686655044556, "p_rf": 0.75, "p_xgb": 0.9880514144897461, "date": "2026-02-07"}}, {"type": "Feature", "geometry": {"type": "Point", "coordinates": [-82.54166666836602, 35.650000000571005]}, "properties": {"p_logistic": 0.4708167314529419, "p_rf": 0.7239999771118164, "p_xgb": 0.9875341653823853, "date": "2026-02-07"}}, {"type": "Feature", "geometry": {"type": "Point", "coordinates": [-82.53333333503302, 35.650000000571005]}, "properties": {"p_logistic": 0.47090262174606323, "p_rf": 0.6980000138282776, "p_xgb": 0.987998366355896, "date": "2026-02-07"}}, {"type": "Feature", "geometry": {"type": "Point", "coordinates": [-82.52500000170002, 35.650000000571005]}, "properties": {"p_logistic": 0.47079145908355713, "p_rf": 0.7160000205039978, "p_xgb": 0.989646852016449, "date": "2026-02-07"}}, {"type": "Feature", "geometry": {"type": "Point", "coordinates": [-82.51666666836701, 35.650000000571005]}, "properties": {"p_logistic": 0.47077739238739014, "p_rf": 0.8399999737739563, "p_xgb": 0.9919149875640869, "date": "2026-02-07"}}, {"type": "Feature", "geometry": {"type": "Point", "coordinates": [-82.50833333503402, 35.650000000571005]}, "properties": {"p_logistic": 0.4707181751728058, "p_rf": 0.8379999995231628, "p_xgb": 0.9922332763671875, "date": "2026-02-07"}}, {"type": "Feature", "geometry": {"type": "Point", "coordinates": [-82.50000000170101, 35.650000000571005]}, "properties": {"p_logistic": 0.47120970487594604, "p_rf": 0.8519999980926514, "p_xgb": 0.9922332763671875, "date": "2026-02-07"}}, {"type": "Feature", "geometry": {"type": "Point", "coordinates": [-82.49166666836803, 35.650000000571005]}, "properties": {"p_logistic": 0.47228264808654785, "p_rf": 0.8519999980926514, "p_xgb": 0.993607759475708, "date": "2026-02-07"}}, {"type": "Feature", "geometry": {"type": "Point", "coordinates": [-82.48333333503501, 35.650000000571005]}, "properties": {"p_logistic": 0.4734201431274414, "p_rf": 0.8519999980926514, "p_xgb": 0.992942214012146, "date": "2026-02-07"}}, {"type": "Feature", "geometry": {"type": "Point", "coordinates": [-82.47500000170201, 35.650000000571005]}, "properties": {"p_logistic": 0.47466278076171875, "p_rf": 0.8479999899864197, "p_xgb": 0.9909822344779968, "date": "2026-02-07"}}, {"type": "Feature", "geometry": {"type": "Point", "coordinates": [-82.46666666836902, 35.650000000571005]}, "properties": {"p_logistic": 0.4757106304168701, "p_rf": 0.8479999899864197, "p_xgb": 0.9913982152938843, "date": "2026-02-07"}}, {"type": "Feature", "geometry": {"type": "Point", "coordinates": [-82.45833333503602, 35.650000000571005]}, "properties": {"p_logistic": 0.4773193597793579, "p_rf": 0.8460000157356262, "p_xgb": 0.9913982152938843, "date": "2026-02-07"}}, {"type": "Feature", "geometry": {"type": "Point", "coordinates": [-82.45000000170302, 35.650000000571005]}, "properties": {"p_logistic": 0.47933176159858704, "p_rf": 0.8619999885559082, "p_xgb": 0.9918988943099976, "date": "2026-02-07"}}, {"type": "Feature", "geometry": {"type": "Point", "coordinates": [-82.44166666837002, 35.650000000571005]}, "properties": {"p_logistic": 0.4822627305984497, "p_rf": 0.8939999938011169, "p_xgb": 0.9935981035232544, "date": "2026-02-07"}}, {"type": "Feature", "geometry": {"type": "Point", "coordinates": [-82.43333333503702, 35.650000000571005]}, "properties": {"p_logistic": 0.4853837490081787, "p_rf": 0.8939999938011169, "p_xgb": 0.9935293793678284, "date": "2026-02-07"}}, {"type": "Feature", "geometry": {"type": "Point", "coordinates": [-82.42500000170402, 35.650000000571005]}, "properties": {"p_logistic": 0.4883660078048706, "p_rf": 0.8880000114440918, "p_xgb": 0.9926837086677551, "date": "2026-02-07"}}, {"type": "Feature", "geometry": {"type": "Point", "coordinates": [-82.41666666837102, 35.650000000571005]}, "properties": {"p_logistic": 0.48994946479797363, "p_rf": 0.8840000033378601, "p_xgb": 0.986932098865509, "date": "2026-02-07"}}, {"type": "Feature", "geometry": {"type": "Point", "coordinates": [-82.40833333503801, 35.650000000571005]}, "properties": {"p_logistic": 0.49088603258132935, "p_rf": 0.8820000290870667, "p_xgb": 0.986932098865509, "date": "2026-02-07"}}, {"type": "Feature", "geometry": {"type": "Point", "coordinates": [-82.40000000170502, 35.650000000571005]}, "properties": {"p_logistic": 0.49193257093429565, "p_rf": 0.8820000290870667, "p_xgb": 0.986932098865509, "date": "2026-02-07"}}, {"type": "Feature", "geometry": {"type": "Point", "coordinates": [-82.39166666837201, 35.650000000571005]}, "properties": {"p_logistic": 0.4918355643749237, "p_rf": 0.8840000033378601, "p_xgb": 0.9889606833457947, "date": "2026-02-07"}}, {"type": "Feature", "geometry": {"type": "Point", "coordinates": [-82.38333333503903, 35.650000000571005]}, "properties": {"p_logistic": 0.49230268597602844, "p_rf": 0.8939999938011169, "p_xgb": 0.9892003536224365, "date": "2026-02-07"}}, {"type": "Feature", "geometry": {"type": "Point", "coordinates": [-82.37500000170601, 35.650000000571005]}, "properties": {"p_logistic": 0.49081286787986755, "p_rf": 0.8420000076293945, "p_xgb": 0.9907940030097961, "date": "2026-02-07"}}, {"type": "Feature", "geometry": {"type": "Point", "coordinates": [-82.36666666837301, 35.650000000571005]}, "properties": {"p_logistic": 0.4906376302242279, "p_rf": 0.8420000076293945, "p_xgb": 0.991231381893158, "date": "2026-02-07"}}, {"type": "Feature", "geometry": {"type": "Point", "coordinates": [-82.35833333504002, 35.650000000571005]}, "properties": {"p_logistic": 0.4888092279434204, "p_rf": 0.8360000252723694, "p_xgb": 0.9910179376602173, "date": "2026-02-07"}}, {"type": "Feature", "geometry": {"type": "Point", "coordinates": [-82.35000000170702, 35.650000000571005]}, "properties": {"p_logistic": 0.48637643456459045, "p_rf": 0.8299999833106995, "p_xgb": 0.9874373078346252, "date": "2026-02-07"}}, {"type": "Feature", "geometry": {"type": "Point", "coordinates": [-82.34166666837402, 35.650000000571005]}, "properties": {"p_logistic": 0.4837706387042999, "p_rf": 0.8220000267028809, "p_xgb": 0.9874373078346252, "date": "2026-02-07"}}, {"type": "Feature", "geometry": {"type": "Point", "coordinates": [-82.33333333504102, 35.650000000571005]}, "properties": {"p_logistic": 0.4820457696914673, "p_rf": 0.8259999752044678, "p_xgb": 0.9874373078346252, "date": "2026-02-07"}}, {"type": "Feature", "geometry": {"type": "Point", "coordinates": [-82.32500000170802, 35.650000000571005]}, "properties": {"p_logistic": 0.4814620614051819, "p_rf": 0.7919999957084656, "p_xgb": 0.9914597272872925, "date": "2026-02-07"}}, {"type": "Feature", "geometry": {"type": "Point", "coordinates": [-82.31666666837502, 35.650000000571005]}, "properties": {"p_logistic": 0.48169103264808655, "p_rf": 0.7760000228881836, "p_xgb": 0.9965506792068481, "date": "2026-02-07"}}, {"type": "Feature", "geometry": {"type": "Point", "coordinates": [-82.30833333504202, 35.650000000571005]}, "properties": {"p_logistic": 0.4818653464317322, "p_rf": 0.7559999823570251, "p_xgb": 0.9971754550933838, "date": "2026-02-07"}}, {"type": "Feature", "geometry": {"type": "Point", "coordinates": [-82.30000000170901, 35.650000000571005]}, "properties": {"p_logistic": 0.4817468822002411, "p_rf": 0.7799999713897705, "p_xgb": 0.9973002076148987, "date": "2026-02-07"}}, {"type": "Feature", "geometry": {"type": "Point", "coordinates": [-82.29166666837602, 35.650000000571005]}, "properties": {"p_logistic": 0.4821135699748993, "p_rf": 0.7599999904632568, "p_xgb": 0.9973002076148987, "date": "2026-02-07"}}, {"type": "Feature", "geometry": {"type": "Point", "coordinates": [-82.86666666835302, 35.641666667238006]}, "properties": {"p_logistic": 0.4387010335922241, "p_rf": 0.6119999885559082, "p_xgb": 0.995133101940155, "date": "2026-02-07"}}, {"type": "Feature", "geometry": {"type": "Point", "coordinates": [-82.85833333502002, 35.641666667238006]}, "properties": {"p_logistic": 0.4419102072715759, "p_rf": 0.6359999775886536, "p_xgb": 0.995133101940155, "date": "2026-02-07"}}, {"type": "Feature", "geometry": {"type": "Point", "coordinates": [-82.85000000168702, 35.641666667238006]}, "properties": {"p_logistic": 0.44553253054618835, "p_rf": 0.6539999842643738, "p_xgb": 0.9943535327911377, "date": "2026-02-07"}}, {"type": "Feature", "geometry": {"type": "Point", "coordinates": [-82.84166666835401, 35.641666667238006]}, "properties": {"p_logistic": 0.44878506660461426, "p_rf": 0.6480000019073486, "p_xgb": 0.9943189024925232, "date": "2026-02-07"}}, {"type": "Feature", "geometry": {"type": "Point", "coordinates": [-82.83333333502102, 35.641666667238006]}, "properties": {"p_logistic": 0.4513629078865051, "p_rf": 0.6660000085830688, "p_xgb": 0.994457483291626, "date": "2026-02-07"}}, {"type": "Feature", "geometry": {"type": "Point", "coordinates": [-82.82500000168801, 35.641666667238006]}, "properties": {"p_logistic": 0.4530075192451477, "p_rf": 0.6439999938011169, "p_xgb": 0.994457483291626, "date": "2026-02-07"}}, {"type": "Feature", "geometry": {"type": "Point", "coordinates": [-82.81666666835503, 35.641666667238006]}, "properties": {"p_logistic": 0.45444339513778687, "p_rf": 0.6520000100135803, "p_xgb": 0.9948633313179016, "date": "2026-02-07"}}, {"type": "Feature", "geometry": {"type": "Point", "coordinates": [-82.80833333502201, 35.641666667238006]}, "properties": {"p_logistic": 0.4555651843547821, "p_rf": 0.6499999761581421, "p_xgb": 0.9942348599433899, "date": "2026-02-07"}}, {"type": "Feature", "geometry": {"type": "Point", "coordinates": [-82.80000000168901, 35.641666667238006]}, "properties": {"p_logistic": 0.45711779594421387, "p_rf": 0.6460000276565552, "p_xgb": 0.993827760219574, "date": "2026-02-07"}}, {"type": "Feature", "geometry": {"type": "Point", "coordinates": [-82.79166666835602, 35.641666667238006]}, "properties": {"p_logistic": 0.4587630331516266, "p_rf": 0.7139999866485596, "p_xgb": 0.9936717748641968, "date": "2026-02-07"}}, {"type": "Feature", "geometry": {"type": "Point", "coordinates": [-82.78333333502302, 35.641666667238006]}, "properties": {"p_logistic": 0.460056871175766, "p_rf": 0.7379999756813049, "p_xgb": 0.9936717748641968, "date": "2026-02-07"}}, {"type": "Feature", "geometry": {"type": "Point", "coordinates": [-82.77500000169002, 35.641666667238006]}, "properties": {"p_logistic": 0.4608686566352844, "p_rf": 0.7519999742507935, "p_xgb": 0.9950072765350342, "date": "2026-02-07"}}, {"type": "Feature", "geometry": {"type": "Point", "coordinates": [-82.76666666835702, 35.641666667238006]}, "properties": {"p_logistic": 0.46175405383110046, "p_rf": 0.7519999742507935, "p_xgb": 0.9950072765350342, "date": "2026-02-07"}}, {"type": "Feature", "geometry": {"type": "Point", "coordinates": [-82.75833333502402, 35.641666667238006]}, "properties": {"p_logistic": 0.4624966084957123, "p_rf": 0.7580000162124634, "p_xgb": 0.9955430626869202, "date": "2026-02-07"}}, {"type": "Feature", "geometry": {"type": "Point", "coordinates": [-82.75000000169102, 35.641666667238006]}, "properties": {"p_logistic": 0.4630892276763916, "p_rf": 0.7360000014305115, "p_xgb": 0.9954119324684143, "date": "2026-02-07"}}, {"type": "Feature", "geometry": {"type": "Point", "coordinates": [-82.74166666835802, 35.641666667238006]}, "properties": {"p_logistic": 0.4642985761165619, "p_rf": 0.734000027179718, "p_xgb": 0.9954119324684143, "date": "2026-02-07"}}, {"type": "Feature", "geometry": {"type": "Point", "coordinates": [-82.73333333502501, 35.641666667238006]}, "properties": {"p_logistic": 0.465737521648407, "p_rf": 0.7239999771118164, "p_xgb": 0.9954119324684143, "date": "2026-02-07"}}, {"type": "Feature", "geometry": {"type": "Point", "coordinates": [-82.72500000169202, 35.641666667238006]}, "properties": {"p_logistic": 0.467890202999115, "p_rf": 0.7300000190734863, "p_xgb": 0.9954119324684143, "date": "2026-02-07"}}, {"type": "Feature", "geometry": {"type": "Point", "coordinates": [-82.71666666835901, 35.641666667238006]}, "properties": {"p_logistic": 0.46892493963241577, "p_rf": 0.7400000095367432, "p_xgb": 0.9956141710281372, "date": "2026-02-07"}}, {"type": "Feature", "geometry": {"type": "Point", "coordinates": [-82.70833333502603, 35.641666667238006]}, "properties": {"p_logistic": 0.46970340609550476, "p_rf": 0.765999972820282, "p_xgb": 0.9956141710281372, "date": "2026-02-07"}}, {"type": "Feature", "geometry": {"type": "Point", "coordinates": [-82.70000000169301, 35.641666667238006]}, "properties": {"p_logistic": 0.4703112840652466, "p_rf": 0.765999972820282, "p_xgb": 0.9956871867179871, "date": "2026-02-07"}}, {"type": "Feature", "geometry": {"type": "Point", "coordinates": [-82.69166666836001, 35.641666667238006]}, "properties": {"p_logistic": 0.4701623022556305, "p_rf": 0.7699999809265137, "p_xgb": 0.995599627494812, "date": "2026-02-07"}}, {"type": "Feature", "geometry": {"type": "Point", "coordinates": [-82.68333333502702, 35.641666667238006]}, "properties": {"p_logistic": 0.469927579164505, "p_rf": 0.7739999890327454, "p_xgb": 0.9960536956787109, "date": "2026-02-07"}}, {"type": "Feature", "geometry": {"type": "Point", "coordinates": [-82.67500000169402, 35.641666667238006]}, "properties": {"p_logistic": 0.46993911266326904, "p_rf": 0.7900000214576721, "p_xgb": 0.9952606558799744, "date": "2026-02-07"}}, {"type": "Feature", "geometry": {"type": "Point", "coordinates": [-82.66666666836102, 35.641666667238006]}, "properties": {"p_logistic": 0.4703386425971985, "p_rf": 0.7940000295639038, "p_xgb": 0.9952606558799744, "date": "2026-02-07"}}, {"type": "Feature", "geometry": {"type": "Point", "coordinates": [-82.65833333502802, 35.641666667238006]}, "properties": {"p_logistic": 0.47080734372138977, "p_rf": 0.7379999756813049, "p_xgb": 0.9952606558799744, "date": "2026-02-07"}}, {"type": "Feature", "geometry": {"type": "Point", "coordinates": [-82.65000000169502, 35.641666667238006]}, "properties": {"p_logistic": 0.47103890776634216, "p_rf": 0.7960000038146973, "p_xgb": 0.994879961013794, "date": "2026-02-07"}}, {"type": "Feature", "geometry": {"type": "Point", "coordinates": [-82.64166666836202, 35.641666667238006]}, "properties": {"p_logistic": 0.4713593125343323, "p_rf": 0.7559999823570251, "p_xgb": 0.993462085723877, "date": "2026-02-07"}}, {"type": "Feature", "geometry": {"type": "Point", "coordinates": [-82.63333333502902, 35.641666667238006]}, "properties": {"p_logistic": 0.47218087315559387, "p_rf": 0.75, "p_xgb": 0.993462085723877, "date": "2026-02-07"}}, {"type": "Feature", "geometry": {"type": "Point", "coordinates": [-82.62500000169601, 35.641666667238006]}, "properties": {"p_logistic": 0.47261616587638855, "p_rf": 0.7279999852180481, "p_xgb": 0.9898043870925903, "date": "2026-02-07"}}, {"type": "Feature", "geometry": {"type": "Point", "coordinates": [-82.61666666836302, 35.641666667238006]}, "properties": {"p_logistic": 0.473237007856369, "p_rf": 0.7319999933242798, "p_xgb": 0.9899536371231079, "date": "2026-02-07"}}, {"type": "Feature", "geometry": {"type": "Point", "coordinates": [-82.60833333503001, 35.641666667238006]}, "properties": {"p_logistic": 0.47361162304878235, "p_rf": 0.7179999947547913, "p_xgb": 0.9900830984115601, "date": "2026-02-07"}}, {"type": "Feature", "geometry": {"type": "Point", "coordinates": [-82.60000000169703, 35.641666667238006]}, "properties": {"p_logistic": 0.47373366355895996, "p_rf": 0.628000020980835, "p_xgb": 0.9875425100326538, "date": "2026-02-07"}}, {"type": "Feature", "geometry": {"type": "Point", "coordinates": [-82.59166666836401, 35.641666667238006]}, "properties": {"p_logistic": 0.4730445146560669, "p_rf": 0.6819999814033508, "p_xgb": 0.9880016446113586, "date": "2026-02-07"}}, {"type": "Feature", "geometry": {"type": "Point", "coordinates": [-82.58333333503101, 35.641666667238006]}, "properties": {"p_logistic": 0.4712616503238678, "p_rf": 0.7519999742507935, "p_xgb": 0.9893372058868408, "date": "2026-02-07"}}, {"type": "Feature", "geometry": {"type": "Point", "coordinates": [-82.57500000169802, 35.641666667238006]}, "properties": {"p_logistic": 0.4698520004749298, "p_rf": 0.7540000081062317, "p_xgb": 0.9898334741592407, "date": "2026-02-07"}}, {"type": "Feature", "geometry": {"type": "Point", "coordinates": [-82.56666666836502, 35.641666667238006]}, "properties": {"p_logistic": 0.4692864716053009, "p_rf": 0.7519999742507935, "p_xgb": 0.9890345335006714, "date": "2026-02-07"}}, {"type": "Feature", "geometry": {"type": "Point", "coordinates": [-82.55833333503202, 35.641666667238006]}, "properties": {"p_logistic": 0.4695814847946167, "p_rf": 0.75, "p_xgb": 0.9890345335006714, "date": "2026-02-07"}}, {"type": "Feature", "geometry": {"type": "Point", "coordinates": [-82.55000000169902, 35.641666667238006]}, "properties": {"p_logistic": 0.4704873561859131, "p_rf": 0.75, "p_xgb": 0.9885996580123901, "date": "2026-02-07"}}, {"type": "Feature", "geometry": {"type": "Point", "coordinates": [-82.54166666836602, 35.641666667238006]}, "properties": {"p_logistic": 0.4708324670791626, "p_rf": 0.7179999947547913, "p_xgb": 0.9875341653823853, "date": "2026-02-07"}}, {"type": "Feature", "geometry": {"type": "Point", "coordinates": [-82.53333333503302, 35.641666667238006]}, "properties": {"p_logistic": 0.47086983919143677, "p_rf": 0.7059999704360962, "p_xgb": 0.987998366355896, "date": "2026-02-07"}}, {"type": "Feature", "geometry": {"type": "Point", "coordinates": [-82.52500000170002, 35.641666667238006]}, "properties": {"p_logistic": 0.4707549810409546, "p_rf": 0.7319999933242798, "p_xgb": 0.9917465448379517, "date": "2026-02-07"}}, {"type": "Feature", "geometry": {"type": "Point", "coordinates": [-82.51666666836701, 35.641666667238006]}, "properties": {"p_logistic": 0.47077035903930664, "p_rf": 0.8360000252723694, "p_xgb": 0.9917531609535217, "date": "2026-02-07"}}, {"type": "Feature", "geometry": {"type": "Point", "coordinates": [-82.50833333503402, 35.641666667238006]}, "properties": {"p_logistic": 0.47097525000572205, "p_rf": 0.8600000143051147, "p_xgb": 0.993607759475708, "date": "2026-02-07"}}, {"type": "Feature", "geometry": {"type": "Point", "coordinates": [-82.50000000170101, 35.641666667238006]}, "properties": {"p_logistic": 0.4717346131801605, "p_rf": 0.8619999885559082, "p_xgb": 0.993607759475708, "date": "2026-02-07"}}, {"type": "Feature", "geometry": {"type": "Point", "coordinates": [-82.49166666836803, 35.641666667238006]}, "properties": {"p_logistic": 0.4736398756504059, "p_rf": 0.8640000224113464, "p_xgb": 0.9934254884719849, "date": "2026-02-07"}}, {"type": "Feature", "geometry": {"type": "Point", "coordinates": [-82.48333333503501, 35.641666667238006]}, "properties": {"p_logistic": 0.47559258341789246, "p_rf": 0.8700000047683716, "p_xgb": 0.992942214012146, "date": "2026-02-07"}}, {"type": "Feature", "geometry": {"type": "Point", "coordinates": [-82.47500000170201, 35.641666667238006]}, "properties": {"p_logistic": 0.47722914814949036, "p_rf": 0.8679999709129333, "p_xgb": 0.9906061291694641, "date": "2026-02-07"}}, {"type": "Feature", "geometry": {"type": "Point", "coordinates": [-82.46666666836902, 35.641666667238006]}, "properties": {"p_logistic": 0.4785616397857666, "p_rf": 0.8640000224113464, "p_xgb": 0.9909334182739258, "date": "2026-02-07"}}, {"type": "Feature", "geometry": {"type": "Point", "coordinates": [-82.45833333503602, 35.641666667238006]}, "properties": {"p_logistic": 0.47981446981430054, "p_rf": 0.878000020980835, "p_xgb": 0.9918988943099976, "date": "2026-02-07"}}, {"type": "Feature", "geometry": {"type": "Point", "coordinates": [-82.45000000170302, 35.641666667238006]}, "properties": {"p_logistic": 0.48184314370155334, "p_rf": 0.8980000019073486, "p_xgb": 0.99298095703125, "date": "2026-02-07"}}, {"type": "Feature", "geometry": {"type": "Point", "coordinates": [-82.44166666837002, 35.641666667238006]}, "properties": {"p_logistic": 0.4845203757286072, "p_rf": 0.9039999842643738, "p_xgb": 0.9937883019447327, "date": "2026-02-07"}}, {"type": "Feature", "geometry": {"type": "Point", "coordinates": [-82.43333333503702, 35.641666667238006]}, "properties": {"p_logistic": 0.4876067042350769, "p_rf": 0.8999999761581421, "p_xgb": 0.9926837086677551, "date": "2026-02-07"}}, {"type": "Feature", "geometry": {"type": "Point", "coordinates": [-82.42500000170402, 35.641666667238006]}, "properties": {"p_logistic": 0.490936815738678, "p_rf": 0.8920000195503235, "p_xgb": 0.986932098865509, "date": "2026-02-07"}}, {"type": "Feature", "geometry": {"type": "Point", "coordinates": [-82.41666666837102, 35.641666667238006]}, "properties": {"p_logistic": 0.4929814040660858, "p_rf": 0.878000020980835, "p_xgb": 0.986932098865509, "date": "2026-02-07"}}, {"type": "Feature", "geometry": {"type": "Point", "coordinates": [-82.40833333503801, 35.641666667238006]}, "properties": {"p_logistic": 0.49338486790657043, "p_rf": 0.8820000290870667, "p_xgb": 0.986932098865509, "date": "2026-02-07"}}, {"type": "Feature", "geometry": {"type": "Point", "coordinates": [-82.40000000170502, 35.641666667238006]}, "properties": {"p_logistic": 0.49254703521728516, "p_rf": 0.8799999952316284, "p_xgb": 0.986932098865509, "date": "2026-02-07"}}, {"type": "Feature", "geometry": {"type": "Point", "coordinates": [-82.39166666837201, 35.641666667238006]}, "properties": {"p_logistic": 0.49242183566093445, "p_rf": 0.8859999775886536, "p_xgb": 0.9889606833457947, "date": "2026-02-07"}}, {"type": "Feature", "geometry": {"type": "Point", "coordinates": [-82.38333333503903, 35.641666667238006]}, "properties": {"p_logistic": 0.4916093647480011, "p_rf": 0.8939999938011169, "p_xgb": 0.9892003536224365, "date": "2026-02-07"}}, {"type": "Feature", "geometry": {"type": "Point", "coordinates": [-82.37500000170601, 35.641666667238006]}, "properties": {"p_logistic": 0.49119850993156433, "p_rf": 0.9120000004768372, "p_xgb": 0.9907940030097961, "date": "2026-02-07"}}, {"type": "Feature", "geometry": {"type": "Point", "coordinates": [-82.36666666837301, 35.641666667238006]}, "properties": {"p_logistic": 0.49029743671417236, "p_rf": 0.800000011920929, "p_xgb": 0.991196870803833, "date": "2026-02-07"}}, {"type": "Feature", "geometry": {"type": "Point", "coordinates": [-82.35833333504002, 35.641666667238006]}, "properties": {"p_logistic": 0.48932039737701416, "p_rf": 0.7900000214576721, "p_xgb": 0.9914421439170837, "date": "2026-02-07"}}, {"type": "Feature", "geometry": {"type": "Point", "coordinates": [-82.35000000170702, 35.641666667238006]}, "properties": {"p_logistic": 0.48716115951538086, "p_rf": 0.8040000200271606, "p_xgb": 0.988032341003418, "date": "2026-02-07"}}, {"type": "Feature", "geometry": {"type": "Point", "coordinates": [-82.34166666837402, 35.641666667238006]}, "properties": {"p_logistic": 0.4847663640975952, "p_rf": 0.8399999737739563, "p_xgb": 0.988032341003418, "date": "2026-02-07"}}, {"type": "Feature", "geometry": {"type": "Point", "coordinates": [-82.33333333504102, 35.641666667238006]}, "properties": {"p_logistic": 0.4832612872123718, "p_rf": 0.8360000252723694, "p_xgb": 0.9914597272872925, "date": "2026-02-07"}}, {"type": "Feature", "geometry": {"type": "Point", "coordinates": [-82.32500000170802, 35.641666667238006]}, "properties": {"p_logistic": 0.4827670454978943, "p_rf": 0.7979999780654907, "p_xgb": 0.9916977882385254, "date": "2026-02-07"}}, {"type": "Feature", "geometry": {"type": "Point", "coordinates": [-82.31666666837502, 35.641666667238006]}, "properties": {"p_logistic": 0.48286139965057373, "p_rf": 0.7940000295639038, "p_xgb": 0.9965506792068481, "date": "2026-02-07"}}, {"type": "Feature", "geometry": {"type": "Point", "coordinates": [-82.30833333504202, 35.641666667238006]}, "properties": {"p_logistic": 0.48272186517715454, "p_rf": 0.7919999957084656, "p_xgb": 0.9969164133071899, "date": "2026-02-07"}}, {"type": "Feature", "geometry": {"type": "Point", "coordinates": [-82.30000000170901, 35.641666667238006]}, "properties": {"p_logistic": 0.48213744163513184, "p_rf": 0.8059999942779541, "p_xgb": 0.9973002076148987, "date": "2026-02-07"}}, {"type": "Feature", "geometry": {"type": "Point", "coordinates": [-82.29166666837602, 35.641666667238006]}, "properties": {"p_logistic": 0.4818727672100067, "p_rf": 0.7860000133514404, "p_xgb": 0.9973002076148987, "date": "2026-02-07"}}, {"type": "Feature", "geometry": {"type": "Point", "coordinates": [-82.28333333504301, 35.641666667238006]}, "properties": {"p_logistic": 0.48363059759140015, "p_rf": 0.7839999794960022, "p_xgb": 0.9968523383140564, "date": "2026-02-07"}}, {"type": "Feature", "geometry": {"type": "Point", "coordinates": [-82.85000000168702, 35.633333333905]}, "properties": {"p_logistic": 0.44437146186828613, "p_rf": 0.6380000114440918, "p_xgb": 0.995133101940155, "date": "2026-02-07"}}, {"type": "Feature", "geometry": {"type": "Point", "coordinates": [-82.84166666835401, 35.633333333905]}, "properties": {"p_logistic": 0.44746309518814087, "p_rf": 0.6380000114440918, "p_xgb": 0.9943535327911377, "date": "2026-02-07"}}, {"type": "Feature", "geometry": {"type": "Point", "coordinates": [-82.83333333502102, 35.633333333905]}, "properties": {"p_logistic": 0.4498707354068756, "p_rf": 0.6539999842643738, "p_xgb": 0.9943535327911377, "date": "2026-02-07"}}, {"type": "Feature", "geometry": {"type": "Point", "coordinates": [-82.82500000168801, 35.633333333905]}, "properties": {"p_logistic": 0.4516616761684418, "p_rf": 0.6499999761581421, "p_xgb": 0.9942366480827332, "date": "2026-02-07"}}, {"type": "Feature", "geometry": {"type": "Point", "coordinates": [-82.81666666835503, 35.633333333905]}, "properties": {"p_logistic": 0.45314738154411316, "p_rf": 0.6380000114440918, "p_xgb": 0.9942348599433899, "date": "2026-02-07"}}, {"type": "Feature", "geometry": {"type": "Point", "coordinates": [-82.80833333502201, 35.633333333905]}, "properties": {"p_logistic": 0.4546758830547333, "p_rf": 0.656000018119812, "p_xgb": 0.9940730929374695, "date": "2026-02-07"}}, {"type": "Feature", "geometry": {"type": "Point", "coordinates": [-82.80000000168901, 35.633333333905]}, "properties": {"p_logistic": 0.4566413164138794, "p_rf": 0.6480000019073486, "p_xgb": 0.9938002228736877, "date": "2026-02-07"}}, {"type": "Feature", "geometry": {"type": "Point", "coordinates": [-82.79166666835602, 35.633333333905]}, "properties": {"p_logistic": 0.4585626423358917, "p_rf": 0.7519999742507935, "p_xgb": 0.9941267967224121, "date": "2026-02-07"}}, {"type": "Feature", "geometry": {"type": "Point", "coordinates": [-82.78333333502302, 35.633333333905]}, "properties": {"p_logistic": 0.459694504737854, "p_rf": 0.7760000228881836, "p_xgb": 0.994861900806427, "date": "2026-02-07"}}, {"type": "Feature", "geometry": {"type": "Point", "coordinates": [-82.77500000169002, 35.633333333905]}, "properties": {"p_logistic": 0.46079137921333313, "p_rf": 0.7900000214576721, "p_xgb": 0.994861900806427, "date": "2026-02-07"}}, {"type": "Feature", "geometry": {"type": "Point", "coordinates": [-82.76666666835702, 35.633333333905]}, "properties": {"p_logistic": 0.4616706371307373, "p_rf": 0.7960000038146973, "p_xgb": 0.9957213401794434, "date": "2026-02-07"}}, {"type": "Feature", "geometry": {"type": "Point", "coordinates": [-82.75833333502402, 35.633333333905]}, "properties": {"p_logistic": 0.4624010920524597, "p_rf": 0.7960000038146973, "p_xgb": 0.9956325888633728, "date": "2026-02-07"}}, {"type": "Feature", "geometry": {"type": "Point", "coordinates": [-82.75000000169102, 35.633333333905]}, "properties": {"p_logistic": 0.46304747462272644, "p_rf": 0.7739999890327454, "p_xgb": 0.9956325888633728, "date": "2026-02-07"}}, {"type": "Feature", "geometry": {"type": "Point", "coordinates": [-82.74166666835802, 35.633333333905]}, "properties": {"p_logistic": 0.46454840898513794, "p_rf": 0.7760000228881836, "p_xgb": 0.9960536956787109, "date": "2026-02-07"}}, {"type": "Feature", "geometry": {"type": "Point", "coordinates": [-82.73333333502501, 35.633333333905]}, "properties": {"p_logistic": 0.46618711948394775, "p_rf": 0.7540000081062317, "p_xgb": 0.9954883456230164, "date": "2026-02-07"}}, {"type": "Feature", "geometry": {"type": "Point", "coordinates": [-82.72500000169202, 35.633333333905]}, "properties": {"p_logistic": 0.4682289958000183, "p_rf": 0.7620000243186951, "p_xgb": 0.9954883456230164, "date": "2026-02-07"}}, {"type": "Feature", "geometry": {"type": "Point", "coordinates": [-82.71666666835901, 35.633333333905]}, "properties": {"p_logistic": 0.4690631330013275, "p_rf": 0.7760000228881836, "p_xgb": 0.9956871867179871, "date": "2026-02-07"}}, {"type": "Feature", "geometry": {"type": "Point", "coordinates": [-82.70833333502603, 35.633333333905]}, "properties": {"p_logistic": 0.46974977850914, "p_rf": 0.7839999794960022, "p_xgb": 0.9956871867179871, "date": "2026-02-07"}}, {"type": "Feature", "geometry": {"type": "Point", "coordinates": [-82.70000000169301, 35.633333333905]}, "properties": {"p_logistic": 0.46976661682128906, "p_rf": 0.7860000133514404, "p_xgb": 0.9956871867179871, "date": "2026-02-07"}}, {"type": "Feature", "geometry": {"type": "Point", "coordinates": [-82.69166666836001, 35.633333333905]}, "properties": {"p_logistic": 0.4699499011039734, "p_rf": 0.8019999861717224, "p_xgb": 0.9962277412414551, "date": "2026-02-07"}}, {"type": "Feature", "geometry": {"type": "Point", "coordinates": [-82.68333333502702, 35.633333333905]}, "properties": {"p_logistic": 0.469610333442688, "p_rf": 0.7940000295639038, "p_xgb": 0.9952606558799744, "date": "2026-02-07"}}, {"type": "Feature", "geometry": {"type": "Point", "coordinates": [-82.67500000169402, 35.633333333905]}, "properties": {"p_logistic": 0.4691302478313446, "p_rf": 0.8059999942779541, "p_xgb": 0.9955949187278748, "date": "2026-02-07"}}, {"type": "Feature", "geometry": {"type": "Point", "coordinates": [-82.66666666836102, 35.633333333905]}, "properties": {"p_logistic": 0.469386488199234, "p_rf": 0.7639999985694885, "p_xgb": 0.9955949187278748, "date": "2026-02-07"}}, {"type": "Feature", "geometry": {"type": "Point", "coordinates": [-82.65833333502802, 35.633333333905]}, "properties": {"p_logistic": 0.46991294622421265, "p_rf": 0.7720000147819519, "p_xgb": 0.9954681396484375, "date": "2026-02-07"}}, {"type": "Feature", "geometry": {"type": "Point", "coordinates": [-82.65000000169502, 35.633333333905]}, "properties": {"p_logistic": 0.4703029990196228, "p_rf": 0.8119999766349792, "p_xgb": 0.994879961013794, "date": "2026-02-07"}}, {"type": "Feature", "geometry": {"type": "Point", "coordinates": [-82.64166666836202, 35.633333333905]}, "properties": {"p_logistic": 0.470777302980423, "p_rf": 0.800000011920929, "p_xgb": 0.9942798614501953, "date": "2026-02-07"}}, {"type": "Feature", "geometry": {"type": "Point", "coordinates": [-82.63333333502902, 35.633333333905]}, "properties": {"p_logistic": 0.47121328115463257, "p_rf": 0.7739999890327454, "p_xgb": 0.9915444850921631, "date": "2026-02-07"}}, {"type": "Feature", "geometry": {"type": "Point", "coordinates": [-82.62500000169601, 35.633333333905]}, "properties": {"p_logistic": 0.47154322266578674, "p_rf": 0.7739999890327454, "p_xgb": 0.9903393387794495, "date": "2026-02-07"}}, {"type": "Feature", "geometry": {"type": "Point", "coordinates": [-82.61666666836302, 35.633333333905]}, "properties": {"p_logistic": 0.47251516580581665, "p_rf": 0.7480000257492065, "p_xgb": 0.9900830984115601, "date": "2026-02-07"}}, {"type": "Feature", "geometry": {"type": "Point", "coordinates": [-82.60833333503001, 35.633333333905]}, "properties": {"p_logistic": 0.4727570116519928, "p_rf": 0.7260000109672546, "p_xgb": 0.9894715547561646, "date": "2026-02-07"}}, {"type": "Feature", "geometry": {"type": "Point", "coordinates": [-82.60000000169703, 35.633333333905]}, "properties": {"p_logistic": 0.4727102816104889, "p_rf": 0.6299999952316284, "p_xgb": 0.9875425100326538, "date": "2026-02-07"}}, {"type": "Feature", "geometry": {"type": "Point", "coordinates": [-82.59166666836401, 35.633333333905]}, "properties": {"p_logistic": 0.47223493456840515, "p_rf": 0.671999990940094, "p_xgb": 0.9862985014915466, "date": "2026-02-07"}}, {"type": "Feature", "geometry": {"type": "Point", "coordinates": [-82.58333333503101, 35.633333333905]}, "properties": {"p_logistic": 0.47152531147003174, "p_rf": 0.7020000219345093, "p_xgb": 0.9862985014915466, "date": "2026-02-07"}}, {"type": "Feature", "geometry": {"type": "Point", "coordinates": [-82.57500000169802, 35.633333333905]}, "properties": {"p_logistic": 0.47096922993659973, "p_rf": 0.7099999785423279, "p_xgb": 0.9894445538520813, "date": "2026-02-07"}}, {"type": "Feature", "geometry": {"type": "Point", "coordinates": [-82.56666666836502, 35.633333333905]}, "properties": {"p_logistic": 0.47072160243988037, "p_rf": 0.7120000123977661, "p_xgb": 0.9894445538520813, "date": "2026-02-07"}}, {"type": "Feature", "geometry": {"type": "Point", "coordinates": [-82.55833333503202, 35.633333333905]}, "properties": {"p_logistic": 0.4706989526748657, "p_rf": 0.7419999837875366, "p_xgb": 0.990760326385498, "date": "2026-02-07"}}, {"type": "Feature", "geometry": {"type": "Point", "coordinates": [-82.55000000169902, 35.633333333905]}, "properties": {"p_logistic": 0.47067317366600037, "p_rf": 0.7300000190734863, "p_xgb": 0.9879816174507141, "date": "2026-02-07"}}, {"type": "Feature", "geometry": {"type": "Point", "coordinates": [-82.54166666836602, 35.633333333905]}, "properties": {"p_logistic": 0.47077685594558716, "p_rf": 0.7059999704360962, "p_xgb": 0.9867992997169495, "date": "2026-02-07"}}, {"type": "Feature", "geometry": {"type": "Point", "coordinates": [-82.53333333503302, 35.633333333905]}, "properties": {"p_logistic": 0.4705832600593567, "p_rf": 0.7120000123977661, "p_xgb": 0.987998366355896, "date": "2026-02-07"}}, {"type": "Feature", "geometry": {"type": "Point", "coordinates": [-82.52500000170002, 35.633333333905]}, "properties": {"p_logistic": 0.47055602073669434, "p_rf": 0.765999972820282, "p_xgb": 0.9920786023139954, "date": "2026-02-07"}}, {"type": "Feature", "geometry": {"type": "Point", "coordinates": [-82.51666666836701, 35.633333333905]}, "properties": {"p_logistic": 0.4708973467350006, "p_rf": 0.8500000238418579, "p_xgb": 0.9922332763671875, "date": "2026-02-07"}}, {"type": "Feature", "geometry": {"type": "Point", "coordinates": [-82.50833333503402, 35.633333333905]}, "properties": {"p_logistic": 0.4713694751262665, "p_rf": 0.8619999885559082, "p_xgb": 0.993607759475708, "date": "2026-02-07"}}, {"type": "Feature", "geometry": {"type": "Point", "coordinates": [-82.50000000170101, 35.633333333905]}, "properties": {"p_logistic": 0.4727771282196045, "p_rf": 0.8619999885559082, "p_xgb": 0.9934254884719849, "date": "2026-02-07"}}, {"type": "Feature", "geometry": {"type": "Point", "coordinates": [-82.49166666836803, 35.633333333905]}, "properties": {"p_logistic": 0.47501102089881897, "p_rf": 0.8659999966621399, "p_xgb": 0.992942214012146, "date": "2026-02-07"}}, {"type": "Feature", "geometry": {"type": "Point", "coordinates": [-82.48333333503501, 35.633333333905]}, "properties": {"p_logistic": 0.47724446654319763, "p_rf": 0.871999979019165, "p_xgb": 0.9921720027923584, "date": "2026-02-07"}}, {"type": "Feature", "geometry": {"type": "Point", "coordinates": [-82.47500000170201, 35.633333333905]}, "properties": {"p_logistic": 0.4789348244667053, "p_rf": 0.8740000128746033, "p_xgb": 0.9924585223197937, "date": "2026-02-07"}}, {"type": "Feature", "geometry": {"type": "Point", "coordinates": [-82.46666666836902, 35.633333333905]}, "properties": {"p_logistic": 0.4801784157752991, "p_rf": 0.8799999952316284, "p_xgb": 0.9924585223197937, "date": "2026-02-07"}}, {"type": "Feature", "geometry": {"type": "Point", "coordinates": [-82.45833333503602, 35.633333333905]}, "properties": {"p_logistic": 0.4814598262310028, "p_rf": 0.8980000019073486, "p_xgb": 0.9932914972305298, "date": "2026-02-07"}}, {"type": "Feature", "geometry": {"type": "Point", "coordinates": [-82.45000000170302, 35.633333333905]}, "properties": {"p_logistic": 0.48331040143966675, "p_rf": 0.9079999923706055, "p_xgb": 0.99345463514328, "date": "2026-02-07"}}, {"type": "Feature", "geometry": {"type": "Point", "coordinates": [-82.44166666837002, 35.633333333905]}, "properties": {"p_logistic": 0.48567602038383484, "p_rf": 0.8999999761581421, "p_xgb": 0.9935293793678284, "date": "2026-02-07"}}, {"type": "Feature", "geometry": {"type": "Point", "coordinates": [-82.43333333503702, 35.633333333905]}, "properties": {"p_logistic": 0.4888971447944641, "p_rf": 0.8999999761581421, "p_xgb": 0.9926837086677551, "date": "2026-02-07"}}, {"type": "Feature", "geometry": {"type": "Point", "coordinates": [-82.42500000170402, 35.633333333905]}, "properties": {"p_logistic": 0.49240198731422424, "p_rf": 0.8820000290870667, "p_xgb": 0.986932098865509, "date": "2026-02-07"}}, {"type": "Feature", "geometry": {"type": "Point", "coordinates": [-82.41666666837102, 35.633333333905]}, "properties": {"p_logistic": 0.4945427179336548, "p_rf": 0.8840000033378601, "p_xgb": 0.986932098865509, "date": "2026-02-07"}}, {"type": "Feature", "geometry": {"type": "Point", "coordinates": [-82.40833333503801, 35.633333333905]}, "properties": {"p_logistic": 0.49481940269470215, "p_rf": 0.8840000033378601, "p_xgb": 0.986932098865509, "date": "2026-02-07"}}, {"type": "Feature", "geometry": {"type": "Point", "coordinates": [-82.40000000170502, 35.633333333905]}, "properties": {"p_logistic": 0.4940750002861023, "p_rf": 0.8820000290870667, "p_xgb": 0.9879377484321594, "date": "2026-02-07"}}, {"type": "Feature", "geometry": {"type": "Point", "coordinates": [-82.39166666837201, 35.633333333905]}, "properties": {"p_logistic": 0.4928533136844635, "p_rf": 0.8939999938011169, "p_xgb": 0.9892003536224365, "date": "2026-02-07"}}, {"type": "Feature", "geometry": {"type": "Point", "coordinates": [-82.38333333503903, 35.633333333905]}, "properties": {"p_logistic": 0.49142640829086304, "p_rf": 0.9020000100135803, "p_xgb": 0.9907940030097961, "date": "2026-02-07"}}, {"type": "Feature", "geometry": {"type": "Point", "coordinates": [-82.37500000170601, 35.633333333905]}, "properties": {"p_logistic": 0.4910914897918701, "p_rf": 0.9020000100135803, "p_xgb": 0.991231381893158, "date": "2026-02-07"}}, {"type": "Feature", "geometry": {"type": "Point", "coordinates": [-82.36666666837301, 35.633333333905]}, "properties": {"p_logistic": 0.4907720386981964, "p_rf": 0.8100000023841858, "p_xgb": 0.9914421439170837, "date": "2026-02-07"}}, {"type": "Feature", "geometry": {"type": "Point", "coordinates": [-82.35833333504002, 35.633333333905]}, "properties": {"p_logistic": 0.4893982410430908, "p_rf": 0.8159999847412109, "p_xgb": 0.9906314611434937, "date": "2026-02-07"}}, {"type": "Feature", "geometry": {"type": "Point", "coordinates": [-82.35000000170702, 35.633333333905]}, "properties": {"p_logistic": 0.487702876329422, "p_rf": 0.8159999847412109, "p_xgb": 0.9916977882385254, "date": "2026-02-07"}}, {"type": "Feature", "geometry": {"type": "Point", "coordinates": [-82.34166666837402, 35.633333333905]}, "properties": {"p_logistic": 0.48592180013656616, "p_rf": 0.8159999847412109, "p_xgb": 0.9916977882385254, "date": "2026-02-07"}}, {"type": "Feature", "geometry": {"type": "Point", "coordinates": [-82.33333333504102, 35.633333333905]}, "properties": {"p_logistic": 0.48452019691467285, "p_rf": 0.7960000038146973, "p_xgb": 0.9916977882385254, "date": "2026-02-07"}}, {"type": "Feature", "geometry": {"type": "Point", "coordinates": [-82.32500000170802, 35.633333333905]}, "properties": {"p_logistic": 0.4839194715023041, "p_rf": 0.8080000281333923, "p_xgb": 0.9916977882385254, "date": "2026-02-07"}}, {"type": "Feature", "geometry": {"type": "Point", "coordinates": [-82.31666666837502, 35.633333333905]}, "properties": {"p_logistic": 0.4837833642959595, "p_rf": 0.800000011920929, "p_xgb": 0.9971285462379456, "date": "2026-02-07"}}, {"type": "Feature", "geometry": {"type": "Point", "coordinates": [-82.30833333504202, 35.633333333905]}, "properties": {"p_logistic": 0.4833720922470093, "p_rf": 0.7940000295639038, "p_xgb": 0.9968036413192749, "date": "2026-02-07"}}, {"type": "Feature", "geometry": {"type": "Point", "coordinates": [-82.30000000170901, 35.633333333905]}, "properties": {"p_logistic": 0.48217901587486267, "p_rf": 0.7820000052452087, "p_xgb": 0.9973002076148987, "date": "2026-02-07"}}, {"type": "Feature", "geometry": {"type": "Point", "coordinates": [-82.29166666837602, 35.633333333905]}, "properties": {"p_logistic": 0.4822545051574707, "p_rf": 0.7820000052452087, "p_xgb": 0.9972453117370605, "date": "2026-02-07"}}, {"type": "Feature", "geometry": {"type": "Point", "coordinates": [-82.28333333504301, 35.633333333905]}, "properties": {"p_logistic": 0.4839099049568176, "p_rf": 0.7900000214576721, "p_xgb": 0.9968523383140564, "date": "2026-02-07"}}, {"type": "Feature", "geometry": {"type": "Point", "coordinates": [-82.27500000171003, 35.633333333905]}, "properties": {"p_logistic": 0.48791447281837463, "p_rf": 0.7559999823570251, "p_xgb": 0.9947150349617004, "date": "2026-02-07"}}, {"type": "Feature", "geometry": {"type": "Point", "coordinates": [-82.85000000168702, 35.625000000572]}, "properties": {"p_logistic": 0.44383206963539124, "p_rf": 0.628000020980835, "p_xgb": 0.9933106899261475, "date": "2026-02-07"}}, {"type": "Feature", "geometry": {"type": "Point", "coordinates": [-82.84166666835401, 35.625000000572]}, "properties": {"p_logistic": 0.4468219578266144, "p_rf": 0.628000020980835, "p_xgb": 0.9933106899261475, "date": "2026-02-07"}}, {"type": "Feature", "geometry": {"type": "Point", "coordinates": [-82.83333333502102, 35.625000000572]}, "properties": {"p_logistic": 0.4492295980453491, "p_rf": 0.628000020980835, "p_xgb": 0.992241382598877, "date": "2026-02-07"}}, {"type": "Feature", "geometry": {"type": "Point", "coordinates": [-82.82500000168801, 35.625000000572]}, "properties": {"p_logistic": 0.4511306583881378, "p_rf": 0.6600000262260437, "p_xgb": 0.9941267967224121, "date": "2026-02-07"}}, {"type": "Feature", "geometry": {"type": "Point", "coordinates": [-82.80833333502201, 35.625000000572]}, "properties": {"p_logistic": 0.454861044883728, "p_rf": 0.6359999775886536, "p_xgb": 0.9939530491828918, "date": "2026-02-07"}}, {"type": "Feature", "geometry": {"type": "Point", "coordinates": [-82.80000000168901, 35.625000000572]}, "properties": {"p_logistic": 0.4568234086036682, "p_rf": 0.656000018119812, "p_xgb": 0.9941267967224121, "date": "2026-02-07"}}, {"type": "Feature", "geometry": {"type": "Point", "coordinates": [-82.79166666835602, 35.625000000572]}, "properties": {"p_logistic": 0.45839396119117737, "p_rf": 0.777999997138977, "p_xgb": 0.994861900806427, "date": "2026-02-07"}}, {"type": "Feature", "geometry": {"type": "Point", "coordinates": [-82.78333333502302, 35.625000000572]}, "properties": {"p_logistic": 0.4594850540161133, "p_rf": 0.8019999861717224, "p_xgb": 0.9952242374420166, "date": "2026-02-07"}}, {"type": "Feature", "geometry": {"type": "Point", "coordinates": [-82.77500000169002, 35.625000000572]}, "properties": {"p_logistic": 0.46055084466934204, "p_rf": 0.7940000295639038, "p_xgb": 0.9952242374420166, "date": "2026-02-07"}}, {"type": "Feature", "geometry": {"type": "Point", "coordinates": [-82.76666666835702, 35.625000000572]}, "properties": {"p_logistic": 0.4614555537700653, "p_rf": 0.7639999985694885, "p_xgb": 0.9950450658798218, "date": "2026-02-07"}}, {"type": "Feature", "geometry": {"type": "Point", "coordinates": [-82.75833333502402, 35.625000000572]}, "properties": {"p_logistic": 0.46214625239372253, "p_rf": 0.7620000243186951, "p_xgb": 0.994902491569519, "date": "2026-02-07"}}, {"type": "Feature", "geometry": {"type": "Point", "coordinates": [-82.75000000169102, 35.625000000572]}, "properties": {"p_logistic": 0.4631474018096924, "p_rf": 0.7620000243186951, "p_xgb": 0.9951252341270447, "date": "2026-02-07"}}, {"type": "Feature", "geometry": {"type": "Point", "coordinates": [-82.74166666835802, 35.625000000572]}, "properties": {"p_logistic": 0.4647813141345978, "p_rf": 0.7820000052452087, "p_xgb": 0.9951252341270447, "date": "2026-02-07"}}, {"type": "Feature", "geometry": {"type": "Point", "coordinates": [-82.73333333502501, 35.625000000572]}, "properties": {"p_logistic": 0.4663298428058624, "p_rf": 0.7979999780654907, "p_xgb": 0.9952606558799744, "date": "2026-02-07"}}, {"type": "Feature", "geometry": {"type": "Point", "coordinates": [-82.72500000169202, 35.625000000572]}, "properties": {"p_logistic": 0.4682407081127167, "p_rf": 0.7820000052452087, "p_xgb": 0.9952606558799744, "date": "2026-02-07"}}, {"type": "Feature", "geometry": {"type": "Point", "coordinates": [-82.71666666835901, 35.625000000572]}, "properties": {"p_logistic": 0.46907803416252136, "p_rf": 0.7900000214576721, "p_xgb": 0.9954694509506226, "date": "2026-02-07"}}, {"type": "Feature", "geometry": {"type": "Point", "coordinates": [-82.70833333502603, 35.625000000572]}, "properties": {"p_logistic": 0.46970292925834656, "p_rf": 0.8059999942779541, "p_xgb": 0.9954694509506226, "date": "2026-02-07"}}, {"type": "Feature", "geometry": {"type": "Point", "coordinates": [-82.70000000169301, 35.625000000572]}, "properties": {"p_logistic": 0.4693806767463684, "p_rf": 0.8240000009536743, "p_xgb": 0.9954694509506226, "date": "2026-02-07"}}, {"type": "Feature", "geometry": {"type": "Point", "coordinates": [-82.69166666836001, 35.625000000572]}, "properties": {"p_logistic": 0.46962296962738037, "p_rf": 0.8240000009536743, "p_xgb": 0.9954694509506226, "date": "2026-02-07"}}, {"type": "Feature", "geometry": {"type": "Point", "coordinates": [-82.68333333502702, 35.625000000572]}, "properties": {"p_logistic": 0.4695296883583069, "p_rf": 0.8159999847412109, "p_xgb": 0.9957892298698425, "date": "2026-02-07"}}, {"type": "Feature", "geometry": {"type": "Point", "coordinates": [-82.67500000169402, 35.625000000572]}, "properties": {"p_logistic": 0.4691425561904907, "p_rf": 0.8019999861717224, "p_xgb": 0.9954296350479126, "date": "2026-02-07"}}, {"type": "Feature", "geometry": {"type": "Point", "coordinates": [-82.66666666836102, 35.625000000572]}, "properties": {"p_logistic": 0.4688897728919983, "p_rf": 0.7960000038146973, "p_xgb": 0.9953128099441528, "date": "2026-02-07"}}, {"type": "Feature", "geometry": {"type": "Point", "coordinates": [-82.65833333502802, 35.625000000572]}, "properties": {"p_logistic": 0.4691089689731598, "p_rf": 0.8259999752044678, "p_xgb": 0.9951779842376709, "date": "2026-02-07"}}, {"type": "Feature", "geometry": {"type": "Point", "coordinates": [-82.65000000169502, 35.625000000572]}, "properties": {"p_logistic": 0.4694097340106964, "p_rf": 0.8180000185966492, "p_xgb": 0.994936466217041, "date": "2026-02-07"}}, {"type": "Feature", "geometry": {"type": "Point", "coordinates": [-82.64166666836202, 35.625000000572]}, "properties": {"p_logistic": 0.4700303077697754, "p_rf": 0.8059999942779541, "p_xgb": 0.9916182160377502, "date": "2026-02-07"}}, {"type": "Feature", "geometry": {"type": "Point", "coordinates": [-82.63333333502902, 35.625000000572]}, "properties": {"p_logistic": 0.47043076157569885, "p_rf": 0.8019999861717224, "p_xgb": 0.9917405843734741, "date": "2026-02-07"}}, {"type": "Feature", "geometry": {"type": "Point", "coordinates": [-82.62500000169601, 35.625000000572]}, "properties": {"p_logistic": 0.47071242332458496, "p_rf": 0.7979999780654907, "p_xgb": 0.9919300675392151, "date": "2026-02-07"}}, {"type": "Feature", "geometry": {"type": "Point", "coordinates": [-82.61666666836302, 35.625000000572]}, "properties": {"p_logistic": 0.4711339771747589, "p_rf": 0.7799999713897705, "p_xgb": 0.9900642037391663, "date": "2026-02-07"}}, {"type": "Feature", "geometry": {"type": "Point", "coordinates": [-82.60833333503001, 35.625000000572]}, "properties": {"p_logistic": 0.47141900658607483, "p_rf": 0.6740000247955322, "p_xgb": 0.9890927076339722, "date": "2026-02-07"}}, {"type": "Feature", "geometry": {"type": "Point", "coordinates": [-82.60000000169703, 35.625000000572]}, "properties": {"p_logistic": 0.4715661108493805, "p_rf": 0.6679999828338623, "p_xgb": 0.9890927076339722, "date": "2026-02-07"}}, {"type": "Feature", "geometry": {"type": "Point", "coordinates": [-82.59166666836401, 35.625000000572]}, "properties": {"p_logistic": 0.47125306725502014, "p_rf": 0.6800000071525574, "p_xgb": 0.9880016446113586, "date": "2026-02-07"}}, {"type": "Feature", "geometry": {"type": "Point", "coordinates": [-82.58333333503101, 35.625000000572]}, "properties": {"p_logistic": 0.4708746075630188, "p_rf": 0.6899999976158142, "p_xgb": 0.9862985014915466, "date": "2026-02-07"}}, {"type": "Feature", "geometry": {"type": "Point", "coordinates": [-82.57500000169802, 35.625000000572]}, "properties": {"p_logistic": 0.46971002221107483, "p_rf": 0.6940000057220459, "p_xgb": 0.9878214001655579, "date": "2026-02-07"}}, {"type": "Feature", "geometry": {"type": "Point", "coordinates": [-82.56666666836502, 35.625000000572]}, "properties": {"p_logistic": 0.47017645835876465, "p_rf": 0.6980000138282776, "p_xgb": 0.9883509874343872, "date": "2026-02-07"}}, {"type": "Feature", "geometry": {"type": "Point", "coordinates": [-82.55833333503202, 35.625000000572]}, "properties": {"p_logistic": 0.4700181782245636, "p_rf": 0.7440000176429749, "p_xgb": 0.9898015856742859, "date": "2026-02-07"}}, {"type": "Feature", "geometry": {"type": "Point", "coordinates": [-82.55000000169902, 35.625000000572]}, "properties": {"p_logistic": 0.4705427289009094, "p_rf": 0.7239999771118164, "p_xgb": 0.9844965934753418, "date": "2026-02-07"}}, {"type": "Feature", "geometry": {"type": "Point", "coordinates": [-82.54166666836602, 35.625000000572]}, "properties": {"p_logistic": 0.4707448482513428, "p_rf": 0.7260000109672546, "p_xgb": 0.9867992997169495, "date": "2026-02-07"}}, {"type": "Feature", "geometry": {"type": "Point", "coordinates": [-82.53333333503302, 35.625000000572]}, "properties": {"p_logistic": 0.4706454277038574, "p_rf": 0.734000027179718, "p_xgb": 0.990373969078064, "date": "2026-02-07"}}, {"type": "Feature", "geometry": {"type": "Point", "coordinates": [-82.52500000170002, 35.625000000572]}, "properties": {"p_logistic": 0.4707179665565491, "p_rf": 0.8059999942779541, "p_xgb": 0.9915340542793274, "date": "2026-02-07"}}, {"type": "Feature", "geometry": {"type": "Point", "coordinates": [-82.51666666836701, 35.625000000572]}, "properties": {"p_logistic": 0.4713016748428345, "p_rf": 0.8420000076293945, "p_xgb": 0.9922332763671875, "date": "2026-02-07"}}, {"type": "Feature", "geometry": {"type": "Point", "coordinates": [-82.50833333503402, 35.625000000572]}, "properties": {"p_logistic": 0.47269323468208313, "p_rf": 0.8640000224113464, "p_xgb": 0.992942214012146, "date": "2026-02-07"}}, {"type": "Feature", "geometry": {"type": "Point", "coordinates": [-82.50000000170101, 35.625000000572]}, "properties": {"p_logistic": 0.4744834899902344, "p_rf": 0.8700000047683716, "p_xgb": 0.9917033910751343, "date": "2026-02-07"}}, {"type": "Feature", "geometry": {"type": "Point", "coordinates": [-82.49166666836803, 35.625000000572]}, "properties": {"p_logistic": 0.4772409200668335, "p_rf": 0.8740000128746033, "p_xgb": 0.9921720027923584, "date": "2026-02-07"}}, {"type": "Feature", "geometry": {"type": "Point", "coordinates": [-82.48333333503501, 35.625000000572]}, "properties": {"p_logistic": 0.47946685552597046, "p_rf": 0.878000020980835, "p_xgb": 0.9924585223197937, "date": "2026-02-07"}}, {"type": "Feature", "geometry": {"type": "Point", "coordinates": [-82.47500000170201, 35.625000000572]}, "properties": {"p_logistic": 0.4812265634536743, "p_rf": 0.8999999761581421, "p_xgb": 0.9934664368629456, "date": "2026-02-07"}}, {"type": "Feature", "geometry": {"type": "Point", "coordinates": [-82.46666666836902, 35.625000000572]}, "properties": {"p_logistic": 0.4823812246322632, "p_rf": 0.9079999923706055, "p_xgb": 0.9942493438720703, "date": "2026-02-07"}}, {"type": "Feature", "geometry": {"type": "Point", "coordinates": [-82.45833333503602, 35.625000000572]}, "properties": {"p_logistic": 0.4834405183792114, "p_rf": 0.9100000262260437, "p_xgb": 0.9944203495979309, "date": "2026-02-07"}}, {"type": "Feature", "geometry": {"type": "Point", "coordinates": [-82.45000000170302, 35.625000000572]}, "properties": {"p_logistic": 0.4848242998123169, "p_rf": 0.8999999761581421, "p_xgb": 0.9950163960456848, "date": "2026-02-07"}}, {"type": "Feature", "geometry": {"type": "Point", "coordinates": [-82.44166666837002, 35.625000000572]}, "properties": {"p_logistic": 0.4870723783969879, "p_rf": 0.9039999842643738, "p_xgb": 0.994128942489624, "date": "2026-02-07"}}, {"type": "Feature", "geometry": {"type": "Point", "coordinates": [-82.43333333503702, 35.625000000572]}, "properties": {"p_logistic": 0.4898061156272888, "p_rf": 0.8939999938011169, "p_xgb": 0.9895012974739075, "date": "2026-02-07"}}, {"type": "Feature", "geometry": {"type": "Point", "coordinates": [-82.42500000170402, 35.625000000572]}, "properties": {"p_logistic": 0.4935074746608734, "p_rf": 0.8840000033378601, "p_xgb": 0.9891035556793213, "date": "2026-02-07"}}, {"type": "Feature", "geometry": {"type": "Point", "coordinates": [-82.41666666837102, 35.625000000572]}, "properties": {"p_logistic": 0.4955355226993561, "p_rf": 0.8820000290870667, "p_xgb": 0.9907982349395752, "date": "2026-02-07"}}, {"type": "Feature", "geometry": {"type": "Point", "coordinates": [-82.40833333503801, 35.625000000572]}, "properties": {"p_logistic": 0.4956356883049011, "p_rf": 0.8880000114440918, "p_xgb": 0.9907982349395752, "date": "2026-02-07"}}, {"type": "Feature", "geometry": {"type": "Point", "coordinates": [-82.40000000170502, 35.625000000572]}, "properties": {"p_logistic": 0.49409106373786926, "p_rf": 0.8939999938011169, "p_xgb": 0.9892003536224365, "date": "2026-02-07"}}, {"type": "Feature", "geometry": {"type": "Point", "coordinates": [-82.39166666837201, 35.625000000572]}, "properties": {"p_logistic": 0.49274101853370667, "p_rf": 0.9100000262260437, "p_xgb": 0.9923287034034729, "date": "2026-02-07"}}, {"type": "Feature", "geometry": {"type": "Point", "coordinates": [-82.38333333503903, 35.625000000572]}, "properties": {"p_logistic": 0.49197161197662354, "p_rf": 0.871999979019165, "p_xgb": 0.9926937818527222, "date": "2026-02-07"}}, {"type": "Feature", "geometry": {"type": "Point", "coordinates": [-82.37500000170601, 35.625000000572]}, "properties": {"p_logistic": 0.49137207865715027, "p_rf": 0.8679999709129333, "p_xgb": 0.9930394291877747, "date": "2026-02-07"}}, {"type": "Feature", "geometry": {"type": "Point", "coordinates": [-82.36666666837301, 35.625000000572]}, "properties": {"p_logistic": 0.4909266531467438, "p_rf": 0.9020000100135803, "p_xgb": 0.9949187636375427, "date": "2026-02-07"}}, {"type": "Feature", "geometry": {"type": "Point", "coordinates": [-82.35833333504002, 35.625000000572]}, "properties": {"p_logistic": 0.48857441544532776, "p_rf": 0.8259999752044678, "p_xgb": 0.9916977882385254, "date": "2026-02-07"}}, {"type": "Feature", "geometry": {"type": "Point", "coordinates": [-82.35000000170702, 35.625000000572]}, "properties": {"p_logistic": 0.4876469671726227, "p_rf": 0.8180000185966492, "p_xgb": 0.9916977882385254, "date": "2026-02-07"}}, {"type": "Feature", "geometry": {"type": "Point", "coordinates": [-82.34166666837402, 35.625000000572]}, "properties": {"p_logistic": 0.4862235188484192, "p_rf": 0.8199999928474426, "p_xgb": 0.9930828809738159, "date": "2026-02-07"}}, {"type": "Feature", "geometry": {"type": "Point", "coordinates": [-82.33333333504102, 35.625000000572]}, "properties": {"p_logistic": 0.485077440738678, "p_rf": 0.8180000185966492, "p_xgb": 0.9930828809738159, "date": "2026-02-07"}}, {"type": "Feature", "geometry": {"type": "Point", "coordinates": [-82.32500000170802, 35.625000000572]}, "properties": {"p_logistic": 0.4843141436576843, "p_rf": 0.7979999780654907, "p_xgb": 0.9971285462379456, "date": "2026-02-07"}}, {"type": "Feature", "geometry": {"type": "Point", "coordinates": [-82.31666666837502, 35.625000000572]}, "properties": {"p_logistic": 0.483746200799942, "p_rf": 0.800000011920929, "p_xgb": 0.9965506792068481, "date": "2026-02-07"}}, {"type": "Feature", "geometry": {"type": "Point", "coordinates": [-82.30833333504202, 35.625000000572]}, "properties": {"p_logistic": 0.4833938777446747, "p_rf": 0.8140000104904175, "p_xgb": 0.9969927072525024, "date": "2026-02-07"}}, {"type": "Feature", "geometry": {"type": "Point", "coordinates": [-82.30000000170901, 35.625000000572]}, "properties": {"p_logistic": 0.48228633403778076, "p_rf": 0.7839999794960022, "p_xgb": 0.9973002076148987, "date": "2026-02-07"}}, {"type": "Feature", "geometry": {"type": "Point", "coordinates": [-82.29166666837602, 35.625000000572]}, "properties": {"p_logistic": 0.4825255274772644, "p_rf": 0.7739999890327454, "p_xgb": 0.9967724680900574, "date": "2026-02-07"}}, {"type": "Feature", "geometry": {"type": "Point", "coordinates": [-82.28333333504301, 35.625000000572]}, "properties": {"p_logistic": 0.4844045341014862, "p_rf": 0.7820000052452087, "p_xgb": 0.9942957758903503, "date": "2026-02-07"}}, {"type": "Feature", "geometry": {"type": "Point", "coordinates": [-82.27500000171003, 35.625000000572]}, "properties": {"p_logistic": 0.4888555705547333, "p_rf": 0.7720000147819519, "p_xgb": 0.9942957758903503, "date": "2026-02-07"}}, {"type": "Feature", "geometry": {"type": "Point", "coordinates": [-82.85000000168702, 35.616666667239]}, "properties": {"p_logistic": 0.4430333375930786, "p_rf": 0.6420000195503235, "p_xgb": 0.9926103949546814, "date": "2026-02-07"}}, {"type": "Feature", "geometry": {"type": "Point", "coordinates": [-82.80833333502201, 35.616666667239]}, "properties": {"p_logistic": 0.45510804653167725, "p_rf": 0.6380000114440918, "p_xgb": 0.9944719076156616, "date": "2026-02-07"}}, {"type": "Feature", "geometry": {"type": "Point", "coordinates": [-82.80000000168901, 35.616666667239]}, "properties": {"p_logistic": 0.4566349983215332, "p_rf": 0.6859999895095825, "p_xgb": 0.9950416684150696, "date": "2026-02-07"}}, {"type": "Feature", "geometry": {"type": "Point", "coordinates": [-82.79166666835602, 35.616666667239]}, "properties": {"p_logistic": 0.45802226662635803, "p_rf": 0.800000011920929, "p_xgb": 0.9950416684150696, "date": "2026-02-07"}}, {"type": "Feature", "geometry": {"type": "Point", "coordinates": [-82.78333333502302, 35.616666667239]}, "properties": {"p_logistic": 0.4595317840576172, "p_rf": 0.7820000052452087, "p_xgb": 0.9952183365821838, "date": "2026-02-07"}}, {"type": "Feature", "geometry": {"type": "Point", "coordinates": [-82.77500000169002, 35.616666667239]}, "properties": {"p_logistic": 0.4606393873691559, "p_rf": 0.765999972820282, "p_xgb": 0.9951701760292053, "date": "2026-02-07"}}, {"type": "Feature", "geometry": {"type": "Point", "coordinates": [-82.76666666835702, 35.616666667239]}, "properties": {"p_logistic": 0.46138131618499756, "p_rf": 0.8320000171661377, "p_xgb": 0.9949951171875, "date": "2026-02-07"}}, {"type": "Feature", "geometry": {"type": "Point", "coordinates": [-82.75833333502402, 35.616666667239]}, "properties": {"p_logistic": 0.46196168661117554, "p_rf": 0.828000009059906, "p_xgb": 0.9947445392608643, "date": "2026-02-07"}}, {"type": "Feature", "geometry": {"type": "Point", "coordinates": [-82.75000000169102, 35.616666667239]}, "properties": {"p_logistic": 0.4627588093280792, "p_rf": 0.8259999752044678, "p_xgb": 0.994647204875946, "date": "2026-02-07"}}, {"type": "Feature", "geometry": {"type": "Point", "coordinates": [-82.74166666835802, 35.616666667239]}, "properties": {"p_logistic": 0.46455639600753784, "p_rf": 0.8259999752044678, "p_xgb": 0.9947968125343323, "date": "2026-02-07"}}, {"type": "Feature", "geometry": {"type": "Point", "coordinates": [-82.73333333502501, 35.616666667239]}, "properties": {"p_logistic": 0.466050922870636, "p_rf": 0.7620000243186951, "p_xgb": 0.9949849843978882, "date": "2026-02-07"}}, {"type": "Feature", "geometry": {"type": "Point", "coordinates": [-82.72500000169202, 35.616666667239]}, "properties": {"p_logistic": 0.4671495258808136, "p_rf": 0.8100000023841858, "p_xgb": 0.9954824447631836, "date": "2026-02-07"}}, {"type": "Feature", "geometry": {"type": "Point", "coordinates": [-82.71666666835901, 35.616666667239]}, "properties": {"p_logistic": 0.46844229102134705, "p_rf": 0.8019999861717224, "p_xgb": 0.9955949187278748, "date": "2026-02-07"}}, {"type": "Feature", "geometry": {"type": "Point", "coordinates": [-82.70833333502603, 35.616666667239]}, "properties": {"p_logistic": 0.4682978689670563, "p_rf": 0.8180000185966492, "p_xgb": 0.9957892298698425, "date": "2026-02-07"}}, {"type": "Feature", "geometry": {"type": "Point", "coordinates": [-82.70000000169301, 35.616666667239]}, "properties": {"p_logistic": 0.4683483839035034, "p_rf": 0.8299999833106995, "p_xgb": 0.9957892298698425, "date": "2026-02-07"}}, {"type": "Feature", "geometry": {"type": "Point", "coordinates": [-82.69166666836001, 35.616666667239]}, "properties": {"p_logistic": 0.46869081258773804, "p_rf": 0.8299999833106995, "p_xgb": 0.9957892298698425, "date": "2026-02-07"}}, {"type": "Feature", "geometry": {"type": "Point", "coordinates": [-82.68333333502702, 35.616666667239]}, "properties": {"p_logistic": 0.4685850143432617, "p_rf": 0.8259999752044678, "p_xgb": 0.9955195188522339, "date": "2026-02-07"}}, {"type": "Feature", "geometry": {"type": "Point", "coordinates": [-82.67500000169402, 35.616666667239]}, "properties": {"p_logistic": 0.4682963788509369, "p_rf": 0.8019999861717224, "p_xgb": 0.9949422478675842, "date": "2026-02-07"}}, {"type": "Feature", "geometry": {"type": "Point", "coordinates": [-82.66666666836102, 35.616666667239]}, "properties": {"p_logistic": 0.46831539273262024, "p_rf": 0.8119999766349792, "p_xgb": 0.9950343370437622, "date": "2026-02-07"}}, {"type": "Feature", "geometry": {"type": "Point", "coordinates": [-82.65833333502802, 35.616666667239]}, "properties": {"p_logistic": 0.46802860498428345, "p_rf": 0.8320000171661377, "p_xgb": 0.9948914051055908, "date": "2026-02-07"}}, {"type": "Feature", "geometry": {"type": "Point", "coordinates": [-82.65000000169502, 35.616666667239]}, "properties": {"p_logistic": 0.4684521555900574, "p_rf": 0.8320000171661377, "p_xgb": 0.9908962845802307, "date": "2026-02-07"}}, {"type": "Feature", "geometry": {"type": "Point", "coordinates": [-82.64166666836202, 35.616666667239]}, "properties": {"p_logistic": 0.4687565863132477, "p_rf": 0.8360000252723694, "p_xgb": 0.990882158279419, "date": "2026-02-07"}}, {"type": "Feature", "geometry": {"type": "Point", "coordinates": [-82.63333333502902, 35.616666667239]}, "properties": {"p_logistic": 0.4690400958061218, "p_rf": 0.8360000252723694, "p_xgb": 0.9906401634216309, "date": "2026-02-07"}}, {"type": "Feature", "geometry": {"type": "Point", "coordinates": [-82.62500000169601, 35.616666667239]}, "properties": {"p_logistic": 0.4693552553653717, "p_rf": 0.7440000176429749, "p_xgb": 0.9884795546531677, "date": "2026-02-07"}}, {"type": "Feature", "geometry": {"type": "Point", "coordinates": [-82.61666666836302, 35.616666667239]}, "properties": {"p_logistic": 0.46984508633613586, "p_rf": 0.7020000219345093, "p_xgb": 0.9867992997169495, "date": "2026-02-07"}}, {"type": "Feature", "geometry": {"type": "Point", "coordinates": [-82.60833333503001, 35.616666667239]}, "properties": {"p_logistic": 0.47036802768707275, "p_rf": 0.6859999895095825, "p_xgb": 0.9865569472312927, "date": "2026-02-07"}}, {"type": "Feature", "geometry": {"type": "Point", "coordinates": [-82.60000000169703, 35.616666667239]}, "properties": {"p_logistic": 0.4707302451133728, "p_rf": 0.699999988079071, "p_xgb": 0.9875341653823853, "date": "2026-02-07"}}, {"type": "Feature", "geometry": {"type": "Point", "coordinates": [-82.59166666836401, 35.616666667239]}, "properties": {"p_logistic": 0.470794677734375, "p_rf": 0.7239999771118164, "p_xgb": 0.988842248916626, "date": "2026-02-07"}}, {"type": "Feature", "geometry": {"type": "Point", "coordinates": [-82.58333333503101, 35.616666667239]}, "properties": {"p_logistic": 0.4702766239643097, "p_rf": 0.722000002861023, "p_xgb": 0.9861595034599304, "date": "2026-02-07"}}, {"type": "Feature", "geometry": {"type": "Point", "coordinates": [-82.57500000169802, 35.616666667239]}, "properties": {"p_logistic": 0.46978893876075745, "p_rf": 0.7239999771118164, "p_xgb": 0.9883509874343872, "date": "2026-02-07"}}, {"type": "Feature", "geometry": {"type": "Point", "coordinates": [-82.56666666836502, 35.616666667239]}, "properties": {"p_logistic": 0.46921053528785706, "p_rf": 0.7239999771118164, "p_xgb": 0.9883509874343872, "date": "2026-02-07"}}, {"type": "Feature", "geometry": {"type": "Point", "coordinates": [-82.55833333503202, 35.616666667239]}, "properties": {"p_logistic": 0.47039180994033813, "p_rf": 0.7540000081062317, "p_xgb": 0.9895119071006775, "date": "2026-02-07"}}, {"type": "Feature", "geometry": {"type": "Point", "coordinates": [-82.55000000169902, 35.616666667239]}, "properties": {"p_logistic": 0.47047874331474304, "p_rf": 0.7559999823570251, "p_xgb": 0.9857286810874939, "date": "2026-02-07"}}, {"type": "Feature", "geometry": {"type": "Point", "coordinates": [-82.54166666836602, 35.616666667239]}, "properties": {"p_logistic": 0.471223920583725, "p_rf": 0.7360000014305115, "p_xgb": 0.9872812628746033, "date": "2026-02-07"}}, {"type": "Feature", "geometry": {"type": "Point", "coordinates": [-82.53333333503302, 35.616666667239]}, "properties": {"p_logistic": 0.47149354219436646, "p_rf": 0.7440000176429749, "p_xgb": 0.9889757633209229, "date": "2026-02-07"}}, {"type": "Feature", "geometry": {"type": "Point", "coordinates": [-82.52500000170002, 35.616666667239]}, "properties": {"p_logistic": 0.4717804193496704, "p_rf": 0.8460000157356262, "p_xgb": 0.9915340542793274, "date": "2026-02-07"}}, {"type": "Feature", "geometry": {"type": "Point", "coordinates": [-82.51666666836701, 35.616666667239]}, "properties": {"p_logistic": 0.4729173481464386, "p_rf": 0.8539999723434448, "p_xgb": 0.9917247295379639, "date": "2026-02-07"}}, {"type": "Feature", "geometry": {"type": "Point", "coordinates": [-82.50833333503402, 35.616666667239]}, "properties": {"p_logistic": 0.47490110993385315, "p_rf": 0.8659999966621399, "p_xgb": 0.9918988943099976, "date": "2026-02-07"}}, {"type": "Feature", "geometry": {"type": "Point", "coordinates": [-82.50000000170101, 35.616666667239]}, "properties": {"p_logistic": 0.47723275423049927, "p_rf": 0.871999979019165, "p_xgb": 0.9918988943099976, "date": "2026-02-07"}}, {"type": "Feature", "geometry": {"type": "Point", "coordinates": [-82.49166666836803, 35.616666667239]}, "properties": {"p_logistic": 0.47991856932640076, "p_rf": 0.8960000276565552, "p_xgb": 0.9927217364311218, "date": "2026-02-07"}}, {"type": "Feature", "geometry": {"type": "Point", "coordinates": [-82.48333333503501, 35.616666667239]}, "properties": {"p_logistic": 0.4821358025074005, "p_rf": 0.9079999923706055, "p_xgb": 0.9948635697364807, "date": "2026-02-07"}}, {"type": "Feature", "geometry": {"type": "Point", "coordinates": [-82.47500000170201, 35.616666667239]}, "properties": {"p_logistic": 0.48374903202056885, "p_rf": 0.9039999842643738, "p_xgb": 0.9948083758354187, "date": "2026-02-07"}}, {"type": "Feature", "geometry": {"type": "Point", "coordinates": [-82.46666666836902, 35.616666667239]}, "properties": {"p_logistic": 0.4847838878631592, "p_rf": 0.8999999761581421, "p_xgb": 0.994128942489624, "date": "2026-02-07"}}, {"type": "Feature", "geometry": {"type": "Point", "coordinates": [-82.45833333503602, 35.616666667239]}, "properties": {"p_logistic": 0.4856327474117279, "p_rf": 0.8999999761581421, "p_xgb": 0.994128942489624, "date": "2026-02-07"}}, {"type": "Feature", "geometry": {"type": "Point", "coordinates": [-82.45000000170302, 35.616666667239]}, "properties": {"p_logistic": 0.48676052689552307, "p_rf": 0.9020000100135803, "p_xgb": 0.994128942489624, "date": "2026-02-07"}}, {"type": "Feature", "geometry": {"type": "Point", "coordinates": [-82.44166666837002, 35.616666667239]}, "properties": {"p_logistic": 0.48827889561653137, "p_rf": 0.9039999842643738, "p_xgb": 0.9895012974739075, "date": "2026-02-07"}}, {"type": "Feature", "geometry": {"type": "Point", "coordinates": [-82.43333333503702, 35.616666667239]}, "properties": {"p_logistic": 0.4915637671947479, "p_rf": 0.8920000195503235, "p_xgb": 0.9897294044494629, "date": "2026-02-07"}}, {"type": "Feature", "geometry": {"type": "Point", "coordinates": [-82.42500000170402, 35.616666667239]}, "properties": {"p_logistic": 0.4953368008136749, "p_rf": 0.9020000100135803, "p_xgb": 0.9913275837898254, "date": "2026-02-07"}}, {"type": "Feature", "geometry": {"type": "Point", "coordinates": [-82.41666666837102, 35.616666667239]}, "properties": {"p_logistic": 0.49730345606803894, "p_rf": 0.9100000262260437, "p_xgb": 0.9915003776550293, "date": "2026-02-07"}}, {"type": "Feature", "geometry": {"type": "Point", "coordinates": [-82.40833333503801, 35.616666667239]}, "properties": {"p_logistic": 0.49708420038223267, "p_rf": 0.9279999732971191, "p_xgb": 0.994838535785675, "date": "2026-02-07"}}, {"type": "Feature", "geometry": {"type": "Point", "coordinates": [-82.40000000170502, 35.616666667239]}, "properties": {"p_logistic": 0.4947361946105957, "p_rf": 0.9240000247955322, "p_xgb": 0.9950847029685974, "date": "2026-02-07"}}, {"type": "Feature", "geometry": {"type": "Point", "coordinates": [-82.39166666837201, 35.616666667239]}, "properties": {"p_logistic": 0.49321192502975464, "p_rf": 0.8799999952316284, "p_xgb": 0.9952221512794495, "date": "2026-02-07"}}, {"type": "Feature", "geometry": {"type": "Point", "coordinates": [-82.38333333503903, 35.616666667239]}, "properties": {"p_logistic": 0.4923248589038849, "p_rf": 0.8980000019073486, "p_xgb": 0.9949187636375427, "date": "2026-02-07"}}, {"type": "Feature", "geometry": {"type": "Point", "coordinates": [-82.37500000170601, 35.616666667239]}, "properties": {"p_logistic": 0.49188390374183655, "p_rf": 0.8899999856948853, "p_xgb": 0.9976918697357178, "date": "2026-02-07"}}, {"type": "Feature", "geometry": {"type": "Point", "coordinates": [-82.36666666837301, 35.616666667239]}, "properties": {"p_logistic": 0.4911516010761261, "p_rf": 0.8899999856948853, "p_xgb": 0.9971285462379456, "date": "2026-02-07"}}, {"type": "Feature", "geometry": {"type": "Point", "coordinates": [-82.35833333504002, 35.616666667239]}, "properties": {"p_logistic": 0.48941001296043396, "p_rf": 0.8920000195503235, "p_xgb": 0.997271716594696, "date": "2026-02-07"}}, {"type": "Feature", "geometry": {"type": "Point", "coordinates": [-82.35000000170702, 35.616666667239]}, "properties": {"p_logistic": 0.4875432550907135, "p_rf": 0.8240000009536743, "p_xgb": 0.9967226386070251, "date": "2026-02-07"}}, {"type": "Feature", "geometry": {"type": "Point", "coordinates": [-82.34166666837402, 35.616666667239]}, "properties": {"p_logistic": 0.4860679507255554, "p_rf": 0.8259999752044678, "p_xgb": 0.9971285462379456, "date": "2026-02-07"}}, {"type": "Feature", "geometry": {"type": "Point", "coordinates": [-82.33333333504102, 35.616666667239]}, "properties": {"p_logistic": 0.4847380518913269, "p_rf": 0.828000009059906, "p_xgb": 0.997271716594696, "date": "2026-02-07"}}, {"type": "Feature", "geometry": {"type": "Point", "coordinates": [-82.32500000170802, 35.616666667239]}, "properties": {"p_logistic": 0.48385587334632874, "p_rf": 0.8320000171661377, "p_xgb": 0.997271716594696, "date": "2026-02-07"}}, {"type": "Feature", "geometry": {"type": "Point", "coordinates": [-82.31666666837502, 35.616666667239]}, "properties": {"p_logistic": 0.48351147770881653, "p_rf": 0.8220000267028809, "p_xgb": 0.9971754550933838, "date": "2026-02-07"}}, {"type": "Feature", "geometry": {"type": "Point", "coordinates": [-82.30833333504202, 35.616666667239]}, "properties": {"p_logistic": 0.4833769202232361, "p_rf": 0.8040000200271606, "p_xgb": 0.9967513084411621, "date": "2026-02-07"}}, {"type": "Feature", "geometry": {"type": "Point", "coordinates": [-82.30000000170901, 35.616666667239]}, "properties": {"p_logistic": 0.4837261140346527, "p_rf": 0.7839999794960022, "p_xgb": 0.9942957758903503, "date": "2026-02-07"}}, {"type": "Feature", "geometry": {"type": "Point", "coordinates": [-82.29166666837602, 35.616666667239]}, "properties": {"p_logistic": 0.4841044843196869, "p_rf": 0.7559999823570251, "p_xgb": 0.9930682182312012, "date": "2026-02-07"}}, {"type": "Feature", "geometry": {"type": "Point", "coordinates": [-82.28333333504301, 35.616666667239]}, "properties": {"p_logistic": 0.48666641116142273, "p_rf": 0.7799999713897705, "p_xgb": 0.9930682182312012, "date": "2026-02-07"}}, {"type": "Feature", "geometry": {"type": "Point", "coordinates": [-82.27500000171003, 35.616666667239]}, "properties": {"p_logistic": 0.49116674065589905, "p_rf": 0.7940000295639038, "p_xgb": 0.9922930002212524, "date": "2026-02-07"}}, {"type": "Feature", "geometry": {"type": "Point", "coordinates": [-82.26666666837701, 35.616666667239]}, "properties": {"p_logistic": 0.49740850925445557, "p_rf": 0.7379999756813049, "p_xgb": 0.9860861301422119, "date": "2026-02-07"}}, {"type": "Feature", "geometry": {"type": "Point", "coordinates": [-82.80000000168901, 35.608333333906]}, "properties": {"p_logistic": 0.4567185640335083, "p_rf": 0.6940000057220459, "p_xgb": 0.995571494102478, "date": "2026-02-07"}}, {"type": "Feature", "geometry": {"type": "Point", "coordinates": [-82.79166666835602, 35.608333333906]}, "properties": {"p_logistic": 0.4584350287914276, "p_rf": 0.8059999942779541, "p_xgb": 0.9953913688659668, "date": "2026-02-07"}}, {"type": "Feature", "geometry": {"type": "Point", "coordinates": [-82.78333333502302, 35.608333333906]}, "properties": {"p_logistic": 0.4601644277572632, "p_rf": 0.7760000228881836, "p_xgb": 0.9958071708679199, "date": "2026-02-07"}}, {"type": "Feature", "geometry": {"type": "Point", "coordinates": [-82.77500000169002, 35.608333333906]}, "properties": {"p_logistic": 0.4613259434700012, "p_rf": 0.8059999942779541, "p_xgb": 0.9956865310668945, "date": "2026-02-07"}}, {"type": "Feature", "geometry": {"type": "Point", "coordinates": [-82.76666666835702, 35.608333333906]}, "properties": {"p_logistic": 0.46203601360321045, "p_rf": 0.8679999709129333, "p_xgb": 0.9955909252166748, "date": "2026-02-07"}}, {"type": "Feature", "geometry": {"type": "Point", "coordinates": [-82.75833333502402, 35.608333333906]}, "properties": {"p_logistic": 0.4622977077960968, "p_rf": 0.8619999885559082, "p_xgb": 0.9949283599853516, "date": "2026-02-07"}}, {"type": "Feature", "geometry": {"type": "Point", "coordinates": [-82.75000000169102, 35.608333333906]}, "properties": {"p_logistic": 0.4631478488445282, "p_rf": 0.8259999752044678, "p_xgb": 0.9947445392608643, "date": "2026-02-07"}}, {"type": "Feature", "geometry": {"type": "Point", "coordinates": [-82.74166666835802, 35.608333333906]}, "properties": {"p_logistic": 0.46464768052101135, "p_rf": 0.828000009059906, "p_xgb": 0.994647204875946, "date": "2026-02-07"}}, {"type": "Feature", "geometry": {"type": "Point", "coordinates": [-82.73333333502501, 35.608333333906]}, "properties": {"p_logistic": 0.46596893668174744, "p_rf": 0.8220000267028809, "p_xgb": 0.994536280632019, "date": "2026-02-07"}}, {"type": "Feature", "geometry": {"type": "Point", "coordinates": [-82.72500000169202, 35.608333333906]}, "properties": {"p_logistic": 0.46691226959228516, "p_rf": 0.7639999985694885, "p_xgb": 0.9947968125343323, "date": "2026-02-07"}}, {"type": "Feature", "geometry": {"type": "Point", "coordinates": [-82.71666666835901, 35.608333333906]}, "properties": {"p_logistic": 0.4673950970172882, "p_rf": 0.8040000200271606, "p_xgb": 0.9949422478675842, "date": "2026-02-07"}}, {"type": "Feature", "geometry": {"type": "Point", "coordinates": [-82.70833333502603, 35.608333333906]}, "properties": {"p_logistic": 0.46761777997016907, "p_rf": 0.7979999780654907, "p_xgb": 0.9951252341270447, "date": "2026-02-07"}}, {"type": "Feature", "geometry": {"type": "Point", "coordinates": [-82.70000000169301, 35.608333333906]}, "properties": {"p_logistic": 0.4676385223865509, "p_rf": 0.828000009059906, "p_xgb": 0.99534010887146, "date": "2026-02-07"}}, {"type": "Feature", "geometry": {"type": "Point", "coordinates": [-82.69166666836001, 35.608333333906]}, "properties": {"p_logistic": 0.4676953852176666, "p_rf": 0.8360000252723694, "p_xgb": 0.99534010887146, "date": "2026-02-07"}}, {"type": "Feature", "geometry": {"type": "Point", "coordinates": [-82.68333333502702, 35.608333333906]}, "properties": {"p_logistic": 0.4677307903766632, "p_rf": 0.8420000076293945, "p_xgb": 0.995165228843689, "date": "2026-02-07"}}, {"type": "Feature", "geometry": {"type": "Point", "coordinates": [-82.67500000169402, 35.608333333906]}, "properties": {"p_logistic": 0.46754491329193115, "p_rf": 0.8199999928474426, "p_xgb": 0.995165228843689, "date": "2026-02-07"}}, {"type": "Feature", "geometry": {"type": "Point", "coordinates": [-82.66666666836102, 35.608333333906]}, "properties": {"p_logistic": 0.46744418144226074, "p_rf": 0.8140000104904175, "p_xgb": 0.9951351284980774, "date": "2026-02-07"}}, {"type": "Feature", "geometry": {"type": "Point", "coordinates": [-82.65833333502802, 35.608333333906]}, "properties": {"p_logistic": 0.46759238839149475, "p_rf": 0.8600000143051147, "p_xgb": 0.9949951171875, "date": "2026-02-07"}}, {"type": "Feature", "geometry": {"type": "Point", "coordinates": [-82.65000000169502, 35.608333333906]}, "properties": {"p_logistic": 0.4677989184856415, "p_rf": 0.8619999885559082, "p_xgb": 0.9910804629325867, "date": "2026-02-07"}}, {"type": "Feature", "geometry": {"type": "Point", "coordinates": [-82.64166666836202, 35.608333333906]}, "properties": {"p_logistic": 0.4680733382701874, "p_rf": 0.8579999804496765, "p_xgb": 0.9923416376113892, "date": "2026-02-07"}}, {"type": "Feature", "geometry": {"type": "Point", "coordinates": [-82.63333333502902, 35.608333333906]}, "properties": {"p_logistic": 0.4680901765823364, "p_rf": 0.8019999861717224, "p_xgb": 0.9901831746101379, "date": "2026-02-07"}}, {"type": "Feature", "geometry": {"type": "Point", "coordinates": [-82.62500000169601, 35.608333333906]}, "properties": {"p_logistic": 0.46818462014198303, "p_rf": 0.734000027179718, "p_xgb": 0.9893591403961182, "date": "2026-02-07"}}, {"type": "Feature", "geometry": {"type": "Point", "coordinates": [-82.61666666836302, 35.608333333906]}, "properties": {"p_logistic": 0.46888497471809387, "p_rf": 0.7599999904632568, "p_xgb": 0.9889757633209229, "date": "2026-02-07"}}, {"type": "Feature", "geometry": {"type": "Point", "coordinates": [-82.60833333503001, 35.608333333906]}, "properties": {"p_logistic": 0.4693645238876343, "p_rf": 0.7680000066757202, "p_xgb": 0.9894096851348877, "date": "2026-02-07"}}, {"type": "Feature", "geometry": {"type": "Point", "coordinates": [-82.60000000169703, 35.608333333906]}, "properties": {"p_logistic": 0.46995675563812256, "p_rf": 0.7639999985694885, "p_xgb": 0.9850815534591675, "date": "2026-02-07"}}, {"type": "Feature", "geometry": {"type": "Point", "coordinates": [-82.59166666836401, 35.608333333906]}, "properties": {"p_logistic": 0.4701957702636719, "p_rf": 0.7540000081062317, "p_xgb": 0.9847756028175354, "date": "2026-02-07"}}, {"type": "Feature", "geometry": {"type": "Point", "coordinates": [-82.58333333503101, 35.608333333906]}, "properties": {"p_logistic": 0.4698846936225891, "p_rf": 0.7300000190734863, "p_xgb": 0.9851685762405396, "date": "2026-02-07"}}, {"type": "Feature", "geometry": {"type": "Point", "coordinates": [-82.57500000169802, 35.608333333906]}, "properties": {"p_logistic": 0.46978792548179626, "p_rf": 0.734000027179718, "p_xgb": 0.9867380857467651, "date": "2026-02-07"}}, {"type": "Feature", "geometry": {"type": "Point", "coordinates": [-82.56666666836502, 35.608333333906]}, "properties": {"p_logistic": 0.46989142894744873, "p_rf": 0.7540000081062317, "p_xgb": 0.9875481128692627, "date": "2026-02-07"}}, {"type": "Feature", "geometry": {"type": "Point", "coordinates": [-82.55833333503202, 35.608333333906]}, "properties": {"p_logistic": 0.4702778160572052, "p_rf": 0.7319999933242798, "p_xgb": 0.9851685762405396, "date": "2026-02-07"}}, {"type": "Feature", "geometry": {"type": "Point", "coordinates": [-82.55000000169902, 35.608333333906]}, "properties": {"p_logistic": 0.47106659412384033, "p_rf": 0.7419999837875366, "p_xgb": 0.9883125424385071, "date": "2026-02-07"}}, {"type": "Feature", "geometry": {"type": "Point", "coordinates": [-82.54166666836602, 35.608333333906]}, "properties": {"p_logistic": 0.4717574119567871, "p_rf": 0.7379999756813049, "p_xgb": 0.9889757633209229, "date": "2026-02-07"}}, {"type": "Feature", "geometry": {"type": "Point", "coordinates": [-82.53333333503302, 35.608333333906]}, "properties": {"p_logistic": 0.47235503792762756, "p_rf": 0.843999981880188, "p_xgb": 0.9901831746101379, "date": "2026-02-07"}}, {"type": "Feature", "geometry": {"type": "Point", "coordinates": [-82.52500000170002, 35.608333333906]}, "properties": {"p_logistic": 0.4730573296546936, "p_rf": 0.8500000238418579, "p_xgb": 0.9922332763671875, "date": "2026-02-07"}}, {"type": "Feature", "geometry": {"type": "Point", "coordinates": [-82.51666666836701, 35.608333333906]}, "properties": {"p_logistic": 0.47467562556266785, "p_rf": 0.8659999966621399, "p_xgb": 0.9917247295379639, "date": "2026-02-07"}}, {"type": "Feature", "geometry": {"type": "Point", "coordinates": [-82.50833333503402, 35.608333333906]}, "properties": {"p_logistic": 0.4768836498260498, "p_rf": 0.8659999966621399, "p_xgb": 0.9918988943099976, "date": "2026-02-07"}}, {"type": "Feature", "geometry": {"type": "Point", "coordinates": [-82.50000000170101, 35.608333333906]}, "properties": {"p_logistic": 0.47899487614631653, "p_rf": 0.8740000128746033, "p_xgb": 0.9918988943099976, "date": "2026-02-07"}}, {"type": "Feature", "geometry": {"type": "Point", "coordinates": [-82.49166666836803, 35.608333333906]}, "properties": {"p_logistic": 0.4810560643672943, "p_rf": 0.8980000019073486, "p_xgb": 0.9941533207893372, "date": "2026-02-07"}}, {"type": "Feature", "geometry": {"type": "Point", "coordinates": [-82.48333333503501, 35.608333333906]}, "properties": {"p_logistic": 0.48294171690940857, "p_rf": 0.8980000019073486, "p_xgb": 0.9950163960456848, "date": "2026-02-07"}}, {"type": "Feature", "geometry": {"type": "Point", "coordinates": [-82.47500000170201, 35.608333333906]}, "properties": {"p_logistic": 0.48456695675849915, "p_rf": 0.8999999761581421, "p_xgb": 0.994128942489624, "date": "2026-02-07"}}, {"type": "Feature", "geometry": {"type": "Point", "coordinates": [-82.46666666836902, 35.608333333906]}, "properties": {"p_logistic": 0.4863424301147461, "p_rf": 0.8980000019073486, "p_xgb": 0.9895012974739075, "date": "2026-02-07"}}, {"type": "Feature", "geometry": {"type": "Point", "coordinates": [-82.45833333503602, 35.608333333906]}, "properties": {"p_logistic": 0.48756033182144165, "p_rf": 0.8799999952316284, "p_xgb": 0.9895012974739075, "date": "2026-02-07"}}, {"type": "Feature", "geometry": {"type": "Point", "coordinates": [-82.45000000170302, 35.608333333906]}, "properties": {"p_logistic": 0.48889365792274475, "p_rf": 0.8859999775886536, "p_xgb": 0.9895012974739075, "date": "2026-02-07"}}, {"type": "Feature", "geometry": {"type": "Point", "coordinates": [-82.44166666837002, 35.608333333906]}, "properties": {"p_logistic": 0.49086055159568787, "p_rf": 0.8920000195503235, "p_xgb": 0.9897294044494629, "date": "2026-02-07"}}, {"type": "Feature", "geometry": {"type": "Point", "coordinates": [-82.43333333503702, 35.608333333906]}, "properties": {"p_logistic": 0.49408406019210815, "p_rf": 0.8960000276565552, "p_xgb": 0.9913275837898254, "date": "2026-02-07"}}, {"type": "Feature", "geometry": {"type": "Point", "coordinates": [-82.42500000170402, 35.608333333906]}, "properties": {"p_logistic": 0.4968906342983246, "p_rf": 0.9259999990463257, "p_xgb": 0.994838535785675, "date": "2026-02-07"}}, {"type": "Feature", "geometry": {"type": "Point", "coordinates": [-82.41666666837102, 35.608333333906]}, "properties": {"p_logistic": 0.49824652075767517, "p_rf": 0.9380000233650208, "p_xgb": 0.9977080821990967, "date": "2026-02-07"}}, {"type": "Feature", "geometry": {"type": "Point", "coordinates": [-82.40833333503801, 35.608333333906]}, "properties": {"p_logistic": 0.49755746126174927, "p_rf": 0.9359999895095825, "p_xgb": 0.9979267120361328, "date": "2026-02-07"}}, {"type": "Feature", "geometry": {"type": "Point", "coordinates": [-82.40000000170502, 35.608333333906]}, "properties": {"p_logistic": 0.4950341582298279, "p_rf": 0.9020000100135803, "p_xgb": 0.9980717897415161, "date": "2026-02-07"}}, {"type": "Feature", "geometry": {"type": "Point", "coordinates": [-82.39166666837201, 35.608333333906]}, "properties": {"p_logistic": 0.49316468834877014, "p_rf": 0.8999999761581421, "p_xgb": 0.9978877902030945, "date": "2026-02-07"}}, {"type": "Feature", "geometry": {"type": "Point", "coordinates": [-82.38333333503903, 35.608333333906]}, "properties": {"p_logistic": 0.4922735393047333, "p_rf": 0.8960000276565552, "p_xgb": 0.9973721504211426, "date": "2026-02-07"}}, {"type": "Feature", "geometry": {"type": "Point", "coordinates": [-82.37500000170601, 35.608333333906]}, "properties": {"p_logistic": 0.491792231798172, "p_rf": 0.8920000195503235, "p_xgb": 0.9973721504211426, "date": "2026-02-07"}}, {"type": "Feature", "geometry": {"type": "Point", "coordinates": [-82.36666666837301, 35.608333333906]}, "properties": {"p_logistic": 0.49084702134132385, "p_rf": 0.8880000114440918, "p_xgb": 0.997271716594696, "date": "2026-02-07"}}, {"type": "Feature", "geometry": {"type": "Point", "coordinates": [-82.35833333504002, 35.608333333906]}, "properties": {"p_logistic": 0.48886069655418396, "p_rf": 0.8920000195503235, "p_xgb": 0.997271716594696, "date": "2026-02-07"}}, {"type": "Feature", "geometry": {"type": "Point", "coordinates": [-82.35000000170702, 35.608333333906]}, "properties": {"p_logistic": 0.48681187629699707, "p_rf": 0.8320000171661377, "p_xgb": 0.9967226386070251, "date": "2026-02-07"}}, {"type": "Feature", "geometry": {"type": "Point", "coordinates": [-82.34166666837402, 35.608333333906]}, "properties": {"p_logistic": 0.48532232642173767, "p_rf": 0.8240000009536743, "p_xgb": 0.9971754550933838, "date": "2026-02-07"}}, {"type": "Feature", "geometry": {"type": "Point", "coordinates": [-82.33333333504102, 35.608333333906]}, "properties": {"p_logistic": 0.48434770107269287, "p_rf": 0.8220000267028809, "p_xgb": 0.9976488947868347, "date": "2026-02-07"}}, {"type": "Feature", "geometry": {"type": "Point", "coordinates": [-82.32500000170802, 35.608333333906]}, "properties": {"p_logistic": 0.4840809404850006, "p_rf": 0.8299999833106995, "p_xgb": 0.9966688752174377, "date": "2026-02-07"}}, {"type": "Feature", "geometry": {"type": "Point", "coordinates": [-82.31666666837502, 35.608333333906]}, "properties": {"p_logistic": 0.48469626903533936, "p_rf": 0.8299999833106995, "p_xgb": 0.9947150349617004, "date": "2026-02-07"}}, {"type": "Feature", "geometry": {"type": "Point", "coordinates": [-82.30833333504202, 35.608333333906]}, "properties": {"p_logistic": 0.48590922355651855, "p_rf": 0.7879999876022339, "p_xgb": 0.9942957758903503, "date": "2026-02-07"}}, {"type": "Feature", "geometry": {"type": "Point", "coordinates": [-82.30000000170901, 35.608333333906]}, "properties": {"p_logistic": 0.4869842827320099, "p_rf": 0.7799999713897705, "p_xgb": 0.9922930002212524, "date": "2026-02-07"}}, {"type": "Feature", "geometry": {"type": "Point", "coordinates": [-82.29166666837602, 35.608333333906]}, "properties": {"p_logistic": 0.4885002076625824, "p_rf": 0.7979999780654907, "p_xgb": 0.9920732378959656, "date": "2026-02-07"}}, {"type": "Feature", "geometry": {"type": "Point", "coordinates": [-82.28333333504301, 35.608333333906]}, "properties": {"p_logistic": 0.4904932379722595, "p_rf": 0.7860000133514404, "p_xgb": 0.9860861301422119, "date": "2026-02-07"}}, {"type": "Feature", "geometry": {"type": "Point", "coordinates": [-82.80000000168901, 35.600000000573004]}, "properties": {"p_logistic": 0.4572908282279968, "p_rf": 0.6859999895095825, "p_xgb": 0.995571494102478, "date": "2026-02-07"}}, {"type": "Feature", "geometry": {"type": "Point", "coordinates": [-82.79166666835602, 35.600000000573004]}, "properties": {"p_logistic": 0.459055632352829, "p_rf": 0.8059999942779541, "p_xgb": 0.9952183365821838, "date": "2026-02-07"}}, {"type": "Feature", "geometry": {"type": "Point", "coordinates": [-82.78333333502302, 35.600000000573004]}, "properties": {"p_logistic": 0.46057194471359253, "p_rf": 0.8379999995231628, "p_xgb": 0.9958071708679199, "date": "2026-02-07"}}, {"type": "Feature", "geometry": {"type": "Point", "coordinates": [-82.77500000169002, 35.600000000573004]}, "properties": {"p_logistic": 0.46193915605545044, "p_rf": 0.8100000023841858, "p_xgb": 0.9959189295768738, "date": "2026-02-07"}}, {"type": "Feature", "geometry": {"type": "Point", "coordinates": [-82.76666666835702, 35.600000000573004]}, "properties": {"p_logistic": 0.46266111731529236, "p_rf": 0.8799999952316284, "p_xgb": 0.9958013892173767, "date": "2026-02-07"}}, {"type": "Feature", "geometry": {"type": "Point", "coordinates": [-82.75833333502402, 35.600000000573004]}, "properties": {"p_logistic": 0.4629957973957062, "p_rf": 0.871999979019165, "p_xgb": 0.9950632452964783, "date": "2026-02-07"}}, {"type": "Feature", "geometry": {"type": "Point", "coordinates": [-82.75000000169102, 35.600000000573004]}, "properties": {"p_logistic": 0.46402639150619507, "p_rf": 0.8619999885559082, "p_xgb": 0.9947445392608643, "date": "2026-02-07"}}, {"type": "Feature", "geometry": {"type": "Point", "coordinates": [-82.74166666835802, 35.600000000573004]}, "properties": {"p_logistic": 0.4653627574443817, "p_rf": 0.8500000238418579, "p_xgb": 0.9947445392608643, "date": "2026-02-07"}}, {"type": "Feature", "geometry": {"type": "Point", "coordinates": [-82.73333333502501, 35.600000000573004]}, "properties": {"p_logistic": 0.4663803279399872, "p_rf": 0.828000009059906, "p_xgb": 0.9947445392608643, "date": "2026-02-07"}}, {"type": "Feature", "geometry": {"type": "Point", "coordinates": [-82.72500000169202, 35.600000000573004]}, "properties": {"p_logistic": 0.46704527735710144, "p_rf": 0.8259999752044678, "p_xgb": 0.9947968125343323, "date": "2026-02-07"}}, {"type": "Feature", "geometry": {"type": "Point", "coordinates": [-82.71666666835901, 35.600000000573004]}, "properties": {"p_logistic": 0.4674718976020813, "p_rf": 0.8100000023841858, "p_xgb": 0.9949422478675842, "date": "2026-02-07"}}, {"type": "Feature", "geometry": {"type": "Point", "coordinates": [-82.70833333502603, 35.600000000573004]}, "properties": {"p_logistic": 0.4677167534828186, "p_rf": 0.8019999861717224, "p_xgb": 0.9949422478675842, "date": "2026-02-07"}}, {"type": "Feature", "geometry": {"type": "Point", "coordinates": [-82.70000000169301, 35.600000000573004]}, "properties": {"p_logistic": 0.46795323491096497, "p_rf": 0.828000009059906, "p_xgb": 0.995165228843689, "date": "2026-02-07"}}, {"type": "Feature", "geometry": {"type": "Point", "coordinates": [-82.69166666836001, 35.600000000573004]}, "properties": {"p_logistic": 0.4681222140789032, "p_rf": 0.8379999995231628, "p_xgb": 0.995165228843689, "date": "2026-02-07"}}, {"type": "Feature", "geometry": {"type": "Point", "coordinates": [-82.68333333502702, 35.600000000573004]}, "properties": {"p_logistic": 0.4681588411331177, "p_rf": 0.828000009059906, "p_xgb": 0.9952530860900879, "date": "2026-02-07"}}, {"type": "Feature", "geometry": {"type": "Point", "coordinates": [-82.67500000169402, 35.600000000573004]}, "properties": {"p_logistic": 0.4679509699344635, "p_rf": 0.8659999966621399, "p_xgb": 0.9953495860099792, "date": "2026-02-07"}}, {"type": "Feature", "geometry": {"type": "Point", "coordinates": [-82.66666666836102, 35.600000000573004]}, "properties": {"p_logistic": 0.4678388833999634, "p_rf": 0.8360000252723694, "p_xgb": 0.9951351284980774, "date": "2026-02-07"}}, {"type": "Feature", "geometry": {"type": "Point", "coordinates": [-82.65833333502802, 35.600000000573004]}, "properties": {"p_logistic": 0.46780091524124146, "p_rf": 0.8640000224113464, "p_xgb": 0.9927605390548706, "date": "2026-02-07"}}, {"type": "Feature", "geometry": {"type": "Point", "coordinates": [-82.65000000169502, 35.600000000573004]}, "properties": {"p_logistic": 0.46789267659187317, "p_rf": 0.8600000143051147, "p_xgb": 0.9925399422645569, "date": "2026-02-07"}}, {"type": "Feature", "geometry": {"type": "Point", "coordinates": [-82.64166666836202, 35.600000000573004]}, "properties": {"p_logistic": 0.46782737970352173, "p_rf": 0.8560000061988831, "p_xgb": 0.9910759925842285, "date": "2026-02-07"}}, {"type": "Feature", "geometry": {"type": "Point", "coordinates": [-82.63333333502902, 35.600000000573004]}, "properties": {"p_logistic": 0.46755656599998474, "p_rf": 0.7419999837875366, "p_xgb": 0.9904906749725342, "date": "2026-02-07"}}, {"type": "Feature", "geometry": {"type": "Point", "coordinates": [-82.62500000169601, 35.600000000573004]}, "properties": {"p_logistic": 0.46753567457199097, "p_rf": 0.7979999780654907, "p_xgb": 0.9907378554344177, "date": "2026-02-07"}}, {"type": "Feature", "geometry": {"type": "Point", "coordinates": [-82.61666666836302, 35.600000000573004]}, "properties": {"p_logistic": 0.4680194854736328, "p_rf": 0.8059999942779541, "p_xgb": 0.9915516376495361, "date": "2026-02-07"}}, {"type": "Feature", "geometry": {"type": "Point", "coordinates": [-82.60833333503001, 35.600000000573004]}, "properties": {"p_logistic": 0.4687347114086151, "p_rf": 0.7979999780654907, "p_xgb": 0.9905450344085693, "date": "2026-02-07"}}, {"type": "Feature", "geometry": {"type": "Point", "coordinates": [-82.60000000169703, 35.600000000573004]}, "properties": {"p_logistic": 0.46931344270706177, "p_rf": 0.8019999861717224, "p_xgb": 0.9905900955200195, "date": "2026-02-07"}}, {"type": "Feature", "geometry": {"type": "Point", "coordinates": [-82.59166666836401, 35.600000000573004]}, "properties": {"p_logistic": 0.46951255202293396, "p_rf": 0.7940000295639038, "p_xgb": 0.9905900955200195, "date": "2026-02-07"}}, {"type": "Feature", "geometry": {"type": "Point", "coordinates": [-82.58333333503101, 35.600000000573004]}, "properties": {"p_logistic": 0.469195693731308, "p_rf": 0.7639999985694885, "p_xgb": 0.9857286810874939, "date": "2026-02-07"}}, {"type": "Feature", "geometry": {"type": "Point", "coordinates": [-82.57500000169802, 35.600000000573004]}, "properties": {"p_logistic": 0.46910813450813293, "p_rf": 0.7260000109672546, "p_xgb": 0.9857286810874939, "date": "2026-02-07"}}, {"type": "Feature", "geometry": {"type": "Point", "coordinates": [-82.56666666836502, 35.600000000573004]}, "properties": {"p_logistic": 0.46937766671180725, "p_rf": 0.7239999771118164, "p_xgb": 0.9854669570922852, "date": "2026-02-07"}}, {"type": "Feature", "geometry": {"type": "Point", "coordinates": [-82.55833333503202, 35.600000000573004]}, "properties": {"p_logistic": 0.47002974152565, "p_rf": 0.7099999785423279, "p_xgb": 0.9857286810874939, "date": "2026-02-07"}}, {"type": "Feature", "geometry": {"type": "Point", "coordinates": [-82.55000000169902, 35.600000000573004]}, "properties": {"p_logistic": 0.47133669257164, "p_rf": 0.7279999852180481, "p_xgb": 0.9877811670303345, "date": "2026-02-07"}}, {"type": "Feature", "geometry": {"type": "Point", "coordinates": [-82.54166666836602, 35.600000000573004]}, "properties": {"p_logistic": 0.4725887179374695, "p_rf": 0.8460000157356262, "p_xgb": 0.9907538890838623, "date": "2026-02-07"}}, {"type": "Feature", "geometry": {"type": "Point", "coordinates": [-82.53333333503302, 35.600000000573004]}, "properties": {"p_logistic": 0.47337666153907776, "p_rf": 0.8679999709129333, "p_xgb": 0.9922332763671875, "date": "2026-02-07"}}, {"type": "Feature", "geometry": {"type": "Point", "coordinates": [-82.52500000170002, 35.600000000573004]}, "properties": {"p_logistic": 0.4741685390472412, "p_rf": 0.8659999966621399, "p_xgb": 0.9922332763671875, "date": "2026-02-07"}}, {"type": "Feature", "geometry": {"type": "Point", "coordinates": [-82.51666666836701, 35.600000000573004]}, "properties": {"p_logistic": 0.47570136189460754, "p_rf": 0.8740000128746033, "p_xgb": 0.992942214012146, "date": "2026-02-07"}}, {"type": "Feature", "geometry": {"type": "Point", "coordinates": [-82.50833333503402, 35.600000000573004]}, "properties": {"p_logistic": 0.4776975214481354, "p_rf": 0.8679999709129333, "p_xgb": 0.9918988943099976, "date": "2026-02-07"}}, {"type": "Feature", "geometry": {"type": "Point", "coordinates": [-82.50000000170101, 35.600000000573004]}, "properties": {"p_logistic": 0.47925078868865967, "p_rf": 0.871999979019165, "p_xgb": 0.9918988943099976, "date": "2026-02-07"}}, {"type": "Feature", "geometry": {"type": "Point", "coordinates": [-82.49166666836803, 35.600000000573004]}, "properties": {"p_logistic": 0.4809386730194092, "p_rf": 0.8920000195503235, "p_xgb": 0.9941533207893372, "date": "2026-02-07"}}, {"type": "Feature", "geometry": {"type": "Point", "coordinates": [-82.48333333503501, 35.600000000573004]}, "properties": {"p_logistic": 0.4825385808944702, "p_rf": 0.906000018119812, "p_xgb": 0.9950163960456848, "date": "2026-02-07"}}, {"type": "Feature", "geometry": {"type": "Point", "coordinates": [-82.47500000170201, 35.600000000573004]}, "properties": {"p_logistic": 0.4845079779624939, "p_rf": 0.8999999761581421, "p_xgb": 0.994128942489624, "date": "2026-02-07"}}, {"type": "Feature", "geometry": {"type": "Point", "coordinates": [-82.46666666836902, 35.600000000573004]}, "properties": {"p_logistic": 0.48677095770835876, "p_rf": 0.8880000114440918, "p_xgb": 0.9895012974739075, "date": "2026-02-07"}}, {"type": "Feature", "geometry": {"type": "Point", "coordinates": [-82.45833333503602, 35.600000000573004]}, "properties": {"p_logistic": 0.4882279932498932, "p_rf": 0.8840000033378601, "p_xgb": 0.9895012974739075, "date": "2026-02-07"}}, {"type": "Feature", "geometry": {"type": "Point", "coordinates": [-82.45000000170302, 35.600000000573004]}, "properties": {"p_logistic": 0.49022355675697327, "p_rf": 0.8899999856948853, "p_xgb": 0.9897294044494629, "date": "2026-02-07"}}, {"type": "Feature", "geometry": {"type": "Point", "coordinates": [-82.44166666837002, 35.600000000573004]}, "properties": {"p_logistic": 0.49230360984802246, "p_rf": 0.8859999775886536, "p_xgb": 0.9913275837898254, "date": "2026-02-07"}}, {"type": "Feature", "geometry": {"type": "Point", "coordinates": [-82.43333333503702, 35.600000000573004]}, "properties": {"p_logistic": 0.4949452579021454, "p_rf": 0.9259999990463257, "p_xgb": 0.9927571415901184, "date": "2026-02-07"}}, {"type": "Feature", "geometry": {"type": "Point", "coordinates": [-82.42500000170402, 35.600000000573004]}, "properties": {"p_logistic": 0.4971451759338379, "p_rf": 0.9380000233650208, "p_xgb": 0.9978225231170654, "date": "2026-02-07"}}, {"type": "Feature", "geometry": {"type": "Point", "coordinates": [-82.41666666837102, 35.600000000573004]}, "properties": {"p_logistic": 0.4978328347206116, "p_rf": 0.9340000152587891, "p_xgb": 0.9979165196418762, "date": "2026-02-07"}}, {"type": "Feature", "geometry": {"type": "Point", "coordinates": [-82.40833333503801, 35.600000000573004]}, "properties": {"p_logistic": 0.49689599871635437, "p_rf": 0.878000020980835, "p_xgb": 0.9980162382125854, "date": "2026-02-07"}}, {"type": "Feature", "geometry": {"type": "Point", "coordinates": [-82.40000000170502, 35.600000000573004]}, "properties": {"p_logistic": 0.49415019154548645, "p_rf": 0.8960000276565552, "p_xgb": 0.9973721504211426, "date": "2026-02-07"}}, {"type": "Feature", "geometry": {"type": "Point", "coordinates": [-82.39166666837201, 35.600000000573004]}, "properties": {"p_logistic": 0.4921353757381439, "p_rf": 0.8939999938011169, "p_xgb": 0.9973721504211426, "date": "2026-02-07"}}, {"type": "Feature", "geometry": {"type": "Point", "coordinates": [-82.38333333503903, 35.600000000573004]}, "properties": {"p_logistic": 0.49111151695251465, "p_rf": 0.8939999938011169, "p_xgb": 0.9973721504211426, "date": "2026-02-07"}}, {"type": "Feature", "geometry": {"type": "Point", "coordinates": [-82.37500000170601, 35.600000000573004]}, "properties": {"p_logistic": 0.49047067761421204, "p_rf": 0.8859999775886536, "p_xgb": 0.9973721504211426, "date": "2026-02-07"}}, {"type": "Feature", "geometry": {"type": "Point", "coordinates": [-82.36666666837301, 35.600000000573004]}, "properties": {"p_logistic": 0.4887884855270386, "p_rf": 0.9020000100135803, "p_xgb": 0.997488260269165, "date": "2026-02-07"}}, {"type": "Feature", "geometry": {"type": "Point", "coordinates": [-82.35833333504002, 35.600000000573004]}, "properties": {"p_logistic": 0.48674196004867554, "p_rf": 0.8920000195503235, "p_xgb": 0.9974966645240784, "date": "2026-02-07"}}, {"type": "Feature", "geometry": {"type": "Point", "coordinates": [-82.35000000170702, 35.600000000573004]}, "properties": {"p_logistic": 0.48469945788383484, "p_rf": 0.8100000023841858, "p_xgb": 0.9966688752174377, "date": "2026-02-07"}}, {"type": "Feature", "geometry": {"type": "Point", "coordinates": [-82.34166666837402, 35.600000000573004]}, "properties": {"p_logistic": 0.4837948977947235, "p_rf": 0.8140000104904175, "p_xgb": 0.9944942593574524, "date": "2026-02-07"}}, {"type": "Feature", "geometry": {"type": "Point", "coordinates": [-82.33333333504102, 35.600000000573004]}, "properties": {"p_logistic": 0.4830055832862854, "p_rf": 0.8140000104904175, "p_xgb": 0.9942957758903503, "date": "2026-02-07"}}, {"type": "Feature", "geometry": {"type": "Point", "coordinates": [-82.32500000170802, 35.600000000573004]}, "properties": {"p_logistic": 0.48331692814826965, "p_rf": 0.7940000295639038, "p_xgb": 0.9942957758903503, "date": "2026-02-07"}}, {"type": "Feature", "geometry": {"type": "Point", "coordinates": [-82.31666666837502, 35.600000000573004]}, "properties": {"p_logistic": 0.4846418797969818, "p_rf": 0.7839999794960022, "p_xgb": 0.9942957758903503, "date": "2026-02-07"}}, {"type": "Feature", "geometry": {"type": "Point", "coordinates": [-82.30833333504202, 35.600000000573004]}, "properties": {"p_logistic": 0.4870826303958893, "p_rf": 0.7839999794960022, "p_xgb": 0.9920732378959656, "date": "2026-02-07"}}, {"type": "Feature", "geometry": {"type": "Point", "coordinates": [-82.30000000170901, 35.600000000573004]}, "properties": {"p_logistic": 0.4890737235546112, "p_rf": 0.7919999957084656, "p_xgb": 0.9860861301422119, "date": "2026-02-07"}}, {"type": "Feature", "geometry": {"type": "Point", "coordinates": [-82.29166666837602, 35.600000000573004]}, "properties": {"p_logistic": 0.49072447419166565, "p_rf": 0.7680000066757202, "p_xgb": 0.9846251010894775, "date": "2026-02-07"}}, {"type": "Feature", "geometry": {"type": "Point", "coordinates": [-82.78333333502302, 35.591666667240005]}, "properties": {"p_logistic": 0.4610541760921478, "p_rf": 0.8320000171661377, "p_xgb": 0.9958071708679199, "date": "2026-02-07"}}, {"type": "Feature", "geometry": {"type": "Point", "coordinates": [-82.77500000169002, 35.591666667240005]}, "properties": {"p_logistic": 0.4622499346733093, "p_rf": 0.8399999737739563, "p_xgb": 0.9954302310943604, "date": "2026-02-07"}}, {"type": "Feature", "geometry": {"type": "Point", "coordinates": [-82.76666666835702, 35.591666667240005]}, "properties": {"p_logistic": 0.46318697929382324, "p_rf": 0.8140000104904175, "p_xgb": 0.9954302310943604, "date": "2026-02-07"}}, {"type": "Feature", "geometry": {"type": "Point", "coordinates": [-82.75833333502402, 35.591666667240005]}, "properties": {"p_logistic": 0.4638868570327759, "p_rf": 0.8220000267028809, "p_xgb": 0.9952988028526306, "date": "2026-02-07"}}, {"type": "Feature", "geometry": {"type": "Point", "coordinates": [-82.75000000169102, 35.591666667240005]}, "properties": {"p_logistic": 0.4648430049419403, "p_rf": 0.8100000023841858, "p_xgb": 0.9949951171875, "date": "2026-02-07"}}, {"type": "Feature", "geometry": {"type": "Point", "coordinates": [-82.74166666835802, 35.591666667240005]}, "properties": {"p_logistic": 0.4658609926700592, "p_rf": 0.8579999804496765, "p_xgb": 0.9949951171875, "date": "2026-02-07"}}, {"type": "Feature", "geometry": {"type": "Point", "coordinates": [-82.73333333502501, 35.591666667240005]}, "properties": {"p_logistic": 0.4666496515274048, "p_rf": 0.8479999899864197, "p_xgb": 0.9947445392608643, "date": "2026-02-07"}}, {"type": "Feature", "geometry": {"type": "Point", "coordinates": [-82.72500000169202, 35.591666667240005]}, "properties": {"p_logistic": 0.46766895055770874, "p_rf": 0.828000009059906, "p_xgb": 0.9946355223655701, "date": "2026-02-07"}}, {"type": "Feature", "geometry": {"type": "Point", "coordinates": [-82.71666666835901, 35.591666667240005]}, "properties": {"p_logistic": 0.46815651655197144, "p_rf": 0.777999997138977, "p_xgb": 0.99261075258255, "date": "2026-02-07"}}, {"type": "Feature", "geometry": {"type": "Point", "coordinates": [-82.70833333502603, 35.591666667240005]}, "properties": {"p_logistic": 0.46859487891197205, "p_rf": 0.7979999780654907, "p_xgb": 0.9926843047142029, "date": "2026-02-07"}}, {"type": "Feature", "geometry": {"type": "Point", "coordinates": [-82.70000000169301, 35.591666667240005]}, "properties": {"p_logistic": 0.46855801343917847, "p_rf": 0.8040000200271606, "p_xgb": 0.9928169250488281, "date": "2026-02-07"}}, {"type": "Feature", "geometry": {"type": "Point", "coordinates": [-82.69166666836001, 35.591666667240005]}, "properties": {"p_logistic": 0.46900832653045654, "p_rf": 0.8339999914169312, "p_xgb": 0.9931328892707825, "date": "2026-02-07"}}, {"type": "Feature", "geometry": {"type": "Point", "coordinates": [-82.68333333502702, 35.591666667240005]}, "properties": {"p_logistic": 0.46919992566108704, "p_rf": 0.8659999966621399, "p_xgb": 0.9952530860900879, "date": "2026-02-07"}}, {"type": "Feature", "geometry": {"type": "Point", "coordinates": [-82.67500000169402, 35.591666667240005]}, "properties": {"p_logistic": 0.4686821699142456, "p_rf": 0.8600000143051147, "p_xgb": 0.9953495860099792, "date": "2026-02-07"}}, {"type": "Feature", "geometry": {"type": "Point", "coordinates": [-82.66666666836102, 35.591666667240005]}, "properties": {"p_logistic": 0.4682716727256775, "p_rf": 0.8500000238418579, "p_xgb": 0.9942442774772644, "date": "2026-02-07"}}, {"type": "Feature", "geometry": {"type": "Point", "coordinates": [-82.65833333502802, 35.591666667240005]}, "properties": {"p_logistic": 0.4680880606174469, "p_rf": 0.878000020980835, "p_xgb": 0.9937825798988342, "date": "2026-02-07"}}, {"type": "Feature", "geometry": {"type": "Point", "coordinates": [-82.65000000169502, 35.591666667240005]}, "properties": {"p_logistic": 0.4681987166404724, "p_rf": 0.8619999885559082, "p_xgb": 0.9923049807548523, "date": "2026-02-07"}}, {"type": "Feature", "geometry": {"type": "Point", "coordinates": [-82.64166666836202, 35.591666667240005]}, "properties": {"p_logistic": 0.4680781364440918, "p_rf": 0.8080000281333923, "p_xgb": 0.9906843900680542, "date": "2026-02-07"}}, {"type": "Feature", "geometry": {"type": "Point", "coordinates": [-82.63333333502902, 35.591666667240005]}, "properties": {"p_logistic": 0.4676104187965393, "p_rf": 0.7879999876022339, "p_xgb": 0.9904906749725342, "date": "2026-02-07"}}, {"type": "Feature", "geometry": {"type": "Point", "coordinates": [-82.62500000169601, 35.591666667240005]}, "properties": {"p_logistic": 0.46727314591407776, "p_rf": 0.8159999847412109, "p_xgb": 0.9915516376495361, "date": "2026-02-07"}}, {"type": "Feature", "geometry": {"type": "Point", "coordinates": [-82.61666666836302, 35.591666667240005]}, "properties": {"p_logistic": 0.46775704622268677, "p_rf": 0.8259999752044678, "p_xgb": 0.9919203519821167, "date": "2026-02-07"}}, {"type": "Feature", "geometry": {"type": "Point", "coordinates": [-82.60833333503001, 35.591666667240005]}, "properties": {"p_logistic": 0.46832120418548584, "p_rf": 0.8259999752044678, "p_xgb": 0.9919203519821167, "date": "2026-02-07"}}, {"type": "Feature", "geometry": {"type": "Point", "coordinates": [-82.60000000169703, 35.591666667240005]}, "properties": {"p_logistic": 0.46880435943603516, "p_rf": 0.8199999928474426, "p_xgb": 0.9919203519821167, "date": "2026-02-07"}}, {"type": "Feature", "geometry": {"type": "Point", "coordinates": [-82.59166666836401, 35.591666667240005]}, "properties": {"p_logistic": 0.46880877017974854, "p_rf": 0.8019999861717224, "p_xgb": 0.9909572601318359, "date": "2026-02-07"}}, {"type": "Feature", "geometry": {"type": "Point", "coordinates": [-82.58333333503101, 35.591666667240005]}, "properties": {"p_logistic": 0.4685094952583313, "p_rf": 0.8019999861717224, "p_xgb": 0.9913139939308167, "date": "2026-02-07"}}, {"type": "Feature", "geometry": {"type": "Point", "coordinates": [-82.57500000169802, 35.591666667240005]}, "properties": {"p_logistic": 0.46861565113067627, "p_rf": 0.75, "p_xgb": 0.9883125424385071, "date": "2026-02-07"}}, {"type": "Feature", "geometry": {"type": "Point", "coordinates": [-82.56666666836502, 35.591666667240005]}, "properties": {"p_logistic": 0.46901825070381165, "p_rf": 0.7179999947547913, "p_xgb": 0.9850815534591675, "date": "2026-02-07"}}, {"type": "Feature", "geometry": {"type": "Point", "coordinates": [-82.55833333503202, 35.591666667240005]}, "properties": {"p_logistic": 0.47006839513778687, "p_rf": 0.7319999933242798, "p_xgb": 0.9894096851348877, "date": "2026-02-07"}}, {"type": "Feature", "geometry": {"type": "Point", "coordinates": [-82.55000000169902, 35.591666667240005]}, "properties": {"p_logistic": 0.4719305634498596, "p_rf": 0.8539999723434448, "p_xgb": 0.9907538890838623, "date": "2026-02-07"}}, {"type": "Feature", "geometry": {"type": "Point", "coordinates": [-82.54166666836602, 35.591666667240005]}, "properties": {"p_logistic": 0.4735731780529022, "p_rf": 0.8759999871253967, "p_xgb": 0.9922453761100769, "date": "2026-02-07"}}, {"type": "Feature", "geometry": {"type": "Point", "coordinates": [-82.53333333503302, 35.591666667240005]}, "properties": {"p_logistic": 0.474678099155426, "p_rf": 0.8859999775886536, "p_xgb": 0.9945631623268127, "date": "2026-02-07"}}, {"type": "Feature", "geometry": {"type": "Point", "coordinates": [-82.52500000170002, 35.591666667240005]}, "properties": {"p_logistic": 0.4752497971057892, "p_rf": 0.8880000114440918, "p_xgb": 0.9946734309196472, "date": "2026-02-07"}}, {"type": "Feature", "geometry": {"type": "Point", "coordinates": [-82.51666666836701, 35.591666667240005]}, "properties": {"p_logistic": 0.47668784856796265, "p_rf": 0.878000020980835, "p_xgb": 0.992942214012146, "date": "2026-02-07"}}, {"type": "Feature", "geometry": {"type": "Point", "coordinates": [-82.50833333503402, 35.591666667240005]}, "properties": {"p_logistic": 0.47829100489616394, "p_rf": 0.871999979019165, "p_xgb": 0.9909334182739258, "date": "2026-02-07"}}, {"type": "Feature", "geometry": {"type": "Point", "coordinates": [-82.50000000170101, 35.591666667240005]}, "properties": {"p_logistic": 0.47965919971466064, "p_rf": 0.8619999885559082, "p_xgb": 0.9918988943099976, "date": "2026-02-07"}}, {"type": "Feature", "geometry": {"type": "Point", "coordinates": [-82.49166666836803, 35.591666667240005]}, "properties": {"p_logistic": 0.48062705993652344, "p_rf": 0.8740000128746033, "p_xgb": 0.99298095703125, "date": "2026-02-07"}}, {"type": "Feature", "geometry": {"type": "Point", "coordinates": [-82.48333333503501, 35.591666667240005]}, "properties": {"p_logistic": 0.48237907886505127, "p_rf": 0.8960000276565552, "p_xgb": 0.9937883019447327, "date": "2026-02-07"}}, {"type": "Feature", "geometry": {"type": "Point", "coordinates": [-82.47500000170201, 35.591666667240005]}, "properties": {"p_logistic": 0.48465850949287415, "p_rf": 0.8939999938011169, "p_xgb": 0.9939053654670715, "date": "2026-02-07"}}, {"type": "Feature", "geometry": {"type": "Point", "coordinates": [-82.46666666836902, 35.591666667240005]}, "properties": {"p_logistic": 0.4877280592918396, "p_rf": 0.878000020980835, "p_xgb": 0.9895012974739075, "date": "2026-02-07"}}, {"type": "Feature", "geometry": {"type": "Point", "coordinates": [-82.45833333503602, 35.591666667240005]}, "properties": {"p_logistic": 0.4898184835910797, "p_rf": 0.8859999775886536, "p_xgb": 0.9911346435546875, "date": "2026-02-07"}}, {"type": "Feature", "geometry": {"type": "Point", "coordinates": [-82.45000000170302, 35.591666667240005]}, "properties": {"p_logistic": 0.49226105213165283, "p_rf": 0.9039999842643738, "p_xgb": 0.9913275837898254, "date": "2026-02-07"}}, {"type": "Feature", "geometry": {"type": "Point", "coordinates": [-82.44166666837002, 35.591666667240005]}, "properties": {"p_logistic": 0.4941086173057556, "p_rf": 0.9259999990463257, "p_xgb": 0.994838535785675, "date": "2026-02-07"}}, {"type": "Feature", "geometry": {"type": "Point", "coordinates": [-82.43333333503702, 35.591666667240005]}, "properties": {"p_logistic": 0.4962296485900879, "p_rf": 0.9380000233650208, "p_xgb": 0.9979165196418762, "date": "2026-02-07"}}, {"type": "Feature", "geometry": {"type": "Point", "coordinates": [-82.42500000170402, 35.591666667240005]}, "properties": {"p_logistic": 0.496992826461792, "p_rf": 0.9319999814033508, "p_xgb": 0.9977177381515503, "date": "2026-02-07"}}, {"type": "Feature", "geometry": {"type": "Point", "coordinates": [-82.41666666837102, 35.591666667240005]}, "properties": {"p_logistic": 0.49681568145751953, "p_rf": 0.9359999895095825, "p_xgb": 0.9968114495277405, "date": "2026-02-07"}}, {"type": "Feature", "geometry": {"type": "Point", "coordinates": [-82.40833333503801, 35.591666667240005]}, "properties": {"p_logistic": 0.49509358406066895, "p_rf": 0.8840000033378601, "p_xgb": 0.9968114495277405, "date": "2026-02-07"}}, {"type": "Feature", "geometry": {"type": "Point", "coordinates": [-82.40000000170502, 35.591666667240005]}, "properties": {"p_logistic": 0.4928038418292999, "p_rf": 0.8960000276565552, "p_xgb": 0.9973721504211426, "date": "2026-02-07"}}, {"type": "Feature", "geometry": {"type": "Point", "coordinates": [-82.39166666837201, 35.591666667240005]}, "properties": {"p_logistic": 0.490396648645401, "p_rf": 0.8939999938011169, "p_xgb": 0.9973721504211426, "date": "2026-02-07"}}, {"type": "Feature", "geometry": {"type": "Point", "coordinates": [-82.38333333503903, 35.591666667240005]}, "properties": {"p_logistic": 0.4891035556793213, "p_rf": 0.8799999952316284, "p_xgb": 0.9973721504211426, "date": "2026-02-07"}}, {"type": "Feature", "geometry": {"type": "Point", "coordinates": [-82.37500000170601, 35.591666667240005]}, "properties": {"p_logistic": 0.4881928861141205, "p_rf": 0.8899999856948853, "p_xgb": 0.997488260269165, "date": "2026-02-07"}}, {"type": "Feature", "geometry": {"type": "Point", "coordinates": [-82.36666666837301, 35.591666667240005]}, "properties": {"p_logistic": 0.48670247197151184, "p_rf": 0.9100000262260437, "p_xgb": 0.9974470138549805, "date": "2026-02-07"}}, {"type": "Feature", "geometry": {"type": "Point", "coordinates": [-82.35833333504002, 35.591666667240005]}, "properties": {"p_logistic": 0.4854832589626312, "p_rf": 0.8880000114440918, "p_xgb": 0.9956427812576294, "date": "2026-02-07"}}, {"type": "Feature", "geometry": {"type": "Point", "coordinates": [-82.35000000170702, 35.591666667240005]}, "properties": {"p_logistic": 0.4841552972793579, "p_rf": 0.7879999876022339, "p_xgb": 0.9945470094680786, "date": "2026-02-07"}}, {"type": "Feature", "geometry": {"type": "Point", "coordinates": [-82.34166666837402, 35.591666667240005]}, "properties": {"p_logistic": 0.48319685459136963, "p_rf": 0.7900000214576721, "p_xgb": 0.9945470094680786, "date": "2026-02-07"}}, {"type": "Feature", "geometry": {"type": "Point", "coordinates": [-82.33333333504102, 35.591666667240005]}, "properties": {"p_logistic": 0.48282405734062195, "p_rf": 0.7760000228881836, "p_xgb": 0.9944363832473755, "date": "2026-02-07"}}, {"type": "Feature", "geometry": {"type": "Point", "coordinates": [-82.32500000170802, 35.591666667240005]}, "properties": {"p_logistic": 0.48393934965133667, "p_rf": 0.7760000228881836, "p_xgb": 0.9942957758903503, "date": "2026-02-07"}}, {"type": "Feature", "geometry": {"type": "Point", "coordinates": [-82.31666666837502, 35.591666667240005]}, "properties": {"p_logistic": 0.48575595021247864, "p_rf": 0.7820000052452087, "p_xgb": 0.9934758543968201, "date": "2026-02-07"}}, {"type": "Feature", "geometry": {"type": "Point", "coordinates": [-82.30833333504202, 35.591666667240005]}, "properties": {"p_logistic": 0.4880695044994354, "p_rf": 0.7820000052452087, "p_xgb": 0.9860861301422119, "date": "2026-02-07"}}, {"type": "Feature", "geometry": {"type": "Point", "coordinates": [-82.30000000170901, 35.591666667240005]}, "properties": {"p_logistic": 0.48977455496788025, "p_rf": 0.7699999809265137, "p_xgb": 0.9833849668502808, "date": "2026-02-07"}}, {"type": "Feature", "geometry": {"type": "Point", "coordinates": [-82.29166666837602, 35.591666667240005]}, "properties": {"p_logistic": 0.49147874116897583, "p_rf": 0.7620000243186951, "p_xgb": 0.985000491142273, "date": "2026-02-07"}}, {"type": "Feature", "geometry": {"type": "Point", "coordinates": [-82.77500000169002, 35.58333333390701]}, "properties": {"p_logistic": 0.46258771419525146, "p_rf": 0.8519999980926514, "p_xgb": 0.9954302310943604, "date": "2026-02-07"}}, {"type": "Feature", "geometry": {"type": "Point", "coordinates": [-82.76666666835702, 35.58333333390701]}, "properties": {"p_logistic": 0.46382758021354675, "p_rf": 0.8199999928474426, "p_xgb": 0.9954302310943604, "date": "2026-02-07"}}, {"type": "Feature", "geometry": {"type": "Point", "coordinates": [-82.75833333502402, 35.58333333390701]}, "properties": {"p_logistic": 0.4648260176181793, "p_rf": 0.8159999847412109, "p_xgb": 0.9952646493911743, "date": "2026-02-07"}}, {"type": "Feature", "geometry": {"type": "Point", "coordinates": [-82.75000000169102, 35.58333333390701]}, "properties": {"p_logistic": 0.4657053053379059, "p_rf": 0.8220000267028809, "p_xgb": 0.9951282739639282, "date": "2026-02-07"}}, {"type": "Feature", "geometry": {"type": "Point", "coordinates": [-82.74166666835802, 35.58333333390701]}, "properties": {"p_logistic": 0.4663858413696289, "p_rf": 0.8700000047683716, "p_xgb": 0.9947445392608643, "date": "2026-02-07"}}, {"type": "Feature", "geometry": {"type": "Point", "coordinates": [-82.73333333502501, 35.58333333390701]}, "properties": {"p_logistic": 0.4673018753528595, "p_rf": 0.8560000061988831, "p_xgb": 0.9947445392608643, "date": "2026-02-07"}}, {"type": "Feature", "geometry": {"type": "Point", "coordinates": [-82.72500000169202, 35.58333333390701]}, "properties": {"p_logistic": 0.4678264856338501, "p_rf": 0.8539999723434448, "p_xgb": 0.9910804629325867, "date": "2026-02-07"}}, {"type": "Feature", "geometry": {"type": "Point", "coordinates": [-82.71666666835901, 35.58333333390701]}, "properties": {"p_logistic": 0.4681021273136139, "p_rf": 0.8299999833106995, "p_xgb": 0.9910804629325867, "date": "2026-02-07"}}, {"type": "Feature", "geometry": {"type": "Point", "coordinates": [-82.70833333502603, 35.58333333390701]}, "properties": {"p_logistic": 0.4683572053909302, "p_rf": 0.8320000171661377, "p_xgb": 0.990843653678894, "date": "2026-02-07"}}, {"type": "Feature", "geometry": {"type": "Point", "coordinates": [-82.70000000169301, 35.58333333390701]}, "properties": {"p_logistic": 0.4686576724052429, "p_rf": 0.8399999737739563, "p_xgb": 0.990843653678894, "date": "2026-02-07"}}, {"type": "Feature", "geometry": {"type": "Point", "coordinates": [-82.69166666836001, 35.58333333390701]}, "properties": {"p_logistic": 0.46838030219078064, "p_rf": 0.8619999885559082, "p_xgb": 0.9921966791152954, "date": "2026-02-07"}}, {"type": "Feature", "geometry": {"type": "Point", "coordinates": [-82.68333333502702, 35.58333333390701]}, "properties": {"p_logistic": 0.46859630942344666, "p_rf": 0.8100000023841858, "p_xgb": 0.9942442774772644, "date": "2026-02-07"}}, {"type": "Feature", "geometry": {"type": "Point", "coordinates": [-82.67500000169402, 35.58333333390701]}, "properties": {"p_logistic": 0.4682825207710266, "p_rf": 0.8159999847412109, "p_xgb": 0.9940788745880127, "date": "2026-02-07"}}, {"type": "Feature", "geometry": {"type": "Point", "coordinates": [-82.66666666836102, 35.58333333390701]}, "properties": {"p_logistic": 0.46808844804763794, "p_rf": 0.8759999871253967, "p_xgb": 0.9935864806175232, "date": "2026-02-07"}}, {"type": "Feature", "geometry": {"type": "Point", "coordinates": [-82.65833333502802, 35.58333333390701]}, "properties": {"p_logistic": 0.4678399860858917, "p_rf": 0.8619999885559082, "p_xgb": 0.9931254386901855, "date": "2026-02-07"}}, {"type": "Feature", "geometry": {"type": "Point", "coordinates": [-82.65000000169502, 35.58333333390701]}, "properties": {"p_logistic": 0.46806901693344116, "p_rf": 0.8600000143051147, "p_xgb": 0.9920263886451721, "date": "2026-02-07"}}, {"type": "Feature", "geometry": {"type": "Point", "coordinates": [-82.64166666836202, 35.58333333390701]}, "properties": {"p_logistic": 0.4682313799858093, "p_rf": 0.7419999837875366, "p_xgb": 0.9904906749725342, "date": "2026-02-07"}}, {"type": "Feature", "geometry": {"type": "Point", "coordinates": [-82.63333333502902, 35.58333333390701]}, "properties": {"p_logistic": 0.4681057929992676, "p_rf": 0.8019999861717224, "p_xgb": 0.9915516376495361, "date": "2026-02-07"}}, {"type": "Feature", "geometry": {"type": "Point", "coordinates": [-82.62500000169601, 35.58333333390701]}, "properties": {"p_logistic": 0.4679142236709595, "p_rf": 0.828000009059906, "p_xgb": 0.9919203519821167, "date": "2026-02-07"}}, {"type": "Feature", "geometry": {"type": "Point", "coordinates": [-82.61666666836302, 35.58333333390701]}, "properties": {"p_logistic": 0.467985600233078, "p_rf": 0.8299999833106995, "p_xgb": 0.9919203519821167, "date": "2026-02-07"}}, {"type": "Feature", "geometry": {"type": "Point", "coordinates": [-82.60833333503001, 35.58333333390701]}, "properties": {"p_logistic": 0.4682657718658447, "p_rf": 0.8299999833106995, "p_xgb": 0.9919203519821167, "date": "2026-02-07"}}, {"type": "Feature", "geometry": {"type": "Point", "coordinates": [-82.60000000169703, 35.58333333390701]}, "properties": {"p_logistic": 0.4684537351131439, "p_rf": 0.8299999833106995, "p_xgb": 0.9919203519821167, "date": "2026-02-07"}}, {"type": "Feature", "geometry": {"type": "Point", "coordinates": [-82.59166666836401, 35.58333333390701]}, "properties": {"p_logistic": 0.46834224462509155, "p_rf": 0.8220000267028809, "p_xgb": 0.9919203519821167, "date": "2026-02-07"}}, {"type": "Feature", "geometry": {"type": "Point", "coordinates": [-82.58333333503101, 35.58333333390701]}, "properties": {"p_logistic": 0.4680692255496979, "p_rf": 0.8040000200271606, "p_xgb": 0.9919203519821167, "date": "2026-02-07"}}, {"type": "Feature", "geometry": {"type": "Point", "coordinates": [-82.57500000169802, 35.58333333390701]}, "properties": {"p_logistic": 0.4685441851615906, "p_rf": 0.7620000243186951, "p_xgb": 0.9890264868736267, "date": "2026-02-07"}}, {"type": "Feature", "geometry": {"type": "Point", "coordinates": [-82.56666666836502, 35.58333333390701]}, "properties": {"p_logistic": 0.4693661034107208, "p_rf": 0.7400000095367432, "p_xgb": 0.9889757633209229, "date": "2026-02-07"}}, {"type": "Feature", "geometry": {"type": "Point", "coordinates": [-82.55833333503202, 35.58333333390701]}, "properties": {"p_logistic": 0.47046804428100586, "p_rf": 0.8460000157356262, "p_xgb": 0.9898272752761841, "date": "2026-02-07"}}, {"type": "Feature", "geometry": {"type": "Point", "coordinates": [-82.55000000169902, 35.58333333390701]}, "properties": {"p_logistic": 0.4727133512496948, "p_rf": 0.8700000047683716, "p_xgb": 0.9922332763671875, "date": "2026-02-07"}}, {"type": "Feature", "geometry": {"type": "Point", "coordinates": [-82.54166666836602, 35.58333333390701]}, "properties": {"p_logistic": 0.47477540373802185, "p_rf": 0.8579999804496765, "p_xgb": 0.9949671626091003, "date": "2026-02-07"}}, {"type": "Feature", "geometry": {"type": "Point", "coordinates": [-82.53333333503302, 35.58333333390701]}, "properties": {"p_logistic": 0.47632601857185364, "p_rf": 0.8840000033378601, "p_xgb": 0.9962877035140991, "date": "2026-02-07"}}, {"type": "Feature", "geometry": {"type": "Point", "coordinates": [-82.52500000170002, 35.58333333390701]}, "properties": {"p_logistic": 0.47697365283966064, "p_rf": 0.8880000114440918, "p_xgb": 0.995993971824646, "date": "2026-02-07"}}, {"type": "Feature", "geometry": {"type": "Point", "coordinates": [-82.51666666836701, 35.58333333390701]}, "properties": {"p_logistic": 0.478292316198349, "p_rf": 0.8980000019073486, "p_xgb": 0.9930134415626526, "date": "2026-02-07"}}, {"type": "Feature", "geometry": {"type": "Point", "coordinates": [-82.50833333503402, 35.58333333390701]}, "properties": {"p_logistic": 0.4797503352165222, "p_rf": 0.8640000224113464, "p_xgb": 0.9909334182739258, "date": "2026-02-07"}}, {"type": "Feature", "geometry": {"type": "Point", "coordinates": [-82.50000000170101, 35.58333333390701]}, "properties": {"p_logistic": 0.48047780990600586, "p_rf": 0.871999979019165, "p_xgb": 0.9925325512886047, "date": "2026-02-07"}}, {"type": "Feature", "geometry": {"type": "Point", "coordinates": [-82.49166666836803, 35.58333333390701]}, "properties": {"p_logistic": 0.48137468099594116, "p_rf": 0.8820000290870667, "p_xgb": 0.9932017922401428, "date": "2026-02-07"}}, {"type": "Feature", "geometry": {"type": "Point", "coordinates": [-82.48333333503501, 35.58333333390701]}, "properties": {"p_logistic": 0.4822070300579071, "p_rf": 0.8899999856948853, "p_xgb": 0.9935293793678284, "date": "2026-02-07"}}, {"type": "Feature", "geometry": {"type": "Point", "coordinates": [-82.47500000170201, 35.58333333390701]}, "properties": {"p_logistic": 0.48490649461746216, "p_rf": 0.878000020980835, "p_xgb": 0.9895012974739075, "date": "2026-02-07"}}, {"type": "Feature", "geometry": {"type": "Point", "coordinates": [-82.46666666836902, 35.58333333390701]}, "properties": {"p_logistic": 0.48965707421302795, "p_rf": 0.8939999938011169, "p_xgb": 0.9911346435546875, "date": "2026-02-07"}}, {"type": "Feature", "geometry": {"type": "Point", "coordinates": [-82.45833333503602, 35.58333333390701]}, "properties": {"p_logistic": 0.49249911308288574, "p_rf": 0.9279999732971191, "p_xgb": 0.9937927722930908, "date": "2026-02-07"}}, {"type": "Feature", "geometry": {"type": "Point", "coordinates": [-82.45000000170302, 35.58333333390701]}, "properties": {"p_logistic": 0.49453964829444885, "p_rf": 0.9240000247955322, "p_xgb": 0.9973194003105164, "date": "2026-02-07"}}, {"type": "Feature", "geometry": {"type": "Point", "coordinates": [-82.44166666837002, 35.58333333390701]}, "properties": {"p_logistic": 0.49662449955940247, "p_rf": 0.9380000233650208, "p_xgb": 0.9971606731414795, "date": "2026-02-07"}}, {"type": "Feature", "geometry": {"type": "Point", "coordinates": [-82.43333333503702, 35.58333333390701]}, "properties": {"p_logistic": 0.4984511435031891, "p_rf": 0.9319999814033508, "p_xgb": 0.9945604205131531, "date": "2026-02-07"}}, {"type": "Feature", "geometry": {"type": "Point", "coordinates": [-82.42500000170402, 35.58333333390701]}, "properties": {"p_logistic": 0.49824559688568115, "p_rf": 0.8560000061988831, "p_xgb": 0.9945604205131531, "date": "2026-02-07"}}, {"type": "Feature", "geometry": {"type": "Point", "coordinates": [-82.41666666837102, 35.58333333390701]}, "properties": {"p_logistic": 0.4970042109489441, "p_rf": 0.8579999804496765, "p_xgb": 0.9945604205131531, "date": "2026-02-07"}}, {"type": "Feature", "geometry": {"type": "Point", "coordinates": [-82.40833333503801, 35.58333333390701]}, "properties": {"p_logistic": 0.49488121271133423, "p_rf": 0.8759999871253967, "p_xgb": 0.9947125911712646, "date": "2026-02-07"}}, {"type": "Feature", "geometry": {"type": "Point", "coordinates": [-82.40000000170502, 35.58333333390701]}, "properties": {"p_logistic": 0.4921233654022217, "p_rf": 0.8939999938011169, "p_xgb": 0.9947125911712646, "date": "2026-02-07"}}, {"type": "Feature", "geometry": {"type": "Point", "coordinates": [-82.39166666837201, 35.58333333390701]}, "properties": {"p_logistic": 0.4893614947795868, "p_rf": 0.8820000290870667, "p_xgb": 0.9950245022773743, "date": "2026-02-07"}}, {"type": "Feature", "geometry": {"type": "Point", "coordinates": [-82.38333333503903, 35.58333333390701]}, "properties": {"p_logistic": 0.48781052231788635, "p_rf": 0.8880000114440918, "p_xgb": 0.9956427812576294, "date": "2026-02-07"}}, {"type": "Feature", "geometry": {"type": "Point", "coordinates": [-82.37500000170601, 35.58333333390701]}, "properties": {"p_logistic": 0.48633360862731934, "p_rf": 0.8880000114440918, "p_xgb": 0.9956427812576294, "date": "2026-02-07"}}, {"type": "Feature", "geometry": {"type": "Point", "coordinates": [-82.36666666837301, 35.58333333390701]}, "properties": {"p_logistic": 0.4855438768863678, "p_rf": 0.8700000047683716, "p_xgb": 0.9957782030105591, "date": "2026-02-07"}}, {"type": "Feature", "geometry": {"type": "Point", "coordinates": [-82.35833333504002, 35.58333333390701]}, "properties": {"p_logistic": 0.48504164814949036, "p_rf": 0.8379999995231628, "p_xgb": 0.9956256151199341, "date": "2026-02-07"}}, {"type": "Feature", "geometry": {"type": "Point", "coordinates": [-82.35000000170702, 35.58333333390701]}, "properties": {"p_logistic": 0.4843612313270569, "p_rf": 0.7960000038146973, "p_xgb": 0.9952884912490845, "date": "2026-02-07"}}, {"type": "Feature", "geometry": {"type": "Point", "coordinates": [-82.34166666837402, 35.58333333390701]}, "properties": {"p_logistic": 0.48415490984916687, "p_rf": 0.7799999713897705, "p_xgb": 0.9937629103660583, "date": "2026-02-07"}}, {"type": "Feature", "geometry": {"type": "Point", "coordinates": [-82.33333333504102, 35.58333333390701]}, "properties": {"p_logistic": 0.4839268624782562, "p_rf": 0.7900000214576721, "p_xgb": 0.9894493222236633, "date": "2026-02-07"}}, {"type": "Feature", "geometry": {"type": "Point", "coordinates": [-82.32500000170802, 35.58333333390701]}, "properties": {"p_logistic": 0.48528844118118286, "p_rf": 0.7879999876022339, "p_xgb": 0.9894493222236633, "date": "2026-02-07"}}, {"type": "Feature", "geometry": {"type": "Point", "coordinates": [-82.31666666837502, 35.58333333390701]}, "properties": {"p_logistic": 0.48708784580230713, "p_rf": 0.7680000066757202, "p_xgb": 0.985639214515686, "date": "2026-02-07"}}, {"type": "Feature", "geometry": {"type": "Point", "coordinates": [-82.30833333504202, 35.58333333390701]}, "properties": {"p_logistic": 0.4891561269760132, "p_rf": 0.7559999823570251, "p_xgb": 0.9873561859130859, "date": "2026-02-07"}}, {"type": "Feature", "geometry": {"type": "Point", "coordinates": [-82.30000000170901, 35.58333333390701]}, "properties": {"p_logistic": 0.4902458190917969, "p_rf": 0.7360000014305115, "p_xgb": 0.9853485226631165, "date": "2026-02-07"}}, {"type": "Feature", "geometry": {"type": "Point", "coordinates": [-82.29166666837602, 35.58333333390701]}, "properties": {"p_logistic": 0.49103742837905884, "p_rf": 0.7379999756813049, "p_xgb": 0.9853485226631165, "date": "2026-02-07"}}, {"type": "Feature", "geometry": {"type": "Point", "coordinates": [-82.28333333504301, 35.58333333390701]}, "properties": {"p_logistic": 0.4918159544467926, "p_rf": 0.7279999852180481, "p_xgb": 0.9853737354278564, "date": "2026-02-07"}}, {"type": "Feature", "geometry": {"type": "Point", "coordinates": [-82.76666666835702, 35.57500000057401]}, "properties": {"p_logistic": 0.4642404615879059, "p_rf": 0.8159999847412109, "p_xgb": 0.9954302310943604, "date": "2026-02-07"}}, {"type": "Feature", "geometry": {"type": "Point", "coordinates": [-82.75833333502402, 35.57500000057401]}, "properties": {"p_logistic": 0.4653865396976471, "p_rf": 0.8220000267028809, "p_xgb": 0.9951282739639282, "date": "2026-02-07"}}, {"type": "Feature", "geometry": {"type": "Point", "coordinates": [-82.75000000169102, 35.57500000057401]}, "properties": {"p_logistic": 0.46660223603248596, "p_rf": 0.8840000033378601, "p_xgb": 0.9951282739639282, "date": "2026-02-07"}}, {"type": "Feature", "geometry": {"type": "Point", "coordinates": [-82.74166666835802, 35.57500000057401]}, "properties": {"p_logistic": 0.467218816280365, "p_rf": 0.8840000033378601, "p_xgb": 0.9948843121528625, "date": "2026-02-07"}}, {"type": "Feature", "geometry": {"type": "Point", "coordinates": [-82.73333333502501, 35.57500000057401]}, "properties": {"p_logistic": 0.4675915241241455, "p_rf": 0.8640000224113464, "p_xgb": 0.9927024841308594, "date": "2026-02-07"}}, {"type": "Feature", "geometry": {"type": "Point", "coordinates": [-82.72500000169202, 35.57500000057401]}, "properties": {"p_logistic": 0.468010812997818, "p_rf": 0.8659999966621399, "p_xgb": 0.9927024841308594, "date": "2026-02-07"}}, {"type": "Feature", "geometry": {"type": "Point", "coordinates": [-82.71666666835901, 35.57500000057401]}, "properties": {"p_logistic": 0.46816179156303406, "p_rf": 0.8500000238418579, "p_xgb": 0.9923416376113892, "date": "2026-02-07"}}, {"type": "Feature", "geometry": {"type": "Point", "coordinates": [-82.70833333502603, 35.57500000057401]}, "properties": {"p_logistic": 0.46810153126716614, "p_rf": 0.8539999723434448, "p_xgb": 0.9911184906959534, "date": "2026-02-07"}}, {"type": "Feature", "geometry": {"type": "Point", "coordinates": [-82.70000000169301, 35.57500000057401]}, "properties": {"p_logistic": 0.4681277871131897, "p_rf": 0.8479999899864197, "p_xgb": 0.9902280569076538, "date": "2026-02-07"}}, {"type": "Feature", "geometry": {"type": "Point", "coordinates": [-82.69166666836001, 35.57500000057401]}, "properties": {"p_logistic": 0.4675902724266052, "p_rf": 0.8560000061988831, "p_xgb": 0.990568220615387, "date": "2026-02-07"}}, {"type": "Feature", "geometry": {"type": "Point", "coordinates": [-82.68333333502702, 35.57500000057401]}, "properties": {"p_logistic": 0.46783509850502014, "p_rf": 0.8600000143051147, "p_xgb": 0.9901812672615051, "date": "2026-02-07"}}, {"type": "Feature", "geometry": {"type": "Point", "coordinates": [-82.67500000169402, 35.57500000057401]}, "properties": {"p_logistic": 0.4677508771419525, "p_rf": 0.8640000224113464, "p_xgb": 0.9920263886451721, "date": "2026-02-07"}}, {"type": "Feature", "geometry": {"type": "Point", "coordinates": [-82.66666666836102, 35.57500000057401]}, "properties": {"p_logistic": 0.46764981746673584, "p_rf": 0.8700000047683716, "p_xgb": 0.9920263886451721, "date": "2026-02-07"}}, {"type": "Feature", "geometry": {"type": "Point", "coordinates": [-82.65833333502802, 35.57500000057401]}, "properties": {"p_logistic": 0.4676179885864258, "p_rf": 0.8659999966621399, "p_xgb": 0.9920263886451721, "date": "2026-02-07"}}, {"type": "Feature", "geometry": {"type": "Point", "coordinates": [-82.65000000169502, 35.57500000057401]}, "properties": {"p_logistic": 0.46799343824386597, "p_rf": 0.8059999942779541, "p_xgb": 0.9904196858406067, "date": "2026-02-07"}}, {"type": "Feature", "geometry": {"type": "Point", "coordinates": [-82.64166666836202, 35.57500000057401]}, "properties": {"p_logistic": 0.468082457780838, "p_rf": 0.7699999809265137, "p_xgb": 0.9895039796829224, "date": "2026-02-07"}}, {"type": "Feature", "geometry": {"type": "Point", "coordinates": [-82.63333333502902, 35.57500000057401]}, "properties": {"p_logistic": 0.4681479334831238, "p_rf": 0.8180000185966492, "p_xgb": 0.9906739592552185, "date": "2026-02-07"}}, {"type": "Feature", "geometry": {"type": "Point", "coordinates": [-82.62500000169601, 35.57500000057401]}, "properties": {"p_logistic": 0.4678528606891632, "p_rf": 0.8320000171661377, "p_xgb": 0.9910805821418762, "date": "2026-02-07"}}, {"type": "Feature", "geometry": {"type": "Point", "coordinates": [-82.61666666836302, 35.57500000057401]}, "properties": {"p_logistic": 0.46814924478530884, "p_rf": 0.828000009059906, "p_xgb": 0.9910805821418762, "date": "2026-02-07"}}, {"type": "Feature", "geometry": {"type": "Point", "coordinates": [-82.60833333503001, 35.57500000057401]}, "properties": {"p_logistic": 0.46827608346939087, "p_rf": 0.8119999766349792, "p_xgb": 0.9916903972625732, "date": "2026-02-07"}}, {"type": "Feature", "geometry": {"type": "Point", "coordinates": [-82.60000000169703, 35.57500000057401]}, "properties": {"p_logistic": 0.4682144522666931, "p_rf": 0.8199999928474426, "p_xgb": 0.9919203519821167, "date": "2026-02-07"}}, {"type": "Feature", "geometry": {"type": "Point", "coordinates": [-82.59166666836401, 35.57500000057401]}, "properties": {"p_logistic": 0.4681118130683899, "p_rf": 0.8299999833106995, "p_xgb": 0.9919203519821167, "date": "2026-02-07"}}, {"type": "Feature", "geometry": {"type": "Point", "coordinates": [-82.58333333503101, 35.57500000057401]}, "properties": {"p_logistic": 0.4679330289363861, "p_rf": 0.8019999861717224, "p_xgb": 0.9919203519821167, "date": "2026-02-07"}}, {"type": "Feature", "geometry": {"type": "Point", "coordinates": [-82.57500000169802, 35.57500000057401]}, "properties": {"p_logistic": 0.46874964237213135, "p_rf": 0.7639999985694885, "p_xgb": 0.9890264868736267, "date": "2026-02-07"}}, {"type": "Feature", "geometry": {"type": "Point", "coordinates": [-82.56666666836502, 35.57500000057401]}, "properties": {"p_logistic": 0.4697656035423279, "p_rf": 0.8080000281333923, "p_xgb": 0.9906843900680542, "date": "2026-02-07"}}, {"type": "Feature", "geometry": {"type": "Point", "coordinates": [-82.55833333503202, 35.57500000057401]}, "properties": {"p_logistic": 0.4712498188018799, "p_rf": 0.8659999966621399, "p_xgb": 0.9920268654823303, "date": "2026-02-07"}}, {"type": "Feature", "geometry": {"type": "Point", "coordinates": [-82.55000000169902, 35.57500000057401]}, "properties": {"p_logistic": 0.47365036606788635, "p_rf": 0.8880000114440918, "p_xgb": 0.9949275255203247, "date": "2026-02-07"}}, {"type": "Feature", "geometry": {"type": "Point", "coordinates": [-82.54166666836602, 35.57500000057401]}, "properties": {"p_logistic": 0.47583410143852234, "p_rf": 0.8840000033378601, "p_xgb": 0.995993971824646, "date": "2026-02-07"}}, {"type": "Feature", "geometry": {"type": "Point", "coordinates": [-82.53333333503302, 35.57500000057401]}, "properties": {"p_logistic": 0.4775055944919586, "p_rf": 0.8500000238418579, "p_xgb": 0.996513307094574, "date": "2026-02-07"}}, {"type": "Feature", "geometry": {"type": "Point", "coordinates": [-82.52500000170002, 35.57500000057401]}, "properties": {"p_logistic": 0.47863447666168213, "p_rf": 0.8799999952316284, "p_xgb": 0.9957382678985596, "date": "2026-02-07"}}, {"type": "Feature", "geometry": {"type": "Point", "coordinates": [-82.51666666836701, 35.57500000057401]}, "properties": {"p_logistic": 0.47976744174957275, "p_rf": 0.8659999966621399, "p_xgb": 0.993959903717041, "date": "2026-02-07"}}, {"type": "Feature", "geometry": {"type": "Point", "coordinates": [-82.50833333503402, 35.57500000057401]}, "properties": {"p_logistic": 0.48147672414779663, "p_rf": 0.9020000100135803, "p_xgb": 0.9925325512886047, "date": "2026-02-07"}}, {"type": "Feature", "geometry": {"type": "Point", "coordinates": [-82.50000000170101, 35.57500000057401]}, "properties": {"p_logistic": 0.4826728403568268, "p_rf": 0.8960000276565552, "p_xgb": 0.9937883019447327, "date": "2026-02-07"}}, {"type": "Feature", "geometry": {"type": "Point", "coordinates": [-82.49166666836803, 35.57500000057401]}, "properties": {"p_logistic": 0.4827222526073456, "p_rf": 0.8939999938011169, "p_xgb": 0.9926837086677551, "date": "2026-02-07"}}, {"type": "Feature", "geometry": {"type": "Point", "coordinates": [-82.48333333503501, 35.57500000057401]}, "properties": {"p_logistic": 0.4836772084236145, "p_rf": 0.8799999952316284, "p_xgb": 0.986932098865509, "date": "2026-02-07"}}, {"type": "Feature", "geometry": {"type": "Point", "coordinates": [-82.47500000170201, 35.57500000057401]}, "properties": {"p_logistic": 0.4865608811378479, "p_rf": 0.8840000033378601, "p_xgb": 0.9907982349395752, "date": "2026-02-07"}}, {"type": "Feature", "geometry": {"type": "Point", "coordinates": [-82.46666666836902, 35.57500000057401]}, "properties": {"p_logistic": 0.49186253547668457, "p_rf": 0.9279999732971191, "p_xgb": 0.9965908527374268, "date": "2026-02-07"}}, {"type": "Feature", "geometry": {"type": "Point", "coordinates": [-82.45833333503602, 35.57500000057401]}, "properties": {"p_logistic": 0.4949280023574829, "p_rf": 0.9240000247955322, "p_xgb": 0.9960676431655884, "date": "2026-02-07"}}, {"type": "Feature", "geometry": {"type": "Point", "coordinates": [-82.45000000170302, 35.57500000057401]}, "properties": {"p_logistic": 0.49642041325569153, "p_rf": 0.9139999747276306, "p_xgb": 0.9942881464958191, "date": "2026-02-07"}}, {"type": "Feature", "geometry": {"type": "Point", "coordinates": [-82.44166666837002, 35.57500000057401]}, "properties": {"p_logistic": 0.4981333315372467, "p_rf": 0.8899999856948853, "p_xgb": 0.9945604205131531, "date": "2026-02-07"}}, {"type": "Feature", "geometry": {"type": "Point", "coordinates": [-82.43333333503702, 35.57500000057401]}, "properties": {"p_logistic": 0.4994313418865204, "p_rf": 0.8339999914169312, "p_xgb": 0.9947125911712646, "date": "2026-02-07"}}, {"type": "Feature", "geometry": {"type": "Point", "coordinates": [-82.42500000170402, 35.57500000057401]}, "properties": {"p_logistic": 0.49902206659317017, "p_rf": 0.8399999737739563, "p_xgb": 0.9950245022773743, "date": "2026-02-07"}}, {"type": "Feature", "geometry": {"type": "Point", "coordinates": [-82.41666666837102, 35.57500000057401]}, "properties": {"p_logistic": 0.49781253933906555, "p_rf": 0.8679999709129333, "p_xgb": 0.9954417943954468, "date": "2026-02-07"}}, {"type": "Feature", "geometry": {"type": "Point", "coordinates": [-82.40833333503801, 35.57500000057401]}, "properties": {"p_logistic": 0.49549126625061035, "p_rf": 0.8679999709129333, "p_xgb": 0.9954417943954468, "date": "2026-02-07"}}, {"type": "Feature", "geometry": {"type": "Point", "coordinates": [-82.40000000170502, 35.57500000057401]}, "properties": {"p_logistic": 0.49246183037757874, "p_rf": 0.8519999980926514, "p_xgb": 0.9954417943954468, "date": "2026-02-07"}}, {"type": "Feature", "geometry": {"type": "Point", "coordinates": [-82.39166666837201, 35.57500000057401]}, "properties": {"p_logistic": 0.4890660345554352, "p_rf": 0.8539999723434448, "p_xgb": 0.9957782030105591, "date": "2026-02-07"}}, {"type": "Feature", "geometry": {"type": "Point", "coordinates": [-82.38333333503903, 35.57500000057401]}, "properties": {"p_logistic": 0.48700597882270813, "p_rf": 0.7799999713897705, "p_xgb": 0.9959476590156555, "date": "2026-02-07"}}, {"type": "Feature", "geometry": {"type": "Point", "coordinates": [-82.37500000170601, 35.57500000057401]}, "properties": {"p_logistic": 0.48583200573921204, "p_rf": 0.7919999957084656, "p_xgb": 0.9956256151199341, "date": "2026-02-07"}}, {"type": "Feature", "geometry": {"type": "Point", "coordinates": [-82.36666666837301, 35.57500000057401]}, "properties": {"p_logistic": 0.4850080907344818, "p_rf": 0.7900000214576721, "p_xgb": 0.9956256151199341, "date": "2026-02-07"}}, {"type": "Feature", "geometry": {"type": "Point", "coordinates": [-82.35833333504002, 35.57500000057401]}, "properties": {"p_logistic": 0.4853530526161194, "p_rf": 0.7839999794960022, "p_xgb": 0.9948052763938904, "date": "2026-02-07"}}, {"type": "Feature", "geometry": {"type": "Point", "coordinates": [-82.35000000170702, 35.57500000057401]}, "properties": {"p_logistic": 0.4851332902908325, "p_rf": 0.777999997138977, "p_xgb": 0.9908627271652222, "date": "2026-02-07"}}, {"type": "Feature", "geometry": {"type": "Point", "coordinates": [-82.34166666837402, 35.57500000057401]}, "properties": {"p_logistic": 0.48497819900512695, "p_rf": 0.7480000257492065, "p_xgb": 0.9877679944038391, "date": "2026-02-07"}}, {"type": "Feature", "geometry": {"type": "Point", "coordinates": [-82.33333333504102, 35.57500000057401]}, "properties": {"p_logistic": 0.4851420819759369, "p_rf": 0.7540000081062317, "p_xgb": 0.9877679944038391, "date": "2026-02-07"}}, {"type": "Feature", "geometry": {"type": "Point", "coordinates": [-82.32500000170802, 35.57500000057401]}, "properties": {"p_logistic": 0.4859602451324463, "p_rf": 0.7639999985694885, "p_xgb": 0.9907015562057495, "date": "2026-02-07"}}, {"type": "Feature", "geometry": {"type": "Point", "coordinates": [-82.31666666837502, 35.57500000057401]}, "properties": {"p_logistic": 0.48849332332611084, "p_rf": 0.7379999756813049, "p_xgb": 0.9887092709541321, "date": "2026-02-07"}}, {"type": "Feature", "geometry": {"type": "Point", "coordinates": [-82.30833333504202, 35.57500000057401]}, "properties": {"p_logistic": 0.49023082852363586, "p_rf": 0.7319999933242798, "p_xgb": 0.9853737354278564, "date": "2026-02-07"}}, {"type": "Feature", "geometry": {"type": "Point", "coordinates": [-82.30000000170901, 35.57500000057401]}, "properties": {"p_logistic": 0.4908508360385895, "p_rf": 0.7260000109672546, "p_xgb": 0.983916699886322, "date": "2026-02-07"}}, {"type": "Feature", "geometry": {"type": "Point", "coordinates": [-82.29166666837602, 35.57500000057401]}, "properties": {"p_logistic": 0.49142298102378845, "p_rf": 0.7099999785423279, "p_xgb": 0.9834592938423157, "date": "2026-02-07"}}, {"type": "Feature", "geometry": {"type": "Point", "coordinates": [-82.28333333504301, 35.57500000057401]}, "properties": {"p_logistic": 0.4925747215747833, "p_rf": 0.75, "p_xgb": 0.9869023561477661, "date": "2026-02-07"}}, {"type": "Feature", "geometry": {"type": "Point", "coordinates": [-82.27500000171003, 35.57500000057401]}, "properties": {"p_logistic": 0.49353712797164917, "p_rf": 0.7459999918937683, "p_xgb": 0.9869023561477661, "date": "2026-02-07"}}, {"type": "Feature", "geometry": {"type": "Point", "coordinates": [-82.76666666835702, 35.566666667241]}, "properties": {"p_logistic": 0.46489113569259644, "p_rf": 0.8199999928474426, "p_xgb": 0.9950693845748901, "date": "2026-02-07"}}, {"type": "Feature", "geometry": {"type": "Point", "coordinates": [-82.75833333502402, 35.566666667241]}, "properties": {"p_logistic": 0.46567070484161377, "p_rf": 0.8339999914169312, "p_xgb": 0.9949275255203247, "date": "2026-02-07"}}, {"type": "Feature", "geometry": {"type": "Point", "coordinates": [-82.75000000169102, 35.566666667241]}, "properties": {"p_logistic": 0.46664008498191833, "p_rf": 0.8799999952316284, "p_xgb": 0.9949275255203247, "date": "2026-02-07"}}, {"type": "Feature", "geometry": {"type": "Point", "coordinates": [-82.74166666835802, 35.566666667241]}, "properties": {"p_logistic": 0.46722954511642456, "p_rf": 0.878000020980835, "p_xgb": 0.9946734309196472, "date": "2026-02-07"}}, {"type": "Feature", "geometry": {"type": "Point", "coordinates": [-82.73333333502501, 35.566666667241]}, "properties": {"p_logistic": 0.46780940890312195, "p_rf": 0.8700000047683716, "p_xgb": 0.9924024343490601, "date": "2026-02-07"}}, {"type": "Feature", "geometry": {"type": "Point", "coordinates": [-82.72500000169202, 35.566666667241]}, "properties": {"p_logistic": 0.4682430922985077, "p_rf": 0.8600000143051147, "p_xgb": 0.9922332763671875, "date": "2026-02-07"}}, {"type": "Feature", "geometry": {"type": "Point", "coordinates": [-82.71666666835901, 35.566666667241]}, "properties": {"p_logistic": 0.4684094488620758, "p_rf": 0.8619999885559082, "p_xgb": 0.9907538890838623, "date": "2026-02-07"}}, {"type": "Feature", "geometry": {"type": "Point", "coordinates": [-82.70833333502603, 35.566666667241]}, "properties": {"p_logistic": 0.46830037236213684, "p_rf": 0.8379999995231628, "p_xgb": 0.9895756244659424, "date": "2026-02-07"}}, {"type": "Feature", "geometry": {"type": "Point", "coordinates": [-82.70000000169301, 35.566666667241]}, "properties": {"p_logistic": 0.46827515959739685, "p_rf": 0.734000027179718, "p_xgb": 0.9893591403961182, "date": "2026-02-07"}}, {"type": "Feature", "geometry": {"type": "Point", "coordinates": [-82.69166666836001, 35.566666667241]}, "properties": {"p_logistic": 0.4682806730270386, "p_rf": 0.7400000095367432, "p_xgb": 0.9904906749725342, "date": "2026-02-07"}}, {"type": "Feature", "geometry": {"type": "Point", "coordinates": [-82.68333333502702, 35.566666667241]}, "properties": {"p_logistic": 0.4678775370121002, "p_rf": 0.7419999837875366, "p_xgb": 0.9904906749725342, "date": "2026-02-07"}}, {"type": "Feature", "geometry": {"type": "Point", "coordinates": [-82.67500000169402, 35.566666667241]}, "properties": {"p_logistic": 0.46760857105255127, "p_rf": 0.843999981880188, "p_xgb": 0.9906843900680542, "date": "2026-02-07"}}, {"type": "Feature", "geometry": {"type": "Point", "coordinates": [-82.66666666836102, 35.566666667241]}, "properties": {"p_logistic": 0.46770521998405457, "p_rf": 0.8500000238418579, "p_xgb": 0.9920263886451721, "date": "2026-02-07"}}, {"type": "Feature", "geometry": {"type": "Point", "coordinates": [-82.65833333502802, 35.566666667241]}, "properties": {"p_logistic": 0.4675469696521759, "p_rf": 0.8420000076293945, "p_xgb": 0.9912927746772766, "date": "2026-02-07"}}, {"type": "Feature", "geometry": {"type": "Point", "coordinates": [-82.65000000169502, 35.566666667241]}, "properties": {"p_logistic": 0.4676941931247711, "p_rf": 0.75, "p_xgb": 0.9904597997665405, "date": "2026-02-07"}}, {"type": "Feature", "geometry": {"type": "Point", "coordinates": [-82.64166666836202, 35.566666667241]}, "properties": {"p_logistic": 0.46771636605262756, "p_rf": 0.7879999876022339, "p_xgb": 0.9895039796829224, "date": "2026-02-07"}}, {"type": "Feature", "geometry": {"type": "Point", "coordinates": [-82.63333333502902, 35.566666667241]}, "properties": {"p_logistic": 0.4674559235572815, "p_rf": 0.8259999752044678, "p_xgb": 0.9906739592552185, "date": "2026-02-07"}}, {"type": "Feature", "geometry": {"type": "Point", "coordinates": [-82.62500000169601, 35.566666667241]}, "properties": {"p_logistic": 0.4672090411186218, "p_rf": 0.8379999995231628, "p_xgb": 0.9910805821418762, "date": "2026-02-07"}}, {"type": "Feature", "geometry": {"type": "Point", "coordinates": [-82.61666666836302, 35.566666667241]}, "properties": {"p_logistic": 0.4676450788974762, "p_rf": 0.8240000009536743, "p_xgb": 0.9910805821418762, "date": "2026-02-07"}}, {"type": "Feature", "geometry": {"type": "Point", "coordinates": [-82.60833333503001, 35.566666667241]}, "properties": {"p_logistic": 0.4677254259586334, "p_rf": 0.8159999847412109, "p_xgb": 0.9910805821418762, "date": "2026-02-07"}}, {"type": "Feature", "geometry": {"type": "Point", "coordinates": [-82.60000000169703, 35.566666667241]}, "properties": {"p_logistic": 0.46763670444488525, "p_rf": 0.8220000267028809, "p_xgb": 0.9910805821418762, "date": "2026-02-07"}}, {"type": "Feature", "geometry": {"type": "Point", "coordinates": [-82.59166666836401, 35.566666667241]}, "properties": {"p_logistic": 0.4674014449119568, "p_rf": 0.8339999914169312, "p_xgb": 0.9916903972625732, "date": "2026-02-07"}}, {"type": "Feature", "geometry": {"type": "Point", "coordinates": [-82.58333333503101, 35.566666667241]}, "properties": {"p_logistic": 0.467498242855072, "p_rf": 0.8159999847412109, "p_xgb": 0.9919203519821167, "date": "2026-02-07"}}, {"type": "Feature", "geometry": {"type": "Point", "coordinates": [-82.57500000169802, 35.566666667241]}, "properties": {"p_logistic": 0.46845585107803345, "p_rf": 0.7639999985694885, "p_xgb": 0.9904906749725342, "date": "2026-02-07"}}, {"type": "Feature", "geometry": {"type": "Point", "coordinates": [-82.56666666836502, 35.566666667241]}, "properties": {"p_logistic": 0.4697742462158203, "p_rf": 0.843999981880188, "p_xgb": 0.9915335774421692, "date": "2026-02-07"}}, {"type": "Feature", "geometry": {"type": "Point", "coordinates": [-82.55833333503202, 35.566666667241]}, "properties": {"p_logistic": 0.47157803177833557, "p_rf": 0.8659999966621399, "p_xgb": 0.9925042390823364, "date": "2026-02-07"}}, {"type": "Feature", "geometry": {"type": "Point", "coordinates": [-82.55000000169902, 35.566666667241]}, "properties": {"p_logistic": 0.4735821783542633, "p_rf": 0.8240000009536743, "p_xgb": 0.9947827458381653, "date": "2026-02-07"}}, {"type": "Feature", "geometry": {"type": "Point", "coordinates": [-82.54166666836602, 35.566666667241]}, "properties": {"p_logistic": 0.47605541348457336, "p_rf": 0.8920000195503235, "p_xgb": 0.9956656098365784, "date": "2026-02-07"}}, {"type": "Feature", "geometry": {"type": "Point", "coordinates": [-82.53333333503302, 35.566666667241]}, "properties": {"p_logistic": 0.47794580459594727, "p_rf": 0.8799999952316284, "p_xgb": 0.9957382678985596, "date": "2026-02-07"}}, {"type": "Feature", "geometry": {"type": "Point", "coordinates": [-82.52500000170002, 35.566666667241]}, "properties": {"p_logistic": 0.4795635938644409, "p_rf": 0.8799999952316284, "p_xgb": 0.994437575340271, "date": "2026-02-07"}}, {"type": "Feature", "geometry": {"type": "Point", "coordinates": [-82.51666666836701, 35.566666667241]}, "properties": {"p_logistic": 0.48083609342575073, "p_rf": 0.8519999980926514, "p_xgb": 0.993959903717041, "date": "2026-02-07"}}, {"type": "Feature", "geometry": {"type": "Point", "coordinates": [-82.50833333503402, 35.566666667241]}, "properties": {"p_logistic": 0.4824848175048828, "p_rf": 0.9139999747276306, "p_xgb": 0.9937376976013184, "date": "2026-02-07"}}, {"type": "Feature", "geometry": {"type": "Point", "coordinates": [-82.50000000170101, 35.566666667241]}, "properties": {"p_logistic": 0.48351556062698364, "p_rf": 0.9020000100135803, "p_xgb": 0.9926837086677551, "date": "2026-02-07"}}, {"type": "Feature", "geometry": {"type": "Point", "coordinates": [-82.49166666836803, 35.566666667241]}, "properties": {"p_logistic": 0.4837656319141388, "p_rf": 0.8799999952316284, "p_xgb": 0.986932098865509, "date": "2026-02-07"}}, {"type": "Feature", "geometry": {"type": "Point", "coordinates": [-82.48333333503501, 35.566666667241]}, "properties": {"p_logistic": 0.4847905933856964, "p_rf": 0.8820000290870667, "p_xgb": 0.9886925220489502, "date": "2026-02-07"}}, {"type": "Feature", "geometry": {"type": "Point", "coordinates": [-82.47500000170201, 35.566666667241]}, "properties": {"p_logistic": 0.48839348554611206, "p_rf": 0.921999990940094, "p_xgb": 0.9955262541770935, "date": "2026-02-07"}}, {"type": "Feature", "geometry": {"type": "Point", "coordinates": [-82.46666666836902, 35.566666667241]}, "properties": {"p_logistic": 0.49338650703430176, "p_rf": 0.9319999814033508, "p_xgb": 0.9959797859191895, "date": "2026-02-07"}}, {"type": "Feature", "geometry": {"type": "Point", "coordinates": [-82.45833333503602, 35.566666667241]}, "properties": {"p_logistic": 0.49607545137405396, "p_rf": 0.8859999775886536, "p_xgb": 0.9932952523231506, "date": "2026-02-07"}}, {"type": "Feature", "geometry": {"type": "Point", "coordinates": [-82.45000000170302, 35.566666667241]}, "properties": {"p_logistic": 0.4969964325428009, "p_rf": 0.8960000276565552, "p_xgb": 0.9953106045722961, "date": "2026-02-07"}}, {"type": "Feature", "geometry": {"type": "Point", "coordinates": [-82.44166666837002, 35.566666667241]}, "properties": {"p_logistic": 0.498243510723114, "p_rf": 0.8299999833106995, "p_xgb": 0.9951139688491821, "date": "2026-02-07"}}, {"type": "Feature", "geometry": {"type": "Point", "coordinates": [-82.43333333503702, 35.566666667241]}, "properties": {"p_logistic": 0.4992639422416687, "p_rf": 0.8759999871253967, "p_xgb": 0.9951139688491821, "date": "2026-02-07"}}, {"type": "Feature", "geometry": {"type": "Point", "coordinates": [-82.42500000170402, 35.566666667241]}, "properties": {"p_logistic": 0.49935969710350037, "p_rf": 0.871999979019165, "p_xgb": 0.9952658414840698, "date": "2026-02-07"}}, {"type": "Feature", "geometry": {"type": "Point", "coordinates": [-82.41666666837102, 35.566666667241]}, "properties": {"p_logistic": 0.4983718693256378, "p_rf": 0.8700000047683716, "p_xgb": 0.9952658414840698, "date": "2026-02-07"}}, {"type": "Feature", "geometry": {"type": "Point", "coordinates": [-82.40833333503801, 35.566666667241]}, "properties": {"p_logistic": 0.4962880313396454, "p_rf": 0.8399999737739563, "p_xgb": 0.995094895362854, "date": "2026-02-07"}}, {"type": "Feature", "geometry": {"type": "Point", "coordinates": [-82.40000000170502, 35.566666667241]}, "properties": {"p_logistic": 0.49260443449020386, "p_rf": 0.8519999980926514, "p_xgb": 0.9953110814094543, "date": "2026-02-07"}}, {"type": "Feature", "geometry": {"type": "Point", "coordinates": [-82.39166666837201, 35.566666667241]}, "properties": {"p_logistic": 0.48914235830307007, "p_rf": 0.8519999980926514, "p_xgb": 0.9953110814094543, "date": "2026-02-07"}}, {"type": "Feature", "geometry": {"type": "Point", "coordinates": [-82.38333333503903, 35.566666667241]}, "properties": {"p_logistic": 0.4864363968372345, "p_rf": 0.7979999780654907, "p_xgb": 0.9956256151199341, "date": "2026-02-07"}}, {"type": "Feature", "geometry": {"type": "Point", "coordinates": [-82.37500000170601, 35.566666667241]}, "properties": {"p_logistic": 0.48552969098091125, "p_rf": 0.7940000295639038, "p_xgb": 0.9956256151199341, "date": "2026-02-07"}}, {"type": "Feature", "geometry": {"type": "Point", "coordinates": [-82.36666666837301, 35.566666667241]}, "properties": {"p_logistic": 0.4854634404182434, "p_rf": 0.7620000243186951, "p_xgb": 0.9951351284980774, "date": "2026-02-07"}}, {"type": "Feature", "geometry": {"type": "Point", "coordinates": [-82.35833333504002, 35.566666667241]}, "properties": {"p_logistic": 0.48512002825737, "p_rf": 0.6959999799728394, "p_xgb": 0.989723801612854, "date": "2026-02-07"}}, {"type": "Feature", "geometry": {"type": "Point", "coordinates": [-82.35000000170702, 35.566666667241]}, "properties": {"p_logistic": 0.48651695251464844, "p_rf": 0.6880000233650208, "p_xgb": 0.9866129755973816, "date": "2026-02-07"}}, {"type": "Feature", "geometry": {"type": "Point", "coordinates": [-82.34166666837402, 35.566666667241]}, "properties": {"p_logistic": 0.48558491468429565, "p_rf": 0.6800000071525574, "p_xgb": 0.9909534454345703, "date": "2026-02-07"}}, {"type": "Feature", "geometry": {"type": "Point", "coordinates": [-82.33333333504102, 35.566666667241]}, "properties": {"p_logistic": 0.4857805073261261, "p_rf": 0.6980000138282776, "p_xgb": 0.9907015562057495, "date": "2026-02-07"}}, {"type": "Feature", "geometry": {"type": "Point", "coordinates": [-82.32500000170802, 35.566666667241]}, "properties": {"p_logistic": 0.48665669560432434, "p_rf": 0.7200000286102295, "p_xgb": 0.9907177090644836, "date": "2026-02-07"}}, {"type": "Feature", "geometry": {"type": "Point", "coordinates": [-82.31666666837502, 35.566666667241]}, "properties": {"p_logistic": 0.488811731338501, "p_rf": 0.75, "p_xgb": 0.9887288808822632, "date": "2026-02-07"}}, {"type": "Feature", "geometry": {"type": "Point", "coordinates": [-82.30833333504202, 35.566666667241]}, "properties": {"p_logistic": 0.4908551275730133, "p_rf": 0.7279999852180481, "p_xgb": 0.9853737354278564, "date": "2026-02-07"}}, {"type": "Feature", "geometry": {"type": "Point", "coordinates": [-82.30000000170901, 35.566666667241]}, "properties": {"p_logistic": 0.4912495017051697, "p_rf": 0.7120000123977661, "p_xgb": 0.9877417087554932, "date": "2026-02-07"}}, {"type": "Feature", "geometry": {"type": "Point", "coordinates": [-82.29166666837602, 35.566666667241]}, "properties": {"p_logistic": 0.49216505885124207, "p_rf": 0.7540000081062317, "p_xgb": 0.9839308857917786, "date": "2026-02-07"}}, {"type": "Feature", "geometry": {"type": "Point", "coordinates": [-82.28333333504301, 35.566666667241]}, "properties": {"p_logistic": 0.4934256374835968, "p_rf": 0.7480000257492065, "p_xgb": 0.983135461807251, "date": "2026-02-07"}}, {"type": "Feature", "geometry": {"type": "Point", "coordinates": [-82.27500000171003, 35.566666667241]}, "properties": {"p_logistic": 0.494961678981781, "p_rf": 0.7319999933242798, "p_xgb": 0.9852976202964783, "date": "2026-02-07"}}, {"type": "Feature", "geometry": {"type": "Point", "coordinates": [-82.26666666837701, 35.566666667241]}, "properties": {"p_logistic": 0.49521711468696594, "p_rf": 0.7839999794960022, "p_xgb": 0.9847803115844727, "date": "2026-02-07"}}, {"type": "Feature", "geometry": {"type": "Point", "coordinates": [-82.76666666835702, 35.558333333908]}, "properties": {"p_logistic": 0.46513089537620544, "p_rf": 0.8220000267028809, "p_xgb": 0.9951049089431763, "date": "2026-02-07"}}, {"type": "Feature", "geometry": {"type": "Point", "coordinates": [-82.75833333502402, 35.558333333908]}, "properties": {"p_logistic": 0.46589604020118713, "p_rf": 0.8859999775886536, "p_xgb": 0.9951049089431763, "date": "2026-02-07"}}, {"type": "Feature", "geometry": {"type": "Point", "coordinates": [-82.75000000169102, 35.558333333908]}, "properties": {"p_logistic": 0.4664457440376282, "p_rf": 0.8859999775886536, "p_xgb": 0.9948596954345703, "date": "2026-02-07"}}, {"type": "Feature", "geometry": {"type": "Point", "coordinates": [-82.74166666835802, 35.558333333908]}, "properties": {"p_logistic": 0.4670703113079071, "p_rf": 0.8679999709129333, "p_xgb": 0.9939656853675842, "date": "2026-02-07"}}, {"type": "Feature", "geometry": {"type": "Point", "coordinates": [-82.73333333502501, 35.558333333908]}, "properties": {"p_logistic": 0.4678283631801605, "p_rf": 0.871999979019165, "p_xgb": 0.9926674962043762, "date": "2026-02-07"}}, {"type": "Feature", "geometry": {"type": "Point", "coordinates": [-82.72500000169202, 35.558333333908]}, "properties": {"p_logistic": 0.4683770537376404, "p_rf": 0.8700000047683716, "p_xgb": 0.9923049807548523, "date": "2026-02-07"}}, {"type": "Feature", "geometry": {"type": "Point", "coordinates": [-82.71666666835901, 35.558333333908]}, "properties": {"p_logistic": 0.46858739852905273, "p_rf": 0.8579999804496765, "p_xgb": 0.9910759925842285, "date": "2026-02-07"}}, {"type": "Feature", "geometry": {"type": "Point", "coordinates": [-82.70833333502603, 35.558333333908]}, "properties": {"p_logistic": 0.4687640070915222, "p_rf": 0.7419999837875366, "p_xgb": 0.9893591403961182, "date": "2026-02-07"}}, {"type": "Feature", "geometry": {"type": "Point", "coordinates": [-82.70000000169301, 35.558333333908]}, "properties": {"p_logistic": 0.4687405824661255, "p_rf": 0.7639999985694885, "p_xgb": 0.9890264868736267, "date": "2026-02-07"}}, {"type": "Feature", "geometry": {"type": "Point", "coordinates": [-82.69166666836001, 35.558333333908]}, "properties": {"p_logistic": 0.4689110517501831, "p_rf": 0.7879999876022339, "p_xgb": 0.9890264868736267, "date": "2026-02-07"}}, {"type": "Feature", "geometry": {"type": "Point", "coordinates": [-82.68333333502702, 35.558333333908]}, "properties": {"p_logistic": 0.4683510363101959, "p_rf": 0.7799999713897705, "p_xgb": 0.9890264868736267, "date": "2026-02-07"}}, {"type": "Feature", "geometry": {"type": "Point", "coordinates": [-82.67500000169402, 35.558333333908]}, "properties": {"p_logistic": 0.4680543541908264, "p_rf": 0.7379999756813049, "p_xgb": 0.9904906749725342, "date": "2026-02-07"}}, {"type": "Feature", "geometry": {"type": "Point", "coordinates": [-82.66666666836102, 35.558333333908]}, "properties": {"p_logistic": 0.4676097333431244, "p_rf": 0.7419999837875366, "p_xgb": 0.9902204275131226, "date": "2026-02-07"}}, {"type": "Feature", "geometry": {"type": "Point", "coordinates": [-82.65833333502802, 35.558333333908]}, "properties": {"p_logistic": 0.4673509895801544, "p_rf": 0.7459999918937683, "p_xgb": 0.9904597997665405, "date": "2026-02-07"}}, {"type": "Feature", "geometry": {"type": "Point", "coordinates": [-82.65000000169502, 35.558333333908]}, "properties": {"p_logistic": 0.4674031436443329, "p_rf": 0.7419999837875366, "p_xgb": 0.9904597997665405, "date": "2026-02-07"}}, {"type": "Feature", "geometry": {"type": "Point", "coordinates": [-82.64166666836202, 35.558333333908]}, "properties": {"p_logistic": 0.4673559367656708, "p_rf": 0.7839999794960022, "p_xgb": 0.9895039796829224, "date": "2026-02-07"}}, {"type": "Feature", "geometry": {"type": "Point", "coordinates": [-82.63333333502902, 35.558333333908]}, "properties": {"p_logistic": 0.4670965373516083, "p_rf": 0.8159999847412109, "p_xgb": 0.9899283051490784, "date": "2026-02-07"}}, {"type": "Feature", "geometry": {"type": "Point", "coordinates": [-82.62500000169601, 35.558333333908]}, "properties": {"p_logistic": 0.4668285548686981, "p_rf": 0.8320000171661377, "p_xgb": 0.988135814666748, "date": "2026-02-07"}}, {"type": "Feature", "geometry": {"type": "Point", "coordinates": [-82.61666666836302, 35.558333333908]}, "properties": {"p_logistic": 0.4669646918773651, "p_rf": 0.8320000171661377, "p_xgb": 0.9888842105865479, "date": "2026-02-07"}}, {"type": "Feature", "geometry": {"type": "Point", "coordinates": [-82.60833333503001, 35.558333333908]}, "properties": {"p_logistic": 0.4668496549129486, "p_rf": 0.8259999752044678, "p_xgb": 0.9910805821418762, "date": "2026-02-07"}}, {"type": "Feature", "geometry": {"type": "Point", "coordinates": [-82.60000000169703, 35.558333333908]}, "properties": {"p_logistic": 0.46661362051963806, "p_rf": 0.8320000171661377, "p_xgb": 0.9910805821418762, "date": "2026-02-07"}}, {"type": "Feature", "geometry": {"type": "Point", "coordinates": [-82.59166666836401, 35.558333333908]}, "properties": {"p_logistic": 0.46677321195602417, "p_rf": 0.8320000171661377, "p_xgb": 0.9910805821418762, "date": "2026-02-07"}}, {"type": "Feature", "geometry": {"type": "Point", "coordinates": [-82.58333333503101, 35.558333333908]}, "properties": {"p_logistic": 0.46710166335105896, "p_rf": 0.8140000104904175, "p_xgb": 0.9906739592552185, "date": "2026-02-07"}}, {"type": "Feature", "geometry": {"type": "Point", "coordinates": [-82.57500000169802, 35.558333333908]}, "properties": {"p_logistic": 0.46807166934013367, "p_rf": 0.7580000162124634, "p_xgb": 0.9895039796829224, "date": "2026-02-07"}}, {"type": "Feature", "geometry": {"type": "Point", "coordinates": [-82.56666666836502, 35.558333333908]}, "properties": {"p_logistic": 0.46952691674232483, "p_rf": 0.843999981880188, "p_xgb": 0.9906540513038635, "date": "2026-02-07"}}, {"type": "Feature", "geometry": {"type": "Point", "coordinates": [-82.55833333503202, 35.558333333908]}, "properties": {"p_logistic": 0.47127607464790344, "p_rf": 0.8659999966621399, "p_xgb": 0.9926066398620605, "date": "2026-02-07"}}, {"type": "Feature", "geometry": {"type": "Point", "coordinates": [-82.55000000169902, 35.558333333908]}, "properties": {"p_logistic": 0.47317537665367126, "p_rf": 0.8920000195503235, "p_xgb": 0.99493008852005, "date": "2026-02-07"}}, {"type": "Feature", "geometry": {"type": "Point", "coordinates": [-82.54166666836602, 35.558333333908]}, "properties": {"p_logistic": 0.47535204887390137, "p_rf": 0.8659999966621399, "p_xgb": 0.9930021166801453, "date": "2026-02-07"}}, {"type": "Feature", "geometry": {"type": "Point", "coordinates": [-82.53333333503302, 35.558333333908]}, "properties": {"p_logistic": 0.4770614802837372, "p_rf": 0.8899999856948853, "p_xgb": 0.994437575340271, "date": "2026-02-07"}}, {"type": "Feature", "geometry": {"type": "Point", "coordinates": [-82.52500000170002, 35.558333333908]}, "properties": {"p_logistic": 0.4790506660938263, "p_rf": 0.878000020980835, "p_xgb": 0.9946321249008179, "date": "2026-02-07"}}, {"type": "Feature", "geometry": {"type": "Point", "coordinates": [-82.51666666836701, 35.558333333908]}, "properties": {"p_logistic": 0.4806593060493469, "p_rf": 0.8939999938011169, "p_xgb": 0.995201826095581, "date": "2026-02-07"}}, {"type": "Feature", "geometry": {"type": "Point", "coordinates": [-82.50833333503402, 35.558333333908]}, "properties": {"p_logistic": 0.4823092520236969, "p_rf": 0.9259999990463257, "p_xgb": 0.9957242012023926, "date": "2026-02-07"}}, {"type": "Feature", "geometry": {"type": "Point", "coordinates": [-82.50000000170101, 35.558333333908]}, "properties": {"p_logistic": 0.48315322399139404, "p_rf": 0.9120000004768372, "p_xgb": 0.9872152805328369, "date": "2026-02-07"}}, {"type": "Feature", "geometry": {"type": "Point", "coordinates": [-82.49166666836803, 35.558333333908]}, "properties": {"p_logistic": 0.4838399589061737, "p_rf": 0.8840000033378601, "p_xgb": 0.986932098865509, "date": "2026-02-07"}}, {"type": "Feature", "geometry": {"type": "Point", "coordinates": [-82.48333333503501, 35.558333333908]}, "properties": {"p_logistic": 0.48501506447792053, "p_rf": 0.8960000276565552, "p_xgb": 0.9846416115760803, "date": "2026-02-07"}}, {"type": "Feature", "geometry": {"type": "Point", "coordinates": [-82.47500000170201, 35.558333333908]}, "properties": {"p_logistic": 0.48908331990242004, "p_rf": 0.9279999732971191, "p_xgb": 0.9957489967346191, "date": "2026-02-07"}}, {"type": "Feature", "geometry": {"type": "Point", "coordinates": [-82.46666666836902, 35.558333333908]}, "properties": {"p_logistic": 0.493690550327301, "p_rf": 0.8980000019073486, "p_xgb": 0.9934502840042114, "date": "2026-02-07"}}, {"type": "Feature", "geometry": {"type": "Point", "coordinates": [-82.45833333503602, 35.558333333908]}, "properties": {"p_logistic": 0.49669796228408813, "p_rf": 0.906000018119812, "p_xgb": 0.9950756430625916, "date": "2026-02-07"}}, {"type": "Feature", "geometry": {"type": "Point", "coordinates": [-82.45000000170302, 35.558333333908]}, "properties": {"p_logistic": 0.4972662925720215, "p_rf": 0.8960000276565552, "p_xgb": 0.9951295852661133, "date": "2026-02-07"}}, {"type": "Feature", "geometry": {"type": "Point", "coordinates": [-82.44166666837002, 35.558333333908]}, "properties": {"p_logistic": 0.4979349374771118, "p_rf": 0.8339999914169312, "p_xgb": 0.9954557418823242, "date": "2026-02-07"}}, {"type": "Feature", "geometry": {"type": "Point", "coordinates": [-82.43333333503702, 35.558333333908]}, "properties": {"p_logistic": 0.4981650412082672, "p_rf": 0.8759999871253967, "p_xgb": 0.9954557418823242, "date": "2026-02-07"}}, {"type": "Feature", "geometry": {"type": "Point", "coordinates": [-82.42500000170402, 35.558333333908]}, "properties": {"p_logistic": 0.4983764588832855, "p_rf": 0.8460000157356262, "p_xgb": 0.994902491569519, "date": "2026-02-07"}}, {"type": "Feature", "geometry": {"type": "Point", "coordinates": [-82.41666666837102, 35.558333333908]}, "properties": {"p_logistic": 0.49802032113075256, "p_rf": 0.8420000076293945, "p_xgb": 0.994902491569519, "date": "2026-02-07"}}, {"type": "Feature", "geometry": {"type": "Point", "coordinates": [-82.40833333503801, 35.558333333908]}, "properties": {"p_logistic": 0.49557191133499146, "p_rf": 0.8320000171661377, "p_xgb": 0.994902491569519, "date": "2026-02-07"}}, {"type": "Feature", "geometry": {"type": "Point", "coordinates": [-82.40000000170502, 35.558333333908]}, "properties": {"p_logistic": 0.49323922395706177, "p_rf": 0.871999979019165, "p_xgb": 0.9951270818710327, "date": "2026-02-07"}}, {"type": "Feature", "geometry": {"type": "Point", "coordinates": [-82.39166666837201, 35.558333333908]}, "properties": {"p_logistic": 0.4895763099193573, "p_rf": 0.8759999871253967, "p_xgb": 0.9953110814094543, "date": "2026-02-07"}}, {"type": "Feature", "geometry": {"type": "Point", "coordinates": [-82.38333333503903, 35.558333333908]}, "properties": {"p_logistic": 0.4871211051940918, "p_rf": 0.7799999713897705, "p_xgb": 0.9953110814094543, "date": "2026-02-07"}}, {"type": "Feature", "geometry": {"type": "Point", "coordinates": [-82.37500000170601, 35.558333333908]}, "properties": {"p_logistic": 0.4863140285015106, "p_rf": 0.7720000147819519, "p_xgb": 0.9945226907730103, "date": "2026-02-07"}}, {"type": "Feature", "geometry": {"type": "Point", "coordinates": [-82.36666666837301, 35.558333333908]}, "properties": {"p_logistic": 0.4864148199558258, "p_rf": 0.6880000233650208, "p_xgb": 0.9926376342773438, "date": "2026-02-07"}}, {"type": "Feature", "geometry": {"type": "Point", "coordinates": [-82.35833333504002, 35.558333333908]}, "properties": {"p_logistic": 0.4871898889541626, "p_rf": 0.628000020980835, "p_xgb": 0.9860827326774597, "date": "2026-02-07"}}, {"type": "Feature", "geometry": {"type": "Point", "coordinates": [-82.35000000170702, 35.558333333908]}, "properties": {"p_logistic": 0.48721036314964294, "p_rf": 0.6179999709129333, "p_xgb": 0.9852936863899231, "date": "2026-02-07"}}, {"type": "Feature", "geometry": {"type": "Point", "coordinates": [-82.34166666837402, 35.558333333908]}, "properties": {"p_logistic": 0.487052321434021, "p_rf": 0.6119999885559082, "p_xgb": 0.9881894588470459, "date": "2026-02-07"}}, {"type": "Feature", "geometry": {"type": "Point", "coordinates": [-82.33333333504102, 35.558333333908]}, "properties": {"p_logistic": 0.4865325689315796, "p_rf": 0.6240000128746033, "p_xgb": 0.9883114695549011, "date": "2026-02-07"}}, {"type": "Feature", "geometry": {"type": "Point", "coordinates": [-82.32500000170802, 35.558333333908]}, "properties": {"p_logistic": 0.48710113763809204, "p_rf": 0.6759999990463257, "p_xgb": 0.9891653656959534, "date": "2026-02-07"}}, {"type": "Feature", "geometry": {"type": "Point", "coordinates": [-82.31666666837502, 35.558333333908]}, "properties": {"p_logistic": 0.48902732133865356, "p_rf": 0.734000027179718, "p_xgb": 0.9907177090644836, "date": "2026-02-07"}}, {"type": "Feature", "geometry": {"type": "Point", "coordinates": [-82.30833333504202, 35.558333333908]}, "properties": {"p_logistic": 0.4907066822052002, "p_rf": 0.7300000190734863, "p_xgb": 0.987930178642273, "date": "2026-02-07"}}, {"type": "Feature", "geometry": {"type": "Point", "coordinates": [-82.30000000170901, 35.558333333908]}, "properties": {"p_logistic": 0.49117156863212585, "p_rf": 0.7179999947547913, "p_xgb": 0.9860677123069763, "date": "2026-02-07"}}, {"type": "Feature", "geometry": {"type": "Point", "coordinates": [-82.29166666837602, 35.558333333908]}, "properties": {"p_logistic": 0.49211427569389343, "p_rf": 0.7459999918937683, "p_xgb": 0.9821003079414368, "date": "2026-02-07"}}, {"type": "Feature", "geometry": {"type": "Point", "coordinates": [-82.28333333504301, 35.558333333908]}, "properties": {"p_logistic": 0.49390098452568054, "p_rf": 0.7300000190734863, "p_xgb": 0.9816362857818604, "date": "2026-02-07"}}, {"type": "Feature", "geometry": {"type": "Point", "coordinates": [-82.27500000171003, 35.558333333908]}, "properties": {"p_logistic": 0.4953884780406952, "p_rf": 0.7160000205039978, "p_xgb": 0.9836201667785645, "date": "2026-02-07"}}, {"type": "Feature", "geometry": {"type": "Point", "coordinates": [-82.26666666837701, 35.558333333908]}, "properties": {"p_logistic": 0.49604883790016174, "p_rf": 0.7200000286102295, "p_xgb": 0.9808087348937988, "date": "2026-02-07"}}, {"type": "Feature", "geometry": {"type": "Point", "coordinates": [-82.25833333504401, 35.558333333908]}, "properties": {"p_logistic": 0.49397358298301697, "p_rf": 0.7839999794960022, "p_xgb": 0.9843283891677856, "date": "2026-02-07"}}, {"type": "Feature", "geometry": {"type": "Point", "coordinates": [-82.25000000171102, 35.558333333908]}, "properties": {"p_logistic": 0.490832656621933, "p_rf": 0.7960000038146973, "p_xgb": 0.9819859266281128, "date": "2026-02-07"}}, {"type": "Feature", "geometry": {"type": "Point", "coordinates": [-82.76666666835702, 35.550000000575004]}, "properties": {"p_logistic": 0.46558913588523865, "p_rf": 0.8259999752044678, "p_xgb": 0.9959239959716797, "date": "2026-02-07"}}, {"type": "Feature", "geometry": {"type": "Point", "coordinates": [-82.75833333502402, 35.550000000575004]}, "properties": {"p_logistic": 0.4661155641078949, "p_rf": 0.8840000033378601, "p_xgb": 0.9948596954345703, "date": "2026-02-07"}}, {"type": "Feature", "geometry": {"type": "Point", "coordinates": [-82.75000000169102, 35.550000000575004]}, "properties": {"p_logistic": 0.46666085720062256, "p_rf": 0.8820000290870667, "p_xgb": 0.9948596954345703, "date": "2026-02-07"}}, {"type": "Feature", "geometry": {"type": "Point", "coordinates": [-82.74166666835802, 35.550000000575004]}, "properties": {"p_logistic": 0.46721407771110535, "p_rf": 0.8700000047683716, "p_xgb": 0.9946099519729614, "date": "2026-02-07"}}, {"type": "Feature", "geometry": {"type": "Point", "coordinates": [-82.73333333502501, 35.550000000575004]}, "properties": {"p_logistic": 0.4678049087524414, "p_rf": 0.8700000047683716, "p_xgb": 0.9933035969734192, "date": "2026-02-07"}}, {"type": "Feature", "geometry": {"type": "Point", "coordinates": [-82.72500000169202, 35.550000000575004]}, "properties": {"p_logistic": 0.46824246644973755, "p_rf": 0.8659999966621399, "p_xgb": 0.9931254386901855, "date": "2026-02-07"}}, {"type": "Feature", "geometry": {"type": "Point", "coordinates": [-82.71666666835901, 35.550000000575004]}, "properties": {"p_logistic": 0.4684315621852875, "p_rf": 0.8539999723434448, "p_xgb": 0.9920263886451721, "date": "2026-02-07"}}, {"type": "Feature", "geometry": {"type": "Point", "coordinates": [-82.70833333502603, 35.550000000575004]}, "properties": {"p_logistic": 0.4686957001686096, "p_rf": 0.7440000176429749, "p_xgb": 0.9904906749725342, "date": "2026-02-07"}}, {"type": "Feature", "geometry": {"type": "Point", "coordinates": [-82.70000000169301, 35.550000000575004]}, "properties": {"p_logistic": 0.4688718318939209, "p_rf": 0.7639999985694885, "p_xgb": 0.9890264868736267, "date": "2026-02-07"}}, {"type": "Feature", "geometry": {"type": "Point", "coordinates": [-82.69166666836001, 35.550000000575004]}, "properties": {"p_logistic": 0.4689835011959076, "p_rf": 0.7979999780654907, "p_xgb": 0.9893113970756531, "date": "2026-02-07"}}, {"type": "Feature", "geometry": {"type": "Point", "coordinates": [-82.68333333502702, 35.550000000575004]}, "properties": {"p_logistic": 0.4684467613697052, "p_rf": 0.7879999876022339, "p_xgb": 0.9893113970756531, "date": "2026-02-07"}}, {"type": "Feature", "geometry": {"type": "Point", "coordinates": [-82.67500000169402, 35.550000000575004]}, "properties": {"p_logistic": 0.4684333801269531, "p_rf": 0.7639999985694885, "p_xgb": 0.9904906749725342, "date": "2026-02-07"}}, {"type": "Feature", "geometry": {"type": "Point", "coordinates": [-82.66666666836102, 35.550000000575004]}, "properties": {"p_logistic": 0.46802350878715515, "p_rf": 0.7419999837875366, "p_xgb": 0.9902204275131226, "date": "2026-02-07"}}, {"type": "Feature", "geometry": {"type": "Point", "coordinates": [-82.65833333502802, 35.550000000575004]}, "properties": {"p_logistic": 0.467077374458313, "p_rf": 0.7360000014305115, "p_xgb": 0.9904597997665405, "date": "2026-02-07"}}, {"type": "Feature", "geometry": {"type": "Point", "coordinates": [-82.65000000169502, 35.550000000575004]}, "properties": {"p_logistic": 0.4672749638557434, "p_rf": 0.7459999918937683, "p_xgb": 0.9904597997665405, "date": "2026-02-07"}}, {"type": "Feature", "geometry": {"type": "Point", "coordinates": [-82.64166666836202, 35.550000000575004]}, "properties": {"p_logistic": 0.4674077033996582, "p_rf": 0.7699999809265137, "p_xgb": 0.9895039796829224, "date": "2026-02-07"}}, {"type": "Feature", "geometry": {"type": "Point", "coordinates": [-82.63333333502902, 35.550000000575004]}, "properties": {"p_logistic": 0.4673050045967102, "p_rf": 0.8080000281333923, "p_xgb": 0.9892493486404419, "date": "2026-02-07"}}, {"type": "Feature", "geometry": {"type": "Point", "coordinates": [-82.62500000169601, 35.550000000575004]}, "properties": {"p_logistic": 0.46719253063201904, "p_rf": 0.8220000267028809, "p_xgb": 0.9875965118408203, "date": "2026-02-07"}}, {"type": "Feature", "geometry": {"type": "Point", "coordinates": [-82.61666666836302, 35.550000000575004]}, "properties": {"p_logistic": 0.46724456548690796, "p_rf": 0.8299999833106995, "p_xgb": 0.988135814666748, "date": "2026-02-07"}}, {"type": "Feature", "geometry": {"type": "Point", "coordinates": [-82.60833333503001, 35.550000000575004]}, "properties": {"p_logistic": 0.4668723940849304, "p_rf": 0.8320000171661377, "p_xgb": 0.988135814666748, "date": "2026-02-07"}}, {"type": "Feature", "geometry": {"type": "Point", "coordinates": [-82.60000000169703, 35.550000000575004]}, "properties": {"p_logistic": 0.4664832651615143, "p_rf": 0.8299999833106995, "p_xgb": 0.9883785843849182, "date": "2026-02-07"}}, {"type": "Feature", "geometry": {"type": "Point", "coordinates": [-82.59166666836401, 35.550000000575004]}, "properties": {"p_logistic": 0.46652689576148987, "p_rf": 0.8240000009536743, "p_xgb": 0.9906739592552185, "date": "2026-02-07"}}, {"type": "Feature", "geometry": {"type": "Point", "coordinates": [-82.58333333503101, 35.550000000575004]}, "properties": {"p_logistic": 0.4672432243824005, "p_rf": 0.8080000281333923, "p_xgb": 0.9919201135635376, "date": "2026-02-07"}}, {"type": "Feature", "geometry": {"type": "Point", "coordinates": [-82.57500000169802, 35.550000000575004]}, "properties": {"p_logistic": 0.4682673513889313, "p_rf": 0.75, "p_xgb": 0.9904597997665405, "date": "2026-02-07"}}, {"type": "Feature", "geometry": {"type": "Point", "coordinates": [-82.56666666836502, 35.550000000575004]}, "properties": {"p_logistic": 0.46945804357528687, "p_rf": 0.8479999899864197, "p_xgb": 0.9898996949195862, "date": "2026-02-07"}}, {"type": "Feature", "geometry": {"type": "Point", "coordinates": [-82.55833333503202, 35.550000000575004]}, "properties": {"p_logistic": 0.470950722694397, "p_rf": 0.8659999966621399, "p_xgb": 0.9901605844497681, "date": "2026-02-07"}}, {"type": "Feature", "geometry": {"type": "Point", "coordinates": [-82.55000000169902, 35.550000000575004]}, "properties": {"p_logistic": 0.47244393825531006, "p_rf": 0.8740000128746033, "p_xgb": 0.9920752048492432, "date": "2026-02-07"}}, {"type": "Feature", "geometry": {"type": "Point", "coordinates": [-82.54166666836602, 35.550000000575004]}, "properties": {"p_logistic": 0.473699152469635, "p_rf": 0.8460000157356262, "p_xgb": 0.9935691356658936, "date": "2026-02-07"}}, {"type": "Feature", "geometry": {"type": "Point", "coordinates": [-82.53333333503302, 35.550000000575004]}, "properties": {"p_logistic": 0.4757348299026489, "p_rf": 0.878000020980835, "p_xgb": 0.9937487840652466, "date": "2026-02-07"}}, {"type": "Feature", "geometry": {"type": "Point", "coordinates": [-82.52500000170002, 35.550000000575004]}, "properties": {"p_logistic": 0.4779472053050995, "p_rf": 0.8980000019073486, "p_xgb": 0.9954907298088074, "date": "2026-02-07"}}, {"type": "Feature", "geometry": {"type": "Point", "coordinates": [-82.51666666836701, 35.550000000575004]}, "properties": {"p_logistic": 0.4799182116985321, "p_rf": 0.8700000047683716, "p_xgb": 0.9952087998390198, "date": "2026-02-07"}}, {"type": "Feature", "geometry": {"type": "Point", "coordinates": [-82.50833333503402, 35.550000000575004]}, "properties": {"p_logistic": 0.48187685012817383, "p_rf": 0.8700000047683716, "p_xgb": 0.9951639175415039, "date": "2026-02-07"}}, {"type": "Feature", "geometry": {"type": "Point", "coordinates": [-82.50000000170101, 35.550000000575004]}, "properties": {"p_logistic": 0.4836224615573883, "p_rf": 0.8999999761581421, "p_xgb": 0.9890985488891602, "date": "2026-02-07"}}, {"type": "Feature", "geometry": {"type": "Point", "coordinates": [-82.49166666836803, 35.550000000575004]}, "properties": {"p_logistic": 0.4852316081523895, "p_rf": 0.8960000276565552, "p_xgb": 0.9905699491500854, "date": "2026-02-07"}}, {"type": "Feature", "geometry": {"type": "Point", "coordinates": [-82.48333333503501, 35.550000000575004]}, "properties": {"p_logistic": 0.4878585636615753, "p_rf": 0.9300000071525574, "p_xgb": 0.9910336136817932, "date": "2026-02-07"}}, {"type": "Feature", "geometry": {"type": "Point", "coordinates": [-82.47500000170201, 35.550000000575004]}, "properties": {"p_logistic": 0.4915887713432312, "p_rf": 0.9359999895095825, "p_xgb": 0.9966896772384644, "date": "2026-02-07"}}, {"type": "Feature", "geometry": {"type": "Point", "coordinates": [-82.46666666836902, 35.550000000575004]}, "properties": {"p_logistic": 0.49465930461883545, "p_rf": 0.8240000009536743, "p_xgb": 0.9953106045722961, "date": "2026-02-07"}}, {"type": "Feature", "geometry": {"type": "Point", "coordinates": [-82.45833333503602, 35.550000000575004]}, "properties": {"p_logistic": 0.4966930150985718, "p_rf": 0.8299999833106995, "p_xgb": 0.9951295852661133, "date": "2026-02-07"}}, {"type": "Feature", "geometry": {"type": "Point", "coordinates": [-82.45000000170302, 35.550000000575004]}, "properties": {"p_logistic": 0.4972988963127136, "p_rf": 0.8339999914169312, "p_xgb": 0.9952658414840698, "date": "2026-02-07"}}, {"type": "Feature", "geometry": {"type": "Point", "coordinates": [-82.44166666837002, 35.550000000575004]}, "properties": {"p_logistic": 0.4977239668369293, "p_rf": 0.8299999833106995, "p_xgb": 0.995094895362854, "date": "2026-02-07"}}, {"type": "Feature", "geometry": {"type": "Point", "coordinates": [-82.43333333503702, 35.550000000575004]}, "properties": {"p_logistic": 0.49788355827331543, "p_rf": 0.8539999723434448, "p_xgb": 0.994902491569519, "date": "2026-02-07"}}, {"type": "Feature", "geometry": {"type": "Point", "coordinates": [-82.42500000170402, 35.550000000575004]}, "properties": {"p_logistic": 0.4978716969490051, "p_rf": 0.8399999737739563, "p_xgb": 0.994902491569519, "date": "2026-02-07"}}, {"type": "Feature", "geometry": {"type": "Point", "coordinates": [-82.41666666837102, 35.550000000575004]}, "properties": {"p_logistic": 0.4967459738254547, "p_rf": 0.8220000267028809, "p_xgb": 0.994902491569519, "date": "2026-02-07"}}, {"type": "Feature", "geometry": {"type": "Point", "coordinates": [-82.40833333503801, 35.550000000575004]}, "properties": {"p_logistic": 0.495540976524353, "p_rf": 0.8080000281333923, "p_xgb": 0.994902491569519, "date": "2026-02-07"}}, {"type": "Feature", "geometry": {"type": "Point", "coordinates": [-82.40000000170502, 35.550000000575004]}, "properties": {"p_logistic": 0.4934247136116028, "p_rf": 0.8460000157356262, "p_xgb": 0.9949442744255066, "date": "2026-02-07"}}, {"type": "Feature", "geometry": {"type": "Point", "coordinates": [-82.39166666837201, 35.550000000575004]}, "properties": {"p_logistic": 0.4903385043144226, "p_rf": 0.8740000128746033, "p_xgb": 0.9953110814094543, "date": "2026-02-07"}}, {"type": "Feature", "geometry": {"type": "Point", "coordinates": [-82.38333333503903, 35.550000000575004]}, "properties": {"p_logistic": 0.48827439546585083, "p_rf": 0.8640000224113464, "p_xgb": 0.9953110814094543, "date": "2026-02-07"}}, {"type": "Feature", "geometry": {"type": "Point", "coordinates": [-82.37500000170601, 35.550000000575004]}, "properties": {"p_logistic": 0.4866796135902405, "p_rf": 0.7540000081062317, "p_xgb": 0.994317352771759, "date": "2026-02-07"}}, {"type": "Feature", "geometry": {"type": "Point", "coordinates": [-82.36666666837301, 35.550000000575004]}, "properties": {"p_logistic": 0.486554354429245, "p_rf": 0.6919999718666077, "p_xgb": 0.9924276471138, "date": "2026-02-07"}}, {"type": "Feature", "geometry": {"type": "Point", "coordinates": [-82.35833333504002, 35.550000000575004]}, "properties": {"p_logistic": 0.48698902130126953, "p_rf": 0.6140000224113464, "p_xgb": 0.9853942394256592, "date": "2026-02-07"}}, {"type": "Feature", "geometry": {"type": "Point", "coordinates": [-82.35000000170702, 35.550000000575004]}, "properties": {"p_logistic": 0.4877671003341675, "p_rf": 0.6140000224113464, "p_xgb": 0.9837092161178589, "date": "2026-02-07"}}, {"type": "Feature", "geometry": {"type": "Point", "coordinates": [-82.34166666837402, 35.550000000575004]}, "properties": {"p_logistic": 0.48748138546943665, "p_rf": 0.628000020980835, "p_xgb": 0.9887182712554932, "date": "2026-02-07"}}, {"type": "Feature", "geometry": {"type": "Point", "coordinates": [-82.33333333504102, 35.550000000575004]}, "properties": {"p_logistic": 0.4868244528770447, "p_rf": 0.6159999966621399, "p_xgb": 0.9883114695549011, "date": "2026-02-07"}}, {"type": "Feature", "geometry": {"type": "Point", "coordinates": [-82.32500000170802, 35.550000000575004]}, "properties": {"p_logistic": 0.4871204197406769, "p_rf": 0.6880000233650208, "p_xgb": 0.9907177090644836, "date": "2026-02-07"}}, {"type": "Feature", "geometry": {"type": "Point", "coordinates": [-82.31666666837502, 35.550000000575004]}, "properties": {"p_logistic": 0.488628089427948, "p_rf": 0.7480000257492065, "p_xgb": 0.9907177090644836, "date": "2026-02-07"}}, {"type": "Feature", "geometry": {"type": "Point", "coordinates": [-82.30833333504202, 35.550000000575004]}, "properties": {"p_logistic": 0.4898131191730499, "p_rf": 0.7260000109672546, "p_xgb": 0.9906240105628967, "date": "2026-02-07"}}, {"type": "Feature", "geometry": {"type": "Point", "coordinates": [-82.30000000170901, 35.550000000575004]}, "properties": {"p_logistic": 0.49040308594703674, "p_rf": 0.7179999947547913, "p_xgb": 0.9860677123069763, "date": "2026-02-07"}}, {"type": "Feature", "geometry": {"type": "Point", "coordinates": [-82.29166666837602, 35.550000000575004]}, "properties": {"p_logistic": 0.49140283465385437, "p_rf": 0.7440000176429749, "p_xgb": 0.9825010895729065, "date": "2026-02-07"}}, {"type": "Feature", "geometry": {"type": "Point", "coordinates": [-82.28333333504301, 35.550000000575004]}, "properties": {"p_logistic": 0.492789089679718, "p_rf": 0.734000027179718, "p_xgb": 0.9816362857818604, "date": "2026-02-07"}}, {"type": "Feature", "geometry": {"type": "Point", "coordinates": [-82.27500000171003, 35.550000000575004]}, "properties": {"p_logistic": 0.4942593574523926, "p_rf": 0.7160000205039978, "p_xgb": 0.9808087348937988, "date": "2026-02-07"}}, {"type": "Feature", "geometry": {"type": "Point", "coordinates": [-82.26666666837701, 35.550000000575004]}, "properties": {"p_logistic": 0.49435222148895264, "p_rf": 0.7179999947547913, "p_xgb": 0.9808087348937988, "date": "2026-02-07"}}, {"type": "Feature", "geometry": {"type": "Point", "coordinates": [-82.25833333504401, 35.550000000575004]}, "properties": {"p_logistic": 0.49349522590637207, "p_rf": 0.7820000052452087, "p_xgb": 0.9803865551948547, "date": "2026-02-07"}}, {"type": "Feature", "geometry": {"type": "Point", "coordinates": [-82.25000000171102, 35.550000000575004]}, "properties": {"p_logistic": 0.4902338981628418, "p_rf": 0.7940000295639038, "p_xgb": 0.9799383282661438, "date": "2026-02-07"}}, {"type": "Feature", "geometry": {"type": "Point", "coordinates": [-82.24166666837802, 35.550000000575004]}, "properties": {"p_logistic": 0.4867018163204193, "p_rf": 0.7960000038146973, "p_xgb": 0.9783506989479065, "date": "2026-02-07"}}, {"type": "Feature", "geometry": {"type": "Point", "coordinates": [-82.23333333504502, 35.550000000575004]}, "properties": {"p_logistic": 0.48486754298210144, "p_rf": 0.7960000038146973, "p_xgb": 0.9728918075561523, "date": "2026-02-07"}}, {"type": "Feature", "geometry": {"type": "Point", "coordinates": [-82.22500000171202, 35.550000000575004]}, "properties": {"p_logistic": 0.48418882489204407, "p_rf": 0.7839999794960022, "p_xgb": 0.9708511233329773, "date": "2026-02-07"}}, {"type": "Feature", "geometry": {"type": "Point", "coordinates": [-82.21666666837902, 35.550000000575004]}, "properties": {"p_logistic": 0.4837929606437683, "p_rf": 0.7599999904632568, "p_xgb": 0.9697439670562744, "date": "2026-02-07"}}, {"type": "Feature", "geometry": {"type": "Point", "coordinates": [-82.75833333502402, 35.541666667242005]}, "properties": {"p_logistic": 0.4664890170097351, "p_rf": 0.8840000033378601, "p_xgb": 0.9954090714454651, "date": "2026-02-07"}}, {"type": "Feature", "geometry": {"type": "Point", "coordinates": [-82.75000000169102, 35.541666667242005]}, "properties": {"p_logistic": 0.46704360842704773, "p_rf": 0.8799999952316284, "p_xgb": 0.9946099519729614, "date": "2026-02-07"}}, {"type": "Feature", "geometry": {"type": "Point", "coordinates": [-82.74166666835802, 35.541666667242005]}, "properties": {"p_logistic": 0.4675752818584442, "p_rf": 0.8740000128746033, "p_xgb": 0.9946099519729614, "date": "2026-02-07"}}, {"type": "Feature", "geometry": {"type": "Point", "coordinates": [-82.73333333502501, 35.541666667242005]}, "properties": {"p_logistic": 0.46804699301719666, "p_rf": 0.8700000047683716, "p_xgb": 0.9933035969734192, "date": "2026-02-07"}}, {"type": "Feature", "geometry": {"type": "Point", "coordinates": [-82.72500000169202, 35.541666667242005]}, "properties": {"p_logistic": 0.4682326912879944, "p_rf": 0.8659999966621399, "p_xgb": 0.9931254386901855, "date": "2026-02-07"}}, {"type": "Feature", "geometry": {"type": "Point", "coordinates": [-82.71666666835901, 35.541666667242005]}, "properties": {"p_logistic": 0.46851569414138794, "p_rf": 0.8539999723434448, "p_xgb": 0.9920263886451721, "date": "2026-02-07"}}, {"type": "Feature", "geometry": {"type": "Point", "coordinates": [-82.70833333502603, 35.541666667242005]}, "properties": {"p_logistic": 0.4686839282512665, "p_rf": 0.7459999918937683, "p_xgb": 0.9904906749725342, "date": "2026-02-07"}}, {"type": "Feature", "geometry": {"type": "Point", "coordinates": [-82.70000000169301, 35.541666667242005]}, "properties": {"p_logistic": 0.4687795639038086, "p_rf": 0.7379999756813049, "p_xgb": 0.9904906749725342, "date": "2026-02-07"}}, {"type": "Feature", "geometry": {"type": "Point", "coordinates": [-82.69166666836001, 35.541666667242005]}, "properties": {"p_logistic": 0.4684303104877472, "p_rf": 0.7639999985694885, "p_xgb": 0.9904906749725342, "date": "2026-02-07"}}, {"type": "Feature", "geometry": {"type": "Point", "coordinates": [-82.68333333502702, 35.541666667242005]}, "properties": {"p_logistic": 0.46834173798561096, "p_rf": 0.7620000243186951, "p_xgb": 0.9902204275131226, "date": "2026-02-07"}}, {"type": "Feature", "geometry": {"type": "Point", "coordinates": [-82.67500000169402, 35.541666667242005]}, "properties": {"p_logistic": 0.4685096740722656, "p_rf": 0.7480000257492065, "p_xgb": 0.9902204275131226, "date": "2026-02-07"}}, {"type": "Feature", "geometry": {"type": "Point", "coordinates": [-82.66666666836102, 35.541666667242005]}, "properties": {"p_logistic": 0.4679641127586365, "p_rf": 0.7400000095367432, "p_xgb": 0.9913573265075684, "date": "2026-02-07"}}, {"type": "Feature", "geometry": {"type": "Point", "coordinates": [-82.65833333502802, 35.541666667242005]}, "properties": {"p_logistic": 0.4680173695087433, "p_rf": 0.7440000176429749, "p_xgb": 0.9904597997665405, "date": "2026-02-07"}}, {"type": "Feature", "geometry": {"type": "Point", "coordinates": [-82.65000000169502, 35.541666667242005]}, "properties": {"p_logistic": 0.46767306327819824, "p_rf": 0.7459999918937683, "p_xgb": 0.9904597997665405, "date": "2026-02-07"}}, {"type": "Feature", "geometry": {"type": "Point", "coordinates": [-82.64166666836202, 35.541666667242005]}, "properties": {"p_logistic": 0.46778374910354614, "p_rf": 0.7459999918937683, "p_xgb": 0.9873126149177551, "date": "2026-02-07"}}, {"type": "Feature", "geometry": {"type": "Point", "coordinates": [-82.63333333502902, 35.541666667242005]}, "properties": {"p_logistic": 0.46779096126556396, "p_rf": 0.765999972820282, "p_xgb": 0.9860460162162781, "date": "2026-02-07"}}, {"type": "Feature", "geometry": {"type": "Point", "coordinates": [-82.62500000169601, 35.541666667242005]}, "properties": {"p_logistic": 0.46768656373023987, "p_rf": 0.7900000214576721, "p_xgb": 0.9860460162162781, "date": "2026-02-07"}}, {"type": "Feature", "geometry": {"type": "Point", "coordinates": [-82.61666666836302, 35.541666667242005]}, "properties": {"p_logistic": 0.4673939049243927, "p_rf": 0.8019999861717224, "p_xgb": 0.9892493486404419, "date": "2026-02-07"}}, {"type": "Feature", "geometry": {"type": "Point", "coordinates": [-82.60833333503001, 35.541666667242005]}, "properties": {"p_logistic": 0.46706974506378174, "p_rf": 0.8119999766349792, "p_xgb": 0.9892493486404419, "date": "2026-02-07"}}, {"type": "Feature", "geometry": {"type": "Point", "coordinates": [-82.60000000169703, 35.541666667242005]}, "properties": {"p_logistic": 0.4669327139854431, "p_rf": 0.8100000023841858, "p_xgb": 0.9892493486404419, "date": "2026-02-07"}}, {"type": "Feature", "geometry": {"type": "Point", "coordinates": [-82.59166666836401, 35.541666667242005]}, "properties": {"p_logistic": 0.4672892689704895, "p_rf": 0.7940000295639038, "p_xgb": 0.9864072203636169, "date": "2026-02-07"}}, {"type": "Feature", "geometry": {"type": "Point", "coordinates": [-82.58333333503101, 35.541666667242005]}, "properties": {"p_logistic": 0.4678097367286682, "p_rf": 0.7699999809265137, "p_xgb": 0.9873126149177551, "date": "2026-02-07"}}, {"type": "Feature", "geometry": {"type": "Point", "coordinates": [-82.57500000169802, 35.541666667242005]}, "properties": {"p_logistic": 0.46893221139907837, "p_rf": 0.7519999742507935, "p_xgb": 0.9890540838241577, "date": "2026-02-07"}}, {"type": "Feature", "geometry": {"type": "Point", "coordinates": [-82.56666666836502, 35.541666667242005]}, "properties": {"p_logistic": 0.47010689973831177, "p_rf": 0.8399999737739563, "p_xgb": 0.9901605844497681, "date": "2026-02-07"}}, {"type": "Feature", "geometry": {"type": "Point", "coordinates": [-82.55833333503202, 35.541666667242005]}, "properties": {"p_logistic": 0.47159039974212646, "p_rf": 0.878000020980835, "p_xgb": 0.9918988943099976, "date": "2026-02-07"}}, {"type": "Feature", "geometry": {"type": "Point", "coordinates": [-82.55000000169902, 35.541666667242005]}, "properties": {"p_logistic": 0.47272777557373047, "p_rf": 0.9039999842643738, "p_xgb": 0.9920752048492432, "date": "2026-02-07"}}, {"type": "Feature", "geometry": {"type": "Point", "coordinates": [-82.54166666836602, 35.541666667242005]}, "properties": {"p_logistic": 0.47351863980293274, "p_rf": 0.9039999842643738, "p_xgb": 0.9931340217590332, "date": "2026-02-07"}}, {"type": "Feature", "geometry": {"type": "Point", "coordinates": [-82.53333333503302, 35.541666667242005]}, "properties": {"p_logistic": 0.4753865599632263, "p_rf": 0.9300000071525574, "p_xgb": 0.9946653842926025, "date": "2026-02-07"}}, {"type": "Feature", "geometry": {"type": "Point", "coordinates": [-82.52500000170002, 35.541666667242005]}, "properties": {"p_logistic": 0.47755956649780273, "p_rf": 0.9240000247955322, "p_xgb": 0.9946080446243286, "date": "2026-02-07"}}, {"type": "Feature", "geometry": {"type": "Point", "coordinates": [-82.51666666836701, 35.541666667242005]}, "properties": {"p_logistic": 0.48013412952423096, "p_rf": 0.9160000085830688, "p_xgb": 0.9890985488891602, "date": "2026-02-07"}}, {"type": "Feature", "geometry": {"type": "Point", "coordinates": [-82.50833333503402, 35.541666667242005]}, "properties": {"p_logistic": 0.48238638043403625, "p_rf": 0.8999999761581421, "p_xgb": 0.9909133911132812, "date": "2026-02-07"}}, {"type": "Feature", "geometry": {"type": "Point", "coordinates": [-82.50000000170101, 35.541666667242005]}, "properties": {"p_logistic": 0.4846521317958832, "p_rf": 0.8980000019073486, "p_xgb": 0.9925156235694885, "date": "2026-02-07"}}, {"type": "Feature", "geometry": {"type": "Point", "coordinates": [-82.49166666836803, 35.541666667242005]}, "properties": {"p_logistic": 0.486877977848053, "p_rf": 0.8640000224113464, "p_xgb": 0.9900228381156921, "date": "2026-02-07"}}, {"type": "Feature", "geometry": {"type": "Point", "coordinates": [-82.48333333503501, 35.541666667242005]}, "properties": {"p_logistic": 0.4896298348903656, "p_rf": 0.8939999938011169, "p_xgb": 0.997271716594696, "date": "2026-02-07"}}, {"type": "Feature", "geometry": {"type": "Point", "coordinates": [-82.47500000170201, 35.541666667242005]}, "properties": {"p_logistic": 0.49311840534210205, "p_rf": 0.9039999842643738, "p_xgb": 0.9947125911712646, "date": "2026-02-07"}}, {"type": "Feature", "geometry": {"type": "Point", "coordinates": [-82.46666666836902, 35.541666667242005]}, "properties": {"p_logistic": 0.49528664350509644, "p_rf": 0.8700000047683716, "p_xgb": 0.9954417943954468, "date": "2026-02-07"}}, {"type": "Feature", "geometry": {"type": "Point", "coordinates": [-82.45833333503602, 35.541666667242005]}, "properties": {"p_logistic": 0.49677082896232605, "p_rf": 0.8799999952316284, "p_xgb": 0.9952658414840698, "date": "2026-02-07"}}, {"type": "Feature", "geometry": {"type": "Point", "coordinates": [-82.45000000170302, 35.541666667242005]}, "properties": {"p_logistic": 0.4971822500228882, "p_rf": 0.8339999914169312, "p_xgb": 0.995094895362854, "date": "2026-02-07"}}, {"type": "Feature", "geometry": {"type": "Point", "coordinates": [-82.44166666837002, 35.541666667242005]}, "properties": {"p_logistic": 0.49746212363243103, "p_rf": 0.8259999752044678, "p_xgb": 0.994902491569519, "date": "2026-02-07"}}, {"type": "Feature", "geometry": {"type": "Point", "coordinates": [-82.43333333503702, 35.541666667242005]}, "properties": {"p_logistic": 0.4963463842868805, "p_rf": 0.8399999737739563, "p_xgb": 0.994902491569519, "date": "2026-02-07"}}, {"type": "Feature", "geometry": {"type": "Point", "coordinates": [-82.42500000170402, 35.541666667242005]}, "properties": {"p_logistic": 0.4954986274242401, "p_rf": 0.8479999899864197, "p_xgb": 0.994902491569519, "date": "2026-02-07"}}, {"type": "Feature", "geometry": {"type": "Point", "coordinates": [-82.41666666837102, 35.541666667242005]}, "properties": {"p_logistic": 0.4944104254245758, "p_rf": 0.8259999752044678, "p_xgb": 0.9945600628852844, "date": "2026-02-07"}}, {"type": "Feature", "geometry": {"type": "Point", "coordinates": [-82.40833333503801, 35.541666667242005]}, "properties": {"p_logistic": 0.4925401508808136, "p_rf": 0.8100000023841858, "p_xgb": 0.9945600628852844, "date": "2026-02-07"}}, {"type": "Feature", "geometry": {"type": "Point", "coordinates": [-82.40000000170502, 35.541666667242005]}, "properties": {"p_logistic": 0.4906734526157379, "p_rf": 0.843999981880188, "p_xgb": 0.9947997331619263, "date": "2026-02-07"}}, {"type": "Feature", "geometry": {"type": "Point", "coordinates": [-82.39166666837201, 35.541666667242005]}, "properties": {"p_logistic": 0.48887068033218384, "p_rf": 0.8700000047683716, "p_xgb": 0.9947997331619263, "date": "2026-02-07"}}, {"type": "Feature", "geometry": {"type": "Point", "coordinates": [-82.38333333503903, 35.541666667242005]}, "properties": {"p_logistic": 0.4869441092014313, "p_rf": 0.8659999966621399, "p_xgb": 0.9951351284980774, "date": "2026-02-07"}}, {"type": "Feature", "geometry": {"type": "Point", "coordinates": [-82.37500000170601, 35.541666667242005]}, "properties": {"p_logistic": 0.48638343811035156, "p_rf": 0.8640000224113464, "p_xgb": 0.9951351284980774, "date": "2026-02-07"}}, {"type": "Feature", "geometry": {"type": "Point", "coordinates": [-82.36666666837301, 35.541666667242005]}, "properties": {"p_logistic": 0.48582231998443604, "p_rf": 0.7720000147819519, "p_xgb": 0.9949959516525269, "date": "2026-02-07"}}, {"type": "Feature", "geometry": {"type": "Point", "coordinates": [-82.35833333504002, 35.541666667242005]}, "properties": {"p_logistic": 0.48623818159103394, "p_rf": 0.7239999771118164, "p_xgb": 0.9893925189971924, "date": "2026-02-07"}}, {"type": "Feature", "geometry": {"type": "Point", "coordinates": [-82.35000000170702, 35.541666667242005]}, "properties": {"p_logistic": 0.48667776584625244, "p_rf": 0.7200000286102295, "p_xgb": 0.9925352334976196, "date": "2026-02-07"}}, {"type": "Feature", "geometry": {"type": "Point", "coordinates": [-82.34166666837402, 35.541666667242005]}, "properties": {"p_logistic": 0.48637667298316956, "p_rf": 0.7300000190734863, "p_xgb": 0.9922515749931335, "date": "2026-02-07"}}, {"type": "Feature", "geometry": {"type": "Point", "coordinates": [-82.33333333504102, 35.541666667242005]}, "properties": {"p_logistic": 0.4859864413738251, "p_rf": 0.7300000190734863, "p_xgb": 0.9907177090644836, "date": "2026-02-07"}}, {"type": "Feature", "geometry": {"type": "Point", "coordinates": [-82.32500000170802, 35.541666667242005]}, "properties": {"p_logistic": 0.4860711693763733, "p_rf": 0.75, "p_xgb": 0.9907177090644836, "date": "2026-02-07"}}, {"type": "Feature", "geometry": {"type": "Point", "coordinates": [-82.31666666837502, 35.541666667242005]}, "properties": {"p_logistic": 0.48730796575546265, "p_rf": 0.7379999756813049, "p_xgb": 0.9882127642631531, "date": "2026-02-07"}}, {"type": "Feature", "geometry": {"type": "Point", "coordinates": [-82.30833333504202, 35.541666667242005]}, "properties": {"p_logistic": 0.4882224500179291, "p_rf": 0.7120000123977661, "p_xgb": 0.9844617247581482, "date": "2026-02-07"}}, {"type": "Feature", "geometry": {"type": "Point", "coordinates": [-82.30000000170901, 35.541666667242005]}, "properties": {"p_logistic": 0.4885193109512329, "p_rf": 0.7519999742507935, "p_xgb": 0.9832445383071899, "date": "2026-02-07"}}, {"type": "Feature", "geometry": {"type": "Point", "coordinates": [-82.29166666837602, 35.541666667242005]}, "properties": {"p_logistic": 0.4895268380641937, "p_rf": 0.7459999918937683, "p_xgb": 0.9780011177062988, "date": "2026-02-07"}}, {"type": "Feature", "geometry": {"type": "Point", "coordinates": [-82.28333333504301, 35.541666667242005]}, "properties": {"p_logistic": 0.4902055263519287, "p_rf": 0.7400000095367432, "p_xgb": 0.9726922512054443, "date": "2026-02-07"}}, {"type": "Feature", "geometry": {"type": "Point", "coordinates": [-82.27500000171003, 35.541666667242005]}, "properties": {"p_logistic": 0.4909082055091858, "p_rf": 0.7279999852180481, "p_xgb": 0.9720966815948486, "date": "2026-02-07"}}, {"type": "Feature", "geometry": {"type": "Point", "coordinates": [-82.26666666837701, 35.541666667242005]}, "properties": {"p_logistic": 0.4910391867160797, "p_rf": 0.7360000014305115, "p_xgb": 0.9708497524261475, "date": "2026-02-07"}}, {"type": "Feature", "geometry": {"type": "Point", "coordinates": [-82.25833333504401, 35.541666667242005]}, "properties": {"p_logistic": 0.49029624462127686, "p_rf": 0.7760000228881836, "p_xgb": 0.9780197143554688, "date": "2026-02-07"}}, {"type": "Feature", "geometry": {"type": "Point", "coordinates": [-82.25000000171102, 35.541666667242005]}, "properties": {"p_logistic": 0.4874381124973297, "p_rf": 0.7919999957084656, "p_xgb": 0.9775185585021973, "date": "2026-02-07"}}, {"type": "Feature", "geometry": {"type": "Point", "coordinates": [-82.24166666837802, 35.541666667242005]}, "properties": {"p_logistic": 0.4839356541633606, "p_rf": 0.7960000038146973, "p_xgb": 0.9712507128715515, "date": "2026-02-07"}}, {"type": "Feature", "geometry": {"type": "Point", "coordinates": [-82.23333333504502, 35.541666667242005]}, "properties": {"p_logistic": 0.4818720519542694, "p_rf": 0.7680000066757202, "p_xgb": 0.9706647396087646, "date": "2026-02-07"}}, {"type": "Feature", "geometry": {"type": "Point", "coordinates": [-82.22500000171202, 35.541666667242005]}, "properties": {"p_logistic": 0.4810520112514496, "p_rf": 0.7580000162124634, "p_xgb": 0.9587862491607666, "date": "2026-02-07"}}, {"type": "Feature", "geometry": {"type": "Point", "coordinates": [-82.21666666837902, 35.541666667242005]}, "properties": {"p_logistic": 0.48105522990226746, "p_rf": 0.7540000081062317, "p_xgb": 0.9587862491607666, "date": "2026-02-07"}}, {"type": "Feature", "geometry": {"type": "Point", "coordinates": [-82.20833333504602, 35.541666667242005]}, "properties": {"p_logistic": 0.48057395219802856, "p_rf": 0.7620000243186951, "p_xgb": 0.9559767246246338, "date": "2026-02-07"}}, {"type": "Feature", "geometry": {"type": "Point", "coordinates": [-82.20000000171302, 35.541666667242005]}, "properties": {"p_logistic": 0.47955322265625, "p_rf": 0.7739999890327454, "p_xgb": 0.9559767246246338, "date": "2026-02-07"}}, {"type": "Feature", "geometry": {"type": "Point", "coordinates": [-82.76666666835702, 35.533333333909006]}, "properties": {"p_logistic": 0.46526899933815, "p_rf": 0.8899999856948853, "p_xgb": 0.99493008852005, "date": "2026-02-07"}}, {"type": "Feature", "geometry": {"type": "Point", "coordinates": [-82.75833333502402, 35.533333333909006]}, "properties": {"p_logistic": 0.46639835834503174, "p_rf": 0.878000020980835, "p_xgb": 0.99493008852005, "date": "2026-02-07"}}, {"type": "Feature", "geometry": {"type": "Point", "coordinates": [-82.75000000169102, 35.533333333909006]}, "properties": {"p_logistic": 0.4671684503555298, "p_rf": 0.8679999709129333, "p_xgb": 0.9940481185913086, "date": "2026-02-07"}}, {"type": "Feature", "geometry": {"type": "Point", "coordinates": [-82.74166666835802, 35.533333333909006]}, "properties": {"p_logistic": 0.4680168926715851, "p_rf": 0.871999979019165, "p_xgb": 0.9940481185913086, "date": "2026-02-07"}}, {"type": "Feature", "geometry": {"type": "Point", "coordinates": [-82.73333333502501, 35.533333333909006]}, "properties": {"p_logistic": 0.46830642223358154, "p_rf": 0.8640000224113464, "p_xgb": 0.9926066398620605, "date": "2026-02-07"}}, {"type": "Feature", "geometry": {"type": "Point", "coordinates": [-82.72500000169202, 35.533333333909006]}, "properties": {"p_logistic": 0.4684429168701172, "p_rf": 0.8679999709129333, "p_xgb": 0.9924100637435913, "date": "2026-02-07"}}, {"type": "Feature", "geometry": {"type": "Point", "coordinates": [-82.71666666835901, 35.533333333909006]}, "properties": {"p_logistic": 0.46853986382484436, "p_rf": 0.8539999723434448, "p_xgb": 0.9924100637435913, "date": "2026-02-07"}}, {"type": "Feature", "geometry": {"type": "Point", "coordinates": [-82.70833333502603, 35.533333333909006]}, "properties": {"p_logistic": 0.4686427414417267, "p_rf": 0.7699999809265137, "p_xgb": 0.9906540513038635, "date": "2026-02-07"}}, {"type": "Feature", "geometry": {"type": "Point", "coordinates": [-82.70000000169301, 35.533333333909006]}, "properties": {"p_logistic": 0.46872007846832275, "p_rf": 0.7440000176429749, "p_xgb": 0.9904597997665405, "date": "2026-02-07"}}, {"type": "Feature", "geometry": {"type": "Point", "coordinates": [-82.69166666836001, 35.533333333909006]}, "properties": {"p_logistic": 0.4684183895587921, "p_rf": 0.7440000176429749, "p_xgb": 0.9895039796829224, "date": "2026-02-07"}}, {"type": "Feature", "geometry": {"type": "Point", "coordinates": [-82.68333333502702, 35.533333333909006]}, "properties": {"p_logistic": 0.46844199299812317, "p_rf": 0.7440000176429749, "p_xgb": 0.9895039796829224, "date": "2026-02-07"}}, {"type": "Feature", "geometry": {"type": "Point", "coordinates": [-82.67500000169402, 35.533333333909006]}, "properties": {"p_logistic": 0.46882760524749756, "p_rf": 0.7480000257492065, "p_xgb": 0.9904597997665405, "date": "2026-02-07"}}, {"type": "Feature", "geometry": {"type": "Point", "coordinates": [-82.66666666836102, 35.533333333909006]}, "properties": {"p_logistic": 0.46848034858703613, "p_rf": 0.7440000176429749, "p_xgb": 0.9904597997665405, "date": "2026-02-07"}}, {"type": "Feature", "geometry": {"type": "Point", "coordinates": [-82.65833333502802, 35.533333333909006]}, "properties": {"p_logistic": 0.4680759906768799, "p_rf": 0.7379999756813049, "p_xgb": 0.9904597997665405, "date": "2026-02-07"}}, {"type": "Feature", "geometry": {"type": "Point", "coordinates": [-82.65000000169502, 35.533333333909006]}, "properties": {"p_logistic": 0.46828794479370117, "p_rf": 0.75, "p_xgb": 0.9873126149177551, "date": "2026-02-07"}}, {"type": "Feature", "geometry": {"type": "Point", "coordinates": [-82.64166666836202, 35.533333333909006]}, "properties": {"p_logistic": 0.4681985378265381, "p_rf": 0.7540000081062317, "p_xgb": 0.9873126149177551, "date": "2026-02-07"}}, {"type": "Feature", "geometry": {"type": "Point", "coordinates": [-82.63333333502902, 35.533333333909006]}, "properties": {"p_logistic": 0.4680284857749939, "p_rf": 0.7599999904632568, "p_xgb": 0.9873126149177551, "date": "2026-02-07"}}, {"type": "Feature", "geometry": {"type": "Point", "coordinates": [-82.62500000169601, 35.533333333909006]}, "properties": {"p_logistic": 0.46807748079299927, "p_rf": 0.7739999890327454, "p_xgb": 0.9880168437957764, "date": "2026-02-07"}}, {"type": "Feature", "geometry": {"type": "Point", "coordinates": [-82.61666666836302, 35.533333333909006]}, "properties": {"p_logistic": 0.4675939083099365, "p_rf": 0.7699999809265137, "p_xgb": 0.9880168437957764, "date": "2026-02-07"}}, {"type": "Feature", "geometry": {"type": "Point", "coordinates": [-82.60833333503001, 35.533333333909006]}, "properties": {"p_logistic": 0.4673529267311096, "p_rf": 0.7680000066757202, "p_xgb": 0.9868196249008179, "date": "2026-02-07"}}, {"type": "Feature", "geometry": {"type": "Point", "coordinates": [-82.60000000169703, 35.533333333909006]}, "properties": {"p_logistic": 0.4672681391239166, "p_rf": 0.7680000066757202, "p_xgb": 0.9870049357414246, "date": "2026-02-07"}}, {"type": "Feature", "geometry": {"type": "Point", "coordinates": [-82.59166666836401, 35.533333333909006]}, "properties": {"p_logistic": 0.4679044187068939, "p_rf": 0.7720000147819519, "p_xgb": 0.9873126149177551, "date": "2026-02-07"}}, {"type": "Feature", "geometry": {"type": "Point", "coordinates": [-82.58333333503101, 35.533333333909006]}, "properties": {"p_logistic": 0.4686124622821808, "p_rf": 0.7699999809265137, "p_xgb": 0.9899080991744995, "date": "2026-02-07"}}, {"type": "Feature", "geometry": {"type": "Point", "coordinates": [-82.57500000169802, 35.533333333909006]}, "properties": {"p_logistic": 0.46969088912010193, "p_rf": 0.7760000228881836, "p_xgb": 0.990757942199707, "date": "2026-02-07"}}, {"type": "Feature", "geometry": {"type": "Point", "coordinates": [-82.56666666836502, 35.533333333909006]}, "properties": {"p_logistic": 0.4711045026779175, "p_rf": 0.8820000290870667, "p_xgb": 0.9922215342521667, "date": "2026-02-07"}}, {"type": "Feature", "geometry": {"type": "Point", "coordinates": [-82.55833333503202, 35.533333333909006]}, "properties": {"p_logistic": 0.4727398753166199, "p_rf": 0.9020000100135803, "p_xgb": 0.9937883019447327, "date": "2026-02-07"}}, {"type": "Feature", "geometry": {"type": "Point", "coordinates": [-82.55000000169902, 35.533333333909006]}, "properties": {"p_logistic": 0.47381463646888733, "p_rf": 0.9020000100135803, "p_xgb": 0.9935293793678284, "date": "2026-02-07"}}, {"type": "Feature", "geometry": {"type": "Point", "coordinates": [-82.54166666836602, 35.533333333909006]}, "properties": {"p_logistic": 0.47450336813926697, "p_rf": 0.906000018119812, "p_xgb": 0.9935293793678284, "date": "2026-02-07"}}, {"type": "Feature", "geometry": {"type": "Point", "coordinates": [-82.53333333503302, 35.533333333909006]}, "properties": {"p_logistic": 0.47590622305870056, "p_rf": 0.9079999923706055, "p_xgb": 0.9926837086677551, "date": "2026-02-07"}}, {"type": "Feature", "geometry": {"type": "Point", "coordinates": [-82.52500000170002, 35.533333333909006]}, "properties": {"p_logistic": 0.4777921140193939, "p_rf": 0.8899999856948853, "p_xgb": 0.9869051575660706, "date": "2026-02-07"}}, {"type": "Feature", "geometry": {"type": "Point", "coordinates": [-82.51666666836701, 35.533333333909006]}, "properties": {"p_logistic": 0.48022907972335815, "p_rf": 0.8859999775886536, "p_xgb": 0.9890810251235962, "date": "2026-02-07"}}, {"type": "Feature", "geometry": {"type": "Point", "coordinates": [-82.50833333503402, 35.533333333909006]}, "properties": {"p_logistic": 0.483242392539978, "p_rf": 0.8960000276565552, "p_xgb": 0.9874663949012756, "date": "2026-02-07"}}, {"type": "Feature", "geometry": {"type": "Point", "coordinates": [-82.50000000170101, 35.533333333909006]}, "properties": {"p_logistic": 0.485897421836853, "p_rf": 0.9279999732971191, "p_xgb": 0.9925287961959839, "date": "2026-02-07"}}, {"type": "Feature", "geometry": {"type": "Point", "coordinates": [-82.49166666836803, 35.533333333909006]}, "properties": {"p_logistic": 0.4884912073612213, "p_rf": 0.9380000233650208, "p_xgb": 0.9964590668678284, "date": "2026-02-07"}}, {"type": "Feature", "geometry": {"type": "Point", "coordinates": [-82.48333333503501, 35.533333333909006]}, "properties": {"p_logistic": 0.49087846279144287, "p_rf": 0.871999979019165, "p_xgb": 0.9966896772384644, "date": "2026-02-07"}}, {"type": "Feature", "geometry": {"type": "Point", "coordinates": [-82.47500000170201, 35.533333333909006]}, "properties": {"p_logistic": 0.4941834509372711, "p_rf": 0.8619999885559082, "p_xgb": 0.9954417943954468, "date": "2026-02-07"}}, {"type": "Feature", "geometry": {"type": "Point", "coordinates": [-82.46666666836902, 35.533333333909006]}, "properties": {"p_logistic": 0.4956170916557312, "p_rf": 0.871999979019165, "p_xgb": 0.9955834746360779, "date": "2026-02-07"}}, {"type": "Feature", "geometry": {"type": "Point", "coordinates": [-82.45833333503602, 35.533333333909006]}, "properties": {"p_logistic": 0.49634772539138794, "p_rf": 0.8560000061988831, "p_xgb": 0.9954557418823242, "date": "2026-02-07"}}, {"type": "Feature", "geometry": {"type": "Point", "coordinates": [-82.45000000170302, 35.533333333909006]}, "properties": {"p_logistic": 0.4961472749710083, "p_rf": 0.8320000171661377, "p_xgb": 0.995094895362854, "date": "2026-02-07"}}, {"type": "Feature", "geometry": {"type": "Point", "coordinates": [-82.44166666837002, 35.533333333909006]}, "properties": {"p_logistic": 0.4943370521068573, "p_rf": 0.8560000061988831, "p_xgb": 0.995094895362854, "date": "2026-02-07"}}, {"type": "Feature", "geometry": {"type": "Point", "coordinates": [-82.43333333503702, 35.533333333909006]}, "properties": {"p_logistic": 0.49281877279281616, "p_rf": 0.8600000143051147, "p_xgb": 0.994902491569519, "date": "2026-02-07"}}, {"type": "Feature", "geometry": {"type": "Point", "coordinates": [-82.42500000170402, 35.533333333909006]}, "properties": {"p_logistic": 0.4911825358867645, "p_rf": 0.8539999723434448, "p_xgb": 0.9945600628852844, "date": "2026-02-07"}}, {"type": "Feature", "geometry": {"type": "Point", "coordinates": [-82.41666666837102, 35.533333333909006]}, "properties": {"p_logistic": 0.4896385967731476, "p_rf": 0.843999981880188, "p_xgb": 0.9907926917076111, "date": "2026-02-07"}}, {"type": "Feature", "geometry": {"type": "Point", "coordinates": [-82.40833333503801, 35.533333333909006]}, "properties": {"p_logistic": 0.48786789178848267, "p_rf": 0.8100000023841858, "p_xgb": 0.9907926917076111, "date": "2026-02-07"}}, {"type": "Feature", "geometry": {"type": "Point", "coordinates": [-82.40000000170502, 35.533333333909006]}, "properties": {"p_logistic": 0.4867992103099823, "p_rf": 0.8220000267028809, "p_xgb": 0.9907926917076111, "date": "2026-02-07"}}, {"type": "Feature", "geometry": {"type": "Point", "coordinates": [-82.39166666837201, 35.533333333909006]}, "properties": {"p_logistic": 0.48556065559387207, "p_rf": 0.8399999737739563, "p_xgb": 0.9913567304611206, "date": "2026-02-07"}}, {"type": "Feature", "geometry": {"type": "Point", "coordinates": [-82.38333333503903, 35.533333333909006]}, "properties": {"p_logistic": 0.4849461317062378, "p_rf": 0.8560000061988831, "p_xgb": 0.9949959516525269, "date": "2026-02-07"}}, {"type": "Feature", "geometry": {"type": "Point", "coordinates": [-82.37500000170601, 35.533333333909006]}, "properties": {"p_logistic": 0.4841790497303009, "p_rf": 0.8019999861717224, "p_xgb": 0.9949959516525269, "date": "2026-02-07"}}, {"type": "Feature", "geometry": {"type": "Point", "coordinates": [-82.36666666837301, 35.533333333909006]}, "properties": {"p_logistic": 0.484396755695343, "p_rf": 0.7839999794960022, "p_xgb": 0.9915279150009155, "date": "2026-02-07"}}, {"type": "Feature", "geometry": {"type": "Point", "coordinates": [-82.35833333504002, 35.533333333909006]}, "properties": {"p_logistic": 0.4851111173629761, "p_rf": 0.7599999904632568, "p_xgb": 0.9898020625114441, "date": "2026-02-07"}}, {"type": "Feature", "geometry": {"type": "Point", "coordinates": [-82.35000000170702, 35.533333333909006]}, "properties": {"p_logistic": 0.4855515956878662, "p_rf": 0.7459999918937683, "p_xgb": 0.9907015562057495, "date": "2026-02-07"}}, {"type": "Feature", "geometry": {"type": "Point", "coordinates": [-82.34166666837402, 35.533333333909006]}, "properties": {"p_logistic": 0.48501113057136536, "p_rf": 0.7400000095367432, "p_xgb": 0.9905303120613098, "date": "2026-02-07"}}, {"type": "Feature", "geometry": {"type": "Point", "coordinates": [-82.33333333504102, 35.533333333909006]}, "properties": {"p_logistic": 0.4844582676887512, "p_rf": 0.7440000176429749, "p_xgb": 0.9882127642631531, "date": "2026-02-07"}}, {"type": "Feature", "geometry": {"type": "Point", "coordinates": [-82.32500000170802, 35.533333333909006]}, "properties": {"p_logistic": 0.48464155197143555, "p_rf": 0.734000027179718, "p_xgb": 0.9882127642631531, "date": "2026-02-07"}}, {"type": "Feature", "geometry": {"type": "Point", "coordinates": [-82.31666666837502, 35.533333333909006]}, "properties": {"p_logistic": 0.48562002182006836, "p_rf": 0.7680000066757202, "p_xgb": 0.9842117428779602, "date": "2026-02-07"}}, {"type": "Feature", "geometry": {"type": "Point", "coordinates": [-82.30833333504202, 35.533333333909006]}, "properties": {"p_logistic": 0.48655205965042114, "p_rf": 0.7580000162124634, "p_xgb": 0.9777677655220032, "date": "2026-02-07"}}, {"type": "Feature", "geometry": {"type": "Point", "coordinates": [-82.30000000170901, 35.533333333909006]}, "properties": {"p_logistic": 0.48714232444763184, "p_rf": 0.7580000162124634, "p_xgb": 0.9775185585021973, "date": "2026-02-07"}}, {"type": "Feature", "geometry": {"type": "Point", "coordinates": [-82.29166666837602, 35.533333333909006]}, "properties": {"p_logistic": 0.4874822795391083, "p_rf": 0.7559999823570251, "p_xgb": 0.9714644551277161, "date": "2026-02-07"}}, {"type": "Feature", "geometry": {"type": "Point", "coordinates": [-82.28333333504301, 35.533333333909006]}, "properties": {"p_logistic": 0.4877534508705139, "p_rf": 0.7379999756813049, "p_xgb": 0.9714644551277161, "date": "2026-02-07"}}, {"type": "Feature", "geometry": {"type": "Point", "coordinates": [-82.27500000171003, 35.533333333909006]}, "properties": {"p_logistic": 0.4877420961856842, "p_rf": 0.7419999837875366, "p_xgb": 0.9714644551277161, "date": "2026-02-07"}}, {"type": "Feature", "geometry": {"type": "Point", "coordinates": [-82.26666666837701, 35.533333333909006]}, "properties": {"p_logistic": 0.4872138500213623, "p_rf": 0.7379999756813049, "p_xgb": 0.9697396755218506, "date": "2026-02-07"}}, {"type": "Feature", "geometry": {"type": "Point", "coordinates": [-82.25833333504401, 35.533333333909006]}, "properties": {"p_logistic": 0.48599573969841003, "p_rf": 0.722000002861023, "p_xgb": 0.9700446128845215, "date": "2026-02-07"}}, {"type": "Feature", "geometry": {"type": "Point", "coordinates": [-82.25000000171102, 35.533333333909006]}, "properties": {"p_logistic": 0.48309212923049927, "p_rf": 0.7099999785423279, "p_xgb": 0.9587862491607666, "date": "2026-02-07"}}, {"type": "Feature", "geometry": {"type": "Point", "coordinates": [-82.24166666837802, 35.533333333909006]}, "properties": {"p_logistic": 0.47951969504356384, "p_rf": 0.7080000042915344, "p_xgb": 0.9587862491607666, "date": "2026-02-07"}}, {"type": "Feature", "geometry": {"type": "Point", "coordinates": [-82.23333333504502, 35.533333333909006]}, "properties": {"p_logistic": 0.4774782061576843, "p_rf": 0.6980000138282776, "p_xgb": 0.9587862491607666, "date": "2026-02-07"}}, {"type": "Feature", "geometry": {"type": "Point", "coordinates": [-82.22500000171202, 35.533333333909006]}, "properties": {"p_logistic": 0.4770493507385254, "p_rf": 0.7020000219345093, "p_xgb": 0.9559767246246338, "date": "2026-02-07"}}, {"type": "Feature", "geometry": {"type": "Point", "coordinates": [-82.21666666837902, 35.533333333909006]}, "properties": {"p_logistic": 0.47683802247047424, "p_rf": 0.7160000205039978, "p_xgb": 0.9559767246246338, "date": "2026-02-07"}}, {"type": "Feature", "geometry": {"type": "Point", "coordinates": [-82.20833333504602, 35.533333333909006]}, "properties": {"p_logistic": 0.47633665800094604, "p_rf": 0.7279999852180481, "p_xgb": 0.959629476070404, "date": "2026-02-07"}}, {"type": "Feature", "geometry": {"type": "Point", "coordinates": [-82.20000000171302, 35.533333333909006]}, "properties": {"p_logistic": 0.4748467206954956, "p_rf": 0.7519999742507935, "p_xgb": 0.9768972396850586, "date": "2026-02-07"}}, {"type": "Feature", "geometry": {"type": "Point", "coordinates": [-82.19166666838001, 35.533333333909006]}, "properties": {"p_logistic": 0.471893846988678, "p_rf": 0.7599999904632568, "p_xgb": 0.9768972396850586, "date": "2026-02-07"}}, {"type": "Feature", "geometry": {"type": "Point", "coordinates": [-82.18333333504702, 35.533333333909006]}, "properties": {"p_logistic": 0.4693288505077362, "p_rf": 0.7900000214576721, "p_xgb": 0.9817286133766174, "date": "2026-02-07"}}, {"type": "Feature", "geometry": {"type": "Point", "coordinates": [-82.77500000169002, 35.525000000576]}, "properties": {"p_logistic": 0.4640941023826599, "p_rf": 0.8899999856948853, "p_xgb": 0.9957782030105591, "date": "2026-02-07"}}, {"type": "Feature", "geometry": {"type": "Point", "coordinates": [-82.76666666835702, 35.525000000576]}, "properties": {"p_logistic": 0.46492260694503784, "p_rf": 0.8759999871253967, "p_xgb": 0.9925770163536072, "date": "2026-02-07"}}, {"type": "Feature", "geometry": {"type": "Point", "coordinates": [-82.75833333502402, 35.525000000576]}, "properties": {"p_logistic": 0.4662122130393982, "p_rf": 0.8740000128746033, "p_xgb": 0.9920752048492432, "date": "2026-02-07"}}, {"type": "Feature", "geometry": {"type": "Point", "coordinates": [-82.75000000169102, 35.525000000576]}, "properties": {"p_logistic": 0.467256098985672, "p_rf": 0.8840000033378601, "p_xgb": 0.9920752048492432, "date": "2026-02-07"}}, {"type": "Feature", "geometry": {"type": "Point", "coordinates": [-82.74166666835802, 35.525000000576]}, "properties": {"p_logistic": 0.46782881021499634, "p_rf": 0.8759999871253967, "p_xgb": 0.9918988943099976, "date": "2026-02-07"}}, {"type": "Feature", "geometry": {"type": "Point", "coordinates": [-82.73333333502501, 35.525000000576]}, "properties": {"p_logistic": 0.4684065580368042, "p_rf": 0.871999979019165, "p_xgb": 0.9901605844497681, "date": "2026-02-07"}}, {"type": "Feature", "geometry": {"type": "Point", "coordinates": [-82.72500000169202, 35.525000000576]}, "properties": {"p_logistic": 0.46877560019493103, "p_rf": 0.8679999709129333, "p_xgb": 0.9898996949195862, "date": "2026-02-07"}}, {"type": "Feature", "geometry": {"type": "Point", "coordinates": [-82.71666666835901, 35.525000000576]}, "properties": {"p_logistic": 0.46883442997932434, "p_rf": 0.8560000061988831, "p_xgb": 0.9898996949195862, "date": "2026-02-07"}}, {"type": "Feature", "geometry": {"type": "Point", "coordinates": [-82.70833333502603, 35.525000000576]}, "properties": {"p_logistic": 0.4689200818538666, "p_rf": 0.8500000238418579, "p_xgb": 0.9875703454017639, "date": "2026-02-07"}}, {"type": "Feature", "geometry": {"type": "Point", "coordinates": [-82.70000000169301, 35.525000000576]}, "properties": {"p_logistic": 0.4691005349159241, "p_rf": 0.7580000162124634, "p_xgb": 0.9890540838241577, "date": "2026-02-07"}}, {"type": "Feature", "geometry": {"type": "Point", "coordinates": [-82.69166666836001, 35.525000000576]}, "properties": {"p_logistic": 0.46895065903663635, "p_rf": 0.7540000081062317, "p_xgb": 0.9890540838241577, "date": "2026-02-07"}}, {"type": "Feature", "geometry": {"type": "Point", "coordinates": [-82.68333333502702, 35.525000000576]}, "properties": {"p_logistic": 0.4684181809425354, "p_rf": 0.7519999742507935, "p_xgb": 0.9881122708320618, "date": "2026-02-07"}}, {"type": "Feature", "geometry": {"type": "Point", "coordinates": [-82.67500000169402, 35.525000000576]}, "properties": {"p_logistic": 0.46846336126327515, "p_rf": 0.7480000257492065, "p_xgb": 0.9881122708320618, "date": "2026-02-07"}}, {"type": "Feature", "geometry": {"type": "Point", "coordinates": [-82.66666666836102, 35.525000000576]}, "properties": {"p_logistic": 0.46843212842941284, "p_rf": 0.75, "p_xgb": 0.9881122708320618, "date": "2026-02-07"}}, {"type": "Feature", "geometry": {"type": "Point", "coordinates": [-82.65833333502802, 35.525000000576]}, "properties": {"p_logistic": 0.4684859812259674, "p_rf": 0.7440000176429749, "p_xgb": 0.9873126149177551, "date": "2026-02-07"}}, {"type": "Feature", "geometry": {"type": "Point", "coordinates": [-82.65000000169502, 35.525000000576]}, "properties": {"p_logistic": 0.46824389696121216, "p_rf": 0.7480000257492065, "p_xgb": 0.9873126149177551, "date": "2026-02-07"}}, {"type": "Feature", "geometry": {"type": "Point", "coordinates": [-82.64166666836202, 35.525000000576]}, "properties": {"p_logistic": 0.46809491515159607, "p_rf": 0.7839999794960022, "p_xgb": 0.9875703454017639, "date": "2026-02-07"}}, {"type": "Feature", "geometry": {"type": "Point", "coordinates": [-82.63333333502902, 35.525000000576]}, "properties": {"p_logistic": 0.46809422969818115, "p_rf": 0.8820000290870667, "p_xgb": 0.9896034002304077, "date": "2026-02-07"}}, {"type": "Feature", "geometry": {"type": "Point", "coordinates": [-82.62500000169601, 35.525000000576]}, "properties": {"p_logistic": 0.4677678048610687, "p_rf": 0.8999999761581421, "p_xgb": 0.9871078133583069, "date": "2026-02-07"}}, {"type": "Feature", "geometry": {"type": "Point", "coordinates": [-82.61666666836302, 35.525000000576]}, "properties": {"p_logistic": 0.4676550626754761, "p_rf": 0.906000018119812, "p_xgb": 0.9892061948776245, "date": "2026-02-07"}}, {"type": "Feature", "geometry": {"type": "Point", "coordinates": [-82.60833333503001, 35.525000000576]}, "properties": {"p_logistic": 0.4673236608505249, "p_rf": 0.8939999938011169, "p_xgb": 0.9888771176338196, "date": "2026-02-07"}}, {"type": "Feature", "geometry": {"type": "Point", "coordinates": [-82.60000000169703, 35.525000000576]}, "properties": {"p_logistic": 0.4677750766277313, "p_rf": 0.8799999952316284, "p_xgb": 0.990492045879364, "date": "2026-02-07"}}, {"type": "Feature", "geometry": {"type": "Point", "coordinates": [-82.59166666836401, 35.525000000576]}, "properties": {"p_logistic": 0.4683125913143158, "p_rf": 0.8820000290870667, "p_xgb": 0.990492045879364, "date": "2026-02-07"}}, {"type": "Feature", "geometry": {"type": "Point", "coordinates": [-82.58333333503101, 35.525000000576]}, "properties": {"p_logistic": 0.4690491259098053, "p_rf": 0.8159999847412109, "p_xgb": 0.9917902946472168, "date": "2026-02-07"}}, {"type": "Feature", "geometry": {"type": "Point", "coordinates": [-82.57500000169802, 35.525000000576]}, "properties": {"p_logistic": 0.46998658776283264, "p_rf": 0.8759999871253967, "p_xgb": 0.9917902946472168, "date": "2026-02-07"}}, {"type": "Feature", "geometry": {"type": "Point", "coordinates": [-82.56666666836502, 35.525000000576]}, "properties": {"p_logistic": 0.47149500250816345, "p_rf": 0.8899999856948853, "p_xgb": 0.9933714866638184, "date": "2026-02-07"}}, {"type": "Feature", "geometry": {"type": "Point", "coordinates": [-82.55833333503202, 35.525000000576]}, "properties": {"p_logistic": 0.4731850326061249, "p_rf": 0.8960000276565552, "p_xgb": 0.9925053119659424, "date": "2026-02-07"}}, {"type": "Feature", "geometry": {"type": "Point", "coordinates": [-82.55000000169902, 35.525000000576]}, "properties": {"p_logistic": 0.4741882085800171, "p_rf": 0.9020000100135803, "p_xgb": 0.9866153001785278, "date": "2026-02-07"}}, {"type": "Feature", "geometry": {"type": "Point", "coordinates": [-82.54166666836602, 35.525000000576]}, "properties": {"p_logistic": 0.47470828890800476, "p_rf": 0.8859999775886536, "p_xgb": 0.9853540658950806, "date": "2026-02-07"}}, {"type": "Feature", "geometry": {"type": "Point", "coordinates": [-82.53333333503302, 35.525000000576]}, "properties": {"p_logistic": 0.4753033518791199, "p_rf": 0.8859999775886536, "p_xgb": 0.9818339943885803, "date": "2026-02-07"}}, {"type": "Feature", "geometry": {"type": "Point", "coordinates": [-82.52500000170002, 35.525000000576]}, "properties": {"p_logistic": 0.4768868684768677, "p_rf": 0.8840000033378601, "p_xgb": 0.9818339943885803, "date": "2026-02-07"}}, {"type": "Feature", "geometry": {"type": "Point", "coordinates": [-82.51666666836701, 35.525000000576]}, "properties": {"p_logistic": 0.47895970940589905, "p_rf": 0.8920000195503235, "p_xgb": 0.984973669052124, "date": "2026-02-07"}}, {"type": "Feature", "geometry": {"type": "Point", "coordinates": [-82.50833333503402, 35.525000000576]}, "properties": {"p_logistic": 0.4820616841316223, "p_rf": 0.9200000166893005, "p_xgb": 0.9852713346481323, "date": "2026-02-07"}}, {"type": "Feature", "geometry": {"type": "Point", "coordinates": [-82.50000000170101, 35.525000000576]}, "properties": {"p_logistic": 0.48513543605804443, "p_rf": 0.9259999990463257, "p_xgb": 0.995841920375824, "date": "2026-02-07"}}, {"type": "Feature", "geometry": {"type": "Point", "coordinates": [-82.49166666836803, 35.525000000576]}, "properties": {"p_logistic": 0.48791438341140747, "p_rf": 0.9259999990463257, "p_xgb": 0.9965381622314453, "date": "2026-02-07"}}, {"type": "Feature", "geometry": {"type": "Point", "coordinates": [-82.48333333503501, 35.525000000576]}, "properties": {"p_logistic": 0.4909884035587311, "p_rf": 0.9300000071525574, "p_xgb": 0.9948880076408386, "date": "2026-02-07"}}, {"type": "Feature", "geometry": {"type": "Point", "coordinates": [-82.47500000170201, 35.525000000576]}, "properties": {"p_logistic": 0.49376800656318665, "p_rf": 0.8339999914169312, "p_xgb": 0.9954417943954468, "date": "2026-02-07"}}, {"type": "Feature", "geometry": {"type": "Point", "coordinates": [-82.46666666836902, 35.525000000576]}, "properties": {"p_logistic": 0.49532076716423035, "p_rf": 0.8320000171661377, "p_xgb": 0.9954557418823242, "date": "2026-02-07"}}, {"type": "Feature", "geometry": {"type": "Point", "coordinates": [-82.45833333503602, 35.525000000576]}, "properties": {"p_logistic": 0.4958937466144562, "p_rf": 0.8679999709129333, "p_xgb": 0.995094895362854, "date": "2026-02-07"}}, {"type": "Feature", "geometry": {"type": "Point", "coordinates": [-82.45000000170302, 35.525000000576]}, "properties": {"p_logistic": 0.49417829513549805, "p_rf": 0.8700000047683716, "p_xgb": 0.995094895362854, "date": "2026-02-07"}}, {"type": "Feature", "geometry": {"type": "Point", "coordinates": [-82.44166666837002, 35.525000000576]}, "properties": {"p_logistic": 0.4916916787624359, "p_rf": 0.8700000047683716, "p_xgb": 0.995094895362854, "date": "2026-02-07"}}, {"type": "Feature", "geometry": {"type": "Point", "coordinates": [-82.43333333503702, 35.525000000576]}, "properties": {"p_logistic": 0.48844408988952637, "p_rf": 0.8700000047683716, "p_xgb": 0.995094895362854, "date": "2026-02-07"}}, {"type": "Feature", "geometry": {"type": "Point", "coordinates": [-82.42500000170402, 35.525000000576]}, "properties": {"p_logistic": 0.48561474680900574, "p_rf": 0.8600000143051147, "p_xgb": 0.995094895362854, "date": "2026-02-07"}}, {"type": "Feature", "geometry": {"type": "Point", "coordinates": [-82.41666666837102, 35.525000000576]}, "properties": {"p_logistic": 0.48358067870140076, "p_rf": 0.8640000224113464, "p_xgb": 0.9947654008865356, "date": "2026-02-07"}}, {"type": "Feature", "geometry": {"type": "Point", "coordinates": [-82.40833333503801, 35.525000000576]}, "properties": {"p_logistic": 0.482452929019928, "p_rf": 0.8579999804496765, "p_xgb": 0.9951163530349731, "date": "2026-02-07"}}, {"type": "Feature", "geometry": {"type": "Point", "coordinates": [-82.40000000170502, 35.525000000576]}, "properties": {"p_logistic": 0.4827384650707245, "p_rf": 0.8600000143051147, "p_xgb": 0.9951163530349731, "date": "2026-02-07"}}, {"type": "Feature", "geometry": {"type": "Point", "coordinates": [-82.39166666837201, 35.525000000576]}, "properties": {"p_logistic": 0.4832143783569336, "p_rf": 0.8640000224113464, "p_xgb": 0.9947654008865356, "date": "2026-02-07"}}, {"type": "Feature", "geometry": {"type": "Point", "coordinates": [-82.38333333503903, 35.525000000576]}, "properties": {"p_logistic": 0.4839078485965729, "p_rf": 0.8579999804496765, "p_xgb": 0.9949108958244324, "date": "2026-02-07"}}, {"type": "Feature", "geometry": {"type": "Point", "coordinates": [-82.37500000170601, 35.525000000576]}, "properties": {"p_logistic": 0.4844554662704468, "p_rf": 0.7919999957084656, "p_xgb": 0.9945659637451172, "date": "2026-02-07"}}, {"type": "Feature", "geometry": {"type": "Point", "coordinates": [-82.36666666837301, 35.525000000576]}, "properties": {"p_logistic": 0.4850710928440094, "p_rf": 0.7940000295639038, "p_xgb": 0.9885359406471252, "date": "2026-02-07"}}, {"type": "Feature", "geometry": {"type": "Point", "coordinates": [-82.35833333504002, 35.525000000576]}, "properties": {"p_logistic": 0.4864259660243988, "p_rf": 0.7739999890327454, "p_xgb": 0.9902749061584473, "date": "2026-02-07"}}, {"type": "Feature", "geometry": {"type": "Point", "coordinates": [-82.35000000170702, 35.525000000576]}, "properties": {"p_logistic": 0.4858849048614502, "p_rf": 0.7300000190734863, "p_xgb": 0.9902917742729187, "date": "2026-02-07"}}, {"type": "Feature", "geometry": {"type": "Point", "coordinates": [-82.34166666837402, 35.525000000576]}, "properties": {"p_logistic": 0.48480695486068726, "p_rf": 0.7039999961853027, "p_xgb": 0.9878760576248169, "date": "2026-02-07"}}, {"type": "Feature", "geometry": {"type": "Point", "coordinates": [-82.33333333504102, 35.525000000576]}, "properties": {"p_logistic": 0.4836290776729584, "p_rf": 0.765999972820282, "p_xgb": 0.9872733354568481, "date": "2026-02-07"}}, {"type": "Feature", "geometry": {"type": "Point", "coordinates": [-82.32500000170802, 35.525000000576]}, "properties": {"p_logistic": 0.48381227254867554, "p_rf": 0.7699999809265137, "p_xgb": 0.9814999103546143, "date": "2026-02-07"}}, {"type": "Feature", "geometry": {"type": "Point", "coordinates": [-82.31666666837502, 35.525000000576]}, "properties": {"p_logistic": 0.4844169318675995, "p_rf": 0.765999972820282, "p_xgb": 0.9772802591323853, "date": "2026-02-07"}}, {"type": "Feature", "geometry": {"type": "Point", "coordinates": [-82.30833333504202, 35.525000000576]}, "properties": {"p_logistic": 0.4848121404647827, "p_rf": 0.7599999904632568, "p_xgb": 0.9716794490814209, "date": "2026-02-07"}}, {"type": "Feature", "geometry": {"type": "Point", "coordinates": [-82.30000000170901, 35.525000000576]}, "properties": {"p_logistic": 0.4854660630226135, "p_rf": 0.7459999918937683, "p_xgb": 0.9771760702133179, "date": "2026-02-07"}}, {"type": "Feature", "geometry": {"type": "Point", "coordinates": [-82.29166666837602, 35.525000000576]}, "properties": {"p_logistic": 0.48609617352485657, "p_rf": 0.7260000109672546, "p_xgb": 0.9691239595413208, "date": "2026-02-07"}}, {"type": "Feature", "geometry": {"type": "Point", "coordinates": [-82.28333333504301, 35.525000000576]}, "properties": {"p_logistic": 0.48609116673469543, "p_rf": 0.7200000286102295, "p_xgb": 0.9685915112495422, "date": "2026-02-07"}}, {"type": "Feature", "geometry": {"type": "Point", "coordinates": [-82.27500000171003, 35.525000000576]}, "properties": {"p_logistic": 0.4856233596801758, "p_rf": 0.7139999866485596, "p_xgb": 0.9685915112495422, "date": "2026-02-07"}}, {"type": "Feature", "geometry": {"type": "Point", "coordinates": [-82.26666666837701, 35.525000000576]}, "properties": {"p_logistic": 0.4848976135253906, "p_rf": 0.7080000042915344, "p_xgb": 0.9685915112495422, "date": "2026-02-07"}}, {"type": "Feature", "geometry": {"type": "Point", "coordinates": [-82.25833333504401, 35.525000000576]}, "properties": {"p_logistic": 0.4824625253677368, "p_rf": 0.7120000123977661, "p_xgb": 0.9559767246246338, "date": "2026-02-07"}}, {"type": "Feature", "geometry": {"type": "Point", "coordinates": [-82.25000000171102, 35.525000000576]}, "properties": {"p_logistic": 0.47921836376190186, "p_rf": 0.7160000205039978, "p_xgb": 0.9559767246246338, "date": "2026-02-07"}}, {"type": "Feature", "geometry": {"type": "Point", "coordinates": [-82.24166666837802, 35.525000000576]}, "properties": {"p_logistic": 0.4760478734970093, "p_rf": 0.7059999704360962, "p_xgb": 0.9570823907852173, "date": "2026-02-07"}}, {"type": "Feature", "geometry": {"type": "Point", "coordinates": [-82.23333333504502, 35.525000000576]}, "properties": {"p_logistic": 0.47400715947151184, "p_rf": 0.7179999947547913, "p_xgb": 0.9570823907852173, "date": "2026-02-07"}}, {"type": "Feature", "geometry": {"type": "Point", "coordinates": [-82.22500000171202, 35.525000000576]}, "properties": {"p_logistic": 0.47391003370285034, "p_rf": 0.7200000286102295, "p_xgb": 0.9570823907852173, "date": "2026-02-07"}}, {"type": "Feature", "geometry": {"type": "Point", "coordinates": [-82.21666666837902, 35.525000000576]}, "properties": {"p_logistic": 0.47420546412467957, "p_rf": 0.7179999947547913, "p_xgb": 0.9680086374282837, "date": "2026-02-07"}}, {"type": "Feature", "geometry": {"type": "Point", "coordinates": [-82.20833333504602, 35.525000000576]}, "properties": {"p_logistic": 0.4737509787082672, "p_rf": 0.7480000257492065, "p_xgb": 0.9680086374282837, "date": "2026-02-07"}}, {"type": "Feature", "geometry": {"type": "Point", "coordinates": [-82.20000000171302, 35.525000000576]}, "properties": {"p_logistic": 0.47225573658943176, "p_rf": 0.7599999904632568, "p_xgb": 0.9768972396850586, "date": "2026-02-07"}}, {"type": "Feature", "geometry": {"type": "Point", "coordinates": [-82.19166666838001, 35.525000000576]}, "properties": {"p_logistic": 0.46999770402908325, "p_rf": 0.7839999794960022, "p_xgb": 0.9805936217308044, "date": "2026-02-07"}}, {"type": "Feature", "geometry": {"type": "Point", "coordinates": [-82.77500000169002, 35.516666667243]}, "properties": {"p_logistic": 0.4640325903892517, "p_rf": 0.8920000195503235, "p_xgb": 0.9943755865097046, "date": "2026-02-07"}}, {"type": "Feature", "geometry": {"type": "Point", "coordinates": [-82.76666666835702, 35.516666667243]}, "properties": {"p_logistic": 0.4647108316421509, "p_rf": 0.8740000128746033, "p_xgb": 0.9920752048492432, "date": "2026-02-07"}}, {"type": "Feature", "geometry": {"type": "Point", "coordinates": [-82.75833333502402, 35.516666667243]}, "properties": {"p_logistic": 0.4662310481071472, "p_rf": 0.8799999952316284, "p_xgb": 0.9920752048492432, "date": "2026-02-07"}}, {"type": "Feature", "geometry": {"type": "Point", "coordinates": [-82.75000000169102, 35.516666667243]}, "properties": {"p_logistic": 0.46746841073036194, "p_rf": 0.878000020980835, "p_xgb": 0.9920752048492432, "date": "2026-02-07"}}, {"type": "Feature", "geometry": {"type": "Point", "coordinates": [-82.74166666835802, 35.516666667243]}, "properties": {"p_logistic": 0.46793410181999207, "p_rf": 0.8700000047683716, "p_xgb": 0.9918988943099976, "date": "2026-02-07"}}, {"type": "Feature", "geometry": {"type": "Point", "coordinates": [-82.73333333502501, 35.516666667243]}, "properties": {"p_logistic": 0.4684748351573944, "p_rf": 0.8640000224113464, "p_xgb": 0.9901605844497681, "date": "2026-02-07"}}, {"type": "Feature", "geometry": {"type": "Point", "coordinates": [-82.72500000169202, 35.516666667243]}, "properties": {"p_logistic": 0.4690854549407959, "p_rf": 0.878000020980835, "p_xgb": 0.9901605844497681, "date": "2026-02-07"}}, {"type": "Feature", "geometry": {"type": "Point", "coordinates": [-82.71666666835901, 35.516666667243]}, "properties": {"p_logistic": 0.4693043828010559, "p_rf": 0.871999979019165, "p_xgb": 0.9898996949195862, "date": "2026-02-07"}}, {"type": "Feature", "geometry": {"type": "Point", "coordinates": [-82.70833333502603, 35.516666667243]}, "properties": {"p_logistic": 0.469549298286438, "p_rf": 0.8539999723434448, "p_xgb": 0.9898996949195862, "date": "2026-02-07"}}, {"type": "Feature", "geometry": {"type": "Point", "coordinates": [-82.70000000169301, 35.516666667243]}, "properties": {"p_logistic": 0.4695945978164673, "p_rf": 0.8560000061988831, "p_xgb": 0.989553689956665, "date": "2026-02-07"}}, {"type": "Feature", "geometry": {"type": "Point", "coordinates": [-82.69166666836001, 35.516666667243]}, "properties": {"p_logistic": 0.46953219175338745, "p_rf": 0.8059999942779541, "p_xgb": 0.9892768859863281, "date": "2026-02-07"}}, {"type": "Feature", "geometry": {"type": "Point", "coordinates": [-82.68333333502702, 35.516666667243]}, "properties": {"p_logistic": 0.46891602873802185, "p_rf": 0.7519999742507935, "p_xgb": 0.9890540838241577, "date": "2026-02-07"}}, {"type": "Feature", "geometry": {"type": "Point", "coordinates": [-82.67500000169402, 35.516666667243]}, "properties": {"p_logistic": 0.46867212653160095, "p_rf": 0.7540000081062317, "p_xgb": 0.9890540838241577, "date": "2026-02-07"}}, {"type": "Feature", "geometry": {"type": "Point", "coordinates": [-82.66666666836102, 35.516666667243]}, "properties": {"p_logistic": 0.46834859251976013, "p_rf": 0.7480000257492065, "p_xgb": 0.9873126149177551, "date": "2026-02-07"}}, {"type": "Feature", "geometry": {"type": "Point", "coordinates": [-82.65833333502802, 35.516666667243]}, "properties": {"p_logistic": 0.4680454730987549, "p_rf": 0.75, "p_xgb": 0.9873126149177551, "date": "2026-02-07"}}, {"type": "Feature", "geometry": {"type": "Point", "coordinates": [-82.65000000169502, 35.516666667243]}, "properties": {"p_logistic": 0.46772199869155884, "p_rf": 0.7599999904632568, "p_xgb": 0.9873126149177551, "date": "2026-02-07"}}, {"type": "Feature", "geometry": {"type": "Point", "coordinates": [-82.64166666836202, 35.516666667243]}, "properties": {"p_logistic": 0.4674057066440582, "p_rf": 0.8799999952316284, "p_xgb": 0.9889416098594666, "date": "2026-02-07"}}, {"type": "Feature", "geometry": {"type": "Point", "coordinates": [-82.63333333502902, 35.516666667243]}, "properties": {"p_logistic": 0.46774527430534363, "p_rf": 0.9039999842643738, "p_xgb": 0.9888771176338196, "date": "2026-02-07"}}, {"type": "Feature", "geometry": {"type": "Point", "coordinates": [-82.62500000169601, 35.516666667243]}, "properties": {"p_logistic": 0.4679357707500458, "p_rf": 0.9079999923706055, "p_xgb": 0.9892061948776245, "date": "2026-02-07"}}, {"type": "Feature", "geometry": {"type": "Point", "coordinates": [-82.61666666836302, 35.516666667243]}, "properties": {"p_logistic": 0.4677262306213379, "p_rf": 0.906000018119812, "p_xgb": 0.9892061948776245, "date": "2026-02-07"}}, {"type": "Feature", "geometry": {"type": "Point", "coordinates": [-82.60833333503001, 35.516666667243]}, "properties": {"p_logistic": 0.4676048755645752, "p_rf": 0.9020000100135803, "p_xgb": 0.9892061948776245, "date": "2026-02-07"}}, {"type": "Feature", "geometry": {"type": "Point", "coordinates": [-82.60000000169703, 35.516666667243]}, "properties": {"p_logistic": 0.46762147545814514, "p_rf": 0.9100000262260437, "p_xgb": 0.9894848465919495, "date": "2026-02-07"}}, {"type": "Feature", "geometry": {"type": "Point", "coordinates": [-82.59166666836401, 35.516666667243]}, "properties": {"p_logistic": 0.4680897891521454, "p_rf": 0.9039999842643738, "p_xgb": 0.9894848465919495, "date": "2026-02-07"}}, {"type": "Feature", "geometry": {"type": "Point", "coordinates": [-82.58333333503101, 35.516666667243]}, "properties": {"p_logistic": 0.46876460313796997, "p_rf": 0.8880000114440918, "p_xgb": 0.9894848465919495, "date": "2026-02-07"}}, {"type": "Feature", "geometry": {"type": "Point", "coordinates": [-82.57500000169802, 35.516666667243]}, "properties": {"p_logistic": 0.4697872996330261, "p_rf": 0.8939999938011169, "p_xgb": 0.9890484809875488, "date": "2026-02-07"}}, {"type": "Feature", "geometry": {"type": "Point", "coordinates": [-82.56666666836502, 35.516666667243]}, "properties": {"p_logistic": 0.47141319513320923, "p_rf": 0.8960000276565552, "p_xgb": 0.9898062348365784, "date": "2026-02-07"}}, {"type": "Feature", "geometry": {"type": "Point", "coordinates": [-82.55833333503202, 35.516666667243]}, "properties": {"p_logistic": 0.4730154275894165, "p_rf": 0.8960000276565552, "p_xgb": 0.9818339943885803, "date": "2026-02-07"}}, {"type": "Feature", "geometry": {"type": "Point", "coordinates": [-82.55000000169902, 35.516666667243]}, "properties": {"p_logistic": 0.4739834666252136, "p_rf": 0.8820000290870667, "p_xgb": 0.9818339943885803, "date": "2026-02-07"}}, {"type": "Feature", "geometry": {"type": "Point", "coordinates": [-82.54166666836602, 35.516666667243]}, "properties": {"p_logistic": 0.47450587153434753, "p_rf": 0.8820000290870667, "p_xgb": 0.9818339943885803, "date": "2026-02-07"}}, {"type": "Feature", "geometry": {"type": "Point", "coordinates": [-82.53333333503302, 35.516666667243]}, "properties": {"p_logistic": 0.47469547390937805, "p_rf": 0.8799999952316284, "p_xgb": 0.9818339943885803, "date": "2026-02-07"}}, {"type": "Feature", "geometry": {"type": "Point", "coordinates": [-82.52500000170002, 35.516666667243]}, "properties": {"p_logistic": 0.4754958152770996, "p_rf": 0.8840000033378601, "p_xgb": 0.9846416115760803, "date": "2026-02-07"}}, {"type": "Feature", "geometry": {"type": "Point", "coordinates": [-82.51666666836701, 35.516666667243]}, "properties": {"p_logistic": 0.4775411784648895, "p_rf": 0.9020000100135803, "p_xgb": 0.9846416115760803, "date": "2026-02-07"}}, {"type": "Feature", "geometry": {"type": "Point", "coordinates": [-82.50833333503402, 35.516666667243]}, "properties": {"p_logistic": 0.4806448519229889, "p_rf": 0.9240000247955322, "p_xgb": 0.991232693195343, "date": "2026-02-07"}}, {"type": "Feature", "geometry": {"type": "Point", "coordinates": [-82.50000000170101, 35.516666667243]}, "properties": {"p_logistic": 0.48409000039100647, "p_rf": 0.9319999814033508, "p_xgb": 0.9965381622314453, "date": "2026-02-07"}}, {"type": "Feature", "geometry": {"type": "Point", "coordinates": [-82.49166666836803, 35.516666667243]}, "properties": {"p_logistic": 0.487270712852478, "p_rf": 0.9240000247955322, "p_xgb": 0.9961588382720947, "date": "2026-02-07"}}, {"type": "Feature", "geometry": {"type": "Point", "coordinates": [-82.48333333503501, 35.516666667243]}, "properties": {"p_logistic": 0.4901357591152191, "p_rf": 0.9079999923706055, "p_xgb": 0.9950756430625916, "date": "2026-02-07"}}, {"type": "Feature", "geometry": {"type": "Point", "coordinates": [-82.47500000170201, 35.516666667243]}, "properties": {"p_logistic": 0.4930931031703949, "p_rf": 0.8479999899864197, "p_xgb": 0.995456337928772, "date": "2026-02-07"}}, {"type": "Feature", "geometry": {"type": "Point", "coordinates": [-82.46666666836902, 35.516666667243]}, "properties": {"p_logistic": 0.49480000138282776, "p_rf": 0.8379999995231628, "p_xgb": 0.9954557418823242, "date": "2026-02-07"}}, {"type": "Feature", "geometry": {"type": "Point", "coordinates": [-82.45833333503602, 35.516666667243]}, "properties": {"p_logistic": 0.49554646015167236, "p_rf": 0.8799999952316284, "p_xgb": 0.995094895362854, "date": "2026-02-07"}}, {"type": "Feature", "geometry": {"type": "Point", "coordinates": [-82.45000000170302, 35.516666667243]}, "properties": {"p_logistic": 0.49434828758239746, "p_rf": 0.8700000047683716, "p_xgb": 0.995094895362854, "date": "2026-02-07"}}, {"type": "Feature", "geometry": {"type": "Point", "coordinates": [-82.44166666837002, 35.516666667243]}, "properties": {"p_logistic": 0.491205632686615, "p_rf": 0.8640000224113464, "p_xgb": 0.9954239726066589, "date": "2026-02-07"}}, {"type": "Feature", "geometry": {"type": "Point", "coordinates": [-82.43333333503702, 35.516666667243]}, "properties": {"p_logistic": 0.4872075021266937, "p_rf": 0.8640000224113464, "p_xgb": 0.9954239726066589, "date": "2026-02-07"}}, {"type": "Feature", "geometry": {"type": "Point", "coordinates": [-82.42500000170402, 35.516666667243]}, "properties": {"p_logistic": 0.4841565489768982, "p_rf": 0.8539999723434448, "p_xgb": 0.9954239726066589, "date": "2026-02-07"}}, {"type": "Feature", "geometry": {"type": "Point", "coordinates": [-82.41666666837102, 35.516666667243]}, "properties": {"p_logistic": 0.4828517735004425, "p_rf": 0.8539999723434448, "p_xgb": 0.9954239726066589, "date": "2026-02-07"}}, {"type": "Feature", "geometry": {"type": "Point", "coordinates": [-82.40833333503801, 35.516666667243]}, "properties": {"p_logistic": 0.4826761782169342, "p_rf": 0.8579999804496765, "p_xgb": 0.9954239726066589, "date": "2026-02-07"}}, {"type": "Feature", "geometry": {"type": "Point", "coordinates": [-82.40000000170502, 35.516666667243]}, "properties": {"p_logistic": 0.48439911007881165, "p_rf": 0.8619999885559082, "p_xgb": 0.9954239726066589, "date": "2026-02-07"}}, {"type": "Feature", "geometry": {"type": "Point", "coordinates": [-82.39166666837201, 35.516666667243]}, "properties": {"p_logistic": 0.4854356348514557, "p_rf": 0.8759999871253967, "p_xgb": 0.9954239726066589, "date": "2026-02-07"}}, {"type": "Feature", "geometry": {"type": "Point", "coordinates": [-82.38333333503903, 35.516666667243]}, "properties": {"p_logistic": 0.4868040382862091, "p_rf": 0.8700000047683716, "p_xgb": 0.995094895362854, "date": "2026-02-07"}}, {"type": "Feature", "geometry": {"type": "Point", "coordinates": [-82.37500000170601, 35.516666667243]}, "properties": {"p_logistic": 0.4863656759262085, "p_rf": 0.8019999861717224, "p_xgb": 0.9947169423103333, "date": "2026-02-07"}}, {"type": "Feature", "geometry": {"type": "Point", "coordinates": [-82.36666666837301, 35.516666667243]}, "properties": {"p_logistic": 0.48708656430244446, "p_rf": 0.7599999904632568, "p_xgb": 0.9881667494773865, "date": "2026-02-07"}}, {"type": "Feature", "geometry": {"type": "Point", "coordinates": [-82.35833333504002, 35.516666667243]}, "properties": {"p_logistic": 0.4871557950973511, "p_rf": 0.7559999823570251, "p_xgb": 0.9899965524673462, "date": "2026-02-07"}}, {"type": "Feature", "geometry": {"type": "Point", "coordinates": [-82.35000000170702, 35.516666667243]}, "properties": {"p_logistic": 0.48599323630332947, "p_rf": 0.734000027179718, "p_xgb": 0.9895163178443909, "date": "2026-02-07"}}, {"type": "Feature", "geometry": {"type": "Point", "coordinates": [-82.34166666837402, 35.516666667243]}, "properties": {"p_logistic": 0.484283447265625, "p_rf": 0.75, "p_xgb": 0.9850795269012451, "date": "2026-02-07"}}, {"type": "Feature", "geometry": {"type": "Point", "coordinates": [-82.33333333504102, 35.516666667243]}, "properties": {"p_logistic": 0.48285213112831116, "p_rf": 0.7480000257492065, "p_xgb": 0.9821439385414124, "date": "2026-02-07"}}, {"type": "Feature", "geometry": {"type": "Point", "coordinates": [-82.32500000170802, 35.516666667243]}, "properties": {"p_logistic": 0.4829956591129303, "p_rf": 0.75, "p_xgb": 0.9769829511642456, "date": "2026-02-07"}}, {"type": "Feature", "geometry": {"type": "Point", "coordinates": [-82.31666666837502, 35.516666667243]}, "properties": {"p_logistic": 0.48305976390838623, "p_rf": 0.7639999985694885, "p_xgb": 0.974711537361145, "date": "2026-02-07"}}, {"type": "Feature", "geometry": {"type": "Point", "coordinates": [-82.30833333504202, 35.516666667243]}, "properties": {"p_logistic": 0.483551025390625, "p_rf": 0.7300000190734863, "p_xgb": 0.9693560004234314, "date": "2026-02-07"}}, {"type": "Feature", "geometry": {"type": "Point", "coordinates": [-82.30000000170901, 35.516666667243]}, "properties": {"p_logistic": 0.4838499128818512, "p_rf": 0.7160000205039978, "p_xgb": 0.9702573418617249, "date": "2026-02-07"}}, {"type": "Feature", "geometry": {"type": "Point", "coordinates": [-82.29166666837602, 35.516666667243]}, "properties": {"p_logistic": 0.4844226837158203, "p_rf": 0.7179999947547913, "p_xgb": 0.9702573418617249, "date": "2026-02-07"}}, {"type": "Feature", "geometry": {"type": "Point", "coordinates": [-82.28333333504301, 35.516666667243]}, "properties": {"p_logistic": 0.484468013048172, "p_rf": 0.7179999947547913, "p_xgb": 0.9697439670562744, "date": "2026-02-07"}}, {"type": "Feature", "geometry": {"type": "Point", "coordinates": [-82.27500000171003, 35.516666667243]}, "properties": {"p_logistic": 0.4838515520095825, "p_rf": 0.7360000014305115, "p_xgb": 0.9587862491607666, "date": "2026-02-07"}}, {"type": "Feature", "geometry": {"type": "Point", "coordinates": [-82.26666666837701, 35.516666667243]}, "properties": {"p_logistic": 0.482083261013031, "p_rf": 0.7379999756813049, "p_xgb": 0.9570823907852173, "date": "2026-02-07"}}, {"type": "Feature", "geometry": {"type": "Point", "coordinates": [-82.25833333504401, 35.516666667243]}, "properties": {"p_logistic": 0.4795438349246979, "p_rf": 0.734000027179718, "p_xgb": 0.9680086374282837, "date": "2026-02-07"}}, {"type": "Feature", "geometry": {"type": "Point", "coordinates": [-82.25000000171102, 35.516666667243]}, "properties": {"p_logistic": 0.476234495639801, "p_rf": 0.7279999852180481, "p_xgb": 0.9680086374282837, "date": "2026-02-07"}}, {"type": "Feature", "geometry": {"type": "Point", "coordinates": [-82.24166666837802, 35.516666667243]}, "properties": {"p_logistic": 0.47340258955955505, "p_rf": 0.722000002861023, "p_xgb": 0.9680086374282837, "date": "2026-02-07"}}, {"type": "Feature", "geometry": {"type": "Point", "coordinates": [-82.23333333504502, 35.516666667243]}, "properties": {"p_logistic": 0.47210606932640076, "p_rf": 0.7239999771118164, "p_xgb": 0.9680086374282837, "date": "2026-02-07"}}, {"type": "Feature", "geometry": {"type": "Point", "coordinates": [-82.78333333502302, 35.50833333391]}, "properties": {"p_logistic": 0.46299660205841064, "p_rf": 0.800000011920929, "p_xgb": 0.9946438074111938, "date": "2026-02-07"}}, {"type": "Feature", "geometry": {"type": "Point", "coordinates": [-82.77500000169002, 35.50833333391]}, "properties": {"p_logistic": 0.4634636342525482, "p_rf": 0.8059999942779541, "p_xgb": 0.9932475090026855, "date": "2026-02-07"}}, {"type": "Feature", "geometry": {"type": "Point", "coordinates": [-82.76666666835702, 35.50833333391]}, "properties": {"p_logistic": 0.4646833539009094, "p_rf": 0.8880000114440918, "p_xgb": 0.9932475090026855, "date": "2026-02-07"}}, {"type": "Feature", "geometry": {"type": "Point", "coordinates": [-82.75833333502402, 35.50833333391]}, "properties": {"p_logistic": 0.46638011932373047, "p_rf": 0.8759999871253967, "p_xgb": 0.9920752048492432, "date": "2026-02-07"}}, {"type": "Feature", "geometry": {"type": "Point", "coordinates": [-82.75000000169102, 35.50833333391]}, "properties": {"p_logistic": 0.46798983216285706, "p_rf": 0.8840000033378601, "p_xgb": 0.9920752048492432, "date": "2026-02-07"}}, {"type": "Feature", "geometry": {"type": "Point", "coordinates": [-82.74166666835802, 35.50833333391]}, "properties": {"p_logistic": 0.46854326128959656, "p_rf": 0.878000020980835, "p_xgb": 0.9918988943099976, "date": "2026-02-07"}}, {"type": "Feature", "geometry": {"type": "Point", "coordinates": [-82.73333333502501, 35.50833333391]}, "properties": {"p_logistic": 0.4691578447818756, "p_rf": 0.8939999938011169, "p_xgb": 0.9925325512886047, "date": "2026-02-07"}}, {"type": "Feature", "geometry": {"type": "Point", "coordinates": [-82.72500000169202, 35.50833333391]}, "properties": {"p_logistic": 0.4697502851486206, "p_rf": 0.8999999761581421, "p_xgb": 0.9914729595184326, "date": "2026-02-07"}}, {"type": "Feature", "geometry": {"type": "Point", "coordinates": [-82.71666666835901, 35.50833333391]}, "properties": {"p_logistic": 0.4702233076095581, "p_rf": 0.9020000100135803, "p_xgb": 0.9914729595184326, "date": "2026-02-07"}}, {"type": "Feature", "geometry": {"type": "Point", "coordinates": [-82.70833333502603, 35.50833333391]}, "properties": {"p_logistic": 0.4706498682498932, "p_rf": 0.8999999761581421, "p_xgb": 0.9922215342521667, "date": "2026-02-07"}}, {"type": "Feature", "geometry": {"type": "Point", "coordinates": [-82.70000000169301, 35.50833333391]}, "properties": {"p_logistic": 0.47081688046455383, "p_rf": 0.8859999775886536, "p_xgb": 0.9914729595184326, "date": "2026-02-07"}}, {"type": "Feature", "geometry": {"type": "Point", "coordinates": [-82.69166666836001, 35.50833333391]}, "properties": {"p_logistic": 0.47080036997795105, "p_rf": 0.871999979019165, "p_xgb": 0.9911581873893738, "date": "2026-02-07"}}, {"type": "Feature", "geometry": {"type": "Point", "coordinates": [-82.68333333502702, 35.50833333391]}, "properties": {"p_logistic": 0.4700087904930115, "p_rf": 0.8740000128746033, "p_xgb": 0.9909462928771973, "date": "2026-02-07"}}, {"type": "Feature", "geometry": {"type": "Point", "coordinates": [-82.67500000169402, 35.50833333391]}, "properties": {"p_logistic": 0.469650536775589, "p_rf": 0.800000011920929, "p_xgb": 0.9901136159896851, "date": "2026-02-07"}}, {"type": "Feature", "geometry": {"type": "Point", "coordinates": [-82.66666666836102, 35.50833333391]}, "properties": {"p_logistic": 0.46906447410583496, "p_rf": 0.7760000228881836, "p_xgb": 0.9899080991744995, "date": "2026-02-07"}}, {"type": "Feature", "geometry": {"type": "Point", "coordinates": [-82.65833333502802, 35.50833333391]}, "properties": {"p_logistic": 0.46830177307128906, "p_rf": 0.7760000228881836, "p_xgb": 0.9880168437957764, "date": "2026-02-07"}}, {"type": "Feature", "geometry": {"type": "Point", "coordinates": [-82.65000000169502, 35.50833333391]}, "properties": {"p_logistic": 0.4674108326435089, "p_rf": 0.8759999871253967, "p_xgb": 0.9879196882247925, "date": "2026-02-07"}}, {"type": "Feature", "geometry": {"type": "Point", "coordinates": [-82.64166666836202, 35.50833333391]}, "properties": {"p_logistic": 0.4674290418624878, "p_rf": 0.9100000262260437, "p_xgb": 0.9888771176338196, "date": "2026-02-07"}}, {"type": "Feature", "geometry": {"type": "Point", "coordinates": [-82.63333333502902, 35.50833333391]}, "properties": {"p_logistic": 0.46767717599868774, "p_rf": 0.9100000262260437, "p_xgb": 0.9894406199455261, "date": "2026-02-07"}}, {"type": "Feature", "geometry": {"type": "Point", "coordinates": [-82.62500000169601, 35.50833333391]}, "properties": {"p_logistic": 0.46795493364334106, "p_rf": 0.9240000247955322, "p_xgb": 0.9913013577461243, "date": "2026-02-07"}}, {"type": "Feature", "geometry": {"type": "Point", "coordinates": [-82.61666666836302, 35.50833333391]}, "properties": {"p_logistic": 0.46776631474494934, "p_rf": 0.8600000143051147, "p_xgb": 0.9915437698364258, "date": "2026-02-07"}}, {"type": "Feature", "geometry": {"type": "Point", "coordinates": [-82.60833333503001, 35.50833333391]}, "properties": {"p_logistic": 0.46742287278175354, "p_rf": 0.9200000166893005, "p_xgb": 0.9913013577461243, "date": "2026-02-07"}}, {"type": "Feature", "geometry": {"type": "Point", "coordinates": [-82.60000000169703, 35.50833333391]}, "properties": {"p_logistic": 0.4674956202507019, "p_rf": 0.9139999747276306, "p_xgb": 0.9897133111953735, "date": "2026-02-07"}}, {"type": "Feature", "geometry": {"type": "Point", "coordinates": [-82.59166666836401, 35.50833333391]}, "properties": {"p_logistic": 0.467729389667511, "p_rf": 0.9039999842643738, "p_xgb": 0.9894848465919495, "date": "2026-02-07"}}, {"type": "Feature", "geometry": {"type": "Point", "coordinates": [-82.58333333503101, 35.50833333391]}, "properties": {"p_logistic": 0.46838435530662537, "p_rf": 0.8999999761581421, "p_xgb": 0.9890484809875488, "date": "2026-02-07"}}, {"type": "Feature", "geometry": {"type": "Point", "coordinates": [-82.57500000169802, 35.50833333391]}, "properties": {"p_logistic": 0.46963393688201904, "p_rf": 0.8960000276565552, "p_xgb": 0.9898062348365784, "date": "2026-02-07"}}, {"type": "Feature", "geometry": {"type": "Point", "coordinates": [-82.56666666836502, 35.50833333391]}, "properties": {"p_logistic": 0.47165411710739136, "p_rf": 0.8859999775886536, "p_xgb": 0.9818339943885803, "date": "2026-02-07"}}, {"type": "Feature", "geometry": {"type": "Point", "coordinates": [-82.55833333503202, 35.50833333391]}, "properties": {"p_logistic": 0.47340714931488037, "p_rf": 0.8840000033378601, "p_xgb": 0.9818339943885803, "date": "2026-02-07"}}, {"type": "Feature", "geometry": {"type": "Point", "coordinates": [-82.55000000169902, 35.50833333391]}, "properties": {"p_logistic": 0.4742950201034546, "p_rf": 0.8820000290870667, "p_xgb": 0.9818339943885803, "date": "2026-02-07"}}, {"type": "Feature", "geometry": {"type": "Point", "coordinates": [-82.54166666836602, 35.50833333391]}, "properties": {"p_logistic": 0.4750533401966095, "p_rf": 0.8859999775886536, "p_xgb": 0.9818339943885803, "date": "2026-02-07"}}, {"type": "Feature", "geometry": {"type": "Point", "coordinates": [-82.53333333503302, 35.50833333391]}, "properties": {"p_logistic": 0.47511500120162964, "p_rf": 0.8840000033378601, "p_xgb": 0.9871887564659119, "date": "2026-02-07"}}, {"type": "Feature", "geometry": {"type": "Point", "coordinates": [-82.52500000170002, 35.50833333391]}, "properties": {"p_logistic": 0.4749576449394226, "p_rf": 0.8859999775886536, "p_xgb": 0.9846416115760803, "date": "2026-02-07"}}, {"type": "Feature", "geometry": {"type": "Point", "coordinates": [-82.51666666836701, 35.50833333391]}, "properties": {"p_logistic": 0.4770791530609131, "p_rf": 0.9079999923706055, "p_xgb": 0.9874430298805237, "date": "2026-02-07"}}, {"type": "Feature", "geometry": {"type": "Point", "coordinates": [-82.50833333503402, 35.50833333391]}, "properties": {"p_logistic": 0.4797401428222656, "p_rf": 0.9259999990463257, "p_xgb": 0.9962750673294067, "date": "2026-02-07"}}, {"type": "Feature", "geometry": {"type": "Point", "coordinates": [-82.50000000170101, 35.50833333391]}, "properties": {"p_logistic": 0.4833184778690338, "p_rf": 0.9319999814033508, "p_xgb": 0.9966654181480408, "date": "2026-02-07"}}, {"type": "Feature", "geometry": {"type": "Point", "coordinates": [-82.49166666836803, 35.50833333391]}, "properties": {"p_logistic": 0.4866167902946472, "p_rf": 0.9340000152587891, "p_xgb": 0.9968493580818176, "date": "2026-02-07"}}, {"type": "Feature", "geometry": {"type": "Point", "coordinates": [-82.48333333503501, 35.50833333391]}, "properties": {"p_logistic": 0.4897504448890686, "p_rf": 0.9079999923706055, "p_xgb": 0.9953106045722961, "date": "2026-02-07"}}, {"type": "Feature", "geometry": {"type": "Point", "coordinates": [-82.47500000170201, 35.50833333391]}, "properties": {"p_logistic": 0.49250081181526184, "p_rf": 0.8339999914169312, "p_xgb": 0.9954417943954468, "date": "2026-02-07"}}, {"type": "Feature", "geometry": {"type": "Point", "coordinates": [-82.46666666836902, 35.50833333391]}, "properties": {"p_logistic": 0.49385860562324524, "p_rf": 0.8759999871253967, "p_xgb": 0.9954557418823242, "date": "2026-02-07"}}, {"type": "Feature", "geometry": {"type": "Point", "coordinates": [-82.45833333503602, 35.50833333391]}, "properties": {"p_logistic": 0.4949302673339844, "p_rf": 0.871999979019165, "p_xgb": 0.995094895362854, "date": "2026-02-07"}}, {"type": "Feature", "geometry": {"type": "Point", "coordinates": [-82.45000000170302, 35.50833333391]}, "properties": {"p_logistic": 0.4936239421367645, "p_rf": 0.8659999966621399, "p_xgb": 0.995094895362854, "date": "2026-02-07"}}, {"type": "Feature", "geometry": {"type": "Point", "coordinates": [-82.44166666837002, 35.50833333391]}, "properties": {"p_logistic": 0.49071526527404785, "p_rf": 0.8640000224113464, "p_xgb": 0.9957607388496399, "date": "2026-02-07"}}, {"type": "Feature", "geometry": {"type": "Point", "coordinates": [-82.43333333503702, 35.50833333391]}, "properties": {"p_logistic": 0.4869156777858734, "p_rf": 0.871999979019165, "p_xgb": 0.9955834746360779, "date": "2026-02-07"}}, {"type": "Feature", "geometry": {"type": "Point", "coordinates": [-82.42500000170402, 35.50833333391]}, "properties": {"p_logistic": 0.48475581407546997, "p_rf": 0.8899999856948853, "p_xgb": 0.9955834746360779, "date": "2026-02-07"}}, {"type": "Feature", "geometry": {"type": "Point", "coordinates": [-82.41666666837102, 35.50833333391]}, "properties": {"p_logistic": 0.48476719856262207, "p_rf": 0.8939999938011169, "p_xgb": 0.9954417943954468, "date": "2026-02-07"}}, {"type": "Feature", "geometry": {"type": "Point", "coordinates": [-82.40833333503801, 35.50833333391]}, "properties": {"p_logistic": 0.4867442846298218, "p_rf": 0.871999979019165, "p_xgb": 0.9954417943954468, "date": "2026-02-07"}}, {"type": "Feature", "geometry": {"type": "Point", "coordinates": [-82.40000000170502, 35.50833333391]}, "properties": {"p_logistic": 0.4888153076171875, "p_rf": 0.8539999723434448, "p_xgb": 0.9955834746360779, "date": "2026-02-07"}}, {"type": "Feature", "geometry": {"type": "Point", "coordinates": [-82.39166666837201, 35.50833333391]}, "properties": {"p_logistic": 0.49011555314064026, "p_rf": 0.8619999885559082, "p_xgb": 0.9957607388496399, "date": "2026-02-07"}}, {"type": "Feature", "geometry": {"type": "Point", "coordinates": [-82.38333333503903, 35.50833333391]}, "properties": {"p_logistic": 0.4894360303878784, "p_rf": 0.8619999885559082, "p_xgb": 0.9952923059463501, "date": "2026-02-07"}}, {"type": "Feature", "geometry": {"type": "Point", "coordinates": [-82.37500000170601, 35.50833333391]}, "properties": {"p_logistic": 0.48935067653656006, "p_rf": 0.8259999752044678, "p_xgb": 0.9945650100708008, "date": "2026-02-07"}}, {"type": "Feature", "geometry": {"type": "Point", "coordinates": [-82.36666666837301, 35.50833333391]}, "properties": {"p_logistic": 0.4880549907684326, "p_rf": 0.7900000214576721, "p_xgb": 0.987223744392395, "date": "2026-02-07"}}, {"type": "Feature", "geometry": {"type": "Point", "coordinates": [-82.35833333504002, 35.50833333391]}, "properties": {"p_logistic": 0.4878220856189728, "p_rf": 0.7260000109672546, "p_xgb": 0.9876828789710999, "date": "2026-02-07"}}, {"type": "Feature", "geometry": {"type": "Point", "coordinates": [-82.35000000170702, 35.50833333391]}, "properties": {"p_logistic": 0.4857103228569031, "p_rf": 0.734000027179718, "p_xgb": 0.9847497940063477, "date": "2026-02-07"}}, {"type": "Feature", "geometry": {"type": "Point", "coordinates": [-82.34166666837402, 35.50833333391]}, "properties": {"p_logistic": 0.48420554399490356, "p_rf": 0.7480000257492065, "p_xgb": 0.9836739301681519, "date": "2026-02-07"}}, {"type": "Feature", "geometry": {"type": "Point", "coordinates": [-82.33333333504102, 35.50833333391]}, "properties": {"p_logistic": 0.4823860228061676, "p_rf": 0.7400000095367432, "p_xgb": 0.9769829511642456, "date": "2026-02-07"}}, {"type": "Feature", "geometry": {"type": "Point", "coordinates": [-82.32500000170802, 35.50833333391]}, "properties": {"p_logistic": 0.4816795587539673, "p_rf": 0.7099999785423279, "p_xgb": 0.9731774926185608, "date": "2026-02-07"}}, {"type": "Feature", "geometry": {"type": "Point", "coordinates": [-82.31666666837502, 35.50833333391]}, "properties": {"p_logistic": 0.4813486337661743, "p_rf": 0.7260000109672546, "p_xgb": 0.9576916694641113, "date": "2026-02-07"}}, {"type": "Feature", "geometry": {"type": "Point", "coordinates": [-82.30833333504202, 35.50833333391]}, "properties": {"p_logistic": 0.48158079385757446, "p_rf": 0.7459999918937683, "p_xgb": 0.9594777822494507, "date": "2026-02-07"}}, {"type": "Feature", "geometry": {"type": "Point", "coordinates": [-82.30000000170901, 35.50833333391]}, "properties": {"p_logistic": 0.4818257689476013, "p_rf": 0.7559999823570251, "p_xgb": 0.9774492383003235, "date": "2026-02-07"}}, {"type": "Feature", "geometry": {"type": "Point", "coordinates": [-82.29166666837602, 35.50833333391]}, "properties": {"p_logistic": 0.4820678234100342, "p_rf": 0.7580000162124634, "p_xgb": 0.9770570397377014, "date": "2026-02-07"}}, {"type": "Feature", "geometry": {"type": "Point", "coordinates": [-82.28333333504301, 35.50833333391]}, "properties": {"p_logistic": 0.4820576012134552, "p_rf": 0.7519999742507935, "p_xgb": 0.9700742959976196, "date": "2026-02-07"}}, {"type": "Feature", "geometry": {"type": "Point", "coordinates": [-82.27500000171003, 35.50833333391]}, "properties": {"p_logistic": 0.48154163360595703, "p_rf": 0.7440000176429749, "p_xgb": 0.9680086374282837, "date": "2026-02-07"}}, {"type": "Feature", "geometry": {"type": "Point", "coordinates": [-82.26666666837701, 35.50833333391]}, "properties": {"p_logistic": 0.4794602692127228, "p_rf": 0.7379999756813049, "p_xgb": 0.9680086374282837, "date": "2026-02-07"}}, {"type": "Feature", "geometry": {"type": "Point", "coordinates": [-82.25833333504401, 35.50833333391]}, "properties": {"p_logistic": 0.4768526256084442, "p_rf": 0.7279999852180481, "p_xgb": 0.9667519330978394, "date": "2026-02-07"}}, {"type": "Feature", "geometry": {"type": "Point", "coordinates": [-82.25000000171102, 35.50833333391]}, "properties": {"p_logistic": 0.47370412945747375, "p_rf": 0.7160000205039978, "p_xgb": 0.9667519330978394, "date": "2026-02-07"}}, {"type": "Feature", "geometry": {"type": "Point", "coordinates": [-82.24166666837802, 35.50833333391]}, "properties": {"p_logistic": 0.47152647376060486, "p_rf": 0.7139999866485596, "p_xgb": 0.9667519330978394, "date": "2026-02-07"}}, {"type": "Feature", "geometry": {"type": "Point", "coordinates": [-82.23333333504502, 35.50833333391]}, "properties": {"p_logistic": 0.4712088704109192, "p_rf": 0.7160000205039978, "p_xgb": 0.9667519330978394, "date": "2026-02-07"}}, {"type": "Feature", "geometry": {"type": "Point", "coordinates": [-82.78333333502302, 35.500000000577]}, "properties": {"p_logistic": 0.461618036031723, "p_rf": 0.8019999861717224, "p_xgb": 0.9943755865097046, "date": "2026-02-07"}}, {"type": "Feature", "geometry": {"type": "Point", "coordinates": [-82.77500000169002, 35.500000000577]}, "properties": {"p_logistic": 0.46237507462501526, "p_rf": 0.8040000200271606, "p_xgb": 0.9932475090026855, "date": "2026-02-07"}}, {"type": "Feature", "geometry": {"type": "Point", "coordinates": [-82.76666666835702, 35.500000000577]}, "properties": {"p_logistic": 0.46373629570007324, "p_rf": 0.8880000114440918, "p_xgb": 0.9932475090026855, "date": "2026-02-07"}}, {"type": "Feature", "geometry": {"type": "Point", "coordinates": [-82.75833333502402, 35.500000000577]}, "properties": {"p_logistic": 0.46597233414649963, "p_rf": 0.8640000224113464, "p_xgb": 0.9920752048492432, "date": "2026-02-07"}}, {"type": "Feature", "geometry": {"type": "Point", "coordinates": [-82.75000000169102, 35.500000000577]}, "properties": {"p_logistic": 0.4677157700061798, "p_rf": 0.8840000033378601, "p_xgb": 0.9920752048492432, "date": "2026-02-07"}}, {"type": "Feature", "geometry": {"type": "Point", "coordinates": [-82.74166666835802, 35.500000000577]}, "properties": {"p_logistic": 0.46852990984916687, "p_rf": 0.8999999761581421, "p_xgb": 0.9918988943099976, "date": "2026-02-07"}}, {"type": "Feature", "geometry": {"type": "Point", "coordinates": [-82.73333333502501, 35.500000000577]}, "properties": {"p_logistic": 0.4691310226917267, "p_rf": 0.9020000100135803, "p_xgb": 0.99298095703125, "date": "2026-02-07"}}, {"type": "Feature", "geometry": {"type": "Point", "coordinates": [-82.72500000169202, 35.500000000577]}, "properties": {"p_logistic": 0.46972590684890747, "p_rf": 0.9039999842643738, "p_xgb": 0.9934417009353638, "date": "2026-02-07"}}, {"type": "Feature", "geometry": {"type": "Point", "coordinates": [-82.71666666835901, 35.500000000577]}, "properties": {"p_logistic": 0.469768762588501, "p_rf": 0.9100000262260437, "p_xgb": 0.9936366081237793, "date": "2026-02-07"}}, {"type": "Feature", "geometry": {"type": "Point", "coordinates": [-82.70833333502603, 35.500000000577]}, "properties": {"p_logistic": 0.47083809971809387, "p_rf": 0.9020000100135803, "p_xgb": 0.9936366081237793, "date": "2026-02-07"}}, {"type": "Feature", "geometry": {"type": "Point", "coordinates": [-82.70000000169301, 35.500000000577]}, "properties": {"p_logistic": 0.47090134024620056, "p_rf": 0.9100000262260437, "p_xgb": 0.9922683835029602, "date": "2026-02-07"}}, {"type": "Feature", "geometry": {"type": "Point", "coordinates": [-82.69166666836001, 35.500000000577]}, "properties": {"p_logistic": 0.47036755084991455, "p_rf": 0.906000018119812, "p_xgb": 0.9922683835029602, "date": "2026-02-07"}}, {"type": "Feature", "geometry": {"type": "Point", "coordinates": [-82.68333333502702, 35.500000000577]}, "properties": {"p_logistic": 0.47000452876091003, "p_rf": 0.8980000019073486, "p_xgb": 0.9922683835029602, "date": "2026-02-07"}}, {"type": "Feature", "geometry": {"type": "Point", "coordinates": [-82.67500000169402, 35.500000000577]}, "properties": {"p_logistic": 0.4693950116634369, "p_rf": 0.8820000290870667, "p_xgb": 0.9920319318771362, "date": "2026-02-07"}}, {"type": "Feature", "geometry": {"type": "Point", "coordinates": [-82.66666666836102, 35.500000000577]}, "properties": {"p_logistic": 0.4687331020832062, "p_rf": 0.8820000290870667, "p_xgb": 0.9915394186973572, "date": "2026-02-07"}}, {"type": "Feature", "geometry": {"type": "Point", "coordinates": [-82.65833333502802, 35.500000000577]}, "properties": {"p_logistic": 0.4680940806865692, "p_rf": 0.8820000290870667, "p_xgb": 0.9910449981689453, "date": "2026-02-07"}}, {"type": "Feature", "geometry": {"type": "Point", "coordinates": [-82.65000000169502, 35.500000000577]}, "properties": {"p_logistic": 0.46781471371650696, "p_rf": 0.8960000276565552, "p_xgb": 0.9892061948776245, "date": "2026-02-07"}}, {"type": "Feature", "geometry": {"type": "Point", "coordinates": [-82.64166666836202, 35.500000000577]}, "properties": {"p_logistic": 0.46810925006866455, "p_rf": 0.9100000262260437, "p_xgb": 0.9887584447860718, "date": "2026-02-07"}}, {"type": "Feature", "geometry": {"type": "Point", "coordinates": [-82.63333333502902, 35.500000000577]}, "properties": {"p_logistic": 0.4686112701892853, "p_rf": 0.9200000166893005, "p_xgb": 0.9896774291992188, "date": "2026-02-07"}}, {"type": "Feature", "geometry": {"type": "Point", "coordinates": [-82.62500000169601, 35.500000000577]}, "properties": {"p_logistic": 0.4690614342689514, "p_rf": 0.8960000276565552, "p_xgb": 0.9829567670822144, "date": "2026-02-07"}}, {"type": "Feature", "geometry": {"type": "Point", "coordinates": [-82.61666666836302, 35.500000000577]}, "properties": {"p_logistic": 0.4688745141029358, "p_rf": 0.8859999775886536, "p_xgb": 0.990441083908081, "date": "2026-02-07"}}, {"type": "Feature", "geometry": {"type": "Point", "coordinates": [-82.60833333503001, 35.500000000577]}, "properties": {"p_logistic": 0.4685599207878113, "p_rf": 0.8960000276565552, "p_xgb": 0.990441083908081, "date": "2026-02-07"}}, {"type": "Feature", "geometry": {"type": "Point", "coordinates": [-82.60000000169703, 35.500000000577]}, "properties": {"p_logistic": 0.4685072898864746, "p_rf": 0.9160000085830688, "p_xgb": 0.9896774291992188, "date": "2026-02-07"}}, {"type": "Feature", "geometry": {"type": "Point", "coordinates": [-82.59166666836401, 35.500000000577]}, "properties": {"p_logistic": 0.46853378415107727, "p_rf": 0.9079999923706055, "p_xgb": 0.9876245260238647, "date": "2026-02-07"}}, {"type": "Feature", "geometry": {"type": "Point", "coordinates": [-82.58333333503101, 35.500000000577]}, "properties": {"p_logistic": 0.4688888192176819, "p_rf": 0.9020000100135803, "p_xgb": 0.9898062348365784, "date": "2026-02-07"}}, {"type": "Feature", "geometry": {"type": "Point", "coordinates": [-82.57500000169802, 35.500000000577]}, "properties": {"p_logistic": 0.4701675772666931, "p_rf": 0.8880000114440918, "p_xgb": 0.9818339943885803, "date": "2026-02-07"}}, {"type": "Feature", "geometry": {"type": "Point", "coordinates": [-82.56666666836502, 35.500000000577]}, "properties": {"p_logistic": 0.4720841348171234, "p_rf": 0.8820000290870667, "p_xgb": 0.9818339943885803, "date": "2026-02-07"}}, {"type": "Feature", "geometry": {"type": "Point", "coordinates": [-82.55833333503202, 35.500000000577]}, "properties": {"p_logistic": 0.4737934172153473, "p_rf": 0.8840000033378601, "p_xgb": 0.9818339943885803, "date": "2026-02-07"}}, {"type": "Feature", "geometry": {"type": "Point", "coordinates": [-82.55000000169902, 35.500000000577]}, "properties": {"p_logistic": 0.47484666109085083, "p_rf": 0.8840000033378601, "p_xgb": 0.983225405216217, "date": "2026-02-07"}}, {"type": "Feature", "geometry": {"type": "Point", "coordinates": [-82.54166666836602, 35.500000000577]}, "properties": {"p_logistic": 0.4749448001384735, "p_rf": 0.8840000033378601, "p_xgb": 0.9871887564659119, "date": "2026-02-07"}}, {"type": "Feature", "geometry": {"type": "Point", "coordinates": [-82.53333333503302, 35.500000000577]}, "properties": {"p_logistic": 0.47482141852378845, "p_rf": 0.8880000114440918, "p_xgb": 0.9871887564659119, "date": "2026-02-07"}}, {"type": "Feature", "geometry": {"type": "Point", "coordinates": [-82.52500000170002, 35.500000000577]}, "properties": {"p_logistic": 0.4755892753601074, "p_rf": 0.8960000276565552, "p_xgb": 0.9871887564659119, "date": "2026-02-07"}}, {"type": "Feature", "geometry": {"type": "Point", "coordinates": [-82.51666666836701, 35.500000000577]}, "properties": {"p_logistic": 0.47724857926368713, "p_rf": 0.9160000085830688, "p_xgb": 0.9910377264022827, "date": "2026-02-07"}}, {"type": "Feature", "geometry": {"type": "Point", "coordinates": [-82.50833333503402, 35.500000000577]}, "properties": {"p_logistic": 0.47973257303237915, "p_rf": 0.9279999732971191, "p_xgb": 0.9964951872825623, "date": "2026-02-07"}}, {"type": "Feature", "geometry": {"type": "Point", "coordinates": [-82.50000000170101, 35.500000000577]}, "properties": {"p_logistic": 0.4831385314464569, "p_rf": 0.9319999814033508, "p_xgb": 0.996862530708313, "date": "2026-02-07"}}, {"type": "Feature", "geometry": {"type": "Point", "coordinates": [-82.49166666836803, 35.500000000577]}, "properties": {"p_logistic": 0.48610588908195496, "p_rf": 0.9380000233650208, "p_xgb": 0.997328519821167, "date": "2026-02-07"}}, {"type": "Feature", "geometry": {"type": "Point", "coordinates": [-82.48333333503501, 35.500000000577]}, "properties": {"p_logistic": 0.4889073371887207, "p_rf": 0.8679999709129333, "p_xgb": 0.9953106045722961, "date": "2026-02-07"}}, {"type": "Feature", "geometry": {"type": "Point", "coordinates": [-82.47500000170201, 35.500000000577]}, "properties": {"p_logistic": 0.4911116361618042, "p_rf": 0.8240000009536743, "p_xgb": 0.9954417943954468, "date": "2026-02-07"}}, {"type": "Feature", "geometry": {"type": "Point", "coordinates": [-82.46666666836902, 35.500000000577]}, "properties": {"p_logistic": 0.49252474308013916, "p_rf": 0.8759999871253967, "p_xgb": 0.9955834746360779, "date": "2026-02-07"}}, {"type": "Feature", "geometry": {"type": "Point", "coordinates": [-82.45833333503602, 35.500000000577]}, "properties": {"p_logistic": 0.49266305565834045, "p_rf": 0.8679999709129333, "p_xgb": 0.9954557418823242, "date": "2026-02-07"}}, {"type": "Feature", "geometry": {"type": "Point", "coordinates": [-82.45000000170302, 35.500000000577]}, "properties": {"p_logistic": 0.4913603961467743, "p_rf": 0.8679999709129333, "p_xgb": 0.9957607388496399, "date": "2026-02-07"}}, {"type": "Feature", "geometry": {"type": "Point", "coordinates": [-82.44166666837002, 35.500000000577]}, "properties": {"p_logistic": 0.48895880579948425, "p_rf": 0.8659999966621399, "p_xgb": 0.9955834746360779, "date": "2026-02-07"}}, {"type": "Feature", "geometry": {"type": "Point", "coordinates": [-82.43333333503702, 35.500000000577]}, "properties": {"p_logistic": 0.4860374331474304, "p_rf": 0.8740000128746033, "p_xgb": 0.9954417943954468, "date": "2026-02-07"}}, {"type": "Feature", "geometry": {"type": "Point", "coordinates": [-82.42500000170402, 35.500000000577]}, "properties": {"p_logistic": 0.4844713509082794, "p_rf": 0.8980000019073486, "p_xgb": 0.9973289966583252, "date": "2026-02-07"}}, {"type": "Feature", "geometry": {"type": "Point", "coordinates": [-82.41666666837102, 35.500000000577]}, "properties": {"p_logistic": 0.4854874312877655, "p_rf": 0.8939999938011169, "p_xgb": 0.9973289966583252, "date": "2026-02-07"}}, {"type": "Feature", "geometry": {"type": "Point", "coordinates": [-82.40833333503801, 35.500000000577]}, "properties": {"p_logistic": 0.48712974786758423, "p_rf": 0.8920000195503235, "p_xgb": 0.9954417943954468, "date": "2026-02-07"}}, {"type": "Feature", "geometry": {"type": "Point", "coordinates": [-82.40000000170502, 35.500000000577]}, "properties": {"p_logistic": 0.48905324935913086, "p_rf": 0.878000020980835, "p_xgb": 0.9954417943954468, "date": "2026-02-07"}}, {"type": "Feature", "geometry": {"type": "Point", "coordinates": [-82.39166666837201, 35.500000000577]}, "properties": {"p_logistic": 0.4893942177295685, "p_rf": 0.8920000195503235, "p_xgb": 0.995456337928772, "date": "2026-02-07"}}, {"type": "Feature", "geometry": {"type": "Point", "coordinates": [-82.38333333503903, 35.500000000577]}, "properties": {"p_logistic": 0.4880993068218231, "p_rf": 0.906000018119812, "p_xgb": 0.9950563907623291, "date": "2026-02-07"}}, {"type": "Feature", "geometry": {"type": "Point", "coordinates": [-82.37500000170601, 35.500000000577]}, "properties": {"p_logistic": 0.48707446455955505, "p_rf": 0.8980000019073486, "p_xgb": 0.9937794804573059, "date": "2026-02-07"}}, {"type": "Feature", "geometry": {"type": "Point", "coordinates": [-82.36666666837301, 35.500000000577]}, "properties": {"p_logistic": 0.48572587966918945, "p_rf": 0.7760000228881836, "p_xgb": 0.9851663708686829, "date": "2026-02-07"}}, {"type": "Feature", "geometry": {"type": "Point", "coordinates": [-82.35833333504002, 35.500000000577]}, "properties": {"p_logistic": 0.4841833710670471, "p_rf": 0.7580000162124634, "p_xgb": 0.9874100089073181, "date": "2026-02-07"}}, {"type": "Feature", "geometry": {"type": "Point", "coordinates": [-82.35000000170702, 35.500000000577]}, "properties": {"p_logistic": 0.48253342509269714, "p_rf": 0.6940000057220459, "p_xgb": 0.9834803938865662, "date": "2026-02-07"}}, {"type": "Feature", "geometry": {"type": "Point", "coordinates": [-82.34166666837402, 35.500000000577]}, "properties": {"p_logistic": 0.48093053698539734, "p_rf": 0.6899999976158142, "p_xgb": 0.978256344795227, "date": "2026-02-07"}}, {"type": "Feature", "geometry": {"type": "Point", "coordinates": [-82.32500000170802, 35.500000000577]}, "properties": {"p_logistic": 0.47894519567489624, "p_rf": 0.7440000176429749, "p_xgb": 0.969269871711731, "date": "2026-02-07"}}, {"type": "Feature", "geometry": {"type": "Point", "coordinates": [-82.31666666837502, 35.500000000577]}, "properties": {"p_logistic": 0.4787020683288574, "p_rf": 0.7760000228881836, "p_xgb": 0.9680610299110413, "date": "2026-02-07"}}, {"type": "Feature", "geometry": {"type": "Point", "coordinates": [-82.30833333504202, 35.500000000577]}, "properties": {"p_logistic": 0.47901245951652527, "p_rf": 0.7639999985694885, "p_xgb": 0.9694234132766724, "date": "2026-02-07"}}, {"type": "Feature", "geometry": {"type": "Point", "coordinates": [-82.30000000170901, 35.500000000577]}, "properties": {"p_logistic": 0.4791455566883087, "p_rf": 0.765999972820282, "p_xgb": 0.9772587418556213, "date": "2026-02-07"}}, {"type": "Feature", "geometry": {"type": "Point", "coordinates": [-82.29166666837602, 35.500000000577]}, "properties": {"p_logistic": 0.4794139266014099, "p_rf": 0.7519999742507935, "p_xgb": 0.9688960313796997, "date": "2026-02-07"}}, {"type": "Feature", "geometry": {"type": "Point", "coordinates": [-82.28333333504301, 35.500000000577]}, "properties": {"p_logistic": 0.4789730906486511, "p_rf": 0.7459999918937683, "p_xgb": 0.9667519330978394, "date": "2026-02-07"}}, {"type": "Feature", "geometry": {"type": "Point", "coordinates": [-82.27500000171003, 35.500000000577]}, "properties": {"p_logistic": 0.47824597358703613, "p_rf": 0.7459999918937683, "p_xgb": 0.9667519330978394, "date": "2026-02-07"}}, {"type": "Feature", "geometry": {"type": "Point", "coordinates": [-82.26666666837701, 35.500000000577]}, "properties": {"p_logistic": 0.4761204123497009, "p_rf": 0.7360000014305115, "p_xgb": 0.9667519330978394, "date": "2026-02-07"}}, {"type": "Feature", "geometry": {"type": "Point", "coordinates": [-82.25833333504401, 35.500000000577]}, "properties": {"p_logistic": 0.4732716679573059, "p_rf": 0.7260000109672546, "p_xgb": 0.9667519330978394, "date": "2026-02-07"}}, {"type": "Feature", "geometry": {"type": "Point", "coordinates": [-82.25000000171102, 35.500000000577]}, "properties": {"p_logistic": 0.470405638217926, "p_rf": 0.7419999837875366, "p_xgb": 0.9592013359069824, "date": "2026-02-07"}}, {"type": "Feature", "geometry": {"type": "Point", "coordinates": [-82.24166666837802, 35.500000000577]}, "properties": {"p_logistic": 0.4683851897716522, "p_rf": 0.7459999918937683, "p_xgb": 0.9592013359069824, "date": "2026-02-07"}}, {"type": "Feature", "geometry": {"type": "Point", "coordinates": [-82.23333333504502, 35.500000000577]}, "properties": {"p_logistic": 0.4681186079978943, "p_rf": 0.7440000176429749, "p_xgb": 0.9592013359069824, "date": "2026-02-07"}}, {"type": "Feature", "geometry": {"type": "Point", "coordinates": [-82.22500000171202, 35.500000000577]}, "properties": {"p_logistic": 0.46878838539123535, "p_rf": 0.765999972820282, "p_xgb": 0.9768972396850586, "date": "2026-02-07"}}, {"type": "Feature", "geometry": {"type": "Point", "coordinates": [-82.78333333502302, 35.491666667244004]}, "properties": {"p_logistic": 0.46058890223503113, "p_rf": 0.8939999938011169, "p_xgb": 0.9938740134239197, "date": "2026-02-07"}}, {"type": "Feature", "geometry": {"type": "Point", "coordinates": [-82.77500000169002, 35.491666667244004]}, "properties": {"p_logistic": 0.46159929037094116, "p_rf": 0.8880000114440918, "p_xgb": 0.9943755865097046, "date": "2026-02-07"}}, {"type": "Feature", "geometry": {"type": "Point", "coordinates": [-82.76666666835702, 35.491666667244004]}, "properties": {"p_logistic": 0.4630211889743805, "p_rf": 0.8880000114440918, "p_xgb": 0.9932475090026855, "date": "2026-02-07"}}, {"type": "Feature", "geometry": {"type": "Point", "coordinates": [-82.75833333502402, 35.491666667244004]}, "properties": {"p_logistic": 0.46513187885284424, "p_rf": 0.8799999952316284, "p_xgb": 0.9920752048492432, "date": "2026-02-07"}}, {"type": "Feature", "geometry": {"type": "Point", "coordinates": [-82.75000000169102, 35.491666667244004]}, "properties": {"p_logistic": 0.46707892417907715, "p_rf": 0.8840000033378601, "p_xgb": 0.9920752048492432, "date": "2026-02-07"}}, {"type": "Feature", "geometry": {"type": "Point", "coordinates": [-82.74166666835802, 35.491666667244004]}, "properties": {"p_logistic": 0.46806323528289795, "p_rf": 0.9020000100135803, "p_xgb": 0.9925325512886047, "date": "2026-02-07"}}, {"type": "Feature", "geometry": {"type": "Point", "coordinates": [-82.73333333502501, 35.491666667244004]}, "properties": {"p_logistic": 0.4686652421951294, "p_rf": 0.9079999923706055, "p_xgb": 0.99298095703125, "date": "2026-02-07"}}, {"type": "Feature", "geometry": {"type": "Point", "coordinates": [-82.72500000169202, 35.491666667244004]}, "properties": {"p_logistic": 0.4689624011516571, "p_rf": 0.9100000262260437, "p_xgb": 0.9936366081237793, "date": "2026-02-07"}}, {"type": "Feature", "geometry": {"type": "Point", "coordinates": [-82.71666666835901, 35.491666667244004]}, "properties": {"p_logistic": 0.4690875709056854, "p_rf": 0.906000018119812, "p_xgb": 0.9927421808242798, "date": "2026-02-07"}}, {"type": "Feature", "geometry": {"type": "Point", "coordinates": [-82.70833333502603, 35.491666667244004]}, "properties": {"p_logistic": 0.46988487243652344, "p_rf": 0.906000018119812, "p_xgb": 0.9927421808242798, "date": "2026-02-07"}}, {"type": "Feature", "geometry": {"type": "Point", "coordinates": [-82.70000000169301, 35.491666667244004]}, "properties": {"p_logistic": 0.4701665937900543, "p_rf": 0.8999999761581421, "p_xgb": 0.9927421808242798, "date": "2026-02-07"}}, {"type": "Feature", "geometry": {"type": "Point", "coordinates": [-82.69166666836001, 35.491666667244004]}, "properties": {"p_logistic": 0.46947935223579407, "p_rf": 0.9020000100135803, "p_xgb": 0.9927421808242798, "date": "2026-02-07"}}, {"type": "Feature", "geometry": {"type": "Point", "coordinates": [-82.68333333502702, 35.491666667244004]}, "properties": {"p_logistic": 0.4691513776779175, "p_rf": 0.9039999842643738, "p_xgb": 0.9909815192222595, "date": "2026-02-07"}}, {"type": "Feature", "geometry": {"type": "Point", "coordinates": [-82.67500000169402, 35.491666667244004]}, "properties": {"p_logistic": 0.46867233514785767, "p_rf": 0.8999999761581421, "p_xgb": 0.9894848465919495, "date": "2026-02-07"}}, {"type": "Feature", "geometry": {"type": "Point", "coordinates": [-82.66666666836102, 35.491666667244004]}, "properties": {"p_logistic": 0.4685461223125458, "p_rf": 0.9039999842643738, "p_xgb": 0.9890484809875488, "date": "2026-02-07"}}, {"type": "Feature", "geometry": {"type": "Point", "coordinates": [-82.65833333502802, 35.491666667244004]}, "properties": {"p_logistic": 0.46826303005218506, "p_rf": 0.8999999761581421, "p_xgb": 0.9890484809875488, "date": "2026-02-07"}}, {"type": "Feature", "geometry": {"type": "Point", "coordinates": [-82.65000000169502, 35.491666667244004]}, "properties": {"p_logistic": 0.4689905643463135, "p_rf": 0.9079999923706055, "p_xgb": 0.9779840111732483, "date": "2026-02-07"}}, {"type": "Feature", "geometry": {"type": "Point", "coordinates": [-82.64166666836202, 35.491666667244004]}, "properties": {"p_logistic": 0.469578355550766, "p_rf": 0.8840000033378601, "p_xgb": 0.9784567356109619, "date": "2026-02-07"}}, {"type": "Feature", "geometry": {"type": "Point", "coordinates": [-82.63333333502902, 35.491666667244004]}, "properties": {"p_logistic": 0.4703699052333832, "p_rf": 0.8320000171661377, "p_xgb": 0.9829567670822144, "date": "2026-02-07"}}, {"type": "Feature", "geometry": {"type": "Point", "coordinates": [-82.62500000169601, 35.491666667244004]}, "properties": {"p_logistic": 0.47073978185653687, "p_rf": 0.8640000224113464, "p_xgb": 0.9829567670822144, "date": "2026-02-07"}}, {"type": "Feature", "geometry": {"type": "Point", "coordinates": [-82.61666666836302, 35.491666667244004]}, "properties": {"p_logistic": 0.47054359316825867, "p_rf": 0.878000020980835, "p_xgb": 0.9836990833282471, "date": "2026-02-07"}}, {"type": "Feature", "geometry": {"type": "Point", "coordinates": [-82.60833333503001, 35.491666667244004]}, "properties": {"p_logistic": 0.47021371126174927, "p_rf": 0.8619999885559082, "p_xgb": 0.9829567670822144, "date": "2026-02-07"}}, {"type": "Feature", "geometry": {"type": "Point", "coordinates": [-82.60000000169703, 35.491666667244004]}, "properties": {"p_logistic": 0.4700213074684143, "p_rf": 0.8320000171661377, "p_xgb": 0.9824725389480591, "date": "2026-02-07"}}, {"type": "Feature", "geometry": {"type": "Point", "coordinates": [-82.59166666836401, 35.491666667244004]}, "properties": {"p_logistic": 0.46962442994117737, "p_rf": 0.8960000276565552, "p_xgb": 0.9822255373001099, "date": "2026-02-07"}}, {"type": "Feature", "geometry": {"type": "Point", "coordinates": [-82.58333333503101, 35.491666667244004]}, "properties": {"p_logistic": 0.4696952998638153, "p_rf": 0.8840000033378601, "p_xgb": 0.9818339943885803, "date": "2026-02-07"}}, {"type": "Feature", "geometry": {"type": "Point", "coordinates": [-82.57500000169802, 35.491666667244004]}, "properties": {"p_logistic": 0.47077637910842896, "p_rf": 0.878000020980835, "p_xgb": 0.9818339943885803, "date": "2026-02-07"}}, {"type": "Feature", "geometry": {"type": "Point", "coordinates": [-82.56666666836502, 35.491666667244004]}, "properties": {"p_logistic": 0.4726130962371826, "p_rf": 0.8759999871253967, "p_xgb": 0.9846416115760803, "date": "2026-02-07"}}, {"type": "Feature", "geometry": {"type": "Point", "coordinates": [-82.55833333503202, 35.491666667244004]}, "properties": {"p_logistic": 0.47418925166130066, "p_rf": 0.8859999775886536, "p_xgb": 0.9846416115760803, "date": "2026-02-07"}}, {"type": "Feature", "geometry": {"type": "Point", "coordinates": [-82.55000000169902, 35.491666667244004]}, "properties": {"p_logistic": 0.47491970658302307, "p_rf": 0.8799999952316284, "p_xgb": 0.9871887564659119, "date": "2026-02-07"}}, {"type": "Feature", "geometry": {"type": "Point", "coordinates": [-82.54166666836602, 35.491666667244004]}, "properties": {"p_logistic": 0.47478628158569336, "p_rf": 0.8859999775886536, "p_xgb": 0.9871887564659119, "date": "2026-02-07"}}, {"type": "Feature", "geometry": {"type": "Point", "coordinates": [-82.53333333503302, 35.491666667244004]}, "properties": {"p_logistic": 0.474985808134079, "p_rf": 0.8939999938011169, "p_xgb": 0.9876555800437927, "date": "2026-02-07"}}, {"type": "Feature", "geometry": {"type": "Point", "coordinates": [-82.52500000170002, 35.491666667244004]}, "properties": {"p_logistic": 0.4758288860321045, "p_rf": 0.906000018119812, "p_xgb": 0.9874430298805237, "date": "2026-02-07"}}, {"type": "Feature", "geometry": {"type": "Point", "coordinates": [-82.51666666836701, 35.491666667244004]}, "properties": {"p_logistic": 0.4777671694755554, "p_rf": 0.9240000247955322, "p_xgb": 0.9964951872825623, "date": "2026-02-07"}}, {"type": "Feature", "geometry": {"type": "Point", "coordinates": [-82.50833333503402, 35.491666667244004]}, "properties": {"p_logistic": 0.47951656579971313, "p_rf": 0.9319999814033508, "p_xgb": 0.9969496130943298, "date": "2026-02-07"}}, {"type": "Feature", "geometry": {"type": "Point", "coordinates": [-82.50000000170101, 35.491666667244004]}, "properties": {"p_logistic": 0.4822785258293152, "p_rf": 0.9240000247955322, "p_xgb": 0.997126042842865, "date": "2026-02-07"}}, {"type": "Feature", "geometry": {"type": "Point", "coordinates": [-82.49166666836803, 35.491666667244004]}, "properties": {"p_logistic": 0.4849150776863098, "p_rf": 0.9380000233650208, "p_xgb": 0.997328519821167, "date": "2026-02-07"}}, {"type": "Feature", "geometry": {"type": "Point", "coordinates": [-82.48333333503501, 35.491666667244004]}, "properties": {"p_logistic": 0.4867570996284485, "p_rf": 0.9340000152587891, "p_xgb": 0.9972519278526306, "date": "2026-02-07"}}, {"type": "Feature", "geometry": {"type": "Point", "coordinates": [-82.47500000170201, 35.491666667244004]}, "properties": {"p_logistic": 0.4883563816547394, "p_rf": 0.9079999923706055, "p_xgb": 0.9953106045722961, "date": "2026-02-07"}}, {"type": "Feature", "geometry": {"type": "Point", "coordinates": [-82.46666666836902, 35.491666667244004]}, "properties": {"p_logistic": 0.48937901854515076, "p_rf": 0.8240000009536743, "p_xgb": 0.995456337928772, "date": "2026-02-07"}}, {"type": "Feature", "geometry": {"type": "Point", "coordinates": [-82.45833333503602, 35.491666667244004]}, "properties": {"p_logistic": 0.4889034926891327, "p_rf": 0.8460000157356262, "p_xgb": 0.9956386685371399, "date": "2026-02-07"}}, {"type": "Feature", "geometry": {"type": "Point", "coordinates": [-82.45000000170302, 35.491666667244004]}, "properties": {"p_logistic": 0.48808690905570984, "p_rf": 0.8579999804496765, "p_xgb": 0.9956386685371399, "date": "2026-02-07"}}, {"type": "Feature", "geometry": {"type": "Point", "coordinates": [-82.44166666837002, 35.491666667244004]}, "properties": {"p_logistic": 0.4857530891895294, "p_rf": 0.8939999938011169, "p_xgb": 0.9956386685371399, "date": "2026-02-07"}}, {"type": "Feature", "geometry": {"type": "Point", "coordinates": [-82.43333333503702, 35.491666667244004]}, "properties": {"p_logistic": 0.4837290644645691, "p_rf": 0.9319999814033508, "p_xgb": 0.99522864818573, "date": "2026-02-07"}}, {"type": "Feature", "geometry": {"type": "Point", "coordinates": [-82.42500000170402, 35.491666667244004]}, "properties": {"p_logistic": 0.48288118839263916, "p_rf": 0.9319999814033508, "p_xgb": 0.9971140623092651, "date": "2026-02-07"}}, {"type": "Feature", "geometry": {"type": "Point", "coordinates": [-82.41666666837102, 35.491666667244004]}, "properties": {"p_logistic": 0.48331451416015625, "p_rf": 0.9319999814033508, "p_xgb": 0.9971140623092651, "date": "2026-02-07"}}, {"type": "Feature", "geometry": {"type": "Point", "coordinates": [-82.40833333503801, 35.491666667244004]}, "properties": {"p_logistic": 0.4842011332511902, "p_rf": 0.9300000071525574, "p_xgb": 0.9971140623092651, "date": "2026-02-07"}}, {"type": "Feature", "geometry": {"type": "Point", "coordinates": [-82.40000000170502, 35.491666667244004]}, "properties": {"p_logistic": 0.4846560060977936, "p_rf": 0.9340000152587891, "p_xgb": 0.9971140623092651, "date": "2026-02-07"}}, {"type": "Feature", "geometry": {"type": "Point", "coordinates": [-82.39166666837201, 35.491666667244004]}, "properties": {"p_logistic": 0.48432597517967224, "p_rf": 0.9319999814033508, "p_xgb": 0.99522864818573, "date": "2026-02-07"}}, {"type": "Feature", "geometry": {"type": "Point", "coordinates": [-82.38333333503903, 35.491666667244004]}, "properties": {"p_logistic": 0.48309698700904846, "p_rf": 0.8899999856948853, "p_xgb": 0.9941962957382202, "date": "2026-02-07"}}, {"type": "Feature", "geometry": {"type": "Point", "coordinates": [-82.37500000170601, 35.491666667244004]}, "properties": {"p_logistic": 0.4816731810569763, "p_rf": 0.7960000038146973, "p_xgb": 0.992606520652771, "date": "2026-02-07"}}, {"type": "Feature", "geometry": {"type": "Point", "coordinates": [-82.36666666837301, 35.491666667244004]}, "properties": {"p_logistic": 0.4806712865829468, "p_rf": 0.7879999876022339, "p_xgb": 0.9848445057868958, "date": "2026-02-07"}}, {"type": "Feature", "geometry": {"type": "Point", "coordinates": [-82.35833333504002, 35.491666667244004]}, "properties": {"p_logistic": 0.47888216376304626, "p_rf": 0.7599999904632568, "p_xgb": 0.9885156154632568, "date": "2026-02-07"}}, {"type": "Feature", "geometry": {"type": "Point", "coordinates": [-82.35000000170702, 35.491666667244004]}, "properties": {"p_logistic": 0.4765985310077667, "p_rf": 0.7059999704360962, "p_xgb": 0.9846292734146118, "date": "2026-02-07"}}, {"type": "Feature", "geometry": {"type": "Point", "coordinates": [-82.34166666837402, 35.491666667244004]}, "properties": {"p_logistic": 0.4765113592147827, "p_rf": 0.6899999976158142, "p_xgb": 0.9830993413925171, "date": "2026-02-07"}}, {"type": "Feature", "geometry": {"type": "Point", "coordinates": [-82.30833333504202, 35.491666667244004]}, "properties": {"p_logistic": 0.4769444763660431, "p_rf": 0.7459999918937683, "p_xgb": 0.9694234132766724, "date": "2026-02-07"}}, {"type": "Feature", "geometry": {"type": "Point", "coordinates": [-82.30000000170901, 35.491666667244004]}, "properties": {"p_logistic": 0.47724583745002747, "p_rf": 0.75, "p_xgb": 0.9703354239463806, "date": "2026-02-07"}}, {"type": "Feature", "geometry": {"type": "Point", "coordinates": [-82.29166666837602, 35.491666667244004]}, "properties": {"p_logistic": 0.477466344833374, "p_rf": 0.7519999742507935, "p_xgb": 0.9688960313796997, "date": "2026-02-07"}}, {"type": "Feature", "geometry": {"type": "Point", "coordinates": [-82.28333333504301, 35.491666667244004]}, "properties": {"p_logistic": 0.4767589867115021, "p_rf": 0.7419999837875366, "p_xgb": 0.9667519330978394, "date": "2026-02-07"}}, {"type": "Feature", "geometry": {"type": "Point", "coordinates": [-82.27500000171003, 35.491666667244004]}, "properties": {"p_logistic": 0.47520628571510315, "p_rf": 0.7440000176429749, "p_xgb": 0.9667519330978394, "date": "2026-02-07"}}, {"type": "Feature", "geometry": {"type": "Point", "coordinates": [-82.26666666837701, 35.491666667244004]}, "properties": {"p_logistic": 0.47262319922447205, "p_rf": 0.7319999933242798, "p_xgb": 0.9667519330978394, "date": "2026-02-07"}}, {"type": "Feature", "geometry": {"type": "Point", "coordinates": [-82.25833333504401, 35.491666667244004]}, "properties": {"p_logistic": 0.4692397117614746, "p_rf": 0.7440000176429749, "p_xgb": 0.9592013359069824, "date": "2026-02-07"}}, {"type": "Feature", "geometry": {"type": "Point", "coordinates": [-82.25000000171102, 35.491666667244004]}, "properties": {"p_logistic": 0.4658728837966919, "p_rf": 0.7620000243186951, "p_xgb": 0.9592013359069824, "date": "2026-02-07"}}, {"type": "Feature", "geometry": {"type": "Point", "coordinates": [-82.24166666837802, 35.491666667244004]}, "properties": {"p_logistic": 0.4642374813556671, "p_rf": 0.7419999837875366, "p_xgb": 0.960688054561615, "date": "2026-02-07"}}, {"type": "Feature", "geometry": {"type": "Point", "coordinates": [-82.23333333504502, 35.491666667244004]}, "properties": {"p_logistic": 0.46387383341789246, "p_rf": 0.734000027179718, "p_xgb": 0.971550703048706, "date": "2026-02-07"}}, {"type": "Feature", "geometry": {"type": "Point", "coordinates": [-82.79166666835602, 35.483333333911006]}, "properties": {"p_logistic": 0.45808061957359314, "p_rf": 0.8939999938011169, "p_xgb": 0.9923509955406189, "date": "2026-02-07"}}, {"type": "Feature", "geometry": {"type": "Point", "coordinates": [-82.78333333502302, 35.483333333911006]}, "properties": {"p_logistic": 0.4598815441131592, "p_rf": 0.8859999775886536, "p_xgb": 0.9935380816459656, "date": "2026-02-07"}}, {"type": "Feature", "geometry": {"type": "Point", "coordinates": [-82.77500000169002, 35.483333333911006]}, "properties": {"p_logistic": 0.46105143427848816, "p_rf": 0.8899999856948853, "p_xgb": 0.9938740134239197, "date": "2026-02-07"}}, {"type": "Feature", "geometry": {"type": "Point", "coordinates": [-82.76666666835702, 35.483333333911006]}, "properties": {"p_logistic": 0.463140606880188, "p_rf": 0.878000020980835, "p_xgb": 0.9943755865097046, "date": "2026-02-07"}}, {"type": "Feature", "geometry": {"type": "Point", "coordinates": [-82.75833333502402, 35.483333333911006]}, "properties": {"p_logistic": 0.4647212326526642, "p_rf": 0.8799999952316284, "p_xgb": 0.9920752048492432, "date": "2026-02-07"}}, {"type": "Feature", "geometry": {"type": "Point", "coordinates": [-82.75000000169102, 35.483333333911006]}, "properties": {"p_logistic": 0.4664997160434723, "p_rf": 0.9100000262260437, "p_xgb": 0.9920752048492432, "date": "2026-02-07"}}, {"type": "Feature", "geometry": {"type": "Point", "coordinates": [-82.74166666835802, 35.483333333911006]}, "properties": {"p_logistic": 0.4672142267227173, "p_rf": 0.9039999842643738, "p_xgb": 0.99298095703125, "date": "2026-02-07"}}, {"type": "Feature", "geometry": {"type": "Point", "coordinates": [-82.73333333502501, 35.483333333911006]}, "properties": {"p_logistic": 0.4676310122013092, "p_rf": 0.906000018119812, "p_xgb": 0.9934417009353638, "date": "2026-02-07"}}, {"type": "Feature", "geometry": {"type": "Point", "coordinates": [-82.72500000169202, 35.483333333911006]}, "properties": {"p_logistic": 0.4677765369415283, "p_rf": 0.9020000100135803, "p_xgb": 0.9930323362350464, "date": "2026-02-07"}}, {"type": "Feature", "geometry": {"type": "Point", "coordinates": [-82.71666666835901, 35.483333333911006]}, "properties": {"p_logistic": 0.46748027205467224, "p_rf": 0.906000018119812, "p_xgb": 0.9909815192222595, "date": "2026-02-07"}}, {"type": "Feature", "geometry": {"type": "Point", "coordinates": [-82.70833333502603, 35.483333333911006]}, "properties": {"p_logistic": 0.46773019433021545, "p_rf": 0.9079999923706055, "p_xgb": 0.9909815192222595, "date": "2026-02-07"}}, {"type": "Feature", "geometry": {"type": "Point", "coordinates": [-82.70000000169301, 35.483333333911006]}, "properties": {"p_logistic": 0.46724733710289, "p_rf": 0.906000018119812, "p_xgb": 0.9909815192222595, "date": "2026-02-07"}}, {"type": "Feature", "geometry": {"type": "Point", "coordinates": [-82.69166666836001, 35.483333333911006]}, "properties": {"p_logistic": 0.4677090048789978, "p_rf": 0.906000018119812, "p_xgb": 0.9898062348365784, "date": "2026-02-07"}}, {"type": "Feature", "geometry": {"type": "Point", "coordinates": [-82.68333333502702, 35.483333333911006]}, "properties": {"p_logistic": 0.46755945682525635, "p_rf": 0.906000018119812, "p_xgb": 0.9898062348365784, "date": "2026-02-07"}}, {"type": "Feature", "geometry": {"type": "Point", "coordinates": [-82.67500000169402, 35.483333333911006]}, "properties": {"p_logistic": 0.468121737241745, "p_rf": 0.9020000100135803, "p_xgb": 0.9898062348365784, "date": "2026-02-07"}}, {"type": "Feature", "geometry": {"type": "Point", "coordinates": [-82.66666666836102, 35.483333333911006]}, "properties": {"p_logistic": 0.46813446283340454, "p_rf": 0.906000018119812, "p_xgb": 0.9898062348365784, "date": "2026-02-07"}}, {"type": "Feature", "geometry": {"type": "Point", "coordinates": [-82.65833333502802, 35.483333333911006]}, "properties": {"p_logistic": 0.4688650667667389, "p_rf": 0.906000018119812, "p_xgb": 0.9822255373001099, "date": "2026-02-07"}}, {"type": "Feature", "geometry": {"type": "Point", "coordinates": [-82.65000000169502, 35.483333333911006]}, "properties": {"p_logistic": 0.4689731299877167, "p_rf": 0.8920000195503235, "p_xgb": 0.9822255373001099, "date": "2026-02-07"}}, {"type": "Feature", "geometry": {"type": "Point", "coordinates": [-82.64166666836202, 35.483333333911006]}, "properties": {"p_logistic": 0.4699639081954956, "p_rf": 0.8960000276565552, "p_xgb": 0.9848327040672302, "date": "2026-02-07"}}, {"type": "Feature", "geometry": {"type": "Point", "coordinates": [-82.63333333502902, 35.483333333911006]}, "properties": {"p_logistic": 0.47075265645980835, "p_rf": 0.8299999833106995, "p_xgb": 0.9885056018829346, "date": "2026-02-07"}}, {"type": "Feature", "geometry": {"type": "Point", "coordinates": [-82.62500000169601, 35.483333333911006]}, "properties": {"p_logistic": 0.4710766673088074, "p_rf": 0.8700000047683716, "p_xgb": 0.9888251423835754, "date": "2026-02-07"}}, {"type": "Feature", "geometry": {"type": "Point", "coordinates": [-82.61666666836302, 35.483333333911006]}, "properties": {"p_logistic": 0.4710066318511963, "p_rf": 0.8659999966621399, "p_xgb": 0.9888251423835754, "date": "2026-02-07"}}, {"type": "Feature", "geometry": {"type": "Point", "coordinates": [-82.60833333503001, 35.483333333911006]}, "properties": {"p_logistic": 0.4705052375793457, "p_rf": 0.8700000047683716, "p_xgb": 0.9888251423835754, "date": "2026-02-07"}}, {"type": "Feature", "geometry": {"type": "Point", "coordinates": [-82.60000000169703, 35.483333333911006]}, "properties": {"p_logistic": 0.46981507539749146, "p_rf": 0.8980000019073486, "p_xgb": 0.9885056018829346, "date": "2026-02-07"}}, {"type": "Feature", "geometry": {"type": "Point", "coordinates": [-82.59166666836401, 35.483333333911006]}, "properties": {"p_logistic": 0.46868351101875305, "p_rf": 0.8880000114440918, "p_xgb": 0.9867413640022278, "date": "2026-02-07"}}, {"type": "Feature", "geometry": {"type": "Point", "coordinates": [-82.58333333503101, 35.483333333911006]}, "properties": {"p_logistic": 0.4685935378074646, "p_rf": 0.8759999871253967, "p_xgb": 0.9842045903205872, "date": "2026-02-07"}}, {"type": "Feature", "geometry": {"type": "Point", "coordinates": [-82.57500000169802, 35.483333333911006]}, "properties": {"p_logistic": 0.46989795565605164, "p_rf": 0.8619999885559082, "p_xgb": 0.9859265089035034, "date": "2026-02-07"}}, {"type": "Feature", "geometry": {"type": "Point", "coordinates": [-82.56666666836502, 35.483333333911006]}, "properties": {"p_logistic": 0.47192949056625366, "p_rf": 0.8740000128746033, "p_xgb": 0.9846519231796265, "date": "2026-02-07"}}, {"type": "Feature", "geometry": {"type": "Point", "coordinates": [-82.55833333503202, 35.483333333911006]}, "properties": {"p_logistic": 0.47349387407302856, "p_rf": 0.8960000276565552, "p_xgb": 0.9858259558677673, "date": "2026-02-07"}}, {"type": "Feature", "geometry": {"type": "Point", "coordinates": [-82.55000000169902, 35.483333333911006]}, "properties": {"p_logistic": 0.47436437010765076, "p_rf": 0.8980000019073486, "p_xgb": 0.9858259558677673, "date": "2026-02-07"}}, {"type": "Feature", "geometry": {"type": "Point", "coordinates": [-82.54166666836602, 35.483333333911006]}, "properties": {"p_logistic": 0.47426772117614746, "p_rf": 0.8980000019073486, "p_xgb": 0.988179087638855, "date": "2026-02-07"}}, {"type": "Feature", "geometry": {"type": "Point", "coordinates": [-82.53333333503302, 35.483333333911006]}, "properties": {"p_logistic": 0.4748185873031616, "p_rf": 0.8980000019073486, "p_xgb": 0.988179087638855, "date": "2026-02-07"}}, {"type": "Feature", "geometry": {"type": "Point", "coordinates": [-82.52500000170002, 35.483333333911006]}, "properties": {"p_logistic": 0.47636690735816956, "p_rf": 0.9139999747276306, "p_xgb": 0.9922698736190796, "date": "2026-02-07"}}, {"type": "Feature", "geometry": {"type": "Point", "coordinates": [-82.51666666836701, 35.483333333911006]}, "properties": {"p_logistic": 0.47795748710632324, "p_rf": 0.9279999732971191, "p_xgb": 0.9969496130943298, "date": "2026-02-07"}}, {"type": "Feature", "geometry": {"type": "Point", "coordinates": [-82.50833333503402, 35.483333333911006]}, "properties": {"p_logistic": 0.4793710708618164, "p_rf": 0.9300000071525574, "p_xgb": 0.9970617890357971, "date": "2026-02-07"}}, {"type": "Feature", "geometry": {"type": "Point", "coordinates": [-82.50000000170101, 35.483333333911006]}, "properties": {"p_logistic": 0.48170384764671326, "p_rf": 0.9240000247955322, "p_xgb": 0.997126042842865, "date": "2026-02-07"}}, {"type": "Feature", "geometry": {"type": "Point", "coordinates": [-82.49166666836803, 35.483333333911006]}, "properties": {"p_logistic": 0.48399680852890015, "p_rf": 0.9380000233650208, "p_xgb": 0.9975530505180359, "date": "2026-02-07"}}, {"type": "Feature", "geometry": {"type": "Point", "coordinates": [-82.48333333503501, 35.483333333911006]}, "properties": {"p_logistic": 0.4857334792613983, "p_rf": 0.9359999895095825, "p_xgb": 0.9972519278526306, "date": "2026-02-07"}}, {"type": "Feature", "geometry": {"type": "Point", "coordinates": [-82.47500000170201, 35.483333333911006]}, "properties": {"p_logistic": 0.48660168051719666, "p_rf": 0.9279999732971191, "p_xgb": 0.9950756430625916, "date": "2026-02-07"}}, {"type": "Feature", "geometry": {"type": "Point", "coordinates": [-82.46666666836902, 35.483333333911006]}, "properties": {"p_logistic": 0.4870440363883972, "p_rf": 0.9100000262260437, "p_xgb": 0.9950756430625916, "date": "2026-02-07"}}, {"type": "Feature", "geometry": {"type": "Point", "coordinates": [-82.45833333503602, 35.483333333911006]}, "properties": {"p_logistic": 0.4866025745868683, "p_rf": 0.906000018119812, "p_xgb": 0.99522864818573, "date": "2026-02-07"}}, {"type": "Feature", "geometry": {"type": "Point", "coordinates": [-82.45000000170302, 35.483333333911006]}, "properties": {"p_logistic": 0.4854620397090912, "p_rf": 0.9079999923706055, "p_xgb": 0.99522864818573, "date": "2026-02-07"}}, {"type": "Feature", "geometry": {"type": "Point", "coordinates": [-82.44166666837002, 35.483333333911006]}, "properties": {"p_logistic": 0.48340901732444763, "p_rf": 0.9020000100135803, "p_xgb": 0.9946229457855225, "date": "2026-02-07"}}, {"type": "Feature", "geometry": {"type": "Point", "coordinates": [-82.43333333503702, 35.483333333911006]}, "properties": {"p_logistic": 0.48197582364082336, "p_rf": 0.9259999990463257, "p_xgb": 0.9944180250167847, "date": "2026-02-07"}}, {"type": "Feature", "geometry": {"type": "Point", "coordinates": [-82.42500000170402, 35.483333333911006]}, "properties": {"p_logistic": 0.48117366433143616, "p_rf": 0.921999990940094, "p_xgb": 0.9965907335281372, "date": "2026-02-07"}}, {"type": "Feature", "geometry": {"type": "Point", "coordinates": [-82.41666666837102, 35.483333333911006]}, "properties": {"p_logistic": 0.48112282156944275, "p_rf": 0.9240000247955322, "p_xgb": 0.9965907335281372, "date": "2026-02-07"}}, {"type": "Feature", "geometry": {"type": "Point", "coordinates": [-82.40833333503801, 35.483333333911006]}, "properties": {"p_logistic": 0.4810544550418854, "p_rf": 0.9259999990463257, "p_xgb": 0.9965907335281372, "date": "2026-02-07"}}, {"type": "Feature", "geometry": {"type": "Point", "coordinates": [-82.40000000170502, 35.483333333911006]}, "properties": {"p_logistic": 0.48022037744522095, "p_rf": 0.9160000085830688, "p_xgb": 0.9965907335281372, "date": "2026-02-07"}}, {"type": "Feature", "geometry": {"type": "Point", "coordinates": [-82.39166666837201, 35.483333333911006]}, "properties": {"p_logistic": 0.479277640581131, "p_rf": 0.9079999923706055, "p_xgb": 0.9964675903320312, "date": "2026-02-07"}}, {"type": "Feature", "geometry": {"type": "Point", "coordinates": [-82.38333333503903, 35.483333333911006]}, "properties": {"p_logistic": 0.47870853543281555, "p_rf": 0.8220000267028809, "p_xgb": 0.992606520652771, "date": "2026-02-07"}}, {"type": "Feature", "geometry": {"type": "Point", "coordinates": [-82.37500000170601, 35.483333333911006]}, "properties": {"p_logistic": 0.477973997592926, "p_rf": 0.8019999861717224, "p_xgb": 0.992606520652771, "date": "2026-02-07"}}, {"type": "Feature", "geometry": {"type": "Point", "coordinates": [-82.29166666837602, 35.483333333911006]}, "properties": {"p_logistic": 0.47654321789741516, "p_rf": 0.7319999933242798, "p_xgb": 0.963494598865509, "date": "2026-02-07"}}, {"type": "Feature", "geometry": {"type": "Point", "coordinates": [-82.28333333504301, 35.483333333911006]}, "properties": {"p_logistic": 0.47500795125961304, "p_rf": 0.7279999852180481, "p_xgb": 0.9654854536056519, "date": "2026-02-07"}}, {"type": "Feature", "geometry": {"type": "Point", "coordinates": [-82.27500000171003, 35.483333333911006]}, "properties": {"p_logistic": 0.47187477350234985, "p_rf": 0.7200000286102295, "p_xgb": 0.9667519330978394, "date": "2026-02-07"}}, {"type": "Feature", "geometry": {"type": "Point", "coordinates": [-82.26666666837701, 35.483333333911006]}, "properties": {"p_logistic": 0.46851104497909546, "p_rf": 0.7379999756813049, "p_xgb": 0.9667519330978394, "date": "2026-02-07"}}, {"type": "Feature", "geometry": {"type": "Point", "coordinates": [-82.25833333504401, 35.483333333911006]}, "properties": {"p_logistic": 0.4649161994457245, "p_rf": 0.7620000243186951, "p_xgb": 0.9592013359069824, "date": "2026-02-07"}}, {"type": "Feature", "geometry": {"type": "Point", "coordinates": [-82.25000000171102, 35.483333333911006]}, "properties": {"p_logistic": 0.46304914355278015, "p_rf": 0.7599999904632568, "p_xgb": 0.960688054561615, "date": "2026-02-07"}}, {"type": "Feature", "geometry": {"type": "Point", "coordinates": [-82.24166666837802, 35.483333333911006]}, "properties": {"p_logistic": 0.4619450867176056, "p_rf": 0.7279999852180481, "p_xgb": 0.9734171032905579, "date": "2026-02-07"}}, {"type": "Feature", "geometry": {"type": "Point", "coordinates": [-82.23333333504502, 35.483333333911006]}, "properties": {"p_logistic": 0.4621931314468384, "p_rf": 0.7419999837875366, "p_xgb": 0.9829390048980713, "date": "2026-02-07"}}, {"type": "Feature", "geometry": {"type": "Point", "coordinates": [-82.79166666835602, 35.47500000057801]}, "properties": {"p_logistic": 0.4582677483558655, "p_rf": 0.8600000143051147, "p_xgb": 0.9935534000396729, "date": "2026-02-07"}}, {"type": "Feature", "geometry": {"type": "Point", "coordinates": [-82.78333333502302, 35.47500000057801]}, "properties": {"p_logistic": 0.4592878520488739, "p_rf": 0.8379999995231628, "p_xgb": 0.9923509955406189, "date": "2026-02-07"}}, {"type": "Feature", "geometry": {"type": "Point", "coordinates": [-82.77500000169002, 35.47500000057801]}, "properties": {"p_logistic": 0.4607499837875366, "p_rf": 0.8999999761581421, "p_xgb": 0.9943800568580627, "date": "2026-02-07"}}, {"type": "Feature", "geometry": {"type": "Point", "coordinates": [-82.76666666835702, 35.47500000057801]}, "properties": {"p_logistic": 0.46275052428245544, "p_rf": 0.8939999938011169, "p_xgb": 0.9940987825393677, "date": "2026-02-07"}}, {"type": "Feature", "geometry": {"type": "Point", "coordinates": [-82.75833333502402, 35.47500000057801]}, "properties": {"p_logistic": 0.46442779898643494, "p_rf": 0.9139999747276306, "p_xgb": 0.99468994140625, "date": "2026-02-07"}}, {"type": "Feature", "geometry": {"type": "Point", "coordinates": [-82.75000000169102, 35.47500000057801]}, "properties": {"p_logistic": 0.4655474126338959, "p_rf": 0.9079999923706055, "p_xgb": 0.9925171136856079, "date": "2026-02-07"}}, {"type": "Feature", "geometry": {"type": "Point", "coordinates": [-82.74166666835802, 35.47500000057801]}, "properties": {"p_logistic": 0.4655930697917938, "p_rf": 0.906000018119812, "p_xgb": 0.9929665327072144, "date": "2026-02-07"}}, {"type": "Feature", "geometry": {"type": "Point", "coordinates": [-82.73333333502501, 35.47500000057801]}, "properties": {"p_logistic": 0.46549513936042786, "p_rf": 0.9100000262260437, "p_xgb": 0.9913415312767029, "date": "2026-02-07"}}, {"type": "Feature", "geometry": {"type": "Point", "coordinates": [-82.72500000169202, 35.47500000057801]}, "properties": {"p_logistic": 0.4651644229888916, "p_rf": 0.8259999752044678, "p_xgb": 0.9909815192222595, "date": "2026-02-07"}}, {"type": "Feature", "geometry": {"type": "Point", "coordinates": [-82.71666666835901, 35.47500000057801]}, "properties": {"p_logistic": 0.4649469256401062, "p_rf": 0.828000009059906, "p_xgb": 0.9909815192222595, "date": "2026-02-07"}}, {"type": "Feature", "geometry": {"type": "Point", "coordinates": [-82.70833333502603, 35.47500000057801]}, "properties": {"p_logistic": 0.46566280722618103, "p_rf": 0.906000018119812, "p_xgb": 0.9898062348365784, "date": "2026-02-07"}}, {"type": "Feature", "geometry": {"type": "Point", "coordinates": [-82.70000000169301, 35.47500000057801]}, "properties": {"p_logistic": 0.46539339423179626, "p_rf": 0.9039999842643738, "p_xgb": 0.9898062348365784, "date": "2026-02-07"}}, {"type": "Feature", "geometry": {"type": "Point", "coordinates": [-82.69166666836001, 35.47500000057801]}, "properties": {"p_logistic": 0.4654475450515747, "p_rf": 0.9020000100135803, "p_xgb": 0.9898062348365784, "date": "2026-02-07"}}, {"type": "Feature", "geometry": {"type": "Point", "coordinates": [-82.68333333502702, 35.47500000057801]}, "properties": {"p_logistic": 0.4658532440662384, "p_rf": 0.906000018119812, "p_xgb": 0.9898062348365784, "date": "2026-02-07"}}, {"type": "Feature", "geometry": {"type": "Point", "coordinates": [-82.67500000169402, 35.47500000057801]}, "properties": {"p_logistic": 0.4667457044124603, "p_rf": 0.906000018119812, "p_xgb": 0.9822255373001099, "date": "2026-02-07"}}, {"type": "Feature", "geometry": {"type": "Point", "coordinates": [-82.66666666836102, 35.47500000057801]}, "properties": {"p_logistic": 0.46725666522979736, "p_rf": 0.9039999842643738, "p_xgb": 0.9822255373001099, "date": "2026-02-07"}}, {"type": "Feature", "geometry": {"type": "Point", "coordinates": [-82.65833333502802, 35.47500000057801]}, "properties": {"p_logistic": 0.4679185450077057, "p_rf": 0.8920000195503235, "p_xgb": 0.9822255373001099, "date": "2026-02-07"}}, {"type": "Feature", "geometry": {"type": "Point", "coordinates": [-82.65000000169502, 35.47500000057801]}, "properties": {"p_logistic": 0.4685412347316742, "p_rf": 0.8859999775886536, "p_xgb": 0.9822255373001099, "date": "2026-02-07"}}, {"type": "Feature", "geometry": {"type": "Point", "coordinates": [-82.64166666836202, 35.47500000057801]}, "properties": {"p_logistic": 0.4689731001853943, "p_rf": 0.8960000276565552, "p_xgb": 0.987933874130249, "date": "2026-02-07"}}, {"type": "Feature", "geometry": {"type": "Point", "coordinates": [-82.63333333502902, 35.47500000057801]}, "properties": {"p_logistic": 0.46944689750671387, "p_rf": 0.8980000019073486, "p_xgb": 0.9894636869430542, "date": "2026-02-07"}}, {"type": "Feature", "geometry": {"type": "Point", "coordinates": [-82.62500000169601, 35.47500000057801]}, "properties": {"p_logistic": 0.469625860452652, "p_rf": 0.8339999914169312, "p_xgb": 0.9894636869430542, "date": "2026-02-07"}}, {"type": "Feature", "geometry": {"type": "Point", "coordinates": [-82.61666666836302, 35.47500000057801]}, "properties": {"p_logistic": 0.46921858191490173, "p_rf": 0.8339999914169312, "p_xgb": 0.9894636869430542, "date": "2026-02-07"}}, {"type": "Feature", "geometry": {"type": "Point", "coordinates": [-82.60833333503001, 35.47500000057801]}, "properties": {"p_logistic": 0.4689330756664276, "p_rf": 0.8980000019073486, "p_xgb": 0.9894636869430542, "date": "2026-02-07"}}, {"type": "Feature", "geometry": {"type": "Point", "coordinates": [-82.60000000169703, 35.47500000057801]}, "properties": {"p_logistic": 0.46779751777648926, "p_rf": 0.8859999775886536, "p_xgb": 0.9870285987854004, "date": "2026-02-07"}}, {"type": "Feature", "geometry": {"type": "Point", "coordinates": [-82.59166666836401, 35.47500000057801]}, "properties": {"p_logistic": 0.4671117663383484, "p_rf": 0.8820000290870667, "p_xgb": 0.9867413640022278, "date": "2026-02-07"}}, {"type": "Feature", "geometry": {"type": "Point", "coordinates": [-82.58333333503101, 35.47500000057801]}, "properties": {"p_logistic": 0.4675755798816681, "p_rf": 0.8600000143051147, "p_xgb": 0.9859265089035034, "date": "2026-02-07"}}, {"type": "Feature", "geometry": {"type": "Point", "coordinates": [-82.57500000169802, 35.47500000057801]}, "properties": {"p_logistic": 0.46929603815078735, "p_rf": 0.7839999794960022, "p_xgb": 0.9856352806091309, "date": "2026-02-07"}}, {"type": "Feature", "geometry": {"type": "Point", "coordinates": [-82.56666666836502, 35.47500000057801]}, "properties": {"p_logistic": 0.47124001383781433, "p_rf": 0.7979999780654907, "p_xgb": 0.9859200716018677, "date": "2026-02-07"}}, {"type": "Feature", "geometry": {"type": "Point", "coordinates": [-82.55833333503202, 35.47500000057801]}, "properties": {"p_logistic": 0.47292041778564453, "p_rf": 0.8159999847412109, "p_xgb": 0.9899463057518005, "date": "2026-02-07"}}, {"type": "Feature", "geometry": {"type": "Point", "coordinates": [-82.55000000169902, 35.47500000057801]}, "properties": {"p_logistic": 0.473513126373291, "p_rf": 0.8379999995231628, "p_xgb": 0.990151047706604, "date": "2026-02-07"}}, {"type": "Feature", "geometry": {"type": "Point", "coordinates": [-82.54166666836602, 35.47500000057801]}, "properties": {"p_logistic": 0.4739387333393097, "p_rf": 0.8920000195503235, "p_xgb": 0.990151047706604, "date": "2026-02-07"}}, {"type": "Feature", "geometry": {"type": "Point", "coordinates": [-82.53333333503302, 35.47500000057801]}, "properties": {"p_logistic": 0.47456637024879456, "p_rf": 0.9039999842643738, "p_xgb": 0.990151047706604, "date": "2026-02-07"}}, {"type": "Feature", "geometry": {"type": "Point", "coordinates": [-82.52500000170002, 35.47500000057801]}, "properties": {"p_logistic": 0.47620633244514465, "p_rf": 0.9039999842643738, "p_xgb": 0.99610835313797, "date": "2026-02-07"}}, {"type": "Feature", "geometry": {"type": "Point", "coordinates": [-82.51666666836701, 35.47500000057801]}, "properties": {"p_logistic": 0.47731325030326843, "p_rf": 0.921999990940094, "p_xgb": 0.9964498281478882, "date": "2026-02-07"}}, {"type": "Feature", "geometry": {"type": "Point", "coordinates": [-82.50833333503402, 35.47500000057801]}, "properties": {"p_logistic": 0.47870874404907227, "p_rf": 0.9279999732971191, "p_xgb": 0.9970445036888123, "date": "2026-02-07"}}, {"type": "Feature", "geometry": {"type": "Point", "coordinates": [-82.50000000170101, 35.47500000057801]}, "properties": {"p_logistic": 0.4808613657951355, "p_rf": 0.9359999895095825, "p_xgb": 0.997126042842865, "date": "2026-02-07"}}, {"type": "Feature", "geometry": {"type": "Point", "coordinates": [-82.49166666836803, 35.47500000057801]}, "properties": {"p_logistic": 0.4829244911670685, "p_rf": 0.9319999814033508, "p_xgb": 0.9971140623092651, "date": "2026-02-07"}}, {"type": "Feature", "geometry": {"type": "Point", "coordinates": [-82.48333333503501, 35.47500000057801]}, "properties": {"p_logistic": 0.48444274067878723, "p_rf": 0.9380000233650208, "p_xgb": 0.9971140623092651, "date": "2026-02-07"}}, {"type": "Feature", "geometry": {"type": "Point", "coordinates": [-82.47500000170201, 35.47500000057801]}, "properties": {"p_logistic": 0.48510950803756714, "p_rf": 0.9340000152587891, "p_xgb": 0.9950756430625916, "date": "2026-02-07"}}, {"type": "Feature", "geometry": {"type": "Point", "coordinates": [-82.46666666836902, 35.47500000057801]}, "properties": {"p_logistic": 0.4852614998817444, "p_rf": 0.9160000085830688, "p_xgb": 0.99522864818573, "date": "2026-02-07"}}, {"type": "Feature", "geometry": {"type": "Point", "coordinates": [-82.45833333503602, 35.47500000057801]}, "properties": {"p_logistic": 0.48548975586891174, "p_rf": 0.8980000019073486, "p_xgb": 0.994398295879364, "date": "2026-02-07"}}, {"type": "Feature", "geometry": {"type": "Point", "coordinates": [-82.45000000170302, 35.47500000057801]}, "properties": {"p_logistic": 0.4841742217540741, "p_rf": 0.9039999842643738, "p_xgb": 0.994398295879364, "date": "2026-02-07"}}, {"type": "Feature", "geometry": {"type": "Point", "coordinates": [-82.44166666837002, 35.47500000057801]}, "properties": {"p_logistic": 0.4831869304180145, "p_rf": 0.9300000071525574, "p_xgb": 0.994398295879364, "date": "2026-02-07"}}, {"type": "Feature", "geometry": {"type": "Point", "coordinates": [-82.43333333503702, 35.47500000057801]}, "properties": {"p_logistic": 0.48170965909957886, "p_rf": 0.9160000085830688, "p_xgb": 0.9942935109138489, "date": "2026-02-07"}}, {"type": "Feature", "geometry": {"type": "Point", "coordinates": [-82.42500000170402, 35.47500000057801]}, "properties": {"p_logistic": 0.48100578784942627, "p_rf": 0.9079999923706055, "p_xgb": 0.9956343770027161, "date": "2026-02-07"}}, {"type": "Feature", "geometry": {"type": "Point", "coordinates": [-82.41666666837102, 35.47500000057801]}, "properties": {"p_logistic": 0.480560302734375, "p_rf": 0.9079999923706055, "p_xgb": 0.9966545104980469, "date": "2026-02-07"}}, {"type": "Feature", "geometry": {"type": "Point", "coordinates": [-82.40833333503801, 35.47500000057801]}, "properties": {"p_logistic": 0.4792488217353821, "p_rf": 0.8600000143051147, "p_xgb": 0.996514618396759, "date": "2026-02-07"}}, {"type": "Feature", "geometry": {"type": "Point", "coordinates": [-82.40000000170502, 35.47500000057801]}, "properties": {"p_logistic": 0.47808215022087097, "p_rf": 0.8640000224113464, "p_xgb": 0.9959816932678223, "date": "2026-02-07"}}, {"type": "Feature", "geometry": {"type": "Point", "coordinates": [-82.39166666837201, 35.47500000057801]}, "properties": {"p_logistic": 0.4773988723754883, "p_rf": 0.8799999952316284, "p_xgb": 0.99566251039505, "date": "2026-02-07"}}, {"type": "Feature", "geometry": {"type": "Point", "coordinates": [-82.38333333503903, 35.47500000057801]}, "properties": {"p_logistic": 0.4768912196159363, "p_rf": 0.8339999914169312, "p_xgb": 0.992606520652771, "date": "2026-02-07"}}, {"type": "Feature", "geometry": {"type": "Point", "coordinates": [-82.37500000170601, 35.47500000057801]}, "properties": {"p_logistic": 0.47674208879470825, "p_rf": 0.800000011920929, "p_xgb": 0.9923298954963684, "date": "2026-02-07"}}, {"type": "Feature", "geometry": {"type": "Point", "coordinates": [-82.27500000171003, 35.47500000057801]}, "properties": {"p_logistic": 0.46930718421936035, "p_rf": 0.7099999785423279, "p_xgb": 0.9667519330978394, "date": "2026-02-07"}}, {"type": "Feature", "geometry": {"type": "Point", "coordinates": [-82.26666666837701, 35.47500000057801]}, "properties": {"p_logistic": 0.4656734764575958, "p_rf": 0.7459999918937683, "p_xgb": 0.9667519330978394, "date": "2026-02-07"}}, {"type": "Feature", "geometry": {"type": "Point", "coordinates": [-82.25833333504401, 35.47500000057801]}, "properties": {"p_logistic": 0.4623546600341797, "p_rf": 0.7620000243186951, "p_xgb": 0.9679726958274841, "date": "2026-02-07"}}, {"type": "Feature", "geometry": {"type": "Point", "coordinates": [-82.25000000171102, 35.47500000057801]}, "properties": {"p_logistic": 0.46095868945121765, "p_rf": 0.7599999904632568, "p_xgb": 0.9768709540367126, "date": "2026-02-07"}}, {"type": "Feature", "geometry": {"type": "Point", "coordinates": [-82.24166666837802, 35.47500000057801]}, "properties": {"p_logistic": 0.4613911509513855, "p_rf": 0.7519999742507935, "p_xgb": 0.9818779230117798, "date": "2026-02-07"}}, {"type": "Feature", "geometry": {"type": "Point", "coordinates": [-82.79166666835602, 35.46666666724501]}, "properties": {"p_logistic": 0.45692238211631775, "p_rf": 0.9039999842643738, "p_xgb": 0.9944739937782288, "date": "2026-02-07"}}, {"type": "Feature", "geometry": {"type": "Point", "coordinates": [-82.78333333502302, 35.46666666724501]}, "properties": {"p_logistic": 0.4582938551902771, "p_rf": 0.8980000019073486, "p_xgb": 0.9935534000396729, "date": "2026-02-07"}}, {"type": "Feature", "geometry": {"type": "Point", "coordinates": [-82.77500000169002, 35.46666666724501]}, "properties": {"p_logistic": 0.45954403281211853, "p_rf": 0.8899999856948853, "p_xgb": 0.9935534000396729, "date": "2026-02-07"}}, {"type": "Feature", "geometry": {"type": "Point", "coordinates": [-82.76666666835702, 35.46666666724501]}, "properties": {"p_logistic": 0.4610070288181305, "p_rf": 0.8600000143051147, "p_xgb": 0.9933682084083557, "date": "2026-02-07"}}, {"type": "Feature", "geometry": {"type": "Point", "coordinates": [-82.75833333502402, 35.46666666724501]}, "properties": {"p_logistic": 0.4621464014053345, "p_rf": 0.9240000247955322, "p_xgb": 0.9932060241699219, "date": "2026-02-07"}}, {"type": "Feature", "geometry": {"type": "Point", "coordinates": [-82.75000000169102, 35.46666666724501]}, "properties": {"p_logistic": 0.4631834924221039, "p_rf": 0.9139999747276306, "p_xgb": 0.9938197731971741, "date": "2026-02-07"}}, {"type": "Feature", "geometry": {"type": "Point", "coordinates": [-82.74166666835802, 35.46666666724501]}, "properties": {"p_logistic": 0.463614284992218, "p_rf": 0.9179999828338623, "p_xgb": 0.9927268028259277, "date": "2026-02-07"}}, {"type": "Feature", "geometry": {"type": "Point", "coordinates": [-82.73333333502501, 35.46666666724501]}, "properties": {"p_logistic": 0.46388325095176697, "p_rf": 0.9179999828338623, "p_xgb": 0.9915299415588379, "date": "2026-02-07"}}, {"type": "Feature", "geometry": {"type": "Point", "coordinates": [-82.72500000169202, 35.46666666724501]}, "properties": {"p_logistic": 0.46331894397735596, "p_rf": 0.828000009059906, "p_xgb": 0.9909815192222595, "date": "2026-02-07"}}, {"type": "Feature", "geometry": {"type": "Point", "coordinates": [-82.71666666835901, 35.46666666724501]}, "properties": {"p_logistic": 0.46317145228385925, "p_rf": 0.8299999833106995, "p_xgb": 0.9909815192222595, "date": "2026-02-07"}}, {"type": "Feature", "geometry": {"type": "Point", "coordinates": [-82.70833333502603, 35.46666666724501]}, "properties": {"p_logistic": 0.463149756193161, "p_rf": 0.8339999914169312, "p_xgb": 0.9898062348365784, "date": "2026-02-07"}}, {"type": "Feature", "geometry": {"type": "Point", "coordinates": [-82.70000000169301, 35.46666666724501]}, "properties": {"p_logistic": 0.46361860632896423, "p_rf": 0.9020000100135803, "p_xgb": 0.9898062348365784, "date": "2026-02-07"}}, {"type": "Feature", "geometry": {"type": "Point", "coordinates": [-82.69166666836001, 35.46666666724501]}, "properties": {"p_logistic": 0.46420973539352417, "p_rf": 0.9020000100135803, "p_xgb": 0.9818339943885803, "date": "2026-02-07"}}, {"type": "Feature", "geometry": {"type": "Point", "coordinates": [-82.68333333502702, 35.46666666724501]}, "properties": {"p_logistic": 0.4647814631462097, "p_rf": 0.8960000276565552, "p_xgb": 0.9818339943885803, "date": "2026-02-07"}}, {"type": "Feature", "geometry": {"type": "Point", "coordinates": [-82.67500000169402, 35.46666666724501]}, "properties": {"p_logistic": 0.46553581953048706, "p_rf": 0.8880000114440918, "p_xgb": 0.9822255373001099, "date": "2026-02-07"}}, {"type": "Feature", "geometry": {"type": "Point", "coordinates": [-82.66666666836102, 35.46666666724501]}, "properties": {"p_logistic": 0.46638375520706177, "p_rf": 0.8939999938011169, "p_xgb": 0.9822255373001099, "date": "2026-02-07"}}, {"type": "Feature", "geometry": {"type": "Point", "coordinates": [-82.65833333502802, 35.46666666724501]}, "properties": {"p_logistic": 0.466938853263855, "p_rf": 0.8859999775886536, "p_xgb": 0.9822255373001099, "date": "2026-02-07"}}, {"type": "Feature", "geometry": {"type": "Point", "coordinates": [-82.65000000169502, 35.46666666724501]}, "properties": {"p_logistic": 0.46731987595558167, "p_rf": 0.8920000195503235, "p_xgb": 0.9858291745185852, "date": "2026-02-07"}}, {"type": "Feature", "geometry": {"type": "Point", "coordinates": [-82.64166666836202, 35.46666666724501]}, "properties": {"p_logistic": 0.4674586355686188, "p_rf": 0.8960000276565552, "p_xgb": 0.9889391660690308, "date": "2026-02-07"}}, {"type": "Feature", "geometry": {"type": "Point", "coordinates": [-82.63333333502902, 35.46666666724501]}, "properties": {"p_logistic": 0.46726757287979126, "p_rf": 0.9079999923706055, "p_xgb": 0.989280641078949, "date": "2026-02-07"}}, {"type": "Feature", "geometry": {"type": "Point", "coordinates": [-82.62500000169601, 35.46666666724501]}, "properties": {"p_logistic": 0.46675023436546326, "p_rf": 0.9100000262260437, "p_xgb": 0.989280641078949, "date": "2026-02-07"}}, {"type": "Feature", "geometry": {"type": "Point", "coordinates": [-82.61666666836302, 35.46666666724501]}, "properties": {"p_logistic": 0.4667952060699463, "p_rf": 0.9039999842643738, "p_xgb": 0.9879289269447327, "date": "2026-02-07"}}, {"type": "Feature", "geometry": {"type": "Point", "coordinates": [-82.60833333503001, 35.46666666724501]}, "properties": {"p_logistic": 0.46677058935165405, "p_rf": 0.9039999842643738, "p_xgb": 0.9879289269447327, "date": "2026-02-07"}}, {"type": "Feature", "geometry": {"type": "Point", "coordinates": [-82.60000000169703, 35.46666666724501]}, "properties": {"p_logistic": 0.4664699137210846, "p_rf": 0.8939999938011169, "p_xgb": 0.9876614809036255, "date": "2026-02-07"}}, {"type": "Feature", "geometry": {"type": "Point", "coordinates": [-82.59166666836401, 35.46666666724501]}, "properties": {"p_logistic": 0.4661436975002289, "p_rf": 0.8700000047683716, "p_xgb": 0.9834528565406799, "date": "2026-02-07"}}, {"type": "Feature", "geometry": {"type": "Point", "coordinates": [-82.58333333503101, 35.46666666724501]}, "properties": {"p_logistic": 0.46689093112945557, "p_rf": 0.8080000281333923, "p_xgb": 0.9831113815307617, "date": "2026-02-07"}}, {"type": "Feature", "geometry": {"type": "Point", "coordinates": [-82.57500000169802, 35.46666666724501]}, "properties": {"p_logistic": 0.46848177909851074, "p_rf": 0.8059999942779541, "p_xgb": 0.9867298603057861, "date": "2026-02-07"}}, {"type": "Feature", "geometry": {"type": "Point", "coordinates": [-82.56666666836502, 35.46666666724501]}, "properties": {"p_logistic": 0.47106876969337463, "p_rf": 0.8240000009536743, "p_xgb": 0.9905266761779785, "date": "2026-02-07"}}, {"type": "Feature", "geometry": {"type": "Point", "coordinates": [-82.55833333503202, 35.46666666724501]}, "properties": {"p_logistic": 0.4726695418357849, "p_rf": 0.8259999752044678, "p_xgb": 0.9963456988334656, "date": "2026-02-07"}}, {"type": "Feature", "geometry": {"type": "Point", "coordinates": [-82.55000000169902, 35.46666666724501]}, "properties": {"p_logistic": 0.47341030836105347, "p_rf": 0.8299999833106995, "p_xgb": 0.9969946146011353, "date": "2026-02-07"}}, {"type": "Feature", "geometry": {"type": "Point", "coordinates": [-82.54166666836602, 35.46666666724501]}, "properties": {"p_logistic": 0.4734117090702057, "p_rf": 0.8759999871253967, "p_xgb": 0.9971444010734558, "date": "2026-02-07"}}, {"type": "Feature", "geometry": {"type": "Point", "coordinates": [-82.53333333503302, 35.46666666724501]}, "properties": {"p_logistic": 0.47367578744888306, "p_rf": 0.878000020980835, "p_xgb": 0.997259259223938, "date": "2026-02-07"}}, {"type": "Feature", "geometry": {"type": "Point", "coordinates": [-82.52500000170002, 35.46666666724501]}, "properties": {"p_logistic": 0.47467708587646484, "p_rf": 0.8539999723434448, "p_xgb": 0.99601149559021, "date": "2026-02-07"}}, {"type": "Feature", "geometry": {"type": "Point", "coordinates": [-82.51666666836701, 35.46666666724501]}, "properties": {"p_logistic": 0.47593680024147034, "p_rf": 0.8140000104904175, "p_xgb": 0.99601149559021, "date": "2026-02-07"}}, {"type": "Feature", "geometry": {"type": "Point", "coordinates": [-82.50833333503402, 35.46666666724501]}, "properties": {"p_logistic": 0.4774390459060669, "p_rf": 0.8299999833106995, "p_xgb": 0.9952971339225769, "date": "2026-02-07"}}, {"type": "Feature", "geometry": {"type": "Point", "coordinates": [-82.50000000170101, 35.46666666724501]}, "properties": {"p_logistic": 0.4793665409088135, "p_rf": 0.9240000247955322, "p_xgb": 0.9966545104980469, "date": "2026-02-07"}}, {"type": "Feature", "geometry": {"type": "Point", "coordinates": [-82.49166666836803, 35.46666666724501]}, "properties": {"p_logistic": 0.48133060336112976, "p_rf": 0.9259999990463257, "p_xgb": 0.9966427087783813, "date": "2026-02-07"}}, {"type": "Feature", "geometry": {"type": "Point", "coordinates": [-82.48333333503501, 35.46666666724501]}, "properties": {"p_logistic": 0.4826122522354126, "p_rf": 0.9319999814033508, "p_xgb": 0.994398295879364, "date": "2026-02-07"}}, {"type": "Feature", "geometry": {"type": "Point", "coordinates": [-82.47500000170201, 35.46666666724501]}, "properties": {"p_logistic": 0.48319166898727417, "p_rf": 0.9279999732971191, "p_xgb": 0.994398295879364, "date": "2026-02-07"}}, {"type": "Feature", "geometry": {"type": "Point", "coordinates": [-82.46666666836902, 35.46666666724501]}, "properties": {"p_logistic": 0.48360371589660645, "p_rf": 0.9279999732971191, "p_xgb": 0.9942733645439148, "date": "2026-02-07"}}, {"type": "Feature", "geometry": {"type": "Point", "coordinates": [-82.45833333503602, 35.46666666724501]}, "properties": {"p_logistic": 0.4840576946735382, "p_rf": 0.9259999990463257, "p_xgb": 0.9942733645439148, "date": "2026-02-07"}}, {"type": "Feature", "geometry": {"type": "Point", "coordinates": [-82.45000000170302, 35.46666666724501]}, "properties": {"p_logistic": 0.4829760193824768, "p_rf": 0.9279999732971191, "p_xgb": 0.9946229457855225, "date": "2026-02-07"}}, {"type": "Feature", "geometry": {"type": "Point", "coordinates": [-82.44166666837002, 35.46666666724501]}, "properties": {"p_logistic": 0.4821808338165283, "p_rf": 0.9259999990463257, "p_xgb": 0.9945029020309448, "date": "2026-02-07"}}, {"type": "Feature", "geometry": {"type": "Point", "coordinates": [-82.43333333503702, 35.46666666724501]}, "properties": {"p_logistic": 0.48097583651542664, "p_rf": 0.9120000004768372, "p_xgb": 0.9938409328460693, "date": "2026-02-07"}}, {"type": "Feature", "geometry": {"type": "Point", "coordinates": [-82.37500000170601, 35.46666666724501]}, "properties": {"p_logistic": 0.4759052097797394, "p_rf": 0.7960000038146973, "p_xgb": 0.9838287830352783, "date": "2026-02-07"}}, {"type": "Feature", "geometry": {"type": "Point", "coordinates": [-82.25833333504401, 35.46666666724501]}, "properties": {"p_logistic": 0.46099671721458435, "p_rf": 0.7680000066757202, "p_xgb": 0.9768709540367126, "date": "2026-02-07"}}, {"type": "Feature", "geometry": {"type": "Point", "coordinates": [-82.25000000171102, 35.46666666724501]}, "properties": {"p_logistic": 0.46058547496795654, "p_rf": 0.7699999809265137, "p_xgb": 0.9783959984779358, "date": "2026-02-07"}}, {"type": "Feature", "geometry": {"type": "Point", "coordinates": [-82.78333333502302, 35.458333333912]}, "properties": {"p_logistic": 0.4550679624080658, "p_rf": 0.9020000100135803, "p_xgb": 0.9944739937782288, "date": "2026-02-07"}}, {"type": "Feature", "geometry": {"type": "Point", "coordinates": [-82.77500000169002, 35.458333333912]}, "properties": {"p_logistic": 0.45614928007125854, "p_rf": 0.906000018119812, "p_xgb": 0.9939409494400024, "date": "2026-02-07"}}, {"type": "Feature", "geometry": {"type": "Point", "coordinates": [-82.76666666835702, 35.458333333912]}, "properties": {"p_logistic": 0.457221120595932, "p_rf": 0.9100000262260437, "p_xgb": 0.9944739937782288, "date": "2026-02-07"}}, {"type": "Feature", "geometry": {"type": "Point", "coordinates": [-82.75833333502402, 35.458333333912]}, "properties": {"p_logistic": 0.45814037322998047, "p_rf": 0.8679999709129333, "p_xgb": 0.9943150877952576, "date": "2026-02-07"}}, {"type": "Feature", "geometry": {"type": "Point", "coordinates": [-82.75000000169102, 35.458333333912]}, "properties": {"p_logistic": 0.4592384696006775, "p_rf": 0.9300000071525574, "p_xgb": 0.9934549927711487, "date": "2026-02-07"}}, {"type": "Feature", "geometry": {"type": "Point", "coordinates": [-82.74166666835802, 35.458333333912]}, "properties": {"p_logistic": 0.4603433907032013, "p_rf": 0.9240000247955322, "p_xgb": 0.9940305352210999, "date": "2026-02-07"}}, {"type": "Feature", "geometry": {"type": "Point", "coordinates": [-82.73333333502501, 35.458333333912]}, "properties": {"p_logistic": 0.46101659536361694, "p_rf": 0.9139999747276306, "p_xgb": 0.9929428100585938, "date": "2026-02-07"}}, {"type": "Feature", "geometry": {"type": "Point", "coordinates": [-82.72500000169202, 35.458333333912]}, "properties": {"p_logistic": 0.460813969373703, "p_rf": 0.8299999833106995, "p_xgb": 0.9911776185035706, "date": "2026-02-07"}}, {"type": "Feature", "geometry": {"type": "Point", "coordinates": [-82.71666666835901, 35.458333333912]}, "properties": {"p_logistic": 0.4607923924922943, "p_rf": 0.8339999914169312, "p_xgb": 0.9909815192222595, "date": "2026-02-07"}}, {"type": "Feature", "geometry": {"type": "Point", "coordinates": [-82.70833333502603, 35.458333333912]}, "properties": {"p_logistic": 0.4611561596393585, "p_rf": 0.906000018119812, "p_xgb": 0.9898062348365784, "date": "2026-02-07"}}, {"type": "Feature", "geometry": {"type": "Point", "coordinates": [-82.70000000169301, 35.458333333912]}, "properties": {"p_logistic": 0.4617804288864136, "p_rf": 0.9100000262260437, "p_xgb": 0.9822255373001099, "date": "2026-02-07"}}, {"type": "Feature", "geometry": {"type": "Point", "coordinates": [-82.69166666836001, 35.458333333912]}, "properties": {"p_logistic": 0.46271368861198425, "p_rf": 0.8880000114440918, "p_xgb": 0.9828930497169495, "date": "2026-02-07"}}, {"type": "Feature", "geometry": {"type": "Point", "coordinates": [-82.68333333502702, 35.458333333912]}, "properties": {"p_logistic": 0.46398410201072693, "p_rf": 0.8899999856948853, "p_xgb": 0.9846504926681519, "date": "2026-02-07"}}, {"type": "Feature", "geometry": {"type": "Point", "coordinates": [-82.67500000169402, 35.458333333912]}, "properties": {"p_logistic": 0.4651511013507843, "p_rf": 0.8920000195503235, "p_xgb": 0.9846504926681519, "date": "2026-02-07"}}, {"type": "Feature", "geometry": {"type": "Point", "coordinates": [-82.66666666836102, 35.458333333912]}, "properties": {"p_logistic": 0.4663344621658325, "p_rf": 0.8899999856948853, "p_xgb": 0.9858291745185852, "date": "2026-02-07"}}, {"type": "Feature", "geometry": {"type": "Point", "coordinates": [-82.65833333502802, 35.458333333912]}, "properties": {"p_logistic": 0.4668208956718445, "p_rf": 0.8859999775886536, "p_xgb": 0.9870285987854004, "date": "2026-02-07"}}, {"type": "Feature", "geometry": {"type": "Point", "coordinates": [-82.65000000169502, 35.458333333912]}, "properties": {"p_logistic": 0.46720415353775024, "p_rf": 0.8999999761581421, "p_xgb": 0.9874283671379089, "date": "2026-02-07"}}, {"type": "Feature", "geometry": {"type": "Point", "coordinates": [-82.64166666836202, 35.458333333912]}, "properties": {"p_logistic": 0.46743088960647583, "p_rf": 0.9100000262260437, "p_xgb": 0.9881687760353088, "date": "2026-02-07"}}, {"type": "Feature", "geometry": {"type": "Point", "coordinates": [-82.63333333502902, 35.458333333912]}, "properties": {"p_logistic": 0.46725404262542725, "p_rf": 0.9179999828338623, "p_xgb": 0.9908899664878845, "date": "2026-02-07"}}, {"type": "Feature", "geometry": {"type": "Point", "coordinates": [-82.62500000169601, 35.458333333912]}, "properties": {"p_logistic": 0.46702077984809875, "p_rf": 0.9240000247955322, "p_xgb": 0.9908899664878845, "date": "2026-02-07"}}, {"type": "Feature", "geometry": {"type": "Point", "coordinates": [-82.61666666836302, 35.458333333912]}, "properties": {"p_logistic": 0.46703895926475525, "p_rf": 0.9200000166893005, "p_xgb": 0.9961285591125488, "date": "2026-02-07"}}, {"type": "Feature", "geometry": {"type": "Point", "coordinates": [-82.60833333503001, 35.458333333912]}, "properties": {"p_logistic": 0.46727821230888367, "p_rf": 0.921999990940094, "p_xgb": 0.9961285591125488, "date": "2026-02-07"}}, {"type": "Feature", "geometry": {"type": "Point", "coordinates": [-82.60000000169703, 35.458333333912]}, "properties": {"p_logistic": 0.46784040331840515, "p_rf": 0.9039999842643738, "p_xgb": 0.9961285591125488, "date": "2026-02-07"}}, {"type": "Feature", "geometry": {"type": "Point", "coordinates": [-82.59166666836401, 35.458333333912]}, "properties": {"p_logistic": 0.467515230178833, "p_rf": 0.8220000267028809, "p_xgb": 0.9877468347549438, "date": "2026-02-07"}}, {"type": "Feature", "geometry": {"type": "Point", "coordinates": [-82.58333333503101, 35.458333333912]}, "properties": {"p_logistic": 0.4682580232620239, "p_rf": 0.8220000267028809, "p_xgb": 0.9957789182662964, "date": "2026-02-07"}}, {"type": "Feature", "geometry": {"type": "Point", "coordinates": [-82.57500000169802, 35.458333333912]}, "properties": {"p_logistic": 0.47040680050849915, "p_rf": 0.8360000252723694, "p_xgb": 0.9959892630577087, "date": "2026-02-07"}}, {"type": "Feature", "geometry": {"type": "Point", "coordinates": [-82.56666666836502, 35.458333333912]}, "properties": {"p_logistic": 0.47243207693099976, "p_rf": 0.8379999995231628, "p_xgb": 0.9959892630577087, "date": "2026-02-07"}}, {"type": "Feature", "geometry": {"type": "Point", "coordinates": [-82.55833333503202, 35.458333333912]}, "properties": {"p_logistic": 0.47370249032974243, "p_rf": 0.8360000252723694, "p_xgb": 0.9959892630577087, "date": "2026-02-07"}}, {"type": "Feature", "geometry": {"type": "Point", "coordinates": [-82.55000000169902, 35.458333333912]}, "properties": {"p_logistic": 0.4739192724227905, "p_rf": 0.8379999995231628, "p_xgb": 0.9959892630577087, "date": "2026-02-07"}}, {"type": "Feature", "geometry": {"type": "Point", "coordinates": [-82.54166666836602, 35.458333333912]}, "properties": {"p_logistic": 0.47331300377845764, "p_rf": 0.8420000076293945, "p_xgb": 0.9962567090988159, "date": "2026-02-07"}}, {"type": "Feature", "geometry": {"type": "Point", "coordinates": [-82.53333333503302, 35.458333333912]}, "properties": {"p_logistic": 0.47308921813964844, "p_rf": 0.8980000019073486, "p_xgb": 0.9955860376358032, "date": "2026-02-07"}}, {"type": "Feature", "geometry": {"type": "Point", "coordinates": [-82.52500000170002, 35.458333333912]}, "properties": {"p_logistic": 0.47305017709732056, "p_rf": 0.8960000276565552, "p_xgb": 0.9954202771186829, "date": "2026-02-07"}}, {"type": "Feature", "geometry": {"type": "Point", "coordinates": [-82.51666666836701, 35.458333333912]}, "properties": {"p_logistic": 0.47358718514442444, "p_rf": 0.8999999761581421, "p_xgb": 0.9954202771186829, "date": "2026-02-07"}}, {"type": "Feature", "geometry": {"type": "Point", "coordinates": [-82.50833333503402, 35.458333333912]}, "properties": {"p_logistic": 0.4744962155818939, "p_rf": 0.8859999775886536, "p_xgb": 0.9963693618774414, "date": "2026-02-07"}}, {"type": "Feature", "geometry": {"type": "Point", "coordinates": [-82.50000000170101, 35.458333333912]}, "properties": {"p_logistic": 0.47582852840423584, "p_rf": 0.8679999709129333, "p_xgb": 0.9952971339225769, "date": "2026-02-07"}}, {"type": "Feature", "geometry": {"type": "Point", "coordinates": [-82.49166666836803, 35.458333333912]}, "properties": {"p_logistic": 0.4779997169971466, "p_rf": 0.8240000009536743, "p_xgb": 0.9952971339225769, "date": "2026-02-07"}}, {"type": "Feature", "geometry": {"type": "Point", "coordinates": [-82.48333333503501, 35.458333333912]}, "properties": {"p_logistic": 0.4794575870037079, "p_rf": 0.9039999842643738, "p_xgb": 0.9921492338180542, "date": "2026-02-07"}}, {"type": "Feature", "geometry": {"type": "Point", "coordinates": [-82.47500000170201, 35.458333333912]}, "properties": {"p_logistic": 0.48019012808799744, "p_rf": 0.9100000262260437, "p_xgb": 0.992606520652771, "date": "2026-02-07"}}, {"type": "Feature", "geometry": {"type": "Point", "coordinates": [-82.46666666836902, 35.458333333912]}, "properties": {"p_logistic": 0.4807334840297699, "p_rf": 0.9100000262260437, "p_xgb": 0.9938409328460693, "date": "2026-02-07"}}, {"type": "Feature", "geometry": {"type": "Point", "coordinates": [-82.45833333503602, 35.458333333912]}, "properties": {"p_logistic": 0.48138195276260376, "p_rf": 0.9079999923706055, "p_xgb": 0.9931491017341614, "date": "2026-02-07"}}, {"type": "Feature", "geometry": {"type": "Point", "coordinates": [-82.45000000170302, 35.458333333912]}, "properties": {"p_logistic": 0.48137402534484863, "p_rf": 0.9039999842643738, "p_xgb": 0.9942935109138489, "date": "2026-02-07"}}, {"type": "Feature", "geometry": {"type": "Point", "coordinates": [-82.78333333502302, 35.450000000579]}, "properties": {"p_logistic": 0.4527460038661957, "p_rf": 0.8939999938011169, "p_xgb": 0.9951848387718201, "date": "2026-02-07"}}, {"type": "Feature", "geometry": {"type": "Point", "coordinates": [-82.77500000169002, 35.450000000579]}, "properties": {"p_logistic": 0.4536536931991577, "p_rf": 0.8920000195503235, "p_xgb": 0.9949547648429871, "date": "2026-02-07"}}, {"type": "Feature", "geometry": {"type": "Point", "coordinates": [-82.76666666835702, 35.450000000579]}, "properties": {"p_logistic": 0.45413193106651306, "p_rf": 0.8980000019073486, "p_xgb": 0.9949547648429871, "date": "2026-02-07"}}, {"type": "Feature", "geometry": {"type": "Point", "coordinates": [-82.75833333502402, 35.450000000579]}, "properties": {"p_logistic": 0.45468494296073914, "p_rf": 0.8999999761581421, "p_xgb": 0.9946383833885193, "date": "2026-02-07"}}, {"type": "Feature", "geometry": {"type": "Point", "coordinates": [-82.75000000169102, 35.450000000579]}, "properties": {"p_logistic": 0.4553505480289459, "p_rf": 0.871999979019165, "p_xgb": 0.9946383833885193, "date": "2026-02-07"}}, {"type": "Feature", "geometry": {"type": "Point", "coordinates": [-82.74166666835802, 35.450000000579]}, "properties": {"p_logistic": 0.4567359387874603, "p_rf": 0.8740000128746033, "p_xgb": 0.9944841265678406, "date": "2026-02-07"}}, {"type": "Feature", "geometry": {"type": "Point", "coordinates": [-82.73333333502501, 35.450000000579]}, "properties": {"p_logistic": 0.457759290933609, "p_rf": 0.9259999990463257, "p_xgb": 0.9939665794372559, "date": "2026-02-07"}}, {"type": "Feature", "geometry": {"type": "Point", "coordinates": [-82.72500000169202, 35.450000000579]}, "properties": {"p_logistic": 0.4582086205482483, "p_rf": 0.9100000262260437, "p_xgb": 0.9919933080673218, "date": "2026-02-07"}}, {"type": "Feature", "geometry": {"type": "Point", "coordinates": [-82.71666666835901, 35.450000000579]}, "properties": {"p_logistic": 0.45828232169151306, "p_rf": 0.9139999747276306, "p_xgb": 0.9846504926681519, "date": "2026-02-07"}}, {"type": "Feature", "geometry": {"type": "Point", "coordinates": [-82.64166666836202, 35.450000000579]}, "properties": {"p_logistic": 0.46815556287765503, "p_rf": 0.9359999895095825, "p_xgb": 0.9964020252227783, "date": "2026-02-07"}}, {"type": "Feature", "geometry": {"type": "Point", "coordinates": [-82.63333333502902, 35.450000000579]}, "properties": {"p_logistic": 0.46835410594940186, "p_rf": 0.9300000071525574, "p_xgb": 0.9961833357810974, "date": "2026-02-07"}}, {"type": "Feature", "geometry": {"type": "Point", "coordinates": [-82.62500000169601, 35.450000000579]}, "properties": {"p_logistic": 0.46851015090942383, "p_rf": 0.9279999732971191, "p_xgb": 0.9960740804672241, "date": "2026-02-07"}}, {"type": "Feature", "geometry": {"type": "Point", "coordinates": [-82.61666666836302, 35.450000000579]}, "properties": {"p_logistic": 0.46902352571487427, "p_rf": 0.9279999732971191, "p_xgb": 0.9953709244728088, "date": "2026-02-07"}}, {"type": "Feature", "geometry": {"type": "Point", "coordinates": [-82.60833333503001, 35.450000000579]}, "properties": {"p_logistic": 0.4697800278663635, "p_rf": 0.921999990940094, "p_xgb": 0.9953709244728088, "date": "2026-02-07"}}, {"type": "Feature", "geometry": {"type": "Point", "coordinates": [-82.60000000169703, 35.450000000579]}, "properties": {"p_logistic": 0.47106608748435974, "p_rf": 0.8259999752044678, "p_xgb": 0.9949811100959778, "date": "2026-02-07"}}, {"type": "Feature", "geometry": {"type": "Point", "coordinates": [-82.59166666836401, 35.450000000579]}, "properties": {"p_logistic": 0.47184863686561584, "p_rf": 0.8199999928474426, "p_xgb": 0.992253839969635, "date": "2026-02-07"}}, {"type": "Feature", "geometry": {"type": "Point", "coordinates": [-82.58333333503101, 35.450000000579]}, "properties": {"p_logistic": 0.4727543294429779, "p_rf": 0.828000009059906, "p_xgb": 0.991401731967926, "date": "2026-02-07"}}, {"type": "Feature", "geometry": {"type": "Point", "coordinates": [-82.57500000169802, 35.450000000579]}, "properties": {"p_logistic": 0.474559485912323, "p_rf": 0.8240000009536743, "p_xgb": 0.991401731967926, "date": "2026-02-07"}}, {"type": "Feature", "geometry": {"type": "Point", "coordinates": [-82.56666666836502, 35.450000000579]}, "properties": {"p_logistic": 0.4755896031856537, "p_rf": 0.8100000023841858, "p_xgb": 0.991401731967926, "date": "2026-02-07"}}, {"type": "Feature", "geometry": {"type": "Point", "coordinates": [-82.55833333503202, 35.450000000579]}, "properties": {"p_logistic": 0.47584235668182373, "p_rf": 0.7979999780654907, "p_xgb": 0.991401731967926, "date": "2026-02-07"}}, {"type": "Feature", "geometry": {"type": "Point", "coordinates": [-82.55000000169902, 35.450000000579]}, "properties": {"p_logistic": 0.4753453731536865, "p_rf": 0.7860000133514404, "p_xgb": 0.9854791164398193, "date": "2026-02-07"}}, {"type": "Feature", "geometry": {"type": "Point", "coordinates": [-82.54166666836602, 35.450000000579]}, "properties": {"p_logistic": 0.4740065932273865, "p_rf": 0.7940000295639038, "p_xgb": 0.983178436756134, "date": "2026-02-07"}}, {"type": "Feature", "geometry": {"type": "Point", "coordinates": [-82.53333333503302, 35.450000000579]}, "properties": {"p_logistic": 0.47295689582824707, "p_rf": 0.8539999723434448, "p_xgb": 0.9850130081176758, "date": "2026-02-07"}}, {"type": "Feature", "geometry": {"type": "Point", "coordinates": [-82.52500000170002, 35.450000000579]}, "properties": {"p_logistic": 0.47194695472717285, "p_rf": 0.8619999885559082, "p_xgb": 0.9843071699142456, "date": "2026-02-07"}}, {"type": "Feature", "geometry": {"type": "Point", "coordinates": [-82.51666666836701, 35.450000000579]}, "properties": {"p_logistic": 0.4711649715900421, "p_rf": 0.8600000143051147, "p_xgb": 0.9850130081176758, "date": "2026-02-07"}}, {"type": "Feature", "geometry": {"type": "Point", "coordinates": [-82.50833333503402, 35.450000000579]}, "properties": {"p_logistic": 0.4711878299713135, "p_rf": 0.8659999966621399, "p_xgb": 0.9864376783370972, "date": "2026-02-07"}}, {"type": "Feature", "geometry": {"type": "Point", "coordinates": [-82.50000000170101, 35.450000000579]}, "properties": {"p_logistic": 0.47214171290397644, "p_rf": 0.8899999856948853, "p_xgb": 0.9919725656509399, "date": "2026-02-07"}}, {"type": "Feature", "geometry": {"type": "Point", "coordinates": [-82.49166666836803, 35.450000000579]}, "properties": {"p_logistic": 0.47358107566833496, "p_rf": 0.8880000114440918, "p_xgb": 0.9921951293945312, "date": "2026-02-07"}}, {"type": "Feature", "geometry": {"type": "Point", "coordinates": [-82.48333333503501, 35.450000000579]}, "properties": {"p_logistic": 0.475000262260437, "p_rf": 0.8759999871253967, "p_xgb": 0.9940485954284668, "date": "2026-02-07"}}, {"type": "Feature", "geometry": {"type": "Point", "coordinates": [-82.47500000170201, 35.450000000579]}, "properties": {"p_logistic": 0.47559377551078796, "p_rf": 0.8679999709129333, "p_xgb": 0.9952971339225769, "date": "2026-02-07"}}, {"type": "Feature", "geometry": {"type": "Point", "coordinates": [-82.46666666836902, 35.450000000579]}, "properties": {"p_logistic": 0.47637128829956055, "p_rf": 0.8519999980926514, "p_xgb": 0.9952971339225769, "date": "2026-02-07"}}, {"type": "Feature", "geometry": {"type": "Point", "coordinates": [-82.45833333503602, 35.450000000579]}, "properties": {"p_logistic": 0.47717732191085815, "p_rf": 0.8360000252723694, "p_xgb": 0.9952971339225769, "date": "2026-02-07"}}, {"type": "Feature", "geometry": {"type": "Point", "coordinates": [-82.77500000169002, 35.441666667246004]}, "properties": {"p_logistic": 0.453030526638031, "p_rf": 0.8999999761581421, "p_xgb": 0.9946886301040649, "date": "2026-02-07"}}, {"type": "Feature", "geometry": {"type": "Point", "coordinates": [-82.76666666835702, 35.441666667246004]}, "properties": {"p_logistic": 0.4528799057006836, "p_rf": 0.8899999856948853, "p_xgb": 0.9945542812347412, "date": "2026-02-07"}}, {"type": "Feature", "geometry": {"type": "Point", "coordinates": [-82.75833333502402, 35.441666667246004]}, "properties": {"p_logistic": 0.45327267050743103, "p_rf": 0.8960000276565552, "p_xgb": 0.9945542812347412, "date": "2026-02-07"}}, {"type": "Feature", "geometry": {"type": "Point", "coordinates": [-82.75000000169102, 35.441666667246004]}, "properties": {"p_logistic": 0.4535306990146637, "p_rf": 0.8999999761581421, "p_xgb": 0.9951848387718201, "date": "2026-02-07"}}, {"type": "Feature", "geometry": {"type": "Point", "coordinates": [-82.74166666835802, 35.441666667246004]}, "properties": {"p_logistic": 0.45410656929016113, "p_rf": 0.8899999856948853, "p_xgb": 0.9951848387718201, "date": "2026-02-07"}}, {"type": "Feature", "geometry": {"type": "Point", "coordinates": [-82.73333333502501, 35.441666667246004]}, "properties": {"p_logistic": 0.45536595582962036, "p_rf": 0.9200000166893005, "p_xgb": 0.994397759437561, "date": "2026-02-07"}}, {"type": "Feature", "geometry": {"type": "Point", "coordinates": [-82.72500000169202, 35.441666667246004]}, "properties": {"p_logistic": 0.4565589129924774, "p_rf": 0.9200000166893005, "p_xgb": 0.9894808530807495, "date": "2026-02-07"}}, {"type": "Feature", "geometry": {"type": "Point", "coordinates": [-82.62500000169601, 35.441666667246004]}, "properties": {"p_logistic": 0.46922239661216736, "p_rf": 0.9200000166893005, "p_xgb": 0.9866705536842346, "date": "2026-02-07"}}, {"type": "Feature", "geometry": {"type": "Point", "coordinates": [-82.61666666836302, 35.441666667246004]}, "properties": {"p_logistic": 0.469960480928421, "p_rf": 0.9020000100135803, "p_xgb": 0.9866705536842346, "date": "2026-02-07"}}, {"type": "Feature", "geometry": {"type": "Point", "coordinates": [-82.60000000169703, 35.441666667246004]}, "properties": {"p_logistic": 0.4723658263683319, "p_rf": 0.765999972820282, "p_xgb": 0.981923520565033, "date": "2026-02-07"}}, {"type": "Feature", "geometry": {"type": "Point", "coordinates": [-82.59166666836401, 35.441666667246004]}, "properties": {"p_logistic": 0.4737924635410309, "p_rf": 0.8140000104904175, "p_xgb": 0.9865411520004272, "date": "2026-02-07"}}, {"type": "Feature", "geometry": {"type": "Point", "coordinates": [-82.58333333503101, 35.441666667246004]}, "properties": {"p_logistic": 0.47499942779541016, "p_rf": 0.8220000267028809, "p_xgb": 0.9850130081176758, "date": "2026-02-07"}}, {"type": "Feature", "geometry": {"type": "Point", "coordinates": [-82.57500000169802, 35.441666667246004]}, "properties": {"p_logistic": 0.47653713822364807, "p_rf": 0.7860000133514404, "p_xgb": 0.9831921458244324, "date": "2026-02-07"}}, {"type": "Feature", "geometry": {"type": "Point", "coordinates": [-82.56666666836502, 35.441666667246004]}, "properties": {"p_logistic": 0.4775276184082031, "p_rf": 0.7739999890327454, "p_xgb": 0.9831921458244324, "date": "2026-02-07"}}, {"type": "Feature", "geometry": {"type": "Point", "coordinates": [-82.54166666836602, 35.441666667246004]}, "properties": {"p_logistic": 0.4736378490924835, "p_rf": 0.7799999713897705, "p_xgb": 0.9846023321151733, "date": "2026-02-07"}}, {"type": "Feature", "geometry": {"type": "Point", "coordinates": [-82.76666666835702, 35.433333333913005]}, "properties": {"p_logistic": 0.45323464274406433, "p_rf": 0.8859999775886536, "p_xgb": 0.9899800419807434, "date": "2026-02-07"}}, {"type": "Feature", "geometry": {"type": "Point", "coordinates": [-82.75833333502402, 35.433333333913005]}, "properties": {"p_logistic": 0.4531673491001129, "p_rf": 0.8700000047683716, "p_xgb": 0.990559995174408, "date": "2026-02-07"}}, {"type": "Feature", "geometry": {"type": "Point", "coordinates": [-82.75000000169102, 35.433333333913005]}, "properties": {"p_logistic": 0.45293042063713074, "p_rf": 0.8759999871253967, "p_xgb": 0.990559995174408, "date": "2026-02-07"}}, {"type": "Feature", "geometry": {"type": "Point", "coordinates": [-82.74166666835802, 35.433333333913005]}, "properties": {"p_logistic": 0.4532969295978546, "p_rf": 0.8799999952316284, "p_xgb": 0.990559995174408, "date": "2026-02-07"}}, {"type": "Feature", "geometry": {"type": "Point", "coordinates": [-82.73333333502501, 35.433333333913005]}, "properties": {"p_logistic": 0.4541921019554138, "p_rf": 0.8379999995231628, "p_xgb": 0.9909370541572571, "date": "2026-02-07"}}, {"type": "Feature", "geometry": {"type": "Point", "coordinates": [-82.57500000169802, 35.433333333913005]}, "properties": {"p_logistic": 0.4770760238170624, "p_rf": 0.7639999985694885, "p_xgb": 0.9851780533790588, "date": "2026-02-07"}}, {"type": "Feature", "geometry": {"type": "Point", "coordinates": [-82.54166666836602, 35.433333333913005]}, "properties": {"p_logistic": 0.472771555185318, "p_rf": 0.7680000066757202, "p_xgb": 0.9808535575866699, "date": "2026-02-07"}}, {"type": "Feature", "geometry": {"type": "Point", "coordinates": [-82.53333333503302, 35.433333333913005]}, "properties": {"p_logistic": 0.4709692895412445, "p_rf": 0.8360000252723694, "p_xgb": 0.982583224773407, "date": "2026-02-07"}}, {"type": "Feature", "geometry": {"type": "Point", "coordinates": [-82.54166666836602, 35.425000000580006]}, "properties": {"p_logistic": 0.47328871488571167, "p_rf": 0.7639999985694885, "p_xgb": 0.980113685131073, "date": "2026-02-07"}}, {"type": "Feature", "geometry": {"type": "Point", "coordinates": [-82.53333333503302, 35.425000000580006]}, "properties": {"p_logistic": 0.4710938036441803, "p_rf": 0.8339999914169312, "p_xgb": 0.981908917427063, "date": "2026-02-07"}}]}