{"type": "FeatureCollection", "features": [{"type": "Feature", "geometry": {"type": "Point", "coordinates": [-82.40833333503801, 35.816666667231004]}, "properties": {"p_logistic": 0.47963008284568787, "p_rf": 0.5180000066757202, "p_xgb": 0.9815515875816345, "date": "2026-02-19"}}, {"type": "Feature", "geometry": {"type": "Point", "coordinates": [-82.40000000170502, 35.816666667231004]}, "properties": {"p_logistic": 0.4778086841106415, "p_rf": 0.5479999780654907, "p_xgb": 0.9764356017112732, "date": "2026-02-19"}}, {"type": "Feature", "geometry": {"type": "Point", "coordinates": [-82.39166666837201, 35.816666667231004]}, "properties": {"p_logistic": 0.4754924178123474, "p_rf": 0.550000011920929, "p_xgb": 0.9697457551956177, "date": "2026-02-19"}}, {"type": "Feature", "geometry": {"type": "Point", "coordinates": [-82.38333333503903, 35.816666667231004]}, "properties": {"p_logistic": 0.47292181849479675, "p_rf": 0.5540000200271606, "p_xgb": 0.9699819087982178, "date": "2026-02-19"}}, {"type": "Feature", "geometry": {"type": "Point", "coordinates": [-82.37500000170601, 35.816666667231004]}, "properties": {"p_logistic": 0.46999767422676086, "p_rf": 0.5460000038146973, "p_xgb": 0.9706028699874878, "date": "2026-02-19"}}, {"type": "Feature", "geometry": {"type": "Point", "coordinates": [-82.36666666837301, 35.816666667231004]}, "properties": {"p_logistic": 0.4671172797679901, "p_rf": 0.5460000038146973, "p_xgb": 0.9647611379623413, "date": "2026-02-19"}}, {"type": "Feature", "geometry": {"type": "Point", "coordinates": [-82.35833333504002, 35.816666667231004]}, "properties": {"p_logistic": 0.46384426951408386, "p_rf": 0.5460000038146973, "p_xgb": 0.9666078686714172, "date": "2026-02-19"}}, {"type": "Feature", "geometry": {"type": "Point", "coordinates": [-82.45833333503602, 35.808333333898005]}, "properties": {"p_logistic": 0.48290926218032837, "p_rf": 0.7059999704360962, "p_xgb": 0.987281858921051, "date": "2026-02-19"}}, {"type": "Feature", "geometry": {"type": "Point", "coordinates": [-82.45000000170302, 35.808333333898005]}, "properties": {"p_logistic": 0.48258891701698303, "p_rf": 0.7059999704360962, "p_xgb": 0.9900762438774109, "date": "2026-02-19"}}, {"type": "Feature", "geometry": {"type": "Point", "coordinates": [-82.44166666837002, 35.808333333898005]}, "properties": {"p_logistic": 0.48159709572792053, "p_rf": 0.6940000057220459, "p_xgb": 0.991869330406189, "date": "2026-02-19"}}, {"type": "Feature", "geometry": {"type": "Point", "coordinates": [-82.43333333503702, 35.808333333898005]}, "properties": {"p_logistic": 0.4809897840023041, "p_rf": 0.6639999747276306, "p_xgb": 0.991869330406189, "date": "2026-02-19"}}, {"type": "Feature", "geometry": {"type": "Point", "coordinates": [-82.42500000170402, 35.808333333898005]}, "properties": {"p_logistic": 0.4803006947040558, "p_rf": 0.5519999861717224, "p_xgb": 0.9907745718955994, "date": "2026-02-19"}}, {"type": "Feature", "geometry": {"type": "Point", "coordinates": [-82.41666666837102, 35.808333333898005]}, "properties": {"p_logistic": 0.4798601269721985, "p_rf": 0.515999972820282, "p_xgb": 0.9853888154029846, "date": "2026-02-19"}}, {"type": "Feature", "geometry": {"type": "Point", "coordinates": [-82.40833333503801, 35.808333333898005]}, "properties": {"p_logistic": 0.4793112576007843, "p_rf": 0.515999972820282, "p_xgb": 0.9805085062980652, "date": "2026-02-19"}}, {"type": "Feature", "geometry": {"type": "Point", "coordinates": [-82.40000000170502, 35.808333333898005]}, "properties": {"p_logistic": 0.4777931571006775, "p_rf": 0.5180000066757202, "p_xgb": 0.9782590866088867, "date": "2026-02-19"}}, {"type": "Feature", "geometry": {"type": "Point", "coordinates": [-82.39166666837201, 35.808333333898005]}, "properties": {"p_logistic": 0.4757240414619446, "p_rf": 0.5479999780654907, "p_xgb": 0.9692707657814026, "date": "2026-02-19"}}, {"type": "Feature", "geometry": {"type": "Point", "coordinates": [-82.38333333503903, 35.808333333898005]}, "properties": {"p_logistic": 0.47358524799346924, "p_rf": 0.550000011920929, "p_xgb": 0.9697457551956177, "date": "2026-02-19"}}, {"type": "Feature", "geometry": {"type": "Point", "coordinates": [-82.37500000170601, 35.808333333898005]}, "properties": {"p_logistic": 0.47139841318130493, "p_rf": 0.5540000200271606, "p_xgb": 0.9699819087982178, "date": "2026-02-19"}}, {"type": "Feature", "geometry": {"type": "Point", "coordinates": [-82.36666666837301, 35.808333333898005]}, "properties": {"p_logistic": 0.46841734647750854, "p_rf": 0.5540000200271606, "p_xgb": 0.9700058698654175, "date": "2026-02-19"}}, {"type": "Feature", "geometry": {"type": "Point", "coordinates": [-82.35833333504002, 35.808333333898005]}, "properties": {"p_logistic": 0.4651426374912262, "p_rf": 0.5479999780654907, "p_xgb": 0.9654554724693298, "date": "2026-02-19"}}, {"type": "Feature", "geometry": {"type": "Point", "coordinates": [-82.35000000170702, 35.808333333898005]}, "properties": {"p_logistic": 0.46175500750541687, "p_rf": 0.5460000038146973, "p_xgb": 0.9645249843597412, "date": "2026-02-19"}}, {"type": "Feature", "geometry": {"type": "Point", "coordinates": [-82.51666666836701, 35.80000000056501]}, "properties": {"p_logistic": 0.471026748418808, "p_rf": 0.49799999594688416, "p_xgb": 0.9175910353660583, "date": "2026-02-19"}}, {"type": "Feature", "geometry": {"type": "Point", "coordinates": [-82.50833333503402, 35.80000000056501]}, "properties": {"p_logistic": 0.47392791509628296, "p_rf": 0.6340000033378601, "p_xgb": 0.9869411587715149, "date": "2026-02-19"}}, {"type": "Feature", "geometry": {"type": "Point", "coordinates": [-82.50000000170101, 35.80000000056501]}, "properties": {"p_logistic": 0.47582849860191345, "p_rf": 0.6980000138282776, "p_xgb": 0.9874487519264221, "date": "2026-02-19"}}, {"type": "Feature", "geometry": {"type": "Point", "coordinates": [-82.49166666836803, 35.80000000056501]}, "properties": {"p_logistic": 0.47816991806030273, "p_rf": 0.7080000042915344, "p_xgb": 0.9840185046195984, "date": "2026-02-19"}}, {"type": "Feature", "geometry": {"type": "Point", "coordinates": [-82.46666666836902, 35.80000000056501]}, "properties": {"p_logistic": 0.4818061888217926, "p_rf": 0.7900000214576721, "p_xgb": 0.9968644976615906, "date": "2026-02-19"}}, {"type": "Feature", "geometry": {"type": "Point", "coordinates": [-82.45833333503602, 35.80000000056501]}, "properties": {"p_logistic": 0.48144033551216125, "p_rf": 0.7860000133514404, "p_xgb": 0.9960933327674866, "date": "2026-02-19"}}, {"type": "Feature", "geometry": {"type": "Point", "coordinates": [-82.45000000170302, 35.80000000056501]}, "properties": {"p_logistic": 0.4807433485984802, "p_rf": 0.7260000109672546, "p_xgb": 0.9910565614700317, "date": "2026-02-19"}}, {"type": "Feature", "geometry": {"type": "Point", "coordinates": [-82.44166666837002, 35.80000000056501]}, "properties": {"p_logistic": 0.47988006472587585, "p_rf": 0.7039999961853027, "p_xgb": 0.9908595681190491, "date": "2026-02-19"}}, {"type": "Feature", "geometry": {"type": "Point", "coordinates": [-82.43333333503702, 35.80000000056501]}, "properties": {"p_logistic": 0.47938066720962524, "p_rf": 0.7080000042915344, "p_xgb": 0.991869330406189, "date": "2026-02-19"}}, {"type": "Feature", "geometry": {"type": "Point", "coordinates": [-82.42500000170402, 35.80000000056501]}, "properties": {"p_logistic": 0.47977471351623535, "p_rf": 0.6620000004768372, "p_xgb": 0.991869330406189, "date": "2026-02-19"}}, {"type": "Feature", "geometry": {"type": "Point", "coordinates": [-82.41666666837102, 35.80000000056501]}, "properties": {"p_logistic": 0.4801230728626251, "p_rf": 0.5519999861717224, "p_xgb": 0.9907745718955994, "date": "2026-02-19"}}, {"type": "Feature", "geometry": {"type": "Point", "coordinates": [-82.40833333503801, 35.80000000056501]}, "properties": {"p_logistic": 0.47999709844589233, "p_rf": 0.515999972820282, "p_xgb": 0.9809662103652954, "date": "2026-02-19"}}, {"type": "Feature", "geometry": {"type": "Point", "coordinates": [-82.40000000170502, 35.80000000056501]}, "properties": {"p_logistic": 0.4774472117424011, "p_rf": 0.515999972820282, "p_xgb": 0.9805085062980652, "date": "2026-02-19"}}, {"type": "Feature", "geometry": {"type": "Point", "coordinates": [-82.39166666837201, 35.80000000056501]}, "properties": {"p_logistic": 0.4757741689682007, "p_rf": 0.5180000066757202, "p_xgb": 0.9737798571586609, "date": "2026-02-19"}}, {"type": "Feature", "geometry": {"type": "Point", "coordinates": [-82.38333333503903, 35.80000000056501]}, "properties": {"p_logistic": 0.4743364453315735, "p_rf": 0.5479999780654907, "p_xgb": 0.9697457551956177, "date": "2026-02-19"}}, {"type": "Feature", "geometry": {"type": "Point", "coordinates": [-82.37500000170601, 35.80000000056501]}, "properties": {"p_logistic": 0.4723755419254303, "p_rf": 0.550000011920929, "p_xgb": 0.9707326889038086, "date": "2026-02-19"}}, {"type": "Feature", "geometry": {"type": "Point", "coordinates": [-82.36666666837301, 35.80000000056501]}, "properties": {"p_logistic": 0.4698576331138611, "p_rf": 0.550000011920929, "p_xgb": 0.9707326889038086, "date": "2026-02-19"}}, {"type": "Feature", "geometry": {"type": "Point", "coordinates": [-82.35833333504002, 35.80000000056501]}, "properties": {"p_logistic": 0.46645504236221313, "p_rf": 0.5540000200271606, "p_xgb": 0.9640213251113892, "date": "2026-02-19"}}, {"type": "Feature", "geometry": {"type": "Point", "coordinates": [-82.35000000170702, 35.80000000056501]}, "properties": {"p_logistic": 0.4635564684867859, "p_rf": 0.5460000038146973, "p_xgb": 0.9632800817489624, "date": "2026-02-19"}}, {"type": "Feature", "geometry": {"type": "Point", "coordinates": [-82.34166666837402, 35.80000000056501]}, "properties": {"p_logistic": 0.46082639694213867, "p_rf": 0.5419999957084656, "p_xgb": 0.9733913540840149, "date": "2026-02-19"}}, {"type": "Feature", "geometry": {"type": "Point", "coordinates": [-82.53333333503302, 35.79166666723201]}, "properties": {"p_logistic": 0.46785956621170044, "p_rf": 0.5059999823570251, "p_xgb": 0.9440749287605286, "date": "2026-02-19"}}, {"type": "Feature", "geometry": {"type": "Point", "coordinates": [-82.52500000170002, 35.79166666723201]}, "properties": {"p_logistic": 0.46867048740386963, "p_rf": 0.4699999988079071, "p_xgb": 0.9143392443656921, "date": "2026-02-19"}}, {"type": "Feature", "geometry": {"type": "Point", "coordinates": [-82.51666666836701, 35.79166666723201]}, "properties": {"p_logistic": 0.4699268043041229, "p_rf": 0.48399999737739563, "p_xgb": 0.9326603412628174, "date": "2026-02-19"}}, {"type": "Feature", "geometry": {"type": "Point", "coordinates": [-82.50833333503402, 35.79166666723201]}, "properties": {"p_logistic": 0.4712205231189728, "p_rf": 0.48399999737739563, "p_xgb": 0.9175910353660583, "date": "2026-02-19"}}, {"type": "Feature", "geometry": {"type": "Point", "coordinates": [-82.50000000170101, 35.79166666723201]}, "properties": {"p_logistic": 0.47267767786979675, "p_rf": 0.5619999766349792, "p_xgb": 0.953321099281311, "date": "2026-02-19"}}, {"type": "Feature", "geometry": {"type": "Point", "coordinates": [-82.49166666836803, 35.79166666723201]}, "properties": {"p_logistic": 0.47432616353034973, "p_rf": 0.628000020980835, "p_xgb": 0.9864250421524048, "date": "2026-02-19"}}, {"type": "Feature", "geometry": {"type": "Point", "coordinates": [-82.48333333503501, 35.79166666723201]}, "properties": {"p_logistic": 0.4768884778022766, "p_rf": 0.7120000123977661, "p_xgb": 0.9873092770576477, "date": "2026-02-19"}}, {"type": "Feature", "geometry": {"type": "Point", "coordinates": [-82.47500000170201, 35.79166666723201]}, "properties": {"p_logistic": 0.47809121012687683, "p_rf": 0.734000027179718, "p_xgb": 0.9840573668479919, "date": "2026-02-19"}}, {"type": "Feature", "geometry": {"type": "Point", "coordinates": [-82.46666666836902, 35.79166666723201]}, "properties": {"p_logistic": 0.47873151302337646, "p_rf": 0.7080000042915344, "p_xgb": 0.9841857552528381, "date": "2026-02-19"}}, {"type": "Feature", "geometry": {"type": "Point", "coordinates": [-82.45833333503602, 35.79166666723201]}, "properties": {"p_logistic": 0.4786878228187561, "p_rf": 0.7160000205039978, "p_xgb": 0.9859247803688049, "date": "2026-02-19"}}, {"type": "Feature", "geometry": {"type": "Point", "coordinates": [-82.45000000170302, 35.79166666723201]}, "properties": {"p_logistic": 0.47871556878089905, "p_rf": 0.7459999918937683, "p_xgb": 0.995194137096405, "date": "2026-02-19"}}, {"type": "Feature", "geometry": {"type": "Point", "coordinates": [-82.44166666837002, 35.79166666723201]}, "properties": {"p_logistic": 0.4780057668685913, "p_rf": 0.8199999928474426, "p_xgb": 0.9967393279075623, "date": "2026-02-19"}}, {"type": "Feature", "geometry": {"type": "Point", "coordinates": [-82.43333333503702, 35.79166666723201]}, "properties": {"p_logistic": 0.47756779193878174, "p_rf": 0.7900000214576721, "p_xgb": 0.9976537823677063, "date": "2026-02-19"}}, {"type": "Feature", "geometry": {"type": "Point", "coordinates": [-82.42500000170402, 35.79166666723201]}, "properties": {"p_logistic": 0.47820231318473816, "p_rf": 0.7099999785423279, "p_xgb": 0.9923241138458252, "date": "2026-02-19"}}, {"type": "Feature", "geometry": {"type": "Point", "coordinates": [-82.41666666837102, 35.79166666723201]}, "properties": {"p_logistic": 0.47910788655281067, "p_rf": 0.6600000262260437, "p_xgb": 0.991869330406189, "date": "2026-02-19"}}, {"type": "Feature", "geometry": {"type": "Point", "coordinates": [-82.40833333503801, 35.79166666723201]}, "properties": {"p_logistic": 0.4785652756690979, "p_rf": 0.5759999752044678, "p_xgb": 0.9907745718955994, "date": "2026-02-19"}}, {"type": "Feature", "geometry": {"type": "Point", "coordinates": [-82.40000000170502, 35.79166666723201]}, "properties": {"p_logistic": 0.4764522314071655, "p_rf": 0.5299999713897705, "p_xgb": 0.9864221811294556, "date": "2026-02-19"}}, {"type": "Feature", "geometry": {"type": "Point", "coordinates": [-82.39166666837201, 35.79166666723201]}, "properties": {"p_logistic": 0.47512292861938477, "p_rf": 0.515999972820282, "p_xgb": 0.9770341515541077, "date": "2026-02-19"}}, {"type": "Feature", "geometry": {"type": "Point", "coordinates": [-82.38333333503903, 35.79166666723201]}, "properties": {"p_logistic": 0.47398990392684937, "p_rf": 0.5180000066757202, "p_xgb": 0.9737798571586609, "date": "2026-02-19"}}, {"type": "Feature", "geometry": {"type": "Point", "coordinates": [-82.37500000170601, 35.79166666723201]}, "properties": {"p_logistic": 0.4724697470664978, "p_rf": 0.5440000295639038, "p_xgb": 0.9697457551956177, "date": "2026-02-19"}}, {"type": "Feature", "geometry": {"type": "Point", "coordinates": [-82.36666666837301, 35.79166666723201]}, "properties": {"p_logistic": 0.4700574278831482, "p_rf": 0.5440000295639038, "p_xgb": 0.9707326889038086, "date": "2026-02-19"}}, {"type": "Feature", "geometry": {"type": "Point", "coordinates": [-82.35833333504002, 35.79166666723201]}, "properties": {"p_logistic": 0.46685272455215454, "p_rf": 0.550000011920929, "p_xgb": 0.9640194177627563, "date": "2026-02-19"}}, {"type": "Feature", "geometry": {"type": "Point", "coordinates": [-82.35000000170702, 35.79166666723201]}, "properties": {"p_logistic": 0.4634697437286377, "p_rf": 0.5540000200271606, "p_xgb": 0.9647296667098999, "date": "2026-02-19"}}, {"type": "Feature", "geometry": {"type": "Point", "coordinates": [-82.55833333503202, 35.783333333899]}, "properties": {"p_logistic": 0.4723922312259674, "p_rf": 0.6299999952316284, "p_xgb": 0.9685050845146179, "date": "2026-02-19"}}, {"type": "Feature", "geometry": {"type": "Point", "coordinates": [-82.55000000169902, 35.783333333899]}, "properties": {"p_logistic": 0.47142699360847473, "p_rf": 0.5839999914169312, "p_xgb": 0.9672293663024902, "date": "2026-02-19"}}, {"type": "Feature", "geometry": {"type": "Point", "coordinates": [-82.54166666836602, 35.783333333899]}, "properties": {"p_logistic": 0.47013524174690247, "p_rf": 0.5419999957084656, "p_xgb": 0.9609109163284302, "date": "2026-02-19"}}, {"type": "Feature", "geometry": {"type": "Point", "coordinates": [-82.53333333503302, 35.783333333899]}, "properties": {"p_logistic": 0.46878141164779663, "p_rf": 0.5139999985694885, "p_xgb": 0.9326837658882141, "date": "2026-02-19"}}, {"type": "Feature", "geometry": {"type": "Point", "coordinates": [-82.52500000170002, 35.783333333899]}, "properties": {"p_logistic": 0.4691469073295593, "p_rf": 0.4740000069141388, "p_xgb": 0.9326837658882141, "date": "2026-02-19"}}, {"type": "Feature", "geometry": {"type": "Point", "coordinates": [-82.51666666836701, 35.783333333899]}, "properties": {"p_logistic": 0.469576358795166, "p_rf": 0.4699999988079071, "p_xgb": 0.8975485563278198, "date": "2026-02-19"}}, {"type": "Feature", "geometry": {"type": "Point", "coordinates": [-82.50833333503402, 35.783333333899]}, "properties": {"p_logistic": 0.47036823630332947, "p_rf": 0.48399999737739563, "p_xgb": 0.9191997647285461, "date": "2026-02-19"}}, {"type": "Feature", "geometry": {"type": "Point", "coordinates": [-82.50000000170101, 35.783333333899]}, "properties": {"p_logistic": 0.4710516631603241, "p_rf": 0.4860000014305115, "p_xgb": 0.9191997647285461, "date": "2026-02-19"}}, {"type": "Feature", "geometry": {"type": "Point", "coordinates": [-82.49166666836803, 35.783333333899]}, "properties": {"p_logistic": 0.4724116027355194, "p_rf": 0.5180000066757202, "p_xgb": 0.9123081564903259, "date": "2026-02-19"}}, {"type": "Feature", "geometry": {"type": "Point", "coordinates": [-82.48333333503501, 35.783333333899]}, "properties": {"p_logistic": 0.47402721643447876, "p_rf": 0.5440000295639038, "p_xgb": 0.983509361743927, "date": "2026-02-19"}}, {"type": "Feature", "geometry": {"type": "Point", "coordinates": [-82.47500000170201, 35.783333333899]}, "properties": {"p_logistic": 0.4748748242855072, "p_rf": 0.621999979019165, "p_xgb": 0.983509361743927, "date": "2026-02-19"}}, {"type": "Feature", "geometry": {"type": "Point", "coordinates": [-82.46666666836902, 35.783333333899]}, "properties": {"p_logistic": 0.47587934136390686, "p_rf": 0.6460000276565552, "p_xgb": 0.9869523048400879, "date": "2026-02-19"}}, {"type": "Feature", "geometry": {"type": "Point", "coordinates": [-82.45833333503602, 35.783333333899]}, "properties": {"p_logistic": 0.47570621967315674, "p_rf": 0.6700000166893005, "p_xgb": 0.9873092770576477, "date": "2026-02-19"}}, {"type": "Feature", "geometry": {"type": "Point", "coordinates": [-82.45000000170302, 35.783333333899]}, "properties": {"p_logistic": 0.475607693195343, "p_rf": 0.7360000014305115, "p_xgb": 0.9873092770576477, "date": "2026-02-19"}}, {"type": "Feature", "geometry": {"type": "Point", "coordinates": [-82.44166666837002, 35.783333333899]}, "properties": {"p_logistic": 0.47511762380599976, "p_rf": 0.7300000190734863, "p_xgb": 0.9840573668479919, "date": "2026-02-19"}}, {"type": "Feature", "geometry": {"type": "Point", "coordinates": [-82.43333333503702, 35.783333333899]}, "properties": {"p_logistic": 0.47503700852394104, "p_rf": 0.7160000205039978, "p_xgb": 0.9859247803688049, "date": "2026-02-19"}}, {"type": "Feature", "geometry": {"type": "Point", "coordinates": [-82.42500000170402, 35.783333333899]}, "properties": {"p_logistic": 0.4759097397327423, "p_rf": 0.8759999871253967, "p_xgb": 0.9980803728103638, "date": "2026-02-19"}}, {"type": "Feature", "geometry": {"type": "Point", "coordinates": [-82.41666666837102, 35.783333333899]}, "properties": {"p_logistic": 0.4769086539745331, "p_rf": 0.7020000219345093, "p_xgb": 0.9922103881835938, "date": "2026-02-19"}}, {"type": "Feature", "geometry": {"type": "Point", "coordinates": [-82.40833333503801, 35.783333333899]}, "properties": {"p_logistic": 0.4769851267337799, "p_rf": 0.6940000057220459, "p_xgb": 0.991869330406189, "date": "2026-02-19"}}, {"type": "Feature", "geometry": {"type": "Point", "coordinates": [-82.40000000170502, 35.783333333899]}, "properties": {"p_logistic": 0.4753214120864868, "p_rf": 0.6399999856948853, "p_xgb": 0.9912136197090149, "date": "2026-02-19"}}, {"type": "Feature", "geometry": {"type": "Point", "coordinates": [-82.39166666837201, 35.783333333899]}, "properties": {"p_logistic": 0.4742436408996582, "p_rf": 0.5299999713897705, "p_xgb": 0.9864221811294556, "date": "2026-02-19"}}, {"type": "Feature", "geometry": {"type": "Point", "coordinates": [-82.38333333503903, 35.783333333899]}, "properties": {"p_logistic": 0.47304171323776245, "p_rf": 0.5199999809265137, "p_xgb": 0.9734656810760498, "date": "2026-02-19"}}, {"type": "Feature", "geometry": {"type": "Point", "coordinates": [-82.37500000170601, 35.783333333899]}, "properties": {"p_logistic": 0.47175949811935425, "p_rf": 0.515999972820282, "p_xgb": 0.9692269563674927, "date": "2026-02-19"}}, {"type": "Feature", "geometry": {"type": "Point", "coordinates": [-82.36666666837301, 35.783333333899]}, "properties": {"p_logistic": 0.46987777948379517, "p_rf": 0.5180000066757202, "p_xgb": 0.965340793132782, "date": "2026-02-19"}}, {"type": "Feature", "geometry": {"type": "Point", "coordinates": [-82.35833333504002, 35.783333333899]}, "properties": {"p_logistic": 0.4666588306427002, "p_rf": 0.5460000038146973, "p_xgb": 0.9707326889038086, "date": "2026-02-19"}}, {"type": "Feature", "geometry": {"type": "Point", "coordinates": [-82.35000000170702, 35.783333333899]}, "properties": {"p_logistic": 0.46350395679473877, "p_rf": 0.550000011920929, "p_xgb": 0.9656072854995728, "date": "2026-02-19"}}, {"type": "Feature", "geometry": {"type": "Point", "coordinates": [-82.57500000169802, 35.775000000566]}, "properties": {"p_logistic": 0.47591617703437805, "p_rf": 0.6320000290870667, "p_xgb": 0.9653470516204834, "date": "2026-02-19"}}, {"type": "Feature", "geometry": {"type": "Point", "coordinates": [-82.56666666836502, 35.775000000566]}, "properties": {"p_logistic": 0.4751647710800171, "p_rf": 0.6380000114440918, "p_xgb": 0.9594684839248657, "date": "2026-02-19"}}, {"type": "Feature", "geometry": {"type": "Point", "coordinates": [-82.55833333503202, 35.775000000566]}, "properties": {"p_logistic": 0.47433215379714966, "p_rf": 0.6299999952316284, "p_xgb": 0.9594684839248657, "date": "2026-02-19"}}, {"type": "Feature", "geometry": {"type": "Point", "coordinates": [-82.55000000169902, 35.775000000566]}, "properties": {"p_logistic": 0.4735746383666992, "p_rf": 0.5920000076293945, "p_xgb": 0.9672293663024902, "date": "2026-02-19"}}, {"type": "Feature", "geometry": {"type": "Point", "coordinates": [-82.54166666836602, 35.775000000566]}, "properties": {"p_logistic": 0.4720885753631592, "p_rf": 0.5299999713897705, "p_xgb": 0.9511356949806213, "date": "2026-02-19"}}, {"type": "Feature", "geometry": {"type": "Point", "coordinates": [-82.53333333503302, 35.775000000566]}, "properties": {"p_logistic": 0.4702327847480774, "p_rf": 0.5199999809265137, "p_xgb": 0.9647773504257202, "date": "2026-02-19"}}, {"type": "Feature", "geometry": {"type": "Point", "coordinates": [-82.52500000170002, 35.775000000566]}, "properties": {"p_logistic": 0.46988731622695923, "p_rf": 0.47999998927116394, "p_xgb": 0.9326837658882141, "date": "2026-02-19"}}, {"type": "Feature", "geometry": {"type": "Point", "coordinates": [-82.51666666836701, 35.775000000566]}, "properties": {"p_logistic": 0.47006624937057495, "p_rf": 0.4699999988079071, "p_xgb": 0.8975485563278198, "date": "2026-02-19"}}, {"type": "Feature", "geometry": {"type": "Point", "coordinates": [-82.50833333503402, 35.775000000566]}, "properties": {"p_logistic": 0.47019848227500916, "p_rf": 0.49000000953674316, "p_xgb": 0.9191432595252991, "date": "2026-02-19"}}, {"type": "Feature", "geometry": {"type": "Point", "coordinates": [-82.50000000170101, 35.775000000566]}, "properties": {"p_logistic": 0.47090083360671997, "p_rf": 0.48399999737739563, "p_xgb": 0.903261125087738, "date": "2026-02-19"}}, {"type": "Feature", "geometry": {"type": "Point", "coordinates": [-82.49166666836803, 35.775000000566]}, "properties": {"p_logistic": 0.4714123606681824, "p_rf": 0.4860000014305115, "p_xgb": 0.903261125087738, "date": "2026-02-19"}}, {"type": "Feature", "geometry": {"type": "Point", "coordinates": [-82.48333333503501, 35.775000000566]}, "properties": {"p_logistic": 0.47212281823158264, "p_rf": 0.5040000081062317, "p_xgb": 0.901369035243988, "date": "2026-02-19"}}, {"type": "Feature", "geometry": {"type": "Point", "coordinates": [-82.47500000170201, 35.775000000566]}, "properties": {"p_logistic": 0.47290879487991333, "p_rf": 0.5120000243186951, "p_xgb": 0.9123081564903259, "date": "2026-02-19"}}, {"type": "Feature", "geometry": {"type": "Point", "coordinates": [-82.46666666836902, 35.775000000566]}, "properties": {"p_logistic": 0.47273534536361694, "p_rf": 0.5479999780654907, "p_xgb": 0.9437009692192078, "date": "2026-02-19"}}, {"type": "Feature", "geometry": {"type": "Point", "coordinates": [-82.45833333503602, 35.775000000566]}, "properties": {"p_logistic": 0.47237175703048706, "p_rf": 0.5479999780654907, "p_xgb": 0.983509361743927, "date": "2026-02-19"}}, {"type": "Feature", "geometry": {"type": "Point", "coordinates": [-82.45000000170302, 35.775000000566]}, "properties": {"p_logistic": 0.4719904661178589, "p_rf": 0.5640000104904175, "p_xgb": 0.983509361743927, "date": "2026-02-19"}}, {"type": "Feature", "geometry": {"type": "Point", "coordinates": [-82.44166666837002, 35.775000000566]}, "properties": {"p_logistic": 0.47097915410995483, "p_rf": 0.6299999952316284, "p_xgb": 0.983509361743927, "date": "2026-02-19"}}, {"type": "Feature", "geometry": {"type": "Point", "coordinates": [-82.43333333503702, 35.775000000566]}, "properties": {"p_logistic": 0.47214004397392273, "p_rf": 0.734000027179718, "p_xgb": 0.9873092770576477, "date": "2026-02-19"}}, {"type": "Feature", "geometry": {"type": "Point", "coordinates": [-82.42500000170402, 35.775000000566]}, "properties": {"p_logistic": 0.4733913838863373, "p_rf": 0.7099999785423279, "p_xgb": 0.9841857552528381, "date": "2026-02-19"}}, {"type": "Feature", "geometry": {"type": "Point", "coordinates": [-82.41666666837102, 35.775000000566]}, "properties": {"p_logistic": 0.4742251932621002, "p_rf": 0.7459999918937683, "p_xgb": 0.9971688389778137, "date": "2026-02-19"}}, {"type": "Feature", "geometry": {"type": "Point", "coordinates": [-82.40833333503801, 35.775000000566]}, "properties": {"p_logistic": 0.4744490087032318, "p_rf": 0.7900000214576721, "p_xgb": 0.9988672733306885, "date": "2026-02-19"}}, {"type": "Feature", "geometry": {"type": "Point", "coordinates": [-82.40000000170502, 35.775000000566]}, "properties": {"p_logistic": 0.474014550447464, "p_rf": 0.6980000138282776, "p_xgb": 0.9914703965187073, "date": "2026-02-19"}}, {"type": "Feature", "geometry": {"type": "Point", "coordinates": [-82.39166666837201, 35.775000000566]}, "properties": {"p_logistic": 0.47339197993278503, "p_rf": 0.6399999856948853, "p_xgb": 0.9900853633880615, "date": "2026-02-19"}}, {"type": "Feature", "geometry": {"type": "Point", "coordinates": [-82.38333333503903, 35.775000000566]}, "properties": {"p_logistic": 0.47276321053504944, "p_rf": 0.5299999713897705, "p_xgb": 0.9823347330093384, "date": "2026-02-19"}}, {"type": "Feature", "geometry": {"type": "Point", "coordinates": [-82.37500000170601, 35.775000000566]}, "properties": {"p_logistic": 0.47166842222213745, "p_rf": 0.515999972820282, "p_xgb": 0.9734656810760498, "date": "2026-02-19"}}, {"type": "Feature", "geometry": {"type": "Point", "coordinates": [-82.36666666837301, 35.775000000566]}, "properties": {"p_logistic": 0.4700455665588379, "p_rf": 0.515999972820282, "p_xgb": 0.968779444694519, "date": "2026-02-19"}}, {"type": "Feature", "geometry": {"type": "Point", "coordinates": [-82.35833333504002, 35.775000000566]}, "properties": {"p_logistic": 0.4672810137271881, "p_rf": 0.5180000066757202, "p_xgb": 0.9674556851387024, "date": "2026-02-19"}}, {"type": "Feature", "geometry": {"type": "Point", "coordinates": [-82.35000000170702, 35.775000000566]}, "properties": {"p_logistic": 0.46491774916648865, "p_rf": 0.550000011920929, "p_xgb": 0.9649158716201782, "date": "2026-02-19"}}, {"type": "Feature", "geometry": {"type": "Point", "coordinates": [-82.59166666836401, 35.766666667233004]}, "properties": {"p_logistic": 0.477172315120697, "p_rf": 0.5960000157356262, "p_xgb": 0.9645562767982483, "date": "2026-02-19"}}, {"type": "Feature", "geometry": {"type": "Point", "coordinates": [-82.58333333503101, 35.766666667233004]}, "properties": {"p_logistic": 0.4767981469631195, "p_rf": 0.628000020980835, "p_xgb": 0.9659324884414673, "date": "2026-02-19"}}, {"type": "Feature", "geometry": {"type": "Point", "coordinates": [-82.57500000169802, 35.766666667233004]}, "properties": {"p_logistic": 0.4764364957809448, "p_rf": 0.628000020980835, "p_xgb": 0.9659324884414673, "date": "2026-02-19"}}, {"type": "Feature", "geometry": {"type": "Point", "coordinates": [-82.56666666836502, 35.766666667233004]}, "properties": {"p_logistic": 0.47575563192367554, "p_rf": 0.6340000033378601, "p_xgb": 0.9653470516204834, "date": "2026-02-19"}}, {"type": "Feature", "geometry": {"type": "Point", "coordinates": [-82.55833333503202, 35.766666667233004]}, "properties": {"p_logistic": 0.47526559233665466, "p_rf": 0.6340000033378601, "p_xgb": 0.9653470516204834, "date": "2026-02-19"}}, {"type": "Feature", "geometry": {"type": "Point", "coordinates": [-82.55000000169902, 35.766666667233004]}, "properties": {"p_logistic": 0.4742526412010193, "p_rf": 0.6060000061988831, "p_xgb": 0.9746595025062561, "date": "2026-02-19"}}, {"type": "Feature", "geometry": {"type": "Point", "coordinates": [-82.54166666836602, 35.766666667233004]}, "properties": {"p_logistic": 0.47281208634376526, "p_rf": 0.5260000228881836, "p_xgb": 0.9511356949806213, "date": "2026-02-19"}}, {"type": "Feature", "geometry": {"type": "Point", "coordinates": [-82.53333333503302, 35.766666667233004]}, "properties": {"p_logistic": 0.4714745879173279, "p_rf": 0.5099999904632568, "p_xgb": 0.9482036828994751, "date": "2026-02-19"}}, {"type": "Feature", "geometry": {"type": "Point", "coordinates": [-82.52500000170002, 35.766666667233004]}, "properties": {"p_logistic": 0.47019651532173157, "p_rf": 0.5019999742507935, "p_xgb": 0.9482036828994751, "date": "2026-02-19"}}, {"type": "Feature", "geometry": {"type": "Point", "coordinates": [-82.51666666836701, 35.766666667233004]}, "properties": {"p_logistic": 0.46998417377471924, "p_rf": 0.48399999737739563, "p_xgb": 0.9056385159492493, "date": "2026-02-19"}}, {"type": "Feature", "geometry": {"type": "Point", "coordinates": [-82.50833333503402, 35.766666667233004]}, "properties": {"p_logistic": 0.47021928429603577, "p_rf": 0.46399998664855957, "p_xgb": 0.8518886566162109, "date": "2026-02-19"}}, {"type": "Feature", "geometry": {"type": "Point", "coordinates": [-82.50000000170101, 35.766666667233004]}, "properties": {"p_logistic": 0.4703581929206848, "p_rf": 0.49799999594688416, "p_xgb": 0.8818406462669373, "date": "2026-02-19"}}, {"type": "Feature", "geometry": {"type": "Point", "coordinates": [-82.49166666836803, 35.766666667233004]}, "properties": {"p_logistic": 0.4705294072628021, "p_rf": 0.4860000014305115, "p_xgb": 0.859749436378479, "date": "2026-02-19"}}, {"type": "Feature", "geometry": {"type": "Point", "coordinates": [-82.48333333503501, 35.766666667233004]}, "properties": {"p_logistic": 0.4708438813686371, "p_rf": 0.4860000014305115, "p_xgb": 0.859749436378479, "date": "2026-02-19"}}, {"type": "Feature", "geometry": {"type": "Point", "coordinates": [-82.47500000170201, 35.766666667233004]}, "properties": {"p_logistic": 0.4710145592689514, "p_rf": 0.5040000081062317, "p_xgb": 0.859749436378479, "date": "2026-02-19"}}, {"type": "Feature", "geometry": {"type": "Point", "coordinates": [-82.46666666836902, 35.766666667233004]}, "properties": {"p_logistic": 0.47114843130111694, "p_rf": 0.5040000081062317, "p_xgb": 0.859749436378479, "date": "2026-02-19"}}, {"type": "Feature", "geometry": {"type": "Point", "coordinates": [-82.45833333503602, 35.766666667233004]}, "properties": {"p_logistic": 0.47047704458236694, "p_rf": 0.5040000081062317, "p_xgb": 0.859749436378479, "date": "2026-02-19"}}, {"type": "Feature", "geometry": {"type": "Point", "coordinates": [-82.45000000170302, 35.766666667233004]}, "properties": {"p_logistic": 0.4698818027973175, "p_rf": 0.5059999823570251, "p_xgb": 0.8746626377105713, "date": "2026-02-19"}}, {"type": "Feature", "geometry": {"type": "Point", "coordinates": [-82.44166666837002, 35.766666667233004]}, "properties": {"p_logistic": 0.46915778517723083, "p_rf": 0.5479999780654907, "p_xgb": 0.9437009692192078, "date": "2026-02-19"}}, {"type": "Feature", "geometry": {"type": "Point", "coordinates": [-82.43333333503702, 35.766666667233004]}, "properties": {"p_logistic": 0.4691034257411957, "p_rf": 0.5820000171661377, "p_xgb": 0.983509361743927, "date": "2026-02-19"}}, {"type": "Feature", "geometry": {"type": "Point", "coordinates": [-82.42500000170402, 35.766666667233004]}, "properties": {"p_logistic": 0.4697747230529785, "p_rf": 0.6399999856948853, "p_xgb": 0.9881734251976013, "date": "2026-02-19"}}, {"type": "Feature", "geometry": {"type": "Point", "coordinates": [-82.41666666837102, 35.766666667233004]}, "properties": {"p_logistic": 0.4701484441757202, "p_rf": 0.6840000152587891, "p_xgb": 0.9873092770576477, "date": "2026-02-19"}}, {"type": "Feature", "geometry": {"type": "Point", "coordinates": [-82.40833333503801, 35.766666667233004]}, "properties": {"p_logistic": 0.4704737067222595, "p_rf": 0.7059999704360962, "p_xgb": 0.9900127649307251, "date": "2026-02-19"}}, {"type": "Feature", "geometry": {"type": "Point", "coordinates": [-82.40000000170502, 35.766666667233004]}, "properties": {"p_logistic": 0.4713508188724518, "p_rf": 0.8019999861717224, "p_xgb": 0.9988112449645996, "date": "2026-02-19"}}, {"type": "Feature", "geometry": {"type": "Point", "coordinates": [-82.39166666837201, 35.766666667233004]}, "properties": {"p_logistic": 0.4723791778087616, "p_rf": 0.6940000057220459, "p_xgb": 0.9914703965187073, "date": "2026-02-19"}}, {"type": "Feature", "geometry": {"type": "Point", "coordinates": [-82.38333333503903, 35.766666667233004]}, "properties": {"p_logistic": 0.472135454416275, "p_rf": 0.5759999752044678, "p_xgb": 0.9870656728744507, "date": "2026-02-19"}}, {"type": "Feature", "geometry": {"type": "Point", "coordinates": [-82.37500000170601, 35.766666667233004]}, "properties": {"p_logistic": 0.47174322605133057, "p_rf": 0.5299999713897705, "p_xgb": 0.9823347330093384, "date": "2026-02-19"}}, {"type": "Feature", "geometry": {"type": "Point", "coordinates": [-82.36666666837301, 35.766666667233004]}, "properties": {"p_logistic": 0.4703528583049774, "p_rf": 0.5220000147819519, "p_xgb": 0.9685750603675842, "date": "2026-02-19"}}, {"type": "Feature", "geometry": {"type": "Point", "coordinates": [-82.35833333504002, 35.766666667233004]}, "properties": {"p_logistic": 0.4681357145309448, "p_rf": 0.5180000066757202, "p_xgb": 0.9674556851387024, "date": "2026-02-19"}}, {"type": "Feature", "geometry": {"type": "Point", "coordinates": [-82.35000000170702, 35.766666667233004]}, "properties": {"p_logistic": 0.4661827087402344, "p_rf": 0.550000011920929, "p_xgb": 0.9649158716201782, "date": "2026-02-19"}}, {"type": "Feature", "geometry": {"type": "Point", "coordinates": [-82.34166666837402, 35.766666667233004]}, "properties": {"p_logistic": 0.4652286171913147, "p_rf": 0.5400000214576721, "p_xgb": 0.9666078686714172, "date": "2026-02-19"}}, {"type": "Feature", "geometry": {"type": "Point", "coordinates": [-82.61666666836302, 35.758333333900005]}, "properties": {"p_logistic": 0.4773162007331848, "p_rf": 0.5799999833106995, "p_xgb": 0.9645562767982483, "date": "2026-02-19"}}, {"type": "Feature", "geometry": {"type": "Point", "coordinates": [-82.60833333503001, 35.758333333900005]}, "properties": {"p_logistic": 0.4771430492401123, "p_rf": 0.5759999752044678, "p_xgb": 0.9645562767982483, "date": "2026-02-19"}}, {"type": "Feature", "geometry": {"type": "Point", "coordinates": [-82.60000000169703, 35.758333333900005]}, "properties": {"p_logistic": 0.47694826126098633, "p_rf": 0.5879999995231628, "p_xgb": 0.9645562767982483, "date": "2026-02-19"}}, {"type": "Feature", "geometry": {"type": "Point", "coordinates": [-82.59166666836401, 35.758333333900005]}, "properties": {"p_logistic": 0.47676870226860046, "p_rf": 0.5920000076293945, "p_xgb": 0.9645562767982483, "date": "2026-02-19"}}, {"type": "Feature", "geometry": {"type": "Point", "coordinates": [-82.58333333503101, 35.758333333900005]}, "properties": {"p_logistic": 0.47654280066490173, "p_rf": 0.6000000238418579, "p_xgb": 0.9645562767982483, "date": "2026-02-19"}}, {"type": "Feature", "geometry": {"type": "Point", "coordinates": [-82.57500000169802, 35.758333333900005]}, "properties": {"p_logistic": 0.47616004943847656, "p_rf": 0.628000020980835, "p_xgb": 0.9659324884414673, "date": "2026-02-19"}}, {"type": "Feature", "geometry": {"type": "Point", "coordinates": [-82.56666666836502, 35.758333333900005]}, "properties": {"p_logistic": 0.4758554697036743, "p_rf": 0.628000020980835, "p_xgb": 0.9659324884414673, "date": "2026-02-19"}}, {"type": "Feature", "geometry": {"type": "Point", "coordinates": [-82.55833333503202, 35.758333333900005]}, "properties": {"p_logistic": 0.4752778708934784, "p_rf": 0.6340000033378601, "p_xgb": 0.9659324884414673, "date": "2026-02-19"}}, {"type": "Feature", "geometry": {"type": "Point", "coordinates": [-82.55000000169902, 35.758333333900005]}, "properties": {"p_logistic": 0.4743814468383789, "p_rf": 0.6140000224113464, "p_xgb": 0.963948130607605, "date": "2026-02-19"}}, {"type": "Feature", "geometry": {"type": "Point", "coordinates": [-82.54166666836602, 35.758333333900005]}, "properties": {"p_logistic": 0.47278037667274475, "p_rf": 0.5519999861717224, "p_xgb": 0.9595099687576294, "date": "2026-02-19"}}, {"type": "Feature", "geometry": {"type": "Point", "coordinates": [-82.53333333503302, 35.758333333900005]}, "properties": {"p_logistic": 0.471244215965271, "p_rf": 0.5099999904632568, "p_xgb": 0.9595099687576294, "date": "2026-02-19"}}, {"type": "Feature", "geometry": {"type": "Point", "coordinates": [-82.52500000170002, 35.758333333900005]}, "properties": {"p_logistic": 0.46947523951530457, "p_rf": 0.5059999823570251, "p_xgb": 0.9482036828994751, "date": "2026-02-19"}}, {"type": "Feature", "geometry": {"type": "Point", "coordinates": [-82.51666666836701, 35.758333333900005]}, "properties": {"p_logistic": 0.4686589241027832, "p_rf": 0.49399998784065247, "p_xgb": 0.9381902813911438, "date": "2026-02-19"}}, {"type": "Feature", "geometry": {"type": "Point", "coordinates": [-82.50833333503402, 35.758333333900005]}, "properties": {"p_logistic": 0.46887046098709106, "p_rf": 0.46799999475479126, "p_xgb": 0.8518886566162109, "date": "2026-02-19"}}, {"type": "Feature", "geometry": {"type": "Point", "coordinates": [-82.50000000170101, 35.758333333900005]}, "properties": {"p_logistic": 0.46924224495887756, "p_rf": 0.49799999594688416, "p_xgb": 0.8818406462669373, "date": "2026-02-19"}}, {"type": "Feature", "geometry": {"type": "Point", "coordinates": [-82.49166666836803, 35.758333333900005]}, "properties": {"p_logistic": 0.4694656431674957, "p_rf": 0.4860000014305115, "p_xgb": 0.859749436378479, "date": "2026-02-19"}}, {"type": "Feature", "geometry": {"type": "Point", "coordinates": [-82.48333333503501, 35.758333333900005]}, "properties": {"p_logistic": 0.4694904088973999, "p_rf": 0.5040000081062317, "p_xgb": 0.9050264954566956, "date": "2026-02-19"}}, {"type": "Feature", "geometry": {"type": "Point", "coordinates": [-82.47500000170201, 35.758333333900005]}, "properties": {"p_logistic": 0.46963244676589966, "p_rf": 0.5120000243186951, "p_xgb": 0.9155978560447693, "date": "2026-02-19"}}, {"type": "Feature", "geometry": {"type": "Point", "coordinates": [-82.46666666836902, 35.758333333900005]}, "properties": {"p_logistic": 0.4696413278579712, "p_rf": 0.5120000243186951, "p_xgb": 0.9155978560447693, "date": "2026-02-19"}}, {"type": "Feature", "geometry": {"type": "Point", "coordinates": [-82.45833333503602, 35.758333333900005]}, "properties": {"p_logistic": 0.46953344345092773, "p_rf": 0.5040000081062317, "p_xgb": 0.859749436378479, "date": "2026-02-19"}}, {"type": "Feature", "geometry": {"type": "Point", "coordinates": [-82.45000000170302, 35.758333333900005]}, "properties": {"p_logistic": 0.46905770897865295, "p_rf": 0.5059999823570251, "p_xgb": 0.901369035243988, "date": "2026-02-19"}}, {"type": "Feature", "geometry": {"type": "Point", "coordinates": [-82.44166666837002, 35.758333333900005]}, "properties": {"p_logistic": 0.4682946503162384, "p_rf": 0.5120000243186951, "p_xgb": 0.9123081564903259, "date": "2026-02-19"}}, {"type": "Feature", "geometry": {"type": "Point", "coordinates": [-82.43333333503702, 35.758333333900005]}, "properties": {"p_logistic": 0.46807020902633667, "p_rf": 0.5479999780654907, "p_xgb": 0.9437009692192078, "date": "2026-02-19"}}, {"type": "Feature", "geometry": {"type": "Point", "coordinates": [-82.42500000170402, 35.758333333900005]}, "properties": {"p_logistic": 0.4682079553604126, "p_rf": 0.5799999833106995, "p_xgb": 0.983509361743927, "date": "2026-02-19"}}, {"type": "Feature", "geometry": {"type": "Point", "coordinates": [-82.41666666837102, 35.758333333900005]}, "properties": {"p_logistic": 0.46776193380355835, "p_rf": 0.6299999952316284, "p_xgb": 0.9864250421524048, "date": "2026-02-19"}}, {"type": "Feature", "geometry": {"type": "Point", "coordinates": [-82.40833333503801, 35.758333333900005]}, "properties": {"p_logistic": 0.46767279505729675, "p_rf": 0.6460000276565552, "p_xgb": 0.9902119040489197, "date": "2026-02-19"}}, {"type": "Feature", "geometry": {"type": "Point", "coordinates": [-82.40000000170502, 35.758333333900005]}, "properties": {"p_logistic": 0.46787843108177185, "p_rf": 0.7099999785423279, "p_xgb": 0.990641176700592, "date": "2026-02-19"}}, {"type": "Feature", "geometry": {"type": "Point", "coordinates": [-82.39166666837201, 35.758333333900005]}, "properties": {"p_logistic": 0.4704209268093109, "p_rf": 0.7020000219345093, "p_xgb": 0.9918279647827148, "date": "2026-02-19"}}, {"type": "Feature", "geometry": {"type": "Point", "coordinates": [-82.38333333503903, 35.758333333900005]}, "properties": {"p_logistic": 0.4712980389595032, "p_rf": 0.6620000004768372, "p_xgb": 0.990374743938446, "date": "2026-02-19"}}, {"type": "Feature", "geometry": {"type": "Point", "coordinates": [-82.37500000170601, 35.758333333900005]}, "properties": {"p_logistic": 0.47089049220085144, "p_rf": 0.550000011920929, "p_xgb": 0.9823347330093384, "date": "2026-02-19"}}, {"type": "Feature", "geometry": {"type": "Point", "coordinates": [-82.36666666837301, 35.758333333900005]}, "properties": {"p_logistic": 0.47020474076271057, "p_rf": 0.5040000081062317, "p_xgb": 0.9734656810760498, "date": "2026-02-19"}}, {"type": "Feature", "geometry": {"type": "Point", "coordinates": [-82.35833333504002, 35.758333333900005]}, "properties": {"p_logistic": 0.46853286027908325, "p_rf": 0.5199999809265137, "p_xgb": 0.9646012187004089, "date": "2026-02-19"}}, {"type": "Feature", "geometry": {"type": "Point", "coordinates": [-82.35000000170702, 35.758333333900005]}, "properties": {"p_logistic": 0.4670011103153229, "p_rf": 0.5479999780654907, "p_xgb": 0.9640194177627563, "date": "2026-02-19"}}, {"type": "Feature", "geometry": {"type": "Point", "coordinates": [-82.34166666837402, 35.758333333900005]}, "properties": {"p_logistic": 0.4666956067085266, "p_rf": 0.5400000214576721, "p_xgb": 0.9666078686714172, "date": "2026-02-19"}}, {"type": "Feature", "geometry": {"type": "Point", "coordinates": [-82.63333333502902, 35.750000000567006]}, "properties": {"p_logistic": 0.4785219132900238, "p_rf": 0.6359999775886536, "p_xgb": 0.9803594946861267, "date": "2026-02-19"}}, {"type": "Feature", "geometry": {"type": "Point", "coordinates": [-82.62500000169601, 35.750000000567006]}, "properties": {"p_logistic": 0.4781113564968109, "p_rf": 0.5960000157356262, "p_xgb": 0.9687304496765137, "date": "2026-02-19"}}, {"type": "Feature", "geometry": {"type": "Point", "coordinates": [-82.61666666836302, 35.750000000567006]}, "properties": {"p_logistic": 0.47784364223480225, "p_rf": 0.5920000076293945, "p_xgb": 0.9645562767982483, "date": "2026-02-19"}}, {"type": "Feature", "geometry": {"type": "Point", "coordinates": [-82.60833333503001, 35.750000000567006]}, "properties": {"p_logistic": 0.4776430130004883, "p_rf": 0.5920000076293945, "p_xgb": 0.9645562767982483, "date": "2026-02-19"}}, {"type": "Feature", "geometry": {"type": "Point", "coordinates": [-82.60000000169703, 35.750000000567006]}, "properties": {"p_logistic": 0.47728431224823, "p_rf": 0.5920000076293945, "p_xgb": 0.9645562767982483, "date": "2026-02-19"}}, {"type": "Feature", "geometry": {"type": "Point", "coordinates": [-82.59166666836401, 35.750000000567006]}, "properties": {"p_logistic": 0.4769081175327301, "p_rf": 0.5920000076293945, "p_xgb": 0.9645562767982483, "date": "2026-02-19"}}, {"type": "Feature", "geometry": {"type": "Point", "coordinates": [-82.58333333503101, 35.750000000567006]}, "properties": {"p_logistic": 0.47646743059158325, "p_rf": 0.6019999980926514, "p_xgb": 0.9645562767982483, "date": "2026-02-19"}}, {"type": "Feature", "geometry": {"type": "Point", "coordinates": [-82.57500000169802, 35.750000000567006]}, "properties": {"p_logistic": 0.47616004943847656, "p_rf": 0.628000020980835, "p_xgb": 0.9659324884414673, "date": "2026-02-19"}}, {"type": "Feature", "geometry": {"type": "Point", "coordinates": [-82.56666666836502, 35.750000000567006]}, "properties": {"p_logistic": 0.47565361857414246, "p_rf": 0.628000020980835, "p_xgb": 0.9659324884414673, "date": "2026-02-19"}}, {"type": "Feature", "geometry": {"type": "Point", "coordinates": [-82.55833333503202, 35.750000000567006]}, "properties": {"p_logistic": 0.4750973880290985, "p_rf": 0.628000020980835, "p_xgb": 0.9659324884414673, "date": "2026-02-19"}}, {"type": "Feature", "geometry": {"type": "Point", "coordinates": [-82.55000000169902, 35.750000000567006]}, "properties": {"p_logistic": 0.473978728055954, "p_rf": 0.6079999804496765, "p_xgb": 0.9615080952644348, "date": "2026-02-19"}}, {"type": "Feature", "geometry": {"type": "Point", "coordinates": [-82.54166666836602, 35.750000000567006]}, "properties": {"p_logistic": 0.47238677740097046, "p_rf": 0.5519999861717224, "p_xgb": 0.9374372959136963, "date": "2026-02-19"}}, {"type": "Feature", "geometry": {"type": "Point", "coordinates": [-82.53333333503302, 35.750000000567006]}, "properties": {"p_logistic": 0.47065070271492004, "p_rf": 0.5120000243186951, "p_xgb": 0.9374372959136963, "date": "2026-02-19"}}, {"type": "Feature", "geometry": {"type": "Point", "coordinates": [-82.52500000170002, 35.750000000567006]}, "properties": {"p_logistic": 0.4689892828464508, "p_rf": 0.4959999918937683, "p_xgb": 0.8481214642524719, "date": "2026-02-19"}}, {"type": "Feature", "geometry": {"type": "Point", "coordinates": [-82.51666666836701, 35.750000000567006]}, "properties": {"p_logistic": 0.4675859808921814, "p_rf": 0.47999998927116394, "p_xgb": 0.8518886566162109, "date": "2026-02-19"}}, {"type": "Feature", "geometry": {"type": "Point", "coordinates": [-82.50833333503402, 35.750000000567006]}, "properties": {"p_logistic": 0.46722981333732605, "p_rf": 0.46399998664855957, "p_xgb": 0.8518886566162109, "date": "2026-02-19"}}, {"type": "Feature", "geometry": {"type": "Point", "coordinates": [-82.50000000170101, 35.750000000567006]}, "properties": {"p_logistic": 0.4676896333694458, "p_rf": 0.48399999737739563, "p_xgb": 0.859749436378479, "date": "2026-02-19"}}, {"type": "Feature", "geometry": {"type": "Point", "coordinates": [-82.49166666836803, 35.750000000567006]}, "properties": {"p_logistic": 0.46737340092658997, "p_rf": 0.5040000081062317, "p_xgb": 0.901369035243988, "date": "2026-02-19"}}, {"type": "Feature", "geometry": {"type": "Point", "coordinates": [-82.48333333503501, 35.750000000567006]}, "properties": {"p_logistic": 0.4673778712749481, "p_rf": 0.5180000066757202, "p_xgb": 0.9123081564903259, "date": "2026-02-19"}}, {"type": "Feature", "geometry": {"type": "Point", "coordinates": [-82.47500000170201, 35.750000000567006]}, "properties": {"p_logistic": 0.4679957628250122, "p_rf": 0.550000011920929, "p_xgb": 0.9437009692192078, "date": "2026-02-19"}}, {"type": "Feature", "geometry": {"type": "Point", "coordinates": [-82.46666666836902, 35.750000000567006]}, "properties": {"p_logistic": 0.46800869703292847, "p_rf": 0.5479999780654907, "p_xgb": 0.9437009692192078, "date": "2026-02-19"}}, {"type": "Feature", "geometry": {"type": "Point", "coordinates": [-82.45833333503602, 35.750000000567006]}, "properties": {"p_logistic": 0.4681614339351654, "p_rf": 0.5379999876022339, "p_xgb": 0.9437009692192078, "date": "2026-02-19"}}, {"type": "Feature", "geometry": {"type": "Point", "coordinates": [-82.45000000170302, 35.750000000567006]}, "properties": {"p_logistic": 0.4682784080505371, "p_rf": 0.550000011920929, "p_xgb": 0.9437009692192078, "date": "2026-02-19"}}, {"type": "Feature", "geometry": {"type": "Point", "coordinates": [-82.44166666837002, 35.750000000567006]}, "properties": {"p_logistic": 0.46792036294937134, "p_rf": 0.5419999957084656, "p_xgb": 0.983509361743927, "date": "2026-02-19"}}, {"type": "Feature", "geometry": {"type": "Point", "coordinates": [-82.43333333503702, 35.750000000567006]}, "properties": {"p_logistic": 0.46770018339157104, "p_rf": 0.5820000171661377, "p_xgb": 0.9864250421524048, "date": "2026-02-19"}}, {"type": "Feature", "geometry": {"type": "Point", "coordinates": [-82.42500000170402, 35.750000000567006]}, "properties": {"p_logistic": 0.46761807799339294, "p_rf": 0.621999979019165, "p_xgb": 0.9864250421524048, "date": "2026-02-19"}}, {"type": "Feature", "geometry": {"type": "Point", "coordinates": [-82.41666666837102, 35.750000000567006]}, "properties": {"p_logistic": 0.46719279885292053, "p_rf": 0.6359999775886536, "p_xgb": 0.9864250421524048, "date": "2026-02-19"}}, {"type": "Feature", "geometry": {"type": "Point", "coordinates": [-82.40833333503801, 35.750000000567006]}, "properties": {"p_logistic": 0.46642184257507324, "p_rf": 0.6399999856948853, "p_xgb": 0.9919806718826294, "date": "2026-02-19"}}, {"type": "Feature", "geometry": {"type": "Point", "coordinates": [-82.40000000170502, 35.750000000567006]}, "properties": {"p_logistic": 0.4658603072166443, "p_rf": 0.7400000095367432, "p_xgb": 0.9925585985183716, "date": "2026-02-19"}}, {"type": "Feature", "geometry": {"type": "Point", "coordinates": [-82.39166666837201, 35.750000000567006]}, "properties": {"p_logistic": 0.4686838686466217, "p_rf": 0.7860000133514404, "p_xgb": 0.998518168926239, "date": "2026-02-19"}}, {"type": "Feature", "geometry": {"type": "Point", "coordinates": [-82.38333333503903, 35.750000000567006]}, "properties": {"p_logistic": 0.4694060683250427, "p_rf": 0.6940000057220459, "p_xgb": 0.9905790686607361, "date": "2026-02-19"}}, {"type": "Feature", "geometry": {"type": "Point", "coordinates": [-82.37500000170601, 35.750000000567006]}, "properties": {"p_logistic": 0.4695073068141937, "p_rf": 0.6399999856948853, "p_xgb": 0.9831686019897461, "date": "2026-02-19"}}, {"type": "Feature", "geometry": {"type": "Point", "coordinates": [-82.36666666837301, 35.750000000567006]}, "properties": {"p_logistic": 0.4691561758518219, "p_rf": 0.5299999713897705, "p_xgb": 0.978960394859314, "date": "2026-02-19"}}, {"type": "Feature", "geometry": {"type": "Point", "coordinates": [-82.35833333504002, 35.750000000567006]}, "properties": {"p_logistic": 0.4682044982910156, "p_rf": 0.515999972820282, "p_xgb": 0.9677844047546387, "date": "2026-02-19"}}, {"type": "Feature", "geometry": {"type": "Point", "coordinates": [-82.35000000170702, 35.750000000567006]}, "properties": {"p_logistic": 0.46752598881721497, "p_rf": 0.5460000038146973, "p_xgb": 0.9707326889038086, "date": "2026-02-19"}}, {"type": "Feature", "geometry": {"type": "Point", "coordinates": [-82.34166666837402, 35.750000000567006]}, "properties": {"p_logistic": 0.4684893786907196, "p_rf": 0.5460000038146973, "p_xgb": 0.9625437259674072, "date": "2026-02-19"}}, {"type": "Feature", "geometry": {"type": "Point", "coordinates": [-82.65000000169502, 35.741666667234]}, "properties": {"p_logistic": 0.480156272649765, "p_rf": 0.6880000233650208, "p_xgb": 0.9946444034576416, "date": "2026-02-19"}}, {"type": "Feature", "geometry": {"type": "Point", "coordinates": [-82.64166666836202, 35.741666667234]}, "properties": {"p_logistic": 0.4800534248352051, "p_rf": 0.6779999732971191, "p_xgb": 0.9943787455558777, "date": "2026-02-19"}}, {"type": "Feature", "geometry": {"type": "Point", "coordinates": [-82.63333333502902, 35.741666667234]}, "properties": {"p_logistic": 0.47947221994400024, "p_rf": 0.6679999828338623, "p_xgb": 0.994624674320221, "date": "2026-02-19"}}, {"type": "Feature", "geometry": {"type": "Point", "coordinates": [-82.62500000169601, 35.741666667234]}, "properties": {"p_logistic": 0.4792267978191376, "p_rf": 0.6639999747276306, "p_xgb": 0.9811340570449829, "date": "2026-02-19"}}, {"type": "Feature", "geometry": {"type": "Point", "coordinates": [-82.61666666836302, 35.741666667234]}, "properties": {"p_logistic": 0.4792267382144928, "p_rf": 0.6340000033378601, "p_xgb": 0.9699496030807495, "date": "2026-02-19"}}, {"type": "Feature", "geometry": {"type": "Point", "coordinates": [-82.60833333503001, 35.741666667234]}, "properties": {"p_logistic": 0.4787636399269104, "p_rf": 0.6019999980926514, "p_xgb": 0.9645562767982483, "date": "2026-02-19"}}, {"type": "Feature", "geometry": {"type": "Point", "coordinates": [-82.60000000169703, 35.741666667234]}, "properties": {"p_logistic": 0.47823020815849304, "p_rf": 0.5960000157356262, "p_xgb": 0.9645562767982483, "date": "2026-02-19"}}, {"type": "Feature", "geometry": {"type": "Point", "coordinates": [-82.59166666836401, 35.741666667234]}, "properties": {"p_logistic": 0.4774699807167053, "p_rf": 0.5960000157356262, "p_xgb": 0.9645562767982483, "date": "2026-02-19"}}, {"type": "Feature", "geometry": {"type": "Point", "coordinates": [-82.58333333503101, 35.741666667234]}, "properties": {"p_logistic": 0.4767332375049591, "p_rf": 0.5960000157356262, "p_xgb": 0.9645562767982483, "date": "2026-02-19"}}, {"type": "Feature", "geometry": {"type": "Point", "coordinates": [-82.57500000169802, 35.741666667234]}, "properties": {"p_logistic": 0.47626566886901855, "p_rf": 0.628000020980835, "p_xgb": 0.9659324884414673, "date": "2026-02-19"}}, {"type": "Feature", "geometry": {"type": "Point", "coordinates": [-82.56666666836502, 35.741666667234]}, "properties": {"p_logistic": 0.47587820887565613, "p_rf": 0.628000020980835, "p_xgb": 0.9659324884414673, "date": "2026-02-19"}}, {"type": "Feature", "geometry": {"type": "Point", "coordinates": [-82.55833333503202, 35.741666667234]}, "properties": {"p_logistic": 0.4751700460910797, "p_rf": 0.628000020980835, "p_xgb": 0.96470046043396, "date": "2026-02-19"}}, {"type": "Feature", "geometry": {"type": "Point", "coordinates": [-82.55000000169902, 35.741666667234]}, "properties": {"p_logistic": 0.47411537170410156, "p_rf": 0.6019999980926514, "p_xgb": 0.9615080952644348, "date": "2026-02-19"}}, {"type": "Feature", "geometry": {"type": "Point", "coordinates": [-82.54166666836602, 35.741666667234]}, "properties": {"p_logistic": 0.47253280878067017, "p_rf": 0.5759999752044678, "p_xgb": 0.9374372959136963, "date": "2026-02-19"}}, {"type": "Feature", "geometry": {"type": "Point", "coordinates": [-82.53333333503302, 35.741666667234]}, "properties": {"p_logistic": 0.47071146965026855, "p_rf": 0.5059999823570251, "p_xgb": 0.8815935850143433, "date": "2026-02-19"}}, {"type": "Feature", "geometry": {"type": "Point", "coordinates": [-82.52500000170002, 35.741666667234]}, "properties": {"p_logistic": 0.468696266412735, "p_rf": 0.48399999737739563, "p_xgb": 0.8518886566162109, "date": "2026-02-19"}}, {"type": "Feature", "geometry": {"type": "Point", "coordinates": [-82.51666666836701, 35.741666667234]}, "properties": {"p_logistic": 0.4670862555503845, "p_rf": 0.4699999988079071, "p_xgb": 0.8518886566162109, "date": "2026-02-19"}}, {"type": "Feature", "geometry": {"type": "Point", "coordinates": [-82.50833333503402, 35.741666667234]}, "properties": {"p_logistic": 0.4659392535686493, "p_rf": 0.48399999737739563, "p_xgb": 0.9068556427955627, "date": "2026-02-19"}}, {"type": "Feature", "geometry": {"type": "Point", "coordinates": [-82.50000000170101, 35.741666667234]}, "properties": {"p_logistic": 0.4658249616622925, "p_rf": 0.5059999823570251, "p_xgb": 0.901369035243988, "date": "2026-02-19"}}, {"type": "Feature", "geometry": {"type": "Point", "coordinates": [-82.49166666836803, 35.741666667234]}, "properties": {"p_logistic": 0.46608173847198486, "p_rf": 0.550000011920929, "p_xgb": 0.9437009692192078, "date": "2026-02-19"}}, {"type": "Feature", "geometry": {"type": "Point", "coordinates": [-82.48333333503501, 35.741666667234]}, "properties": {"p_logistic": 0.4657173752784729, "p_rf": 0.5440000295639038, "p_xgb": 0.983509361743927, "date": "2026-02-19"}}, {"type": "Feature", "geometry": {"type": "Point", "coordinates": [-82.47500000170201, 35.741666667234]}, "properties": {"p_logistic": 0.465545654296875, "p_rf": 0.5440000295639038, "p_xgb": 0.983509361743927, "date": "2026-02-19"}}, {"type": "Feature", "geometry": {"type": "Point", "coordinates": [-82.46666666836902, 35.741666667234]}, "properties": {"p_logistic": 0.46519550681114197, "p_rf": 0.550000011920929, "p_xgb": 0.9437009692192078, "date": "2026-02-19"}}, {"type": "Feature", "geometry": {"type": "Point", "coordinates": [-82.45833333503602, 35.741666667234]}, "properties": {"p_logistic": 0.4652605354785919, "p_rf": 0.550000011920929, "p_xgb": 0.9437009692192078, "date": "2026-02-19"}}, {"type": "Feature", "geometry": {"type": "Point", "coordinates": [-82.45000000170302, 35.741666667234]}, "properties": {"p_logistic": 0.4653807282447815, "p_rf": 0.5419999957084656, "p_xgb": 0.983509361743927, "date": "2026-02-19"}}, {"type": "Feature", "geometry": {"type": "Point", "coordinates": [-82.44166666837002, 35.741666667234]}, "properties": {"p_logistic": 0.4655267000198364, "p_rf": 0.5820000171661377, "p_xgb": 0.9864250421524048, "date": "2026-02-19"}}, {"type": "Feature", "geometry": {"type": "Point", "coordinates": [-82.43333333503702, 35.741666667234]}, "properties": {"p_logistic": 0.4656239449977875, "p_rf": 0.6299999952316284, "p_xgb": 0.9898149967193604, "date": "2026-02-19"}}, {"type": "Feature", "geometry": {"type": "Point", "coordinates": [-82.42500000170402, 35.741666667234]}, "properties": {"p_logistic": 0.46576738357543945, "p_rf": 0.6340000033378601, "p_xgb": 0.9911307096481323, "date": "2026-02-19"}}, {"type": "Feature", "geometry": {"type": "Point", "coordinates": [-82.41666666837102, 35.741666667234]}, "properties": {"p_logistic": 0.46605417132377625, "p_rf": 0.6399999856948853, "p_xgb": 0.9927346706390381, "date": "2026-02-19"}}, {"type": "Feature", "geometry": {"type": "Point", "coordinates": [-82.40833333503801, 35.741666667234]}, "properties": {"p_logistic": 0.46480417251586914, "p_rf": 0.6460000276565552, "p_xgb": 0.9919806718826294, "date": "2026-02-19"}}, {"type": "Feature", "geometry": {"type": "Point", "coordinates": [-82.40000000170502, 35.741666667234]}, "properties": {"p_logistic": 0.46540290117263794, "p_rf": 0.7099999785423279, "p_xgb": 0.9944043159484863, "date": "2026-02-19"}}, {"type": "Feature", "geometry": {"type": "Point", "coordinates": [-82.39166666837201, 35.741666667234]}, "properties": {"p_logistic": 0.4677630364894867, "p_rf": 0.7799999713897705, "p_xgb": 0.998518168926239, "date": "2026-02-19"}}, {"type": "Feature", "geometry": {"type": "Point", "coordinates": [-82.38333333503903, 35.741666667234]}, "properties": {"p_logistic": 0.4685457944869995, "p_rf": 0.6940000057220459, "p_xgb": 0.990374743938446, "date": "2026-02-19"}}, {"type": "Feature", "geometry": {"type": "Point", "coordinates": [-82.37500000170601, 35.741666667234]}, "properties": {"p_logistic": 0.4686547517776489, "p_rf": 0.6399999856948853, "p_xgb": 0.983656644821167, "date": "2026-02-19"}}, {"type": "Feature", "geometry": {"type": "Point", "coordinates": [-82.36666666837301, 35.741666667234]}, "properties": {"p_logistic": 0.4688343405723572, "p_rf": 0.5299999713897705, "p_xgb": 0.978960394859314, "date": "2026-02-19"}}, {"type": "Feature", "geometry": {"type": "Point", "coordinates": [-82.35833333504002, 35.741666667234]}, "properties": {"p_logistic": 0.46840110421180725, "p_rf": 0.515999972820282, "p_xgb": 0.9677844047546387, "date": "2026-02-19"}}, {"type": "Feature", "geometry": {"type": "Point", "coordinates": [-82.35000000170702, 35.741666667234]}, "properties": {"p_logistic": 0.46892908215522766, "p_rf": 0.5460000038146973, "p_xgb": 0.9707326889038086, "date": "2026-02-19"}}, {"type": "Feature", "geometry": {"type": "Point", "coordinates": [-82.34166666837402, 35.741666667234]}, "properties": {"p_logistic": 0.47025197744369507, "p_rf": 0.5460000038146973, "p_xgb": 0.9706263542175293, "date": "2026-02-19"}}, {"type": "Feature", "geometry": {"type": "Point", "coordinates": [-82.33333333504102, 35.741666667234]}, "properties": {"p_logistic": 0.47298863530158997, "p_rf": 0.3540000021457672, "p_xgb": 0.969170093536377, "date": "2026-02-19"}}, {"type": "Feature", "geometry": {"type": "Point", "coordinates": [-82.32500000170802, 35.741666667234]}, "properties": {"p_logistic": 0.4766985774040222, "p_rf": 0.38600000739097595, "p_xgb": 0.970352828502655, "date": "2026-02-19"}}, {"type": "Feature", "geometry": {"type": "Point", "coordinates": [-82.70000000169301, 35.733333333901]}, "properties": {"p_logistic": 0.4804762601852417, "p_rf": 0.7300000190734863, "p_xgb": 0.9960212111473083, "date": "2026-02-19"}}, {"type": "Feature", "geometry": {"type": "Point", "coordinates": [-82.67500000169402, 35.733333333901]}, "properties": {"p_logistic": 0.48016032576560974, "p_rf": 0.7179999947547913, "p_xgb": 0.9958388805389404, "date": "2026-02-19"}}, {"type": "Feature", "geometry": {"type": "Point", "coordinates": [-82.66666666836102, 35.733333333901]}, "properties": {"p_logistic": 0.4799964725971222, "p_rf": 0.7039999961853027, "p_xgb": 0.9955312609672546, "date": "2026-02-19"}}, {"type": "Feature", "geometry": {"type": "Point", "coordinates": [-82.65833333502802, 35.733333333901]}, "properties": {"p_logistic": 0.48010140657424927, "p_rf": 0.7020000219345093, "p_xgb": 0.9953558444976807, "date": "2026-02-19"}}, {"type": "Feature", "geometry": {"type": "Point", "coordinates": [-82.65000000169502, 35.733333333901]}, "properties": {"p_logistic": 0.4802533984184265, "p_rf": 0.6919999718666077, "p_xgb": 0.9951252341270447, "date": "2026-02-19"}}, {"type": "Feature", "geometry": {"type": "Point", "coordinates": [-82.64166666836202, 35.733333333901]}, "properties": {"p_logistic": 0.4802669286727905, "p_rf": 0.6840000152587891, "p_xgb": 0.9952801465988159, "date": "2026-02-19"}}, {"type": "Feature", "geometry": {"type": "Point", "coordinates": [-82.63333333502902, 35.733333333901]}, "properties": {"p_logistic": 0.4797855615615845, "p_rf": 0.6740000247955322, "p_xgb": 0.9802829027175903, "date": "2026-02-19"}}, {"type": "Feature", "geometry": {"type": "Point", "coordinates": [-82.62500000169601, 35.733333333901]}, "properties": {"p_logistic": 0.479820191860199, "p_rf": 0.6759999990463257, "p_xgb": 0.9802829027175903, "date": "2026-02-19"}}, {"type": "Feature", "geometry": {"type": "Point", "coordinates": [-82.61666666836302, 35.733333333901]}, "properties": {"p_logistic": 0.47991570830345154, "p_rf": 0.6539999842643738, "p_xgb": 0.9686099886894226, "date": "2026-02-19"}}, {"type": "Feature", "geometry": {"type": "Point", "coordinates": [-82.60833333503001, 35.733333333901]}, "properties": {"p_logistic": 0.4797649681568146, "p_rf": 0.6340000033378601, "p_xgb": 0.9686099886894226, "date": "2026-02-19"}}, {"type": "Feature", "geometry": {"type": "Point", "coordinates": [-82.60000000169703, 35.733333333901]}, "properties": {"p_logistic": 0.4793061912059784, "p_rf": 0.6100000143051147, "p_xgb": 0.9699496030807495, "date": "2026-02-19"}}, {"type": "Feature", "geometry": {"type": "Point", "coordinates": [-82.59166666836401, 35.733333333901]}, "properties": {"p_logistic": 0.47811853885650635, "p_rf": 0.6000000238418579, "p_xgb": 0.9645562767982483, "date": "2026-02-19"}}, {"type": "Feature", "geometry": {"type": "Point", "coordinates": [-82.58333333503101, 35.733333333901]}, "properties": {"p_logistic": 0.47720322012901306, "p_rf": 0.5960000157356262, "p_xgb": 0.9645562767982483, "date": "2026-02-19"}}, {"type": "Feature", "geometry": {"type": "Point", "coordinates": [-82.57500000169802, 35.733333333901]}, "properties": {"p_logistic": 0.4766073226928711, "p_rf": 0.6019999980926514, "p_xgb": 0.9645562767982483, "date": "2026-02-19"}}, {"type": "Feature", "geometry": {"type": "Point", "coordinates": [-82.56666666836502, 35.733333333901]}, "properties": {"p_logistic": 0.47609943151474, "p_rf": 0.628000020980835, "p_xgb": 0.9636216759681702, "date": "2026-02-19"}}, {"type": "Feature", "geometry": {"type": "Point", "coordinates": [-82.55833333503202, 35.733333333901]}, "properties": {"p_logistic": 0.47544029355049133, "p_rf": 0.628000020980835, "p_xgb": 0.96470046043396, "date": "2026-02-19"}}, {"type": "Feature", "geometry": {"type": "Point", "coordinates": [-82.55000000169902, 35.733333333901]}, "properties": {"p_logistic": 0.4741389751434326, "p_rf": 0.6079999804496765, "p_xgb": 0.9615080952644348, "date": "2026-02-19"}}, {"type": "Feature", "geometry": {"type": "Point", "coordinates": [-82.54166666836602, 35.733333333901]}, "properties": {"p_logistic": 0.4725641906261444, "p_rf": 0.5920000076293945, "p_xgb": 0.9495935440063477, "date": "2026-02-19"}}, {"type": "Feature", "geometry": {"type": "Point", "coordinates": [-82.53333333503302, 35.733333333901]}, "properties": {"p_logistic": 0.47059348225593567, "p_rf": 0.5059999823570251, "p_xgb": 0.8815935850143433, "date": "2026-02-19"}}, {"type": "Feature", "geometry": {"type": "Point", "coordinates": [-82.52500000170002, 35.733333333901]}, "properties": {"p_logistic": 0.4688010513782501, "p_rf": 0.49000000953674316, "p_xgb": 0.8518886566162109, "date": "2026-02-19"}}, {"type": "Feature", "geometry": {"type": "Point", "coordinates": [-82.51666666836701, 35.733333333901]}, "properties": {"p_logistic": 0.46695268154144287, "p_rf": 0.4699999988079071, "p_xgb": 0.8518886566162109, "date": "2026-02-19"}}, {"type": "Feature", "geometry": {"type": "Point", "coordinates": [-82.50833333503402, 35.733333333901]}, "properties": {"p_logistic": 0.4653693437576294, "p_rf": 0.4860000014305115, "p_xgb": 0.903261125087738, "date": "2026-02-19"}}, {"type": "Feature", "geometry": {"type": "Point", "coordinates": [-82.50000000170101, 35.733333333901]}, "properties": {"p_logistic": 0.4648844003677368, "p_rf": 0.550000011920929, "p_xgb": 0.9437009692192078, "date": "2026-02-19"}}, {"type": "Feature", "geometry": {"type": "Point", "coordinates": [-82.49166666836803, 35.733333333901]}, "properties": {"p_logistic": 0.4648846983909607, "p_rf": 0.5440000295639038, "p_xgb": 0.983509361743927, "date": "2026-02-19"}}, {"type": "Feature", "geometry": {"type": "Point", "coordinates": [-82.48333333503501, 35.733333333901]}, "properties": {"p_logistic": 0.46406373381614685, "p_rf": 0.5440000295639038, "p_xgb": 0.983509361743927, "date": "2026-02-19"}}, {"type": "Feature", "geometry": {"type": "Point", "coordinates": [-82.47500000170201, 35.733333333901]}, "properties": {"p_logistic": 0.46410107612609863, "p_rf": 0.5479999780654907, "p_xgb": 0.9437009692192078, "date": "2026-02-19"}}, {"type": "Feature", "geometry": {"type": "Point", "coordinates": [-82.46666666836902, 35.733333333901]}, "properties": {"p_logistic": 0.46411827206611633, "p_rf": 0.550000011920929, "p_xgb": 0.983509361743927, "date": "2026-02-19"}}, {"type": "Feature", "geometry": {"type": "Point", "coordinates": [-82.45833333503602, 35.733333333901]}, "properties": {"p_logistic": 0.4637051224708557, "p_rf": 0.5440000295639038, "p_xgb": 0.9876183271408081, "date": "2026-02-19"}}, {"type": "Feature", "geometry": {"type": "Point", "coordinates": [-82.45000000170302, 35.733333333901]}, "properties": {"p_logistic": 0.4635900855064392, "p_rf": 0.5860000252723694, "p_xgb": 0.9916548728942871, "date": "2026-02-19"}}, {"type": "Feature", "geometry": {"type": "Point", "coordinates": [-82.44166666837002, 35.733333333901]}, "properties": {"p_logistic": 0.4636295735836029, "p_rf": 0.6340000033378601, "p_xgb": 0.9927346706390381, "date": "2026-02-19"}}, {"type": "Feature", "geometry": {"type": "Point", "coordinates": [-82.43333333503702, 35.733333333901]}, "properties": {"p_logistic": 0.46418240666389465, "p_rf": 0.6420000195503235, "p_xgb": 0.9919806718826294, "date": "2026-02-19"}}, {"type": "Feature", "geometry": {"type": "Point", "coordinates": [-82.42500000170402, 35.733333333901]}, "properties": {"p_logistic": 0.4646405279636383, "p_rf": 0.6460000276565552, "p_xgb": 0.9919806718826294, "date": "2026-02-19"}}, {"type": "Feature", "geometry": {"type": "Point", "coordinates": [-82.41666666837102, 35.733333333901]}, "properties": {"p_logistic": 0.46427324414253235, "p_rf": 0.6460000276565552, "p_xgb": 0.9919806718826294, "date": "2026-02-19"}}, {"type": "Feature", "geometry": {"type": "Point", "coordinates": [-82.40833333503801, 35.733333333901]}, "properties": {"p_logistic": 0.46401888132095337, "p_rf": 0.734000027179718, "p_xgb": 0.9924994111061096, "date": "2026-02-19"}}, {"type": "Feature", "geometry": {"type": "Point", "coordinates": [-82.40000000170502, 35.733333333901]}, "properties": {"p_logistic": 0.46482235193252563, "p_rf": 0.699999988079071, "p_xgb": 0.9950754046440125, "date": "2026-02-19"}}, {"type": "Feature", "geometry": {"type": "Point", "coordinates": [-82.39166666837201, 35.733333333901]}, "properties": {"p_logistic": 0.4674328863620758, "p_rf": 0.7039999961853027, "p_xgb": 0.9916292428970337, "date": "2026-02-19"}}, {"type": "Feature", "geometry": {"type": "Point", "coordinates": [-82.38333333503903, 35.733333333901]}, "properties": {"p_logistic": 0.468041330575943, "p_rf": 0.6660000085830688, "p_xgb": 0.983656644821167, "date": "2026-02-19"}}, {"type": "Feature", "geometry": {"type": "Point", "coordinates": [-82.37500000170601, 35.733333333901]}, "properties": {"p_logistic": 0.4686577022075653, "p_rf": 0.5759999752044678, "p_xgb": 0.978960394859314, "date": "2026-02-19"}}, {"type": "Feature", "geometry": {"type": "Point", "coordinates": [-82.36666666837301, 35.733333333901]}, "properties": {"p_logistic": 0.4692003130912781, "p_rf": 0.5040000081062317, "p_xgb": 0.9692269563674927, "date": "2026-02-19"}}, {"type": "Feature", "geometry": {"type": "Point", "coordinates": [-82.35833333504002, 35.733333333901]}, "properties": {"p_logistic": 0.46991443634033203, "p_rf": 0.5180000066757202, "p_xgb": 0.9674556851387024, "date": "2026-02-19"}}, {"type": "Feature", "geometry": {"type": "Point", "coordinates": [-82.35000000170702, 35.733333333901]}, "properties": {"p_logistic": 0.470516562461853, "p_rf": 0.550000011920929, "p_xgb": 0.9714667797088623, "date": "2026-02-19"}}, {"type": "Feature", "geometry": {"type": "Point", "coordinates": [-82.34166666837402, 35.733333333901]}, "properties": {"p_logistic": 0.4728618860244751, "p_rf": 0.38199999928474426, "p_xgb": 0.9659359455108643, "date": "2026-02-19"}}, {"type": "Feature", "geometry": {"type": "Point", "coordinates": [-82.33333333504102, 35.733333333901]}, "properties": {"p_logistic": 0.4752863645553589, "p_rf": 0.3479999899864197, "p_xgb": 0.9713751077651978, "date": "2026-02-19"}}, {"type": "Feature", "geometry": {"type": "Point", "coordinates": [-82.32500000170802, 35.733333333901]}, "properties": {"p_logistic": 0.4780663549900055, "p_rf": 0.3700000047683716, "p_xgb": 0.9687458872795105, "date": "2026-02-19"}}, {"type": "Feature", "geometry": {"type": "Point", "coordinates": [-82.31666666837502, 35.733333333901]}, "properties": {"p_logistic": 0.480685830116272, "p_rf": 0.4180000126361847, "p_xgb": 0.9659610986709595, "date": "2026-02-19"}}, {"type": "Feature", "geometry": {"type": "Point", "coordinates": [-82.70833333502603, 35.725000000568]}, "properties": {"p_logistic": 0.4803987741470337, "p_rf": 0.7300000190734863, "p_xgb": 0.9960212111473083, "date": "2026-02-19"}}, {"type": "Feature", "geometry": {"type": "Point", "coordinates": [-82.70000000169301, 35.725000000568]}, "properties": {"p_logistic": 0.48039165139198303, "p_rf": 0.7260000109672546, "p_xgb": 0.9960212111473083, "date": "2026-02-19"}}, {"type": "Feature", "geometry": {"type": "Point", "coordinates": [-82.69166666836001, 35.725000000568]}, "properties": {"p_logistic": 0.48030075430870056, "p_rf": 0.7260000109672546, "p_xgb": 0.9958388805389404, "date": "2026-02-19"}}, {"type": "Feature", "geometry": {"type": "Point", "coordinates": [-82.68333333502702, 35.725000000568]}, "properties": {"p_logistic": 0.47987595200538635, "p_rf": 0.7200000286102295, "p_xgb": 0.9958388805389404, "date": "2026-02-19"}}, {"type": "Feature", "geometry": {"type": "Point", "coordinates": [-82.67500000169402, 35.725000000568]}, "properties": {"p_logistic": 0.4796156585216522, "p_rf": 0.7039999961853027, "p_xgb": 0.9962485432624817, "date": "2026-02-19"}}, {"type": "Feature", "geometry": {"type": "Point", "coordinates": [-82.66666666836102, 35.725000000568]}, "properties": {"p_logistic": 0.4797252118587494, "p_rf": 0.7020000219345093, "p_xgb": 0.9962485432624817, "date": "2026-02-19"}}, {"type": "Feature", "geometry": {"type": "Point", "coordinates": [-82.65833333502802, 35.725000000568]}, "properties": {"p_logistic": 0.47993364930152893, "p_rf": 0.6959999799728394, "p_xgb": 0.9960620999336243, "date": "2026-02-19"}}, {"type": "Feature", "geometry": {"type": "Point", "coordinates": [-82.65000000169502, 35.725000000568]}, "properties": {"p_logistic": 0.4801972806453705, "p_rf": 0.6880000233650208, "p_xgb": 0.9959074258804321, "date": "2026-02-19"}}, {"type": "Feature", "geometry": {"type": "Point", "coordinates": [-82.64166666836202, 35.725000000568]}, "properties": {"p_logistic": 0.480258047580719, "p_rf": 0.6880000233650208, "p_xgb": 0.9850533604621887, "date": "2026-02-19"}}, {"type": "Feature", "geometry": {"type": "Point", "coordinates": [-82.63333333502902, 35.725000000568]}, "properties": {"p_logistic": 0.4799676239490509, "p_rf": 0.6539999842643738, "p_xgb": 0.9761359691619873, "date": "2026-02-19"}}, {"type": "Feature", "geometry": {"type": "Point", "coordinates": [-82.62500000169601, 35.725000000568]}, "properties": {"p_logistic": 0.4801371097564697, "p_rf": 0.6460000276565552, "p_xgb": 0.9735332727432251, "date": "2026-02-19"}}, {"type": "Feature", "geometry": {"type": "Point", "coordinates": [-82.61666666836302, 35.725000000568]}, "properties": {"p_logistic": 0.4803989827632904, "p_rf": 0.6460000276565552, "p_xgb": 0.9735332727432251, "date": "2026-02-19"}}, {"type": "Feature", "geometry": {"type": "Point", "coordinates": [-82.60833333503001, 35.725000000568]}, "properties": {"p_logistic": 0.48036086559295654, "p_rf": 0.6499999761581421, "p_xgb": 0.9686099886894226, "date": "2026-02-19"}}, {"type": "Feature", "geometry": {"type": "Point", "coordinates": [-82.60000000169703, 35.725000000568]}, "properties": {"p_logistic": 0.48001202940940857, "p_rf": 0.6620000004768372, "p_xgb": 0.9802829027175903, "date": "2026-02-19"}}, {"type": "Feature", "geometry": {"type": "Point", "coordinates": [-82.59166666836401, 35.725000000568]}, "properties": {"p_logistic": 0.47914642095565796, "p_rf": 0.6159999966621399, "p_xgb": 0.9687304496765137, "date": "2026-02-19"}}, {"type": "Feature", "geometry": {"type": "Point", "coordinates": [-82.58333333503101, 35.725000000568]}, "properties": {"p_logistic": 0.47805848717689514, "p_rf": 0.6019999980926514, "p_xgb": 0.9687304496765137, "date": "2026-02-19"}}, {"type": "Feature", "geometry": {"type": "Point", "coordinates": [-82.57500000169802, 35.725000000568]}, "properties": {"p_logistic": 0.4772472083568573, "p_rf": 0.6100000143051147, "p_xgb": 0.9699496030807495, "date": "2026-02-19"}}, {"type": "Feature", "geometry": {"type": "Point", "coordinates": [-82.56666666836502, 35.725000000568]}, "properties": {"p_logistic": 0.47653213143348694, "p_rf": 0.628000020980835, "p_xgb": 0.9679021835327148, "date": "2026-02-19"}}, {"type": "Feature", "geometry": {"type": "Point", "coordinates": [-82.55833333503202, 35.725000000568]}, "properties": {"p_logistic": 0.4757760167121887, "p_rf": 0.628000020980835, "p_xgb": 0.9679021835327148, "date": "2026-02-19"}}, {"type": "Feature", "geometry": {"type": "Point", "coordinates": [-82.55000000169902, 35.725000000568]}, "properties": {"p_logistic": 0.4744546115398407, "p_rf": 0.6100000143051147, "p_xgb": 0.96299809217453, "date": "2026-02-19"}}, {"type": "Feature", "geometry": {"type": "Point", "coordinates": [-82.54166666836602, 35.725000000568]}, "properties": {"p_logistic": 0.4727615714073181, "p_rf": 0.5920000076293945, "p_xgb": 0.9495935440063477, "date": "2026-02-19"}}, {"type": "Feature", "geometry": {"type": "Point", "coordinates": [-82.53333333503302, 35.725000000568]}, "properties": {"p_logistic": 0.4708613157272339, "p_rf": 0.5460000038146973, "p_xgb": 0.8815935850143433, "date": "2026-02-19"}}, {"type": "Feature", "geometry": {"type": "Point", "coordinates": [-82.52500000170002, 35.725000000568]}, "properties": {"p_logistic": 0.46905750036239624, "p_rf": 0.49399998784065247, "p_xgb": 0.8594645857810974, "date": "2026-02-19"}}, {"type": "Feature", "geometry": {"type": "Point", "coordinates": [-82.51666666836701, 35.725000000568]}, "properties": {"p_logistic": 0.4674544930458069, "p_rf": 0.4819999933242798, "p_xgb": 0.8675090670585632, "date": "2026-02-19"}}, {"type": "Feature", "geometry": {"type": "Point", "coordinates": [-82.50833333503402, 35.725000000568]}, "properties": {"p_logistic": 0.4661317765712738, "p_rf": 0.46399998664855957, "p_xgb": 0.8675090670585632, "date": "2026-02-19"}}, {"type": "Feature", "geometry": {"type": "Point", "coordinates": [-82.50000000170101, 35.725000000568]}, "properties": {"p_logistic": 0.4644550085067749, "p_rf": 0.492000013589859, "p_xgb": 0.9140103459358215, "date": "2026-02-19"}}, {"type": "Feature", "geometry": {"type": "Point", "coordinates": [-82.49166666836803, 35.725000000568]}, "properties": {"p_logistic": 0.4642561972141266, "p_rf": 0.5199999809265137, "p_xgb": 0.9448307752609253, "date": "2026-02-19"}}, {"type": "Feature", "geometry": {"type": "Point", "coordinates": [-82.48333333503501, 35.725000000568]}, "properties": {"p_logistic": 0.46438348293304443, "p_rf": 0.5379999876022339, "p_xgb": 0.9458829164505005, "date": "2026-02-19"}}, {"type": "Feature", "geometry": {"type": "Point", "coordinates": [-82.47500000170201, 35.725000000568]}, "properties": {"p_logistic": 0.46471285820007324, "p_rf": 0.5220000147819519, "p_xgb": 0.9756129384040833, "date": "2026-02-19"}}, {"type": "Feature", "geometry": {"type": "Point", "coordinates": [-82.46666666836902, 35.725000000568]}, "properties": {"p_logistic": 0.46438607573509216, "p_rf": 0.5419999957084656, "p_xgb": 0.983509361743927, "date": "2026-02-19"}}, {"type": "Feature", "geometry": {"type": "Point", "coordinates": [-82.45833333503602, 35.725000000568]}, "properties": {"p_logistic": 0.4634946882724762, "p_rf": 0.5540000200271606, "p_xgb": 0.9876183271408081, "date": "2026-02-19"}}, {"type": "Feature", "geometry": {"type": "Point", "coordinates": [-82.45000000170302, 35.725000000568]}, "properties": {"p_logistic": 0.46320533752441406, "p_rf": 0.6340000033378601, "p_xgb": 0.9927346706390381, "date": "2026-02-19"}}, {"type": "Feature", "geometry": {"type": "Point", "coordinates": [-82.44166666837002, 35.725000000568]}, "properties": {"p_logistic": 0.4635425806045532, "p_rf": 0.6460000276565552, "p_xgb": 0.9919806718826294, "date": "2026-02-19"}}, {"type": "Feature", "geometry": {"type": "Point", "coordinates": [-82.43333333503702, 35.725000000568]}, "properties": {"p_logistic": 0.4639227092266083, "p_rf": 0.734000027179718, "p_xgb": 0.9922010898590088, "date": "2026-02-19"}}, {"type": "Feature", "geometry": {"type": "Point", "coordinates": [-82.42500000170402, 35.725000000568]}, "properties": {"p_logistic": 0.4642370939254761, "p_rf": 0.7400000095367432, "p_xgb": 0.9929232597351074, "date": "2026-02-19"}}, {"type": "Feature", "geometry": {"type": "Point", "coordinates": [-82.41666666837102, 35.725000000568]}, "properties": {"p_logistic": 0.46434423327445984, "p_rf": 0.7400000095367432, "p_xgb": 0.9929232597351074, "date": "2026-02-19"}}, {"type": "Feature", "geometry": {"type": "Point", "coordinates": [-82.40833333503801, 35.725000000568]}, "properties": {"p_logistic": 0.46386176347732544, "p_rf": 0.7300000190734863, "p_xgb": 0.9946320056915283, "date": "2026-02-19"}}, {"type": "Feature", "geometry": {"type": "Point", "coordinates": [-82.40000000170502, 35.725000000568]}, "properties": {"p_logistic": 0.46498289704322815, "p_rf": 0.7179999947547913, "p_xgb": 0.9982461929321289, "date": "2026-02-19"}}, {"type": "Feature", "geometry": {"type": "Point", "coordinates": [-82.39166666837201, 35.725000000568]}, "properties": {"p_logistic": 0.46681666374206543, "p_rf": 0.7020000219345093, "p_xgb": 0.9916292428970337, "date": "2026-02-19"}}, {"type": "Feature", "geometry": {"type": "Point", "coordinates": [-82.38333333503903, 35.725000000568]}, "properties": {"p_logistic": 0.4679577648639679, "p_rf": 0.6600000262260437, "p_xgb": 0.983656644821167, "date": "2026-02-19"}}, {"type": "Feature", "geometry": {"type": "Point", "coordinates": [-82.37500000170601, 35.725000000568]}, "properties": {"p_logistic": 0.4689332842826843, "p_rf": 0.5519999861717224, "p_xgb": 0.978960394859314, "date": "2026-02-19"}}, {"type": "Feature", "geometry": {"type": "Point", "coordinates": [-82.36666666837301, 35.725000000568]}, "properties": {"p_logistic": 0.47101762890815735, "p_rf": 0.515999972820282, "p_xgb": 0.9677844047546387, "date": "2026-02-19"}}, {"type": "Feature", "geometry": {"type": "Point", "coordinates": [-82.35833333504002, 35.725000000568]}, "properties": {"p_logistic": 0.471414178609848, "p_rf": 0.5479999780654907, "p_xgb": 0.9707326889038086, "date": "2026-02-19"}}, {"type": "Feature", "geometry": {"type": "Point", "coordinates": [-82.35000000170702, 35.725000000568]}, "properties": {"p_logistic": 0.47245460748672485, "p_rf": 0.5040000081062317, "p_xgb": 0.9723019599914551, "date": "2026-02-19"}}, {"type": "Feature", "geometry": {"type": "Point", "coordinates": [-82.34166666837402, 35.725000000568]}, "properties": {"p_logistic": 0.47278308868408203, "p_rf": 0.38199999928474426, "p_xgb": 0.9716113805770874, "date": "2026-02-19"}}, {"type": "Feature", "geometry": {"type": "Point", "coordinates": [-82.33333333504102, 35.725000000568]}, "properties": {"p_logistic": 0.47551774978637695, "p_rf": 0.3499999940395355, "p_xgb": 0.9643897414207458, "date": "2026-02-19"}}, {"type": "Feature", "geometry": {"type": "Point", "coordinates": [-82.32500000170802, 35.725000000568]}, "properties": {"p_logistic": 0.4789709746837616, "p_rf": 0.34599998593330383, "p_xgb": 0.9725907444953918, "date": "2026-02-19"}}, {"type": "Feature", "geometry": {"type": "Point", "coordinates": [-82.31666666837502, 35.725000000568]}, "properties": {"p_logistic": 0.4823421537876129, "p_rf": 0.39399999380111694, "p_xgb": 0.9697539210319519, "date": "2026-02-19"}}, {"type": "Feature", "geometry": {"type": "Point", "coordinates": [-82.30833333504202, 35.725000000568]}, "properties": {"p_logistic": 0.486570805311203, "p_rf": 0.41999998688697815, "p_xgb": 0.9718428254127502, "date": "2026-02-19"}}, {"type": "Feature", "geometry": {"type": "Point", "coordinates": [-82.30000000170901, 35.725000000568]}, "properties": {"p_logistic": 0.4900263845920563, "p_rf": 0.4180000126361847, "p_xgb": 0.9673455953598022, "date": "2026-02-19"}}, {"type": "Feature", "geometry": {"type": "Point", "coordinates": [-82.29166666837602, 35.725000000568]}, "properties": {"p_logistic": 0.4929601848125458, "p_rf": 0.39800000190734863, "p_xgb": 0.9673455953598022, "date": "2026-02-19"}}, {"type": "Feature", "geometry": {"type": "Point", "coordinates": [-82.73333333502501, 35.716666667235]}, "properties": {"p_logistic": 0.47996991872787476, "p_rf": 0.7300000190734863, "p_xgb": 0.9958388805389404, "date": "2026-02-19"}}, {"type": "Feature", "geometry": {"type": "Point", "coordinates": [-82.72500000169202, 35.716666667235]}, "properties": {"p_logistic": 0.4799785017967224, "p_rf": 0.7300000190734863, "p_xgb": 0.9958388805389404, "date": "2026-02-19"}}, {"type": "Feature", "geometry": {"type": "Point", "coordinates": [-82.71666666835901, 35.716666667235]}, "properties": {"p_logistic": 0.48025989532470703, "p_rf": 0.7260000109672546, "p_xgb": 0.9958388805389404, "date": "2026-02-19"}}, {"type": "Feature", "geometry": {"type": "Point", "coordinates": [-82.70833333502603, 35.716666667235]}, "properties": {"p_logistic": 0.4803024232387543, "p_rf": 0.7260000109672546, "p_xgb": 0.9958388805389404, "date": "2026-02-19"}}, {"type": "Feature", "geometry": {"type": "Point", "coordinates": [-82.70000000169301, 35.716666667235]}, "properties": {"p_logistic": 0.48009154200553894, "p_rf": 0.7260000109672546, "p_xgb": 0.9958388805389404, "date": "2026-02-19"}}, {"type": "Feature", "geometry": {"type": "Point", "coordinates": [-82.69166666836001, 35.716666667235]}, "properties": {"p_logistic": 0.47984227538108826, "p_rf": 0.722000002861023, "p_xgb": 0.9958388805389404, "date": "2026-02-19"}}, {"type": "Feature", "geometry": {"type": "Point", "coordinates": [-82.68333333502702, 35.716666667235]}, "properties": {"p_logistic": 0.4793873429298401, "p_rf": 0.7039999961853027, "p_xgb": 0.9959854483604431, "date": "2026-02-19"}}, {"type": "Feature", "geometry": {"type": "Point", "coordinates": [-82.67500000169402, 35.716666667235]}, "properties": {"p_logistic": 0.4794343411922455, "p_rf": 0.7020000219345093, "p_xgb": 0.9962485432624817, "date": "2026-02-19"}}, {"type": "Feature", "geometry": {"type": "Point", "coordinates": [-82.66666666836102, 35.716666667235]}, "properties": {"p_logistic": 0.47965487837791443, "p_rf": 0.699999988079071, "p_xgb": 0.9960620999336243, "date": "2026-02-19"}}, {"type": "Feature", "geometry": {"type": "Point", "coordinates": [-82.65833333502802, 35.716666667235]}, "properties": {"p_logistic": 0.48015838861465454, "p_rf": 0.6880000233650208, "p_xgb": 0.9960620999336243, "date": "2026-02-19"}}, {"type": "Feature", "geometry": {"type": "Point", "coordinates": [-82.65000000169502, 35.716666667235]}, "properties": {"p_logistic": 0.4805527925491333, "p_rf": 0.6880000233650208, "p_xgb": 0.9856125116348267, "date": "2026-02-19"}}, {"type": "Feature", "geometry": {"type": "Point", "coordinates": [-82.64166666836202, 35.716666667235]}, "properties": {"p_logistic": 0.48068803548812866, "p_rf": 0.6520000100135803, "p_xgb": 0.9770209193229675, "date": "2026-02-19"}}, {"type": "Feature", "geometry": {"type": "Point", "coordinates": [-82.63333333502902, 35.716666667235]}, "properties": {"p_logistic": 0.4806014895439148, "p_rf": 0.6480000019073486, "p_xgb": 0.9729226231575012, "date": "2026-02-19"}}, {"type": "Feature", "geometry": {"type": "Point", "coordinates": [-82.62500000169601, 35.716666667235]}, "properties": {"p_logistic": 0.48066645860671997, "p_rf": 0.6399999856948853, "p_xgb": 0.9699804186820984, "date": "2026-02-19"}}, {"type": "Feature", "geometry": {"type": "Point", "coordinates": [-82.61666666836302, 35.716666667235]}, "properties": {"p_logistic": 0.48097407817840576, "p_rf": 0.6399999856948853, "p_xgb": 0.9735332727432251, "date": "2026-02-19"}}, {"type": "Feature", "geometry": {"type": "Point", "coordinates": [-82.60833333503001, 35.716666667235]}, "properties": {"p_logistic": 0.4810900390148163, "p_rf": 0.6639999747276306, "p_xgb": 0.9834067225456238, "date": "2026-02-19"}}, {"type": "Feature", "geometry": {"type": "Point", "coordinates": [-82.60000000169703, 35.716666667235]}, "properties": {"p_logistic": 0.48089829087257385, "p_rf": 0.6639999747276306, "p_xgb": 0.9834067225456238, "date": "2026-02-19"}}, {"type": "Feature", "geometry": {"type": "Point", "coordinates": [-82.59166666836401, 35.716666667235]}, "properties": {"p_logistic": 0.4802042543888092, "p_rf": 0.6639999747276306, "p_xgb": 0.9943787455558777, "date": "2026-02-19"}}, {"type": "Feature", "geometry": {"type": "Point", "coordinates": [-82.58333333503101, 35.716666667235]}, "properties": {"p_logistic": 0.47901076078414917, "p_rf": 0.6639999747276306, "p_xgb": 0.9802829027175903, "date": "2026-02-19"}}, {"type": "Feature", "geometry": {"type": "Point", "coordinates": [-82.57500000169802, 35.716666667235]}, "properties": {"p_logistic": 0.47789233922958374, "p_rf": 0.6639999747276306, "p_xgb": 0.9811340570449829, "date": "2026-02-19"}}, {"type": "Feature", "geometry": {"type": "Point", "coordinates": [-82.56666666836502, 35.716666667235]}, "properties": {"p_logistic": 0.47688499093055725, "p_rf": 0.6639999747276306, "p_xgb": 0.9942485094070435, "date": "2026-02-19"}}, {"type": "Feature", "geometry": {"type": "Point", "coordinates": [-82.55833333503202, 35.716666667235]}, "properties": {"p_logistic": 0.4762754440307617, "p_rf": 0.6639999747276306, "p_xgb": 0.9942485094070435, "date": "2026-02-19"}}, {"type": "Feature", "geometry": {"type": "Point", "coordinates": [-82.55000000169902, 35.716666667235]}, "properties": {"p_logistic": 0.4752502143383026, "p_rf": 0.6639999747276306, "p_xgb": 0.980440616607666, "date": "2026-02-19"}}, {"type": "Feature", "geometry": {"type": "Point", "coordinates": [-82.54166666836602, 35.716666667235]}, "properties": {"p_logistic": 0.4734608829021454, "p_rf": 0.6159999966621399, "p_xgb": 0.9593133330345154, "date": "2026-02-19"}}, {"type": "Feature", "geometry": {"type": "Point", "coordinates": [-82.53333333503302, 35.716666667235]}, "properties": {"p_logistic": 0.47151902318000793, "p_rf": 0.5920000076293945, "p_xgb": 0.9278097152709961, "date": "2026-02-19"}}, {"type": "Feature", "geometry": {"type": "Point", "coordinates": [-82.52500000170002, 35.716666667235]}, "properties": {"p_logistic": 0.4699862003326416, "p_rf": 0.5479999780654907, "p_xgb": 0.8944692611694336, "date": "2026-02-19"}}, {"type": "Feature", "geometry": {"type": "Point", "coordinates": [-82.51666666836701, 35.716666667235]}, "properties": {"p_logistic": 0.46885597705841064, "p_rf": 0.5220000147819519, "p_xgb": 0.8944692611694336, "date": "2026-02-19"}}, {"type": "Feature", "geometry": {"type": "Point", "coordinates": [-82.50833333503402, 35.716666667235]}, "properties": {"p_logistic": 0.4679744243621826, "p_rf": 0.5139999985694885, "p_xgb": 0.9317706227302551, "date": "2026-02-19"}}, {"type": "Feature", "geometry": {"type": "Point", "coordinates": [-82.50000000170101, 35.716666667235]}, "properties": {"p_logistic": 0.4671481251716614, "p_rf": 0.5180000066757202, "p_xgb": 0.9134175181388855, "date": "2026-02-19"}}, {"type": "Feature", "geometry": {"type": "Point", "coordinates": [-82.49166666836803, 35.716666667235]}, "properties": {"p_logistic": 0.46682554483413696, "p_rf": 0.5120000243186951, "p_xgb": 0.9134175181388855, "date": "2026-02-19"}}, {"type": "Feature", "geometry": {"type": "Point", "coordinates": [-82.48333333503501, 35.716666667235]}, "properties": {"p_logistic": 0.46696850657463074, "p_rf": 0.5120000243186951, "p_xgb": 0.9740502238273621, "date": "2026-02-19"}}, {"type": "Feature", "geometry": {"type": "Point", "coordinates": [-82.47500000170201, 35.716666667235]}, "properties": {"p_logistic": 0.4668765068054199, "p_rf": 0.5059999823570251, "p_xgb": 0.9740502238273621, "date": "2026-02-19"}}, {"type": "Feature", "geometry": {"type": "Point", "coordinates": [-82.46666666836902, 35.716666667235]}, "properties": {"p_logistic": 0.46581289172172546, "p_rf": 0.5379999876022339, "p_xgb": 0.9798812866210938, "date": "2026-02-19"}}, {"type": "Feature", "geometry": {"type": "Point", "coordinates": [-82.45833333503602, 35.716666667235]}, "properties": {"p_logistic": 0.4641125798225403, "p_rf": 0.5619999766349792, "p_xgb": 0.9876183271408081, "date": "2026-02-19"}}, {"type": "Feature", "geometry": {"type": "Point", "coordinates": [-82.45000000170302, 35.716666667235]}, "properties": {"p_logistic": 0.46296679973602295, "p_rf": 0.6359999775886536, "p_xgb": 0.9927346706390381, "date": "2026-02-19"}}, {"type": "Feature", "geometry": {"type": "Point", "coordinates": [-82.44166666837002, 35.716666667235]}, "properties": {"p_logistic": 0.4637429118156433, "p_rf": 0.734000027179718, "p_xgb": 0.9922010898590088, "date": "2026-02-19"}}, {"type": "Feature", "geometry": {"type": "Point", "coordinates": [-82.43333333503702, 35.716666667235]}, "properties": {"p_logistic": 0.4646279215812683, "p_rf": 0.7099999785423279, "p_xgb": 0.9905645847320557, "date": "2026-02-19"}}, {"type": "Feature", "geometry": {"type": "Point", "coordinates": [-82.42500000170402, 35.716666667235]}, "properties": {"p_logistic": 0.4658013582229614, "p_rf": 0.7080000042915344, "p_xgb": 0.9952666759490967, "date": "2026-02-19"}}, {"type": "Feature", "geometry": {"type": "Point", "coordinates": [-82.41666666837102, 35.716666667235]}, "properties": {"p_logistic": 0.46496161818504333, "p_rf": 0.699999988079071, "p_xgb": 0.9946756362915039, "date": "2026-02-19"}}, {"type": "Feature", "geometry": {"type": "Point", "coordinates": [-82.40833333503801, 35.716666667235]}, "properties": {"p_logistic": 0.4645572602748871, "p_rf": 0.7160000205039978, "p_xgb": 0.9950754046440125, "date": "2026-02-19"}}, {"type": "Feature", "geometry": {"type": "Point", "coordinates": [-82.40000000170502, 35.716666667235]}, "properties": {"p_logistic": 0.4649428129196167, "p_rf": 0.8199999928474426, "p_xgb": 0.9988112449645996, "date": "2026-02-19"}}, {"type": "Feature", "geometry": {"type": "Point", "coordinates": [-82.39166666837201, 35.716666667235]}, "properties": {"p_logistic": 0.46656614542007446, "p_rf": 0.7020000219345093, "p_xgb": 0.9916292428970337, "date": "2026-02-19"}}, {"type": "Feature", "geometry": {"type": "Point", "coordinates": [-82.38333333503903, 35.716666667235]}, "properties": {"p_logistic": 0.46807676553726196, "p_rf": 0.6620000004768372, "p_xgb": 0.983656644821167, "date": "2026-02-19"}}, {"type": "Feature", "geometry": {"type": "Point", "coordinates": [-82.37500000170601, 35.716666667235]}, "properties": {"p_logistic": 0.4703092575073242, "p_rf": 0.5080000162124634, "p_xgb": 0.978960394859314, "date": "2026-02-19"}}, {"type": "Feature", "geometry": {"type": "Point", "coordinates": [-82.36666666837301, 35.716666667235]}, "properties": {"p_logistic": 0.4727744162082672, "p_rf": 0.5180000066757202, "p_xgb": 0.9663619995117188, "date": "2026-02-19"}}, {"type": "Feature", "geometry": {"type": "Point", "coordinates": [-82.35833333504002, 35.716666667235]}, "properties": {"p_logistic": 0.4737052023410797, "p_rf": 0.5479999780654907, "p_xgb": 0.9706028699874878, "date": "2026-02-19"}}, {"type": "Feature", "geometry": {"type": "Point", "coordinates": [-82.35000000170702, 35.716666667235]}, "properties": {"p_logistic": 0.4730607867240906, "p_rf": 0.5419999957084656, "p_xgb": 0.9723019599914551, "date": "2026-02-19"}}, {"type": "Feature", "geometry": {"type": "Point", "coordinates": [-82.34166666837402, 35.716666667235]}, "properties": {"p_logistic": 0.47295138239860535, "p_rf": 0.5400000214576721, "p_xgb": 0.9723019599914551, "date": "2026-02-19"}}, {"type": "Feature", "geometry": {"type": "Point", "coordinates": [-82.33333333504102, 35.716666667235]}, "properties": {"p_logistic": 0.4750264286994934, "p_rf": 0.41200000047683716, "p_xgb": 0.9723019599914551, "date": "2026-02-19"}}, {"type": "Feature", "geometry": {"type": "Point", "coordinates": [-82.32500000170802, 35.716666667235]}, "properties": {"p_logistic": 0.478758305311203, "p_rf": 0.3479999899864197, "p_xgb": 0.9665912985801697, "date": "2026-02-19"}}, {"type": "Feature", "geometry": {"type": "Point", "coordinates": [-82.31666666837502, 35.716666667235]}, "properties": {"p_logistic": 0.48199212551116943, "p_rf": 0.3580000102519989, "p_xgb": 0.9702063798904419, "date": "2026-02-19"}}, {"type": "Feature", "geometry": {"type": "Point", "coordinates": [-82.30833333504202, 35.716666667235]}, "properties": {"p_logistic": 0.4859001338481903, "p_rf": 0.4180000126361847, "p_xgb": 0.9787969589233398, "date": "2026-02-19"}}, {"type": "Feature", "geometry": {"type": "Point", "coordinates": [-82.30000000170901, 35.716666667235]}, "properties": {"p_logistic": 0.48885539174079895, "p_rf": 0.421999990940094, "p_xgb": 0.9712730050086975, "date": "2026-02-19"}}, {"type": "Feature", "geometry": {"type": "Point", "coordinates": [-82.29166666837602, 35.716666667235]}, "properties": {"p_logistic": 0.4914320111274719, "p_rf": 0.42800000309944153, "p_xgb": 0.9646040797233582, "date": "2026-02-19"}}, {"type": "Feature", "geometry": {"type": "Point", "coordinates": [-82.28333333504301, 35.716666667235]}, "properties": {"p_logistic": 0.4924721419811249, "p_rf": 0.4259999990463257, "p_xgb": 0.9646040797233582, "date": "2026-02-19"}}, {"type": "Feature", "geometry": {"type": "Point", "coordinates": [-82.75000000169102, 35.708333333902004]}, "properties": {"p_logistic": 0.48050007224082947, "p_rf": 0.734000027179718, "p_xgb": 0.9965068697929382, "date": "2026-02-19"}}, {"type": "Feature", "geometry": {"type": "Point", "coordinates": [-82.74166666835802, 35.708333333902004]}, "properties": {"p_logistic": 0.4805426001548767, "p_rf": 0.7300000190734863, "p_xgb": 0.9965068697929382, "date": "2026-02-19"}}, {"type": "Feature", "geometry": {"type": "Point", "coordinates": [-82.73333333502501, 35.708333333902004]}, "properties": {"p_logistic": 0.4805625081062317, "p_rf": 0.7300000190734863, "p_xgb": 0.9965068697929382, "date": "2026-02-19"}}, {"type": "Feature", "geometry": {"type": "Point", "coordinates": [-82.72500000169202, 35.708333333902004]}, "properties": {"p_logistic": 0.4805643856525421, "p_rf": 0.7260000109672546, "p_xgb": 0.9965068697929382, "date": "2026-02-19"}}, {"type": "Feature", "geometry": {"type": "Point", "coordinates": [-82.71666666835901, 35.708333333902004]}, "properties": {"p_logistic": 0.4806460440158844, "p_rf": 0.7260000109672546, "p_xgb": 0.9967358708381653, "date": "2026-02-19"}}, {"type": "Feature", "geometry": {"type": "Point", "coordinates": [-82.70833333502603, 35.708333333902004]}, "properties": {"p_logistic": 0.4806300401687622, "p_rf": 0.7260000109672546, "p_xgb": 0.9967358708381653, "date": "2026-02-19"}}, {"type": "Feature", "geometry": {"type": "Point", "coordinates": [-82.70000000169301, 35.708333333902004]}, "properties": {"p_logistic": 0.48034751415252686, "p_rf": 0.722000002861023, "p_xgb": 0.9967358708381653, "date": "2026-02-19"}}, {"type": "Feature", "geometry": {"type": "Point", "coordinates": [-82.69166666836001, 35.708333333902004]}, "properties": {"p_logistic": 0.4799653887748718, "p_rf": 0.7080000042915344, "p_xgb": 0.9962485432624817, "date": "2026-02-19"}}, {"type": "Feature", "geometry": {"type": "Point", "coordinates": [-82.68333333502702, 35.708333333902004]}, "properties": {"p_logistic": 0.47971034049987793, "p_rf": 0.7020000219345093, "p_xgb": 0.9961011409759521, "date": "2026-02-19"}}, {"type": "Feature", "geometry": {"type": "Point", "coordinates": [-82.67500000169402, 35.708333333902004]}, "properties": {"p_logistic": 0.47985997796058655, "p_rf": 0.6959999799728394, "p_xgb": 0.9959074258804321, "date": "2026-02-19"}}, {"type": "Feature", "geometry": {"type": "Point", "coordinates": [-82.66666666836102, 35.708333333902004]}, "properties": {"p_logistic": 0.4804994761943817, "p_rf": 0.6840000152587891, "p_xgb": 0.9959074258804321, "date": "2026-02-19"}}, {"type": "Feature", "geometry": {"type": "Point", "coordinates": [-82.65833333502802, 35.708333333902004]}, "properties": {"p_logistic": 0.480978786945343, "p_rf": 0.6840000152587891, "p_xgb": 0.9850533604621887, "date": "2026-02-19"}}, {"type": "Feature", "geometry": {"type": "Point", "coordinates": [-82.65000000169502, 35.708333333902004]}, "properties": {"p_logistic": 0.48157617449760437, "p_rf": 0.6579999923706055, "p_xgb": 0.9782822728157043, "date": "2026-02-19"}}, {"type": "Feature", "geometry": {"type": "Point", "coordinates": [-82.64166666836202, 35.708333333902004]}, "properties": {"p_logistic": 0.4817502498626709, "p_rf": 0.6520000100135803, "p_xgb": 0.9753507971763611, "date": "2026-02-19"}}, {"type": "Feature", "geometry": {"type": "Point", "coordinates": [-82.63333333502902, 35.708333333902004]}, "properties": {"p_logistic": 0.48166096210479736, "p_rf": 0.6480000019073486, "p_xgb": 0.9726648330688477, "date": "2026-02-19"}}, {"type": "Feature", "geometry": {"type": "Point", "coordinates": [-82.62500000169601, 35.708333333902004]}, "properties": {"p_logistic": 0.48178741335868835, "p_rf": 0.6380000114440918, "p_xgb": 0.9726648330688477, "date": "2026-02-19"}}, {"type": "Feature", "geometry": {"type": "Point", "coordinates": [-82.61666666836302, 35.708333333902004]}, "properties": {"p_logistic": 0.4821435511112213, "p_rf": 0.6399999856948853, "p_xgb": 0.9759079217910767, "date": "2026-02-19"}}, {"type": "Feature", "geometry": {"type": "Point", "coordinates": [-82.60833333503001, 35.708333333902004]}, "properties": {"p_logistic": 0.48241254687309265, "p_rf": 0.6679999828338623, "p_xgb": 0.9952801465988159, "date": "2026-02-19"}}, {"type": "Feature", "geometry": {"type": "Point", "coordinates": [-82.60000000169703, 35.708333333902004]}, "properties": {"p_logistic": 0.4822879135608673, "p_rf": 0.6639999747276306, "p_xgb": 0.9952801465988159, "date": "2026-02-19"}}, {"type": "Feature", "geometry": {"type": "Point", "coordinates": [-82.59166666836401, 35.708333333902004]}, "properties": {"p_logistic": 0.4814276099205017, "p_rf": 0.671999990940094, "p_xgb": 0.9952801465988159, "date": "2026-02-19"}}, {"type": "Feature", "geometry": {"type": "Point", "coordinates": [-82.58333333503101, 35.708333333902004]}, "properties": {"p_logistic": 0.4802355170249939, "p_rf": 0.6700000166893005, "p_xgb": 0.9952801465988159, "date": "2026-02-19"}}, {"type": "Feature", "geometry": {"type": "Point", "coordinates": [-82.57500000169802, 35.708333333902004]}, "properties": {"p_logistic": 0.4785396456718445, "p_rf": 0.671999990940094, "p_xgb": 0.9943787455558777, "date": "2026-02-19"}}, {"type": "Feature", "geometry": {"type": "Point", "coordinates": [-82.56666666836502, 35.708333333902004]}, "properties": {"p_logistic": 0.47724640369415283, "p_rf": 0.671999990940094, "p_xgb": 0.9939854741096497, "date": "2026-02-19"}}, {"type": "Feature", "geometry": {"type": "Point", "coordinates": [-82.55833333503202, 35.708333333902004]}, "properties": {"p_logistic": 0.47649291157722473, "p_rf": 0.671999990940094, "p_xgb": 0.9942485094070435, "date": "2026-02-19"}}, {"type": "Feature", "geometry": {"type": "Point", "coordinates": [-82.55000000169902, 35.708333333902004]}, "properties": {"p_logistic": 0.47572627663612366, "p_rf": 0.6679999828338623, "p_xgb": 0.9942485094070435, "date": "2026-02-19"}}, {"type": "Feature", "geometry": {"type": "Point", "coordinates": [-82.54166666836602, 35.708333333902004]}, "properties": {"p_logistic": 0.47459787130355835, "p_rf": 0.6639999747276306, "p_xgb": 0.9930716156959534, "date": "2026-02-19"}}, {"type": "Feature", "geometry": {"type": "Point", "coordinates": [-82.53333333503302, 35.708333333902004]}, "properties": {"p_logistic": 0.4729422628879547, "p_rf": 0.6639999747276306, "p_xgb": 0.9595466256141663, "date": "2026-02-19"}}, {"type": "Feature", "geometry": {"type": "Point", "coordinates": [-82.52500000170002, 35.708333333902004]}, "properties": {"p_logistic": 0.47155317664146423, "p_rf": 0.6359999775886536, "p_xgb": 0.9579237103462219, "date": "2026-02-19"}}, {"type": "Feature", "geometry": {"type": "Point", "coordinates": [-82.51666666836701, 35.708333333902004]}, "properties": {"p_logistic": 0.47065800428390503, "p_rf": 0.6259999871253967, "p_xgb": 0.9878053665161133, "date": "2026-02-19"}}, {"type": "Feature", "geometry": {"type": "Point", "coordinates": [-82.50833333503402, 35.708333333902004]}, "properties": {"p_logistic": 0.47003260254859924, "p_rf": 0.6200000047683716, "p_xgb": 0.986609160900116, "date": "2026-02-19"}}, {"type": "Feature", "geometry": {"type": "Point", "coordinates": [-82.50000000170101, 35.708333333902004]}, "properties": {"p_logistic": 0.4693886935710907, "p_rf": 0.5519999861717224, "p_xgb": 0.9798346161842346, "date": "2026-02-19"}}, {"type": "Feature", "geometry": {"type": "Point", "coordinates": [-82.49166666836803, 35.708333333902004]}, "properties": {"p_logistic": 0.468988299369812, "p_rf": 0.5360000133514404, "p_xgb": 0.9798346161842346, "date": "2026-02-19"}}, {"type": "Feature", "geometry": {"type": "Point", "coordinates": [-82.48333333503501, 35.708333333902004]}, "properties": {"p_logistic": 0.4689349830150604, "p_rf": 0.5299999713897705, "p_xgb": 0.9798346161842346, "date": "2026-02-19"}}, {"type": "Feature", "geometry": {"type": "Point", "coordinates": [-82.47500000170201, 35.708333333902004]}, "properties": {"p_logistic": 0.46878424286842346, "p_rf": 0.5440000295639038, "p_xgb": 0.9795825481414795, "date": "2026-02-19"}}, {"type": "Feature", "geometry": {"type": "Point", "coordinates": [-82.46666666836902, 35.708333333902004]}, "properties": {"p_logistic": 0.4676630198955536, "p_rf": 0.5239999890327454, "p_xgb": 0.9740502238273621, "date": "2026-02-19"}}, {"type": "Feature", "geometry": {"type": "Point", "coordinates": [-82.45833333503602, 35.708333333902004]}, "properties": {"p_logistic": 0.46537843346595764, "p_rf": 0.5419999957084656, "p_xgb": 0.9859285950660706, "date": "2026-02-19"}}, {"type": "Feature", "geometry": {"type": "Point", "coordinates": [-82.45000000170302, 35.708333333902004]}, "properties": {"p_logistic": 0.4632071554660797, "p_rf": 0.6000000238418579, "p_xgb": 0.9927346706390381, "date": "2026-02-19"}}, {"type": "Feature", "geometry": {"type": "Point", "coordinates": [-82.44166666837002, 35.708333333902004]}, "properties": {"p_logistic": 0.46233120560646057, "p_rf": 0.6460000276565552, "p_xgb": 0.9919806718826294, "date": "2026-02-19"}}, {"type": "Feature", "geometry": {"type": "Point", "coordinates": [-82.43333333503702, 35.708333333902004]}, "properties": {"p_logistic": 0.4640296697616577, "p_rf": 0.7260000109672546, "p_xgb": 0.9905645847320557, "date": "2026-02-19"}}, {"type": "Feature", "geometry": {"type": "Point", "coordinates": [-82.42500000170402, 35.708333333902004]}, "properties": {"p_logistic": 0.465746134519577, "p_rf": 0.722000002861023, "p_xgb": 0.9983144998550415, "date": "2026-02-19"}}, {"type": "Feature", "geometry": {"type": "Point", "coordinates": [-82.41666666837102, 35.708333333902004]}, "properties": {"p_logistic": 0.4661967158317566, "p_rf": 0.7699999809265137, "p_xgb": 0.9984608888626099, "date": "2026-02-19"}}, {"type": "Feature", "geometry": {"type": "Point", "coordinates": [-82.40833333503801, 35.708333333902004]}, "properties": {"p_logistic": 0.46561160683631897, "p_rf": 0.8740000128746033, "p_xgb": 0.9988112449645996, "date": "2026-02-19"}}, {"type": "Feature", "geometry": {"type": "Point", "coordinates": [-82.40000000170502, 35.708333333902004]}, "properties": {"p_logistic": 0.46574491262435913, "p_rf": 0.7860000133514404, "p_xgb": 0.998481810092926, "date": "2026-02-19"}}, {"type": "Feature", "geometry": {"type": "Point", "coordinates": [-82.39166666837201, 35.708333333902004]}, "properties": {"p_logistic": 0.46681681275367737, "p_rf": 0.7059999704360962, "p_xgb": 0.9874621033668518, "date": "2026-02-19"}}, {"type": "Feature", "geometry": {"type": "Point", "coordinates": [-82.38333333503903, 35.708333333902004]}, "properties": {"p_logistic": 0.4680841863155365, "p_rf": 0.656000018119812, "p_xgb": 0.98052978515625, "date": "2026-02-19"}}, {"type": "Feature", "geometry": {"type": "Point", "coordinates": [-82.37500000170601, 35.708333333902004]}, "properties": {"p_logistic": 0.4703919291496277, "p_rf": 0.5080000162124634, "p_xgb": 0.978038489818573, "date": "2026-02-19"}}, {"type": "Feature", "geometry": {"type": "Point", "coordinates": [-82.36666666837301, 35.708333333902004]}, "properties": {"p_logistic": 0.4732303023338318, "p_rf": 0.5199999809265137, "p_xgb": 0.9639368057250977, "date": "2026-02-19"}}, {"type": "Feature", "geometry": {"type": "Point", "coordinates": [-82.35833333504002, 35.708333333902004]}, "properties": {"p_logistic": 0.4749113917350769, "p_rf": 0.550000011920929, "p_xgb": 0.9697457551956177, "date": "2026-02-19"}}, {"type": "Feature", "geometry": {"type": "Point", "coordinates": [-82.35000000170702, 35.708333333902004]}, "properties": {"p_logistic": 0.4745415151119232, "p_rf": 0.550000011920929, "p_xgb": 0.9697457551956177, "date": "2026-02-19"}}, {"type": "Feature", "geometry": {"type": "Point", "coordinates": [-82.34166666837402, 35.708333333902004]}, "properties": {"p_logistic": 0.4737533628940582, "p_rf": 0.550000011920929, "p_xgb": 0.9697457551956177, "date": "2026-02-19"}}, {"type": "Feature", "geometry": {"type": "Point", "coordinates": [-82.33333333504102, 35.708333333902004]}, "properties": {"p_logistic": 0.475629985332489, "p_rf": 0.5540000200271606, "p_xgb": 0.9689703583717346, "date": "2026-02-19"}}, {"type": "Feature", "geometry": {"type": "Point", "coordinates": [-82.32500000170802, 35.708333333902004]}, "properties": {"p_logistic": 0.47839197516441345, "p_rf": 0.38199999928474426, "p_xgb": 0.9706296920776367, "date": "2026-02-19"}}, {"type": "Feature", "geometry": {"type": "Point", "coordinates": [-82.31666666837502, 35.708333333902004]}, "properties": {"p_logistic": 0.4811770021915436, "p_rf": 0.34599998593330383, "p_xgb": 0.9654695987701416, "date": "2026-02-19"}}, {"type": "Feature", "geometry": {"type": "Point", "coordinates": [-82.30833333504202, 35.708333333902004]}, "properties": {"p_logistic": 0.48342210054397583, "p_rf": 0.34599998593330383, "p_xgb": 0.9628077745437622, "date": "2026-02-19"}}, {"type": "Feature", "geometry": {"type": "Point", "coordinates": [-82.30000000170901, 35.708333333902004]}, "properties": {"p_logistic": 0.4859984517097473, "p_rf": 0.3840000033378601, "p_xgb": 0.9754245281219482, "date": "2026-02-19"}}, {"type": "Feature", "geometry": {"type": "Point", "coordinates": [-82.29166666837602, 35.708333333902004]}, "properties": {"p_logistic": 0.4898725152015686, "p_rf": 0.4259999990463257, "p_xgb": 0.9807538390159607, "date": "2026-02-19"}}, {"type": "Feature", "geometry": {"type": "Point", "coordinates": [-82.28333333504301, 35.708333333902004]}, "properties": {"p_logistic": 0.4911181330680847, "p_rf": 0.4259999990463257, "p_xgb": 0.9807538390159607, "date": "2026-02-19"}}, {"type": "Feature", "geometry": {"type": "Point", "coordinates": [-82.85000000168702, 35.700000000569005]}, "properties": {"p_logistic": 0.4679011106491089, "p_rf": 0.6919999718666077, "p_xgb": 0.9968098998069763, "date": "2026-02-19"}}, {"type": "Feature", "geometry": {"type": "Point", "coordinates": [-82.75833333502402, 35.700000000569005]}, "properties": {"p_logistic": 0.48114013671875, "p_rf": 0.7279999852180481, "p_xgb": 0.997524082660675, "date": "2026-02-19"}}, {"type": "Feature", "geometry": {"type": "Point", "coordinates": [-82.75000000169102, 35.700000000569005]}, "properties": {"p_logistic": 0.48172545433044434, "p_rf": 0.7279999852180481, "p_xgb": 0.997524082660675, "date": "2026-02-19"}}, {"type": "Feature", "geometry": {"type": "Point", "coordinates": [-82.74166666835802, 35.700000000569005]}, "properties": {"p_logistic": 0.4816204607486725, "p_rf": 0.7279999852180481, "p_xgb": 0.997524082660675, "date": "2026-02-19"}}, {"type": "Feature", "geometry": {"type": "Point", "coordinates": [-82.73333333502501, 35.700000000569005]}, "properties": {"p_logistic": 0.48171454668045044, "p_rf": 0.7279999852180481, "p_xgb": 0.9970351457595825, "date": "2026-02-19"}}, {"type": "Feature", "geometry": {"type": "Point", "coordinates": [-82.72500000169202, 35.700000000569005]}, "properties": {"p_logistic": 0.4816567301750183, "p_rf": 0.7300000190734863, "p_xgb": 0.9970351457595825, "date": "2026-02-19"}}, {"type": "Feature", "geometry": {"type": "Point", "coordinates": [-82.71666666835901, 35.700000000569005]}, "properties": {"p_logistic": 0.4817639887332916, "p_rf": 0.722000002861023, "p_xgb": 0.997524082660675, "date": "2026-02-19"}}, {"type": "Feature", "geometry": {"type": "Point", "coordinates": [-82.70833333502603, 35.700000000569005]}, "properties": {"p_logistic": 0.4817010462284088, "p_rf": 0.7200000286102295, "p_xgb": 0.9971541166305542, "date": "2026-02-19"}}, {"type": "Feature", "geometry": {"type": "Point", "coordinates": [-82.70000000169301, 35.700000000569005]}, "properties": {"p_logistic": 0.48130181431770325, "p_rf": 0.7080000042915344, "p_xgb": 0.9971541166305542, "date": "2026-02-19"}}, {"type": "Feature", "geometry": {"type": "Point", "coordinates": [-82.69166666836001, 35.700000000569005]}, "properties": {"p_logistic": 0.48096510767936707, "p_rf": 0.7039999961853027, "p_xgb": 0.9971541166305542, "date": "2026-02-19"}}, {"type": "Feature", "geometry": {"type": "Point", "coordinates": [-82.68333333502702, 35.700000000569005]}, "properties": {"p_logistic": 0.4805739223957062, "p_rf": 0.6880000233650208, "p_xgb": 0.9959149956703186, "date": "2026-02-19"}}, {"type": "Feature", "geometry": {"type": "Point", "coordinates": [-82.67500000169402, 35.700000000569005]}, "properties": {"p_logistic": 0.48099708557128906, "p_rf": 0.6840000152587891, "p_xgb": 0.995712161064148, "date": "2026-02-19"}}, {"type": "Feature", "geometry": {"type": "Point", "coordinates": [-82.66666666836102, 35.700000000569005]}, "properties": {"p_logistic": 0.4814983308315277, "p_rf": 0.6759999990463257, "p_xgb": 0.995712161064148, "date": "2026-02-19"}}, {"type": "Feature", "geometry": {"type": "Point", "coordinates": [-82.65833333502802, 35.700000000569005]}, "properties": {"p_logistic": 0.48216569423675537, "p_rf": 0.6819999814033508, "p_xgb": 0.9849092364311218, "date": "2026-02-19"}}, {"type": "Feature", "geometry": {"type": "Point", "coordinates": [-82.65000000169502, 35.700000000569005]}, "properties": {"p_logistic": 0.4827072322368622, "p_rf": 0.6539999842643738, "p_xgb": 0.9798110127449036, "date": "2026-02-19"}}, {"type": "Feature", "geometry": {"type": "Point", "coordinates": [-82.64166666836202, 35.700000000569005]}, "properties": {"p_logistic": 0.4828507900238037, "p_rf": 0.6460000276565552, "p_xgb": 0.9770809412002563, "date": "2026-02-19"}}, {"type": "Feature", "geometry": {"type": "Point", "coordinates": [-82.63333333502902, 35.700000000569005]}, "properties": {"p_logistic": 0.4827260971069336, "p_rf": 0.6380000114440918, "p_xgb": 0.9726648330688477, "date": "2026-02-19"}}, {"type": "Feature", "geometry": {"type": "Point", "coordinates": [-82.62500000169601, 35.700000000569005]}, "properties": {"p_logistic": 0.48282498121261597, "p_rf": 0.6399999856948853, "p_xgb": 0.9726648330688477, "date": "2026-02-19"}}, {"type": "Feature", "geometry": {"type": "Point", "coordinates": [-82.61666666836302, 35.700000000569005]}, "properties": {"p_logistic": 0.4833579957485199, "p_rf": 0.6439999938011169, "p_xgb": 0.9759079217910767, "date": "2026-02-19"}}, {"type": "Feature", "geometry": {"type": "Point", "coordinates": [-82.60833333503001, 35.700000000569005]}, "properties": {"p_logistic": 0.4836205244064331, "p_rf": 0.6679999828338623, "p_xgb": 0.995712161064148, "date": "2026-02-19"}}, {"type": "Feature", "geometry": {"type": "Point", "coordinates": [-82.60000000169703, 35.700000000569005]}, "properties": {"p_logistic": 0.48350176215171814, "p_rf": 0.6819999814033508, "p_xgb": 0.9959149956703186, "date": "2026-02-19"}}, {"type": "Feature", "geometry": {"type": "Point", "coordinates": [-82.59166666836401, 35.700000000569005]}, "properties": {"p_logistic": 0.4826350212097168, "p_rf": 0.6880000233650208, "p_xgb": 0.9959149956703186, "date": "2026-02-19"}}, {"type": "Feature", "geometry": {"type": "Point", "coordinates": [-82.58333333503101, 35.700000000569005]}, "properties": {"p_logistic": 0.4811985194683075, "p_rf": 0.6880000233650208, "p_xgb": 0.9959149956703186, "date": "2026-02-19"}}, {"type": "Feature", "geometry": {"type": "Point", "coordinates": [-82.57500000169802, 35.700000000569005]}, "properties": {"p_logistic": 0.47934621572494507, "p_rf": 0.6959999799728394, "p_xgb": 0.9955033659934998, "date": "2026-02-19"}}, {"type": "Feature", "geometry": {"type": "Point", "coordinates": [-82.56666666836502, 35.700000000569005]}, "properties": {"p_logistic": 0.4779505431652069, "p_rf": 0.6959999799728394, "p_xgb": 0.9956113696098328, "date": "2026-02-19"}}, {"type": "Feature", "geometry": {"type": "Point", "coordinates": [-82.55833333503202, 35.700000000569005]}, "properties": {"p_logistic": 0.4771362543106079, "p_rf": 0.6959999799728394, "p_xgb": 0.994949460029602, "date": "2026-02-19"}}, {"type": "Feature", "geometry": {"type": "Point", "coordinates": [-82.55000000169902, 35.700000000569005]}, "properties": {"p_logistic": 0.4765627682209015, "p_rf": 0.6940000057220459, "p_xgb": 0.9939854741096497, "date": "2026-02-19"}}, {"type": "Feature", "geometry": {"type": "Point", "coordinates": [-82.54166666836602, 35.700000000569005]}, "properties": {"p_logistic": 0.47600963711738586, "p_rf": 0.6859999895095825, "p_xgb": 0.9942485094070435, "date": "2026-02-19"}}, {"type": "Feature", "geometry": {"type": "Point", "coordinates": [-82.53333333503302, 35.700000000569005]}, "properties": {"p_logistic": 0.47504040598869324, "p_rf": 0.6880000233650208, "p_xgb": 0.9942485094070435, "date": "2026-02-19"}}, {"type": "Feature", "geometry": {"type": "Point", "coordinates": [-82.52500000170002, 35.700000000569005]}, "properties": {"p_logistic": 0.4737105965614319, "p_rf": 0.6759999990463257, "p_xgb": 0.9884922504425049, "date": "2026-02-19"}}, {"type": "Feature", "geometry": {"type": "Point", "coordinates": [-82.51666666836701, 35.700000000569005]}, "properties": {"p_logistic": 0.47292160987854004, "p_rf": 0.6759999990463257, "p_xgb": 0.9890329837799072, "date": "2026-02-19"}}, {"type": "Feature", "geometry": {"type": "Point", "coordinates": [-82.50833333503402, 35.700000000569005]}, "properties": {"p_logistic": 0.4723224341869354, "p_rf": 0.6740000247955322, "p_xgb": 0.9888420104980469, "date": "2026-02-19"}}, {"type": "Feature", "geometry": {"type": "Point", "coordinates": [-82.50000000170101, 35.700000000569005]}, "properties": {"p_logistic": 0.4716120958328247, "p_rf": 0.6399999856948853, "p_xgb": 0.9878053665161133, "date": "2026-02-19"}}, {"type": "Feature", "geometry": {"type": "Point", "coordinates": [-82.49166666836803, 35.700000000569005]}, "properties": {"p_logistic": 0.47121644020080566, "p_rf": 0.6359999775886536, "p_xgb": 0.9883779883384705, "date": "2026-02-19"}}, {"type": "Feature", "geometry": {"type": "Point", "coordinates": [-82.48333333503501, 35.700000000569005]}, "properties": {"p_logistic": 0.4707445502281189, "p_rf": 0.6359999775886536, "p_xgb": 0.9883779883384705, "date": "2026-02-19"}}, {"type": "Feature", "geometry": {"type": "Point", "coordinates": [-82.47500000170201, 35.700000000569005]}, "properties": {"p_logistic": 0.46977171301841736, "p_rf": 0.6140000224113464, "p_xgb": 0.9832379817962646, "date": "2026-02-19"}}, {"type": "Feature", "geometry": {"type": "Point", "coordinates": [-82.46666666836902, 35.700000000569005]}, "properties": {"p_logistic": 0.4687047004699707, "p_rf": 0.5659999847412109, "p_xgb": 0.9832379817962646, "date": "2026-02-19"}}, {"type": "Feature", "geometry": {"type": "Point", "coordinates": [-82.45833333503602, 35.700000000569005]}, "properties": {"p_logistic": 0.46649184823036194, "p_rf": 0.5379999876022339, "p_xgb": 0.9773555994033813, "date": "2026-02-19"}}, {"type": "Feature", "geometry": {"type": "Point", "coordinates": [-82.45000000170302, 35.700000000569005]}, "properties": {"p_logistic": 0.46460211277008057, "p_rf": 0.5540000200271606, "p_xgb": 0.9911619424819946, "date": "2026-02-19"}}, {"type": "Feature", "geometry": {"type": "Point", "coordinates": [-82.44166666837002, 35.700000000569005]}, "properties": {"p_logistic": 0.46316567063331604, "p_rf": 0.6039999723434448, "p_xgb": 0.9927346706390381, "date": "2026-02-19"}}, {"type": "Feature", "geometry": {"type": "Point", "coordinates": [-82.43333333503702, 35.700000000569005]}, "properties": {"p_logistic": 0.4623594880104065, "p_rf": 0.6800000071525574, "p_xgb": 0.9922010898590088, "date": "2026-02-19"}}, {"type": "Feature", "geometry": {"type": "Point", "coordinates": [-82.42500000170402, 35.700000000569005]}, "properties": {"p_logistic": 0.46472978591918945, "p_rf": 0.7160000205039978, "p_xgb": 0.9952666759490967, "date": "2026-02-19"}}, {"type": "Feature", "geometry": {"type": "Point", "coordinates": [-82.41666666837102, 35.700000000569005]}, "properties": {"p_logistic": 0.4659629166126251, "p_rf": 0.7900000214576721, "p_xgb": 0.9988112449645996, "date": "2026-02-19"}}, {"type": "Feature", "geometry": {"type": "Point", "coordinates": [-82.40833333503801, 35.700000000569005]}, "properties": {"p_logistic": 0.4658818244934082, "p_rf": 0.8460000157356262, "p_xgb": 0.9988112449645996, "date": "2026-02-19"}}, {"type": "Feature", "geometry": {"type": "Point", "coordinates": [-82.40000000170502, 35.700000000569005]}, "properties": {"p_logistic": 0.4658398926258087, "p_rf": 0.7720000147819519, "p_xgb": 0.998481810092926, "date": "2026-02-19"}}, {"type": "Feature", "geometry": {"type": "Point", "coordinates": [-82.39166666837201, 35.700000000569005]}, "properties": {"p_logistic": 0.46695730090141296, "p_rf": 0.7059999704360962, "p_xgb": 0.9874621033668518, "date": "2026-02-19"}}, {"type": "Feature", "geometry": {"type": "Point", "coordinates": [-82.38333333503903, 35.700000000569005]}, "properties": {"p_logistic": 0.46835413575172424, "p_rf": 0.656000018119812, "p_xgb": 0.98052978515625, "date": "2026-02-19"}}, {"type": "Feature", "geometry": {"type": "Point", "coordinates": [-82.37500000170601, 35.700000000569005]}, "properties": {"p_logistic": 0.47086000442504883, "p_rf": 0.550000011920929, "p_xgb": 0.978960394859314, "date": "2026-02-19"}}, {"type": "Feature", "geometry": {"type": "Point", "coordinates": [-82.36666666837301, 35.700000000569005]}, "properties": {"p_logistic": 0.473867267370224, "p_rf": 0.5220000147819519, "p_xgb": 0.9723097085952759, "date": "2026-02-19"}}, {"type": "Feature", "geometry": {"type": "Point", "coordinates": [-82.35833333504002, 35.700000000569005]}, "properties": {"p_logistic": 0.4758240580558777, "p_rf": 0.5180000066757202, "p_xgb": 0.972939670085907, "date": "2026-02-19"}}, {"type": "Feature", "geometry": {"type": "Point", "coordinates": [-82.35000000170702, 35.700000000569005]}, "properties": {"p_logistic": 0.47561773657798767, "p_rf": 0.5180000066757202, "p_xgb": 0.9737798571586609, "date": "2026-02-19"}}, {"type": "Feature", "geometry": {"type": "Point", "coordinates": [-82.34166666837402, 35.700000000569005]}, "properties": {"p_logistic": 0.474839985370636, "p_rf": 0.5180000066757202, "p_xgb": 0.9737798571586609, "date": "2026-02-19"}}, {"type": "Feature", "geometry": {"type": "Point", "coordinates": [-82.33333333504102, 35.700000000569005]}, "properties": {"p_logistic": 0.4762939214706421, "p_rf": 0.5180000066757202, "p_xgb": 0.9737798571586609, "date": "2026-02-19"}}, {"type": "Feature", "geometry": {"type": "Point", "coordinates": [-82.32500000170802, 35.700000000569005]}, "properties": {"p_logistic": 0.4780685603618622, "p_rf": 0.550000011920929, "p_xgb": 0.9756783246994019, "date": "2026-02-19"}}, {"type": "Feature", "geometry": {"type": "Point", "coordinates": [-82.31666666837502, 35.700000000569005]}, "properties": {"p_logistic": 0.4803212285041809, "p_rf": 0.5419999957084656, "p_xgb": 0.9739563465118408, "date": "2026-02-19"}}, {"type": "Feature", "geometry": {"type": "Point", "coordinates": [-82.30833333504202, 35.700000000569005]}, "properties": {"p_logistic": 0.48137080669403076, "p_rf": 0.38199999928474426, "p_xgb": 0.9710515141487122, "date": "2026-02-19"}}, {"type": "Feature", "geometry": {"type": "Point", "coordinates": [-82.30000000170901, 35.700000000569005]}, "properties": {"p_logistic": 0.4840511381626129, "p_rf": 0.3479999899864197, "p_xgb": 0.9654695987701416, "date": "2026-02-19"}}, {"type": "Feature", "geometry": {"type": "Point", "coordinates": [-82.29166666837602, 35.700000000569005]}, "properties": {"p_logistic": 0.4869534373283386, "p_rf": 0.34599998593330383, "p_xgb": 0.9615641832351685, "date": "2026-02-19"}}, {"type": "Feature", "geometry": {"type": "Point", "coordinates": [-82.28333333504301, 35.700000000569005]}, "properties": {"p_logistic": 0.4878554046154022, "p_rf": 0.34599998593330383, "p_xgb": 0.9659628868103027, "date": "2026-02-19"}}, {"type": "Feature", "geometry": {"type": "Point", "coordinates": [-82.85833333502002, 35.69166666723601]}, "properties": {"p_logistic": 0.46969637274742126, "p_rf": 0.6959999799728394, "p_xgb": 0.9930385947227478, "date": "2026-02-19"}}, {"type": "Feature", "geometry": {"type": "Point", "coordinates": [-82.85000000168702, 35.69166666723601]}, "properties": {"p_logistic": 0.4704805910587311, "p_rf": 0.7639999985694885, "p_xgb": 0.9982461929321289, "date": "2026-02-19"}}, {"type": "Feature", "geometry": {"type": "Point", "coordinates": [-82.84166666835401, 35.69166666723601]}, "properties": {"p_logistic": 0.4708050489425659, "p_rf": 0.7319999933242798, "p_xgb": 0.9970446228981018, "date": "2026-02-19"}}, {"type": "Feature", "geometry": {"type": "Point", "coordinates": [-82.83333333502102, 35.69166666723601]}, "properties": {"p_logistic": 0.47109130024909973, "p_rf": 0.7139999866485596, "p_xgb": 0.9890311360359192, "date": "2026-02-19"}}, {"type": "Feature", "geometry": {"type": "Point", "coordinates": [-82.79166666835602, 35.69166666723601]}, "properties": {"p_logistic": 0.4780535101890564, "p_rf": 0.7300000190734863, "p_xgb": 0.9974192380905151, "date": "2026-02-19"}}, {"type": "Feature", "geometry": {"type": "Point", "coordinates": [-82.78333333502302, 35.69166666723601]}, "properties": {"p_logistic": 0.4788806140422821, "p_rf": 0.7279999852180481, "p_xgb": 0.9974192380905151, "date": "2026-02-19"}}, {"type": "Feature", "geometry": {"type": "Point", "coordinates": [-82.77500000169002, 35.69166666723601]}, "properties": {"p_logistic": 0.47985100746154785, "p_rf": 0.7279999852180481, "p_xgb": 0.9975885152816772, "date": "2026-02-19"}}, {"type": "Feature", "geometry": {"type": "Point", "coordinates": [-82.76666666835702, 35.69166666723601]}, "properties": {"p_logistic": 0.48129457235336304, "p_rf": 0.7279999852180481, "p_xgb": 0.9975885152816772, "date": "2026-02-19"}}, {"type": "Feature", "geometry": {"type": "Point", "coordinates": [-82.75833333502402, 35.69166666723601]}, "properties": {"p_logistic": 0.48229679465293884, "p_rf": 0.7319999933242798, "p_xgb": 0.9975885152816772, "date": "2026-02-19"}}, {"type": "Feature", "geometry": {"type": "Point", "coordinates": [-82.75000000169102, 35.69166666723601]}, "properties": {"p_logistic": 0.4826880693435669, "p_rf": 0.7319999933242798, "p_xgb": 0.9975885152816772, "date": "2026-02-19"}}, {"type": "Feature", "geometry": {"type": "Point", "coordinates": [-82.74166666835802, 35.69166666723601]}, "properties": {"p_logistic": 0.48257777094841003, "p_rf": 0.7300000190734863, "p_xgb": 0.9975885152816772, "date": "2026-02-19"}}, {"type": "Feature", "geometry": {"type": "Point", "coordinates": [-82.73333333502501, 35.69166666723601]}, "properties": {"p_logistic": 0.48239898681640625, "p_rf": 0.7279999852180481, "p_xgb": 0.9975885152816772, "date": "2026-02-19"}}, {"type": "Feature", "geometry": {"type": "Point", "coordinates": [-82.72500000169202, 35.69166666723601]}, "properties": {"p_logistic": 0.4823625981807709, "p_rf": 0.722000002861023, "p_xgb": 0.9975885152816772, "date": "2026-02-19"}}, {"type": "Feature", "geometry": {"type": "Point", "coordinates": [-82.71666666835901, 35.69166666723601]}, "properties": {"p_logistic": 0.4823831617832184, "p_rf": 0.7080000042915344, "p_xgb": 0.9972280859947205, "date": "2026-02-19"}}, {"type": "Feature", "geometry": {"type": "Point", "coordinates": [-82.70833333502603, 35.69166666723601]}, "properties": {"p_logistic": 0.4823804795742035, "p_rf": 0.7020000219345093, "p_xgb": 0.9972280859947205, "date": "2026-02-19"}}, {"type": "Feature", "geometry": {"type": "Point", "coordinates": [-82.70000000169301, 35.69166666723601]}, "properties": {"p_logistic": 0.48213741183280945, "p_rf": 0.7020000219345093, "p_xgb": 0.9972280859947205, "date": "2026-02-19"}}, {"type": "Feature", "geometry": {"type": "Point", "coordinates": [-82.69166666836001, 35.69166666723601]}, "properties": {"p_logistic": 0.48175254464149475, "p_rf": 0.7020000219345093, "p_xgb": 0.9972280859947205, "date": "2026-02-19"}}, {"type": "Feature", "geometry": {"type": "Point", "coordinates": [-82.68333333502702, 35.69166666723601]}, "properties": {"p_logistic": 0.48138248920440674, "p_rf": 0.6859999895095825, "p_xgb": 0.9964185953140259, "date": "2026-02-19"}}, {"type": "Feature", "geometry": {"type": "Point", "coordinates": [-82.67500000169402, 35.69166666723601]}, "properties": {"p_logistic": 0.48147374391555786, "p_rf": 0.6679999828338623, "p_xgb": 0.995712161064148, "date": "2026-02-19"}}, {"type": "Feature", "geometry": {"type": "Point", "coordinates": [-82.66666666836102, 35.69166666723601]}, "properties": {"p_logistic": 0.4820432662963867, "p_rf": 0.671999990940094, "p_xgb": 0.995712161064148, "date": "2026-02-19"}}, {"type": "Feature", "geometry": {"type": "Point", "coordinates": [-82.65833333502802, 35.69166666723601]}, "properties": {"p_logistic": 0.4825415015220642, "p_rf": 0.6740000247955322, "p_xgb": 0.9849092364311218, "date": "2026-02-19"}}, {"type": "Feature", "geometry": {"type": "Point", "coordinates": [-82.65000000169502, 35.69166666723601]}, "properties": {"p_logistic": 0.4832494556903839, "p_rf": 0.6380000114440918, "p_xgb": 0.9798110127449036, "date": "2026-02-19"}}, {"type": "Feature", "geometry": {"type": "Point", "coordinates": [-82.64166666836202, 35.69166666723601]}, "properties": {"p_logistic": 0.483650267124176, "p_rf": 0.6399999856948853, "p_xgb": 0.9770809412002563, "date": "2026-02-19"}}, {"type": "Feature", "geometry": {"type": "Point", "coordinates": [-82.63333333502902, 35.69166666723601]}, "properties": {"p_logistic": 0.48347532749176025, "p_rf": 0.6380000114440918, "p_xgb": 0.9770809412002563, "date": "2026-02-19"}}, {"type": "Feature", "geometry": {"type": "Point", "coordinates": [-82.62500000169601, 35.69166666723601]}, "properties": {"p_logistic": 0.48354461789131165, "p_rf": 0.6359999775886536, "p_xgb": 0.9770809412002563, "date": "2026-02-19"}}, {"type": "Feature", "geometry": {"type": "Point", "coordinates": [-82.61666666836302, 35.69166666723601]}, "properties": {"p_logistic": 0.4840605854988098, "p_rf": 0.6359999775886536, "p_xgb": 0.9798110127449036, "date": "2026-02-19"}}, {"type": "Feature", "geometry": {"type": "Point", "coordinates": [-82.60833333503001, 35.69166666723601]}, "properties": {"p_logistic": 0.4845878779888153, "p_rf": 0.671999990940094, "p_xgb": 0.9964185953140259, "date": "2026-02-19"}}, {"type": "Feature", "geometry": {"type": "Point", "coordinates": [-82.60000000169703, 35.69166666723601]}, "properties": {"p_logistic": 0.4847187399864197, "p_rf": 0.6919999718666077, "p_xgb": 0.9965881109237671, "date": "2026-02-19"}}, {"type": "Feature", "geometry": {"type": "Point", "coordinates": [-82.59166666836401, 35.69166666723601]}, "properties": {"p_logistic": 0.48391851782798767, "p_rf": 0.699999988079071, "p_xgb": 0.9965881109237671, "date": "2026-02-19"}}, {"type": "Feature", "geometry": {"type": "Point", "coordinates": [-82.58333333503101, 35.69166666723601]}, "properties": {"p_logistic": 0.4822303354740143, "p_rf": 0.7059999704360962, "p_xgb": 0.9972280859947205, "date": "2026-02-19"}}, {"type": "Feature", "geometry": {"type": "Point", "coordinates": [-82.57500000169802, 35.69166666723601]}, "properties": {"p_logistic": 0.4800434708595276, "p_rf": 0.7039999961853027, "p_xgb": 0.9971541166305542, "date": "2026-02-19"}}, {"type": "Feature", "geometry": {"type": "Point", "coordinates": [-82.56666666836502, 35.69166666723601]}, "properties": {"p_logistic": 0.4785378575325012, "p_rf": 0.7020000219345093, "p_xgb": 0.9971541166305542, "date": "2026-02-19"}}, {"type": "Feature", "geometry": {"type": "Point", "coordinates": [-82.55833333503202, 35.69166666723601]}, "properties": {"p_logistic": 0.47773122787475586, "p_rf": 0.7020000219345093, "p_xgb": 0.9964228272438049, "date": "2026-02-19"}}, {"type": "Feature", "geometry": {"type": "Point", "coordinates": [-82.55000000169902, 35.69166666723601]}, "properties": {"p_logistic": 0.47728464007377625, "p_rf": 0.7020000219345093, "p_xgb": 0.9957861304283142, "date": "2026-02-19"}}, {"type": "Feature", "geometry": {"type": "Point", "coordinates": [-82.54166666836602, 35.69166666723601]}, "properties": {"p_logistic": 0.47699201107025146, "p_rf": 0.7020000219345093, "p_xgb": 0.9957861304283142, "date": "2026-02-19"}}, {"type": "Feature", "geometry": {"type": "Point", "coordinates": [-82.53333333503302, 35.69166666723601]}, "properties": {"p_logistic": 0.4764663875102997, "p_rf": 0.699999988079071, "p_xgb": 0.9949808716773987, "date": "2026-02-19"}}, {"type": "Feature", "geometry": {"type": "Point", "coordinates": [-82.52500000170002, 35.69166666723601]}, "properties": {"p_logistic": 0.47558996081352234, "p_rf": 0.6959999799728394, "p_xgb": 0.994520366191864, "date": "2026-02-19"}}, {"type": "Feature", "geometry": {"type": "Point", "coordinates": [-82.51666666836701, 35.69166666723601]}, "properties": {"p_logistic": 0.47505486011505127, "p_rf": 0.6899999976158142, "p_xgb": 0.9933986663818359, "date": "2026-02-19"}}, {"type": "Feature", "geometry": {"type": "Point", "coordinates": [-82.50833333503402, 35.69166666723601]}, "properties": {"p_logistic": 0.4744548499584198, "p_rf": 0.6800000071525574, "p_xgb": 0.9890329837799072, "date": "2026-02-19"}}, {"type": "Feature", "geometry": {"type": "Point", "coordinates": [-82.50000000170101, 35.69166666723601]}, "properties": {"p_logistic": 0.47362062335014343, "p_rf": 0.6779999732971191, "p_xgb": 0.9890329837799072, "date": "2026-02-19"}}, {"type": "Feature", "geometry": {"type": "Point", "coordinates": [-82.49166666836803, 35.69166666723601]}, "properties": {"p_logistic": 0.47265031933784485, "p_rf": 0.6639999747276306, "p_xgb": 0.9889261722564697, "date": "2026-02-19"}}, {"type": "Feature", "geometry": {"type": "Point", "coordinates": [-82.48333333503501, 35.69166666723601]}, "properties": {"p_logistic": 0.4717470109462738, "p_rf": 0.6600000262260437, "p_xgb": 0.9898774027824402, "date": "2026-02-19"}}, {"type": "Feature", "geometry": {"type": "Point", "coordinates": [-82.47500000170201, 35.69166666723601]}, "properties": {"p_logistic": 0.47034063935279846, "p_rf": 0.6460000276565552, "p_xgb": 0.9832379817962646, "date": "2026-02-19"}}, {"type": "Feature", "geometry": {"type": "Point", "coordinates": [-82.46666666836902, 35.69166666723601]}, "properties": {"p_logistic": 0.4689246118068695, "p_rf": 0.578000009059906, "p_xgb": 0.9832379817962646, "date": "2026-02-19"}}, {"type": "Feature", "geometry": {"type": "Point", "coordinates": [-82.45833333503602, 35.69166666723601]}, "properties": {"p_logistic": 0.4670632481575012, "p_rf": 0.5540000200271606, "p_xgb": 0.9829713702201843, "date": "2026-02-19"}}, {"type": "Feature", "geometry": {"type": "Point", "coordinates": [-82.45000000170302, 35.69166666723601]}, "properties": {"p_logistic": 0.46534979343414307, "p_rf": 0.5559999942779541, "p_xgb": 0.9913480877876282, "date": "2026-02-19"}}, {"type": "Feature", "geometry": {"type": "Point", "coordinates": [-82.44166666837002, 35.69166666723601]}, "properties": {"p_logistic": 0.4642343521118164, "p_rf": 0.5820000171661377, "p_xgb": 0.9927346706390381, "date": "2026-02-19"}}, {"type": "Feature", "geometry": {"type": "Point", "coordinates": [-82.43333333503702, 35.69166666723601]}, "properties": {"p_logistic": 0.46317893266677856, "p_rf": 0.6499999761581421, "p_xgb": 0.9919806718826294, "date": "2026-02-19"}}, {"type": "Feature", "geometry": {"type": "Point", "coordinates": [-82.42500000170402, 35.69166666723601]}, "properties": {"p_logistic": 0.4634604752063751, "p_rf": 0.7059999704360962, "p_xgb": 0.9903938174247742, "date": "2026-02-19"}}, {"type": "Feature", "geometry": {"type": "Point", "coordinates": [-82.41666666837102, 35.69166666723601]}, "properties": {"p_logistic": 0.4649588465690613, "p_rf": 0.7239999771118164, "p_xgb": 0.9983144998550415, "date": "2026-02-19"}}, {"type": "Feature", "geometry": {"type": "Point", "coordinates": [-82.40833333503801, 35.69166666723601]}, "properties": {"p_logistic": 0.46556246280670166, "p_rf": 0.8740000128746033, "p_xgb": 0.9988112449645996, "date": "2026-02-19"}}, {"type": "Feature", "geometry": {"type": "Point", "coordinates": [-82.40000000170502, 35.69166666723601]}, "properties": {"p_logistic": 0.4663725793361664, "p_rf": 0.7860000133514404, "p_xgb": 0.9987820982933044, "date": "2026-02-19"}}, {"type": "Feature", "geometry": {"type": "Point", "coordinates": [-82.39166666837201, 35.69166666723601]}, "properties": {"p_logistic": 0.4674346148967743, "p_rf": 0.7099999785423279, "p_xgb": 0.991751492023468, "date": "2026-02-19"}}, {"type": "Feature", "geometry": {"type": "Point", "coordinates": [-82.38333333503903, 35.69166666723601]}, "properties": {"p_logistic": 0.4689072072505951, "p_rf": 0.6660000085830688, "p_xgb": 0.983656644821167, "date": "2026-02-19"}}, {"type": "Feature", "geometry": {"type": "Point", "coordinates": [-82.37500000170601, 35.69166666723601]}, "properties": {"p_logistic": 0.4714336693286896, "p_rf": 0.5759999752044678, "p_xgb": 0.9831686019897461, "date": "2026-02-19"}}, {"type": "Feature", "geometry": {"type": "Point", "coordinates": [-82.36666666837301, 35.69166666723601]}, "properties": {"p_logistic": 0.473999947309494, "p_rf": 0.5299999713897705, "p_xgb": 0.9823347330093384, "date": "2026-02-19"}}, {"type": "Feature", "geometry": {"type": "Point", "coordinates": [-82.35833333504002, 35.69166666723601]}, "properties": {"p_logistic": 0.4763484597206116, "p_rf": 0.5180000066757202, "p_xgb": 0.9770341515541077, "date": "2026-02-19"}}, {"type": "Feature", "geometry": {"type": "Point", "coordinates": [-82.35000000170702, 35.69166666723601]}, "properties": {"p_logistic": 0.47648030519485474, "p_rf": 0.515999972820282, "p_xgb": 0.9770341515541077, "date": "2026-02-19"}}, {"type": "Feature", "geometry": {"type": "Point", "coordinates": [-82.34166666837402, 35.69166666723601]}, "properties": {"p_logistic": 0.475480318069458, "p_rf": 0.5220000147819519, "p_xgb": 0.9770341515541077, "date": "2026-02-19"}}, {"type": "Feature", "geometry": {"type": "Point", "coordinates": [-82.33333333504102, 35.69166666723601]}, "properties": {"p_logistic": 0.47544628381729126, "p_rf": 0.5040000081062317, "p_xgb": 0.9805085062980652, "date": "2026-02-19"}}, {"type": "Feature", "geometry": {"type": "Point", "coordinates": [-82.32500000170802, 35.69166666723601]}, "properties": {"p_logistic": 0.477431058883667, "p_rf": 0.515999972820282, "p_xgb": 0.9770341515541077, "date": "2026-02-19"}}, {"type": "Feature", "geometry": {"type": "Point", "coordinates": [-82.31666666837502, 35.69166666723601]}, "properties": {"p_logistic": 0.4797491729259491, "p_rf": 0.5460000038146973, "p_xgb": 0.9796130657196045, "date": "2026-02-19"}}, {"type": "Feature", "geometry": {"type": "Point", "coordinates": [-82.30833333504202, 35.69166666723601]}, "properties": {"p_logistic": 0.4814452826976776, "p_rf": 0.5540000200271606, "p_xgb": 0.9724797010421753, "date": "2026-02-19"}}, {"type": "Feature", "geometry": {"type": "Point", "coordinates": [-82.30000000170901, 35.69166666723601]}, "properties": {"p_logistic": 0.4832647740840912, "p_rf": 0.4880000054836273, "p_xgb": 0.9739563465118408, "date": "2026-02-19"}}, {"type": "Feature", "geometry": {"type": "Point", "coordinates": [-82.29166666837602, 35.69166666723601]}, "properties": {"p_logistic": 0.48560479283332825, "p_rf": 0.3499999940395355, "p_xgb": 0.9693622589111328, "date": "2026-02-19"}}, {"type": "Feature", "geometry": {"type": "Point", "coordinates": [-82.87500000168602, 35.68333333390301]}, "properties": {"p_logistic": 0.4676656424999237, "p_rf": 0.6600000262260437, "p_xgb": 0.9918981790542603, "date": "2026-02-19"}}, {"type": "Feature", "geometry": {"type": "Point", "coordinates": [-82.86666666835302, 35.68333333390301]}, "properties": {"p_logistic": 0.46897953748703003, "p_rf": 0.6940000057220459, "p_xgb": 0.9927335977554321, "date": "2026-02-19"}}, {"type": "Feature", "geometry": {"type": "Point", "coordinates": [-82.85833333502002, 35.68333333390301]}, "properties": {"p_logistic": 0.470908522605896, "p_rf": 0.7620000243186951, "p_xgb": 0.99601149559021, "date": "2026-02-19"}}, {"type": "Feature", "geometry": {"type": "Point", "coordinates": [-82.85000000168702, 35.68333333390301]}, "properties": {"p_logistic": 0.47235044836997986, "p_rf": 0.8140000104904175, "p_xgb": 0.9971629977226257, "date": "2026-02-19"}}, {"type": "Feature", "geometry": {"type": "Point", "coordinates": [-82.84166666835401, 35.68333333390301]}, "properties": {"p_logistic": 0.47341591119766235, "p_rf": 0.7540000081062317, "p_xgb": 0.9960466027259827, "date": "2026-02-19"}}, {"type": "Feature", "geometry": {"type": "Point", "coordinates": [-82.83333333502102, 35.68333333390301]}, "properties": {"p_logistic": 0.4735008180141449, "p_rf": 0.7179999947547913, "p_xgb": 0.9920766353607178, "date": "2026-02-19"}}, {"type": "Feature", "geometry": {"type": "Point", "coordinates": [-82.82500000168801, 35.68333333390301]}, "properties": {"p_logistic": 0.47413572669029236, "p_rf": 0.7160000205039978, "p_xgb": 0.9919270277023315, "date": "2026-02-19"}}, {"type": "Feature", "geometry": {"type": "Point", "coordinates": [-82.81666666835503, 35.68333333390301]}, "properties": {"p_logistic": 0.4755651354789734, "p_rf": 0.734000027179718, "p_xgb": 0.9946817755699158, "date": "2026-02-19"}}, {"type": "Feature", "geometry": {"type": "Point", "coordinates": [-82.80833333502201, 35.68333333390301]}, "properties": {"p_logistic": 0.47684144973754883, "p_rf": 0.7360000014305115, "p_xgb": 0.996889054775238, "date": "2026-02-19"}}, {"type": "Feature", "geometry": {"type": "Point", "coordinates": [-82.80000000168901, 35.68333333390301]}, "properties": {"p_logistic": 0.4780937731266022, "p_rf": 0.7319999933242798, "p_xgb": 0.9974192380905151, "date": "2026-02-19"}}, {"type": "Feature", "geometry": {"type": "Point", "coordinates": [-82.79166666835602, 35.68333333390301]}, "properties": {"p_logistic": 0.47903093695640564, "p_rf": 0.7279999852180481, "p_xgb": 0.9974192380905151, "date": "2026-02-19"}}, {"type": "Feature", "geometry": {"type": "Point", "coordinates": [-82.78333333502302, 35.68333333390301]}, "properties": {"p_logistic": 0.479745090007782, "p_rf": 0.7260000109672546, "p_xgb": 0.9974192380905151, "date": "2026-02-19"}}, {"type": "Feature", "geometry": {"type": "Point", "coordinates": [-82.77500000169002, 35.68333333390301]}, "properties": {"p_logistic": 0.4806910753250122, "p_rf": 0.7260000109672546, "p_xgb": 0.9975885152816772, "date": "2026-02-19"}}, {"type": "Feature", "geometry": {"type": "Point", "coordinates": [-82.76666666835702, 35.68333333390301]}, "properties": {"p_logistic": 0.48191380500793457, "p_rf": 0.7260000109672546, "p_xgb": 0.9975885152816772, "date": "2026-02-19"}}, {"type": "Feature", "geometry": {"type": "Point", "coordinates": [-82.75833333502402, 35.68333333390301]}, "properties": {"p_logistic": 0.4826696217060089, "p_rf": 0.7260000109672546, "p_xgb": 0.9975885152816772, "date": "2026-02-19"}}, {"type": "Feature", "geometry": {"type": "Point", "coordinates": [-82.75000000169102, 35.68333333390301]}, "properties": {"p_logistic": 0.4828283190727234, "p_rf": 0.7260000109672546, "p_xgb": 0.9975885152816772, "date": "2026-02-19"}}, {"type": "Feature", "geometry": {"type": "Point", "coordinates": [-82.74166666835802, 35.68333333390301]}, "properties": {"p_logistic": 0.4826609492301941, "p_rf": 0.7239999771118164, "p_xgb": 0.9983332753181458, "date": "2026-02-19"}}, {"type": "Feature", "geometry": {"type": "Point", "coordinates": [-82.73333333502501, 35.68333333390301]}, "properties": {"p_logistic": 0.4824892580509186, "p_rf": 0.722000002861023, "p_xgb": 0.9983332753181458, "date": "2026-02-19"}}, {"type": "Feature", "geometry": {"type": "Point", "coordinates": [-82.72500000169202, 35.68333333390301]}, "properties": {"p_logistic": 0.4824793040752411, "p_rf": 0.6980000138282776, "p_xgb": 0.9980839490890503, "date": "2026-02-19"}}, {"type": "Feature", "geometry": {"type": "Point", "coordinates": [-82.71666666835901, 35.68333333390301]}, "properties": {"p_logistic": 0.48266515135765076, "p_rf": 0.6980000138282776, "p_xgb": 0.9980839490890503, "date": "2026-02-19"}}, {"type": "Feature", "geometry": {"type": "Point", "coordinates": [-82.70833333502603, 35.68333333390301]}, "properties": {"p_logistic": 0.4827686548233032, "p_rf": 0.6980000138282776, "p_xgb": 0.9980839490890503, "date": "2026-02-19"}}, {"type": "Feature", "geometry": {"type": "Point", "coordinates": [-82.70000000169301, 35.68333333390301]}, "properties": {"p_logistic": 0.48257026076316833, "p_rf": 0.6959999799728394, "p_xgb": 0.9979884624481201, "date": "2026-02-19"}}, {"type": "Feature", "geometry": {"type": "Point", "coordinates": [-82.69166666836001, 35.68333333390301]}, "properties": {"p_logistic": 0.4822863042354584, "p_rf": 0.6959999799728394, "p_xgb": 0.9979884624481201, "date": "2026-02-19"}}, {"type": "Feature", "geometry": {"type": "Point", "coordinates": [-82.68333333502702, 35.68333333390301]}, "properties": {"p_logistic": 0.4818302392959595, "p_rf": 0.6880000233650208, "p_xgb": 0.9969757795333862, "date": "2026-02-19"}}, {"type": "Feature", "geometry": {"type": "Point", "coordinates": [-82.67500000169402, 35.68333333390301]}, "properties": {"p_logistic": 0.48191961646080017, "p_rf": 0.6740000247955322, "p_xgb": 0.9964185953140259, "date": "2026-02-19"}}, {"type": "Feature", "geometry": {"type": "Point", "coordinates": [-82.66666666836102, 35.68333333390301]}, "properties": {"p_logistic": 0.4822280704975128, "p_rf": 0.6759999990463257, "p_xgb": 0.9964185953140259, "date": "2026-02-19"}}, {"type": "Feature", "geometry": {"type": "Point", "coordinates": [-82.65833333502802, 35.68333333390301]}, "properties": {"p_logistic": 0.4827866852283478, "p_rf": 0.6740000247955322, "p_xgb": 0.9873729348182678, "date": "2026-02-19"}}, {"type": "Feature", "geometry": {"type": "Point", "coordinates": [-82.65000000169502, 35.68333333390301]}, "properties": {"p_logistic": 0.48350465297698975, "p_rf": 0.6399999856948853, "p_xgb": 0.9798110127449036, "date": "2026-02-19"}}, {"type": "Feature", "geometry": {"type": "Point", "coordinates": [-82.64166666836202, 35.68333333390301]}, "properties": {"p_logistic": 0.4839950501918793, "p_rf": 0.6399999856948853, "p_xgb": 0.9770809412002563, "date": "2026-02-19"}}, {"type": "Feature", "geometry": {"type": "Point", "coordinates": [-82.63333333502902, 35.68333333390301]}, "properties": {"p_logistic": 0.48397865891456604, "p_rf": 0.6359999775886536, "p_xgb": 0.9770809412002563, "date": "2026-02-19"}}, {"type": "Feature", "geometry": {"type": "Point", "coordinates": [-82.62500000169601, 35.68333333390301]}, "properties": {"p_logistic": 0.48390263319015503, "p_rf": 0.628000020980835, "p_xgb": 0.9770809412002563, "date": "2026-02-19"}}, {"type": "Feature", "geometry": {"type": "Point", "coordinates": [-82.61666666836302, 35.68333333390301]}, "properties": {"p_logistic": 0.4845094084739685, "p_rf": 0.6340000033378601, "p_xgb": 0.9770809412002563, "date": "2026-02-19"}}, {"type": "Feature", "geometry": {"type": "Point", "coordinates": [-82.60833333503001, 35.68333333390301]}, "properties": {"p_logistic": 0.48523399233818054, "p_rf": 0.671999990940094, "p_xgb": 0.9964185953140259, "date": "2026-02-19"}}, {"type": "Feature", "geometry": {"type": "Point", "coordinates": [-82.60000000169703, 35.68333333390301]}, "properties": {"p_logistic": 0.48542603850364685, "p_rf": 0.6899999976158142, "p_xgb": 0.9966769218444824, "date": "2026-02-19"}}, {"type": "Feature", "geometry": {"type": "Point", "coordinates": [-82.59166666836401, 35.68333333390301]}, "properties": {"p_logistic": 0.484652042388916, "p_rf": 0.7179999947547913, "p_xgb": 0.9975885152816772, "date": "2026-02-19"}}, {"type": "Feature", "geometry": {"type": "Point", "coordinates": [-82.58333333503101, 35.68333333390301]}, "properties": {"p_logistic": 0.4823804795742035, "p_rf": 0.7059999704360962, "p_xgb": 0.9972280859947205, "date": "2026-02-19"}}, {"type": "Feature", "geometry": {"type": "Point", "coordinates": [-82.57500000169802, 35.68333333390301]}, "properties": {"p_logistic": 0.47985267639160156, "p_rf": 0.7039999961853027, "p_xgb": 0.9972280859947205, "date": "2026-02-19"}}, {"type": "Feature", "geometry": {"type": "Point", "coordinates": [-82.56666666836502, 35.68333333390301]}, "properties": {"p_logistic": 0.4783237874507904, "p_rf": 0.6940000057220459, "p_xgb": 0.997090220451355, "date": "2026-02-19"}}, {"type": "Feature", "geometry": {"type": "Point", "coordinates": [-82.55833333503202, 35.68333333390301]}, "properties": {"p_logistic": 0.477643758058548, "p_rf": 0.6919999718666077, "p_xgb": 0.9970124959945679, "date": "2026-02-19"}}, {"type": "Feature", "geometry": {"type": "Point", "coordinates": [-82.55000000169902, 35.68333333390301]}, "properties": {"p_logistic": 0.47741881012916565, "p_rf": 0.6919999718666077, "p_xgb": 0.9970124959945679, "date": "2026-02-19"}}, {"type": "Feature", "geometry": {"type": "Point", "coordinates": [-82.54166666836602, 35.68333333390301]}, "properties": {"p_logistic": 0.47733548283576965, "p_rf": 0.6980000138282776, "p_xgb": 0.9961720108985901, "date": "2026-02-19"}}, {"type": "Feature", "geometry": {"type": "Point", "coordinates": [-82.53333333503302, 35.68333333390301]}, "properties": {"p_logistic": 0.4771270155906677, "p_rf": 0.7020000219345093, "p_xgb": 0.9957861304283142, "date": "2026-02-19"}}, {"type": "Feature", "geometry": {"type": "Point", "coordinates": [-82.52500000170002, 35.68333333390301]}, "properties": {"p_logistic": 0.47665899991989136, "p_rf": 0.7020000219345093, "p_xgb": 0.9952182173728943, "date": "2026-02-19"}}, {"type": "Feature", "geometry": {"type": "Point", "coordinates": [-82.51666666836701, 35.68333333390301]}, "properties": {"p_logistic": 0.47632458806037903, "p_rf": 0.7139999866485596, "p_xgb": 0.9950305223464966, "date": "2026-02-19"}}, {"type": "Feature", "geometry": {"type": "Point", "coordinates": [-82.50833333503402, 35.68333333390301]}, "properties": {"p_logistic": 0.47575870156288147, "p_rf": 0.7080000042915344, "p_xgb": 0.9942540526390076, "date": "2026-02-19"}}, {"type": "Feature", "geometry": {"type": "Point", "coordinates": [-82.50000000170101, 35.68333333390301]}, "properties": {"p_logistic": 0.47484928369522095, "p_rf": 0.6779999732971191, "p_xgb": 0.9900526404380798, "date": "2026-02-19"}}, {"type": "Feature", "geometry": {"type": "Point", "coordinates": [-82.49166666836803, 35.68333333390301]}, "properties": {"p_logistic": 0.47395527362823486, "p_rf": 0.6639999747276306, "p_xgb": 0.9903554916381836, "date": "2026-02-19"}}, {"type": "Feature", "geometry": {"type": "Point", "coordinates": [-82.48333333503501, 35.68333333390301]}, "properties": {"p_logistic": 0.472307413816452, "p_rf": 0.6600000262260437, "p_xgb": 0.9898774027824402, "date": "2026-02-19"}}, {"type": "Feature", "geometry": {"type": "Point", "coordinates": [-82.47500000170201, 35.68333333390301]}, "properties": {"p_logistic": 0.47091320157051086, "p_rf": 0.6100000143051147, "p_xgb": 0.98473060131073, "date": "2026-02-19"}}, {"type": "Feature", "geometry": {"type": "Point", "coordinates": [-82.46666666836902, 35.68333333390301]}, "properties": {"p_logistic": 0.4698282480239868, "p_rf": 0.5839999914169312, "p_xgb": 0.9832379817962646, "date": "2026-02-19"}}, {"type": "Feature", "geometry": {"type": "Point", "coordinates": [-82.45833333503602, 35.68333333390301]}, "properties": {"p_logistic": 0.4685402512550354, "p_rf": 0.5600000023841858, "p_xgb": 0.9773555994033813, "date": "2026-02-19"}}, {"type": "Feature", "geometry": {"type": "Point", "coordinates": [-82.45000000170302, 35.68333333390301]}, "properties": {"p_logistic": 0.46718505024909973, "p_rf": 0.5440000295639038, "p_xgb": 0.9860300421714783, "date": "2026-02-19"}}, {"type": "Feature", "geometry": {"type": "Point", "coordinates": [-82.44166666837002, 35.68333333390301]}, "properties": {"p_logistic": 0.4661794602870941, "p_rf": 0.5699999928474426, "p_xgb": 0.9887980818748474, "date": "2026-02-19"}}, {"type": "Feature", "geometry": {"type": "Point", "coordinates": [-82.43333333503702, 35.68333333390301]}, "properties": {"p_logistic": 0.4652058780193329, "p_rf": 0.5720000267028809, "p_xgb": 0.9907874464988708, "date": "2026-02-19"}}, {"type": "Feature", "geometry": {"type": "Point", "coordinates": [-82.42500000170402, 35.68333333390301]}, "properties": {"p_logistic": 0.4644103944301605, "p_rf": 0.621999979019165, "p_xgb": 0.9898334741592407, "date": "2026-02-19"}}, {"type": "Feature", "geometry": {"type": "Point", "coordinates": [-82.41666666837102, 35.68333333390301]}, "properties": {"p_logistic": 0.46303948760032654, "p_rf": 0.7200000286102295, "p_xgb": 0.9901902675628662, "date": "2026-02-19"}}, {"type": "Feature", "geometry": {"type": "Point", "coordinates": [-82.40833333503801, 35.68333333390301]}, "properties": {"p_logistic": 0.46363380551338196, "p_rf": 0.7020000219345093, "p_xgb": 0.9916763305664062, "date": "2026-02-19"}}, {"type": "Feature", "geometry": {"type": "Point", "coordinates": [-82.40000000170502, 35.68333333390301]}, "properties": {"p_logistic": 0.46569451689720154, "p_rf": 0.8199999928474426, "p_xgb": 0.9988112449645996, "date": "2026-02-19"}}, {"type": "Feature", "geometry": {"type": "Point", "coordinates": [-82.39166666837201, 35.68333333390301]}, "properties": {"p_logistic": 0.4674428403377533, "p_rf": 0.800000011920929, "p_xgb": 0.9988112449645996, "date": "2026-02-19"}}, {"type": "Feature", "geometry": {"type": "Point", "coordinates": [-82.38333333503903, 35.68333333390301]}, "properties": {"p_logistic": 0.4693762958049774, "p_rf": 0.7059999704360962, "p_xgb": 0.9916292428970337, "date": "2026-02-19"}}, {"type": "Feature", "geometry": {"type": "Point", "coordinates": [-82.37500000170601, 35.68333333390301]}, "properties": {"p_logistic": 0.4712184965610504, "p_rf": 0.6940000057220459, "p_xgb": 0.9905790686607361, "date": "2026-02-19"}}, {"type": "Feature", "geometry": {"type": "Point", "coordinates": [-82.36666666837301, 35.68333333390301]}, "properties": {"p_logistic": 0.47364217042922974, "p_rf": 0.6399999856948853, "p_xgb": 0.9874420762062073, "date": "2026-02-19"}}, {"type": "Feature", "geometry": {"type": "Point", "coordinates": [-82.35833333504002, 35.68333333390301]}, "properties": {"p_logistic": 0.4758819341659546, "p_rf": 0.5299999713897705, "p_xgb": 0.9864221811294556, "date": "2026-02-19"}}, {"type": "Feature", "geometry": {"type": "Point", "coordinates": [-82.35000000170702, 35.68333333390301]}, "properties": {"p_logistic": 0.47670114040374756, "p_rf": 0.5040000081062317, "p_xgb": 0.9805085062980652, "date": "2026-02-19"}}, {"type": "Feature", "geometry": {"type": "Point", "coordinates": [-82.34166666837402, 35.68333333390301]}, "properties": {"p_logistic": 0.47596603631973267, "p_rf": 0.5299999713897705, "p_xgb": 0.9864221811294556, "date": "2026-02-19"}}, {"type": "Feature", "geometry": {"type": "Point", "coordinates": [-82.33333333504102, 35.68333333390301]}, "properties": {"p_logistic": 0.47562524676322937, "p_rf": 0.5519999861717224, "p_xgb": 0.9895904660224915, "date": "2026-02-19"}}, {"type": "Feature", "geometry": {"type": "Point", "coordinates": [-82.32500000170802, 35.68333333390301]}, "properties": {"p_logistic": 0.47758182883262634, "p_rf": 0.5040000081062317, "p_xgb": 0.9805085062980652, "date": "2026-02-19"}}, {"type": "Feature", "geometry": {"type": "Point", "coordinates": [-82.31666666837502, 35.68333333390301]}, "properties": {"p_logistic": 0.47941845655441284, "p_rf": 0.515999972820282, "p_xgb": 0.9805085062980652, "date": "2026-02-19"}}, {"type": "Feature", "geometry": {"type": "Point", "coordinates": [-82.30833333504202, 35.68333333390301]}, "properties": {"p_logistic": 0.4810539186000824, "p_rf": 0.5460000038146973, "p_xgb": 0.9796130657196045, "date": "2026-02-19"}}, {"type": "Feature", "geometry": {"type": "Point", "coordinates": [-82.30000000170901, 35.68333333390301]}, "properties": {"p_logistic": 0.48253974318504333, "p_rf": 0.550000011920929, "p_xgb": 0.9754467606544495, "date": "2026-02-19"}}, {"type": "Feature", "geometry": {"type": "Point", "coordinates": [-82.88333333501902, 35.67500000057]}, "properties": {"p_logistic": 0.4665120542049408, "p_rf": 0.6359999775886536, "p_xgb": 0.9894170165061951, "date": "2026-02-19"}}, {"type": "Feature", "geometry": {"type": "Point", "coordinates": [-82.87500000168602, 35.67500000057]}, "properties": {"p_logistic": 0.4682167172431946, "p_rf": 0.6740000247955322, "p_xgb": 0.9923766851425171, "date": "2026-02-19"}}, {"type": "Feature", "geometry": {"type": "Point", "coordinates": [-82.86666666835302, 35.67500000057]}, "properties": {"p_logistic": 0.46985363960266113, "p_rf": 0.7599999904632568, "p_xgb": 0.9956284761428833, "date": "2026-02-19"}}, {"type": "Feature", "geometry": {"type": "Point", "coordinates": [-82.85833333502002, 35.67500000057]}, "properties": {"p_logistic": 0.47196251153945923, "p_rf": 0.8140000104904175, "p_xgb": 0.9960501790046692, "date": "2026-02-19"}}, {"type": "Feature", "geometry": {"type": "Point", "coordinates": [-82.85000000168702, 35.67500000057]}, "properties": {"p_logistic": 0.47374558448791504, "p_rf": 0.8360000252723694, "p_xgb": 0.9977942705154419, "date": "2026-02-19"}}, {"type": "Feature", "geometry": {"type": "Point", "coordinates": [-82.84166666835401, 35.67500000057]}, "properties": {"p_logistic": 0.4749613106250763, "p_rf": 0.7639999985694885, "p_xgb": 0.9974068999290466, "date": "2026-02-19"}}, {"type": "Feature", "geometry": {"type": "Point", "coordinates": [-82.83333333502102, 35.67500000057]}, "properties": {"p_logistic": 0.47526273131370544, "p_rf": 0.7099999785423279, "p_xgb": 0.993427038192749, "date": "2026-02-19"}}, {"type": "Feature", "geometry": {"type": "Point", "coordinates": [-82.82500000168801, 35.67500000057]}, "properties": {"p_logistic": 0.47537127137184143, "p_rf": 0.722000002861023, "p_xgb": 0.9934276938438416, "date": "2026-02-19"}}, {"type": "Feature", "geometry": {"type": "Point", "coordinates": [-82.81666666835503, 35.67500000057]}, "properties": {"p_logistic": 0.4760720729827881, "p_rf": 0.7260000109672546, "p_xgb": 0.9948198199272156, "date": "2026-02-19"}}, {"type": "Feature", "geometry": {"type": "Point", "coordinates": [-82.80833333502201, 35.67500000057]}, "properties": {"p_logistic": 0.4773285686969757, "p_rf": 0.7260000109672546, "p_xgb": 0.9982160925865173, "date": "2026-02-19"}}, {"type": "Feature", "geometry": {"type": "Point", "coordinates": [-82.80000000168901, 35.67500000057]}, "properties": {"p_logistic": 0.47830483317375183, "p_rf": 0.7260000109672546, "p_xgb": 0.9982160925865173, "date": "2026-02-19"}}, {"type": "Feature", "geometry": {"type": "Point", "coordinates": [-82.79166666835602, 35.67500000057]}, "properties": {"p_logistic": 0.479097455739975, "p_rf": 0.7279999852180481, "p_xgb": 0.9982160925865173, "date": "2026-02-19"}}, {"type": "Feature", "geometry": {"type": "Point", "coordinates": [-82.78333333502302, 35.67500000057]}, "properties": {"p_logistic": 0.4797275960445404, "p_rf": 0.7239999771118164, "p_xgb": 0.9982160925865173, "date": "2026-02-19"}}, {"type": "Feature", "geometry": {"type": "Point", "coordinates": [-82.77500000169002, 35.67500000057]}, "properties": {"p_logistic": 0.4808650016784668, "p_rf": 0.722000002861023, "p_xgb": 0.9983332753181458, "date": "2026-02-19"}}, {"type": "Feature", "geometry": {"type": "Point", "coordinates": [-82.76666666835702, 35.67500000057]}, "properties": {"p_logistic": 0.48195379972457886, "p_rf": 0.7200000286102295, "p_xgb": 0.9983332753181458, "date": "2026-02-19"}}, {"type": "Feature", "geometry": {"type": "Point", "coordinates": [-82.75833333502402, 35.67500000057]}, "properties": {"p_logistic": 0.4826641380786896, "p_rf": 0.7179999947547913, "p_xgb": 0.9983332753181458, "date": "2026-02-19"}}, {"type": "Feature", "geometry": {"type": "Point", "coordinates": [-82.75000000169102, 35.67500000057]}, "properties": {"p_logistic": 0.4826327860355377, "p_rf": 0.7179999947547913, "p_xgb": 0.9983332753181458, "date": "2026-02-19"}}, {"type": "Feature", "geometry": {"type": "Point", "coordinates": [-82.74166666835802, 35.67500000057]}, "properties": {"p_logistic": 0.4825090169906616, "p_rf": 0.7120000123977661, "p_xgb": 0.9983332753181458, "date": "2026-02-19"}}, {"type": "Feature", "geometry": {"type": "Point", "coordinates": [-82.73333333502501, 35.67500000057]}, "properties": {"p_logistic": 0.4824347198009491, "p_rf": 0.7099999785423279, "p_xgb": 0.9983972907066345, "date": "2026-02-19"}}, {"type": "Feature", "geometry": {"type": "Point", "coordinates": [-82.72500000169202, 35.67500000057]}, "properties": {"p_logistic": 0.48263272643089294, "p_rf": 0.6899999976158142, "p_xgb": 0.9981575608253479, "date": "2026-02-19"}}, {"type": "Feature", "geometry": {"type": "Point", "coordinates": [-82.71666666835901, 35.67500000057]}, "properties": {"p_logistic": 0.48292484879493713, "p_rf": 0.6859999895095825, "p_xgb": 0.9981575608253479, "date": "2026-02-19"}}, {"type": "Feature", "geometry": {"type": "Point", "coordinates": [-82.70833333502603, 35.67500000057]}, "properties": {"p_logistic": 0.4830208718776703, "p_rf": 0.6880000233650208, "p_xgb": 0.9981575608253479, "date": "2026-02-19"}}, {"type": "Feature", "geometry": {"type": "Point", "coordinates": [-82.70000000169301, 35.67500000057]}, "properties": {"p_logistic": 0.4829452931880951, "p_rf": 0.6840000152587891, "p_xgb": 0.9980658888816833, "date": "2026-02-19"}}, {"type": "Feature", "geometry": {"type": "Point", "coordinates": [-82.69166666836001, 35.67500000057]}, "properties": {"p_logistic": 0.4828051030635834, "p_rf": 0.6800000071525574, "p_xgb": 0.9980658888816833, "date": "2026-02-19"}}, {"type": "Feature", "geometry": {"type": "Point", "coordinates": [-82.68333333502702, 35.67500000057]}, "properties": {"p_logistic": 0.48243317008018494, "p_rf": 0.6880000233650208, "p_xgb": 0.9980658888816833, "date": "2026-02-19"}}, {"type": "Feature", "geometry": {"type": "Point", "coordinates": [-82.67500000169402, 35.67500000057]}, "properties": {"p_logistic": 0.4824909567832947, "p_rf": 0.6899999976158142, "p_xgb": 0.9979884624481201, "date": "2026-02-19"}}, {"type": "Feature", "geometry": {"type": "Point", "coordinates": [-82.66666666836102, 35.67500000057]}, "properties": {"p_logistic": 0.482657790184021, "p_rf": 0.6880000233650208, "p_xgb": 0.9886305332183838, "date": "2026-02-19"}}, {"type": "Feature", "geometry": {"type": "Point", "coordinates": [-82.65833333502802, 35.67500000057]}, "properties": {"p_logistic": 0.4830668568611145, "p_rf": 0.6840000152587891, "p_xgb": 0.9878145456314087, "date": "2026-02-19"}}, {"type": "Feature", "geometry": {"type": "Point", "coordinates": [-82.65000000169502, 35.67500000057]}, "properties": {"p_logistic": 0.4839138090610504, "p_rf": 0.6480000019073486, "p_xgb": 0.9798110127449036, "date": "2026-02-19"}}, {"type": "Feature", "geometry": {"type": "Point", "coordinates": [-82.64166666836202, 35.67500000057]}, "properties": {"p_logistic": 0.4843069612979889, "p_rf": 0.6480000019073486, "p_xgb": 0.9778745770454407, "date": "2026-02-19"}}, {"type": "Feature", "geometry": {"type": "Point", "coordinates": [-82.63333333502902, 35.67500000057]}, "properties": {"p_logistic": 0.48427915573120117, "p_rf": 0.6480000019073486, "p_xgb": 0.9840571284294128, "date": "2026-02-19"}}, {"type": "Feature", "geometry": {"type": "Point", "coordinates": [-82.62500000169601, 35.67500000057]}, "properties": {"p_logistic": 0.4843303859233856, "p_rf": 0.6399999856948853, "p_xgb": 0.9770809412002563, "date": "2026-02-19"}}, {"type": "Feature", "geometry": {"type": "Point", "coordinates": [-82.61666666836302, 35.67500000057]}, "properties": {"p_logistic": 0.48407188057899475, "p_rf": 0.6359999775886536, "p_xgb": 0.9770809412002563, "date": "2026-02-19"}}, {"type": "Feature", "geometry": {"type": "Point", "coordinates": [-82.60833333503001, 35.67500000057]}, "properties": {"p_logistic": 0.48466262221336365, "p_rf": 0.6740000247955322, "p_xgb": 0.9873729348182678, "date": "2026-02-19"}}, {"type": "Feature", "geometry": {"type": "Point", "coordinates": [-82.60000000169703, 35.67500000057]}, "properties": {"p_logistic": 0.48467615246772766, "p_rf": 0.6980000138282776, "p_xgb": 0.9969105124473572, "date": "2026-02-19"}}, {"type": "Feature", "geometry": {"type": "Point", "coordinates": [-82.59166666836401, 35.67500000057]}, "properties": {"p_logistic": 0.48338109254837036, "p_rf": 0.7020000219345093, "p_xgb": 0.9971190690994263, "date": "2026-02-19"}}, {"type": "Feature", "geometry": {"type": "Point", "coordinates": [-82.58333333503101, 35.67500000057]}, "properties": {"p_logistic": 0.48088619112968445, "p_rf": 0.7020000219345093, "p_xgb": 0.997090220451355, "date": "2026-02-19"}}, {"type": "Feature", "geometry": {"type": "Point", "coordinates": [-82.57500000169802, 35.67500000057]}, "properties": {"p_logistic": 0.47788381576538086, "p_rf": 0.6899999976158142, "p_xgb": 0.997090220451355, "date": "2026-02-19"}}, {"type": "Feature", "geometry": {"type": "Point", "coordinates": [-82.56666666836502, 35.67500000057]}, "properties": {"p_logistic": 0.47665444016456604, "p_rf": 0.6899999976158142, "p_xgb": 0.9890572428703308, "date": "2026-02-19"}}, {"type": "Feature", "geometry": {"type": "Point", "coordinates": [-82.55833333503202, 35.67500000057]}, "properties": {"p_logistic": 0.4764446020126343, "p_rf": 0.6899999976158142, "p_xgb": 0.997090220451355, "date": "2026-02-19"}}, {"type": "Feature", "geometry": {"type": "Point", "coordinates": [-82.55000000169902, 35.67500000057]}, "properties": {"p_logistic": 0.4768531918525696, "p_rf": 0.6880000233650208, "p_xgb": 0.9970124959945679, "date": "2026-02-19"}}, {"type": "Feature", "geometry": {"type": "Point", "coordinates": [-82.54166666836602, 35.67500000057]}, "properties": {"p_logistic": 0.47727707028388977, "p_rf": 0.699999988079071, "p_xgb": 0.9970124959945679, "date": "2026-02-19"}}, {"type": "Feature", "geometry": {"type": "Point", "coordinates": [-82.53333333503302, 35.67500000057]}, "properties": {"p_logistic": 0.47750258445739746, "p_rf": 0.7039999961853027, "p_xgb": 0.996353268623352, "date": "2026-02-19"}}, {"type": "Feature", "geometry": {"type": "Point", "coordinates": [-82.52500000170002, 35.67500000057]}, "properties": {"p_logistic": 0.4775954484939575, "p_rf": 0.7200000286102295, "p_xgb": 0.9959854483604431, "date": "2026-02-19"}}, {"type": "Feature", "geometry": {"type": "Point", "coordinates": [-82.51666666836701, 35.67500000057]}, "properties": {"p_logistic": 0.47739022970199585, "p_rf": 0.7260000109672546, "p_xgb": 0.9965068697929382, "date": "2026-02-19"}}, {"type": "Feature", "geometry": {"type": "Point", "coordinates": [-82.50833333503402, 35.67500000057]}, "properties": {"p_logistic": 0.47706931829452515, "p_rf": 0.722000002861023, "p_xgb": 0.9939911961555481, "date": "2026-02-19"}}, {"type": "Feature", "geometry": {"type": "Point", "coordinates": [-82.50000000170101, 35.67500000057]}, "properties": {"p_logistic": 0.476484477519989, "p_rf": 0.7099999785423279, "p_xgb": 0.9904486536979675, "date": "2026-02-19"}}, {"type": "Feature", "geometry": {"type": "Point", "coordinates": [-82.49166666836803, 35.67500000057]}, "properties": {"p_logistic": 0.47538265585899353, "p_rf": 0.6779999732971191, "p_xgb": 0.987395703792572, "date": "2026-02-19"}}, {"type": "Feature", "geometry": {"type": "Point", "coordinates": [-82.48333333503501, 35.67500000057]}, "properties": {"p_logistic": 0.47419053316116333, "p_rf": 0.6499999761581421, "p_xgb": 0.9877784848213196, "date": "2026-02-19"}}, {"type": "Feature", "geometry": {"type": "Point", "coordinates": [-82.47500000170201, 35.67500000057]}, "properties": {"p_logistic": 0.47294488549232483, "p_rf": 0.6039999723434448, "p_xgb": 0.980679988861084, "date": "2026-02-19"}}, {"type": "Feature", "geometry": {"type": "Point", "coordinates": [-82.46666666836902, 35.67500000057]}, "properties": {"p_logistic": 0.4719827473163605, "p_rf": 0.5740000009536743, "p_xgb": 0.9787999391555786, "date": "2026-02-19"}}, {"type": "Feature", "geometry": {"type": "Point", "coordinates": [-82.45833333503602, 35.67500000057]}, "properties": {"p_logistic": 0.47131362557411194, "p_rf": 0.5460000038146973, "p_xgb": 0.9787999391555786, "date": "2026-02-19"}}, {"type": "Feature", "geometry": {"type": "Point", "coordinates": [-82.45000000170302, 35.67500000057]}, "properties": {"p_logistic": 0.4697936773300171, "p_rf": 0.5260000228881836, "p_xgb": 0.9790123105049133, "date": "2026-02-19"}}, {"type": "Feature", "geometry": {"type": "Point", "coordinates": [-82.44166666837002, 35.67500000057]}, "properties": {"p_logistic": 0.46826741099357605, "p_rf": 0.5400000214576721, "p_xgb": 0.9912070631980896, "date": "2026-02-19"}}, {"type": "Feature", "geometry": {"type": "Point", "coordinates": [-82.43333333503702, 35.67500000057]}, "properties": {"p_logistic": 0.4671687185764313, "p_rf": 0.5580000281333923, "p_xgb": 0.9890860319137573, "date": "2026-02-19"}}, {"type": "Feature", "geometry": {"type": "Point", "coordinates": [-82.42500000170402, 35.67500000057]}, "properties": {"p_logistic": 0.46615439653396606, "p_rf": 0.5680000185966492, "p_xgb": 0.9910247325897217, "date": "2026-02-19"}}, {"type": "Feature", "geometry": {"type": "Point", "coordinates": [-82.41666666837102, 35.67500000057]}, "properties": {"p_logistic": 0.46531441807746887, "p_rf": 0.6200000047683716, "p_xgb": 0.9910247325897217, "date": "2026-02-19"}}, {"type": "Feature", "geometry": {"type": "Point", "coordinates": [-82.40833333503801, 35.67500000057]}, "properties": {"p_logistic": 0.46437397599220276, "p_rf": 0.6299999952316284, "p_xgb": 0.9898334741592407, "date": "2026-02-19"}}, {"type": "Feature", "geometry": {"type": "Point", "coordinates": [-82.40000000170502, 35.67500000057]}, "properties": {"p_logistic": 0.4635005295276642, "p_rf": 0.7300000190734863, "p_xgb": 0.9905645847320557, "date": "2026-02-19"}}, {"type": "Feature", "geometry": {"type": "Point", "coordinates": [-82.39166666837201, 35.67500000057]}, "properties": {"p_logistic": 0.46621134877204895, "p_rf": 0.7179999947547913, "p_xgb": 0.9983144998550415, "date": "2026-02-19"}}, {"type": "Feature", "geometry": {"type": "Point", "coordinates": [-82.38333333503903, 35.67500000057]}, "properties": {"p_logistic": 0.4679085314273834, "p_rf": 0.8199999928474426, "p_xgb": 0.9988112449645996, "date": "2026-02-19"}}, {"type": "Feature", "geometry": {"type": "Point", "coordinates": [-82.37500000170601, 35.67500000057]}, "properties": {"p_logistic": 0.4697459042072296, "p_rf": 0.7900000214576721, "p_xgb": 0.9988112449645996, "date": "2026-02-19"}}, {"type": "Feature", "geometry": {"type": "Point", "coordinates": [-82.36666666837301, 35.67500000057]}, "properties": {"p_logistic": 0.47147396206855774, "p_rf": 0.7020000219345093, "p_xgb": 0.9918279647827148, "date": "2026-02-19"}}, {"type": "Feature", "geometry": {"type": "Point", "coordinates": [-82.35833333504002, 35.67500000057]}, "properties": {"p_logistic": 0.4740159809589386, "p_rf": 0.6940000057220459, "p_xgb": 0.9914703965187073, "date": "2026-02-19"}}, {"type": "Feature", "geometry": {"type": "Point", "coordinates": [-82.35000000170702, 35.67500000057]}, "properties": {"p_logistic": 0.4761735200881958, "p_rf": 0.5759999752044678, "p_xgb": 0.9912136197090149, "date": "2026-02-19"}}, {"type": "Feature", "geometry": {"type": "Point", "coordinates": [-82.34166666837402, 35.67500000057]}, "properties": {"p_logistic": 0.4762078523635864, "p_rf": 0.6399999856948853, "p_xgb": 0.9912136197090149, "date": "2026-02-19"}}, {"type": "Feature", "geometry": {"type": "Point", "coordinates": [-82.33333333504102, 35.67500000057]}, "properties": {"p_logistic": 0.4762830138206482, "p_rf": 0.656000018119812, "p_xgb": 0.9914703965187073, "date": "2026-02-19"}}, {"type": "Feature", "geometry": {"type": "Point", "coordinates": [-82.32500000170802, 35.67500000057]}, "properties": {"p_logistic": 0.47777828574180603, "p_rf": 0.5519999861717224, "p_xgb": 0.9900527596473694, "date": "2026-02-19"}}, {"type": "Feature", "geometry": {"type": "Point", "coordinates": [-82.31666666837502, 35.67500000057]}, "properties": {"p_logistic": 0.4791848957538605, "p_rf": 0.5040000081062317, "p_xgb": 0.9809662103652954, "date": "2026-02-19"}}, {"type": "Feature", "geometry": {"type": "Point", "coordinates": [-82.30833333504202, 35.67500000057]}, "properties": {"p_logistic": 0.48033198714256287, "p_rf": 0.515999972820282, "p_xgb": 0.9805085062980652, "date": "2026-02-19"}}, {"type": "Feature", "geometry": {"type": "Point", "coordinates": [-82.30000000170901, 35.67500000057]}, "properties": {"p_logistic": 0.4817882180213928, "p_rf": 0.5180000066757202, "p_xgb": 0.9815515875816345, "date": "2026-02-19"}}, {"type": "Feature", "geometry": {"type": "Point", "coordinates": [-82.29166666837602, 35.67500000057]}, "properties": {"p_logistic": 0.48334330320358276, "p_rf": 0.5460000038146973, "p_xgb": 0.9827041029930115, "date": "2026-02-19"}}, {"type": "Feature", "geometry": {"type": "Point", "coordinates": [-82.87500000168602, 35.666666667237]}, "properties": {"p_logistic": 0.46925944089889526, "p_rf": 0.7179999947547913, "p_xgb": 0.9923766851425171, "date": "2026-02-19"}}, {"type": "Feature", "geometry": {"type": "Point", "coordinates": [-82.86666666835302, 35.666666667237]}, "properties": {"p_logistic": 0.47086215019226074, "p_rf": 0.8019999861717224, "p_xgb": 0.9960501790046692, "date": "2026-02-19"}}, {"type": "Feature", "geometry": {"type": "Point", "coordinates": [-82.85833333502002, 35.666666667237]}, "properties": {"p_logistic": 0.4727473556995392, "p_rf": 0.8339999914169312, "p_xgb": 0.9980734586715698, "date": "2026-02-19"}}, {"type": "Feature", "geometry": {"type": "Point", "coordinates": [-82.85000000168702, 35.666666667237]}, "properties": {"p_logistic": 0.47482141852378845, "p_rf": 0.8339999914169312, "p_xgb": 0.9979966282844543, "date": "2026-02-19"}}, {"type": "Feature", "geometry": {"type": "Point", "coordinates": [-82.84166666835401, 35.666666667237]}, "properties": {"p_logistic": 0.4764086604118347, "p_rf": 0.7300000190734863, "p_xgb": 0.9978911280632019, "date": "2026-02-19"}}, {"type": "Feature", "geometry": {"type": "Point", "coordinates": [-82.83333333502102, 35.666666667237]}, "properties": {"p_logistic": 0.4767058193683624, "p_rf": 0.6840000152587891, "p_xgb": 0.9935973882675171, "date": "2026-02-19"}}, {"type": "Feature", "geometry": {"type": "Point", "coordinates": [-82.82500000168801, 35.666666667237]}, "properties": {"p_logistic": 0.47674670815467834, "p_rf": 0.6859999895095825, "p_xgb": 0.9955808520317078, "date": "2026-02-19"}}, {"type": "Feature", "geometry": {"type": "Point", "coordinates": [-82.81666666835503, 35.666666667237]}, "properties": {"p_logistic": 0.4773450791835785, "p_rf": 0.699999988079071, "p_xgb": 0.9973468780517578, "date": "2026-02-19"}}, {"type": "Feature", "geometry": {"type": "Point", "coordinates": [-82.80833333502201, 35.666666667237]}, "properties": {"p_logistic": 0.47838908433914185, "p_rf": 0.7039999961853027, "p_xgb": 0.9982160925865173, "date": "2026-02-19"}}, {"type": "Feature", "geometry": {"type": "Point", "coordinates": [-82.80000000168901, 35.666666667237]}, "properties": {"p_logistic": 0.4790383577346802, "p_rf": 0.7120000123977661, "p_xgb": 0.998284637928009, "date": "2026-02-19"}}, {"type": "Feature", "geometry": {"type": "Point", "coordinates": [-82.79166666835602, 35.666666667237]}, "properties": {"p_logistic": 0.47954338788986206, "p_rf": 0.722000002861023, "p_xgb": 0.998284637928009, "date": "2026-02-19"}}, {"type": "Feature", "geometry": {"type": "Point", "coordinates": [-82.78333333502302, 35.666666667237]}, "properties": {"p_logistic": 0.48016515374183655, "p_rf": 0.722000002861023, "p_xgb": 0.998284637928009, "date": "2026-02-19"}}, {"type": "Feature", "geometry": {"type": "Point", "coordinates": [-82.77500000169002, 35.666666667237]}, "properties": {"p_logistic": 0.480988472700119, "p_rf": 0.722000002861023, "p_xgb": 0.9983972907066345, "date": "2026-02-19"}}, {"type": "Feature", "geometry": {"type": "Point", "coordinates": [-82.76666666835702, 35.666666667237]}, "properties": {"p_logistic": 0.4820846915245056, "p_rf": 0.722000002861023, "p_xgb": 0.9983972907066345, "date": "2026-02-19"}}, {"type": "Feature", "geometry": {"type": "Point", "coordinates": [-82.75833333502402, 35.666666667237]}, "properties": {"p_logistic": 0.4825361669063568, "p_rf": 0.7120000123977661, "p_xgb": 0.9983972907066345, "date": "2026-02-19"}}, {"type": "Feature", "geometry": {"type": "Point", "coordinates": [-82.75000000169102, 35.666666667237]}, "properties": {"p_logistic": 0.48259666562080383, "p_rf": 0.7080000042915344, "p_xgb": 0.9983972907066345, "date": "2026-02-19"}}, {"type": "Feature", "geometry": {"type": "Point", "coordinates": [-82.74166666835802, 35.666666667237]}, "properties": {"p_logistic": 0.4826902747154236, "p_rf": 0.6940000057220459, "p_xgb": 0.9983972907066345, "date": "2026-02-19"}}, {"type": "Feature", "geometry": {"type": "Point", "coordinates": [-82.73333333502501, 35.666666667237]}, "properties": {"p_logistic": 0.48281556367874146, "p_rf": 0.6899999976158142, "p_xgb": 0.9983972907066345, "date": "2026-02-19"}}, {"type": "Feature", "geometry": {"type": "Point", "coordinates": [-82.72500000169202, 35.666666667237]}, "properties": {"p_logistic": 0.48323819041252136, "p_rf": 0.6819999814033508, "p_xgb": 0.9983972907066345, "date": "2026-02-19"}}, {"type": "Feature", "geometry": {"type": "Point", "coordinates": [-82.71666666835901, 35.666666667237]}, "properties": {"p_logistic": 0.4835748076438904, "p_rf": 0.6660000085830688, "p_xgb": 0.9981575608253479, "date": "2026-02-19"}}, {"type": "Feature", "geometry": {"type": "Point", "coordinates": [-82.70833333502603, 35.666666667237]}, "properties": {"p_logistic": 0.48377352952957153, "p_rf": 0.6660000085830688, "p_xgb": 0.9985312223434448, "date": "2026-02-19"}}, {"type": "Feature", "geometry": {"type": "Point", "coordinates": [-82.70000000169301, 35.666666667237]}, "properties": {"p_logistic": 0.48375895619392395, "p_rf": 0.6600000262260437, "p_xgb": 0.9985148310661316, "date": "2026-02-19"}}, {"type": "Feature", "geometry": {"type": "Point", "coordinates": [-82.69166666836001, 35.666666667237]}, "properties": {"p_logistic": 0.4836761951446533, "p_rf": 0.6499999761581421, "p_xgb": 0.9985148310661316, "date": "2026-02-19"}}, {"type": "Feature", "geometry": {"type": "Point", "coordinates": [-82.68333333502702, 35.666666667237]}, "properties": {"p_logistic": 0.483549565076828, "p_rf": 0.656000018119812, "p_xgb": 0.9985148310661316, "date": "2026-02-19"}}, {"type": "Feature", "geometry": {"type": "Point", "coordinates": [-82.67500000169402, 35.666666667237]}, "properties": {"p_logistic": 0.4832041561603546, "p_rf": 0.6840000152587891, "p_xgb": 0.9980658888816833, "date": "2026-02-19"}}, {"type": "Feature", "geometry": {"type": "Point", "coordinates": [-82.66666666836102, 35.666666667237]}, "properties": {"p_logistic": 0.4833608865737915, "p_rf": 0.6880000233650208, "p_xgb": 0.9980658888816833, "date": "2026-02-19"}}, {"type": "Feature", "geometry": {"type": "Point", "coordinates": [-82.65833333502802, 35.666666667237]}, "properties": {"p_logistic": 0.4837146997451782, "p_rf": 0.6899999976158142, "p_xgb": 0.9927064776420593, "date": "2026-02-19"}}, {"type": "Feature", "geometry": {"type": "Point", "coordinates": [-82.65000000169502, 35.666666667237]}, "properties": {"p_logistic": 0.4841088056564331, "p_rf": 0.6539999842643738, "p_xgb": 0.9883008599281311, "date": "2026-02-19"}}, {"type": "Feature", "geometry": {"type": "Point", "coordinates": [-82.64166666836202, 35.666666667237]}, "properties": {"p_logistic": 0.4844335615634918, "p_rf": 0.6539999842643738, "p_xgb": 0.9867032766342163, "date": "2026-02-19"}}, {"type": "Feature", "geometry": {"type": "Point", "coordinates": [-82.63333333502902, 35.666666667237]}, "properties": {"p_logistic": 0.4842253029346466, "p_rf": 0.6539999842643738, "p_xgb": 0.9867032766342163, "date": "2026-02-19"}}, {"type": "Feature", "geometry": {"type": "Point", "coordinates": [-82.62500000169601, 35.666666667237]}, "properties": {"p_logistic": 0.4838884174823761, "p_rf": 0.6520000100135803, "p_xgb": 0.9861776828765869, "date": "2026-02-19"}}, {"type": "Feature", "geometry": {"type": "Point", "coordinates": [-82.61666666836302, 35.666666667237]}, "properties": {"p_logistic": 0.4838676452636719, "p_rf": 0.6480000019073486, "p_xgb": 0.985640287399292, "date": "2026-02-19"}}, {"type": "Feature", "geometry": {"type": "Point", "coordinates": [-82.60833333503001, 35.666666667237]}, "properties": {"p_logistic": 0.4837998151779175, "p_rf": 0.6840000152587891, "p_xgb": 0.992119550704956, "date": "2026-02-19"}}, {"type": "Feature", "geometry": {"type": "Point", "coordinates": [-82.60000000169703, 35.666666667237]}, "properties": {"p_logistic": 0.4833095967769623, "p_rf": 0.699999988079071, "p_xgb": 0.997090220451355, "date": "2026-02-19"}}, {"type": "Feature", "geometry": {"type": "Point", "coordinates": [-82.59166666836401, 35.666666667237]}, "properties": {"p_logistic": 0.4813184142112732, "p_rf": 0.699999988079071, "p_xgb": 0.997090220451355, "date": "2026-02-19"}}, {"type": "Feature", "geometry": {"type": "Point", "coordinates": [-82.58333333503101, 35.666666667237]}, "properties": {"p_logistic": 0.47833728790283203, "p_rf": 0.6880000233650208, "p_xgb": 0.997090220451355, "date": "2026-02-19"}}, {"type": "Feature", "geometry": {"type": "Point", "coordinates": [-82.57500000169802, 35.666666667237]}, "properties": {"p_logistic": 0.47544029355049133, "p_rf": 0.6740000247955322, "p_xgb": 0.9824862480163574, "date": "2026-02-19"}}, {"type": "Feature", "geometry": {"type": "Point", "coordinates": [-82.56666666836502, 35.666666667237]}, "properties": {"p_logistic": 0.47472625970840454, "p_rf": 0.6600000262260437, "p_xgb": 0.9824862480163574, "date": "2026-02-19"}}, {"type": "Feature", "geometry": {"type": "Point", "coordinates": [-82.55833333503202, 35.666666667237]}, "properties": {"p_logistic": 0.47526583075523376, "p_rf": 0.6899999976158142, "p_xgb": 0.9890572428703308, "date": "2026-02-19"}}, {"type": "Feature", "geometry": {"type": "Point", "coordinates": [-82.55000000169902, 35.666666667237]}, "properties": {"p_logistic": 0.4763775169849396, "p_rf": 0.6880000233650208, "p_xgb": 0.997090220451355, "date": "2026-02-19"}}, {"type": "Feature", "geometry": {"type": "Point", "coordinates": [-82.54166666836602, 35.666666667237]}, "properties": {"p_logistic": 0.4774431884288788, "p_rf": 0.7020000219345093, "p_xgb": 0.9972280859947205, "date": "2026-02-19"}}, {"type": "Feature", "geometry": {"type": "Point", "coordinates": [-82.53333333503302, 35.666666667237]}, "properties": {"p_logistic": 0.4782696068286896, "p_rf": 0.7179999947547913, "p_xgb": 0.9969543218612671, "date": "2026-02-19"}}, {"type": "Feature", "geometry": {"type": "Point", "coordinates": [-82.52500000170002, 35.666666667237]}, "properties": {"p_logistic": 0.47891005873680115, "p_rf": 0.7319999933242798, "p_xgb": 0.9968270659446716, "date": "2026-02-19"}}, {"type": "Feature", "geometry": {"type": "Point", "coordinates": [-82.51666666836701, 35.666666667237]}, "properties": {"p_logistic": 0.47921299934387207, "p_rf": 0.7319999933242798, "p_xgb": 0.9968270659446716, "date": "2026-02-19"}}, {"type": "Feature", "geometry": {"type": "Point", "coordinates": [-82.50833333503402, 35.666666667237]}, "properties": {"p_logistic": 0.47916850447654724, "p_rf": 0.7319999933242798, "p_xgb": 0.9963696002960205, "date": "2026-02-19"}}, {"type": "Feature", "geometry": {"type": "Point", "coordinates": [-82.50000000170101, 35.666666667237]}, "properties": {"p_logistic": 0.47951120138168335, "p_rf": 0.7039999961853027, "p_xgb": 0.9905105233192444, "date": "2026-02-19"}}, {"type": "Feature", "geometry": {"type": "Point", "coordinates": [-82.49166666836803, 35.666666667237]}, "properties": {"p_logistic": 0.4785879850387573, "p_rf": 0.7160000205039978, "p_xgb": 0.9961603879928589, "date": "2026-02-19"}}, {"type": "Feature", "geometry": {"type": "Point", "coordinates": [-82.48333333503501, 35.666666667237]}, "properties": {"p_logistic": 0.4780226945877075, "p_rf": 0.7300000190734863, "p_xgb": 0.9963286519050598, "date": "2026-02-19"}}, {"type": "Feature", "geometry": {"type": "Point", "coordinates": [-82.47500000170201, 35.666666667237]}, "properties": {"p_logistic": 0.4769163727760315, "p_rf": 0.6959999799728394, "p_xgb": 0.9961755275726318, "date": "2026-02-19"}}, {"type": "Feature", "geometry": {"type": "Point", "coordinates": [-82.46666666836902, 35.666666667237]}, "properties": {"p_logistic": 0.47525250911712646, "p_rf": 0.6499999761581421, "p_xgb": 0.989406406879425, "date": "2026-02-19"}}, {"type": "Feature", "geometry": {"type": "Point", "coordinates": [-82.45833333503602, 35.666666667237]}, "properties": {"p_logistic": 0.4744004011154175, "p_rf": 0.6000000238418579, "p_xgb": 0.9811726212501526, "date": "2026-02-19"}}, {"type": "Feature", "geometry": {"type": "Point", "coordinates": [-82.45000000170302, 35.666666667237]}, "properties": {"p_logistic": 0.47300854325294495, "p_rf": 0.5460000038146973, "p_xgb": 0.979339599609375, "date": "2026-02-19"}}, {"type": "Feature", "geometry": {"type": "Point", "coordinates": [-82.44166666837002, 35.666666667237]}, "properties": {"p_logistic": 0.4715995192527771, "p_rf": 0.5239999890327454, "p_xgb": 0.9751594066619873, "date": "2026-02-19"}}, {"type": "Feature", "geometry": {"type": "Point", "coordinates": [-82.43333333503702, 35.666666667237]}, "properties": {"p_logistic": 0.47054487466812134, "p_rf": 0.5519999861717224, "p_xgb": 0.9855335354804993, "date": "2026-02-19"}}, {"type": "Feature", "geometry": {"type": "Point", "coordinates": [-82.42500000170402, 35.666666667237]}, "properties": {"p_logistic": 0.4700433611869812, "p_rf": 0.5320000052452087, "p_xgb": 0.9904956817626953, "date": "2026-02-19"}}, {"type": "Feature", "geometry": {"type": "Point", "coordinates": [-82.41666666837102, 35.666666667237]}, "properties": {"p_logistic": 0.4693146347999573, "p_rf": 0.5580000281333923, "p_xgb": 0.9890860319137573, "date": "2026-02-19"}}, {"type": "Feature", "geometry": {"type": "Point", "coordinates": [-82.40833333503801, 35.666666667237]}, "properties": {"p_logistic": 0.4685266613960266, "p_rf": 0.5559999942779541, "p_xgb": 0.9910247325897217, "date": "2026-02-19"}}, {"type": "Feature", "geometry": {"type": "Point", "coordinates": [-82.40000000170502, 35.666666667237]}, "properties": {"p_logistic": 0.46725040674209595, "p_rf": 0.6240000128746033, "p_xgb": 0.9907874464988708, "date": "2026-02-19"}}, {"type": "Feature", "geometry": {"type": "Point", "coordinates": [-82.39166666837201, 35.666666667237]}, "properties": {"p_logistic": 0.4656364321708679, "p_rf": 0.7360000014305115, "p_xgb": 0.9901902675628662, "date": "2026-02-19"}}, {"type": "Feature", "geometry": {"type": "Point", "coordinates": [-82.38333333503903, 35.666666667237]}, "properties": {"p_logistic": 0.46728429198265076, "p_rf": 0.699999988079071, "p_xgb": 0.9916763305664062, "date": "2026-02-19"}}, {"type": "Feature", "geometry": {"type": "Point", "coordinates": [-82.37500000170601, 35.666666667237]}, "properties": {"p_logistic": 0.4692963659763336, "p_rf": 0.7459999918937683, "p_xgb": 0.9983938336372375, "date": "2026-02-19"}}, {"type": "Feature", "geometry": {"type": "Point", "coordinates": [-82.36666666837301, 35.666666667237]}, "properties": {"p_logistic": 0.4709899127483368, "p_rf": 0.8740000128746033, "p_xgb": 0.9989113807678223, "date": "2026-02-19"}}, {"type": "Feature", "geometry": {"type": "Point", "coordinates": [-82.35833333504002, 35.666666667237]}, "properties": {"p_logistic": 0.47325369715690613, "p_rf": 0.7639999985694885, "p_xgb": 0.9985563158988953, "date": "2026-02-19"}}, {"type": "Feature", "geometry": {"type": "Point", "coordinates": [-82.35000000170702, 35.666666667237]}, "properties": {"p_logistic": 0.4750199615955353, "p_rf": 0.7059999704360962, "p_xgb": 0.9922103881835938, "date": "2026-02-19"}}, {"type": "Feature", "geometry": {"type": "Point", "coordinates": [-82.34166666837402, 35.666666667237]}, "properties": {"p_logistic": 0.4761665165424347, "p_rf": 0.7080000042915344, "p_xgb": 0.991869330406189, "date": "2026-02-19"}}, {"type": "Feature", "geometry": {"type": "Point", "coordinates": [-82.33333333504102, 35.666666667237]}, "properties": {"p_logistic": 0.4769246280193329, "p_rf": 0.7020000219345093, "p_xgb": 0.991869330406189, "date": "2026-02-19"}}, {"type": "Feature", "geometry": {"type": "Point", "coordinates": [-82.32500000170802, 35.666666667237]}, "properties": {"p_logistic": 0.47908684611320496, "p_rf": 0.656000018119812, "p_xgb": 0.991869330406189, "date": "2026-02-19"}}, {"type": "Feature", "geometry": {"type": "Point", "coordinates": [-82.31666666837502, 35.666666667237]}, "properties": {"p_logistic": 0.48046058416366577, "p_rf": 0.5519999861717224, "p_xgb": 0.9907745718955994, "date": "2026-02-19"}}, {"type": "Feature", "geometry": {"type": "Point", "coordinates": [-82.30833333504202, 35.666666667237]}, "properties": {"p_logistic": 0.48150888085365295, "p_rf": 0.5040000081062317, "p_xgb": 0.9898372292518616, "date": "2026-02-19"}}, {"type": "Feature", "geometry": {"type": "Point", "coordinates": [-82.30000000170901, 35.666666667237]}, "properties": {"p_logistic": 0.4827598035335541, "p_rf": 0.515999972820282, "p_xgb": 0.9809662103652954, "date": "2026-02-19"}}, {"type": "Feature", "geometry": {"type": "Point", "coordinates": [-82.29166666837602, 35.666666667237]}, "properties": {"p_logistic": 0.48408958315849304, "p_rf": 0.5180000066757202, "p_xgb": 0.9809662103652954, "date": "2026-02-19"}}, {"type": "Feature", "geometry": {"type": "Point", "coordinates": [-82.28333333504301, 35.666666667237]}, "properties": {"p_logistic": 0.48304229974746704, "p_rf": 0.5199999809265137, "p_xgb": 0.9809662103652954, "date": "2026-02-19"}}, {"type": "Feature", "geometry": {"type": "Point", "coordinates": [-82.86666666835302, 35.658333333904004]}, "properties": {"p_logistic": 0.4726555645465851, "p_rf": 0.828000009059906, "p_xgb": 0.9965755343437195, "date": "2026-02-19"}}, {"type": "Feature", "geometry": {"type": "Point", "coordinates": [-82.85833333502002, 35.658333333904004]}, "properties": {"p_logistic": 0.47439342737197876, "p_rf": 0.8399999737739563, "p_xgb": 0.9977050423622131, "date": "2026-02-19"}}, {"type": "Feature", "geometry": {"type": "Point", "coordinates": [-82.85000000168702, 35.658333333904004]}, "properties": {"p_logistic": 0.4762953817844391, "p_rf": 0.800000011920929, "p_xgb": 0.9983709454536438, "date": "2026-02-19"}}, {"type": "Feature", "geometry": {"type": "Point", "coordinates": [-82.84166666835401, 35.658333333904004]}, "properties": {"p_logistic": 0.4778860807418823, "p_rf": 0.6639999747276306, "p_xgb": 0.9982062578201294, "date": "2026-02-19"}}, {"type": "Feature", "geometry": {"type": "Point", "coordinates": [-82.83333333502102, 35.658333333904004]}, "properties": {"p_logistic": 0.4785546660423279, "p_rf": 0.6159999966621399, "p_xgb": 0.9952036142349243, "date": "2026-02-19"}}, {"type": "Feature", "geometry": {"type": "Point", "coordinates": [-82.82500000168801, 35.658333333904004]}, "properties": {"p_logistic": 0.4786186218261719, "p_rf": 0.621999979019165, "p_xgb": 0.9968529343605042, "date": "2026-02-19"}}, {"type": "Feature", "geometry": {"type": "Point", "coordinates": [-82.81666666835503, 35.658333333904004]}, "properties": {"p_logistic": 0.4791881740093231, "p_rf": 0.6380000114440918, "p_xgb": 0.997319757938385, "date": "2026-02-19"}}, {"type": "Feature", "geometry": {"type": "Point", "coordinates": [-82.80833333502201, 35.658333333904004]}, "properties": {"p_logistic": 0.47987130284309387, "p_rf": 0.6620000004768372, "p_xgb": 0.997319757938385, "date": "2026-02-19"}}, {"type": "Feature", "geometry": {"type": "Point", "coordinates": [-82.80000000168901, 35.658333333904004]}, "properties": {"p_logistic": 0.4801523685455322, "p_rf": 0.6940000057220459, "p_xgb": 0.9978838562965393, "date": "2026-02-19"}}, {"type": "Feature", "geometry": {"type": "Point", "coordinates": [-82.79166666835602, 35.658333333904004]}, "properties": {"p_logistic": 0.4807736873626709, "p_rf": 0.7020000219345093, "p_xgb": 0.9978838562965393, "date": "2026-02-19"}}, {"type": "Feature", "geometry": {"type": "Point", "coordinates": [-82.78333333502302, 35.658333333904004]}, "properties": {"p_logistic": 0.48109111189842224, "p_rf": 0.7139999866485596, "p_xgb": 0.998284637928009, "date": "2026-02-19"}}, {"type": "Feature", "geometry": {"type": "Point", "coordinates": [-82.77500000169002, 35.658333333904004]}, "properties": {"p_logistic": 0.4817034602165222, "p_rf": 0.7120000123977661, "p_xgb": 0.9983972907066345, "date": "2026-02-19"}}, {"type": "Feature", "geometry": {"type": "Point", "coordinates": [-82.76666666835702, 35.658333333904004]}, "properties": {"p_logistic": 0.4824117422103882, "p_rf": 0.7120000123977661, "p_xgb": 0.9983972907066345, "date": "2026-02-19"}}, {"type": "Feature", "geometry": {"type": "Point", "coordinates": [-82.75833333502402, 35.658333333904004]}, "properties": {"p_logistic": 0.4826812446117401, "p_rf": 0.7020000219345093, "p_xgb": 0.9983972907066345, "date": "2026-02-19"}}, {"type": "Feature", "geometry": {"type": "Point", "coordinates": [-82.75000000169102, 35.658333333904004]}, "properties": {"p_logistic": 0.48303186893463135, "p_rf": 0.6940000057220459, "p_xgb": 0.9983972907066345, "date": "2026-02-19"}}, {"type": "Feature", "geometry": {"type": "Point", "coordinates": [-82.74166666835802, 35.658333333904004]}, "properties": {"p_logistic": 0.48325684666633606, "p_rf": 0.6919999718666077, "p_xgb": 0.9987223744392395, "date": "2026-02-19"}}, {"type": "Feature", "geometry": {"type": "Point", "coordinates": [-82.73333333502501, 35.658333333904004]}, "properties": {"p_logistic": 0.48356327414512634, "p_rf": 0.6899999976158142, "p_xgb": 0.9987223744392395, "date": "2026-02-19"}}, {"type": "Feature", "geometry": {"type": "Point", "coordinates": [-82.72500000169202, 35.658333333904004]}, "properties": {"p_logistic": 0.484139084815979, "p_rf": 0.6859999895095825, "p_xgb": 0.9987223744392395, "date": "2026-02-19"}}, {"type": "Feature", "geometry": {"type": "Point", "coordinates": [-82.71666666835901, 35.658333333904004]}, "properties": {"p_logistic": 0.4845607280731201, "p_rf": 0.6759999990463257, "p_xgb": 0.9984819293022156, "date": "2026-02-19"}}, {"type": "Feature", "geometry": {"type": "Point", "coordinates": [-82.70833333502603, 35.658333333904004]}, "properties": {"p_logistic": 0.4847472608089447, "p_rf": 0.6399999856948853, "p_xgb": 0.9982078075408936, "date": "2026-02-19"}}, {"type": "Feature", "geometry": {"type": "Point", "coordinates": [-82.70000000169301, 35.658333333904004]}, "properties": {"p_logistic": 0.48471254110336304, "p_rf": 0.6079999804496765, "p_xgb": 0.9982078075408936, "date": "2026-02-19"}}, {"type": "Feature", "geometry": {"type": "Point", "coordinates": [-82.69166666836001, 35.658333333904004]}, "properties": {"p_logistic": 0.48438480496406555, "p_rf": 0.6159999966621399, "p_xgb": 0.9981185793876648, "date": "2026-02-19"}}, {"type": "Feature", "geometry": {"type": "Point", "coordinates": [-82.68333333502702, 35.658333333904004]}, "properties": {"p_logistic": 0.4841252267360687, "p_rf": 0.6520000100135803, "p_xgb": 0.998167872428894, "date": "2026-02-19"}}, {"type": "Feature", "geometry": {"type": "Point", "coordinates": [-82.67500000169402, 35.658333333904004]}, "properties": {"p_logistic": 0.4836643934249878, "p_rf": 0.6759999990463257, "p_xgb": 0.9985148310661316, "date": "2026-02-19"}}, {"type": "Feature", "geometry": {"type": "Point", "coordinates": [-82.66666666836102, 35.658333333904004]}, "properties": {"p_logistic": 0.4837530255317688, "p_rf": 0.6840000152587891, "p_xgb": 0.9984580278396606, "date": "2026-02-19"}}, {"type": "Feature", "geometry": {"type": "Point", "coordinates": [-82.65833333502802, 35.658333333904004]}, "properties": {"p_logistic": 0.48418915271759033, "p_rf": 0.6940000057220459, "p_xgb": 0.9980658888816833, "date": "2026-02-19"}}, {"type": "Feature", "geometry": {"type": "Point", "coordinates": [-82.65000000169502, 35.658333333904004]}, "properties": {"p_logistic": 0.48454710841178894, "p_rf": 0.6880000233650208, "p_xgb": 0.9980658888816833, "date": "2026-02-19"}}, {"type": "Feature", "geometry": {"type": "Point", "coordinates": [-82.64166666836202, 35.658333333904004]}, "properties": {"p_logistic": 0.4844750761985779, "p_rf": 0.6880000233650208, "p_xgb": 0.9927064776420593, "date": "2026-02-19"}}, {"type": "Feature", "geometry": {"type": "Point", "coordinates": [-82.63333333502902, 35.658333333904004]}, "properties": {"p_logistic": 0.4844214618206024, "p_rf": 0.6579999923706055, "p_xgb": 0.9883008599281311, "date": "2026-02-19"}}, {"type": "Feature", "geometry": {"type": "Point", "coordinates": [-82.62500000169601, 35.658333333904004]}, "properties": {"p_logistic": 0.4841933250427246, "p_rf": 0.6600000262260437, "p_xgb": 0.9883008599281311, "date": "2026-02-19"}}, {"type": "Feature", "geometry": {"type": "Point", "coordinates": [-82.61666666836302, 35.658333333904004]}, "properties": {"p_logistic": 0.48375245928764343, "p_rf": 0.6899999976158142, "p_xgb": 0.9927064776420593, "date": "2026-02-19"}}, {"type": "Feature", "geometry": {"type": "Point", "coordinates": [-82.60833333503001, 35.658333333904004]}, "properties": {"p_logistic": 0.4830971360206604, "p_rf": 0.6880000233650208, "p_xgb": 0.9980658888816833, "date": "2026-02-19"}}, {"type": "Feature", "geometry": {"type": "Point", "coordinates": [-82.60000000169703, 35.658333333904004]}, "properties": {"p_logistic": 0.48170921206474304, "p_rf": 0.6959999799728394, "p_xgb": 0.9979884624481201, "date": "2026-02-19"}}, {"type": "Feature", "geometry": {"type": "Point", "coordinates": [-82.59166666836401, 35.658333333904004]}, "properties": {"p_logistic": 0.4793178141117096, "p_rf": 0.6880000233650208, "p_xgb": 0.997090220451355, "date": "2026-02-19"}}, {"type": "Feature", "geometry": {"type": "Point", "coordinates": [-82.58333333503101, 35.658333333904004]}, "properties": {"p_logistic": 0.4762531816959381, "p_rf": 0.6880000233650208, "p_xgb": 0.9886305332183838, "date": "2026-02-19"}}, {"type": "Feature", "geometry": {"type": "Point", "coordinates": [-82.57500000169802, 35.658333333904004]}, "properties": {"p_logistic": 0.47398871183395386, "p_rf": 0.6520000100135803, "p_xgb": 0.9824862480163574, "date": "2026-02-19"}}, {"type": "Feature", "geometry": {"type": "Point", "coordinates": [-82.56666666836502, 35.658333333904004]}, "properties": {"p_logistic": 0.47376540303230286, "p_rf": 0.6539999842643738, "p_xgb": 0.9824862480163574, "date": "2026-02-19"}}, {"type": "Feature", "geometry": {"type": "Point", "coordinates": [-82.55833333503202, 35.658333333904004]}, "properties": {"p_logistic": 0.4750072956085205, "p_rf": 0.6759999990463257, "p_xgb": 0.9890572428703308, "date": "2026-02-19"}}, {"type": "Feature", "geometry": {"type": "Point", "coordinates": [-82.55000000169902, 35.658333333904004]}, "properties": {"p_logistic": 0.47671493887901306, "p_rf": 0.6880000233650208, "p_xgb": 0.997090220451355, "date": "2026-02-19"}}, {"type": "Feature", "geometry": {"type": "Point", "coordinates": [-82.54166666836602, 35.658333333904004]}, "properties": {"p_logistic": 0.47841677069664, "p_rf": 0.7020000219345093, "p_xgb": 0.9972280859947205, "date": "2026-02-19"}}, {"type": "Feature", "geometry": {"type": "Point", "coordinates": [-82.53333333503302, 35.658333333904004]}, "properties": {"p_logistic": 0.47973719239234924, "p_rf": 0.7239999771118164, "p_xgb": 0.9975885152816772, "date": "2026-02-19"}}, {"type": "Feature", "geometry": {"type": "Point", "coordinates": [-82.52500000170002, 35.658333333904004]}, "properties": {"p_logistic": 0.4810294508934021, "p_rf": 0.7279999852180481, "p_xgb": 0.9975885152816772, "date": "2026-02-19"}}, {"type": "Feature", "geometry": {"type": "Point", "coordinates": [-82.51666666836701, 35.658333333904004]}, "properties": {"p_logistic": 0.4818855822086334, "p_rf": 0.7379999756813049, "p_xgb": 0.9966359734535217, "date": "2026-02-19"}}, {"type": "Feature", "geometry": {"type": "Point", "coordinates": [-82.50833333503402, 35.658333333904004]}, "properties": {"p_logistic": 0.48262614011764526, "p_rf": 0.7360000014305115, "p_xgb": 0.9970011115074158, "date": "2026-02-19"}}, {"type": "Feature", "geometry": {"type": "Point", "coordinates": [-82.50000000170101, 35.658333333904004]}, "properties": {"p_logistic": 0.48322027921676636, "p_rf": 0.7820000052452087, "p_xgb": 0.9981098175048828, "date": "2026-02-19"}}, {"type": "Feature", "geometry": {"type": "Point", "coordinates": [-82.49166666836803, 35.658333333904004]}, "properties": {"p_logistic": 0.48336681723594666, "p_rf": 0.8339999914169312, "p_xgb": 0.9977074861526489, "date": "2026-02-19"}}, {"type": "Feature", "geometry": {"type": "Point", "coordinates": [-82.48333333503501, 35.658333333904004]}, "properties": {"p_logistic": 0.4826434254646301, "p_rf": 0.8180000185966492, "p_xgb": 0.9973553419113159, "date": "2026-02-19"}}, {"type": "Feature", "geometry": {"type": "Point", "coordinates": [-82.47500000170201, 35.658333333904004]}, "properties": {"p_logistic": 0.48111072182655334, "p_rf": 0.8119999766349792, "p_xgb": 0.997032880783081, "date": "2026-02-19"}}, {"type": "Feature", "geometry": {"type": "Point", "coordinates": [-82.46666666836902, 35.658333333904004]}, "properties": {"p_logistic": 0.47930967807769775, "p_rf": 0.7160000205039978, "p_xgb": 0.9890311360359192, "date": "2026-02-19"}}, {"type": "Feature", "geometry": {"type": "Point", "coordinates": [-82.45833333503602, 35.658333333904004]}, "properties": {"p_logistic": 0.4784359633922577, "p_rf": 0.6899999976158142, "p_xgb": 0.9895087480545044, "date": "2026-02-19"}}, {"type": "Feature", "geometry": {"type": "Point", "coordinates": [-82.45000000170302, 35.658333333904004]}, "properties": {"p_logistic": 0.47743773460388184, "p_rf": 0.6679999828338623, "p_xgb": 0.989074170589447, "date": "2026-02-19"}}, {"type": "Feature", "geometry": {"type": "Point", "coordinates": [-82.44166666837002, 35.658333333904004]}, "properties": {"p_logistic": 0.4764116704463959, "p_rf": 0.5899999737739563, "p_xgb": 0.9832374453544617, "date": "2026-02-19"}}, {"type": "Feature", "geometry": {"type": "Point", "coordinates": [-82.43333333503702, 35.658333333904004]}, "properties": {"p_logistic": 0.4759092628955841, "p_rf": 0.5799999833106995, "p_xgb": 0.993121325969696, "date": "2026-02-19"}}, {"type": "Feature", "geometry": {"type": "Point", "coordinates": [-82.42500000170402, 35.658333333904004]}, "properties": {"p_logistic": 0.47512760758399963, "p_rf": 0.5559999942779541, "p_xgb": 0.980459988117218, "date": "2026-02-19"}}, {"type": "Feature", "geometry": {"type": "Point", "coordinates": [-82.41666666837102, 35.658333333904004]}, "properties": {"p_logistic": 0.4744475483894348, "p_rf": 0.5479999780654907, "p_xgb": 0.9912245869636536, "date": "2026-02-19"}}, {"type": "Feature", "geometry": {"type": "Point", "coordinates": [-82.40833333503801, 35.658333333904004]}, "properties": {"p_logistic": 0.47383010387420654, "p_rf": 0.5559999942779541, "p_xgb": 0.9912245869636536, "date": "2026-02-19"}}, {"type": "Feature", "geometry": {"type": "Point", "coordinates": [-82.40000000170502, 35.658333333904004]}, "properties": {"p_logistic": 0.47272613644599915, "p_rf": 0.578000009059906, "p_xgb": 0.9959614872932434, "date": "2026-02-19"}}, {"type": "Feature", "geometry": {"type": "Point", "coordinates": [-82.39166666837201, 35.658333333904004]}, "properties": {"p_logistic": 0.47112908959388733, "p_rf": 0.5839999914169312, "p_xgb": 0.9920178651809692, "date": "2026-02-19"}}, {"type": "Feature", "geometry": {"type": "Point", "coordinates": [-82.38333333503903, 35.658333333904004]}, "properties": {"p_logistic": 0.47016724944114685, "p_rf": 0.6240000128746033, "p_xgb": 0.9900951385498047, "date": "2026-02-19"}}, {"type": "Feature", "geometry": {"type": "Point", "coordinates": [-82.37500000170601, 35.658333333904004]}, "properties": {"p_logistic": 0.4702531397342682, "p_rf": 0.7139999866485596, "p_xgb": 0.9903669357299805, "date": "2026-02-19"}}, {"type": "Feature", "geometry": {"type": "Point", "coordinates": [-82.36666666837301, 35.658333333904004]}, "properties": {"p_logistic": 0.4704240560531616, "p_rf": 0.7059999704360962, "p_xgb": 0.9902697801589966, "date": "2026-02-19"}}, {"type": "Feature", "geometry": {"type": "Point", "coordinates": [-82.35833333504002, 35.658333333904004]}, "properties": {"p_logistic": 0.47235026955604553, "p_rf": 0.7160000205039978, "p_xgb": 0.9970556497573853, "date": "2026-02-19"}}, {"type": "Feature", "geometry": {"type": "Point", "coordinates": [-82.35000000170702, 35.658333333904004]}, "properties": {"p_logistic": 0.4746382534503937, "p_rf": 0.8259999752044678, "p_xgb": 0.9980803728103638, "date": "2026-02-19"}}, {"type": "Feature", "geometry": {"type": "Point", "coordinates": [-82.34166666837402, 35.658333333904004]}, "properties": {"p_logistic": 0.4762914776802063, "p_rf": 0.7860000133514404, "p_xgb": 0.9976074695587158, "date": "2026-02-19"}}, {"type": "Feature", "geometry": {"type": "Point", "coordinates": [-82.33333333504102, 35.658333333904004]}, "properties": {"p_logistic": 0.4779539406299591, "p_rf": 0.7020000219345093, "p_xgb": 0.9925122261047363, "date": "2026-02-19"}}, {"type": "Feature", "geometry": {"type": "Point", "coordinates": [-82.32500000170802, 35.658333333904004]}, "properties": {"p_logistic": 0.4799913465976715, "p_rf": 0.6980000138282776, "p_xgb": 0.991869330406189, "date": "2026-02-19"}}, {"type": "Feature", "geometry": {"type": "Point", "coordinates": [-82.31666666837502, 35.658333333904004]}, "properties": {"p_logistic": 0.48113974928855896, "p_rf": 0.6639999747276306, "p_xgb": 0.991869330406189, "date": "2026-02-19"}}, {"type": "Feature", "geometry": {"type": "Point", "coordinates": [-82.30833333504202, 35.658333333904004]}, "properties": {"p_logistic": 0.48271292448043823, "p_rf": 0.5519999861717224, "p_xgb": 0.9912057518959045, "date": "2026-02-19"}}, {"type": "Feature", "geometry": {"type": "Point", "coordinates": [-82.30000000170901, 35.658333333904004]}, "properties": {"p_logistic": 0.4836966395378113, "p_rf": 0.5120000243186951, "p_xgb": 0.9912057518959045, "date": "2026-02-19"}}, {"type": "Feature", "geometry": {"type": "Point", "coordinates": [-82.29166666837602, 35.658333333904004]}, "properties": {"p_logistic": 0.4844778776168823, "p_rf": 0.5040000081062317, "p_xgb": 0.9873487949371338, "date": "2026-02-19"}}, {"type": "Feature", "geometry": {"type": "Point", "coordinates": [-82.86666666835302, 35.650000000571005]}, "properties": {"p_logistic": 0.47390609979629517, "p_rf": 0.8320000171661377, "p_xgb": 0.996402382850647, "date": "2026-02-19"}}, {"type": "Feature", "geometry": {"type": "Point", "coordinates": [-82.85833333502002, 35.650000000571005]}, "properties": {"p_logistic": 0.4753373861312866, "p_rf": 0.828000009059906, "p_xgb": 0.9979155659675598, "date": "2026-02-19"}}, {"type": "Feature", "geometry": {"type": "Point", "coordinates": [-82.85000000168702, 35.650000000571005]}, "properties": {"p_logistic": 0.4773290753364563, "p_rf": 0.777999997138977, "p_xgb": 0.9979363679885864, "date": "2026-02-19"}}, {"type": "Feature", "geometry": {"type": "Point", "coordinates": [-82.84166666835401, 35.650000000571005]}, "properties": {"p_logistic": 0.4789864122867584, "p_rf": 0.6620000004768372, "p_xgb": 0.9982430934906006, "date": "2026-02-19"}}, {"type": "Feature", "geometry": {"type": "Point", "coordinates": [-82.83333333502102, 35.650000000571005]}, "properties": {"p_logistic": 0.47965070605278015, "p_rf": 0.7039999961853027, "p_xgb": 0.9973441958427429, "date": "2026-02-19"}}, {"type": "Feature", "geometry": {"type": "Point", "coordinates": [-82.82500000168801, 35.650000000571005]}, "properties": {"p_logistic": 0.4800514280796051, "p_rf": 0.6940000057220459, "p_xgb": 0.9971791505813599, "date": "2026-02-19"}}, {"type": "Feature", "geometry": {"type": "Point", "coordinates": [-82.81666666835503, 35.650000000571005]}, "properties": {"p_logistic": 0.48074978590011597, "p_rf": 0.6100000143051147, "p_xgb": 0.9976109266281128, "date": "2026-02-19"}}, {"type": "Feature", "geometry": {"type": "Point", "coordinates": [-82.80833333502201, 35.650000000571005]}, "properties": {"p_logistic": 0.4813441336154938, "p_rf": 0.621999979019165, "p_xgb": 0.9976109266281128, "date": "2026-02-19"}}, {"type": "Feature", "geometry": {"type": "Point", "coordinates": [-82.80000000168901, 35.650000000571005]}, "properties": {"p_logistic": 0.48148924112319946, "p_rf": 0.6579999923706055, "p_xgb": 0.9973892569541931, "date": "2026-02-19"}}, {"type": "Feature", "geometry": {"type": "Point", "coordinates": [-82.79166666835602, 35.650000000571005]}, "properties": {"p_logistic": 0.48134735226631165, "p_rf": 0.6840000152587891, "p_xgb": 0.9979386925697327, "date": "2026-02-19"}}, {"type": "Feature", "geometry": {"type": "Point", "coordinates": [-82.78333333502302, 35.650000000571005]}, "properties": {"p_logistic": 0.48217377066612244, "p_rf": 0.6859999895095825, "p_xgb": 0.9979386925697327, "date": "2026-02-19"}}, {"type": "Feature", "geometry": {"type": "Point", "coordinates": [-82.77500000169002, 35.650000000571005]}, "properties": {"p_logistic": 0.4823998510837555, "p_rf": 0.6959999799728394, "p_xgb": 0.9980227947235107, "date": "2026-02-19"}}, {"type": "Feature", "geometry": {"type": "Point", "coordinates": [-82.76666666835702, 35.650000000571005]}, "properties": {"p_logistic": 0.4825384020805359, "p_rf": 0.7039999961853027, "p_xgb": 0.9983972907066345, "date": "2026-02-19"}}, {"type": "Feature", "geometry": {"type": "Point", "coordinates": [-82.75833333502402, 35.650000000571005]}, "properties": {"p_logistic": 0.4828489422798157, "p_rf": 0.7020000219345093, "p_xgb": 0.9983972907066345, "date": "2026-02-19"}}, {"type": "Feature", "geometry": {"type": "Point", "coordinates": [-82.75000000169102, 35.650000000571005]}, "properties": {"p_logistic": 0.48322364687919617, "p_rf": 0.699999988079071, "p_xgb": 0.9987694621086121, "date": "2026-02-19"}}, {"type": "Feature", "geometry": {"type": "Point", "coordinates": [-82.74166666835802, 35.650000000571005]}, "properties": {"p_logistic": 0.48375147581100464, "p_rf": 0.6919999718666077, "p_xgb": 0.9987694621086121, "date": "2026-02-19"}}, {"type": "Feature", "geometry": {"type": "Point", "coordinates": [-82.73333333502501, 35.650000000571005]}, "properties": {"p_logistic": 0.4842768609523773, "p_rf": 0.6919999718666077, "p_xgb": 0.9987694621086121, "date": "2026-02-19"}}, {"type": "Feature", "geometry": {"type": "Point", "coordinates": [-82.72500000169202, 35.650000000571005]}, "properties": {"p_logistic": 0.4850112497806549, "p_rf": 0.671999990940094, "p_xgb": 0.9984819293022156, "date": "2026-02-19"}}, {"type": "Feature", "geometry": {"type": "Point", "coordinates": [-82.71666666835901, 35.650000000571005]}, "properties": {"p_logistic": 0.4853840172290802, "p_rf": 0.6380000114440918, "p_xgb": 0.9984410405158997, "date": "2026-02-19"}}, {"type": "Feature", "geometry": {"type": "Point", "coordinates": [-82.70833333502603, 35.650000000571005]}, "properties": {"p_logistic": 0.48558664321899414, "p_rf": 0.6140000224113464, "p_xgb": 0.9984410405158997, "date": "2026-02-19"}}, {"type": "Feature", "geometry": {"type": "Point", "coordinates": [-82.70000000169301, 35.650000000571005]}, "properties": {"p_logistic": 0.48531726002693176, "p_rf": 0.5979999899864197, "p_xgb": 0.9982078075408936, "date": "2026-02-19"}}, {"type": "Feature", "geometry": {"type": "Point", "coordinates": [-82.69166666836001, 35.650000000571005]}, "properties": {"p_logistic": 0.48486074805259705, "p_rf": 0.5960000157356262, "p_xgb": 0.9982078075408936, "date": "2026-02-19"}}, {"type": "Feature", "geometry": {"type": "Point", "coordinates": [-82.68333333502702, 35.650000000571005]}, "properties": {"p_logistic": 0.4844501316547394, "p_rf": 0.6399999856948853, "p_xgb": 0.9982078075408936, "date": "2026-02-19"}}, {"type": "Feature", "geometry": {"type": "Point", "coordinates": [-82.67500000169402, 35.650000000571005]}, "properties": {"p_logistic": 0.48405009508132935, "p_rf": 0.6679999828338623, "p_xgb": 0.9985853433609009, "date": "2026-02-19"}}, {"type": "Feature", "geometry": {"type": "Point", "coordinates": [-82.66666666836102, 35.650000000571005]}, "properties": {"p_logistic": 0.48418503999710083, "p_rf": 0.6899999976158142, "p_xgb": 0.9985853433609009, "date": "2026-02-19"}}, {"type": "Feature", "geometry": {"type": "Point", "coordinates": [-82.65833333502802, 35.650000000571005]}, "properties": {"p_logistic": 0.48452237248420715, "p_rf": 0.6980000138282776, "p_xgb": 0.9985312223434448, "date": "2026-02-19"}}, {"type": "Feature", "geometry": {"type": "Point", "coordinates": [-82.65000000169502, 35.650000000571005]}, "properties": {"p_logistic": 0.48483192920684814, "p_rf": 0.7020000219345093, "p_xgb": 0.9981575608253479, "date": "2026-02-19"}}, {"type": "Feature", "geometry": {"type": "Point", "coordinates": [-82.64166666836202, 35.650000000571005]}, "properties": {"p_logistic": 0.4848542809486389, "p_rf": 0.7039999961853027, "p_xgb": 0.9981575608253479, "date": "2026-02-19"}}, {"type": "Feature", "geometry": {"type": "Point", "coordinates": [-82.63333333502902, 35.650000000571005]}, "properties": {"p_logistic": 0.4846784174442291, "p_rf": 0.7020000219345093, "p_xgb": 0.9980658888816833, "date": "2026-02-19"}}, {"type": "Feature", "geometry": {"type": "Point", "coordinates": [-82.62500000169601, 35.650000000571005]}, "properties": {"p_logistic": 0.4842960834503174, "p_rf": 0.699999988079071, "p_xgb": 0.9980658888816833, "date": "2026-02-19"}}, {"type": "Feature", "geometry": {"type": "Point", "coordinates": [-82.61666666836302, 35.650000000571005]}, "properties": {"p_logistic": 0.48364385962486267, "p_rf": 0.6980000138282776, "p_xgb": 0.9980658888816833, "date": "2026-02-19"}}, {"type": "Feature", "geometry": {"type": "Point", "coordinates": [-82.60833333503001, 35.650000000571005]}, "properties": {"p_logistic": 0.4827301800251007, "p_rf": 0.7020000219345093, "p_xgb": 0.9980658888816833, "date": "2026-02-19"}}, {"type": "Feature", "geometry": {"type": "Point", "coordinates": [-82.60000000169703, 35.650000000571005]}, "properties": {"p_logistic": 0.4810296297073364, "p_rf": 0.6940000057220459, "p_xgb": 0.9979884624481201, "date": "2026-02-19"}}, {"type": "Feature", "geometry": {"type": "Point", "coordinates": [-82.59166666836401, 35.650000000571005]}, "properties": {"p_logistic": 0.47873297333717346, "p_rf": 0.6899999976158142, "p_xgb": 0.9979884624481201, "date": "2026-02-19"}}, {"type": "Feature", "geometry": {"type": "Point", "coordinates": [-82.58333333503101, 35.650000000571005]}, "properties": {"p_logistic": 0.47625109553337097, "p_rf": 0.6899999976158142, "p_xgb": 0.9890572428703308, "date": "2026-02-19"}}, {"type": "Feature", "geometry": {"type": "Point", "coordinates": [-82.57500000169802, 35.650000000571005]}, "properties": {"p_logistic": 0.47469598054885864, "p_rf": 0.6539999842643738, "p_xgb": 0.9824862480163574, "date": "2026-02-19"}}, {"type": "Feature", "geometry": {"type": "Point", "coordinates": [-82.56666666836502, 35.650000000571005]}, "properties": {"p_logistic": 0.47484129667282104, "p_rf": 0.6520000100135803, "p_xgb": 0.9878376722335815, "date": "2026-02-19"}}, {"type": "Feature", "geometry": {"type": "Point", "coordinates": [-82.55833333503202, 35.650000000571005]}, "properties": {"p_logistic": 0.4760972857475281, "p_rf": 0.6899999976158142, "p_xgb": 0.9924163818359375, "date": "2026-02-19"}}, {"type": "Feature", "geometry": {"type": "Point", "coordinates": [-82.55000000169902, 35.650000000571005]}, "properties": {"p_logistic": 0.4778299331665039, "p_rf": 0.6940000057220459, "p_xgb": 0.9979884624481201, "date": "2026-02-19"}}, {"type": "Feature", "geometry": {"type": "Point", "coordinates": [-82.54166666836602, 35.650000000571005]}, "properties": {"p_logistic": 0.47974836826324463, "p_rf": 0.7080000042915344, "p_xgb": 0.9980839490890503, "date": "2026-02-19"}}, {"type": "Feature", "geometry": {"type": "Point", "coordinates": [-82.53333333503302, 35.650000000571005]}, "properties": {"p_logistic": 0.48135632276535034, "p_rf": 0.7319999933242798, "p_xgb": 0.9983332753181458, "date": "2026-02-19"}}, {"type": "Feature", "geometry": {"type": "Point", "coordinates": [-82.52500000170002, 35.650000000571005]}, "properties": {"p_logistic": 0.4829002022743225, "p_rf": 0.7379999756813049, "p_xgb": 0.9983332753181458, "date": "2026-02-19"}}, {"type": "Feature", "geometry": {"type": "Point", "coordinates": [-82.51666666836701, 35.650000000571005]}, "properties": {"p_logistic": 0.48405972123146057, "p_rf": 0.7160000205039978, "p_xgb": 0.9970176219940186, "date": "2026-02-19"}}, {"type": "Feature", "geometry": {"type": "Point", "coordinates": [-82.50833333503402, 35.650000000571005]}, "properties": {"p_logistic": 0.48496344685554504, "p_rf": 0.7540000081062317, "p_xgb": 0.9986794590950012, "date": "2026-02-19"}}, {"type": "Feature", "geometry": {"type": "Point", "coordinates": [-82.50000000170101, 35.650000000571005]}, "properties": {"p_logistic": 0.48598816990852356, "p_rf": 0.8420000076293945, "p_xgb": 0.9989528656005859, "date": "2026-02-19"}}, {"type": "Feature", "geometry": {"type": "Point", "coordinates": [-82.49166666836803, 35.650000000571005]}, "properties": {"p_logistic": 0.4861092269420624, "p_rf": 0.8399999737739563, "p_xgb": 0.9989528656005859, "date": "2026-02-19"}}, {"type": "Feature", "geometry": {"type": "Point", "coordinates": [-82.48333333503501, 35.650000000571005]}, "properties": {"p_logistic": 0.4855443239212036, "p_rf": 0.8360000252723694, "p_xgb": 0.9987456798553467, "date": "2026-02-19"}}, {"type": "Feature", "geometry": {"type": "Point", "coordinates": [-82.47500000170201, 35.650000000571005]}, "properties": {"p_logistic": 0.48446330428123474, "p_rf": 0.7580000162124634, "p_xgb": 0.9982119798660278, "date": "2026-02-19"}}, {"type": "Feature", "geometry": {"type": "Point", "coordinates": [-82.46666666836902, 35.650000000571005]}, "properties": {"p_logistic": 0.48287153244018555, "p_rf": 0.7160000205039978, "p_xgb": 0.995891809463501, "date": "2026-02-19"}}, {"type": "Feature", "geometry": {"type": "Point", "coordinates": [-82.45833333503602, 35.650000000571005]}, "properties": {"p_logistic": 0.48208314180374146, "p_rf": 0.7080000042915344, "p_xgb": 0.9955112934112549, "date": "2026-02-19"}}, {"type": "Feature", "geometry": {"type": "Point", "coordinates": [-82.45000000170302, 35.650000000571005]}, "properties": {"p_logistic": 0.481092631816864, "p_rf": 0.6980000138282776, "p_xgb": 0.9933974742889404, "date": "2026-02-19"}}, {"type": "Feature", "geometry": {"type": "Point", "coordinates": [-82.44166666837002, 35.650000000571005]}, "properties": {"p_logistic": 0.48009592294692993, "p_rf": 0.6679999828338623, "p_xgb": 0.9961755275726318, "date": "2026-02-19"}}, {"type": "Feature", "geometry": {"type": "Point", "coordinates": [-82.43333333503702, 35.650000000571005]}, "properties": {"p_logistic": 0.4793935716152191, "p_rf": 0.6000000238418579, "p_xgb": 0.9941098690032959, "date": "2026-02-19"}}, {"type": "Feature", "geometry": {"type": "Point", "coordinates": [-82.42500000170402, 35.650000000571005]}, "properties": {"p_logistic": 0.4786974787712097, "p_rf": 0.5879999995231628, "p_xgb": 0.9941098690032959, "date": "2026-02-19"}}, {"type": "Feature", "geometry": {"type": "Point", "coordinates": [-82.41666666837102, 35.650000000571005]}, "properties": {"p_logistic": 0.4780948758125305, "p_rf": 0.578000009059906, "p_xgb": 0.993121325969696, "date": "2026-02-19"}}, {"type": "Feature", "geometry": {"type": "Point", "coordinates": [-82.40833333503801, 35.650000000571005]}, "properties": {"p_logistic": 0.47745105624198914, "p_rf": 0.578000009059906, "p_xgb": 0.993121325969696, "date": "2026-02-19"}}, {"type": "Feature", "geometry": {"type": "Point", "coordinates": [-82.40000000170502, 35.650000000571005]}, "properties": {"p_logistic": 0.47733691334724426, "p_rf": 0.5899999737739563, "p_xgb": 0.9912245869636536, "date": "2026-02-19"}}, {"type": "Feature", "geometry": {"type": "Point", "coordinates": [-82.39166666837201, 35.650000000571005]}, "properties": {"p_logistic": 0.4762125015258789, "p_rf": 0.578000009059906, "p_xgb": 0.9917619228363037, "date": "2026-02-19"}}, {"type": "Feature", "geometry": {"type": "Point", "coordinates": [-82.38333333503903, 35.650000000571005]}, "properties": {"p_logistic": 0.4754423499107361, "p_rf": 0.5839999914169312, "p_xgb": 0.9946061968803406, "date": "2026-02-19"}}, {"type": "Feature", "geometry": {"type": "Point", "coordinates": [-82.37500000170601, 35.650000000571005]}, "properties": {"p_logistic": 0.4752413034439087, "p_rf": 0.6460000276565552, "p_xgb": 0.9955686926841736, "date": "2026-02-19"}}, {"type": "Feature", "geometry": {"type": "Point", "coordinates": [-82.36666666837301, 35.650000000571005]}, "properties": {"p_logistic": 0.4750484228134155, "p_rf": 0.6439999938011169, "p_xgb": 0.9951074123382568, "date": "2026-02-19"}}, {"type": "Feature", "geometry": {"type": "Point", "coordinates": [-82.35833333504002, 35.650000000571005]}, "properties": {"p_logistic": 0.47539952397346497, "p_rf": 0.7620000243186951, "p_xgb": 0.9955119490623474, "date": "2026-02-19"}}, {"type": "Feature", "geometry": {"type": "Point", "coordinates": [-82.35000000170702, 35.650000000571005]}, "properties": {"p_logistic": 0.4756224453449249, "p_rf": 0.7519999742507935, "p_xgb": 0.995194137096405, "date": "2026-02-19"}}, {"type": "Feature", "geometry": {"type": "Point", "coordinates": [-82.34166666837402, 35.650000000571005]}, "properties": {"p_logistic": 0.4756178855895996, "p_rf": 0.75, "p_xgb": 0.995194137096405, "date": "2026-02-19"}}, {"type": "Feature", "geometry": {"type": "Point", "coordinates": [-82.33333333504102, 35.650000000571005]}, "properties": {"p_logistic": 0.47736239433288574, "p_rf": 0.8259999752044678, "p_xgb": 0.9967393279075623, "date": "2026-02-19"}}, {"type": "Feature", "geometry": {"type": "Point", "coordinates": [-82.32500000170802, 35.650000000571005]}, "properties": {"p_logistic": 0.479145884513855, "p_rf": 0.7239999771118164, "p_xgb": 0.9910565614700317, "date": "2026-02-19"}}, {"type": "Feature", "geometry": {"type": "Point", "coordinates": [-82.31666666837502, 35.650000000571005]}, "properties": {"p_logistic": 0.4810181260108948, "p_rf": 0.7020000219345093, "p_xgb": 0.9904600381851196, "date": "2026-02-19"}}, {"type": "Feature", "geometry": {"type": "Point", "coordinates": [-82.30833333504202, 35.650000000571005]}, "properties": {"p_logistic": 0.48275527358055115, "p_rf": 0.656000018119812, "p_xgb": 0.991869330406189, "date": "2026-02-19"}}, {"type": "Feature", "geometry": {"type": "Point", "coordinates": [-82.30000000170901, 35.650000000571005]}, "properties": {"p_logistic": 0.4832674264907837, "p_rf": 0.5759999752044678, "p_xgb": 0.9916244149208069, "date": "2026-02-19"}}, {"type": "Feature", "geometry": {"type": "Point", "coordinates": [-82.29166666837602, 35.650000000571005]}, "properties": {"p_logistic": 0.48325595259666443, "p_rf": 0.5839999914169312, "p_xgb": 0.9916244149208069, "date": "2026-02-19"}}, {"type": "Feature", "geometry": {"type": "Point", "coordinates": [-82.86666666835302, 35.641666667238006]}, "properties": {"p_logistic": 0.47474902868270874, "p_rf": 0.8299999833106995, "p_xgb": 0.996402382850647, "date": "2026-02-19"}}, {"type": "Feature", "geometry": {"type": "Point", "coordinates": [-82.85833333502002, 35.641666667238006]}, "properties": {"p_logistic": 0.47612741589546204, "p_rf": 0.8119999766349792, "p_xgb": 0.9955763816833496, "date": "2026-02-19"}}, {"type": "Feature", "geometry": {"type": "Point", "coordinates": [-82.85000000168702, 35.641666667238006]}, "properties": {"p_logistic": 0.4780070185661316, "p_rf": 0.7379999756813049, "p_xgb": 0.9979363679885864, "date": "2026-02-19"}}, {"type": "Feature", "geometry": {"type": "Point", "coordinates": [-82.84166666835401, 35.641666667238006]}, "properties": {"p_logistic": 0.47972211241722107, "p_rf": 0.800000011920929, "p_xgb": 0.998722493648529, "date": "2026-02-19"}}, {"type": "Feature", "geometry": {"type": "Point", "coordinates": [-82.83333333502102, 35.641666667238006]}, "properties": {"p_logistic": 0.4805346131324768, "p_rf": 0.7440000176429749, "p_xgb": 0.9983459711074829, "date": "2026-02-19"}}, {"type": "Feature", "geometry": {"type": "Point", "coordinates": [-82.82500000168801, 35.641666667238006]}, "properties": {"p_logistic": 0.4807549715042114, "p_rf": 0.7400000095367432, "p_xgb": 0.9984096884727478, "date": "2026-02-19"}}, {"type": "Feature", "geometry": {"type": "Point", "coordinates": [-82.81666666835503, 35.641666667238006]}, "properties": {"p_logistic": 0.4814331531524658, "p_rf": 0.7099999785423279, "p_xgb": 0.9987689852714539, "date": "2026-02-19"}}, {"type": "Feature", "geometry": {"type": "Point", "coordinates": [-82.80833333502201, 35.641666667238006]}, "properties": {"p_logistic": 0.4821685254573822, "p_rf": 0.6299999952316284, "p_xgb": 0.998920202255249, "date": "2026-02-19"}}, {"type": "Feature", "geometry": {"type": "Point", "coordinates": [-82.80000000168901, 35.641666667238006]}, "properties": {"p_logistic": 0.48231688141822815, "p_rf": 0.6420000195503235, "p_xgb": 0.998920202255249, "date": "2026-02-19"}}, {"type": "Feature", "geometry": {"type": "Point", "coordinates": [-82.79166666835602, 35.641666667238006]}, "properties": {"p_logistic": 0.4820379912853241, "p_rf": 0.6880000233650208, "p_xgb": 0.9976734519004822, "date": "2026-02-19"}}, {"type": "Feature", "geometry": {"type": "Point", "coordinates": [-82.78333333502302, 35.641666667238006]}, "properties": {"p_logistic": 0.48263344168663025, "p_rf": 0.7039999961853027, "p_xgb": 0.9981138706207275, "date": "2026-02-19"}}, {"type": "Feature", "geometry": {"type": "Point", "coordinates": [-82.77500000169002, 35.641666667238006]}, "properties": {"p_logistic": 0.48248982429504395, "p_rf": 0.6859999895095825, "p_xgb": 0.9984645843505859, "date": "2026-02-19"}}, {"type": "Feature", "geometry": {"type": "Point", "coordinates": [-82.76666666835702, 35.641666667238006]}, "properties": {"p_logistic": 0.48240503668785095, "p_rf": 0.6959999799728394, "p_xgb": 0.99842369556427, "date": "2026-02-19"}}, {"type": "Feature", "geometry": {"type": "Point", "coordinates": [-82.75833333502402, 35.641666667238006]}, "properties": {"p_logistic": 0.48256200551986694, "p_rf": 0.7039999961853027, "p_xgb": 0.9987694621086121, "date": "2026-02-19"}}, {"type": "Feature", "geometry": {"type": "Point", "coordinates": [-82.75000000169102, 35.641666667238006]}, "properties": {"p_logistic": 0.4832203984260559, "p_rf": 0.699999988079071, "p_xgb": 0.9987694621086121, "date": "2026-02-19"}}, {"type": "Feature", "geometry": {"type": "Point", "coordinates": [-82.74166666835802, 35.641666667238006]}, "properties": {"p_logistic": 0.483842670917511, "p_rf": 0.699999988079071, "p_xgb": 0.9987694621086121, "date": "2026-02-19"}}, {"type": "Feature", "geometry": {"type": "Point", "coordinates": [-82.73333333502501, 35.641666667238006]}, "properties": {"p_logistic": 0.48468077182769775, "p_rf": 0.6880000233650208, "p_xgb": 0.9984819293022156, "date": "2026-02-19"}}, {"type": "Feature", "geometry": {"type": "Point", "coordinates": [-82.72500000169202, 35.641666667238006]}, "properties": {"p_logistic": 0.48548853397369385, "p_rf": 0.6679999828338623, "p_xgb": 0.9984410405158997, "date": "2026-02-19"}}, {"type": "Feature", "geometry": {"type": "Point", "coordinates": [-82.71666666835901, 35.641666667238006]}, "properties": {"p_logistic": 0.48593029379844666, "p_rf": 0.6240000128746033, "p_xgb": 0.9984410405158997, "date": "2026-02-19"}}, {"type": "Feature", "geometry": {"type": "Point", "coordinates": [-82.70833333502603, 35.641666667238006]}, "properties": {"p_logistic": 0.4859222173690796, "p_rf": 0.6079999804496765, "p_xgb": 0.9984410405158997, "date": "2026-02-19"}}, {"type": "Feature", "geometry": {"type": "Point", "coordinates": [-82.70000000169301, 35.641666667238006]}, "properties": {"p_logistic": 0.48555222153663635, "p_rf": 0.6019999980926514, "p_xgb": 0.9984354376792908, "date": "2026-02-19"}}, {"type": "Feature", "geometry": {"type": "Point", "coordinates": [-82.69166666836001, 35.641666667238006]}, "properties": {"p_logistic": 0.48514270782470703, "p_rf": 0.5860000252723694, "p_xgb": 0.9982013702392578, "date": "2026-02-19"}}, {"type": "Feature", "geometry": {"type": "Point", "coordinates": [-82.68333333502702, 35.641666667238006]}, "properties": {"p_logistic": 0.4847862422466278, "p_rf": 0.6000000238418579, "p_xgb": 0.9982078075408936, "date": "2026-02-19"}}, {"type": "Feature", "geometry": {"type": "Point", "coordinates": [-82.67500000169402, 35.641666667238006]}, "properties": {"p_logistic": 0.48439279198646545, "p_rf": 0.6420000195503235, "p_xgb": 0.9982078075408936, "date": "2026-02-19"}}, {"type": "Feature", "geometry": {"type": "Point", "coordinates": [-82.66666666836102, 35.641666667238006]}, "properties": {"p_logistic": 0.4844847023487091, "p_rf": 0.6800000071525574, "p_xgb": 0.9987694621086121, "date": "2026-02-19"}}, {"type": "Feature", "geometry": {"type": "Point", "coordinates": [-82.65833333502802, 35.641666667238006]}, "properties": {"p_logistic": 0.48473379015922546, "p_rf": 0.7099999785423279, "p_xgb": 0.9987694621086121, "date": "2026-02-19"}}, {"type": "Feature", "geometry": {"type": "Point", "coordinates": [-82.65000000169502, 35.641666667238006]}, "properties": {"p_logistic": 0.48496299982070923, "p_rf": 0.7139999866485596, "p_xgb": 0.9987694621086121, "date": "2026-02-19"}}, {"type": "Feature", "geometry": {"type": "Point", "coordinates": [-82.64166666836202, 35.641666667238006]}, "properties": {"p_logistic": 0.48489001393318176, "p_rf": 0.7160000205039978, "p_xgb": 0.9987223744392395, "date": "2026-02-19"}}, {"type": "Feature", "geometry": {"type": "Point", "coordinates": [-82.63333333502902, 35.641666667238006]}, "properties": {"p_logistic": 0.48460203409194946, "p_rf": 0.7020000219345093, "p_xgb": 0.9985312223434448, "date": "2026-02-19"}}, {"type": "Feature", "geometry": {"type": "Point", "coordinates": [-82.62500000169601, 35.641666667238006]}, "properties": {"p_logistic": 0.48415476083755493, "p_rf": 0.6980000138282776, "p_xgb": 0.9981575608253479, "date": "2026-02-19"}}, {"type": "Feature", "geometry": {"type": "Point", "coordinates": [-82.61666666836302, 35.641666667238006]}, "properties": {"p_logistic": 0.48341166973114014, "p_rf": 0.7020000219345093, "p_xgb": 0.9981575608253479, "date": "2026-02-19"}}, {"type": "Feature", "geometry": {"type": "Point", "coordinates": [-82.60833333503001, 35.641666667238006]}, "properties": {"p_logistic": 0.4825436770915985, "p_rf": 0.699999988079071, "p_xgb": 0.9981575608253479, "date": "2026-02-19"}}, {"type": "Feature", "geometry": {"type": "Point", "coordinates": [-82.60000000169703, 35.641666667238006]}, "properties": {"p_logistic": 0.48155608773231506, "p_rf": 0.699999988079071, "p_xgb": 0.9980658888816833, "date": "2026-02-19"}}, {"type": "Feature", "geometry": {"type": "Point", "coordinates": [-82.59166666836401, 35.641666667238006]}, "properties": {"p_logistic": 0.4800880253314972, "p_rf": 0.6899999976158142, "p_xgb": 0.9980658888816833, "date": "2026-02-19"}}, {"type": "Feature", "geometry": {"type": "Point", "coordinates": [-82.58333333503101, 35.641666667238006]}, "properties": {"p_logistic": 0.4787594974040985, "p_rf": 0.6899999976158142, "p_xgb": 0.9980658888816833, "date": "2026-02-19"}}, {"type": "Feature", "geometry": {"type": "Point", "coordinates": [-82.57500000169802, 35.641666667238006]}, "properties": {"p_logistic": 0.47811540961265564, "p_rf": 0.6859999895095825, "p_xgb": 0.9927064776420593, "date": "2026-02-19"}}, {"type": "Feature", "geometry": {"type": "Point", "coordinates": [-82.56666666836502, 35.641666667238006]}, "properties": {"p_logistic": 0.47798800468444824, "p_rf": 0.6800000071525574, "p_xgb": 0.9927064776420593, "date": "2026-02-19"}}, {"type": "Feature", "geometry": {"type": "Point", "coordinates": [-82.55833333503202, 35.641666667238006]}, "properties": {"p_logistic": 0.47884809970855713, "p_rf": 0.6740000247955322, "p_xgb": 0.9980658888816833, "date": "2026-02-19"}}, {"type": "Feature", "geometry": {"type": "Point", "coordinates": [-82.55000000169902, 35.641666667238006]}, "properties": {"p_logistic": 0.47994932532310486, "p_rf": 0.6880000233650208, "p_xgb": 0.9980658888816833, "date": "2026-02-19"}}, {"type": "Feature", "geometry": {"type": "Point", "coordinates": [-82.54166666836602, 35.641666667238006]}, "properties": {"p_logistic": 0.481365829706192, "p_rf": 0.7020000219345093, "p_xgb": 0.9981575608253479, "date": "2026-02-19"}}, {"type": "Feature", "geometry": {"type": "Point", "coordinates": [-82.53333333503302, 35.641666667238006]}, "properties": {"p_logistic": 0.482830286026001, "p_rf": 0.7179999947547913, "p_xgb": 0.9983972907066345, "date": "2026-02-19"}}, {"type": "Feature", "geometry": {"type": "Point", "coordinates": [-82.52500000170002, 35.641666667238006]}, "properties": {"p_logistic": 0.48436257243156433, "p_rf": 0.7260000109672546, "p_xgb": 0.9983972907066345, "date": "2026-02-19"}}, {"type": "Feature", "geometry": {"type": "Point", "coordinates": [-82.51666666836701, 35.641666667238006]}, "properties": {"p_logistic": 0.4854591190814972, "p_rf": 0.7099999785423279, "p_xgb": 0.997996985912323, "date": "2026-02-19"}}, {"type": "Feature", "geometry": {"type": "Point", "coordinates": [-82.50833333503402, 35.641666667238006]}, "properties": {"p_logistic": 0.4864206314086914, "p_rf": 0.7580000162124634, "p_xgb": 0.9991719722747803, "date": "2026-02-19"}}, {"type": "Feature", "geometry": {"type": "Point", "coordinates": [-82.50000000170101, 35.641666667238006]}, "properties": {"p_logistic": 0.4875067174434662, "p_rf": 0.8379999995231628, "p_xgb": 0.9989801049232483, "date": "2026-02-19"}}, {"type": "Feature", "geometry": {"type": "Point", "coordinates": [-82.49166666836803, 35.641666667238006]}, "properties": {"p_logistic": 0.48756372928619385, "p_rf": 0.8420000076293945, "p_xgb": 0.9989801049232483, "date": "2026-02-19"}}, {"type": "Feature", "geometry": {"type": "Point", "coordinates": [-82.48333333503501, 35.641666667238006]}, "properties": {"p_logistic": 0.4870498478412628, "p_rf": 0.765999972820282, "p_xgb": 0.9986441731452942, "date": "2026-02-19"}}, {"type": "Feature", "geometry": {"type": "Point", "coordinates": [-82.47500000170201, 35.641666667238006]}, "properties": {"p_logistic": 0.48627158999443054, "p_rf": 0.7379999756813049, "p_xgb": 0.9987332224845886, "date": "2026-02-19"}}, {"type": "Feature", "geometry": {"type": "Point", "coordinates": [-82.46666666836902, 35.641666667238006]}, "properties": {"p_logistic": 0.48508334159851074, "p_rf": 0.7160000205039978, "p_xgb": 0.9963334798812866, "date": "2026-02-19"}}, {"type": "Feature", "geometry": {"type": "Point", "coordinates": [-82.45833333503602, 35.641666667238006]}, "properties": {"p_logistic": 0.4844153821468353, "p_rf": 0.7120000123977661, "p_xgb": 0.9960764050483704, "date": "2026-02-19"}}, {"type": "Feature", "geometry": {"type": "Point", "coordinates": [-82.45000000170302, 35.641666667238006]}, "properties": {"p_logistic": 0.4835346043109894, "p_rf": 0.7099999785423279, "p_xgb": 0.9955112934112549, "date": "2026-02-19"}}, {"type": "Feature", "geometry": {"type": "Point", "coordinates": [-82.44166666837002, 35.641666667238006]}, "properties": {"p_logistic": 0.48266464471817017, "p_rf": 0.6980000138282776, "p_xgb": 0.9945194125175476, "date": "2026-02-19"}}, {"type": "Feature", "geometry": {"type": "Point", "coordinates": [-82.43333333503702, 35.641666667238006]}, "properties": {"p_logistic": 0.48195430636405945, "p_rf": 0.6660000085830688, "p_xgb": 0.9934234619140625, "date": "2026-02-19"}}, {"type": "Feature", "geometry": {"type": "Point", "coordinates": [-82.42500000170402, 35.641666667238006]}, "properties": {"p_logistic": 0.48144370317459106, "p_rf": 0.6200000047683716, "p_xgb": 0.9835257530212402, "date": "2026-02-19"}}, {"type": "Feature", "geometry": {"type": "Point", "coordinates": [-82.41666666837102, 35.641666667238006]}, "properties": {"p_logistic": 0.4807950258255005, "p_rf": 0.6039999723434448, "p_xgb": 0.9840240478515625, "date": "2026-02-19"}}, {"type": "Feature", "geometry": {"type": "Point", "coordinates": [-82.40833333503801, 35.641666667238006]}, "properties": {"p_logistic": 0.48042944073677063, "p_rf": 0.5920000076293945, "p_xgb": 0.9941098690032959, "date": "2026-02-19"}}, {"type": "Feature", "geometry": {"type": "Point", "coordinates": [-82.40000000170502, 35.641666667238006]}, "properties": {"p_logistic": 0.4797276556491852, "p_rf": 0.578000009059906, "p_xgb": 0.993121325969696, "date": "2026-02-19"}}, {"type": "Feature", "geometry": {"type": "Point", "coordinates": [-82.39166666837201, 35.641666667238006]}, "properties": {"p_logistic": 0.47896647453308105, "p_rf": 0.5759999752044678, "p_xgb": 0.9912245869636536, "date": "2026-02-19"}}, {"type": "Feature", "geometry": {"type": "Point", "coordinates": [-82.38333333503903, 35.641666667238006]}, "properties": {"p_logistic": 0.4783448874950409, "p_rf": 0.5879999995231628, "p_xgb": 0.9917619228363037, "date": "2026-02-19"}}, {"type": "Feature", "geometry": {"type": "Point", "coordinates": [-82.37500000170601, 35.641666667238006]}, "properties": {"p_logistic": 0.47817233204841614, "p_rf": 0.5920000076293945, "p_xgb": 0.9946061968803406, "date": "2026-02-19"}}, {"type": "Feature", "geometry": {"type": "Point", "coordinates": [-82.36666666837301, 35.641666667238006]}, "properties": {"p_logistic": 0.4785959720611572, "p_rf": 0.628000020980835, "p_xgb": 0.9946061968803406, "date": "2026-02-19"}}, {"type": "Feature", "geometry": {"type": "Point", "coordinates": [-82.35833333504002, 35.641666667238006]}, "properties": {"p_logistic": 0.4782683551311493, "p_rf": 0.6660000085830688, "p_xgb": 0.9946061968803406, "date": "2026-02-19"}}, {"type": "Feature", "geometry": {"type": "Point", "coordinates": [-82.35000000170702, 35.641666667238006]}, "properties": {"p_logistic": 0.4782341420650482, "p_rf": 0.7300000190734863, "p_xgb": 0.9963226318359375, "date": "2026-02-19"}}, {"type": "Feature", "geometry": {"type": "Point", "coordinates": [-82.34166666837402, 35.641666667238006]}, "properties": {"p_logistic": 0.4783385694026947, "p_rf": 0.7739999890327454, "p_xgb": 0.9963517189025879, "date": "2026-02-19"}}, {"type": "Feature", "geometry": {"type": "Point", "coordinates": [-82.33333333504102, 35.641666667238006]}, "properties": {"p_logistic": 0.4785411059856415, "p_rf": 0.7599999904632568, "p_xgb": 0.9962853193283081, "date": "2026-02-19"}}, {"type": "Feature", "geometry": {"type": "Point", "coordinates": [-82.32500000170802, 35.641666667238006]}, "properties": {"p_logistic": 0.4789063036441803, "p_rf": 0.8379999995231628, "p_xgb": 0.9967393279075623, "date": "2026-02-19"}}, {"type": "Feature", "geometry": {"type": "Point", "coordinates": [-82.31666666837502, 35.641666667238006]}, "properties": {"p_logistic": 0.4797237813472748, "p_rf": 0.7860000133514404, "p_xgb": 0.9967393279075623, "date": "2026-02-19"}}, {"type": "Feature", "geometry": {"type": "Point", "coordinates": [-82.30833333504202, 35.641666667238006]}, "properties": {"p_logistic": 0.48134133219718933, "p_rf": 0.7120000123977661, "p_xgb": 0.9793702960014343, "date": "2026-02-19"}}, {"type": "Feature", "geometry": {"type": "Point", "coordinates": [-82.30000000170901, 35.641666667238006]}, "properties": {"p_logistic": 0.48159685730934143, "p_rf": 0.7059999704360962, "p_xgb": 0.9784793257713318, "date": "2026-02-19"}}, {"type": "Feature", "geometry": {"type": "Point", "coordinates": [-82.29166666837602, 35.641666667238006]}, "properties": {"p_logistic": 0.4805717170238495, "p_rf": 0.7059999704360962, "p_xgb": 0.9844942688941956, "date": "2026-02-19"}}, {"type": "Feature", "geometry": {"type": "Point", "coordinates": [-82.28333333504301, 35.641666667238006]}, "properties": {"p_logistic": 0.4816300570964813, "p_rf": 0.7799999713897705, "p_xgb": 0.9926880598068237, "date": "2026-02-19"}}, {"type": "Feature", "geometry": {"type": "Point", "coordinates": [-82.85000000168702, 35.633333333905]}, "properties": {"p_logistic": 0.4783075451850891, "p_rf": 0.7300000190734863, "p_xgb": 0.9955368041992188, "date": "2026-02-19"}}, {"type": "Feature", "geometry": {"type": "Point", "coordinates": [-82.84166666835401, 35.633333333905]}, "properties": {"p_logistic": 0.4798332154750824, "p_rf": 0.8220000267028809, "p_xgb": 0.998722493648529, "date": "2026-02-19"}}, {"type": "Feature", "geometry": {"type": "Point", "coordinates": [-82.83333333502102, 35.633333333905]}, "properties": {"p_logistic": 0.48062664270401, "p_rf": 0.8140000104904175, "p_xgb": 0.998722493648529, "date": "2026-02-19"}}, {"type": "Feature", "geometry": {"type": "Point", "coordinates": [-82.82500000168801, 35.633333333905]}, "properties": {"p_logistic": 0.4809266924858093, "p_rf": 0.8159999847412109, "p_xgb": 0.998722493648529, "date": "2026-02-19"}}, {"type": "Feature", "geometry": {"type": "Point", "coordinates": [-82.81666666835503, 35.633333333905]}, "properties": {"p_logistic": 0.481602281332016, "p_rf": 0.8040000200271606, "p_xgb": 0.998722493648529, "date": "2026-02-19"}}, {"type": "Feature", "geometry": {"type": "Point", "coordinates": [-82.80833333502201, 35.633333333905]}, "properties": {"p_logistic": 0.4824041724205017, "p_rf": 0.7459999918937683, "p_xgb": 0.999104917049408, "date": "2026-02-19"}}, {"type": "Feature", "geometry": {"type": "Point", "coordinates": [-82.80000000168901, 35.633333333905]}, "properties": {"p_logistic": 0.4828170835971832, "p_rf": 0.6520000100135803, "p_xgb": 0.998920202255249, "date": "2026-02-19"}}, {"type": "Feature", "geometry": {"type": "Point", "coordinates": [-82.79166666835602, 35.633333333905]}, "properties": {"p_logistic": 0.4823424220085144, "p_rf": 0.7020000219345093, "p_xgb": 0.998920202255249, "date": "2026-02-19"}}, {"type": "Feature", "geometry": {"type": "Point", "coordinates": [-82.78333333502302, 35.633333333905]}, "properties": {"p_logistic": 0.4825398921966553, "p_rf": 0.7139999866485596, "p_xgb": 0.9991477727890015, "date": "2026-02-19"}}, {"type": "Feature", "geometry": {"type": "Point", "coordinates": [-82.77500000169002, 35.633333333905]}, "properties": {"p_logistic": 0.4820631742477417, "p_rf": 0.7039999961853027, "p_xgb": 0.9984962940216064, "date": "2026-02-19"}}, {"type": "Feature", "geometry": {"type": "Point", "coordinates": [-82.76666666835702, 35.633333333905]}, "properties": {"p_logistic": 0.48186439275741577, "p_rf": 0.6840000152587891, "p_xgb": 0.9984645843505859, "date": "2026-02-19"}}, {"type": "Feature", "geometry": {"type": "Point", "coordinates": [-82.75833333502402, 35.633333333905]}, "properties": {"p_logistic": 0.4820639491081238, "p_rf": 0.6959999799728394, "p_xgb": 0.9984816908836365, "date": "2026-02-19"}}, {"type": "Feature", "geometry": {"type": "Point", "coordinates": [-82.75000000169102, 35.633333333905]}, "properties": {"p_logistic": 0.48266100883483887, "p_rf": 0.7039999961853027, "p_xgb": 0.9987694621086121, "date": "2026-02-19"}}, {"type": "Feature", "geometry": {"type": "Point", "coordinates": [-82.74166666835802, 35.633333333905]}, "properties": {"p_logistic": 0.48368358612060547, "p_rf": 0.7020000219345093, "p_xgb": 0.9987694621086121, "date": "2026-02-19"}}, {"type": "Feature", "geometry": {"type": "Point", "coordinates": [-82.73333333502501, 35.633333333905]}, "properties": {"p_logistic": 0.48473575711250305, "p_rf": 0.671999990940094, "p_xgb": 0.9984410405158997, "date": "2026-02-19"}}, {"type": "Feature", "geometry": {"type": "Point", "coordinates": [-82.72500000169202, 35.633333333905]}, "properties": {"p_logistic": 0.48576289415359497, "p_rf": 0.628000020980835, "p_xgb": 0.9984410405158997, "date": "2026-02-19"}}, {"type": "Feature", "geometry": {"type": "Point", "coordinates": [-82.71666666835901, 35.633333333905]}, "properties": {"p_logistic": 0.486141562461853, "p_rf": 0.6100000143051147, "p_xgb": 0.9984410405158997, "date": "2026-02-19"}}, {"type": "Feature", "geometry": {"type": "Point", "coordinates": [-82.70833333502603, 35.633333333905]}, "properties": {"p_logistic": 0.48611336946487427, "p_rf": 0.6039999723434448, "p_xgb": 0.9984410405158997, "date": "2026-02-19"}}, {"type": "Feature", "geometry": {"type": "Point", "coordinates": [-82.70000000169301, 35.633333333905]}, "properties": {"p_logistic": 0.48600834608078003, "p_rf": 0.6060000061988831, "p_xgb": 0.9984354376792908, "date": "2026-02-19"}}, {"type": "Feature", "geometry": {"type": "Point", "coordinates": [-82.69166666836001, 35.633333333905]}, "properties": {"p_logistic": 0.48587819933891296, "p_rf": 0.6079999804496765, "p_xgb": 0.9984354376792908, "date": "2026-02-19"}}, {"type": "Feature", "geometry": {"type": "Point", "coordinates": [-82.68333333502702, 35.633333333905]}, "properties": {"p_logistic": 0.4857245683670044, "p_rf": 0.6079999804496765, "p_xgb": 0.9984410405158997, "date": "2026-02-19"}}, {"type": "Feature", "geometry": {"type": "Point", "coordinates": [-82.67500000169402, 35.633333333905]}, "properties": {"p_logistic": 0.4848599135875702, "p_rf": 0.6299999952316284, "p_xgb": 0.9984410405158997, "date": "2026-02-19"}}, {"type": "Feature", "geometry": {"type": "Point", "coordinates": [-82.66666666836102, 35.633333333905]}, "properties": {"p_logistic": 0.4849133789539337, "p_rf": 0.6660000085830688, "p_xgb": 0.9984410405158997, "date": "2026-02-19"}}, {"type": "Feature", "geometry": {"type": "Point", "coordinates": [-82.65833333502802, 35.633333333905]}, "properties": {"p_logistic": 0.48493093252182007, "p_rf": 0.6919999718666077, "p_xgb": 0.9987694621086121, "date": "2026-02-19"}}, {"type": "Feature", "geometry": {"type": "Point", "coordinates": [-82.65000000169502, 35.633333333905]}, "properties": {"p_logistic": 0.4851151704788208, "p_rf": 0.6940000057220459, "p_xgb": 0.9987694621086121, "date": "2026-02-19"}}, {"type": "Feature", "geometry": {"type": "Point", "coordinates": [-82.64166666836202, 35.633333333905]}, "properties": {"p_logistic": 0.48493921756744385, "p_rf": 0.6940000057220459, "p_xgb": 0.9987694621086121, "date": "2026-02-19"}}, {"type": "Feature", "geometry": {"type": "Point", "coordinates": [-82.63333333502902, 35.633333333905]}, "properties": {"p_logistic": 0.48462915420532227, "p_rf": 0.7059999704360962, "p_xgb": 0.9987694621086121, "date": "2026-02-19"}}, {"type": "Feature", "geometry": {"type": "Point", "coordinates": [-82.62500000169601, 35.633333333905]}, "properties": {"p_logistic": 0.4840439260005951, "p_rf": 0.7080000042915344, "p_xgb": 0.9987223744392395, "date": "2026-02-19"}}, {"type": "Feature", "geometry": {"type": "Point", "coordinates": [-82.61666666836302, 35.633333333905]}, "properties": {"p_logistic": 0.48336198925971985, "p_rf": 0.699999988079071, "p_xgb": 0.9981575608253479, "date": "2026-02-19"}}, {"type": "Feature", "geometry": {"type": "Point", "coordinates": [-82.60833333503001, 35.633333333905]}, "properties": {"p_logistic": 0.4829123914241791, "p_rf": 0.6980000138282776, "p_xgb": 0.9981575608253479, "date": "2026-02-19"}}, {"type": "Feature", "geometry": {"type": "Point", "coordinates": [-82.60000000169703, 35.633333333905]}, "properties": {"p_logistic": 0.4826771020889282, "p_rf": 0.6859999895095825, "p_xgb": 0.9981575608253479, "date": "2026-02-19"}}, {"type": "Feature", "geometry": {"type": "Point", "coordinates": [-82.59166666836401, 35.633333333905]}, "properties": {"p_logistic": 0.4823257625102997, "p_rf": 0.6679999828338623, "p_xgb": 0.9980658888816833, "date": "2026-02-19"}}, {"type": "Feature", "geometry": {"type": "Point", "coordinates": [-82.58333333503101, 35.633333333905]}, "properties": {"p_logistic": 0.48229196667671204, "p_rf": 0.6600000262260437, "p_xgb": 0.9984580278396606, "date": "2026-02-19"}}, {"type": "Feature", "geometry": {"type": "Point", "coordinates": [-82.57500000169802, 35.633333333905]}, "properties": {"p_logistic": 0.4824041426181793, "p_rf": 0.656000018119812, "p_xgb": 0.9984580278396606, "date": "2026-02-19"}}, {"type": "Feature", "geometry": {"type": "Point", "coordinates": [-82.56666666836502, 35.633333333905]}, "properties": {"p_logistic": 0.48225241899490356, "p_rf": 0.6399999856948853, "p_xgb": 0.998167872428894, "date": "2026-02-19"}}, {"type": "Feature", "geometry": {"type": "Point", "coordinates": [-82.55833333503202, 35.633333333905]}, "properties": {"p_logistic": 0.4820837378501892, "p_rf": 0.6399999856948853, "p_xgb": 0.9981185793876648, "date": "2026-02-19"}}, {"type": "Feature", "geometry": {"type": "Point", "coordinates": [-82.55000000169902, 35.633333333905]}, "properties": {"p_logistic": 0.48198798298835754, "p_rf": 0.6380000114440918, "p_xgb": 0.9982078075408936, "date": "2026-02-19"}}, {"type": "Feature", "geometry": {"type": "Point", "coordinates": [-82.54166666836602, 35.633333333905]}, "properties": {"p_logistic": 0.4828651547431946, "p_rf": 0.6679999828338623, "p_xgb": 0.9984238147735596, "date": "2026-02-19"}}, {"type": "Feature", "geometry": {"type": "Point", "coordinates": [-82.53333333503302, 35.633333333905]}, "properties": {"p_logistic": 0.48422113060951233, "p_rf": 0.6919999718666077, "p_xgb": 0.9987223744392395, "date": "2026-02-19"}}, {"type": "Feature", "geometry": {"type": "Point", "coordinates": [-82.52500000170002, 35.633333333905]}, "properties": {"p_logistic": 0.485603004693985, "p_rf": 0.7020000219345093, "p_xgb": 0.9980227947235107, "date": "2026-02-19"}}, {"type": "Feature", "geometry": {"type": "Point", "coordinates": [-82.51666666836701, 35.633333333905]}, "properties": {"p_logistic": 0.4867253005504608, "p_rf": 0.7099999785423279, "p_xgb": 0.9982377290725708, "date": "2026-02-19"}}, {"type": "Feature", "geometry": {"type": "Point", "coordinates": [-82.50833333503402, 35.633333333905]}, "properties": {"p_logistic": 0.48789915442466736, "p_rf": 0.7519999742507935, "p_xgb": 0.9992037415504456, "date": "2026-02-19"}}, {"type": "Feature", "geometry": {"type": "Point", "coordinates": [-82.50000000170101, 35.633333333905]}, "properties": {"p_logistic": 0.4886781871318817, "p_rf": 0.777999997138977, "p_xgb": 0.9993605017662048, "date": "2026-02-19"}}, {"type": "Feature", "geometry": {"type": "Point", "coordinates": [-82.49166666836803, 35.633333333905]}, "properties": {"p_logistic": 0.48877212405204773, "p_rf": 0.7580000162124634, "p_xgb": 0.9991719722747803, "date": "2026-02-19"}}, {"type": "Feature", "geometry": {"type": "Point", "coordinates": [-82.48333333503501, 35.633333333905]}, "properties": {"p_logistic": 0.48840636014938354, "p_rf": 0.7360000014305115, "p_xgb": 0.9972707629203796, "date": "2026-02-19"}}, {"type": "Feature", "geometry": {"type": "Point", "coordinates": [-82.47500000170201, 35.633333333905]}, "properties": {"p_logistic": 0.4879651665687561, "p_rf": 0.7160000205039978, "p_xgb": 0.9970176219940186, "date": "2026-02-19"}}, {"type": "Feature", "geometry": {"type": "Point", "coordinates": [-82.46666666836902, 35.633333333905]}, "properties": {"p_logistic": 0.4872734844684601, "p_rf": 0.7260000109672546, "p_xgb": 0.9969382286071777, "date": "2026-02-19"}}, {"type": "Feature", "geometry": {"type": "Point", "coordinates": [-82.45833333503602, 35.633333333905]}, "properties": {"p_logistic": 0.4865286648273468, "p_rf": 0.7260000109672546, "p_xgb": 0.9968564510345459, "date": "2026-02-19"}}, {"type": "Feature", "geometry": {"type": "Point", "coordinates": [-82.45000000170302, 35.633333333905]}, "properties": {"p_logistic": 0.4855668544769287, "p_rf": 0.7179999947547913, "p_xgb": 0.9968564510345459, "date": "2026-02-19"}}, {"type": "Feature", "geometry": {"type": "Point", "coordinates": [-82.44166666837002, 35.633333333905]}, "properties": {"p_logistic": 0.48473814129829407, "p_rf": 0.7059999704360962, "p_xgb": 0.9951624274253845, "date": "2026-02-19"}}, {"type": "Feature", "geometry": {"type": "Point", "coordinates": [-82.43333333503702, 35.633333333905]}, "properties": {"p_logistic": 0.48403069376945496, "p_rf": 0.6880000233650208, "p_xgb": 0.9938355088233948, "date": "2026-02-19"}}, {"type": "Feature", "geometry": {"type": "Point", "coordinates": [-82.42500000170402, 35.633333333905]}, "properties": {"p_logistic": 0.48356762528419495, "p_rf": 0.6919999718666077, "p_xgb": 0.9945194125175476, "date": "2026-02-19"}}, {"type": "Feature", "geometry": {"type": "Point", "coordinates": [-82.41666666837102, 35.633333333905]}, "properties": {"p_logistic": 0.48329055309295654, "p_rf": 0.7059999704360962, "p_xgb": 0.9945194125175476, "date": "2026-02-19"}}, {"type": "Feature", "geometry": {"type": "Point", "coordinates": [-82.40833333503801, 35.633333333905]}, "properties": {"p_logistic": 0.48258283734321594, "p_rf": 0.6859999895095825, "p_xgb": 0.9936861395835876, "date": "2026-02-19"}}, {"type": "Feature", "geometry": {"type": "Point", "coordinates": [-82.40000000170502, 35.633333333905]}, "properties": {"p_logistic": 0.481770396232605, "p_rf": 0.5899999737739563, "p_xgb": 0.9840240478515625, "date": "2026-02-19"}}, {"type": "Feature", "geometry": {"type": "Point", "coordinates": [-82.39166666837201, 35.633333333905]}, "properties": {"p_logistic": 0.481190025806427, "p_rf": 0.578000009059906, "p_xgb": 0.993121325969696, "date": "2026-02-19"}}, {"type": "Feature", "geometry": {"type": "Point", "coordinates": [-82.38333333503903, 35.633333333905]}, "properties": {"p_logistic": 0.4804638624191284, "p_rf": 0.5460000038146973, "p_xgb": 0.993121325969696, "date": "2026-02-19"}}, {"type": "Feature", "geometry": {"type": "Point", "coordinates": [-82.37500000170601, 35.633333333905]}, "properties": {"p_logistic": 0.48045670986175537, "p_rf": 0.5600000023841858, "p_xgb": 0.9917619228363037, "date": "2026-02-19"}}, {"type": "Feature", "geometry": {"type": "Point", "coordinates": [-82.36666666837301, 35.633333333905]}, "properties": {"p_logistic": 0.48111698031425476, "p_rf": 0.6060000061988831, "p_xgb": 0.9919800758361816, "date": "2026-02-19"}}, {"type": "Feature", "geometry": {"type": "Point", "coordinates": [-82.35833333504002, 35.633333333905]}, "properties": {"p_logistic": 0.4810240566730499, "p_rf": 0.6119999885559082, "p_xgb": 0.9919800758361816, "date": "2026-02-19"}}, {"type": "Feature", "geometry": {"type": "Point", "coordinates": [-82.35000000170702, 35.633333333905]}, "properties": {"p_logistic": 0.4808330535888672, "p_rf": 0.6880000233650208, "p_xgb": 0.9958303570747375, "date": "2026-02-19"}}, {"type": "Feature", "geometry": {"type": "Point", "coordinates": [-82.34166666837402, 35.633333333905]}, "properties": {"p_logistic": 0.48091766238212585, "p_rf": 0.7319999933242798, "p_xgb": 0.995396077632904, "date": "2026-02-19"}}, {"type": "Feature", "geometry": {"type": "Point", "coordinates": [-82.33333333504102, 35.633333333905]}, "properties": {"p_logistic": 0.4813683032989502, "p_rf": 0.8180000185966492, "p_xgb": 0.9955230951309204, "date": "2026-02-19"}}, {"type": "Feature", "geometry": {"type": "Point", "coordinates": [-82.32500000170802, 35.633333333905]}, "properties": {"p_logistic": 0.48162922263145447, "p_rf": 0.8259999752044678, "p_xgb": 0.9955586194992065, "date": "2026-02-19"}}, {"type": "Feature", "geometry": {"type": "Point", "coordinates": [-82.31666666837502, 35.633333333905]}, "properties": {"p_logistic": 0.48164844512939453, "p_rf": 0.8080000281333923, "p_xgb": 0.9962853193283081, "date": "2026-02-19"}}, {"type": "Feature", "geometry": {"type": "Point", "coordinates": [-82.30833333504202, 35.633333333905]}, "properties": {"p_logistic": 0.4817802608013153, "p_rf": 0.8019999861717224, "p_xgb": 0.9961352348327637, "date": "2026-02-19"}}, {"type": "Feature", "geometry": {"type": "Point", "coordinates": [-82.30000000170901, 35.633333333905]}, "properties": {"p_logistic": 0.48197808861732483, "p_rf": 0.8019999861717224, "p_xgb": 0.9913438558578491, "date": "2026-02-19"}}, {"type": "Feature", "geometry": {"type": "Point", "coordinates": [-82.29166666837602, 35.633333333905]}, "properties": {"p_logistic": 0.4825555384159088, "p_rf": 0.800000011920929, "p_xgb": 0.9913438558578491, "date": "2026-02-19"}}, {"type": "Feature", "geometry": {"type": "Point", "coordinates": [-82.28333333504301, 35.633333333905]}, "properties": {"p_logistic": 0.48356324434280396, "p_rf": 0.7900000214576721, "p_xgb": 0.9913438558578491, "date": "2026-02-19"}}, {"type": "Feature", "geometry": {"type": "Point", "coordinates": [-82.27500000171003, 35.633333333905]}, "properties": {"p_logistic": 0.4851157069206238, "p_rf": 0.7979999780654907, "p_xgb": 0.9909652471542358, "date": "2026-02-19"}}, {"type": "Feature", "geometry": {"type": "Point", "coordinates": [-82.85000000168702, 35.625000000572]}, "properties": {"p_logistic": 0.47813788056373596, "p_rf": 0.800000011920929, "p_xgb": 0.9957976341247559, "date": "2026-02-19"}}, {"type": "Feature", "geometry": {"type": "Point", "coordinates": [-82.84166666835401, 35.625000000572]}, "properties": {"p_logistic": 0.4794418215751648, "p_rf": 0.8140000104904175, "p_xgb": 0.9971765279769897, "date": "2026-02-19"}}, {"type": "Feature", "geometry": {"type": "Point", "coordinates": [-82.83333333502102, 35.625000000572]}, "properties": {"p_logistic": 0.4803387522697449, "p_rf": 0.8259999752044678, "p_xgb": 0.9987504482269287, "date": "2026-02-19"}}, {"type": "Feature", "geometry": {"type": "Point", "coordinates": [-82.82500000168801, 35.625000000572]}, "properties": {"p_logistic": 0.4806334674358368, "p_rf": 0.828000009059906, "p_xgb": 0.9987504482269287, "date": "2026-02-19"}}, {"type": "Feature", "geometry": {"type": "Point", "coordinates": [-82.80833333502201, 35.625000000572]}, "properties": {"p_logistic": 0.48209768533706665, "p_rf": 0.8159999847412109, "p_xgb": 0.998771607875824, "date": "2026-02-19"}}, {"type": "Feature", "geometry": {"type": "Point", "coordinates": [-82.80000000168901, 35.625000000572]}, "properties": {"p_logistic": 0.4827609658241272, "p_rf": 0.7940000295639038, "p_xgb": 0.9991832375526428, "date": "2026-02-19"}}, {"type": "Feature", "geometry": {"type": "Point", "coordinates": [-82.79166666835602, 35.625000000572]}, "properties": {"p_logistic": 0.48211416602134705, "p_rf": 0.6779999732971191, "p_xgb": 0.998920202255249, "date": "2026-02-19"}}, {"type": "Feature", "geometry": {"type": "Point", "coordinates": [-82.78333333502302, 35.625000000572]}, "properties": {"p_logistic": 0.4819199740886688, "p_rf": 0.7279999852180481, "p_xgb": 0.9991477727890015, "date": "2026-02-19"}}, {"type": "Feature", "geometry": {"type": "Point", "coordinates": [-82.77500000169002, 35.625000000572]}, "properties": {"p_logistic": 0.48140615224838257, "p_rf": 0.7059999704360962, "p_xgb": 0.9984962940216064, "date": "2026-02-19"}}, {"type": "Feature", "geometry": {"type": "Point", "coordinates": [-82.76666666835702, 35.625000000572]}, "properties": {"p_logistic": 0.48112553358078003, "p_rf": 0.6840000152587891, "p_xgb": 0.9983566403388977, "date": "2026-02-19"}}, {"type": "Feature", "geometry": {"type": "Point", "coordinates": [-82.75833333502402, 35.625000000572]}, "properties": {"p_logistic": 0.48113492131233215, "p_rf": 0.6840000152587891, "p_xgb": 0.9984816908836365, "date": "2026-02-19"}}, {"type": "Feature", "geometry": {"type": "Point", "coordinates": [-82.75000000169102, 35.625000000572]}, "properties": {"p_logistic": 0.48193490505218506, "p_rf": 0.6959999799728394, "p_xgb": 0.9984816908836365, "date": "2026-02-19"}}, {"type": "Feature", "geometry": {"type": "Point", "coordinates": [-82.74166666835802, 35.625000000572]}, "properties": {"p_logistic": 0.4832226634025574, "p_rf": 0.699999988079071, "p_xgb": 0.9984816908836365, "date": "2026-02-19"}}, {"type": "Feature", "geometry": {"type": "Point", "coordinates": [-82.73333333502501, 35.625000000572]}, "properties": {"p_logistic": 0.48475852608680725, "p_rf": 0.656000018119812, "p_xgb": 0.9984410405158997, "date": "2026-02-19"}}, {"type": "Feature", "geometry": {"type": "Point", "coordinates": [-82.72500000169202, 35.625000000572]}, "properties": {"p_logistic": 0.48608317971229553, "p_rf": 0.6380000114440918, "p_xgb": 0.9984410405158997, "date": "2026-02-19"}}, {"type": "Feature", "geometry": {"type": "Point", "coordinates": [-82.71666666835901, 35.625000000572]}, "properties": {"p_logistic": 0.48669588565826416, "p_rf": 0.6240000128746033, "p_xgb": 0.9984410405158997, "date": "2026-02-19"}}, {"type": "Feature", "geometry": {"type": "Point", "coordinates": [-82.70833333502603, 35.625000000572]}, "properties": {"p_logistic": 0.4868214428424835, "p_rf": 0.6200000047683716, "p_xgb": 0.9984410405158997, "date": "2026-02-19"}}, {"type": "Feature", "geometry": {"type": "Point", "coordinates": [-82.70000000169301, 35.625000000572]}, "properties": {"p_logistic": 0.48675426840782166, "p_rf": 0.6140000224113464, "p_xgb": 0.9984410405158997, "date": "2026-02-19"}}, {"type": "Feature", "geometry": {"type": "Point", "coordinates": [-82.69166666836001, 35.625000000572]}, "properties": {"p_logistic": 0.4869169294834137, "p_rf": 0.6140000224113464, "p_xgb": 0.9984410405158997, "date": "2026-02-19"}}, {"type": "Feature", "geometry": {"type": "Point", "coordinates": [-82.68333333502702, 35.625000000572]}, "properties": {"p_logistic": 0.4867118299007416, "p_rf": 0.621999979019165, "p_xgb": 0.9984410405158997, "date": "2026-02-19"}}, {"type": "Feature", "geometry": {"type": "Point", "coordinates": [-82.67500000169402, 35.625000000572]}, "properties": {"p_logistic": 0.48609164357185364, "p_rf": 0.6380000114440918, "p_xgb": 0.9984410405158997, "date": "2026-02-19"}}, {"type": "Feature", "geometry": {"type": "Point", "coordinates": [-82.66666666836102, 35.625000000572]}, "properties": {"p_logistic": 0.4855472445487976, "p_rf": 0.6499999761581421, "p_xgb": 0.9984410405158997, "date": "2026-02-19"}}, {"type": "Feature", "geometry": {"type": "Point", "coordinates": [-82.65833333502802, 35.625000000572]}, "properties": {"p_logistic": 0.48551705479621887, "p_rf": 0.671999990940094, "p_xgb": 0.9984410405158997, "date": "2026-02-19"}}, {"type": "Feature", "geometry": {"type": "Point", "coordinates": [-82.65000000169502, 35.625000000572]}, "properties": {"p_logistic": 0.48564836382865906, "p_rf": 0.6800000071525574, "p_xgb": 0.9984410405158997, "date": "2026-02-19"}}, {"type": "Feature", "geometry": {"type": "Point", "coordinates": [-82.64166666836202, 35.625000000572]}, "properties": {"p_logistic": 0.4852927327156067, "p_rf": 0.6959999799728394, "p_xgb": 0.9984819293022156, "date": "2026-02-19"}}, {"type": "Feature", "geometry": {"type": "Point", "coordinates": [-82.63333333502902, 35.625000000572]}, "properties": {"p_logistic": 0.4848371148109436, "p_rf": 0.6919999718666077, "p_xgb": 0.9987694621086121, "date": "2026-02-19"}}, {"type": "Feature", "geometry": {"type": "Point", "coordinates": [-82.62500000169601, 35.625000000572]}, "properties": {"p_logistic": 0.4841882288455963, "p_rf": 0.6919999718666077, "p_xgb": 0.9987694621086121, "date": "2026-02-19"}}, {"type": "Feature", "geometry": {"type": "Point", "coordinates": [-82.61666666836302, 35.625000000572]}, "properties": {"p_logistic": 0.4834713339805603, "p_rf": 0.699999988079071, "p_xgb": 0.9987223744392395, "date": "2026-02-19"}}, {"type": "Feature", "geometry": {"type": "Point", "coordinates": [-82.60833333503001, 35.625000000572]}, "properties": {"p_logistic": 0.48315519094467163, "p_rf": 0.6700000166893005, "p_xgb": 0.9985312223434448, "date": "2026-02-19"}}, {"type": "Feature", "geometry": {"type": "Point", "coordinates": [-82.60000000169703, 35.625000000572]}, "properties": {"p_logistic": 0.48338398337364197, "p_rf": 0.6439999938011169, "p_xgb": 0.9982547163963318, "date": "2026-02-19"}}, {"type": "Feature", "geometry": {"type": "Point", "coordinates": [-82.59166666836401, 35.625000000572]}, "properties": {"p_logistic": 0.48355957865715027, "p_rf": 0.6140000224113464, "p_xgb": 0.9982078075408936, "date": "2026-02-19"}}, {"type": "Feature", "geometry": {"type": "Point", "coordinates": [-82.58333333503101, 35.625000000572]}, "properties": {"p_logistic": 0.4838888645172119, "p_rf": 0.6019999980926514, "p_xgb": 0.9982078075408936, "date": "2026-02-19"}}, {"type": "Feature", "geometry": {"type": "Point", "coordinates": [-82.57500000169802, 35.625000000572]}, "properties": {"p_logistic": 0.4837401509284973, "p_rf": 0.5979999899864197, "p_xgb": 0.9982078075408936, "date": "2026-02-19"}}, {"type": "Feature", "geometry": {"type": "Point", "coordinates": [-82.56666666836502, 35.625000000572]}, "properties": {"p_logistic": 0.4835984408855438, "p_rf": 0.5979999899864197, "p_xgb": 0.9982078075408936, "date": "2026-02-19"}}, {"type": "Feature", "geometry": {"type": "Point", "coordinates": [-82.55833333503202, 35.625000000572]}, "properties": {"p_logistic": 0.4826164245605469, "p_rf": 0.5960000157356262, "p_xgb": 0.9982078075408936, "date": "2026-02-19"}}, {"type": "Feature", "geometry": {"type": "Point", "coordinates": [-82.55000000169902, 35.625000000572]}, "properties": {"p_logistic": 0.4826430678367615, "p_rf": 0.6140000224113464, "p_xgb": 0.9984410405158997, "date": "2026-02-19"}}, {"type": "Feature", "geometry": {"type": "Point", "coordinates": [-82.54166666836602, 35.625000000572]}, "properties": {"p_logistic": 0.48302996158599854, "p_rf": 0.6240000128746033, "p_xgb": 0.9984410405158997, "date": "2026-02-19"}}, {"type": "Feature", "geometry": {"type": "Point", "coordinates": [-82.53333333503302, 35.625000000572]}, "properties": {"p_logistic": 0.4845576882362366, "p_rf": 0.656000018119812, "p_xgb": 0.9984410405158997, "date": "2026-02-19"}}, {"type": "Feature", "geometry": {"type": "Point", "coordinates": [-82.52500000170002, 35.625000000572]}, "properties": {"p_logistic": 0.4858640134334564, "p_rf": 0.6819999814033508, "p_xgb": 0.9980554580688477, "date": "2026-02-19"}}, {"type": "Feature", "geometry": {"type": "Point", "coordinates": [-82.51666666836701, 35.625000000572]}, "properties": {"p_logistic": 0.48745039105415344, "p_rf": 0.7059999704360962, "p_xgb": 0.9982377290725708, "date": "2026-02-19"}}, {"type": "Feature", "geometry": {"type": "Point", "coordinates": [-82.50833333503402, 35.625000000572]}, "properties": {"p_logistic": 0.4886232018470764, "p_rf": 0.7279999852180481, "p_xgb": 0.9992037415504456, "date": "2026-02-19"}}, {"type": "Feature", "geometry": {"type": "Point", "coordinates": [-82.50000000170101, 35.625000000572]}, "properties": {"p_logistic": 0.48932945728302, "p_rf": 0.7440000176429749, "p_xgb": 0.9992037415504456, "date": "2026-02-19"}}, {"type": "Feature", "geometry": {"type": "Point", "coordinates": [-82.49166666836803, 35.625000000572]}, "properties": {"p_logistic": 0.4894251227378845, "p_rf": 0.7279999852180481, "p_xgb": 0.9982377290725708, "date": "2026-02-19"}}, {"type": "Feature", "geometry": {"type": "Point", "coordinates": [-82.48333333503501, 35.625000000572]}, "properties": {"p_logistic": 0.4899580180644989, "p_rf": 0.7099999785423279, "p_xgb": 0.997996985912323, "date": "2026-02-19"}}, {"type": "Feature", "geometry": {"type": "Point", "coordinates": [-82.47500000170201, 35.625000000572]}, "properties": {"p_logistic": 0.4894392788410187, "p_rf": 0.7300000190734863, "p_xgb": 0.9975885152816772, "date": "2026-02-19"}}, {"type": "Feature", "geometry": {"type": "Point", "coordinates": [-82.46666666836902, 35.625000000572]}, "properties": {"p_logistic": 0.4890221357345581, "p_rf": 0.7319999933242798, "p_xgb": 0.9975885152816772, "date": "2026-02-19"}}, {"type": "Feature", "geometry": {"type": "Point", "coordinates": [-82.45833333503602, 35.625000000572]}, "properties": {"p_logistic": 0.488608717918396, "p_rf": 0.7319999933242798, "p_xgb": 0.9975885152816772, "date": "2026-02-19"}}, {"type": "Feature", "geometry": {"type": "Point", "coordinates": [-82.45000000170302, 35.625000000572]}, "properties": {"p_logistic": 0.48825323581695557, "p_rf": 0.7300000190734863, "p_xgb": 0.9975885152816772, "date": "2026-02-19"}}, {"type": "Feature", "geometry": {"type": "Point", "coordinates": [-82.44166666837002, 35.625000000572]}, "properties": {"p_logistic": 0.4875563979148865, "p_rf": 0.7260000109672546, "p_xgb": 0.9969382286071777, "date": "2026-02-19"}}, {"type": "Feature", "geometry": {"type": "Point", "coordinates": [-82.43333333503702, 35.625000000572]}, "properties": {"p_logistic": 0.4870992600917816, "p_rf": 0.7160000205039978, "p_xgb": 0.9969378709793091, "date": "2026-02-19"}}, {"type": "Feature", "geometry": {"type": "Point", "coordinates": [-82.42500000170402, 35.625000000572]}, "properties": {"p_logistic": 0.4866129159927368, "p_rf": 0.7099999785423279, "p_xgb": 0.9963334798812866, "date": "2026-02-19"}}, {"type": "Feature", "geometry": {"type": "Point", "coordinates": [-82.41666666837102, 35.625000000572]}, "properties": {"p_logistic": 0.48584333062171936, "p_rf": 0.7179999947547913, "p_xgb": 0.9958832263946533, "date": "2026-02-19"}}, {"type": "Feature", "geometry": {"type": "Point", "coordinates": [-82.40833333503801, 35.625000000572]}, "properties": {"p_logistic": 0.4851309359073639, "p_rf": 0.7099999785423279, "p_xgb": 0.9952620267868042, "date": "2026-02-19"}}, {"type": "Feature", "geometry": {"type": "Point", "coordinates": [-82.40000000170502, 35.625000000572]}, "properties": {"p_logistic": 0.4843495786190033, "p_rf": 0.6679999828338623, "p_xgb": 0.9976038336753845, "date": "2026-02-19"}}, {"type": "Feature", "geometry": {"type": "Point", "coordinates": [-82.39166666837201, 35.625000000572]}, "properties": {"p_logistic": 0.48376235365867615, "p_rf": 0.593999981880188, "p_xgb": 0.9959069490432739, "date": "2026-02-19"}}, {"type": "Feature", "geometry": {"type": "Point", "coordinates": [-82.38333333503903, 35.625000000572]}, "properties": {"p_logistic": 0.48339343070983887, "p_rf": 0.6019999980926514, "p_xgb": 0.9954321384429932, "date": "2026-02-19"}}, {"type": "Feature", "geometry": {"type": "Point", "coordinates": [-82.37500000170601, 35.625000000572]}, "properties": {"p_logistic": 0.4833245873451233, "p_rf": 0.5920000076293945, "p_xgb": 0.993121325969696, "date": "2026-02-19"}}, {"type": "Feature", "geometry": {"type": "Point", "coordinates": [-82.36666666837301, 35.625000000572]}, "properties": {"p_logistic": 0.48402321338653564, "p_rf": 0.5799999833106995, "p_xgb": 0.993121325969696, "date": "2026-02-19"}}, {"type": "Feature", "geometry": {"type": "Point", "coordinates": [-82.35833333504002, 35.625000000572]}, "properties": {"p_logistic": 0.48427242040634155, "p_rf": 0.6600000262260437, "p_xgb": 0.9936274290084839, "date": "2026-02-19"}}, {"type": "Feature", "geometry": {"type": "Point", "coordinates": [-82.35000000170702, 35.625000000572]}, "properties": {"p_logistic": 0.48343515396118164, "p_rf": 0.6959999799728394, "p_xgb": 0.9937964677810669, "date": "2026-02-19"}}, {"type": "Feature", "geometry": {"type": "Point", "coordinates": [-82.34166666837402, 35.625000000572]}, "properties": {"p_logistic": 0.48324471712112427, "p_rf": 0.6940000057220459, "p_xgb": 0.9937964677810669, "date": "2026-02-19"}}, {"type": "Feature", "geometry": {"type": "Point", "coordinates": [-82.33333333504102, 35.625000000572]}, "properties": {"p_logistic": 0.483554869890213, "p_rf": 0.7360000014305115, "p_xgb": 0.9937964677810669, "date": "2026-02-19"}}, {"type": "Feature", "geometry": {"type": "Point", "coordinates": [-82.32500000170802, 35.625000000572]}, "properties": {"p_logistic": 0.4838760197162628, "p_rf": 0.7319999933242798, "p_xgb": 0.9952102303504944, "date": "2026-02-19"}}, {"type": "Feature", "geometry": {"type": "Point", "coordinates": [-82.31666666837502, 35.625000000572]}, "properties": {"p_logistic": 0.48392871022224426, "p_rf": 0.7599999904632568, "p_xgb": 0.9895783066749573, "date": "2026-02-19"}}, {"type": "Feature", "geometry": {"type": "Point", "coordinates": [-82.30833333504202, 35.625000000572]}, "properties": {"p_logistic": 0.48388662934303284, "p_rf": 0.8180000185966492, "p_xgb": 0.9901657700538635, "date": "2026-02-19"}}, {"type": "Feature", "geometry": {"type": "Point", "coordinates": [-82.30000000170901, 35.625000000572]}, "properties": {"p_logistic": 0.4839876890182495, "p_rf": 0.8159999847412109, "p_xgb": 0.989660382270813, "date": "2026-02-19"}}, {"type": "Feature", "geometry": {"type": "Point", "coordinates": [-82.29166666837602, 35.625000000572]}, "properties": {"p_logistic": 0.48426124453544617, "p_rf": 0.800000011920929, "p_xgb": 0.9916220903396606, "date": "2026-02-19"}}, {"type": "Feature", "geometry": {"type": "Point", "coordinates": [-82.28333333504301, 35.625000000572]}, "properties": {"p_logistic": 0.48486649990081787, "p_rf": 0.8059999942779541, "p_xgb": 0.9911260008811951, "date": "2026-02-19"}}, {"type": "Feature", "geometry": {"type": "Point", "coordinates": [-82.27500000171003, 35.625000000572]}, "properties": {"p_logistic": 0.4860966205596924, "p_rf": 0.7979999780654907, "p_xgb": 0.9897361993789673, "date": "2026-02-19"}}, {"type": "Feature", "geometry": {"type": "Point", "coordinates": [-82.85000000168702, 35.616666667239]}, "properties": {"p_logistic": 0.47824999690055847, "p_rf": 0.8119999766349792, "p_xgb": 0.9956128597259521, "date": "2026-02-19"}}, {"type": "Feature", "geometry": {"type": "Point", "coordinates": [-82.80833333502201, 35.616666667239]}, "properties": {"p_logistic": 0.4818318784236908, "p_rf": 0.8140000104904175, "p_xgb": 0.998771607875824, "date": "2026-02-19"}}, {"type": "Feature", "geometry": {"type": "Point", "coordinates": [-82.80000000168901, 35.616666667239]}, "properties": {"p_logistic": 0.4824299216270447, "p_rf": 0.8019999861717224, "p_xgb": 0.999104917049408, "date": "2026-02-19"}}, {"type": "Feature", "geometry": {"type": "Point", "coordinates": [-82.79166666835602, 35.616666667239]}, "properties": {"p_logistic": 0.4817504286766052, "p_rf": 0.6579999923706055, "p_xgb": 0.9989424347877502, "date": "2026-02-19"}}, {"type": "Feature", "geometry": {"type": "Point", "coordinates": [-82.78333333502302, 35.616666667239]}, "properties": {"p_logistic": 0.48085978627204895, "p_rf": 0.6880000233650208, "p_xgb": 0.9991393089294434, "date": "2026-02-19"}}, {"type": "Feature", "geometry": {"type": "Point", "coordinates": [-82.77500000169002, 35.616666667239]}, "properties": {"p_logistic": 0.4809083342552185, "p_rf": 0.7039999961853027, "p_xgb": 0.9984962940216064, "date": "2026-02-19"}}, {"type": "Feature", "geometry": {"type": "Point", "coordinates": [-82.76666666835702, 35.616666667239]}, "properties": {"p_logistic": 0.4805848300457001, "p_rf": 0.6899999976158142, "p_xgb": 0.9984962940216064, "date": "2026-02-19"}}, {"type": "Feature", "geometry": {"type": "Point", "coordinates": [-82.75833333502402, 35.616666667239]}, "properties": {"p_logistic": 0.48063647747039795, "p_rf": 0.6859999895095825, "p_xgb": 0.9984171390533447, "date": "2026-02-19"}}, {"type": "Feature", "geometry": {"type": "Point", "coordinates": [-82.75000000169102, 35.616666667239]}, "properties": {"p_logistic": 0.4813291132450104, "p_rf": 0.6840000152587891, "p_xgb": 0.9984816908836365, "date": "2026-02-19"}}, {"type": "Feature", "geometry": {"type": "Point", "coordinates": [-82.74166666835802, 35.616666667239]}, "properties": {"p_logistic": 0.4829742908477783, "p_rf": 0.6660000085830688, "p_xgb": 0.9981270432472229, "date": "2026-02-19"}}, {"type": "Feature", "geometry": {"type": "Point", "coordinates": [-82.73333333502501, 35.616666667239]}, "properties": {"p_logistic": 0.4847504198551178, "p_rf": 0.6380000114440918, "p_xgb": 0.9980766773223877, "date": "2026-02-19"}}, {"type": "Feature", "geometry": {"type": "Point", "coordinates": [-82.72500000169202, 35.616666667239]}, "properties": {"p_logistic": 0.4864964783191681, "p_rf": 0.621999979019165, "p_xgb": 0.9981265664100647, "date": "2026-02-19"}}, {"type": "Feature", "geometry": {"type": "Point", "coordinates": [-82.71666666835901, 35.616666667239]}, "properties": {"p_logistic": 0.4876178205013275, "p_rf": 0.6259999871253967, "p_xgb": 0.998285710811615, "date": "2026-02-19"}}, {"type": "Feature", "geometry": {"type": "Point", "coordinates": [-82.70833333502603, 35.616666667239]}, "properties": {"p_logistic": 0.48820555210113525, "p_rf": 0.621999979019165, "p_xgb": 0.9992254972457886, "date": "2026-02-19"}}, {"type": "Feature", "geometry": {"type": "Point", "coordinates": [-82.70000000169301, 35.616666667239]}, "properties": {"p_logistic": 0.48853233456611633, "p_rf": 0.6679999828338623, "p_xgb": 0.9992414712905884, "date": "2026-02-19"}}, {"type": "Feature", "geometry": {"type": "Point", "coordinates": [-82.69166666836001, 35.616666667239]}, "properties": {"p_logistic": 0.4886510372161865, "p_rf": 0.6740000247955322, "p_xgb": 0.9992414712905884, "date": "2026-02-19"}}, {"type": "Feature", "geometry": {"type": "Point", "coordinates": [-82.68333333502702, 35.616666667239]}, "properties": {"p_logistic": 0.4886605739593506, "p_rf": 0.621999979019165, "p_xgb": 0.9992254972457886, "date": "2026-02-19"}}, {"type": "Feature", "geometry": {"type": "Point", "coordinates": [-82.67500000169402, 35.616666667239]}, "properties": {"p_logistic": 0.4878908395767212, "p_rf": 0.6259999871253967, "p_xgb": 0.998285710811615, "date": "2026-02-19"}}, {"type": "Feature", "geometry": {"type": "Point", "coordinates": [-82.66666666836102, 35.616666667239]}, "properties": {"p_logistic": 0.48691824078559875, "p_rf": 0.621999979019165, "p_xgb": 0.9981265664100647, "date": "2026-02-19"}}, {"type": "Feature", "geometry": {"type": "Point", "coordinates": [-82.65833333502802, 35.616666667239]}, "properties": {"p_logistic": 0.48696380853652954, "p_rf": 0.6439999938011169, "p_xgb": 0.998285710811615, "date": "2026-02-19"}}, {"type": "Feature", "geometry": {"type": "Point", "coordinates": [-82.65000000169502, 35.616666667239]}, "properties": {"p_logistic": 0.48677411675453186, "p_rf": 0.6399999856948853, "p_xgb": 0.9981265664100647, "date": "2026-02-19"}}, {"type": "Feature", "geometry": {"type": "Point", "coordinates": [-82.64166666836202, 35.616666667239]}, "properties": {"p_logistic": 0.4861752688884735, "p_rf": 0.6399999856948853, "p_xgb": 0.9981265664100647, "date": "2026-02-19"}}, {"type": "Feature", "geometry": {"type": "Point", "coordinates": [-82.63333333502902, 35.616666667239]}, "properties": {"p_logistic": 0.48534920811653137, "p_rf": 0.6740000247955322, "p_xgb": 0.9980766773223877, "date": "2026-02-19"}}, {"type": "Feature", "geometry": {"type": "Point", "coordinates": [-82.62500000169601, 35.616666667239]}, "properties": {"p_logistic": 0.4845319986343384, "p_rf": 0.6759999990463257, "p_xgb": 0.9984410405158997, "date": "2026-02-19"}}, {"type": "Feature", "geometry": {"type": "Point", "coordinates": [-82.61666666836302, 35.616666667239]}, "properties": {"p_logistic": 0.4837263226509094, "p_rf": 0.6700000166893005, "p_xgb": 0.9984410405158997, "date": "2026-02-19"}}, {"type": "Feature", "geometry": {"type": "Point", "coordinates": [-82.60833333503001, 35.616666667239]}, "properties": {"p_logistic": 0.4832630157470703, "p_rf": 0.6380000114440918, "p_xgb": 0.9984410405158997, "date": "2026-02-19"}}, {"type": "Feature", "geometry": {"type": "Point", "coordinates": [-82.60000000169703, 35.616666667239]}, "properties": {"p_logistic": 0.4833056628704071, "p_rf": 0.6140000224113464, "p_xgb": 0.9984410405158997, "date": "2026-02-19"}}, {"type": "Feature", "geometry": {"type": "Point", "coordinates": [-82.59166666836401, 35.616666667239]}, "properties": {"p_logistic": 0.48346659541130066, "p_rf": 0.5879999995231628, "p_xgb": 0.9982078075408936, "date": "2026-02-19"}}, {"type": "Feature", "geometry": {"type": "Point", "coordinates": [-82.58333333503101, 35.616666667239]}, "properties": {"p_logistic": 0.48370635509490967, "p_rf": 0.5860000252723694, "p_xgb": 0.9982078075408936, "date": "2026-02-19"}}, {"type": "Feature", "geometry": {"type": "Point", "coordinates": [-82.57500000169802, 35.616666667239]}, "properties": {"p_logistic": 0.4839212894439697, "p_rf": 0.5879999995231628, "p_xgb": 0.9982078075408936, "date": "2026-02-19"}}, {"type": "Feature", "geometry": {"type": "Point", "coordinates": [-82.56666666836502, 35.616666667239]}, "properties": {"p_logistic": 0.48299533128738403, "p_rf": 0.6000000238418579, "p_xgb": 0.9982078075408936, "date": "2026-02-19"}}, {"type": "Feature", "geometry": {"type": "Point", "coordinates": [-82.55833333503202, 35.616666667239]}, "properties": {"p_logistic": 0.48277485370635986, "p_rf": 0.6060000061988831, "p_xgb": 0.9984410405158997, "date": "2026-02-19"}}, {"type": "Feature", "geometry": {"type": "Point", "coordinates": [-82.55000000169902, 35.616666667239]}, "properties": {"p_logistic": 0.4820587635040283, "p_rf": 0.6060000061988831, "p_xgb": 0.9984410405158997, "date": "2026-02-19"}}, {"type": "Feature", "geometry": {"type": "Point", "coordinates": [-82.54166666836602, 35.616666667239]}, "properties": {"p_logistic": 0.4828096330165863, "p_rf": 0.6100000143051147, "p_xgb": 0.9984410405158997, "date": "2026-02-19"}}, {"type": "Feature", "geometry": {"type": "Point", "coordinates": [-82.53333333503302, 35.616666667239]}, "properties": {"p_logistic": 0.48434382677078247, "p_rf": 0.6380000114440918, "p_xgb": 0.9984410405158997, "date": "2026-02-19"}}, {"type": "Feature", "geometry": {"type": "Point", "coordinates": [-82.52500000170002, 35.616666667239]}, "properties": {"p_logistic": 0.4860454201698303, "p_rf": 0.6399999856948853, "p_xgb": 0.9980766773223877, "date": "2026-02-19"}}, {"type": "Feature", "geometry": {"type": "Point", "coordinates": [-82.51666666836701, 35.616666667239]}, "properties": {"p_logistic": 0.48759105801582336, "p_rf": 0.6940000057220459, "p_xgb": 0.9983306527137756, "date": "2026-02-19"}}, {"type": "Feature", "geometry": {"type": "Point", "coordinates": [-82.50833333503402, 35.616666667239]}, "properties": {"p_logistic": 0.4889971613883972, "p_rf": 0.7080000042915344, "p_xgb": 0.9993886947631836, "date": "2026-02-19"}}, {"type": "Feature", "geometry": {"type": "Point", "coordinates": [-82.50000000170101, 35.616666667239]}, "properties": {"p_logistic": 0.48957446217536926, "p_rf": 0.7059999704360962, "p_xgb": 0.9985950589179993, "date": "2026-02-19"}}, {"type": "Feature", "geometry": {"type": "Point", "coordinates": [-82.49166666836803, 35.616666667239]}, "properties": {"p_logistic": 0.4900819957256317, "p_rf": 0.6980000138282776, "p_xgb": 0.9980740547180176, "date": "2026-02-19"}}, {"type": "Feature", "geometry": {"type": "Point", "coordinates": [-82.48333333503501, 35.616666667239]}, "properties": {"p_logistic": 0.4898988902568817, "p_rf": 0.7239999771118164, "p_xgb": 0.9980227947235107, "date": "2026-02-19"}}, {"type": "Feature", "geometry": {"type": "Point", "coordinates": [-82.47500000170201, 35.616666667239]}, "properties": {"p_logistic": 0.48957040905952454, "p_rf": 0.7279999852180481, "p_xgb": 0.9983332753181458, "date": "2026-02-19"}}, {"type": "Feature", "geometry": {"type": "Point", "coordinates": [-82.46666666836902, 35.616666667239]}, "properties": {"p_logistic": 0.489387571811676, "p_rf": 0.7319999933242798, "p_xgb": 0.9983332753181458, "date": "2026-02-19"}}, {"type": "Feature", "geometry": {"type": "Point", "coordinates": [-82.45833333503602, 35.616666667239]}, "properties": {"p_logistic": 0.4893597364425659, "p_rf": 0.7260000109672546, "p_xgb": 0.9983332753181458, "date": "2026-02-19"}}, {"type": "Feature", "geometry": {"type": "Point", "coordinates": [-82.45000000170302, 35.616666667239]}, "properties": {"p_logistic": 0.48957592248916626, "p_rf": 0.7200000286102295, "p_xgb": 0.9983972907066345, "date": "2026-02-19"}}, {"type": "Feature", "geometry": {"type": "Point", "coordinates": [-82.44166666837002, 35.616666667239]}, "properties": {"p_logistic": 0.4898082911968231, "p_rf": 0.7200000286102295, "p_xgb": 0.9979436993598938, "date": "2026-02-19"}}, {"type": "Feature", "geometry": {"type": "Point", "coordinates": [-82.43333333503702, 35.616666667239]}, "properties": {"p_logistic": 0.4898676872253418, "p_rf": 0.7080000042915344, "p_xgb": 0.9969382286071777, "date": "2026-02-19"}}, {"type": "Feature", "geometry": {"type": "Point", "coordinates": [-82.42500000170402, 35.616666667239]}, "properties": {"p_logistic": 0.4893154799938202, "p_rf": 0.7139999866485596, "p_xgb": 0.9970176219940186, "date": "2026-02-19"}}, {"type": "Feature", "geometry": {"type": "Point", "coordinates": [-82.41666666837102, 35.616666667239]}, "properties": {"p_logistic": 0.4885435402393341, "p_rf": 0.7300000190734863, "p_xgb": 0.9965127110481262, "date": "2026-02-19"}}, {"type": "Feature", "geometry": {"type": "Point", "coordinates": [-82.40833333503801, 35.616666667239]}, "properties": {"p_logistic": 0.4877268075942993, "p_rf": 0.7139999866485596, "p_xgb": 0.9979965090751648, "date": "2026-02-19"}}, {"type": "Feature", "geometry": {"type": "Point", "coordinates": [-82.40000000170502, 35.616666667239]}, "properties": {"p_logistic": 0.48717451095581055, "p_rf": 0.6919999718666077, "p_xgb": 0.9974937438964844, "date": "2026-02-19"}}, {"type": "Feature", "geometry": {"type": "Point", "coordinates": [-82.39166666837201, 35.616666667239]}, "properties": {"p_logistic": 0.4867965281009674, "p_rf": 0.628000020980835, "p_xgb": 0.9963710308074951, "date": "2026-02-19"}}, {"type": "Feature", "geometry": {"type": "Point", "coordinates": [-82.38333333503903, 35.616666667239]}, "properties": {"p_logistic": 0.4865098297595978, "p_rf": 0.628000020980835, "p_xgb": 0.9972816705703735, "date": "2026-02-19"}}, {"type": "Feature", "geometry": {"type": "Point", "coordinates": [-82.37500000170601, 35.616666667239]}, "properties": {"p_logistic": 0.4862263798713684, "p_rf": 0.6759999990463257, "p_xgb": 0.9969659447669983, "date": "2026-02-19"}}, {"type": "Feature", "geometry": {"type": "Point", "coordinates": [-82.36666666837301, 35.616666667239]}, "properties": {"p_logistic": 0.48665809631347656, "p_rf": 0.6679999828338623, "p_xgb": 0.9966652989387512, "date": "2026-02-19"}}, {"type": "Feature", "geometry": {"type": "Point", "coordinates": [-82.35833333504002, 35.616666667239]}, "properties": {"p_logistic": 0.48672693967819214, "p_rf": 0.6579999923706055, "p_xgb": 0.9961198568344116, "date": "2026-02-19"}}, {"type": "Feature", "geometry": {"type": "Point", "coordinates": [-82.35000000170702, 35.616666667239]}, "properties": {"p_logistic": 0.485183447599411, "p_rf": 0.6740000247955322, "p_xgb": 0.9951400756835938, "date": "2026-02-19"}}, {"type": "Feature", "geometry": {"type": "Point", "coordinates": [-82.34166666837402, 35.616666667239]}, "properties": {"p_logistic": 0.48464661836624146, "p_rf": 0.6980000138282776, "p_xgb": 0.9935464262962341, "date": "2026-02-19"}}, {"type": "Feature", "geometry": {"type": "Point", "coordinates": [-82.33333333504102, 35.616666667239]}, "properties": {"p_logistic": 0.484711617231369, "p_rf": 0.6899999976158142, "p_xgb": 0.9855921268463135, "date": "2026-02-19"}}, {"type": "Feature", "geometry": {"type": "Point", "coordinates": [-82.32500000170802, 35.616666667239]}, "properties": {"p_logistic": 0.48487502336502075, "p_rf": 0.7260000109672546, "p_xgb": 0.9855921268463135, "date": "2026-02-19"}}, {"type": "Feature", "geometry": {"type": "Point", "coordinates": [-82.31666666837502, 35.616666667239]}, "properties": {"p_logistic": 0.4849748909473419, "p_rf": 0.7200000286102295, "p_xgb": 0.9855921268463135, "date": "2026-02-19"}}, {"type": "Feature", "geometry": {"type": "Point", "coordinates": [-82.30833333504202, 35.616666667239]}, "properties": {"p_logistic": 0.4850074350833893, "p_rf": 0.7179999947547913, "p_xgb": 0.9888168573379517, "date": "2026-02-19"}}, {"type": "Feature", "geometry": {"type": "Point", "coordinates": [-82.30000000170901, 35.616666667239]}, "properties": {"p_logistic": 0.4851033389568329, "p_rf": 0.7120000123977661, "p_xgb": 0.9888168573379517, "date": "2026-02-19"}}, {"type": "Feature", "geometry": {"type": "Point", "coordinates": [-82.29166666837602, 35.616666667239]}, "properties": {"p_logistic": 0.4852599799633026, "p_rf": 0.7200000286102295, "p_xgb": 0.9891234040260315, "date": "2026-02-19"}}, {"type": "Feature", "geometry": {"type": "Point", "coordinates": [-82.28333333504301, 35.616666667239]}, "properties": {"p_logistic": 0.48585906624794006, "p_rf": 0.7160000205039978, "p_xgb": 0.9891234040260315, "date": "2026-02-19"}}, {"type": "Feature", "geometry": {"type": "Point", "coordinates": [-82.27500000171003, 35.616666667239]}, "properties": {"p_logistic": 0.4867762327194214, "p_rf": 0.7039999961853027, "p_xgb": 0.9888168573379517, "date": "2026-02-19"}}, {"type": "Feature", "geometry": {"type": "Point", "coordinates": [-82.26666666837701, 35.616666667239]}, "properties": {"p_logistic": 0.4875684976577759, "p_rf": 0.7020000219345093, "p_xgb": 0.9891234040260315, "date": "2026-02-19"}}, {"type": "Feature", "geometry": {"type": "Point", "coordinates": [-82.80000000168901, 35.608333333906]}, "properties": {"p_logistic": 0.4825342893600464, "p_rf": 0.7580000162124634, "p_xgb": 0.999104917049408, "date": "2026-02-19"}}, {"type": "Feature", "geometry": {"type": "Point", "coordinates": [-82.79166666835602, 35.608333333906]}, "properties": {"p_logistic": 0.4821324646472931, "p_rf": 0.7360000014305115, "p_xgb": 0.9990044236183167, "date": "2026-02-19"}}, {"type": "Feature", "geometry": {"type": "Point", "coordinates": [-82.78333333502302, 35.608333333906]}, "properties": {"p_logistic": 0.4812796413898468, "p_rf": 0.656000018119812, "p_xgb": 0.998920202255249, "date": "2026-02-19"}}, {"type": "Feature", "geometry": {"type": "Point", "coordinates": [-82.77500000169002, 35.608333333906]}, "properties": {"p_logistic": 0.4814569354057312, "p_rf": 0.6880000233650208, "p_xgb": 0.9981451034545898, "date": "2026-02-19"}}, {"type": "Feature", "geometry": {"type": "Point", "coordinates": [-82.76666666835702, 35.608333333906]}, "properties": {"p_logistic": 0.4811810851097107, "p_rf": 0.7039999961853027, "p_xgb": 0.9984962940216064, "date": "2026-02-19"}}, {"type": "Feature", "geometry": {"type": "Point", "coordinates": [-82.75833333502402, 35.608333333906]}, "properties": {"p_logistic": 0.48122841119766235, "p_rf": 0.6880000233650208, "p_xgb": 0.9984962940216064, "date": "2026-02-19"}}, {"type": "Feature", "geometry": {"type": "Point", "coordinates": [-82.75000000169102, 35.608333333906]}, "properties": {"p_logistic": 0.4821702539920807, "p_rf": 0.6819999814033508, "p_xgb": 0.9981058835983276, "date": "2026-02-19"}}, {"type": "Feature", "geometry": {"type": "Point", "coordinates": [-82.74166666835802, 35.608333333906]}, "properties": {"p_logistic": 0.48359110951423645, "p_rf": 0.6579999923706055, "p_xgb": 0.9980549812316895, "date": "2026-02-19"}}, {"type": "Feature", "geometry": {"type": "Point", "coordinates": [-82.73333333502501, 35.608333333906]}, "properties": {"p_logistic": 0.4852600395679474, "p_rf": 0.628000020980835, "p_xgb": 0.998285710811615, "date": "2026-02-19"}}, {"type": "Feature", "geometry": {"type": "Point", "coordinates": [-82.72500000169202, 35.608333333906]}, "properties": {"p_logistic": 0.48697447776794434, "p_rf": 0.628000020980835, "p_xgb": 0.9992254972457886, "date": "2026-02-19"}}, {"type": "Feature", "geometry": {"type": "Point", "coordinates": [-82.71666666835901, 35.608333333906]}, "properties": {"p_logistic": 0.48830392956733704, "p_rf": 0.6480000019073486, "p_xgb": 0.9992254972457886, "date": "2026-02-19"}}, {"type": "Feature", "geometry": {"type": "Point", "coordinates": [-82.70833333502603, 35.608333333906]}, "properties": {"p_logistic": 0.4891352355480194, "p_rf": 0.7599999904632568, "p_xgb": 0.9994142055511475, "date": "2026-02-19"}}, {"type": "Feature", "geometry": {"type": "Point", "coordinates": [-82.70000000169301, 35.608333333906]}, "properties": {"p_logistic": 0.48981916904449463, "p_rf": 0.800000011920929, "p_xgb": 0.9994142055511475, "date": "2026-02-19"}}, {"type": "Feature", "geometry": {"type": "Point", "coordinates": [-82.69166666836001, 35.608333333906]}, "properties": {"p_logistic": 0.49072757363319397, "p_rf": 0.800000011920929, "p_xgb": 0.9994142055511475, "date": "2026-02-19"}}, {"type": "Feature", "geometry": {"type": "Point", "coordinates": [-82.68333333502702, 35.608333333906]}, "properties": {"p_logistic": 0.4908035397529602, "p_rf": 0.800000011920929, "p_xgb": 0.9994142055511475, "date": "2026-02-19"}}, {"type": "Feature", "geometry": {"type": "Point", "coordinates": [-82.67500000169402, 35.608333333906]}, "properties": {"p_logistic": 0.4900684058666229, "p_rf": 0.7279999852180481, "p_xgb": 0.9994142055511475, "date": "2026-02-19"}}, {"type": "Feature", "geometry": {"type": "Point", "coordinates": [-82.66666666836102, 35.608333333906]}, "properties": {"p_logistic": 0.4890226721763611, "p_rf": 0.7160000205039978, "p_xgb": 0.9994019269943237, "date": "2026-02-19"}}, {"type": "Feature", "geometry": {"type": "Point", "coordinates": [-82.65833333502802, 35.608333333906]}, "properties": {"p_logistic": 0.48843488097190857, "p_rf": 0.6859999895095825, "p_xgb": 0.9994019269943237, "date": "2026-02-19"}}, {"type": "Feature", "geometry": {"type": "Point", "coordinates": [-82.65000000169502, 35.608333333906]}, "properties": {"p_logistic": 0.48785364627838135, "p_rf": 0.6700000166893005, "p_xgb": 0.9992254972457886, "date": "2026-02-19"}}, {"type": "Feature", "geometry": {"type": "Point", "coordinates": [-82.64166666836202, 35.608333333906]}, "properties": {"p_logistic": 0.4869491159915924, "p_rf": 0.656000018119812, "p_xgb": 0.9992254972457886, "date": "2026-02-19"}}, {"type": "Feature", "geometry": {"type": "Point", "coordinates": [-82.63333333502902, 35.608333333906]}, "properties": {"p_logistic": 0.48586443066596985, "p_rf": 0.6380000114440918, "p_xgb": 0.9981265664100647, "date": "2026-02-19"}}, {"type": "Feature", "geometry": {"type": "Point", "coordinates": [-82.62500000169601, 35.608333333906]}, "properties": {"p_logistic": 0.4849274754524231, "p_rf": 0.6359999775886536, "p_xgb": 0.9980766773223877, "date": "2026-02-19"}}, {"type": "Feature", "geometry": {"type": "Point", "coordinates": [-82.61666666836302, 35.608333333906]}, "properties": {"p_logistic": 0.4841732680797577, "p_rf": 0.6380000114440918, "p_xgb": 0.9984410405158997, "date": "2026-02-19"}}, {"type": "Feature", "geometry": {"type": "Point", "coordinates": [-82.60833333503001, 35.608333333906]}, "properties": {"p_logistic": 0.4835190176963806, "p_rf": 0.6100000143051147, "p_xgb": 0.9984410405158997, "date": "2026-02-19"}}, {"type": "Feature", "geometry": {"type": "Point", "coordinates": [-82.60000000169703, 35.608333333906]}, "properties": {"p_logistic": 0.48338937759399414, "p_rf": 0.5979999899864197, "p_xgb": 0.9984410405158997, "date": "2026-02-19"}}, {"type": "Feature", "geometry": {"type": "Point", "coordinates": [-82.59166666836401, 35.608333333906]}, "properties": {"p_logistic": 0.4833284020423889, "p_rf": 0.6439999938011169, "p_xgb": 0.9984729886054993, "date": "2026-02-19"}}, {"type": "Feature", "geometry": {"type": "Point", "coordinates": [-82.58333333503101, 35.608333333906]}, "properties": {"p_logistic": 0.48321813344955444, "p_rf": 0.5979999899864197, "p_xgb": 0.9984410405158997, "date": "2026-02-19"}}, {"type": "Feature", "geometry": {"type": "Point", "coordinates": [-82.57500000169802, 35.608333333906]}, "properties": {"p_logistic": 0.4831196069717407, "p_rf": 0.6079999804496765, "p_xgb": 0.9984410405158997, "date": "2026-02-19"}}, {"type": "Feature", "geometry": {"type": "Point", "coordinates": [-82.56666666836502, 35.608333333906]}, "properties": {"p_logistic": 0.48279958963394165, "p_rf": 0.6200000047683716, "p_xgb": 0.9984410405158997, "date": "2026-02-19"}}, {"type": "Feature", "geometry": {"type": "Point", "coordinates": [-82.55833333503202, 35.608333333906]}, "properties": {"p_logistic": 0.4823671281337738, "p_rf": 0.621999979019165, "p_xgb": 0.9984410405158997, "date": "2026-02-19"}}, {"type": "Feature", "geometry": {"type": "Point", "coordinates": [-82.55000000169902, 35.608333333906]}, "properties": {"p_logistic": 0.4823427200317383, "p_rf": 0.6079999804496765, "p_xgb": 0.9984410405158997, "date": "2026-02-19"}}, {"type": "Feature", "geometry": {"type": "Point", "coordinates": [-82.54166666836602, 35.608333333906]}, "properties": {"p_logistic": 0.48324769735336304, "p_rf": 0.6119999885559082, "p_xgb": 0.9984410405158997, "date": "2026-02-19"}}, {"type": "Feature", "geometry": {"type": "Point", "coordinates": [-82.53333333503302, 35.608333333906]}, "properties": {"p_logistic": 0.48482877016067505, "p_rf": 0.6380000114440918, "p_xgb": 0.9984410405158997, "date": "2026-02-19"}}, {"type": "Feature", "geometry": {"type": "Point", "coordinates": [-82.52500000170002, 35.608333333906]}, "properties": {"p_logistic": 0.4861913025379181, "p_rf": 0.6439999938011169, "p_xgb": 0.9980766773223877, "date": "2026-02-19"}}, {"type": "Feature", "geometry": {"type": "Point", "coordinates": [-82.51666666836701, 35.608333333906]}, "properties": {"p_logistic": 0.48765212297439575, "p_rf": 0.6380000114440918, "p_xgb": 0.9981265664100647, "date": "2026-02-19"}}, {"type": "Feature", "geometry": {"type": "Point", "coordinates": [-82.50833333503402, 35.608333333906]}, "properties": {"p_logistic": 0.48934054374694824, "p_rf": 0.6579999923706055, "p_xgb": 0.9981265664100647, "date": "2026-02-19"}}, {"type": "Feature", "geometry": {"type": "Point", "coordinates": [-82.50000000170101, 35.608333333906]}, "properties": {"p_logistic": 0.48998546600341797, "p_rf": 0.6840000152587891, "p_xgb": 0.9982411861419678, "date": "2026-02-19"}}, {"type": "Feature", "geometry": {"type": "Point", "coordinates": [-82.49166666836803, 35.608333333906]}, "properties": {"p_logistic": 0.4899432361125946, "p_rf": 0.6840000152587891, "p_xgb": 0.99842369556427, "date": "2026-02-19"}}, {"type": "Feature", "geometry": {"type": "Point", "coordinates": [-82.48333333503501, 35.608333333906]}, "properties": {"p_logistic": 0.4897085726261139, "p_rf": 0.7160000205039978, "p_xgb": 0.9983972907066345, "date": "2026-02-19"}}, {"type": "Feature", "geometry": {"type": "Point", "coordinates": [-82.47500000170201, 35.608333333906]}, "properties": {"p_logistic": 0.4894365072250366, "p_rf": 0.722000002861023, "p_xgb": 0.9983972907066345, "date": "2026-02-19"}}, {"type": "Feature", "geometry": {"type": "Point", "coordinates": [-82.46666666836902, 35.608333333906]}, "properties": {"p_logistic": 0.4894792139530182, "p_rf": 0.722000002861023, "p_xgb": 0.9983972907066345, "date": "2026-02-19"}}, {"type": "Feature", "geometry": {"type": "Point", "coordinates": [-82.45833333503602, 35.608333333906]}, "properties": {"p_logistic": 0.48988571763038635, "p_rf": 0.7020000219345093, "p_xgb": 0.9983972907066345, "date": "2026-02-19"}}, {"type": "Feature", "geometry": {"type": "Point", "coordinates": [-82.45000000170302, 35.608333333906]}, "properties": {"p_logistic": 0.49044445157051086, "p_rf": 0.7020000219345093, "p_xgb": 0.9983972907066345, "date": "2026-02-19"}}, {"type": "Feature", "geometry": {"type": "Point", "coordinates": [-82.44166666837002, 35.608333333906]}, "properties": {"p_logistic": 0.4909455478191376, "p_rf": 0.699999988079071, "p_xgb": 0.9980227947235107, "date": "2026-02-19"}}, {"type": "Feature", "geometry": {"type": "Point", "coordinates": [-82.43333333503702, 35.608333333906]}, "properties": {"p_logistic": 0.49113941192626953, "p_rf": 0.6959999799728394, "p_xgb": 0.9980740547180176, "date": "2026-02-19"}}, {"type": "Feature", "geometry": {"type": "Point", "coordinates": [-82.42500000170402, 35.608333333906]}, "properties": {"p_logistic": 0.4906877279281616, "p_rf": 0.7160000205039978, "p_xgb": 0.9972707629203796, "date": "2026-02-19"}}, {"type": "Feature", "geometry": {"type": "Point", "coordinates": [-82.41666666837102, 35.608333333906]}, "properties": {"p_logistic": 0.48988014459609985, "p_rf": 0.7300000190734863, "p_xgb": 0.9971978664398193, "date": "2026-02-19"}}, {"type": "Feature", "geometry": {"type": "Point", "coordinates": [-82.40833333503801, 35.608333333906]}, "properties": {"p_logistic": 0.4889317750930786, "p_rf": 0.7239999771118164, "p_xgb": 0.9979965090751648, "date": "2026-02-19"}}, {"type": "Feature", "geometry": {"type": "Point", "coordinates": [-82.40000000170502, 35.608333333906]}, "properties": {"p_logistic": 0.488307923078537, "p_rf": 0.6940000057220459, "p_xgb": 0.9976581335067749, "date": "2026-02-19"}}, {"type": "Feature", "geometry": {"type": "Point", "coordinates": [-82.39166666837201, 35.608333333906]}, "properties": {"p_logistic": 0.48756733536720276, "p_rf": 0.6399999856948853, "p_xgb": 0.9971957206726074, "date": "2026-02-19"}}, {"type": "Feature", "geometry": {"type": "Point", "coordinates": [-82.38333333503903, 35.608333333906]}, "properties": {"p_logistic": 0.48785075545310974, "p_rf": 0.6840000152587891, "p_xgb": 0.9971957206726074, "date": "2026-02-19"}}, {"type": "Feature", "geometry": {"type": "Point", "coordinates": [-82.37500000170601, 35.608333333906]}, "properties": {"p_logistic": 0.4883265793323517, "p_rf": 0.6840000152587891, "p_xgb": 0.9971101880073547, "date": "2026-02-19"}}, {"type": "Feature", "geometry": {"type": "Point", "coordinates": [-82.36666666837301, 35.608333333906]}, "properties": {"p_logistic": 0.4883692264556885, "p_rf": 0.6700000166893005, "p_xgb": 0.9969659447669983, "date": "2026-02-19"}}, {"type": "Feature", "geometry": {"type": "Point", "coordinates": [-82.35833333504002, 35.608333333906]}, "properties": {"p_logistic": 0.48788338899612427, "p_rf": 0.6679999828338623, "p_xgb": 0.9959630370140076, "date": "2026-02-19"}}, {"type": "Feature", "geometry": {"type": "Point", "coordinates": [-82.35000000170702, 35.608333333906]}, "properties": {"p_logistic": 0.486885130405426, "p_rf": 0.6600000262260437, "p_xgb": 0.9879574179649353, "date": "2026-02-19"}}, {"type": "Feature", "geometry": {"type": "Point", "coordinates": [-82.34166666837402, 35.608333333906]}, "properties": {"p_logistic": 0.4855550229549408, "p_rf": 0.6679999828338623, "p_xgb": 0.9886924028396606, "date": "2026-02-19"}}, {"type": "Feature", "geometry": {"type": "Point", "coordinates": [-82.33333333504102, 35.608333333906]}, "properties": {"p_logistic": 0.48539215326309204, "p_rf": 0.6639999747276306, "p_xgb": 0.9886924028396606, "date": "2026-02-19"}}, {"type": "Feature", "geometry": {"type": "Point", "coordinates": [-82.32500000170802, 35.608333333906]}, "properties": {"p_logistic": 0.4853217899799347, "p_rf": 0.6959999799728394, "p_xgb": 0.9855921268463135, "date": "2026-02-19"}}, {"type": "Feature", "geometry": {"type": "Point", "coordinates": [-82.31666666837502, 35.608333333906]}, "properties": {"p_logistic": 0.4850844740867615, "p_rf": 0.6899999976158142, "p_xgb": 0.9855921268463135, "date": "2026-02-19"}}, {"type": "Feature", "geometry": {"type": "Point", "coordinates": [-82.30833333504202, 35.608333333906]}, "properties": {"p_logistic": 0.4849991202354431, "p_rf": 0.7200000286102295, "p_xgb": 0.9849658012390137, "date": "2026-02-19"}}, {"type": "Feature", "geometry": {"type": "Point", "coordinates": [-82.30000000170901, 35.608333333906]}, "properties": {"p_logistic": 0.48513033986091614, "p_rf": 0.7080000042915344, "p_xgb": 0.9849658012390137, "date": "2026-02-19"}}, {"type": "Feature", "geometry": {"type": "Point", "coordinates": [-82.29166666837602, 35.608333333906]}, "properties": {"p_logistic": 0.4856428802013397, "p_rf": 0.7020000219345093, "p_xgb": 0.989865243434906, "date": "2026-02-19"}}, {"type": "Feature", "geometry": {"type": "Point", "coordinates": [-82.28333333504301, 35.608333333906]}, "properties": {"p_logistic": 0.4862602949142456, "p_rf": 0.6980000138282776, "p_xgb": 0.989865243434906, "date": "2026-02-19"}}, {"type": "Feature", "geometry": {"type": "Point", "coordinates": [-82.80000000168901, 35.600000000573004]}, "properties": {"p_logistic": 0.4829155206680298, "p_rf": 0.8080000281333923, "p_xgb": 0.999104917049408, "date": "2026-02-19"}}, {"type": "Feature", "geometry": {"type": "Point", "coordinates": [-82.79166666835602, 35.600000000573004]}, "properties": {"p_logistic": 0.4829602539539337, "p_rf": 0.7599999904632568, "p_xgb": 0.9992311000823975, "date": "2026-02-19"}}, {"type": "Feature", "geometry": {"type": "Point", "coordinates": [-82.78333333502302, 35.600000000573004]}, "properties": {"p_logistic": 0.4823117256164551, "p_rf": 0.6499999761581421, "p_xgb": 0.998920202255249, "date": "2026-02-19"}}, {"type": "Feature", "geometry": {"type": "Point", "coordinates": [-82.77500000169002, 35.600000000573004]}, "properties": {"p_logistic": 0.48215845227241516, "p_rf": 0.6700000166893005, "p_xgb": 0.998920202255249, "date": "2026-02-19"}}, {"type": "Feature", "geometry": {"type": "Point", "coordinates": [-82.76666666835702, 35.600000000573004]}, "properties": {"p_logistic": 0.4824073612689972, "p_rf": 0.6840000152587891, "p_xgb": 0.998920202255249, "date": "2026-02-19"}}, {"type": "Feature", "geometry": {"type": "Point", "coordinates": [-82.75833333502402, 35.600000000573004]}, "properties": {"p_logistic": 0.48278868198394775, "p_rf": 0.6819999814033508, "p_xgb": 0.9991393089294434, "date": "2026-02-19"}}, {"type": "Feature", "geometry": {"type": "Point", "coordinates": [-82.75000000169102, 35.600000000573004]}, "properties": {"p_logistic": 0.48334068059921265, "p_rf": 0.6600000262260437, "p_xgb": 0.9976109266281128, "date": "2026-02-19"}}, {"type": "Feature", "geometry": {"type": "Point", "coordinates": [-82.74166666835802, 35.600000000573004]}, "properties": {"p_logistic": 0.4847761392593384, "p_rf": 0.6539999842643738, "p_xgb": 0.9977676868438721, "date": "2026-02-19"}}, {"type": "Feature", "geometry": {"type": "Point", "coordinates": [-82.73333333502501, 35.600000000573004]}, "properties": {"p_logistic": 0.48591503500938416, "p_rf": 0.6420000195503235, "p_xgb": 0.9982201457023621, "date": "2026-02-19"}}, {"type": "Feature", "geometry": {"type": "Point", "coordinates": [-82.72500000169202, 35.600000000573004]}, "properties": {"p_logistic": 0.4872834086418152, "p_rf": 0.6380000114440918, "p_xgb": 0.9991958737373352, "date": "2026-02-19"}}, {"type": "Feature", "geometry": {"type": "Point", "coordinates": [-82.71666666835901, 35.600000000573004]}, "properties": {"p_logistic": 0.4883767366409302, "p_rf": 0.6759999990463257, "p_xgb": 0.9994142055511475, "date": "2026-02-19"}}, {"type": "Feature", "geometry": {"type": "Point", "coordinates": [-82.70833333502603, 35.600000000573004]}, "properties": {"p_logistic": 0.4893935024738312, "p_rf": 0.7979999780654907, "p_xgb": 0.9994142055511475, "date": "2026-02-19"}}, {"type": "Feature", "geometry": {"type": "Point", "coordinates": [-82.70000000169301, 35.600000000573004]}, "properties": {"p_logistic": 0.49057891964912415, "p_rf": 0.7960000038146973, "p_xgb": 0.9993904829025269, "date": "2026-02-19"}}, {"type": "Feature", "geometry": {"type": "Point", "coordinates": [-82.69166666836001, 35.600000000573004]}, "properties": {"p_logistic": 0.4917886555194855, "p_rf": 0.7979999780654907, "p_xgb": 0.9987347722053528, "date": "2026-02-19"}}, {"type": "Feature", "geometry": {"type": "Point", "coordinates": [-82.68333333502702, 35.600000000573004]}, "properties": {"p_logistic": 0.4924639165401459, "p_rf": 0.7940000295639038, "p_xgb": 0.9987347722053528, "date": "2026-02-19"}}, {"type": "Feature", "geometry": {"type": "Point", "coordinates": [-82.67500000169402, 35.600000000573004]}, "properties": {"p_logistic": 0.4919064939022064, "p_rf": 0.7960000038146973, "p_xgb": 0.998704195022583, "date": "2026-02-19"}}, {"type": "Feature", "geometry": {"type": "Point", "coordinates": [-82.66666666836102, 35.600000000573004]}, "properties": {"p_logistic": 0.49033957719802856, "p_rf": 0.800000011920929, "p_xgb": 0.9994142055511475, "date": "2026-02-19"}}, {"type": "Feature", "geometry": {"type": "Point", "coordinates": [-82.65833333502802, 35.600000000573004]}, "properties": {"p_logistic": 0.48954176902770996, "p_rf": 0.7200000286102295, "p_xgb": 0.9994019269943237, "date": "2026-02-19"}}, {"type": "Feature", "geometry": {"type": "Point", "coordinates": [-82.65000000169502, 35.600000000573004]}, "properties": {"p_logistic": 0.48837918043136597, "p_rf": 0.6859999895095825, "p_xgb": 0.9994019269943237, "date": "2026-02-19"}}, {"type": "Feature", "geometry": {"type": "Point", "coordinates": [-82.64166666836202, 35.600000000573004]}, "properties": {"p_logistic": 0.4871763586997986, "p_rf": 0.6520000100135803, "p_xgb": 0.9992254972457886, "date": "2026-02-19"}}, {"type": "Feature", "geometry": {"type": "Point", "coordinates": [-82.63333333502902, 35.600000000573004]}, "properties": {"p_logistic": 0.4859086573123932, "p_rf": 0.6320000290870667, "p_xgb": 0.998285710811615, "date": "2026-02-19"}}, {"type": "Feature", "geometry": {"type": "Point", "coordinates": [-82.62500000169601, 35.600000000573004]}, "properties": {"p_logistic": 0.48488718271255493, "p_rf": 0.621999979019165, "p_xgb": 0.9980766773223877, "date": "2026-02-19"}}, {"type": "Feature", "geometry": {"type": "Point", "coordinates": [-82.61666666836302, 35.600000000573004]}, "properties": {"p_logistic": 0.4841674864292145, "p_rf": 0.6240000128746033, "p_xgb": 0.9984410405158997, "date": "2026-02-19"}}, {"type": "Feature", "geometry": {"type": "Point", "coordinates": [-82.60833333503001, 35.600000000573004]}, "properties": {"p_logistic": 0.48361727595329285, "p_rf": 0.6779999732971191, "p_xgb": 0.9984729886054993, "date": "2026-02-19"}}, {"type": "Feature", "geometry": {"type": "Point", "coordinates": [-82.60000000169703, 35.600000000573004]}, "properties": {"p_logistic": 0.4835023283958435, "p_rf": 0.6899999976158142, "p_xgb": 0.9985625147819519, "date": "2026-02-19"}}, {"type": "Feature", "geometry": {"type": "Point", "coordinates": [-82.59166666836401, 35.600000000573004]}, "properties": {"p_logistic": 0.4833383560180664, "p_rf": 0.6919999718666077, "p_xgb": 0.9985625147819519, "date": "2026-02-19"}}, {"type": "Feature", "geometry": {"type": "Point", "coordinates": [-82.58333333503101, 35.600000000573004]}, "properties": {"p_logistic": 0.48308879137039185, "p_rf": 0.6880000233650208, "p_xgb": 0.9985625147819519, "date": "2026-02-19"}}, {"type": "Feature", "geometry": {"type": "Point", "coordinates": [-82.57500000169802, 35.600000000573004]}, "properties": {"p_logistic": 0.4826860725879669, "p_rf": 0.6740000247955322, "p_xgb": 0.9984729886054993, "date": "2026-02-19"}}, {"type": "Feature", "geometry": {"type": "Point", "coordinates": [-82.56666666836502, 35.600000000573004]}, "properties": {"p_logistic": 0.4822167456150055, "p_rf": 0.6060000061988831, "p_xgb": 0.9984410405158997, "date": "2026-02-19"}}, {"type": "Feature", "geometry": {"type": "Point", "coordinates": [-82.55833333503202, 35.600000000573004]}, "properties": {"p_logistic": 0.4821687936782837, "p_rf": 0.6100000143051147, "p_xgb": 0.9984410405158997, "date": "2026-02-19"}}, {"type": "Feature", "geometry": {"type": "Point", "coordinates": [-82.55000000169902, 35.600000000573004]}, "properties": {"p_logistic": 0.4834769070148468, "p_rf": 0.6200000047683716, "p_xgb": 0.9984729886054993, "date": "2026-02-19"}}, {"type": "Feature", "geometry": {"type": "Point", "coordinates": [-82.54166666836602, 35.600000000573004]}, "properties": {"p_logistic": 0.4850476384162903, "p_rf": 0.6340000033378601, "p_xgb": 0.9984729886054993, "date": "2026-02-19"}}, {"type": "Feature", "geometry": {"type": "Point", "coordinates": [-82.53333333503302, 35.600000000573004]}, "properties": {"p_logistic": 0.4864614009857178, "p_rf": 0.6060000061988831, "p_xgb": 0.9984410405158997, "date": "2026-02-19"}}, {"type": "Feature", "geometry": {"type": "Point", "coordinates": [-82.52500000170002, 35.600000000573004]}, "properties": {"p_logistic": 0.4875008463859558, "p_rf": 0.6240000128746033, "p_xgb": 0.9984410405158997, "date": "2026-02-19"}}, {"type": "Feature", "geometry": {"type": "Point", "coordinates": [-82.51666666836701, 35.600000000573004]}, "properties": {"p_logistic": 0.48829278349876404, "p_rf": 0.6240000128746033, "p_xgb": 0.9980766773223877, "date": "2026-02-19"}}, {"type": "Feature", "geometry": {"type": "Point", "coordinates": [-82.50833333503402, 35.600000000573004]}, "properties": {"p_logistic": 0.48910829424858093, "p_rf": 0.6240000128746033, "p_xgb": 0.9980766773223877, "date": "2026-02-19"}}, {"type": "Feature", "geometry": {"type": "Point", "coordinates": [-82.50000000170101, 35.600000000573004]}, "properties": {"p_logistic": 0.4896148145198822, "p_rf": 0.6420000195503235, "p_xgb": 0.9980766773223877, "date": "2026-02-19"}}, {"type": "Feature", "geometry": {"type": "Point", "coordinates": [-82.49166666836803, 35.600000000573004]}, "properties": {"p_logistic": 0.4898557662963867, "p_rf": 0.6819999814033508, "p_xgb": 0.9981270432472229, "date": "2026-02-19"}}, {"type": "Feature", "geometry": {"type": "Point", "coordinates": [-82.48333333503501, 35.600000000573004]}, "properties": {"p_logistic": 0.4898086488246918, "p_rf": 0.699999988079071, "p_xgb": 0.9984816908836365, "date": "2026-02-19"}}, {"type": "Feature", "geometry": {"type": "Point", "coordinates": [-82.47500000170201, 35.600000000573004]}, "properties": {"p_logistic": 0.489498108625412, "p_rf": 0.7039999961853027, "p_xgb": 0.9983972907066345, "date": "2026-02-19"}}, {"type": "Feature", "geometry": {"type": "Point", "coordinates": [-82.46666666836902, 35.600000000573004]}, "properties": {"p_logistic": 0.4896548092365265, "p_rf": 0.699999988079071, "p_xgb": 0.9983972907066345, "date": "2026-02-19"}}, {"type": "Feature", "geometry": {"type": "Point", "coordinates": [-82.45833333503602, 35.600000000573004]}, "properties": {"p_logistic": 0.49012649059295654, "p_rf": 0.699999988079071, "p_xgb": 0.9983972907066345, "date": "2026-02-19"}}, {"type": "Feature", "geometry": {"type": "Point", "coordinates": [-82.45000000170302, 35.600000000573004]}, "properties": {"p_logistic": 0.49093982577323914, "p_rf": 0.6779999732971191, "p_xgb": 0.9979698061943054, "date": "2026-02-19"}}, {"type": "Feature", "geometry": {"type": "Point", "coordinates": [-82.44166666837002, 35.600000000573004]}, "properties": {"p_logistic": 0.49126389622688293, "p_rf": 0.6679999828338623, "p_xgb": 0.9975610971450806, "date": "2026-02-19"}}, {"type": "Feature", "geometry": {"type": "Point", "coordinates": [-82.43333333503702, 35.600000000573004]}, "properties": {"p_logistic": 0.491554319858551, "p_rf": 0.6859999895095825, "p_xgb": 0.9981671571731567, "date": "2026-02-19"}}, {"type": "Feature", "geometry": {"type": "Point", "coordinates": [-82.42500000170402, 35.600000000573004]}, "properties": {"p_logistic": 0.49129465222358704, "p_rf": 0.7279999852180481, "p_xgb": 0.9972707629203796, "date": "2026-02-19"}}, {"type": "Feature", "geometry": {"type": "Point", "coordinates": [-82.41666666837102, 35.600000000573004]}, "properties": {"p_logistic": 0.49065151810646057, "p_rf": 0.7519999742507935, "p_xgb": 0.9987332224845886, "date": "2026-02-19"}}, {"type": "Feature", "geometry": {"type": "Point", "coordinates": [-82.40833333503801, 35.600000000573004]}, "properties": {"p_logistic": 0.4897764027118683, "p_rf": 0.7419999837875366, "p_xgb": 0.9979965090751648, "date": "2026-02-19"}}, {"type": "Feature", "geometry": {"type": "Point", "coordinates": [-82.40000000170502, 35.600000000573004]}, "properties": {"p_logistic": 0.4889782667160034, "p_rf": 0.7139999866485596, "p_xgb": 0.9981372356414795, "date": "2026-02-19"}}, {"type": "Feature", "geometry": {"type": "Point", "coordinates": [-82.39166666837201, 35.600000000573004]}, "properties": {"p_logistic": 0.48873230814933777, "p_rf": 0.7020000219345093, "p_xgb": 0.9971957206726074, "date": "2026-02-19"}}, {"type": "Feature", "geometry": {"type": "Point", "coordinates": [-82.38333333503903, 35.600000000573004]}, "properties": {"p_logistic": 0.48869454860687256, "p_rf": 0.6919999718666077, "p_xgb": 0.9971957206726074, "date": "2026-02-19"}}, {"type": "Feature", "geometry": {"type": "Point", "coordinates": [-82.37500000170601, 35.600000000573004]}, "properties": {"p_logistic": 0.48909619450569153, "p_rf": 0.6819999814033508, "p_xgb": 0.9971957206726074, "date": "2026-02-19"}}, {"type": "Feature", "geometry": {"type": "Point", "coordinates": [-82.36666666837301, 35.600000000573004]}, "properties": {"p_logistic": 0.489391028881073, "p_rf": 0.6800000071525574, "p_xgb": 0.9969933032989502, "date": "2026-02-19"}}, {"type": "Feature", "geometry": {"type": "Point", "coordinates": [-82.35833333504002, 35.600000000573004]}, "properties": {"p_logistic": 0.4882144331932068, "p_rf": 0.6660000085830688, "p_xgb": 0.9931111335754395, "date": "2026-02-19"}}, {"type": "Feature", "geometry": {"type": "Point", "coordinates": [-82.35000000170702, 35.600000000573004]}, "properties": {"p_logistic": 0.48693200945854187, "p_rf": 0.656000018119812, "p_xgb": 0.9879574179649353, "date": "2026-02-19"}}, {"type": "Feature", "geometry": {"type": "Point", "coordinates": [-82.34166666837402, 35.600000000573004]}, "properties": {"p_logistic": 0.4854514002799988, "p_rf": 0.6660000085830688, "p_xgb": 0.9879574179649353, "date": "2026-02-19"}}, {"type": "Feature", "geometry": {"type": "Point", "coordinates": [-82.33333333504102, 35.600000000573004]}, "properties": {"p_logistic": 0.48520898818969727, "p_rf": 0.656000018119812, "p_xgb": 0.9886924028396606, "date": "2026-02-19"}}, {"type": "Feature", "geometry": {"type": "Point", "coordinates": [-82.32500000170802, 35.600000000573004]}, "properties": {"p_logistic": 0.48524338006973267, "p_rf": 0.6840000152587891, "p_xgb": 0.9855921268463135, "date": "2026-02-19"}}, {"type": "Feature", "geometry": {"type": "Point", "coordinates": [-82.31666666837502, 35.600000000573004]}, "properties": {"p_logistic": 0.4848563075065613, "p_rf": 0.6919999718666077, "p_xgb": 0.9849658012390137, "date": "2026-02-19"}}, {"type": "Feature", "geometry": {"type": "Point", "coordinates": [-82.30833333504202, 35.600000000573004]}, "properties": {"p_logistic": 0.4844664931297302, "p_rf": 0.699999988079071, "p_xgb": 0.9849658012390137, "date": "2026-02-19"}}, {"type": "Feature", "geometry": {"type": "Point", "coordinates": [-82.30000000170901, 35.600000000573004]}, "properties": {"p_logistic": 0.4847034215927124, "p_rf": 0.7080000042915344, "p_xgb": 0.9849658012390137, "date": "2026-02-19"}}, {"type": "Feature", "geometry": {"type": "Point", "coordinates": [-82.29166666837602, 35.600000000573004]}, "properties": {"p_logistic": 0.4852873384952545, "p_rf": 0.7020000219345093, "p_xgb": 0.9849658012390137, "date": "2026-02-19"}}, {"type": "Feature", "geometry": {"type": "Point", "coordinates": [-82.78333333502302, 35.591666667240005]}, "properties": {"p_logistic": 0.4830371141433716, "p_rf": 0.6499999761581421, "p_xgb": 0.998920202255249, "date": "2026-02-19"}}, {"type": "Feature", "geometry": {"type": "Point", "coordinates": [-82.77500000169002, 35.591666667240005]}, "properties": {"p_logistic": 0.48318254947662354, "p_rf": 0.6639999747276306, "p_xgb": 0.998920202255249, "date": "2026-02-19"}}, {"type": "Feature", "geometry": {"type": "Point", "coordinates": [-82.76666666835702, 35.591666667240005]}, "properties": {"p_logistic": 0.4838434159755707, "p_rf": 0.6700000166893005, "p_xgb": 0.998920202255249, "date": "2026-02-19"}}, {"type": "Feature", "geometry": {"type": "Point", "coordinates": [-82.75833333502402, 35.591666667240005]}, "properties": {"p_logistic": 0.48412373661994934, "p_rf": 0.6700000166893005, "p_xgb": 0.998920202255249, "date": "2026-02-19"}}, {"type": "Feature", "geometry": {"type": "Point", "coordinates": [-82.75000000169102, 35.591666667240005]}, "properties": {"p_logistic": 0.4849880039691925, "p_rf": 0.6520000100135803, "p_xgb": 0.9989911913871765, "date": "2026-02-19"}}, {"type": "Feature", "geometry": {"type": "Point", "coordinates": [-82.74166666835802, 35.591666667240005]}, "properties": {"p_logistic": 0.48579511046409607, "p_rf": 0.6520000100135803, "p_xgb": 0.9989911913871765, "date": "2026-02-19"}}, {"type": "Feature", "geometry": {"type": "Point", "coordinates": [-82.73333333502501, 35.591666667240005]}, "properties": {"p_logistic": 0.48649677634239197, "p_rf": 0.6380000114440918, "p_xgb": 0.9991958737373352, "date": "2026-02-19"}}, {"type": "Feature", "geometry": {"type": "Point", "coordinates": [-82.72500000169202, 35.591666667240005]}, "properties": {"p_logistic": 0.48709267377853394, "p_rf": 0.6399999856948853, "p_xgb": 0.9992254972457886, "date": "2026-02-19"}}, {"type": "Feature", "geometry": {"type": "Point", "coordinates": [-82.71666666835901, 35.591666667240005]}, "properties": {"p_logistic": 0.4877502918243408, "p_rf": 0.7459999918937683, "p_xgb": 0.9994142055511475, "date": "2026-02-19"}}, {"type": "Feature", "geometry": {"type": "Point", "coordinates": [-82.70833333502603, 35.591666667240005]}, "properties": {"p_logistic": 0.488545686006546, "p_rf": 0.7960000038146973, "p_xgb": 0.9994279742240906, "date": "2026-02-19"}}, {"type": "Feature", "geometry": {"type": "Point", "coordinates": [-82.70000000169301, 35.591666667240005]}, "properties": {"p_logistic": 0.48942920565605164, "p_rf": 0.800000011920929, "p_xgb": 0.9994485974311829, "date": "2026-02-19"}}, {"type": "Feature", "geometry": {"type": "Point", "coordinates": [-82.69166666836001, 35.591666667240005]}, "properties": {"p_logistic": 0.49097052216529846, "p_rf": 0.800000011920929, "p_xgb": 0.9987801909446716, "date": "2026-02-19"}}, {"type": "Feature", "geometry": {"type": "Point", "coordinates": [-82.68333333502702, 35.591666667240005]}, "properties": {"p_logistic": 0.49186986684799194, "p_rf": 0.800000011920929, "p_xgb": 0.9987801909446716, "date": "2026-02-19"}}, {"type": "Feature", "geometry": {"type": "Point", "coordinates": [-82.67500000169402, 35.591666667240005]}, "properties": {"p_logistic": 0.49162736535072327, "p_rf": 0.800000011920929, "p_xgb": 0.9987801909446716, "date": "2026-02-19"}}, {"type": "Feature", "geometry": {"type": "Point", "coordinates": [-82.66666666836102, 35.591666667240005]}, "properties": {"p_logistic": 0.49040570855140686, "p_rf": 0.800000011920929, "p_xgb": 0.999404788017273, "date": "2026-02-19"}}, {"type": "Feature", "geometry": {"type": "Point", "coordinates": [-82.65833333502802, 35.591666667240005]}, "properties": {"p_logistic": 0.4892229437828064, "p_rf": 0.7979999780654907, "p_xgb": 0.9994142055511475, "date": "2026-02-19"}}, {"type": "Feature", "geometry": {"type": "Point", "coordinates": [-82.65000000169502, 35.591666667240005]}, "properties": {"p_logistic": 0.4880496561527252, "p_rf": 0.6840000152587891, "p_xgb": 0.9994142055511475, "date": "2026-02-19"}}, {"type": "Feature", "geometry": {"type": "Point", "coordinates": [-82.64166666836202, 35.591666667240005]}, "properties": {"p_logistic": 0.48682740330696106, "p_rf": 0.628000020980835, "p_xgb": 0.9992414712905884, "date": "2026-02-19"}}, {"type": "Feature", "geometry": {"type": "Point", "coordinates": [-82.63333333502902, 35.591666667240005]}, "properties": {"p_logistic": 0.48547428846359253, "p_rf": 0.6060000061988831, "p_xgb": 0.998285710811615, "date": "2026-02-19"}}, {"type": "Feature", "geometry": {"type": "Point", "coordinates": [-82.62500000169601, 35.591666667240005]}, "properties": {"p_logistic": 0.48437702655792236, "p_rf": 0.6179999709129333, "p_xgb": 0.998116135597229, "date": "2026-02-19"}}, {"type": "Feature", "geometry": {"type": "Point", "coordinates": [-82.61666666836302, 35.591666667240005]}, "properties": {"p_logistic": 0.4841519892215729, "p_rf": 0.7039999961853027, "p_xgb": 0.9985625147819519, "date": "2026-02-19"}}, {"type": "Feature", "geometry": {"type": "Point", "coordinates": [-82.60833333503001, 35.591666667240005]}, "properties": {"p_logistic": 0.48370829224586487, "p_rf": 0.6980000138282776, "p_xgb": 0.9985625147819519, "date": "2026-02-19"}}, {"type": "Feature", "geometry": {"type": "Point", "coordinates": [-82.60000000169703, 35.591666667240005]}, "properties": {"p_logistic": 0.48373761773109436, "p_rf": 0.7059999704360962, "p_xgb": 0.9985573887825012, "date": "2026-02-19"}}, {"type": "Feature", "geometry": {"type": "Point", "coordinates": [-82.59166666836401, 35.591666667240005]}, "properties": {"p_logistic": 0.4834192991256714, "p_rf": 0.7039999961853027, "p_xgb": 0.9976609945297241, "date": "2026-02-19"}}, {"type": "Feature", "geometry": {"type": "Point", "coordinates": [-82.58333333503101, 35.591666667240005]}, "properties": {"p_logistic": 0.4831876754760742, "p_rf": 0.7059999704360962, "p_xgb": 0.9976086616516113, "date": "2026-02-19"}}, {"type": "Feature", "geometry": {"type": "Point", "coordinates": [-82.57500000169802, 35.591666667240005]}, "properties": {"p_logistic": 0.48348358273506165, "p_rf": 0.6959999799728394, "p_xgb": 0.998331606388092, "date": "2026-02-19"}}, {"type": "Feature", "geometry": {"type": "Point", "coordinates": [-82.56666666836502, 35.591666667240005]}, "properties": {"p_logistic": 0.4830774664878845, "p_rf": 0.6940000057220459, "p_xgb": 0.998331606388092, "date": "2026-02-19"}}, {"type": "Feature", "geometry": {"type": "Point", "coordinates": [-82.55833333503202, 35.591666667240005]}, "properties": {"p_logistic": 0.48330801725387573, "p_rf": 0.6919999718666077, "p_xgb": 0.998331606388092, "date": "2026-02-19"}}, {"type": "Feature", "geometry": {"type": "Point", "coordinates": [-82.55000000169902, 35.591666667240005]}, "properties": {"p_logistic": 0.48452210426330566, "p_rf": 0.6919999718666077, "p_xgb": 0.998331606388092, "date": "2026-02-19"}}, {"type": "Feature", "geometry": {"type": "Point", "coordinates": [-82.54166666836602, 35.591666667240005]}, "properties": {"p_logistic": 0.486812025308609, "p_rf": 0.6880000233650208, "p_xgb": 0.998331606388092, "date": "2026-02-19"}}, {"type": "Feature", "geometry": {"type": "Point", "coordinates": [-82.53333333503302, 35.591666667240005]}, "properties": {"p_logistic": 0.48821067810058594, "p_rf": 0.6759999990463257, "p_xgb": 0.9985089898109436, "date": "2026-02-19"}}, {"type": "Feature", "geometry": {"type": "Point", "coordinates": [-82.52500000170002, 35.591666667240005]}, "properties": {"p_logistic": 0.4888639748096466, "p_rf": 0.6899999976158142, "p_xgb": 0.9984729886054993, "date": "2026-02-19"}}, {"type": "Feature", "geometry": {"type": "Point", "coordinates": [-82.51666666836701, 35.591666667240005]}, "properties": {"p_logistic": 0.4888281226158142, "p_rf": 0.6600000262260437, "p_xgb": 0.9984729886054993, "date": "2026-02-19"}}, {"type": "Feature", "geometry": {"type": "Point", "coordinates": [-82.50833333503402, 35.591666667240005]}, "properties": {"p_logistic": 0.48895883560180664, "p_rf": 0.6179999709129333, "p_xgb": 0.9984410405158997, "date": "2026-02-19"}}, {"type": "Feature", "geometry": {"type": "Point", "coordinates": [-82.50000000170101, 35.591666667240005]}, "properties": {"p_logistic": 0.48930081725120544, "p_rf": 0.621999979019165, "p_xgb": 0.9980766773223877, "date": "2026-02-19"}}, {"type": "Feature", "geometry": {"type": "Point", "coordinates": [-82.49166666836803, 35.591666667240005]}, "properties": {"p_logistic": 0.4895942807197571, "p_rf": 0.628000020980835, "p_xgb": 0.9980766773223877, "date": "2026-02-19"}}, {"type": "Feature", "geometry": {"type": "Point", "coordinates": [-82.48333333503501, 35.591666667240005]}, "properties": {"p_logistic": 0.4897071421146393, "p_rf": 0.656000018119812, "p_xgb": 0.9980766773223877, "date": "2026-02-19"}}, {"type": "Feature", "geometry": {"type": "Point", "coordinates": [-82.47500000170201, 35.591666667240005]}, "properties": {"p_logistic": 0.48976072669029236, "p_rf": 0.656000018119812, "p_xgb": 0.9984410405158997, "date": "2026-02-19"}}, {"type": "Feature", "geometry": {"type": "Point", "coordinates": [-82.46666666836902, 35.591666667240005]}, "properties": {"p_logistic": 0.4898996651172638, "p_rf": 0.6740000247955322, "p_xgb": 0.9984410405158997, "date": "2026-02-19"}}, {"type": "Feature", "geometry": {"type": "Point", "coordinates": [-82.45833333503602, 35.591666667240005]}, "properties": {"p_logistic": 0.490425705909729, "p_rf": 0.6759999990463257, "p_xgb": 0.9974954724311829, "date": "2026-02-19"}}, {"type": "Feature", "geometry": {"type": "Point", "coordinates": [-82.45000000170302, 35.591666667240005]}, "properties": {"p_logistic": 0.4908238649368286, "p_rf": 0.6660000085830688, "p_xgb": 0.9974954724311829, "date": "2026-02-19"}}, {"type": "Feature", "geometry": {"type": "Point", "coordinates": [-82.44166666837002, 35.591666667240005]}, "properties": {"p_logistic": 0.4915745258331299, "p_rf": 0.7039999961853027, "p_xgb": 0.9982377290725708, "date": "2026-02-19"}}, {"type": "Feature", "geometry": {"type": "Point", "coordinates": [-82.43333333503702, 35.591666667240005]}, "properties": {"p_logistic": 0.492045134305954, "p_rf": 0.7300000190734863, "p_xgb": 0.9991719722747803, "date": "2026-02-19"}}, {"type": "Feature", "geometry": {"type": "Point", "coordinates": [-82.42500000170402, 35.591666667240005]}, "properties": {"p_logistic": 0.49193263053894043, "p_rf": 0.7540000081062317, "p_xgb": 0.998766303062439, "date": "2026-02-19"}}, {"type": "Feature", "geometry": {"type": "Point", "coordinates": [-82.41666666837102, 35.591666667240005]}, "properties": {"p_logistic": 0.4913879632949829, "p_rf": 0.7879999876022339, "p_xgb": 0.9990216493606567, "date": "2026-02-19"}}, {"type": "Feature", "geometry": {"type": "Point", "coordinates": [-82.40833333503801, 35.591666667240005]}, "properties": {"p_logistic": 0.4906306564807892, "p_rf": 0.8180000185966492, "p_xgb": 0.9984524250030518, "date": "2026-02-19"}}, {"type": "Feature", "geometry": {"type": "Point", "coordinates": [-82.40000000170502, 35.591666667240005]}, "properties": {"p_logistic": 0.49019771814346313, "p_rf": 0.7760000228881836, "p_xgb": 0.9981372356414795, "date": "2026-02-19"}}, {"type": "Feature", "geometry": {"type": "Point", "coordinates": [-82.39166666837201, 35.591666667240005]}, "properties": {"p_logistic": 0.4897606670856476, "p_rf": 0.7200000286102295, "p_xgb": 0.9971957206726074, "date": "2026-02-19"}}, {"type": "Feature", "geometry": {"type": "Point", "coordinates": [-82.38333333503903, 35.591666667240005]}, "properties": {"p_logistic": 0.4895908534526825, "p_rf": 0.6940000057220459, "p_xgb": 0.9970822930335999, "date": "2026-02-19"}}, {"type": "Feature", "geometry": {"type": "Point", "coordinates": [-82.37500000170601, 35.591666667240005]}, "properties": {"p_logistic": 0.48954105377197266, "p_rf": 0.6940000057220459, "p_xgb": 0.9970822930335999, "date": "2026-02-19"}}, {"type": "Feature", "geometry": {"type": "Point", "coordinates": [-82.36666666837301, 35.591666667240005]}, "properties": {"p_logistic": 0.48946744203567505, "p_rf": 0.6779999732971191, "p_xgb": 0.9936310648918152, "date": "2026-02-19"}}, {"type": "Feature", "geometry": {"type": "Point", "coordinates": [-82.35833333504002, 35.591666667240005]}, "properties": {"p_logistic": 0.48801061511039734, "p_rf": 0.6700000166893005, "p_xgb": 0.9919889569282532, "date": "2026-02-19"}}, {"type": "Feature", "geometry": {"type": "Point", "coordinates": [-82.35000000170702, 35.591666667240005]}, "properties": {"p_logistic": 0.48655110597610474, "p_rf": 0.6600000262260437, "p_xgb": 0.9890344142913818, "date": "2026-02-19"}}, {"type": "Feature", "geometry": {"type": "Point", "coordinates": [-82.34166666837402, 35.591666667240005]}, "properties": {"p_logistic": 0.48469778895378113, "p_rf": 0.6660000085830688, "p_xgb": 0.9879574179649353, "date": "2026-02-19"}}, {"type": "Feature", "geometry": {"type": "Point", "coordinates": [-82.33333333504102, 35.591666667240005]}, "properties": {"p_logistic": 0.48435598611831665, "p_rf": 0.6660000085830688, "p_xgb": 0.9886924028396606, "date": "2026-02-19"}}, {"type": "Feature", "geometry": {"type": "Point", "coordinates": [-82.32500000170802, 35.591666667240005]}, "properties": {"p_logistic": 0.4843669831752777, "p_rf": 0.6880000233650208, "p_xgb": 0.9855921268463135, "date": "2026-02-19"}}, {"type": "Feature", "geometry": {"type": "Point", "coordinates": [-82.31666666837502, 35.591666667240005]}, "properties": {"p_logistic": 0.48390108346939087, "p_rf": 0.6859999895095825, "p_xgb": 0.9849658012390137, "date": "2026-02-19"}}, {"type": "Feature", "geometry": {"type": "Point", "coordinates": [-82.30833333504202, 35.591666667240005]}, "properties": {"p_logistic": 0.48348769545555115, "p_rf": 0.699999988079071, "p_xgb": 0.9849658012390137, "date": "2026-02-19"}}, {"type": "Feature", "geometry": {"type": "Point", "coordinates": [-82.30000000170901, 35.591666667240005]}, "properties": {"p_logistic": 0.48378732800483704, "p_rf": 0.7099999785423279, "p_xgb": 0.9849658012390137, "date": "2026-02-19"}}, {"type": "Feature", "geometry": {"type": "Point", "coordinates": [-82.29166666837602, 35.591666667240005]}, "properties": {"p_logistic": 0.48467931151390076, "p_rf": 0.7020000219345093, "p_xgb": 0.9849658012390137, "date": "2026-02-19"}}, {"type": "Feature", "geometry": {"type": "Point", "coordinates": [-82.77500000169002, 35.58333333390701]}, "properties": {"p_logistic": 0.48438242077827454, "p_rf": 0.6700000166893005, "p_xgb": 0.998920202255249, "date": "2026-02-19"}}, {"type": "Feature", "geometry": {"type": "Point", "coordinates": [-82.76666666835702, 35.58333333390701]}, "properties": {"p_logistic": 0.4849815368652344, "p_rf": 0.6660000085830688, "p_xgb": 0.998920202255249, "date": "2026-02-19"}}, {"type": "Feature", "geometry": {"type": "Point", "coordinates": [-82.75833333502402, 35.58333333390701]}, "properties": {"p_logistic": 0.48599129915237427, "p_rf": 0.6639999747276306, "p_xgb": 0.9989911913871765, "date": "2026-02-19"}}, {"type": "Feature", "geometry": {"type": "Point", "coordinates": [-82.75000000169102, 35.58333333390701]}, "properties": {"p_logistic": 0.4866260588169098, "p_rf": 0.6480000019073486, "p_xgb": 0.9991958737373352, "date": "2026-02-19"}}, {"type": "Feature", "geometry": {"type": "Point", "coordinates": [-82.74166666835802, 35.58333333390701]}, "properties": {"p_logistic": 0.4868592619895935, "p_rf": 0.6480000019073486, "p_xgb": 0.9991958737373352, "date": "2026-02-19"}}, {"type": "Feature", "geometry": {"type": "Point", "coordinates": [-82.73333333502501, 35.58333333390701]}, "properties": {"p_logistic": 0.4867570698261261, "p_rf": 0.6460000276565552, "p_xgb": 0.9992254972457886, "date": "2026-02-19"}}, {"type": "Feature", "geometry": {"type": "Point", "coordinates": [-82.72500000169202, 35.58333333390701]}, "properties": {"p_logistic": 0.4867723286151886, "p_rf": 0.7059999704360962, "p_xgb": 0.9992414712905884, "date": "2026-02-19"}}, {"type": "Feature", "geometry": {"type": "Point", "coordinates": [-82.71666666835901, 35.58333333390701]}, "properties": {"p_logistic": 0.4869309365749359, "p_rf": 0.722000002861023, "p_xgb": 0.9992414712905884, "date": "2026-02-19"}}, {"type": "Feature", "geometry": {"type": "Point", "coordinates": [-82.70833333502603, 35.58333333390701]}, "properties": {"p_logistic": 0.4871256351470947, "p_rf": 0.7480000257492065, "p_xgb": 0.9994485974311829, "date": "2026-02-19"}}, {"type": "Feature", "geometry": {"type": "Point", "coordinates": [-82.70000000169301, 35.58333333390701]}, "properties": {"p_logistic": 0.4875965416431427, "p_rf": 0.8059999942779541, "p_xgb": 0.9994485974311829, "date": "2026-02-19"}}, {"type": "Feature", "geometry": {"type": "Point", "coordinates": [-82.69166666836001, 35.58333333390701]}, "properties": {"p_logistic": 0.4889217019081116, "p_rf": 0.8140000104904175, "p_xgb": 0.9994485974311829, "date": "2026-02-19"}}, {"type": "Feature", "geometry": {"type": "Point", "coordinates": [-82.68333333502702, 35.58333333390701]}, "properties": {"p_logistic": 0.489844411611557, "p_rf": 0.8080000281333923, "p_xgb": 0.9994262456893921, "date": "2026-02-19"}}, {"type": "Feature", "geometry": {"type": "Point", "coordinates": [-82.67500000169402, 35.58333333390701]}, "properties": {"p_logistic": 0.49000105261802673, "p_rf": 0.800000011920929, "p_xgb": 0.9987801909446716, "date": "2026-02-19"}}, {"type": "Feature", "geometry": {"type": "Point", "coordinates": [-82.66666666836102, 35.58333333390701]}, "properties": {"p_logistic": 0.4891589879989624, "p_rf": 0.8019999861717224, "p_xgb": 0.9994485974311829, "date": "2026-02-19"}}, {"type": "Feature", "geometry": {"type": "Point", "coordinates": [-82.65833333502802, 35.58333333390701]}, "properties": {"p_logistic": 0.4889761209487915, "p_rf": 0.7979999780654907, "p_xgb": 0.9994465708732605, "date": "2026-02-19"}}, {"type": "Feature", "geometry": {"type": "Point", "coordinates": [-82.65000000169502, 35.58333333390701]}, "properties": {"p_logistic": 0.4875548779964447, "p_rf": 0.7480000257492065, "p_xgb": 0.9994465708732605, "date": "2026-02-19"}}, {"type": "Feature", "geometry": {"type": "Point", "coordinates": [-82.64166666836202, 35.58333333390701]}, "properties": {"p_logistic": 0.4870889484882355, "p_rf": 0.7099999785423279, "p_xgb": 0.9992833733558655, "date": "2026-02-19"}}, {"type": "Feature", "geometry": {"type": "Point", "coordinates": [-82.63333333502902, 35.58333333390701]}, "properties": {"p_logistic": 0.4856599271297455, "p_rf": 0.6880000233650208, "p_xgb": 0.9982663989067078, "date": "2026-02-19"}}, {"type": "Feature", "geometry": {"type": "Point", "coordinates": [-82.62500000169601, 35.58333333390701]}, "properties": {"p_logistic": 0.484653115272522, "p_rf": 0.7039999961853027, "p_xgb": 0.9979416728019714, "date": "2026-02-19"}}, {"type": "Feature", "geometry": {"type": "Point", "coordinates": [-82.61666666836302, 35.58333333390701]}, "properties": {"p_logistic": 0.48363080620765686, "p_rf": 0.7020000219345093, "p_xgb": 0.9985625147819519, "date": "2026-02-19"}}, {"type": "Feature", "geometry": {"type": "Point", "coordinates": [-82.60833333503001, 35.58333333390701]}, "properties": {"p_logistic": 0.4831366240978241, "p_rf": 0.7080000042915344, "p_xgb": 0.9985889792442322, "date": "2026-02-19"}}, {"type": "Feature", "geometry": {"type": "Point", "coordinates": [-82.60000000169703, 35.58333333390701]}, "properties": {"p_logistic": 0.48335006833076477, "p_rf": 0.7120000123977661, "p_xgb": 0.9984362721443176, "date": "2026-02-19"}}, {"type": "Feature", "geometry": {"type": "Point", "coordinates": [-82.59166666836401, 35.58333333390701]}, "properties": {"p_logistic": 0.4837765693664551, "p_rf": 0.7160000205039978, "p_xgb": 0.9976820945739746, "date": "2026-02-19"}}, {"type": "Feature", "geometry": {"type": "Point", "coordinates": [-82.58333333503101, 35.58333333390701]}, "properties": {"p_logistic": 0.48406797647476196, "p_rf": 0.7200000286102295, "p_xgb": 0.9976820945739746, "date": "2026-02-19"}}, {"type": "Feature", "geometry": {"type": "Point", "coordinates": [-82.57500000169802, 35.58333333390701]}, "properties": {"p_logistic": 0.48390254378318787, "p_rf": 0.7120000123977661, "p_xgb": 0.9975811243057251, "date": "2026-02-19"}}, {"type": "Feature", "geometry": {"type": "Point", "coordinates": [-82.56666666836502, 35.58333333390701]}, "properties": {"p_logistic": 0.4838962256908417, "p_rf": 0.6919999718666077, "p_xgb": 0.9975270628929138, "date": "2026-02-19"}}, {"type": "Feature", "geometry": {"type": "Point", "coordinates": [-82.55833333503202, 35.58333333390701]}, "properties": {"p_logistic": 0.48437750339508057, "p_rf": 0.6919999718666077, "p_xgb": 0.9975270628929138, "date": "2026-02-19"}}, {"type": "Feature", "geometry": {"type": "Point", "coordinates": [-82.55000000169902, 35.58333333390701]}, "properties": {"p_logistic": 0.48622196912765503, "p_rf": 0.6940000057220459, "p_xgb": 0.9975270628929138, "date": "2026-02-19"}}, {"type": "Feature", "geometry": {"type": "Point", "coordinates": [-82.54166666836602, 35.58333333390701]}, "properties": {"p_logistic": 0.48890578746795654, "p_rf": 0.6959999799728394, "p_xgb": 0.9975270628929138, "date": "2026-02-19"}}, {"type": "Feature", "geometry": {"type": "Point", "coordinates": [-82.53333333503302, 35.58333333390701]}, "properties": {"p_logistic": 0.4908463656902313, "p_rf": 0.6959999799728394, "p_xgb": 0.9975270628929138, "date": "2026-02-19"}}, {"type": "Feature", "geometry": {"type": "Point", "coordinates": [-82.52500000170002, 35.58333333390701]}, "properties": {"p_logistic": 0.4908405542373657, "p_rf": 0.7020000219345093, "p_xgb": 0.9976086616516113, "date": "2026-02-19"}}, {"type": "Feature", "geometry": {"type": "Point", "coordinates": [-82.51666666836701, 35.58333333390701]}, "properties": {"p_logistic": 0.48989808559417725, "p_rf": 0.6940000057220459, "p_xgb": 0.998331606388092, "date": "2026-02-19"}}, {"type": "Feature", "geometry": {"type": "Point", "coordinates": [-82.50833333503402, 35.58333333390701]}, "properties": {"p_logistic": 0.4890423119068146, "p_rf": 0.6880000233650208, "p_xgb": 0.9984676241874695, "date": "2026-02-19"}}, {"type": "Feature", "geometry": {"type": "Point", "coordinates": [-82.50000000170101, 35.58333333390701]}, "properties": {"p_logistic": 0.48885270953178406, "p_rf": 0.6899999976158142, "p_xgb": 0.998116135597229, "date": "2026-02-19"}}, {"type": "Feature", "geometry": {"type": "Point", "coordinates": [-82.49166666836803, 35.58333333390701]}, "properties": {"p_logistic": 0.48904094099998474, "p_rf": 0.6119999885559082, "p_xgb": 0.9980766773223877, "date": "2026-02-19"}}, {"type": "Feature", "geometry": {"type": "Point", "coordinates": [-82.48333333503501, 35.58333333390701]}, "properties": {"p_logistic": 0.4893207848072052, "p_rf": 0.6079999804496765, "p_xgb": 0.9980766773223877, "date": "2026-02-19"}}, {"type": "Feature", "geometry": {"type": "Point", "coordinates": [-82.47500000170201, 35.58333333390701]}, "properties": {"p_logistic": 0.4893997609615326, "p_rf": 0.6299999952316284, "p_xgb": 0.9980766773223877, "date": "2026-02-19"}}, {"type": "Feature", "geometry": {"type": "Point", "coordinates": [-82.46666666836902, 35.58333333390701]}, "properties": {"p_logistic": 0.48951807618141174, "p_rf": 0.6600000262260437, "p_xgb": 0.9980766773223877, "date": "2026-02-19"}}, {"type": "Feature", "geometry": {"type": "Point", "coordinates": [-82.45833333503602, 35.58333333390701]}, "properties": {"p_logistic": 0.4898860454559326, "p_rf": 0.6840000152587891, "p_xgb": 0.9980740547180176, "date": "2026-02-19"}}, {"type": "Feature", "geometry": {"type": "Point", "coordinates": [-82.45000000170302, 35.58333333390701]}, "properties": {"p_logistic": 0.4904901683330536, "p_rf": 0.7039999961853027, "p_xgb": 0.9982377290725708, "date": "2026-02-19"}}, {"type": "Feature", "geometry": {"type": "Point", "coordinates": [-82.44166666837002, 35.58333333390701]}, "properties": {"p_logistic": 0.4915471374988556, "p_rf": 0.7440000176429749, "p_xgb": 0.998766303062439, "date": "2026-02-19"}}, {"type": "Feature", "geometry": {"type": "Point", "coordinates": [-82.43333333503702, 35.58333333390701]}, "properties": {"p_logistic": 0.49241217970848083, "p_rf": 0.8240000009536743, "p_xgb": 0.9990471005439758, "date": "2026-02-19"}}, {"type": "Feature", "geometry": {"type": "Point", "coordinates": [-82.42500000170402, 35.58333333390701]}, "properties": {"p_logistic": 0.4925695061683655, "p_rf": 0.8360000252723694, "p_xgb": 0.9990471005439758, "date": "2026-02-19"}}, {"type": "Feature", "geometry": {"type": "Point", "coordinates": [-82.41666666837102, 35.58333333390701]}, "properties": {"p_logistic": 0.49215248227119446, "p_rf": 0.843999981880188, "p_xgb": 0.998828113079071, "date": "2026-02-19"}}, {"type": "Feature", "geometry": {"type": "Point", "coordinates": [-82.40833333503801, 35.58333333390701]}, "properties": {"p_logistic": 0.4919448494911194, "p_rf": 0.828000009059906, "p_xgb": 0.9986043572425842, "date": "2026-02-19"}}, {"type": "Feature", "geometry": {"type": "Point", "coordinates": [-82.40000000170502, 35.58333333390701]}, "properties": {"p_logistic": 0.4916403293609619, "p_rf": 0.8040000200271606, "p_xgb": 0.9963411688804626, "date": "2026-02-19"}}, {"type": "Feature", "geometry": {"type": "Point", "coordinates": [-82.39166666837201, 35.58333333390701]}, "properties": {"p_logistic": 0.4914248585700989, "p_rf": 0.7620000243186951, "p_xgb": 0.995597779750824, "date": "2026-02-19"}}, {"type": "Feature", "geometry": {"type": "Point", "coordinates": [-82.38333333503903, 35.58333333390701]}, "properties": {"p_logistic": 0.4909552037715912, "p_rf": 0.6959999799728394, "p_xgb": 0.9936310648918152, "date": "2026-02-19"}}, {"type": "Feature", "geometry": {"type": "Point", "coordinates": [-82.37500000170601, 35.58333333390701]}, "properties": {"p_logistic": 0.49044373631477356, "p_rf": 0.6859999895095825, "p_xgb": 0.9936310648918152, "date": "2026-02-19"}}, {"type": "Feature", "geometry": {"type": "Point", "coordinates": [-82.36666666837301, 35.58333333390701]}, "properties": {"p_logistic": 0.48975270986557007, "p_rf": 0.6779999732971191, "p_xgb": 0.9932307004928589, "date": "2026-02-19"}}, {"type": "Feature", "geometry": {"type": "Point", "coordinates": [-82.35833333504002, 35.58333333390701]}, "properties": {"p_logistic": 0.4875715374946594, "p_rf": 0.6660000085830688, "p_xgb": 0.9919889569282532, "date": "2026-02-19"}}, {"type": "Feature", "geometry": {"type": "Point", "coordinates": [-82.35000000170702, 35.58333333390701]}, "properties": {"p_logistic": 0.48587697744369507, "p_rf": 0.6539999842643738, "p_xgb": 0.9879574179649353, "date": "2026-02-19"}}, {"type": "Feature", "geometry": {"type": "Point", "coordinates": [-82.34166666837402, 35.58333333390701]}, "properties": {"p_logistic": 0.48450368642807007, "p_rf": 0.6840000152587891, "p_xgb": 0.9906933903694153, "date": "2026-02-19"}}, {"type": "Feature", "geometry": {"type": "Point", "coordinates": [-82.33333333504102, 35.58333333390701]}, "properties": {"p_logistic": 0.483494371175766, "p_rf": 0.6899999976158142, "p_xgb": 0.9855921268463135, "date": "2026-02-19"}}, {"type": "Feature", "geometry": {"type": "Point", "coordinates": [-82.32500000170802, 35.58333333390701]}, "properties": {"p_logistic": 0.48304662108421326, "p_rf": 0.6859999895095825, "p_xgb": 0.9855921268463135, "date": "2026-02-19"}}, {"type": "Feature", "geometry": {"type": "Point", "coordinates": [-82.31666666837502, 35.58333333390701]}, "properties": {"p_logistic": 0.4825943410396576, "p_rf": 0.7020000219345093, "p_xgb": 0.9849658012390137, "date": "2026-02-19"}}, {"type": "Feature", "geometry": {"type": "Point", "coordinates": [-82.30833333504202, 35.58333333390701]}, "properties": {"p_logistic": 0.48207536339759827, "p_rf": 0.699999988079071, "p_xgb": 0.9849658012390137, "date": "2026-02-19"}}, {"type": "Feature", "geometry": {"type": "Point", "coordinates": [-82.30000000170901, 35.58333333390701]}, "properties": {"p_logistic": 0.48251068592071533, "p_rf": 0.7080000042915344, "p_xgb": 0.9849658012390137, "date": "2026-02-19"}}, {"type": "Feature", "geometry": {"type": "Point", "coordinates": [-82.29166666837602, 35.58333333390701]}, "properties": {"p_logistic": 0.48363402485847473, "p_rf": 0.7020000219345093, "p_xgb": 0.9849658012390137, "date": "2026-02-19"}}, {"type": "Feature", "geometry": {"type": "Point", "coordinates": [-82.28333333504301, 35.58333333390701]}, "properties": {"p_logistic": 0.4851464629173279, "p_rf": 0.7020000219345093, "p_xgb": 0.9892702102661133, "date": "2026-02-19"}}, {"type": "Feature", "geometry": {"type": "Point", "coordinates": [-82.76666666835702, 35.57500000057401]}, "properties": {"p_logistic": 0.48713889718055725, "p_rf": 0.734000027179718, "p_xgb": 0.9992208480834961, "date": "2026-02-19"}}, {"type": "Feature", "geometry": {"type": "Point", "coordinates": [-82.75833333502402, 35.57500000057401]}, "properties": {"p_logistic": 0.4880116283893585, "p_rf": 0.6859999895095825, "p_xgb": 0.9992208480834961, "date": "2026-02-19"}}, {"type": "Feature", "geometry": {"type": "Point", "coordinates": [-82.75000000169102, 35.57500000057401]}, "properties": {"p_logistic": 0.48815205693244934, "p_rf": 0.6700000166893005, "p_xgb": 0.99937903881073, "date": "2026-02-19"}}, {"type": "Feature", "geometry": {"type": "Point", "coordinates": [-82.74166666835802, 35.57500000057401]}, "properties": {"p_logistic": 0.4879414141178131, "p_rf": 0.6700000166893005, "p_xgb": 0.9994019269943237, "date": "2026-02-19"}}, {"type": "Feature", "geometry": {"type": "Point", "coordinates": [-82.73333333502501, 35.57500000057401]}, "properties": {"p_logistic": 0.48738881945610046, "p_rf": 0.6480000019073486, "p_xgb": 0.9992254972457886, "date": "2026-02-19"}}, {"type": "Feature", "geometry": {"type": "Point", "coordinates": [-82.72500000169202, 35.57500000057401]}, "properties": {"p_logistic": 0.48706305027008057, "p_rf": 0.6919999718666077, "p_xgb": 0.9992414712905884, "date": "2026-02-19"}}, {"type": "Feature", "geometry": {"type": "Point", "coordinates": [-82.71666666835901, 35.57500000057401]}, "properties": {"p_logistic": 0.48609957098960876, "p_rf": 0.7239999771118164, "p_xgb": 0.9992592930793762, "date": "2026-02-19"}}, {"type": "Feature", "geometry": {"type": "Point", "coordinates": [-82.70833333502603, 35.57500000057401]}, "properties": {"p_logistic": 0.48605725169181824, "p_rf": 0.7379999756813049, "p_xgb": 0.999285876750946, "date": "2026-02-19"}}, {"type": "Feature", "geometry": {"type": "Point", "coordinates": [-82.70000000169301, 35.57500000057401]}, "properties": {"p_logistic": 0.4859940707683563, "p_rf": 0.7400000095367432, "p_xgb": 0.999285876750946, "date": "2026-02-19"}}, {"type": "Feature", "geometry": {"type": "Point", "coordinates": [-82.69166666836001, 35.57500000057401]}, "properties": {"p_logistic": 0.4868225157260895, "p_rf": 0.8119999766349792, "p_xgb": 0.9994485974311829, "date": "2026-02-19"}}, {"type": "Feature", "geometry": {"type": "Point", "coordinates": [-82.68333333502702, 35.57500000057401]}, "properties": {"p_logistic": 0.4876800775527954, "p_rf": 0.8159999847412109, "p_xgb": 0.9994485974311829, "date": "2026-02-19"}}, {"type": "Feature", "geometry": {"type": "Point", "coordinates": [-82.67500000169402, 35.57500000057401]}, "properties": {"p_logistic": 0.48828673362731934, "p_rf": 0.8100000023841858, "p_xgb": 0.9994465708732605, "date": "2026-02-19"}}, {"type": "Feature", "geometry": {"type": "Point", "coordinates": [-82.66666666836102, 35.57500000057401]}, "properties": {"p_logistic": 0.4879922568798065, "p_rf": 0.800000011920929, "p_xgb": 0.9994465708732605, "date": "2026-02-19"}}, {"type": "Feature", "geometry": {"type": "Point", "coordinates": [-82.65833333502802, 35.57500000057401]}, "properties": {"p_logistic": 0.4877971112728119, "p_rf": 0.800000011920929, "p_xgb": 0.9994465708732605, "date": "2026-02-19"}}, {"type": "Feature", "geometry": {"type": "Point", "coordinates": [-82.65000000169502, 35.57500000057401]}, "properties": {"p_logistic": 0.48737213015556335, "p_rf": 0.7599999904632568, "p_xgb": 0.9993599057197571, "date": "2026-02-19"}}, {"type": "Feature", "geometry": {"type": "Point", "coordinates": [-82.64166666836202, 35.57500000057401]}, "properties": {"p_logistic": 0.48702919483184814, "p_rf": 0.7419999837875366, "p_xgb": 0.9991711378097534, "date": "2026-02-19"}}, {"type": "Feature", "geometry": {"type": "Point", "coordinates": [-82.63333333502902, 35.57500000057401]}, "properties": {"p_logistic": 0.48565858602523804, "p_rf": 0.6980000138282776, "p_xgb": 0.9981654286384583, "date": "2026-02-19"}}, {"type": "Feature", "geometry": {"type": "Point", "coordinates": [-82.62500000169601, 35.57500000057401]}, "properties": {"p_logistic": 0.48465728759765625, "p_rf": 0.6980000138282776, "p_xgb": 0.9970502853393555, "date": "2026-02-19"}}, {"type": "Feature", "geometry": {"type": "Point", "coordinates": [-82.61666666836302, 35.57500000057401]}, "properties": {"p_logistic": 0.48363733291625977, "p_rf": 0.7160000205039978, "p_xgb": 0.998331606388092, "date": "2026-02-19"}}, {"type": "Feature", "geometry": {"type": "Point", "coordinates": [-82.60833333503001, 35.57500000057401]}, "properties": {"p_logistic": 0.48257774114608765, "p_rf": 0.7099999785423279, "p_xgb": 0.9983682036399841, "date": "2026-02-19"}}, {"type": "Feature", "geometry": {"type": "Point", "coordinates": [-82.60000000169703, 35.57500000057401]}, "properties": {"p_logistic": 0.48290538787841797, "p_rf": 0.7179999947547913, "p_xgb": 0.9977586269378662, "date": "2026-02-19"}}, {"type": "Feature", "geometry": {"type": "Point", "coordinates": [-82.59166666836401, 35.57500000057401]}, "properties": {"p_logistic": 0.483737587928772, "p_rf": 0.7200000286102295, "p_xgb": 0.9978658556938171, "date": "2026-02-19"}}, {"type": "Feature", "geometry": {"type": "Point", "coordinates": [-82.58333333503101, 35.57500000057401]}, "properties": {"p_logistic": 0.4845832586288452, "p_rf": 0.7319999933242798, "p_xgb": 0.9977929592132568, "date": "2026-02-19"}}, {"type": "Feature", "geometry": {"type": "Point", "coordinates": [-82.57500000169802, 35.57500000057401]}, "properties": {"p_logistic": 0.48477813601493835, "p_rf": 0.7200000286102295, "p_xgb": 0.9975811243057251, "date": "2026-02-19"}}, {"type": "Feature", "geometry": {"type": "Point", "coordinates": [-82.56666666836502, 35.57500000057401]}, "properties": {"p_logistic": 0.48501813411712646, "p_rf": 0.7059999704360962, "p_xgb": 0.9975811243057251, "date": "2026-02-19"}}, {"type": "Feature", "geometry": {"type": "Point", "coordinates": [-82.55833333503202, 35.57500000057401]}, "properties": {"p_logistic": 0.4859274923801422, "p_rf": 0.6919999718666077, "p_xgb": 0.9975270628929138, "date": "2026-02-19"}}, {"type": "Feature", "geometry": {"type": "Point", "coordinates": [-82.55000000169902, 35.57500000057401]}, "properties": {"p_logistic": 0.487909734249115, "p_rf": 0.6959999799728394, "p_xgb": 0.9975270628929138, "date": "2026-02-19"}}, {"type": "Feature", "geometry": {"type": "Point", "coordinates": [-82.54166666836602, 35.57500000057401]}, "properties": {"p_logistic": 0.49066752195358276, "p_rf": 0.6959999799728394, "p_xgb": 0.9975270628929138, "date": "2026-02-19"}}, {"type": "Feature", "geometry": {"type": "Point", "coordinates": [-82.53333333503302, 35.57500000057401]}, "properties": {"p_logistic": 0.49233201146125793, "p_rf": 0.6980000138282776, "p_xgb": 0.9975270628929138, "date": "2026-02-19"}}, {"type": "Feature", "geometry": {"type": "Point", "coordinates": [-82.52500000170002, 35.57500000057401]}, "properties": {"p_logistic": 0.4921899139881134, "p_rf": 0.7080000042915344, "p_xgb": 0.9976086616516113, "date": "2026-02-19"}}, {"type": "Feature", "geometry": {"type": "Point", "coordinates": [-82.51666666836701, 35.57500000057401]}, "properties": {"p_logistic": 0.4906941056251526, "p_rf": 0.7020000219345093, "p_xgb": 0.998331606388092, "date": "2026-02-19"}}, {"type": "Feature", "geometry": {"type": "Point", "coordinates": [-82.50833333503402, 35.57500000057401]}, "properties": {"p_logistic": 0.48920178413391113, "p_rf": 0.6940000057220459, "p_xgb": 0.9985625147819519, "date": "2026-02-19"}}, {"type": "Feature", "geometry": {"type": "Point", "coordinates": [-82.50000000170101, 35.57500000057401]}, "properties": {"p_logistic": 0.48850300908088684, "p_rf": 0.6880000233650208, "p_xgb": 0.998116135597229, "date": "2026-02-19"}}, {"type": "Feature", "geometry": {"type": "Point", "coordinates": [-82.49166666836803, 35.57500000057401]}, "properties": {"p_logistic": 0.4881373643875122, "p_rf": 0.6039999723434448, "p_xgb": 0.9980766773223877, "date": "2026-02-19"}}, {"type": "Feature", "geometry": {"type": "Point", "coordinates": [-82.48333333503501, 35.57500000057401]}, "properties": {"p_logistic": 0.48817721009254456, "p_rf": 0.621999979019165, "p_xgb": 0.9980766773223877, "date": "2026-02-19"}}, {"type": "Feature", "geometry": {"type": "Point", "coordinates": [-82.47500000170201, 35.57500000057401]}, "properties": {"p_logistic": 0.488373339176178, "p_rf": 0.6579999923706055, "p_xgb": 0.9981265664100647, "date": "2026-02-19"}}, {"type": "Feature", "geometry": {"type": "Point", "coordinates": [-82.46666666836902, 35.57500000057401]}, "properties": {"p_logistic": 0.48857274651527405, "p_rf": 0.6940000057220459, "p_xgb": 0.9982377290725708, "date": "2026-02-19"}}, {"type": "Feature", "geometry": {"type": "Point", "coordinates": [-82.45833333503602, 35.57500000057401]}, "properties": {"p_logistic": 0.4892740845680237, "p_rf": 0.7419999837875366, "p_xgb": 0.9992037415504456, "date": "2026-02-19"}}, {"type": "Feature", "geometry": {"type": "Point", "coordinates": [-82.45000000170302, 35.57500000057401]}, "properties": {"p_logistic": 0.48999321460723877, "p_rf": 0.828000009059906, "p_xgb": 0.9990471005439758, "date": "2026-02-19"}}, {"type": "Feature", "geometry": {"type": "Point", "coordinates": [-82.44166666837002, 35.57500000057401]}, "properties": {"p_logistic": 0.4911704361438751, "p_rf": 0.8420000076293945, "p_xgb": 0.9990471005439758, "date": "2026-02-19"}}, {"type": "Feature", "geometry": {"type": "Point", "coordinates": [-82.43333333503702, 35.57500000057401]}, "properties": {"p_logistic": 0.4924122989177704, "p_rf": 0.8399999737739563, "p_xgb": 0.9989820122718811, "date": "2026-02-19"}}, {"type": "Feature", "geometry": {"type": "Point", "coordinates": [-82.42500000170402, 35.57500000057401]}, "properties": {"p_logistic": 0.4930497705936432, "p_rf": 0.8379999995231628, "p_xgb": 0.9978370070457458, "date": "2026-02-19"}}, {"type": "Feature", "geometry": {"type": "Point", "coordinates": [-82.41666666837102, 35.57500000057401]}, "properties": {"p_logistic": 0.493095725774765, "p_rf": 0.8360000252723694, "p_xgb": 0.9974096417427063, "date": "2026-02-19"}}, {"type": "Feature", "geometry": {"type": "Point", "coordinates": [-82.40833333503801, 35.57500000057401]}, "properties": {"p_logistic": 0.49305036664009094, "p_rf": 0.828000009059906, "p_xgb": 0.9968279004096985, "date": "2026-02-19"}}, {"type": "Feature", "geometry": {"type": "Point", "coordinates": [-82.40000000170502, 35.57500000057401]}, "properties": {"p_logistic": 0.49307340383529663, "p_rf": 0.8119999766349792, "p_xgb": 0.9961802959442139, "date": "2026-02-19"}}, {"type": "Feature", "geometry": {"type": "Point", "coordinates": [-82.39166666837201, 35.57500000057401]}, "properties": {"p_logistic": 0.4927469491958618, "p_rf": 0.765999972820282, "p_xgb": 0.9954043626785278, "date": "2026-02-19"}}, {"type": "Feature", "geometry": {"type": "Point", "coordinates": [-82.38333333503903, 35.57500000057401]}, "properties": {"p_logistic": 0.49207404255867004, "p_rf": 0.7200000286102295, "p_xgb": 0.9933518171310425, "date": "2026-02-19"}}, {"type": "Feature", "geometry": {"type": "Point", "coordinates": [-82.37500000170601, 35.57500000057401]}, "properties": {"p_logistic": 0.49053892493247986, "p_rf": 0.6740000247955322, "p_xgb": 0.9933518171310425, "date": "2026-02-19"}}, {"type": "Feature", "geometry": {"type": "Point", "coordinates": [-82.36666666837301, 35.57500000057401]}, "properties": {"p_logistic": 0.4887283146381378, "p_rf": 0.6679999828338623, "p_xgb": 0.9919889569282532, "date": "2026-02-19"}}, {"type": "Feature", "geometry": {"type": "Point", "coordinates": [-82.35833333504002, 35.57500000057401]}, "properties": {"p_logistic": 0.48721635341644287, "p_rf": 0.6620000004768372, "p_xgb": 0.9890344142913818, "date": "2026-02-19"}}, {"type": "Feature", "geometry": {"type": "Point", "coordinates": [-82.35000000170702, 35.57500000057401]}, "properties": {"p_logistic": 0.48547229170799255, "p_rf": 0.6679999828338623, "p_xgb": 0.9879574179649353, "date": "2026-02-19"}}, {"type": "Feature", "geometry": {"type": "Point", "coordinates": [-82.34166666837402, 35.57500000057401]}, "properties": {"p_logistic": 0.4840792715549469, "p_rf": 0.6639999747276306, "p_xgb": 0.9886924028396606, "date": "2026-02-19"}}, {"type": "Feature", "geometry": {"type": "Point", "coordinates": [-82.33333333504102, 35.57500000057401]}, "properties": {"p_logistic": 0.48266544938087463, "p_rf": 0.6880000233650208, "p_xgb": 0.9855921268463135, "date": "2026-02-19"}}, {"type": "Feature", "geometry": {"type": "Point", "coordinates": [-82.32500000170802, 35.57500000057401]}, "properties": {"p_logistic": 0.4819875657558441, "p_rf": 0.7020000219345093, "p_xgb": 0.9855921268463135, "date": "2026-02-19"}}, {"type": "Feature", "geometry": {"type": "Point", "coordinates": [-82.31666666837502, 35.57500000057401]}, "properties": {"p_logistic": 0.48134198784828186, "p_rf": 0.7039999961853027, "p_xgb": 0.9849658012390137, "date": "2026-02-19"}}, {"type": "Feature", "geometry": {"type": "Point", "coordinates": [-82.30833333504202, 35.57500000057401]}, "properties": {"p_logistic": 0.48063963651657104, "p_rf": 0.722000002861023, "p_xgb": 0.9849658012390137, "date": "2026-02-19"}}, {"type": "Feature", "geometry": {"type": "Point", "coordinates": [-82.30000000170901, 35.57500000057401]}, "properties": {"p_logistic": 0.48102879524230957, "p_rf": 0.699999988079071, "p_xgb": 0.9849658012390137, "date": "2026-02-19"}}, {"type": "Feature", "geometry": {"type": "Point", "coordinates": [-82.29166666837602, 35.57500000057401]}, "properties": {"p_logistic": 0.48227784037590027, "p_rf": 0.6980000138282776, "p_xgb": 0.9849658012390137, "date": "2026-02-19"}}, {"type": "Feature", "geometry": {"type": "Point", "coordinates": [-82.28333333504301, 35.57500000057401]}, "properties": {"p_logistic": 0.48415902256965637, "p_rf": 0.671999990940094, "p_xgb": 0.9834191799163818, "date": "2026-02-19"}}, {"type": "Feature", "geometry": {"type": "Point", "coordinates": [-82.27500000171003, 35.57500000057401]}, "properties": {"p_logistic": 0.4856710731983185, "p_rf": 0.7599999904632568, "p_xgb": 0.9891234040260315, "date": "2026-02-19"}}, {"type": "Feature", "geometry": {"type": "Point", "coordinates": [-82.76666666835702, 35.566666667241]}, "properties": {"p_logistic": 0.4882718324661255, "p_rf": 0.7540000081062317, "p_xgb": 0.9992208480834961, "date": "2026-02-19"}}, {"type": "Feature", "geometry": {"type": "Point", "coordinates": [-82.75833333502402, 35.566666667241]}, "properties": {"p_logistic": 0.48906373977661133, "p_rf": 0.7580000162124634, "p_xgb": 0.9992208480834961, "date": "2026-02-19"}}, {"type": "Feature", "geometry": {"type": "Point", "coordinates": [-82.75000000169102, 35.566666667241]}, "properties": {"p_logistic": 0.48893025517463684, "p_rf": 0.7360000014305115, "p_xgb": 0.9994019269943237, "date": "2026-02-19"}}, {"type": "Feature", "geometry": {"type": "Point", "coordinates": [-82.74166666835802, 35.566666667241]}, "properties": {"p_logistic": 0.48830267786979675, "p_rf": 0.7099999785423279, "p_xgb": 0.9994019269943237, "date": "2026-02-19"}}, {"type": "Feature", "geometry": {"type": "Point", "coordinates": [-82.73333333502501, 35.566666667241]}, "properties": {"p_logistic": 0.4873555302619934, "p_rf": 0.6679999828338623, "p_xgb": 0.9994019269943237, "date": "2026-02-19"}}, {"type": "Feature", "geometry": {"type": "Point", "coordinates": [-82.72500000169202, 35.566666667241]}, "properties": {"p_logistic": 0.48643529415130615, "p_rf": 0.6919999718666077, "p_xgb": 0.9992414712905884, "date": "2026-02-19"}}, {"type": "Feature", "geometry": {"type": "Point", "coordinates": [-82.71666666835901, 35.566666667241]}, "properties": {"p_logistic": 0.48539629578590393, "p_rf": 0.7099999785423279, "p_xgb": 0.9992592930793762, "date": "2026-02-19"}}, {"type": "Feature", "geometry": {"type": "Point", "coordinates": [-82.70833333502603, 35.566666667241]}, "properties": {"p_logistic": 0.48413506150245667, "p_rf": 0.7160000205039978, "p_xgb": 0.9984192848205566, "date": "2026-02-19"}}, {"type": "Feature", "geometry": {"type": "Point", "coordinates": [-82.70000000169301, 35.566666667241]}, "properties": {"p_logistic": 0.4838448762893677, "p_rf": 0.7200000286102295, "p_xgb": 0.9984136819839478, "date": "2026-02-19"}}, {"type": "Feature", "geometry": {"type": "Point", "coordinates": [-82.69166666836001, 35.566666667241]}, "properties": {"p_logistic": 0.4842454493045807, "p_rf": 0.7260000109672546, "p_xgb": 0.9991711378097534, "date": "2026-02-19"}}, {"type": "Feature", "geometry": {"type": "Point", "coordinates": [-82.68333333502702, 35.566666667241]}, "properties": {"p_logistic": 0.48507747054100037, "p_rf": 0.7419999837875366, "p_xgb": 0.9991711378097534, "date": "2026-02-19"}}, {"type": "Feature", "geometry": {"type": "Point", "coordinates": [-82.67500000169402, 35.566666667241]}, "properties": {"p_logistic": 0.4862523674964905, "p_rf": 0.8119999766349792, "p_xgb": 0.999082088470459, "date": "2026-02-19"}}, {"type": "Feature", "geometry": {"type": "Point", "coordinates": [-82.66666666836102, 35.566666667241]}, "properties": {"p_logistic": 0.48697429895401, "p_rf": 0.8140000104904175, "p_xgb": 0.9993599057197571, "date": "2026-02-19"}}, {"type": "Feature", "geometry": {"type": "Point", "coordinates": [-82.65833333502802, 35.566666667241]}, "properties": {"p_logistic": 0.4872751533985138, "p_rf": 0.8140000104904175, "p_xgb": 0.9993599057197571, "date": "2026-02-19"}}, {"type": "Feature", "geometry": {"type": "Point", "coordinates": [-82.65000000169502, 35.566666667241]}, "properties": {"p_logistic": 0.48735418915748596, "p_rf": 0.8159999847412109, "p_xgb": 0.9993599057197571, "date": "2026-02-19"}}, {"type": "Feature", "geometry": {"type": "Point", "coordinates": [-82.64166666836202, 35.566666667241]}, "properties": {"p_logistic": 0.48670119047164917, "p_rf": 0.7620000243186951, "p_xgb": 0.9991711378097534, "date": "2026-02-19"}}, {"type": "Feature", "geometry": {"type": "Point", "coordinates": [-82.63333333502902, 35.566666667241]}, "properties": {"p_logistic": 0.4857093095779419, "p_rf": 0.7239999771118164, "p_xgb": 0.9988114833831787, "date": "2026-02-19"}}, {"type": "Feature", "geometry": {"type": "Point", "coordinates": [-82.62500000169601, 35.566666667241]}, "properties": {"p_logistic": 0.4846493899822235, "p_rf": 0.6899999976158142, "p_xgb": 0.9970287680625916, "date": "2026-02-19"}}, {"type": "Feature", "geometry": {"type": "Point", "coordinates": [-82.61666666836302, 35.566666667241]}, "properties": {"p_logistic": 0.48359790444374084, "p_rf": 0.7160000205039978, "p_xgb": 0.9976609945297241, "date": "2026-02-19"}}, {"type": "Feature", "geometry": {"type": "Point", "coordinates": [-82.60833333503001, 35.566666667241]}, "properties": {"p_logistic": 0.48333045840263367, "p_rf": 0.7200000286102295, "p_xgb": 0.9975811243057251, "date": "2026-02-19"}}, {"type": "Feature", "geometry": {"type": "Point", "coordinates": [-82.60000000169703, 35.566666667241]}, "properties": {"p_logistic": 0.4833078682422638, "p_rf": 0.7300000190734863, "p_xgb": 0.9976820945739746, "date": "2026-02-19"}}, {"type": "Feature", "geometry": {"type": "Point", "coordinates": [-82.59166666836401, 35.566666667241]}, "properties": {"p_logistic": 0.4845640957355499, "p_rf": 0.734000027179718, "p_xgb": 0.9977929592132568, "date": "2026-02-19"}}, {"type": "Feature", "geometry": {"type": "Point", "coordinates": [-82.58333333503101, 35.566666667241]}, "properties": {"p_logistic": 0.48551297187805176, "p_rf": 0.7279999852180481, "p_xgb": 0.9971408843994141, "date": "2026-02-19"}}, {"type": "Feature", "geometry": {"type": "Point", "coordinates": [-82.57500000169802, 35.566666667241]}, "properties": {"p_logistic": 0.4859994351863861, "p_rf": 0.7200000286102295, "p_xgb": 0.997016429901123, "date": "2026-02-19"}}, {"type": "Feature", "geometry": {"type": "Point", "coordinates": [-82.56666666836502, 35.566666667241]}, "properties": {"p_logistic": 0.4863920509815216, "p_rf": 0.7239999771118164, "p_xgb": 0.9975811243057251, "date": "2026-02-19"}}, {"type": "Feature", "geometry": {"type": "Point", "coordinates": [-82.55833333503202, 35.566666667241]}, "properties": {"p_logistic": 0.48727694153785706, "p_rf": 0.7039999961853027, "p_xgb": 0.9975270628929138, "date": "2026-02-19"}}, {"type": "Feature", "geometry": {"type": "Point", "coordinates": [-82.55000000169902, 35.566666667241]}, "properties": {"p_logistic": 0.4889775216579437, "p_rf": 0.7020000219345093, "p_xgb": 0.9975270628929138, "date": "2026-02-19"}}, {"type": "Feature", "geometry": {"type": "Point", "coordinates": [-82.54166666836602, 35.566666667241]}, "properties": {"p_logistic": 0.49098408222198486, "p_rf": 0.7099999785423279, "p_xgb": 0.9976086616516113, "date": "2026-02-19"}}, {"type": "Feature", "geometry": {"type": "Point", "coordinates": [-82.53333333503302, 35.566666667241]}, "properties": {"p_logistic": 0.4923762381076813, "p_rf": 0.7059999704360962, "p_xgb": 0.9976086616516113, "date": "2026-02-19"}}, {"type": "Feature", "geometry": {"type": "Point", "coordinates": [-82.52500000170002, 35.566666667241]}, "properties": {"p_logistic": 0.49215662479400635, "p_rf": 0.7080000042915344, "p_xgb": 0.998331606388092, "date": "2026-02-19"}}, {"type": "Feature", "geometry": {"type": "Point", "coordinates": [-82.51666666836701, 35.566666667241]}, "properties": {"p_logistic": 0.490695059299469, "p_rf": 0.6940000057220459, "p_xgb": 0.9985625147819519, "date": "2026-02-19"}}, {"type": "Feature", "geometry": {"type": "Point", "coordinates": [-82.50833333503402, 35.566666667241]}, "properties": {"p_logistic": 0.4890744984149933, "p_rf": 0.6899999976158142, "p_xgb": 0.998116135597229, "date": "2026-02-19"}}, {"type": "Feature", "geometry": {"type": "Point", "coordinates": [-82.50000000170101, 35.566666667241]}, "properties": {"p_logistic": 0.48770561814308167, "p_rf": 0.6119999885559082, "p_xgb": 0.9980766773223877, "date": "2026-02-19"}}, {"type": "Feature", "geometry": {"type": "Point", "coordinates": [-82.49166666836803, 35.566666667241]}, "properties": {"p_logistic": 0.48662853240966797, "p_rf": 0.6240000128746033, "p_xgb": 0.9980766773223877, "date": "2026-02-19"}}, {"type": "Feature", "geometry": {"type": "Point", "coordinates": [-82.48333333503501, 35.566666667241]}, "properties": {"p_logistic": 0.48603641986846924, "p_rf": 0.6579999923706055, "p_xgb": 0.9981265664100647, "date": "2026-02-19"}}, {"type": "Feature", "geometry": {"type": "Point", "coordinates": [-82.47500000170201, 35.566666667241]}, "properties": {"p_logistic": 0.4862692654132843, "p_rf": 0.6880000233650208, "p_xgb": 0.9986467957496643, "date": "2026-02-19"}}, {"type": "Feature", "geometry": {"type": "Point", "coordinates": [-82.46666666836902, 35.566666667241]}, "properties": {"p_logistic": 0.48730170726776123, "p_rf": 0.7459999918937683, "p_xgb": 0.9992037415504456, "date": "2026-02-19"}}, {"type": "Feature", "geometry": {"type": "Point", "coordinates": [-82.45833333503602, 35.566666667241]}, "properties": {"p_logistic": 0.4887394607067108, "p_rf": 0.8420000076293945, "p_xgb": 0.9993605017662048, "date": "2026-02-19"}}, {"type": "Feature", "geometry": {"type": "Point", "coordinates": [-82.45000000170302, 35.566666667241]}, "properties": {"p_logistic": 0.4899497330188751, "p_rf": 0.8379999995231628, "p_xgb": 0.9990085959434509, "date": "2026-02-19"}}, {"type": "Feature", "geometry": {"type": "Point", "coordinates": [-82.44166666837002, 35.566666667241]}, "properties": {"p_logistic": 0.49127480387687683, "p_rf": 0.8299999833106995, "p_xgb": 0.9976850748062134, "date": "2026-02-19"}}, {"type": "Feature", "geometry": {"type": "Point", "coordinates": [-82.43333333503702, 35.566666667241]}, "properties": {"p_logistic": 0.49258798360824585, "p_rf": 0.8299999833106995, "p_xgb": 0.9978370070457458, "date": "2026-02-19"}}, {"type": "Feature", "geometry": {"type": "Point", "coordinates": [-82.42500000170402, 35.566666667241]}, "properties": {"p_logistic": 0.49344542622566223, "p_rf": 0.8299999833106995, "p_xgb": 0.99774169921875, "date": "2026-02-19"}}, {"type": "Feature", "geometry": {"type": "Point", "coordinates": [-82.41666666837102, 35.566666667241]}, "properties": {"p_logistic": 0.4939959943294525, "p_rf": 0.828000009059906, "p_xgb": 0.99774169921875, "date": "2026-02-19"}}, {"type": "Feature", "geometry": {"type": "Point", "coordinates": [-82.40833333503801, 35.566666667241]}, "properties": {"p_logistic": 0.4939890503883362, "p_rf": 0.8220000267028809, "p_xgb": 0.9969918727874756, "date": "2026-02-19"}}, {"type": "Feature", "geometry": {"type": "Point", "coordinates": [-82.40000000170502, 35.566666667241]}, "properties": {"p_logistic": 0.49390119314193726, "p_rf": 0.8059999942779541, "p_xgb": 0.9961802959442139, "date": "2026-02-19"}}, {"type": "Feature", "geometry": {"type": "Point", "coordinates": [-82.39166666837201, 35.566666667241]}, "properties": {"p_logistic": 0.4934450685977936, "p_rf": 0.7720000147819519, "p_xgb": 0.9955881834030151, "date": "2026-02-19"}}, {"type": "Feature", "geometry": {"type": "Point", "coordinates": [-82.38333333503903, 35.566666667241]}, "properties": {"p_logistic": 0.491412490606308, "p_rf": 0.699999988079071, "p_xgb": 0.9933518171310425, "date": "2026-02-19"}}, {"type": "Feature", "geometry": {"type": "Point", "coordinates": [-82.37500000170601, 35.566666667241]}, "properties": {"p_logistic": 0.48976925015449524, "p_rf": 0.671999990940094, "p_xgb": 0.9922686219215393, "date": "2026-02-19"}}, {"type": "Feature", "geometry": {"type": "Point", "coordinates": [-82.36666666837301, 35.566666667241]}, "properties": {"p_logistic": 0.4880807399749756, "p_rf": 0.6620000004768372, "p_xgb": 0.9885559678077698, "date": "2026-02-19"}}, {"type": "Feature", "geometry": {"type": "Point", "coordinates": [-82.35833333504002, 35.566666667241]}, "properties": {"p_logistic": 0.48613858222961426, "p_rf": 0.656000018119812, "p_xgb": 0.9890344142913818, "date": "2026-02-19"}}, {"type": "Feature", "geometry": {"type": "Point", "coordinates": [-82.35000000170702, 35.566666667241]}, "properties": {"p_logistic": 0.4843137562274933, "p_rf": 0.6840000152587891, "p_xgb": 0.9906933903694153, "date": "2026-02-19"}}, {"type": "Feature", "geometry": {"type": "Point", "coordinates": [-82.34166666837402, 35.566666667241]}, "properties": {"p_logistic": 0.4829872250556946, "p_rf": 0.6819999814033508, "p_xgb": 0.9886924028396606, "date": "2026-02-19"}}, {"type": "Feature", "geometry": {"type": "Point", "coordinates": [-82.33333333504102, 35.566666667241]}, "properties": {"p_logistic": 0.4811801016330719, "p_rf": 0.6840000152587891, "p_xgb": 0.9855921268463135, "date": "2026-02-19"}}, {"type": "Feature", "geometry": {"type": "Point", "coordinates": [-82.32500000170802, 35.566666667241]}, "properties": {"p_logistic": 0.48088791966438293, "p_rf": 0.7020000219345093, "p_xgb": 0.9849658012390137, "date": "2026-02-19"}}, {"type": "Feature", "geometry": {"type": "Point", "coordinates": [-82.31666666837502, 35.566666667241]}, "properties": {"p_logistic": 0.48028674721717834, "p_rf": 0.7020000219345093, "p_xgb": 0.9849658012390137, "date": "2026-02-19"}}, {"type": "Feature", "geometry": {"type": "Point", "coordinates": [-82.30833333504202, 35.566666667241]}, "properties": {"p_logistic": 0.4795832633972168, "p_rf": 0.6940000057220459, "p_xgb": 0.9849658012390137, "date": "2026-02-19"}}, {"type": "Feature", "geometry": {"type": "Point", "coordinates": [-82.30000000170901, 35.566666667241]}, "properties": {"p_logistic": 0.4797104299068451, "p_rf": 0.699999988079071, "p_xgb": 0.9849658012390137, "date": "2026-02-19"}}, {"type": "Feature", "geometry": {"type": "Point", "coordinates": [-82.29166666837602, 35.566666667241]}, "properties": {"p_logistic": 0.4806186854839325, "p_rf": 0.6740000247955322, "p_xgb": 0.9875503182411194, "date": "2026-02-19"}}, {"type": "Feature", "geometry": {"type": "Point", "coordinates": [-82.28333333504301, 35.566666667241]}, "properties": {"p_logistic": 0.4829883873462677, "p_rf": 0.6499999761581421, "p_xgb": 0.9838711023330688, "date": "2026-02-19"}}, {"type": "Feature", "geometry": {"type": "Point", "coordinates": [-82.27500000171003, 35.566666667241]}, "properties": {"p_logistic": 0.4846850633621216, "p_rf": 0.7400000095367432, "p_xgb": 0.983071506023407, "date": "2026-02-19"}}, {"type": "Feature", "geometry": {"type": "Point", "coordinates": [-82.26666666837701, 35.566666667241]}, "properties": {"p_logistic": 0.4860638678073883, "p_rf": 0.7179999947547913, "p_xgb": 0.9896609783172607, "date": "2026-02-19"}}, {"type": "Feature", "geometry": {"type": "Point", "coordinates": [-82.76666666835702, 35.558333333908]}, "properties": {"p_logistic": 0.489292711019516, "p_rf": 0.7599999904632568, "p_xgb": 0.9991893172264099, "date": "2026-02-19"}}, {"type": "Feature", "geometry": {"type": "Point", "coordinates": [-82.75833333502402, 35.558333333908]}, "properties": {"p_logistic": 0.4898209273815155, "p_rf": 0.7599999904632568, "p_xgb": 0.9992208480834961, "date": "2026-02-19"}}, {"type": "Feature", "geometry": {"type": "Point", "coordinates": [-82.75000000169102, 35.558333333908]}, "properties": {"p_logistic": 0.48945918679237366, "p_rf": 0.7360000014305115, "p_xgb": 0.9994019269943237, "date": "2026-02-19"}}, {"type": "Feature", "geometry": {"type": "Point", "coordinates": [-82.74166666835802, 35.558333333908]}, "properties": {"p_logistic": 0.48860880732536316, "p_rf": 0.7200000286102295, "p_xgb": 0.9994019269943237, "date": "2026-02-19"}}, {"type": "Feature", "geometry": {"type": "Point", "coordinates": [-82.73333333502501, 35.558333333908]}, "properties": {"p_logistic": 0.48728427290916443, "p_rf": 0.6620000004768372, "p_xgb": 0.9994019269943237, "date": "2026-02-19"}}, {"type": "Feature", "geometry": {"type": "Point", "coordinates": [-82.72500000169202, 35.558333333908]}, "properties": {"p_logistic": 0.4860737919807434, "p_rf": 0.722000002861023, "p_xgb": 0.9992414712905884, "date": "2026-02-19"}}, {"type": "Feature", "geometry": {"type": "Point", "coordinates": [-82.71666666835901, 35.558333333908]}, "properties": {"p_logistic": 0.48466968536376953, "p_rf": 0.7080000042915344, "p_xgb": 0.999285876750946, "date": "2026-02-19"}}, {"type": "Feature", "geometry": {"type": "Point", "coordinates": [-82.70833333502603, 35.558333333908]}, "properties": {"p_logistic": 0.48309126496315, "p_rf": 0.6919999718666077, "p_xgb": 0.9981654286384583, "date": "2026-02-19"}}, {"type": "Feature", "geometry": {"type": "Point", "coordinates": [-82.70000000169301, 35.558333333908]}, "properties": {"p_logistic": 0.48231032490730286, "p_rf": 0.6959999799728394, "p_xgb": 0.9971267580986023, "date": "2026-02-19"}}, {"type": "Feature", "geometry": {"type": "Point", "coordinates": [-82.69166666836001, 35.558333333908]}, "properties": {"p_logistic": 0.4820210337638855, "p_rf": 0.6940000057220459, "p_xgb": 0.9970287680625916, "date": "2026-02-19"}}, {"type": "Feature", "geometry": {"type": "Point", "coordinates": [-82.68333333502702, 35.558333333908]}, "properties": {"p_logistic": 0.48264428973197937, "p_rf": 0.7020000219345093, "p_xgb": 0.9972809553146362, "date": "2026-02-19"}}, {"type": "Feature", "geometry": {"type": "Point", "coordinates": [-82.67500000169402, 35.558333333908]}, "properties": {"p_logistic": 0.48418986797332764, "p_rf": 0.7279999852180481, "p_xgb": 0.9987708926200867, "date": "2026-02-19"}}, {"type": "Feature", "geometry": {"type": "Point", "coordinates": [-82.66666666836102, 35.558333333908]}, "properties": {"p_logistic": 0.48587334156036377, "p_rf": 0.7620000243186951, "p_xgb": 0.9990506768226624, "date": "2026-02-19"}}, {"type": "Feature", "geometry": {"type": "Point", "coordinates": [-82.65833333502802, 35.558333333908]}, "properties": {"p_logistic": 0.4868578612804413, "p_rf": 0.8159999847412109, "p_xgb": 0.999082088470459, "date": "2026-02-19"}}, {"type": "Feature", "geometry": {"type": "Point", "coordinates": [-82.65000000169502, 35.558333333908]}, "properties": {"p_logistic": 0.4870529770851135, "p_rf": 0.8159999847412109, "p_xgb": 0.999082088470459, "date": "2026-02-19"}}, {"type": "Feature", "geometry": {"type": "Point", "coordinates": [-82.64166666836202, 35.558333333908]}, "properties": {"p_logistic": 0.4866999387741089, "p_rf": 0.8040000200271606, "p_xgb": 0.999082088470459, "date": "2026-02-19"}}, {"type": "Feature", "geometry": {"type": "Point", "coordinates": [-82.63333333502902, 35.558333333908]}, "properties": {"p_logistic": 0.48579511046409607, "p_rf": 0.7419999837875366, "p_xgb": 0.9988114833831787, "date": "2026-02-19"}}, {"type": "Feature", "geometry": {"type": "Point", "coordinates": [-82.62500000169601, 35.558333333908]}, "properties": {"p_logistic": 0.4849477708339691, "p_rf": 0.7239999771118164, "p_xgb": 0.9987708926200867, "date": "2026-02-19"}}, {"type": "Feature", "geometry": {"type": "Point", "coordinates": [-82.61666666836302, 35.558333333908]}, "properties": {"p_logistic": 0.4845792055130005, "p_rf": 0.7179999947547913, "p_xgb": 0.9972809553146362, "date": "2026-02-19"}}, {"type": "Feature", "geometry": {"type": "Point", "coordinates": [-82.60833333503001, 35.558333333908]}, "properties": {"p_logistic": 0.4846753180027008, "p_rf": 0.7039999961853027, "p_xgb": 0.9970937967300415, "date": "2026-02-19"}}, {"type": "Feature", "geometry": {"type": "Point", "coordinates": [-82.60000000169703, 35.558333333908]}, "properties": {"p_logistic": 0.4852476418018341, "p_rf": 0.7080000042915344, "p_xgb": 0.9972149133682251, "date": "2026-02-19"}}, {"type": "Feature", "geometry": {"type": "Point", "coordinates": [-82.59166666836401, 35.558333333908]}, "properties": {"p_logistic": 0.4861266016960144, "p_rf": 0.7099999785423279, "p_xgb": 0.9972149133682251, "date": "2026-02-19"}}, {"type": "Feature", "geometry": {"type": "Point", "coordinates": [-82.58333333503101, 35.558333333908]}, "properties": {"p_logistic": 0.48654675483703613, "p_rf": 0.7139999866485596, "p_xgb": 0.9974513649940491, "date": "2026-02-19"}}, {"type": "Feature", "geometry": {"type": "Point", "coordinates": [-82.57500000169802, 35.558333333908]}, "properties": {"p_logistic": 0.4869380295276642, "p_rf": 0.7080000042915344, "p_xgb": 0.9970937967300415, "date": "2026-02-19"}}, {"type": "Feature", "geometry": {"type": "Point", "coordinates": [-82.56666666836502, 35.558333333908]}, "properties": {"p_logistic": 0.487258642911911, "p_rf": 0.6899999976158142, "p_xgb": 0.9969497323036194, "date": "2026-02-19"}}, {"type": "Feature", "geometry": {"type": "Point", "coordinates": [-82.55833333503202, 35.558333333908]}, "properties": {"p_logistic": 0.48807936906814575, "p_rf": 0.7020000219345093, "p_xgb": 0.9970502853393555, "date": "2026-02-19"}}, {"type": "Feature", "geometry": {"type": "Point", "coordinates": [-82.55000000169902, 35.558333333908]}, "properties": {"p_logistic": 0.48934292793273926, "p_rf": 0.7059999704360962, "p_xgb": 0.9970502853393555, "date": "2026-02-19"}}, {"type": "Feature", "geometry": {"type": "Point", "coordinates": [-82.54166666836602, 35.558333333908]}, "properties": {"p_logistic": 0.4908050298690796, "p_rf": 0.7059999704360962, "p_xgb": 0.9982201457023621, "date": "2026-02-19"}}, {"type": "Feature", "geometry": {"type": "Point", "coordinates": [-82.53333333503302, 35.558333333908]}, "properties": {"p_logistic": 0.49165117740631104, "p_rf": 0.6919999718666077, "p_xgb": 0.9982201457023621, "date": "2026-02-19"}}, {"type": "Feature", "geometry": {"type": "Point", "coordinates": [-82.52500000170002, 35.558333333908]}, "properties": {"p_logistic": 0.4913507401943207, "p_rf": 0.6880000233650208, "p_xgb": 0.998116135597229, "date": "2026-02-19"}}, {"type": "Feature", "geometry": {"type": "Point", "coordinates": [-82.51666666836701, 35.558333333908]}, "properties": {"p_logistic": 0.4899972677230835, "p_rf": 0.6179999709129333, "p_xgb": 0.9980766773223877, "date": "2026-02-19"}}, {"type": "Feature", "geometry": {"type": "Point", "coordinates": [-82.50833333503402, 35.558333333908]}, "properties": {"p_logistic": 0.4884028732776642, "p_rf": 0.6240000128746033, "p_xgb": 0.9980766773223877, "date": "2026-02-19"}}, {"type": "Feature", "geometry": {"type": "Point", "coordinates": [-82.50000000170101, 35.558333333908]}, "properties": {"p_logistic": 0.48682132363319397, "p_rf": 0.6380000114440918, "p_xgb": 0.9980766773223877, "date": "2026-02-19"}}, {"type": "Feature", "geometry": {"type": "Point", "coordinates": [-82.49166666836803, 35.558333333908]}, "properties": {"p_logistic": 0.4853450655937195, "p_rf": 0.6660000085830688, "p_xgb": 0.9981270432472229, "date": "2026-02-19"}}, {"type": "Feature", "geometry": {"type": "Point", "coordinates": [-82.48333333503501, 35.558333333908]}, "properties": {"p_logistic": 0.4841788709163666, "p_rf": 0.6859999895095825, "p_xgb": 0.9985211491584778, "date": "2026-02-19"}}, {"type": "Feature", "geometry": {"type": "Point", "coordinates": [-82.47500000170201, 35.558333333908]}, "properties": {"p_logistic": 0.4848194420337677, "p_rf": 0.7279999852180481, "p_xgb": 0.9985950589179993, "date": "2026-02-19"}}, {"type": "Feature", "geometry": {"type": "Point", "coordinates": [-82.46666666836902, 35.558333333908]}, "properties": {"p_logistic": 0.486765056848526, "p_rf": 0.7879999876022339, "p_xgb": 0.9993851184844971, "date": "2026-02-19"}}, {"type": "Feature", "geometry": {"type": "Point", "coordinates": [-82.45833333503602, 35.558333333908]}, "properties": {"p_logistic": 0.48867952823638916, "p_rf": 0.8360000252723694, "p_xgb": 0.9993605017662048, "date": "2026-02-19"}}, {"type": "Feature", "geometry": {"type": "Point", "coordinates": [-82.45000000170302, 35.558333333908]}, "properties": {"p_logistic": 0.49016597867012024, "p_rf": 0.8259999752044678, "p_xgb": 0.9974867105484009, "date": "2026-02-19"}}, {"type": "Feature", "geometry": {"type": "Point", "coordinates": [-82.44166666837002, 35.558333333908]}, "properties": {"p_logistic": 0.491394579410553, "p_rf": 0.8119999766349792, "p_xgb": 0.9967252612113953, "date": "2026-02-19"}}, {"type": "Feature", "geometry": {"type": "Point", "coordinates": [-82.43333333503702, 35.558333333908]}, "properties": {"p_logistic": 0.4925185739994049, "p_rf": 0.8220000267028809, "p_xgb": 0.9971022009849548, "date": "2026-02-19"}}, {"type": "Feature", "geometry": {"type": "Point", "coordinates": [-82.42500000170402, 35.558333333908]}, "properties": {"p_logistic": 0.4934326410293579, "p_rf": 0.8220000267028809, "p_xgb": 0.9974880218505859, "date": "2026-02-19"}}, {"type": "Feature", "geometry": {"type": "Point", "coordinates": [-82.41666666837102, 35.558333333908]}, "properties": {"p_logistic": 0.4940759539604187, "p_rf": 0.8220000267028809, "p_xgb": 0.9976528286933899, "date": "2026-02-19"}}, {"type": "Feature", "geometry": {"type": "Point", "coordinates": [-82.40833333503801, 35.558333333908]}, "properties": {"p_logistic": 0.49435338377952576, "p_rf": 0.8159999847412109, "p_xgb": 0.9974880218505859, "date": "2026-02-19"}}, {"type": "Feature", "geometry": {"type": "Point", "coordinates": [-82.40000000170502, 35.558333333908]}, "properties": {"p_logistic": 0.49439266324043274, "p_rf": 0.8140000104904175, "p_xgb": 0.9965302348136902, "date": "2026-02-19"}}, {"type": "Feature", "geometry": {"type": "Point", "coordinates": [-82.39166666837201, 35.558333333908]}, "properties": {"p_logistic": 0.4938944876194, "p_rf": 0.7940000295639038, "p_xgb": 0.9961802959442139, "date": "2026-02-19"}}, {"type": "Feature", "geometry": {"type": "Point", "coordinates": [-82.38333333503903, 35.558333333908]}, "properties": {"p_logistic": 0.49228090047836304, "p_rf": 0.7540000081062317, "p_xgb": 0.9954043626785278, "date": "2026-02-19"}}, {"type": "Feature", "geometry": {"type": "Point", "coordinates": [-82.37500000170601, 35.558333333908]}, "properties": {"p_logistic": 0.4902752935886383, "p_rf": 0.6819999814033508, "p_xgb": 0.9933518171310425, "date": "2026-02-19"}}, {"type": "Feature", "geometry": {"type": "Point", "coordinates": [-82.36666666837301, 35.558333333908]}, "properties": {"p_logistic": 0.488101601600647, "p_rf": 0.671999990940094, "p_xgb": 0.9917833805084229, "date": "2026-02-19"}}, {"type": "Feature", "geometry": {"type": "Point", "coordinates": [-82.35833333504002, 35.558333333908]}, "properties": {"p_logistic": 0.48601019382476807, "p_rf": 0.6579999923706055, "p_xgb": 0.9890344142913818, "date": "2026-02-19"}}, {"type": "Feature", "geometry": {"type": "Point", "coordinates": [-82.35000000170702, 35.558333333908]}, "properties": {"p_logistic": 0.4840119481086731, "p_rf": 0.6520000100135803, "p_xgb": 0.9879574179649353, "date": "2026-02-19"}}, {"type": "Feature", "geometry": {"type": "Point", "coordinates": [-82.34166666837402, 35.558333333908]}, "properties": {"p_logistic": 0.48251932859420776, "p_rf": 0.656000018119812, "p_xgb": 0.9886924028396606, "date": "2026-02-19"}}, {"type": "Feature", "geometry": {"type": "Point", "coordinates": [-82.33333333504102, 35.558333333908]}, "properties": {"p_logistic": 0.48080942034721375, "p_rf": 0.6819999814033508, "p_xgb": 0.988857090473175, "date": "2026-02-19"}}, {"type": "Feature", "geometry": {"type": "Point", "coordinates": [-82.32500000170802, 35.558333333908]}, "properties": {"p_logistic": 0.4804326891899109, "p_rf": 0.6899999976158142, "p_xgb": 0.9881992340087891, "date": "2026-02-19"}}, {"type": "Feature", "geometry": {"type": "Point", "coordinates": [-82.31666666837502, 35.558333333908]}, "properties": {"p_logistic": 0.4798276722431183, "p_rf": 0.6819999814033508, "p_xgb": 0.9849658012390137, "date": "2026-02-19"}}, {"type": "Feature", "geometry": {"type": "Point", "coordinates": [-82.30833333504202, 35.558333333908]}, "properties": {"p_logistic": 0.47907572984695435, "p_rf": 0.6919999718666077, "p_xgb": 0.9849658012390137, "date": "2026-02-19"}}, {"type": "Feature", "geometry": {"type": "Point", "coordinates": [-82.30000000170901, 35.558333333908]}, "properties": {"p_logistic": 0.47873398661613464, "p_rf": 0.7039999961853027, "p_xgb": 0.9887160658836365, "date": "2026-02-19"}}, {"type": "Feature", "geometry": {"type": "Point", "coordinates": [-82.29166666837602, 35.558333333908]}, "properties": {"p_logistic": 0.47978174686431885, "p_rf": 0.671999990940094, "p_xgb": 0.9875503182411194, "date": "2026-02-19"}}, {"type": "Feature", "geometry": {"type": "Point", "coordinates": [-82.28333333504301, 35.558333333908]}, "properties": {"p_logistic": 0.481537401676178, "p_rf": 0.6499999761581421, "p_xgb": 0.9872881174087524, "date": "2026-02-19"}}, {"type": "Feature", "geometry": {"type": "Point", "coordinates": [-82.27500000171003, 35.558333333908]}, "properties": {"p_logistic": 0.48347076773643494, "p_rf": 0.7080000042915344, "p_xgb": 0.983071506023407, "date": "2026-02-19"}}, {"type": "Feature", "geometry": {"type": "Point", "coordinates": [-82.26666666837701, 35.558333333908]}, "properties": {"p_logistic": 0.48488494753837585, "p_rf": 0.7179999947547913, "p_xgb": 0.9840196371078491, "date": "2026-02-19"}}, {"type": "Feature", "geometry": {"type": "Point", "coordinates": [-82.25833333504401, 35.558333333908]}, "properties": {"p_logistic": 0.4861772954463959, "p_rf": 0.7179999947547913, "p_xgb": 0.9832038879394531, "date": "2026-02-19"}}, {"type": "Feature", "geometry": {"type": "Point", "coordinates": [-82.25000000171102, 35.558333333908]}, "properties": {"p_logistic": 0.48663410544395447, "p_rf": 0.7139999866485596, "p_xgb": 0.9832038879394531, "date": "2026-02-19"}}, {"type": "Feature", "geometry": {"type": "Point", "coordinates": [-82.76666666835702, 35.550000000575004]}, "properties": {"p_logistic": 0.4900132417678833, "p_rf": 0.7540000081062317, "p_xgb": 0.9982770681381226, "date": "2026-02-19"}}, {"type": "Feature", "geometry": {"type": "Point", "coordinates": [-82.75833333502402, 35.550000000575004]}, "properties": {"p_logistic": 0.48994168639183044, "p_rf": 0.7459999918937683, "p_xgb": 0.99935382604599, "date": "2026-02-19"}}, {"type": "Feature", "geometry": {"type": "Point", "coordinates": [-82.75000000169102, 35.550000000575004]}, "properties": {"p_logistic": 0.48991766571998596, "p_rf": 0.7379999756813049, "p_xgb": 0.9994019269943237, "date": "2026-02-19"}}, {"type": "Feature", "geometry": {"type": "Point", "coordinates": [-82.74166666835802, 35.550000000575004]}, "properties": {"p_logistic": 0.48886165022850037, "p_rf": 0.7179999947547913, "p_xgb": 0.9994019269943237, "date": "2026-02-19"}}, {"type": "Feature", "geometry": {"type": "Point", "coordinates": [-82.73333333502501, 35.550000000575004]}, "properties": {"p_logistic": 0.48749494552612305, "p_rf": 0.7979999780654907, "p_xgb": 0.9994142055511475, "date": "2026-02-19"}}, {"type": "Feature", "geometry": {"type": "Point", "coordinates": [-82.72500000169202, 35.550000000575004]}, "properties": {"p_logistic": 0.4861575961112976, "p_rf": 0.7279999852180481, "p_xgb": 0.999285876750946, "date": "2026-02-19"}}, {"type": "Feature", "geometry": {"type": "Point", "coordinates": [-82.71666666835901, 35.550000000575004]}, "properties": {"p_logistic": 0.48483678698539734, "p_rf": 0.7300000190734863, "p_xgb": 0.9992833733558655, "date": "2026-02-19"}}, {"type": "Feature", "geometry": {"type": "Point", "coordinates": [-82.70833333502603, 35.550000000575004]}, "properties": {"p_logistic": 0.4838046133518219, "p_rf": 0.7200000286102295, "p_xgb": 0.997370719909668, "date": "2026-02-19"}}, {"type": "Feature", "geometry": {"type": "Point", "coordinates": [-82.70000000169301, 35.550000000575004]}, "properties": {"p_logistic": 0.4824490547180176, "p_rf": 0.6940000057220459, "p_xgb": 0.9970287680625916, "date": "2026-02-19"}}, {"type": "Feature", "geometry": {"type": "Point", "coordinates": [-82.69166666836001, 35.550000000575004]}, "properties": {"p_logistic": 0.4820178151130676, "p_rf": 0.6940000057220459, "p_xgb": 0.9970287680625916, "date": "2026-02-19"}}, {"type": "Feature", "geometry": {"type": "Point", "coordinates": [-82.68333333502702, 35.550000000575004]}, "properties": {"p_logistic": 0.48263952136039734, "p_rf": 0.6959999799728394, "p_xgb": 0.9972809553146362, "date": "2026-02-19"}}, {"type": "Feature", "geometry": {"type": "Point", "coordinates": [-82.67500000169402, 35.550000000575004]}, "properties": {"p_logistic": 0.4843655824661255, "p_rf": 0.7279999852180481, "p_xgb": 0.9987708926200867, "date": "2026-02-19"}}, {"type": "Feature", "geometry": {"type": "Point", "coordinates": [-82.66666666836102, 35.550000000575004]}, "properties": {"p_logistic": 0.4861964285373688, "p_rf": 0.7620000243186951, "p_xgb": 0.9990506768226624, "date": "2026-02-19"}}, {"type": "Feature", "geometry": {"type": "Point", "coordinates": [-82.65833333502802, 35.550000000575004]}, "properties": {"p_logistic": 0.48714008927345276, "p_rf": 0.8180000185966492, "p_xgb": 0.9990506768226624, "date": "2026-02-19"}}, {"type": "Feature", "geometry": {"type": "Point", "coordinates": [-82.65000000169502, 35.550000000575004]}, "properties": {"p_logistic": 0.4871499836444855, "p_rf": 0.8199999928474426, "p_xgb": 0.9990506768226624, "date": "2026-02-19"}}, {"type": "Feature", "geometry": {"type": "Point", "coordinates": [-82.64166666836202, 35.550000000575004]}, "properties": {"p_logistic": 0.48671481013298035, "p_rf": 0.8199999928474426, "p_xgb": 0.9990506768226624, "date": "2026-02-19"}}, {"type": "Feature", "geometry": {"type": "Point", "coordinates": [-82.63333333502902, 35.550000000575004]}, "properties": {"p_logistic": 0.48619675636291504, "p_rf": 0.7639999985694885, "p_xgb": 0.999082088470459, "date": "2026-02-19"}}, {"type": "Feature", "geometry": {"type": "Point", "coordinates": [-82.62500000169601, 35.550000000575004]}, "properties": {"p_logistic": 0.4857674241065979, "p_rf": 0.7620000243186951, "p_xgb": 0.999082088470459, "date": "2026-02-19"}}, {"type": "Feature", "geometry": {"type": "Point", "coordinates": [-82.61666666836302, 35.550000000575004]}, "properties": {"p_logistic": 0.4858876168727875, "p_rf": 0.7440000176429749, "p_xgb": 0.9987708926200867, "date": "2026-02-19"}}, {"type": "Feature", "geometry": {"type": "Point", "coordinates": [-82.60833333503001, 35.550000000575004]}, "properties": {"p_logistic": 0.4862559139728546, "p_rf": 0.7379999756813049, "p_xgb": 0.9987708926200867, "date": "2026-02-19"}}, {"type": "Feature", "geometry": {"type": "Point", "coordinates": [-82.60000000169703, 35.550000000575004]}, "properties": {"p_logistic": 0.4867670238018036, "p_rf": 0.7519999742507935, "p_xgb": 0.9987977743148804, "date": "2026-02-19"}}, {"type": "Feature", "geometry": {"type": "Point", "coordinates": [-82.59166666836401, 35.550000000575004]}, "properties": {"p_logistic": 0.48727840185165405, "p_rf": 0.7580000162124634, "p_xgb": 0.9987977743148804, "date": "2026-02-19"}}, {"type": "Feature", "geometry": {"type": "Point", "coordinates": [-82.58333333503101, 35.550000000575004]}, "properties": {"p_logistic": 0.4878026247024536, "p_rf": 0.7440000176429749, "p_xgb": 0.9987708926200867, "date": "2026-02-19"}}, {"type": "Feature", "geometry": {"type": "Point", "coordinates": [-82.57500000169802, 35.550000000575004]}, "properties": {"p_logistic": 0.48762398958206177, "p_rf": 0.722000002861023, "p_xgb": 0.9988114833831787, "date": "2026-02-19"}}, {"type": "Feature", "geometry": {"type": "Point", "coordinates": [-82.56666666836502, 35.550000000575004]}, "properties": {"p_logistic": 0.4879356026649475, "p_rf": 0.7200000286102295, "p_xgb": 0.9981654286384583, "date": "2026-02-19"}}, {"type": "Feature", "geometry": {"type": "Point", "coordinates": [-82.55833333503202, 35.550000000575004]}, "properties": {"p_logistic": 0.48866963386535645, "p_rf": 0.6840000152587891, "p_xgb": 0.9984136819839478, "date": "2026-02-19"}}, {"type": "Feature", "geometry": {"type": "Point", "coordinates": [-82.55000000169902, 35.550000000575004]}, "properties": {"p_logistic": 0.4895460307598114, "p_rf": 0.6759999990463257, "p_xgb": 0.9981585144996643, "date": "2026-02-19"}}, {"type": "Feature", "geometry": {"type": "Point", "coordinates": [-82.54166666836602, 35.550000000575004]}, "properties": {"p_logistic": 0.4904860556125641, "p_rf": 0.6060000061988831, "p_xgb": 0.998285710811615, "date": "2026-02-19"}}, {"type": "Feature", "geometry": {"type": "Point", "coordinates": [-82.53333333503302, 35.550000000575004]}, "properties": {"p_logistic": 0.49086686968803406, "p_rf": 0.628000020980835, "p_xgb": 0.998285710811615, "date": "2026-02-19"}}, {"type": "Feature", "geometry": {"type": "Point", "coordinates": [-82.52500000170002, 35.550000000575004]}, "properties": {"p_logistic": 0.49059203267097473, "p_rf": 0.6439999938011169, "p_xgb": 0.998285710811615, "date": "2026-02-19"}}, {"type": "Feature", "geometry": {"type": "Point", "coordinates": [-82.51666666836701, 35.550000000575004]}, "properties": {"p_logistic": 0.48954570293426514, "p_rf": 0.6859999895095825, "p_xgb": 0.9983306527137756, "date": "2026-02-19"}}, {"type": "Feature", "geometry": {"type": "Point", "coordinates": [-82.50833333503402, 35.550000000575004]}, "properties": {"p_logistic": 0.4882046580314636, "p_rf": 0.7059999704360962, "p_xgb": 0.9986467957496643, "date": "2026-02-19"}}, {"type": "Feature", "geometry": {"type": "Point", "coordinates": [-82.50000000170101, 35.550000000575004]}, "properties": {"p_logistic": 0.4870120882987976, "p_rf": 0.7139999866485596, "p_xgb": 0.9986467957496643, "date": "2026-02-19"}}, {"type": "Feature", "geometry": {"type": "Point", "coordinates": [-82.49166666836803, 35.550000000575004]}, "properties": {"p_logistic": 0.4859928488731384, "p_rf": 0.7020000219345093, "p_xgb": 0.9986467957496643, "date": "2026-02-19"}}, {"type": "Feature", "geometry": {"type": "Point", "coordinates": [-82.48333333503501, 35.550000000575004]}, "properties": {"p_logistic": 0.48597395420074463, "p_rf": 0.7300000190734863, "p_xgb": 0.9985950589179993, "date": "2026-02-19"}}, {"type": "Feature", "geometry": {"type": "Point", "coordinates": [-82.47500000170201, 35.550000000575004]}, "properties": {"p_logistic": 0.48626476526260376, "p_rf": 0.7540000081062317, "p_xgb": 0.9992037415504456, "date": "2026-02-19"}}, {"type": "Feature", "geometry": {"type": "Point", "coordinates": [-82.46666666836902, 35.550000000575004]}, "properties": {"p_logistic": 0.48741409182548523, "p_rf": 0.8339999914169312, "p_xgb": 0.9993851184844971, "date": "2026-02-19"}}, {"type": "Feature", "geometry": {"type": "Point", "coordinates": [-82.45833333503602, 35.550000000575004]}, "properties": {"p_logistic": 0.489155113697052, "p_rf": 0.8360000252723694, "p_xgb": 0.9993605017662048, "date": "2026-02-19"}}, {"type": "Feature", "geometry": {"type": "Point", "coordinates": [-82.45000000170302, 35.550000000575004]}, "properties": {"p_logistic": 0.4904395043849945, "p_rf": 0.8259999752044678, "p_xgb": 0.9974738955497742, "date": "2026-02-19"}}, {"type": "Feature", "geometry": {"type": "Point", "coordinates": [-82.44166666837002, 35.550000000575004]}, "properties": {"p_logistic": 0.491426020860672, "p_rf": 0.8159999847412109, "p_xgb": 0.9971022009849548, "date": "2026-02-19"}}, {"type": "Feature", "geometry": {"type": "Point", "coordinates": [-82.43333333503702, 35.550000000575004]}, "properties": {"p_logistic": 0.4923813045024872, "p_rf": 0.8119999766349792, "p_xgb": 0.9971022009849548, "date": "2026-02-19"}}, {"type": "Feature", "geometry": {"type": "Point", "coordinates": [-82.42500000170402, 35.550000000575004]}, "properties": {"p_logistic": 0.49335378408432007, "p_rf": 0.8140000104904175, "p_xgb": 0.9971022009849548, "date": "2026-02-19"}}, {"type": "Feature", "geometry": {"type": "Point", "coordinates": [-82.41666666837102, 35.550000000575004]}, "properties": {"p_logistic": 0.4942874014377594, "p_rf": 0.8159999847412109, "p_xgb": 0.9972923398017883, "date": "2026-02-19"}}, {"type": "Feature", "geometry": {"type": "Point", "coordinates": [-82.40833333503801, 35.550000000575004]}, "properties": {"p_logistic": 0.49463579058647156, "p_rf": 0.8019999861717224, "p_xgb": 0.9971022009849548, "date": "2026-02-19"}}, {"type": "Feature", "geometry": {"type": "Point", "coordinates": [-82.40000000170502, 35.550000000575004]}, "properties": {"p_logistic": 0.4948444962501526, "p_rf": 0.8019999861717224, "p_xgb": 0.9971022009849548, "date": "2026-02-19"}}, {"type": "Feature", "geometry": {"type": "Point", "coordinates": [-82.39166666837201, 35.550000000575004]}, "properties": {"p_logistic": 0.4944614768028259, "p_rf": 0.8019999861717224, "p_xgb": 0.9965302348136902, "date": "2026-02-19"}}, {"type": "Feature", "geometry": {"type": "Point", "coordinates": [-82.38333333503903, 35.550000000575004]}, "properties": {"p_logistic": 0.49345749616622925, "p_rf": 0.7919999957084656, "p_xgb": 0.9961802959442139, "date": "2026-02-19"}}, {"type": "Feature", "geometry": {"type": "Point", "coordinates": [-82.37500000170601, 35.550000000575004]}, "properties": {"p_logistic": 0.49093160033226013, "p_rf": 0.7179999947547913, "p_xgb": 0.9930478930473328, "date": "2026-02-19"}}, {"type": "Feature", "geometry": {"type": "Point", "coordinates": [-82.36666666837301, 35.550000000575004]}, "properties": {"p_logistic": 0.48855143785476685, "p_rf": 0.6759999990463257, "p_xgb": 0.9922686219215393, "date": "2026-02-19"}}, {"type": "Feature", "geometry": {"type": "Point", "coordinates": [-82.35833333504002, 35.550000000575004]}, "properties": {"p_logistic": 0.48600396513938904, "p_rf": 0.6639999747276306, "p_xgb": 0.9895519614219666, "date": "2026-02-19"}}, {"type": "Feature", "geometry": {"type": "Point", "coordinates": [-82.35000000170702, 35.550000000575004]}, "properties": {"p_logistic": 0.4840299189090729, "p_rf": 0.6620000004768372, "p_xgb": 0.9890344142913818, "date": "2026-02-19"}}, {"type": "Feature", "geometry": {"type": "Point", "coordinates": [-82.34166666837402, 35.550000000575004]}, "properties": {"p_logistic": 0.48202571272850037, "p_rf": 0.6639999747276306, "p_xgb": 0.9890344142913818, "date": "2026-02-19"}}, {"type": "Feature", "geometry": {"type": "Point", "coordinates": [-82.33333333504102, 35.550000000575004]}, "properties": {"p_logistic": 0.4806740880012512, "p_rf": 0.6639999747276306, "p_xgb": 0.9881992340087891, "date": "2026-02-19"}}, {"type": "Feature", "geometry": {"type": "Point", "coordinates": [-82.32500000170802, 35.550000000575004]}, "properties": {"p_logistic": 0.4802664518356323, "p_rf": 0.6779999732971191, "p_xgb": 0.9881992340087891, "date": "2026-02-19"}}, {"type": "Feature", "geometry": {"type": "Point", "coordinates": [-82.31666666837502, 35.550000000575004]}, "properties": {"p_logistic": 0.47937214374542236, "p_rf": 0.6840000152587891, "p_xgb": 0.9881992340087891, "date": "2026-02-19"}}, {"type": "Feature", "geometry": {"type": "Point", "coordinates": [-82.30833333504202, 35.550000000575004]}, "properties": {"p_logistic": 0.4787351191043854, "p_rf": 0.6880000233650208, "p_xgb": 0.9887160658836365, "date": "2026-02-19"}}, {"type": "Feature", "geometry": {"type": "Point", "coordinates": [-82.30000000170901, 35.550000000575004]}, "properties": {"p_logistic": 0.47815677523612976, "p_rf": 0.7020000219345093, "p_xgb": 0.9907525777816772, "date": "2026-02-19"}}, {"type": "Feature", "geometry": {"type": "Point", "coordinates": [-82.29166666837602, 35.550000000575004]}, "properties": {"p_logistic": 0.4788258969783783, "p_rf": 0.6539999842643738, "p_xgb": 0.9907525777816772, "date": "2026-02-19"}}, {"type": "Feature", "geometry": {"type": "Point", "coordinates": [-82.28333333504301, 35.550000000575004]}, "properties": {"p_logistic": 0.4808126986026764, "p_rf": 0.621999979019165, "p_xgb": 0.9869306087493896, "date": "2026-02-19"}}, {"type": "Feature", "geometry": {"type": "Point", "coordinates": [-82.27500000171003, 35.550000000575004]}, "properties": {"p_logistic": 0.48294541239738464, "p_rf": 0.6679999828338623, "p_xgb": 0.983071506023407, "date": "2026-02-19"}}, {"type": "Feature", "geometry": {"type": "Point", "coordinates": [-82.26666666837701, 35.550000000575004]}, "properties": {"p_logistic": 0.48435378074645996, "p_rf": 0.7120000123977661, "p_xgb": 0.983071506023407, "date": "2026-02-19"}}, {"type": "Feature", "geometry": {"type": "Point", "coordinates": [-82.25833333504401, 35.550000000575004]}, "properties": {"p_logistic": 0.48501190543174744, "p_rf": 0.7200000286102295, "p_xgb": 0.9840196371078491, "date": "2026-02-19"}}, {"type": "Feature", "geometry": {"type": "Point", "coordinates": [-82.25000000171102, 35.550000000575004]}, "properties": {"p_logistic": 0.48559585213661194, "p_rf": 0.7200000286102295, "p_xgb": 0.9832038879394531, "date": "2026-02-19"}}, {"type": "Feature", "geometry": {"type": "Point", "coordinates": [-82.24166666837802, 35.550000000575004]}, "properties": {"p_logistic": 0.48541221022605896, "p_rf": 0.7160000205039978, "p_xgb": 0.9832038879394531, "date": "2026-02-19"}}, {"type": "Feature", "geometry": {"type": "Point", "coordinates": [-82.23333333504502, 35.550000000575004]}, "properties": {"p_logistic": 0.483676940202713, "p_rf": 0.7120000123977661, "p_xgb": 0.9832038879394531, "date": "2026-02-19"}}, {"type": "Feature", "geometry": {"type": "Point", "coordinates": [-82.22500000171202, 35.550000000575004]}, "properties": {"p_logistic": 0.4827521741390228, "p_rf": 0.7120000123977661, "p_xgb": 0.9873879551887512, "date": "2026-02-19"}}, {"type": "Feature", "geometry": {"type": "Point", "coordinates": [-82.21666666837902, 35.550000000575004]}, "properties": {"p_logistic": 0.48167935013771057, "p_rf": 0.7139999866485596, "p_xgb": 0.989661693572998, "date": "2026-02-19"}}, {"type": "Feature", "geometry": {"type": "Point", "coordinates": [-82.75833333502402, 35.541666667242005]}, "properties": {"p_logistic": 0.4907870888710022, "p_rf": 0.7160000205039978, "p_xgb": 0.9986770749092102, "date": "2026-02-19"}}, {"type": "Feature", "geometry": {"type": "Point", "coordinates": [-82.75000000169102, 35.541666667242005]}, "properties": {"p_logistic": 0.48999321460723877, "p_rf": 0.7120000123977661, "p_xgb": 0.998704195022583, "date": "2026-02-19"}}, {"type": "Feature", "geometry": {"type": "Point", "coordinates": [-82.74166666835802, 35.541666667242005]}, "properties": {"p_logistic": 0.489274263381958, "p_rf": 0.800000011920929, "p_xgb": 0.9994485974311829, "date": "2026-02-19"}}, {"type": "Feature", "geometry": {"type": "Point", "coordinates": [-82.73333333502501, 35.541666667242005]}, "properties": {"p_logistic": 0.4878278076648712, "p_rf": 0.8140000104904175, "p_xgb": 0.9994465708732605, "date": "2026-02-19"}}, {"type": "Feature", "geometry": {"type": "Point", "coordinates": [-82.72500000169202, 35.541666667242005]}, "properties": {"p_logistic": 0.48650071024894714, "p_rf": 0.7639999985694885, "p_xgb": 0.9993599057197571, "date": "2026-02-19"}}, {"type": "Feature", "geometry": {"type": "Point", "coordinates": [-82.71666666835901, 35.541666667242005]}, "properties": {"p_logistic": 0.48553335666656494, "p_rf": 0.7419999837875366, "p_xgb": 0.9991711378097534, "date": "2026-02-19"}}, {"type": "Feature", "geometry": {"type": "Point", "coordinates": [-82.70833333502603, 35.541666667242005]}, "properties": {"p_logistic": 0.48499834537506104, "p_rf": 0.7440000176429749, "p_xgb": 0.9988114833831787, "date": "2026-02-19"}}, {"type": "Feature", "geometry": {"type": "Point", "coordinates": [-82.70000000169301, 35.541666667242005]}, "properties": {"p_logistic": 0.48402389883995056, "p_rf": 0.7260000109672546, "p_xgb": 0.9987708926200867, "date": "2026-02-19"}}, {"type": "Feature", "geometry": {"type": "Point", "coordinates": [-82.69166666836001, 35.541666667242005]}, "properties": {"p_logistic": 0.4837152063846588, "p_rf": 0.7200000286102295, "p_xgb": 0.9987708926200867, "date": "2026-02-19"}}, {"type": "Feature", "geometry": {"type": "Point", "coordinates": [-82.68333333502702, 35.541666667242005]}, "properties": {"p_logistic": 0.48421451449394226, "p_rf": 0.7419999837875366, "p_xgb": 0.9987708926200867, "date": "2026-02-19"}}, {"type": "Feature", "geometry": {"type": "Point", "coordinates": [-82.67500000169402, 35.541666667242005]}, "properties": {"p_logistic": 0.4855597913265228, "p_rf": 0.7519999742507935, "p_xgb": 0.9987977743148804, "date": "2026-02-19"}}, {"type": "Feature", "geometry": {"type": "Point", "coordinates": [-82.66666666836102, 35.541666667242005]}, "properties": {"p_logistic": 0.4870147407054901, "p_rf": 0.8100000023841858, "p_xgb": 0.999071478843689, "date": "2026-02-19"}}, {"type": "Feature", "geometry": {"type": "Point", "coordinates": [-82.65833333502802, 35.541666667242005]}, "properties": {"p_logistic": 0.4876558184623718, "p_rf": 0.8259999752044678, "p_xgb": 0.9990506768226624, "date": "2026-02-19"}}, {"type": "Feature", "geometry": {"type": "Point", "coordinates": [-82.65000000169502, 35.541666667242005]}, "properties": {"p_logistic": 0.4874733090400696, "p_rf": 0.8140000104904175, "p_xgb": 0.9990506768226624, "date": "2026-02-19"}}, {"type": "Feature", "geometry": {"type": "Point", "coordinates": [-82.64166666836202, 35.541666667242005]}, "properties": {"p_logistic": 0.4869556128978729, "p_rf": 0.8140000104904175, "p_xgb": 0.9990506768226624, "date": "2026-02-19"}}, {"type": "Feature", "geometry": {"type": "Point", "coordinates": [-82.63333333502902, 35.541666667242005]}, "properties": {"p_logistic": 0.48660534620285034, "p_rf": 0.8180000185966492, "p_xgb": 0.9990506768226624, "date": "2026-02-19"}}, {"type": "Feature", "geometry": {"type": "Point", "coordinates": [-82.62500000169601, 35.541666667242005]}, "properties": {"p_logistic": 0.48638981580734253, "p_rf": 0.8119999766349792, "p_xgb": 0.9993599057197571, "date": "2026-02-19"}}, {"type": "Feature", "geometry": {"type": "Point", "coordinates": [-82.61666666836302, 35.541666667242005]}, "properties": {"p_logistic": 0.4865720570087433, "p_rf": 0.800000011920929, "p_xgb": 0.9993599057197571, "date": "2026-02-19"}}, {"type": "Feature", "geometry": {"type": "Point", "coordinates": [-82.60833333503001, 35.541666667242005]}, "properties": {"p_logistic": 0.4870995283126831, "p_rf": 0.8159999847412109, "p_xgb": 0.9993599057197571, "date": "2026-02-19"}}, {"type": "Feature", "geometry": {"type": "Point", "coordinates": [-82.60000000169703, 35.541666667242005]}, "properties": {"p_logistic": 0.48756131529808044, "p_rf": 0.8159999847412109, "p_xgb": 0.999082088470459, "date": "2026-02-19"}}, {"type": "Feature", "geometry": {"type": "Point", "coordinates": [-82.59166666836401, 35.541666667242005]}, "properties": {"p_logistic": 0.4879334568977356, "p_rf": 0.8199999928474426, "p_xgb": 0.999082088470459, "date": "2026-02-19"}}, {"type": "Feature", "geometry": {"type": "Point", "coordinates": [-82.58333333503101, 35.541666667242005]}, "properties": {"p_logistic": 0.4882175922393799, "p_rf": 0.7620000243186951, "p_xgb": 0.999082088470459, "date": "2026-02-19"}}, {"type": "Feature", "geometry": {"type": "Point", "coordinates": [-82.57500000169802, 35.541666667242005]}, "properties": {"p_logistic": 0.4885210394859314, "p_rf": 0.7279999852180481, "p_xgb": 0.9992833733558655, "date": "2026-02-19"}}, {"type": "Feature", "geometry": {"type": "Point", "coordinates": [-82.56666666836502, 35.541666667242005]}, "properties": {"p_logistic": 0.4882597029209137, "p_rf": 0.6460000276565552, "p_xgb": 0.9992254972457886, "date": "2026-02-19"}}, {"type": "Feature", "geometry": {"type": "Point", "coordinates": [-82.55833333503202, 35.541666667242005]}, "properties": {"p_logistic": 0.4889722764492035, "p_rf": 0.6639999747276306, "p_xgb": 0.9992254972457886, "date": "2026-02-19"}}, {"type": "Feature", "geometry": {"type": "Point", "coordinates": [-82.55000000169902, 35.541666667242005]}, "properties": {"p_logistic": 0.4897553622722626, "p_rf": 0.6759999990463257, "p_xgb": 0.9992254972457886, "date": "2026-02-19"}}, {"type": "Feature", "geometry": {"type": "Point", "coordinates": [-82.54166666836602, 35.541666667242005]}, "properties": {"p_logistic": 0.4905480444431305, "p_rf": 0.7059999704360962, "p_xgb": 0.9992254972457886, "date": "2026-02-19"}}, {"type": "Feature", "geometry": {"type": "Point", "coordinates": [-82.53333333503302, 35.541666667242005]}, "properties": {"p_logistic": 0.49092578887939453, "p_rf": 0.75, "p_xgb": 0.9995280504226685, "date": "2026-02-19"}}, {"type": "Feature", "geometry": {"type": "Point", "coordinates": [-82.52500000170002, 35.541666667242005]}, "properties": {"p_logistic": 0.49054861068725586, "p_rf": 0.765999972820282, "p_xgb": 0.9995280504226685, "date": "2026-02-19"}}, {"type": "Feature", "geometry": {"type": "Point", "coordinates": [-82.51666666836701, 35.541666667242005]}, "properties": {"p_logistic": 0.4898605942726135, "p_rf": 0.7820000052452087, "p_xgb": 0.9995099306106567, "date": "2026-02-19"}}, {"type": "Feature", "geometry": {"type": "Point", "coordinates": [-82.50833333503402, 35.541666667242005]}, "properties": {"p_logistic": 0.4885152578353882, "p_rf": 0.7879999876022339, "p_xgb": 0.9993851184844971, "date": "2026-02-19"}}, {"type": "Feature", "geometry": {"type": "Point", "coordinates": [-82.50000000170101, 35.541666667242005]}, "properties": {"p_logistic": 0.48742377758026123, "p_rf": 0.765999972820282, "p_xgb": 0.9992037415504456, "date": "2026-02-19"}}, {"type": "Feature", "geometry": {"type": "Point", "coordinates": [-82.49166666836803, 35.541666667242005]}, "properties": {"p_logistic": 0.486811101436615, "p_rf": 0.765999972820282, "p_xgb": 0.9992037415504456, "date": "2026-02-19"}}, {"type": "Feature", "geometry": {"type": "Point", "coordinates": [-82.48333333503501, 35.541666667242005]}, "properties": {"p_logistic": 0.4868873953819275, "p_rf": 0.7620000243186951, "p_xgb": 0.9992037415504456, "date": "2026-02-19"}}, {"type": "Feature", "geometry": {"type": "Point", "coordinates": [-82.47500000170201, 35.541666667242005]}, "properties": {"p_logistic": 0.48733463883399963, "p_rf": 0.828000009059906, "p_xgb": 0.9993851184844971, "date": "2026-02-19"}}, {"type": "Feature", "geometry": {"type": "Point", "coordinates": [-82.46666666836902, 35.541666667242005]}, "properties": {"p_logistic": 0.48833340406417847, "p_rf": 0.8339999914169312, "p_xgb": 0.9993608593940735, "date": "2026-02-19"}}, {"type": "Feature", "geometry": {"type": "Point", "coordinates": [-82.45833333503602, 35.541666667242005]}, "properties": {"p_logistic": 0.48959115147590637, "p_rf": 0.8299999833106995, "p_xgb": 0.9985297918319702, "date": "2026-02-19"}}, {"type": "Feature", "geometry": {"type": "Point", "coordinates": [-82.45000000170302, 35.541666667242005]}, "properties": {"p_logistic": 0.4906288981437683, "p_rf": 0.8259999752044678, "p_xgb": 0.9974738955497742, "date": "2026-02-19"}}, {"type": "Feature", "geometry": {"type": "Point", "coordinates": [-82.44166666837002, 35.541666667242005]}, "properties": {"p_logistic": 0.49167102575302124, "p_rf": 0.8100000023841858, "p_xgb": 0.9973627924919128, "date": "2026-02-19"}}, {"type": "Feature", "geometry": {"type": "Point", "coordinates": [-82.43333333503702, 35.541666667242005]}, "properties": {"p_logistic": 0.4927992820739746, "p_rf": 0.8059999942779541, "p_xgb": 0.9971776008605957, "date": "2026-02-19"}}, {"type": "Feature", "geometry": {"type": "Point", "coordinates": [-82.42500000170402, 35.541666667242005]}, "properties": {"p_logistic": 0.49395275115966797, "p_rf": 0.8040000200271606, "p_xgb": 0.9973627924919128, "date": "2026-02-19"}}, {"type": "Feature", "geometry": {"type": "Point", "coordinates": [-82.41666666837102, 35.541666667242005]}, "properties": {"p_logistic": 0.49484968185424805, "p_rf": 0.8019999861717224, "p_xgb": 0.9973627924919128, "date": "2026-02-19"}}, {"type": "Feature", "geometry": {"type": "Point", "coordinates": [-82.40833333503801, 35.541666667242005]}, "properties": {"p_logistic": 0.49528005719184875, "p_rf": 0.8040000200271606, "p_xgb": 0.9971022009849548, "date": "2026-02-19"}}, {"type": "Feature", "geometry": {"type": "Point", "coordinates": [-82.40000000170502, 35.541666667242005]}, "properties": {"p_logistic": 0.49530795216560364, "p_rf": 0.7960000038146973, "p_xgb": 0.9971022009849548, "date": "2026-02-19"}}, {"type": "Feature", "geometry": {"type": "Point", "coordinates": [-82.39166666837201, 35.541666667242005]}, "properties": {"p_logistic": 0.49472442269325256, "p_rf": 0.7919999957084656, "p_xgb": 0.9965302348136902, "date": "2026-02-19"}}, {"type": "Feature", "geometry": {"type": "Point", "coordinates": [-82.38333333503903, 35.541666667242005]}, "properties": {"p_logistic": 0.4937831461429596, "p_rf": 0.7900000214576721, "p_xgb": 0.9965302348136902, "date": "2026-02-19"}}, {"type": "Feature", "geometry": {"type": "Point", "coordinates": [-82.37500000170601, 35.541666667242005]}, "properties": {"p_logistic": 0.4918089509010315, "p_rf": 0.7540000081062317, "p_xgb": 0.9960209727287292, "date": "2026-02-19"}}, {"type": "Feature", "geometry": {"type": "Point", "coordinates": [-82.36666666837301, 35.541666667242005]}, "properties": {"p_logistic": 0.48884424567222595, "p_rf": 0.6819999814033508, "p_xgb": 0.9919155240058899, "date": "2026-02-19"}}, {"type": "Feature", "geometry": {"type": "Point", "coordinates": [-82.35833333504002, 35.541666667242005]}, "properties": {"p_logistic": 0.48608365654945374, "p_rf": 0.671999990940094, "p_xgb": 0.9887539148330688, "date": "2026-02-19"}}, {"type": "Feature", "geometry": {"type": "Point", "coordinates": [-82.35000000170702, 35.541666667242005]}, "properties": {"p_logistic": 0.4837193787097931, "p_rf": 0.6639999747276306, "p_xgb": 0.9892241358757019, "date": "2026-02-19"}}, {"type": "Feature", "geometry": {"type": "Point", "coordinates": [-82.34166666837402, 35.541666667242005]}, "properties": {"p_logistic": 0.48120057582855225, "p_rf": 0.6499999761581421, "p_xgb": 0.9890344142913818, "date": "2026-02-19"}}, {"type": "Feature", "geometry": {"type": "Point", "coordinates": [-82.33333333504102, 35.541666667242005]}, "properties": {"p_logistic": 0.4799156188964844, "p_rf": 0.6639999747276306, "p_xgb": 0.9881992340087891, "date": "2026-02-19"}}, {"type": "Feature", "geometry": {"type": "Point", "coordinates": [-82.32500000170802, 35.541666667242005]}, "properties": {"p_logistic": 0.47897472977638245, "p_rf": 0.671999990940094, "p_xgb": 0.9881992340087891, "date": "2026-02-19"}}, {"type": "Feature", "geometry": {"type": "Point", "coordinates": [-82.31666666837502, 35.541666667242005]}, "properties": {"p_logistic": 0.47854873538017273, "p_rf": 0.6800000071525574, "p_xgb": 0.9881992340087891, "date": "2026-02-19"}}, {"type": "Feature", "geometry": {"type": "Point", "coordinates": [-82.30833333504202, 35.541666667242005]}, "properties": {"p_logistic": 0.4778580069541931, "p_rf": 0.6740000247955322, "p_xgb": 0.9887160658836365, "date": "2026-02-19"}}, {"type": "Feature", "geometry": {"type": "Point", "coordinates": [-82.30000000170901, 35.541666667242005]}, "properties": {"p_logistic": 0.47757723927497864, "p_rf": 0.6779999732971191, "p_xgb": 0.9907525777816772, "date": "2026-02-19"}}, {"type": "Feature", "geometry": {"type": "Point", "coordinates": [-82.29166666837602, 35.541666667242005]}, "properties": {"p_logistic": 0.47804850339889526, "p_rf": 0.6539999842643738, "p_xgb": 0.9902907013893127, "date": "2026-02-19"}}, {"type": "Feature", "geometry": {"type": "Point", "coordinates": [-82.28333333504301, 35.541666667242005]}, "properties": {"p_logistic": 0.4796913266181946, "p_rf": 0.6259999871253967, "p_xgb": 0.9892858862876892, "date": "2026-02-19"}}, {"type": "Feature", "geometry": {"type": "Point", "coordinates": [-82.27500000171003, 35.541666667242005]}, "properties": {"p_logistic": 0.48173797130584717, "p_rf": 0.6620000004768372, "p_xgb": 0.9872881174087524, "date": "2026-02-19"}}, {"type": "Feature", "geometry": {"type": "Point", "coordinates": [-82.26666666837701, 35.541666667242005]}, "properties": {"p_logistic": 0.48295313119888306, "p_rf": 0.7099999785423279, "p_xgb": 0.9872881174087524, "date": "2026-02-19"}}, {"type": "Feature", "geometry": {"type": "Point", "coordinates": [-82.25833333504401, 35.541666667242005]}, "properties": {"p_logistic": 0.4842037260532379, "p_rf": 0.7160000205039978, "p_xgb": 0.9840196371078491, "date": "2026-02-19"}}, {"type": "Feature", "geometry": {"type": "Point", "coordinates": [-82.25000000171102, 35.541666667242005]}, "properties": {"p_logistic": 0.484435111284256, "p_rf": 0.7160000205039978, "p_xgb": 0.9832038879394531, "date": "2026-02-19"}}, {"type": "Feature", "geometry": {"type": "Point", "coordinates": [-82.24166666837802, 35.541666667242005]}, "properties": {"p_logistic": 0.48387160897254944, "p_rf": 0.7120000123977661, "p_xgb": 0.9832038879394531, "date": "2026-02-19"}}, {"type": "Feature", "geometry": {"type": "Point", "coordinates": [-82.23333333504502, 35.541666667242005]}, "properties": {"p_logistic": 0.4829889237880707, "p_rf": 0.6940000057220459, "p_xgb": 0.9873879551887512, "date": "2026-02-19"}}, {"type": "Feature", "geometry": {"type": "Point", "coordinates": [-82.22500000171202, 35.541666667242005]}, "properties": {"p_logistic": 0.48204538226127625, "p_rf": 0.6940000057220459, "p_xgb": 0.989661693572998, "date": "2026-02-19"}}, {"type": "Feature", "geometry": {"type": "Point", "coordinates": [-82.21666666837902, 35.541666667242005]}, "properties": {"p_logistic": 0.481135755777359, "p_rf": 0.6940000057220459, "p_xgb": 0.9851377010345459, "date": "2026-02-19"}}, {"type": "Feature", "geometry": {"type": "Point", "coordinates": [-82.20833333504602, 35.541666667242005]}, "properties": {"p_logistic": 0.4799988567829132, "p_rf": 0.6919999718666077, "p_xgb": 0.9858609437942505, "date": "2026-02-19"}}, {"type": "Feature", "geometry": {"type": "Point", "coordinates": [-82.20000000171302, 35.541666667242005]}, "properties": {"p_logistic": 0.4792588949203491, "p_rf": 0.6919999718666077, "p_xgb": 0.9858609437942505, "date": "2026-02-19"}}, {"type": "Feature", "geometry": {"type": "Point", "coordinates": [-82.76666666835702, 35.533333333909006]}, "properties": {"p_logistic": 0.4910825788974762, "p_rf": 0.7200000286102295, "p_xgb": 0.9986187219619751, "date": "2026-02-19"}}, {"type": "Feature", "geometry": {"type": "Point", "coordinates": [-82.75833333502402, 35.533333333909006]}, "properties": {"p_logistic": 0.49119579792022705, "p_rf": 0.7080000042915344, "p_xgb": 0.9986187219619751, "date": "2026-02-19"}}, {"type": "Feature", "geometry": {"type": "Point", "coordinates": [-82.75000000169102, 35.533333333909006]}, "properties": {"p_logistic": 0.4903687834739685, "p_rf": 0.7639999985694885, "p_xgb": 0.998704195022583, "date": "2026-02-19"}}, {"type": "Feature", "geometry": {"type": "Point", "coordinates": [-82.74166666835802, 35.533333333909006]}, "properties": {"p_logistic": 0.4888783097267151, "p_rf": 0.8019999861717224, "p_xgb": 0.9994262456893921, "date": "2026-02-19"}}, {"type": "Feature", "geometry": {"type": "Point", "coordinates": [-82.73333333502501, 35.533333333909006]}, "properties": {"p_logistic": 0.487648606300354, "p_rf": 0.8159999847412109, "p_xgb": 0.9993599057197571, "date": "2026-02-19"}}, {"type": "Feature", "geometry": {"type": "Point", "coordinates": [-82.72500000169202, 35.533333333909006]}, "properties": {"p_logistic": 0.48716750741004944, "p_rf": 0.8199999928474426, "p_xgb": 0.999082088470459, "date": "2026-02-19"}}, {"type": "Feature", "geometry": {"type": "Point", "coordinates": [-82.71666666835901, 35.533333333909006]}, "properties": {"p_logistic": 0.4864743947982788, "p_rf": 0.8199999928474426, "p_xgb": 0.999082088470459, "date": "2026-02-19"}}, {"type": "Feature", "geometry": {"type": "Point", "coordinates": [-82.70833333502603, 35.533333333909006]}, "properties": {"p_logistic": 0.4864220917224884, "p_rf": 0.8059999942779541, "p_xgb": 0.999082088470459, "date": "2026-02-19"}}, {"type": "Feature", "geometry": {"type": "Point", "coordinates": [-82.70000000169301, 35.533333333909006]}, "properties": {"p_logistic": 0.48581087589263916, "p_rf": 0.7639999985694885, "p_xgb": 0.9990506768226624, "date": "2026-02-19"}}, {"type": "Feature", "geometry": {"type": "Point", "coordinates": [-82.69166666836001, 35.533333333909006]}, "properties": {"p_logistic": 0.4854145050048828, "p_rf": 0.7599999904632568, "p_xgb": 0.9987708926200867, "date": "2026-02-19"}}, {"type": "Feature", "geometry": {"type": "Point", "coordinates": [-82.68333333502702, 35.533333333909006]}, "properties": {"p_logistic": 0.4858085513114929, "p_rf": 0.7720000147819519, "p_xgb": 0.999071478843689, "date": "2026-02-19"}}, {"type": "Feature", "geometry": {"type": "Point", "coordinates": [-82.67500000169402, 35.533333333909006]}, "properties": {"p_logistic": 0.486659437417984, "p_rf": 0.8159999847412109, "p_xgb": 0.999071478843689, "date": "2026-02-19"}}, {"type": "Feature", "geometry": {"type": "Point", "coordinates": [-82.66666666836102, 35.533333333909006]}, "properties": {"p_logistic": 0.4875587522983551, "p_rf": 0.8259999752044678, "p_xgb": 0.9991102814674377, "date": "2026-02-19"}}, {"type": "Feature", "geometry": {"type": "Point", "coordinates": [-82.65833333502802, 35.533333333909006]}, "properties": {"p_logistic": 0.4878365695476532, "p_rf": 0.8259999752044678, "p_xgb": 0.999071478843689, "date": "2026-02-19"}}, {"type": "Feature", "geometry": {"type": "Point", "coordinates": [-82.65000000169502, 35.533333333909006]}, "properties": {"p_logistic": 0.4875257611274719, "p_rf": 0.8240000009536743, "p_xgb": 0.999071478843689, "date": "2026-02-19"}}, {"type": "Feature", "geometry": {"type": "Point", "coordinates": [-82.64166666836202, 35.533333333909006]}, "properties": {"p_logistic": 0.486878901720047, "p_rf": 0.8140000104904175, "p_xgb": 0.9990506768226624, "date": "2026-02-19"}}, {"type": "Feature", "geometry": {"type": "Point", "coordinates": [-82.63333333502902, 35.533333333909006]}, "properties": {"p_logistic": 0.4865338206291199, "p_rf": 0.8159999847412109, "p_xgb": 0.9990506768226624, "date": "2026-02-19"}}, {"type": "Feature", "geometry": {"type": "Point", "coordinates": [-82.62500000169601, 35.533333333909006]}, "properties": {"p_logistic": 0.48624444007873535, "p_rf": 0.7979999780654907, "p_xgb": 0.9993200302124023, "date": "2026-02-19"}}, {"type": "Feature", "geometry": {"type": "Point", "coordinates": [-82.61666666836302, 35.533333333909006]}, "properties": {"p_logistic": 0.48625925183296204, "p_rf": 0.722000002861023, "p_xgb": 0.9994019269943237, "date": "2026-02-19"}}, {"type": "Feature", "geometry": {"type": "Point", "coordinates": [-82.60833333503001, 35.533333333909006]}, "properties": {"p_logistic": 0.4866645932197571, "p_rf": 0.7200000286102295, "p_xgb": 0.9994019269943237, "date": "2026-02-19"}}, {"type": "Feature", "geometry": {"type": "Point", "coordinates": [-82.60000000169703, 35.533333333909006]}, "properties": {"p_logistic": 0.4873788356781006, "p_rf": 0.734000027179718, "p_xgb": 0.9994121789932251, "date": "2026-02-19"}}, {"type": "Feature", "geometry": {"type": "Point", "coordinates": [-82.59166666836401, 35.533333333909006]}, "properties": {"p_logistic": 0.48794206976890564, "p_rf": 0.7639999985694885, "p_xgb": 0.9994121789932251, "date": "2026-02-19"}}, {"type": "Feature", "geometry": {"type": "Point", "coordinates": [-82.58333333503101, 35.533333333909006]}, "properties": {"p_logistic": 0.48825716972351074, "p_rf": 0.7179999947547913, "p_xgb": 0.9994019269943237, "date": "2026-02-19"}}, {"type": "Feature", "geometry": {"type": "Point", "coordinates": [-82.57500000169802, 35.533333333909006]}, "properties": {"p_logistic": 0.48863938450813293, "p_rf": 0.7419999837875366, "p_xgb": 0.9994019269943237, "date": "2026-02-19"}}, {"type": "Feature", "geometry": {"type": "Point", "coordinates": [-82.56666666836502, 35.533333333909006]}, "properties": {"p_logistic": 0.4892038106918335, "p_rf": 0.777999997138977, "p_xgb": 0.9994019269943237, "date": "2026-02-19"}}, {"type": "Feature", "geometry": {"type": "Point", "coordinates": [-82.55833333503202, 35.533333333909006]}, "properties": {"p_logistic": 0.4899297058582306, "p_rf": 0.8040000200271606, "p_xgb": 0.9995280504226685, "date": "2026-02-19"}}, {"type": "Feature", "geometry": {"type": "Point", "coordinates": [-82.55000000169902, 35.533333333909006]}, "properties": {"p_logistic": 0.49080267548561096, "p_rf": 0.8040000200271606, "p_xgb": 0.9995280504226685, "date": "2026-02-19"}}, {"type": "Feature", "geometry": {"type": "Point", "coordinates": [-82.54166666836602, 35.533333333909006]}, "properties": {"p_logistic": 0.4917145073413849, "p_rf": 0.8180000185966492, "p_xgb": 0.9995280504226685, "date": "2026-02-19"}}, {"type": "Feature", "geometry": {"type": "Point", "coordinates": [-82.53333333503302, 35.533333333909006]}, "properties": {"p_logistic": 0.4916536509990692, "p_rf": 0.828000009059906, "p_xgb": 0.9995088577270508, "date": "2026-02-19"}}, {"type": "Feature", "geometry": {"type": "Point", "coordinates": [-82.52500000170002, 35.533333333909006]}, "properties": {"p_logistic": 0.4916420578956604, "p_rf": 0.8399999737739563, "p_xgb": 0.9989159107208252, "date": "2026-02-19"}}, {"type": "Feature", "geometry": {"type": "Point", "coordinates": [-82.51666666836701, 35.533333333909006]}, "properties": {"p_logistic": 0.4908961355686188, "p_rf": 0.8360000252723694, "p_xgb": 0.9986400008201599, "date": "2026-02-19"}}, {"type": "Feature", "geometry": {"type": "Point", "coordinates": [-82.50833333503402, 35.533333333909006]}, "properties": {"p_logistic": 0.48956888914108276, "p_rf": 0.8320000171661377, "p_xgb": 0.999334990978241, "date": "2026-02-19"}}, {"type": "Feature", "geometry": {"type": "Point", "coordinates": [-82.50000000170101, 35.533333333909006]}, "properties": {"p_logistic": 0.48849058151245117, "p_rf": 0.8320000171661377, "p_xgb": 0.9992625117301941, "date": "2026-02-19"}}, {"type": "Feature", "geometry": {"type": "Point", "coordinates": [-82.49166666836803, 35.533333333909006]}, "properties": {"p_logistic": 0.48752400279045105, "p_rf": 0.828000009059906, "p_xgb": 0.9992625117301941, "date": "2026-02-19"}}, {"type": "Feature", "geometry": {"type": "Point", "coordinates": [-82.48333333503501, 35.533333333909006]}, "properties": {"p_logistic": 0.48763352632522583, "p_rf": 0.8199999928474426, "p_xgb": 0.9992330074310303, "date": "2026-02-19"}}, {"type": "Feature", "geometry": {"type": "Point", "coordinates": [-82.47500000170201, 35.533333333909006]}, "properties": {"p_logistic": 0.48812806606292725, "p_rf": 0.8220000267028809, "p_xgb": 0.9992019534111023, "date": "2026-02-19"}}, {"type": "Feature", "geometry": {"type": "Point", "coordinates": [-82.46666666836902, 35.533333333909006]}, "properties": {"p_logistic": 0.48904478549957275, "p_rf": 0.8259999752044678, "p_xgb": 0.9983037710189819, "date": "2026-02-19"}}, {"type": "Feature", "geometry": {"type": "Point", "coordinates": [-82.45833333503602, 35.533333333909006]}, "properties": {"p_logistic": 0.4902483820915222, "p_rf": 0.8259999752044678, "p_xgb": 0.9985297918319702, "date": "2026-02-19"}}, {"type": "Feature", "geometry": {"type": "Point", "coordinates": [-82.45000000170302, 35.533333333909006]}, "properties": {"p_logistic": 0.4912984073162079, "p_rf": 0.8259999752044678, "p_xgb": 0.9982290863990784, "date": "2026-02-19"}}, {"type": "Feature", "geometry": {"type": "Point", "coordinates": [-82.44166666837002, 35.533333333909006]}, "properties": {"p_logistic": 0.49248209595680237, "p_rf": 0.8140000104904175, "p_xgb": 0.9982290863990784, "date": "2026-02-19"}}, {"type": "Feature", "geometry": {"type": "Point", "coordinates": [-82.43333333503702, 35.533333333909006]}, "properties": {"p_logistic": 0.49360597133636475, "p_rf": 0.8019999861717224, "p_xgb": 0.9973627924919128, "date": "2026-02-19"}}, {"type": "Feature", "geometry": {"type": "Point", "coordinates": [-82.42500000170402, 35.533333333909006]}, "properties": {"p_logistic": 0.4948185980319977, "p_rf": 0.7979999780654907, "p_xgb": 0.9973627924919128, "date": "2026-02-19"}}, {"type": "Feature", "geometry": {"type": "Point", "coordinates": [-82.41666666837102, 35.533333333909006]}, "properties": {"p_logistic": 0.4955146610736847, "p_rf": 0.7799999713897705, "p_xgb": 0.9971776008605957, "date": "2026-02-19"}}, {"type": "Feature", "geometry": {"type": "Point", "coordinates": [-82.40833333503801, 35.533333333909006]}, "properties": {"p_logistic": 0.4957682490348816, "p_rf": 0.7680000066757202, "p_xgb": 0.9970357418060303, "date": "2026-02-19"}}, {"type": "Feature", "geometry": {"type": "Point", "coordinates": [-82.40000000170502, 35.533333333909006]}, "properties": {"p_logistic": 0.49559685587882996, "p_rf": 0.7680000066757202, "p_xgb": 0.9970357418060303, "date": "2026-02-19"}}, {"type": "Feature", "geometry": {"type": "Point", "coordinates": [-82.39166666837201, 35.533333333909006]}, "properties": {"p_logistic": 0.49480363726615906, "p_rf": 0.765999972820282, "p_xgb": 0.9971022009849548, "date": "2026-02-19"}}, {"type": "Feature", "geometry": {"type": "Point", "coordinates": [-82.38333333503903, 35.533333333909006]}, "properties": {"p_logistic": 0.4935573935508728, "p_rf": 0.7440000176429749, "p_xgb": 0.9963854551315308, "date": "2026-02-19"}}, {"type": "Feature", "geometry": {"type": "Point", "coordinates": [-82.37500000170601, 35.533333333909006]}, "properties": {"p_logistic": 0.49189430475234985, "p_rf": 0.7099999785423279, "p_xgb": 0.99397873878479, "date": "2026-02-19"}}, {"type": "Feature", "geometry": {"type": "Point", "coordinates": [-82.36666666837301, 35.533333333909006]}, "properties": {"p_logistic": 0.4890165328979492, "p_rf": 0.6740000247955322, "p_xgb": 0.9919155240058899, "date": "2026-02-19"}}, {"type": "Feature", "geometry": {"type": "Point", "coordinates": [-82.35833333504002, 35.533333333909006]}, "properties": {"p_logistic": 0.4858803153038025, "p_rf": 0.6620000004768372, "p_xgb": 0.9887539148330688, "date": "2026-02-19"}}, {"type": "Feature", "geometry": {"type": "Point", "coordinates": [-82.35000000170702, 35.533333333909006]}, "properties": {"p_logistic": 0.48292824625968933, "p_rf": 0.6579999923706055, "p_xgb": 0.9887539148330688, "date": "2026-02-19"}}, {"type": "Feature", "geometry": {"type": "Point", "coordinates": [-82.34166666837402, 35.533333333909006]}, "properties": {"p_logistic": 0.48041394352912903, "p_rf": 0.6460000276565552, "p_xgb": 0.9885559678077698, "date": "2026-02-19"}}, {"type": "Feature", "geometry": {"type": "Point", "coordinates": [-82.33333333504102, 35.533333333909006]}, "properties": {"p_logistic": 0.4789576828479767, "p_rf": 0.656000018119812, "p_xgb": 0.9881992340087891, "date": "2026-02-19"}}, {"type": "Feature", "geometry": {"type": "Point", "coordinates": [-82.32500000170802, 35.533333333909006]}, "properties": {"p_logistic": 0.478118896484375, "p_rf": 0.671999990940094, "p_xgb": 0.9881992340087891, "date": "2026-02-19"}}, {"type": "Feature", "geometry": {"type": "Point", "coordinates": [-82.31666666837502, 35.533333333909006]}, "properties": {"p_logistic": 0.47778433561325073, "p_rf": 0.6800000071525574, "p_xgb": 0.9911501407623291, "date": "2026-02-19"}}, {"type": "Feature", "geometry": {"type": "Point", "coordinates": [-82.30833333504202, 35.533333333909006]}, "properties": {"p_logistic": 0.4776114821434021, "p_rf": 0.6480000019073486, "p_xgb": 0.9927505254745483, "date": "2026-02-19"}}, {"type": "Feature", "geometry": {"type": "Point", "coordinates": [-82.30000000170901, 35.533333333909006]}, "properties": {"p_logistic": 0.4772888720035553, "p_rf": 0.6520000100135803, "p_xgb": 0.9900023937225342, "date": "2026-02-19"}}, {"type": "Feature", "geometry": {"type": "Point", "coordinates": [-82.29166666837602, 35.533333333909006]}, "properties": {"p_logistic": 0.47734907269477844, "p_rf": 0.6399999856948853, "p_xgb": 0.9902907013893127, "date": "2026-02-19"}}, {"type": "Feature", "geometry": {"type": "Point", "coordinates": [-82.28333333504301, 35.533333333909006]}, "properties": {"p_logistic": 0.4784708321094513, "p_rf": 0.6259999871253967, "p_xgb": 0.9902907013893127, "date": "2026-02-19"}}, {"type": "Feature", "geometry": {"type": "Point", "coordinates": [-82.27500000171003, 35.533333333909006]}, "properties": {"p_logistic": 0.48008719086647034, "p_rf": 0.6000000238418579, "p_xgb": 0.9892858862876892, "date": "2026-02-19"}}, {"type": "Feature", "geometry": {"type": "Point", "coordinates": [-82.26666666837701, 35.533333333909006]}, "properties": {"p_logistic": 0.48123329877853394, "p_rf": 0.6880000233650208, "p_xgb": 0.9844678044319153, "date": "2026-02-19"}}, {"type": "Feature", "geometry": {"type": "Point", "coordinates": [-82.25833333504401, 35.533333333909006]}, "properties": {"p_logistic": 0.4822738468647003, "p_rf": 0.6940000057220459, "p_xgb": 0.9858609437942505, "date": "2026-02-19"}}, {"type": "Feature", "geometry": {"type": "Point", "coordinates": [-82.25000000171102, 35.533333333909006]}, "properties": {"p_logistic": 0.4827190041542053, "p_rf": 0.6919999718666077, "p_xgb": 0.9858609437942505, "date": "2026-02-19"}}, {"type": "Feature", "geometry": {"type": "Point", "coordinates": [-82.24166666837802, 35.533333333909006]}, "properties": {"p_logistic": 0.4824814200401306, "p_rf": 0.6859999895095825, "p_xgb": 0.9851377010345459, "date": "2026-02-19"}}, {"type": "Feature", "geometry": {"type": "Point", "coordinates": [-82.23333333504502, 35.533333333909006]}, "properties": {"p_logistic": 0.4821943938732147, "p_rf": 0.6859999895095825, "p_xgb": 0.9851377010345459, "date": "2026-02-19"}}, {"type": "Feature", "geometry": {"type": "Point", "coordinates": [-82.22500000171202, 35.533333333909006]}, "properties": {"p_logistic": 0.48169127106666565, "p_rf": 0.6880000233650208, "p_xgb": 0.9851377010345459, "date": "2026-02-19"}}, {"type": "Feature", "geometry": {"type": "Point", "coordinates": [-82.21666666837902, 35.533333333909006]}, "properties": {"p_logistic": 0.48064252734184265, "p_rf": 0.6880000233650208, "p_xgb": 0.9851377010345459, "date": "2026-02-19"}}, {"type": "Feature", "geometry": {"type": "Point", "coordinates": [-82.20833333504602, 35.533333333909006]}, "properties": {"p_logistic": 0.48040369153022766, "p_rf": 0.6919999718666077, "p_xgb": 0.9858609437942505, "date": "2026-02-19"}}, {"type": "Feature", "geometry": {"type": "Point", "coordinates": [-82.20000000171302, 35.533333333909006]}, "properties": {"p_logistic": 0.47975286841392517, "p_rf": 0.6840000152587891, "p_xgb": 0.9844678044319153, "date": "2026-02-19"}}, {"type": "Feature", "geometry": {"type": "Point", "coordinates": [-82.19166666838001, 35.533333333909006]}, "properties": {"p_logistic": 0.4787816107273102, "p_rf": 0.6819999814033508, "p_xgb": 0.9844678044319153, "date": "2026-02-19"}}, {"type": "Feature", "geometry": {"type": "Point", "coordinates": [-82.18333333504702, 35.533333333909006]}, "properties": {"p_logistic": 0.47760388255119324, "p_rf": 0.671999990940094, "p_xgb": 0.9844678044319153, "date": "2026-02-19"}}, {"type": "Feature", "geometry": {"type": "Point", "coordinates": [-82.77500000169002, 35.525000000576]}, "properties": {"p_logistic": 0.4914465844631195, "p_rf": 0.8080000281333923, "p_xgb": 0.9984802603721619, "date": "2026-02-19"}}, {"type": "Feature", "geometry": {"type": "Point", "coordinates": [-82.76666666835702, 35.525000000576]}, "properties": {"p_logistic": 0.4916687309741974, "p_rf": 0.7860000133514404, "p_xgb": 0.9988331198692322, "date": "2026-02-19"}}, {"type": "Feature", "geometry": {"type": "Point", "coordinates": [-82.75833333502402, 35.525000000576]}, "properties": {"p_logistic": 0.49188917875289917, "p_rf": 0.7419999837875366, "p_xgb": 0.9986187219619751, "date": "2026-02-19"}}, {"type": "Feature", "geometry": {"type": "Point", "coordinates": [-82.75000000169102, 35.525000000576]}, "properties": {"p_logistic": 0.49121445417404175, "p_rf": 0.7039999961853027, "p_xgb": 0.9986187219619751, "date": "2026-02-19"}}, {"type": "Feature", "geometry": {"type": "Point", "coordinates": [-82.74166666835802, 35.525000000576]}, "properties": {"p_logistic": 0.4897960424423218, "p_rf": 0.7979999780654907, "p_xgb": 0.998704195022583, "date": "2026-02-19"}}, {"type": "Feature", "geometry": {"type": "Point", "coordinates": [-82.73333333502501, 35.525000000576]}, "properties": {"p_logistic": 0.4882431626319885, "p_rf": 0.8100000023841858, "p_xgb": 0.9987757802009583, "date": "2026-02-19"}}, {"type": "Feature", "geometry": {"type": "Point", "coordinates": [-82.72500000169202, 35.525000000576]}, "properties": {"p_logistic": 0.48748746514320374, "p_rf": 0.8180000185966492, "p_xgb": 0.999082088470459, "date": "2026-02-19"}}, {"type": "Feature", "geometry": {"type": "Point", "coordinates": [-82.71666666835901, 35.525000000576]}, "properties": {"p_logistic": 0.4874107539653778, "p_rf": 0.8199999928474426, "p_xgb": 0.999082088470459, "date": "2026-02-19"}}, {"type": "Feature", "geometry": {"type": "Point", "coordinates": [-82.70833333502603, 35.525000000576]}, "properties": {"p_logistic": 0.4871998131275177, "p_rf": 0.8199999928474426, "p_xgb": 0.999082088470459, "date": "2026-02-19"}}, {"type": "Feature", "geometry": {"type": "Point", "coordinates": [-82.70000000169301, 35.525000000576]}, "properties": {"p_logistic": 0.48732560873031616, "p_rf": 0.8199999928474426, "p_xgb": 0.9990506768226624, "date": "2026-02-19"}}, {"type": "Feature", "geometry": {"type": "Point", "coordinates": [-82.69166666836001, 35.525000000576]}, "properties": {"p_logistic": 0.4871599078178406, "p_rf": 0.8180000185966492, "p_xgb": 0.9990506768226624, "date": "2026-02-19"}}, {"type": "Feature", "geometry": {"type": "Point", "coordinates": [-82.68333333502702, 35.525000000576]}, "properties": {"p_logistic": 0.48706063628196716, "p_rf": 0.828000009059906, "p_xgb": 0.999071478843689, "date": "2026-02-19"}}, {"type": "Feature", "geometry": {"type": "Point", "coordinates": [-82.67500000169402, 35.525000000576]}, "properties": {"p_logistic": 0.4872807562351227, "p_rf": 0.8259999752044678, "p_xgb": 0.9991102814674377, "date": "2026-02-19"}}, {"type": "Feature", "geometry": {"type": "Point", "coordinates": [-82.66666666836102, 35.525000000576]}, "properties": {"p_logistic": 0.48757773637771606, "p_rf": 0.8320000171661377, "p_xgb": 0.9991102814674377, "date": "2026-02-19"}}, {"type": "Feature", "geometry": {"type": "Point", "coordinates": [-82.65833333502802, 35.525000000576]}, "properties": {"p_logistic": 0.48759064078330994, "p_rf": 0.8320000171661377, "p_xgb": 0.9991102814674377, "date": "2026-02-19"}}, {"type": "Feature", "geometry": {"type": "Point", "coordinates": [-82.65000000169502, 35.525000000576]}, "properties": {"p_logistic": 0.48707038164138794, "p_rf": 0.8220000267028809, "p_xgb": 0.999071478843689, "date": "2026-02-19"}}, {"type": "Feature", "geometry": {"type": "Point", "coordinates": [-82.64166666836202, 35.525000000576]}, "properties": {"p_logistic": 0.48641273379325867, "p_rf": 0.8159999847412109, "p_xgb": 0.9990506768226624, "date": "2026-02-19"}}, {"type": "Feature", "geometry": {"type": "Point", "coordinates": [-82.63333333502902, 35.525000000576]}, "properties": {"p_logistic": 0.4858801066875458, "p_rf": 0.8140000104904175, "p_xgb": 0.9990448355674744, "date": "2026-02-19"}}, {"type": "Feature", "geometry": {"type": "Point", "coordinates": [-82.62500000169601, 35.525000000576]}, "properties": {"p_logistic": 0.48559871315956116, "p_rf": 0.7239999771118164, "p_xgb": 0.9993314743041992, "date": "2026-02-19"}}, {"type": "Feature", "geometry": {"type": "Point", "coordinates": [-82.61666666836302, 35.525000000576]}, "properties": {"p_logistic": 0.4857819378376007, "p_rf": 0.7400000095367432, "p_xgb": 0.9993337988853455, "date": "2026-02-19"}}, {"type": "Feature", "geometry": {"type": "Point", "coordinates": [-82.60833333503001, 35.525000000576]}, "properties": {"p_logistic": 0.48628365993499756, "p_rf": 0.75, "p_xgb": 0.9993337988853455, "date": "2026-02-19"}}, {"type": "Feature", "geometry": {"type": "Point", "coordinates": [-82.60000000169703, 35.525000000576]}, "properties": {"p_logistic": 0.4872702956199646, "p_rf": 0.7459999918937683, "p_xgb": 0.9993776679039001, "date": "2026-02-19"}}, {"type": "Feature", "geometry": {"type": "Point", "coordinates": [-82.59166666836401, 35.525000000576]}, "properties": {"p_logistic": 0.4878520667552948, "p_rf": 0.7319999933242798, "p_xgb": 0.9993776679039001, "date": "2026-02-19"}}, {"type": "Feature", "geometry": {"type": "Point", "coordinates": [-82.58333333503101, 35.525000000576]}, "properties": {"p_logistic": 0.48838216066360474, "p_rf": 0.7559999823570251, "p_xgb": 0.9993776679039001, "date": "2026-02-19"}}, {"type": "Feature", "geometry": {"type": "Point", "coordinates": [-82.57500000169802, 35.525000000576]}, "properties": {"p_logistic": 0.48880815505981445, "p_rf": 0.8059999942779541, "p_xgb": 0.9995088577270508, "date": "2026-02-19"}}, {"type": "Feature", "geometry": {"type": "Point", "coordinates": [-82.56666666836502, 35.525000000576]}, "properties": {"p_logistic": 0.48952001333236694, "p_rf": 0.8080000281333923, "p_xgb": 0.9995088577270508, "date": "2026-02-19"}}, {"type": "Feature", "geometry": {"type": "Point", "coordinates": [-82.55833333503202, 35.525000000576]}, "properties": {"p_logistic": 0.4903355538845062, "p_rf": 0.8240000009536743, "p_xgb": 0.9995088577270508, "date": "2026-02-19"}}, {"type": "Feature", "geometry": {"type": "Point", "coordinates": [-82.55000000169902, 35.525000000576]}, "properties": {"p_logistic": 0.49117687344551086, "p_rf": 0.828000009059906, "p_xgb": 0.9995088577270508, "date": "2026-02-19"}}, {"type": "Feature", "geometry": {"type": "Point", "coordinates": [-82.54166666836602, 35.525000000576]}, "properties": {"p_logistic": 0.49215248227119446, "p_rf": 0.8360000252723694, "p_xgb": 0.9989558458328247, "date": "2026-02-19"}}, {"type": "Feature", "geometry": {"type": "Point", "coordinates": [-82.53333333503302, 35.525000000576]}, "properties": {"p_logistic": 0.49291104078292847, "p_rf": 0.8339999914169312, "p_xgb": 0.9988681077957153, "date": "2026-02-19"}}, {"type": "Feature", "geometry": {"type": "Point", "coordinates": [-82.52500000170002, 35.525000000576]}, "properties": {"p_logistic": 0.49285173416137695, "p_rf": 0.828000009059906, "p_xgb": 0.9985800981521606, "date": "2026-02-19"}}, {"type": "Feature", "geometry": {"type": "Point", "coordinates": [-82.51666666836701, 35.525000000576]}, "properties": {"p_logistic": 0.49238795042037964, "p_rf": 0.8199999928474426, "p_xgb": 0.9985241293907166, "date": "2026-02-19"}}, {"type": "Feature", "geometry": {"type": "Point", "coordinates": [-82.50833333503402, 35.525000000576]}, "properties": {"p_logistic": 0.49148106575012207, "p_rf": 0.8080000281333923, "p_xgb": 0.9981045722961426, "date": "2026-02-19"}}, {"type": "Feature", "geometry": {"type": "Point", "coordinates": [-82.50000000170101, 35.525000000576]}, "properties": {"p_logistic": 0.49030277132987976, "p_rf": 0.8059999942779541, "p_xgb": 0.9981045722961426, "date": "2026-02-19"}}, {"type": "Feature", "geometry": {"type": "Point", "coordinates": [-82.49166666836803, 35.525000000576]}, "properties": {"p_logistic": 0.4895523190498352, "p_rf": 0.8019999861717224, "p_xgb": 0.9971776008605957, "date": "2026-02-19"}}, {"type": "Feature", "geometry": {"type": "Point", "coordinates": [-82.48333333503501, 35.525000000576]}, "properties": {"p_logistic": 0.48898419737815857, "p_rf": 0.800000011920929, "p_xgb": 0.9972966313362122, "date": "2026-02-19"}}, {"type": "Feature", "geometry": {"type": "Point", "coordinates": [-82.47500000170201, 35.525000000576]}, "properties": {"p_logistic": 0.48949626088142395, "p_rf": 0.8019999861717224, "p_xgb": 0.9972966313362122, "date": "2026-02-19"}}, {"type": "Feature", "geometry": {"type": "Point", "coordinates": [-82.46666666836902, 35.525000000576]}, "properties": {"p_logistic": 0.4904293119907379, "p_rf": 0.8159999847412109, "p_xgb": 0.9981045722961426, "date": "2026-02-19"}}, {"type": "Feature", "geometry": {"type": "Point", "coordinates": [-82.45833333503602, 35.525000000576]}, "properties": {"p_logistic": 0.49170687794685364, "p_rf": 0.8199999928474426, "p_xgb": 0.9982290863990784, "date": "2026-02-19"}}, {"type": "Feature", "geometry": {"type": "Point", "coordinates": [-82.45000000170302, 35.525000000576]}, "properties": {"p_logistic": 0.49263709783554077, "p_rf": 0.8180000185966492, "p_xgb": 0.9982290863990784, "date": "2026-02-19"}}, {"type": "Feature", "geometry": {"type": "Point", "coordinates": [-82.44166666837002, 35.525000000576]}, "properties": {"p_logistic": 0.4935605525970459, "p_rf": 0.8140000104904175, "p_xgb": 0.9982290863990784, "date": "2026-02-19"}}, {"type": "Feature", "geometry": {"type": "Point", "coordinates": [-82.43333333503702, 35.525000000576]}, "properties": {"p_logistic": 0.4944996237754822, "p_rf": 0.8019999861717224, "p_xgb": 0.9982290863990784, "date": "2026-02-19"}}, {"type": "Feature", "geometry": {"type": "Point", "coordinates": [-82.42500000170402, 35.525000000576]}, "properties": {"p_logistic": 0.4953269958496094, "p_rf": 0.7820000052452087, "p_xgb": 0.9982290863990784, "date": "2026-02-19"}}, {"type": "Feature", "geometry": {"type": "Point", "coordinates": [-82.41666666837102, 35.525000000576]}, "properties": {"p_logistic": 0.49638792872428894, "p_rf": 0.7540000081062317, "p_xgb": 0.9972301125526428, "date": "2026-02-19"}}, {"type": "Feature", "geometry": {"type": "Point", "coordinates": [-82.40833333503801, 35.525000000576]}, "properties": {"p_logistic": 0.49640223383903503, "p_rf": 0.7580000162124634, "p_xgb": 0.9970357418060303, "date": "2026-02-19"}}, {"type": "Feature", "geometry": {"type": "Point", "coordinates": [-82.40000000170502, 35.525000000576]}, "properties": {"p_logistic": 0.49584752321243286, "p_rf": 0.7580000162124634, "p_xgb": 0.9970357418060303, "date": "2026-02-19"}}, {"type": "Feature", "geometry": {"type": "Point", "coordinates": [-82.39166666837201, 35.525000000576]}, "properties": {"p_logistic": 0.4951421022415161, "p_rf": 0.7160000205039978, "p_xgb": 0.996911883354187, "date": "2026-02-19"}}, {"type": "Feature", "geometry": {"type": "Point", "coordinates": [-82.38333333503903, 35.525000000576]}, "properties": {"p_logistic": 0.4938609302043915, "p_rf": 0.722000002861023, "p_xgb": 0.9962038397789001, "date": "2026-02-19"}}, {"type": "Feature", "geometry": {"type": "Point", "coordinates": [-82.37500000170601, 35.525000000576]}, "properties": {"p_logistic": 0.4921536445617676, "p_rf": 0.6660000085830688, "p_xgb": 0.99397873878479, "date": "2026-02-19"}}, {"type": "Feature", "geometry": {"type": "Point", "coordinates": [-82.36666666837301, 35.525000000576]}, "properties": {"p_logistic": 0.4895361065864563, "p_rf": 0.6579999923706055, "p_xgb": 0.988934338092804, "date": "2026-02-19"}}, {"type": "Feature", "geometry": {"type": "Point", "coordinates": [-82.35833333504002, 35.525000000576]}, "properties": {"p_logistic": 0.4864875376224518, "p_rf": 0.6579999923706055, "p_xgb": 0.9887539148330688, "date": "2026-02-19"}}, {"type": "Feature", "geometry": {"type": "Point", "coordinates": [-82.35000000170702, 35.525000000576]}, "properties": {"p_logistic": 0.4834558367729187, "p_rf": 0.6460000276565552, "p_xgb": 0.9887539148330688, "date": "2026-02-19"}}, {"type": "Feature", "geometry": {"type": "Point", "coordinates": [-82.34166666837402, 35.525000000576]}, "properties": {"p_logistic": 0.48118487000465393, "p_rf": 0.6660000085830688, "p_xgb": 0.9911571741104126, "date": "2026-02-19"}}, {"type": "Feature", "geometry": {"type": "Point", "coordinates": [-82.33333333504102, 35.525000000576]}, "properties": {"p_logistic": 0.47956064343452454, "p_rf": 0.6499999761581421, "p_xgb": 0.9881992340087891, "date": "2026-02-19"}}, {"type": "Feature", "geometry": {"type": "Point", "coordinates": [-82.32500000170802, 35.525000000576]}, "properties": {"p_logistic": 0.4787055552005768, "p_rf": 0.6480000019073486, "p_xgb": 0.9911501407623291, "date": "2026-02-19"}}, {"type": "Feature", "geometry": {"type": "Point", "coordinates": [-82.31666666837502, 35.525000000576]}, "properties": {"p_logistic": 0.4786641299724579, "p_rf": 0.6299999952316284, "p_xgb": 0.9923877716064453, "date": "2026-02-19"}}, {"type": "Feature", "geometry": {"type": "Point", "coordinates": [-82.30833333504202, 35.525000000576]}, "properties": {"p_logistic": 0.4784019887447357, "p_rf": 0.6259999871253967, "p_xgb": 0.9923877716064453, "date": "2026-02-19"}}, {"type": "Feature", "geometry": {"type": "Point", "coordinates": [-82.30000000170901, 35.525000000576]}, "properties": {"p_logistic": 0.47808724641799927, "p_rf": 0.6200000047683716, "p_xgb": 0.9923877716064453, "date": "2026-02-19"}}, {"type": "Feature", "geometry": {"type": "Point", "coordinates": [-82.29166666837602, 35.525000000576]}, "properties": {"p_logistic": 0.47746917605400085, "p_rf": 0.628000020980835, "p_xgb": 0.9923877716064453, "date": "2026-02-19"}}, {"type": "Feature", "geometry": {"type": "Point", "coordinates": [-82.28333333504301, 35.525000000576]}, "properties": {"p_logistic": 0.4780292510986328, "p_rf": 0.6240000128746033, "p_xgb": 0.9902907013893127, "date": "2026-02-19"}}, {"type": "Feature", "geometry": {"type": "Point", "coordinates": [-82.27500000171003, 35.525000000576]}, "properties": {"p_logistic": 0.4792045056819916, "p_rf": 0.6019999980926514, "p_xgb": 0.9855226278305054, "date": "2026-02-19"}}, {"type": "Feature", "geometry": {"type": "Point", "coordinates": [-82.26666666837701, 35.525000000576]}, "properties": {"p_logistic": 0.48006191849708557, "p_rf": 0.5960000157356262, "p_xgb": 0.9840323328971863, "date": "2026-02-19"}}, {"type": "Feature", "geometry": {"type": "Point", "coordinates": [-82.25833333504401, 35.525000000576]}, "properties": {"p_logistic": 0.48093706369400024, "p_rf": 0.6840000152587891, "p_xgb": 0.9844678044319153, "date": "2026-02-19"}}, {"type": "Feature", "geometry": {"type": "Point", "coordinates": [-82.25000000171102, 35.525000000576]}, "properties": {"p_logistic": 0.4809497892856598, "p_rf": 0.6899999976158142, "p_xgb": 0.9858609437942505, "date": "2026-02-19"}}, {"type": "Feature", "geometry": {"type": "Point", "coordinates": [-82.24166666837802, 35.525000000576]}, "properties": {"p_logistic": 0.4806182086467743, "p_rf": 0.6840000152587891, "p_xgb": 0.9851377010345459, "date": "2026-02-19"}}, {"type": "Feature", "geometry": {"type": "Point", "coordinates": [-82.23333333504502, 35.525000000576]}, "properties": {"p_logistic": 0.47997134923934937, "p_rf": 0.6759999990463257, "p_xgb": 0.9902142286300659, "date": "2026-02-19"}}, {"type": "Feature", "geometry": {"type": "Point", "coordinates": [-82.22500000171202, 35.525000000576]}, "properties": {"p_logistic": 0.4797518849372864, "p_rf": 0.6779999732971191, "p_xgb": 0.9851377010345459, "date": "2026-02-19"}}, {"type": "Feature", "geometry": {"type": "Point", "coordinates": [-82.21666666837902, 35.525000000576]}, "properties": {"p_logistic": 0.47965410351753235, "p_rf": 0.6859999895095825, "p_xgb": 0.9851377010345459, "date": "2026-02-19"}}, {"type": "Feature", "geometry": {"type": "Point", "coordinates": [-82.20833333504602, 35.525000000576]}, "properties": {"p_logistic": 0.47948917746543884, "p_rf": 0.6899999976158142, "p_xgb": 0.9858609437942505, "date": "2026-02-19"}}, {"type": "Feature", "geometry": {"type": "Point", "coordinates": [-82.20000000171302, 35.525000000576]}, "properties": {"p_logistic": 0.4794420599937439, "p_rf": 0.6800000071525574, "p_xgb": 0.9844678044319153, "date": "2026-02-19"}}, {"type": "Feature", "geometry": {"type": "Point", "coordinates": [-82.19166666838001, 35.525000000576]}, "properties": {"p_logistic": 0.47822803258895874, "p_rf": 0.6660000085830688, "p_xgb": 0.9844678044319153, "date": "2026-02-19"}}, {"type": "Feature", "geometry": {"type": "Point", "coordinates": [-82.77500000169002, 35.516666667243]}, "properties": {"p_logistic": 0.49240389466285706, "p_rf": 0.800000011920929, "p_xgb": 0.9984037280082703, "date": "2026-02-19"}}, {"type": "Feature", "geometry": {"type": "Point", "coordinates": [-82.76666666835702, 35.516666667243]}, "properties": {"p_logistic": 0.49224573373794556, "p_rf": 0.7979999780654907, "p_xgb": 0.9987885355949402, "date": "2026-02-19"}}, {"type": "Feature", "geometry": {"type": "Point", "coordinates": [-82.75833333502402, 35.516666667243]}, "properties": {"p_logistic": 0.4925844967365265, "p_rf": 0.7839999794960022, "p_xgb": 0.9988331198692322, "date": "2026-02-19"}}, {"type": "Feature", "geometry": {"type": "Point", "coordinates": [-82.75000000169102, 35.516666667243]}, "properties": {"p_logistic": 0.4924639165401459, "p_rf": 0.7400000095367432, "p_xgb": 0.9986187219619751, "date": "2026-02-19"}}, {"type": "Feature", "geometry": {"type": "Point", "coordinates": [-82.74166666835802, 35.516666667243]}, "properties": {"p_logistic": 0.49088606238365173, "p_rf": 0.7080000042915344, "p_xgb": 0.9986187219619751, "date": "2026-02-19"}}, {"type": "Feature", "geometry": {"type": "Point", "coordinates": [-82.73333333502501, 35.516666667243]}, "properties": {"p_logistic": 0.48934462666511536, "p_rf": 0.7979999780654907, "p_xgb": 0.9986995458602905, "date": "2026-02-19"}}, {"type": "Feature", "geometry": {"type": "Point", "coordinates": [-82.72500000169202, 35.516666667243]}, "properties": {"p_logistic": 0.48847174644470215, "p_rf": 0.8159999847412109, "p_xgb": 0.9985842704772949, "date": "2026-02-19"}}, {"type": "Feature", "geometry": {"type": "Point", "coordinates": [-82.71666666835901, 35.516666667243]}, "properties": {"p_logistic": 0.48868897557258606, "p_rf": 0.8199999928474426, "p_xgb": 0.9979705214500427, "date": "2026-02-19"}}, {"type": "Feature", "geometry": {"type": "Point", "coordinates": [-82.70833333502603, 35.516666667243]}, "properties": {"p_logistic": 0.4884907305240631, "p_rf": 0.8140000104904175, "p_xgb": 0.9990448355674744, "date": "2026-02-19"}}, {"type": "Feature", "geometry": {"type": "Point", "coordinates": [-82.70000000169301, 35.516666667243]}, "properties": {"p_logistic": 0.488592267036438, "p_rf": 0.8180000185966492, "p_xgb": 0.9990122318267822, "date": "2026-02-19"}}, {"type": "Feature", "geometry": {"type": "Point", "coordinates": [-82.69166666836001, 35.516666667243]}, "properties": {"p_logistic": 0.4883727729320526, "p_rf": 0.8199999928474426, "p_xgb": 0.9990506768226624, "date": "2026-02-19"}}, {"type": "Feature", "geometry": {"type": "Point", "coordinates": [-82.68333333502702, 35.516666667243]}, "properties": {"p_logistic": 0.48822855949401855, "p_rf": 0.8159999847412109, "p_xgb": 0.9990506768226624, "date": "2026-02-19"}}, {"type": "Feature", "geometry": {"type": "Point", "coordinates": [-82.67500000169402, 35.516666667243]}, "properties": {"p_logistic": 0.487729012966156, "p_rf": 0.8240000009536743, "p_xgb": 0.999071478843689, "date": "2026-02-19"}}, {"type": "Feature", "geometry": {"type": "Point", "coordinates": [-82.66666666836102, 35.516666667243]}, "properties": {"p_logistic": 0.4875176250934601, "p_rf": 0.8220000267028809, "p_xgb": 0.999071478843689, "date": "2026-02-19"}}, {"type": "Feature", "geometry": {"type": "Point", "coordinates": [-82.65833333502802, 35.516666667243]}, "properties": {"p_logistic": 0.48719316720962524, "p_rf": 0.8240000009536743, "p_xgb": 0.999071478843689, "date": "2026-02-19"}}, {"type": "Feature", "geometry": {"type": "Point", "coordinates": [-82.65000000169502, 35.516666667243]}, "properties": {"p_logistic": 0.48660168051719666, "p_rf": 0.8259999752044678, "p_xgb": 0.9990506768226624, "date": "2026-02-19"}}, {"type": "Feature", "geometry": {"type": "Point", "coordinates": [-82.64166666836202, 35.516666667243]}, "properties": {"p_logistic": 0.4858778119087219, "p_rf": 0.8199999928474426, "p_xgb": 0.9990122318267822, "date": "2026-02-19"}}, {"type": "Feature", "geometry": {"type": "Point", "coordinates": [-82.63333333502902, 35.516666667243]}, "properties": {"p_logistic": 0.48516619205474854, "p_rf": 0.722000002861023, "p_xgb": 0.9992268085479736, "date": "2026-02-19"}}, {"type": "Feature", "geometry": {"type": "Point", "coordinates": [-82.62500000169601, 35.516666667243]}, "properties": {"p_logistic": 0.4848659038543701, "p_rf": 0.7540000081062317, "p_xgb": 0.9993337988853455, "date": "2026-02-19"}}, {"type": "Feature", "geometry": {"type": "Point", "coordinates": [-82.61666666836302, 35.516666667243]}, "properties": {"p_logistic": 0.485010027885437, "p_rf": 0.8019999861717224, "p_xgb": 0.9994743466377258, "date": "2026-02-19"}}, {"type": "Feature", "geometry": {"type": "Point", "coordinates": [-82.60833333503001, 35.516666667243]}, "properties": {"p_logistic": 0.48580652475357056, "p_rf": 0.8019999861717224, "p_xgb": 0.9994743466377258, "date": "2026-02-19"}}, {"type": "Feature", "geometry": {"type": "Point", "coordinates": [-82.60000000169703, 35.516666667243]}, "properties": {"p_logistic": 0.48677265644073486, "p_rf": 0.8019999861717224, "p_xgb": 0.99875807762146, "date": "2026-02-19"}}, {"type": "Feature", "geometry": {"type": "Point", "coordinates": [-82.59166666836401, 35.516666667243]}, "properties": {"p_logistic": 0.48765724897384644, "p_rf": 0.7839999794960022, "p_xgb": 0.9986770749092102, "date": "2026-02-19"}}, {"type": "Feature", "geometry": {"type": "Point", "coordinates": [-82.58333333503101, 35.516666667243]}, "properties": {"p_logistic": 0.48830151557922363, "p_rf": 0.8019999861717224, "p_xgb": 0.9989558458328247, "date": "2026-02-19"}}, {"type": "Feature", "geometry": {"type": "Point", "coordinates": [-82.57500000169802, 35.516666667243]}, "properties": {"p_logistic": 0.4889959990978241, "p_rf": 0.8040000200271606, "p_xgb": 0.9989558458328247, "date": "2026-02-19"}}, {"type": "Feature", "geometry": {"type": "Point", "coordinates": [-82.56666666836502, 35.516666667243]}, "properties": {"p_logistic": 0.48962974548339844, "p_rf": 0.828000009059906, "p_xgb": 0.9989558458328247, "date": "2026-02-19"}}, {"type": "Feature", "geometry": {"type": "Point", "coordinates": [-82.55833333503202, 35.516666667243]}, "properties": {"p_logistic": 0.4904785454273224, "p_rf": 0.8339999914169312, "p_xgb": 0.9989558458328247, "date": "2026-02-19"}}, {"type": "Feature", "geometry": {"type": "Point", "coordinates": [-82.55000000169902, 35.516666667243]}, "properties": {"p_logistic": 0.4912901818752289, "p_rf": 0.8420000076293945, "p_xgb": 0.9989159107208252, "date": "2026-02-19"}}, {"type": "Feature", "geometry": {"type": "Point", "coordinates": [-82.54166666836602, 35.516666667243]}, "properties": {"p_logistic": 0.49234336614608765, "p_rf": 0.8299999833106995, "p_xgb": 0.9988681077957153, "date": "2026-02-19"}}, {"type": "Feature", "geometry": {"type": "Point", "coordinates": [-82.53333333503302, 35.516666667243]}, "properties": {"p_logistic": 0.493604838848114, "p_rf": 0.8180000185966492, "p_xgb": 0.9985800981521606, "date": "2026-02-19"}}, {"type": "Feature", "geometry": {"type": "Point", "coordinates": [-82.52500000170002, 35.516666667243]}, "properties": {"p_logistic": 0.49434012174606323, "p_rf": 0.7979999780654907, "p_xgb": 0.9983408451080322, "date": "2026-02-19"}}, {"type": "Feature", "geometry": {"type": "Point", "coordinates": [-82.51666666836701, 35.516666667243]}, "properties": {"p_logistic": 0.49498793482780457, "p_rf": 0.7739999890327454, "p_xgb": 0.9980858564376831, "date": "2026-02-19"}}, {"type": "Feature", "geometry": {"type": "Point", "coordinates": [-82.50833333503402, 35.516666667243]}, "properties": {"p_logistic": 0.4943901598453522, "p_rf": 0.7580000162124634, "p_xgb": 0.9980092644691467, "date": "2026-02-19"}}, {"type": "Feature", "geometry": {"type": "Point", "coordinates": [-82.50000000170101, 35.516666667243]}, "properties": {"p_logistic": 0.4942256510257721, "p_rf": 0.7680000066757202, "p_xgb": 0.9981045722961426, "date": "2026-02-19"}}, {"type": "Feature", "geometry": {"type": "Point", "coordinates": [-82.49166666836803, 35.516666667243]}, "properties": {"p_logistic": 0.49252399802207947, "p_rf": 0.7919999957084656, "p_xgb": 0.9981045722961426, "date": "2026-02-19"}}, {"type": "Feature", "geometry": {"type": "Point", "coordinates": [-82.48333333503501, 35.516666667243]}, "properties": {"p_logistic": 0.49174556136131287, "p_rf": 0.7699999809265137, "p_xgb": 0.9970597624778748, "date": "2026-02-19"}}, {"type": "Feature", "geometry": {"type": "Point", "coordinates": [-82.47500000170201, 35.516666667243]}, "properties": {"p_logistic": 0.4913908541202545, "p_rf": 0.7940000295639038, "p_xgb": 0.9971776008605957, "date": "2026-02-19"}}, {"type": "Feature", "geometry": {"type": "Point", "coordinates": [-82.46666666836902, 35.516666667243]}, "properties": {"p_logistic": 0.49194374680519104, "p_rf": 0.8019999861717224, "p_xgb": 0.9982290863990784, "date": "2026-02-19"}}, {"type": "Feature", "geometry": {"type": "Point", "coordinates": [-82.45833333503602, 35.516666667243]}, "properties": {"p_logistic": 0.49289554357528687, "p_rf": 0.8059999942779541, "p_xgb": 0.9982290863990784, "date": "2026-02-19"}}, {"type": "Feature", "geometry": {"type": "Point", "coordinates": [-82.45000000170302, 35.516666667243]}, "properties": {"p_logistic": 0.493583619594574, "p_rf": 0.8140000104904175, "p_xgb": 0.9982290863990784, "date": "2026-02-19"}}, {"type": "Feature", "geometry": {"type": "Point", "coordinates": [-82.44166666837002, 35.516666667243]}, "properties": {"p_logistic": 0.4942814111709595, "p_rf": 0.8100000023841858, "p_xgb": 0.9982290863990784, "date": "2026-02-19"}}, {"type": "Feature", "geometry": {"type": "Point", "coordinates": [-82.43333333503702, 35.516666667243]}, "properties": {"p_logistic": 0.4949541985988617, "p_rf": 0.7960000038146973, "p_xgb": 0.9982290863990784, "date": "2026-02-19"}}, {"type": "Feature", "geometry": {"type": "Point", "coordinates": [-82.42500000170402, 35.516666667243]}, "properties": {"p_logistic": 0.49617353081703186, "p_rf": 0.7839999794960022, "p_xgb": 0.9982290863990784, "date": "2026-02-19"}}, {"type": "Feature", "geometry": {"type": "Point", "coordinates": [-82.41666666837102, 35.516666667243]}, "properties": {"p_logistic": 0.49647510051727295, "p_rf": 0.7599999904632568, "p_xgb": 0.9981398582458496, "date": "2026-02-19"}}, {"type": "Feature", "geometry": {"type": "Point", "coordinates": [-82.40833333503801, 35.516666667243]}, "properties": {"p_logistic": 0.49648618698120117, "p_rf": 0.7599999904632568, "p_xgb": 0.9970357418060303, "date": "2026-02-19"}}, {"type": "Feature", "geometry": {"type": "Point", "coordinates": [-82.40000000170502, 35.516666667243]}, "properties": {"p_logistic": 0.49628716707229614, "p_rf": 0.7580000162124634, "p_xgb": 0.9970357418060303, "date": "2026-02-19"}}, {"type": "Feature", "geometry": {"type": "Point", "coordinates": [-82.39166666837201, 35.516666667243]}, "properties": {"p_logistic": 0.49592694640159607, "p_rf": 0.7179999947547913, "p_xgb": 0.996911883354187, "date": "2026-02-19"}}, {"type": "Feature", "geometry": {"type": "Point", "coordinates": [-82.38333333503903, 35.516666667243]}, "properties": {"p_logistic": 0.4945439100265503, "p_rf": 0.7099999785423279, "p_xgb": 0.9968294501304626, "date": "2026-02-19"}}, {"type": "Feature", "geometry": {"type": "Point", "coordinates": [-82.37500000170601, 35.516666667243]}, "properties": {"p_logistic": 0.4933231770992279, "p_rf": 0.6700000166893005, "p_xgb": 0.994255006313324, "date": "2026-02-19"}}, {"type": "Feature", "geometry": {"type": "Point", "coordinates": [-82.36666666837301, 35.516666667243]}, "properties": {"p_logistic": 0.4910590350627899, "p_rf": 0.6380000114440918, "p_xgb": 0.9929969906806946, "date": "2026-02-19"}}, {"type": "Feature", "geometry": {"type": "Point", "coordinates": [-82.35833333504002, 35.516666667243]}, "properties": {"p_logistic": 0.4880489706993103, "p_rf": 0.628000020980835, "p_xgb": 0.9881933331489563, "date": "2026-02-19"}}, {"type": "Feature", "geometry": {"type": "Point", "coordinates": [-82.35000000170702, 35.516666667243]}, "properties": {"p_logistic": 0.48515522480010986, "p_rf": 0.6140000224113464, "p_xgb": 0.9881933331489563, "date": "2026-02-19"}}, {"type": "Feature", "geometry": {"type": "Point", "coordinates": [-82.34166666837402, 35.516666667243]}, "properties": {"p_logistic": 0.48287317156791687, "p_rf": 0.6100000143051147, "p_xgb": 0.9887189269065857, "date": "2026-02-19"}}, {"type": "Feature", "geometry": {"type": "Point", "coordinates": [-82.33333333504102, 35.516666667243]}, "properties": {"p_logistic": 0.4810466170310974, "p_rf": 0.6259999871253967, "p_xgb": 0.9907078742980957, "date": "2026-02-19"}}, {"type": "Feature", "geometry": {"type": "Point", "coordinates": [-82.32500000170802, 35.516666667243]}, "properties": {"p_logistic": 0.4800620377063751, "p_rf": 0.6259999871253967, "p_xgb": 0.9923877716064453, "date": "2026-02-19"}}, {"type": "Feature", "geometry": {"type": "Point", "coordinates": [-82.31666666837502, 35.516666667243]}, "properties": {"p_logistic": 0.47971880435943604, "p_rf": 0.6240000128746033, "p_xgb": 0.9923877716064453, "date": "2026-02-19"}}, {"type": "Feature", "geometry": {"type": "Point", "coordinates": [-82.30833333504202, 35.516666667243]}, "properties": {"p_logistic": 0.4795819818973541, "p_rf": 0.6039999723434448, "p_xgb": 0.9923877716064453, "date": "2026-02-19"}}, {"type": "Feature", "geometry": {"type": "Point", "coordinates": [-82.30000000170901, 35.516666667243]}, "properties": {"p_logistic": 0.4792451858520508, "p_rf": 0.6039999723434448, "p_xgb": 0.9923877716064453, "date": "2026-02-19"}}, {"type": "Feature", "geometry": {"type": "Point", "coordinates": [-82.29166666837602, 35.516666667243]}, "properties": {"p_logistic": 0.4789385497570038, "p_rf": 0.6039999723434448, "p_xgb": 0.9923877716064453, "date": "2026-02-19"}}, {"type": "Feature", "geometry": {"type": "Point", "coordinates": [-82.28333333504301, 35.516666667243]}, "properties": {"p_logistic": 0.47861069440841675, "p_rf": 0.6119999885559082, "p_xgb": 0.9886376261711121, "date": "2026-02-19"}}, {"type": "Feature", "geometry": {"type": "Point", "coordinates": [-82.27500000171003, 35.516666667243]}, "properties": {"p_logistic": 0.47927144169807434, "p_rf": 0.6179999709129333, "p_xgb": 0.9850949048995972, "date": "2026-02-19"}}, {"type": "Feature", "geometry": {"type": "Point", "coordinates": [-82.26666666837701, 35.516666667243]}, "properties": {"p_logistic": 0.4798911213874817, "p_rf": 0.6019999980926514, "p_xgb": 0.9855226278305054, "date": "2026-02-19"}}, {"type": "Feature", "geometry": {"type": "Point", "coordinates": [-82.25833333504401, 35.516666667243]}, "properties": {"p_logistic": 0.480164498090744, "p_rf": 0.621999979019165, "p_xgb": 0.9844678044319153, "date": "2026-02-19"}}, {"type": "Feature", "geometry": {"type": "Point", "coordinates": [-82.25000000171102, 35.516666667243]}, "properties": {"p_logistic": 0.4795849025249481, "p_rf": 0.6899999976158142, "p_xgb": 0.9858609437942505, "date": "2026-02-19"}}, {"type": "Feature", "geometry": {"type": "Point", "coordinates": [-82.24166666837802, 35.516666667243]}, "properties": {"p_logistic": 0.4789530634880066, "p_rf": 0.6740000247955322, "p_xgb": 0.9902142286300659, "date": "2026-02-19"}}, {"type": "Feature", "geometry": {"type": "Point", "coordinates": [-82.23333333504502, 35.516666667243]}, "properties": {"p_logistic": 0.47855401039123535, "p_rf": 0.6740000247955322, "p_xgb": 0.9898003935813904, "date": "2026-02-19"}}, {"type": "Feature", "geometry": {"type": "Point", "coordinates": [-82.78333333502302, 35.50833333391]}, "properties": {"p_logistic": 0.4929797947406769, "p_rf": 0.7639999985694885, "p_xgb": 0.9927071928977966, "date": "2026-02-19"}}, {"type": "Feature", "geometry": {"type": "Point", "coordinates": [-82.77500000169002, 35.50833333391]}, "properties": {"p_logistic": 0.49270904064178467, "p_rf": 0.7739999890327454, "p_xgb": 0.9957540035247803, "date": "2026-02-19"}}, {"type": "Feature", "geometry": {"type": "Point", "coordinates": [-82.76666666835702, 35.50833333391]}, "properties": {"p_logistic": 0.49284180998802185, "p_rf": 0.800000011920929, "p_xgb": 0.9984037280082703, "date": "2026-02-19"}}, {"type": "Feature", "geometry": {"type": "Point", "coordinates": [-82.75833333502402, 35.50833333391]}, "properties": {"p_logistic": 0.49281755089759827, "p_rf": 0.7879999876022339, "p_xgb": 0.9988331198692322, "date": "2026-02-19"}}, {"type": "Feature", "geometry": {"type": "Point", "coordinates": [-82.75000000169102, 35.50833333391]}, "properties": {"p_logistic": 0.49309301376342773, "p_rf": 0.7699999809265137, "p_xgb": 0.9986187219619751, "date": "2026-02-19"}}, {"type": "Feature", "geometry": {"type": "Point", "coordinates": [-82.74166666835802, 35.50833333391]}, "properties": {"p_logistic": 0.4919630289077759, "p_rf": 0.7039999961853027, "p_xgb": 0.9986187219619751, "date": "2026-02-19"}}, {"type": "Feature", "geometry": {"type": "Point", "coordinates": [-82.73333333502501, 35.50833333391]}, "properties": {"p_logistic": 0.4905415177345276, "p_rf": 0.7620000243186951, "p_xgb": 0.998647153377533, "date": "2026-02-19"}}, {"type": "Feature", "geometry": {"type": "Point", "coordinates": [-82.72500000169202, 35.50833333391]}, "properties": {"p_logistic": 0.48987630009651184, "p_rf": 0.800000011920929, "p_xgb": 0.9987757802009583, "date": "2026-02-19"}}, {"type": "Feature", "geometry": {"type": "Point", "coordinates": [-82.71666666835901, 35.50833333391]}, "properties": {"p_logistic": 0.4895828068256378, "p_rf": 0.8100000023841858, "p_xgb": 0.9985842704772949, "date": "2026-02-19"}}, {"type": "Feature", "geometry": {"type": "Point", "coordinates": [-82.70833333502603, 35.50833333391]}, "properties": {"p_logistic": 0.4901329576969147, "p_rf": 0.8119999766349792, "p_xgb": 0.9979705214500427, "date": "2026-02-19"}}, {"type": "Feature", "geometry": {"type": "Point", "coordinates": [-82.70000000169301, 35.50833333391]}, "properties": {"p_logistic": 0.48949578404426575, "p_rf": 0.8119999766349792, "p_xgb": 0.997901201248169, "date": "2026-02-19"}}, {"type": "Feature", "geometry": {"type": "Point", "coordinates": [-82.69166666836001, 35.50833333391]}, "properties": {"p_logistic": 0.48917505145072937, "p_rf": 0.8140000104904175, "p_xgb": 0.997901201248169, "date": "2026-02-19"}}, {"type": "Feature", "geometry": {"type": "Point", "coordinates": [-82.68333333502702, 35.50833333391]}, "properties": {"p_logistic": 0.48884478211402893, "p_rf": 0.8159999847412109, "p_xgb": 0.997901201248169, "date": "2026-02-19"}}, {"type": "Feature", "geometry": {"type": "Point", "coordinates": [-82.67500000169402, 35.50833333391]}, "properties": {"p_logistic": 0.48844021558761597, "p_rf": 0.8199999928474426, "p_xgb": 0.997901201248169, "date": "2026-02-19"}}, {"type": "Feature", "geometry": {"type": "Point", "coordinates": [-82.66666666836102, 35.50833333391]}, "properties": {"p_logistic": 0.4876910150051117, "p_rf": 0.8159999847412109, "p_xgb": 0.997901201248169, "date": "2026-02-19"}}, {"type": "Feature", "geometry": {"type": "Point", "coordinates": [-82.65833333502802, 35.50833333391]}, "properties": {"p_logistic": 0.4869270324707031, "p_rf": 0.8180000185966492, "p_xgb": 0.9990122318267822, "date": "2026-02-19"}}, {"type": "Feature", "geometry": {"type": "Point", "coordinates": [-82.65000000169502, 35.50833333391]}, "properties": {"p_logistic": 0.48600324988365173, "p_rf": 0.8100000023841858, "p_xgb": 0.9990122318267822, "date": "2026-02-19"}}, {"type": "Feature", "geometry": {"type": "Point", "coordinates": [-82.64166666836202, 35.50833333391]}, "properties": {"p_logistic": 0.4850007891654968, "p_rf": 0.7160000205039978, "p_xgb": 0.9993314743041992, "date": "2026-02-19"}}, {"type": "Feature", "geometry": {"type": "Point", "coordinates": [-82.63333333502902, 35.50833333391]}, "properties": {"p_logistic": 0.4841407537460327, "p_rf": 0.8019999861717224, "p_xgb": 0.9994743466377258, "date": "2026-02-19"}}, {"type": "Feature", "geometry": {"type": "Point", "coordinates": [-82.62500000169601, 35.50833333391]}, "properties": {"p_logistic": 0.483737975358963, "p_rf": 0.8259999752044678, "p_xgb": 0.9994743466377258, "date": "2026-02-19"}}, {"type": "Feature", "geometry": {"type": "Point", "coordinates": [-82.61666666836302, 35.50833333391]}, "properties": {"p_logistic": 0.48391976952552795, "p_rf": 0.828000009059906, "p_xgb": 0.9994743466377258, "date": "2026-02-19"}}, {"type": "Feature", "geometry": {"type": "Point", "coordinates": [-82.60833333503001, 35.50833333391]}, "properties": {"p_logistic": 0.4846355617046356, "p_rf": 0.828000009059906, "p_xgb": 0.9994743466377258, "date": "2026-02-19"}}, {"type": "Feature", "geometry": {"type": "Point", "coordinates": [-82.60000000169703, 35.50833333391]}, "properties": {"p_logistic": 0.48587068915367126, "p_rf": 0.8220000267028809, "p_xgb": 0.9988823533058167, "date": "2026-02-19"}}, {"type": "Feature", "geometry": {"type": "Point", "coordinates": [-82.59166666836401, 35.50833333391]}, "properties": {"p_logistic": 0.48713603615760803, "p_rf": 0.8040000200271606, "p_xgb": 0.9989558458328247, "date": "2026-02-19"}}, {"type": "Feature", "geometry": {"type": "Point", "coordinates": [-82.58333333503101, 35.50833333391]}, "properties": {"p_logistic": 0.4882882535457611, "p_rf": 0.8119999766349792, "p_xgb": 0.9989558458328247, "date": "2026-02-19"}}, {"type": "Feature", "geometry": {"type": "Point", "coordinates": [-82.57500000169802, 35.50833333391]}, "properties": {"p_logistic": 0.48911571502685547, "p_rf": 0.8240000009536743, "p_xgb": 0.9989558458328247, "date": "2026-02-19"}}, {"type": "Feature", "geometry": {"type": "Point", "coordinates": [-82.56666666836502, 35.50833333391]}, "properties": {"p_logistic": 0.48988252878189087, "p_rf": 0.8339999914169312, "p_xgb": 0.9989558458328247, "date": "2026-02-19"}}, {"type": "Feature", "geometry": {"type": "Point", "coordinates": [-82.55833333503202, 35.50833333391]}, "properties": {"p_logistic": 0.4904969036579132, "p_rf": 0.8360000252723694, "p_xgb": 0.9989159107208252, "date": "2026-02-19"}}, {"type": "Feature", "geometry": {"type": "Point", "coordinates": [-82.55000000169902, 35.50833333391]}, "properties": {"p_logistic": 0.49118149280548096, "p_rf": 0.828000009059906, "p_xgb": 0.9986599683761597, "date": "2026-02-19"}}, {"type": "Feature", "geometry": {"type": "Point", "coordinates": [-82.54166666836602, 35.50833333391]}, "properties": {"p_logistic": 0.4915570020675659, "p_rf": 0.8180000185966492, "p_xgb": 0.9985241293907166, "date": "2026-02-19"}}, {"type": "Feature", "geometry": {"type": "Point", "coordinates": [-82.53333333503302, 35.50833333391]}, "properties": {"p_logistic": 0.49298420548439026, "p_rf": 0.7960000038146973, "p_xgb": 0.9981775283813477, "date": "2026-02-19"}}, {"type": "Feature", "geometry": {"type": "Point", "coordinates": [-82.52500000170002, 35.50833333391]}, "properties": {"p_logistic": 0.49468302726745605, "p_rf": 0.7739999890327454, "p_xgb": 0.9980858564376831, "date": "2026-02-19"}}, {"type": "Feature", "geometry": {"type": "Point", "coordinates": [-82.51666666836701, 35.50833333391]}, "properties": {"p_logistic": 0.49628207087516785, "p_rf": 0.7379999756813049, "p_xgb": 0.997043788433075, "date": "2026-02-19"}}, {"type": "Feature", "geometry": {"type": "Point", "coordinates": [-82.50833333503402, 35.50833333391]}, "properties": {"p_logistic": 0.4962022304534912, "p_rf": 0.7160000205039978, "p_xgb": 0.9969256520271301, "date": "2026-02-19"}}, {"type": "Feature", "geometry": {"type": "Point", "coordinates": [-82.50000000170101, 35.50833333391]}, "properties": {"p_logistic": 0.49536052346229553, "p_rf": 0.7200000286102295, "p_xgb": 0.996911883354187, "date": "2026-02-19"}}, {"type": "Feature", "geometry": {"type": "Point", "coordinates": [-82.49166666836803, 35.50833333391]}, "properties": {"p_logistic": 0.49468934535980225, "p_rf": 0.7300000190734863, "p_xgb": 0.996911883354187, "date": "2026-02-19"}}, {"type": "Feature", "geometry": {"type": "Point", "coordinates": [-82.48333333503501, 35.50833333391]}, "properties": {"p_logistic": 0.4931812286376953, "p_rf": 0.7540000081062317, "p_xgb": 0.9970597624778748, "date": "2026-02-19"}}, {"type": "Feature", "geometry": {"type": "Point", "coordinates": [-82.47500000170201, 35.50833333391]}, "properties": {"p_logistic": 0.49273619055747986, "p_rf": 0.7699999809265137, "p_xgb": 0.9971776008605957, "date": "2026-02-19"}}, {"type": "Feature", "geometry": {"type": "Point", "coordinates": [-82.46666666836902, 35.50833333391]}, "properties": {"p_logistic": 0.4928312599658966, "p_rf": 0.7940000295639038, "p_xgb": 0.9982290863990784, "date": "2026-02-19"}}, {"type": "Feature", "geometry": {"type": "Point", "coordinates": [-82.45833333503602, 35.50833333391]}, "properties": {"p_logistic": 0.49354249238967896, "p_rf": 0.8040000200271606, "p_xgb": 0.9982290863990784, "date": "2026-02-19"}}, {"type": "Feature", "geometry": {"type": "Point", "coordinates": [-82.45000000170302, 35.50833333391]}, "properties": {"p_logistic": 0.49407464265823364, "p_rf": 0.8019999861717224, "p_xgb": 0.9982290863990784, "date": "2026-02-19"}}, {"type": "Feature", "geometry": {"type": "Point", "coordinates": [-82.44166666837002, 35.50833333391]}, "properties": {"p_logistic": 0.4946238398551941, "p_rf": 0.8019999861717224, "p_xgb": 0.9982290863990784, "date": "2026-02-19"}}, {"type": "Feature", "geometry": {"type": "Point", "coordinates": [-82.43333333503702, 35.50833333391]}, "properties": {"p_logistic": 0.4958842396736145, "p_rf": 0.7879999876022339, "p_xgb": 0.9982290863990784, "date": "2026-02-19"}}, {"type": "Feature", "geometry": {"type": "Point", "coordinates": [-82.42500000170402, 35.50833333391]}, "properties": {"p_logistic": 0.496171772480011, "p_rf": 0.7839999794960022, "p_xgb": 0.9981398582458496, "date": "2026-02-19"}}, {"type": "Feature", "geometry": {"type": "Point", "coordinates": [-82.41666666837102, 35.50833333391]}, "properties": {"p_logistic": 0.49633318185806274, "p_rf": 0.7680000066757202, "p_xgb": 0.9981398582458496, "date": "2026-02-19"}}, {"type": "Feature", "geometry": {"type": "Point", "coordinates": [-82.40833333503801, 35.50833333391]}, "properties": {"p_logistic": 0.4962405264377594, "p_rf": 0.7580000162124634, "p_xgb": 0.9980092644691467, "date": "2026-02-19"}}, {"type": "Feature", "geometry": {"type": "Point", "coordinates": [-82.40000000170502, 35.50833333391]}, "properties": {"p_logistic": 0.49612903594970703, "p_rf": 0.7580000162124634, "p_xgb": 0.9970357418060303, "date": "2026-02-19"}}, {"type": "Feature", "geometry": {"type": "Point", "coordinates": [-82.39166666837201, 35.50833333391]}, "properties": {"p_logistic": 0.4958951771259308, "p_rf": 0.7239999771118164, "p_xgb": 0.996911883354187, "date": "2026-02-19"}}, {"type": "Feature", "geometry": {"type": "Point", "coordinates": [-82.38333333503903, 35.50833333391]}, "properties": {"p_logistic": 0.49561235308647156, "p_rf": 0.7099999785423279, "p_xgb": 0.9968294501304626, "date": "2026-02-19"}}, {"type": "Feature", "geometry": {"type": "Point", "coordinates": [-82.37500000170601, 35.50833333391]}, "properties": {"p_logistic": 0.4950505197048187, "p_rf": 0.6859999895095825, "p_xgb": 0.994255006313324, "date": "2026-02-19"}}, {"type": "Feature", "geometry": {"type": "Point", "coordinates": [-82.36666666837301, 35.50833333391]}, "properties": {"p_logistic": 0.492658406496048, "p_rf": 0.6299999952316284, "p_xgb": 0.9921846985816956, "date": "2026-02-19"}}, {"type": "Feature", "geometry": {"type": "Point", "coordinates": [-82.35833333504002, 35.50833333391]}, "properties": {"p_logistic": 0.4900684058666229, "p_rf": 0.6179999709129333, "p_xgb": 0.9881933331489563, "date": "2026-02-19"}}, {"type": "Feature", "geometry": {"type": "Point", "coordinates": [-82.35000000170702, 35.50833333391]}, "properties": {"p_logistic": 0.48705875873565674, "p_rf": 0.5920000076293945, "p_xgb": 0.9839809536933899, "date": "2026-02-19"}}, {"type": "Feature", "geometry": {"type": "Point", "coordinates": [-82.34166666837402, 35.50833333391]}, "properties": {"p_logistic": 0.4845695495605469, "p_rf": 0.6019999980926514, "p_xgb": 0.9815520644187927, "date": "2026-02-19"}}, {"type": "Feature", "geometry": {"type": "Point", "coordinates": [-82.33333333504102, 35.50833333391]}, "properties": {"p_logistic": 0.48251765966415405, "p_rf": 0.6000000238418579, "p_xgb": 0.9850949048995972, "date": "2026-02-19"}}, {"type": "Feature", "geometry": {"type": "Point", "coordinates": [-82.32500000170802, 35.50833333391]}, "properties": {"p_logistic": 0.481275349855423, "p_rf": 0.5979999899864197, "p_xgb": 0.9855226278305054, "date": "2026-02-19"}}, {"type": "Feature", "geometry": {"type": "Point", "coordinates": [-82.31666666837502, 35.50833333391]}, "properties": {"p_logistic": 0.4805307388305664, "p_rf": 0.5960000157356262, "p_xgb": 0.9855226278305054, "date": "2026-02-19"}}, {"type": "Feature", "geometry": {"type": "Point", "coordinates": [-82.30833333504202, 35.50833333391]}, "properties": {"p_logistic": 0.4804897606372833, "p_rf": 0.6060000061988831, "p_xgb": 0.9850949048995972, "date": "2026-02-19"}}, {"type": "Feature", "geometry": {"type": "Point", "coordinates": [-82.30000000170901, 35.50833333391]}, "properties": {"p_logistic": 0.4802314341068268, "p_rf": 0.6039999723434448, "p_xgb": 0.9886376261711121, "date": "2026-02-19"}}, {"type": "Feature", "geometry": {"type": "Point", "coordinates": [-82.29166666837602, 35.50833333391]}, "properties": {"p_logistic": 0.4799387753009796, "p_rf": 0.6019999980926514, "p_xgb": 0.9886376261711121, "date": "2026-02-19"}}, {"type": "Feature", "geometry": {"type": "Point", "coordinates": [-82.28333333504301, 35.50833333391]}, "properties": {"p_logistic": 0.4793914258480072, "p_rf": 0.6000000238418579, "p_xgb": 0.9886376261711121, "date": "2026-02-19"}}, {"type": "Feature", "geometry": {"type": "Point", "coordinates": [-82.27500000171003, 35.50833333391]}, "properties": {"p_logistic": 0.4796923100948334, "p_rf": 0.6060000061988831, "p_xgb": 0.9886376261711121, "date": "2026-02-19"}}, {"type": "Feature", "geometry": {"type": "Point", "coordinates": [-82.26666666837701, 35.50833333391]}, "properties": {"p_logistic": 0.4799899756908417, "p_rf": 0.6119999885559082, "p_xgb": 0.9855226278305054, "date": "2026-02-19"}}, {"type": "Feature", "geometry": {"type": "Point", "coordinates": [-82.25833333504401, 35.50833333391]}, "properties": {"p_logistic": 0.4798663258552551, "p_rf": 0.593999981880188, "p_xgb": 0.9840323328971863, "date": "2026-02-19"}}, {"type": "Feature", "geometry": {"type": "Point", "coordinates": [-82.25000000171102, 35.50833333391]}, "properties": {"p_logistic": 0.4786643087863922, "p_rf": 0.6859999895095825, "p_xgb": 0.9851377010345459, "date": "2026-02-19"}}, {"type": "Feature", "geometry": {"type": "Point", "coordinates": [-82.24166666837802, 35.50833333391]}, "properties": {"p_logistic": 0.4779698848724365, "p_rf": 0.6779999732971191, "p_xgb": 0.9893010258674622, "date": "2026-02-19"}}, {"type": "Feature", "geometry": {"type": "Point", "coordinates": [-82.23333333504502, 35.50833333391]}, "properties": {"p_logistic": 0.4776307940483093, "p_rf": 0.6639999747276306, "p_xgb": 0.9893010258674622, "date": "2026-02-19"}}, {"type": "Feature", "geometry": {"type": "Point", "coordinates": [-82.78333333502302, 35.500000000577]}, "properties": {"p_logistic": 0.49318066239356995, "p_rf": 0.7039999961853027, "p_xgb": 0.9925132393836975, "date": "2026-02-19"}}, {"type": "Feature", "geometry": {"type": "Point", "coordinates": [-82.77500000169002, 35.500000000577]}, "properties": {"p_logistic": 0.49333223700523376, "p_rf": 0.7440000176429749, "p_xgb": 0.9927071928977966, "date": "2026-02-19"}}, {"type": "Feature", "geometry": {"type": "Point", "coordinates": [-82.76666666835702, 35.500000000577]}, "properties": {"p_logistic": 0.4932399094104767, "p_rf": 0.7820000052452087, "p_xgb": 0.9981421232223511, "date": "2026-02-19"}}, {"type": "Feature", "geometry": {"type": "Point", "coordinates": [-82.75833333502402, 35.500000000577]}, "properties": {"p_logistic": 0.4932970702648163, "p_rf": 0.7739999890327454, "p_xgb": 0.9987743496894836, "date": "2026-02-19"}}, {"type": "Feature", "geometry": {"type": "Point", "coordinates": [-82.75000000169102, 35.500000000577]}, "properties": {"p_logistic": 0.49332180619239807, "p_rf": 0.7699999809265137, "p_xgb": 0.9986549615859985, "date": "2026-02-19"}}, {"type": "Feature", "geometry": {"type": "Point", "coordinates": [-82.74166666835802, 35.500000000577]}, "properties": {"p_logistic": 0.4926506280899048, "p_rf": 0.7179999947547913, "p_xgb": 0.9986187219619751, "date": "2026-02-19"}}, {"type": "Feature", "geometry": {"type": "Point", "coordinates": [-82.73333333502501, 35.500000000577]}, "properties": {"p_logistic": 0.49178165197372437, "p_rf": 0.7039999961853027, "p_xgb": 0.9986187219619751, "date": "2026-02-19"}}, {"type": "Feature", "geometry": {"type": "Point", "coordinates": [-82.72500000169202, 35.500000000577]}, "properties": {"p_logistic": 0.49118658900260925, "p_rf": 0.7039999961853027, "p_xgb": 0.9986187219619751, "date": "2026-02-19"}}, {"type": "Feature", "geometry": {"type": "Point", "coordinates": [-82.71666666835901, 35.500000000577]}, "properties": {"p_logistic": 0.491423636674881, "p_rf": 0.7139999866485596, "p_xgb": 0.9986187219619751, "date": "2026-02-19"}}, {"type": "Feature", "geometry": {"type": "Point", "coordinates": [-82.70833333502603, 35.500000000577]}, "properties": {"p_logistic": 0.49104392528533936, "p_rf": 0.7440000176429749, "p_xgb": 0.9986187219619751, "date": "2026-02-19"}}, {"type": "Feature", "geometry": {"type": "Point", "coordinates": [-82.70000000169301, 35.500000000577]}, "properties": {"p_logistic": 0.49033328890800476, "p_rf": 0.7300000190734863, "p_xgb": 0.9986187219619751, "date": "2026-02-19"}}, {"type": "Feature", "geometry": {"type": "Point", "coordinates": [-82.69166666836001, 35.500000000577]}, "properties": {"p_logistic": 0.48981064558029175, "p_rf": 0.7379999756813049, "p_xgb": 0.998696506023407, "date": "2026-02-19"}}, {"type": "Feature", "geometry": {"type": "Point", "coordinates": [-82.68333333502702, 35.500000000577]}, "properties": {"p_logistic": 0.48933467268943787, "p_rf": 0.7300000190734863, "p_xgb": 0.9986770749092102, "date": "2026-02-19"}}, {"type": "Feature", "geometry": {"type": "Point", "coordinates": [-82.67500000169402, 35.500000000577]}, "properties": {"p_logistic": 0.4887576401233673, "p_rf": 0.7300000190734863, "p_xgb": 0.9986918568611145, "date": "2026-02-19"}}, {"type": "Feature", "geometry": {"type": "Point", "coordinates": [-82.66666666836102, 35.500000000577]}, "properties": {"p_logistic": 0.4881201386451721, "p_rf": 0.7139999866485596, "p_xgb": 0.998672366142273, "date": "2026-02-19"}}, {"type": "Feature", "geometry": {"type": "Point", "coordinates": [-82.65833333502802, 35.500000000577]}, "properties": {"p_logistic": 0.48714447021484375, "p_rf": 0.7319999933242798, "p_xgb": 0.9985790252685547, "date": "2026-02-19"}}, {"type": "Feature", "geometry": {"type": "Point", "coordinates": [-82.65000000169502, 35.500000000577]}, "properties": {"p_logistic": 0.4857071042060852, "p_rf": 0.7760000228881836, "p_xgb": 0.9985841512680054, "date": "2026-02-19"}}, {"type": "Feature", "geometry": {"type": "Point", "coordinates": [-82.64166666836202, 35.500000000577]}, "properties": {"p_logistic": 0.4844517111778259, "p_rf": 0.8119999766349792, "p_xgb": 0.9988823533058167, "date": "2026-02-19"}}, {"type": "Feature", "geometry": {"type": "Point", "coordinates": [-82.63333333502902, 35.500000000577]}, "properties": {"p_logistic": 0.48351722955703735, "p_rf": 0.8320000171661377, "p_xgb": 0.9994743466377258, "date": "2026-02-19"}}, {"type": "Feature", "geometry": {"type": "Point", "coordinates": [-82.62500000169601, 35.500000000577]}, "properties": {"p_logistic": 0.48312366008758545, "p_rf": 0.8399999737739563, "p_xgb": 0.9994743466377258, "date": "2026-02-19"}}, {"type": "Feature", "geometry": {"type": "Point", "coordinates": [-82.61666666836302, 35.500000000577]}, "properties": {"p_logistic": 0.48306718468666077, "p_rf": 0.8399999737739563, "p_xgb": 0.9994743466377258, "date": "2026-02-19"}}, {"type": "Feature", "geometry": {"type": "Point", "coordinates": [-82.60833333503001, 35.500000000577]}, "properties": {"p_logistic": 0.4836185574531555, "p_rf": 0.8399999737739563, "p_xgb": 0.9994743466377258, "date": "2026-02-19"}}, {"type": "Feature", "geometry": {"type": "Point", "coordinates": [-82.60000000169703, 35.500000000577]}, "properties": {"p_logistic": 0.48481446504592896, "p_rf": 0.8399999737739563, "p_xgb": 0.9988823533058167, "date": "2026-02-19"}}, {"type": "Feature", "geometry": {"type": "Point", "coordinates": [-82.59166666836401, 35.500000000577]}, "properties": {"p_logistic": 0.4864540994167328, "p_rf": 0.8360000252723694, "p_xgb": 0.9988823533058167, "date": "2026-02-19"}}, {"type": "Feature", "geometry": {"type": "Point", "coordinates": [-82.58333333503101, 35.500000000577]}, "properties": {"p_logistic": 0.4879264533519745, "p_rf": 0.8339999914169312, "p_xgb": 0.9988988637924194, "date": "2026-02-19"}}, {"type": "Feature", "geometry": {"type": "Point", "coordinates": [-82.57500000169802, 35.500000000577]}, "properties": {"p_logistic": 0.4890907108783722, "p_rf": 0.8339999914169312, "p_xgb": 0.9988331198692322, "date": "2026-02-19"}}, {"type": "Feature", "geometry": {"type": "Point", "coordinates": [-82.56666666836502, 35.500000000577]}, "properties": {"p_logistic": 0.4895630180835724, "p_rf": 0.8299999833106995, "p_xgb": 0.9988681077957153, "date": "2026-02-19"}}, {"type": "Feature", "geometry": {"type": "Point", "coordinates": [-82.55833333503202, 35.500000000577]}, "properties": {"p_logistic": 0.4898920953273773, "p_rf": 0.8259999752044678, "p_xgb": 0.9985241293907166, "date": "2026-02-19"}}, {"type": "Feature", "geometry": {"type": "Point", "coordinates": [-82.55000000169902, 35.500000000577]}, "properties": {"p_logistic": 0.4895070493221283, "p_rf": 0.8119999766349792, "p_xgb": 0.9981775283813477, "date": "2026-02-19"}}, {"type": "Feature", "geometry": {"type": "Point", "coordinates": [-82.54166666836602, 35.500000000577]}, "properties": {"p_logistic": 0.49007561802864075, "p_rf": 0.7960000038146973, "p_xgb": 0.9981775283813477, "date": "2026-02-19"}}, {"type": "Feature", "geometry": {"type": "Point", "coordinates": [-82.53333333503302, 35.500000000577]}, "properties": {"p_logistic": 0.4913882613182068, "p_rf": 0.7919999957084656, "p_xgb": 0.9981775283813477, "date": "2026-02-19"}}, {"type": "Feature", "geometry": {"type": "Point", "coordinates": [-82.52500000170002, 35.500000000577]}, "properties": {"p_logistic": 0.4934614598751068, "p_rf": 0.7559999823570251, "p_xgb": 0.9980858564376831, "date": "2026-02-19"}}, {"type": "Feature", "geometry": {"type": "Point", "coordinates": [-82.51666666836701, 35.500000000577]}, "properties": {"p_logistic": 0.4954417049884796, "p_rf": 0.7360000014305115, "p_xgb": 0.9969256520271301, "date": "2026-02-19"}}, {"type": "Feature", "geometry": {"type": "Point", "coordinates": [-82.50833333503402, 35.500000000577]}, "properties": {"p_logistic": 0.49534672498703003, "p_rf": 0.6980000138282776, "p_xgb": 0.9967973828315735, "date": "2026-02-19"}}, {"type": "Feature", "geometry": {"type": "Point", "coordinates": [-82.50000000170101, 35.500000000577]}, "properties": {"p_logistic": 0.4952443242073059, "p_rf": 0.6940000057220459, "p_xgb": 0.996911883354187, "date": "2026-02-19"}}, {"type": "Feature", "geometry": {"type": "Point", "coordinates": [-82.49166666836803, 35.500000000577]}, "properties": {"p_logistic": 0.49466562271118164, "p_rf": 0.6980000138282776, "p_xgb": 0.996911883354187, "date": "2026-02-19"}}, {"type": "Feature", "geometry": {"type": "Point", "coordinates": [-82.48333333503501, 35.500000000577]}, "properties": {"p_logistic": 0.49411970376968384, "p_rf": 0.7260000109672546, "p_xgb": 0.9970597624778748, "date": "2026-02-19"}}, {"type": "Feature", "geometry": {"type": "Point", "coordinates": [-82.47500000170201, 35.500000000577]}, "properties": {"p_logistic": 0.4930594861507416, "p_rf": 0.7440000176429749, "p_xgb": 0.9970597624778748, "date": "2026-02-19"}}, {"type": "Feature", "geometry": {"type": "Point", "coordinates": [-82.46666666836902, 35.500000000577]}, "properties": {"p_logistic": 0.4931515157222748, "p_rf": 0.7900000214576721, "p_xgb": 0.9971776008605957, "date": "2026-02-19"}}, {"type": "Feature", "geometry": {"type": "Point", "coordinates": [-82.45833333503602, 35.500000000577]}, "properties": {"p_logistic": 0.49363797903060913, "p_rf": 0.7919999957084656, "p_xgb": 0.9971776008605957, "date": "2026-02-19"}}, {"type": "Feature", "geometry": {"type": "Point", "coordinates": [-82.45000000170302, 35.500000000577]}, "properties": {"p_logistic": 0.4942321479320526, "p_rf": 0.7979999780654907, "p_xgb": 0.9982290863990784, "date": "2026-02-19"}}, {"type": "Feature", "geometry": {"type": "Point", "coordinates": [-82.44166666837002, 35.500000000577]}, "properties": {"p_logistic": 0.4953777492046356, "p_rf": 0.7879999876022339, "p_xgb": 0.9982290863990784, "date": "2026-02-19"}}, {"type": "Feature", "geometry": {"type": "Point", "coordinates": [-82.43333333503702, 35.500000000577]}, "properties": {"p_logistic": 0.49572741985321045, "p_rf": 0.7820000052452087, "p_xgb": 0.9982290863990784, "date": "2026-02-19"}}, {"type": "Feature", "geometry": {"type": "Point", "coordinates": [-82.42500000170402, 35.500000000577]}, "properties": {"p_logistic": 0.49587008357048035, "p_rf": 0.7680000066757202, "p_xgb": 0.9970357418060303, "date": "2026-02-19"}}, {"type": "Feature", "geometry": {"type": "Point", "coordinates": [-82.41666666837102, 35.500000000577]}, "properties": {"p_logistic": 0.4960571825504303, "p_rf": 0.7680000066757202, "p_xgb": 0.9970357418060303, "date": "2026-02-19"}}, {"type": "Feature", "geometry": {"type": "Point", "coordinates": [-82.40833333503801, 35.500000000577]}, "properties": {"p_logistic": 0.49613630771636963, "p_rf": 0.7599999904632568, "p_xgb": 0.9970357418060303, "date": "2026-02-19"}}, {"type": "Feature", "geometry": {"type": "Point", "coordinates": [-82.40000000170502, 35.500000000577]}, "properties": {"p_logistic": 0.4960036873817444, "p_rf": 0.7580000162124634, "p_xgb": 0.9970357418060303, "date": "2026-02-19"}}, {"type": "Feature", "geometry": {"type": "Point", "coordinates": [-82.39166666837201, 35.500000000577]}, "properties": {"p_logistic": 0.4959263503551483, "p_rf": 0.7179999947547913, "p_xgb": 0.9968294501304626, "date": "2026-02-19"}}, {"type": "Feature", "geometry": {"type": "Point", "coordinates": [-82.38333333503903, 35.500000000577]}, "properties": {"p_logistic": 0.4958558678627014, "p_rf": 0.7139999866485596, "p_xgb": 0.9968294501304626, "date": "2026-02-19"}}, {"type": "Feature", "geometry": {"type": "Point", "coordinates": [-82.37500000170601, 35.500000000577]}, "properties": {"p_logistic": 0.4956202507019043, "p_rf": 0.6499999761581421, "p_xgb": 0.9936769604682922, "date": "2026-02-19"}}, {"type": "Feature", "geometry": {"type": "Point", "coordinates": [-82.36666666837301, 35.500000000577]}, "properties": {"p_logistic": 0.4941394329071045, "p_rf": 0.6320000290870667, "p_xgb": 0.9909789562225342, "date": "2026-02-19"}}, {"type": "Feature", "geometry": {"type": "Point", "coordinates": [-82.35833333504002, 35.500000000577]}, "properties": {"p_logistic": 0.4917932450771332, "p_rf": 0.5960000157356262, "p_xgb": 0.982413649559021, "date": "2026-02-19"}}, {"type": "Feature", "geometry": {"type": "Point", "coordinates": [-82.35000000170702, 35.500000000577]}, "properties": {"p_logistic": 0.48822519183158875, "p_rf": 0.6039999723434448, "p_xgb": 0.9815520644187927, "date": "2026-02-19"}}, {"type": "Feature", "geometry": {"type": "Point", "coordinates": [-82.34166666837402, 35.500000000577]}, "properties": {"p_logistic": 0.4853573143482208, "p_rf": 0.5920000076293945, "p_xgb": 0.9850949048995972, "date": "2026-02-19"}}, {"type": "Feature", "geometry": {"type": "Point", "coordinates": [-82.32500000170802, 35.500000000577]}, "properties": {"p_logistic": 0.48210281133651733, "p_rf": 0.6340000033378601, "p_xgb": 0.9844678044319153, "date": "2026-02-19"}}, {"type": "Feature", "geometry": {"type": "Point", "coordinates": [-82.31666666837502, 35.500000000577]}, "properties": {"p_logistic": 0.48142755031585693, "p_rf": 0.593999981880188, "p_xgb": 0.9840323328971863, "date": "2026-02-19"}}, {"type": "Feature", "geometry": {"type": "Point", "coordinates": [-82.30833333504202, 35.500000000577]}, "properties": {"p_logistic": 0.4807322919368744, "p_rf": 0.5960000157356262, "p_xgb": 0.9855226278305054, "date": "2026-02-19"}}, {"type": "Feature", "geometry": {"type": "Point", "coordinates": [-82.30000000170901, 35.500000000577]}, "properties": {"p_logistic": 0.480446457862854, "p_rf": 0.6060000061988831, "p_xgb": 0.9855226278305054, "date": "2026-02-19"}}, {"type": "Feature", "geometry": {"type": "Point", "coordinates": [-82.29166666837602, 35.500000000577]}, "properties": {"p_logistic": 0.4800703823566437, "p_rf": 0.6019999980926514, "p_xgb": 0.9886376261711121, "date": "2026-02-19"}}, {"type": "Feature", "geometry": {"type": "Point", "coordinates": [-82.28333333504301, 35.500000000577]}, "properties": {"p_logistic": 0.47980794310569763, "p_rf": 0.6019999980926514, "p_xgb": 0.9886376261711121, "date": "2026-02-19"}}, {"type": "Feature", "geometry": {"type": "Point", "coordinates": [-82.27500000171003, 35.500000000577]}, "properties": {"p_logistic": 0.47992199659347534, "p_rf": 0.6039999723434448, "p_xgb": 0.9886376261711121, "date": "2026-02-19"}}, {"type": "Feature", "geometry": {"type": "Point", "coordinates": [-82.26666666837701, 35.500000000577]}, "properties": {"p_logistic": 0.48029279708862305, "p_rf": 0.593999981880188, "p_xgb": 0.9855226278305054, "date": "2026-02-19"}}, {"type": "Feature", "geometry": {"type": "Point", "coordinates": [-82.25833333504401, 35.500000000577]}, "properties": {"p_logistic": 0.4794161021709442, "p_rf": 0.6019999980926514, "p_xgb": 0.9844678044319153, "date": "2026-02-19"}}, {"type": "Feature", "geometry": {"type": "Point", "coordinates": [-82.25000000171102, 35.500000000577]}, "properties": {"p_logistic": 0.4784087836742401, "p_rf": 0.6840000152587891, "p_xgb": 0.9844136238098145, "date": "2026-02-19"}}, {"type": "Feature", "geometry": {"type": "Point", "coordinates": [-82.24166666837802, 35.500000000577]}, "properties": {"p_logistic": 0.47769275307655334, "p_rf": 0.6740000247955322, "p_xgb": 0.9898784160614014, "date": "2026-02-19"}}, {"type": "Feature", "geometry": {"type": "Point", "coordinates": [-82.23333333504502, 35.500000000577]}, "properties": {"p_logistic": 0.4775419235229492, "p_rf": 0.6620000004768372, "p_xgb": 0.9898784160614014, "date": "2026-02-19"}}, {"type": "Feature", "geometry": {"type": "Point", "coordinates": [-82.22500000171202, 35.500000000577]}, "properties": {"p_logistic": 0.4778144061565399, "p_rf": 0.6759999990463257, "p_xgb": 0.984133243560791, "date": "2026-02-19"}}, {"type": "Feature", "geometry": {"type": "Point", "coordinates": [-82.78333333502302, 35.491666667244004]}, "properties": {"p_logistic": 0.4942438304424286, "p_rf": 0.656000018119812, "p_xgb": 0.9910733103752136, "date": "2026-02-19"}}, {"type": "Feature", "geometry": {"type": "Point", "coordinates": [-82.77500000169002, 35.491666667244004]}, "properties": {"p_logistic": 0.4944060444831848, "p_rf": 0.7279999852180481, "p_xgb": 0.9934588074684143, "date": "2026-02-19"}}, {"type": "Feature", "geometry": {"type": "Point", "coordinates": [-82.76666666835702, 35.491666667244004]}, "properties": {"p_logistic": 0.49446582794189453, "p_rf": 0.7639999985694885, "p_xgb": 0.9959169030189514, "date": "2026-02-19"}}, {"type": "Feature", "geometry": {"type": "Point", "coordinates": [-82.75833333502402, 35.491666667244004]}, "properties": {"p_logistic": 0.49418944120407104, "p_rf": 0.7720000147819519, "p_xgb": 0.9987275004386902, "date": "2026-02-19"}}, {"type": "Feature", "geometry": {"type": "Point", "coordinates": [-82.75000000169102, 35.491666667244004]}, "properties": {"p_logistic": 0.4940166473388672, "p_rf": 0.7559999823570251, "p_xgb": 0.9987743496894836, "date": "2026-02-19"}}, {"type": "Feature", "geometry": {"type": "Point", "coordinates": [-82.74166666835802, 35.491666667244004]}, "properties": {"p_logistic": 0.49370601773262024, "p_rf": 0.7459999918937683, "p_xgb": 0.9986187219619751, "date": "2026-02-19"}}, {"type": "Feature", "geometry": {"type": "Point", "coordinates": [-82.73333333502501, 35.491666667244004]}, "properties": {"p_logistic": 0.4930684268474579, "p_rf": 0.7559999823570251, "p_xgb": 0.9986187219619751, "date": "2026-02-19"}}, {"type": "Feature", "geometry": {"type": "Point", "coordinates": [-82.72500000169202, 35.491666667244004]}, "properties": {"p_logistic": 0.4927923381328583, "p_rf": 0.7739999890327454, "p_xgb": 0.9988331198692322, "date": "2026-02-19"}}, {"type": "Feature", "geometry": {"type": "Point", "coordinates": [-82.71666666835901, 35.491666667244004]}, "properties": {"p_logistic": 0.4929012060165405, "p_rf": 0.7720000147819519, "p_xgb": 0.9988331198692322, "date": "2026-02-19"}}, {"type": "Feature", "geometry": {"type": "Point", "coordinates": [-82.70833333502603, 35.491666667244004]}, "properties": {"p_logistic": 0.49149784445762634, "p_rf": 0.8019999861717224, "p_xgb": 0.9988331198692322, "date": "2026-02-19"}}, {"type": "Feature", "geometry": {"type": "Point", "coordinates": [-82.70000000169301, 35.491666667244004]}, "properties": {"p_logistic": 0.49134036898612976, "p_rf": 0.7900000214576721, "p_xgb": 0.9988331198692322, "date": "2026-02-19"}}, {"type": "Feature", "geometry": {"type": "Point", "coordinates": [-82.69166666836001, 35.491666667244004]}, "properties": {"p_logistic": 0.490935355424881, "p_rf": 0.8019999861717224, "p_xgb": 0.9988331198692322, "date": "2026-02-19"}}, {"type": "Feature", "geometry": {"type": "Point", "coordinates": [-82.68333333502702, 35.491666667244004]}, "properties": {"p_logistic": 0.49043038487434387, "p_rf": 0.8040000200271606, "p_xgb": 0.9988331198692322, "date": "2026-02-19"}}, {"type": "Feature", "geometry": {"type": "Point", "coordinates": [-82.67500000169402, 35.491666667244004]}, "properties": {"p_logistic": 0.48950663208961487, "p_rf": 0.8080000281333923, "p_xgb": 0.9988331198692322, "date": "2026-02-19"}}, {"type": "Feature", "geometry": {"type": "Point", "coordinates": [-82.66666666836102, 35.491666667244004]}, "properties": {"p_logistic": 0.4887305498123169, "p_rf": 0.8100000023841858, "p_xgb": 0.9988331198692322, "date": "2026-02-19"}}, {"type": "Feature", "geometry": {"type": "Point", "coordinates": [-82.65833333502802, 35.491666667244004]}, "properties": {"p_logistic": 0.4879448115825653, "p_rf": 0.8100000023841858, "p_xgb": 0.9988331198692322, "date": "2026-02-19"}}, {"type": "Feature", "geometry": {"type": "Point", "coordinates": [-82.65000000169502, 35.491666667244004]}, "properties": {"p_logistic": 0.4864799380302429, "p_rf": 0.8259999752044678, "p_xgb": 0.9988331198692322, "date": "2026-02-19"}}, {"type": "Feature", "geometry": {"type": "Point", "coordinates": [-82.64166666836202, 35.491666667244004]}, "properties": {"p_logistic": 0.4845920205116272, "p_rf": 0.8379999995231628, "p_xgb": 0.9988823533058167, "date": "2026-02-19"}}, {"type": "Feature", "geometry": {"type": "Point", "coordinates": [-82.63333333502902, 35.491666667244004]}, "properties": {"p_logistic": 0.48364585638046265, "p_rf": 0.8379999995231628, "p_xgb": 0.9988823533058167, "date": "2026-02-19"}}, {"type": "Feature", "geometry": {"type": "Point", "coordinates": [-82.62500000169601, 35.491666667244004]}, "properties": {"p_logistic": 0.4830509424209595, "p_rf": 0.8360000252723694, "p_xgb": 0.9988396763801575, "date": "2026-02-19"}}, {"type": "Feature", "geometry": {"type": "Point", "coordinates": [-82.61666666836302, 35.491666667244004]}, "properties": {"p_logistic": 0.4826695919036865, "p_rf": 0.8320000171661377, "p_xgb": 0.9986494183540344, "date": "2026-02-19"}}, {"type": "Feature", "geometry": {"type": "Point", "coordinates": [-82.60833333503001, 35.491666667244004]}, "properties": {"p_logistic": 0.4829508364200592, "p_rf": 0.8360000252723694, "p_xgb": 0.9988396763801575, "date": "2026-02-19"}}, {"type": "Feature", "geometry": {"type": "Point", "coordinates": [-82.60000000169703, 35.491666667244004]}, "properties": {"p_logistic": 0.48432260751724243, "p_rf": 0.8360000252723694, "p_xgb": 0.9988823533058167, "date": "2026-02-19"}}, {"type": "Feature", "geometry": {"type": "Point", "coordinates": [-82.59166666836401, 35.491666667244004]}, "properties": {"p_logistic": 0.48638248443603516, "p_rf": 0.828000009059906, "p_xgb": 0.9988331198692322, "date": "2026-02-19"}}, {"type": "Feature", "geometry": {"type": "Point", "coordinates": [-82.58333333503101, 35.491666667244004]}, "properties": {"p_logistic": 0.48837971687316895, "p_rf": 0.8220000267028809, "p_xgb": 0.9988331198692322, "date": "2026-02-19"}}, {"type": "Feature", "geometry": {"type": "Point", "coordinates": [-82.57500000169802, 35.491666667244004]}, "properties": {"p_logistic": 0.4893512427806854, "p_rf": 0.8240000009536743, "p_xgb": 0.9987885355949402, "date": "2026-02-19"}}, {"type": "Feature", "geometry": {"type": "Point", "coordinates": [-82.56666666836502, 35.491666667244004]}, "properties": {"p_logistic": 0.489818811416626, "p_rf": 0.8180000185966492, "p_xgb": 0.9984203577041626, "date": "2026-02-19"}}, {"type": "Feature", "geometry": {"type": "Point", "coordinates": [-82.55833333503202, 35.491666667244004]}, "properties": {"p_logistic": 0.48986706137657166, "p_rf": 0.8040000200271606, "p_xgb": 0.9981775283813477, "date": "2026-02-19"}}, {"type": "Feature", "geometry": {"type": "Point", "coordinates": [-82.55000000169902, 35.491666667244004]}, "properties": {"p_logistic": 0.48929452896118164, "p_rf": 0.7919999957084656, "p_xgb": 0.9981775283813477, "date": "2026-02-19"}}, {"type": "Feature", "geometry": {"type": "Point", "coordinates": [-82.54166666836602, 35.491666667244004]}, "properties": {"p_logistic": 0.48919543623924255, "p_rf": 0.7580000162124634, "p_xgb": 0.9981014132499695, "date": "2026-02-19"}}, {"type": "Feature", "geometry": {"type": "Point", "coordinates": [-82.53333333503302, 35.491666667244004]}, "properties": {"p_logistic": 0.490457147359848, "p_rf": 0.7519999742507935, "p_xgb": 0.9981014132499695, "date": "2026-02-19"}}, {"type": "Feature", "geometry": {"type": "Point", "coordinates": [-82.52500000170002, 35.491666667244004]}, "properties": {"p_logistic": 0.4920482933521271, "p_rf": 0.734000027179718, "p_xgb": 0.9981014132499695, "date": "2026-02-19"}}, {"type": "Feature", "geometry": {"type": "Point", "coordinates": [-82.51666666836701, 35.491666667244004]}, "properties": {"p_logistic": 0.49361005425453186, "p_rf": 0.7239999771118164, "p_xgb": 0.9979259967803955, "date": "2026-02-19"}}, {"type": "Feature", "geometry": {"type": "Point", "coordinates": [-82.50833333503402, 35.491666667244004]}, "properties": {"p_logistic": 0.49491703510284424, "p_rf": 0.699999988079071, "p_xgb": 0.9967973828315735, "date": "2026-02-19"}}, {"type": "Feature", "geometry": {"type": "Point", "coordinates": [-82.50000000170101, 35.491666667244004]}, "properties": {"p_logistic": 0.4945535659790039, "p_rf": 0.6579999923706055, "p_xgb": 0.995324969291687, "date": "2026-02-19"}}, {"type": "Feature", "geometry": {"type": "Point", "coordinates": [-82.49166666836803, 35.491666667244004]}, "properties": {"p_logistic": 0.4940434694290161, "p_rf": 0.6460000276565552, "p_xgb": 0.9952002763748169, "date": "2026-02-19"}}, {"type": "Feature", "geometry": {"type": "Point", "coordinates": [-82.48333333503501, 35.491666667244004]}, "properties": {"p_logistic": 0.4935496151447296, "p_rf": 0.6439999938011169, "p_xgb": 0.9952002763748169, "date": "2026-02-19"}}, {"type": "Feature", "geometry": {"type": "Point", "coordinates": [-82.47500000170201, 35.491666667244004]}, "properties": {"p_logistic": 0.49342724680900574, "p_rf": 0.6740000247955322, "p_xgb": 0.995324969291687, "date": "2026-02-19"}}, {"type": "Feature", "geometry": {"type": "Point", "coordinates": [-82.46666666836902, 35.491666667244004]}, "properties": {"p_logistic": 0.493579626083374, "p_rf": 0.7319999933242798, "p_xgb": 0.9970597624778748, "date": "2026-02-19"}}, {"type": "Feature", "geometry": {"type": "Point", "coordinates": [-82.45833333503602, 35.491666667244004]}, "properties": {"p_logistic": 0.49398142099380493, "p_rf": 0.7379999756813049, "p_xgb": 0.9970597624778748, "date": "2026-02-19"}}, {"type": "Feature", "geometry": {"type": "Point", "coordinates": [-82.45000000170302, 35.491666667244004]}, "properties": {"p_logistic": 0.4944421648979187, "p_rf": 0.7720000147819519, "p_xgb": 0.9971776008605957, "date": "2026-02-19"}}, {"type": "Feature", "geometry": {"type": "Point", "coordinates": [-82.44166666837002, 35.491666667244004]}, "properties": {"p_logistic": 0.4947876036167145, "p_rf": 0.7680000066757202, "p_xgb": 0.9970357418060303, "date": "2026-02-19"}}, {"type": "Feature", "geometry": {"type": "Point", "coordinates": [-82.43333333503702, 35.491666667244004]}, "properties": {"p_logistic": 0.495182067155838, "p_rf": 0.7540000081062317, "p_xgb": 0.9970357418060303, "date": "2026-02-19"}}, {"type": "Feature", "geometry": {"type": "Point", "coordinates": [-82.42500000170402, 35.491666667244004]}, "properties": {"p_logistic": 0.4954974055290222, "p_rf": 0.7599999904632568, "p_xgb": 0.9970357418060303, "date": "2026-02-19"}}, {"type": "Feature", "geometry": {"type": "Point", "coordinates": [-82.41666666837102, 35.491666667244004]}, "properties": {"p_logistic": 0.49579423666000366, "p_rf": 0.7580000162124634, "p_xgb": 0.9970357418060303, "date": "2026-02-19"}}, {"type": "Feature", "geometry": {"type": "Point", "coordinates": [-82.40833333503801, 35.491666667244004]}, "properties": {"p_logistic": 0.49601730704307556, "p_rf": 0.7559999823570251, "p_xgb": 0.9969565868377686, "date": "2026-02-19"}}, {"type": "Feature", "geometry": {"type": "Point", "coordinates": [-82.40000000170502, 35.491666667244004]}, "properties": {"p_logistic": 0.49545422196388245, "p_rf": 0.7239999771118164, "p_xgb": 0.9968294501304626, "date": "2026-02-19"}}, {"type": "Feature", "geometry": {"type": "Point", "coordinates": [-82.39166666837201, 35.491666667244004]}, "properties": {"p_logistic": 0.49519309401512146, "p_rf": 0.7139999866485596, "p_xgb": 0.9962038397789001, "date": "2026-02-19"}}, {"type": "Feature", "geometry": {"type": "Point", "coordinates": [-82.38333333503903, 35.491666667244004]}, "properties": {"p_logistic": 0.4953655004501343, "p_rf": 0.6600000262260437, "p_xgb": 0.9936769604682922, "date": "2026-02-19"}}, {"type": "Feature", "geometry": {"type": "Point", "coordinates": [-82.37500000170601, 35.491666667244004]}, "properties": {"p_logistic": 0.4951505661010742, "p_rf": 0.6299999952316284, "p_xgb": 0.9915112853050232, "date": "2026-02-19"}}, {"type": "Feature", "geometry": {"type": "Point", "coordinates": [-82.36666666837301, 35.491666667244004]}, "properties": {"p_logistic": 0.49430373311042786, "p_rf": 0.6000000238418579, "p_xgb": 0.982413649559021, "date": "2026-02-19"}}, {"type": "Feature", "geometry": {"type": "Point", "coordinates": [-82.35833333504002, 35.491666667244004]}, "properties": {"p_logistic": 0.4921259582042694, "p_rf": 0.5860000252723694, "p_xgb": 0.9839809536933899, "date": "2026-02-19"}}, {"type": "Feature", "geometry": {"type": "Point", "coordinates": [-82.35000000170702, 35.491666667244004]}, "properties": {"p_logistic": 0.48890161514282227, "p_rf": 0.593999981880188, "p_xgb": 0.9834339618682861, "date": "2026-02-19"}}, {"type": "Feature", "geometry": {"type": "Point", "coordinates": [-82.34166666837402, 35.491666667244004]}, "properties": {"p_logistic": 0.4867500066757202, "p_rf": 0.5799999833106995, "p_xgb": 0.9860565662384033, "date": "2026-02-19"}}, {"type": "Feature", "geometry": {"type": "Point", "coordinates": [-82.30833333504202, 35.491666667244004]}, "properties": {"p_logistic": 0.4814523160457611, "p_rf": 0.593999981880188, "p_xgb": 0.9855226278305054, "date": "2026-02-19"}}, {"type": "Feature", "geometry": {"type": "Point", "coordinates": [-82.30000000170901, 35.491666667244004]}, "properties": {"p_logistic": 0.48069342970848083, "p_rf": 0.6179999709129333, "p_xgb": 0.9855226278305054, "date": "2026-02-19"}}, {"type": "Feature", "geometry": {"type": "Point", "coordinates": [-82.29166666837602, 35.491666667244004]}, "properties": {"p_logistic": 0.4802629351615906, "p_rf": 0.6060000061988831, "p_xgb": 0.9850949048995972, "date": "2026-02-19"}}, {"type": "Feature", "geometry": {"type": "Point", "coordinates": [-82.28333333504301, 35.491666667244004]}, "properties": {"p_logistic": 0.4798259735107422, "p_rf": 0.6019999980926514, "p_xgb": 0.9850949048995972, "date": "2026-02-19"}}, {"type": "Feature", "geometry": {"type": "Point", "coordinates": [-82.27500000171003, 35.491666667244004]}, "properties": {"p_logistic": 0.4796568751335144, "p_rf": 0.6000000238418579, "p_xgb": 0.9855226278305054, "date": "2026-02-19"}}, {"type": "Feature", "geometry": {"type": "Point", "coordinates": [-82.26666666837701, 35.491666667244004]}, "properties": {"p_logistic": 0.47915273904800415, "p_rf": 0.5899999737739563, "p_xgb": 0.9840323328971863, "date": "2026-02-19"}}, {"type": "Feature", "geometry": {"type": "Point", "coordinates": [-82.25833333504401, 35.491666667244004]}, "properties": {"p_logistic": 0.4782993495464325, "p_rf": 0.6819999814033508, "p_xgb": 0.9866892695426941, "date": "2026-02-19"}}, {"type": "Feature", "geometry": {"type": "Point", "coordinates": [-82.25000000171102, 35.491666667244004]}, "properties": {"p_logistic": 0.47765183448791504, "p_rf": 0.6700000166893005, "p_xgb": 0.9854198098182678, "date": "2026-02-19"}}, {"type": "Feature", "geometry": {"type": "Point", "coordinates": [-82.24166666837802, 35.491666667244004]}, "properties": {"p_logistic": 0.4778800904750824, "p_rf": 0.6620000004768372, "p_xgb": 0.9912876486778259, "date": "2026-02-19"}}, {"type": "Feature", "geometry": {"type": "Point", "coordinates": [-82.23333333504502, 35.491666667244004]}, "properties": {"p_logistic": 0.4782322645187378, "p_rf": 0.6660000085830688, "p_xgb": 0.9857556223869324, "date": "2026-02-19"}}, {"type": "Feature", "geometry": {"type": "Point", "coordinates": [-82.79166666835602, 35.483333333911006]}, "properties": {"p_logistic": 0.4947359263896942, "p_rf": 0.5299999713897705, "p_xgb": 0.9820428490638733, "date": "2026-02-19"}}, {"type": "Feature", "geometry": {"type": "Point", "coordinates": [-82.78333333502302, 35.483333333911006]}, "properties": {"p_logistic": 0.4952874183654785, "p_rf": 0.593999981880188, "p_xgb": 0.9846729636192322, "date": "2026-02-19"}}, {"type": "Feature", "geometry": {"type": "Point", "coordinates": [-82.77500000169002, 35.483333333911006]}, "properties": {"p_logistic": 0.4956408143043518, "p_rf": 0.7139999866485596, "p_xgb": 0.9932847023010254, "date": "2026-02-19"}}, {"type": "Feature", "geometry": {"type": "Point", "coordinates": [-82.76666666835702, 35.483333333911006]}, "properties": {"p_logistic": 0.495918333530426, "p_rf": 0.7559999823570251, "p_xgb": 0.9959169030189514, "date": "2026-02-19"}}, {"type": "Feature", "geometry": {"type": "Point", "coordinates": [-82.75833333502402, 35.483333333911006]}, "properties": {"p_logistic": 0.4954296052455902, "p_rf": 0.7620000243186951, "p_xgb": 0.9970225691795349, "date": "2026-02-19"}}, {"type": "Feature", "geometry": {"type": "Point", "coordinates": [-82.75000000169102, 35.483333333911006]}, "properties": {"p_logistic": 0.49542805552482605, "p_rf": 0.765999972820282, "p_xgb": 0.9980351328849792, "date": "2026-02-19"}}, {"type": "Feature", "geometry": {"type": "Point", "coordinates": [-82.74166666835802, 35.483333333911006]}, "properties": {"p_logistic": 0.4948556423187256, "p_rf": 0.777999997138977, "p_xgb": 0.9987743496894836, "date": "2026-02-19"}}, {"type": "Feature", "geometry": {"type": "Point", "coordinates": [-82.73333333502501, 35.483333333911006]}, "properties": {"p_logistic": 0.4941486418247223, "p_rf": 0.7799999713897705, "p_xgb": 0.9987743496894836, "date": "2026-02-19"}}, {"type": "Feature", "geometry": {"type": "Point", "coordinates": [-82.72500000169202, 35.483333333911006]}, "properties": {"p_logistic": 0.49427294731140137, "p_rf": 0.7900000214576721, "p_xgb": 0.9987743496894836, "date": "2026-02-19"}}, {"type": "Feature", "geometry": {"type": "Point", "coordinates": [-82.71666666835901, 35.483333333911006]}, "properties": {"p_logistic": 0.4939350485801697, "p_rf": 0.7839999794960022, "p_xgb": 0.9987275004386902, "date": "2026-02-19"}}, {"type": "Feature", "geometry": {"type": "Point", "coordinates": [-82.70833333502603, 35.483333333911006]}, "properties": {"p_logistic": 0.4928770065307617, "p_rf": 0.7979999780654907, "p_xgb": 0.9987275004386902, "date": "2026-02-19"}}, {"type": "Feature", "geometry": {"type": "Point", "coordinates": [-82.70000000169301, 35.483333333911006]}, "properties": {"p_logistic": 0.4924182593822479, "p_rf": 0.7940000295639038, "p_xgb": 0.9987743496894836, "date": "2026-02-19"}}, {"type": "Feature", "geometry": {"type": "Point", "coordinates": [-82.69166666836001, 35.483333333911006]}, "properties": {"p_logistic": 0.49188369512557983, "p_rf": 0.7960000038146973, "p_xgb": 0.9987275004386902, "date": "2026-02-19"}}, {"type": "Feature", "geometry": {"type": "Point", "coordinates": [-82.68333333502702, 35.483333333911006]}, "properties": {"p_logistic": 0.49137255549430847, "p_rf": 0.7940000295639038, "p_xgb": 0.9987275004386902, "date": "2026-02-19"}}, {"type": "Feature", "geometry": {"type": "Point", "coordinates": [-82.67500000169402, 35.483333333911006]}, "properties": {"p_logistic": 0.49043580889701843, "p_rf": 0.8080000281333923, "p_xgb": 0.9987275004386902, "date": "2026-02-19"}}, {"type": "Feature", "geometry": {"type": "Point", "coordinates": [-82.66666666836102, 35.483333333911006]}, "properties": {"p_logistic": 0.4896993339061737, "p_rf": 0.8119999766349792, "p_xgb": 0.9987885355949402, "date": "2026-02-19"}}, {"type": "Feature", "geometry": {"type": "Point", "coordinates": [-82.65833333502802, 35.483333333911006]}, "properties": {"p_logistic": 0.4887118637561798, "p_rf": 0.8240000009536743, "p_xgb": 0.9987885355949402, "date": "2026-02-19"}}, {"type": "Feature", "geometry": {"type": "Point", "coordinates": [-82.65000000169502, 35.483333333911006]}, "properties": {"p_logistic": 0.4875743091106415, "p_rf": 0.828000009059906, "p_xgb": 0.9987885355949402, "date": "2026-02-19"}}, {"type": "Feature", "geometry": {"type": "Point", "coordinates": [-82.64166666836202, 35.483333333911006]}, "properties": {"p_logistic": 0.4859949052333832, "p_rf": 0.8259999752044678, "p_xgb": 0.9987885355949402, "date": "2026-02-19"}}, {"type": "Feature", "geometry": {"type": "Point", "coordinates": [-82.63333333502902, 35.483333333911006]}, "properties": {"p_logistic": 0.4848170280456543, "p_rf": 0.8259999752044678, "p_xgb": 0.9984802603721619, "date": "2026-02-19"}}, {"type": "Feature", "geometry": {"type": "Point", "coordinates": [-82.62500000169601, 35.483333333911006]}, "properties": {"p_logistic": 0.48360779881477356, "p_rf": 0.8240000009536743, "p_xgb": 0.9979683756828308, "date": "2026-02-19"}}, {"type": "Feature", "geometry": {"type": "Point", "coordinates": [-82.61666666836302, 35.483333333911006]}, "properties": {"p_logistic": 0.4830561876296997, "p_rf": 0.8140000104904175, "p_xgb": 0.9979683756828308, "date": "2026-02-19"}}, {"type": "Feature", "geometry": {"type": "Point", "coordinates": [-82.60833333503001, 35.483333333911006]}, "properties": {"p_logistic": 0.48317140340805054, "p_rf": 0.8220000267028809, "p_xgb": 0.997878909111023, "date": "2026-02-19"}}, {"type": "Feature", "geometry": {"type": "Point", "coordinates": [-82.60000000169703, 35.483333333911006]}, "properties": {"p_logistic": 0.48445436358451843, "p_rf": 0.8220000267028809, "p_xgb": 0.998589813709259, "date": "2026-02-19"}}, {"type": "Feature", "geometry": {"type": "Point", "coordinates": [-82.59166666836401, 35.483333333911006]}, "properties": {"p_logistic": 0.48672235012054443, "p_rf": 0.8119999766349792, "p_xgb": 0.9986417889595032, "date": "2026-02-19"}}, {"type": "Feature", "geometry": {"type": "Point", "coordinates": [-82.58333333503101, 35.483333333911006]}, "properties": {"p_logistic": 0.4884819984436035, "p_rf": 0.7839999794960022, "p_xgb": 0.9985172152519226, "date": "2026-02-19"}}, {"type": "Feature", "geometry": {"type": "Point", "coordinates": [-82.57500000169802, 35.483333333911006]}, "properties": {"p_logistic": 0.48950815200805664, "p_rf": 0.7839999794960022, "p_xgb": 0.9982238411903381, "date": "2026-02-19"}}, {"type": "Feature", "geometry": {"type": "Point", "coordinates": [-82.56666666836502, 35.483333333911006]}, "properties": {"p_logistic": 0.4899490773677826, "p_rf": 0.7699999809265137, "p_xgb": 0.9980858564376831, "date": "2026-02-19"}}, {"type": "Feature", "geometry": {"type": "Point", "coordinates": [-82.55833333503202, 35.483333333911006]}, "properties": {"p_logistic": 0.4900248050689697, "p_rf": 0.7680000066757202, "p_xgb": 0.9980858564376831, "date": "2026-02-19"}}, {"type": "Feature", "geometry": {"type": "Point", "coordinates": [-82.55000000169902, 35.483333333911006]}, "properties": {"p_logistic": 0.4897291660308838, "p_rf": 0.7440000176429749, "p_xgb": 0.9981014132499695, "date": "2026-02-19"}}, {"type": "Feature", "geometry": {"type": "Point", "coordinates": [-82.54166666836602, 35.483333333911006]}, "properties": {"p_logistic": 0.4892597198486328, "p_rf": 0.7260000109672546, "p_xgb": 0.9970089793205261, "date": "2026-02-19"}}, {"type": "Feature", "geometry": {"type": "Point", "coordinates": [-82.53333333503302, 35.483333333911006]}, "properties": {"p_logistic": 0.49010947346687317, "p_rf": 0.75, "p_xgb": 0.9981014132499695, "date": "2026-02-19"}}, {"type": "Feature", "geometry": {"type": "Point", "coordinates": [-82.52500000170002, 35.483333333911006]}, "properties": {"p_logistic": 0.4916471540927887, "p_rf": 0.734000027179718, "p_xgb": 0.9981014132499695, "date": "2026-02-19"}}, {"type": "Feature", "geometry": {"type": "Point", "coordinates": [-82.51666666836701, 35.483333333911006]}, "properties": {"p_logistic": 0.4934540390968323, "p_rf": 0.7599999904632568, "p_xgb": 0.9980858564376831, "date": "2026-02-19"}}, {"type": "Feature", "geometry": {"type": "Point", "coordinates": [-82.50833333503402, 35.483333333911006]}, "properties": {"p_logistic": 0.4943723678588867, "p_rf": 0.7279999852180481, "p_xgb": 0.9979259967803955, "date": "2026-02-19"}}, {"type": "Feature", "geometry": {"type": "Point", "coordinates": [-82.50000000170101, 35.483333333911006]}, "properties": {"p_logistic": 0.49416905641555786, "p_rf": 0.6460000276565552, "p_xgb": 0.995324969291687, "date": "2026-02-19"}}, {"type": "Feature", "geometry": {"type": "Point", "coordinates": [-82.49166666836803, 35.483333333911006]}, "properties": {"p_logistic": 0.49358466267585754, "p_rf": 0.6299999952316284, "p_xgb": 0.9952002763748169, "date": "2026-02-19"}}, {"type": "Feature", "geometry": {"type": "Point", "coordinates": [-82.48333333503501, 35.483333333911006]}, "properties": {"p_logistic": 0.4932166039943695, "p_rf": 0.6320000290870667, "p_xgb": 0.9952002763748169, "date": "2026-02-19"}}, {"type": "Feature", "geometry": {"type": "Point", "coordinates": [-82.47500000170201, 35.483333333911006]}, "properties": {"p_logistic": 0.49319928884506226, "p_rf": 0.6380000114440918, "p_xgb": 0.9952002763748169, "date": "2026-02-19"}}, {"type": "Feature", "geometry": {"type": "Point", "coordinates": [-82.46666666836902, 35.483333333911006]}, "properties": {"p_logistic": 0.49344560503959656, "p_rf": 0.671999990940094, "p_xgb": 0.995324969291687, "date": "2026-02-19"}}, {"type": "Feature", "geometry": {"type": "Point", "coordinates": [-82.45833333503602, 35.483333333911006]}, "properties": {"p_logistic": 0.49364039301872253, "p_rf": 0.722000002861023, "p_xgb": 0.996911883354187, "date": "2026-02-19"}}, {"type": "Feature", "geometry": {"type": "Point", "coordinates": [-82.45000000170302, 35.483333333911006]}, "properties": {"p_logistic": 0.49405884742736816, "p_rf": 0.7260000109672546, "p_xgb": 0.9968294501304626, "date": "2026-02-19"}}, {"type": "Feature", "geometry": {"type": "Point", "coordinates": [-82.44166666837002, 35.483333333911006]}, "properties": {"p_logistic": 0.4942765235900879, "p_rf": 0.7120000123977661, "p_xgb": 0.9968294501304626, "date": "2026-02-19"}}, {"type": "Feature", "geometry": {"type": "Point", "coordinates": [-82.43333333503702, 35.483333333911006]}, "properties": {"p_logistic": 0.494710236787796, "p_rf": 0.7260000109672546, "p_xgb": 0.9968294501304626, "date": "2026-02-19"}}, {"type": "Feature", "geometry": {"type": "Point", "coordinates": [-82.42500000170402, 35.483333333911006]}, "properties": {"p_logistic": 0.49519258737564087, "p_rf": 0.7239999771118164, "p_xgb": 0.9968294501304626, "date": "2026-02-19"}}, {"type": "Feature", "geometry": {"type": "Point", "coordinates": [-82.41666666837102, 35.483333333911006]}, "properties": {"p_logistic": 0.4957095980644226, "p_rf": 0.7239999771118164, "p_xgb": 0.9968294501304626, "date": "2026-02-19"}}, {"type": "Feature", "geometry": {"type": "Point", "coordinates": [-82.40833333503801, 35.483333333911006]}, "properties": {"p_logistic": 0.49546486139297485, "p_rf": 0.7120000123977661, "p_xgb": 0.9962038397789001, "date": "2026-02-19"}}, {"type": "Feature", "geometry": {"type": "Point", "coordinates": [-82.40000000170502, 35.483333333911006]}, "properties": {"p_logistic": 0.4952253997325897, "p_rf": 0.7120000123977661, "p_xgb": 0.9958211183547974, "date": "2026-02-19"}}, {"type": "Feature", "geometry": {"type": "Point", "coordinates": [-82.39166666837201, 35.483333333911006]}, "properties": {"p_logistic": 0.4949905276298523, "p_rf": 0.6499999761581421, "p_xgb": 0.9926464557647705, "date": "2026-02-19"}}, {"type": "Feature", "geometry": {"type": "Point", "coordinates": [-82.38333333503903, 35.483333333911006]}, "properties": {"p_logistic": 0.4948349893093109, "p_rf": 0.6179999709129333, "p_xgb": 0.9915112853050232, "date": "2026-02-19"}}, {"type": "Feature", "geometry": {"type": "Point", "coordinates": [-82.37500000170601, 35.483333333911006]}, "properties": {"p_logistic": 0.49400728940963745, "p_rf": 0.5979999899864197, "p_xgb": 0.982413649559021, "date": "2026-02-19"}}, {"type": "Feature", "geometry": {"type": "Point", "coordinates": [-82.29166666837602, 35.483333333911006]}, "properties": {"p_logistic": 0.4804210066795349, "p_rf": 0.6140000224113464, "p_xgb": 0.9855226278305054, "date": "2026-02-19"}}, {"type": "Feature", "geometry": {"type": "Point", "coordinates": [-82.28333333504301, 35.483333333911006]}, "properties": {"p_logistic": 0.47871047258377075, "p_rf": 0.6060000061988831, "p_xgb": 0.9855226278305054, "date": "2026-02-19"}}, {"type": "Feature", "geometry": {"type": "Point", "coordinates": [-82.27500000171003, 35.483333333911006]}, "properties": {"p_logistic": 0.4779060482978821, "p_rf": 0.5879999995231628, "p_xgb": 0.9849661588668823, "date": "2026-02-19"}}, {"type": "Feature", "geometry": {"type": "Point", "coordinates": [-82.26666666837701, 35.483333333911006]}, "properties": {"p_logistic": 0.47738608717918396, "p_rf": 0.6660000085830688, "p_xgb": 0.9853766560554504, "date": "2026-02-19"}}, {"type": "Feature", "geometry": {"type": "Point", "coordinates": [-82.25833333504401, 35.483333333911006]}, "properties": {"p_logistic": 0.4763755798339844, "p_rf": 0.6679999828338623, "p_xgb": 0.9860077500343323, "date": "2026-02-19"}}, {"type": "Feature", "geometry": {"type": "Point", "coordinates": [-82.25000000171102, 35.483333333911006]}, "properties": {"p_logistic": 0.4765091836452484, "p_rf": 0.6620000004768372, "p_xgb": 0.9853844046592712, "date": "2026-02-19"}}, {"type": "Feature", "geometry": {"type": "Point", "coordinates": [-82.24166666837802, 35.483333333911006]}, "properties": {"p_logistic": 0.4773509204387665, "p_rf": 0.656000018119812, "p_xgb": 0.9853844046592712, "date": "2026-02-19"}}, {"type": "Feature", "geometry": {"type": "Point", "coordinates": [-82.23333333504502, 35.483333333911006]}, "properties": {"p_logistic": 0.4783557653427124, "p_rf": 0.6660000085830688, "p_xgb": 0.9860077500343323, "date": "2026-02-19"}}, {"type": "Feature", "geometry": {"type": "Point", "coordinates": [-82.79166666835602, 35.47500000057801]}, "properties": {"p_logistic": 0.4965548813343048, "p_rf": 0.515999972820282, "p_xgb": 0.9851109385490417, "date": "2026-02-19"}}, {"type": "Feature", "geometry": {"type": "Point", "coordinates": [-82.78333333502302, 35.47500000057801]}, "properties": {"p_logistic": 0.49679282307624817, "p_rf": 0.5400000214576721, "p_xgb": 0.9823290705680847, "date": "2026-02-19"}}, {"type": "Feature", "geometry": {"type": "Point", "coordinates": [-82.77500000169002, 35.47500000057801]}, "properties": {"p_logistic": 0.49726858735084534, "p_rf": 0.6660000085830688, "p_xgb": 0.9928217530250549, "date": "2026-02-19"}}, {"type": "Feature", "geometry": {"type": "Point", "coordinates": [-82.76666666835702, 35.47500000057801]}, "properties": {"p_logistic": 0.4977474808692932, "p_rf": 0.7480000257492065, "p_xgb": 0.9957184195518494, "date": "2026-02-19"}}, {"type": "Feature", "geometry": {"type": "Point", "coordinates": [-82.75833333502402, 35.47500000057801]}, "properties": {"p_logistic": 0.4977003335952759, "p_rf": 0.7519999742507935, "p_xgb": 0.9960384368896484, "date": "2026-02-19"}}, {"type": "Feature", "geometry": {"type": "Point", "coordinates": [-82.75000000169102, 35.47500000057801]}, "properties": {"p_logistic": 0.49645981192588806, "p_rf": 0.765999972820282, "p_xgb": 0.9970225691795349, "date": "2026-02-19"}}, {"type": "Feature", "geometry": {"type": "Point", "coordinates": [-82.74166666835802, 35.47500000057801]}, "properties": {"p_logistic": 0.4958403408527374, "p_rf": 0.7639999985694885, "p_xgb": 0.9974414110183716, "date": "2026-02-19"}}, {"type": "Feature", "geometry": {"type": "Point", "coordinates": [-82.73333333502501, 35.47500000057801]}, "properties": {"p_logistic": 0.4948999583721161, "p_rf": 0.7699999809265137, "p_xgb": 0.9974414110183716, "date": "2026-02-19"}}, {"type": "Feature", "geometry": {"type": "Point", "coordinates": [-82.72500000169202, 35.47500000057801]}, "properties": {"p_logistic": 0.495139479637146, "p_rf": 0.7639999985694885, "p_xgb": 0.9970225691795349, "date": "2026-02-19"}}, {"type": "Feature", "geometry": {"type": "Point", "coordinates": [-82.71666666835901, 35.47500000057801]}, "properties": {"p_logistic": 0.49483177065849304, "p_rf": 0.7580000162124634, "p_xgb": 0.9970225691795349, "date": "2026-02-19"}}, {"type": "Feature", "geometry": {"type": "Point", "coordinates": [-82.70833333502603, 35.47500000057801]}, "properties": {"p_logistic": 0.4946110248565674, "p_rf": 0.7599999904632568, "p_xgb": 0.996905505657196, "date": "2026-02-19"}}, {"type": "Feature", "geometry": {"type": "Point", "coordinates": [-82.70000000169301, 35.47500000057801]}, "properties": {"p_logistic": 0.49347981810569763, "p_rf": 0.7699999809265137, "p_xgb": 0.996905505657196, "date": "2026-02-19"}}, {"type": "Feature", "geometry": {"type": "Point", "coordinates": [-82.69166666836001, 35.47500000057801]}, "properties": {"p_logistic": 0.49281251430511475, "p_rf": 0.7699999809265137, "p_xgb": 0.996905505657196, "date": "2026-02-19"}}, {"type": "Feature", "geometry": {"type": "Point", "coordinates": [-82.68333333502702, 35.47500000057801]}, "properties": {"p_logistic": 0.49193334579467773, "p_rf": 0.7739999890327454, "p_xgb": 0.996905505657196, "date": "2026-02-19"}}, {"type": "Feature", "geometry": {"type": "Point", "coordinates": [-82.67500000169402, 35.47500000057801]}, "properties": {"p_logistic": 0.49117720127105713, "p_rf": 0.7699999809265137, "p_xgb": 0.9980689883232117, "date": "2026-02-19"}}, {"type": "Feature", "geometry": {"type": "Point", "coordinates": [-82.66666666836102, 35.47500000057801]}, "properties": {"p_logistic": 0.4903468191623688, "p_rf": 0.7839999794960022, "p_xgb": 0.9977721571922302, "date": "2026-02-19"}}, {"type": "Feature", "geometry": {"type": "Point", "coordinates": [-82.65833333502802, 35.47500000057801]}, "properties": {"p_logistic": 0.48957374691963196, "p_rf": 0.7799999713897705, "p_xgb": 0.9977721571922302, "date": "2026-02-19"}}, {"type": "Feature", "geometry": {"type": "Point", "coordinates": [-82.65000000169502, 35.47500000057801]}, "properties": {"p_logistic": 0.4884457290172577, "p_rf": 0.7900000214576721, "p_xgb": 0.997878909111023, "date": "2026-02-19"}}, {"type": "Feature", "geometry": {"type": "Point", "coordinates": [-82.64166666836202, 35.47500000057801]}, "properties": {"p_logistic": 0.4872368574142456, "p_rf": 0.7860000133514404, "p_xgb": 0.997090220451355, "date": "2026-02-19"}}, {"type": "Feature", "geometry": {"type": "Point", "coordinates": [-82.63333333502902, 35.47500000057801]}, "properties": {"p_logistic": 0.4860415458679199, "p_rf": 0.7919999957084656, "p_xgb": 0.997090220451355, "date": "2026-02-19"}}, {"type": "Feature", "geometry": {"type": "Point", "coordinates": [-82.62500000169601, 35.47500000057801]}, "properties": {"p_logistic": 0.48522913455963135, "p_rf": 0.7900000214576721, "p_xgb": 0.997090220451355, "date": "2026-02-19"}}, {"type": "Feature", "geometry": {"type": "Point", "coordinates": [-82.61666666836302, 35.47500000057801]}, "properties": {"p_logistic": 0.4840490221977234, "p_rf": 0.7519999742507935, "p_xgb": 0.9969688057899475, "date": "2026-02-19"}}, {"type": "Feature", "geometry": {"type": "Point", "coordinates": [-82.60833333503001, 35.47500000057801]}, "properties": {"p_logistic": 0.48430147767066956, "p_rf": 0.7919999957084656, "p_xgb": 0.997090220451355, "date": "2026-02-19"}}, {"type": "Feature", "geometry": {"type": "Point", "coordinates": [-82.60000000169703, 35.47500000057801]}, "properties": {"p_logistic": 0.4852192997932434, "p_rf": 0.7760000228881836, "p_xgb": 0.997090220451355, "date": "2026-02-19"}}, {"type": "Feature", "geometry": {"type": "Point", "coordinates": [-82.59166666836401, 35.47500000057801]}, "properties": {"p_logistic": 0.48648035526275635, "p_rf": 0.7580000162124634, "p_xgb": 0.996944010257721, "date": "2026-02-19"}}, {"type": "Feature", "geometry": {"type": "Point", "coordinates": [-82.58333333503101, 35.47500000057801]}, "properties": {"p_logistic": 0.4877352714538574, "p_rf": 0.7319999933242798, "p_xgb": 0.9968164563179016, "date": "2026-02-19"}}, {"type": "Feature", "geometry": {"type": "Point", "coordinates": [-82.57500000169802, 35.47500000057801]}, "properties": {"p_logistic": 0.48871910572052, "p_rf": 0.7099999785423279, "p_xgb": 0.9968164563179016, "date": "2026-02-19"}}, {"type": "Feature", "geometry": {"type": "Point", "coordinates": [-82.56666666836502, 35.47500000057801]}, "properties": {"p_logistic": 0.4890013635158539, "p_rf": 0.7139999866485596, "p_xgb": 0.9968164563179016, "date": "2026-02-19"}}, {"type": "Feature", "geometry": {"type": "Point", "coordinates": [-82.55833333503202, 35.47500000057801]}, "properties": {"p_logistic": 0.48932769894599915, "p_rf": 0.6800000071525574, "p_xgb": 0.9949883222579956, "date": "2026-02-19"}}, {"type": "Feature", "geometry": {"type": "Point", "coordinates": [-82.55000000169902, 35.47500000057801]}, "properties": {"p_logistic": 0.4890959858894348, "p_rf": 0.6499999761581421, "p_xgb": 0.9925486445426941, "date": "2026-02-19"}}, {"type": "Feature", "geometry": {"type": "Point", "coordinates": [-82.54166666836602, 35.47500000057801]}, "properties": {"p_logistic": 0.4891790747642517, "p_rf": 0.6480000019073486, "p_xgb": 0.994561493396759, "date": "2026-02-19"}}, {"type": "Feature", "geometry": {"type": "Point", "coordinates": [-82.53333333503302, 35.47500000057801]}, "properties": {"p_logistic": 0.4903942048549652, "p_rf": 0.6880000233650208, "p_xgb": 0.9970089793205261, "date": "2026-02-19"}}, {"type": "Feature", "geometry": {"type": "Point", "coordinates": [-82.52500000170002, 35.47500000057801]}, "properties": {"p_logistic": 0.49147340655326843, "p_rf": 0.7260000109672546, "p_xgb": 0.9980058073997498, "date": "2026-02-19"}}, {"type": "Feature", "geometry": {"type": "Point", "coordinates": [-82.51666666836701, 35.47500000057801]}, "properties": {"p_logistic": 0.4929889440536499, "p_rf": 0.7599999904632568, "p_xgb": 0.9980858564376831, "date": "2026-02-19"}}, {"type": "Feature", "geometry": {"type": "Point", "coordinates": [-82.50833333503402, 35.47500000057801]}, "properties": {"p_logistic": 0.4941135048866272, "p_rf": 0.7580000162124634, "p_xgb": 0.9980858564376831, "date": "2026-02-19"}}, {"type": "Feature", "geometry": {"type": "Point", "coordinates": [-82.50000000170101, 35.47500000057801]}, "properties": {"p_logistic": 0.4939972758293152, "p_rf": 0.6620000004768372, "p_xgb": 0.995324969291687, "date": "2026-02-19"}}, {"type": "Feature", "geometry": {"type": "Point", "coordinates": [-82.49166666836803, 35.47500000057801]}, "properties": {"p_logistic": 0.49330779910087585, "p_rf": 0.6299999952316284, "p_xgb": 0.9944165945053101, "date": "2026-02-19"}}, {"type": "Feature", "geometry": {"type": "Point", "coordinates": [-82.48333333503501, 35.47500000057801]}, "properties": {"p_logistic": 0.49286311864852905, "p_rf": 0.6240000128746033, "p_xgb": 0.9928981065750122, "date": "2026-02-19"}}, {"type": "Feature", "geometry": {"type": "Point", "coordinates": [-82.47500000170201, 35.47500000057801]}, "properties": {"p_logistic": 0.49299466609954834, "p_rf": 0.6380000114440918, "p_xgb": 0.9952002763748169, "date": "2026-02-19"}}, {"type": "Feature", "geometry": {"type": "Point", "coordinates": [-82.46666666836902, 35.47500000057801]}, "properties": {"p_logistic": 0.4932335317134857, "p_rf": 0.6460000276565552, "p_xgb": 0.9952002763748169, "date": "2026-02-19"}}, {"type": "Feature", "geometry": {"type": "Point", "coordinates": [-82.45833333503602, 35.47500000057801]}, "properties": {"p_logistic": 0.4935528635978699, "p_rf": 0.6740000247955322, "p_xgb": 0.995324969291687, "date": "2026-02-19"}}, {"type": "Feature", "geometry": {"type": "Point", "coordinates": [-82.45000000170302, 35.47500000057801]}, "properties": {"p_logistic": 0.49382147192955017, "p_rf": 0.6859999895095825, "p_xgb": 0.9952002763748169, "date": "2026-02-19"}}, {"type": "Feature", "geometry": {"type": "Point", "coordinates": [-82.44166666837002, 35.47500000057801]}, "properties": {"p_logistic": 0.49412524700164795, "p_rf": 0.6899999976158142, "p_xgb": 0.9962038397789001, "date": "2026-02-19"}}, {"type": "Feature", "geometry": {"type": "Point", "coordinates": [-82.43333333503702, 35.47500000057801]}, "properties": {"p_logistic": 0.49442586302757263, "p_rf": 0.6959999799728394, "p_xgb": 0.9955832362174988, "date": "2026-02-19"}}, {"type": "Feature", "geometry": {"type": "Point", "coordinates": [-82.42500000170402, 35.47500000057801]}, "properties": {"p_logistic": 0.494900643825531, "p_rf": 0.7039999961853027, "p_xgb": 0.9951382279396057, "date": "2026-02-19"}}, {"type": "Feature", "geometry": {"type": "Point", "coordinates": [-82.41666666837102, 35.47500000057801]}, "properties": {"p_logistic": 0.4954420030117035, "p_rf": 0.6959999799728394, "p_xgb": 0.9951382279396057, "date": "2026-02-19"}}, {"type": "Feature", "geometry": {"type": "Point", "coordinates": [-82.40833333503801, 35.47500000057801]}, "properties": {"p_logistic": 0.49516579508781433, "p_rf": 0.6819999814033508, "p_xgb": 0.9951382279396057, "date": "2026-02-19"}}, {"type": "Feature", "geometry": {"type": "Point", "coordinates": [-82.40000000170502, 35.47500000057801]}, "properties": {"p_logistic": 0.495004266500473, "p_rf": 0.6399999856948853, "p_xgb": 0.9890222549438477, "date": "2026-02-19"}}, {"type": "Feature", "geometry": {"type": "Point", "coordinates": [-82.39166666837201, 35.47500000057801]}, "properties": {"p_logistic": 0.49475449323654175, "p_rf": 0.6140000224113464, "p_xgb": 0.9826940894126892, "date": "2026-02-19"}}, {"type": "Feature", "geometry": {"type": "Point", "coordinates": [-82.38333333503903, 35.47500000057801]}, "properties": {"p_logistic": 0.4940029978752136, "p_rf": 0.6019999980926514, "p_xgb": 0.982413649559021, "date": "2026-02-19"}}, {"type": "Feature", "geometry": {"type": "Point", "coordinates": [-82.37500000170601, 35.47500000057801]}, "properties": {"p_logistic": 0.4927763342857361, "p_rf": 0.5839999914169312, "p_xgb": 0.9831922650337219, "date": "2026-02-19"}}, {"type": "Feature", "geometry": {"type": "Point", "coordinates": [-82.27500000171003, 35.47500000057801]}, "properties": {"p_logistic": 0.4779602289199829, "p_rf": 0.5759999752044678, "p_xgb": 0.9853766560554504, "date": "2026-02-19"}}, {"type": "Feature", "geometry": {"type": "Point", "coordinates": [-82.26666666837701, 35.47500000057801]}, "properties": {"p_logistic": 0.47687843441963196, "p_rf": 0.6679999828338623, "p_xgb": 0.9863420128822327, "date": "2026-02-19"}}, {"type": "Feature", "geometry": {"type": "Point", "coordinates": [-82.25833333504401, 35.47500000057801]}, "properties": {"p_logistic": 0.47619813680648804, "p_rf": 0.6499999761581421, "p_xgb": 0.9852960705757141, "date": "2026-02-19"}}, {"type": "Feature", "geometry": {"type": "Point", "coordinates": [-82.25000000171102, 35.47500000057801]}, "properties": {"p_logistic": 0.47652459144592285, "p_rf": 0.6480000019073486, "p_xgb": 0.985031247138977, "date": "2026-02-19"}}, {"type": "Feature", "geometry": {"type": "Point", "coordinates": [-82.24166666837802, 35.47500000057801]}, "properties": {"p_logistic": 0.4778796136379242, "p_rf": 0.6439999938011169, "p_xgb": 0.9856430888175964, "date": "2026-02-19"}}, {"type": "Feature", "geometry": {"type": "Point", "coordinates": [-82.79166666835602, 35.46666666724501]}, "properties": {"p_logistic": 0.49840688705444336, "p_rf": 0.5199999809265137, "p_xgb": 0.9851109385490417, "date": "2026-02-19"}}, {"type": "Feature", "geometry": {"type": "Point", "coordinates": [-82.78333333502302, 35.46666666724501]}, "properties": {"p_logistic": 0.49834609031677246, "p_rf": 0.5299999713897705, "p_xgb": 0.9805018305778503, "date": "2026-02-19"}}, {"type": "Feature", "geometry": {"type": "Point", "coordinates": [-82.77500000169002, 35.46666666724501]}, "properties": {"p_logistic": 0.49906817078590393, "p_rf": 0.6079999804496765, "p_xgb": 0.9914012551307678, "date": "2026-02-19"}}, {"type": "Feature", "geometry": {"type": "Point", "coordinates": [-82.76666666835702, 35.46666666724501]}, "properties": {"p_logistic": 0.4998658299446106, "p_rf": 0.6620000004768372, "p_xgb": 0.9925518035888672, "date": "2026-02-19"}}, {"type": "Feature", "geometry": {"type": "Point", "coordinates": [-82.75833333502402, 35.46666666724501]}, "properties": {"p_logistic": 0.4989035427570343, "p_rf": 0.722000002861023, "p_xgb": 0.9951157569885254, "date": "2026-02-19"}}, {"type": "Feature", "geometry": {"type": "Point", "coordinates": [-82.75000000169102, 35.46666666724501]}, "properties": {"p_logistic": 0.49762365221977234, "p_rf": 0.7300000190734863, "p_xgb": 0.9954236149787903, "date": "2026-02-19"}}, {"type": "Feature", "geometry": {"type": "Point", "coordinates": [-82.74166666835802, 35.46666666724501]}, "properties": {"p_logistic": 0.496847927570343, "p_rf": 0.7379999756813049, "p_xgb": 0.9952410459518433, "date": "2026-02-19"}}, {"type": "Feature", "geometry": {"type": "Point", "coordinates": [-82.73333333502501, 35.46666666724501]}, "properties": {"p_logistic": 0.49643197655677795, "p_rf": 0.734000027179718, "p_xgb": 0.9952410459518433, "date": "2026-02-19"}}, {"type": "Feature", "geometry": {"type": "Point", "coordinates": [-82.72500000169202, 35.46666666724501]}, "properties": {"p_logistic": 0.4961509704589844, "p_rf": 0.7379999756813049, "p_xgb": 0.9954236149787903, "date": "2026-02-19"}}, {"type": "Feature", "geometry": {"type": "Point", "coordinates": [-82.71666666835901, 35.46666666724501]}, "properties": {"p_logistic": 0.49581536650657654, "p_rf": 0.722000002861023, "p_xgb": 0.9954236149787903, "date": "2026-02-19"}}, {"type": "Feature", "geometry": {"type": "Point", "coordinates": [-82.70833333502603, 35.46666666724501]}, "properties": {"p_logistic": 0.4956170618534088, "p_rf": 0.7200000286102295, "p_xgb": 0.9952410459518433, "date": "2026-02-19"}}, {"type": "Feature", "geometry": {"type": "Point", "coordinates": [-82.70000000169301, 35.46666666724501]}, "properties": {"p_logistic": 0.4948504567146301, "p_rf": 0.722000002861023, "p_xgb": 0.9952410459518433, "date": "2026-02-19"}}, {"type": "Feature", "geometry": {"type": "Point", "coordinates": [-82.69166666836001, 35.46666666724501]}, "properties": {"p_logistic": 0.4935997724533081, "p_rf": 0.7260000109672546, "p_xgb": 0.995283305644989, "date": "2026-02-19"}}, {"type": "Feature", "geometry": {"type": "Point", "coordinates": [-82.68333333502702, 35.46666666724501]}, "properties": {"p_logistic": 0.49285396933555603, "p_rf": 0.7260000109672546, "p_xgb": 0.995283305644989, "date": "2026-02-19"}}, {"type": "Feature", "geometry": {"type": "Point", "coordinates": [-82.67500000169402, 35.46666666724501]}, "properties": {"p_logistic": 0.4918491542339325, "p_rf": 0.7260000109672546, "p_xgb": 0.995283305644989, "date": "2026-02-19"}}, {"type": "Feature", "geometry": {"type": "Point", "coordinates": [-82.66666666836102, 35.46666666724501]}, "properties": {"p_logistic": 0.4909219443798065, "p_rf": 0.699999988079071, "p_xgb": 0.9948908090591431, "date": "2026-02-19"}}, {"type": "Feature", "geometry": {"type": "Point", "coordinates": [-82.65833333502802, 35.46666666724501]}, "properties": {"p_logistic": 0.48998844623565674, "p_rf": 0.7020000219345093, "p_xgb": 0.9948908090591431, "date": "2026-02-19"}}, {"type": "Feature", "geometry": {"type": "Point", "coordinates": [-82.65000000169502, 35.46666666724501]}, "properties": {"p_logistic": 0.4891809821128845, "p_rf": 0.7139999866485596, "p_xgb": 0.9966892600059509, "date": "2026-02-19"}}, {"type": "Feature", "geometry": {"type": "Point", "coordinates": [-82.64166666836202, 35.46666666724501]}, "properties": {"p_logistic": 0.4878959655761719, "p_rf": 0.6779999732971191, "p_xgb": 0.9925486445426941, "date": "2026-02-19"}}, {"type": "Feature", "geometry": {"type": "Point", "coordinates": [-82.63333333502902, 35.46666666724501]}, "properties": {"p_logistic": 0.48690903186798096, "p_rf": 0.6499999761581421, "p_xgb": 0.9925486445426941, "date": "2026-02-19"}}, {"type": "Feature", "geometry": {"type": "Point", "coordinates": [-82.62500000169601, 35.46666666724501]}, "properties": {"p_logistic": 0.4859490692615509, "p_rf": 0.6439999938011169, "p_xgb": 0.9925486445426941, "date": "2026-02-19"}}, {"type": "Feature", "geometry": {"type": "Point", "coordinates": [-82.61666666836302, 35.46666666724501]}, "properties": {"p_logistic": 0.4852140545845032, "p_rf": 0.6499999761581421, "p_xgb": 0.9925486445426941, "date": "2026-02-19"}}, {"type": "Feature", "geometry": {"type": "Point", "coordinates": [-82.60833333503001, 35.46666666724501]}, "properties": {"p_logistic": 0.48478975892066956, "p_rf": 0.6539999842643738, "p_xgb": 0.9925486445426941, "date": "2026-02-19"}}, {"type": "Feature", "geometry": {"type": "Point", "coordinates": [-82.60000000169703, 35.46666666724501]}, "properties": {"p_logistic": 0.4850739538669586, "p_rf": 0.6499999761581421, "p_xgb": 0.9925486445426941, "date": "2026-02-19"}}, {"type": "Feature", "geometry": {"type": "Point", "coordinates": [-82.59166666836401, 35.46666666724501]}, "properties": {"p_logistic": 0.48624682426452637, "p_rf": 0.6340000033378601, "p_xgb": 0.9925486445426941, "date": "2026-02-19"}}, {"type": "Feature", "geometry": {"type": "Point", "coordinates": [-82.58333333503101, 35.46666666724501]}, "properties": {"p_logistic": 0.4873080253601074, "p_rf": 0.6259999871253967, "p_xgb": 0.9885270595550537, "date": "2026-02-19"}}, {"type": "Feature", "geometry": {"type": "Point", "coordinates": [-82.57500000169802, 35.46666666724501]}, "properties": {"p_logistic": 0.48795104026794434, "p_rf": 0.6179999709129333, "p_xgb": 0.9885270595550537, "date": "2026-02-19"}}, {"type": "Feature", "geometry": {"type": "Point", "coordinates": [-82.56666666836502, 35.46666666724501]}, "properties": {"p_logistic": 0.4883841872215271, "p_rf": 0.6179999709129333, "p_xgb": 0.9885270595550537, "date": "2026-02-19"}}, {"type": "Feature", "geometry": {"type": "Point", "coordinates": [-82.55833333503202, 35.46666666724501]}, "properties": {"p_logistic": 0.4883517920970917, "p_rf": 0.6159999966621399, "p_xgb": 0.9874874353408813, "date": "2026-02-19"}}, {"type": "Feature", "geometry": {"type": "Point", "coordinates": [-82.55000000169902, 35.46666666724501]}, "properties": {"p_logistic": 0.4882504642009735, "p_rf": 0.6140000224113464, "p_xgb": 0.9874874353408813, "date": "2026-02-19"}}, {"type": "Feature", "geometry": {"type": "Point", "coordinates": [-82.54166666836602, 35.46666666724501]}, "properties": {"p_logistic": 0.4883039891719818, "p_rf": 0.6259999871253967, "p_xgb": 0.9918704032897949, "date": "2026-02-19"}}, {"type": "Feature", "geometry": {"type": "Point", "coordinates": [-82.53333333503302, 35.46666666724501]}, "properties": {"p_logistic": 0.48913463950157166, "p_rf": 0.6399999856948853, "p_xgb": 0.9925486445426941, "date": "2026-02-19"}}, {"type": "Feature", "geometry": {"type": "Point", "coordinates": [-82.52500000170002, 35.46666666724501]}, "properties": {"p_logistic": 0.4903572201728821, "p_rf": 0.6579999923706055, "p_xgb": 0.9949883222579956, "date": "2026-02-19"}}, {"type": "Feature", "geometry": {"type": "Point", "coordinates": [-82.51666666836701, 35.46666666724501]}, "properties": {"p_logistic": 0.4918420612812042, "p_rf": 0.7160000205039978, "p_xgb": 0.9976791739463806, "date": "2026-02-19"}}, {"type": "Feature", "geometry": {"type": "Point", "coordinates": [-82.50833333503402, 35.46666666724501]}, "properties": {"p_logistic": 0.49310600757598877, "p_rf": 0.7020000219345093, "p_xgb": 0.9979259967803955, "date": "2026-02-19"}}, {"type": "Feature", "geometry": {"type": "Point", "coordinates": [-82.50000000170101, 35.46666666724501]}, "properties": {"p_logistic": 0.4931926727294922, "p_rf": 0.6579999923706055, "p_xgb": 0.9916171431541443, "date": "2026-02-19"}}, {"type": "Feature", "geometry": {"type": "Point", "coordinates": [-82.49166666836803, 35.46666666724501]}, "properties": {"p_logistic": 0.49253344535827637, "p_rf": 0.6200000047683716, "p_xgb": 0.9940654039382935, "date": "2026-02-19"}}, {"type": "Feature", "geometry": {"type": "Point", "coordinates": [-82.48333333503501, 35.46666666724501]}, "properties": {"p_logistic": 0.49216437339782715, "p_rf": 0.6240000128746033, "p_xgb": 0.9928981065750122, "date": "2026-02-19"}}, {"type": "Feature", "geometry": {"type": "Point", "coordinates": [-82.47500000170201, 35.46666666724501]}, "properties": {"p_logistic": 0.49224892258644104, "p_rf": 0.6259999871253967, "p_xgb": 0.9928981065750122, "date": "2026-02-19"}}, {"type": "Feature", "geometry": {"type": "Point", "coordinates": [-82.46666666836902, 35.46666666724501]}, "properties": {"p_logistic": 0.4926563501358032, "p_rf": 0.6420000195503235, "p_xgb": 0.9952002763748169, "date": "2026-02-19"}}, {"type": "Feature", "geometry": {"type": "Point", "coordinates": [-82.45833333503602, 35.46666666724501]}, "properties": {"p_logistic": 0.4929986596107483, "p_rf": 0.6480000019073486, "p_xgb": 0.9952002763748169, "date": "2026-02-19"}}, {"type": "Feature", "geometry": {"type": "Point", "coordinates": [-82.45000000170302, 35.46666666724501]}, "properties": {"p_logistic": 0.4934551417827606, "p_rf": 0.6480000019073486, "p_xgb": 0.994255006313324, "date": "2026-02-19"}}, {"type": "Feature", "geometry": {"type": "Point", "coordinates": [-82.44166666837002, 35.46666666724501]}, "properties": {"p_logistic": 0.4936807155609131, "p_rf": 0.6420000195503235, "p_xgb": 0.9926464557647705, "date": "2026-02-19"}}, {"type": "Feature", "geometry": {"type": "Point", "coordinates": [-82.43333333503702, 35.46666666724501]}, "properties": {"p_logistic": 0.49402034282684326, "p_rf": 0.628000020980835, "p_xgb": 0.9926464557647705, "date": "2026-02-19"}}, {"type": "Feature", "geometry": {"type": "Point", "coordinates": [-82.37500000170601, 35.46666666724501]}, "properties": {"p_logistic": 0.4911366403102875, "p_rf": 0.6060000061988831, "p_xgb": 0.9815520644187927, "date": "2026-02-19"}}, {"type": "Feature", "geometry": {"type": "Point", "coordinates": [-82.25833333504401, 35.46666666724501]}, "properties": {"p_logistic": 0.47799333930015564, "p_rf": 0.6480000019073486, "p_xgb": 0.9840843081474304, "date": "2026-02-19"}}, {"type": "Feature", "geometry": {"type": "Point", "coordinates": [-82.25000000171102, 35.46666666724501]}, "properties": {"p_logistic": 0.4781275987625122, "p_rf": 0.6480000019073486, "p_xgb": 0.9840843081474304, "date": "2026-02-19"}}, {"type": "Feature", "geometry": {"type": "Point", "coordinates": [-82.78333333502302, 35.458333333912]}, "properties": {"p_logistic": 0.4996388554573059, "p_rf": 0.5260000228881836, "p_xgb": 0.9792935252189636, "date": "2026-02-19"}}, {"type": "Feature", "geometry": {"type": "Point", "coordinates": [-82.77500000169002, 35.458333333912]}, "properties": {"p_logistic": 0.49990445375442505, "p_rf": 0.5460000038146973, "p_xgb": 0.9830839037895203, "date": "2026-02-19"}}, {"type": "Feature", "geometry": {"type": "Point", "coordinates": [-82.76666666835702, 35.458333333912]}, "properties": {"p_logistic": 0.5000207424163818, "p_rf": 0.5879999995231628, "p_xgb": 0.9912036657333374, "date": "2026-02-19"}}, {"type": "Feature", "geometry": {"type": "Point", "coordinates": [-82.75833333502402, 35.458333333912]}, "properties": {"p_logistic": 0.4998115599155426, "p_rf": 0.6119999885559082, "p_xgb": 0.9915086030960083, "date": "2026-02-19"}}, {"type": "Feature", "geometry": {"type": "Point", "coordinates": [-82.75000000169102, 35.458333333912]}, "properties": {"p_logistic": 0.49859607219696045, "p_rf": 0.578000009059906, "p_xgb": 0.988283634185791, "date": "2026-02-19"}}, {"type": "Feature", "geometry": {"type": "Point", "coordinates": [-82.74166666835802, 35.458333333912]}, "properties": {"p_logistic": 0.49928799271583557, "p_rf": 0.5600000023841858, "p_xgb": 0.988283634185791, "date": "2026-02-19"}}, {"type": "Feature", "geometry": {"type": "Point", "coordinates": [-82.73333333502501, 35.458333333912]}, "properties": {"p_logistic": 0.49842536449432373, "p_rf": 0.5979999899864197, "p_xgb": 0.988283634185791, "date": "2026-02-19"}}, {"type": "Feature", "geometry": {"type": "Point", "coordinates": [-82.72500000169202, 35.458333333912]}, "properties": {"p_logistic": 0.4973677098751068, "p_rf": 0.6299999952316284, "p_xgb": 0.9922423362731934, "date": "2026-02-19"}}, {"type": "Feature", "geometry": {"type": "Point", "coordinates": [-82.71666666835901, 35.458333333912]}, "properties": {"p_logistic": 0.4972783923149109, "p_rf": 0.621999979019165, "p_xgb": 0.988283634185791, "date": "2026-02-19"}}, {"type": "Feature", "geometry": {"type": "Point", "coordinates": [-82.70833333502603, 35.458333333912]}, "properties": {"p_logistic": 0.4964061677455902, "p_rf": 0.6340000033378601, "p_xgb": 0.9894354343414307, "date": "2026-02-19"}}, {"type": "Feature", "geometry": {"type": "Point", "coordinates": [-82.70000000169301, 35.458333333912]}, "properties": {"p_logistic": 0.4954847991466522, "p_rf": 0.6140000224113464, "p_xgb": 0.9894354343414307, "date": "2026-02-19"}}, {"type": "Feature", "geometry": {"type": "Point", "coordinates": [-82.69166666836001, 35.458333333912]}, "properties": {"p_logistic": 0.49466970562934875, "p_rf": 0.6359999775886536, "p_xgb": 0.9894354343414307, "date": "2026-02-19"}}, {"type": "Feature", "geometry": {"type": "Point", "coordinates": [-82.68333333502702, 35.458333333912]}, "properties": {"p_logistic": 0.49339789152145386, "p_rf": 0.6240000128746033, "p_xgb": 0.9897049069404602, "date": "2026-02-19"}}, {"type": "Feature", "geometry": {"type": "Point", "coordinates": [-82.67500000169402, 35.458333333912]}, "properties": {"p_logistic": 0.4927612543106079, "p_rf": 0.6119999885559082, "p_xgb": 0.9897049069404602, "date": "2026-02-19"}}, {"type": "Feature", "geometry": {"type": "Point", "coordinates": [-82.66666666836102, 35.458333333912]}, "properties": {"p_logistic": 0.49114227294921875, "p_rf": 0.6100000143051147, "p_xgb": 0.9882233738899231, "date": "2026-02-19"}}, {"type": "Feature", "geometry": {"type": "Point", "coordinates": [-82.65833333502802, 35.458333333912]}, "properties": {"p_logistic": 0.49027112126350403, "p_rf": 0.6060000061988831, "p_xgb": 0.9882233738899231, "date": "2026-02-19"}}, {"type": "Feature", "geometry": {"type": "Point", "coordinates": [-82.65000000169502, 35.458333333912]}, "properties": {"p_logistic": 0.48953956365585327, "p_rf": 0.6060000061988831, "p_xgb": 0.9885270595550537, "date": "2026-02-19"}}, {"type": "Feature", "geometry": {"type": "Point", "coordinates": [-82.64166666836202, 35.458333333912]}, "properties": {"p_logistic": 0.48892611265182495, "p_rf": 0.6079999804496765, "p_xgb": 0.9878100156784058, "date": "2026-02-19"}}, {"type": "Feature", "geometry": {"type": "Point", "coordinates": [-82.63333333502902, 35.458333333912]}, "properties": {"p_logistic": 0.4879952669143677, "p_rf": 0.593999981880188, "p_xgb": 0.9874874353408813, "date": "2026-02-19"}}, {"type": "Feature", "geometry": {"type": "Point", "coordinates": [-82.62500000169601, 35.458333333912]}, "properties": {"p_logistic": 0.48723503947257996, "p_rf": 0.5979999899864197, "p_xgb": 0.9855002760887146, "date": "2026-02-19"}}, {"type": "Feature", "geometry": {"type": "Point", "coordinates": [-82.61666666836302, 35.458333333912]}, "properties": {"p_logistic": 0.4867377281188965, "p_rf": 0.5960000157356262, "p_xgb": 0.9855002760887146, "date": "2026-02-19"}}, {"type": "Feature", "geometry": {"type": "Point", "coordinates": [-82.60833333503001, 35.458333333912]}, "properties": {"p_logistic": 0.4863699674606323, "p_rf": 0.6060000061988831, "p_xgb": 0.9874874353408813, "date": "2026-02-19"}}, {"type": "Feature", "geometry": {"type": "Point", "coordinates": [-82.60000000169703, 35.458333333912]}, "properties": {"p_logistic": 0.4856788218021393, "p_rf": 0.6060000061988831, "p_xgb": 0.9874874353408813, "date": "2026-02-19"}}, {"type": "Feature", "geometry": {"type": "Point", "coordinates": [-82.59166666836401, 35.458333333912]}, "properties": {"p_logistic": 0.48644882440567017, "p_rf": 0.6000000238418579, "p_xgb": 0.9874874353408813, "date": "2026-02-19"}}, {"type": "Feature", "geometry": {"type": "Point", "coordinates": [-82.58333333503101, 35.458333333912]}, "properties": {"p_logistic": 0.487467497587204, "p_rf": 0.5920000076293945, "p_xgb": 0.9874874353408813, "date": "2026-02-19"}}, {"type": "Feature", "geometry": {"type": "Point", "coordinates": [-82.57500000169802, 35.458333333912]}, "properties": {"p_logistic": 0.4875808656215668, "p_rf": 0.5920000076293945, "p_xgb": 0.9855002760887146, "date": "2026-02-19"}}, {"type": "Feature", "geometry": {"type": "Point", "coordinates": [-82.56666666836502, 35.458333333912]}, "properties": {"p_logistic": 0.4882338345050812, "p_rf": 0.5960000157356262, "p_xgb": 0.9855002760887146, "date": "2026-02-19"}}, {"type": "Feature", "geometry": {"type": "Point", "coordinates": [-82.55833333503202, 35.458333333912]}, "properties": {"p_logistic": 0.48809850215911865, "p_rf": 0.593999981880188, "p_xgb": 0.9855002760887146, "date": "2026-02-19"}}, {"type": "Feature", "geometry": {"type": "Point", "coordinates": [-82.55000000169902, 35.458333333912]}, "properties": {"p_logistic": 0.48762935400009155, "p_rf": 0.5899999737739563, "p_xgb": 0.9840556383132935, "date": "2026-02-19"}}, {"type": "Feature", "geometry": {"type": "Point", "coordinates": [-82.54166666836602, 35.458333333912]}, "properties": {"p_logistic": 0.4872452914714813, "p_rf": 0.5920000076293945, "p_xgb": 0.9840556383132935, "date": "2026-02-19"}}, {"type": "Feature", "geometry": {"type": "Point", "coordinates": [-82.53333333503302, 35.458333333912]}, "properties": {"p_logistic": 0.4874599575996399, "p_rf": 0.6000000238418579, "p_xgb": 0.9855002760887146, "date": "2026-02-19"}}, {"type": "Feature", "geometry": {"type": "Point", "coordinates": [-82.52500000170002, 35.458333333912]}, "properties": {"p_logistic": 0.48847129940986633, "p_rf": 0.6079999804496765, "p_xgb": 0.9874874353408813, "date": "2026-02-19"}}, {"type": "Feature", "geometry": {"type": "Point", "coordinates": [-82.51666666836701, 35.458333333912]}, "properties": {"p_logistic": 0.48990097641944885, "p_rf": 0.6119999885559082, "p_xgb": 0.9885270595550537, "date": "2026-02-19"}}, {"type": "Feature", "geometry": {"type": "Point", "coordinates": [-82.50833333503402, 35.458333333912]}, "properties": {"p_logistic": 0.49115481972694397, "p_rf": 0.6240000128746033, "p_xgb": 0.9885270595550537, "date": "2026-02-19"}}, {"type": "Feature", "geometry": {"type": "Point", "coordinates": [-82.50000000170101, 35.458333333912]}, "properties": {"p_logistic": 0.4913772642612457, "p_rf": 0.6100000143051147, "p_xgb": 0.9885270595550537, "date": "2026-02-19"}}, {"type": "Feature", "geometry": {"type": "Point", "coordinates": [-82.49166666836803, 35.458333333912]}, "properties": {"p_logistic": 0.4912837743759155, "p_rf": 0.6000000238418579, "p_xgb": 0.9855002760887146, "date": "2026-02-19"}}, {"type": "Feature", "geometry": {"type": "Point", "coordinates": [-82.48333333503501, 35.458333333912]}, "properties": {"p_logistic": 0.4911949336528778, "p_rf": 0.6019999980926514, "p_xgb": 0.9855002760887146, "date": "2026-02-19"}}, {"type": "Feature", "geometry": {"type": "Point", "coordinates": [-82.47500000170201, 35.458333333912]}, "properties": {"p_logistic": 0.4912903308868408, "p_rf": 0.6119999885559082, "p_xgb": 0.9902756214141846, "date": "2026-02-19"}}, {"type": "Feature", "geometry": {"type": "Point", "coordinates": [-82.46666666836902, 35.458333333912]}, "properties": {"p_logistic": 0.4915615916252136, "p_rf": 0.6320000290870667, "p_xgb": 0.9902756214141846, "date": "2026-02-19"}}, {"type": "Feature", "geometry": {"type": "Point", "coordinates": [-82.45833333503602, 35.458333333912]}, "properties": {"p_logistic": 0.49203136563301086, "p_rf": 0.6299999952316284, "p_xgb": 0.9908491373062134, "date": "2026-02-19"}}, {"type": "Feature", "geometry": {"type": "Point", "coordinates": [-82.45000000170302, 35.458333333912]}, "properties": {"p_logistic": 0.4925019145011902, "p_rf": 0.6299999952316284, "p_xgb": 0.9899319410324097, "date": "2026-02-19"}}, {"type": "Feature", "geometry": {"type": "Point", "coordinates": [-82.78333333502302, 35.450000000579]}, "properties": {"p_logistic": 0.5009171962738037, "p_rf": 0.5320000052452087, "p_xgb": 0.9812167882919312, "date": "2026-02-19"}}, {"type": "Feature", "geometry": {"type": "Point", "coordinates": [-82.77500000169002, 35.450000000579]}, "properties": {"p_logistic": 0.5005091428756714, "p_rf": 0.5299999713897705, "p_xgb": 0.9792935252189636, "date": "2026-02-19"}}, {"type": "Feature", "geometry": {"type": "Point", "coordinates": [-82.76666666835702, 35.450000000579]}, "properties": {"p_logistic": 0.5011651515960693, "p_rf": 0.5339999794960022, "p_xgb": 0.9830839037895203, "date": "2026-02-19"}}, {"type": "Feature", "geometry": {"type": "Point", "coordinates": [-82.75833333502402, 35.450000000579]}, "properties": {"p_logistic": 0.5008531212806702, "p_rf": 0.5299999713897705, "p_xgb": 0.9830839037895203, "date": "2026-02-19"}}, {"type": "Feature", "geometry": {"type": "Point", "coordinates": [-82.75000000169102, 35.450000000579]}, "properties": {"p_logistic": 0.5013841390609741, "p_rf": 0.5299999713897705, "p_xgb": 0.9820327162742615, "date": "2026-02-19"}}, {"type": "Feature", "geometry": {"type": "Point", "coordinates": [-82.74166666835802, 35.450000000579]}, "properties": {"p_logistic": 0.5012418031692505, "p_rf": 0.5199999809265137, "p_xgb": 0.9792935252189636, "date": "2026-02-19"}}, {"type": "Feature", "geometry": {"type": "Point", "coordinates": [-82.73333333502501, 35.450000000579]}, "properties": {"p_logistic": 0.5006230473518372, "p_rf": 0.5180000066757202, "p_xgb": 0.9792935252189636, "date": "2026-02-19"}}, {"type": "Feature", "geometry": {"type": "Point", "coordinates": [-82.72500000169202, 35.450000000579]}, "properties": {"p_logistic": 0.49912571907043457, "p_rf": 0.5199999809265137, "p_xgb": 0.9820327162742615, "date": "2026-02-19"}}, {"type": "Feature", "geometry": {"type": "Point", "coordinates": [-82.71666666835901, 35.450000000579]}, "properties": {"p_logistic": 0.4972390830516815, "p_rf": 0.515999972820282, "p_xgb": 0.9820327162742615, "date": "2026-02-19"}}, {"type": "Feature", "geometry": {"type": "Point", "coordinates": [-82.64166666836202, 35.450000000579]}, "properties": {"p_logistic": 0.4898986518383026, "p_rf": 0.5860000252723694, "p_xgb": 0.9869847893714905, "date": "2026-02-19"}}, {"type": "Feature", "geometry": {"type": "Point", "coordinates": [-82.63333333502902, 35.450000000579]}, "properties": {"p_logistic": 0.4894716441631317, "p_rf": 0.5799999833106995, "p_xgb": 0.9869847893714905, "date": "2026-02-19"}}, {"type": "Feature", "geometry": {"type": "Point", "coordinates": [-82.62500000169601, 35.450000000579]}, "properties": {"p_logistic": 0.48893576860427856, "p_rf": 0.5740000009536743, "p_xgb": 0.9856858849525452, "date": "2026-02-19"}}, {"type": "Feature", "geometry": {"type": "Point", "coordinates": [-82.61666666836302, 35.450000000579]}, "properties": {"p_logistic": 0.488639235496521, "p_rf": 0.5799999833106995, "p_xgb": 0.9856858849525452, "date": "2026-02-19"}}, {"type": "Feature", "geometry": {"type": "Point", "coordinates": [-82.60833333503001, 35.450000000579]}, "properties": {"p_logistic": 0.48807528614997864, "p_rf": 0.5860000252723694, "p_xgb": 0.9869847893714905, "date": "2026-02-19"}}, {"type": "Feature", "geometry": {"type": "Point", "coordinates": [-82.60000000169703, 35.450000000579]}, "properties": {"p_logistic": 0.48779433965682983, "p_rf": 0.5979999899864197, "p_xgb": 0.9869847893714905, "date": "2026-02-19"}}, {"type": "Feature", "geometry": {"type": "Point", "coordinates": [-82.59166666836401, 35.450000000579]}, "properties": {"p_logistic": 0.48833781480789185, "p_rf": 0.5799999833106995, "p_xgb": 0.9869847893714905, "date": "2026-02-19"}}, {"type": "Feature", "geometry": {"type": "Point", "coordinates": [-82.58333333503101, 35.450000000579]}, "properties": {"p_logistic": 0.48862963914871216, "p_rf": 0.5759999752044678, "p_xgb": 0.9869847893714905, "date": "2026-02-19"}}, {"type": "Feature", "geometry": {"type": "Point", "coordinates": [-82.57500000169802, 35.450000000579]}, "properties": {"p_logistic": 0.48902803659439087, "p_rf": 0.5740000009536743, "p_xgb": 0.9856858849525452, "date": "2026-02-19"}}, {"type": "Feature", "geometry": {"type": "Point", "coordinates": [-82.56666666836502, 35.450000000579]}, "properties": {"p_logistic": 0.48881256580352783, "p_rf": 0.5759999752044678, "p_xgb": 0.9856858849525452, "date": "2026-02-19"}}, {"type": "Feature", "geometry": {"type": "Point", "coordinates": [-82.55833333503202, 35.450000000579]}, "properties": {"p_logistic": 0.48826149106025696, "p_rf": 0.5860000252723694, "p_xgb": 0.9856858849525452, "date": "2026-02-19"}}, {"type": "Feature", "geometry": {"type": "Point", "coordinates": [-82.55000000169902, 35.450000000579]}, "properties": {"p_logistic": 0.48793983459472656, "p_rf": 0.6000000238418579, "p_xgb": 0.9856858849525452, "date": "2026-02-19"}}, {"type": "Feature", "geometry": {"type": "Point", "coordinates": [-82.54166666836602, 35.450000000579]}, "properties": {"p_logistic": 0.48669594526290894, "p_rf": 0.6140000224113464, "p_xgb": 0.9876669645309448, "date": "2026-02-19"}}, {"type": "Feature", "geometry": {"type": "Point", "coordinates": [-82.53333333503302, 35.450000000579]}, "properties": {"p_logistic": 0.4862772822380066, "p_rf": 0.5960000157356262, "p_xgb": 0.9840556383132935, "date": "2026-02-19"}}, {"type": "Feature", "geometry": {"type": "Point", "coordinates": [-82.52500000170002, 35.450000000579]}, "properties": {"p_logistic": 0.4867977201938629, "p_rf": 0.5839999914169312, "p_xgb": 0.9840556383132935, "date": "2026-02-19"}}, {"type": "Feature", "geometry": {"type": "Point", "coordinates": [-82.51666666836701, 35.450000000579]}, "properties": {"p_logistic": 0.4879632592201233, "p_rf": 0.593999981880188, "p_xgb": 0.9855002760887146, "date": "2026-02-19"}}, {"type": "Feature", "geometry": {"type": "Point", "coordinates": [-82.50833333503402, 35.450000000579]}, "properties": {"p_logistic": 0.4888545274734497, "p_rf": 0.5899999737739563, "p_xgb": 0.9855002760887146, "date": "2026-02-19"}}, {"type": "Feature", "geometry": {"type": "Point", "coordinates": [-82.50000000170101, 35.450000000579]}, "properties": {"p_logistic": 0.4896399676799774, "p_rf": 0.5960000157356262, "p_xgb": 0.9855002760887146, "date": "2026-02-19"}}, {"type": "Feature", "geometry": {"type": "Point", "coordinates": [-82.49166666836803, 35.450000000579]}, "properties": {"p_logistic": 0.4900566637516022, "p_rf": 0.5979999899864197, "p_xgb": 0.9855002760887146, "date": "2026-02-19"}}, {"type": "Feature", "geometry": {"type": "Point", "coordinates": [-82.48333333503501, 35.450000000579]}, "properties": {"p_logistic": 0.4901909828186035, "p_rf": 0.5960000157356262, "p_xgb": 0.9855002760887146, "date": "2026-02-19"}}, {"type": "Feature", "geometry": {"type": "Point", "coordinates": [-82.47500000170201, 35.450000000579]}, "properties": {"p_logistic": 0.49039822816848755, "p_rf": 0.5979999899864197, "p_xgb": 0.9874874353408813, "date": "2026-02-19"}}, {"type": "Feature", "geometry": {"type": "Point", "coordinates": [-82.46666666836902, 35.450000000579]}, "properties": {"p_logistic": 0.490529865026474, "p_rf": 0.6079999804496765, "p_xgb": 0.9840556383132935, "date": "2026-02-19"}}, {"type": "Feature", "geometry": {"type": "Point", "coordinates": [-82.45833333503602, 35.450000000579]}, "properties": {"p_logistic": 0.4909202754497528, "p_rf": 0.6100000143051147, "p_xgb": 0.9840556383132935, "date": "2026-02-19"}}, {"type": "Feature", "geometry": {"type": "Point", "coordinates": [-82.77500000169002, 35.441666667246004]}, "properties": {"p_logistic": 0.5020714998245239, "p_rf": 0.5479999780654907, "p_xgb": 0.9812167882919312, "date": "2026-02-19"}}, {"type": "Feature", "geometry": {"type": "Point", "coordinates": [-82.76666666835702, 35.441666667246004]}, "properties": {"p_logistic": 0.5023341774940491, "p_rf": 0.578000009059906, "p_xgb": 0.9898449182510376, "date": "2026-02-19"}}, {"type": "Feature", "geometry": {"type": "Point", "coordinates": [-82.75833333502402, 35.441666667246004]}, "properties": {"p_logistic": 0.5020285844802856, "p_rf": 0.5759999752044678, "p_xgb": 0.9854614734649658, "date": "2026-02-19"}}, {"type": "Feature", "geometry": {"type": "Point", "coordinates": [-82.75000000169102, 35.441666667246004]}, "properties": {"p_logistic": 0.5022508502006531, "p_rf": 0.5540000200271606, "p_xgb": 0.9876638054847717, "date": "2026-02-19"}}, {"type": "Feature", "geometry": {"type": "Point", "coordinates": [-82.74166666835802, 35.441666667246004]}, "properties": {"p_logistic": 0.5023960471153259, "p_rf": 0.5559999942779541, "p_xgb": 0.9876638054847717, "date": "2026-02-19"}}, {"type": "Feature", "geometry": {"type": "Point", "coordinates": [-82.73333333502501, 35.441666667246004]}, "properties": {"p_logistic": 0.5016725659370422, "p_rf": 0.5559999942779541, "p_xgb": 0.9876638054847717, "date": "2026-02-19"}}, {"type": "Feature", "geometry": {"type": "Point", "coordinates": [-82.72500000169202, 35.441666667246004]}, "properties": {"p_logistic": 0.49934008717536926, "p_rf": 0.527999997138977, "p_xgb": 0.9867483377456665, "date": "2026-02-19"}}, {"type": "Feature", "geometry": {"type": "Point", "coordinates": [-82.62500000169601, 35.441666667246004]}, "properties": {"p_logistic": 0.4907614588737488, "p_rf": 0.5080000162124634, "p_xgb": 0.9837188124656677, "date": "2026-02-19"}}, {"type": "Feature", "geometry": {"type": "Point", "coordinates": [-82.61666666836302, 35.441666667246004]}, "properties": {"p_logistic": 0.4902490973472595, "p_rf": 0.5320000052452087, "p_xgb": 0.9837188124656677, "date": "2026-02-19"}}, {"type": "Feature", "geometry": {"type": "Point", "coordinates": [-82.60000000169703, 35.441666667246004]}, "properties": {"p_logistic": 0.48946571350097656, "p_rf": 0.5680000185966492, "p_xgb": 0.9853128790855408, "date": "2026-02-19"}}, {"type": "Feature", "geometry": {"type": "Point", "coordinates": [-82.59166666836401, 35.441666667246004]}, "properties": {"p_logistic": 0.4896281659603119, "p_rf": 0.5320000052452087, "p_xgb": 0.9837188124656677, "date": "2026-02-19"}}, {"type": "Feature", "geometry": {"type": "Point", "coordinates": [-82.58333333503101, 35.441666667246004]}, "properties": {"p_logistic": 0.4901396930217743, "p_rf": 0.5099999904632568, "p_xgb": 0.9837188124656677, "date": "2026-02-19"}}, {"type": "Feature", "geometry": {"type": "Point", "coordinates": [-82.57500000169802, 35.441666667246004]}, "properties": {"p_logistic": 0.4907497763633728, "p_rf": 0.5379999876022339, "p_xgb": 0.9874054789543152, "date": "2026-02-19"}}, {"type": "Feature", "geometry": {"type": "Point", "coordinates": [-82.56666666836502, 35.441666667246004]}, "properties": {"p_logistic": 0.4903111159801483, "p_rf": 0.5519999861717224, "p_xgb": 0.9874054789543152, "date": "2026-02-19"}}, {"type": "Feature", "geometry": {"type": "Point", "coordinates": [-82.54166666836602, 35.441666667246004]}, "properties": {"p_logistic": 0.4869205355644226, "p_rf": 0.5759999752044678, "p_xgb": 0.9844974279403687, "date": "2026-02-19"}}, {"type": "Feature", "geometry": {"type": "Point", "coordinates": [-82.76666666835702, 35.433333333913005]}, "properties": {"p_logistic": 0.5040820240974426, "p_rf": 0.5339999794960022, "p_xgb": 0.9895732998847961, "date": "2026-02-19"}}, {"type": "Feature", "geometry": {"type": "Point", "coordinates": [-82.75833333502402, 35.433333333913005]}, "properties": {"p_logistic": 0.5030497312545776, "p_rf": 0.5419999957084656, "p_xgb": 0.9885486364364624, "date": "2026-02-19"}}, {"type": "Feature", "geometry": {"type": "Point", "coordinates": [-82.75000000169102, 35.433333333913005]}, "properties": {"p_logistic": 0.5029444694519043, "p_rf": 0.5440000295639038, "p_xgb": 0.9885486364364624, "date": "2026-02-19"}}, {"type": "Feature", "geometry": {"type": "Point", "coordinates": [-82.74166666835802, 35.433333333913005]}, "properties": {"p_logistic": 0.5027152895927429, "p_rf": 0.5400000214576721, "p_xgb": 0.9895732998847961, "date": "2026-02-19"}}, {"type": "Feature", "geometry": {"type": "Point", "coordinates": [-82.73333333502501, 35.433333333913005]}, "properties": {"p_logistic": 0.5018996000289917, "p_rf": 0.5400000214576721, "p_xgb": 0.9895732998847961, "date": "2026-02-19"}}, {"type": "Feature", "geometry": {"type": "Point", "coordinates": [-82.57500000169802, 35.433333333913005]}, "properties": {"p_logistic": 0.49110254645347595, "p_rf": 0.5099999904632568, "p_xgb": 0.9885352253913879, "date": "2026-02-19"}}, {"type": "Feature", "geometry": {"type": "Point", "coordinates": [-82.54166666836602, 35.433333333913005]}, "properties": {"p_logistic": 0.48680317401885986, "p_rf": 0.5799999833106995, "p_xgb": 0.9888694286346436, "date": "2026-02-19"}}, {"type": "Feature", "geometry": {"type": "Point", "coordinates": [-82.53333333503302, 35.433333333913005]}, "properties": {"p_logistic": 0.48539823293685913, "p_rf": 0.5920000076293945, "p_xgb": 0.9851694107055664, "date": "2026-02-19"}}, {"type": "Feature", "geometry": {"type": "Point", "coordinates": [-82.54166666836602, 35.425000000580006]}, "properties": {"p_logistic": 0.48649534583091736, "p_rf": 0.5759999752044678, "p_xgb": 0.9906394481658936, "date": "2026-02-19"}}, {"type": "Feature", "geometry": {"type": "Point", "coordinates": [-82.53333333503302, 35.425000000580006]}, "properties": {"p_logistic": 0.4855014979839325, "p_rf": 0.5920000076293945, "p_xgb": 0.9888694286346436, "date": "2026-02-19"}}]}