{"type": "FeatureCollection", "features": [{"type": "Feature", "geometry": {"type": "Point", "coordinates": [-82.40833333503801, 35.816666667231004]}, "properties": {"p_logistic": 0.45368993282318115, "p_rf": 0.8059999942779541, "p_xgb": 0.9916131496429443, "date": "2025-12-22"}}, {"type": "Feature", "geometry": {"type": "Point", "coordinates": [-82.40000000170502, 35.816666667231004]}, "properties": {"p_logistic": 0.4529866576194763, "p_rf": 0.7639999985694885, "p_xgb": 0.9894730448722839, "date": "2025-12-22"}}, {"type": "Feature", "geometry": {"type": "Point", "coordinates": [-82.39166666837201, 35.816666667231004]}, "properties": {"p_logistic": 0.4508766531944275, "p_rf": 0.7480000257492065, "p_xgb": 0.9924986958503723, "date": "2025-12-22"}}, {"type": "Feature", "geometry": {"type": "Point", "coordinates": [-82.38333333503903, 35.816666667231004]}, "properties": {"p_logistic": 0.4485384225845337, "p_rf": 0.671999990940094, "p_xgb": 0.9915598034858704, "date": "2025-12-22"}}, {"type": "Feature", "geometry": {"type": "Point", "coordinates": [-82.37500000170601, 35.816666667231004]}, "properties": {"p_logistic": 0.4477580189704895, "p_rf": 0.6480000019073486, "p_xgb": 0.9910029172897339, "date": "2025-12-22"}}, {"type": "Feature", "geometry": {"type": "Point", "coordinates": [-82.36666666837301, 35.816666667231004]}, "properties": {"p_logistic": 0.44766440987586975, "p_rf": 0.6460000276565552, "p_xgb": 0.9917209148406982, "date": "2025-12-22"}}, {"type": "Feature", "geometry": {"type": "Point", "coordinates": [-82.35833333504002, 35.816666667231004]}, "properties": {"p_logistic": 0.44664105772972107, "p_rf": 0.6620000004768372, "p_xgb": 0.9928120970726013, "date": "2025-12-22"}}, {"type": "Feature", "geometry": {"type": "Point", "coordinates": [-82.45833333503602, 35.808333333898005]}, "properties": {"p_logistic": 0.46324068307876587, "p_rf": 0.843999981880188, "p_xgb": 0.9941971302032471, "date": "2025-12-22"}}, {"type": "Feature", "geometry": {"type": "Point", "coordinates": [-82.45000000170302, 35.808333333898005]}, "properties": {"p_logistic": 0.4628533124923706, "p_rf": 0.843999981880188, "p_xgb": 0.9926390647888184, "date": "2025-12-22"}}, {"type": "Feature", "geometry": {"type": "Point", "coordinates": [-82.44166666837002, 35.808333333898005]}, "properties": {"p_logistic": 0.4623981714248657, "p_rf": 0.8679999709129333, "p_xgb": 0.9900840520858765, "date": "2025-12-22"}}, {"type": "Feature", "geometry": {"type": "Point", "coordinates": [-82.43333333503702, 35.808333333898005]}, "properties": {"p_logistic": 0.46163079142570496, "p_rf": 0.8759999871253967, "p_xgb": 0.9962085485458374, "date": "2025-12-22"}}, {"type": "Feature", "geometry": {"type": "Point", "coordinates": [-82.42500000170402, 35.808333333898005]}, "properties": {"p_logistic": 0.45997995138168335, "p_rf": 0.8740000128746033, "p_xgb": 0.9943916201591492, "date": "2025-12-22"}}, {"type": "Feature", "geometry": {"type": "Point", "coordinates": [-82.41666666837102, 35.808333333898005]}, "properties": {"p_logistic": 0.45786648988723755, "p_rf": 0.8379999995231628, "p_xgb": 0.9903299808502197, "date": "2025-12-22"}}, {"type": "Feature", "geometry": {"type": "Point", "coordinates": [-82.40833333503801, 35.808333333898005]}, "properties": {"p_logistic": 0.45489659905433655, "p_rf": 0.8199999928474426, "p_xgb": 0.990932822227478, "date": "2025-12-22"}}, {"type": "Feature", "geometry": {"type": "Point", "coordinates": [-82.40000000170502, 35.808333333898005]}, "properties": {"p_logistic": 0.45308324694633484, "p_rf": 0.7979999780654907, "p_xgb": 0.9925411939620972, "date": "2025-12-22"}}, {"type": "Feature", "geometry": {"type": "Point", "coordinates": [-82.39166666837201, 35.808333333898005]}, "properties": {"p_logistic": 0.45064350962638855, "p_rf": 0.7599999904632568, "p_xgb": 0.9909064769744873, "date": "2025-12-22"}}, {"type": "Feature", "geometry": {"type": "Point", "coordinates": [-82.38333333503903, 35.808333333898005]}, "properties": {"p_logistic": 0.44848620891571045, "p_rf": 0.7440000176429749, "p_xgb": 0.9942270517349243, "date": "2025-12-22"}}, {"type": "Feature", "geometry": {"type": "Point", "coordinates": [-82.37500000170601, 35.808333333898005]}, "properties": {"p_logistic": 0.4483218491077423, "p_rf": 0.6499999761581421, "p_xgb": 0.9907442927360535, "date": "2025-12-22"}}, {"type": "Feature", "geometry": {"type": "Point", "coordinates": [-82.36666666837301, 35.808333333898005]}, "properties": {"p_logistic": 0.4480660855770111, "p_rf": 0.6439999938011169, "p_xgb": 0.9912034273147583, "date": "2025-12-22"}}, {"type": "Feature", "geometry": {"type": "Point", "coordinates": [-82.35833333504002, 35.808333333898005]}, "properties": {"p_logistic": 0.4477936625480652, "p_rf": 0.6620000004768372, "p_xgb": 0.9928120970726013, "date": "2025-12-22"}}, {"type": "Feature", "geometry": {"type": "Point", "coordinates": [-82.35000000170702, 35.808333333898005]}, "properties": {"p_logistic": 0.44764116406440735, "p_rf": 0.6660000085830688, "p_xgb": 0.9873008728027344, "date": "2025-12-22"}}, {"type": "Feature", "geometry": {"type": "Point", "coordinates": [-82.51666666836701, 35.80000000056501]}, "properties": {"p_logistic": 0.4717825949192047, "p_rf": 0.8259999752044678, "p_xgb": 0.993224024772644, "date": "2025-12-22"}}, {"type": "Feature", "geometry": {"type": "Point", "coordinates": [-82.50833333503402, 35.80000000056501]}, "properties": {"p_logistic": 0.47082892060279846, "p_rf": 0.8320000171661377, "p_xgb": 0.9947191476821899, "date": "2025-12-22"}}, {"type": "Feature", "geometry": {"type": "Point", "coordinates": [-82.50000000170101, 35.80000000056501]}, "properties": {"p_logistic": 0.47007694840431213, "p_rf": 0.8320000171661377, "p_xgb": 0.9941971302032471, "date": "2025-12-22"}}, {"type": "Feature", "geometry": {"type": "Point", "coordinates": [-82.49166666836803, 35.80000000056501]}, "properties": {"p_logistic": 0.4693639874458313, "p_rf": 0.843999981880188, "p_xgb": 0.9941971302032471, "date": "2025-12-22"}}, {"type": "Feature", "geometry": {"type": "Point", "coordinates": [-82.46666666836902, 35.80000000056501]}, "properties": {"p_logistic": 0.46576055884361267, "p_rf": 0.8339999914169312, "p_xgb": 0.9947191476821899, "date": "2025-12-22"}}, {"type": "Feature", "geometry": {"type": "Point", "coordinates": [-82.45833333503602, 35.80000000056501]}, "properties": {"p_logistic": 0.46449512243270874, "p_rf": 0.843999981880188, "p_xgb": 0.9941971302032471, "date": "2025-12-22"}}, {"type": "Feature", "geometry": {"type": "Point", "coordinates": [-82.45000000170302, 35.80000000056501]}, "properties": {"p_logistic": 0.4645487368106842, "p_rf": 0.843999981880188, "p_xgb": 0.9926390647888184, "date": "2025-12-22"}}, {"type": "Feature", "geometry": {"type": "Point", "coordinates": [-82.44166666837002, 35.80000000056501]}, "properties": {"p_logistic": 0.4641761779785156, "p_rf": 0.8679999709129333, "p_xgb": 0.9936237335205078, "date": "2025-12-22"}}, {"type": "Feature", "geometry": {"type": "Point", "coordinates": [-82.43333333503702, 35.80000000056501]}, "properties": {"p_logistic": 0.46332696080207825, "p_rf": 0.8740000128746033, "p_xgb": 0.9974629878997803, "date": "2025-12-22"}}, {"type": "Feature", "geometry": {"type": "Point", "coordinates": [-82.42500000170402, 35.80000000056501]}, "properties": {"p_logistic": 0.46165767312049866, "p_rf": 0.8759999871253967, "p_xgb": 0.9947146773338318, "date": "2025-12-22"}}, {"type": "Feature", "geometry": {"type": "Point", "coordinates": [-82.41666666837102, 35.80000000056501]}, "properties": {"p_logistic": 0.4596775472164154, "p_rf": 0.8600000143051147, "p_xgb": 0.9916741251945496, "date": "2025-12-22"}}, {"type": "Feature", "geometry": {"type": "Point", "coordinates": [-82.40833333503801, 35.80000000056501]}, "properties": {"p_logistic": 0.45646703243255615, "p_rf": 0.8180000185966492, "p_xgb": 0.9912791848182678, "date": "2025-12-22"}}, {"type": "Feature", "geometry": {"type": "Point", "coordinates": [-82.40000000170502, 35.80000000056501]}, "properties": {"p_logistic": 0.4540947675704956, "p_rf": 0.8019999861717224, "p_xgb": 0.991193950176239, "date": "2025-12-22"}}, {"type": "Feature", "geometry": {"type": "Point", "coordinates": [-82.39166666837201, 35.80000000056501]}, "properties": {"p_logistic": 0.4513295888900757, "p_rf": 0.7599999904632568, "p_xgb": 0.9894730448722839, "date": "2025-12-22"}}, {"type": "Feature", "geometry": {"type": "Point", "coordinates": [-82.38333333503903, 35.80000000056501]}, "properties": {"p_logistic": 0.449036568403244, "p_rf": 0.7480000257492065, "p_xgb": 0.9927045702934265, "date": "2025-12-22"}}, {"type": "Feature", "geometry": {"type": "Point", "coordinates": [-82.37500000170601, 35.80000000056501]}, "properties": {"p_logistic": 0.44932499527931213, "p_rf": 0.6539999842643738, "p_xgb": 0.9915598034858704, "date": "2025-12-22"}}, {"type": "Feature", "geometry": {"type": "Point", "coordinates": [-82.36666666837301, 35.80000000056501]}, "properties": {"p_logistic": 0.4492793679237366, "p_rf": 0.6460000276565552, "p_xgb": 0.9912034273147583, "date": "2025-12-22"}}, {"type": "Feature", "geometry": {"type": "Point", "coordinates": [-82.35833333504002, 35.80000000056501]}, "properties": {"p_logistic": 0.4490983784198761, "p_rf": 0.6520000100135803, "p_xgb": 0.9917209148406982, "date": "2025-12-22"}}, {"type": "Feature", "geometry": {"type": "Point", "coordinates": [-82.35000000170702, 35.80000000056501]}, "properties": {"p_logistic": 0.4490342140197754, "p_rf": 0.6660000085830688, "p_xgb": 0.9873008728027344, "date": "2025-12-22"}}, {"type": "Feature", "geometry": {"type": "Point", "coordinates": [-82.34166666837402, 35.80000000056501]}, "properties": {"p_logistic": 0.44881078600883484, "p_rf": 0.6840000152587891, "p_xgb": 0.9877669811248779, "date": "2025-12-22"}}, {"type": "Feature", "geometry": {"type": "Point", "coordinates": [-82.53333333503302, 35.79166666723201]}, "properties": {"p_logistic": 0.47435107827186584, "p_rf": 0.8259999752044678, "p_xgb": 0.9907466173171997, "date": "2025-12-22"}}, {"type": "Feature", "geometry": {"type": "Point", "coordinates": [-82.52500000170002, 35.79166666723201]}, "properties": {"p_logistic": 0.4739956855773926, "p_rf": 0.8259999752044678, "p_xgb": 0.9907466173171997, "date": "2025-12-22"}}, {"type": "Feature", "geometry": {"type": "Point", "coordinates": [-82.51666666836701, 35.79166666723201]}, "properties": {"p_logistic": 0.473618745803833, "p_rf": 0.8259999752044678, "p_xgb": 0.9909583330154419, "date": "2025-12-22"}}, {"type": "Feature", "geometry": {"type": "Point", "coordinates": [-82.50833333503402, 35.79166666723201]}, "properties": {"p_logistic": 0.47262367606163025, "p_rf": 0.8320000171661377, "p_xgb": 0.993224024772644, "date": "2025-12-22"}}, {"type": "Feature", "geometry": {"type": "Point", "coordinates": [-82.50000000170101, 35.79166666723201]}, "properties": {"p_logistic": 0.4719752371311188, "p_rf": 0.8320000171661377, "p_xgb": 0.9941971302032471, "date": "2025-12-22"}}, {"type": "Feature", "geometry": {"type": "Point", "coordinates": [-82.49166666836803, 35.79166666723201]}, "properties": {"p_logistic": 0.471157044172287, "p_rf": 0.843999981880188, "p_xgb": 0.9941971302032471, "date": "2025-12-22"}}, {"type": "Feature", "geometry": {"type": "Point", "coordinates": [-82.48333333503501, 35.79166666723201]}, "properties": {"p_logistic": 0.47012895345687866, "p_rf": 0.843999981880188, "p_xgb": 0.9941971302032471, "date": "2025-12-22"}}, {"type": "Feature", "geometry": {"type": "Point", "coordinates": [-82.47500000170201, 35.79166666723201]}, "properties": {"p_logistic": 0.46922388672828674, "p_rf": 0.843999981880188, "p_xgb": 0.9941971302032471, "date": "2025-12-22"}}, {"type": "Feature", "geometry": {"type": "Point", "coordinates": [-82.46666666836902, 35.79166666723201]}, "properties": {"p_logistic": 0.4682244658470154, "p_rf": 0.843999981880188, "p_xgb": 0.9941971302032471, "date": "2025-12-22"}}, {"type": "Feature", "geometry": {"type": "Point", "coordinates": [-82.45833333503602, 35.79166666723201]}, "properties": {"p_logistic": 0.46777117252349854, "p_rf": 0.843999981880188, "p_xgb": 0.9941971302032471, "date": "2025-12-22"}}, {"type": "Feature", "geometry": {"type": "Point", "coordinates": [-82.45000000170302, 35.79166666723201]}, "properties": {"p_logistic": 0.46730342507362366, "p_rf": 0.843999981880188, "p_xgb": 0.9926390647888184, "date": "2025-12-22"}}, {"type": "Feature", "geometry": {"type": "Point", "coordinates": [-82.44166666837002, 35.79166666723201]}, "properties": {"p_logistic": 0.4659729301929474, "p_rf": 0.8399999737739563, "p_xgb": 0.9928290247917175, "date": "2025-12-22"}}, {"type": "Feature", "geometry": {"type": "Point", "coordinates": [-82.43333333503702, 35.79166666723201]}, "properties": {"p_logistic": 0.4642832279205322, "p_rf": 0.8700000047683716, "p_xgb": 0.9967030882835388, "date": "2025-12-22"}}, {"type": "Feature", "geometry": {"type": "Point", "coordinates": [-82.42500000170402, 35.79166666723201]}, "properties": {"p_logistic": 0.4625381529331207, "p_rf": 0.8759999871253967, "p_xgb": 0.9962085485458374, "date": "2025-12-22"}}, {"type": "Feature", "geometry": {"type": "Point", "coordinates": [-82.41666666837102, 35.79166666723201]}, "properties": {"p_logistic": 0.4609793424606323, "p_rf": 0.8640000224113464, "p_xgb": 0.9920967817306519, "date": "2025-12-22"}}, {"type": "Feature", "geometry": {"type": "Point", "coordinates": [-82.40833333503801, 35.79166666723201]}, "properties": {"p_logistic": 0.46038469672203064, "p_rf": 0.8199999928474426, "p_xgb": 0.9917287230491638, "date": "2025-12-22"}}, {"type": "Feature", "geometry": {"type": "Point", "coordinates": [-82.40000000170502, 35.79166666723201]}, "properties": {"p_logistic": 0.45720818638801575, "p_rf": 0.8019999861717224, "p_xgb": 0.991193950176239, "date": "2025-12-22"}}, {"type": "Feature", "geometry": {"type": "Point", "coordinates": [-82.39166666837201, 35.79166666723201]}, "properties": {"p_logistic": 0.4538118839263916, "p_rf": 0.7580000162124634, "p_xgb": 0.9894730448722839, "date": "2025-12-22"}}, {"type": "Feature", "geometry": {"type": "Point", "coordinates": [-82.38333333503903, 35.79166666723201]}, "properties": {"p_logistic": 0.45150211453437805, "p_rf": 0.7519999742507935, "p_xgb": 0.9924986958503723, "date": "2025-12-22"}}, {"type": "Feature", "geometry": {"type": "Point", "coordinates": [-82.37500000170601, 35.79166666723201]}, "properties": {"p_logistic": 0.4523853659629822, "p_rf": 0.656000018119812, "p_xgb": 0.9936339855194092, "date": "2025-12-22"}}, {"type": "Feature", "geometry": {"type": "Point", "coordinates": [-82.36666666837301, 35.79166666723201]}, "properties": {"p_logistic": 0.453005313873291, "p_rf": 0.6460000276565552, "p_xgb": 0.9912034273147583, "date": "2025-12-22"}}, {"type": "Feature", "geometry": {"type": "Point", "coordinates": [-82.35833333504002, 35.79166666723201]}, "properties": {"p_logistic": 0.4523240029811859, "p_rf": 0.6539999842643738, "p_xgb": 0.9916656613349915, "date": "2025-12-22"}}, {"type": "Feature", "geometry": {"type": "Point", "coordinates": [-82.35000000170702, 35.79166666723201]}, "properties": {"p_logistic": 0.4515804648399353, "p_rf": 0.671999990940094, "p_xgb": 0.9864926934242249, "date": "2025-12-22"}}, {"type": "Feature", "geometry": {"type": "Point", "coordinates": [-82.55833333503202, 35.783333333899]}, "properties": {"p_logistic": 0.47671201825141907, "p_rf": 0.8180000185966492, "p_xgb": 0.9890433549880981, "date": "2025-12-22"}}, {"type": "Feature", "geometry": {"type": "Point", "coordinates": [-82.55000000169902, 35.783333333899]}, "properties": {"p_logistic": 0.47667890787124634, "p_rf": 0.8199999928474426, "p_xgb": 0.9895584583282471, "date": "2025-12-22"}}, {"type": "Feature", "geometry": {"type": "Point", "coordinates": [-82.54166666836602, 35.783333333899]}, "properties": {"p_logistic": 0.4763897657394409, "p_rf": 0.8220000267028809, "p_xgb": 0.9898762106895447, "date": "2025-12-22"}}, {"type": "Feature", "geometry": {"type": "Point", "coordinates": [-82.53333333503302, 35.783333333899]}, "properties": {"p_logistic": 0.47595617175102234, "p_rf": 0.8220000267028809, "p_xgb": 0.9907466173171997, "date": "2025-12-22"}}, {"type": "Feature", "geometry": {"type": "Point", "coordinates": [-82.52500000170002, 35.783333333899]}, "properties": {"p_logistic": 0.4756731688976288, "p_rf": 0.8259999752044678, "p_xgb": 0.9907466173171997, "date": "2025-12-22"}}, {"type": "Feature", "geometry": {"type": "Point", "coordinates": [-82.51666666836701, 35.783333333899]}, "properties": {"p_logistic": 0.47491928935050964, "p_rf": 0.8259999752044678, "p_xgb": 0.9907466173171997, "date": "2025-12-22"}}, {"type": "Feature", "geometry": {"type": "Point", "coordinates": [-82.50833333503402, 35.783333333899]}, "properties": {"p_logistic": 0.4741987884044647, "p_rf": 0.8320000171661377, "p_xgb": 0.9909583330154419, "date": "2025-12-22"}}, {"type": "Feature", "geometry": {"type": "Point", "coordinates": [-82.50000000170101, 35.783333333899]}, "properties": {"p_logistic": 0.4733109176158905, "p_rf": 0.843999981880188, "p_xgb": 0.9925554394721985, "date": "2025-12-22"}}, {"type": "Feature", "geometry": {"type": "Point", "coordinates": [-82.49166666836803, 35.783333333899]}, "properties": {"p_logistic": 0.4727204442024231, "p_rf": 0.843999981880188, "p_xgb": 0.9941971302032471, "date": "2025-12-22"}}, {"type": "Feature", "geometry": {"type": "Point", "coordinates": [-82.48333333503501, 35.783333333899]}, "properties": {"p_logistic": 0.4725736379623413, "p_rf": 0.843999981880188, "p_xgb": 0.9941971302032471, "date": "2025-12-22"}}, {"type": "Feature", "geometry": {"type": "Point", "coordinates": [-82.47500000170201, 35.783333333899]}, "properties": {"p_logistic": 0.4718184769153595, "p_rf": 0.843999981880188, "p_xgb": 0.9941971302032471, "date": "2025-12-22"}}, {"type": "Feature", "geometry": {"type": "Point", "coordinates": [-82.46666666836902, 35.783333333899]}, "properties": {"p_logistic": 0.47108349204063416, "p_rf": 0.8460000157356262, "p_xgb": 0.9941971302032471, "date": "2025-12-22"}}, {"type": "Feature", "geometry": {"type": "Point", "coordinates": [-82.45833333503602, 35.783333333899]}, "properties": {"p_logistic": 0.4705585539340973, "p_rf": 0.843999981880188, "p_xgb": 0.9926390647888184, "date": "2025-12-22"}}, {"type": "Feature", "geometry": {"type": "Point", "coordinates": [-82.45000000170302, 35.783333333899]}, "properties": {"p_logistic": 0.47030365467071533, "p_rf": 0.8379999995231628, "p_xgb": 0.9928290247917175, "date": "2025-12-22"}}, {"type": "Feature", "geometry": {"type": "Point", "coordinates": [-82.44166666837002, 35.783333333899]}, "properties": {"p_logistic": 0.46941643953323364, "p_rf": 0.8679999709129333, "p_xgb": 0.9970171451568604, "date": "2025-12-22"}}, {"type": "Feature", "geometry": {"type": "Point", "coordinates": [-82.43333333503702, 35.783333333899]}, "properties": {"p_logistic": 0.46767458319664, "p_rf": 0.8700000047683716, "p_xgb": 0.9970171451568604, "date": "2025-12-22"}}, {"type": "Feature", "geometry": {"type": "Point", "coordinates": [-82.42500000170402, 35.783333333899]}, "properties": {"p_logistic": 0.4654224216938019, "p_rf": 0.8759999871253967, "p_xgb": 0.9962085485458374, "date": "2025-12-22"}}, {"type": "Feature", "geometry": {"type": "Point", "coordinates": [-82.41666666837102, 35.783333333899]}, "properties": {"p_logistic": 0.4645233750343323, "p_rf": 0.8379999995231628, "p_xgb": 0.9910435676574707, "date": "2025-12-22"}}, {"type": "Feature", "geometry": {"type": "Point", "coordinates": [-82.40833333503801, 35.783333333899]}, "properties": {"p_logistic": 0.4659501910209656, "p_rf": 0.8019999861717224, "p_xgb": 0.9913151860237122, "date": "2025-12-22"}}, {"type": "Feature", "geometry": {"type": "Point", "coordinates": [-82.40000000170502, 35.783333333899]}, "properties": {"p_logistic": 0.4637230336666107, "p_rf": 0.7599999904632568, "p_xgb": 0.986575186252594, "date": "2025-12-22"}}, {"type": "Feature", "geometry": {"type": "Point", "coordinates": [-82.39166666837201, 35.783333333899]}, "properties": {"p_logistic": 0.4604688882827759, "p_rf": 0.7519999742507935, "p_xgb": 0.9924986958503723, "date": "2025-12-22"}}, {"type": "Feature", "geometry": {"type": "Point", "coordinates": [-82.38333333503903, 35.783333333899]}, "properties": {"p_logistic": 0.4583451747894287, "p_rf": 0.7440000176429749, "p_xgb": 0.9954291582107544, "date": "2025-12-22"}}, {"type": "Feature", "geometry": {"type": "Point", "coordinates": [-82.37500000170601, 35.783333333899]}, "properties": {"p_logistic": 0.4578877091407776, "p_rf": 0.6499999761581421, "p_xgb": 0.9939678907394409, "date": "2025-12-22"}}, {"type": "Feature", "geometry": {"type": "Point", "coordinates": [-82.36666666837301, 35.783333333899]}, "properties": {"p_logistic": 0.45758941769599915, "p_rf": 0.6439999938011169, "p_xgb": 0.9927487969398499, "date": "2025-12-22"}}, {"type": "Feature", "geometry": {"type": "Point", "coordinates": [-82.35833333504002, 35.783333333899]}, "properties": {"p_logistic": 0.4560999572277069, "p_rf": 0.6620000004768372, "p_xgb": 0.9916656613349915, "date": "2025-12-22"}}, {"type": "Feature", "geometry": {"type": "Point", "coordinates": [-82.35000000170702, 35.783333333899]}, "properties": {"p_logistic": 0.4547506272792816, "p_rf": 0.6740000247955322, "p_xgb": 0.9874377846717834, "date": "2025-12-22"}}, {"type": "Feature", "geometry": {"type": "Point", "coordinates": [-82.57500000169802, 35.775000000566]}, "properties": {"p_logistic": 0.4802446961402893, "p_rf": 0.8140000104904175, "p_xgb": 0.9890433549880981, "date": "2025-12-22"}}, {"type": "Feature", "geometry": {"type": "Point", "coordinates": [-82.56666666836502, 35.775000000566]}, "properties": {"p_logistic": 0.479533314704895, "p_rf": 0.8180000185966492, "p_xgb": 0.9890433549880981, "date": "2025-12-22"}}, {"type": "Feature", "geometry": {"type": "Point", "coordinates": [-82.55833333503202, 35.775000000566]}, "properties": {"p_logistic": 0.47845664620399475, "p_rf": 0.8140000104904175, "p_xgb": 0.9890433549880981, "date": "2025-12-22"}}, {"type": "Feature", "geometry": {"type": "Point", "coordinates": [-82.55000000169902, 35.775000000566]}, "properties": {"p_logistic": 0.4779493510723114, "p_rf": 0.8199999928474426, "p_xgb": 0.9890433549880981, "date": "2025-12-22"}}, {"type": "Feature", "geometry": {"type": "Point", "coordinates": [-82.54166666836602, 35.775000000566]}, "properties": {"p_logistic": 0.4775969982147217, "p_rf": 0.8199999928474426, "p_xgb": 0.9895584583282471, "date": "2025-12-22"}}, {"type": "Feature", "geometry": {"type": "Point", "coordinates": [-82.53333333503302, 35.775000000566]}, "properties": {"p_logistic": 0.4774238169193268, "p_rf": 0.8220000267028809, "p_xgb": 0.9898762106895447, "date": "2025-12-22"}}, {"type": "Feature", "geometry": {"type": "Point", "coordinates": [-82.52500000170002, 35.775000000566]}, "properties": {"p_logistic": 0.4774143695831299, "p_rf": 0.8259999752044678, "p_xgb": 0.9907466173171997, "date": "2025-12-22"}}, {"type": "Feature", "geometry": {"type": "Point", "coordinates": [-82.51666666836701, 35.775000000566]}, "properties": {"p_logistic": 0.4767454266548157, "p_rf": 0.8259999752044678, "p_xgb": 0.9907466173171997, "date": "2025-12-22"}}, {"type": "Feature", "geometry": {"type": "Point", "coordinates": [-82.50833333503402, 35.775000000566]}, "properties": {"p_logistic": 0.4755580425262451, "p_rf": 0.8320000171661377, "p_xgb": 0.9907466173171997, "date": "2025-12-22"}}, {"type": "Feature", "geometry": {"type": "Point", "coordinates": [-82.50000000170101, 35.775000000566]}, "properties": {"p_logistic": 0.47489967942237854, "p_rf": 0.843999981880188, "p_xgb": 0.9900683760643005, "date": "2025-12-22"}}, {"type": "Feature", "geometry": {"type": "Point", "coordinates": [-82.49166666836803, 35.775000000566]}, "properties": {"p_logistic": 0.4745704233646393, "p_rf": 0.8460000157356262, "p_xgb": 0.9929138422012329, "date": "2025-12-22"}}, {"type": "Feature", "geometry": {"type": "Point", "coordinates": [-82.48333333503501, 35.775000000566]}, "properties": {"p_logistic": 0.4742591679096222, "p_rf": 0.843999981880188, "p_xgb": 0.9926390647888184, "date": "2025-12-22"}}, {"type": "Feature", "geometry": {"type": "Point", "coordinates": [-82.47500000170201, 35.775000000566]}, "properties": {"p_logistic": 0.47383180260658264, "p_rf": 0.8379999995231628, "p_xgb": 0.9926390647888184, "date": "2025-12-22"}}, {"type": "Feature", "geometry": {"type": "Point", "coordinates": [-82.46666666836902, 35.775000000566]}, "properties": {"p_logistic": 0.4729924499988556, "p_rf": 0.8379999995231628, "p_xgb": 0.9928290247917175, "date": "2025-12-22"}}, {"type": "Feature", "geometry": {"type": "Point", "coordinates": [-82.45833333503602, 35.775000000566]}, "properties": {"p_logistic": 0.4726361036300659, "p_rf": 0.8399999737739563, "p_xgb": 0.9928290247917175, "date": "2025-12-22"}}, {"type": "Feature", "geometry": {"type": "Point", "coordinates": [-82.45000000170302, 35.775000000566]}, "properties": {"p_logistic": 0.4718358516693115, "p_rf": 0.8679999709129333, "p_xgb": 0.9918644428253174, "date": "2025-12-22"}}, {"type": "Feature", "geometry": {"type": "Point", "coordinates": [-82.44166666837002, 35.775000000566]}, "properties": {"p_logistic": 0.47156739234924316, "p_rf": 0.8679999709129333, "p_xgb": 0.9970171451568604, "date": "2025-12-22"}}, {"type": "Feature", "geometry": {"type": "Point", "coordinates": [-82.43333333503702, 35.775000000566]}, "properties": {"p_logistic": 0.4700787663459778, "p_rf": 0.8759999871253967, "p_xgb": 0.9975795149803162, "date": "2025-12-22"}}, {"type": "Feature", "geometry": {"type": "Point", "coordinates": [-82.42500000170402, 35.775000000566]}, "properties": {"p_logistic": 0.4677552282810211, "p_rf": 0.8759999871253967, "p_xgb": 0.9973074197769165, "date": "2025-12-22"}}, {"type": "Feature", "geometry": {"type": "Point", "coordinates": [-82.41666666837102, 35.775000000566]}, "properties": {"p_logistic": 0.4688788056373596, "p_rf": 0.8180000185966492, "p_xgb": 0.9910435676574707, "date": "2025-12-22"}}, {"type": "Feature", "geometry": {"type": "Point", "coordinates": [-82.40833333503801, 35.775000000566]}, "properties": {"p_logistic": 0.4691028892993927, "p_rf": 0.800000011920929, "p_xgb": 0.9913151860237122, "date": "2025-12-22"}}, {"type": "Feature", "geometry": {"type": "Point", "coordinates": [-82.40000000170502, 35.775000000566]}, "properties": {"p_logistic": 0.46789175271987915, "p_rf": 0.7620000243186951, "p_xgb": 0.987297773361206, "date": "2025-12-22"}}, {"type": "Feature", "geometry": {"type": "Point", "coordinates": [-82.39166666837201, 35.775000000566]}, "properties": {"p_logistic": 0.46524137258529663, "p_rf": 0.7480000257492065, "p_xgb": 0.9949230551719666, "date": "2025-12-22"}}, {"type": "Feature", "geometry": {"type": "Point", "coordinates": [-82.38333333503903, 35.775000000566]}, "properties": {"p_logistic": 0.4631246030330658, "p_rf": 0.6759999990463257, "p_xgb": 0.9944902658462524, "date": "2025-12-22"}}, {"type": "Feature", "geometry": {"type": "Point", "coordinates": [-82.37500000170601, 35.775000000566]}, "properties": {"p_logistic": 0.46216267347335815, "p_rf": 0.6499999761581421, "p_xgb": 0.9941370487213135, "date": "2025-12-22"}}, {"type": "Feature", "geometry": {"type": "Point", "coordinates": [-82.36666666837301, 35.775000000566]}, "properties": {"p_logistic": 0.4612185060977936, "p_rf": 0.6460000276565552, "p_xgb": 0.9933775067329407, "date": "2025-12-22"}}, {"type": "Feature", "geometry": {"type": "Point", "coordinates": [-82.35833333504002, 35.775000000566]}, "properties": {"p_logistic": 0.45964765548706055, "p_rf": 0.6620000004768372, "p_xgb": 0.9906711578369141, "date": "2025-12-22"}}, {"type": "Feature", "geometry": {"type": "Point", "coordinates": [-82.35000000170702, 35.775000000566]}, "properties": {"p_logistic": 0.4585011601448059, "p_rf": 0.6880000233650208, "p_xgb": 0.9862980842590332, "date": "2025-12-22"}}, {"type": "Feature", "geometry": {"type": "Point", "coordinates": [-82.59166666836401, 35.766666667233004]}, "properties": {"p_logistic": 0.4813292920589447, "p_rf": 0.8119999766349792, "p_xgb": 0.9931347370147705, "date": "2025-12-22"}}, {"type": "Feature", "geometry": {"type": "Point", "coordinates": [-82.58333333503101, 35.766666667233004]}, "properties": {"p_logistic": 0.48194196820259094, "p_rf": 0.8180000185966492, "p_xgb": 0.9931347370147705, "date": "2025-12-22"}}, {"type": "Feature", "geometry": {"type": "Point", "coordinates": [-82.57500000169802, 35.766666667233004]}, "properties": {"p_logistic": 0.48166877031326294, "p_rf": 0.8199999928474426, "p_xgb": 0.9931347370147705, "date": "2025-12-22"}}, {"type": "Feature", "geometry": {"type": "Point", "coordinates": [-82.56666666836502, 35.766666667233004]}, "properties": {"p_logistic": 0.48078081011772156, "p_rf": 0.8199999928474426, "p_xgb": 0.9890433549880981, "date": "2025-12-22"}}, {"type": "Feature", "geometry": {"type": "Point", "coordinates": [-82.55833333503202, 35.766666667233004]}, "properties": {"p_logistic": 0.4793972671031952, "p_rf": 0.8140000104904175, "p_xgb": 0.9890433549880981, "date": "2025-12-22"}}, {"type": "Feature", "geometry": {"type": "Point", "coordinates": [-82.55000000169902, 35.766666667233004]}, "properties": {"p_logistic": 0.47866564989089966, "p_rf": 0.8199999928474426, "p_xgb": 0.9890433549880981, "date": "2025-12-22"}}, {"type": "Feature", "geometry": {"type": "Point", "coordinates": [-82.54166666836602, 35.766666667233004]}, "properties": {"p_logistic": 0.4784240126609802, "p_rf": 0.8199999928474426, "p_xgb": 0.9895584583282471, "date": "2025-12-22"}}, {"type": "Feature", "geometry": {"type": "Point", "coordinates": [-82.53333333503302, 35.766666667233004]}, "properties": {"p_logistic": 0.47876104712486267, "p_rf": 0.8220000267028809, "p_xgb": 0.9893746376037598, "date": "2025-12-22"}}, {"type": "Feature", "geometry": {"type": "Point", "coordinates": [-82.52500000170002, 35.766666667233004]}, "properties": {"p_logistic": 0.4788269102573395, "p_rf": 0.8259999752044678, "p_xgb": 0.9907466173171997, "date": "2025-12-22"}}, {"type": "Feature", "geometry": {"type": "Point", "coordinates": [-82.51666666836701, 35.766666667233004]}, "properties": {"p_logistic": 0.4783838093280792, "p_rf": 0.8320000171661377, "p_xgb": 0.9907466173171997, "date": "2025-12-22"}}, {"type": "Feature", "geometry": {"type": "Point", "coordinates": [-82.50833333503402, 35.766666667233004]}, "properties": {"p_logistic": 0.47730034589767456, "p_rf": 0.843999981880188, "p_xgb": 0.9898360371589661, "date": "2025-12-22"}}, {"type": "Feature", "geometry": {"type": "Point", "coordinates": [-82.50000000170101, 35.766666667233004]}, "properties": {"p_logistic": 0.4770630896091461, "p_rf": 0.8420000076293945, "p_xgb": 0.9905605912208557, "date": "2025-12-22"}}, {"type": "Feature", "geometry": {"type": "Point", "coordinates": [-82.49166666836803, 35.766666667233004]}, "properties": {"p_logistic": 0.4767345190048218, "p_rf": 0.843999981880188, "p_xgb": 0.9936237335205078, "date": "2025-12-22"}}, {"type": "Feature", "geometry": {"type": "Point", "coordinates": [-82.48333333503501, 35.766666667233004]}, "properties": {"p_logistic": 0.47696158289909363, "p_rf": 0.8679999709129333, "p_xgb": 0.9971574544906616, "date": "2025-12-22"}}, {"type": "Feature", "geometry": {"type": "Point", "coordinates": [-82.47500000170201, 35.766666667233004]}, "properties": {"p_logistic": 0.47599074244499207, "p_rf": 0.8679999709129333, "p_xgb": 0.9971574544906616, "date": "2025-12-22"}}, {"type": "Feature", "geometry": {"type": "Point", "coordinates": [-82.46666666836902, 35.766666667233004]}, "properties": {"p_logistic": 0.4756714701652527, "p_rf": 0.8700000047683716, "p_xgb": 0.9971574544906616, "date": "2025-12-22"}}, {"type": "Feature", "geometry": {"type": "Point", "coordinates": [-82.45833333503602, 35.766666667233004]}, "properties": {"p_logistic": 0.4747758209705353, "p_rf": 0.8679999709129333, "p_xgb": 0.9971574544906616, "date": "2025-12-22"}}, {"type": "Feature", "geometry": {"type": "Point", "coordinates": [-82.45000000170302, 35.766666667233004]}, "properties": {"p_logistic": 0.4746602773666382, "p_rf": 0.8759999871253967, "p_xgb": 0.9975795149803162, "date": "2025-12-22"}}, {"type": "Feature", "geometry": {"type": "Point", "coordinates": [-82.44166666837002, 35.766666667233004]}, "properties": {"p_logistic": 0.4733857214450836, "p_rf": 0.8759999871253967, "p_xgb": 0.9975795149803162, "date": "2025-12-22"}}, {"type": "Feature", "geometry": {"type": "Point", "coordinates": [-82.43333333503702, 35.766666667233004]}, "properties": {"p_logistic": 0.47145262360572815, "p_rf": 0.8759999871253967, "p_xgb": 0.9975795149803162, "date": "2025-12-22"}}, {"type": "Feature", "geometry": {"type": "Point", "coordinates": [-82.42500000170402, 35.766666667233004]}, "properties": {"p_logistic": 0.4692695438861847, "p_rf": 0.8700000047683716, "p_xgb": 0.9973681569099426, "date": "2025-12-22"}}, {"type": "Feature", "geometry": {"type": "Point", "coordinates": [-82.41666666837102, 35.766666667233004]}, "properties": {"p_logistic": 0.4682220220565796, "p_rf": 0.8360000252723694, "p_xgb": 0.993266224861145, "date": "2025-12-22"}}, {"type": "Feature", "geometry": {"type": "Point", "coordinates": [-82.40833333503801, 35.766666667233004]}, "properties": {"p_logistic": 0.4683595597743988, "p_rf": 0.8059999942779541, "p_xgb": 0.9917287230491638, "date": "2025-12-22"}}, {"type": "Feature", "geometry": {"type": "Point", "coordinates": [-82.40000000170502, 35.766666667233004]}, "properties": {"p_logistic": 0.46955713629722595, "p_rf": 0.7599999904632568, "p_xgb": 0.9877488017082214, "date": "2025-12-22"}}, {"type": "Feature", "geometry": {"type": "Point", "coordinates": [-82.39166666837201, 35.766666667233004]}, "properties": {"p_logistic": 0.4677315652370453, "p_rf": 0.7480000257492065, "p_xgb": 0.9913865327835083, "date": "2025-12-22"}}, {"type": "Feature", "geometry": {"type": "Point", "coordinates": [-82.38333333503903, 35.766666667233004]}, "properties": {"p_logistic": 0.4660862982273102, "p_rf": 0.671999990940094, "p_xgb": 0.9944902658462524, "date": "2025-12-22"}}, {"type": "Feature", "geometry": {"type": "Point", "coordinates": [-82.37500000170601, 35.766666667233004]}, "properties": {"p_logistic": 0.46485015749931335, "p_rf": 0.6480000019073486, "p_xgb": 0.9941370487213135, "date": "2025-12-22"}}, {"type": "Feature", "geometry": {"type": "Point", "coordinates": [-82.36666666837301, 35.766666667233004]}, "properties": {"p_logistic": 0.46363016963005066, "p_rf": 0.6460000276565552, "p_xgb": 0.9942680597305298, "date": "2025-12-22"}}, {"type": "Feature", "geometry": {"type": "Point", "coordinates": [-82.35833333504002, 35.766666667233004]}, "properties": {"p_logistic": 0.46197178959846497, "p_rf": 0.6639999747276306, "p_xgb": 0.9916579127311707, "date": "2025-12-22"}}, {"type": "Feature", "geometry": {"type": "Point", "coordinates": [-82.35000000170702, 35.766666667233004]}, "properties": {"p_logistic": 0.46083515882492065, "p_rf": 0.6840000152587891, "p_xgb": 0.9873310923576355, "date": "2025-12-22"}}, {"type": "Feature", "geometry": {"type": "Point", "coordinates": [-82.34166666837402, 35.766666667233004]}, "properties": {"p_logistic": 0.46184268593788147, "p_rf": 0.6959999799728394, "p_xgb": 0.988329291343689, "date": "2025-12-22"}}, {"type": "Feature", "geometry": {"type": "Point", "coordinates": [-82.61666666836302, 35.758333333900005]}, "properties": {"p_logistic": 0.4773092269897461, "p_rf": 0.6779999732971191, "p_xgb": 0.9572267532348633, "date": "2025-12-22"}}, {"type": "Feature", "geometry": {"type": "Point", "coordinates": [-82.60833333503001, 35.758333333900005]}, "properties": {"p_logistic": 0.47932788729667664, "p_rf": 0.6779999732971191, "p_xgb": 0.9504294395446777, "date": "2025-12-22"}}, {"type": "Feature", "geometry": {"type": "Point", "coordinates": [-82.60000000169703, 35.758333333900005]}, "properties": {"p_logistic": 0.4812428951263428, "p_rf": 0.6819999814033508, "p_xgb": 0.9580385088920593, "date": "2025-12-22"}}, {"type": "Feature", "geometry": {"type": "Point", "coordinates": [-82.59166666836401, 35.758333333900005]}, "properties": {"p_logistic": 0.48240214586257935, "p_rf": 0.8119999766349792, "p_xgb": 0.9939653277397156, "date": "2025-12-22"}}, {"type": "Feature", "geometry": {"type": "Point", "coordinates": [-82.58333333503101, 35.758333333900005]}, "properties": {"p_logistic": 0.48281198740005493, "p_rf": 0.8199999928474426, "p_xgb": 0.9939653277397156, "date": "2025-12-22"}}, {"type": "Feature", "geometry": {"type": "Point", "coordinates": [-82.57500000169802, 35.758333333900005]}, "properties": {"p_logistic": 0.4825816750526428, "p_rf": 0.8199999928474426, "p_xgb": 0.9931347370147705, "date": "2025-12-22"}}, {"type": "Feature", "geometry": {"type": "Point", "coordinates": [-82.56666666836502, 35.758333333900005]}, "properties": {"p_logistic": 0.48177018761634827, "p_rf": 0.8199999928474426, "p_xgb": 0.9931347370147705, "date": "2025-12-22"}}, {"type": "Feature", "geometry": {"type": "Point", "coordinates": [-82.55833333503202, 35.758333333900005]}, "properties": {"p_logistic": 0.48057031631469727, "p_rf": 0.8199999928474426, "p_xgb": 0.9890433549880981, "date": "2025-12-22"}}, {"type": "Feature", "geometry": {"type": "Point", "coordinates": [-82.55000000169902, 35.758333333900005]}, "properties": {"p_logistic": 0.4799627661705017, "p_rf": 0.8199999928474426, "p_xgb": 0.9895584583282471, "date": "2025-12-22"}}, {"type": "Feature", "geometry": {"type": "Point", "coordinates": [-82.54166666836602, 35.758333333900005]}, "properties": {"p_logistic": 0.480061799287796, "p_rf": 0.8220000267028809, "p_xgb": 0.9898762106895447, "date": "2025-12-22"}}, {"type": "Feature", "geometry": {"type": "Point", "coordinates": [-82.53333333503302, 35.758333333900005]}, "properties": {"p_logistic": 0.48044946789741516, "p_rf": 0.8259999752044678, "p_xgb": 0.9907466173171997, "date": "2025-12-22"}}, {"type": "Feature", "geometry": {"type": "Point", "coordinates": [-82.52500000170002, 35.758333333900005]}, "properties": {"p_logistic": 0.48069122433662415, "p_rf": 0.8320000171661377, "p_xgb": 0.9907466173171997, "date": "2025-12-22"}}, {"type": "Feature", "geometry": {"type": "Point", "coordinates": [-82.51666666836701, 35.758333333900005]}, "properties": {"p_logistic": 0.4808691442012787, "p_rf": 0.843999981880188, "p_xgb": 0.9898360371589661, "date": "2025-12-22"}}, {"type": "Feature", "geometry": {"type": "Point", "coordinates": [-82.50833333503402, 35.758333333900005]}, "properties": {"p_logistic": 0.4805279076099396, "p_rf": 0.8379999995231628, "p_xgb": 0.9871219992637634, "date": "2025-12-22"}}, {"type": "Feature", "geometry": {"type": "Point", "coordinates": [-82.50000000170101, 35.758333333900005]}, "properties": {"p_logistic": 0.4807709753513336, "p_rf": 0.8700000047683716, "p_xgb": 0.9963500499725342, "date": "2025-12-22"}}, {"type": "Feature", "geometry": {"type": "Point", "coordinates": [-82.49166666836803, 35.758333333900005]}, "properties": {"p_logistic": 0.48047828674316406, "p_rf": 0.8759999871253967, "p_xgb": 0.9976933598518372, "date": "2025-12-22"}}, {"type": "Feature", "geometry": {"type": "Point", "coordinates": [-82.48333333503501, 35.758333333900005]}, "properties": {"p_logistic": 0.4798123836517334, "p_rf": 0.8759999871253967, "p_xgb": 0.9976933598518372, "date": "2025-12-22"}}, {"type": "Feature", "geometry": {"type": "Point", "coordinates": [-82.47500000170201, 35.758333333900005]}, "properties": {"p_logistic": 0.4794432818889618, "p_rf": 0.8700000047683716, "p_xgb": 0.9975518584251404, "date": "2025-12-22"}}, {"type": "Feature", "geometry": {"type": "Point", "coordinates": [-82.46666666836902, 35.758333333900005]}, "properties": {"p_logistic": 0.479339599609375, "p_rf": 0.8679999709129333, "p_xgb": 0.9962016940116882, "date": "2025-12-22"}}, {"type": "Feature", "geometry": {"type": "Point", "coordinates": [-82.45833333503602, 35.758333333900005]}, "properties": {"p_logistic": 0.47986194491386414, "p_rf": 0.8619999885559082, "p_xgb": 0.9958450198173523, "date": "2025-12-22"}}, {"type": "Feature", "geometry": {"type": "Point", "coordinates": [-82.45000000170302, 35.758333333900005]}, "properties": {"p_logistic": 0.47957053780555725, "p_rf": 0.8360000252723694, "p_xgb": 0.995241641998291, "date": "2025-12-22"}}, {"type": "Feature", "geometry": {"type": "Point", "coordinates": [-82.44166666837002, 35.758333333900005]}, "properties": {"p_logistic": 0.47871270775794983, "p_rf": 0.828000009059906, "p_xgb": 0.995241641998291, "date": "2025-12-22"}}, {"type": "Feature", "geometry": {"type": "Point", "coordinates": [-82.43333333503702, 35.758333333900005]}, "properties": {"p_logistic": 0.47554272413253784, "p_rf": 0.8360000252723694, "p_xgb": 0.9951255917549133, "date": "2025-12-22"}}, {"type": "Feature", "geometry": {"type": "Point", "coordinates": [-82.42500000170402, 35.758333333900005]}, "properties": {"p_logistic": 0.47271716594696045, "p_rf": 0.8360000252723694, "p_xgb": 0.9951255917549133, "date": "2025-12-22"}}, {"type": "Feature", "geometry": {"type": "Point", "coordinates": [-82.41666666837102, 35.758333333900005]}, "properties": {"p_logistic": 0.47083696722984314, "p_rf": 0.828000009059906, "p_xgb": 0.993266224861145, "date": "2025-12-22"}}, {"type": "Feature", "geometry": {"type": "Point", "coordinates": [-82.40833333503801, 35.758333333900005]}, "properties": {"p_logistic": 0.4699457585811615, "p_rf": 0.8040000200271606, "p_xgb": 0.9918500185012817, "date": "2025-12-22"}}, {"type": "Feature", "geometry": {"type": "Point", "coordinates": [-82.40000000170502, 35.758333333900005]}, "properties": {"p_logistic": 0.4720463752746582, "p_rf": 0.7620000243186951, "p_xgb": 0.9884089231491089, "date": "2025-12-22"}}, {"type": "Feature", "geometry": {"type": "Point", "coordinates": [-82.39166666837201, 35.758333333900005]}, "properties": {"p_logistic": 0.47078973054885864, "p_rf": 0.7459999918937683, "p_xgb": 0.9946006536483765, "date": "2025-12-22"}}, {"type": "Feature", "geometry": {"type": "Point", "coordinates": [-82.38333333503903, 35.758333333900005]}, "properties": {"p_logistic": 0.4696376323699951, "p_rf": 0.6520000100135803, "p_xgb": 0.9939678907394409, "date": "2025-12-22"}}, {"type": "Feature", "geometry": {"type": "Point", "coordinates": [-82.37500000170601, 35.758333333900005]}, "properties": {"p_logistic": 0.4686514735221863, "p_rf": 0.6439999938011169, "p_xgb": 0.9942680597305298, "date": "2025-12-22"}}, {"type": "Feature", "geometry": {"type": "Point", "coordinates": [-82.36666666837301, 35.758333333900005]}, "properties": {"p_logistic": 0.46757176518440247, "p_rf": 0.6620000004768372, "p_xgb": 0.9945700764656067, "date": "2025-12-22"}}, {"type": "Feature", "geometry": {"type": "Point", "coordinates": [-82.35833333504002, 35.758333333900005]}, "properties": {"p_logistic": 0.46569201350212097, "p_rf": 0.6840000152587891, "p_xgb": 0.9854466915130615, "date": "2025-12-22"}}, {"type": "Feature", "geometry": {"type": "Point", "coordinates": [-82.35000000170702, 35.758333333900005]}, "properties": {"p_logistic": 0.46378299593925476, "p_rf": 0.6880000233650208, "p_xgb": 0.9896279573440552, "date": "2025-12-22"}}, {"type": "Feature", "geometry": {"type": "Point", "coordinates": [-82.34166666837402, 35.758333333900005]}, "properties": {"p_logistic": 0.46376141905784607, "p_rf": 0.7139999866485596, "p_xgb": 0.9869292974472046, "date": "2025-12-22"}}, {"type": "Feature", "geometry": {"type": "Point", "coordinates": [-82.63333333502902, 35.750000000567006]}, "properties": {"p_logistic": 0.47718268632888794, "p_rf": 0.6759999990463257, "p_xgb": 0.9572267532348633, "date": "2025-12-22"}}, {"type": "Feature", "geometry": {"type": "Point", "coordinates": [-82.62500000169601, 35.750000000567006]}, "properties": {"p_logistic": 0.4781232178211212, "p_rf": 0.6779999732971191, "p_xgb": 0.9572267532348633, "date": "2025-12-22"}}, {"type": "Feature", "geometry": {"type": "Point", "coordinates": [-82.61666666836302, 35.750000000567006]}, "properties": {"p_logistic": 0.4794517159461975, "p_rf": 0.6779999732971191, "p_xgb": 0.9572267532348633, "date": "2025-12-22"}}, {"type": "Feature", "geometry": {"type": "Point", "coordinates": [-82.60833333503001, 35.750000000567006]}, "properties": {"p_logistic": 0.4811710715293884, "p_rf": 0.6779999732971191, "p_xgb": 0.9504294395446777, "date": "2025-12-22"}}, {"type": "Feature", "geometry": {"type": "Point", "coordinates": [-82.60000000169703, 35.750000000567006]}, "properties": {"p_logistic": 0.4830484390258789, "p_rf": 0.8119999766349792, "p_xgb": 0.9735351800918579, "date": "2025-12-22"}}, {"type": "Feature", "geometry": {"type": "Point", "coordinates": [-82.59166666836401, 35.750000000567006]}, "properties": {"p_logistic": 0.4837478995323181, "p_rf": 0.8140000104904175, "p_xgb": 0.9939653277397156, "date": "2025-12-22"}}, {"type": "Feature", "geometry": {"type": "Point", "coordinates": [-82.58333333503101, 35.750000000567006]}, "properties": {"p_logistic": 0.4840003252029419, "p_rf": 0.8199999928474426, "p_xgb": 0.9939653277397156, "date": "2025-12-22"}}, {"type": "Feature", "geometry": {"type": "Point", "coordinates": [-82.57500000169802, 35.750000000567006]}, "properties": {"p_logistic": 0.48366788029670715, "p_rf": 0.8199999928474426, "p_xgb": 0.9942504167556763, "date": "2025-12-22"}}, {"type": "Feature", "geometry": {"type": "Point", "coordinates": [-82.56666666836502, 35.750000000567006]}, "properties": {"p_logistic": 0.4829469621181488, "p_rf": 0.8199999928474426, "p_xgb": 0.9934588074684143, "date": "2025-12-22"}}, {"type": "Feature", "geometry": {"type": "Point", "coordinates": [-82.55833333503202, 35.750000000567006]}, "properties": {"p_logistic": 0.48201465606689453, "p_rf": 0.8220000267028809, "p_xgb": 0.9898762106895447, "date": "2025-12-22"}}, {"type": "Feature", "geometry": {"type": "Point", "coordinates": [-82.55000000169902, 35.750000000567006]}, "properties": {"p_logistic": 0.4818551540374756, "p_rf": 0.8259999752044678, "p_xgb": 0.9907466173171997, "date": "2025-12-22"}}, {"type": "Feature", "geometry": {"type": "Point", "coordinates": [-82.54166666836602, 35.750000000567006]}, "properties": {"p_logistic": 0.4821757972240448, "p_rf": 0.8259999752044678, "p_xgb": 0.9907466173171997, "date": "2025-12-22"}}, {"type": "Feature", "geometry": {"type": "Point", "coordinates": [-82.53333333503302, 35.750000000567006]}, "properties": {"p_logistic": 0.482923299074173, "p_rf": 0.843999981880188, "p_xgb": 0.9898360371589661, "date": "2025-12-22"}}, {"type": "Feature", "geometry": {"type": "Point", "coordinates": [-82.52500000170002, 35.750000000567006]}, "properties": {"p_logistic": 0.48382046818733215, "p_rf": 0.843999981880188, "p_xgb": 0.9871219992637634, "date": "2025-12-22"}}, {"type": "Feature", "geometry": {"type": "Point", "coordinates": [-82.51666666836701, 35.750000000567006]}, "properties": {"p_logistic": 0.4844109117984772, "p_rf": 0.8399999737739563, "p_xgb": 0.988836407661438, "date": "2025-12-22"}}, {"type": "Feature", "geometry": {"type": "Point", "coordinates": [-82.50833333503402, 35.750000000567006]}, "properties": {"p_logistic": 0.48528504371643066, "p_rf": 0.8700000047683716, "p_xgb": 0.9950098991394043, "date": "2025-12-22"}}, {"type": "Feature", "geometry": {"type": "Point", "coordinates": [-82.50000000170101, 35.750000000567006]}, "properties": {"p_logistic": 0.4853645861148834, "p_rf": 0.8759999871253967, "p_xgb": 0.9970377683639526, "date": "2025-12-22"}}, {"type": "Feature", "geometry": {"type": "Point", "coordinates": [-82.49166666836803, 35.750000000567006]}, "properties": {"p_logistic": 0.48459434509277344, "p_rf": 0.8659999966621399, "p_xgb": 0.9960401058197021, "date": "2025-12-22"}}, {"type": "Feature", "geometry": {"type": "Point", "coordinates": [-82.48333333503501, 35.750000000567006]}, "properties": {"p_logistic": 0.4843566119670868, "p_rf": 0.8360000252723694, "p_xgb": 0.995465099811554, "date": "2025-12-22"}}, {"type": "Feature", "geometry": {"type": "Point", "coordinates": [-82.47500000170201, 35.750000000567006]}, "properties": {"p_logistic": 0.4843427538871765, "p_rf": 0.828000009059906, "p_xgb": 0.995465099811554, "date": "2025-12-22"}}, {"type": "Feature", "geometry": {"type": "Point", "coordinates": [-82.46666666836902, 35.750000000567006]}, "properties": {"p_logistic": 0.48461198806762695, "p_rf": 0.8180000185966492, "p_xgb": 0.995241641998291, "date": "2025-12-22"}}, {"type": "Feature", "geometry": {"type": "Point", "coordinates": [-82.45833333503602, 35.750000000567006]}, "properties": {"p_logistic": 0.48510730266571045, "p_rf": 0.8059999942779541, "p_xgb": 0.9957488775253296, "date": "2025-12-22"}}, {"type": "Feature", "geometry": {"type": "Point", "coordinates": [-82.45000000170302, 35.750000000567006]}, "properties": {"p_logistic": 0.48559725284576416, "p_rf": 0.800000011920929, "p_xgb": 0.9955354928970337, "date": "2025-12-22"}}, {"type": "Feature", "geometry": {"type": "Point", "coordinates": [-82.44166666837002, 35.750000000567006]}, "properties": {"p_logistic": 0.4855746328830719, "p_rf": 0.7720000147819519, "p_xgb": 0.9954264760017395, "date": "2025-12-22"}}, {"type": "Feature", "geometry": {"type": "Point", "coordinates": [-82.43333333503702, 35.750000000567006]}, "properties": {"p_logistic": 0.4839884638786316, "p_rf": 0.7699999809265137, "p_xgb": 0.9926475286483765, "date": "2025-12-22"}}, {"type": "Feature", "geometry": {"type": "Point", "coordinates": [-82.42500000170402, 35.750000000567006]}, "properties": {"p_logistic": 0.48156946897506714, "p_rf": 0.7680000066757202, "p_xgb": 0.9908071160316467, "date": "2025-12-22"}}, {"type": "Feature", "geometry": {"type": "Point", "coordinates": [-82.41666666837102, 35.750000000567006]}, "properties": {"p_logistic": 0.4786238372325897, "p_rf": 0.7680000066757202, "p_xgb": 0.9886506795883179, "date": "2025-12-22"}}, {"type": "Feature", "geometry": {"type": "Point", "coordinates": [-82.40833333503801, 35.750000000567006]}, "properties": {"p_logistic": 0.4767937958240509, "p_rf": 0.7599999904632568, "p_xgb": 0.9877488017082214, "date": "2025-12-22"}}, {"type": "Feature", "geometry": {"type": "Point", "coordinates": [-82.40000000170502, 35.750000000567006]}, "properties": {"p_logistic": 0.47623568773269653, "p_rf": 0.7480000257492065, "p_xgb": 0.9912657141685486, "date": "2025-12-22"}}, {"type": "Feature", "geometry": {"type": "Point", "coordinates": [-82.39166666837201, 35.750000000567006]}, "properties": {"p_logistic": 0.47478586435317993, "p_rf": 0.656000018119812, "p_xgb": 0.9934927821159363, "date": "2025-12-22"}}, {"type": "Feature", "geometry": {"type": "Point", "coordinates": [-82.38333333503903, 35.750000000567006]}, "properties": {"p_logistic": 0.47349122166633606, "p_rf": 0.6480000019073486, "p_xgb": 0.9941370487213135, "date": "2025-12-22"}}, {"type": "Feature", "geometry": {"type": "Point", "coordinates": [-82.37500000170601, 35.750000000567006]}, "properties": {"p_logistic": 0.4726141095161438, "p_rf": 0.6480000019073486, "p_xgb": 0.9942680597305298, "date": "2025-12-22"}}, {"type": "Feature", "geometry": {"type": "Point", "coordinates": [-82.36666666837301, 35.750000000567006]}, "properties": {"p_logistic": 0.47096291184425354, "p_rf": 0.6660000085830688, "p_xgb": 0.9904059767723083, "date": "2025-12-22"}}, {"type": "Feature", "geometry": {"type": "Point", "coordinates": [-82.35833333504002, 35.750000000567006]}, "properties": {"p_logistic": 0.46926721930503845, "p_rf": 0.6859999895095825, "p_xgb": 0.9865430593490601, "date": "2025-12-22"}}, {"type": "Feature", "geometry": {"type": "Point", "coordinates": [-82.35000000170702, 35.750000000567006]}, "properties": {"p_logistic": 0.4678988754749298, "p_rf": 0.6959999799728394, "p_xgb": 0.9868646264076233, "date": "2025-12-22"}}, {"type": "Feature", "geometry": {"type": "Point", "coordinates": [-82.34166666837402, 35.750000000567006]}, "properties": {"p_logistic": 0.4677673578262329, "p_rf": 0.7179999947547913, "p_xgb": 0.9792302250862122, "date": "2025-12-22"}}, {"type": "Feature", "geometry": {"type": "Point", "coordinates": [-82.65000000169502, 35.741666667234]}, "properties": {"p_logistic": 0.4787537455558777, "p_rf": 0.6779999732971191, "p_xgb": 0.9572267532348633, "date": "2025-12-22"}}, {"type": "Feature", "geometry": {"type": "Point", "coordinates": [-82.64166666836202, 35.741666667234]}, "properties": {"p_logistic": 0.47945037484169006, "p_rf": 0.6779999732971191, "p_xgb": 0.9572267532348633, "date": "2025-12-22"}}, {"type": "Feature", "geometry": {"type": "Point", "coordinates": [-82.63333333502902, 35.741666667234]}, "properties": {"p_logistic": 0.4803944230079651, "p_rf": 0.6779999732971191, "p_xgb": 0.959926962852478, "date": "2025-12-22"}}, {"type": "Feature", "geometry": {"type": "Point", "coordinates": [-82.62500000169601, 35.741666667234]}, "properties": {"p_logistic": 0.48116350173950195, "p_rf": 0.6779999732971191, "p_xgb": 0.959926962852478, "date": "2025-12-22"}}, {"type": "Feature", "geometry": {"type": "Point", "coordinates": [-82.61666666836302, 35.741666667234]}, "properties": {"p_logistic": 0.48251447081565857, "p_rf": 0.6779999732971191, "p_xgb": 0.9535378217697144, "date": "2025-12-22"}}, {"type": "Feature", "geometry": {"type": "Point", "coordinates": [-82.60833333503001, 35.741666667234]}, "properties": {"p_logistic": 0.4838552176952362, "p_rf": 0.6779999732971191, "p_xgb": 0.9580385088920593, "date": "2025-12-22"}}, {"type": "Feature", "geometry": {"type": "Point", "coordinates": [-82.60000000169703, 35.741666667234]}, "properties": {"p_logistic": 0.48466557264328003, "p_rf": 0.8119999766349792, "p_xgb": 0.9939653277397156, "date": "2025-12-22"}}, {"type": "Feature", "geometry": {"type": "Point", "coordinates": [-82.59166666836401, 35.741666667234]}, "properties": {"p_logistic": 0.48508673906326294, "p_rf": 0.8140000104904175, "p_xgb": 0.9939653277397156, "date": "2025-12-22"}}, {"type": "Feature", "geometry": {"type": "Point", "coordinates": [-82.58333333503101, 35.741666667234]}, "properties": {"p_logistic": 0.48513972759246826, "p_rf": 0.8199999928474426, "p_xgb": 0.9942504167556763, "date": "2025-12-22"}}, {"type": "Feature", "geometry": {"type": "Point", "coordinates": [-82.57500000169802, 35.741666667234]}, "properties": {"p_logistic": 0.4850156605243683, "p_rf": 0.8220000267028809, "p_xgb": 0.9944261312484741, "date": "2025-12-22"}}, {"type": "Feature", "geometry": {"type": "Point", "coordinates": [-82.56666666836502, 35.741666667234]}, "properties": {"p_logistic": 0.4843805134296417, "p_rf": 0.8220000267028809, "p_xgb": 0.9936586022377014, "date": "2025-12-22"}}, {"type": "Feature", "geometry": {"type": "Point", "coordinates": [-82.55833333503202, 35.741666667234]}, "properties": {"p_logistic": 0.48396238684654236, "p_rf": 0.8259999752044678, "p_xgb": 0.9907466173171997, "date": "2025-12-22"}}, {"type": "Feature", "geometry": {"type": "Point", "coordinates": [-82.55000000169902, 35.741666667234]}, "properties": {"p_logistic": 0.4838831424713135, "p_rf": 0.8259999752044678, "p_xgb": 0.9907466173171997, "date": "2025-12-22"}}, {"type": "Feature", "geometry": {"type": "Point", "coordinates": [-82.54166666836602, 35.741666667234]}, "properties": {"p_logistic": 0.48474496603012085, "p_rf": 0.843999981880188, "p_xgb": 0.9898360371589661, "date": "2025-12-22"}}, {"type": "Feature", "geometry": {"type": "Point", "coordinates": [-82.53333333503302, 35.741666667234]}, "properties": {"p_logistic": 0.4857713580131531, "p_rf": 0.843999981880188, "p_xgb": 0.9871219992637634, "date": "2025-12-22"}}, {"type": "Feature", "geometry": {"type": "Point", "coordinates": [-82.52500000170002, 35.741666667234]}, "properties": {"p_logistic": 0.48698753118515015, "p_rf": 0.8679999709129333, "p_xgb": 0.988836407661438, "date": "2025-12-22"}}, {"type": "Feature", "geometry": {"type": "Point", "coordinates": [-82.51666666836701, 35.741666667234]}, "properties": {"p_logistic": 0.48877277970314026, "p_rf": 0.8759999871253967, "p_xgb": 0.9959490299224854, "date": "2025-12-22"}}, {"type": "Feature", "geometry": {"type": "Point", "coordinates": [-82.50833333503402, 35.741666667234]}, "properties": {"p_logistic": 0.4897647798061371, "p_rf": 0.8679999709129333, "p_xgb": 0.995701014995575, "date": "2025-12-22"}}, {"type": "Feature", "geometry": {"type": "Point", "coordinates": [-82.50000000170101, 35.741666667234]}, "properties": {"p_logistic": 0.49019986391067505, "p_rf": 0.8420000076293945, "p_xgb": 0.9944605827331543, "date": "2025-12-22"}}, {"type": "Feature", "geometry": {"type": "Point", "coordinates": [-82.49166666836803, 35.741666667234]}, "properties": {"p_logistic": 0.4904700219631195, "p_rf": 0.8180000185966492, "p_xgb": 0.995465099811554, "date": "2025-12-22"}}, {"type": "Feature", "geometry": {"type": "Point", "coordinates": [-82.48333333503501, 35.741666667234]}, "properties": {"p_logistic": 0.49079611897468567, "p_rf": 0.8059999942779541, "p_xgb": 0.9959486126899719, "date": "2025-12-22"}}, {"type": "Feature", "geometry": {"type": "Point", "coordinates": [-82.47500000170201, 35.741666667234]}, "properties": {"p_logistic": 0.4905119240283966, "p_rf": 0.8040000200271606, "p_xgb": 0.9957451224327087, "date": "2025-12-22"}}, {"type": "Feature", "geometry": {"type": "Point", "coordinates": [-82.46666666836902, 35.741666667234]}, "properties": {"p_logistic": 0.49022871255874634, "p_rf": 0.7960000038146973, "p_xgb": 0.9955354928970337, "date": "2025-12-22"}}, {"type": "Feature", "geometry": {"type": "Point", "coordinates": [-82.45833333503602, 35.741666667234]}, "properties": {"p_logistic": 0.49057260155677795, "p_rf": 0.7720000147819519, "p_xgb": 0.9955354928970337, "date": "2025-12-22"}}, {"type": "Feature", "geometry": {"type": "Point", "coordinates": [-82.45000000170302, 35.741666667234]}, "properties": {"p_logistic": 0.4908387362957001, "p_rf": 0.7580000162124634, "p_xgb": 0.9928223490715027, "date": "2025-12-22"}}, {"type": "Feature", "geometry": {"type": "Point", "coordinates": [-82.44166666837002, 35.741666667234]}, "properties": {"p_logistic": 0.49138712882995605, "p_rf": 0.7599999904632568, "p_xgb": 0.9936514496803284, "date": "2025-12-22"}}, {"type": "Feature", "geometry": {"type": "Point", "coordinates": [-82.43333333503702, 35.741666667234]}, "properties": {"p_logistic": 0.49036553502082825, "p_rf": 0.7519999742507935, "p_xgb": 0.9934518337249756, "date": "2025-12-22"}}, {"type": "Feature", "geometry": {"type": "Point", "coordinates": [-82.42500000170402, 35.741666667234]}, "properties": {"p_logistic": 0.4882719814777374, "p_rf": 0.7480000257492065, "p_xgb": 0.9934518337249756, "date": "2025-12-22"}}, {"type": "Feature", "geometry": {"type": "Point", "coordinates": [-82.41666666837102, 35.741666667234]}, "properties": {"p_logistic": 0.48562705516815186, "p_rf": 0.7480000257492065, "p_xgb": 0.9919107556343079, "date": "2025-12-22"}}, {"type": "Feature", "geometry": {"type": "Point", "coordinates": [-82.40833333503801, 35.741666667234]}, "properties": {"p_logistic": 0.48329398036003113, "p_rf": 0.7480000257492065, "p_xgb": 0.9945247173309326, "date": "2025-12-22"}}, {"type": "Feature", "geometry": {"type": "Point", "coordinates": [-82.40000000170502, 35.741666667234]}, "properties": {"p_logistic": 0.4812364876270294, "p_rf": 0.6539999842643738, "p_xgb": 0.9934012293815613, "date": "2025-12-22"}}, {"type": "Feature", "geometry": {"type": "Point", "coordinates": [-82.39166666837201, 35.741666667234]}, "properties": {"p_logistic": 0.47868111729621887, "p_rf": 0.6480000019073486, "p_xgb": 0.993075966835022, "date": "2025-12-22"}}, {"type": "Feature", "geometry": {"type": "Point", "coordinates": [-82.38333333503903, 35.741666667234]}, "properties": {"p_logistic": 0.47705501317977905, "p_rf": 0.6480000019073486, "p_xgb": 0.9942680597305298, "date": "2025-12-22"}}, {"type": "Feature", "geometry": {"type": "Point", "coordinates": [-82.37500000170601, 35.741666667234]}, "properties": {"p_logistic": 0.47599971294403076, "p_rf": 0.6639999747276306, "p_xgb": 0.9945651292800903, "date": "2025-12-22"}}, {"type": "Feature", "geometry": {"type": "Point", "coordinates": [-82.36666666837301, 35.741666667234]}, "properties": {"p_logistic": 0.47529110312461853, "p_rf": 0.6880000233650208, "p_xgb": 0.9910797476768494, "date": "2025-12-22"}}, {"type": "Feature", "geometry": {"type": "Point", "coordinates": [-82.35833333504002, 35.741666667234]}, "properties": {"p_logistic": 0.4739750623703003, "p_rf": 0.6919999718666077, "p_xgb": 0.9889811277389526, "date": "2025-12-22"}}, {"type": "Feature", "geometry": {"type": "Point", "coordinates": [-82.35000000170702, 35.741666667234]}, "properties": {"p_logistic": 0.47343289852142334, "p_rf": 0.7179999947547913, "p_xgb": 0.9766506552696228, "date": "2025-12-22"}}, {"type": "Feature", "geometry": {"type": "Point", "coordinates": [-82.34166666837402, 35.741666667234]}, "properties": {"p_logistic": 0.4743596613407135, "p_rf": 0.6759999990463257, "p_xgb": 0.9778599739074707, "date": "2025-12-22"}}, {"type": "Feature", "geometry": {"type": "Point", "coordinates": [-82.33333333504102, 35.741666667234]}, "properties": {"p_logistic": 0.47241514921188354, "p_rf": 0.6740000247955322, "p_xgb": 0.9772147536277771, "date": "2025-12-22"}}, {"type": "Feature", "geometry": {"type": "Point", "coordinates": [-82.32500000170802, 35.741666667234]}, "properties": {"p_logistic": 0.46778371930122375, "p_rf": 0.6740000247955322, "p_xgb": 0.9778897166252136, "date": "2025-12-22"}}, {"type": "Feature", "geometry": {"type": "Point", "coordinates": [-82.70000000169301, 35.733333333901]}, "properties": {"p_logistic": 0.4731695353984833, "p_rf": 0.6779999732971191, "p_xgb": 0.9310667514801025, "date": "2025-12-22"}}, {"type": "Feature", "geometry": {"type": "Point", "coordinates": [-82.67500000169402, 35.733333333901]}, "properties": {"p_logistic": 0.47836583852767944, "p_rf": 0.6779999732971191, "p_xgb": 0.9572267532348633, "date": "2025-12-22"}}, {"type": "Feature", "geometry": {"type": "Point", "coordinates": [-82.66666666836102, 35.733333333901]}, "properties": {"p_logistic": 0.47927504777908325, "p_rf": 0.6779999732971191, "p_xgb": 0.9572267532348633, "date": "2025-12-22"}}, {"type": "Feature", "geometry": {"type": "Point", "coordinates": [-82.65833333502802, 35.733333333901]}, "properties": {"p_logistic": 0.4799569249153137, "p_rf": 0.6779999732971191, "p_xgb": 0.9572267532348633, "date": "2025-12-22"}}, {"type": "Feature", "geometry": {"type": "Point", "coordinates": [-82.65000000169502, 35.733333333901]}, "properties": {"p_logistic": 0.4810965061187744, "p_rf": 0.6779999732971191, "p_xgb": 0.959926962852478, "date": "2025-12-22"}}, {"type": "Feature", "geometry": {"type": "Point", "coordinates": [-82.64166666836202, 35.733333333901]}, "properties": {"p_logistic": 0.48186570405960083, "p_rf": 0.6779999732971191, "p_xgb": 0.959926962852478, "date": "2025-12-22"}}, {"type": "Feature", "geometry": {"type": "Point", "coordinates": [-82.63333333502902, 35.733333333901]}, "properties": {"p_logistic": 0.48277196288108826, "p_rf": 0.6779999732971191, "p_xgb": 0.959926962852478, "date": "2025-12-22"}}, {"type": "Feature", "geometry": {"type": "Point", "coordinates": [-82.62500000169601, 35.733333333901]}, "properties": {"p_logistic": 0.48354849219322205, "p_rf": 0.6779999732971191, "p_xgb": 0.9535378217697144, "date": "2025-12-22"}}, {"type": "Feature", "geometry": {"type": "Point", "coordinates": [-82.61666666836302, 35.733333333901]}, "properties": {"p_logistic": 0.4845329225063324, "p_rf": 0.6779999732971191, "p_xgb": 0.9535378217697144, "date": "2025-12-22"}}, {"type": "Feature", "geometry": {"type": "Point", "coordinates": [-82.60833333503001, 35.733333333901]}, "properties": {"p_logistic": 0.48543694615364075, "p_rf": 0.6819999814033508, "p_xgb": 0.9606894850730896, "date": "2025-12-22"}}, {"type": "Feature", "geometry": {"type": "Point", "coordinates": [-82.60000000169703, 35.733333333901]}, "properties": {"p_logistic": 0.4858909547328949, "p_rf": 0.8119999766349792, "p_xgb": 0.9939653277397156, "date": "2025-12-22"}}, {"type": "Feature", "geometry": {"type": "Point", "coordinates": [-82.59166666836401, 35.733333333901]}, "properties": {"p_logistic": 0.486011266708374, "p_rf": 0.8199999928474426, "p_xgb": 0.9939653277397156, "date": "2025-12-22"}}, {"type": "Feature", "geometry": {"type": "Point", "coordinates": [-82.58333333503101, 35.733333333901]}, "properties": {"p_logistic": 0.48641830682754517, "p_rf": 0.8220000267028809, "p_xgb": 0.9942504167556763, "date": "2025-12-22"}}, {"type": "Feature", "geometry": {"type": "Point", "coordinates": [-82.57500000169802, 35.733333333901]}, "properties": {"p_logistic": 0.4865129292011261, "p_rf": 0.8220000267028809, "p_xgb": 0.9949073195457458, "date": "2025-12-22"}}, {"type": "Feature", "geometry": {"type": "Point", "coordinates": [-82.56666666836502, 35.733333333901]}, "properties": {"p_logistic": 0.48619598150253296, "p_rf": 0.8259999752044678, "p_xgb": 0.9949073195457458, "date": "2025-12-22"}}, {"type": "Feature", "geometry": {"type": "Point", "coordinates": [-82.55833333503202, 35.733333333901]}, "properties": {"p_logistic": 0.48596060276031494, "p_rf": 0.8259999752044678, "p_xgb": 0.99420565366745, "date": "2025-12-22"}}, {"type": "Feature", "geometry": {"type": "Point", "coordinates": [-82.55000000169902, 35.733333333901]}, "properties": {"p_logistic": 0.48667311668395996, "p_rf": 0.8320000171661377, "p_xgb": 0.9898360371589661, "date": "2025-12-22"}}, {"type": "Feature", "geometry": {"type": "Point", "coordinates": [-82.54166666836602, 35.733333333901]}, "properties": {"p_logistic": 0.48768848180770874, "p_rf": 0.8460000157356262, "p_xgb": 0.9898360371589661, "date": "2025-12-22"}}, {"type": "Feature", "geometry": {"type": "Point", "coordinates": [-82.53333333503302, 35.733333333901]}, "properties": {"p_logistic": 0.4887135922908783, "p_rf": 0.8399999737739563, "p_xgb": 0.9874525666236877, "date": "2025-12-22"}}, {"type": "Feature", "geometry": {"type": "Point", "coordinates": [-82.52500000170002, 35.733333333901]}, "properties": {"p_logistic": 0.4897327721118927, "p_rf": 0.8679999709129333, "p_xgb": 0.9950098991394043, "date": "2025-12-22"}}, {"type": "Feature", "geometry": {"type": "Point", "coordinates": [-82.51666666836701, 35.733333333901]}, "properties": {"p_logistic": 0.49127981066703796, "p_rf": 0.8759999871253967, "p_xgb": 0.9959490299224854, "date": "2025-12-22"}}, {"type": "Feature", "geometry": {"type": "Point", "coordinates": [-82.50833333503402, 35.733333333901]}, "properties": {"p_logistic": 0.49380001425743103, "p_rf": 0.8360000252723694, "p_xgb": 0.9920491576194763, "date": "2025-12-22"}}, {"type": "Feature", "geometry": {"type": "Point", "coordinates": [-82.50000000170101, 35.733333333901]}, "properties": {"p_logistic": 0.4951601028442383, "p_rf": 0.8199999928474426, "p_xgb": 0.9947997331619263, "date": "2025-12-22"}}, {"type": "Feature", "geometry": {"type": "Point", "coordinates": [-82.49166666836803, 35.733333333901]}, "properties": {"p_logistic": 0.49655836820602417, "p_rf": 0.7960000038146973, "p_xgb": 0.9957451224327087, "date": "2025-12-22"}}, {"type": "Feature", "geometry": {"type": "Point", "coordinates": [-82.48333333503501, 35.733333333901]}, "properties": {"p_logistic": 0.4975365996360779, "p_rf": 0.800000011920929, "p_xgb": 0.9957451224327087, "date": "2025-12-22"}}, {"type": "Feature", "geometry": {"type": "Point", "coordinates": [-82.47500000170201, 35.733333333901]}, "properties": {"p_logistic": 0.49743571877479553, "p_rf": 0.7699999809265137, "p_xgb": 0.9931584000587463, "date": "2025-12-22"}}, {"type": "Feature", "geometry": {"type": "Point", "coordinates": [-82.46666666836902, 35.733333333901]}, "properties": {"p_logistic": 0.4975554645061493, "p_rf": 0.7620000243186951, "p_xgb": 0.9931584000587463, "date": "2025-12-22"}}, {"type": "Feature", "geometry": {"type": "Point", "coordinates": [-82.45833333503602, 35.733333333901]}, "properties": {"p_logistic": 0.49719804525375366, "p_rf": 0.7599999904632568, "p_xgb": 0.9928223490715027, "date": "2025-12-22"}}, {"type": "Feature", "geometry": {"type": "Point", "coordinates": [-82.45000000170302, 35.733333333901]}, "properties": {"p_logistic": 0.4969150125980377, "p_rf": 0.75, "p_xgb": 0.9948902130126953, "date": "2025-12-22"}}, {"type": "Feature", "geometry": {"type": "Point", "coordinates": [-82.44166666837002, 35.733333333901]}, "properties": {"p_logistic": 0.4968043267726898, "p_rf": 0.7459999918937683, "p_xgb": 0.9967229962348938, "date": "2025-12-22"}}, {"type": "Feature", "geometry": {"type": "Point", "coordinates": [-82.43333333503702, 35.733333333901]}, "properties": {"p_logistic": 0.4954036772251129, "p_rf": 0.6840000152587891, "p_xgb": 0.9950555562973022, "date": "2025-12-22"}}, {"type": "Feature", "geometry": {"type": "Point", "coordinates": [-82.42500000170402, 35.733333333901]}, "properties": {"p_logistic": 0.4929930865764618, "p_rf": 0.656000018119812, "p_xgb": 0.993889570236206, "date": "2025-12-22"}}, {"type": "Feature", "geometry": {"type": "Point", "coordinates": [-82.41666666837102, 35.733333333901]}, "properties": {"p_logistic": 0.4902642071247101, "p_rf": 0.6539999842643738, "p_xgb": 0.9934982061386108, "date": "2025-12-22"}}, {"type": "Feature", "geometry": {"type": "Point", "coordinates": [-82.40833333503801, 35.733333333901]}, "properties": {"p_logistic": 0.48813769221305847, "p_rf": 0.6499999761581421, "p_xgb": 0.9927763938903809, "date": "2025-12-22"}}, {"type": "Feature", "geometry": {"type": "Point", "coordinates": [-82.40000000170502, 35.733333333901]}, "properties": {"p_logistic": 0.4854539930820465, "p_rf": 0.6460000276565552, "p_xgb": 0.992960512638092, "date": "2025-12-22"}}, {"type": "Feature", "geometry": {"type": "Point", "coordinates": [-82.39166666837201, 35.733333333901]}, "properties": {"p_logistic": 0.48174992203712463, "p_rf": 0.6499999761581421, "p_xgb": 0.9932305812835693, "date": "2025-12-22"}}, {"type": "Feature", "geometry": {"type": "Point", "coordinates": [-82.38333333503903, 35.733333333901]}, "properties": {"p_logistic": 0.47973740100860596, "p_rf": 0.6639999747276306, "p_xgb": 0.9945651292800903, "date": "2025-12-22"}}, {"type": "Feature", "geometry": {"type": "Point", "coordinates": [-82.37500000170601, 35.733333333901]}, "properties": {"p_logistic": 0.47881391644477844, "p_rf": 0.6840000152587891, "p_xgb": 0.9910797476768494, "date": "2025-12-22"}}, {"type": "Feature", "geometry": {"type": "Point", "coordinates": [-82.36666666837301, 35.733333333901]}, "properties": {"p_logistic": 0.47787541151046753, "p_rf": 0.6859999895095825, "p_xgb": 0.9901830554008484, "date": "2025-12-22"}}, {"type": "Feature", "geometry": {"type": "Point", "coordinates": [-82.35833333504002, 35.733333333901]}, "properties": {"p_logistic": 0.4772893488407135, "p_rf": 0.7139999866485596, "p_xgb": 0.9843786358833313, "date": "2025-12-22"}}, {"type": "Feature", "geometry": {"type": "Point", "coordinates": [-82.35000000170702, 35.733333333901]}, "properties": {"p_logistic": 0.47596728801727295, "p_rf": 0.7120000123977661, "p_xgb": 0.9778217673301697, "date": "2025-12-22"}}, {"type": "Feature", "geometry": {"type": "Point", "coordinates": [-82.34166666837402, 35.733333333901]}, "properties": {"p_logistic": 0.476974755525589, "p_rf": 0.6740000247955322, "p_xgb": 0.9779947400093079, "date": "2025-12-22"}}, {"type": "Feature", "geometry": {"type": "Point", "coordinates": [-82.33333333504102, 35.733333333901]}, "properties": {"p_logistic": 0.47431662678718567, "p_rf": 0.6740000247955322, "p_xgb": 0.9788629412651062, "date": "2025-12-22"}}, {"type": "Feature", "geometry": {"type": "Point", "coordinates": [-82.32500000170802, 35.733333333901]}, "properties": {"p_logistic": 0.4703602194786072, "p_rf": 0.6759999990463257, "p_xgb": 0.9770753383636475, "date": "2025-12-22"}}, {"type": "Feature", "geometry": {"type": "Point", "coordinates": [-82.31666666837502, 35.733333333901]}, "properties": {"p_logistic": 0.4662248194217682, "p_rf": 0.7120000123977661, "p_xgb": 0.9777365326881409, "date": "2025-12-22"}}, {"type": "Feature", "geometry": {"type": "Point", "coordinates": [-82.70833333502603, 35.725000000568]}, "properties": {"p_logistic": 0.4737456440925598, "p_rf": 0.6779999732971191, "p_xgb": 0.9310667514801025, "date": "2025-12-22"}}, {"type": "Feature", "geometry": {"type": "Point", "coordinates": [-82.70000000169301, 35.725000000568]}, "properties": {"p_logistic": 0.47347334027290344, "p_rf": 0.6779999732971191, "p_xgb": 0.9246136546134949, "date": "2025-12-22"}}, {"type": "Feature", "geometry": {"type": "Point", "coordinates": [-82.69166666836001, 35.725000000568]}, "properties": {"p_logistic": 0.4747437536716461, "p_rf": 0.6779999732971191, "p_xgb": 0.9515861868858337, "date": "2025-12-22"}}, {"type": "Feature", "geometry": {"type": "Point", "coordinates": [-82.68333333502702, 35.725000000568]}, "properties": {"p_logistic": 0.4774523675441742, "p_rf": 0.6779999732971191, "p_xgb": 0.9572267532348633, "date": "2025-12-22"}}, {"type": "Feature", "geometry": {"type": "Point", "coordinates": [-82.67500000169402, 35.725000000568]}, "properties": {"p_logistic": 0.4791775047779083, "p_rf": 0.6779999732971191, "p_xgb": 0.9572267532348633, "date": "2025-12-22"}}, {"type": "Feature", "geometry": {"type": "Point", "coordinates": [-82.66666666836102, 35.725000000568]}, "properties": {"p_logistic": 0.48024722933769226, "p_rf": 0.6779999732971191, "p_xgb": 0.9572267532348633, "date": "2025-12-22"}}, {"type": "Feature", "geometry": {"type": "Point", "coordinates": [-82.65833333502802, 35.725000000568]}, "properties": {"p_logistic": 0.48116445541381836, "p_rf": 0.6779999732971191, "p_xgb": 0.959926962852478, "date": "2025-12-22"}}, {"type": "Feature", "geometry": {"type": "Point", "coordinates": [-82.65000000169502, 35.725000000568]}, "properties": {"p_logistic": 0.4823683202266693, "p_rf": 0.6779999732971191, "p_xgb": 0.9535378217697144, "date": "2025-12-22"}}, {"type": "Feature", "geometry": {"type": "Point", "coordinates": [-82.64166666836202, 35.725000000568]}, "properties": {"p_logistic": 0.4833696484565735, "p_rf": 0.6779999732971191, "p_xgb": 0.9535378217697144, "date": "2025-12-22"}}, {"type": "Feature", "geometry": {"type": "Point", "coordinates": [-82.63333333502902, 35.725000000568]}, "properties": {"p_logistic": 0.4841119647026062, "p_rf": 0.6779999732971191, "p_xgb": 0.9535378217697144, "date": "2025-12-22"}}, {"type": "Feature", "geometry": {"type": "Point", "coordinates": [-82.62500000169601, 35.725000000568]}, "properties": {"p_logistic": 0.48482397198677063, "p_rf": 0.6779999732971191, "p_xgb": 0.9535378217697144, "date": "2025-12-22"}}, {"type": "Feature", "geometry": {"type": "Point", "coordinates": [-82.61666666836302, 35.725000000568]}, "properties": {"p_logistic": 0.4857499599456787, "p_rf": 0.6779999732971191, "p_xgb": 0.9554911851882935, "date": "2025-12-22"}}, {"type": "Feature", "geometry": {"type": "Point", "coordinates": [-82.60833333503001, 35.725000000568]}, "properties": {"p_logistic": 0.4866187572479248, "p_rf": 0.8119999766349792, "p_xgb": 0.9752324223518372, "date": "2025-12-22"}}, {"type": "Feature", "geometry": {"type": "Point", "coordinates": [-82.60000000169703, 35.725000000568]}, "properties": {"p_logistic": 0.4868205189704895, "p_rf": 0.8140000104904175, "p_xgb": 0.9943599104881287, "date": "2025-12-22"}}, {"type": "Feature", "geometry": {"type": "Point", "coordinates": [-82.59166666836401, 35.725000000568]}, "properties": {"p_logistic": 0.4870756268501282, "p_rf": 0.8199999928474426, "p_xgb": 0.9942504167556763, "date": "2025-12-22"}}, {"type": "Feature", "geometry": {"type": "Point", "coordinates": [-82.58333333503101, 35.725000000568]}, "properties": {"p_logistic": 0.48751509189605713, "p_rf": 0.8220000267028809, "p_xgb": 0.9944261312484741, "date": "2025-12-22"}}, {"type": "Feature", "geometry": {"type": "Point", "coordinates": [-82.57500000169802, 35.725000000568]}, "properties": {"p_logistic": 0.48792505264282227, "p_rf": 0.8259999752044678, "p_xgb": 0.9949073195457458, "date": "2025-12-22"}}, {"type": "Feature", "geometry": {"type": "Point", "coordinates": [-82.56666666836502, 35.725000000568]}, "properties": {"p_logistic": 0.4880635738372803, "p_rf": 0.8259999752044678, "p_xgb": 0.9949073195457458, "date": "2025-12-22"}}, {"type": "Feature", "geometry": {"type": "Point", "coordinates": [-82.55833333503202, 35.725000000568]}, "properties": {"p_logistic": 0.48822763562202454, "p_rf": 0.8339999914169312, "p_xgb": 0.9949073195457458, "date": "2025-12-22"}}, {"type": "Feature", "geometry": {"type": "Point", "coordinates": [-82.55000000169902, 35.725000000568]}, "properties": {"p_logistic": 0.489123672246933, "p_rf": 0.843999981880188, "p_xgb": 0.9936332702636719, "date": "2025-12-22"}}, {"type": "Feature", "geometry": {"type": "Point", "coordinates": [-82.54166666836602, 35.725000000568]}, "properties": {"p_logistic": 0.49023598432540894, "p_rf": 0.8379999995231628, "p_xgb": 0.9871219992637634, "date": "2025-12-22"}}, {"type": "Feature", "geometry": {"type": "Point", "coordinates": [-82.53333333503302, 35.725000000568]}, "properties": {"p_logistic": 0.4913293421268463, "p_rf": 0.8679999709129333, "p_xgb": 0.9950098991394043, "date": "2025-12-22"}}, {"type": "Feature", "geometry": {"type": "Point", "coordinates": [-82.52500000170002, 35.725000000568]}, "properties": {"p_logistic": 0.49246254563331604, "p_rf": 0.8759999871253967, "p_xgb": 0.9959490299224854, "date": "2025-12-22"}}, {"type": "Feature", "geometry": {"type": "Point", "coordinates": [-82.51666666836701, 35.725000000568]}, "properties": {"p_logistic": 0.4950607717037201, "p_rf": 0.8659999966621399, "p_xgb": 0.9930543303489685, "date": "2025-12-22"}}, {"type": "Feature", "geometry": {"type": "Point", "coordinates": [-82.50833333503402, 35.725000000568]}, "properties": {"p_logistic": 0.4975232183933258, "p_rf": 0.828000009059906, "p_xgb": 0.9920491576194763, "date": "2025-12-22"}}, {"type": "Feature", "geometry": {"type": "Point", "coordinates": [-82.50000000170101, 35.725000000568]}, "properties": {"p_logistic": 0.4986475110054016, "p_rf": 0.8059999942779541, "p_xgb": 0.993057131767273, "date": "2025-12-22"}}, {"type": "Feature", "geometry": {"type": "Point", "coordinates": [-82.49166666836803, 35.725000000568]}, "properties": {"p_logistic": 0.5004227757453918, "p_rf": 0.8019999861717224, "p_xgb": 0.9945388436317444, "date": "2025-12-22"}}, {"type": "Feature", "geometry": {"type": "Point", "coordinates": [-82.48333333503501, 35.725000000568]}, "properties": {"p_logistic": 0.501509428024292, "p_rf": 0.7720000147819519, "p_xgb": 0.9945388436317444, "date": "2025-12-22"}}, {"type": "Feature", "geometry": {"type": "Point", "coordinates": [-82.47500000170201, 35.725000000568]}, "properties": {"p_logistic": 0.5023678541183472, "p_rf": 0.7680000066757202, "p_xgb": 0.9931584000587463, "date": "2025-12-22"}}, {"type": "Feature", "geometry": {"type": "Point", "coordinates": [-82.46666666836902, 35.725000000568]}, "properties": {"p_logistic": 0.5037044882774353, "p_rf": 0.7620000243186951, "p_xgb": 0.9931584000587463, "date": "2025-12-22"}}, {"type": "Feature", "geometry": {"type": "Point", "coordinates": [-82.45833333503602, 35.725000000568]}, "properties": {"p_logistic": 0.5049138069152832, "p_rf": 0.7480000257492065, "p_xgb": 0.9951300621032715, "date": "2025-12-22"}}, {"type": "Feature", "geometry": {"type": "Point", "coordinates": [-82.45000000170302, 35.725000000568]}, "properties": {"p_logistic": 0.5045811533927917, "p_rf": 0.7400000095367432, "p_xgb": 0.9962930083274841, "date": "2025-12-22"}}, {"type": "Feature", "geometry": {"type": "Point", "coordinates": [-82.44166666837002, 35.725000000568]}, "properties": {"p_logistic": 0.5031949281692505, "p_rf": 0.6539999842643738, "p_xgb": 0.9961430430412292, "date": "2025-12-22"}}, {"type": "Feature", "geometry": {"type": "Point", "coordinates": [-82.43333333503702, 35.725000000568]}, "properties": {"p_logistic": 0.5012758374214172, "p_rf": 0.6499999761581421, "p_xgb": 0.995573878288269, "date": "2025-12-22"}}, {"type": "Feature", "geometry": {"type": "Point", "coordinates": [-82.42500000170402, 35.725000000568]}, "properties": {"p_logistic": 0.49833810329437256, "p_rf": 0.6460000276565552, "p_xgb": 0.9934980869293213, "date": "2025-12-22"}}, {"type": "Feature", "geometry": {"type": "Point", "coordinates": [-82.41666666837102, 35.725000000568]}, "properties": {"p_logistic": 0.4947223961353302, "p_rf": 0.6460000276565552, "p_xgb": 0.9931353330612183, "date": "2025-12-22"}}, {"type": "Feature", "geometry": {"type": "Point", "coordinates": [-82.40833333503801, 35.725000000568]}, "properties": {"p_logistic": 0.4913386106491089, "p_rf": 0.6460000276565552, "p_xgb": 0.9931353330612183, "date": "2025-12-22"}}, {"type": "Feature", "geometry": {"type": "Point", "coordinates": [-82.40000000170502, 35.725000000568]}, "properties": {"p_logistic": 0.48814260959625244, "p_rf": 0.6520000100135803, "p_xgb": 0.9926803708076477, "date": "2025-12-22"}}, {"type": "Feature", "geometry": {"type": "Point", "coordinates": [-82.39166666837201, 35.725000000568]}, "properties": {"p_logistic": 0.483606219291687, "p_rf": 0.6620000004768372, "p_xgb": 0.993920087814331, "date": "2025-12-22"}}, {"type": "Feature", "geometry": {"type": "Point", "coordinates": [-82.38333333503903, 35.725000000568]}, "properties": {"p_logistic": 0.481669157743454, "p_rf": 0.6759999990463257, "p_xgb": 0.9910797476768494, "date": "2025-12-22"}}, {"type": "Feature", "geometry": {"type": "Point", "coordinates": [-82.37500000170601, 35.725000000568]}, "properties": {"p_logistic": 0.48055270314216614, "p_rf": 0.6859999895095825, "p_xgb": 0.9914996027946472, "date": "2025-12-22"}}, {"type": "Feature", "geometry": {"type": "Point", "coordinates": [-82.36666666837301, 35.725000000568]}, "properties": {"p_logistic": 0.4797775447368622, "p_rf": 0.6919999718666077, "p_xgb": 0.9919669032096863, "date": "2025-12-22"}}, {"type": "Feature", "geometry": {"type": "Point", "coordinates": [-82.35833333504002, 35.725000000568]}, "properties": {"p_logistic": 0.4786277413368225, "p_rf": 0.7160000205039978, "p_xgb": 0.9744552969932556, "date": "2025-12-22"}}, {"type": "Feature", "geometry": {"type": "Point", "coordinates": [-82.35000000170702, 35.725000000568]}, "properties": {"p_logistic": 0.4788338840007782, "p_rf": 0.7099999785423279, "p_xgb": 0.9758309721946716, "date": "2025-12-22"}}, {"type": "Feature", "geometry": {"type": "Point", "coordinates": [-82.34166666837402, 35.725000000568]}, "properties": {"p_logistic": 0.47629696130752563, "p_rf": 0.7099999785423279, "p_xgb": 0.9778217673301697, "date": "2025-12-22"}}, {"type": "Feature", "geometry": {"type": "Point", "coordinates": [-82.33333333504102, 35.725000000568]}, "properties": {"p_logistic": 0.4734530746936798, "p_rf": 0.7179999947547913, "p_xgb": 0.9785754680633545, "date": "2025-12-22"}}, {"type": "Feature", "geometry": {"type": "Point", "coordinates": [-82.32500000170802, 35.725000000568]}, "properties": {"p_logistic": 0.4666970670223236, "p_rf": 0.6940000057220459, "p_xgb": 0.9868646264076233, "date": "2025-12-22"}}, {"type": "Feature", "geometry": {"type": "Point", "coordinates": [-82.31666666837502, 35.725000000568]}, "properties": {"p_logistic": 0.4637299180030823, "p_rf": 0.6919999718666077, "p_xgb": 0.9880393147468567, "date": "2025-12-22"}}, {"type": "Feature", "geometry": {"type": "Point", "coordinates": [-82.30833333504202, 35.725000000568]}, "properties": {"p_logistic": 0.4623453617095947, "p_rf": 0.6919999718666077, "p_xgb": 0.9904933571815491, "date": "2025-12-22"}}, {"type": "Feature", "geometry": {"type": "Point", "coordinates": [-82.30000000170901, 35.725000000568]}, "properties": {"p_logistic": 0.46081504225730896, "p_rf": 0.6919999718666077, "p_xgb": 0.9904933571815491, "date": "2025-12-22"}}, {"type": "Feature", "geometry": {"type": "Point", "coordinates": [-82.29166666837602, 35.725000000568]}, "properties": {"p_logistic": 0.4582658112049103, "p_rf": 0.6840000152587891, "p_xgb": 0.9883859157562256, "date": "2025-12-22"}}, {"type": "Feature", "geometry": {"type": "Point", "coordinates": [-82.73333333502501, 35.716666667235]}, "properties": {"p_logistic": 0.4734427332878113, "p_rf": 0.8220000267028809, "p_xgb": 0.993966281414032, "date": "2025-12-22"}}, {"type": "Feature", "geometry": {"type": "Point", "coordinates": [-82.72500000169202, 35.716666667235]}, "properties": {"p_logistic": 0.47402122616767883, "p_rf": 0.8199999928474426, "p_xgb": 0.9928839206695557, "date": "2025-12-22"}}, {"type": "Feature", "geometry": {"type": "Point", "coordinates": [-82.71666666835901, 35.716666667235]}, "properties": {"p_logistic": 0.4741787016391754, "p_rf": 0.8119999766349792, "p_xgb": 0.9925315976142883, "date": "2025-12-22"}}, {"type": "Feature", "geometry": {"type": "Point", "coordinates": [-82.70833333502603, 35.716666667235]}, "properties": {"p_logistic": 0.4741559326648712, "p_rf": 0.6779999732971191, "p_xgb": 0.9310667514801025, "date": "2025-12-22"}}, {"type": "Feature", "geometry": {"type": "Point", "coordinates": [-82.70000000169301, 35.716666667235]}, "properties": {"p_logistic": 0.47389236092567444, "p_rf": 0.6779999732971191, "p_xgb": 0.9246136546134949, "date": "2025-12-22"}}, {"type": "Feature", "geometry": {"type": "Point", "coordinates": [-82.69166666836001, 35.716666667235]}, "properties": {"p_logistic": 0.47521018981933594, "p_rf": 0.6779999732971191, "p_xgb": 0.9572267532348633, "date": "2025-12-22"}}, {"type": "Feature", "geometry": {"type": "Point", "coordinates": [-82.68333333502702, 35.716666667235]}, "properties": {"p_logistic": 0.4778292179107666, "p_rf": 0.6779999732971191, "p_xgb": 0.9572267532348633, "date": "2025-12-22"}}, {"type": "Feature", "geometry": {"type": "Point", "coordinates": [-82.67500000169402, 35.716666667235]}, "properties": {"p_logistic": 0.47951969504356384, "p_rf": 0.6779999732971191, "p_xgb": 0.9572267532348633, "date": "2025-12-22"}}, {"type": "Feature", "geometry": {"type": "Point", "coordinates": [-82.66666666836102, 35.716666667235]}, "properties": {"p_logistic": 0.48056015372276306, "p_rf": 0.6779999732971191, "p_xgb": 0.959926962852478, "date": "2025-12-22"}}, {"type": "Feature", "geometry": {"type": "Point", "coordinates": [-82.65833333502802, 35.716666667235]}, "properties": {"p_logistic": 0.48169422149658203, "p_rf": 0.6779999732971191, "p_xgb": 0.959926962852478, "date": "2025-12-22"}}, {"type": "Feature", "geometry": {"type": "Point", "coordinates": [-82.65000000169502, 35.716666667235]}, "properties": {"p_logistic": 0.48304420709609985, "p_rf": 0.6779999732971191, "p_xgb": 0.9535378217697144, "date": "2025-12-22"}}, {"type": "Feature", "geometry": {"type": "Point", "coordinates": [-82.64166666836202, 35.716666667235]}, "properties": {"p_logistic": 0.4847352206707001, "p_rf": 0.6779999732971191, "p_xgb": 0.9535378217697144, "date": "2025-12-22"}}, {"type": "Feature", "geometry": {"type": "Point", "coordinates": [-82.63333333502902, 35.716666667235]}, "properties": {"p_logistic": 0.48514679074287415, "p_rf": 0.6779999732971191, "p_xgb": 0.9535378217697144, "date": "2025-12-22"}}, {"type": "Feature", "geometry": {"type": "Point", "coordinates": [-82.62500000169601, 35.716666667235]}, "properties": {"p_logistic": 0.486127108335495, "p_rf": 0.6779999732971191, "p_xgb": 0.9554911851882935, "date": "2025-12-22"}}, {"type": "Feature", "geometry": {"type": "Point", "coordinates": [-82.61666666836302, 35.716666667235]}, "properties": {"p_logistic": 0.4868457317352295, "p_rf": 0.8059999942779541, "p_xgb": 0.9752324223518372, "date": "2025-12-22"}}, {"type": "Feature", "geometry": {"type": "Point", "coordinates": [-82.60833333503001, 35.716666667235]}, "properties": {"p_logistic": 0.48734521865844727, "p_rf": 0.8119999766349792, "p_xgb": 0.9943599104881287, "date": "2025-12-22"}}, {"type": "Feature", "geometry": {"type": "Point", "coordinates": [-82.60000000169703, 35.716666667235]}, "properties": {"p_logistic": 0.4878869950771332, "p_rf": 0.8199999928474426, "p_xgb": 0.9943599104881287, "date": "2025-12-22"}}, {"type": "Feature", "geometry": {"type": "Point", "coordinates": [-82.59166666836401, 35.716666667235]}, "properties": {"p_logistic": 0.48834165930747986, "p_rf": 0.8199999928474426, "p_xgb": 0.9942504167556763, "date": "2025-12-22"}}, {"type": "Feature", "geometry": {"type": "Point", "coordinates": [-82.58333333503101, 35.716666667235]}, "properties": {"p_logistic": 0.4889119863510132, "p_rf": 0.8240000009536743, "p_xgb": 0.9949073195457458, "date": "2025-12-22"}}, {"type": "Feature", "geometry": {"type": "Point", "coordinates": [-82.57500000169802, 35.716666667235]}, "properties": {"p_logistic": 0.4894446134567261, "p_rf": 0.8259999752044678, "p_xgb": 0.9949073195457458, "date": "2025-12-22"}}, {"type": "Feature", "geometry": {"type": "Point", "coordinates": [-82.56666666836502, 35.716666667235]}, "properties": {"p_logistic": 0.4897531270980835, "p_rf": 0.8259999752044678, "p_xgb": 0.9949073195457458, "date": "2025-12-22"}}, {"type": "Feature", "geometry": {"type": "Point", "coordinates": [-82.55833333503202, 35.716666667235]}, "properties": {"p_logistic": 0.49027952551841736, "p_rf": 0.8320000171661377, "p_xgb": 0.9944038391113281, "date": "2025-12-22"}}, {"type": "Feature", "geometry": {"type": "Point", "coordinates": [-82.55000000169902, 35.716666667235]}, "properties": {"p_logistic": 0.49141925573349, "p_rf": 0.8460000157356262, "p_xgb": 0.9944038391113281, "date": "2025-12-22"}}, {"type": "Feature", "geometry": {"type": "Point", "coordinates": [-82.54166666836602, 35.716666667235]}, "properties": {"p_logistic": 0.4924122989177704, "p_rf": 0.8399999737739563, "p_xgb": 0.9874525666236877, "date": "2025-12-22"}}, {"type": "Feature", "geometry": {"type": "Point", "coordinates": [-82.53333333503302, 35.716666667235]}, "properties": {"p_logistic": 0.4938233196735382, "p_rf": 0.8679999709129333, "p_xgb": 0.9950098991394043, "date": "2025-12-22"}}, {"type": "Feature", "geometry": {"type": "Point", "coordinates": [-82.52500000170002, 35.716666667235]}, "properties": {"p_logistic": 0.49546071887016296, "p_rf": 0.8759999871253967, "p_xgb": 0.9959490299224854, "date": "2025-12-22"}}, {"type": "Feature", "geometry": {"type": "Point", "coordinates": [-82.51666666836701, 35.716666667235]}, "properties": {"p_logistic": 0.49794310331344604, "p_rf": 0.8460000157356262, "p_xgb": 0.9920491576194763, "date": "2025-12-22"}}, {"type": "Feature", "geometry": {"type": "Point", "coordinates": [-82.50833333503402, 35.716666667235]}, "properties": {"p_logistic": 0.5002694725990295, "p_rf": 0.8180000185966492, "p_xgb": 0.9920491576194763, "date": "2025-12-22"}}, {"type": "Feature", "geometry": {"type": "Point", "coordinates": [-82.50000000170101, 35.716666667235]}, "properties": {"p_logistic": 0.5023298859596252, "p_rf": 0.8040000200271606, "p_xgb": 0.9925385117530823, "date": "2025-12-22"}}, {"type": "Feature", "geometry": {"type": "Point", "coordinates": [-82.49166666836803, 35.716666667235]}, "properties": {"p_logistic": 0.5040929317474365, "p_rf": 0.800000011920929, "p_xgb": 0.9925385117530823, "date": "2025-12-22"}}, {"type": "Feature", "geometry": {"type": "Point", "coordinates": [-82.48333333503501, 35.716666667235]}, "properties": {"p_logistic": 0.505586564540863, "p_rf": 0.7680000066757202, "p_xgb": 0.9880260825157166, "date": "2025-12-22"}}, {"type": "Feature", "geometry": {"type": "Point", "coordinates": [-82.47500000170201, 35.716666667235]}, "properties": {"p_logistic": 0.5077630281448364, "p_rf": 0.7599999904632568, "p_xgb": 0.9882992506027222, "date": "2025-12-22"}}, {"type": "Feature", "geometry": {"type": "Point", "coordinates": [-82.46666666836902, 35.716666667235]}, "properties": {"p_logistic": 0.5103831887245178, "p_rf": 0.7480000257492065, "p_xgb": 0.9951300621032715, "date": "2025-12-22"}}, {"type": "Feature", "geometry": {"type": "Point", "coordinates": [-82.45833333503602, 35.716666667235]}, "properties": {"p_logistic": 0.5117949843406677, "p_rf": 0.6859999895095825, "p_xgb": 0.9963243007659912, "date": "2025-12-22"}}, {"type": "Feature", "geometry": {"type": "Point", "coordinates": [-82.45000000170302, 35.716666667235]}, "properties": {"p_logistic": 0.511854350566864, "p_rf": 0.6499999761581421, "p_xgb": 0.9959750771522522, "date": "2025-12-22"}}, {"type": "Feature", "geometry": {"type": "Point", "coordinates": [-82.44166666837002, 35.716666667235]}, "properties": {"p_logistic": 0.510962963104248, "p_rf": 0.6460000276565552, "p_xgb": 0.995895266532898, "date": "2025-12-22"}}, {"type": "Feature", "geometry": {"type": "Point", "coordinates": [-82.43333333503702, 35.716666667235]}, "properties": {"p_logistic": 0.5084601640701294, "p_rf": 0.6460000276565552, "p_xgb": 0.9958892464637756, "date": "2025-12-22"}}, {"type": "Feature", "geometry": {"type": "Point", "coordinates": [-82.42500000170402, 35.716666667235]}, "properties": {"p_logistic": 0.5045504570007324, "p_rf": 0.6480000019073486, "p_xgb": 0.9948559999465942, "date": "2025-12-22"}}, {"type": "Feature", "geometry": {"type": "Point", "coordinates": [-82.41666666837102, 35.716666667235]}, "properties": {"p_logistic": 0.4999401271343231, "p_rf": 0.6520000100135803, "p_xgb": 0.9931353330612183, "date": "2025-12-22"}}, {"type": "Feature", "geometry": {"type": "Point", "coordinates": [-82.40833333503801, 35.716666667235]}, "properties": {"p_logistic": 0.49554651975631714, "p_rf": 0.6639999747276306, "p_xgb": 0.9934967756271362, "date": "2025-12-22"}}, {"type": "Feature", "geometry": {"type": "Point", "coordinates": [-82.40000000170502, 35.716666667235]}, "properties": {"p_logistic": 0.49100542068481445, "p_rf": 0.6639999747276306, "p_xgb": 0.9930591583251953, "date": "2025-12-22"}}, {"type": "Feature", "geometry": {"type": "Point", "coordinates": [-82.39166666837201, 35.716666667235]}, "properties": {"p_logistic": 0.48614102602005005, "p_rf": 0.6740000247955322, "p_xgb": 0.9904059767723083, "date": "2025-12-22"}}, {"type": "Feature", "geometry": {"type": "Point", "coordinates": [-82.38333333503903, 35.716666667235]}, "properties": {"p_logistic": 0.4847344756126404, "p_rf": 0.6859999895095825, "p_xgb": 0.9914996027946472, "date": "2025-12-22"}}, {"type": "Feature", "geometry": {"type": "Point", "coordinates": [-82.37500000170601, 35.716666667235]}, "properties": {"p_logistic": 0.4835028052330017, "p_rf": 0.6880000233650208, "p_xgb": 0.9930459856987, "date": "2025-12-22"}}, {"type": "Feature", "geometry": {"type": "Point", "coordinates": [-82.36666666837301, 35.716666667235]}, "properties": {"p_logistic": 0.48103898763656616, "p_rf": 0.6919999718666077, "p_xgb": 0.9919669032096863, "date": "2025-12-22"}}, {"type": "Feature", "geometry": {"type": "Point", "coordinates": [-82.35833333504002, 35.716666667235]}, "properties": {"p_logistic": 0.479106605052948, "p_rf": 0.699999988079071, "p_xgb": 0.9860479831695557, "date": "2025-12-22"}}, {"type": "Feature", "geometry": {"type": "Point", "coordinates": [-82.35000000170702, 35.716666667235]}, "properties": {"p_logistic": 0.4760870337486267, "p_rf": 0.7139999866485596, "p_xgb": 0.9860479831695557, "date": "2025-12-22"}}, {"type": "Feature", "geometry": {"type": "Point", "coordinates": [-82.34166666837402, 35.716666667235]}, "properties": {"p_logistic": 0.4748108983039856, "p_rf": 0.7139999866485596, "p_xgb": 0.9860479831695557, "date": "2025-12-22"}}, {"type": "Feature", "geometry": {"type": "Point", "coordinates": [-82.33333333504102, 35.716666667235]}, "properties": {"p_logistic": 0.46882539987564087, "p_rf": 0.6859999895095825, "p_xgb": 0.9865430593490601, "date": "2025-12-22"}}, {"type": "Feature", "geometry": {"type": "Point", "coordinates": [-82.32500000170802, 35.716666667235]}, "properties": {"p_logistic": 0.46550440788269043, "p_rf": 0.6840000152587891, "p_xgb": 0.9854466915130615, "date": "2025-12-22"}}, {"type": "Feature", "geometry": {"type": "Point", "coordinates": [-82.31666666837502, 35.716666667235]}, "properties": {"p_logistic": 0.4631415605545044, "p_rf": 0.6840000152587891, "p_xgb": 0.9854466915130615, "date": "2025-12-22"}}, {"type": "Feature", "geometry": {"type": "Point", "coordinates": [-82.30833333504202, 35.716666667235]}, "properties": {"p_logistic": 0.4620571732521057, "p_rf": 0.6880000233650208, "p_xgb": 0.9854466915130615, "date": "2025-12-22"}}, {"type": "Feature", "geometry": {"type": "Point", "coordinates": [-82.30000000170901, 35.716666667235]}, "properties": {"p_logistic": 0.4605363607406616, "p_rf": 0.6840000152587891, "p_xgb": 0.9854466915130615, "date": "2025-12-22"}}, {"type": "Feature", "geometry": {"type": "Point", "coordinates": [-82.29166666837602, 35.716666667235]}, "properties": {"p_logistic": 0.45804670453071594, "p_rf": 0.6740000247955322, "p_xgb": 0.9843542575836182, "date": "2025-12-22"}}, {"type": "Feature", "geometry": {"type": "Point", "coordinates": [-82.28333333504301, 35.716666667235]}, "properties": {"p_logistic": 0.45844772458076477, "p_rf": 0.6660000085830688, "p_xgb": 0.9843542575836182, "date": "2025-12-22"}}, {"type": "Feature", "geometry": {"type": "Point", "coordinates": [-82.75000000169102, 35.708333333902004]}, "properties": {"p_logistic": 0.47198987007141113, "p_rf": 0.8220000267028809, "p_xgb": 0.9930683374404907, "date": "2025-12-22"}}, {"type": "Feature", "geometry": {"type": "Point", "coordinates": [-82.74166666835802, 35.708333333902004]}, "properties": {"p_logistic": 0.47313573956489563, "p_rf": 0.8220000267028809, "p_xgb": 0.9930683374404907, "date": "2025-12-22"}}, {"type": "Feature", "geometry": {"type": "Point", "coordinates": [-82.73333333502501, 35.708333333902004]}, "properties": {"p_logistic": 0.474293053150177, "p_rf": 0.8220000267028809, "p_xgb": 0.9930683374404907, "date": "2025-12-22"}}, {"type": "Feature", "geometry": {"type": "Point", "coordinates": [-82.72500000169202, 35.708333333902004]}, "properties": {"p_logistic": 0.4752313792705536, "p_rf": 0.8199999928474426, "p_xgb": 0.9928839206695557, "date": "2025-12-22"}}, {"type": "Feature", "geometry": {"type": "Point", "coordinates": [-82.71666666835901, 35.708333333902004]}, "properties": {"p_logistic": 0.475444495677948, "p_rf": 0.8119999766349792, "p_xgb": 0.9925315976142883, "date": "2025-12-22"}}, {"type": "Feature", "geometry": {"type": "Point", "coordinates": [-82.70833333502603, 35.708333333902004]}, "properties": {"p_logistic": 0.4754270017147064, "p_rf": 0.6779999732971191, "p_xgb": 0.9389352202415466, "date": "2025-12-22"}}, {"type": "Feature", "geometry": {"type": "Point", "coordinates": [-82.70000000169301, 35.708333333902004]}, "properties": {"p_logistic": 0.4751128852367401, "p_rf": 0.6779999732971191, "p_xgb": 0.9515861868858337, "date": "2025-12-22"}}, {"type": "Feature", "geometry": {"type": "Point", "coordinates": [-82.69166666836001, 35.708333333902004]}, "properties": {"p_logistic": 0.4755701720714569, "p_rf": 0.6779999732971191, "p_xgb": 0.9572267532348633, "date": "2025-12-22"}}, {"type": "Feature", "geometry": {"type": "Point", "coordinates": [-82.68333333502702, 35.708333333902004]}, "properties": {"p_logistic": 0.4779587686061859, "p_rf": 0.6779999732971191, "p_xgb": 0.9572267532348633, "date": "2025-12-22"}}, {"type": "Feature", "geometry": {"type": "Point", "coordinates": [-82.67500000169402, 35.708333333902004]}, "properties": {"p_logistic": 0.47949469089508057, "p_rf": 0.6779999732971191, "p_xgb": 0.9572267532348633, "date": "2025-12-22"}}, {"type": "Feature", "geometry": {"type": "Point", "coordinates": [-82.66666666836102, 35.708333333902004]}, "properties": {"p_logistic": 0.4812699556350708, "p_rf": 0.6779999732971191, "p_xgb": 0.959926962852478, "date": "2025-12-22"}}, {"type": "Feature", "geometry": {"type": "Point", "coordinates": [-82.65833333502802, 35.708333333902004]}, "properties": {"p_logistic": 0.4823017120361328, "p_rf": 0.6779999732971191, "p_xgb": 0.959926962852478, "date": "2025-12-22"}}, {"type": "Feature", "geometry": {"type": "Point", "coordinates": [-82.65000000169502, 35.708333333902004]}, "properties": {"p_logistic": 0.48392581939697266, "p_rf": 0.6779999732971191, "p_xgb": 0.9535378217697144, "date": "2025-12-22"}}, {"type": "Feature", "geometry": {"type": "Point", "coordinates": [-82.64166666836202, 35.708333333902004]}, "properties": {"p_logistic": 0.48519816994667053, "p_rf": 0.6779999732971191, "p_xgb": 0.9535378217697144, "date": "2025-12-22"}}, {"type": "Feature", "geometry": {"type": "Point", "coordinates": [-82.63333333502902, 35.708333333902004]}, "properties": {"p_logistic": 0.4864020347595215, "p_rf": 0.6779999732971191, "p_xgb": 0.9554911851882935, "date": "2025-12-22"}}, {"type": "Feature", "geometry": {"type": "Point", "coordinates": [-82.62500000169601, 35.708333333902004]}, "properties": {"p_logistic": 0.48748090863227844, "p_rf": 0.6819999814033508, "p_xgb": 0.9606894850730896, "date": "2025-12-22"}}, {"type": "Feature", "geometry": {"type": "Point", "coordinates": [-82.61666666836302, 35.708333333902004]}, "properties": {"p_logistic": 0.48808979988098145, "p_rf": 0.8119999766349792, "p_xgb": 0.9943599104881287, "date": "2025-12-22"}}, {"type": "Feature", "geometry": {"type": "Point", "coordinates": [-82.60833333503001, 35.708333333902004]}, "properties": {"p_logistic": 0.48857516050338745, "p_rf": 0.8140000104904175, "p_xgb": 0.9943599104881287, "date": "2025-12-22"}}, {"type": "Feature", "geometry": {"type": "Point", "coordinates": [-82.60000000169703, 35.708333333902004]}, "properties": {"p_logistic": 0.48869404196739197, "p_rf": 0.8199999928474426, "p_xgb": 0.9946264624595642, "date": "2025-12-22"}}, {"type": "Feature", "geometry": {"type": "Point", "coordinates": [-82.59166666836401, 35.708333333902004]}, "properties": {"p_logistic": 0.4893912374973297, "p_rf": 0.8220000267028809, "p_xgb": 0.99479079246521, "date": "2025-12-22"}}, {"type": "Feature", "geometry": {"type": "Point", "coordinates": [-82.58333333503101, 35.708333333902004]}, "properties": {"p_logistic": 0.49005940556526184, "p_rf": 0.8259999752044678, "p_xgb": 0.9949073195457458, "date": "2025-12-22"}}, {"type": "Feature", "geometry": {"type": "Point", "coordinates": [-82.57500000169802, 35.708333333902004]}, "properties": {"p_logistic": 0.4906451106071472, "p_rf": 0.8259999752044678, "p_xgb": 0.9949073195457458, "date": "2025-12-22"}}, {"type": "Feature", "geometry": {"type": "Point", "coordinates": [-82.56666666836502, 35.708333333902004]}, "properties": {"p_logistic": 0.49117517471313477, "p_rf": 0.8339999914169312, "p_xgb": 0.9949073195457458, "date": "2025-12-22"}}, {"type": "Feature", "geometry": {"type": "Point", "coordinates": [-82.55833333503202, 35.708333333902004]}, "properties": {"p_logistic": 0.49191373586654663, "p_rf": 0.843999981880188, "p_xgb": 0.9944038391113281, "date": "2025-12-22"}}, {"type": "Feature", "geometry": {"type": "Point", "coordinates": [-82.55000000169902, 35.708333333902004]}, "properties": {"p_logistic": 0.4927619695663452, "p_rf": 0.843999981880188, "p_xgb": 0.9944038391113281, "date": "2025-12-22"}}, {"type": "Feature", "geometry": {"type": "Point", "coordinates": [-82.54166666836602, 35.708333333902004]}, "properties": {"p_logistic": 0.4937504827976227, "p_rf": 0.8399999737739563, "p_xgb": 0.9921332001686096, "date": "2025-12-22"}}, {"type": "Feature", "geometry": {"type": "Point", "coordinates": [-82.53333333503302, 35.708333333902004]}, "properties": {"p_logistic": 0.4956129789352417, "p_rf": 0.8679999709129333, "p_xgb": 0.9950098991394043, "date": "2025-12-22"}}, {"type": "Feature", "geometry": {"type": "Point", "coordinates": [-82.52500000170002, 35.708333333902004]}, "properties": {"p_logistic": 0.49766263365745544, "p_rf": 0.8759999871253967, "p_xgb": 0.995701014995575, "date": "2025-12-22"}}, {"type": "Feature", "geometry": {"type": "Point", "coordinates": [-82.51666666836701, 35.708333333902004]}, "properties": {"p_logistic": 0.5001940131187439, "p_rf": 0.8420000076293945, "p_xgb": 0.9920491576194763, "date": "2025-12-22"}}, {"type": "Feature", "geometry": {"type": "Point", "coordinates": [-82.50833333503402, 35.708333333902004]}, "properties": {"p_logistic": 0.5026417970657349, "p_rf": 0.8180000185966492, "p_xgb": 0.9920491576194763, "date": "2025-12-22"}}, {"type": "Feature", "geometry": {"type": "Point", "coordinates": [-82.50000000170101, 35.708333333902004]}, "properties": {"p_logistic": 0.5048316121101379, "p_rf": 0.8040000200271606, "p_xgb": 0.9925385117530823, "date": "2025-12-22"}}, {"type": "Feature", "geometry": {"type": "Point", "coordinates": [-82.49166666836803, 35.708333333902004]}, "properties": {"p_logistic": 0.5069242715835571, "p_rf": 0.800000011920929, "p_xgb": 0.9925385117530823, "date": "2025-12-22"}}, {"type": "Feature", "geometry": {"type": "Point", "coordinates": [-82.48333333503501, 35.708333333902004]}, "properties": {"p_logistic": 0.5093181133270264, "p_rf": 0.7599999904632568, "p_xgb": 0.9880260825157166, "date": "2025-12-22"}}, {"type": "Feature", "geometry": {"type": "Point", "coordinates": [-82.47500000170201, 35.708333333902004]}, "properties": {"p_logistic": 0.511756420135498, "p_rf": 0.7599999904632568, "p_xgb": 0.9896543025970459, "date": "2025-12-22"}}, {"type": "Feature", "geometry": {"type": "Point", "coordinates": [-82.46666666836902, 35.708333333902004]}, "properties": {"p_logistic": 0.5153317451477051, "p_rf": 0.6840000152587891, "p_xgb": 0.9955092668533325, "date": "2025-12-22"}}, {"type": "Feature", "geometry": {"type": "Point", "coordinates": [-82.45833333503602, 35.708333333902004]}, "properties": {"p_logistic": 0.5169658660888672, "p_rf": 0.6499999761581421, "p_xgb": 0.9960881471633911, "date": "2025-12-22"}}, {"type": "Feature", "geometry": {"type": "Point", "coordinates": [-82.45000000170302, 35.708333333902004]}, "properties": {"p_logistic": 0.5171139240264893, "p_rf": 0.6439999938011169, "p_xgb": 0.9961756467819214, "date": "2025-12-22"}}, {"type": "Feature", "geometry": {"type": "Point", "coordinates": [-82.44166666837002, 35.708333333902004]}, "properties": {"p_logistic": 0.5162143707275391, "p_rf": 0.6460000276565552, "p_xgb": 0.9959872364997864, "date": "2025-12-22"}}, {"type": "Feature", "geometry": {"type": "Point", "coordinates": [-82.43333333503702, 35.708333333902004]}, "properties": {"p_logistic": 0.5145707726478577, "p_rf": 0.6620000004768372, "p_xgb": 0.9961990714073181, "date": "2025-12-22"}}, {"type": "Feature", "geometry": {"type": "Point", "coordinates": [-82.42500000170402, 35.708333333902004]}, "properties": {"p_logistic": 0.5108118057250977, "p_rf": 0.6620000004768372, "p_xgb": 0.9945434331893921, "date": "2025-12-22"}}, {"type": "Feature", "geometry": {"type": "Point", "coordinates": [-82.41666666837102, 35.708333333902004]}, "properties": {"p_logistic": 0.5065823197364807, "p_rf": 0.6740000247955322, "p_xgb": 0.9891596436500549, "date": "2025-12-22"}}, {"type": "Feature", "geometry": {"type": "Point", "coordinates": [-82.40833333503801, 35.708333333902004]}, "properties": {"p_logistic": 0.49973049759864807, "p_rf": 0.671999990940094, "p_xgb": 0.9891596436500549, "date": "2025-12-22"}}, {"type": "Feature", "geometry": {"type": "Point", "coordinates": [-82.40000000170502, 35.708333333902004]}, "properties": {"p_logistic": 0.49659016728401184, "p_rf": 0.6880000233650208, "p_xgb": 0.9894711971282959, "date": "2025-12-22"}}, {"type": "Feature", "geometry": {"type": "Point", "coordinates": [-82.39166666837201, 35.708333333902004]}, "properties": {"p_logistic": 0.48963460326194763, "p_rf": 0.6880000233650208, "p_xgb": 0.9910797476768494, "date": "2025-12-22"}}, {"type": "Feature", "geometry": {"type": "Point", "coordinates": [-82.38333333503903, 35.708333333902004]}, "properties": {"p_logistic": 0.48762521147727966, "p_rf": 0.6840000152587891, "p_xgb": 0.9914996027946472, "date": "2025-12-22"}}, {"type": "Feature", "geometry": {"type": "Point", "coordinates": [-82.37500000170601, 35.708333333902004]}, "properties": {"p_logistic": 0.48530668020248413, "p_rf": 0.6880000233650208, "p_xgb": 0.9930459856987, "date": "2025-12-22"}}, {"type": "Feature", "geometry": {"type": "Point", "coordinates": [-82.36666666837301, 35.708333333902004]}, "properties": {"p_logistic": 0.48324069380760193, "p_rf": 0.6840000152587891, "p_xgb": 0.9914996027946472, "date": "2025-12-22"}}, {"type": "Feature", "geometry": {"type": "Point", "coordinates": [-82.35833333504002, 35.708333333902004]}, "properties": {"p_logistic": 0.47918054461479187, "p_rf": 0.6859999895095825, "p_xgb": 0.9910797476768494, "date": "2025-12-22"}}, {"type": "Feature", "geometry": {"type": "Point", "coordinates": [-82.35000000170702, 35.708333333902004]}, "properties": {"p_logistic": 0.4770004153251648, "p_rf": 0.6859999895095825, "p_xgb": 0.9910797476768494, "date": "2025-12-22"}}, {"type": "Feature", "geometry": {"type": "Point", "coordinates": [-82.34166666837402, 35.708333333902004]}, "properties": {"p_logistic": 0.47300106287002563, "p_rf": 0.6700000166893005, "p_xgb": 0.9904059767723083, "date": "2025-12-22"}}, {"type": "Feature", "geometry": {"type": "Point", "coordinates": [-82.33333333504102, 35.708333333902004]}, "properties": {"p_logistic": 0.4706457257270813, "p_rf": 0.6620000004768372, "p_xgb": 0.993920087814331, "date": "2025-12-22"}}, {"type": "Feature", "geometry": {"type": "Point", "coordinates": [-82.32500000170802, 35.708333333902004]}, "properties": {"p_logistic": 0.46783211827278137, "p_rf": 0.6539999842643738, "p_xgb": 0.9945700764656067, "date": "2025-12-22"}}, {"type": "Feature", "geometry": {"type": "Point", "coordinates": [-82.31666666837502, 35.708333333902004]}, "properties": {"p_logistic": 0.46661320328712463, "p_rf": 0.6620000004768372, "p_xgb": 0.9937261939048767, "date": "2025-12-22"}}, {"type": "Feature", "geometry": {"type": "Point", "coordinates": [-82.30833333504202, 35.708333333902004]}, "properties": {"p_logistic": 0.4649348855018616, "p_rf": 0.6620000004768372, "p_xgb": 0.9923092126846313, "date": "2025-12-22"}}, {"type": "Feature", "geometry": {"type": "Point", "coordinates": [-82.30000000170901, 35.708333333902004]}, "properties": {"p_logistic": 0.4635668098926544, "p_rf": 0.6620000004768372, "p_xgb": 0.9906711578369141, "date": "2025-12-22"}}, {"type": "Feature", "geometry": {"type": "Point", "coordinates": [-82.29166666837602, 35.708333333902004]}, "properties": {"p_logistic": 0.4621259272098541, "p_rf": 0.6620000004768372, "p_xgb": 0.9916656613349915, "date": "2025-12-22"}}, {"type": "Feature", "geometry": {"type": "Point", "coordinates": [-82.28333333504301, 35.708333333902004]}, "properties": {"p_logistic": 0.46256405115127563, "p_rf": 0.6620000004768372, "p_xgb": 0.9916656613349915, "date": "2025-12-22"}}, {"type": "Feature", "geometry": {"type": "Point", "coordinates": [-82.85000000168702, 35.700000000569005]}, "properties": {"p_logistic": 0.4571186900138855, "p_rf": 0.6779999732971191, "p_xgb": 0.9700682759284973, "date": "2025-12-22"}}, {"type": "Feature", "geometry": {"type": "Point", "coordinates": [-82.75833333502402, 35.700000000569005]}, "properties": {"p_logistic": 0.4716506600379944, "p_rf": 0.8199999928474426, "p_xgb": 0.9952020645141602, "date": "2025-12-22"}}, {"type": "Feature", "geometry": {"type": "Point", "coordinates": [-82.75000000169102, 35.700000000569005]}, "properties": {"p_logistic": 0.473155677318573, "p_rf": 0.8199999928474426, "p_xgb": 0.9930683374404907, "date": "2025-12-22"}}, {"type": "Feature", "geometry": {"type": "Point", "coordinates": [-82.74166666835802, 35.700000000569005]}, "properties": {"p_logistic": 0.4743690490722656, "p_rf": 0.8220000267028809, "p_xgb": 0.9930683374404907, "date": "2025-12-22"}}, {"type": "Feature", "geometry": {"type": "Point", "coordinates": [-82.73333333502501, 35.700000000569005]}, "properties": {"p_logistic": 0.4757554829120636, "p_rf": 0.8220000267028809, "p_xgb": 0.9930683374404907, "date": "2025-12-22"}}, {"type": "Feature", "geometry": {"type": "Point", "coordinates": [-82.72500000169202, 35.700000000569005]}, "properties": {"p_logistic": 0.4767136573791504, "p_rf": 0.8199999928474426, "p_xgb": 0.9925315976142883, "date": "2025-12-22"}}, {"type": "Feature", "geometry": {"type": "Point", "coordinates": [-82.71666666835901, 35.700000000569005]}, "properties": {"p_logistic": 0.47702866792678833, "p_rf": 0.8119999766349792, "p_xgb": 0.9754309058189392, "date": "2025-12-22"}}, {"type": "Feature", "geometry": {"type": "Point", "coordinates": [-82.70833333502603, 35.700000000569005]}, "properties": {"p_logistic": 0.4773441255092621, "p_rf": 0.6779999732971191, "p_xgb": 0.9572267532348633, "date": "2025-12-22"}}, {"type": "Feature", "geometry": {"type": "Point", "coordinates": [-82.70000000169301, 35.700000000569005]}, "properties": {"p_logistic": 0.4769718050956726, "p_rf": 0.6779999732971191, "p_xgb": 0.9572267532348633, "date": "2025-12-22"}}, {"type": "Feature", "geometry": {"type": "Point", "coordinates": [-82.69166666836001, 35.700000000569005]}, "properties": {"p_logistic": 0.47721990942955017, "p_rf": 0.6779999732971191, "p_xgb": 0.9572267532348633, "date": "2025-12-22"}}, {"type": "Feature", "geometry": {"type": "Point", "coordinates": [-82.68333333502702, 35.700000000569005]}, "properties": {"p_logistic": 0.479035347700119, "p_rf": 0.6779999732971191, "p_xgb": 0.9572267532348633, "date": "2025-12-22"}}, {"type": "Feature", "geometry": {"type": "Point", "coordinates": [-82.67500000169402, 35.700000000569005]}, "properties": {"p_logistic": 0.4804231524467468, "p_rf": 0.6779999732971191, "p_xgb": 0.959926962852478, "date": "2025-12-22"}}, {"type": "Feature", "geometry": {"type": "Point", "coordinates": [-82.66666666836102, 35.700000000569005]}, "properties": {"p_logistic": 0.48162156343460083, "p_rf": 0.6779999732971191, "p_xgb": 0.959926962852478, "date": "2025-12-22"}}, {"type": "Feature", "geometry": {"type": "Point", "coordinates": [-82.65833333502802, 35.700000000569005]}, "properties": {"p_logistic": 0.48310619592666626, "p_rf": 0.6779999732971191, "p_xgb": 0.9535378217697144, "date": "2025-12-22"}}, {"type": "Feature", "geometry": {"type": "Point", "coordinates": [-82.65000000169502, 35.700000000569005]}, "properties": {"p_logistic": 0.48440128564834595, "p_rf": 0.6779999732971191, "p_xgb": 0.9535378217697144, "date": "2025-12-22"}}, {"type": "Feature", "geometry": {"type": "Point", "coordinates": [-82.64166666836202, 35.700000000569005]}, "properties": {"p_logistic": 0.4859713315963745, "p_rf": 0.6779999732971191, "p_xgb": 0.9554911851882935, "date": "2025-12-22"}}, {"type": "Feature", "geometry": {"type": "Point", "coordinates": [-82.63333333502902, 35.700000000569005]}, "properties": {"p_logistic": 0.4872393012046814, "p_rf": 0.6819999814033508, "p_xgb": 0.9606894850730896, "date": "2025-12-22"}}, {"type": "Feature", "geometry": {"type": "Point", "coordinates": [-82.62500000169601, 35.700000000569005]}, "properties": {"p_logistic": 0.4882056415081024, "p_rf": 0.8119999766349792, "p_xgb": 0.9943599104881287, "date": "2025-12-22"}}, {"type": "Feature", "geometry": {"type": "Point", "coordinates": [-82.61666666836302, 35.700000000569005]}, "properties": {"p_logistic": 0.48868894577026367, "p_rf": 0.8140000104904175, "p_xgb": 0.9943599104881287, "date": "2025-12-22"}}, {"type": "Feature", "geometry": {"type": "Point", "coordinates": [-82.60833333503001, 35.700000000569005]}, "properties": {"p_logistic": 0.4891141951084137, "p_rf": 0.8199999928474426, "p_xgb": 0.9943599104881287, "date": "2025-12-22"}}, {"type": "Feature", "geometry": {"type": "Point", "coordinates": [-82.60000000169703, 35.700000000569005]}, "properties": {"p_logistic": 0.4897249639034271, "p_rf": 0.8220000267028809, "p_xgb": 0.9946264624595642, "date": "2025-12-22"}}, {"type": "Feature", "geometry": {"type": "Point", "coordinates": [-82.59166666836401, 35.700000000569005]}, "properties": {"p_logistic": 0.4901507794857025, "p_rf": 0.8259999752044678, "p_xgb": 0.9952406883239746, "date": "2025-12-22"}}, {"type": "Feature", "geometry": {"type": "Point", "coordinates": [-82.58333333503101, 35.700000000569005]}, "properties": {"p_logistic": 0.49103909730911255, "p_rf": 0.8259999752044678, "p_xgb": 0.9949073195457458, "date": "2025-12-22"}}, {"type": "Feature", "geometry": {"type": "Point", "coordinates": [-82.57500000169802, 35.700000000569005]}, "properties": {"p_logistic": 0.49184393882751465, "p_rf": 0.8339999914169312, "p_xgb": 0.9949073195457458, "date": "2025-12-22"}}, {"type": "Feature", "geometry": {"type": "Point", "coordinates": [-82.56666666836502, 35.700000000569005]}, "properties": {"p_logistic": 0.4925936460494995, "p_rf": 0.8320000171661377, "p_xgb": 0.9944038391113281, "date": "2025-12-22"}}, {"type": "Feature", "geometry": {"type": "Point", "coordinates": [-82.55833333503202, 35.700000000569005]}, "properties": {"p_logistic": 0.493504136800766, "p_rf": 0.843999981880188, "p_xgb": 0.9944038391113281, "date": "2025-12-22"}}, {"type": "Feature", "geometry": {"type": "Point", "coordinates": [-82.55000000169902, 35.700000000569005]}, "properties": {"p_logistic": 0.49414417147636414, "p_rf": 0.843999981880188, "p_xgb": 0.9944038391113281, "date": "2025-12-22"}}, {"type": "Feature", "geometry": {"type": "Point", "coordinates": [-82.54166666836602, 35.700000000569005]}, "properties": {"p_logistic": 0.4947507083415985, "p_rf": 0.8379999995231628, "p_xgb": 0.9930840730667114, "date": "2025-12-22"}}, {"type": "Feature", "geometry": {"type": "Point", "coordinates": [-82.53333333503302, 35.700000000569005]}, "properties": {"p_logistic": 0.49651384353637695, "p_rf": 0.8700000047683716, "p_xgb": 0.9963603615760803, "date": "2025-12-22"}}, {"type": "Feature", "geometry": {"type": "Point", "coordinates": [-82.52500000170002, 35.700000000569005]}, "properties": {"p_logistic": 0.4987580478191376, "p_rf": 0.8759999871253967, "p_xgb": 0.9959490299224854, "date": "2025-12-22"}}, {"type": "Feature", "geometry": {"type": "Point", "coordinates": [-82.51666666836701, 35.700000000569005]}, "properties": {"p_logistic": 0.5014646053314209, "p_rf": 0.8619999885559082, "p_xgb": 0.9930543303489685, "date": "2025-12-22"}}, {"type": "Feature", "geometry": {"type": "Point", "coordinates": [-82.50833333503402, 35.700000000569005]}, "properties": {"p_logistic": 0.5038580894470215, "p_rf": 0.828000009059906, "p_xgb": 0.9920491576194763, "date": "2025-12-22"}}, {"type": "Feature", "geometry": {"type": "Point", "coordinates": [-82.50000000170101, 35.700000000569005]}, "properties": {"p_logistic": 0.5063037872314453, "p_rf": 0.8040000200271606, "p_xgb": 0.9928942322731018, "date": "2025-12-22"}}, {"type": "Feature", "geometry": {"type": "Point", "coordinates": [-82.49166666836803, 35.700000000569005]}, "properties": {"p_logistic": 0.5087692737579346, "p_rf": 0.7820000052452087, "p_xgb": 0.9925385117530823, "date": "2025-12-22"}}, {"type": "Feature", "geometry": {"type": "Point", "coordinates": [-82.48333333503501, 35.700000000569005]}, "properties": {"p_logistic": 0.5126978754997253, "p_rf": 0.7599999904632568, "p_xgb": 0.9896543025970459, "date": "2025-12-22"}}, {"type": "Feature", "geometry": {"type": "Point", "coordinates": [-82.47500000170201, 35.700000000569005]}, "properties": {"p_logistic": 0.5194252729415894, "p_rf": 0.6499999761581421, "p_xgb": 0.9950829744338989, "date": "2025-12-22"}}, {"type": "Feature", "geometry": {"type": "Point", "coordinates": [-82.46666666836902, 35.700000000569005]}, "properties": {"p_logistic": 0.5221832990646362, "p_rf": 0.6460000276565552, "p_xgb": 0.9961756467819214, "date": "2025-12-22"}}, {"type": "Feature", "geometry": {"type": "Point", "coordinates": [-82.45833333503602, 35.700000000569005]}, "properties": {"p_logistic": 0.5235481262207031, "p_rf": 0.6620000004768372, "p_xgb": 0.9963776469230652, "date": "2025-12-22"}}, {"type": "Feature", "geometry": {"type": "Point", "coordinates": [-82.45000000170302, 35.700000000569005]}, "properties": {"p_logistic": 0.5232085585594177, "p_rf": 0.6639999747276306, "p_xgb": 0.9961955547332764, "date": "2025-12-22"}}, {"type": "Feature", "geometry": {"type": "Point", "coordinates": [-82.44166666837002, 35.700000000569005]}, "properties": {"p_logistic": 0.5215136408805847, "p_rf": 0.6620000004768372, "p_xgb": 0.9961955547332764, "date": "2025-12-22"}}, {"type": "Feature", "geometry": {"type": "Point", "coordinates": [-82.43333333503702, 35.700000000569005]}, "properties": {"p_logistic": 0.5195558667182922, "p_rf": 0.6740000247955322, "p_xgb": 0.9936525821685791, "date": "2025-12-22"}}, {"type": "Feature", "geometry": {"type": "Point", "coordinates": [-82.42500000170402, 35.700000000569005]}, "properties": {"p_logistic": 0.5162901282310486, "p_rf": 0.6840000152587891, "p_xgb": 0.9924404621124268, "date": "2025-12-22"}}, {"type": "Feature", "geometry": {"type": "Point", "coordinates": [-82.41666666837102, 35.700000000569005]}, "properties": {"p_logistic": 0.5105192065238953, "p_rf": 0.6840000152587891, "p_xgb": 0.9900676012039185, "date": "2025-12-22"}}, {"type": "Feature", "geometry": {"type": "Point", "coordinates": [-82.40833333503801, 35.700000000569005]}, "properties": {"p_logistic": 0.505329430103302, "p_rf": 0.6880000233650208, "p_xgb": 0.9899200201034546, "date": "2025-12-22"}}, {"type": "Feature", "geometry": {"type": "Point", "coordinates": [-82.40000000170502, 35.700000000569005]}, "properties": {"p_logistic": 0.5001988410949707, "p_rf": 0.6840000152587891, "p_xgb": 0.989759087562561, "date": "2025-12-22"}}, {"type": "Feature", "geometry": {"type": "Point", "coordinates": [-82.39166666837201, 35.700000000569005]}, "properties": {"p_logistic": 0.4938470423221588, "p_rf": 0.6859999895095825, "p_xgb": 0.9903152585029602, "date": "2025-12-22"}}, {"type": "Feature", "geometry": {"type": "Point", "coordinates": [-82.38333333503903, 35.700000000569005]}, "properties": {"p_logistic": 0.48954156041145325, "p_rf": 0.6840000152587891, "p_xgb": 0.9914996027946472, "date": "2025-12-22"}}, {"type": "Feature", "geometry": {"type": "Point", "coordinates": [-82.37500000170601, 35.700000000569005]}, "properties": {"p_logistic": 0.48536017537117004, "p_rf": 0.6759999990463257, "p_xgb": 0.9910797476768494, "date": "2025-12-22"}}, {"type": "Feature", "geometry": {"type": "Point", "coordinates": [-82.36666666837301, 35.700000000569005]}, "properties": {"p_logistic": 0.4812218248844147, "p_rf": 0.6620000004768372, "p_xgb": 0.993920087814331, "date": "2025-12-22"}}, {"type": "Feature", "geometry": {"type": "Point", "coordinates": [-82.35833333504002, 35.700000000569005]}, "properties": {"p_logistic": 0.4788254499435425, "p_rf": 0.6539999842643738, "p_xgb": 0.9945700764656067, "date": "2025-12-22"}}, {"type": "Feature", "geometry": {"type": "Point", "coordinates": [-82.35000000170702, 35.700000000569005]}, "properties": {"p_logistic": 0.4766027331352234, "p_rf": 0.6480000019073486, "p_xgb": 0.9942680597305298, "date": "2025-12-22"}}, {"type": "Feature", "geometry": {"type": "Point", "coordinates": [-82.34166666837402, 35.700000000569005]}, "properties": {"p_logistic": 0.4752269387245178, "p_rf": 0.6460000276565552, "p_xgb": 0.9942680597305298, "date": "2025-12-22"}}, {"type": "Feature", "geometry": {"type": "Point", "coordinates": [-82.33333333504102, 35.700000000569005]}, "properties": {"p_logistic": 0.4735361337661743, "p_rf": 0.6439999938011169, "p_xgb": 0.9942680597305298, "date": "2025-12-22"}}, {"type": "Feature", "geometry": {"type": "Point", "coordinates": [-82.32500000170802, 35.700000000569005]}, "properties": {"p_logistic": 0.47262951731681824, "p_rf": 0.6460000276565552, "p_xgb": 0.9942680597305298, "date": "2025-12-22"}}, {"type": "Feature", "geometry": {"type": "Point", "coordinates": [-82.31666666837502, 35.700000000569005]}, "properties": {"p_logistic": 0.47210124135017395, "p_rf": 0.6439999938011169, "p_xgb": 0.9942680597305298, "date": "2025-12-22"}}, {"type": "Feature", "geometry": {"type": "Point", "coordinates": [-82.30833333504202, 35.700000000569005]}, "properties": {"p_logistic": 0.4703998267650604, "p_rf": 0.6460000276565552, "p_xgb": 0.9942680597305298, "date": "2025-12-22"}}, {"type": "Feature", "geometry": {"type": "Point", "coordinates": [-82.30000000170901, 35.700000000569005]}, "properties": {"p_logistic": 0.4691769778728485, "p_rf": 0.6460000276565552, "p_xgb": 0.9942680597305298, "date": "2025-12-22"}}, {"type": "Feature", "geometry": {"type": "Point", "coordinates": [-82.29166666837602, 35.700000000569005]}, "properties": {"p_logistic": 0.46878698468208313, "p_rf": 0.6460000276565552, "p_xgb": 0.9942680597305298, "date": "2025-12-22"}}, {"type": "Feature", "geometry": {"type": "Point", "coordinates": [-82.28333333504301, 35.700000000569005]}, "properties": {"p_logistic": 0.46991705894470215, "p_rf": 0.6480000019073486, "p_xgb": 0.9942680597305298, "date": "2025-12-22"}}, {"type": "Feature", "geometry": {"type": "Point", "coordinates": [-82.85833333502002, 35.69166666723601]}, "properties": {"p_logistic": 0.45667901635169983, "p_rf": 0.7900000214576721, "p_xgb": 0.9700682759284973, "date": "2025-12-22"}}, {"type": "Feature", "geometry": {"type": "Point", "coordinates": [-82.85000000168702, 35.69166666723601]}, "properties": {"p_logistic": 0.4589923024177551, "p_rf": 0.7900000214576721, "p_xgb": 0.9700682759284973, "date": "2025-12-22"}}, {"type": "Feature", "geometry": {"type": "Point", "coordinates": [-82.84166666835401, 35.69166666723601]}, "properties": {"p_logistic": 0.460297554731369, "p_rf": 0.8119999766349792, "p_xgb": 0.98408442735672, "date": "2025-12-22"}}, {"type": "Feature", "geometry": {"type": "Point", "coordinates": [-82.83333333502102, 35.69166666723601]}, "properties": {"p_logistic": 0.4614514410495758, "p_rf": 0.8119999766349792, "p_xgb": 0.9963164329528809, "date": "2025-12-22"}}, {"type": "Feature", "geometry": {"type": "Point", "coordinates": [-82.79166666835602, 35.69166666723601]}, "properties": {"p_logistic": 0.46701836585998535, "p_rf": 0.8220000267028809, "p_xgb": 0.9952020645141602, "date": "2025-12-22"}}, {"type": "Feature", "geometry": {"type": "Point", "coordinates": [-82.78333333502302, 35.69166666723601]}, "properties": {"p_logistic": 0.4679512083530426, "p_rf": 0.8220000267028809, "p_xgb": 0.9952020645141602, "date": "2025-12-22"}}, {"type": "Feature", "geometry": {"type": "Point", "coordinates": [-82.77500000169002, 35.69166666723601]}, "properties": {"p_logistic": 0.4694834053516388, "p_rf": 0.8199999928474426, "p_xgb": 0.9952020645141602, "date": "2025-12-22"}}, {"type": "Feature", "geometry": {"type": "Point", "coordinates": [-82.76666666835702, 35.69166666723601]}, "properties": {"p_logistic": 0.47127917408943176, "p_rf": 0.8199999928474426, "p_xgb": 0.9949640035629272, "date": "2025-12-22"}}, {"type": "Feature", "geometry": {"type": "Point", "coordinates": [-82.75833333502402, 35.69166666723601]}, "properties": {"p_logistic": 0.4726678431034088, "p_rf": 0.8199999928474426, "p_xgb": 0.9927250146865845, "date": "2025-12-22"}}, {"type": "Feature", "geometry": {"type": "Point", "coordinates": [-82.75000000169102, 35.69166666723601]}, "properties": {"p_logistic": 0.4744901657104492, "p_rf": 0.8199999928474426, "p_xgb": 0.9927250146865845, "date": "2025-12-22"}}, {"type": "Feature", "geometry": {"type": "Point", "coordinates": [-82.74166666835802, 35.69166666723601]}, "properties": {"p_logistic": 0.4756517708301544, "p_rf": 0.8199999928474426, "p_xgb": 0.9930683374404907, "date": "2025-12-22"}}, {"type": "Feature", "geometry": {"type": "Point", "coordinates": [-82.73333333502501, 35.69166666723601]}, "properties": {"p_logistic": 0.47701799869537354, "p_rf": 0.8199999928474426, "p_xgb": 0.9928839206695557, "date": "2025-12-22"}}, {"type": "Feature", "geometry": {"type": "Point", "coordinates": [-82.72500000169202, 35.69166666723601]}, "properties": {"p_logistic": 0.47794410586357117, "p_rf": 0.8140000104904175, "p_xgb": 0.9953265190124512, "date": "2025-12-22"}}, {"type": "Feature", "geometry": {"type": "Point", "coordinates": [-82.71666666835901, 35.69166666723601]}, "properties": {"p_logistic": 0.47820672392845154, "p_rf": 0.6819999814033508, "p_xgb": 0.9655832648277283, "date": "2025-12-22"}}, {"type": "Feature", "geometry": {"type": "Point", "coordinates": [-82.70833333502603, 35.69166666723601]}, "properties": {"p_logistic": 0.47824493050575256, "p_rf": 0.6779999732971191, "p_xgb": 0.9572267532348633, "date": "2025-12-22"}}, {"type": "Feature", "geometry": {"type": "Point", "coordinates": [-82.70000000169301, 35.69166666723601]}, "properties": {"p_logistic": 0.4779820442199707, "p_rf": 0.6779999732971191, "p_xgb": 0.9572267532348633, "date": "2025-12-22"}}, {"type": "Feature", "geometry": {"type": "Point", "coordinates": [-82.69166666836001, 35.69166666723601]}, "properties": {"p_logistic": 0.4786258637905121, "p_rf": 0.6779999732971191, "p_xgb": 0.9572267532348633, "date": "2025-12-22"}}, {"type": "Feature", "geometry": {"type": "Point", "coordinates": [-82.68333333502702, 35.69166666723601]}, "properties": {"p_logistic": 0.48006245493888855, "p_rf": 0.6779999732971191, "p_xgb": 0.959926962852478, "date": "2025-12-22"}}, {"type": "Feature", "geometry": {"type": "Point", "coordinates": [-82.67500000169402, 35.69166666723601]}, "properties": {"p_logistic": 0.48103368282318115, "p_rf": 0.6779999732971191, "p_xgb": 0.959926962852478, "date": "2025-12-22"}}, {"type": "Feature", "geometry": {"type": "Point", "coordinates": [-82.66666666836102, 35.69166666723601]}, "properties": {"p_logistic": 0.4821116626262665, "p_rf": 0.6779999732971191, "p_xgb": 0.959926962852478, "date": "2025-12-22"}}, {"type": "Feature", "geometry": {"type": "Point", "coordinates": [-82.65833333502802, 35.69166666723601]}, "properties": {"p_logistic": 0.4833524227142334, "p_rf": 0.6779999732971191, "p_xgb": 0.9535378217697144, "date": "2025-12-22"}}, {"type": "Feature", "geometry": {"type": "Point", "coordinates": [-82.65000000169502, 35.69166666723601]}, "properties": {"p_logistic": 0.4847114384174347, "p_rf": 0.6779999732971191, "p_xgb": 0.9535378217697144, "date": "2025-12-22"}}, {"type": "Feature", "geometry": {"type": "Point", "coordinates": [-82.64166666836202, 35.69166666723601]}, "properties": {"p_logistic": 0.48627302050590515, "p_rf": 0.6779999732971191, "p_xgb": 0.9554911851882935, "date": "2025-12-22"}}, {"type": "Feature", "geometry": {"type": "Point", "coordinates": [-82.63333333502902, 35.69166666723601]}, "properties": {"p_logistic": 0.4878142178058624, "p_rf": 0.8119999766349792, "p_xgb": 0.9752324223518372, "date": "2025-12-22"}}, {"type": "Feature", "geometry": {"type": "Point", "coordinates": [-82.62500000169601, 35.69166666723601]}, "properties": {"p_logistic": 0.4886569082736969, "p_rf": 0.8140000104904175, "p_xgb": 0.9943599104881287, "date": "2025-12-22"}}, {"type": "Feature", "geometry": {"type": "Point", "coordinates": [-82.61666666836302, 35.69166666723601]}, "properties": {"p_logistic": 0.4892086684703827, "p_rf": 0.8199999928474426, "p_xgb": 0.9943599104881287, "date": "2025-12-22"}}, {"type": "Feature", "geometry": {"type": "Point", "coordinates": [-82.60833333503001, 35.69166666723601]}, "properties": {"p_logistic": 0.4895533621311188, "p_rf": 0.8199999928474426, "p_xgb": 0.9946264624595642, "date": "2025-12-22"}}, {"type": "Feature", "geometry": {"type": "Point", "coordinates": [-82.60000000169703, 35.69166666723601]}, "properties": {"p_logistic": 0.49027523398399353, "p_rf": 0.8220000267028809, "p_xgb": 0.99479079246521, "date": "2025-12-22"}}, {"type": "Feature", "geometry": {"type": "Point", "coordinates": [-82.59166666836401, 35.69166666723601]}, "properties": {"p_logistic": 0.4913967549800873, "p_rf": 0.8259999752044678, "p_xgb": 0.9952406883239746, "date": "2025-12-22"}}, {"type": "Feature", "geometry": {"type": "Point", "coordinates": [-82.58333333503101, 35.69166666723601]}, "properties": {"p_logistic": 0.49228182435035706, "p_rf": 0.8320000171661377, "p_xgb": 0.9949073195457458, "date": "2025-12-22"}}, {"type": "Feature", "geometry": {"type": "Point", "coordinates": [-82.57500000169802, 35.69166666723601]}, "properties": {"p_logistic": 0.4933564364910126, "p_rf": 0.8320000171661377, "p_xgb": 0.9947699904441833, "date": "2025-12-22"}}, {"type": "Feature", "geometry": {"type": "Point", "coordinates": [-82.56666666836502, 35.69166666723601]}, "properties": {"p_logistic": 0.49423688650131226, "p_rf": 0.843999981880188, "p_xgb": 0.9947699904441833, "date": "2025-12-22"}}, {"type": "Feature", "geometry": {"type": "Point", "coordinates": [-82.55833333503202, 35.69166666723601]}, "properties": {"p_logistic": 0.49507153034210205, "p_rf": 0.843999981880188, "p_xgb": 0.9947699904441833, "date": "2025-12-22"}}, {"type": "Feature", "geometry": {"type": "Point", "coordinates": [-82.55000000169902, 35.69166666723601]}, "properties": {"p_logistic": 0.49539411067962646, "p_rf": 0.8460000157356262, "p_xgb": 0.9944038391113281, "date": "2025-12-22"}}, {"type": "Feature", "geometry": {"type": "Point", "coordinates": [-82.54166666836602, 35.69166666723601]}, "properties": {"p_logistic": 0.49608132243156433, "p_rf": 0.8379999995231628, "p_xgb": 0.9929008483886719, "date": "2025-12-22"}}, {"type": "Feature", "geometry": {"type": "Point", "coordinates": [-82.53333333503302, 35.69166666723601]}, "properties": {"p_logistic": 0.4976383149623871, "p_rf": 0.8679999709129333, "p_xgb": 0.9966873526573181, "date": "2025-12-22"}}, {"type": "Feature", "geometry": {"type": "Point", "coordinates": [-82.52500000170002, 35.69166666723601]}, "properties": {"p_logistic": 0.5002382397651672, "p_rf": 0.8759999871253967, "p_xgb": 0.9973115921020508, "date": "2025-12-22"}}, {"type": "Feature", "geometry": {"type": "Point", "coordinates": [-82.51666666836701, 35.69166666723601]}, "properties": {"p_logistic": 0.5027208924293518, "p_rf": 0.8679999709129333, "p_xgb": 0.9949312806129456, "date": "2025-12-22"}}, {"type": "Feature", "geometry": {"type": "Point", "coordinates": [-82.50833333503402, 35.69166666723601]}, "properties": {"p_logistic": 0.5053278207778931, "p_rf": 0.828000009059906, "p_xgb": 0.9920491576194763, "date": "2025-12-22"}}, {"type": "Feature", "geometry": {"type": "Point", "coordinates": [-82.50000000170101, 35.69166666723601]}, "properties": {"p_logistic": 0.5084299445152283, "p_rf": 0.8019999861717224, "p_xgb": 0.9925385117530823, "date": "2025-12-22"}}, {"type": "Feature", "geometry": {"type": "Point", "coordinates": [-82.49166666836803, 35.69166666723601]}, "properties": {"p_logistic": 0.5121963024139404, "p_rf": 0.7580000162124634, "p_xgb": 0.9880260825157166, "date": "2025-12-22"}}, {"type": "Feature", "geometry": {"type": "Point", "coordinates": [-82.48333333503501, 35.69166666723601]}, "properties": {"p_logistic": 0.5194770693778992, "p_rf": 0.6539999842643738, "p_xgb": 0.993699312210083, "date": "2025-12-22"}}, {"type": "Feature", "geometry": {"type": "Point", "coordinates": [-82.47500000170201, 35.69166666723601]}, "properties": {"p_logistic": 0.5239511728286743, "p_rf": 0.6480000019073486, "p_xgb": 0.9961756467819214, "date": "2025-12-22"}}, {"type": "Feature", "geometry": {"type": "Point", "coordinates": [-82.46666666836902, 35.69166666723601]}, "properties": {"p_logistic": 0.5262760519981384, "p_rf": 0.6660000085830688, "p_xgb": 0.9939501285552979, "date": "2025-12-22"}}, {"type": "Feature", "geometry": {"type": "Point", "coordinates": [-82.45833333503602, 35.69166666723601]}, "properties": {"p_logistic": 0.527208149433136, "p_rf": 0.6840000152587891, "p_xgb": 0.9940997362136841, "date": "2025-12-22"}}, {"type": "Feature", "geometry": {"type": "Point", "coordinates": [-82.45000000170302, 35.69166666723601]}, "properties": {"p_logistic": 0.5267860293388367, "p_rf": 0.6859999895095825, "p_xgb": 0.9940997362136841, "date": "2025-12-22"}}, {"type": "Feature", "geometry": {"type": "Point", "coordinates": [-82.44166666837002, 35.69166666723601]}, "properties": {"p_logistic": 0.525561511516571, "p_rf": 0.6859999895095825, "p_xgb": 0.9940997362136841, "date": "2025-12-22"}}, {"type": "Feature", "geometry": {"type": "Point", "coordinates": [-82.43333333503702, 35.69166666723601]}, "properties": {"p_logistic": 0.5242713093757629, "p_rf": 0.6840000152587891, "p_xgb": 0.9942411184310913, "date": "2025-12-22"}}, {"type": "Feature", "geometry": {"type": "Point", "coordinates": [-82.42500000170402, 35.69166666723601]}, "properties": {"p_logistic": 0.5212032198905945, "p_rf": 0.6840000152587891, "p_xgb": 0.9927967190742493, "date": "2025-12-22"}}, {"type": "Feature", "geometry": {"type": "Point", "coordinates": [-82.41666666837102, 35.69166666723601]}, "properties": {"p_logistic": 0.5146000385284424, "p_rf": 0.6880000233650208, "p_xgb": 0.9906635284423828, "date": "2025-12-22"}}, {"type": "Feature", "geometry": {"type": "Point", "coordinates": [-82.40833333503801, 35.69166666723601]}, "properties": {"p_logistic": 0.5079116821289062, "p_rf": 0.6880000233650208, "p_xgb": 0.9899200201034546, "date": "2025-12-22"}}, {"type": "Feature", "geometry": {"type": "Point", "coordinates": [-82.40000000170502, 35.69166666723601]}, "properties": {"p_logistic": 0.5018038153648376, "p_rf": 0.6840000152587891, "p_xgb": 0.9899200201034546, "date": "2025-12-22"}}, {"type": "Feature", "geometry": {"type": "Point", "coordinates": [-82.39166666837201, 35.69166666723601]}, "properties": {"p_logistic": 0.4938441514968872, "p_rf": 0.6740000247955322, "p_xgb": 0.9884441494941711, "date": "2025-12-22"}}, {"type": "Feature", "geometry": {"type": "Point", "coordinates": [-82.38333333503903, 35.69166666723601]}, "properties": {"p_logistic": 0.48913100361824036, "p_rf": 0.6660000085830688, "p_xgb": 0.9935809373855591, "date": "2025-12-22"}}, {"type": "Feature", "geometry": {"type": "Point", "coordinates": [-82.37500000170601, 35.69166666723601]}, "properties": {"p_logistic": 0.48498374223709106, "p_rf": 0.6620000004768372, "p_xgb": 0.9935868978500366, "date": "2025-12-22"}}, {"type": "Feature", "geometry": {"type": "Point", "coordinates": [-82.36666666837301, 35.69166666723601]}, "properties": {"p_logistic": 0.4818751811981201, "p_rf": 0.6460000276565552, "p_xgb": 0.9932305812835693, "date": "2025-12-22"}}, {"type": "Feature", "geometry": {"type": "Point", "coordinates": [-82.35833333504002, 35.69166666723601]}, "properties": {"p_logistic": 0.4793206453323364, "p_rf": 0.6460000276565552, "p_xgb": 0.9932305812835693, "date": "2025-12-22"}}, {"type": "Feature", "geometry": {"type": "Point", "coordinates": [-82.35000000170702, 35.69166666723601]}, "properties": {"p_logistic": 0.47789064049720764, "p_rf": 0.6480000019073486, "p_xgb": 0.993075966835022, "date": "2025-12-22"}}, {"type": "Feature", "geometry": {"type": "Point", "coordinates": [-82.34166666837402, 35.69166666723601]}, "properties": {"p_logistic": 0.4763386845588684, "p_rf": 0.6499999761581421, "p_xgb": 0.993075966835022, "date": "2025-12-22"}}, {"type": "Feature", "geometry": {"type": "Point", "coordinates": [-82.33333333504102, 35.69166666723601]}, "properties": {"p_logistic": 0.47632020711898804, "p_rf": 0.6499999761581421, "p_xgb": 0.9928764700889587, "date": "2025-12-22"}}, {"type": "Feature", "geometry": {"type": "Point", "coordinates": [-82.32500000170802, 35.69166666723601]}, "properties": {"p_logistic": 0.4760695993900299, "p_rf": 0.6499999761581421, "p_xgb": 0.9928764700889587, "date": "2025-12-22"}}, {"type": "Feature", "geometry": {"type": "Point", "coordinates": [-82.31666666837502, 35.69166666723601]}, "properties": {"p_logistic": 0.4748347997665405, "p_rf": 0.6520000100135803, "p_xgb": 0.9928764700889587, "date": "2025-12-22"}}, {"type": "Feature", "geometry": {"type": "Point", "coordinates": [-82.30833333504202, 35.69166666723601]}, "properties": {"p_logistic": 0.473718523979187, "p_rf": 0.6499999761581421, "p_xgb": 0.9928764700889587, "date": "2025-12-22"}}, {"type": "Feature", "geometry": {"type": "Point", "coordinates": [-82.30000000170901, 35.69166666723601]}, "properties": {"p_logistic": 0.47319668531417847, "p_rf": 0.6480000019073486, "p_xgb": 0.9941370487213135, "date": "2025-12-22"}}, {"type": "Feature", "geometry": {"type": "Point", "coordinates": [-82.29166666837602, 35.69166666723601]}, "properties": {"p_logistic": 0.47391605377197266, "p_rf": 0.6460000276565552, "p_xgb": 0.9942680597305298, "date": "2025-12-22"}}, {"type": "Feature", "geometry": {"type": "Point", "coordinates": [-82.87500000168602, 35.68333333390301]}, "properties": {"p_logistic": 0.45454141497612, "p_rf": 0.8140000104904175, "p_xgb": 0.9957411289215088, "date": "2025-12-22"}}, {"type": "Feature", "geometry": {"type": "Point", "coordinates": [-82.86666666835302, 35.68333333390301]}, "properties": {"p_logistic": 0.4560568630695343, "p_rf": 0.8140000104904175, "p_xgb": 0.9958517551422119, "date": "2025-12-22"}}, {"type": "Feature", "geometry": {"type": "Point", "coordinates": [-82.85833333502002, 35.68333333390301]}, "properties": {"p_logistic": 0.4584510028362274, "p_rf": 0.8119999766349792, "p_xgb": 0.9958517551422119, "date": "2025-12-22"}}, {"type": "Feature", "geometry": {"type": "Point", "coordinates": [-82.85000000168702, 35.68333333390301]}, "properties": {"p_logistic": 0.46031510829925537, "p_rf": 0.8119999766349792, "p_xgb": 0.9958517551422119, "date": "2025-12-22"}}, {"type": "Feature", "geometry": {"type": "Point", "coordinates": [-82.84166666835401, 35.68333333390301]}, "properties": {"p_logistic": 0.4617901146411896, "p_rf": 0.8119999766349792, "p_xgb": 0.9946756362915039, "date": "2025-12-22"}}, {"type": "Feature", "geometry": {"type": "Point", "coordinates": [-82.83333333502102, 35.68333333390301]}, "properties": {"p_logistic": 0.4630168676376343, "p_rf": 0.8140000104904175, "p_xgb": 0.992891788482666, "date": "2025-12-22"}}, {"type": "Feature", "geometry": {"type": "Point", "coordinates": [-82.82500000168801, 35.68333333390301]}, "properties": {"p_logistic": 0.46405264735221863, "p_rf": 0.8199999928474426, "p_xgb": 0.9950796365737915, "date": "2025-12-22"}}, {"type": "Feature", "geometry": {"type": "Point", "coordinates": [-82.81666666835503, 35.68333333390301]}, "properties": {"p_logistic": 0.4653054177761078, "p_rf": 0.8199999928474426, "p_xgb": 0.9930683374404907, "date": "2025-12-22"}}, {"type": "Feature", "geometry": {"type": "Point", "coordinates": [-82.80833333502201, 35.68333333390301]}, "properties": {"p_logistic": 0.4662233889102936, "p_rf": 0.8199999928474426, "p_xgb": 0.9930683374404907, "date": "2025-12-22"}}, {"type": "Feature", "geometry": {"type": "Point", "coordinates": [-82.80000000168901, 35.68333333390301]}, "properties": {"p_logistic": 0.4669662117958069, "p_rf": 0.8220000267028809, "p_xgb": 0.9930683374404907, "date": "2025-12-22"}}, {"type": "Feature", "geometry": {"type": "Point", "coordinates": [-82.79166666835602, 35.68333333390301]}, "properties": {"p_logistic": 0.467663437128067, "p_rf": 0.8220000267028809, "p_xgb": 0.9930683374404907, "date": "2025-12-22"}}, {"type": "Feature", "geometry": {"type": "Point", "coordinates": [-82.78333333502302, 35.68333333390301]}, "properties": {"p_logistic": 0.46851372718811035, "p_rf": 0.8199999928474426, "p_xgb": 0.9930683374404907, "date": "2025-12-22"}}, {"type": "Feature", "geometry": {"type": "Point", "coordinates": [-82.77500000169002, 35.68333333390301]}, "properties": {"p_logistic": 0.4702876806259155, "p_rf": 0.8199999928474426, "p_xgb": 0.9927250146865845, "date": "2025-12-22"}}, {"type": "Feature", "geometry": {"type": "Point", "coordinates": [-82.76666666835702, 35.68333333390301]}, "properties": {"p_logistic": 0.4719494879245758, "p_rf": 0.8140000104904175, "p_xgb": 0.9927250146865845, "date": "2025-12-22"}}, {"type": "Feature", "geometry": {"type": "Point", "coordinates": [-82.75833333502402, 35.68333333390301]}, "properties": {"p_logistic": 0.4735896587371826, "p_rf": 0.8140000104904175, "p_xgb": 0.9927250146865845, "date": "2025-12-22"}}, {"type": "Feature", "geometry": {"type": "Point", "coordinates": [-82.75000000169102, 35.68333333390301]}, "properties": {"p_logistic": 0.47455665469169617, "p_rf": 0.8140000104904175, "p_xgb": 0.9927250146865845, "date": "2025-12-22"}}, {"type": "Feature", "geometry": {"type": "Point", "coordinates": [-82.74166666835802, 35.68333333390301]}, "properties": {"p_logistic": 0.4757584035396576, "p_rf": 0.8180000185966492, "p_xgb": 0.9927250146865845, "date": "2025-12-22"}}, {"type": "Feature", "geometry": {"type": "Point", "coordinates": [-82.73333333502501, 35.68333333390301]}, "properties": {"p_logistic": 0.4770633280277252, "p_rf": 0.8180000185966492, "p_xgb": 0.9925315976142883, "date": "2025-12-22"}}, {"type": "Feature", "geometry": {"type": "Point", "coordinates": [-82.72500000169202, 35.68333333390301]}, "properties": {"p_logistic": 0.47812655568122864, "p_rf": 0.8119999766349792, "p_xgb": 0.99440598487854, "date": "2025-12-22"}}, {"type": "Feature", "geometry": {"type": "Point", "coordinates": [-82.71666666835901, 35.68333333390301]}, "properties": {"p_logistic": 0.47865286469459534, "p_rf": 0.6819999814033508, "p_xgb": 0.9655832648277283, "date": "2025-12-22"}}, {"type": "Feature", "geometry": {"type": "Point", "coordinates": [-82.70833333502603, 35.68333333390301]}, "properties": {"p_logistic": 0.47883644700050354, "p_rf": 0.6779999732971191, "p_xgb": 0.9572267532348633, "date": "2025-12-22"}}, {"type": "Feature", "geometry": {"type": "Point", "coordinates": [-82.70000000169301, 35.68333333390301]}, "properties": {"p_logistic": 0.478606253862381, "p_rf": 0.6779999732971191, "p_xgb": 0.9572267532348633, "date": "2025-12-22"}}, {"type": "Feature", "geometry": {"type": "Point", "coordinates": [-82.69166666836001, 35.68333333390301]}, "properties": {"p_logistic": 0.4796339273452759, "p_rf": 0.6779999732971191, "p_xgb": 0.9572267532348633, "date": "2025-12-22"}}, {"type": "Feature", "geometry": {"type": "Point", "coordinates": [-82.68333333502702, 35.68333333390301]}, "properties": {"p_logistic": 0.4812791645526886, "p_rf": 0.6779999732971191, "p_xgb": 0.959926962852478, "date": "2025-12-22"}}, {"type": "Feature", "geometry": {"type": "Point", "coordinates": [-82.67500000169402, 35.68333333390301]}, "properties": {"p_logistic": 0.4820104241371155, "p_rf": 0.6779999732971191, "p_xgb": 0.959926962852478, "date": "2025-12-22"}}, {"type": "Feature", "geometry": {"type": "Point", "coordinates": [-82.66666666836102, 35.68333333390301]}, "properties": {"p_logistic": 0.4826708137989044, "p_rf": 0.6779999732971191, "p_xgb": 0.959926962852478, "date": "2025-12-22"}}, {"type": "Feature", "geometry": {"type": "Point", "coordinates": [-82.65833333502802, 35.68333333390301]}, "properties": {"p_logistic": 0.48377689719200134, "p_rf": 0.6779999732971191, "p_xgb": 0.9535378217697144, "date": "2025-12-22"}}, {"type": "Feature", "geometry": {"type": "Point", "coordinates": [-82.65000000169502, 35.68333333390301]}, "properties": {"p_logistic": 0.485106498003006, "p_rf": 0.6779999732971191, "p_xgb": 0.9535378217697144, "date": "2025-12-22"}}, {"type": "Feature", "geometry": {"type": "Point", "coordinates": [-82.64166666836202, 35.68333333390301]}, "properties": {"p_logistic": 0.48660826683044434, "p_rf": 0.6779999732971191, "p_xgb": 0.9606894850730896, "date": "2025-12-22"}}, {"type": "Feature", "geometry": {"type": "Point", "coordinates": [-82.63333333502902, 35.68333333390301]}, "properties": {"p_logistic": 0.4881761372089386, "p_rf": 0.8119999766349792, "p_xgb": 0.9752324223518372, "date": "2025-12-22"}}, {"type": "Feature", "geometry": {"type": "Point", "coordinates": [-82.62500000169601, 35.68333333390301]}, "properties": {"p_logistic": 0.4892321527004242, "p_rf": 0.8180000185966492, "p_xgb": 0.9943599104881287, "date": "2025-12-22"}}, {"type": "Feature", "geometry": {"type": "Point", "coordinates": [-82.61666666836302, 35.68333333390301]}, "properties": {"p_logistic": 0.48983651399612427, "p_rf": 0.8199999928474426, "p_xgb": 0.9946264624595642, "date": "2025-12-22"}}, {"type": "Feature", "geometry": {"type": "Point", "coordinates": [-82.60833333503001, 35.68333333390301]}, "properties": {"p_logistic": 0.4902491569519043, "p_rf": 0.8220000267028809, "p_xgb": 0.99479079246521, "date": "2025-12-22"}}, {"type": "Feature", "geometry": {"type": "Point", "coordinates": [-82.60000000169703, 35.68333333390301]}, "properties": {"p_logistic": 0.49105343222618103, "p_rf": 0.8259999752044678, "p_xgb": 0.9952406883239746, "date": "2025-12-22"}}, {"type": "Feature", "geometry": {"type": "Point", "coordinates": [-82.59166666836401, 35.68333333390301]}, "properties": {"p_logistic": 0.49246281385421753, "p_rf": 0.8339999914169312, "p_xgb": 0.9952406883239746, "date": "2025-12-22"}}, {"type": "Feature", "geometry": {"type": "Point", "coordinates": [-82.58333333503101, 35.68333333390301]}, "properties": {"p_logistic": 0.4933748245239258, "p_rf": 0.843999981880188, "p_xgb": 0.9944038391113281, "date": "2025-12-22"}}, {"type": "Feature", "geometry": {"type": "Point", "coordinates": [-82.57500000169802, 35.68333333390301]}, "properties": {"p_logistic": 0.49500319361686707, "p_rf": 0.843999981880188, "p_xgb": 0.9947699904441833, "date": "2025-12-22"}}, {"type": "Feature", "geometry": {"type": "Point", "coordinates": [-82.56666666836502, 35.68333333390301]}, "properties": {"p_logistic": 0.4960353374481201, "p_rf": 0.843999981880188, "p_xgb": 0.9947699904441833, "date": "2025-12-22"}}, {"type": "Feature", "geometry": {"type": "Point", "coordinates": [-82.55833333503202, 35.68333333390301]}, "properties": {"p_logistic": 0.49676376581192017, "p_rf": 0.8460000157356262, "p_xgb": 0.9947699904441833, "date": "2025-12-22"}}, {"type": "Feature", "geometry": {"type": "Point", "coordinates": [-82.55000000169902, 35.68333333390301]}, "properties": {"p_logistic": 0.4970632791519165, "p_rf": 0.843999981880188, "p_xgb": 0.9933645725250244, "date": "2025-12-22"}}, {"type": "Feature", "geometry": {"type": "Point", "coordinates": [-82.54166666836602, 35.68333333390301]}, "properties": {"p_logistic": 0.49800553917884827, "p_rf": 0.8399999737739563, "p_xgb": 0.9930840730667114, "date": "2025-12-22"}}, {"type": "Feature", "geometry": {"type": "Point", "coordinates": [-82.53333333503302, 35.68333333390301]}, "properties": {"p_logistic": 0.4998750686645508, "p_rf": 0.8679999709129333, "p_xgb": 0.9966873526573181, "date": "2025-12-22"}}, {"type": "Feature", "geometry": {"type": "Point", "coordinates": [-82.52500000170002, 35.68333333390301]}, "properties": {"p_logistic": 0.5027194023132324, "p_rf": 0.8759999871253967, "p_xgb": 0.9971467852592468, "date": "2025-12-22"}}, {"type": "Feature", "geometry": {"type": "Point", "coordinates": [-82.51666666836701, 35.68333333390301]}, "properties": {"p_logistic": 0.5062920451164246, "p_rf": 0.828000009059906, "p_xgb": 0.9920491576194763, "date": "2025-12-22"}}, {"type": "Feature", "geometry": {"type": "Point", "coordinates": [-82.50833333503402, 35.68333333390301]}, "properties": {"p_logistic": 0.5092201232910156, "p_rf": 0.8040000200271606, "p_xgb": 0.9925385117530823, "date": "2025-12-22"}}, {"type": "Feature", "geometry": {"type": "Point", "coordinates": [-82.50000000170101, 35.68333333390301]}, "properties": {"p_logistic": 0.5128667950630188, "p_rf": 0.7599999904632568, "p_xgb": 0.9880260825157166, "date": "2025-12-22"}}, {"type": "Feature", "geometry": {"type": "Point", "coordinates": [-82.49166666836803, 35.68333333390301]}, "properties": {"p_logistic": 0.5172268152236938, "p_rf": 0.7480000257492065, "p_xgb": 0.9947865009307861, "date": "2025-12-22"}}, {"type": "Feature", "geometry": {"type": "Point", "coordinates": [-82.48333333503501, 35.68333333390301]}, "properties": {"p_logistic": 0.5238720774650574, "p_rf": 0.6439999938011169, "p_xgb": 0.9961756467819214, "date": "2025-12-22"}}, {"type": "Feature", "geometry": {"type": "Point", "coordinates": [-82.47500000170201, 35.68333333390301]}, "properties": {"p_logistic": 0.5275229215621948, "p_rf": 0.6660000085830688, "p_xgb": 0.9939501285552979, "date": "2025-12-22"}}, {"type": "Feature", "geometry": {"type": "Point", "coordinates": [-82.46666666836902, 35.68333333390301]}, "properties": {"p_logistic": 0.5284420251846313, "p_rf": 0.6880000233650208, "p_xgb": 0.9940997362136841, "date": "2025-12-22"}}, {"type": "Feature", "geometry": {"type": "Point", "coordinates": [-82.45833333503602, 35.68333333390301]}, "properties": {"p_logistic": 0.5286099910736084, "p_rf": 0.6840000152587891, "p_xgb": 0.9943781495094299, "date": "2025-12-22"}}, {"type": "Feature", "geometry": {"type": "Point", "coordinates": [-82.45000000170302, 35.68333333390301]}, "properties": {"p_logistic": 0.5287092924118042, "p_rf": 0.6880000233650208, "p_xgb": 0.9954032897949219, "date": "2025-12-22"}}, {"type": "Feature", "geometry": {"type": "Point", "coordinates": [-82.44166666837002, 35.68333333390301]}, "properties": {"p_logistic": 0.5272253751754761, "p_rf": 0.6859999895095825, "p_xgb": 0.9942411184310913, "date": "2025-12-22"}}, {"type": "Feature", "geometry": {"type": "Point", "coordinates": [-82.43333333503702, 35.68333333390301]}, "properties": {"p_logistic": 0.5263898372650146, "p_rf": 0.6880000233650208, "p_xgb": 0.9952911138534546, "date": "2025-12-22"}}, {"type": "Feature", "geometry": {"type": "Point", "coordinates": [-82.42500000170402, 35.68333333390301]}, "properties": {"p_logistic": 0.5231277346611023, "p_rf": 0.6859999895095825, "p_xgb": 0.9941085577011108, "date": "2025-12-22"}}, {"type": "Feature", "geometry": {"type": "Point", "coordinates": [-82.41666666837102, 35.68333333390301]}, "properties": {"p_logistic": 0.5176329016685486, "p_rf": 0.6840000152587891, "p_xgb": 0.9927967190742493, "date": "2025-12-22"}}, {"type": "Feature", "geometry": {"type": "Point", "coordinates": [-82.40833333503801, 35.68333333390301]}, "properties": {"p_logistic": 0.5113247036933899, "p_rf": 0.6840000152587891, "p_xgb": 0.9906635284423828, "date": "2025-12-22"}}, {"type": "Feature", "geometry": {"type": "Point", "coordinates": [-82.40000000170502, 35.68333333390301]}, "properties": {"p_logistic": 0.5040498375892639, "p_rf": 0.6660000085830688, "p_xgb": 0.9891596436500549, "date": "2025-12-22"}}, {"type": "Feature", "geometry": {"type": "Point", "coordinates": [-82.39166666837201, 35.68333333390301]}, "properties": {"p_logistic": 0.49382418394088745, "p_rf": 0.6480000019073486, "p_xgb": 0.9931353330612183, "date": "2025-12-22"}}, {"type": "Feature", "geometry": {"type": "Point", "coordinates": [-82.38333333503903, 35.68333333390301]}, "properties": {"p_logistic": 0.48824000358581543, "p_rf": 0.6460000276565552, "p_xgb": 0.9931353330612183, "date": "2025-12-22"}}, {"type": "Feature", "geometry": {"type": "Point", "coordinates": [-82.37500000170601, 35.68333333390301]}, "properties": {"p_logistic": 0.4845469892024994, "p_rf": 0.6460000276565552, "p_xgb": 0.992960512638092, "date": "2025-12-22"}}, {"type": "Feature", "geometry": {"type": "Point", "coordinates": [-82.36666666837301, 35.68333333390301]}, "properties": {"p_logistic": 0.48274660110473633, "p_rf": 0.6499999761581421, "p_xgb": 0.9927763938903809, "date": "2025-12-22"}}, {"type": "Feature", "geometry": {"type": "Point", "coordinates": [-82.35833333504002, 35.68333333390301]}, "properties": {"p_logistic": 0.48119357228279114, "p_rf": 0.6539999842643738, "p_xgb": 0.9934012293815613, "date": "2025-12-22"}}, {"type": "Feature", "geometry": {"type": "Point", "coordinates": [-82.35000000170702, 35.68333333390301]}, "properties": {"p_logistic": 0.4797067642211914, "p_rf": 0.656000018119812, "p_xgb": 0.9932330250740051, "date": "2025-12-22"}}, {"type": "Feature", "geometry": {"type": "Point", "coordinates": [-82.34166666837402, 35.68333333390301]}, "properties": {"p_logistic": 0.4794031083583832, "p_rf": 0.671999990940094, "p_xgb": 0.9934012293815613, "date": "2025-12-22"}}, {"type": "Feature", "geometry": {"type": "Point", "coordinates": [-82.33333333504102, 35.68333333390301]}, "properties": {"p_logistic": 0.4797351658344269, "p_rf": 0.7300000190734863, "p_xgb": 0.9934012293815613, "date": "2025-12-22"}}, {"type": "Feature", "geometry": {"type": "Point", "coordinates": [-82.32500000170802, 35.68333333390301]}, "properties": {"p_logistic": 0.4796099364757538, "p_rf": 0.7300000190734863, "p_xgb": 0.9934012293815613, "date": "2025-12-22"}}, {"type": "Feature", "geometry": {"type": "Point", "coordinates": [-82.31666666837502, 35.68333333390301]}, "properties": {"p_logistic": 0.47835567593574524, "p_rf": 0.7400000095367432, "p_xgb": 0.9934012293815613, "date": "2025-12-22"}}, {"type": "Feature", "geometry": {"type": "Point", "coordinates": [-82.30833333504202, 35.68333333390301]}, "properties": {"p_logistic": 0.4765550494194031, "p_rf": 0.6759999990463257, "p_xgb": 0.9929637312889099, "date": "2025-12-22"}}, {"type": "Feature", "geometry": {"type": "Point", "coordinates": [-82.30000000170901, 35.68333333390301]}, "properties": {"p_logistic": 0.4768838584423065, "p_rf": 0.6539999842643738, "p_xgb": 0.9929637312889099, "date": "2025-12-22"}}, {"type": "Feature", "geometry": {"type": "Point", "coordinates": [-82.88333333501902, 35.67500000057]}, "properties": {"p_logistic": 0.4518848955631256, "p_rf": 0.8199999928474426, "p_xgb": 0.9949017763137817, "date": "2025-12-22"}}, {"type": "Feature", "geometry": {"type": "Point", "coordinates": [-82.87500000168602, 35.67500000057]}, "properties": {"p_logistic": 0.4541076123714447, "p_rf": 0.8199999928474426, "p_xgb": 0.9959426522254944, "date": "2025-12-22"}}, {"type": "Feature", "geometry": {"type": "Point", "coordinates": [-82.86666666835302, 35.67500000057]}, "properties": {"p_logistic": 0.45601367950439453, "p_rf": 0.8199999928474426, "p_xgb": 0.9959426522254944, "date": "2025-12-22"}}, {"type": "Feature", "geometry": {"type": "Point", "coordinates": [-82.85833333502002, 35.67500000057]}, "properties": {"p_logistic": 0.45882850885391235, "p_rf": 0.8199999928474426, "p_xgb": 0.9958517551422119, "date": "2025-12-22"}}, {"type": "Feature", "geometry": {"type": "Point", "coordinates": [-82.85000000168702, 35.67500000057]}, "properties": {"p_logistic": 0.46096670627593994, "p_rf": 0.8180000185966492, "p_xgb": 0.9958517551422119, "date": "2025-12-22"}}, {"type": "Feature", "geometry": {"type": "Point", "coordinates": [-82.84166666835401, 35.67500000057]}, "properties": {"p_logistic": 0.4625963866710663, "p_rf": 0.8180000185966492, "p_xgb": 0.9946756362915039, "date": "2025-12-22"}}, {"type": "Feature", "geometry": {"type": "Point", "coordinates": [-82.83333333502102, 35.67500000057]}, "properties": {"p_logistic": 0.463743656873703, "p_rf": 0.8140000104904175, "p_xgb": 0.992891788482666, "date": "2025-12-22"}}, {"type": "Feature", "geometry": {"type": "Point", "coordinates": [-82.82500000168801, 35.67500000057]}, "properties": {"p_logistic": 0.4648858606815338, "p_rf": 0.8140000104904175, "p_xgb": 0.9927250146865845, "date": "2025-12-22"}}, {"type": "Feature", "geometry": {"type": "Point", "coordinates": [-82.81666666835503, 35.67500000057]}, "properties": {"p_logistic": 0.46585288643836975, "p_rf": 0.8199999928474426, "p_xgb": 0.9927250146865845, "date": "2025-12-22"}}, {"type": "Feature", "geometry": {"type": "Point", "coordinates": [-82.80833333502201, 35.67500000057]}, "properties": {"p_logistic": 0.4668198525905609, "p_rf": 0.8199999928474426, "p_xgb": 0.9930683374404907, "date": "2025-12-22"}}, {"type": "Feature", "geometry": {"type": "Point", "coordinates": [-82.80000000168901, 35.67500000057]}, "properties": {"p_logistic": 0.46750953793525696, "p_rf": 0.8199999928474426, "p_xgb": 0.9930683374404907, "date": "2025-12-22"}}, {"type": "Feature", "geometry": {"type": "Point", "coordinates": [-82.79166666835602, 35.67500000057]}, "properties": {"p_logistic": 0.46808922290802, "p_rf": 0.8199999928474426, "p_xgb": 0.9930683374404907, "date": "2025-12-22"}}, {"type": "Feature", "geometry": {"type": "Point", "coordinates": [-82.78333333502302, 35.67500000057]}, "properties": {"p_logistic": 0.4692692160606384, "p_rf": 0.8199999928474426, "p_xgb": 0.9930683374404907, "date": "2025-12-22"}}, {"type": "Feature", "geometry": {"type": "Point", "coordinates": [-82.77500000169002, 35.67500000057]}, "properties": {"p_logistic": 0.47074463963508606, "p_rf": 0.8180000185966492, "p_xgb": 0.9927250146865845, "date": "2025-12-22"}}, {"type": "Feature", "geometry": {"type": "Point", "coordinates": [-82.76666666835702, 35.67500000057]}, "properties": {"p_logistic": 0.47281011939048767, "p_rf": 0.8140000104904175, "p_xgb": 0.9927250146865845, "date": "2025-12-22"}}, {"type": "Feature", "geometry": {"type": "Point", "coordinates": [-82.75833333502402, 35.67500000057]}, "properties": {"p_logistic": 0.4737486243247986, "p_rf": 0.8140000104904175, "p_xgb": 0.9927250146865845, "date": "2025-12-22"}}, {"type": "Feature", "geometry": {"type": "Point", "coordinates": [-82.75000000169102, 35.67500000057]}, "properties": {"p_logistic": 0.4746045768260956, "p_rf": 0.8140000104904175, "p_xgb": 0.9927250146865845, "date": "2025-12-22"}}, {"type": "Feature", "geometry": {"type": "Point", "coordinates": [-82.74166666835802, 35.67500000057]}, "properties": {"p_logistic": 0.475708544254303, "p_rf": 0.8140000104904175, "p_xgb": 0.9925315976142883, "date": "2025-12-22"}}, {"type": "Feature", "geometry": {"type": "Point", "coordinates": [-82.73333333502501, 35.67500000057]}, "properties": {"p_logistic": 0.47709834575653076, "p_rf": 0.8140000104904175, "p_xgb": 0.9925315976142883, "date": "2025-12-22"}}, {"type": "Feature", "geometry": {"type": "Point", "coordinates": [-82.72500000169202, 35.67500000057]}, "properties": {"p_logistic": 0.4782651364803314, "p_rf": 0.8119999766349792, "p_xgb": 0.99440598487854, "date": "2025-12-22"}}, {"type": "Feature", "geometry": {"type": "Point", "coordinates": [-82.71666666835901, 35.67500000057]}, "properties": {"p_logistic": 0.4789688289165497, "p_rf": 0.6819999814033508, "p_xgb": 0.9622302651405334, "date": "2025-12-22"}}, {"type": "Feature", "geometry": {"type": "Point", "coordinates": [-82.70833333502603, 35.67500000057]}, "properties": {"p_logistic": 0.47929131984710693, "p_rf": 0.6779999732971191, "p_xgb": 0.9572267532348633, "date": "2025-12-22"}}, {"type": "Feature", "geometry": {"type": "Point", "coordinates": [-82.70000000169301, 35.67500000057]}, "properties": {"p_logistic": 0.47907546162605286, "p_rf": 0.6779999732971191, "p_xgb": 0.9572267532348633, "date": "2025-12-22"}}, {"type": "Feature", "geometry": {"type": "Point", "coordinates": [-82.69166666836001, 35.67500000057]}, "properties": {"p_logistic": 0.48111021518707275, "p_rf": 0.6779999732971191, "p_xgb": 0.9504294395446777, "date": "2025-12-22"}}, {"type": "Feature", "geometry": {"type": "Point", "coordinates": [-82.68333333502702, 35.67500000057]}, "properties": {"p_logistic": 0.4826594889163971, "p_rf": 0.6779999732971191, "p_xgb": 0.9535378217697144, "date": "2025-12-22"}}, {"type": "Feature", "geometry": {"type": "Point", "coordinates": [-82.67500000169402, 35.67500000057]}, "properties": {"p_logistic": 0.4833590090274811, "p_rf": 0.6779999732971191, "p_xgb": 0.9535378217697144, "date": "2025-12-22"}}, {"type": "Feature", "geometry": {"type": "Point", "coordinates": [-82.66666666836102, 35.67500000057]}, "properties": {"p_logistic": 0.48381173610687256, "p_rf": 0.6779999732971191, "p_xgb": 0.9535378217697144, "date": "2025-12-22"}}, {"type": "Feature", "geometry": {"type": "Point", "coordinates": [-82.65833333502802, 35.67500000057]}, "properties": {"p_logistic": 0.4847472608089447, "p_rf": 0.6779999732971191, "p_xgb": 0.9535378217697144, "date": "2025-12-22"}}, {"type": "Feature", "geometry": {"type": "Point", "coordinates": [-82.65000000169502, 35.67500000057]}, "properties": {"p_logistic": 0.4859132468700409, "p_rf": 0.6779999732971191, "p_xgb": 0.9535378217697144, "date": "2025-12-22"}}, {"type": "Feature", "geometry": {"type": "Point", "coordinates": [-82.64166666836202, 35.67500000057]}, "properties": {"p_logistic": 0.4875394105911255, "p_rf": 0.6779999732971191, "p_xgb": 0.9606894850730896, "date": "2025-12-22"}}, {"type": "Feature", "geometry": {"type": "Point", "coordinates": [-82.63333333502902, 35.67500000057]}, "properties": {"p_logistic": 0.48892608284950256, "p_rf": 0.8119999766349792, "p_xgb": 0.9943599104881287, "date": "2025-12-22"}}, {"type": "Feature", "geometry": {"type": "Point", "coordinates": [-82.62500000169601, 35.67500000057]}, "properties": {"p_logistic": 0.4899294972419739, "p_rf": 0.8180000185966492, "p_xgb": 0.9943599104881287, "date": "2025-12-22"}}, {"type": "Feature", "geometry": {"type": "Point", "coordinates": [-82.61666666836302, 35.67500000057]}, "properties": {"p_logistic": 0.4906248152256012, "p_rf": 0.8199999928474426, "p_xgb": 0.9946264624595642, "date": "2025-12-22"}}, {"type": "Feature", "geometry": {"type": "Point", "coordinates": [-82.60833333503001, 35.67500000057]}, "properties": {"p_logistic": 0.49117669463157654, "p_rf": 0.8220000267028809, "p_xgb": 0.99479079246521, "date": "2025-12-22"}}, {"type": "Feature", "geometry": {"type": "Point", "coordinates": [-82.60000000169703, 35.67500000057]}, "properties": {"p_logistic": 0.4920426905155182, "p_rf": 0.8259999752044678, "p_xgb": 0.9952406883239746, "date": "2025-12-22"}}, {"type": "Feature", "geometry": {"type": "Point", "coordinates": [-82.59166666836401, 35.67500000057]}, "properties": {"p_logistic": 0.4935348927974701, "p_rf": 0.843999981880188, "p_xgb": 0.9947699904441833, "date": "2025-12-22"}}, {"type": "Feature", "geometry": {"type": "Point", "coordinates": [-82.58333333503101, 35.67500000057]}, "properties": {"p_logistic": 0.4948092997074127, "p_rf": 0.843999981880188, "p_xgb": 0.9944038391113281, "date": "2025-12-22"}}, {"type": "Feature", "geometry": {"type": "Point", "coordinates": [-82.57500000169802, 35.67500000057]}, "properties": {"p_logistic": 0.49621856212615967, "p_rf": 0.8379999995231628, "p_xgb": 0.9929008483886719, "date": "2025-12-22"}}, {"type": "Feature", "geometry": {"type": "Point", "coordinates": [-82.56666666836502, 35.67500000057]}, "properties": {"p_logistic": 0.497372031211853, "p_rf": 0.8379999995231628, "p_xgb": 0.9929008483886719, "date": "2025-12-22"}}, {"type": "Feature", "geometry": {"type": "Point", "coordinates": [-82.55833333503202, 35.67500000057]}, "properties": {"p_logistic": 0.4982745945453644, "p_rf": 0.8399999737739563, "p_xgb": 0.9935359954833984, "date": "2025-12-22"}}, {"type": "Feature", "geometry": {"type": "Point", "coordinates": [-82.55000000169902, 35.67500000057]}, "properties": {"p_logistic": 0.49899765849113464, "p_rf": 0.8539999723434448, "p_xgb": 0.9938507080078125, "date": "2025-12-22"}}, {"type": "Feature", "geometry": {"type": "Point", "coordinates": [-82.54166666836602, 35.67500000057]}, "properties": {"p_logistic": 0.5005534887313843, "p_rf": 0.8679999709129333, "p_xgb": 0.9966873526573181, "date": "2025-12-22"}}, {"type": "Feature", "geometry": {"type": "Point", "coordinates": [-82.53333333503302, 35.67500000057]}, "properties": {"p_logistic": 0.5032878518104553, "p_rf": 0.8759999871253967, "p_xgb": 0.9971467852592468, "date": "2025-12-22"}}, {"type": "Feature", "geometry": {"type": "Point", "coordinates": [-82.52500000170002, 35.67500000057]}, "properties": {"p_logistic": 0.5063295364379883, "p_rf": 0.8360000252723694, "p_xgb": 0.9941960573196411, "date": "2025-12-22"}}, {"type": "Feature", "geometry": {"type": "Point", "coordinates": [-82.51666666836701, 35.67500000057]}, "properties": {"p_logistic": 0.5083994269371033, "p_rf": 0.8180000185966492, "p_xgb": 0.9928942322731018, "date": "2025-12-22"}}, {"type": "Feature", "geometry": {"type": "Point", "coordinates": [-82.50833333503402, 35.67500000057]}, "properties": {"p_logistic": 0.5110906362533569, "p_rf": 0.800000011920929, "p_xgb": 0.9925385117530823, "date": "2025-12-22"}}, {"type": "Feature", "geometry": {"type": "Point", "coordinates": [-82.50000000170101, 35.67500000057]}, "properties": {"p_logistic": 0.5150715112686157, "p_rf": 0.7599999904632568, "p_xgb": 0.9896543025970459, "date": "2025-12-22"}}, {"type": "Feature", "geometry": {"type": "Point", "coordinates": [-82.49166666836803, 35.67500000057]}, "properties": {"p_logistic": 0.5194908380508423, "p_rf": 0.6759999990463257, "p_xgb": 0.9935513734817505, "date": "2025-12-22"}}, {"type": "Feature", "geometry": {"type": "Point", "coordinates": [-82.48333333503501, 35.67500000057]}, "properties": {"p_logistic": 0.5256564617156982, "p_rf": 0.6480000019073486, "p_xgb": 0.9961756467819214, "date": "2025-12-22"}}, {"type": "Feature", "geometry": {"type": "Point", "coordinates": [-82.47500000170201, 35.67500000057]}, "properties": {"p_logistic": 0.5277296304702759, "p_rf": 0.6660000085830688, "p_xgb": 0.9939501285552979, "date": "2025-12-22"}}, {"type": "Feature", "geometry": {"type": "Point", "coordinates": [-82.46666666836902, 35.67500000057]}, "properties": {"p_logistic": 0.5290449857711792, "p_rf": 0.6880000233650208, "p_xgb": 0.9940997362136841, "date": "2025-12-22"}}, {"type": "Feature", "geometry": {"type": "Point", "coordinates": [-82.45833333503602, 35.67500000057]}, "properties": {"p_logistic": 0.5289916396141052, "p_rf": 0.6859999895095825, "p_xgb": 0.9943781495094299, "date": "2025-12-22"}}, {"type": "Feature", "geometry": {"type": "Point", "coordinates": [-82.45000000170302, 35.67500000057]}, "properties": {"p_logistic": 0.5280994176864624, "p_rf": 0.6840000152587891, "p_xgb": 0.9943781495094299, "date": "2025-12-22"}}, {"type": "Feature", "geometry": {"type": "Point", "coordinates": [-82.44166666837002, 35.67500000057]}, "properties": {"p_logistic": 0.5266624689102173, "p_rf": 0.6840000152587891, "p_xgb": 0.9943781495094299, "date": "2025-12-22"}}, {"type": "Feature", "geometry": {"type": "Point", "coordinates": [-82.43333333503702, 35.67500000057]}, "properties": {"p_logistic": 0.5241555571556091, "p_rf": 0.6859999895095825, "p_xgb": 0.9942411184310913, "date": "2025-12-22"}}, {"type": "Feature", "geometry": {"type": "Point", "coordinates": [-82.42500000170402, 35.67500000057]}, "properties": {"p_logistic": 0.5207226276397705, "p_rf": 0.6859999895095825, "p_xgb": 0.9939559102058411, "date": "2025-12-22"}}, {"type": "Feature", "geometry": {"type": "Point", "coordinates": [-82.41666666837102, 35.67500000057]}, "properties": {"p_logistic": 0.5162927508354187, "p_rf": 0.6740000247955322, "p_xgb": 0.9933483004570007, "date": "2025-12-22"}}, {"type": "Feature", "geometry": {"type": "Point", "coordinates": [-82.40833333503801, 35.67500000057]}, "properties": {"p_logistic": 0.5110116600990295, "p_rf": 0.6620000004768372, "p_xgb": 0.9945434331893921, "date": "2025-12-22"}}, {"type": "Feature", "geometry": {"type": "Point", "coordinates": [-82.40000000170502, 35.67500000057]}, "properties": {"p_logistic": 0.5050668120384216, "p_rf": 0.6480000019073486, "p_xgb": 0.9948559999465942, "date": "2025-12-22"}}, {"type": "Feature", "geometry": {"type": "Point", "coordinates": [-82.39166666837201, 35.67500000057]}, "properties": {"p_logistic": 0.4958268702030182, "p_rf": 0.6480000019073486, "p_xgb": 0.9934980869293213, "date": "2025-12-22"}}, {"type": "Feature", "geometry": {"type": "Point", "coordinates": [-82.38333333503903, 35.67500000057]}, "properties": {"p_logistic": 0.4912042021751404, "p_rf": 0.6520000100135803, "p_xgb": 0.9934982061386108, "date": "2025-12-22"}}, {"type": "Feature", "geometry": {"type": "Point", "coordinates": [-82.37500000170601, 35.67500000057]}, "properties": {"p_logistic": 0.4885018467903137, "p_rf": 0.656000018119812, "p_xgb": 0.9934012293815613, "date": "2025-12-22"}}, {"type": "Feature", "geometry": {"type": "Point", "coordinates": [-82.36666666837301, 35.67500000057]}, "properties": {"p_logistic": 0.48701030015945435, "p_rf": 0.6840000152587891, "p_xgb": 0.9934012293815613, "date": "2025-12-22"}}, {"type": "Feature", "geometry": {"type": "Point", "coordinates": [-82.35833333504002, 35.67500000057]}, "properties": {"p_logistic": 0.48624366521835327, "p_rf": 0.7400000095367432, "p_xgb": 0.9936571717262268, "date": "2025-12-22"}}, {"type": "Feature", "geometry": {"type": "Point", "coordinates": [-82.35000000170702, 35.67500000057]}, "properties": {"p_logistic": 0.4852161705493927, "p_rf": 0.7440000176429749, "p_xgb": 0.9945247173309326, "date": "2025-12-22"}}, {"type": "Feature", "geometry": {"type": "Point", "coordinates": [-82.34166666837402, 35.67500000057]}, "properties": {"p_logistic": 0.4846985638141632, "p_rf": 0.7480000257492065, "p_xgb": 0.9946650266647339, "date": "2025-12-22"}}, {"type": "Feature", "geometry": {"type": "Point", "coordinates": [-82.33333333504102, 35.67500000057]}, "properties": {"p_logistic": 0.48441794514656067, "p_rf": 0.7480000257492065, "p_xgb": 0.9913937449455261, "date": "2025-12-22"}}, {"type": "Feature", "geometry": {"type": "Point", "coordinates": [-82.32500000170802, 35.67500000057]}, "properties": {"p_logistic": 0.48366495966911316, "p_rf": 0.7480000257492065, "p_xgb": 0.9913937449455261, "date": "2025-12-22"}}, {"type": "Feature", "geometry": {"type": "Point", "coordinates": [-82.31666666837502, 35.67500000057]}, "properties": {"p_logistic": 0.48239123821258545, "p_rf": 0.7480000257492065, "p_xgb": 0.9912657141685486, "date": "2025-12-22"}}, {"type": "Feature", "geometry": {"type": "Point", "coordinates": [-82.30833333504202, 35.67500000057]}, "properties": {"p_logistic": 0.4807356595993042, "p_rf": 0.7480000257492065, "p_xgb": 0.9946650266647339, "date": "2025-12-22"}}, {"type": "Feature", "geometry": {"type": "Point", "coordinates": [-82.30000000170901, 35.67500000057]}, "properties": {"p_logistic": 0.4801926612854004, "p_rf": 0.7419999837875366, "p_xgb": 0.9942838549613953, "date": "2025-12-22"}}, {"type": "Feature", "geometry": {"type": "Point", "coordinates": [-82.29166666837602, 35.67500000057]}, "properties": {"p_logistic": 0.481094628572464, "p_rf": 0.6539999842643738, "p_xgb": 0.9934012293815613, "date": "2025-12-22"}}, {"type": "Feature", "geometry": {"type": "Point", "coordinates": [-82.87500000168602, 35.666666667237]}, "properties": {"p_logistic": 0.4534133970737457, "p_rf": 0.8199999928474426, "p_xgb": 0.9951428174972534, "date": "2025-12-22"}}, {"type": "Feature", "geometry": {"type": "Point", "coordinates": [-82.86666666835302, 35.666666667237]}, "properties": {"p_logistic": 0.45526430010795593, "p_rf": 0.8199999928474426, "p_xgb": 0.9959426522254944, "date": "2025-12-22"}}, {"type": "Feature", "geometry": {"type": "Point", "coordinates": [-82.85833333502002, 35.666666667237]}, "properties": {"p_logistic": 0.45790404081344604, "p_rf": 0.8199999928474426, "p_xgb": 0.9957411289215088, "date": "2025-12-22"}}, {"type": "Feature", "geometry": {"type": "Point", "coordinates": [-82.85000000168702, 35.666666667237]}, "properties": {"p_logistic": 0.4600151777267456, "p_rf": 0.8140000104904175, "p_xgb": 0.9957411289215088, "date": "2025-12-22"}}, {"type": "Feature", "geometry": {"type": "Point", "coordinates": [-82.84166666835401, 35.666666667237]}, "properties": {"p_logistic": 0.46187517046928406, "p_rf": 0.8140000104904175, "p_xgb": 0.9949324727058411, "date": "2025-12-22"}}, {"type": "Feature", "geometry": {"type": "Point", "coordinates": [-82.83333333502102, 35.666666667237]}, "properties": {"p_logistic": 0.46334975957870483, "p_rf": 0.8140000104904175, "p_xgb": 0.992891788482666, "date": "2025-12-22"}}, {"type": "Feature", "geometry": {"type": "Point", "coordinates": [-82.82500000168801, 35.666666667237]}, "properties": {"p_logistic": 0.4644729793071747, "p_rf": 0.8119999766349792, "p_xgb": 0.992891788482666, "date": "2025-12-22"}}, {"type": "Feature", "geometry": {"type": "Point", "coordinates": [-82.81666666835503, 35.666666667237]}, "properties": {"p_logistic": 0.4655950963497162, "p_rf": 0.8140000104904175, "p_xgb": 0.9927250146865845, "date": "2025-12-22"}}, {"type": "Feature", "geometry": {"type": "Point", "coordinates": [-82.80833333502201, 35.666666667237]}, "properties": {"p_logistic": 0.4665219485759735, "p_rf": 0.8180000185966492, "p_xgb": 0.9927250146865845, "date": "2025-12-22"}}, {"type": "Feature", "geometry": {"type": "Point", "coordinates": [-82.80000000168901, 35.666666667237]}, "properties": {"p_logistic": 0.4673446714878082, "p_rf": 0.8199999928474426, "p_xgb": 0.9930683374404907, "date": "2025-12-22"}}, {"type": "Feature", "geometry": {"type": "Point", "coordinates": [-82.79166666835602, 35.666666667237]}, "properties": {"p_logistic": 0.46820443868637085, "p_rf": 0.8199999928474426, "p_xgb": 0.9930683374404907, "date": "2025-12-22"}}, {"type": "Feature", "geometry": {"type": "Point", "coordinates": [-82.78333333502302, 35.666666667237]}, "properties": {"p_logistic": 0.4695564806461334, "p_rf": 0.8199999928474426, "p_xgb": 0.9930683374404907, "date": "2025-12-22"}}, {"type": "Feature", "geometry": {"type": "Point", "coordinates": [-82.77500000169002, 35.666666667237]}, "properties": {"p_logistic": 0.4717983901500702, "p_rf": 0.8199999928474426, "p_xgb": 0.9930683374404907, "date": "2025-12-22"}}, {"type": "Feature", "geometry": {"type": "Point", "coordinates": [-82.76666666835702, 35.666666667237]}, "properties": {"p_logistic": 0.47328922152519226, "p_rf": 0.8199999928474426, "p_xgb": 0.9927250146865845, "date": "2025-12-22"}}, {"type": "Feature", "geometry": {"type": "Point", "coordinates": [-82.75833333502402, 35.666666667237]}, "properties": {"p_logistic": 0.47406861186027527, "p_rf": 0.8199999928474426, "p_xgb": 0.9927250146865845, "date": "2025-12-22"}}, {"type": "Feature", "geometry": {"type": "Point", "coordinates": [-82.75000000169102, 35.666666667237]}, "properties": {"p_logistic": 0.47475090622901917, "p_rf": 0.8140000104904175, "p_xgb": 0.9925315976142883, "date": "2025-12-22"}}, {"type": "Feature", "geometry": {"type": "Point", "coordinates": [-82.74166666835802, 35.666666667237]}, "properties": {"p_logistic": 0.47583985328674316, "p_rf": 0.8140000104904175, "p_xgb": 0.9925315976142883, "date": "2025-12-22"}}, {"type": "Feature", "geometry": {"type": "Point", "coordinates": [-82.73333333502501, 35.666666667237]}, "properties": {"p_logistic": 0.47736743092536926, "p_rf": 0.8140000104904175, "p_xgb": 0.9910653233528137, "date": "2025-12-22"}}, {"type": "Feature", "geometry": {"type": "Point", "coordinates": [-82.72500000169202, 35.666666667237]}, "properties": {"p_logistic": 0.4786980152130127, "p_rf": 0.8119999766349792, "p_xgb": 0.99440598487854, "date": "2025-12-22"}}, {"type": "Feature", "geometry": {"type": "Point", "coordinates": [-82.71666666835901, 35.666666667237]}, "properties": {"p_logistic": 0.47967222332954407, "p_rf": 0.8059999942779541, "p_xgb": 0.9762174487113953, "date": "2025-12-22"}}, {"type": "Feature", "geometry": {"type": "Point", "coordinates": [-82.70833333502603, 35.666666667237]}, "properties": {"p_logistic": 0.4800076484680176, "p_rf": 0.6779999732971191, "p_xgb": 0.9572267532348633, "date": "2025-12-22"}}, {"type": "Feature", "geometry": {"type": "Point", "coordinates": [-82.70000000169301, 35.666666667237]}, "properties": {"p_logistic": 0.48013776540756226, "p_rf": 0.6779999732971191, "p_xgb": 0.9504294395446777, "date": "2025-12-22"}}, {"type": "Feature", "geometry": {"type": "Point", "coordinates": [-82.69166666836001, 35.666666667237]}, "properties": {"p_logistic": 0.4826289117336273, "p_rf": 0.6779999732971191, "p_xgb": 0.9504294395446777, "date": "2025-12-22"}}, {"type": "Feature", "geometry": {"type": "Point", "coordinates": [-82.68333333502702, 35.666666667237]}, "properties": {"p_logistic": 0.48405301570892334, "p_rf": 0.6779999732971191, "p_xgb": 0.9535378217697144, "date": "2025-12-22"}}, {"type": "Feature", "geometry": {"type": "Point", "coordinates": [-82.67500000169402, 35.666666667237]}, "properties": {"p_logistic": 0.4849415719509125, "p_rf": 0.6779999732971191, "p_xgb": 0.9535378217697144, "date": "2025-12-22"}}, {"type": "Feature", "geometry": {"type": "Point", "coordinates": [-82.66666666836102, 35.666666667237]}, "properties": {"p_logistic": 0.4852909743785858, "p_rf": 0.6779999732971191, "p_xgb": 0.9535378217697144, "date": "2025-12-22"}}, {"type": "Feature", "geometry": {"type": "Point", "coordinates": [-82.65833333502802, 35.666666667237]}, "properties": {"p_logistic": 0.48599690198898315, "p_rf": 0.6779999732971191, "p_xgb": 0.9535378217697144, "date": "2025-12-22"}}, {"type": "Feature", "geometry": {"type": "Point", "coordinates": [-82.65000000169502, 35.666666667237]}, "properties": {"p_logistic": 0.48694276809692383, "p_rf": 0.6779999732971191, "p_xgb": 0.9554911851882935, "date": "2025-12-22"}}, {"type": "Feature", "geometry": {"type": "Point", "coordinates": [-82.64166666836202, 35.666666667237]}, "properties": {"p_logistic": 0.48811984062194824, "p_rf": 0.6779999732971191, "p_xgb": 0.9606894850730896, "date": "2025-12-22"}}, {"type": "Feature", "geometry": {"type": "Point", "coordinates": [-82.63333333502902, 35.666666667237]}, "properties": {"p_logistic": 0.4894687533378601, "p_rf": 0.8119999766349792, "p_xgb": 0.9943599104881287, "date": "2025-12-22"}}, {"type": "Feature", "geometry": {"type": "Point", "coordinates": [-82.62500000169601, 35.666666667237]}, "properties": {"p_logistic": 0.49070945382118225, "p_rf": 0.8199999928474426, "p_xgb": 0.9943599104881287, "date": "2025-12-22"}}, {"type": "Feature", "geometry": {"type": "Point", "coordinates": [-82.61666666836302, 35.666666667237]}, "properties": {"p_logistic": 0.49152326583862305, "p_rf": 0.8199999928474426, "p_xgb": 0.9946264624595642, "date": "2025-12-22"}}, {"type": "Feature", "geometry": {"type": "Point", "coordinates": [-82.60833333503001, 35.666666667237]}, "properties": {"p_logistic": 0.4923595190048218, "p_rf": 0.8220000267028809, "p_xgb": 0.9952406883239746, "date": "2025-12-22"}}, {"type": "Feature", "geometry": {"type": "Point", "coordinates": [-82.60000000169703, 35.666666667237]}, "properties": {"p_logistic": 0.493508905172348, "p_rf": 0.8259999752044678, "p_xgb": 0.9952406883239746, "date": "2025-12-22"}}, {"type": "Feature", "geometry": {"type": "Point", "coordinates": [-82.59166666836401, 35.666666667237]}, "properties": {"p_logistic": 0.4952281415462494, "p_rf": 0.8460000157356262, "p_xgb": 0.9944038391113281, "date": "2025-12-22"}}, {"type": "Feature", "geometry": {"type": "Point", "coordinates": [-82.58333333503101, 35.666666667237]}, "properties": {"p_logistic": 0.4962955117225647, "p_rf": 0.8399999737739563, "p_xgb": 0.9930840730667114, "date": "2025-12-22"}}, {"type": "Feature", "geometry": {"type": "Point", "coordinates": [-82.57500000169802, 35.666666667237]}, "properties": {"p_logistic": 0.4976533055305481, "p_rf": 0.8679999709129333, "p_xgb": 0.9966873526573181, "date": "2025-12-22"}}, {"type": "Feature", "geometry": {"type": "Point", "coordinates": [-82.56666666836502, 35.666666667237]}, "properties": {"p_logistic": 0.49884095788002014, "p_rf": 0.8700000047683716, "p_xgb": 0.9966873526573181, "date": "2025-12-22"}}, {"type": "Feature", "geometry": {"type": "Point", "coordinates": [-82.55833333503202, 35.666666667237]}, "properties": {"p_logistic": 0.49966907501220703, "p_rf": 0.8700000047683716, "p_xgb": 0.9966873526573181, "date": "2025-12-22"}}, {"type": "Feature", "geometry": {"type": "Point", "coordinates": [-82.55000000169902, 35.666666667237]}, "properties": {"p_logistic": 0.5006563663482666, "p_rf": 0.8679999709129333, "p_xgb": 0.9966873526573181, "date": "2025-12-22"}}, {"type": "Feature", "geometry": {"type": "Point", "coordinates": [-82.54166666836602, 35.666666667237]}, "properties": {"p_logistic": 0.5024154186248779, "p_rf": 0.8759999871253967, "p_xgb": 0.9973115921020508, "date": "2025-12-22"}}, {"type": "Feature", "geometry": {"type": "Point", "coordinates": [-82.53333333503302, 35.666666667237]}, "properties": {"p_logistic": 0.5051605701446533, "p_rf": 0.8640000224113464, "p_xgb": 0.9953035116195679, "date": "2025-12-22"}}, {"type": "Feature", "geometry": {"type": "Point", "coordinates": [-82.52500000170002, 35.666666667237]}, "properties": {"p_logistic": 0.5080869197845459, "p_rf": 0.8259999752044678, "p_xgb": 0.9941960573196411, "date": "2025-12-22"}}, {"type": "Feature", "geometry": {"type": "Point", "coordinates": [-82.51666666836701, 35.666666667237]}, "properties": {"p_logistic": 0.5096018314361572, "p_rf": 0.8040000200271606, "p_xgb": 0.9928942322731018, "date": "2025-12-22"}}, {"type": "Feature", "geometry": {"type": "Point", "coordinates": [-82.50833333503402, 35.666666667237]}, "properties": {"p_logistic": 0.5115249156951904, "p_rf": 0.7720000147819519, "p_xgb": 0.9925385117530823, "date": "2025-12-22"}}, {"type": "Feature", "geometry": {"type": "Point", "coordinates": [-82.50000000170101, 35.666666667237]}, "properties": {"p_logistic": 0.515617847442627, "p_rf": 0.7620000243186951, "p_xgb": 0.9914639592170715, "date": "2025-12-22"}}, {"type": "Feature", "geometry": {"type": "Point", "coordinates": [-82.49166666836803, 35.666666667237]}, "properties": {"p_logistic": 0.5196366310119629, "p_rf": 0.6759999990463257, "p_xgb": 0.9935513734817505, "date": "2025-12-22"}}, {"type": "Feature", "geometry": {"type": "Point", "coordinates": [-82.48333333503501, 35.666666667237]}, "properties": {"p_logistic": 0.5237169861793518, "p_rf": 0.6460000276565552, "p_xgb": 0.9950909614562988, "date": "2025-12-22"}}, {"type": "Feature", "geometry": {"type": "Point", "coordinates": [-82.47500000170201, 35.666666667237]}, "properties": {"p_logistic": 0.5248991250991821, "p_rf": 0.6499999761581421, "p_xgb": 0.9961756467819214, "date": "2025-12-22"}}, {"type": "Feature", "geometry": {"type": "Point", "coordinates": [-82.46666666836902, 35.666666667237]}, "properties": {"p_logistic": 0.525524914264679, "p_rf": 0.6639999747276306, "p_xgb": 0.9963776469230652, "date": "2025-12-22"}}, {"type": "Feature", "geometry": {"type": "Point", "coordinates": [-82.45833333503602, 35.666666667237]}, "properties": {"p_logistic": 0.5253291130065918, "p_rf": 0.6639999747276306, "p_xgb": 0.9963741898536682, "date": "2025-12-22"}}, {"type": "Feature", "geometry": {"type": "Point", "coordinates": [-82.45000000170302, 35.666666667237]}, "properties": {"p_logistic": 0.5234876871109009, "p_rf": 0.6620000004768372, "p_xgb": 0.995943009853363, "date": "2025-12-22"}}, {"type": "Feature", "geometry": {"type": "Point", "coordinates": [-82.44166666837002, 35.666666667237]}, "properties": {"p_logistic": 0.5205494165420532, "p_rf": 0.6620000004768372, "p_xgb": 0.9961990714073181, "date": "2025-12-22"}}, {"type": "Feature", "geometry": {"type": "Point", "coordinates": [-82.43333333503702, 35.666666667237]}, "properties": {"p_logistic": 0.5170423984527588, "p_rf": 0.6520000100135803, "p_xgb": 0.9959872364997864, "date": "2025-12-22"}}, {"type": "Feature", "geometry": {"type": "Point", "coordinates": [-82.42500000170402, 35.666666667237]}, "properties": {"p_logistic": 0.5132356286048889, "p_rf": 0.6460000276565552, "p_xgb": 0.9959872364997864, "date": "2025-12-22"}}, {"type": "Feature", "geometry": {"type": "Point", "coordinates": [-82.41666666837102, 35.666666667237]}, "properties": {"p_logistic": 0.5092952847480774, "p_rf": 0.6460000276565552, "p_xgb": 0.9959872364997864, "date": "2025-12-22"}}, {"type": "Feature", "geometry": {"type": "Point", "coordinates": [-82.40833333503801, 35.666666667237]}, "properties": {"p_logistic": 0.5057425498962402, "p_rf": 0.6499999761581421, "p_xgb": 0.995895266532898, "date": "2025-12-22"}}, {"type": "Feature", "geometry": {"type": "Point", "coordinates": [-82.40000000170502, 35.666666667237]}, "properties": {"p_logistic": 0.5018079876899719, "p_rf": 0.6539999842643738, "p_xgb": 0.9960488677024841, "date": "2025-12-22"}}, {"type": "Feature", "geometry": {"type": "Point", "coordinates": [-82.39166666837201, 35.666666667237]}, "properties": {"p_logistic": 0.49689963459968567, "p_rf": 0.7279999852180481, "p_xgb": 0.9959576725959778, "date": "2025-12-22"}}, {"type": "Feature", "geometry": {"type": "Point", "coordinates": [-82.38333333503903, 35.666666667237]}, "properties": {"p_logistic": 0.49444854259490967, "p_rf": 0.7419999837875366, "p_xgb": 0.9952476620674133, "date": "2025-12-22"}}, {"type": "Feature", "geometry": {"type": "Point", "coordinates": [-82.37500000170601, 35.666666667237]}, "properties": {"p_logistic": 0.4934937357902527, "p_rf": 0.7440000176429749, "p_xgb": 0.995898425579071, "date": "2025-12-22"}}, {"type": "Feature", "geometry": {"type": "Point", "coordinates": [-82.36666666837301, 35.666666667237]}, "properties": {"p_logistic": 0.49243754148483276, "p_rf": 0.7459999918937683, "p_xgb": 0.995898425579071, "date": "2025-12-22"}}, {"type": "Feature", "geometry": {"type": "Point", "coordinates": [-82.35833333504002, 35.666666667237]}, "properties": {"p_logistic": 0.49199727177619934, "p_rf": 0.7480000257492065, "p_xgb": 0.995898425579071, "date": "2025-12-22"}}, {"type": "Feature", "geometry": {"type": "Point", "coordinates": [-82.35000000170702, 35.666666667237]}, "properties": {"p_logistic": 0.4908820390701294, "p_rf": 0.7480000257492065, "p_xgb": 0.9934518337249756, "date": "2025-12-22"}}, {"type": "Feature", "geometry": {"type": "Point", "coordinates": [-82.34166666837402, 35.666666667237]}, "properties": {"p_logistic": 0.4900573790073395, "p_rf": 0.7519999742507935, "p_xgb": 0.9946451187133789, "date": "2025-12-22"}}, {"type": "Feature", "geometry": {"type": "Point", "coordinates": [-82.33333333504102, 35.666666667237]}, "properties": {"p_logistic": 0.48879680037498474, "p_rf": 0.7620000243186951, "p_xgb": 0.9930456280708313, "date": "2025-12-22"}}, {"type": "Feature", "geometry": {"type": "Point", "coordinates": [-82.32500000170802, 35.666666667237]}, "properties": {"p_logistic": 0.48782095313072205, "p_rf": 0.7620000243186951, "p_xgb": 0.9928856492042542, "date": "2025-12-22"}}, {"type": "Feature", "geometry": {"type": "Point", "coordinates": [-82.31666666837502, 35.666666667237]}, "properties": {"p_logistic": 0.48662883043289185, "p_rf": 0.7599999904632568, "p_xgb": 0.9913039207458496, "date": "2025-12-22"}}, {"type": "Feature", "geometry": {"type": "Point", "coordinates": [-82.30833333504202, 35.666666667237]}, "properties": {"p_logistic": 0.48572400212287903, "p_rf": 0.7620000243186951, "p_xgb": 0.9919107556343079, "date": "2025-12-22"}}, {"type": "Feature", "geometry": {"type": "Point", "coordinates": [-82.30000000170901, 35.666666667237]}, "properties": {"p_logistic": 0.48527735471725464, "p_rf": 0.7480000257492065, "p_xgb": 0.9919107556343079, "date": "2025-12-22"}}, {"type": "Feature", "geometry": {"type": "Point", "coordinates": [-82.29166666837602, 35.666666667237]}, "properties": {"p_logistic": 0.48618587851524353, "p_rf": 0.7459999918937683, "p_xgb": 0.9946052432060242, "date": "2025-12-22"}}, {"type": "Feature", "geometry": {"type": "Point", "coordinates": [-82.28333333504301, 35.666666667237]}, "properties": {"p_logistic": 0.48719871044158936, "p_rf": 0.7400000095367432, "p_xgb": 0.9936571717262268, "date": "2025-12-22"}}, {"type": "Feature", "geometry": {"type": "Point", "coordinates": [-82.86666666835302, 35.658333333904004]}, "properties": {"p_logistic": 0.45464619994163513, "p_rf": 0.8199999928474426, "p_xgb": 0.9949017763137817, "date": "2025-12-22"}}, {"type": "Feature", "geometry": {"type": "Point", "coordinates": [-82.85833333502002, 35.658333333904004]}, "properties": {"p_logistic": 0.4571031630039215, "p_rf": 0.8140000104904175, "p_xgb": 0.9949017763137817, "date": "2025-12-22"}}, {"type": "Feature", "geometry": {"type": "Point", "coordinates": [-82.85000000168702, 35.658333333904004]}, "properties": {"p_logistic": 0.45885467529296875, "p_rf": 0.8119999766349792, "p_xgb": 0.9957411289215088, "date": "2025-12-22"}}, {"type": "Feature", "geometry": {"type": "Point", "coordinates": [-82.84166666835401, 35.658333333904004]}, "properties": {"p_logistic": 0.4606417417526245, "p_rf": 0.8119999766349792, "p_xgb": 0.9957411289215088, "date": "2025-12-22"}}, {"type": "Feature", "geometry": {"type": "Point", "coordinates": [-82.83333333502102, 35.658333333904004]}, "properties": {"p_logistic": 0.4622420072555542, "p_rf": 0.8119999766349792, "p_xgb": 0.9945337772369385, "date": "2025-12-22"}}, {"type": "Feature", "geometry": {"type": "Point", "coordinates": [-82.82500000168801, 35.658333333904004]}, "properties": {"p_logistic": 0.46345609426498413, "p_rf": 0.8119999766349792, "p_xgb": 0.9681356549263, "date": "2025-12-22"}}, {"type": "Feature", "geometry": {"type": "Point", "coordinates": [-82.81666666835503, 35.658333333904004]}, "properties": {"p_logistic": 0.4648295044898987, "p_rf": 0.8119999766349792, "p_xgb": 0.9925315976142883, "date": "2025-12-22"}}, {"type": "Feature", "geometry": {"type": "Point", "coordinates": [-82.80833333502201, 35.658333333904004]}, "properties": {"p_logistic": 0.4659426808357239, "p_rf": 0.8119999766349792, "p_xgb": 0.9925315976142883, "date": "2025-12-22"}}, {"type": "Feature", "geometry": {"type": "Point", "coordinates": [-82.80000000168901, 35.658333333904004]}, "properties": {"p_logistic": 0.4670845568180084, "p_rf": 0.8199999928474426, "p_xgb": 0.9928839206695557, "date": "2025-12-22"}}, {"type": "Feature", "geometry": {"type": "Point", "coordinates": [-82.79166666835602, 35.658333333904004]}, "properties": {"p_logistic": 0.4687376022338867, "p_rf": 0.8199999928474426, "p_xgb": 0.9930683374404907, "date": "2025-12-22"}}, {"type": "Feature", "geometry": {"type": "Point", "coordinates": [-82.78333333502302, 35.658333333904004]}, "properties": {"p_logistic": 0.47052276134490967, "p_rf": 0.8220000267028809, "p_xgb": 0.9930683374404907, "date": "2025-12-22"}}, {"type": "Feature", "geometry": {"type": "Point", "coordinates": [-82.77500000169002, 35.658333333904004]}, "properties": {"p_logistic": 0.47275635600090027, "p_rf": 0.8220000267028809, "p_xgb": 0.9928839206695557, "date": "2025-12-22"}}, {"type": "Feature", "geometry": {"type": "Point", "coordinates": [-82.76666666835702, 35.658333333904004]}, "properties": {"p_logistic": 0.47398924827575684, "p_rf": 0.8220000267028809, "p_xgb": 0.9928839206695557, "date": "2025-12-22"}}, {"type": "Feature", "geometry": {"type": "Point", "coordinates": [-82.75833333502402, 35.658333333904004]}, "properties": {"p_logistic": 0.47465085983276367, "p_rf": 0.8199999928474426, "p_xgb": 0.9928839206695557, "date": "2025-12-22"}}, {"type": "Feature", "geometry": {"type": "Point", "coordinates": [-82.75000000169102, 35.658333333904004]}, "properties": {"p_logistic": 0.47514382004737854, "p_rf": 0.8199999928474426, "p_xgb": 0.9925315976142883, "date": "2025-12-22"}}, {"type": "Feature", "geometry": {"type": "Point", "coordinates": [-82.74166666835802, 35.658333333904004]}, "properties": {"p_logistic": 0.47624680399894714, "p_rf": 0.8140000104904175, "p_xgb": 0.9925315976142883, "date": "2025-12-22"}}, {"type": "Feature", "geometry": {"type": "Point", "coordinates": [-82.73333333502501, 35.658333333904004]}, "properties": {"p_logistic": 0.4778844118118286, "p_rf": 0.8140000104904175, "p_xgb": 0.99440598487854, "date": "2025-12-22"}}, {"type": "Feature", "geometry": {"type": "Point", "coordinates": [-82.72500000169202, 35.658333333904004]}, "properties": {"p_logistic": 0.4796648323535919, "p_rf": 0.8140000104904175, "p_xgb": 0.9938430786132812, "date": "2025-12-22"}}, {"type": "Feature", "geometry": {"type": "Point", "coordinates": [-82.71666666835901, 35.658333333904004]}, "properties": {"p_logistic": 0.48095762729644775, "p_rf": 0.8140000104904175, "p_xgb": 0.9945883750915527, "date": "2025-12-22"}}, {"type": "Feature", "geometry": {"type": "Point", "coordinates": [-82.70833333502603, 35.658333333904004]}, "properties": {"p_logistic": 0.48135438561439514, "p_rf": 0.8059999942779541, "p_xgb": 0.9723507761955261, "date": "2025-12-22"}}, {"type": "Feature", "geometry": {"type": "Point", "coordinates": [-82.70000000169301, 35.658333333904004]}, "properties": {"p_logistic": 0.48152387142181396, "p_rf": 0.6779999732971191, "p_xgb": 0.9504294395446777, "date": "2025-12-22"}}, {"type": "Feature", "geometry": {"type": "Point", "coordinates": [-82.69166666836001, 35.658333333904004]}, "properties": {"p_logistic": 0.4840456545352936, "p_rf": 0.6779999732971191, "p_xgb": 0.9580385088920593, "date": "2025-12-22"}}, {"type": "Feature", "geometry": {"type": "Point", "coordinates": [-82.68333333502702, 35.658333333904004]}, "properties": {"p_logistic": 0.48562154173851013, "p_rf": 0.6819999814033508, "p_xgb": 0.9606894850730896, "date": "2025-12-22"}}, {"type": "Feature", "geometry": {"type": "Point", "coordinates": [-82.67500000169402, 35.658333333904004]}, "properties": {"p_logistic": 0.48663944005966187, "p_rf": 0.7900000214576721, "p_xgb": 0.9752324223518372, "date": "2025-12-22"}}, {"type": "Feature", "geometry": {"type": "Point", "coordinates": [-82.66666666836102, 35.658333333904004]}, "properties": {"p_logistic": 0.4870712161064148, "p_rf": 0.6819999814033508, "p_xgb": 0.9606894850730896, "date": "2025-12-22"}}, {"type": "Feature", "geometry": {"type": "Point", "coordinates": [-82.65833333502802, 35.658333333904004]}, "properties": {"p_logistic": 0.48756885528564453, "p_rf": 0.6779999732971191, "p_xgb": 0.9606894850730896, "date": "2025-12-22"}}, {"type": "Feature", "geometry": {"type": "Point", "coordinates": [-82.65000000169502, 35.658333333904004]}, "properties": {"p_logistic": 0.4881911277770996, "p_rf": 0.6779999732971191, "p_xgb": 0.9606894850730896, "date": "2025-12-22"}}, {"type": "Feature", "geometry": {"type": "Point", "coordinates": [-82.64166666836202, 35.658333333904004]}, "properties": {"p_logistic": 0.4890040457248688, "p_rf": 0.8059999942779541, "p_xgb": 0.9752324223518372, "date": "2025-12-22"}}, {"type": "Feature", "geometry": {"type": "Point", "coordinates": [-82.63333333502902, 35.658333333904004]}, "properties": {"p_logistic": 0.4902225732803345, "p_rf": 0.8119999766349792, "p_xgb": 0.9943599104881287, "date": "2025-12-22"}}, {"type": "Feature", "geometry": {"type": "Point", "coordinates": [-82.62500000169601, 35.658333333904004]}, "properties": {"p_logistic": 0.49137330055236816, "p_rf": 0.8199999928474426, "p_xgb": 0.9946264624595642, "date": "2025-12-22"}}, {"type": "Feature", "geometry": {"type": "Point", "coordinates": [-82.61666666836302, 35.658333333904004]}, "properties": {"p_logistic": 0.4924606680870056, "p_rf": 0.8220000267028809, "p_xgb": 0.99479079246521, "date": "2025-12-22"}}, {"type": "Feature", "geometry": {"type": "Point", "coordinates": [-82.60833333503001, 35.658333333904004]}, "properties": {"p_logistic": 0.493558406829834, "p_rf": 0.8259999752044678, "p_xgb": 0.9952406883239746, "date": "2025-12-22"}}, {"type": "Feature", "geometry": {"type": "Point", "coordinates": [-82.60000000169703, 35.658333333904004]}, "properties": {"p_logistic": 0.4949977993965149, "p_rf": 0.8320000171661377, "p_xgb": 0.9947699904441833, "date": "2025-12-22"}}, {"type": "Feature", "geometry": {"type": "Point", "coordinates": [-82.59166666836401, 35.658333333904004]}, "properties": {"p_logistic": 0.49632105231285095, "p_rf": 0.8420000076293945, "p_xgb": 0.9929008483886719, "date": "2025-12-22"}}, {"type": "Feature", "geometry": {"type": "Point", "coordinates": [-82.58333333503101, 35.658333333904004]}, "properties": {"p_logistic": 0.4977557957172394, "p_rf": 0.8679999709129333, "p_xgb": 0.9966873526573181, "date": "2025-12-22"}}, {"type": "Feature", "geometry": {"type": "Point", "coordinates": [-82.57500000169802, 35.658333333904004]}, "properties": {"p_logistic": 0.49886414408683777, "p_rf": 0.8740000128746033, "p_xgb": 0.9973115921020508, "date": "2025-12-22"}}, {"type": "Feature", "geometry": {"type": "Point", "coordinates": [-82.56666666836502, 35.658333333904004]}, "properties": {"p_logistic": 0.4997190833091736, "p_rf": 0.8759999871253967, "p_xgb": 0.9973115921020508, "date": "2025-12-22"}}, {"type": "Feature", "geometry": {"type": "Point", "coordinates": [-82.55833333503202, 35.658333333904004]}, "properties": {"p_logistic": 0.5004597306251526, "p_rf": 0.8740000128746033, "p_xgb": 0.9973115921020508, "date": "2025-12-22"}}, {"type": "Feature", "geometry": {"type": "Point", "coordinates": [-82.55000000169902, 35.658333333904004]}, "properties": {"p_logistic": 0.5014575123786926, "p_rf": 0.8759999871253967, "p_xgb": 0.9973115921020508, "date": "2025-12-22"}}, {"type": "Feature", "geometry": {"type": "Point", "coordinates": [-82.54166666836602, 35.658333333904004]}, "properties": {"p_logistic": 0.5032437443733215, "p_rf": 0.8759999871253967, "p_xgb": 0.9973115921020508, "date": "2025-12-22"}}, {"type": "Feature", "geometry": {"type": "Point", "coordinates": [-82.53333333503302, 35.658333333904004]}, "properties": {"p_logistic": 0.5073187351226807, "p_rf": 0.8379999995231628, "p_xgb": 0.994621992111206, "date": "2025-12-22"}}, {"type": "Feature", "geometry": {"type": "Point", "coordinates": [-82.52500000170002, 35.658333333904004]}, "properties": {"p_logistic": 0.5098774433135986, "p_rf": 0.8199999928474426, "p_xgb": 0.9948142766952515, "date": "2025-12-22"}}, {"type": "Feature", "geometry": {"type": "Point", "coordinates": [-82.51666666836701, 35.658333333904004]}, "properties": {"p_logistic": 0.5113586187362671, "p_rf": 0.7960000038146973, "p_xgb": 0.9925385117530823, "date": "2025-12-22"}}, {"type": "Feature", "geometry": {"type": "Point", "coordinates": [-82.50833333503402, 35.658333333904004]}, "properties": {"p_logistic": 0.5128147006034851, "p_rf": 0.7680000066757202, "p_xgb": 0.9880260825157166, "date": "2025-12-22"}}, {"type": "Feature", "geometry": {"type": "Point", "coordinates": [-82.50000000170101, 35.658333333904004]}, "properties": {"p_logistic": 0.5154522657394409, "p_rf": 0.7599999904632568, "p_xgb": 0.9886714220046997, "date": "2025-12-22"}}, {"type": "Feature", "geometry": {"type": "Point", "coordinates": [-82.49166666836803, 35.658333333904004]}, "properties": {"p_logistic": 0.5191075801849365, "p_rf": 0.7459999918937683, "p_xgb": 0.994649350643158, "date": "2025-12-22"}}, {"type": "Feature", "geometry": {"type": "Point", "coordinates": [-82.48333333503501, 35.658333333904004]}, "properties": {"p_logistic": 0.5207705497741699, "p_rf": 0.656000018119812, "p_xgb": 0.9935513734817505, "date": "2025-12-22"}}, {"type": "Feature", "geometry": {"type": "Point", "coordinates": [-82.47500000170201, 35.658333333904004]}, "properties": {"p_logistic": 0.5205908417701721, "p_rf": 0.6520000100135803, "p_xgb": 0.9941349625587463, "date": "2025-12-22"}}, {"type": "Feature", "geometry": {"type": "Point", "coordinates": [-82.46666666836902, 35.658333333904004]}, "properties": {"p_logistic": 0.5225687623023987, "p_rf": 0.6460000276565552, "p_xgb": 0.9953278303146362, "date": "2025-12-22"}}, {"type": "Feature", "geometry": {"type": "Point", "coordinates": [-82.45833333503602, 35.658333333904004]}, "properties": {"p_logistic": 0.5234622359275818, "p_rf": 0.6460000276565552, "p_xgb": 0.9961756467819214, "date": "2025-12-22"}}, {"type": "Feature", "geometry": {"type": "Point", "coordinates": [-82.45000000170302, 35.658333333904004]}, "properties": {"p_logistic": 0.5213038325309753, "p_rf": 0.6439999938011169, "p_xgb": 0.9961756467819214, "date": "2025-12-22"}}, {"type": "Feature", "geometry": {"type": "Point", "coordinates": [-82.44166666837002, 35.658333333904004]}, "properties": {"p_logistic": 0.5181698799133301, "p_rf": 0.6480000019073486, "p_xgb": 0.9960881471633911, "date": "2025-12-22"}}, {"type": "Feature", "geometry": {"type": "Point", "coordinates": [-82.43333333503702, 35.658333333904004]}, "properties": {"p_logistic": 0.513985276222229, "p_rf": 0.6499999761581421, "p_xgb": 0.9959381818771362, "date": "2025-12-22"}}, {"type": "Feature", "geometry": {"type": "Point", "coordinates": [-82.42500000170402, 35.658333333904004]}, "properties": {"p_logistic": 0.5103178024291992, "p_rf": 0.6520000100135803, "p_xgb": 0.9964103102684021, "date": "2025-12-22"}}, {"type": "Feature", "geometry": {"type": "Point", "coordinates": [-82.41666666837102, 35.658333333904004]}, "properties": {"p_logistic": 0.5069218873977661, "p_rf": 0.671999990940094, "p_xgb": 0.9961430430412292, "date": "2025-12-22"}}, {"type": "Feature", "geometry": {"type": "Point", "coordinates": [-82.40833333503801, 35.658333333904004]}, "properties": {"p_logistic": 0.5041053891181946, "p_rf": 0.7419999837875366, "p_xgb": 0.9966602325439453, "date": "2025-12-22"}}, {"type": "Feature", "geometry": {"type": "Point", "coordinates": [-82.40000000170502, 35.658333333904004]}, "properties": {"p_logistic": 0.5011363625526428, "p_rf": 0.7480000257492065, "p_xgb": 0.9968011379241943, "date": "2025-12-22"}}, {"type": "Feature", "geometry": {"type": "Point", "coordinates": [-82.39166666837201, 35.658333333904004]}, "properties": {"p_logistic": 0.4984933137893677, "p_rf": 0.7480000257492065, "p_xgb": 0.9968833327293396, "date": "2025-12-22"}}, {"type": "Feature", "geometry": {"type": "Point", "coordinates": [-82.38333333503903, 35.658333333904004]}, "properties": {"p_logistic": 0.4976753294467926, "p_rf": 0.7480000257492065, "p_xgb": 0.9968833327293396, "date": "2025-12-22"}}, {"type": "Feature", "geometry": {"type": "Point", "coordinates": [-82.37500000170601, 35.658333333904004]}, "properties": {"p_logistic": 0.4972035884857178, "p_rf": 0.7480000257492065, "p_xgb": 0.9948902130126953, "date": "2025-12-22"}}, {"type": "Feature", "geometry": {"type": "Point", "coordinates": [-82.36666666837301, 35.658333333904004]}, "properties": {"p_logistic": 0.49751314520835876, "p_rf": 0.7480000257492065, "p_xgb": 0.9948902130126953, "date": "2025-12-22"}}, {"type": "Feature", "geometry": {"type": "Point", "coordinates": [-82.35833333504002, 35.658333333904004]}, "properties": {"p_logistic": 0.49598053097724915, "p_rf": 0.7480000257492065, "p_xgb": 0.9948902130126953, "date": "2025-12-22"}}, {"type": "Feature", "geometry": {"type": "Point", "coordinates": [-82.35000000170702, 35.658333333904004]}, "properties": {"p_logistic": 0.4945967495441437, "p_rf": 0.7599999904632568, "p_xgb": 0.9938024282455444, "date": "2025-12-22"}}, {"type": "Feature", "geometry": {"type": "Point", "coordinates": [-82.34166666837402, 35.658333333904004]}, "properties": {"p_logistic": 0.4924646317958832, "p_rf": 0.7580000162124634, "p_xgb": 0.9928223490715027, "date": "2025-12-22"}}, {"type": "Feature", "geometry": {"type": "Point", "coordinates": [-82.33333333504102, 35.658333333904004]}, "properties": {"p_logistic": 0.49061089754104614, "p_rf": 0.7680000066757202, "p_xgb": 0.9928223490715027, "date": "2025-12-22"}}, {"type": "Feature", "geometry": {"type": "Point", "coordinates": [-82.32500000170802, 35.658333333904004]}, "properties": {"p_logistic": 0.4891369938850403, "p_rf": 0.7720000147819519, "p_xgb": 0.9955354928970337, "date": "2025-12-22"}}, {"type": "Feature", "geometry": {"type": "Point", "coordinates": [-82.31666666837502, 35.658333333904004]}, "properties": {"p_logistic": 0.4885898530483246, "p_rf": 0.7680000066757202, "p_xgb": 0.9928223490715027, "date": "2025-12-22"}}, {"type": "Feature", "geometry": {"type": "Point", "coordinates": [-82.30833333504202, 35.658333333904004]}, "properties": {"p_logistic": 0.4882526695728302, "p_rf": 0.7599999904632568, "p_xgb": 0.9926475286483765, "date": "2025-12-22"}}, {"type": "Feature", "geometry": {"type": "Point", "coordinates": [-82.30000000170901, 35.658333333904004]}, "properties": {"p_logistic": 0.4884839951992035, "p_rf": 0.7620000243186951, "p_xgb": 0.9926475286483765, "date": "2025-12-22"}}, {"type": "Feature", "geometry": {"type": "Point", "coordinates": [-82.29166666837602, 35.658333333904004]}, "properties": {"p_logistic": 0.4895237386226654, "p_rf": 0.7519999742507935, "p_xgb": 0.9946451187133789, "date": "2025-12-22"}}, {"type": "Feature", "geometry": {"type": "Point", "coordinates": [-82.86666666835302, 35.650000000571005]}, "properties": {"p_logistic": 0.454529345035553, "p_rf": 0.8119999766349792, "p_xgb": 0.9943884015083313, "date": "2025-12-22"}}, {"type": "Feature", "geometry": {"type": "Point", "coordinates": [-82.85833333502002, 35.650000000571005]}, "properties": {"p_logistic": 0.4567995071411133, "p_rf": 0.8119999766349792, "p_xgb": 0.9949017763137817, "date": "2025-12-22"}}, {"type": "Feature", "geometry": {"type": "Point", "coordinates": [-82.85000000168702, 35.650000000571005]}, "properties": {"p_logistic": 0.4585266411304474, "p_rf": 0.8059999942779541, "p_xgb": 0.9775705337524414, "date": "2025-12-22"}}, {"type": "Feature", "geometry": {"type": "Point", "coordinates": [-82.84166666835401, 35.650000000571005]}, "properties": {"p_logistic": 0.4600750505924225, "p_rf": 0.8059999942779541, "p_xgb": 0.9775705337524414, "date": "2025-12-22"}}, {"type": "Feature", "geometry": {"type": "Point", "coordinates": [-82.83333333502102, 35.650000000571005]}, "properties": {"p_logistic": 0.46136659383773804, "p_rf": 0.8059999942779541, "p_xgb": 0.9775705337524414, "date": "2025-12-22"}}, {"type": "Feature", "geometry": {"type": "Point", "coordinates": [-82.82500000168801, 35.650000000571005]}, "properties": {"p_logistic": 0.46291252970695496, "p_rf": 0.8059999942779541, "p_xgb": 0.9713601469993591, "date": "2025-12-22"}}, {"type": "Feature", "geometry": {"type": "Point", "coordinates": [-82.81666666835503, 35.650000000571005]}, "properties": {"p_logistic": 0.4644363820552826, "p_rf": 0.8119999766349792, "p_xgb": 0.9681356549263, "date": "2025-12-22"}}, {"type": "Feature", "geometry": {"type": "Point", "coordinates": [-82.80833333502201, 35.650000000571005]}, "properties": {"p_logistic": 0.4665288031101227, "p_rf": 0.8119999766349792, "p_xgb": 0.9925315976142883, "date": "2025-12-22"}}, {"type": "Feature", "geometry": {"type": "Point", "coordinates": [-82.80000000168901, 35.650000000571005]}, "properties": {"p_logistic": 0.46848130226135254, "p_rf": 0.8199999928474426, "p_xgb": 0.9928839206695557, "date": "2025-12-22"}}, {"type": "Feature", "geometry": {"type": "Point", "coordinates": [-82.79166666835602, 35.650000000571005]}, "properties": {"p_logistic": 0.46992698311805725, "p_rf": 0.8220000267028809, "p_xgb": 0.9928839206695557, "date": "2025-12-22"}}, {"type": "Feature", "geometry": {"type": "Point", "coordinates": [-82.78333333502302, 35.650000000571005]}, "properties": {"p_logistic": 0.47178560495376587, "p_rf": 0.8220000267028809, "p_xgb": 0.9928839206695557, "date": "2025-12-22"}}, {"type": "Feature", "geometry": {"type": "Point", "coordinates": [-82.77500000169002, 35.650000000571005]}, "properties": {"p_logistic": 0.4732564389705658, "p_rf": 0.8220000267028809, "p_xgb": 0.9928839206695557, "date": "2025-12-22"}}, {"type": "Feature", "geometry": {"type": "Point", "coordinates": [-82.76666666835702, 35.650000000571005]}, "properties": {"p_logistic": 0.4745357036590576, "p_rf": 0.8220000267028809, "p_xgb": 0.9928839206695557, "date": "2025-12-22"}}, {"type": "Feature", "geometry": {"type": "Point", "coordinates": [-82.75833333502402, 35.650000000571005]}, "properties": {"p_logistic": 0.4750562906265259, "p_rf": 0.8220000267028809, "p_xgb": 0.9928839206695557, "date": "2025-12-22"}}, {"type": "Feature", "geometry": {"type": "Point", "coordinates": [-82.75000000169102, 35.650000000571005]}, "properties": {"p_logistic": 0.4755469560623169, "p_rf": 0.8199999928474426, "p_xgb": 0.9925315976142883, "date": "2025-12-22"}}, {"type": "Feature", "geometry": {"type": "Point", "coordinates": [-82.74166666835802, 35.650000000571005]}, "properties": {"p_logistic": 0.47642579674720764, "p_rf": 0.8180000185966492, "p_xgb": 0.9910653233528137, "date": "2025-12-22"}}, {"type": "Feature", "geometry": {"type": "Point", "coordinates": [-82.73333333502501, 35.650000000571005]}, "properties": {"p_logistic": 0.478292316198349, "p_rf": 0.8180000185966492, "p_xgb": 0.99440598487854, "date": "2025-12-22"}}, {"type": "Feature", "geometry": {"type": "Point", "coordinates": [-82.72500000169202, 35.650000000571005]}, "properties": {"p_logistic": 0.48030194640159607, "p_rf": 0.8199999928474426, "p_xgb": 0.9938430786132812, "date": "2025-12-22"}}, {"type": "Feature", "geometry": {"type": "Point", "coordinates": [-82.71666666835901, 35.650000000571005]}, "properties": {"p_logistic": 0.4816892743110657, "p_rf": 0.8199999928474426, "p_xgb": 0.9945883750915527, "date": "2025-12-22"}}, {"type": "Feature", "geometry": {"type": "Point", "coordinates": [-82.70833333502603, 35.650000000571005]}, "properties": {"p_logistic": 0.4818820357322693, "p_rf": 0.8119999766349792, "p_xgb": 0.9723507761955261, "date": "2025-12-22"}}, {"type": "Feature", "geometry": {"type": "Point", "coordinates": [-82.70000000169301, 35.650000000571005]}, "properties": {"p_logistic": 0.4823039770126343, "p_rf": 0.6779999732971191, "p_xgb": 0.952506959438324, "date": "2025-12-22"}}, {"type": "Feature", "geometry": {"type": "Point", "coordinates": [-82.69166666836001, 35.650000000571005]}, "properties": {"p_logistic": 0.48515695333480835, "p_rf": 0.8059999942779541, "p_xgb": 0.9735351800918579, "date": "2025-12-22"}}, {"type": "Feature", "geometry": {"type": "Point", "coordinates": [-82.68333333502702, 35.650000000571005]}, "properties": {"p_logistic": 0.4870810806751251, "p_rf": 0.8119999766349792, "p_xgb": 0.9943599104881287, "date": "2025-12-22"}}, {"type": "Feature", "geometry": {"type": "Point", "coordinates": [-82.67500000169402, 35.650000000571005]}, "properties": {"p_logistic": 0.4880511462688446, "p_rf": 0.8119999766349792, "p_xgb": 0.9943599104881287, "date": "2025-12-22"}}, {"type": "Feature", "geometry": {"type": "Point", "coordinates": [-82.66666666836102, 35.650000000571005]}, "properties": {"p_logistic": 0.4884580373764038, "p_rf": 0.8119999766349792, "p_xgb": 0.9943599104881287, "date": "2025-12-22"}}, {"type": "Feature", "geometry": {"type": "Point", "coordinates": [-82.65833333502802, 35.650000000571005]}, "properties": {"p_logistic": 0.4887556731700897, "p_rf": 0.8119999766349792, "p_xgb": 0.9752324223518372, "date": "2025-12-22"}}, {"type": "Feature", "geometry": {"type": "Point", "coordinates": [-82.65000000169502, 35.650000000571005]}, "properties": {"p_logistic": 0.489497572183609, "p_rf": 0.8119999766349792, "p_xgb": 0.9752324223518372, "date": "2025-12-22"}}, {"type": "Feature", "geometry": {"type": "Point", "coordinates": [-82.64166666836202, 35.650000000571005]}, "properties": {"p_logistic": 0.4901469349861145, "p_rf": 0.8119999766349792, "p_xgb": 0.9943599104881287, "date": "2025-12-22"}}, {"type": "Feature", "geometry": {"type": "Point", "coordinates": [-82.63333333502902, 35.650000000571005]}, "properties": {"p_logistic": 0.4909764528274536, "p_rf": 0.8140000104904175, "p_xgb": 0.9943599104881287, "date": "2025-12-22"}}, {"type": "Feature", "geometry": {"type": "Point", "coordinates": [-82.62500000169601, 35.650000000571005]}, "properties": {"p_logistic": 0.492295503616333, "p_rf": 0.8199999928474426, "p_xgb": 0.9946264624595642, "date": "2025-12-22"}}, {"type": "Feature", "geometry": {"type": "Point", "coordinates": [-82.61666666836302, 35.650000000571005]}, "properties": {"p_logistic": 0.49342989921569824, "p_rf": 0.8240000009536743, "p_xgb": 0.9952406883239746, "date": "2025-12-22"}}, {"type": "Feature", "geometry": {"type": "Point", "coordinates": [-82.60833333503001, 35.650000000571005]}, "properties": {"p_logistic": 0.49456408619880676, "p_rf": 0.8259999752044678, "p_xgb": 0.9952406883239746, "date": "2025-12-22"}}, {"type": "Feature", "geometry": {"type": "Point", "coordinates": [-82.60000000169703, 35.650000000571005]}, "properties": {"p_logistic": 0.4959547817707062, "p_rf": 0.843999981880188, "p_xgb": 0.9947699904441833, "date": "2025-12-22"}}, {"type": "Feature", "geometry": {"type": "Point", "coordinates": [-82.59166666836401, 35.650000000571005]}, "properties": {"p_logistic": 0.49764400720596313, "p_rf": 0.8420000076293945, "p_xgb": 0.9933645725250244, "date": "2025-12-22"}}, {"type": "Feature", "geometry": {"type": "Point", "coordinates": [-82.58333333503101, 35.650000000571005]}, "properties": {"p_logistic": 0.49840712547302246, "p_rf": 0.8679999709129333, "p_xgb": 0.9966873526573181, "date": "2025-12-22"}}, {"type": "Feature", "geometry": {"type": "Point", "coordinates": [-82.57500000169802, 35.650000000571005]}, "properties": {"p_logistic": 0.49928468465805054, "p_rf": 0.8740000128746033, "p_xgb": 0.9973115921020508, "date": "2025-12-22"}}, {"type": "Feature", "geometry": {"type": "Point", "coordinates": [-82.56666666836502, 35.650000000571005]}, "properties": {"p_logistic": 0.49985769391059875, "p_rf": 0.8740000128746033, "p_xgb": 0.9973115921020508, "date": "2025-12-22"}}, {"type": "Feature", "geometry": {"type": "Point", "coordinates": [-82.55833333503202, 35.650000000571005]}, "properties": {"p_logistic": 0.5004836916923523, "p_rf": 0.8740000128746033, "p_xgb": 0.9973115921020508, "date": "2025-12-22"}}, {"type": "Feature", "geometry": {"type": "Point", "coordinates": [-82.55000000169902, 35.650000000571005]}, "properties": {"p_logistic": 0.501400887966156, "p_rf": 0.8740000128746033, "p_xgb": 0.9973115921020508, "date": "2025-12-22"}}, {"type": "Feature", "geometry": {"type": "Point", "coordinates": [-82.54166666836602, 35.650000000571005]}, "properties": {"p_logistic": 0.5031487345695496, "p_rf": 0.8759999871253967, "p_xgb": 0.9973115921020508, "date": "2025-12-22"}}, {"type": "Feature", "geometry": {"type": "Point", "coordinates": [-82.53333333503302, 35.650000000571005]}, "properties": {"p_logistic": 0.5055356025695801, "p_rf": 0.8700000047683716, "p_xgb": 0.9971467852592468, "date": "2025-12-22"}}, {"type": "Feature", "geometry": {"type": "Point", "coordinates": [-82.52500000170002, 35.650000000571005]}, "properties": {"p_logistic": 0.508840799331665, "p_rf": 0.828000009059906, "p_xgb": 0.994621992111206, "date": "2025-12-22"}}, {"type": "Feature", "geometry": {"type": "Point", "coordinates": [-82.51666666836701, 35.650000000571005]}, "properties": {"p_logistic": 0.5105986595153809, "p_rf": 0.8059999942779541, "p_xgb": 0.9948142766952515, "date": "2025-12-22"}}, {"type": "Feature", "geometry": {"type": "Point", "coordinates": [-82.50833333503402, 35.650000000571005]}, "properties": {"p_logistic": 0.5120992064476013, "p_rf": 0.8019999861717224, "p_xgb": 0.9925385117530823, "date": "2025-12-22"}}, {"type": "Feature", "geometry": {"type": "Point", "coordinates": [-82.50000000170101, 35.650000000571005]}, "properties": {"p_logistic": 0.5143038630485535, "p_rf": 0.7620000243186951, "p_xgb": 0.9880260825157166, "date": "2025-12-22"}}, {"type": "Feature", "geometry": {"type": "Point", "coordinates": [-82.49166666836803, 35.650000000571005]}, "properties": {"p_logistic": 0.5166265368461609, "p_rf": 0.7599999904632568, "p_xgb": 0.9886714220046997, "date": "2025-12-22"}}, {"type": "Feature", "geometry": {"type": "Point", "coordinates": [-82.48333333503501, 35.650000000571005]}, "properties": {"p_logistic": 0.5174854397773743, "p_rf": 0.7519999742507935, "p_xgb": 0.9914639592170715, "date": "2025-12-22"}}, {"type": "Feature", "geometry": {"type": "Point", "coordinates": [-82.47500000170201, 35.650000000571005]}, "properties": {"p_logistic": 0.5183966159820557, "p_rf": 0.7480000257492065, "p_xgb": 0.9914639592170715, "date": "2025-12-22"}}, {"type": "Feature", "geometry": {"type": "Point", "coordinates": [-82.46666666836902, 35.650000000571005]}, "properties": {"p_logistic": 0.5210564136505127, "p_rf": 0.6759999990463257, "p_xgb": 0.9935513734817505, "date": "2025-12-22"}}, {"type": "Feature", "geometry": {"type": "Point", "coordinates": [-82.45833333503602, 35.650000000571005]}, "properties": {"p_logistic": 0.5223566293716431, "p_rf": 0.6499999761581421, "p_xgb": 0.9931024312973022, "date": "2025-12-22"}}, {"type": "Feature", "geometry": {"type": "Point", "coordinates": [-82.45000000170302, 35.650000000571005]}, "properties": {"p_logistic": 0.5201802849769592, "p_rf": 0.6539999842643738, "p_xgb": 0.993699312210083, "date": "2025-12-22"}}, {"type": "Feature", "geometry": {"type": "Point", "coordinates": [-82.44166666837002, 35.650000000571005]}, "properties": {"p_logistic": 0.5170166492462158, "p_rf": 0.671999990940094, "p_xgb": 0.9952813982963562, "date": "2025-12-22"}}, {"type": "Feature", "geometry": {"type": "Point", "coordinates": [-82.43333333503702, 35.650000000571005]}, "properties": {"p_logistic": 0.5131142139434814, "p_rf": 0.7400000095367432, "p_xgb": 0.9963243007659912, "date": "2025-12-22"}}, {"type": "Feature", "geometry": {"type": "Point", "coordinates": [-82.42500000170402, 35.650000000571005]}, "properties": {"p_logistic": 0.5097867846488953, "p_rf": 0.7459999918937683, "p_xgb": 0.9969515800476074, "date": "2025-12-22"}}, {"type": "Feature", "geometry": {"type": "Point", "coordinates": [-82.41666666837102, 35.650000000571005]}, "properties": {"p_logistic": 0.5066069960594177, "p_rf": 0.7480000257492065, "p_xgb": 0.9970299005508423, "date": "2025-12-22"}}, {"type": "Feature", "geometry": {"type": "Point", "coordinates": [-82.40833333503801, 35.650000000571005]}, "properties": {"p_logistic": 0.5048061609268188, "p_rf": 0.7480000257492065, "p_xgb": 0.9951300621032715, "date": "2025-12-22"}}, {"type": "Feature", "geometry": {"type": "Point", "coordinates": [-82.40000000170502, 35.650000000571005]}, "properties": {"p_logistic": 0.5030040740966797, "p_rf": 0.7519999742507935, "p_xgb": 0.9951300621032715, "date": "2025-12-22"}}, {"type": "Feature", "geometry": {"type": "Point", "coordinates": [-82.39166666837201, 35.650000000571005]}, "properties": {"p_logistic": 0.501530647277832, "p_rf": 0.7480000257492065, "p_xgb": 0.9948902130126953, "date": "2025-12-22"}}, {"type": "Feature", "geometry": {"type": "Point", "coordinates": [-82.38333333503903, 35.650000000571005]}, "properties": {"p_logistic": 0.5017168521881104, "p_rf": 0.7480000257492065, "p_xgb": 0.9948902130126953, "date": "2025-12-22"}}, {"type": "Feature", "geometry": {"type": "Point", "coordinates": [-82.37500000170601, 35.650000000571005]}, "properties": {"p_logistic": 0.501520037651062, "p_rf": 0.7480000257492065, "p_xgb": 0.9948902130126953, "date": "2025-12-22"}}, {"type": "Feature", "geometry": {"type": "Point", "coordinates": [-82.36666666837301, 35.650000000571005]}, "properties": {"p_logistic": 0.5013871788978577, "p_rf": 0.7480000257492065, "p_xgb": 0.9948902130126953, "date": "2025-12-22"}}, {"type": "Feature", "geometry": {"type": "Point", "coordinates": [-82.35833333504002, 35.650000000571005]}, "properties": {"p_logistic": 0.5004203915596008, "p_rf": 0.7519999742507935, "p_xgb": 0.9948902130126953, "date": "2025-12-22"}}, {"type": "Feature", "geometry": {"type": "Point", "coordinates": [-82.35000000170702, 35.650000000571005]}, "properties": {"p_logistic": 0.49818509817123413, "p_rf": 0.7620000243186951, "p_xgb": 0.9928223490715027, "date": "2025-12-22"}}, {"type": "Feature", "geometry": {"type": "Point", "coordinates": [-82.34166666837402, 35.650000000571005]}, "properties": {"p_logistic": 0.49481669068336487, "p_rf": 0.7680000066757202, "p_xgb": 0.9931584000587463, "date": "2025-12-22"}}, {"type": "Feature", "geometry": {"type": "Point", "coordinates": [-82.33333333504102, 35.650000000571005]}, "properties": {"p_logistic": 0.4918384850025177, "p_rf": 0.7960000038146973, "p_xgb": 0.9957451224327087, "date": "2025-12-22"}}, {"type": "Feature", "geometry": {"type": "Point", "coordinates": [-82.32500000170802, 35.650000000571005]}, "properties": {"p_logistic": 0.4904175400733948, "p_rf": 0.8040000200271606, "p_xgb": 0.9957451224327087, "date": "2025-12-22"}}, {"type": "Feature", "geometry": {"type": "Point", "coordinates": [-82.31666666837502, 35.650000000571005]}, "properties": {"p_logistic": 0.48992812633514404, "p_rf": 0.7960000038146973, "p_xgb": 0.9955354928970337, "date": "2025-12-22"}}, {"type": "Feature", "geometry": {"type": "Point", "coordinates": [-82.30833333504202, 35.650000000571005]}, "properties": {"p_logistic": 0.4902908205986023, "p_rf": 0.800000011920929, "p_xgb": 0.9955354928970337, "date": "2025-12-22"}}, {"type": "Feature", "geometry": {"type": "Point", "coordinates": [-82.30000000170901, 35.650000000571005]}, "properties": {"p_logistic": 0.4902706742286682, "p_rf": 0.7680000066757202, "p_xgb": 0.9928223490715027, "date": "2025-12-22"}}, {"type": "Feature", "geometry": {"type": "Point", "coordinates": [-82.29166666837602, 35.650000000571005]}, "properties": {"p_logistic": 0.49142974615097046, "p_rf": 0.7580000162124634, "p_xgb": 0.9928223490715027, "date": "2025-12-22"}}, {"type": "Feature", "geometry": {"type": "Point", "coordinates": [-82.86666666835302, 35.641666667238006]}, "properties": {"p_logistic": 0.45411381125450134, "p_rf": 0.7900000214576721, "p_xgb": 0.9753555655479431, "date": "2025-12-22"}}, {"type": "Feature", "geometry": {"type": "Point", "coordinates": [-82.85833333502002, 35.641666667238006]}, "properties": {"p_logistic": 0.4564603567123413, "p_rf": 0.6819999814033508, "p_xgb": 0.9608819484710693, "date": "2025-12-22"}}, {"type": "Feature", "geometry": {"type": "Point", "coordinates": [-82.85000000168702, 35.641666667238006]}, "properties": {"p_logistic": 0.45814335346221924, "p_rf": 0.6779999732971191, "p_xgb": 0.9608819484710693, "date": "2025-12-22"}}, {"type": "Feature", "geometry": {"type": "Point", "coordinates": [-82.84166666835401, 35.641666667238006]}, "properties": {"p_logistic": 0.45967724919319153, "p_rf": 0.6779999732971191, "p_xgb": 0.9608819484710693, "date": "2025-12-22"}}, {"type": "Feature", "geometry": {"type": "Point", "coordinates": [-82.83333333502102, 35.641666667238006]}, "properties": {"p_logistic": 0.46091338992118835, "p_rf": 0.8059999942779541, "p_xgb": 0.9753555655479431, "date": "2025-12-22"}}, {"type": "Feature", "geometry": {"type": "Point", "coordinates": [-82.82500000168801, 35.641666667238006]}, "properties": {"p_logistic": 0.4626399278640747, "p_rf": 0.8119999766349792, "p_xgb": 0.9700307846069336, "date": "2025-12-22"}}, {"type": "Feature", "geometry": {"type": "Point", "coordinates": [-82.81666666835503, 35.641666667238006]}, "properties": {"p_logistic": 0.46502193808555603, "p_rf": 0.8119999766349792, "p_xgb": 0.9912698268890381, "date": "2025-12-22"}}, {"type": "Feature", "geometry": {"type": "Point", "coordinates": [-82.80833333502201, 35.641666667238006]}, "properties": {"p_logistic": 0.4670506417751312, "p_rf": 0.8140000104904175, "p_xgb": 0.9910653233528137, "date": "2025-12-22"}}, {"type": "Feature", "geometry": {"type": "Point", "coordinates": [-82.80000000168901, 35.641666667238006]}, "properties": {"p_logistic": 0.4692281186580658, "p_rf": 0.8199999928474426, "p_xgb": 0.9928839206695557, "date": "2025-12-22"}}, {"type": "Feature", "geometry": {"type": "Point", "coordinates": [-82.79166666835602, 35.641666667238006]}, "properties": {"p_logistic": 0.47073787450790405, "p_rf": 0.8220000267028809, "p_xgb": 0.9928839206695557, "date": "2025-12-22"}}, {"type": "Feature", "geometry": {"type": "Point", "coordinates": [-82.78333333502302, 35.641666667238006]}, "properties": {"p_logistic": 0.4721563756465912, "p_rf": 0.8220000267028809, "p_xgb": 0.9938056468963623, "date": "2025-12-22"}}, {"type": "Feature", "geometry": {"type": "Point", "coordinates": [-82.77500000169002, 35.641666667238006]}, "properties": {"p_logistic": 0.47331759333610535, "p_rf": 0.8220000267028809, "p_xgb": 0.9938056468963623, "date": "2025-12-22"}}, {"type": "Feature", "geometry": {"type": "Point", "coordinates": [-82.76666666835702, 35.641666667238006]}, "properties": {"p_logistic": 0.47407400608062744, "p_rf": 0.8220000267028809, "p_xgb": 0.9928839206695557, "date": "2025-12-22"}}, {"type": "Feature", "geometry": {"type": "Point", "coordinates": [-82.75833333502402, 35.641666667238006]}, "properties": {"p_logistic": 0.4745609760284424, "p_rf": 0.8199999928474426, "p_xgb": 0.9928839206695557, "date": "2025-12-22"}}, {"type": "Feature", "geometry": {"type": "Point", "coordinates": [-82.75000000169102, 35.641666667238006]}, "properties": {"p_logistic": 0.4751993417739868, "p_rf": 0.8199999928474426, "p_xgb": 0.9925315976142883, "date": "2025-12-22"}}, {"type": "Feature", "geometry": {"type": "Point", "coordinates": [-82.74166666835802, 35.641666667238006]}, "properties": {"p_logistic": 0.4762377440929413, "p_rf": 0.8119999766349792, "p_xgb": 0.9910653233528137, "date": "2025-12-22"}}, {"type": "Feature", "geometry": {"type": "Point", "coordinates": [-82.73333333502501, 35.641666667238006]}, "properties": {"p_logistic": 0.4781552255153656, "p_rf": 0.8119999766349792, "p_xgb": 0.99440598487854, "date": "2025-12-22"}}, {"type": "Feature", "geometry": {"type": "Point", "coordinates": [-82.72500000169202, 35.641666667238006]}, "properties": {"p_logistic": 0.4802151918411255, "p_rf": 0.8140000104904175, "p_xgb": 0.9945883750915527, "date": "2025-12-22"}}, {"type": "Feature", "geometry": {"type": "Point", "coordinates": [-82.71666666835901, 35.641666667238006]}, "properties": {"p_logistic": 0.4814096987247467, "p_rf": 0.8119999766349792, "p_xgb": 0.9945883750915527, "date": "2025-12-22"}}, {"type": "Feature", "geometry": {"type": "Point", "coordinates": [-82.70833333502603, 35.641666667238006]}, "properties": {"p_logistic": 0.4816477298736572, "p_rf": 0.7900000214576721, "p_xgb": 0.9723507761955261, "date": "2025-12-22"}}, {"type": "Feature", "geometry": {"type": "Point", "coordinates": [-82.70000000169301, 35.641666667238006]}, "properties": {"p_logistic": 0.4830314815044403, "p_rf": 0.6779999732971191, "p_xgb": 0.9580385088920593, "date": "2025-12-22"}}, {"type": "Feature", "geometry": {"type": "Point", "coordinates": [-82.69166666836001, 35.641666667238006]}, "properties": {"p_logistic": 0.4861551523208618, "p_rf": 0.8119999766349792, "p_xgb": 0.9943599104881287, "date": "2025-12-22"}}, {"type": "Feature", "geometry": {"type": "Point", "coordinates": [-82.68333333502702, 35.641666667238006]}, "properties": {"p_logistic": 0.48845914006233215, "p_rf": 0.8199999928474426, "p_xgb": 0.9943599104881287, "date": "2025-12-22"}}, {"type": "Feature", "geometry": {"type": "Point", "coordinates": [-82.67500000169402, 35.641666667238006]}, "properties": {"p_logistic": 0.48960065841674805, "p_rf": 0.8199999928474426, "p_xgb": 0.9946264624595642, "date": "2025-12-22"}}, {"type": "Feature", "geometry": {"type": "Point", "coordinates": [-82.66666666836102, 35.641666667238006]}, "properties": {"p_logistic": 0.48967763781547546, "p_rf": 0.8199999928474426, "p_xgb": 0.9943599104881287, "date": "2025-12-22"}}, {"type": "Feature", "geometry": {"type": "Point", "coordinates": [-82.65833333502802, 35.641666667238006]}, "properties": {"p_logistic": 0.49021825194358826, "p_rf": 0.8199999928474426, "p_xgb": 0.9943599104881287, "date": "2025-12-22"}}, {"type": "Feature", "geometry": {"type": "Point", "coordinates": [-82.65000000169502, 35.641666667238006]}, "properties": {"p_logistic": 0.49045535922050476, "p_rf": 0.8140000104904175, "p_xgb": 0.9943599104881287, "date": "2025-12-22"}}, {"type": "Feature", "geometry": {"type": "Point", "coordinates": [-82.64166666836202, 35.641666667238006]}, "properties": {"p_logistic": 0.4910098612308502, "p_rf": 0.8140000104904175, "p_xgb": 0.9943599104881287, "date": "2025-12-22"}}, {"type": "Feature", "geometry": {"type": "Point", "coordinates": [-82.63333333502902, 35.641666667238006]}, "properties": {"p_logistic": 0.49171772599220276, "p_rf": 0.8199999928474426, "p_xgb": 0.9943599104881287, "date": "2025-12-22"}}, {"type": "Feature", "geometry": {"type": "Point", "coordinates": [-82.62500000169601, 35.641666667238006]}, "properties": {"p_logistic": 0.49265056848526, "p_rf": 0.8199999928474426, "p_xgb": 0.9946264624595642, "date": "2025-12-22"}}, {"type": "Feature", "geometry": {"type": "Point", "coordinates": [-82.61666666836302, 35.641666667238006]}, "properties": {"p_logistic": 0.49411439895629883, "p_rf": 0.8259999752044678, "p_xgb": 0.9952406883239746, "date": "2025-12-22"}}, {"type": "Feature", "geometry": {"type": "Point", "coordinates": [-82.60833333503001, 35.641666667238006]}, "properties": {"p_logistic": 0.49519428610801697, "p_rf": 0.8259999752044678, "p_xgb": 0.9952406883239746, "date": "2025-12-22"}}, {"type": "Feature", "geometry": {"type": "Point", "coordinates": [-82.60000000169703, 35.641666667238006]}, "properties": {"p_logistic": 0.49653521180152893, "p_rf": 0.8320000171661377, "p_xgb": 0.9947699904441833, "date": "2025-12-22"}}, {"type": "Feature", "geometry": {"type": "Point", "coordinates": [-82.59166666836401, 35.641666667238006]}, "properties": {"p_logistic": 0.4977114200592041, "p_rf": 0.8460000157356262, "p_xgb": 0.9947699904441833, "date": "2025-12-22"}}, {"type": "Feature", "geometry": {"type": "Point", "coordinates": [-82.58333333503101, 35.641666667238006]}, "properties": {"p_logistic": 0.49901333451271057, "p_rf": 0.8379999995231628, "p_xgb": 0.9935359954833984, "date": "2025-12-22"}}, {"type": "Feature", "geometry": {"type": "Point", "coordinates": [-82.57500000169802, 35.641666667238006]}, "properties": {"p_logistic": 0.499332457780838, "p_rf": 0.8679999709129333, "p_xgb": 0.9919201135635376, "date": "2025-12-22"}}, {"type": "Feature", "geometry": {"type": "Point", "coordinates": [-82.56666666836502, 35.641666667238006]}, "properties": {"p_logistic": 0.49993178248405457, "p_rf": 0.8679999709129333, "p_xgb": 0.9966873526573181, "date": "2025-12-22"}}, {"type": "Feature", "geometry": {"type": "Point", "coordinates": [-82.55833333503202, 35.641666667238006]}, "properties": {"p_logistic": 0.5011281967163086, "p_rf": 0.8679999709129333, "p_xgb": 0.9969045519828796, "date": "2025-12-22"}}, {"type": "Feature", "geometry": {"type": "Point", "coordinates": [-82.55000000169902, 35.641666667238006]}, "properties": {"p_logistic": 0.5018242597579956, "p_rf": 0.8700000047683716, "p_xgb": 0.9969045519828796, "date": "2025-12-22"}}, {"type": "Feature", "geometry": {"type": "Point", "coordinates": [-82.54166666836602, 35.641666667238006]}, "properties": {"p_logistic": 0.5027780532836914, "p_rf": 0.8679999709129333, "p_xgb": 0.9969045519828796, "date": "2025-12-22"}}, {"type": "Feature", "geometry": {"type": "Point", "coordinates": [-82.53333333503302, 35.641666667238006]}, "properties": {"p_logistic": 0.5045996904373169, "p_rf": 0.8759999871253967, "p_xgb": 0.9973115921020508, "date": "2025-12-22"}}, {"type": "Feature", "geometry": {"type": "Point", "coordinates": [-82.52500000170002, 35.641666667238006]}, "properties": {"p_logistic": 0.5075004696846008, "p_rf": 0.8640000224113464, "p_xgb": 0.9953035116195679, "date": "2025-12-22"}}, {"type": "Feature", "geometry": {"type": "Point", "coordinates": [-82.51666666836701, 35.641666667238006]}, "properties": {"p_logistic": 0.5092338919639587, "p_rf": 0.828000009059906, "p_xgb": 0.994621992111206, "date": "2025-12-22"}}, {"type": "Feature", "geometry": {"type": "Point", "coordinates": [-82.50833333503402, 35.641666667238006]}, "properties": {"p_logistic": 0.5104945302009583, "p_rf": 0.8180000185966492, "p_xgb": 0.9948142766952515, "date": "2025-12-22"}}, {"type": "Feature", "geometry": {"type": "Point", "coordinates": [-82.50000000170101, 35.641666667238006]}, "properties": {"p_logistic": 0.5125956535339355, "p_rf": 0.8019999861717224, "p_xgb": 0.9925385117530823, "date": "2025-12-22"}}, {"type": "Feature", "geometry": {"type": "Point", "coordinates": [-82.49166666836803, 35.641666667238006]}, "properties": {"p_logistic": 0.5138882398605347, "p_rf": 0.7720000147819519, "p_xgb": 0.9925385117530823, "date": "2025-12-22"}}, {"type": "Feature", "geometry": {"type": "Point", "coordinates": [-82.48333333503501, 35.641666667238006]}, "properties": {"p_logistic": 0.5142321586608887, "p_rf": 0.7680000066757202, "p_xgb": 0.9880260825157166, "date": "2025-12-22"}}, {"type": "Feature", "geometry": {"type": "Point", "coordinates": [-82.47500000170201, 35.641666667238006]}, "properties": {"p_logistic": 0.5155341625213623, "p_rf": 0.7599999904632568, "p_xgb": 0.9880260825157166, "date": "2025-12-22"}}, {"type": "Feature", "geometry": {"type": "Point", "coordinates": [-82.46666666836902, 35.641666667238006]}, "properties": {"p_logistic": 0.5183145403862, "p_rf": 0.7519999742507935, "p_xgb": 0.9914639592170715, "date": "2025-12-22"}}, {"type": "Feature", "geometry": {"type": "Point", "coordinates": [-82.45833333503602, 35.641666667238006]}, "properties": {"p_logistic": 0.5205850601196289, "p_rf": 0.7459999918937683, "p_xgb": 0.994649350643158, "date": "2025-12-22"}}, {"type": "Feature", "geometry": {"type": "Point", "coordinates": [-82.45000000170302, 35.641666667238006]}, "properties": {"p_logistic": 0.5197504758834839, "p_rf": 0.7459999918937683, "p_xgb": 0.994649350643158, "date": "2025-12-22"}}, {"type": "Feature", "geometry": {"type": "Point", "coordinates": [-82.44166666837002, 35.641666667238006]}, "properties": {"p_logistic": 0.5166226029396057, "p_rf": 0.7480000257492065, "p_xgb": 0.9947865009307861, "date": "2025-12-22"}}, {"type": "Feature", "geometry": {"type": "Point", "coordinates": [-82.43333333503702, 35.641666667238006]}, "properties": {"p_logistic": 0.5138453245162964, "p_rf": 0.7480000257492065, "p_xgb": 0.9916594624519348, "date": "2025-12-22"}}, {"type": "Feature", "geometry": {"type": "Point", "coordinates": [-82.42500000170402, 35.641666667238006]}, "properties": {"p_logistic": 0.5098902583122253, "p_rf": 0.75, "p_xgb": 0.9940517544746399, "date": "2025-12-22"}}, {"type": "Feature", "geometry": {"type": "Point", "coordinates": [-82.41666666837102, 35.641666667238006]}, "properties": {"p_logistic": 0.5075481534004211, "p_rf": 0.7620000243186951, "p_xgb": 0.9951300621032715, "date": "2025-12-22"}}, {"type": "Feature", "geometry": {"type": "Point", "coordinates": [-82.40833333503801, 35.641666667238006]}, "properties": {"p_logistic": 0.5071305632591248, "p_rf": 0.7599999904632568, "p_xgb": 0.9940930008888245, "date": "2025-12-22"}}, {"type": "Feature", "geometry": {"type": "Point", "coordinates": [-82.40000000170502, 35.641666667238006]}, "properties": {"p_logistic": 0.5063934922218323, "p_rf": 0.7599999904632568, "p_xgb": 0.9940930008888245, "date": "2025-12-22"}}, {"type": "Feature", "geometry": {"type": "Point", "coordinates": [-82.39166666837201, 35.641666667238006]}, "properties": {"p_logistic": 0.505927324295044, "p_rf": 0.7519999742507935, "p_xgb": 0.9951300621032715, "date": "2025-12-22"}}, {"type": "Feature", "geometry": {"type": "Point", "coordinates": [-82.38333333503903, 35.641666667238006]}, "properties": {"p_logistic": 0.5062761902809143, "p_rf": 0.7480000257492065, "p_xgb": 0.9951300621032715, "date": "2025-12-22"}}, {"type": "Feature", "geometry": {"type": "Point", "coordinates": [-82.37500000170601, 35.641666667238006]}, "properties": {"p_logistic": 0.5061776041984558, "p_rf": 0.7480000257492065, "p_xgb": 0.9951300621032715, "date": "2025-12-22"}}, {"type": "Feature", "geometry": {"type": "Point", "coordinates": [-82.36666666837301, 35.641666667238006]}, "properties": {"p_logistic": 0.505689263343811, "p_rf": 0.7480000257492065, "p_xgb": 0.9951300621032715, "date": "2025-12-22"}}, {"type": "Feature", "geometry": {"type": "Point", "coordinates": [-82.35833333504002, 35.641666667238006]}, "properties": {"p_logistic": 0.5036163926124573, "p_rf": 0.7519999742507935, "p_xgb": 0.9951300621032715, "date": "2025-12-22"}}, {"type": "Feature", "geometry": {"type": "Point", "coordinates": [-82.35000000170702, 35.641666667238006]}, "properties": {"p_logistic": 0.5004798173904419, "p_rf": 0.7599999904632568, "p_xgb": 0.9931584000587463, "date": "2025-12-22"}}, {"type": "Feature", "geometry": {"type": "Point", "coordinates": [-82.34166666837402, 35.641666667238006]}, "properties": {"p_logistic": 0.496400386095047, "p_rf": 0.800000011920929, "p_xgb": 0.9957451224327087, "date": "2025-12-22"}}, {"type": "Feature", "geometry": {"type": "Point", "coordinates": [-82.33333333504102, 35.641666667238006]}, "properties": {"p_logistic": 0.4935176372528076, "p_rf": 0.8059999942779541, "p_xgb": 0.9959486126899719, "date": "2025-12-22"}}, {"type": "Feature", "geometry": {"type": "Point", "coordinates": [-82.32500000170802, 35.641666667238006]}, "properties": {"p_logistic": 0.49169862270355225, "p_rf": 0.8199999928474426, "p_xgb": 0.9959486126899719, "date": "2025-12-22"}}, {"type": "Feature", "geometry": {"type": "Point", "coordinates": [-82.31666666837502, 35.641666667238006]}, "properties": {"p_logistic": 0.49137064814567566, "p_rf": 0.8180000185966492, "p_xgb": 0.9959486126899719, "date": "2025-12-22"}}, {"type": "Feature", "geometry": {"type": "Point", "coordinates": [-82.30833333504202, 35.641666667238006]}, "properties": {"p_logistic": 0.49206849932670593, "p_rf": 0.8040000200271606, "p_xgb": 0.9957451224327087, "date": "2025-12-22"}}, {"type": "Feature", "geometry": {"type": "Point", "coordinates": [-82.30000000170901, 35.641666667238006]}, "properties": {"p_logistic": 0.4931873381137848, "p_rf": 0.800000011920929, "p_xgb": 0.9957451224327087, "date": "2025-12-22"}}, {"type": "Feature", "geometry": {"type": "Point", "coordinates": [-82.29166666837602, 35.641666667238006]}, "properties": {"p_logistic": 0.4940067231655121, "p_rf": 0.7680000066757202, "p_xgb": 0.9928223490715027, "date": "2025-12-22"}}, {"type": "Feature", "geometry": {"type": "Point", "coordinates": [-82.28333333504301, 35.641666667238006]}, "properties": {"p_logistic": 0.4950285851955414, "p_rf": 0.7620000243186951, "p_xgb": 0.9928223490715027, "date": "2025-12-22"}}, {"type": "Feature", "geometry": {"type": "Point", "coordinates": [-82.85000000168702, 35.633333333905]}, "properties": {"p_logistic": 0.4584116041660309, "p_rf": 0.6779999732971191, "p_xgb": 0.9546379446983337, "date": "2025-12-22"}}, {"type": "Feature", "geometry": {"type": "Point", "coordinates": [-82.84166666835401, 35.633333333905]}, "properties": {"p_logistic": 0.4600696861743927, "p_rf": 0.6779999732971191, "p_xgb": 0.9546379446983337, "date": "2025-12-22"}}, {"type": "Feature", "geometry": {"type": "Point", "coordinates": [-82.83333333502102, 35.633333333905]}, "properties": {"p_logistic": 0.4612129032611847, "p_rf": 0.8059999942779541, "p_xgb": 0.9753555655479431, "date": "2025-12-22"}}, {"type": "Feature", "geometry": {"type": "Point", "coordinates": [-82.82500000168801, 35.633333333905]}, "properties": {"p_logistic": 0.4628462493419647, "p_rf": 0.8119999766349792, "p_xgb": 0.9943884015083313, "date": "2025-12-22"}}, {"type": "Feature", "geometry": {"type": "Point", "coordinates": [-82.81666666835503, 35.633333333905]}, "properties": {"p_logistic": 0.46545398235321045, "p_rf": 0.8140000104904175, "p_xgb": 0.9903944134712219, "date": "2025-12-22"}}, {"type": "Feature", "geometry": {"type": "Point", "coordinates": [-82.80833333502201, 35.633333333905]}, "properties": {"p_logistic": 0.4675509035587311, "p_rf": 0.8199999928474426, "p_xgb": 0.9901695847511292, "date": "2025-12-22"}}, {"type": "Feature", "geometry": {"type": "Point", "coordinates": [-82.80000000168901, 35.633333333905]}, "properties": {"p_logistic": 0.46947336196899414, "p_rf": 0.8199999928474426, "p_xgb": 0.9914863109588623, "date": "2025-12-22"}}, {"type": "Feature", "geometry": {"type": "Point", "coordinates": [-82.79166666835602, 35.633333333905]}, "properties": {"p_logistic": 0.4708467721939087, "p_rf": 0.8220000267028809, "p_xgb": 0.9928839206695557, "date": "2025-12-22"}}, {"type": "Feature", "geometry": {"type": "Point", "coordinates": [-82.78333333502302, 35.633333333905]}, "properties": {"p_logistic": 0.47187963128089905, "p_rf": 0.8220000267028809, "p_xgb": 0.9928839206695557, "date": "2025-12-22"}}, {"type": "Feature", "geometry": {"type": "Point", "coordinates": [-82.77500000169002, 35.633333333905]}, "properties": {"p_logistic": 0.4726966321468353, "p_rf": 0.8220000267028809, "p_xgb": 0.9928839206695557, "date": "2025-12-22"}}, {"type": "Feature", "geometry": {"type": "Point", "coordinates": [-82.76666666835702, 35.633333333905]}, "properties": {"p_logistic": 0.4733040928840637, "p_rf": 0.8199999928474426, "p_xgb": 0.9928839206695557, "date": "2025-12-22"}}, {"type": "Feature", "geometry": {"type": "Point", "coordinates": [-82.75833333502402, 35.633333333905]}, "properties": {"p_logistic": 0.4737147390842438, "p_rf": 0.8140000104904175, "p_xgb": 0.9925315976142883, "date": "2025-12-22"}}, {"type": "Feature", "geometry": {"type": "Point", "coordinates": [-82.75000000169102, 35.633333333905]}, "properties": {"p_logistic": 0.47418999671936035, "p_rf": 0.8119999766349792, "p_xgb": 0.9674071669578552, "date": "2025-12-22"}}, {"type": "Feature", "geometry": {"type": "Point", "coordinates": [-82.74166666835802, 35.633333333905]}, "properties": {"p_logistic": 0.4753384590148926, "p_rf": 0.8059999942779541, "p_xgb": 0.9612012505531311, "date": "2025-12-22"}}, {"type": "Feature", "geometry": {"type": "Point", "coordinates": [-82.73333333502501, 35.633333333905]}, "properties": {"p_logistic": 0.4772486984729767, "p_rf": 0.6819999814033508, "p_xgb": 0.9609997272491455, "date": "2025-12-22"}}, {"type": "Feature", "geometry": {"type": "Point", "coordinates": [-82.72500000169202, 35.633333333905]}, "properties": {"p_logistic": 0.47920092940330505, "p_rf": 0.6779999732971191, "p_xgb": 0.9622302651405334, "date": "2025-12-22"}}, {"type": "Feature", "geometry": {"type": "Point", "coordinates": [-82.71666666835901, 35.633333333905]}, "properties": {"p_logistic": 0.4803106188774109, "p_rf": 0.6779999732971191, "p_xgb": 0.9572267532348633, "date": "2025-12-22"}}, {"type": "Feature", "geometry": {"type": "Point", "coordinates": [-82.70833333502603, 35.633333333905]}, "properties": {"p_logistic": 0.4814590513706207, "p_rf": 0.6779999732971191, "p_xgb": 0.9504294395446777, "date": "2025-12-22"}}, {"type": "Feature", "geometry": {"type": "Point", "coordinates": [-82.70000000169301, 35.633333333905]}, "properties": {"p_logistic": 0.48446282744407654, "p_rf": 0.6779999732971191, "p_xgb": 0.9580385088920593, "date": "2025-12-22"}}, {"type": "Feature", "geometry": {"type": "Point", "coordinates": [-82.69166666836001, 35.633333333905]}, "properties": {"p_logistic": 0.4875081181526184, "p_rf": 0.8119999766349792, "p_xgb": 0.9943599104881287, "date": "2025-12-22"}}, {"type": "Feature", "geometry": {"type": "Point", "coordinates": [-82.68333333502702, 35.633333333905]}, "properties": {"p_logistic": 0.4897172152996063, "p_rf": 0.8199999928474426, "p_xgb": 0.9946264624595642, "date": "2025-12-22"}}, {"type": "Feature", "geometry": {"type": "Point", "coordinates": [-82.67500000169402, 35.633333333905]}, "properties": {"p_logistic": 0.49088239669799805, "p_rf": 0.8220000267028809, "p_xgb": 0.99479079246521, "date": "2025-12-22"}}, {"type": "Feature", "geometry": {"type": "Point", "coordinates": [-82.66666666836102, 35.633333333905]}, "properties": {"p_logistic": 0.4912649989128113, "p_rf": 0.8220000267028809, "p_xgb": 0.99479079246521, "date": "2025-12-22"}}, {"type": "Feature", "geometry": {"type": "Point", "coordinates": [-82.65833333502802, 35.633333333905]}, "properties": {"p_logistic": 0.4911196827888489, "p_rf": 0.8199999928474426, "p_xgb": 0.9946264624595642, "date": "2025-12-22"}}, {"type": "Feature", "geometry": {"type": "Point", "coordinates": [-82.65000000169502, 35.633333333905]}, "properties": {"p_logistic": 0.49148690700531006, "p_rf": 0.8199999928474426, "p_xgb": 0.9946264624595642, "date": "2025-12-22"}}, {"type": "Feature", "geometry": {"type": "Point", "coordinates": [-82.64166666836202, 35.633333333905]}, "properties": {"p_logistic": 0.4917677938938141, "p_rf": 0.8199999928474426, "p_xgb": 0.9943599104881287, "date": "2025-12-22"}}, {"type": "Feature", "geometry": {"type": "Point", "coordinates": [-82.63333333502902, 35.633333333905]}, "properties": {"p_logistic": 0.4922046363353729, "p_rf": 0.8199999928474426, "p_xgb": 0.9946264624595642, "date": "2025-12-22"}}, {"type": "Feature", "geometry": {"type": "Point", "coordinates": [-82.62500000169601, 35.633333333905]}, "properties": {"p_logistic": 0.4930926263332367, "p_rf": 0.8220000267028809, "p_xgb": 0.99479079246521, "date": "2025-12-22"}}, {"type": "Feature", "geometry": {"type": "Point", "coordinates": [-82.61666666836302, 35.633333333905]}, "properties": {"p_logistic": 0.4942688047885895, "p_rf": 0.8259999752044678, "p_xgb": 0.9952406883239746, "date": "2025-12-22"}}, {"type": "Feature", "geometry": {"type": "Point", "coordinates": [-82.60833333503001, 35.633333333905]}, "properties": {"p_logistic": 0.4959959089756012, "p_rf": 0.8259999752044678, "p_xgb": 0.9952406883239746, "date": "2025-12-22"}}, {"type": "Feature", "geometry": {"type": "Point", "coordinates": [-82.60000000169703, 35.633333333905]}, "properties": {"p_logistic": 0.4971538186073303, "p_rf": 0.8320000171661377, "p_xgb": 0.9952406883239746, "date": "2025-12-22"}}, {"type": "Feature", "geometry": {"type": "Point", "coordinates": [-82.59166666836401, 35.633333333905]}, "properties": {"p_logistic": 0.4980792701244354, "p_rf": 0.843999981880188, "p_xgb": 0.9947699904441833, "date": "2025-12-22"}}, {"type": "Feature", "geometry": {"type": "Point", "coordinates": [-82.58333333503101, 35.633333333905]}, "properties": {"p_logistic": 0.4989405870437622, "p_rf": 0.843999981880188, "p_xgb": 0.9947699904441833, "date": "2025-12-22"}}, {"type": "Feature", "geometry": {"type": "Point", "coordinates": [-82.57500000169802, 35.633333333905]}, "properties": {"p_logistic": 0.4995400905609131, "p_rf": 0.8460000157356262, "p_xgb": 0.9947699904441833, "date": "2025-12-22"}}, {"type": "Feature", "geometry": {"type": "Point", "coordinates": [-82.56666666836502, 35.633333333905]}, "properties": {"p_logistic": 0.5005916357040405, "p_rf": 0.843999981880188, "p_xgb": 0.9933645725250244, "date": "2025-12-22"}}, {"type": "Feature", "geometry": {"type": "Point", "coordinates": [-82.55833333503202, 35.633333333905]}, "properties": {"p_logistic": 0.501665472984314, "p_rf": 0.8399999737739563, "p_xgb": 0.9935359954833984, "date": "2025-12-22"}}, {"type": "Feature", "geometry": {"type": "Point", "coordinates": [-82.55000000169902, 35.633333333905]}, "properties": {"p_logistic": 0.5028619170188904, "p_rf": 0.8700000047683716, "p_xgb": 0.9969045519828796, "date": "2025-12-22"}}, {"type": "Feature", "geometry": {"type": "Point", "coordinates": [-82.54166666836602, 35.633333333905]}, "properties": {"p_logistic": 0.5037062168121338, "p_rf": 0.8740000128746033, "p_xgb": 0.9974879026412964, "date": "2025-12-22"}}, {"type": "Feature", "geometry": {"type": "Point", "coordinates": [-82.53333333503302, 35.633333333905]}, "properties": {"p_logistic": 0.5055690407752991, "p_rf": 0.8759999871253967, "p_xgb": 0.9973115921020508, "date": "2025-12-22"}}, {"type": "Feature", "geometry": {"type": "Point", "coordinates": [-82.52500000170002, 35.633333333905]}, "properties": {"p_logistic": 0.5072479844093323, "p_rf": 0.8679999709129333, "p_xgb": 0.9953035116195679, "date": "2025-12-22"}}, {"type": "Feature", "geometry": {"type": "Point", "coordinates": [-82.51666666836701, 35.633333333905]}, "properties": {"p_logistic": 0.5088445544242859, "p_rf": 0.8360000252723694, "p_xgb": 0.994621992111206, "date": "2025-12-22"}}, {"type": "Feature", "geometry": {"type": "Point", "coordinates": [-82.50833333503402, 35.633333333905]}, "properties": {"p_logistic": 0.5095742344856262, "p_rf": 0.8259999752044678, "p_xgb": 0.994621992111206, "date": "2025-12-22"}}, {"type": "Feature", "geometry": {"type": "Point", "coordinates": [-82.50000000170101, 35.633333333905]}, "properties": {"p_logistic": 0.5110330581665039, "p_rf": 0.8059999942779541, "p_xgb": 0.9948142766952515, "date": "2025-12-22"}}, {"type": "Feature", "geometry": {"type": "Point", "coordinates": [-82.49166666836803, 35.633333333905]}, "properties": {"p_logistic": 0.511608898639679, "p_rf": 0.8040000200271606, "p_xgb": 0.9948142766952515, "date": "2025-12-22"}}, {"type": "Feature", "geometry": {"type": "Point", "coordinates": [-82.48333333503501, 35.633333333905]}, "properties": {"p_logistic": 0.5115435123443604, "p_rf": 0.8059999942779541, "p_xgb": 0.9948142766952515, "date": "2025-12-22"}}, {"type": "Feature", "geometry": {"type": "Point", "coordinates": [-82.47500000170201, 35.633333333905]}, "properties": {"p_logistic": 0.5118222832679749, "p_rf": 0.8040000200271606, "p_xgb": 0.9948142766952515, "date": "2025-12-22"}}, {"type": "Feature", "geometry": {"type": "Point", "coordinates": [-82.46666666836902, 35.633333333905]}, "properties": {"p_logistic": 0.5135828256607056, "p_rf": 0.8019999861717224, "p_xgb": 0.9925385117530823, "date": "2025-12-22"}}, {"type": "Feature", "geometry": {"type": "Point", "coordinates": [-82.45833333503602, 35.633333333905]}, "properties": {"p_logistic": 0.5160316824913025, "p_rf": 0.7620000243186951, "p_xgb": 0.9880260825157166, "date": "2025-12-22"}}, {"type": "Feature", "geometry": {"type": "Point", "coordinates": [-82.45000000170302, 35.633333333905]}, "properties": {"p_logistic": 0.5172944068908691, "p_rf": 0.7620000243186951, "p_xgb": 0.9886714220046997, "date": "2025-12-22"}}, {"type": "Feature", "geometry": {"type": "Point", "coordinates": [-82.44166666837002, 35.633333333905]}, "properties": {"p_logistic": 0.5170680284500122, "p_rf": 0.7599999904632568, "p_xgb": 0.9896543025970459, "date": "2025-12-22"}}, {"type": "Feature", "geometry": {"type": "Point", "coordinates": [-82.43333333503702, 35.633333333905]}, "properties": {"p_logistic": 0.5151782035827637, "p_rf": 0.7599999904632568, "p_xgb": 0.9896543025970459, "date": "2025-12-22"}}, {"type": "Feature", "geometry": {"type": "Point", "coordinates": [-82.42500000170402, 35.633333333905]}, "properties": {"p_logistic": 0.5129398703575134, "p_rf": 0.7599999904632568, "p_xgb": 0.9886714220046997, "date": "2025-12-22"}}, {"type": "Feature", "geometry": {"type": "Point", "coordinates": [-82.41666666837102, 35.633333333905]}, "properties": {"p_logistic": 0.51096111536026, "p_rf": 0.7620000243186951, "p_xgb": 0.9886714220046997, "date": "2025-12-22"}}, {"type": "Feature", "geometry": {"type": "Point", "coordinates": [-82.40833333503801, 35.633333333905]}, "properties": {"p_logistic": 0.5101850032806396, "p_rf": 0.7620000243186951, "p_xgb": 0.9880260825157166, "date": "2025-12-22"}}, {"type": "Feature", "geometry": {"type": "Point", "coordinates": [-82.40000000170502, 35.633333333905]}, "properties": {"p_logistic": 0.5091239213943481, "p_rf": 0.7620000243186951, "p_xgb": 0.9889300465583801, "date": "2025-12-22"}}, {"type": "Feature", "geometry": {"type": "Point", "coordinates": [-82.39166666837201, 35.633333333905]}, "properties": {"p_logistic": 0.5086338520050049, "p_rf": 0.7620000243186951, "p_xgb": 0.9940517544746399, "date": "2025-12-22"}}, {"type": "Feature", "geometry": {"type": "Point", "coordinates": [-82.38333333503903, 35.633333333905]}, "properties": {"p_logistic": 0.5094665288925171, "p_rf": 0.7480000257492065, "p_xgb": 0.9951300621032715, "date": "2025-12-22"}}, {"type": "Feature", "geometry": {"type": "Point", "coordinates": [-82.37500000170601, 35.633333333905]}, "properties": {"p_logistic": 0.5093396902084351, "p_rf": 0.7480000257492065, "p_xgb": 0.9951300621032715, "date": "2025-12-22"}}, {"type": "Feature", "geometry": {"type": "Point", "coordinates": [-82.36666666837301, 35.633333333905]}, "properties": {"p_logistic": 0.5086951851844788, "p_rf": 0.7480000257492065, "p_xgb": 0.9951300621032715, "date": "2025-12-22"}}, {"type": "Feature", "geometry": {"type": "Point", "coordinates": [-82.35833333504002, 35.633333333905]}, "properties": {"p_logistic": 0.5063884854316711, "p_rf": 0.75, "p_xgb": 0.9951300621032715, "date": "2025-12-22"}}, {"type": "Feature", "geometry": {"type": "Point", "coordinates": [-82.35000000170702, 35.633333333905]}, "properties": {"p_logistic": 0.5031125545501709, "p_rf": 0.7620000243186951, "p_xgb": 0.9935290217399597, "date": "2025-12-22"}}, {"type": "Feature", "geometry": {"type": "Point", "coordinates": [-82.34166666837402, 35.633333333905]}, "properties": {"p_logistic": 0.4993395209312439, "p_rf": 0.7720000147819519, "p_xgb": 0.9931584000587463, "date": "2025-12-22"}}, {"type": "Feature", "geometry": {"type": "Point", "coordinates": [-82.33333333504102, 35.633333333905]}, "properties": {"p_logistic": 0.49599334597587585, "p_rf": 0.8059999942779541, "p_xgb": 0.9950506091117859, "date": "2025-12-22"}}, {"type": "Feature", "geometry": {"type": "Point", "coordinates": [-82.32500000170802, 35.633333333905]}, "properties": {"p_logistic": 0.4942423403263092, "p_rf": 0.8180000185966492, "p_xgb": 0.9941798448562622, "date": "2025-12-22"}}, {"type": "Feature", "geometry": {"type": "Point", "coordinates": [-82.31666666837502, 35.633333333905]}, "properties": {"p_logistic": 0.49383488297462463, "p_rf": 0.8180000185966492, "p_xgb": 0.9944605827331543, "date": "2025-12-22"}}, {"type": "Feature", "geometry": {"type": "Point", "coordinates": [-82.30833333504202, 35.633333333905]}, "properties": {"p_logistic": 0.4948681592941284, "p_rf": 0.8059999942779541, "p_xgb": 0.9959486126899719, "date": "2025-12-22"}}, {"type": "Feature", "geometry": {"type": "Point", "coordinates": [-82.30000000170901, 35.633333333905]}, "properties": {"p_logistic": 0.4960538148880005, "p_rf": 0.8019999861717224, "p_xgb": 0.9957451224327087, "date": "2025-12-22"}}, {"type": "Feature", "geometry": {"type": "Point", "coordinates": [-82.29166666837602, 35.633333333905]}, "properties": {"p_logistic": 0.4966374337673187, "p_rf": 0.7720000147819519, "p_xgb": 0.9957451224327087, "date": "2025-12-22"}}, {"type": "Feature", "geometry": {"type": "Point", "coordinates": [-82.28333333504301, 35.633333333905]}, "properties": {"p_logistic": 0.49750491976737976, "p_rf": 0.7680000066757202, "p_xgb": 0.9931584000587463, "date": "2025-12-22"}}, {"type": "Feature", "geometry": {"type": "Point", "coordinates": [-82.27500000171003, 35.633333333905]}, "properties": {"p_logistic": 0.4995458722114563, "p_rf": 0.7599999904632568, "p_xgb": 0.9931584000587463, "date": "2025-12-22"}}, {"type": "Feature", "geometry": {"type": "Point", "coordinates": [-82.85000000168702, 35.625000000572]}, "properties": {"p_logistic": 0.458547443151474, "p_rf": 0.6779999732971191, "p_xgb": 0.9546379446983337, "date": "2025-12-22"}}, {"type": "Feature", "geometry": {"type": "Point", "coordinates": [-82.84166666835401, 35.625000000572]}, "properties": {"p_logistic": 0.46111777424812317, "p_rf": 0.6819999814033508, "p_xgb": 0.9546379446983337, "date": "2025-12-22"}}, {"type": "Feature", "geometry": {"type": "Point", "coordinates": [-82.83333333502102, 35.625000000572]}, "properties": {"p_logistic": 0.46274086833000183, "p_rf": 0.8119999766349792, "p_xgb": 0.9713529348373413, "date": "2025-12-22"}}, {"type": "Feature", "geometry": {"type": "Point", "coordinates": [-82.82500000168801, 35.625000000572]}, "properties": {"p_logistic": 0.46417343616485596, "p_rf": 0.8119999766349792, "p_xgb": 0.9920104742050171, "date": "2025-12-22"}}, {"type": "Feature", "geometry": {"type": "Point", "coordinates": [-82.80833333502201, 35.625000000572]}, "properties": {"p_logistic": 0.467613160610199, "p_rf": 0.8140000104904175, "p_xgb": 0.9901695847511292, "date": "2025-12-22"}}, {"type": "Feature", "geometry": {"type": "Point", "coordinates": [-82.80000000168901, 35.625000000572]}, "properties": {"p_logistic": 0.4691454768180847, "p_rf": 0.8199999928474426, "p_xgb": 0.9910653233528137, "date": "2025-12-22"}}, {"type": "Feature", "geometry": {"type": "Point", "coordinates": [-82.79166666835602, 35.625000000572]}, "properties": {"p_logistic": 0.47026100754737854, "p_rf": 0.8199999928474426, "p_xgb": 0.9910653233528137, "date": "2025-12-22"}}, {"type": "Feature", "geometry": {"type": "Point", "coordinates": [-82.78333333502302, 35.625000000572]}, "properties": {"p_logistic": 0.4708907902240753, "p_rf": 0.8140000104904175, "p_xgb": 0.9925315976142883, "date": "2025-12-22"}}, {"type": "Feature", "geometry": {"type": "Point", "coordinates": [-82.77500000169002, 35.625000000572]}, "properties": {"p_logistic": 0.471556156873703, "p_rf": 0.8140000104904175, "p_xgb": 0.9925315976142883, "date": "2025-12-22"}}, {"type": "Feature", "geometry": {"type": "Point", "coordinates": [-82.76666666835702, 35.625000000572]}, "properties": {"p_logistic": 0.47189950942993164, "p_rf": 0.8119999766349792, "p_xgb": 0.9925315976142883, "date": "2025-12-22"}}, {"type": "Feature", "geometry": {"type": "Point", "coordinates": [-82.75833333502402, 35.625000000572]}, "properties": {"p_logistic": 0.4721285104751587, "p_rf": 0.6779999732971191, "p_xgb": 0.9485118985176086, "date": "2025-12-22"}}, {"type": "Feature", "geometry": {"type": "Point", "coordinates": [-82.75000000169102, 35.625000000572]}, "properties": {"p_logistic": 0.4725421667098999, "p_rf": 0.6779999732971191, "p_xgb": 0.9418009519577026, "date": "2025-12-22"}}, {"type": "Feature", "geometry": {"type": "Point", "coordinates": [-82.74166666835802, 35.625000000572]}, "properties": {"p_logistic": 0.47362738847732544, "p_rf": 0.6779999732971191, "p_xgb": 0.9418009519577026, "date": "2025-12-22"}}, {"type": "Feature", "geometry": {"type": "Point", "coordinates": [-82.73333333502501, 35.625000000572]}, "properties": {"p_logistic": 0.47548481822013855, "p_rf": 0.6779999732971191, "p_xgb": 0.9610059261322021, "date": "2025-12-22"}}, {"type": "Feature", "geometry": {"type": "Point", "coordinates": [-82.72500000169202, 35.625000000572]}, "properties": {"p_logistic": 0.4774966537952423, "p_rf": 0.6779999732971191, "p_xgb": 0.9572267532348633, "date": "2025-12-22"}}, {"type": "Feature", "geometry": {"type": "Point", "coordinates": [-82.71666666835901, 35.625000000572]}, "properties": {"p_logistic": 0.4797767400741577, "p_rf": 0.6779999732971191, "p_xgb": 0.9572267532348633, "date": "2025-12-22"}}, {"type": "Feature", "geometry": {"type": "Point", "coordinates": [-82.70833333502603, 35.625000000572]}, "properties": {"p_logistic": 0.4829663932323456, "p_rf": 0.6779999732971191, "p_xgb": 0.9535378217697144, "date": "2025-12-22"}}, {"type": "Feature", "geometry": {"type": "Point", "coordinates": [-82.70000000169301, 35.625000000572]}, "properties": {"p_logistic": 0.48597079515457153, "p_rf": 0.6779999732971191, "p_xgb": 0.9606894850730896, "date": "2025-12-22"}}, {"type": "Feature", "geometry": {"type": "Point", "coordinates": [-82.69166666836001, 35.625000000572]}, "properties": {"p_logistic": 0.48859456181526184, "p_rf": 0.8119999766349792, "p_xgb": 0.9752324223518372, "date": "2025-12-22"}}, {"type": "Feature", "geometry": {"type": "Point", "coordinates": [-82.68333333502702, 35.625000000572]}, "properties": {"p_logistic": 0.49074244499206543, "p_rf": 0.8199999928474426, "p_xgb": 0.9946264624595642, "date": "2025-12-22"}}, {"type": "Feature", "geometry": {"type": "Point", "coordinates": [-82.67500000169402, 35.625000000572]}, "properties": {"p_logistic": 0.49191001057624817, "p_rf": 0.8220000267028809, "p_xgb": 0.99479079246521, "date": "2025-12-22"}}, {"type": "Feature", "geometry": {"type": "Point", "coordinates": [-82.66666666836102, 35.625000000572]}, "properties": {"p_logistic": 0.4920397996902466, "p_rf": 0.8220000267028809, "p_xgb": 0.99479079246521, "date": "2025-12-22"}}, {"type": "Feature", "geometry": {"type": "Point", "coordinates": [-82.65833333502802, 35.625000000572]}, "properties": {"p_logistic": 0.49231472611427307, "p_rf": 0.8199999928474426, "p_xgb": 0.9946264624595642, "date": "2025-12-22"}}, {"type": "Feature", "geometry": {"type": "Point", "coordinates": [-82.65000000169502, 35.625000000572]}, "properties": {"p_logistic": 0.49246272444725037, "p_rf": 0.8199999928474426, "p_xgb": 0.9946264624595642, "date": "2025-12-22"}}, {"type": "Feature", "geometry": {"type": "Point", "coordinates": [-82.64166666836202, 35.625000000572]}, "properties": {"p_logistic": 0.49273207783699036, "p_rf": 0.8199999928474426, "p_xgb": 0.9946264624595642, "date": "2025-12-22"}}, {"type": "Feature", "geometry": {"type": "Point", "coordinates": [-82.63333333502902, 35.625000000572]}, "properties": {"p_logistic": 0.49316099286079407, "p_rf": 0.8199999928474426, "p_xgb": 0.9946264624595642, "date": "2025-12-22"}}, {"type": "Feature", "geometry": {"type": "Point", "coordinates": [-82.62500000169601, 35.625000000572]}, "properties": {"p_logistic": 0.49359628558158875, "p_rf": 0.8199999928474426, "p_xgb": 0.9946264624595642, "date": "2025-12-22"}}, {"type": "Feature", "geometry": {"type": "Point", "coordinates": [-82.61666666836302, 35.625000000572]}, "properties": {"p_logistic": 0.49513012170791626, "p_rf": 0.8259999752044678, "p_xgb": 0.9952406883239746, "date": "2025-12-22"}}, {"type": "Feature", "geometry": {"type": "Point", "coordinates": [-82.60833333503001, 35.625000000572]}, "properties": {"p_logistic": 0.4970451891422272, "p_rf": 0.8339999914169312, "p_xgb": 0.9952406883239746, "date": "2025-12-22"}}, {"type": "Feature", "geometry": {"type": "Point", "coordinates": [-82.60000000169703, 35.625000000572]}, "properties": {"p_logistic": 0.4984898567199707, "p_rf": 0.8320000171661377, "p_xgb": 0.9947699904441833, "date": "2025-12-22"}}, {"type": "Feature", "geometry": {"type": "Point", "coordinates": [-82.59166666836401, 35.625000000572]}, "properties": {"p_logistic": 0.49952831864356995, "p_rf": 0.843999981880188, "p_xgb": 0.9947699904441833, "date": "2025-12-22"}}, {"type": "Feature", "geometry": {"type": "Point", "coordinates": [-82.58333333503101, 35.625000000572]}, "properties": {"p_logistic": 0.500304639339447, "p_rf": 0.843999981880188, "p_xgb": 0.9947699904441833, "date": "2025-12-22"}}, {"type": "Feature", "geometry": {"type": "Point", "coordinates": [-82.57500000169802, 35.625000000572]}, "properties": {"p_logistic": 0.5009451508522034, "p_rf": 0.843999981880188, "p_xgb": 0.9947699904441833, "date": "2025-12-22"}}, {"type": "Feature", "geometry": {"type": "Point", "coordinates": [-82.56666666836502, 35.625000000572]}, "properties": {"p_logistic": 0.5024916529655457, "p_rf": 0.8460000157356262, "p_xgb": 0.9947699904441833, "date": "2025-12-22"}}, {"type": "Feature", "geometry": {"type": "Point", "coordinates": [-82.55833333503202, 35.625000000572]}, "properties": {"p_logistic": 0.5033774971961975, "p_rf": 0.843999981880188, "p_xgb": 0.9942527413368225, "date": "2025-12-22"}}, {"type": "Feature", "geometry": {"type": "Point", "coordinates": [-82.55000000169902, 35.625000000572]}, "properties": {"p_logistic": 0.5045060515403748, "p_rf": 0.8740000128746033, "p_xgb": 0.9974879026412964, "date": "2025-12-22"}}, {"type": "Feature", "geometry": {"type": "Point", "coordinates": [-82.54166666836602, 35.625000000572]}, "properties": {"p_logistic": 0.5055763125419617, "p_rf": 0.8759999871253967, "p_xgb": 0.9974879026412964, "date": "2025-12-22"}}, {"type": "Feature", "geometry": {"type": "Point", "coordinates": [-82.53333333503302, 35.625000000572]}, "properties": {"p_logistic": 0.5063785314559937, "p_rf": 0.8759999871253967, "p_xgb": 0.9971467852592468, "date": "2025-12-22"}}, {"type": "Feature", "geometry": {"type": "Point", "coordinates": [-82.52500000170002, 35.625000000572]}, "properties": {"p_logistic": 0.5075099468231201, "p_rf": 0.8679999709129333, "p_xgb": 0.9953035116195679, "date": "2025-12-22"}}, {"type": "Feature", "geometry": {"type": "Point", "coordinates": [-82.51666666836701, 35.625000000572]}, "properties": {"p_logistic": 0.5079498291015625, "p_rf": 0.843999981880188, "p_xgb": 0.994621992111206, "date": "2025-12-22"}}, {"type": "Feature", "geometry": {"type": "Point", "coordinates": [-82.50833333503402, 35.625000000572]}, "properties": {"p_logistic": 0.5084208250045776, "p_rf": 0.828000009059906, "p_xgb": 0.994621992111206, "date": "2025-12-22"}}, {"type": "Feature", "geometry": {"type": "Point", "coordinates": [-82.50000000170101, 35.625000000572]}, "properties": {"p_logistic": 0.5090391635894775, "p_rf": 0.8259999752044678, "p_xgb": 0.994621992111206, "date": "2025-12-22"}}, {"type": "Feature", "geometry": {"type": "Point", "coordinates": [-82.49166666836803, 35.625000000572]}, "properties": {"p_logistic": 0.5097574591636658, "p_rf": 0.8180000185966492, "p_xgb": 0.994621992111206, "date": "2025-12-22"}}, {"type": "Feature", "geometry": {"type": "Point", "coordinates": [-82.48333333503501, 35.625000000572]}, "properties": {"p_logistic": 0.5102155804634094, "p_rf": 0.828000009059906, "p_xgb": 0.994621992111206, "date": "2025-12-22"}}, {"type": "Feature", "geometry": {"type": "Point", "coordinates": [-82.47500000170201, 35.625000000572]}, "properties": {"p_logistic": 0.510545015335083, "p_rf": 0.8259999752044678, "p_xgb": 0.994621992111206, "date": "2025-12-22"}}, {"type": "Feature", "geometry": {"type": "Point", "coordinates": [-82.46666666836902, 35.625000000572]}, "properties": {"p_logistic": 0.5119445323944092, "p_rf": 0.8180000185966492, "p_xgb": 0.9951949715614319, "date": "2025-12-22"}}, {"type": "Feature", "geometry": {"type": "Point", "coordinates": [-82.45833333503602, 35.625000000572]}, "properties": {"p_logistic": 0.5145629048347473, "p_rf": 0.8019999861717224, "p_xgb": 0.9945540428161621, "date": "2025-12-22"}}, {"type": "Feature", "geometry": {"type": "Point", "coordinates": [-82.45000000170302, 35.625000000572]}, "properties": {"p_logistic": 0.5167245864868164, "p_rf": 0.7680000066757202, "p_xgb": 0.9880260825157166, "date": "2025-12-22"}}, {"type": "Feature", "geometry": {"type": "Point", "coordinates": [-82.44166666837002, 35.625000000572]}, "properties": {"p_logistic": 0.5172703862190247, "p_rf": 0.7599999904632568, "p_xgb": 0.9880260825157166, "date": "2025-12-22"}}, {"type": "Feature", "geometry": {"type": "Point", "coordinates": [-82.43333333503702, 35.625000000572]}, "properties": {"p_logistic": 0.5168691277503967, "p_rf": 0.7599999904632568, "p_xgb": 0.9880260825157166, "date": "2025-12-22"}}, {"type": "Feature", "geometry": {"type": "Point", "coordinates": [-82.42500000170402, 35.625000000572]}, "properties": {"p_logistic": 0.5157141089439392, "p_rf": 0.7599999904632568, "p_xgb": 0.9880260825157166, "date": "2025-12-22"}}, {"type": "Feature", "geometry": {"type": "Point", "coordinates": [-82.41666666837102, 35.625000000572]}, "properties": {"p_logistic": 0.5142530202865601, "p_rf": 0.7599999904632568, "p_xgb": 0.9880260825157166, "date": "2025-12-22"}}, {"type": "Feature", "geometry": {"type": "Point", "coordinates": [-82.40833333503801, 35.625000000572]}, "properties": {"p_logistic": 0.5133700370788574, "p_rf": 0.7599999904632568, "p_xgb": 0.9880260825157166, "date": "2025-12-22"}}, {"type": "Feature", "geometry": {"type": "Point", "coordinates": [-82.40000000170502, 35.625000000572]}, "properties": {"p_logistic": 0.5122324824333191, "p_rf": 0.7620000243186951, "p_xgb": 0.9880260825157166, "date": "2025-12-22"}}, {"type": "Feature", "geometry": {"type": "Point", "coordinates": [-82.39166666837201, 35.625000000572]}, "properties": {"p_logistic": 0.5109853744506836, "p_rf": 0.7599999904632568, "p_xgb": 0.9898908138275146, "date": "2025-12-22"}}, {"type": "Feature", "geometry": {"type": "Point", "coordinates": [-82.38333333503903, 35.625000000572]}, "properties": {"p_logistic": 0.5114733576774597, "p_rf": 0.75, "p_xgb": 0.9916594624519348, "date": "2025-12-22"}}, {"type": "Feature", "geometry": {"type": "Point", "coordinates": [-82.37500000170601, 35.625000000572]}, "properties": {"p_logistic": 0.5118423104286194, "p_rf": 0.7480000257492065, "p_xgb": 0.9937505125999451, "date": "2025-12-22"}}, {"type": "Feature", "geometry": {"type": "Point", "coordinates": [-82.36666666837301, 35.625000000572]}, "properties": {"p_logistic": 0.5106078386306763, "p_rf": 0.7480000257492065, "p_xgb": 0.9951300621032715, "date": "2025-12-22"}}, {"type": "Feature", "geometry": {"type": "Point", "coordinates": [-82.35833333504002, 35.625000000572]}, "properties": {"p_logistic": 0.50810706615448, "p_rf": 0.7480000257492065, "p_xgb": 0.9951300621032715, "date": "2025-12-22"}}, {"type": "Feature", "geometry": {"type": "Point", "coordinates": [-82.35000000170702, 35.625000000572]}, "properties": {"p_logistic": 0.5050826072692871, "p_rf": 0.7599999904632568, "p_xgb": 0.9940930008888245, "date": "2025-12-22"}}, {"type": "Feature", "geometry": {"type": "Point", "coordinates": [-82.34166666837402, 35.625000000572]}, "properties": {"p_logistic": 0.5020155310630798, "p_rf": 0.7620000243186951, "p_xgb": 0.9931584000587463, "date": "2025-12-22"}}, {"type": "Feature", "geometry": {"type": "Point", "coordinates": [-82.33333333504102, 35.625000000572]}, "properties": {"p_logistic": 0.4999479651451111, "p_rf": 0.8019999861717224, "p_xgb": 0.9945388436317444, "date": "2025-12-22"}}, {"type": "Feature", "geometry": {"type": "Point", "coordinates": [-82.32500000170802, 35.625000000572]}, "properties": {"p_logistic": 0.4974187910556793, "p_rf": 0.8180000185966492, "p_xgb": 0.993057131767273, "date": "2025-12-22"}}, {"type": "Feature", "geometry": {"type": "Point", "coordinates": [-82.31666666837502, 35.625000000572]}, "properties": {"p_logistic": 0.49703171849250793, "p_rf": 0.8199999928474426, "p_xgb": 0.993057131767273, "date": "2025-12-22"}}, {"type": "Feature", "geometry": {"type": "Point", "coordinates": [-82.30833333504202, 35.625000000572]}, "properties": {"p_logistic": 0.49761950969696045, "p_rf": 0.8059999942779541, "p_xgb": 0.993057131767273, "date": "2025-12-22"}}, {"type": "Feature", "geometry": {"type": "Point", "coordinates": [-82.30000000170901, 35.625000000572]}, "properties": {"p_logistic": 0.49857956171035767, "p_rf": 0.8019999861717224, "p_xgb": 0.9948022365570068, "date": "2025-12-22"}}, {"type": "Feature", "geometry": {"type": "Point", "coordinates": [-82.29166666837602, 35.625000000572]}, "properties": {"p_logistic": 0.49922439455986023, "p_rf": 0.7720000147819519, "p_xgb": 0.9957451224327087, "date": "2025-12-22"}}, {"type": "Feature", "geometry": {"type": "Point", "coordinates": [-82.28333333504301, 35.625000000572]}, "properties": {"p_logistic": 0.5004095435142517, "p_rf": 0.7620000243186951, "p_xgb": 0.9931584000587463, "date": "2025-12-22"}}, {"type": "Feature", "geometry": {"type": "Point", "coordinates": [-82.27500000171003, 35.625000000572]}, "properties": {"p_logistic": 0.5022878646850586, "p_rf": 0.7599999904632568, "p_xgb": 0.9931584000587463, "date": "2025-12-22"}}, {"type": "Feature", "geometry": {"type": "Point", "coordinates": [-82.85000000168702, 35.616666667239]}, "properties": {"p_logistic": 0.4592881500720978, "p_rf": 0.7900000214576721, "p_xgb": 0.956547200679779, "date": "2025-12-22"}}, {"type": "Feature", "geometry": {"type": "Point", "coordinates": [-82.80833333502201, 35.616666667239]}, "properties": {"p_logistic": 0.46743160486221313, "p_rf": 0.8119999766349792, "p_xgb": 0.9574401378631592, "date": "2025-12-22"}}, {"type": "Feature", "geometry": {"type": "Point", "coordinates": [-82.80000000168901, 35.616666667239]}, "properties": {"p_logistic": 0.46854814887046814, "p_rf": 0.8119999766349792, "p_xgb": 0.9574401378631592, "date": "2025-12-22"}}, {"type": "Feature", "geometry": {"type": "Point", "coordinates": [-82.79166666835602, 35.616666667239]}, "properties": {"p_logistic": 0.46914294362068176, "p_rf": 0.6779999732971191, "p_xgb": 0.9389352202415466, "date": "2025-12-22"}}, {"type": "Feature", "geometry": {"type": "Point", "coordinates": [-82.78333333502302, 35.616666667239]}, "properties": {"p_logistic": 0.46966275572776794, "p_rf": 0.6779999732971191, "p_xgb": 0.9418009519577026, "date": "2025-12-22"}}, {"type": "Feature", "geometry": {"type": "Point", "coordinates": [-82.77500000169002, 35.616666667239]}, "properties": {"p_logistic": 0.469949871301651, "p_rf": 0.6779999732971191, "p_xgb": 0.9418009519577026, "date": "2025-12-22"}}, {"type": "Feature", "geometry": {"type": "Point", "coordinates": [-82.76666666835702, 35.616666667239]}, "properties": {"p_logistic": 0.4701836109161377, "p_rf": 0.6779999732971191, "p_xgb": 0.9418009519577026, "date": "2025-12-22"}}, {"type": "Feature", "geometry": {"type": "Point", "coordinates": [-82.75833333502402, 35.616666667239]}, "properties": {"p_logistic": 0.47032392024993896, "p_rf": 0.6779999732971191, "p_xgb": 0.9418009519577026, "date": "2025-12-22"}}, {"type": "Feature", "geometry": {"type": "Point", "coordinates": [-82.75000000169102, 35.616666667239]}, "properties": {"p_logistic": 0.4706675112247467, "p_rf": 0.6779999732971191, "p_xgb": 0.9418009519577026, "date": "2025-12-22"}}, {"type": "Feature", "geometry": {"type": "Point", "coordinates": [-82.74166666835802, 35.616666667239]}, "properties": {"p_logistic": 0.47162142395973206, "p_rf": 0.6759999990463257, "p_xgb": 0.9558407068252563, "date": "2025-12-22"}}, {"type": "Feature", "geometry": {"type": "Point", "coordinates": [-82.73333333502501, 35.616666667239]}, "properties": {"p_logistic": 0.4737612307071686, "p_rf": 0.6800000071525574, "p_xgb": 0.9610059261322021, "date": "2025-12-22"}}, {"type": "Feature", "geometry": {"type": "Point", "coordinates": [-82.72500000169202, 35.616666667239]}, "properties": {"p_logistic": 0.47774460911750793, "p_rf": 0.6759999990463257, "p_xgb": 0.9572267532348633, "date": "2025-12-22"}}, {"type": "Feature", "geometry": {"type": "Point", "coordinates": [-82.71666666835901, 35.616666667239]}, "properties": {"p_logistic": 0.48112669587135315, "p_rf": 0.6779999732971191, "p_xgb": 0.959926962852478, "date": "2025-12-22"}}, {"type": "Feature", "geometry": {"type": "Point", "coordinates": [-82.70833333502603, 35.616666667239]}, "properties": {"p_logistic": 0.4842282235622406, "p_rf": 0.6779999732971191, "p_xgb": 0.9535378217697144, "date": "2025-12-22"}}, {"type": "Feature", "geometry": {"type": "Point", "coordinates": [-82.70000000169301, 35.616666667239]}, "properties": {"p_logistic": 0.48673418164253235, "p_rf": 0.6779999732971191, "p_xgb": 0.9535378217697144, "date": "2025-12-22"}}, {"type": "Feature", "geometry": {"type": "Point", "coordinates": [-82.69166666836001, 35.616666667239]}, "properties": {"p_logistic": 0.4885790944099426, "p_rf": 0.6779999732971191, "p_xgb": 0.9606894850730896, "date": "2025-12-22"}}, {"type": "Feature", "geometry": {"type": "Point", "coordinates": [-82.68333333502702, 35.616666667239]}, "properties": {"p_logistic": 0.4900570213794708, "p_rf": 0.8119999766349792, "p_xgb": 0.9752324223518372, "date": "2025-12-22"}}, {"type": "Feature", "geometry": {"type": "Point", "coordinates": [-82.67500000169402, 35.616666667239]}, "properties": {"p_logistic": 0.49131906032562256, "p_rf": 0.8180000185966492, "p_xgb": 0.9943599104881287, "date": "2025-12-22"}}, {"type": "Feature", "geometry": {"type": "Point", "coordinates": [-82.66666666836102, 35.616666667239]}, "properties": {"p_logistic": 0.492067813873291, "p_rf": 0.8199999928474426, "p_xgb": 0.9946264624595642, "date": "2025-12-22"}}, {"type": "Feature", "geometry": {"type": "Point", "coordinates": [-82.65833333502802, 35.616666667239]}, "properties": {"p_logistic": 0.492540180683136, "p_rf": 0.8199999928474426, "p_xgb": 0.9946264624595642, "date": "2025-12-22"}}, {"type": "Feature", "geometry": {"type": "Point", "coordinates": [-82.65000000169502, 35.616666667239]}, "properties": {"p_logistic": 0.4930458962917328, "p_rf": 0.8199999928474426, "p_xgb": 0.9946264624595642, "date": "2025-12-22"}}, {"type": "Feature", "geometry": {"type": "Point", "coordinates": [-82.64166666836202, 35.616666667239]}, "properties": {"p_logistic": 0.4938308298587799, "p_rf": 0.8199999928474426, "p_xgb": 0.9946264624595642, "date": "2025-12-22"}}, {"type": "Feature", "geometry": {"type": "Point", "coordinates": [-82.63333333502902, 35.616666667239]}, "properties": {"p_logistic": 0.4942208230495453, "p_rf": 0.8199999928474426, "p_xgb": 0.9946264624595642, "date": "2025-12-22"}}, {"type": "Feature", "geometry": {"type": "Point", "coordinates": [-82.62500000169601, 35.616666667239]}, "properties": {"p_logistic": 0.49503037333488464, "p_rf": 0.8220000267028809, "p_xgb": 0.99479079246521, "date": "2025-12-22"}}, {"type": "Feature", "geometry": {"type": "Point", "coordinates": [-82.61666666836302, 35.616666667239]}, "properties": {"p_logistic": 0.49625256657600403, "p_rf": 0.8259999752044678, "p_xgb": 0.9952406883239746, "date": "2025-12-22"}}, {"type": "Feature", "geometry": {"type": "Point", "coordinates": [-82.60833333503001, 35.616666667239]}, "properties": {"p_logistic": 0.4983293116092682, "p_rf": 0.8320000171661377, "p_xgb": 0.9952406883239746, "date": "2025-12-22"}}, {"type": "Feature", "geometry": {"type": "Point", "coordinates": [-82.60000000169703, 35.616666667239]}, "properties": {"p_logistic": 0.4998733401298523, "p_rf": 0.843999981880188, "p_xgb": 0.9947699904441833, "date": "2025-12-22"}}, {"type": "Feature", "geometry": {"type": "Point", "coordinates": [-82.59166666836401, 35.616666667239]}, "properties": {"p_logistic": 0.501197874546051, "p_rf": 0.843999981880188, "p_xgb": 0.9947699904441833, "date": "2025-12-22"}}, {"type": "Feature", "geometry": {"type": "Point", "coordinates": [-82.58333333503101, 35.616666667239]}, "properties": {"p_logistic": 0.502221405506134, "p_rf": 0.843999981880188, "p_xgb": 0.9947699904441833, "date": "2025-12-22"}}, {"type": "Feature", "geometry": {"type": "Point", "coordinates": [-82.57500000169802, 35.616666667239]}, "properties": {"p_logistic": 0.5032995343208313, "p_rf": 0.843999981880188, "p_xgb": 0.9947699904441833, "date": "2025-12-22"}}, {"type": "Feature", "geometry": {"type": "Point", "coordinates": [-82.56666666836502, 35.616666667239]}, "properties": {"p_logistic": 0.5040829181671143, "p_rf": 0.843999981880188, "p_xgb": 0.9933645725250244, "date": "2025-12-22"}}, {"type": "Feature", "geometry": {"type": "Point", "coordinates": [-82.55833333503202, 35.616666667239]}, "properties": {"p_logistic": 0.5050331950187683, "p_rf": 0.8700000047683716, "p_xgb": 0.9969045519828796, "date": "2025-12-22"}}, {"type": "Feature", "geometry": {"type": "Point", "coordinates": [-82.55000000169902, 35.616666667239]}, "properties": {"p_logistic": 0.5061182975769043, "p_rf": 0.8759999871253967, "p_xgb": 0.9974879026412964, "date": "2025-12-22"}}, {"type": "Feature", "geometry": {"type": "Point", "coordinates": [-82.54166666836602, 35.616666667239]}, "properties": {"p_logistic": 0.5067740082740784, "p_rf": 0.871999979019165, "p_xgb": 0.9971467852592468, "date": "2025-12-22"}}, {"type": "Feature", "geometry": {"type": "Point", "coordinates": [-82.53333333503302, 35.616666667239]}, "properties": {"p_logistic": 0.5071633458137512, "p_rf": 0.8679999709129333, "p_xgb": 0.995495080947876, "date": "2025-12-22"}}, {"type": "Feature", "geometry": {"type": "Point", "coordinates": [-82.52500000170002, 35.616666667239]}, "properties": {"p_logistic": 0.5074991583824158, "p_rf": 0.8679999709129333, "p_xgb": 0.9953035116195679, "date": "2025-12-22"}}, {"type": "Feature", "geometry": {"type": "Point", "coordinates": [-82.51666666836701, 35.616666667239]}, "properties": {"p_logistic": 0.5073322653770447, "p_rf": 0.8619999885559082, "p_xgb": 0.9953035116195679, "date": "2025-12-22"}}, {"type": "Feature", "geometry": {"type": "Point", "coordinates": [-82.50833333503402, 35.616666667239]}, "properties": {"p_logistic": 0.5071766972541809, "p_rf": 0.8600000143051147, "p_xgb": 0.9953035116195679, "date": "2025-12-22"}}, {"type": "Feature", "geometry": {"type": "Point", "coordinates": [-82.50000000170101, 35.616666667239]}, "properties": {"p_logistic": 0.5076276659965515, "p_rf": 0.8420000076293945, "p_xgb": 0.994621992111206, "date": "2025-12-22"}}, {"type": "Feature", "geometry": {"type": "Point", "coordinates": [-82.49166666836803, 35.616666667239]}, "properties": {"p_logistic": 0.508196234703064, "p_rf": 0.8379999995231628, "p_xgb": 0.994621992111206, "date": "2025-12-22"}}, {"type": "Feature", "geometry": {"type": "Point", "coordinates": [-82.48333333503501, 35.616666667239]}, "properties": {"p_logistic": 0.5089101791381836, "p_rf": 0.8379999995231628, "p_xgb": 0.994621992111206, "date": "2025-12-22"}}, {"type": "Feature", "geometry": {"type": "Point", "coordinates": [-82.47500000170201, 35.616666667239]}, "properties": {"p_logistic": 0.50999516248703, "p_rf": 0.8360000252723694, "p_xgb": 0.994621992111206, "date": "2025-12-22"}}, {"type": "Feature", "geometry": {"type": "Point", "coordinates": [-82.46666666836902, 35.616666667239]}, "properties": {"p_logistic": 0.5114661455154419, "p_rf": 0.828000009059906, "p_xgb": 0.994621992111206, "date": "2025-12-22"}}, {"type": "Feature", "geometry": {"type": "Point", "coordinates": [-82.45833333503602, 35.616666667239]}, "properties": {"p_logistic": 0.5144140124320984, "p_rf": 0.8059999942779541, "p_xgb": 0.9951949715614319, "date": "2025-12-22"}}, {"type": "Feature", "geometry": {"type": "Point", "coordinates": [-82.45000000170302, 35.616666667239]}, "properties": {"p_logistic": 0.5176723599433899, "p_rf": 0.800000011920929, "p_xgb": 0.9949538111686707, "date": "2025-12-22"}}, {"type": "Feature", "geometry": {"type": "Point", "coordinates": [-82.44166666837002, 35.616666667239]}, "properties": {"p_logistic": 0.5192626714706421, "p_rf": 0.7620000243186951, "p_xgb": 0.9912497997283936, "date": "2025-12-22"}}, {"type": "Feature", "geometry": {"type": "Point", "coordinates": [-82.43333333503702, 35.616666667239]}, "properties": {"p_logistic": 0.5193114876747131, "p_rf": 0.7599999904632568, "p_xgb": 0.9912497997283936, "date": "2025-12-22"}}, {"type": "Feature", "geometry": {"type": "Point", "coordinates": [-82.42500000170402, 35.616666667239]}, "properties": {"p_logistic": 0.5184935927391052, "p_rf": 0.7580000162124634, "p_xgb": 0.9880260825157166, "date": "2025-12-22"}}, {"type": "Feature", "geometry": {"type": "Point", "coordinates": [-82.41666666837102, 35.616666667239]}, "properties": {"p_logistic": 0.5167043805122375, "p_rf": 0.7580000162124634, "p_xgb": 0.9880260825157166, "date": "2025-12-22"}}, {"type": "Feature", "geometry": {"type": "Point", "coordinates": [-82.40833333503801, 35.616666667239]}, "properties": {"p_logistic": 0.5152999758720398, "p_rf": 0.7580000162124634, "p_xgb": 0.9880260825157166, "date": "2025-12-22"}}, {"type": "Feature", "geometry": {"type": "Point", "coordinates": [-82.40000000170502, 35.616666667239]}, "properties": {"p_logistic": 0.5130617618560791, "p_rf": 0.7599999904632568, "p_xgb": 0.9880260825157166, "date": "2025-12-22"}}, {"type": "Feature", "geometry": {"type": "Point", "coordinates": [-82.39166666837201, 35.616666667239]}, "properties": {"p_logistic": 0.5121394991874695, "p_rf": 0.7620000243186951, "p_xgb": 0.9886714220046997, "date": "2025-12-22"}}, {"type": "Feature", "geometry": {"type": "Point", "coordinates": [-82.38333333503903, 35.616666667239]}, "properties": {"p_logistic": 0.5124436616897583, "p_rf": 0.7519999742507935, "p_xgb": 0.9914639592170715, "date": "2025-12-22"}}, {"type": "Feature", "geometry": {"type": "Point", "coordinates": [-82.37500000170601, 35.616666667239]}, "properties": {"p_logistic": 0.5128993988037109, "p_rf": 0.7480000257492065, "p_xgb": 0.9916594624519348, "date": "2025-12-22"}}, {"type": "Feature", "geometry": {"type": "Point", "coordinates": [-82.36666666837301, 35.616666667239]}, "properties": {"p_logistic": 0.5117260217666626, "p_rf": 0.7480000257492065, "p_xgb": 0.9937505125999451, "date": "2025-12-22"}}, {"type": "Feature", "geometry": {"type": "Point", "coordinates": [-82.35833333504002, 35.616666667239]}, "properties": {"p_logistic": 0.5092400908470154, "p_rf": 0.7480000257492065, "p_xgb": 0.9951300621032715, "date": "2025-12-22"}}, {"type": "Feature", "geometry": {"type": "Point", "coordinates": [-82.35000000170702, 35.616666667239]}, "properties": {"p_logistic": 0.5062324404716492, "p_rf": 0.7599999904632568, "p_xgb": 0.9951300621032715, "date": "2025-12-22"}}, {"type": "Feature", "geometry": {"type": "Point", "coordinates": [-82.34166666837402, 35.616666667239]}, "properties": {"p_logistic": 0.503963053226471, "p_rf": 0.7599999904632568, "p_xgb": 0.9931584000587463, "date": "2025-12-22"}}, {"type": "Feature", "geometry": {"type": "Point", "coordinates": [-82.33333333504102, 35.616666667239]}, "properties": {"p_logistic": 0.5032467246055603, "p_rf": 0.7680000066757202, "p_xgb": 0.9912253022193909, "date": "2025-12-22"}}, {"type": "Feature", "geometry": {"type": "Point", "coordinates": [-82.32500000170802, 35.616666667239]}, "properties": {"p_logistic": 0.5009005665779114, "p_rf": 0.8019999861717224, "p_xgb": 0.9927095174789429, "date": "2025-12-22"}}, {"type": "Feature", "geometry": {"type": "Point", "coordinates": [-82.31666666837502, 35.616666667239]}, "properties": {"p_logistic": 0.5003560781478882, "p_rf": 0.7960000038146973, "p_xgb": 0.9927095174789429, "date": "2025-12-22"}}, {"type": "Feature", "geometry": {"type": "Point", "coordinates": [-82.30833333504202, 35.616666667239]}, "properties": {"p_logistic": 0.500515878200531, "p_rf": 0.8019999861717224, "p_xgb": 0.9927095174789429, "date": "2025-12-22"}}, {"type": "Feature", "geometry": {"type": "Point", "coordinates": [-82.30000000170901, 35.616666667239]}, "properties": {"p_logistic": 0.5015654563903809, "p_rf": 0.7680000066757202, "p_xgb": 0.9916472434997559, "date": "2025-12-22"}}, {"type": "Feature", "geometry": {"type": "Point", "coordinates": [-82.29166666837602, 35.616666667239]}, "properties": {"p_logistic": 0.5026033520698547, "p_rf": 0.7580000162124634, "p_xgb": 0.9931584000587463, "date": "2025-12-22"}}, {"type": "Feature", "geometry": {"type": "Point", "coordinates": [-82.28333333504301, 35.616666667239]}, "properties": {"p_logistic": 0.5039221048355103, "p_rf": 0.7620000243186951, "p_xgb": 0.9935290217399597, "date": "2025-12-22"}}, {"type": "Feature", "geometry": {"type": "Point", "coordinates": [-82.27500000171003, 35.616666667239]}, "properties": {"p_logistic": 0.5058164000511169, "p_rf": 0.7620000243186951, "p_xgb": 0.9951300621032715, "date": "2025-12-22"}}, {"type": "Feature", "geometry": {"type": "Point", "coordinates": [-82.26666666837701, 35.616666667239]}, "properties": {"p_logistic": 0.5079936385154724, "p_rf": 0.7480000257492065, "p_xgb": 0.9951300621032715, "date": "2025-12-22"}}, {"type": "Feature", "geometry": {"type": "Point", "coordinates": [-82.80000000168901, 35.608333333906]}, "properties": {"p_logistic": 0.46810612082481384, "p_rf": 0.6779999732971191, "p_xgb": 0.9331659078598022, "date": "2025-12-22"}}, {"type": "Feature", "geometry": {"type": "Point", "coordinates": [-82.79166666835602, 35.608333333906]}, "properties": {"p_logistic": 0.46854206919670105, "p_rf": 0.6779999732971191, "p_xgb": 0.9310667514801025, "date": "2025-12-22"}}, {"type": "Feature", "geometry": {"type": "Point", "coordinates": [-82.78333333502302, 35.608333333906]}, "properties": {"p_logistic": 0.4687221348285675, "p_rf": 0.6779999732971191, "p_xgb": 0.9310667514801025, "date": "2025-12-22"}}, {"type": "Feature", "geometry": {"type": "Point", "coordinates": [-82.77500000169002, 35.608333333906]}, "properties": {"p_logistic": 0.4689517915248871, "p_rf": 0.6779999732971191, "p_xgb": 0.9418009519577026, "date": "2025-12-22"}}, {"type": "Feature", "geometry": {"type": "Point", "coordinates": [-82.76666666835702, 35.608333333906]}, "properties": {"p_logistic": 0.4690167009830475, "p_rf": 0.6779999732971191, "p_xgb": 0.9418009519577026, "date": "2025-12-22"}}, {"type": "Feature", "geometry": {"type": "Point", "coordinates": [-82.75833333502402, 35.608333333906]}, "properties": {"p_logistic": 0.46913963556289673, "p_rf": 0.6759999990463257, "p_xgb": 0.9418009519577026, "date": "2025-12-22"}}, {"type": "Feature", "geometry": {"type": "Point", "coordinates": [-82.75000000169102, 35.608333333906]}, "properties": {"p_logistic": 0.4695728123188019, "p_rf": 0.7039999961853027, "p_xgb": 0.9552797675132751, "date": "2025-12-22"}}, {"type": "Feature", "geometry": {"type": "Point", "coordinates": [-82.74166666835802, 35.608333333906]}, "properties": {"p_logistic": 0.47155386209487915, "p_rf": 0.6859999895095825, "p_xgb": 0.9716171026229858, "date": "2025-12-22"}}, {"type": "Feature", "geometry": {"type": "Point", "coordinates": [-82.73333333502501, 35.608333333906]}, "properties": {"p_logistic": 0.4747171401977539, "p_rf": 0.6759999990463257, "p_xgb": 0.9610059261322021, "date": "2025-12-22"}}, {"type": "Feature", "geometry": {"type": "Point", "coordinates": [-82.72500000169202, 35.608333333906]}, "properties": {"p_logistic": 0.4785155951976776, "p_rf": 0.6759999990463257, "p_xgb": 0.959926962852478, "date": "2025-12-22"}}, {"type": "Feature", "geometry": {"type": "Point", "coordinates": [-82.71666666835901, 35.608333333906]}, "properties": {"p_logistic": 0.4819015860557556, "p_rf": 0.6779999732971191, "p_xgb": 0.959926962852478, "date": "2025-12-22"}}, {"type": "Feature", "geometry": {"type": "Point", "coordinates": [-82.70833333502603, 35.608333333906]}, "properties": {"p_logistic": 0.4846302270889282, "p_rf": 0.6779999732971191, "p_xgb": 0.9535378217697144, "date": "2025-12-22"}}, {"type": "Feature", "geometry": {"type": "Point", "coordinates": [-82.70000000169301, 35.608333333906]}, "properties": {"p_logistic": 0.48687654733657837, "p_rf": 0.6779999732971191, "p_xgb": 0.9535378217697144, "date": "2025-12-22"}}, {"type": "Feature", "geometry": {"type": "Point", "coordinates": [-82.69166666836001, 35.608333333906]}, "properties": {"p_logistic": 0.48804354667663574, "p_rf": 0.6779999732971191, "p_xgb": 0.9535378217697144, "date": "2025-12-22"}}, {"type": "Feature", "geometry": {"type": "Point", "coordinates": [-82.68333333502702, 35.608333333906]}, "properties": {"p_logistic": 0.488688200712204, "p_rf": 0.6779999732971191, "p_xgb": 0.9554911851882935, "date": "2025-12-22"}}, {"type": "Feature", "geometry": {"type": "Point", "coordinates": [-82.67500000169402, 35.608333333906]}, "properties": {"p_logistic": 0.4899626076221466, "p_rf": 0.7900000214576721, "p_xgb": 0.9606894850730896, "date": "2025-12-22"}}, {"type": "Feature", "geometry": {"type": "Point", "coordinates": [-82.66666666836102, 35.608333333906]}, "properties": {"p_logistic": 0.49100208282470703, "p_rf": 0.8119999766349792, "p_xgb": 0.9943599104881287, "date": "2025-12-22"}}, {"type": "Feature", "geometry": {"type": "Point", "coordinates": [-82.65833333502802, 35.608333333906]}, "properties": {"p_logistic": 0.49199119210243225, "p_rf": 0.8119999766349792, "p_xgb": 0.9943599104881287, "date": "2025-12-22"}}, {"type": "Feature", "geometry": {"type": "Point", "coordinates": [-82.65000000169502, 35.608333333906]}, "properties": {"p_logistic": 0.4930611550807953, "p_rf": 0.8180000185966492, "p_xgb": 0.9943599104881287, "date": "2025-12-22"}}, {"type": "Feature", "geometry": {"type": "Point", "coordinates": [-82.64166666836202, 35.608333333906]}, "properties": {"p_logistic": 0.4940207004547119, "p_rf": 0.8199999928474426, "p_xgb": 0.9943599104881287, "date": "2025-12-22"}}, {"type": "Feature", "geometry": {"type": "Point", "coordinates": [-82.63333333502902, 35.608333333906]}, "properties": {"p_logistic": 0.49492305517196655, "p_rf": 0.8199999928474426, "p_xgb": 0.9946264624595642, "date": "2025-12-22"}}, {"type": "Feature", "geometry": {"type": "Point", "coordinates": [-82.62500000169601, 35.608333333906]}, "properties": {"p_logistic": 0.4958678185939789, "p_rf": 0.8220000267028809, "p_xgb": 0.99479079246521, "date": "2025-12-22"}}, {"type": "Feature", "geometry": {"type": "Point", "coordinates": [-82.61666666836302, 35.608333333906]}, "properties": {"p_logistic": 0.49736690521240234, "p_rf": 0.8259999752044678, "p_xgb": 0.9952406883239746, "date": "2025-12-22"}}, {"type": "Feature", "geometry": {"type": "Point", "coordinates": [-82.60833333503001, 35.608333333906]}, "properties": {"p_logistic": 0.49913549423217773, "p_rf": 0.8320000171661377, "p_xgb": 0.9947699904441833, "date": "2025-12-22"}}, {"type": "Feature", "geometry": {"type": "Point", "coordinates": [-82.60000000169703, 35.608333333906]}, "properties": {"p_logistic": 0.5008171796798706, "p_rf": 0.843999981880188, "p_xgb": 0.9947699904441833, "date": "2025-12-22"}}, {"type": "Feature", "geometry": {"type": "Point", "coordinates": [-82.59166666836401, 35.608333333906]}, "properties": {"p_logistic": 0.5021690130233765, "p_rf": 0.843999981880188, "p_xgb": 0.9947699904441833, "date": "2025-12-22"}}, {"type": "Feature", "geometry": {"type": "Point", "coordinates": [-82.58333333503101, 35.608333333906]}, "properties": {"p_logistic": 0.5036668181419373, "p_rf": 0.843999981880188, "p_xgb": 0.9933645725250244, "date": "2025-12-22"}}, {"type": "Feature", "geometry": {"type": "Point", "coordinates": [-82.57500000169802, 35.608333333906]}, "properties": {"p_logistic": 0.5051554441452026, "p_rf": 0.8420000076293945, "p_xgb": 0.9933645725250244, "date": "2025-12-22"}}, {"type": "Feature", "geometry": {"type": "Point", "coordinates": [-82.56666666836502, 35.608333333906]}, "properties": {"p_logistic": 0.5063404440879822, "p_rf": 0.8399999737739563, "p_xgb": 0.9935359954833984, "date": "2025-12-22"}}, {"type": "Feature", "geometry": {"type": "Point", "coordinates": [-82.55833333503202, 35.608333333906]}, "properties": {"p_logistic": 0.507576584815979, "p_rf": 0.8740000128746033, "p_xgb": 0.9969045519828796, "date": "2025-12-22"}}, {"type": "Feature", "geometry": {"type": "Point", "coordinates": [-82.55000000169902, 35.608333333906]}, "properties": {"p_logistic": 0.508212685585022, "p_rf": 0.8759999871253967, "p_xgb": 0.9974879026412964, "date": "2025-12-22"}}, {"type": "Feature", "geometry": {"type": "Point", "coordinates": [-82.54166666836602, 35.608333333906]}, "properties": {"p_logistic": 0.5083340406417847, "p_rf": 0.8679999709129333, "p_xgb": 0.9957900643348694, "date": "2025-12-22"}}, {"type": "Feature", "geometry": {"type": "Point", "coordinates": [-82.53333333503302, 35.608333333906]}, "properties": {"p_logistic": 0.5075901746749878, "p_rf": 0.8700000047683716, "p_xgb": 0.9973340034484863, "date": "2025-12-22"}}, {"type": "Feature", "geometry": {"type": "Point", "coordinates": [-82.52500000170002, 35.608333333906]}, "properties": {"p_logistic": 0.5075586438179016, "p_rf": 0.8679999709129333, "p_xgb": 0.9973340034484863, "date": "2025-12-22"}}, {"type": "Feature", "geometry": {"type": "Point", "coordinates": [-82.51666666836701, 35.608333333906]}, "properties": {"p_logistic": 0.5067020058631897, "p_rf": 0.8679999709129333, "p_xgb": 0.9937713742256165, "date": "2025-12-22"}}, {"type": "Feature", "geometry": {"type": "Point", "coordinates": [-82.50833333503402, 35.608333333906]}, "properties": {"p_logistic": 0.5065693855285645, "p_rf": 0.8679999709129333, "p_xgb": 0.995495080947876, "date": "2025-12-22"}}, {"type": "Feature", "geometry": {"type": "Point", "coordinates": [-82.50000000170101, 35.608333333906]}, "properties": {"p_logistic": 0.5065200328826904, "p_rf": 0.8679999709129333, "p_xgb": 0.9953035116195679, "date": "2025-12-22"}}, {"type": "Feature", "geometry": {"type": "Point", "coordinates": [-82.49166666836803, 35.608333333906]}, "properties": {"p_logistic": 0.5071192979812622, "p_rf": 0.8659999966621399, "p_xgb": 0.9953035116195679, "date": "2025-12-22"}}, {"type": "Feature", "geometry": {"type": "Point", "coordinates": [-82.48333333503501, 35.608333333906]}, "properties": {"p_logistic": 0.5084887146949768, "p_rf": 0.8619999885559082, "p_xgb": 0.9953035116195679, "date": "2025-12-22"}}, {"type": "Feature", "geometry": {"type": "Point", "coordinates": [-82.47500000170201, 35.608333333906]}, "properties": {"p_logistic": 0.5104572772979736, "p_rf": 0.8460000157356262, "p_xgb": 0.995675265789032, "date": "2025-12-22"}}, {"type": "Feature", "geometry": {"type": "Point", "coordinates": [-82.46666666836902, 35.608333333906]}, "properties": {"p_logistic": 0.5123372077941895, "p_rf": 0.8320000171661377, "p_xgb": 0.994621992111206, "date": "2025-12-22"}}, {"type": "Feature", "geometry": {"type": "Point", "coordinates": [-82.45833333503602, 35.608333333906]}, "properties": {"p_logistic": 0.5157214403152466, "p_rf": 0.8059999942779541, "p_xgb": 0.9951949715614319, "date": "2025-12-22"}}, {"type": "Feature", "geometry": {"type": "Point", "coordinates": [-82.45000000170302, 35.608333333906]}, "properties": {"p_logistic": 0.5194569230079651, "p_rf": 0.800000011920929, "p_xgb": 0.9949538111686707, "date": "2025-12-22"}}, {"type": "Feature", "geometry": {"type": "Point", "coordinates": [-82.44166666837002, 35.608333333906]}, "properties": {"p_logistic": 0.5213785767555237, "p_rf": 0.7620000243186951, "p_xgb": 0.9918900728225708, "date": "2025-12-22"}}, {"type": "Feature", "geometry": {"type": "Point", "coordinates": [-82.43333333503702, 35.608333333906]}, "properties": {"p_logistic": 0.5212648510932922, "p_rf": 0.7580000162124634, "p_xgb": 0.9918900728225708, "date": "2025-12-22"}}, {"type": "Feature", "geometry": {"type": "Point", "coordinates": [-82.42500000170402, 35.608333333906]}, "properties": {"p_logistic": 0.5201208591461182, "p_rf": 0.7580000162124634, "p_xgb": 0.9912497997283936, "date": "2025-12-22"}}, {"type": "Feature", "geometry": {"type": "Point", "coordinates": [-82.41666666837102, 35.608333333906]}, "properties": {"p_logistic": 0.5181613564491272, "p_rf": 0.7599999904632568, "p_xgb": 0.9880260825157166, "date": "2025-12-22"}}, {"type": "Feature", "geometry": {"type": "Point", "coordinates": [-82.40833333503801, 35.608333333906]}, "properties": {"p_logistic": 0.5160960555076599, "p_rf": 0.7599999904632568, "p_xgb": 0.9880260825157166, "date": "2025-12-22"}}, {"type": "Feature", "geometry": {"type": "Point", "coordinates": [-82.40000000170502, 35.608333333906]}, "properties": {"p_logistic": 0.5131650567054749, "p_rf": 0.7599999904632568, "p_xgb": 0.9880260825157166, "date": "2025-12-22"}}, {"type": "Feature", "geometry": {"type": "Point", "coordinates": [-82.39166666837201, 35.608333333906]}, "properties": {"p_logistic": 0.511692464351654, "p_rf": 0.7599999904632568, "p_xgb": 0.9880260825157166, "date": "2025-12-22"}}, {"type": "Feature", "geometry": {"type": "Point", "coordinates": [-82.38333333503903, 35.608333333906]}, "properties": {"p_logistic": 0.5114696621894836, "p_rf": 0.7620000243186951, "p_xgb": 0.9886714220046997, "date": "2025-12-22"}}, {"type": "Feature", "geometry": {"type": "Point", "coordinates": [-82.37500000170601, 35.608333333906]}, "properties": {"p_logistic": 0.5124281644821167, "p_rf": 0.7519999742507935, "p_xgb": 0.9914639592170715, "date": "2025-12-22"}}, {"type": "Feature", "geometry": {"type": "Point", "coordinates": [-82.36666666837301, 35.608333333906]}, "properties": {"p_logistic": 0.5118474364280701, "p_rf": 0.7480000257492065, "p_xgb": 0.9916594624519348, "date": "2025-12-22"}}, {"type": "Feature", "geometry": {"type": "Point", "coordinates": [-82.35833333504002, 35.608333333906]}, "properties": {"p_logistic": 0.509580135345459, "p_rf": 0.75, "p_xgb": 0.9951300621032715, "date": "2025-12-22"}}, {"type": "Feature", "geometry": {"type": "Point", "coordinates": [-82.35000000170702, 35.608333333906]}, "properties": {"p_logistic": 0.5075091123580933, "p_rf": 0.7519999742507935, "p_xgb": 0.9951300621032715, "date": "2025-12-22"}}, {"type": "Feature", "geometry": {"type": "Point", "coordinates": [-82.34166666837402, 35.608333333906]}, "properties": {"p_logistic": 0.5057709813117981, "p_rf": 0.7599999904632568, "p_xgb": 0.9935290217399597, "date": "2025-12-22"}}, {"type": "Feature", "geometry": {"type": "Point", "coordinates": [-82.33333333504102, 35.608333333906]}, "properties": {"p_logistic": 0.5054371953010559, "p_rf": 0.7599999904632568, "p_xgb": 0.9931584000587463, "date": "2025-12-22"}}, {"type": "Feature", "geometry": {"type": "Point", "coordinates": [-82.32500000170802, 35.608333333906]}, "properties": {"p_logistic": 0.5047202706336975, "p_rf": 0.7599999904632568, "p_xgb": 0.9912253022193909, "date": "2025-12-22"}}, {"type": "Feature", "geometry": {"type": "Point", "coordinates": [-82.31666666837502, 35.608333333906]}, "properties": {"p_logistic": 0.5040082931518555, "p_rf": 0.7599999904632568, "p_xgb": 0.9916472434997559, "date": "2025-12-22"}}, {"type": "Feature", "geometry": {"type": "Point", "coordinates": [-82.30833333504202, 35.608333333906]}, "properties": {"p_logistic": 0.504164457321167, "p_rf": 0.7580000162124634, "p_xgb": 0.9931584000587463, "date": "2025-12-22"}}, {"type": "Feature", "geometry": {"type": "Point", "coordinates": [-82.30000000170901, 35.608333333906]}, "properties": {"p_logistic": 0.5046204924583435, "p_rf": 0.7620000243186951, "p_xgb": 0.9931584000587463, "date": "2025-12-22"}}, {"type": "Feature", "geometry": {"type": "Point", "coordinates": [-82.29166666837602, 35.608333333906]}, "properties": {"p_logistic": 0.5057345032691956, "p_rf": 0.7599999904632568, "p_xgb": 0.9940930008888245, "date": "2025-12-22"}}, {"type": "Feature", "geometry": {"type": "Point", "coordinates": [-82.28333333504301, 35.608333333906]}, "properties": {"p_logistic": 0.5068835616111755, "p_rf": 0.7480000257492065, "p_xgb": 0.9951300621032715, "date": "2025-12-22"}}, {"type": "Feature", "geometry": {"type": "Point", "coordinates": [-82.80000000168901, 35.600000000573004]}, "properties": {"p_logistic": 0.4680815637111664, "p_rf": 0.6779999732971191, "p_xgb": 0.9246136546134949, "date": "2025-12-22"}}, {"type": "Feature", "geometry": {"type": "Point", "coordinates": [-82.79166666835602, 35.600000000573004]}, "properties": {"p_logistic": 0.4680928885936737, "p_rf": 0.6779999732971191, "p_xgb": 0.9246136546134949, "date": "2025-12-22"}}, {"type": "Feature", "geometry": {"type": "Point", "coordinates": [-82.78333333502302, 35.600000000573004]}, "properties": {"p_logistic": 0.4682849645614624, "p_rf": 0.6779999732971191, "p_xgb": 0.9310667514801025, "date": "2025-12-22"}}, {"type": "Feature", "geometry": {"type": "Point", "coordinates": [-82.77500000169002, 35.600000000573004]}, "properties": {"p_logistic": 0.46839088201522827, "p_rf": 0.6779999732971191, "p_xgb": 0.9310667514801025, "date": "2025-12-22"}}, {"type": "Feature", "geometry": {"type": "Point", "coordinates": [-82.76666666835702, 35.600000000573004]}, "properties": {"p_logistic": 0.4685007631778717, "p_rf": 0.6759999990463257, "p_xgb": 0.9310667514801025, "date": "2025-12-22"}}, {"type": "Feature", "geometry": {"type": "Point", "coordinates": [-82.75833333502402, 35.600000000573004]}, "properties": {"p_logistic": 0.46901410818099976, "p_rf": 0.6859999895095825, "p_xgb": 0.9552797675132751, "date": "2025-12-22"}}, {"type": "Feature", "geometry": {"type": "Point", "coordinates": [-82.75000000169102, 35.600000000573004]}, "properties": {"p_logistic": 0.4706157147884369, "p_rf": 0.6800000071525574, "p_xgb": 0.9310667514801025, "date": "2025-12-22"}}, {"type": "Feature", "geometry": {"type": "Point", "coordinates": [-82.74166666835802, 35.600000000573004]}, "properties": {"p_logistic": 0.47295525670051575, "p_rf": 0.6759999990463257, "p_xgb": 0.9610059261322021, "date": "2025-12-22"}}, {"type": "Feature", "geometry": {"type": "Point", "coordinates": [-82.73333333502501, 35.600000000573004]}, "properties": {"p_logistic": 0.4761172831058502, "p_rf": 0.6759999990463257, "p_xgb": 0.9572267532348633, "date": "2025-12-22"}}, {"type": "Feature", "geometry": {"type": "Point", "coordinates": [-82.72500000169202, 35.600000000573004]}, "properties": {"p_logistic": 0.4795769155025482, "p_rf": 0.6779999732971191, "p_xgb": 0.959926962852478, "date": "2025-12-22"}}, {"type": "Feature", "geometry": {"type": "Point", "coordinates": [-82.71666666835901, 35.600000000573004]}, "properties": {"p_logistic": 0.4823695421218872, "p_rf": 0.6779999732971191, "p_xgb": 0.959926962852478, "date": "2025-12-22"}}, {"type": "Feature", "geometry": {"type": "Point", "coordinates": [-82.70833333502603, 35.600000000573004]}, "properties": {"p_logistic": 0.48473864793777466, "p_rf": 0.6779999732971191, "p_xgb": 0.959926962852478, "date": "2025-12-22"}}, {"type": "Feature", "geometry": {"type": "Point", "coordinates": [-82.70000000169301, 35.600000000573004]}, "properties": {"p_logistic": 0.4869083762168884, "p_rf": 0.6779999732971191, "p_xgb": 0.9535378217697144, "date": "2025-12-22"}}, {"type": "Feature", "geometry": {"type": "Point", "coordinates": [-82.69166666836001, 35.600000000573004]}, "properties": {"p_logistic": 0.4879770576953888, "p_rf": 0.6779999732971191, "p_xgb": 0.9535378217697144, "date": "2025-12-22"}}, {"type": "Feature", "geometry": {"type": "Point", "coordinates": [-82.68333333502702, 35.600000000573004]}, "properties": {"p_logistic": 0.48881983757019043, "p_rf": 0.6779999732971191, "p_xgb": 0.9535378217697144, "date": "2025-12-22"}}, {"type": "Feature", "geometry": {"type": "Point", "coordinates": [-82.67500000169402, 35.600000000573004]}, "properties": {"p_logistic": 0.48980435729026794, "p_rf": 0.6779999732971191, "p_xgb": 0.9606894850730896, "date": "2025-12-22"}}, {"type": "Feature", "geometry": {"type": "Point", "coordinates": [-82.66666666836102, 35.600000000573004]}, "properties": {"p_logistic": 0.4908413589000702, "p_rf": 0.7900000214576721, "p_xgb": 0.9752324223518372, "date": "2025-12-22"}}, {"type": "Feature", "geometry": {"type": "Point", "coordinates": [-82.65833333502802, 35.600000000573004]}, "properties": {"p_logistic": 0.49187150597572327, "p_rf": 0.8119999766349792, "p_xgb": 0.9943599104881287, "date": "2025-12-22"}}, {"type": "Feature", "geometry": {"type": "Point", "coordinates": [-82.65000000169502, 35.600000000573004]}, "properties": {"p_logistic": 0.4930458962917328, "p_rf": 0.8140000104904175, "p_xgb": 0.9943599104881287, "date": "2025-12-22"}}, {"type": "Feature", "geometry": {"type": "Point", "coordinates": [-82.64166666836202, 35.600000000573004]}, "properties": {"p_logistic": 0.49426892399787903, "p_rf": 0.8199999928474426, "p_xgb": 0.9943599104881287, "date": "2025-12-22"}}, {"type": "Feature", "geometry": {"type": "Point", "coordinates": [-82.63333333502902, 35.600000000573004]}, "properties": {"p_logistic": 0.4954032301902771, "p_rf": 0.8220000267028809, "p_xgb": 0.99479079246521, "date": "2025-12-22"}}, {"type": "Feature", "geometry": {"type": "Point", "coordinates": [-82.62500000169601, 35.600000000573004]}, "properties": {"p_logistic": 0.4966539442539215, "p_rf": 0.8259999752044678, "p_xgb": 0.9952406883239746, "date": "2025-12-22"}}, {"type": "Feature", "geometry": {"type": "Point", "coordinates": [-82.61666666836302, 35.600000000573004]}, "properties": {"p_logistic": 0.49857446551322937, "p_rf": 0.8320000171661377, "p_xgb": 0.9952406883239746, "date": "2025-12-22"}}, {"type": "Feature", "geometry": {"type": "Point", "coordinates": [-82.60833333503001, 35.600000000573004]}, "properties": {"p_logistic": 0.5003833770751953, "p_rf": 0.843999981880188, "p_xgb": 0.9947699904441833, "date": "2025-12-22"}}, {"type": "Feature", "geometry": {"type": "Point", "coordinates": [-82.60000000169703, 35.600000000573004]}, "properties": {"p_logistic": 0.5020182728767395, "p_rf": 0.843999981880188, "p_xgb": 0.9933645725250244, "date": "2025-12-22"}}, {"type": "Feature", "geometry": {"type": "Point", "coordinates": [-82.59166666836401, 35.600000000573004]}, "properties": {"p_logistic": 0.5035942196846008, "p_rf": 0.8379999995231628, "p_xgb": 0.9935359954833984, "date": "2025-12-22"}}, {"type": "Feature", "geometry": {"type": "Point", "coordinates": [-82.58333333503101, 35.600000000573004]}, "properties": {"p_logistic": 0.505115807056427, "p_rf": 0.8399999737739563, "p_xgb": 0.9935359954833984, "date": "2025-12-22"}}, {"type": "Feature", "geometry": {"type": "Point", "coordinates": [-82.57500000169802, 35.600000000573004]}, "properties": {"p_logistic": 0.5070840120315552, "p_rf": 0.8679999709129333, "p_xgb": 0.9924473762512207, "date": "2025-12-22"}}, {"type": "Feature", "geometry": {"type": "Point", "coordinates": [-82.56666666836502, 35.600000000573004]}, "properties": {"p_logistic": 0.5083781480789185, "p_rf": 0.8700000047683716, "p_xgb": 0.9969045519828796, "date": "2025-12-22"}}, {"type": "Feature", "geometry": {"type": "Point", "coordinates": [-82.55833333503202, 35.600000000573004]}, "properties": {"p_logistic": 0.5097634792327881, "p_rf": 0.8759999871253967, "p_xgb": 0.9974879026412964, "date": "2025-12-22"}}, {"type": "Feature", "geometry": {"type": "Point", "coordinates": [-82.55000000169902, 35.600000000573004]}, "properties": {"p_logistic": 0.5099487900733948, "p_rf": 0.8759999871253967, "p_xgb": 0.9974879026412964, "date": "2025-12-22"}}, {"type": "Feature", "geometry": {"type": "Point", "coordinates": [-82.54166666836602, 35.600000000573004]}, "properties": {"p_logistic": 0.5095345377922058, "p_rf": 0.8700000047683716, "p_xgb": 0.9973340034484863, "date": "2025-12-22"}}, {"type": "Feature", "geometry": {"type": "Point", "coordinates": [-82.53333333503302, 35.600000000573004]}, "properties": {"p_logistic": 0.5085909366607666, "p_rf": 0.8700000047683716, "p_xgb": 0.9973340034484863, "date": "2025-12-22"}}, {"type": "Feature", "geometry": {"type": "Point", "coordinates": [-82.52500000170002, 35.600000000573004]}, "properties": {"p_logistic": 0.5079270601272583, "p_rf": 0.871999979019165, "p_xgb": 0.9973340034484863, "date": "2025-12-22"}}, {"type": "Feature", "geometry": {"type": "Point", "coordinates": [-82.51666666836701, 35.600000000573004]}, "properties": {"p_logistic": 0.5071096420288086, "p_rf": 0.8759999871253967, "p_xgb": 0.9973340034484863, "date": "2025-12-22"}}, {"type": "Feature", "geometry": {"type": "Point", "coordinates": [-82.50833333503402, 35.600000000573004]}, "properties": {"p_logistic": 0.5063620805740356, "p_rf": 0.8759999871253967, "p_xgb": 0.9974879026412964, "date": "2025-12-22"}}, {"type": "Feature", "geometry": {"type": "Point", "coordinates": [-82.50000000170101, 35.600000000573004]}, "properties": {"p_logistic": 0.5062049031257629, "p_rf": 0.8759999871253967, "p_xgb": 0.9974879026412964, "date": "2025-12-22"}}, {"type": "Feature", "geometry": {"type": "Point", "coordinates": [-82.49166666836803, 35.600000000573004]}, "properties": {"p_logistic": 0.5066727995872498, "p_rf": 0.8759999871253967, "p_xgb": 0.9973340034484863, "date": "2025-12-22"}}, {"type": "Feature", "geometry": {"type": "Point", "coordinates": [-82.48333333503501, 35.600000000573004]}, "properties": {"p_logistic": 0.5082566142082214, "p_rf": 0.8679999709129333, "p_xgb": 0.9957900643348694, "date": "2025-12-22"}}, {"type": "Feature", "geometry": {"type": "Point", "coordinates": [-82.47500000170201, 35.600000000573004]}, "properties": {"p_logistic": 0.5108386278152466, "p_rf": 0.8619999885559082, "p_xgb": 0.9956110119819641, "date": "2025-12-22"}}, {"type": "Feature", "geometry": {"type": "Point", "coordinates": [-82.46666666836902, 35.600000000573004]}, "properties": {"p_logistic": 0.5127030611038208, "p_rf": 0.8360000252723694, "p_xgb": 0.99497389793396, "date": "2025-12-22"}}, {"type": "Feature", "geometry": {"type": "Point", "coordinates": [-82.45833333503602, 35.600000000573004]}, "properties": {"p_logistic": 0.5161283612251282, "p_rf": 0.8180000185966492, "p_xgb": 0.9955095052719116, "date": "2025-12-22"}}, {"type": "Feature", "geometry": {"type": "Point", "coordinates": [-82.45000000170302, 35.600000000573004]}, "properties": {"p_logistic": 0.5197831392288208, "p_rf": 0.800000011920929, "p_xgb": 0.9949538111686707, "date": "2025-12-22"}}, {"type": "Feature", "geometry": {"type": "Point", "coordinates": [-82.44166666837002, 35.600000000573004]}, "properties": {"p_logistic": 0.5220504403114319, "p_rf": 0.7599999904632568, "p_xgb": 0.9918900728225708, "date": "2025-12-22"}}, {"type": "Feature", "geometry": {"type": "Point", "coordinates": [-82.43333333503702, 35.600000000573004]}, "properties": {"p_logistic": 0.521940290927887, "p_rf": 0.7599999904632568, "p_xgb": 0.9918900728225708, "date": "2025-12-22"}}, {"type": "Feature", "geometry": {"type": "Point", "coordinates": [-82.42500000170402, 35.600000000573004]}, "properties": {"p_logistic": 0.5206297636032104, "p_rf": 0.7599999904632568, "p_xgb": 0.9912497997283936, "date": "2025-12-22"}}, {"type": "Feature", "geometry": {"type": "Point", "coordinates": [-82.41666666837102, 35.600000000573004]}, "properties": {"p_logistic": 0.5182148814201355, "p_rf": 0.7580000162124634, "p_xgb": 0.9880260825157166, "date": "2025-12-22"}}, {"type": "Feature", "geometry": {"type": "Point", "coordinates": [-82.40833333503801, 35.600000000573004]}, "properties": {"p_logistic": 0.5157486200332642, "p_rf": 0.7620000243186951, "p_xgb": 0.9880260825157166, "date": "2025-12-22"}}, {"type": "Feature", "geometry": {"type": "Point", "coordinates": [-82.40000000170502, 35.600000000573004]}, "properties": {"p_logistic": 0.512262761592865, "p_rf": 0.7680000066757202, "p_xgb": 0.9880260825157166, "date": "2025-12-22"}}, {"type": "Feature", "geometry": {"type": "Point", "coordinates": [-82.39166666837201, 35.600000000573004]}, "properties": {"p_logistic": 0.5104643106460571, "p_rf": 0.7620000243186951, "p_xgb": 0.9880260825157166, "date": "2025-12-22"}}, {"type": "Feature", "geometry": {"type": "Point", "coordinates": [-82.38333333503903, 35.600000000573004]}, "properties": {"p_logistic": 0.5099417567253113, "p_rf": 0.7599999904632568, "p_xgb": 0.9880260825157166, "date": "2025-12-22"}}, {"type": "Feature", "geometry": {"type": "Point", "coordinates": [-82.37500000170601, 35.600000000573004]}, "properties": {"p_logistic": 0.5107388496398926, "p_rf": 0.7599999904632568, "p_xgb": 0.9886714220046997, "date": "2025-12-22"}}, {"type": "Feature", "geometry": {"type": "Point", "coordinates": [-82.36666666837301, 35.600000000573004]}, "properties": {"p_logistic": 0.5105538368225098, "p_rf": 0.7519999742507935, "p_xgb": 0.9916594624519348, "date": "2025-12-22"}}, {"type": "Feature", "geometry": {"type": "Point", "coordinates": [-82.35833333504002, 35.600000000573004]}, "properties": {"p_logistic": 0.5090909600257874, "p_rf": 0.7519999742507935, "p_xgb": 0.9951300621032715, "date": "2025-12-22"}}, {"type": "Feature", "geometry": {"type": "Point", "coordinates": [-82.35000000170702, 35.600000000573004]}, "properties": {"p_logistic": 0.5076114535331726, "p_rf": 0.7519999742507935, "p_xgb": 0.9951300621032715, "date": "2025-12-22"}}, {"type": "Feature", "geometry": {"type": "Point", "coordinates": [-82.34166666837402, 35.600000000573004]}, "properties": {"p_logistic": 0.5065264105796814, "p_rf": 0.7519999742507935, "p_xgb": 0.9951300621032715, "date": "2025-12-22"}}, {"type": "Feature", "geometry": {"type": "Point", "coordinates": [-82.33333333504102, 35.600000000573004]}, "properties": {"p_logistic": 0.5067563056945801, "p_rf": 0.7519999742507935, "p_xgb": 0.9951300621032715, "date": "2025-12-22"}}, {"type": "Feature", "geometry": {"type": "Point", "coordinates": [-82.32500000170802, 35.600000000573004]}, "properties": {"p_logistic": 0.5071536302566528, "p_rf": 0.7519999742507935, "p_xgb": 0.9951300621032715, "date": "2025-12-22"}}, {"type": "Feature", "geometry": {"type": "Point", "coordinates": [-82.31666666837502, 35.600000000573004]}, "properties": {"p_logistic": 0.5068434476852417, "p_rf": 0.7519999742507935, "p_xgb": 0.9951300621032715, "date": "2025-12-22"}}, {"type": "Feature", "geometry": {"type": "Point", "coordinates": [-82.30833333504202, 35.600000000573004]}, "properties": {"p_logistic": 0.5070390701293945, "p_rf": 0.75, "p_xgb": 0.9951300621032715, "date": "2025-12-22"}}, {"type": "Feature", "geometry": {"type": "Point", "coordinates": [-82.30000000170901, 35.600000000573004]}, "properties": {"p_logistic": 0.5074301958084106, "p_rf": 0.7480000257492065, "p_xgb": 0.9951300621032715, "date": "2025-12-22"}}, {"type": "Feature", "geometry": {"type": "Point", "coordinates": [-82.29166666837602, 35.600000000573004]}, "properties": {"p_logistic": 0.508033037185669, "p_rf": 0.7480000257492065, "p_xgb": 0.9970299005508423, "date": "2025-12-22"}}, {"type": "Feature", "geometry": {"type": "Point", "coordinates": [-82.78333333502302, 35.591666667240005]}, "properties": {"p_logistic": 0.46782800555229187, "p_rf": 0.6779999732971191, "p_xgb": 0.9246136546134949, "date": "2025-12-22"}}, {"type": "Feature", "geometry": {"type": "Point", "coordinates": [-82.77500000169002, 35.591666667240005]}, "properties": {"p_logistic": 0.4683324694633484, "p_rf": 0.6759999990463257, "p_xgb": 0.9246136546134949, "date": "2025-12-22"}}, {"type": "Feature", "geometry": {"type": "Point", "coordinates": [-82.76666666835702, 35.591666667240005]}, "properties": {"p_logistic": 0.46935656666755676, "p_rf": 0.6759999990463257, "p_xgb": 0.9246136546134949, "date": "2025-12-22"}}, {"type": "Feature", "geometry": {"type": "Point", "coordinates": [-82.75833333502402, 35.591666667240005]}, "properties": {"p_logistic": 0.4705197513103485, "p_rf": 0.6759999990463257, "p_xgb": 0.9246136546134949, "date": "2025-12-22"}}, {"type": "Feature", "geometry": {"type": "Point", "coordinates": [-82.75000000169102, 35.591666667240005]}, "properties": {"p_logistic": 0.47234034538269043, "p_rf": 0.6759999990463257, "p_xgb": 0.9515861868858337, "date": "2025-12-22"}}, {"type": "Feature", "geometry": {"type": "Point", "coordinates": [-82.74166666835802, 35.591666667240005]}, "properties": {"p_logistic": 0.47465598583221436, "p_rf": 0.6759999990463257, "p_xgb": 0.9572267532348633, "date": "2025-12-22"}}, {"type": "Feature", "geometry": {"type": "Point", "coordinates": [-82.73333333502501, 35.591666667240005]}, "properties": {"p_logistic": 0.47766783833503723, "p_rf": 0.6759999990463257, "p_xgb": 0.9572267532348633, "date": "2025-12-22"}}, {"type": "Feature", "geometry": {"type": "Point", "coordinates": [-82.72500000169202, 35.591666667240005]}, "properties": {"p_logistic": 0.48055702447891235, "p_rf": 0.6779999732971191, "p_xgb": 0.959926962852478, "date": "2025-12-22"}}, {"type": "Feature", "geometry": {"type": "Point", "coordinates": [-82.71666666835901, 35.591666667240005]}, "properties": {"p_logistic": 0.48280683159828186, "p_rf": 0.6779999732971191, "p_xgb": 0.959926962852478, "date": "2025-12-22"}}, {"type": "Feature", "geometry": {"type": "Point", "coordinates": [-82.70833333502603, 35.591666667240005]}, "properties": {"p_logistic": 0.48507392406463623, "p_rf": 0.6779999732971191, "p_xgb": 0.959926962852478, "date": "2025-12-22"}}, {"type": "Feature", "geometry": {"type": "Point", "coordinates": [-82.70000000169301, 35.591666667240005]}, "properties": {"p_logistic": 0.48697564005851746, "p_rf": 0.6779999732971191, "p_xgb": 0.9535378217697144, "date": "2025-12-22"}}, {"type": "Feature", "geometry": {"type": "Point", "coordinates": [-82.69166666836001, 35.591666667240005]}, "properties": {"p_logistic": 0.4886127710342407, "p_rf": 0.6779999732971191, "p_xgb": 0.9535378217697144, "date": "2025-12-22"}}, {"type": "Feature", "geometry": {"type": "Point", "coordinates": [-82.68333333502702, 35.591666667240005]}, "properties": {"p_logistic": 0.48955237865448, "p_rf": 0.6779999732971191, "p_xgb": 0.9554911851882935, "date": "2025-12-22"}}, {"type": "Feature", "geometry": {"type": "Point", "coordinates": [-82.67500000169402, 35.591666667240005]}, "properties": {"p_logistic": 0.49066027998924255, "p_rf": 0.6779999732971191, "p_xgb": 0.9606894850730896, "date": "2025-12-22"}}, {"type": "Feature", "geometry": {"type": "Point", "coordinates": [-82.66666666836102, 35.591666667240005]}, "properties": {"p_logistic": 0.49145275354385376, "p_rf": 0.8059999942779541, "p_xgb": 0.9752324223518372, "date": "2025-12-22"}}, {"type": "Feature", "geometry": {"type": "Point", "coordinates": [-82.65833333502802, 35.591666667240005]}, "properties": {"p_logistic": 0.4925794303417206, "p_rf": 0.8119999766349792, "p_xgb": 0.9943599104881287, "date": "2025-12-22"}}, {"type": "Feature", "geometry": {"type": "Point", "coordinates": [-82.65000000169502, 35.591666667240005]}, "properties": {"p_logistic": 0.49366071820259094, "p_rf": 0.8199999928474426, "p_xgb": 0.9943599104881287, "date": "2025-12-22"}}, {"type": "Feature", "geometry": {"type": "Point", "coordinates": [-82.64166666836202, 35.591666667240005]}, "properties": {"p_logistic": 0.4950413405895233, "p_rf": 0.8220000267028809, "p_xgb": 0.99479079246521, "date": "2025-12-22"}}, {"type": "Feature", "geometry": {"type": "Point", "coordinates": [-82.63333333502902, 35.591666667240005]}, "properties": {"p_logistic": 0.49638986587524414, "p_rf": 0.8259999752044678, "p_xgb": 0.9952406883239746, "date": "2025-12-22"}}, {"type": "Feature", "geometry": {"type": "Point", "coordinates": [-82.62500000169601, 35.591666667240005]}, "properties": {"p_logistic": 0.4981686472892761, "p_rf": 0.8320000171661377, "p_xgb": 0.9952406883239746, "date": "2025-12-22"}}, {"type": "Feature", "geometry": {"type": "Point", "coordinates": [-82.61666666836302, 35.591666667240005]}, "properties": {"p_logistic": 0.500099241733551, "p_rf": 0.843999981880188, "p_xgb": 0.9947699904441833, "date": "2025-12-22"}}, {"type": "Feature", "geometry": {"type": "Point", "coordinates": [-82.60833333503001, 35.591666667240005]}, "properties": {"p_logistic": 0.5017629265785217, "p_rf": 0.8379999995231628, "p_xgb": 0.9933645725250244, "date": "2025-12-22"}}, {"type": "Feature", "geometry": {"type": "Point", "coordinates": [-82.60000000169703, 35.591666667240005]}, "properties": {"p_logistic": 0.5032548904418945, "p_rf": 0.8539999723434448, "p_xgb": 0.9942527413368225, "date": "2025-12-22"}}, {"type": "Feature", "geometry": {"type": "Point", "coordinates": [-82.59166666836401, 35.591666667240005]}, "properties": {"p_logistic": 0.5044976472854614, "p_rf": 0.8679999709129333, "p_xgb": 0.9969045519828796, "date": "2025-12-22"}}, {"type": "Feature", "geometry": {"type": "Point", "coordinates": [-82.58333333503101, 35.591666667240005]}, "properties": {"p_logistic": 0.5060895085334778, "p_rf": 0.8679999709129333, "p_xgb": 0.9969045519828796, "date": "2025-12-22"}}, {"type": "Feature", "geometry": {"type": "Point", "coordinates": [-82.57500000169802, 35.591666667240005]}, "properties": {"p_logistic": 0.507655680179596, "p_rf": 0.8700000047683716, "p_xgb": 0.9969045519828796, "date": "2025-12-22"}}, {"type": "Feature", "geometry": {"type": "Point", "coordinates": [-82.56666666836502, 35.591666667240005]}, "properties": {"p_logistic": 0.5093821883201599, "p_rf": 0.8759999871253967, "p_xgb": 0.9974879026412964, "date": "2025-12-22"}}, {"type": "Feature", "geometry": {"type": "Point", "coordinates": [-82.55833333503202, 35.591666667240005]}, "properties": {"p_logistic": 0.5105549097061157, "p_rf": 0.8759999871253967, "p_xgb": 0.9974879026412964, "date": "2025-12-22"}}, {"type": "Feature", "geometry": {"type": "Point", "coordinates": [-82.55000000169902, 35.591666667240005]}, "properties": {"p_logistic": 0.5115798711776733, "p_rf": 0.8679999709129333, "p_xgb": 0.9957900643348694, "date": "2025-12-22"}}, {"type": "Feature", "geometry": {"type": "Point", "coordinates": [-82.54166666836602, 35.591666667240005]}, "properties": {"p_logistic": 0.5113555192947388, "p_rf": 0.8679999709129333, "p_xgb": 0.9956110119819641, "date": "2025-12-22"}}, {"type": "Feature", "geometry": {"type": "Point", "coordinates": [-82.53333333503302, 35.591666667240005]}, "properties": {"p_logistic": 0.5103191137313843, "p_rf": 0.8659999966621399, "p_xgb": 0.9956110119819641, "date": "2025-12-22"}}, {"type": "Feature", "geometry": {"type": "Point", "coordinates": [-82.52500000170002, 35.591666667240005]}, "properties": {"p_logistic": 0.5092480182647705, "p_rf": 0.8679999709129333, "p_xgb": 0.9956110119819641, "date": "2025-12-22"}}, {"type": "Feature", "geometry": {"type": "Point", "coordinates": [-82.51666666836701, 35.591666667240005]}, "properties": {"p_logistic": 0.5086297392845154, "p_rf": 0.8679999709129333, "p_xgb": 0.9973340034484863, "date": "2025-12-22"}}, {"type": "Feature", "geometry": {"type": "Point", "coordinates": [-82.50833333503402, 35.591666667240005]}, "properties": {"p_logistic": 0.5073705315589905, "p_rf": 0.8759999871253967, "p_xgb": 0.9974879026412964, "date": "2025-12-22"}}, {"type": "Feature", "geometry": {"type": "Point", "coordinates": [-82.50000000170101, 35.591666667240005]}, "properties": {"p_logistic": 0.5064512491226196, "p_rf": 0.8759999871253967, "p_xgb": 0.9974879026412964, "date": "2025-12-22"}}, {"type": "Feature", "geometry": {"type": "Point", "coordinates": [-82.49166666836803, 35.591666667240005]}, "properties": {"p_logistic": 0.5068722367286682, "p_rf": 0.8759999871253967, "p_xgb": 0.9974879026412964, "date": "2025-12-22"}}, {"type": "Feature", "geometry": {"type": "Point", "coordinates": [-82.48333333503501, 35.591666667240005]}, "properties": {"p_logistic": 0.5080418586730957, "p_rf": 0.8759999871253967, "p_xgb": 0.9974879026412964, "date": "2025-12-22"}}, {"type": "Feature", "geometry": {"type": "Point", "coordinates": [-82.47500000170201, 35.591666667240005]}, "properties": {"p_logistic": 0.50999915599823, "p_rf": 0.8679999709129333, "p_xgb": 0.9957900643348694, "date": "2025-12-22"}}, {"type": "Feature", "geometry": {"type": "Point", "coordinates": [-82.46666666836902, 35.591666667240005]}, "properties": {"p_logistic": 0.5119127035140991, "p_rf": 0.8420000076293945, "p_xgb": 0.99497389793396, "date": "2025-12-22"}}, {"type": "Feature", "geometry": {"type": "Point", "coordinates": [-82.45833333503602, 35.591666667240005]}, "properties": {"p_logistic": 0.514763355255127, "p_rf": 0.8199999928474426, "p_xgb": 0.9951949715614319, "date": "2025-12-22"}}, {"type": "Feature", "geometry": {"type": "Point", "coordinates": [-82.45000000170302, 35.591666667240005]}, "properties": {"p_logistic": 0.5175955891609192, "p_rf": 0.8019999861717224, "p_xgb": 0.9949538111686707, "date": "2025-12-22"}}, {"type": "Feature", "geometry": {"type": "Point", "coordinates": [-82.44166666837002, 35.591666667240005]}, "properties": {"p_logistic": 0.5201453566551208, "p_rf": 0.7599999904632568, "p_xgb": 0.9912497997283936, "date": "2025-12-22"}}, {"type": "Feature", "geometry": {"type": "Point", "coordinates": [-82.43333333503702, 35.591666667240005]}, "properties": {"p_logistic": 0.5209011435508728, "p_rf": 0.7620000243186951, "p_xgb": 0.9886714220046997, "date": "2025-12-22"}}, {"type": "Feature", "geometry": {"type": "Point", "coordinates": [-82.42500000170402, 35.591666667240005]}, "properties": {"p_logistic": 0.5199772715568542, "p_rf": 0.7599999904632568, "p_xgb": 0.9886714220046997, "date": "2025-12-22"}}, {"type": "Feature", "geometry": {"type": "Point", "coordinates": [-82.41666666837102, 35.591666667240005]}, "properties": {"p_logistic": 0.517874002456665, "p_rf": 0.7599999904632568, "p_xgb": 0.9880260825157166, "date": "2025-12-22"}}, {"type": "Feature", "geometry": {"type": "Point", "coordinates": [-82.40833333503801, 35.591666667240005]}, "properties": {"p_logistic": 0.5153326988220215, "p_rf": 0.7580000162124634, "p_xgb": 0.9880260825157166, "date": "2025-12-22"}}, {"type": "Feature", "geometry": {"type": "Point", "coordinates": [-82.40000000170502, 35.591666667240005]}, "properties": {"p_logistic": 0.5117369294166565, "p_rf": 0.7599999904632568, "p_xgb": 0.9880260825157166, "date": "2025-12-22"}}, {"type": "Feature", "geometry": {"type": "Point", "coordinates": [-82.39166666837201, 35.591666667240005]}, "properties": {"p_logistic": 0.5096380114555359, "p_rf": 0.7599999904632568, "p_xgb": 0.9880260825157166, "date": "2025-12-22"}}, {"type": "Feature", "geometry": {"type": "Point", "coordinates": [-82.38333333503903, 35.591666667240005]}, "properties": {"p_logistic": 0.5086422562599182, "p_rf": 0.7580000162124634, "p_xgb": 0.9880260825157166, "date": "2025-12-22"}}, {"type": "Feature", "geometry": {"type": "Point", "coordinates": [-82.37500000170601, 35.591666667240005]}, "properties": {"p_logistic": 0.5083463788032532, "p_rf": 0.7599999904632568, "p_xgb": 0.9882992506027222, "date": "2025-12-22"}}, {"type": "Feature", "geometry": {"type": "Point", "coordinates": [-82.36666666837301, 35.591666667240005]}, "properties": {"p_logistic": 0.5082342028617859, "p_rf": 0.7599999904632568, "p_xgb": 0.9916998147964478, "date": "2025-12-22"}}, {"type": "Feature", "geometry": {"type": "Point", "coordinates": [-82.35833333504002, 35.591666667240005]}, "properties": {"p_logistic": 0.5076125264167786, "p_rf": 0.7519999742507935, "p_xgb": 0.9951300621032715, "date": "2025-12-22"}}, {"type": "Feature", "geometry": {"type": "Point", "coordinates": [-82.35000000170702, 35.591666667240005]}, "properties": {"p_logistic": 0.5070873498916626, "p_rf": 0.7480000257492065, "p_xgb": 0.9951300621032715, "date": "2025-12-22"}}, {"type": "Feature", "geometry": {"type": "Point", "coordinates": [-82.34166666837402, 35.591666667240005]}, "properties": {"p_logistic": 0.5068860054016113, "p_rf": 0.7480000257492065, "p_xgb": 0.9970299005508423, "date": "2025-12-22"}}, {"type": "Feature", "geometry": {"type": "Point", "coordinates": [-82.33333333504102, 35.591666667240005]}, "properties": {"p_logistic": 0.5073860287666321, "p_rf": 0.7480000257492065, "p_xgb": 0.9969515800476074, "date": "2025-12-22"}}, {"type": "Feature", "geometry": {"type": "Point", "coordinates": [-82.32500000170802, 35.591666667240005]}, "properties": {"p_logistic": 0.507936418056488, "p_rf": 0.7459999918937683, "p_xgb": 0.9969515800476074, "date": "2025-12-22"}}, {"type": "Feature", "geometry": {"type": "Point", "coordinates": [-82.31666666837502, 35.591666667240005]}, "properties": {"p_logistic": 0.5080515742301941, "p_rf": 0.7459999918937683, "p_xgb": 0.9969515800476074, "date": "2025-12-22"}}, {"type": "Feature", "geometry": {"type": "Point", "coordinates": [-82.30833333504202, 35.591666667240005]}, "properties": {"p_logistic": 0.508459746837616, "p_rf": 0.7459999918937683, "p_xgb": 0.9969515800476074, "date": "2025-12-22"}}, {"type": "Feature", "geometry": {"type": "Point", "coordinates": [-82.30000000170901, 35.591666667240005]}, "properties": {"p_logistic": 0.5090665817260742, "p_rf": 0.7419999837875366, "p_xgb": 0.9968171715736389, "date": "2025-12-22"}}, {"type": "Feature", "geometry": {"type": "Point", "coordinates": [-82.29166666837602, 35.591666667240005]}, "properties": {"p_logistic": 0.5099414587020874, "p_rf": 0.7279999852180481, "p_xgb": 0.9963243007659912, "date": "2025-12-22"}}, {"type": "Feature", "geometry": {"type": "Point", "coordinates": [-82.77500000169002, 35.58333333390701]}, "properties": {"p_logistic": 0.4710410535335541, "p_rf": 0.6779999732971191, "p_xgb": 0.9246136546134949, "date": "2025-12-22"}}, {"type": "Feature", "geometry": {"type": "Point", "coordinates": [-82.76666666835702, 35.58333333390701]}, "properties": {"p_logistic": 0.4721004366874695, "p_rf": 0.6779999732971191, "p_xgb": 0.9246136546134949, "date": "2025-12-22"}}, {"type": "Feature", "geometry": {"type": "Point", "coordinates": [-82.75833333502402, 35.58333333390701]}, "properties": {"p_logistic": 0.47388985753059387, "p_rf": 0.6779999732971191, "p_xgb": 0.9515861868858337, "date": "2025-12-22"}}, {"type": "Feature", "geometry": {"type": "Point", "coordinates": [-82.75000000169102, 35.58333333390701]}, "properties": {"p_logistic": 0.4754445552825928, "p_rf": 0.6779999732971191, "p_xgb": 0.9572267532348633, "date": "2025-12-22"}}, {"type": "Feature", "geometry": {"type": "Point", "coordinates": [-82.74166666835802, 35.58333333390701]}, "properties": {"p_logistic": 0.47760868072509766, "p_rf": 0.6779999732971191, "p_xgb": 0.9572267532348633, "date": "2025-12-22"}}, {"type": "Feature", "geometry": {"type": "Point", "coordinates": [-82.73333333502501, 35.58333333390701]}, "properties": {"p_logistic": 0.48026126623153687, "p_rf": 0.6779999732971191, "p_xgb": 0.959926962852478, "date": "2025-12-22"}}, {"type": "Feature", "geometry": {"type": "Point", "coordinates": [-82.72500000169202, 35.58333333390701]}, "properties": {"p_logistic": 0.48245081305503845, "p_rf": 0.6779999732971191, "p_xgb": 0.959926962852478, "date": "2025-12-22"}}, {"type": "Feature", "geometry": {"type": "Point", "coordinates": [-82.71666666835901, 35.58333333390701]}, "properties": {"p_logistic": 0.4842264652252197, "p_rf": 0.6779999732971191, "p_xgb": 0.959926962852478, "date": "2025-12-22"}}, {"type": "Feature", "geometry": {"type": "Point", "coordinates": [-82.70833333502603, 35.58333333390701]}, "properties": {"p_logistic": 0.48603174090385437, "p_rf": 0.6779999732971191, "p_xgb": 0.959926962852478, "date": "2025-12-22"}}, {"type": "Feature", "geometry": {"type": "Point", "coordinates": [-82.70000000169301, 35.58333333390701]}, "properties": {"p_logistic": 0.4880226254463196, "p_rf": 0.6779999732971191, "p_xgb": 0.959926962852478, "date": "2025-12-22"}}, {"type": "Feature", "geometry": {"type": "Point", "coordinates": [-82.69166666836001, 35.58333333390701]}, "properties": {"p_logistic": 0.4896269738674164, "p_rf": 0.6779999732971191, "p_xgb": 0.9535378217697144, "date": "2025-12-22"}}, {"type": "Feature", "geometry": {"type": "Point", "coordinates": [-82.68333333502702, 35.58333333390701]}, "properties": {"p_logistic": 0.49058735370635986, "p_rf": 0.6779999732971191, "p_xgb": 0.9554911851882935, "date": "2025-12-22"}}, {"type": "Feature", "geometry": {"type": "Point", "coordinates": [-82.67500000169402, 35.58333333390701]}, "properties": {"p_logistic": 0.49148446321487427, "p_rf": 0.6779999732971191, "p_xgb": 0.9606894850730896, "date": "2025-12-22"}}, {"type": "Feature", "geometry": {"type": "Point", "coordinates": [-82.66666666836102, 35.58333333390701]}, "properties": {"p_logistic": 0.492667019367218, "p_rf": 0.8119999766349792, "p_xgb": 0.9943599104881287, "date": "2025-12-22"}}, {"type": "Feature", "geometry": {"type": "Point", "coordinates": [-82.65833333502802, 35.58333333390701]}, "properties": {"p_logistic": 0.49375712871551514, "p_rf": 0.8199999928474426, "p_xgb": 0.9943599104881287, "date": "2025-12-22"}}, {"type": "Feature", "geometry": {"type": "Point", "coordinates": [-82.65000000169502, 35.58333333390701]}, "properties": {"p_logistic": 0.49500730633735657, "p_rf": 0.8220000267028809, "p_xgb": 0.99479079246521, "date": "2025-12-22"}}, {"type": "Feature", "geometry": {"type": "Point", "coordinates": [-82.64166666836202, 35.58333333390701]}, "properties": {"p_logistic": 0.4961751401424408, "p_rf": 0.8259999752044678, "p_xgb": 0.9952406883239746, "date": "2025-12-22"}}, {"type": "Feature", "geometry": {"type": "Point", "coordinates": [-82.63333333502902, 35.58333333390701]}, "properties": {"p_logistic": 0.4977016746997833, "p_rf": 0.8320000171661377, "p_xgb": 0.9952406883239746, "date": "2025-12-22"}}, {"type": "Feature", "geometry": {"type": "Point", "coordinates": [-82.62500000169601, 35.58333333390701]}, "properties": {"p_logistic": 0.4990878105163574, "p_rf": 0.843999981880188, "p_xgb": 0.9947699904441833, "date": "2025-12-22"}}, {"type": "Feature", "geometry": {"type": "Point", "coordinates": [-82.61666666836302, 35.58333333390701]}, "properties": {"p_logistic": 0.5007774829864502, "p_rf": 0.843999981880188, "p_xgb": 0.9933645725250244, "date": "2025-12-22"}}, {"type": "Feature", "geometry": {"type": "Point", "coordinates": [-82.60833333503001, 35.58333333390701]}, "properties": {"p_logistic": 0.5023949146270752, "p_rf": 0.8399999737739563, "p_xgb": 0.9942527413368225, "date": "2025-12-22"}}, {"type": "Feature", "geometry": {"type": "Point", "coordinates": [-82.60000000169703, 35.58333333390701]}, "properties": {"p_logistic": 0.5036339163780212, "p_rf": 0.8700000047683716, "p_xgb": 0.9969045519828796, "date": "2025-12-22"}}, {"type": "Feature", "geometry": {"type": "Point", "coordinates": [-82.59166666836401, 35.58333333390701]}, "properties": {"p_logistic": 0.5048102736473083, "p_rf": 0.8700000047683716, "p_xgb": 0.9969045519828796, "date": "2025-12-22"}}, {"type": "Feature", "geometry": {"type": "Point", "coordinates": [-82.58333333503101, 35.58333333390701]}, "properties": {"p_logistic": 0.5059023499488831, "p_rf": 0.8759999871253967, "p_xgb": 0.9974879026412964, "date": "2025-12-22"}}, {"type": "Feature", "geometry": {"type": "Point", "coordinates": [-82.57500000169802, 35.58333333390701]}, "properties": {"p_logistic": 0.5073111057281494, "p_rf": 0.8759999871253967, "p_xgb": 0.9974879026412964, "date": "2025-12-22"}}, {"type": "Feature", "geometry": {"type": "Point", "coordinates": [-82.56666666836502, 35.58333333390701]}, "properties": {"p_logistic": 0.5086631774902344, "p_rf": 0.8759999871253967, "p_xgb": 0.9974879026412964, "date": "2025-12-22"}}, {"type": "Feature", "geometry": {"type": "Point", "coordinates": [-82.55833333503202, 35.58333333390701]}, "properties": {"p_logistic": 0.5103471279144287, "p_rf": 0.8759999871253967, "p_xgb": 0.9973340034484863, "date": "2025-12-22"}}, {"type": "Feature", "geometry": {"type": "Point", "coordinates": [-82.55000000169902, 35.58333333390701]}, "properties": {"p_logistic": 0.5116223692893982, "p_rf": 0.8679999709129333, "p_xgb": 0.9956110119819641, "date": "2025-12-22"}}, {"type": "Feature", "geometry": {"type": "Point", "coordinates": [-82.54166666836602, 35.58333333390701]}, "properties": {"p_logistic": 0.5119750499725342, "p_rf": 0.8619999885559082, "p_xgb": 0.9956110119819641, "date": "2025-12-22"}}, {"type": "Feature", "geometry": {"type": "Point", "coordinates": [-82.53333333503302, 35.58333333390701]}, "properties": {"p_logistic": 0.5113264322280884, "p_rf": 0.8619999885559082, "p_xgb": 0.9956110119819641, "date": "2025-12-22"}}, {"type": "Feature", "geometry": {"type": "Point", "coordinates": [-82.52500000170002, 35.58333333390701]}, "properties": {"p_logistic": 0.5101484656333923, "p_rf": 0.8659999966621399, "p_xgb": 0.9956110119819641, "date": "2025-12-22"}}, {"type": "Feature", "geometry": {"type": "Point", "coordinates": [-82.51666666836701, 35.58333333390701]}, "properties": {"p_logistic": 0.509041965007782, "p_rf": 0.8679999709129333, "p_xgb": 0.9973340034484863, "date": "2025-12-22"}}, {"type": "Feature", "geometry": {"type": "Point", "coordinates": [-82.50833333503402, 35.58333333390701]}, "properties": {"p_logistic": 0.5078282356262207, "p_rf": 0.8759999871253967, "p_xgb": 0.9974879026412964, "date": "2025-12-22"}}, {"type": "Feature", "geometry": {"type": "Point", "coordinates": [-82.50000000170101, 35.58333333390701]}, "properties": {"p_logistic": 0.5070334076881409, "p_rf": 0.8740000128746033, "p_xgb": 0.9974879026412964, "date": "2025-12-22"}}, {"type": "Feature", "geometry": {"type": "Point", "coordinates": [-82.49166666836803, 35.58333333390701]}, "properties": {"p_logistic": 0.5066826939582825, "p_rf": 0.8740000128746033, "p_xgb": 0.9974879026412964, "date": "2025-12-22"}}, {"type": "Feature", "geometry": {"type": "Point", "coordinates": [-82.48333333503501, 35.58333333390701]}, "properties": {"p_logistic": 0.5078566670417786, "p_rf": 0.8759999871253967, "p_xgb": 0.9974879026412964, "date": "2025-12-22"}}, {"type": "Feature", "geometry": {"type": "Point", "coordinates": [-82.47500000170201, 35.58333333390701]}, "properties": {"p_logistic": 0.5090272426605225, "p_rf": 0.8700000047683716, "p_xgb": 0.9973340034484863, "date": "2025-12-22"}}, {"type": "Feature", "geometry": {"type": "Point", "coordinates": [-82.46666666836902, 35.58333333390701]}, "properties": {"p_logistic": 0.511252760887146, "p_rf": 0.8379999995231628, "p_xgb": 0.99497389793396, "date": "2025-12-22"}}, {"type": "Feature", "geometry": {"type": "Point", "coordinates": [-82.45833333503602, 35.58333333390701]}, "properties": {"p_logistic": 0.5129413604736328, "p_rf": 0.8180000185966492, "p_xgb": 0.9951949715614319, "date": "2025-12-22"}}, {"type": "Feature", "geometry": {"type": "Point", "coordinates": [-82.45000000170302, 35.58333333390701]}, "properties": {"p_logistic": 0.5153336524963379, "p_rf": 0.8019999861717224, "p_xgb": 0.9949538111686707, "date": "2025-12-22"}}, {"type": "Feature", "geometry": {"type": "Point", "coordinates": [-82.44166666837002, 35.58333333390701]}, "properties": {"p_logistic": 0.5178269147872925, "p_rf": 0.7580000162124634, "p_xgb": 0.9880260825157166, "date": "2025-12-22"}}, {"type": "Feature", "geometry": {"type": "Point", "coordinates": [-82.43333333503702, 35.58333333390701]}, "properties": {"p_logistic": 0.5192147493362427, "p_rf": 0.7599999904632568, "p_xgb": 0.9896543025970459, "date": "2025-12-22"}}, {"type": "Feature", "geometry": {"type": "Point", "coordinates": [-82.42500000170402, 35.58333333390701]}, "properties": {"p_logistic": 0.5185421705245972, "p_rf": 0.7599999904632568, "p_xgb": 0.9896543025970459, "date": "2025-12-22"}}, {"type": "Feature", "geometry": {"type": "Point", "coordinates": [-82.41666666837102, 35.58333333390701]}, "properties": {"p_logistic": 0.5163934230804443, "p_rf": 0.7599999904632568, "p_xgb": 0.9896543025970459, "date": "2025-12-22"}}, {"type": "Feature", "geometry": {"type": "Point", "coordinates": [-82.40833333503801, 35.58333333390701]}, "properties": {"p_logistic": 0.5135916471481323, "p_rf": 0.7620000243186951, "p_xgb": 0.9886714220046997, "date": "2025-12-22"}}, {"type": "Feature", "geometry": {"type": "Point", "coordinates": [-82.40000000170502, 35.58333333390701]}, "properties": {"p_logistic": 0.5106817483901978, "p_rf": 0.7620000243186951, "p_xgb": 0.9880260825157166, "date": "2025-12-22"}}, {"type": "Feature", "geometry": {"type": "Point", "coordinates": [-82.39166666837201, 35.58333333390701]}, "properties": {"p_logistic": 0.5086295008659363, "p_rf": 0.7620000243186951, "p_xgb": 0.9882992506027222, "date": "2025-12-22"}}, {"type": "Feature", "geometry": {"type": "Point", "coordinates": [-82.38333333503903, 35.58333333390701]}, "properties": {"p_logistic": 0.5075044631958008, "p_rf": 0.7620000243186951, "p_xgb": 0.9916998147964478, "date": "2025-12-22"}}, {"type": "Feature", "geometry": {"type": "Point", "coordinates": [-82.37500000170601, 35.58333333390701]}, "properties": {"p_logistic": 0.5069930553436279, "p_rf": 0.7599999904632568, "p_xgb": 0.9935290217399597, "date": "2025-12-22"}}, {"type": "Feature", "geometry": {"type": "Point", "coordinates": [-82.36666666837301, 35.58333333390701]}, "properties": {"p_logistic": 0.5076190829277039, "p_rf": 0.7519999742507935, "p_xgb": 0.9951300621032715, "date": "2025-12-22"}}, {"type": "Feature", "geometry": {"type": "Point", "coordinates": [-82.35833333504002, 35.58333333390701]}, "properties": {"p_logistic": 0.5075396299362183, "p_rf": 0.7480000257492065, "p_xgb": 0.9951300621032715, "date": "2025-12-22"}}, {"type": "Feature", "geometry": {"type": "Point", "coordinates": [-82.35000000170702, 35.58333333390701]}, "properties": {"p_logistic": 0.5075042247772217, "p_rf": 0.7419999837875366, "p_xgb": 0.9968171715736389, "date": "2025-12-22"}}, {"type": "Feature", "geometry": {"type": "Point", "coordinates": [-82.34166666837402, 35.58333333390701]}, "properties": {"p_logistic": 0.5069887638092041, "p_rf": 0.7279999852180481, "p_xgb": 0.9961430430412292, "date": "2025-12-22"}}, {"type": "Feature", "geometry": {"type": "Point", "coordinates": [-82.33333333504102, 35.58333333390701]}, "properties": {"p_logistic": 0.507750928401947, "p_rf": 0.6759999990463257, "p_xgb": 0.9961430430412292, "date": "2025-12-22"}}, {"type": "Feature", "geometry": {"type": "Point", "coordinates": [-82.32500000170802, 35.58333333390701]}, "properties": {"p_logistic": 0.5085054636001587, "p_rf": 0.671999990940094, "p_xgb": 0.9961430430412292, "date": "2025-12-22"}}, {"type": "Feature", "geometry": {"type": "Point", "coordinates": [-82.31666666837502, 35.58333333390701]}, "properties": {"p_logistic": 0.5089842677116394, "p_rf": 0.671999990940094, "p_xgb": 0.9963243007659912, "date": "2025-12-22"}}, {"type": "Feature", "geometry": {"type": "Point", "coordinates": [-82.30833333504202, 35.58333333390701]}, "properties": {"p_logistic": 0.5098016262054443, "p_rf": 0.6700000166893005, "p_xgb": 0.9963243007659912, "date": "2025-12-22"}}, {"type": "Feature", "geometry": {"type": "Point", "coordinates": [-82.30000000170901, 35.58333333390701]}, "properties": {"p_logistic": 0.5104217529296875, "p_rf": 0.656000018119812, "p_xgb": 0.9963243007659912, "date": "2025-12-22"}}, {"type": "Feature", "geometry": {"type": "Point", "coordinates": [-82.29166666837602, 35.58333333390701]}, "properties": {"p_logistic": 0.5113295912742615, "p_rf": 0.6539999842643738, "p_xgb": 0.9963243007659912, "date": "2025-12-22"}}, {"type": "Feature", "geometry": {"type": "Point", "coordinates": [-82.28333333504301, 35.58333333390701]}, "properties": {"p_logistic": 0.512782096862793, "p_rf": 0.6520000100135803, "p_xgb": 0.9959750771522522, "date": "2025-12-22"}}, {"type": "Feature", "geometry": {"type": "Point", "coordinates": [-82.76666666835702, 35.57500000057401]}, "properties": {"p_logistic": 0.47651180624961853, "p_rf": 0.6779999732971191, "p_xgb": 0.9572267532348633, "date": "2025-12-22"}}, {"type": "Feature", "geometry": {"type": "Point", "coordinates": [-82.75833333502402, 35.57500000057401]}, "properties": {"p_logistic": 0.47780391573905945, "p_rf": 0.6779999732971191, "p_xgb": 0.9572267532348633, "date": "2025-12-22"}}, {"type": "Feature", "geometry": {"type": "Point", "coordinates": [-82.75000000169102, 35.57500000057401]}, "properties": {"p_logistic": 0.4792857766151428, "p_rf": 0.6779999732971191, "p_xgb": 0.9572267532348633, "date": "2025-12-22"}}, {"type": "Feature", "geometry": {"type": "Point", "coordinates": [-82.74166666835802, 35.57500000057401]}, "properties": {"p_logistic": 0.4810304045677185, "p_rf": 0.6779999732971191, "p_xgb": 0.959926962852478, "date": "2025-12-22"}}, {"type": "Feature", "geometry": {"type": "Point", "coordinates": [-82.73333333502501, 35.57500000057401]}, "properties": {"p_logistic": 0.48310863971710205, "p_rf": 0.6779999732971191, "p_xgb": 0.959926962852478, "date": "2025-12-22"}}, {"type": "Feature", "geometry": {"type": "Point", "coordinates": [-82.72500000169202, 35.57500000057401]}, "properties": {"p_logistic": 0.48478564620018005, "p_rf": 0.6779999732971191, "p_xgb": 0.959926962852478, "date": "2025-12-22"}}, {"type": "Feature", "geometry": {"type": "Point", "coordinates": [-82.71666666835901, 35.57500000057401]}, "properties": {"p_logistic": 0.4861701428890228, "p_rf": 0.6779999732971191, "p_xgb": 0.959926962852478, "date": "2025-12-22"}}, {"type": "Feature", "geometry": {"type": "Point", "coordinates": [-82.70833333502603, 35.57500000057401]}, "properties": {"p_logistic": 0.48785877227783203, "p_rf": 0.6779999732971191, "p_xgb": 0.959926962852478, "date": "2025-12-22"}}, {"type": "Feature", "geometry": {"type": "Point", "coordinates": [-82.70000000169301, 35.57500000057401]}, "properties": {"p_logistic": 0.4893912971019745, "p_rf": 0.6779999732971191, "p_xgb": 0.959926962852478, "date": "2025-12-22"}}, {"type": "Feature", "geometry": {"type": "Point", "coordinates": [-82.69166666836001, 35.57500000057401]}, "properties": {"p_logistic": 0.4907686412334442, "p_rf": 0.6779999732971191, "p_xgb": 0.9535378217697144, "date": "2025-12-22"}}, {"type": "Feature", "geometry": {"type": "Point", "coordinates": [-82.68333333502702, 35.57500000057401]}, "properties": {"p_logistic": 0.49152904748916626, "p_rf": 0.6779999732971191, "p_xgb": 0.9535378217697144, "date": "2025-12-22"}}, {"type": "Feature", "geometry": {"type": "Point", "coordinates": [-82.67500000169402, 35.57500000057401]}, "properties": {"p_logistic": 0.4922117590904236, "p_rf": 0.6779999732971191, "p_xgb": 0.9606894850730896, "date": "2025-12-22"}}, {"type": "Feature", "geometry": {"type": "Point", "coordinates": [-82.66666666836102, 35.57500000057401]}, "properties": {"p_logistic": 0.49338498711586, "p_rf": 0.8119999766349792, "p_xgb": 0.9943599104881287, "date": "2025-12-22"}}, {"type": "Feature", "geometry": {"type": "Point", "coordinates": [-82.65833333502802, 35.57500000057401]}, "properties": {"p_logistic": 0.49444133043289185, "p_rf": 0.8199999928474426, "p_xgb": 0.9946264624595642, "date": "2025-12-22"}}, {"type": "Feature", "geometry": {"type": "Point", "coordinates": [-82.65000000169502, 35.57500000057401]}, "properties": {"p_logistic": 0.49564146995544434, "p_rf": 0.8259999752044678, "p_xgb": 0.9952406883239746, "date": "2025-12-22"}}, {"type": "Feature", "geometry": {"type": "Point", "coordinates": [-82.64166666836202, 35.57500000057401]}, "properties": {"p_logistic": 0.4962930381298065, "p_rf": 0.8259999752044678, "p_xgb": 0.9952406883239746, "date": "2025-12-22"}}, {"type": "Feature", "geometry": {"type": "Point", "coordinates": [-82.63333333502902, 35.57500000057401]}, "properties": {"p_logistic": 0.49712100625038147, "p_rf": 0.843999981880188, "p_xgb": 0.9947699904441833, "date": "2025-12-22"}}, {"type": "Feature", "geometry": {"type": "Point", "coordinates": [-82.62500000169601, 35.57500000057401]}, "properties": {"p_logistic": 0.49881526827812195, "p_rf": 0.843999981880188, "p_xgb": 0.9947699904441833, "date": "2025-12-22"}}, {"type": "Feature", "geometry": {"type": "Point", "coordinates": [-82.61666666836302, 35.57500000057401]}, "properties": {"p_logistic": 0.5003817677497864, "p_rf": 0.8379999995231628, "p_xgb": 0.9935359954833984, "date": "2025-12-22"}}, {"type": "Feature", "geometry": {"type": "Point", "coordinates": [-82.60833333503001, 35.57500000057401]}, "properties": {"p_logistic": 0.5015786290168762, "p_rf": 0.8679999709129333, "p_xgb": 0.9942527413368225, "date": "2025-12-22"}}, {"type": "Feature", "geometry": {"type": "Point", "coordinates": [-82.60000000169703, 35.57500000057401]}, "properties": {"p_logistic": 0.5029959082603455, "p_rf": 0.8679999709129333, "p_xgb": 0.9969045519828796, "date": "2025-12-22"}}, {"type": "Feature", "geometry": {"type": "Point", "coordinates": [-82.59166666836401, 35.57500000057401]}, "properties": {"p_logistic": 0.5043964982032776, "p_rf": 0.8740000128746033, "p_xgb": 0.9974879026412964, "date": "2025-12-22"}}, {"type": "Feature", "geometry": {"type": "Point", "coordinates": [-82.58333333503101, 35.57500000057401]}, "properties": {"p_logistic": 0.5053333044052124, "p_rf": 0.8759999871253967, "p_xgb": 0.9974879026412964, "date": "2025-12-22"}}, {"type": "Feature", "geometry": {"type": "Point", "coordinates": [-82.57500000169802, 35.57500000057401]}, "properties": {"p_logistic": 0.5064775943756104, "p_rf": 0.8759999871253967, "p_xgb": 0.9974879026412964, "date": "2025-12-22"}}, {"type": "Feature", "geometry": {"type": "Point", "coordinates": [-82.56666666836502, 35.57500000057401]}, "properties": {"p_logistic": 0.5075547695159912, "p_rf": 0.8759999871253967, "p_xgb": 0.9974879026412964, "date": "2025-12-22"}}, {"type": "Feature", "geometry": {"type": "Point", "coordinates": [-82.55833333503202, 35.57500000057401]}, "properties": {"p_logistic": 0.509061336517334, "p_rf": 0.8759999871253967, "p_xgb": 0.9973340034484863, "date": "2025-12-22"}}, {"type": "Feature", "geometry": {"type": "Point", "coordinates": [-82.55000000169902, 35.57500000057401]}, "properties": {"p_logistic": 0.5104498863220215, "p_rf": 0.8679999709129333, "p_xgb": 0.9956110119819641, "date": "2025-12-22"}}, {"type": "Feature", "geometry": {"type": "Point", "coordinates": [-82.54166666836602, 35.57500000057401]}, "properties": {"p_logistic": 0.5111731886863708, "p_rf": 0.8640000224113464, "p_xgb": 0.9956110119819641, "date": "2025-12-22"}}, {"type": "Feature", "geometry": {"type": "Point", "coordinates": [-82.53333333503302, 35.57500000057401]}, "properties": {"p_logistic": 0.5108876824378967, "p_rf": 0.8659999966621399, "p_xgb": 0.9956110119819641, "date": "2025-12-22"}}, {"type": "Feature", "geometry": {"type": "Point", "coordinates": [-82.52500000170002, 35.57500000057401]}, "properties": {"p_logistic": 0.5098338723182678, "p_rf": 0.8679999709129333, "p_xgb": 0.9956110119819641, "date": "2025-12-22"}}, {"type": "Feature", "geometry": {"type": "Point", "coordinates": [-82.51666666836701, 35.57500000057401]}, "properties": {"p_logistic": 0.5085253119468689, "p_rf": 0.8759999871253967, "p_xgb": 0.9973340034484863, "date": "2025-12-22"}}, {"type": "Feature", "geometry": {"type": "Point", "coordinates": [-82.50833333503402, 35.57500000057401]}, "properties": {"p_logistic": 0.507215142250061, "p_rf": 0.8759999871253967, "p_xgb": 0.9974879026412964, "date": "2025-12-22"}}, {"type": "Feature", "geometry": {"type": "Point", "coordinates": [-82.50000000170101, 35.57500000057401]}, "properties": {"p_logistic": 0.5065408945083618, "p_rf": 0.8740000128746033, "p_xgb": 0.9974879026412964, "date": "2025-12-22"}}, {"type": "Feature", "geometry": {"type": "Point", "coordinates": [-82.49166666836803, 35.57500000057401]}, "properties": {"p_logistic": 0.506704568862915, "p_rf": 0.8759999871253967, "p_xgb": 0.9974879026412964, "date": "2025-12-22"}}, {"type": "Feature", "geometry": {"type": "Point", "coordinates": [-82.48333333503501, 35.57500000057401]}, "properties": {"p_logistic": 0.508031964302063, "p_rf": 0.8759999871253967, "p_xgb": 0.9973340034484863, "date": "2025-12-22"}}, {"type": "Feature", "geometry": {"type": "Point", "coordinates": [-82.47500000170201, 35.57500000057401]}, "properties": {"p_logistic": 0.5095270872116089, "p_rf": 0.8619999885559082, "p_xgb": 0.9953035116195679, "date": "2025-12-22"}}, {"type": "Feature", "geometry": {"type": "Point", "coordinates": [-82.46666666836902, 35.57500000057401]}, "properties": {"p_logistic": 0.5102289319038391, "p_rf": 0.828000009059906, "p_xgb": 0.994621992111206, "date": "2025-12-22"}}, {"type": "Feature", "geometry": {"type": "Point", "coordinates": [-82.45833333503602, 35.57500000057401]}, "properties": {"p_logistic": 0.5111011862754822, "p_rf": 0.8180000185966492, "p_xgb": 0.9948142766952515, "date": "2025-12-22"}}, {"type": "Feature", "geometry": {"type": "Point", "coordinates": [-82.45000000170302, 35.57500000057401]}, "properties": {"p_logistic": 0.5121647119522095, "p_rf": 0.8019999861717224, "p_xgb": 0.9925385117530823, "date": "2025-12-22"}}, {"type": "Feature", "geometry": {"type": "Point", "coordinates": [-82.44166666837002, 35.57500000057401]}, "properties": {"p_logistic": 0.5147957801818848, "p_rf": 0.7599999904632568, "p_xgb": 0.9880260825157166, "date": "2025-12-22"}}, {"type": "Feature", "geometry": {"type": "Point", "coordinates": [-82.43333333503702, 35.57500000057401]}, "properties": {"p_logistic": 0.5165932774543762, "p_rf": 0.7599999904632568, "p_xgb": 0.9896543025970459, "date": "2025-12-22"}}, {"type": "Feature", "geometry": {"type": "Point", "coordinates": [-82.42500000170402, 35.57500000057401]}, "properties": {"p_logistic": 0.5161301493644714, "p_rf": 0.7519999742507935, "p_xgb": 0.9914639592170715, "date": "2025-12-22"}}, {"type": "Feature", "geometry": {"type": "Point", "coordinates": [-82.41666666837102, 35.57500000057401]}, "properties": {"p_logistic": 0.5144703388214111, "p_rf": 0.7519999742507935, "p_xgb": 0.9914639592170715, "date": "2025-12-22"}}, {"type": "Feature", "geometry": {"type": "Point", "coordinates": [-82.40833333503801, 35.57500000057401]}, "properties": {"p_logistic": 0.5119968056678772, "p_rf": 0.7599999904632568, "p_xgb": 0.9896543025970459, "date": "2025-12-22"}}, {"type": "Feature", "geometry": {"type": "Point", "coordinates": [-82.40000000170502, 35.57500000057401]}, "properties": {"p_logistic": 0.5099428296089172, "p_rf": 0.7599999904632568, "p_xgb": 0.9898908138275146, "date": "2025-12-22"}}, {"type": "Feature", "geometry": {"type": "Point", "coordinates": [-82.39166666837201, 35.57500000057401]}, "properties": {"p_logistic": 0.5076330304145813, "p_rf": 0.7599999904632568, "p_xgb": 0.9940930008888245, "date": "2025-12-22"}}, {"type": "Feature", "geometry": {"type": "Point", "coordinates": [-82.38333333503903, 35.57500000057401]}, "properties": {"p_logistic": 0.5066292881965637, "p_rf": 0.7620000243186951, "p_xgb": 0.9951300621032715, "date": "2025-12-22"}}, {"type": "Feature", "geometry": {"type": "Point", "coordinates": [-82.37500000170601, 35.57500000057401]}, "properties": {"p_logistic": 0.5069891214370728, "p_rf": 0.7519999742507935, "p_xgb": 0.9951300621032715, "date": "2025-12-22"}}, {"type": "Feature", "geometry": {"type": "Point", "coordinates": [-82.36666666837301, 35.57500000057401]}, "properties": {"p_logistic": 0.5073828101158142, "p_rf": 0.7480000257492065, "p_xgb": 0.9970299005508423, "date": "2025-12-22"}}, {"type": "Feature", "geometry": {"type": "Point", "coordinates": [-82.35833333504002, 35.57500000057401]}, "properties": {"p_logistic": 0.5081765651702881, "p_rf": 0.7300000190734863, "p_xgb": 0.9963243007659912, "date": "2025-12-22"}}, {"type": "Feature", "geometry": {"type": "Point", "coordinates": [-82.35000000170702, 35.57500000057401]}, "properties": {"p_logistic": 0.5077301859855652, "p_rf": 0.656000018119812, "p_xgb": 0.9961430430412292, "date": "2025-12-22"}}, {"type": "Feature", "geometry": {"type": "Point", "coordinates": [-82.34166666837402, 35.57500000057401]}, "properties": {"p_logistic": 0.5072756409645081, "p_rf": 0.6539999842643738, "p_xgb": 0.9961430430412292, "date": "2025-12-22"}}, {"type": "Feature", "geometry": {"type": "Point", "coordinates": [-82.33333333504102, 35.57500000057401]}, "properties": {"p_logistic": 0.5079131126403809, "p_rf": 0.6499999761581421, "p_xgb": 0.9957767128944397, "date": "2025-12-22"}}, {"type": "Feature", "geometry": {"type": "Point", "coordinates": [-82.32500000170802, 35.57500000057401]}, "properties": {"p_logistic": 0.5089139342308044, "p_rf": 0.6499999761581421, "p_xgb": 0.9957767128944397, "date": "2025-12-22"}}, {"type": "Feature", "geometry": {"type": "Point", "coordinates": [-82.31666666837502, 35.57500000057401]}, "properties": {"p_logistic": 0.5097638368606567, "p_rf": 0.6520000100135803, "p_xgb": 0.9957767128944397, "date": "2025-12-22"}}, {"type": "Feature", "geometry": {"type": "Point", "coordinates": [-82.30833333504202, 35.57500000057401]}, "properties": {"p_logistic": 0.5108128786087036, "p_rf": 0.6520000100135803, "p_xgb": 0.9959750771522522, "date": "2025-12-22"}}, {"type": "Feature", "geometry": {"type": "Point", "coordinates": [-82.30000000170901, 35.57500000057401]}, "properties": {"p_logistic": 0.5115673542022705, "p_rf": 0.6520000100135803, "p_xgb": 0.9959750771522522, "date": "2025-12-22"}}, {"type": "Feature", "geometry": {"type": "Point", "coordinates": [-82.29166666837602, 35.57500000057401]}, "properties": {"p_logistic": 0.5125184655189514, "p_rf": 0.6499999761581421, "p_xgb": 0.9959750771522522, "date": "2025-12-22"}}, {"type": "Feature", "geometry": {"type": "Point", "coordinates": [-82.28333333504301, 35.57500000057401]}, "properties": {"p_logistic": 0.5136896371841431, "p_rf": 0.6499999761581421, "p_xgb": 0.9959750771522522, "date": "2025-12-22"}}, {"type": "Feature", "geometry": {"type": "Point", "coordinates": [-82.27500000171003, 35.57500000057401]}, "properties": {"p_logistic": 0.5150961875915527, "p_rf": 0.6480000019073486, "p_xgb": 0.9960881471633911, "date": "2025-12-22"}}, {"type": "Feature", "geometry": {"type": "Point", "coordinates": [-82.76666666835702, 35.566666667241]}, "properties": {"p_logistic": 0.47971174120903015, "p_rf": 0.6779999732971191, "p_xgb": 0.9572267532348633, "date": "2025-12-22"}}, {"type": "Feature", "geometry": {"type": "Point", "coordinates": [-82.75833333502402, 35.566666667241]}, "properties": {"p_logistic": 0.4811984598636627, "p_rf": 0.6779999732971191, "p_xgb": 0.959926962852478, "date": "2025-12-22"}}, {"type": "Feature", "geometry": {"type": "Point", "coordinates": [-82.75000000169102, 35.566666667241]}, "properties": {"p_logistic": 0.482043981552124, "p_rf": 0.6779999732971191, "p_xgb": 0.959926962852478, "date": "2025-12-22"}}, {"type": "Feature", "geometry": {"type": "Point", "coordinates": [-82.74166666835802, 35.566666667241]}, "properties": {"p_logistic": 0.48325613141059875, "p_rf": 0.6779999732971191, "p_xgb": 0.959926962852478, "date": "2025-12-22"}}, {"type": "Feature", "geometry": {"type": "Point", "coordinates": [-82.73333333502501, 35.566666667241]}, "properties": {"p_logistic": 0.4850780963897705, "p_rf": 0.6779999732971191, "p_xgb": 0.959926962852478, "date": "2025-12-22"}}, {"type": "Feature", "geometry": {"type": "Point", "coordinates": [-82.72500000169202, 35.566666667241]}, "properties": {"p_logistic": 0.48660656809806824, "p_rf": 0.6759999990463257, "p_xgb": 0.959926962852478, "date": "2025-12-22"}}, {"type": "Feature", "geometry": {"type": "Point", "coordinates": [-82.71666666835901, 35.566666667241]}, "properties": {"p_logistic": 0.48791953921318054, "p_rf": 0.6759999990463257, "p_xgb": 0.959926962852478, "date": "2025-12-22"}}, {"type": "Feature", "geometry": {"type": "Point", "coordinates": [-82.70833333502603, 35.566666667241]}, "properties": {"p_logistic": 0.4895288348197937, "p_rf": 0.6779999732971191, "p_xgb": 0.959926962852478, "date": "2025-12-22"}}, {"type": "Feature", "geometry": {"type": "Point", "coordinates": [-82.70000000169301, 35.566666667241]}, "properties": {"p_logistic": 0.49094080924987793, "p_rf": 0.6779999732971191, "p_xgb": 0.959926962852478, "date": "2025-12-22"}}, {"type": "Feature", "geometry": {"type": "Point", "coordinates": [-82.69166666836001, 35.566666667241]}, "properties": {"p_logistic": 0.49190327525138855, "p_rf": 0.6779999732971191, "p_xgb": 0.959926962852478, "date": "2025-12-22"}}, {"type": "Feature", "geometry": {"type": "Point", "coordinates": [-82.68333333502702, 35.566666667241]}, "properties": {"p_logistic": 0.49242541193962097, "p_rf": 0.6779999732971191, "p_xgb": 0.9535378217697144, "date": "2025-12-22"}}, {"type": "Feature", "geometry": {"type": "Point", "coordinates": [-82.67500000169402, 35.566666667241]}, "properties": {"p_logistic": 0.49278104305267334, "p_rf": 0.6779999732971191, "p_xgb": 0.9554911851882935, "date": "2025-12-22"}}, {"type": "Feature", "geometry": {"type": "Point", "coordinates": [-82.66666666836102, 35.566666667241]}, "properties": {"p_logistic": 0.4937038719654083, "p_rf": 0.8119999766349792, "p_xgb": 0.9752324223518372, "date": "2025-12-22"}}, {"type": "Feature", "geometry": {"type": "Point", "coordinates": [-82.65833333502802, 35.566666667241]}, "properties": {"p_logistic": 0.4945853054523468, "p_rf": 0.8199999928474426, "p_xgb": 0.9943599104881287, "date": "2025-12-22"}}, {"type": "Feature", "geometry": {"type": "Point", "coordinates": [-82.65000000169502, 35.566666667241]}, "properties": {"p_logistic": 0.49525317549705505, "p_rf": 0.8259999752044678, "p_xgb": 0.9952406883239746, "date": "2025-12-22"}}, {"type": "Feature", "geometry": {"type": "Point", "coordinates": [-82.64166666836202, 35.566666667241]}, "properties": {"p_logistic": 0.49604517221450806, "p_rf": 0.8320000171661377, "p_xgb": 0.9952406883239746, "date": "2025-12-22"}}, {"type": "Feature", "geometry": {"type": "Point", "coordinates": [-82.63333333502902, 35.566666667241]}, "properties": {"p_logistic": 0.49739977717399597, "p_rf": 0.843999981880188, "p_xgb": 0.9947699904441833, "date": "2025-12-22"}}, {"type": "Feature", "geometry": {"type": "Point", "coordinates": [-82.62500000169601, 35.566666667241]}, "properties": {"p_logistic": 0.49918052554130554, "p_rf": 0.8379999995231628, "p_xgb": 0.9933645725250244, "date": "2025-12-22"}}, {"type": "Feature", "geometry": {"type": "Point", "coordinates": [-82.61666666836302, 35.566666667241]}, "properties": {"p_logistic": 0.5009563565254211, "p_rf": 0.8679999709129333, "p_xgb": 0.9924473762512207, "date": "2025-12-22"}}, {"type": "Feature", "geometry": {"type": "Point", "coordinates": [-82.60833333503001, 35.566666667241]}, "properties": {"p_logistic": 0.5020411610603333, "p_rf": 0.8700000047683716, "p_xgb": 0.9969045519828796, "date": "2025-12-22"}}, {"type": "Feature", "geometry": {"type": "Point", "coordinates": [-82.60000000169703, 35.566666667241]}, "properties": {"p_logistic": 0.5029160976409912, "p_rf": 0.8679999709129333, "p_xgb": 0.9969045519828796, "date": "2025-12-22"}}, {"type": "Feature", "geometry": {"type": "Point", "coordinates": [-82.59166666836401, 35.566666667241]}, "properties": {"p_logistic": 0.5039610862731934, "p_rf": 0.8759999871253967, "p_xgb": 0.9974879026412964, "date": "2025-12-22"}}, {"type": "Feature", "geometry": {"type": "Point", "coordinates": [-82.58333333503101, 35.566666667241]}, "properties": {"p_logistic": 0.505279541015625, "p_rf": 0.8759999871253967, "p_xgb": 0.9974879026412964, "date": "2025-12-22"}}, {"type": "Feature", "geometry": {"type": "Point", "coordinates": [-82.57500000169802, 35.566666667241]}, "properties": {"p_logistic": 0.5061125755310059, "p_rf": 0.8759999871253967, "p_xgb": 0.9974879026412964, "date": "2025-12-22"}}, {"type": "Feature", "geometry": {"type": "Point", "coordinates": [-82.56666666836502, 35.566666667241]}, "properties": {"p_logistic": 0.5067568421363831, "p_rf": 0.8759999871253967, "p_xgb": 0.9974879026412964, "date": "2025-12-22"}}, {"type": "Feature", "geometry": {"type": "Point", "coordinates": [-82.55833333503202, 35.566666667241]}, "properties": {"p_logistic": 0.5078157782554626, "p_rf": 0.8759999871253967, "p_xgb": 0.9974879026412964, "date": "2025-12-22"}}, {"type": "Feature", "geometry": {"type": "Point", "coordinates": [-82.55000000169902, 35.566666667241]}, "properties": {"p_logistic": 0.5089678168296814, "p_rf": 0.8679999709129333, "p_xgb": 0.9957900643348694, "date": "2025-12-22"}}, {"type": "Feature", "geometry": {"type": "Point", "coordinates": [-82.54166666836602, 35.566666667241]}, "properties": {"p_logistic": 0.509813666343689, "p_rf": 0.8659999966621399, "p_xgb": 0.9956110119819641, "date": "2025-12-22"}}, {"type": "Feature", "geometry": {"type": "Point", "coordinates": [-82.53333333503302, 35.566666667241]}, "properties": {"p_logistic": 0.5095133185386658, "p_rf": 0.8679999709129333, "p_xgb": 0.9956110119819641, "date": "2025-12-22"}}, {"type": "Feature", "geometry": {"type": "Point", "coordinates": [-82.52500000170002, 35.566666667241]}, "properties": {"p_logistic": 0.5085740089416504, "p_rf": 0.8679999709129333, "p_xgb": 0.9973340034484863, "date": "2025-12-22"}}, {"type": "Feature", "geometry": {"type": "Point", "coordinates": [-82.51666666836701, 35.566666667241]}, "properties": {"p_logistic": 0.5076022148132324, "p_rf": 0.8759999871253967, "p_xgb": 0.9974879026412964, "date": "2025-12-22"}}, {"type": "Feature", "geometry": {"type": "Point", "coordinates": [-82.50833333503402, 35.566666667241]}, "properties": {"p_logistic": 0.5069964528083801, "p_rf": 0.8759999871253967, "p_xgb": 0.9974879026412964, "date": "2025-12-22"}}, {"type": "Feature", "geometry": {"type": "Point", "coordinates": [-82.50000000170101, 35.566666667241]}, "properties": {"p_logistic": 0.5075381994247437, "p_rf": 0.8759999871253967, "p_xgb": 0.9974879026412964, "date": "2025-12-22"}}, {"type": "Feature", "geometry": {"type": "Point", "coordinates": [-82.49166666836803, 35.566666667241]}, "properties": {"p_logistic": 0.508142352104187, "p_rf": 0.8679999709129333, "p_xgb": 0.9957900643348694, "date": "2025-12-22"}}, {"type": "Feature", "geometry": {"type": "Point", "coordinates": [-82.48333333503501, 35.566666667241]}, "properties": {"p_logistic": 0.5098738074302673, "p_rf": 0.843999981880188, "p_xgb": 0.994621992111206, "date": "2025-12-22"}}, {"type": "Feature", "geometry": {"type": "Point", "coordinates": [-82.47500000170201, 35.566666667241]}, "properties": {"p_logistic": 0.5106307864189148, "p_rf": 0.828000009059906, "p_xgb": 0.994621992111206, "date": "2025-12-22"}}, {"type": "Feature", "geometry": {"type": "Point", "coordinates": [-82.46666666836902, 35.566666667241]}, "properties": {"p_logistic": 0.5104162693023682, "p_rf": 0.8199999928474426, "p_xgb": 0.9948142766952515, "date": "2025-12-22"}}, {"type": "Feature", "geometry": {"type": "Point", "coordinates": [-82.45833333503602, 35.566666667241]}, "properties": {"p_logistic": 0.5100055932998657, "p_rf": 0.8040000200271606, "p_xgb": 0.9928942322731018, "date": "2025-12-22"}}, {"type": "Feature", "geometry": {"type": "Point", "coordinates": [-82.45000000170302, 35.566666667241]}, "properties": {"p_logistic": 0.5104856491088867, "p_rf": 0.800000011920929, "p_xgb": 0.9925385117530823, "date": "2025-12-22"}}, {"type": "Feature", "geometry": {"type": "Point", "coordinates": [-82.44166666837002, 35.566666667241]}, "properties": {"p_logistic": 0.5117582082748413, "p_rf": 0.7620000243186951, "p_xgb": 0.9880260825157166, "date": "2025-12-22"}}, {"type": "Feature", "geometry": {"type": "Point", "coordinates": [-82.43333333503702, 35.566666667241]}, "properties": {"p_logistic": 0.5135843753814697, "p_rf": 0.7599999904632568, "p_xgb": 0.9886714220046997, "date": "2025-12-22"}}, {"type": "Feature", "geometry": {"type": "Point", "coordinates": [-82.42500000170402, 35.566666667241]}, "properties": {"p_logistic": 0.513614296913147, "p_rf": 0.7620000243186951, "p_xgb": 0.9914639592170715, "date": "2025-12-22"}}, {"type": "Feature", "geometry": {"type": "Point", "coordinates": [-82.41666666837102, 35.566666667241]}, "properties": {"p_logistic": 0.5127276182174683, "p_rf": 0.7519999742507935, "p_xgb": 0.9914639592170715, "date": "2025-12-22"}}, {"type": "Feature", "geometry": {"type": "Point", "coordinates": [-82.40833333503801, 35.566666667241]}, "properties": {"p_logistic": 0.5113117694854736, "p_rf": 0.7519999742507935, "p_xgb": 0.9916594624519348, "date": "2025-12-22"}}, {"type": "Feature", "geometry": {"type": "Point", "coordinates": [-82.40000000170502, 35.566666667241]}, "properties": {"p_logistic": 0.5094966292381287, "p_rf": 0.7519999742507935, "p_xgb": 0.9937505125999451, "date": "2025-12-22"}}, {"type": "Feature", "geometry": {"type": "Point", "coordinates": [-82.39166666837201, 35.566666667241]}, "properties": {"p_logistic": 0.5079891681671143, "p_rf": 0.7519999742507935, "p_xgb": 0.9951300621032715, "date": "2025-12-22"}}, {"type": "Feature", "geometry": {"type": "Point", "coordinates": [-82.38333333503903, 35.566666667241]}, "properties": {"p_logistic": 0.5071354508399963, "p_rf": 0.7480000257492065, "p_xgb": 0.9951300621032715, "date": "2025-12-22"}}, {"type": "Feature", "geometry": {"type": "Point", "coordinates": [-82.37500000170601, 35.566666667241]}, "properties": {"p_logistic": 0.5072900056838989, "p_rf": 0.7480000257492065, "p_xgb": 0.9951300621032715, "date": "2025-12-22"}}, {"type": "Feature", "geometry": {"type": "Point", "coordinates": [-82.36666666837301, 35.566666667241]}, "properties": {"p_logistic": 0.5077824592590332, "p_rf": 0.7440000176429749, "p_xgb": 0.9969515800476074, "date": "2025-12-22"}}, {"type": "Feature", "geometry": {"type": "Point", "coordinates": [-82.35833333504002, 35.566666667241]}, "properties": {"p_logistic": 0.5080434679985046, "p_rf": 0.671999990940094, "p_xgb": 0.9961430430412292, "date": "2025-12-22"}}, {"type": "Feature", "geometry": {"type": "Point", "coordinates": [-82.35000000170702, 35.566666667241]}, "properties": {"p_logistic": 0.5077436566352844, "p_rf": 0.6539999842643738, "p_xgb": 0.9961430430412292, "date": "2025-12-22"}}, {"type": "Feature", "geometry": {"type": "Point", "coordinates": [-82.34166666837402, 35.566666667241]}, "properties": {"p_logistic": 0.5073212385177612, "p_rf": 0.6499999761581421, "p_xgb": 0.9957767128944397, "date": "2025-12-22"}}, {"type": "Feature", "geometry": {"type": "Point", "coordinates": [-82.33333333504102, 35.566666667241]}, "properties": {"p_logistic": 0.5079128742218018, "p_rf": 0.6499999761581421, "p_xgb": 0.9957767128944397, "date": "2025-12-22"}}, {"type": "Feature", "geometry": {"type": "Point", "coordinates": [-82.32500000170802, 35.566666667241]}, "properties": {"p_logistic": 0.5089786648750305, "p_rf": 0.6499999761581421, "p_xgb": 0.9957380294799805, "date": "2025-12-22"}}, {"type": "Feature", "geometry": {"type": "Point", "coordinates": [-82.31666666837502, 35.566666667241]}, "properties": {"p_logistic": 0.5101594924926758, "p_rf": 0.6499999761581421, "p_xgb": 0.9957767128944397, "date": "2025-12-22"}}, {"type": "Feature", "geometry": {"type": "Point", "coordinates": [-82.30833333504202, 35.566666667241]}, "properties": {"p_logistic": 0.5115475654602051, "p_rf": 0.6499999761581421, "p_xgb": 0.9957767128944397, "date": "2025-12-22"}}, {"type": "Feature", "geometry": {"type": "Point", "coordinates": [-82.30000000170901, 35.566666667241]}, "properties": {"p_logistic": 0.5125091671943665, "p_rf": 0.6499999761581421, "p_xgb": 0.9959750771522522, "date": "2025-12-22"}}, {"type": "Feature", "geometry": {"type": "Point", "coordinates": [-82.29166666837602, 35.566666667241]}, "properties": {"p_logistic": 0.5131233930587769, "p_rf": 0.6499999761581421, "p_xgb": 0.9959750771522522, "date": "2025-12-22"}}, {"type": "Feature", "geometry": {"type": "Point", "coordinates": [-82.28333333504301, 35.566666667241]}, "properties": {"p_logistic": 0.5138261318206787, "p_rf": 0.6499999761581421, "p_xgb": 0.9960881471633911, "date": "2025-12-22"}}, {"type": "Feature", "geometry": {"type": "Point", "coordinates": [-82.27500000171003, 35.566666667241]}, "properties": {"p_logistic": 0.5147300958633423, "p_rf": 0.6480000019073486, "p_xgb": 0.9960881471633911, "date": "2025-12-22"}}, {"type": "Feature", "geometry": {"type": "Point", "coordinates": [-82.26666666837701, 35.566666667241]}, "properties": {"p_logistic": 0.5156536102294922, "p_rf": 0.6480000019073486, "p_xgb": 0.9960881471633911, "date": "2025-12-22"}}, {"type": "Feature", "geometry": {"type": "Point", "coordinates": [-82.76666666835702, 35.558333333908]}, "properties": {"p_logistic": 0.4805954694747925, "p_rf": 0.6779999732971191, "p_xgb": 0.959926962852478, "date": "2025-12-22"}}, {"type": "Feature", "geometry": {"type": "Point", "coordinates": [-82.75833333502402, 35.558333333908]}, "properties": {"p_logistic": 0.48243582248687744, "p_rf": 0.6779999732971191, "p_xgb": 0.959926962852478, "date": "2025-12-22"}}, {"type": "Feature", "geometry": {"type": "Point", "coordinates": [-82.75000000169102, 35.558333333908]}, "properties": {"p_logistic": 0.4834636449813843, "p_rf": 0.6779999732971191, "p_xgb": 0.959926962852478, "date": "2025-12-22"}}, {"type": "Feature", "geometry": {"type": "Point", "coordinates": [-82.74166666835802, 35.558333333908]}, "properties": {"p_logistic": 0.4844682812690735, "p_rf": 0.6779999732971191, "p_xgb": 0.959926962852478, "date": "2025-12-22"}}, {"type": "Feature", "geometry": {"type": "Point", "coordinates": [-82.73333333502501, 35.558333333908]}, "properties": {"p_logistic": 0.48615503311157227, "p_rf": 0.6779999732971191, "p_xgb": 0.959926962852478, "date": "2025-12-22"}}, {"type": "Feature", "geometry": {"type": "Point", "coordinates": [-82.72500000169202, 35.558333333908]}, "properties": {"p_logistic": 0.4875873923301697, "p_rf": 0.6759999990463257, "p_xgb": 0.959926962852478, "date": "2025-12-22"}}, {"type": "Feature", "geometry": {"type": "Point", "coordinates": [-82.71666666835901, 35.558333333908]}, "properties": {"p_logistic": 0.4890562891960144, "p_rf": 0.6759999990463257, "p_xgb": 0.959926962852478, "date": "2025-12-22"}}, {"type": "Feature", "geometry": {"type": "Point", "coordinates": [-82.70833333502603, 35.558333333908]}, "properties": {"p_logistic": 0.4906947910785675, "p_rf": 0.6779999732971191, "p_xgb": 0.959926962852478, "date": "2025-12-22"}}, {"type": "Feature", "geometry": {"type": "Point", "coordinates": [-82.70000000169301, 35.558333333908]}, "properties": {"p_logistic": 0.49195340275764465, "p_rf": 0.6779999732971191, "p_xgb": 0.959926962852478, "date": "2025-12-22"}}, {"type": "Feature", "geometry": {"type": "Point", "coordinates": [-82.69166666836001, 35.558333333908]}, "properties": {"p_logistic": 0.4927300810813904, "p_rf": 0.6779999732971191, "p_xgb": 0.959926962852478, "date": "2025-12-22"}}, {"type": "Feature", "geometry": {"type": "Point", "coordinates": [-82.68333333502702, 35.558333333908]}, "properties": {"p_logistic": 0.49302417039871216, "p_rf": 0.6779999732971191, "p_xgb": 0.9535378217697144, "date": "2025-12-22"}}, {"type": "Feature", "geometry": {"type": "Point", "coordinates": [-82.67500000169402, 35.558333333908]}, "properties": {"p_logistic": 0.49294179677963257, "p_rf": 0.6779999732971191, "p_xgb": 0.9535378217697144, "date": "2025-12-22"}}, {"type": "Feature", "geometry": {"type": "Point", "coordinates": [-82.66666666836102, 35.558333333908]}, "properties": {"p_logistic": 0.49382999539375305, "p_rf": 0.6819999814033508, "p_xgb": 0.9606894850730896, "date": "2025-12-22"}}, {"type": "Feature", "geometry": {"type": "Point", "coordinates": [-82.65833333502802, 35.558333333908]}, "properties": {"p_logistic": 0.49438005685806274, "p_rf": 0.8199999928474426, "p_xgb": 0.9943599104881287, "date": "2025-12-22"}}, {"type": "Feature", "geometry": {"type": "Point", "coordinates": [-82.65000000169502, 35.558333333908]}, "properties": {"p_logistic": 0.4955193102359772, "p_rf": 0.8259999752044678, "p_xgb": 0.9952406883239746, "date": "2025-12-22"}}, {"type": "Feature", "geometry": {"type": "Point", "coordinates": [-82.64166666836202, 35.558333333908]}, "properties": {"p_logistic": 0.49640804529190063, "p_rf": 0.8320000171661377, "p_xgb": 0.9952406883239746, "date": "2025-12-22"}}, {"type": "Feature", "geometry": {"type": "Point", "coordinates": [-82.63333333502902, 35.558333333908]}, "properties": {"p_logistic": 0.49816083908081055, "p_rf": 0.843999981880188, "p_xgb": 0.9933645725250244, "date": "2025-12-22"}}, {"type": "Feature", "geometry": {"type": "Point", "coordinates": [-82.62500000169601, 35.558333333908]}, "properties": {"p_logistic": 0.5004545450210571, "p_rf": 0.8679999709129333, "p_xgb": 0.9924473762512207, "date": "2025-12-22"}}, {"type": "Feature", "geometry": {"type": "Point", "coordinates": [-82.61666666836302, 35.558333333908]}, "properties": {"p_logistic": 0.5020338892936707, "p_rf": 0.8679999709129333, "p_xgb": 0.9969045519828796, "date": "2025-12-22"}}, {"type": "Feature", "geometry": {"type": "Point", "coordinates": [-82.60833333503001, 35.558333333908]}, "properties": {"p_logistic": 0.502936840057373, "p_rf": 0.8740000128746033, "p_xgb": 0.9974879026412964, "date": "2025-12-22"}}, {"type": "Feature", "geometry": {"type": "Point", "coordinates": [-82.60000000169703, 35.558333333908]}, "properties": {"p_logistic": 0.5039911270141602, "p_rf": 0.8759999871253967, "p_xgb": 0.9973115921020508, "date": "2025-12-22"}}, {"type": "Feature", "geometry": {"type": "Point", "coordinates": [-82.59166666836401, 35.558333333908]}, "properties": {"p_logistic": 0.5045427083969116, "p_rf": 0.8759999871253967, "p_xgb": 0.9973115921020508, "date": "2025-12-22"}}, {"type": "Feature", "geometry": {"type": "Point", "coordinates": [-82.58333333503101, 35.558333333908]}, "properties": {"p_logistic": 0.5051280856132507, "p_rf": 0.8759999871253967, "p_xgb": 0.9974879026412964, "date": "2025-12-22"}}, {"type": "Feature", "geometry": {"type": "Point", "coordinates": [-82.57500000169802, 35.558333333908]}, "properties": {"p_logistic": 0.5061447024345398, "p_rf": 0.8759999871253967, "p_xgb": 0.9974879026412964, "date": "2025-12-22"}}, {"type": "Feature", "geometry": {"type": "Point", "coordinates": [-82.56666666836502, 35.558333333908]}, "properties": {"p_logistic": 0.5064094662666321, "p_rf": 0.8759999871253967, "p_xgb": 0.9974879026412964, "date": "2025-12-22"}}, {"type": "Feature", "geometry": {"type": "Point", "coordinates": [-82.55833333503202, 35.558333333908]}, "properties": {"p_logistic": 0.5070152878761292, "p_rf": 0.8759999871253967, "p_xgb": 0.9974879026412964, "date": "2025-12-22"}}, {"type": "Feature", "geometry": {"type": "Point", "coordinates": [-82.55000000169902, 35.558333333908]}, "properties": {"p_logistic": 0.5076273083686829, "p_rf": 0.8759999871253967, "p_xgb": 0.9973340034484863, "date": "2025-12-22"}}, {"type": "Feature", "geometry": {"type": "Point", "coordinates": [-82.54166666836602, 35.558333333908]}, "properties": {"p_logistic": 0.507681667804718, "p_rf": 0.8700000047683716, "p_xgb": 0.9973340034484863, "date": "2025-12-22"}}, {"type": "Feature", "geometry": {"type": "Point", "coordinates": [-82.53333333503302, 35.558333333908]}, "properties": {"p_logistic": 0.5075462460517883, "p_rf": 0.8679999709129333, "p_xgb": 0.9941785335540771, "date": "2025-12-22"}}, {"type": "Feature", "geometry": {"type": "Point", "coordinates": [-82.52500000170002, 35.558333333908]}, "properties": {"p_logistic": 0.506986141204834, "p_rf": 0.871999979019165, "p_xgb": 0.9971467852592468, "date": "2025-12-22"}}, {"type": "Feature", "geometry": {"type": "Point", "coordinates": [-82.51666666836701, 35.558333333908]}, "properties": {"p_logistic": 0.5068446397781372, "p_rf": 0.8700000047683716, "p_xgb": 0.9971467852592468, "date": "2025-12-22"}}, {"type": "Feature", "geometry": {"type": "Point", "coordinates": [-82.50833333503402, 35.558333333908]}, "properties": {"p_logistic": 0.5073997974395752, "p_rf": 0.8679999709129333, "p_xgb": 0.995495080947876, "date": "2025-12-22"}}, {"type": "Feature", "geometry": {"type": "Point", "coordinates": [-82.50000000170101, 35.558333333908]}, "properties": {"p_logistic": 0.5089640617370605, "p_rf": 0.8619999885559082, "p_xgb": 0.9953035116195679, "date": "2025-12-22"}}, {"type": "Feature", "geometry": {"type": "Point", "coordinates": [-82.49166666836803, 35.558333333908]}, "properties": {"p_logistic": 0.5102296471595764, "p_rf": 0.8339999914169312, "p_xgb": 0.994621992111206, "date": "2025-12-22"}}, {"type": "Feature", "geometry": {"type": "Point", "coordinates": [-82.48333333503501, 35.558333333908]}, "properties": {"p_logistic": 0.5118921995162964, "p_rf": 0.8180000185966492, "p_xgb": 0.9951949715614319, "date": "2025-12-22"}}, {"type": "Feature", "geometry": {"type": "Point", "coordinates": [-82.47500000170201, 35.558333333908]}, "properties": {"p_logistic": 0.51202791929245, "p_rf": 0.8059999942779541, "p_xgb": 0.9951949715614319, "date": "2025-12-22"}}, {"type": "Feature", "geometry": {"type": "Point", "coordinates": [-82.46666666836902, 35.558333333908]}, "properties": {"p_logistic": 0.5109018683433533, "p_rf": 0.8059999942779541, "p_xgb": 0.9928942322731018, "date": "2025-12-22"}}, {"type": "Feature", "geometry": {"type": "Point", "coordinates": [-82.45833333503602, 35.558333333908]}, "properties": {"p_logistic": 0.509883463382721, "p_rf": 0.7960000038146973, "p_xgb": 0.9925385117530823, "date": "2025-12-22"}}, {"type": "Feature", "geometry": {"type": "Point", "coordinates": [-82.45000000170302, 35.558333333908]}, "properties": {"p_logistic": 0.5094032287597656, "p_rf": 0.800000011920929, "p_xgb": 0.9925385117530823, "date": "2025-12-22"}}, {"type": "Feature", "geometry": {"type": "Point", "coordinates": [-82.44166666837002, 35.558333333908]}, "properties": {"p_logistic": 0.5102111101150513, "p_rf": 0.7680000066757202, "p_xgb": 0.9880260825157166, "date": "2025-12-22"}}, {"type": "Feature", "geometry": {"type": "Point", "coordinates": [-82.43333333503702, 35.558333333908]}, "properties": {"p_logistic": 0.5113387107849121, "p_rf": 0.7599999904632568, "p_xgb": 0.9880260825157166, "date": "2025-12-22"}}, {"type": "Feature", "geometry": {"type": "Point", "coordinates": [-82.42500000170402, 35.558333333908]}, "properties": {"p_logistic": 0.5114700794219971, "p_rf": 0.7620000243186951, "p_xgb": 0.9880260825157166, "date": "2025-12-22"}}, {"type": "Feature", "geometry": {"type": "Point", "coordinates": [-82.41666666837102, 35.558333333908]}, "properties": {"p_logistic": 0.5114737153053284, "p_rf": 0.7599999904632568, "p_xgb": 0.9896543025970459, "date": "2025-12-22"}}, {"type": "Feature", "geometry": {"type": "Point", "coordinates": [-82.40833333503801, 35.558333333908]}, "properties": {"p_logistic": 0.5116225481033325, "p_rf": 0.7519999742507935, "p_xgb": 0.9916594624519348, "date": "2025-12-22"}}, {"type": "Feature", "geometry": {"type": "Point", "coordinates": [-82.40000000170502, 35.558333333908]}, "properties": {"p_logistic": 0.5110090374946594, "p_rf": 0.7480000257492065, "p_xgb": 0.9937505125999451, "date": "2025-12-22"}}, {"type": "Feature", "geometry": {"type": "Point", "coordinates": [-82.39166666837201, 35.558333333908]}, "properties": {"p_logistic": 0.5095606446266174, "p_rf": 0.7480000257492065, "p_xgb": 0.9951300621032715, "date": "2025-12-22"}}, {"type": "Feature", "geometry": {"type": "Point", "coordinates": [-82.38333333503903, 35.558333333908]}, "properties": {"p_logistic": 0.5082971453666687, "p_rf": 0.7480000257492065, "p_xgb": 0.9951300621032715, "date": "2025-12-22"}}, {"type": "Feature", "geometry": {"type": "Point", "coordinates": [-82.37500000170601, 35.558333333908]}, "properties": {"p_logistic": 0.50804203748703, "p_rf": 0.7480000257492065, "p_xgb": 0.9951300621032715, "date": "2025-12-22"}}, {"type": "Feature", "geometry": {"type": "Point", "coordinates": [-82.36666666837301, 35.558333333908]}, "properties": {"p_logistic": 0.5082270503044128, "p_rf": 0.7459999918937683, "p_xgb": 0.9969515800476074, "date": "2025-12-22"}}, {"type": "Feature", "geometry": {"type": "Point", "coordinates": [-82.35833333504002, 35.558333333908]}, "properties": {"p_logistic": 0.50869220495224, "p_rf": 0.6700000166893005, "p_xgb": 0.9963243007659912, "date": "2025-12-22"}}, {"type": "Feature", "geometry": {"type": "Point", "coordinates": [-82.35000000170702, 35.558333333908]}, "properties": {"p_logistic": 0.5082693696022034, "p_rf": 0.6539999842643738, "p_xgb": 0.9961430430412292, "date": "2025-12-22"}}, {"type": "Feature", "geometry": {"type": "Point", "coordinates": [-82.34166666837402, 35.558333333908]}, "properties": {"p_logistic": 0.5077136754989624, "p_rf": 0.6520000100135803, "p_xgb": 0.9957767128944397, "date": "2025-12-22"}}, {"type": "Feature", "geometry": {"type": "Point", "coordinates": [-82.33333333504102, 35.558333333908]}, "properties": {"p_logistic": 0.5083680152893066, "p_rf": 0.6499999761581421, "p_xgb": 0.9957767128944397, "date": "2025-12-22"}}, {"type": "Feature", "geometry": {"type": "Point", "coordinates": [-82.32500000170802, 35.558333333908]}, "properties": {"p_logistic": 0.5091972351074219, "p_rf": 0.6499999761581421, "p_xgb": 0.9957767128944397, "date": "2025-12-22"}}, {"type": "Feature", "geometry": {"type": "Point", "coordinates": [-82.31666666837502, 35.558333333908]}, "properties": {"p_logistic": 0.5104628801345825, "p_rf": 0.6499999761581421, "p_xgb": 0.9957767128944397, "date": "2025-12-22"}}, {"type": "Feature", "geometry": {"type": "Point", "coordinates": [-82.30833333504202, 35.558333333908]}, "properties": {"p_logistic": 0.5120837092399597, "p_rf": 0.6499999761581421, "p_xgb": 0.9957380294799805, "date": "2025-12-22"}}, {"type": "Feature", "geometry": {"type": "Point", "coordinates": [-82.30000000170901, 35.558333333908]}, "properties": {"p_logistic": 0.5130157470703125, "p_rf": 0.6499999761581421, "p_xgb": 0.9960881471633911, "date": "2025-12-22"}}, {"type": "Feature", "geometry": {"type": "Point", "coordinates": [-82.29166666837602, 35.558333333908]}, "properties": {"p_logistic": 0.5134683847427368, "p_rf": 0.6499999761581421, "p_xgb": 0.9960881471633911, "date": "2025-12-22"}}, {"type": "Feature", "geometry": {"type": "Point", "coordinates": [-82.28333333504301, 35.558333333908]}, "properties": {"p_logistic": 0.5136409997940063, "p_rf": 0.6480000019073486, "p_xgb": 0.9960881471633911, "date": "2025-12-22"}}, {"type": "Feature", "geometry": {"type": "Point", "coordinates": [-82.27500000171003, 35.558333333908]}, "properties": {"p_logistic": 0.5142307281494141, "p_rf": 0.6480000019073486, "p_xgb": 0.9960881471633911, "date": "2025-12-22"}}, {"type": "Feature", "geometry": {"type": "Point", "coordinates": [-82.26666666837701, 35.558333333908]}, "properties": {"p_logistic": 0.5149505734443665, "p_rf": 0.6480000019073486, "p_xgb": 0.9960881471633911, "date": "2025-12-22"}}, {"type": "Feature", "geometry": {"type": "Point", "coordinates": [-82.25833333504401, 35.558333333908]}, "properties": {"p_logistic": 0.5154982209205627, "p_rf": 0.6480000019073486, "p_xgb": 0.9960881471633911, "date": "2025-12-22"}}, {"type": "Feature", "geometry": {"type": "Point", "coordinates": [-82.25000000171102, 35.558333333908]}, "properties": {"p_logistic": 0.5155603885650635, "p_rf": 0.6460000276565552, "p_xgb": 0.9961756467819214, "date": "2025-12-22"}}, {"type": "Feature", "geometry": {"type": "Point", "coordinates": [-82.76666666835702, 35.550000000575004]}, "properties": {"p_logistic": 0.4808238744735718, "p_rf": 0.6779999732971191, "p_xgb": 0.959926962852478, "date": "2025-12-22"}}, {"type": "Feature", "geometry": {"type": "Point", "coordinates": [-82.75833333502402, 35.550000000575004]}, "properties": {"p_logistic": 0.48287492990493774, "p_rf": 0.6779999732971191, "p_xgb": 0.959926962852478, "date": "2025-12-22"}}, {"type": "Feature", "geometry": {"type": "Point", "coordinates": [-82.75000000169102, 35.550000000575004]}, "properties": {"p_logistic": 0.4840995669364929, "p_rf": 0.6779999732971191, "p_xgb": 0.959926962852478, "date": "2025-12-22"}}, {"type": "Feature", "geometry": {"type": "Point", "coordinates": [-82.74166666835802, 35.550000000575004]}, "properties": {"p_logistic": 0.4852336645126343, "p_rf": 0.6779999732971191, "p_xgb": 0.959926962852478, "date": "2025-12-22"}}, {"type": "Feature", "geometry": {"type": "Point", "coordinates": [-82.73333333502501, 35.550000000575004]}, "properties": {"p_logistic": 0.48718246817588806, "p_rf": 0.6779999732971191, "p_xgb": 0.959926962852478, "date": "2025-12-22"}}, {"type": "Feature", "geometry": {"type": "Point", "coordinates": [-82.72500000169202, 35.550000000575004]}, "properties": {"p_logistic": 0.4888545274734497, "p_rf": 0.6779999732971191, "p_xgb": 0.959926962852478, "date": "2025-12-22"}}, {"type": "Feature", "geometry": {"type": "Point", "coordinates": [-82.71666666835901, 35.550000000575004]}, "properties": {"p_logistic": 0.4901387691497803, "p_rf": 0.6759999990463257, "p_xgb": 0.959926962852478, "date": "2025-12-22"}}, {"type": "Feature", "geometry": {"type": "Point", "coordinates": [-82.70833333502603, 35.550000000575004]}, "properties": {"p_logistic": 0.49172812700271606, "p_rf": 0.6779999732971191, "p_xgb": 0.959926962852478, "date": "2025-12-22"}}, {"type": "Feature", "geometry": {"type": "Point", "coordinates": [-82.70000000169301, 35.550000000575004]}, "properties": {"p_logistic": 0.4928551912307739, "p_rf": 0.6779999732971191, "p_xgb": 0.959926962852478, "date": "2025-12-22"}}, {"type": "Feature", "geometry": {"type": "Point", "coordinates": [-82.69166666836001, 35.550000000575004]}, "properties": {"p_logistic": 0.49346816539764404, "p_rf": 0.6779999732971191, "p_xgb": 0.959926962852478, "date": "2025-12-22"}}, {"type": "Feature", "geometry": {"type": "Point", "coordinates": [-82.68333333502702, 35.550000000575004]}, "properties": {"p_logistic": 0.49350953102111816, "p_rf": 0.6779999732971191, "p_xgb": 0.959926962852478, "date": "2025-12-22"}}, {"type": "Feature", "geometry": {"type": "Point", "coordinates": [-82.67500000169402, 35.550000000575004]}, "properties": {"p_logistic": 0.4934755265712738, "p_rf": 0.6779999732971191, "p_xgb": 0.9535378217697144, "date": "2025-12-22"}}, {"type": "Feature", "geometry": {"type": "Point", "coordinates": [-82.66666666836102, 35.550000000575004]}, "properties": {"p_logistic": 0.49368900060653687, "p_rf": 0.6779999732971191, "p_xgb": 0.9554911851882935, "date": "2025-12-22"}}, {"type": "Feature", "geometry": {"type": "Point", "coordinates": [-82.65833333502802, 35.550000000575004]}, "properties": {"p_logistic": 0.49528706073760986, "p_rf": 0.8199999928474426, "p_xgb": 0.9943599104881287, "date": "2025-12-22"}}, {"type": "Feature", "geometry": {"type": "Point", "coordinates": [-82.65000000169502, 35.550000000575004]}, "properties": {"p_logistic": 0.49676039814949036, "p_rf": 0.8259999752044678, "p_xgb": 0.9952406883239746, "date": "2025-12-22"}}, {"type": "Feature", "geometry": {"type": "Point", "coordinates": [-82.64166666836202, 35.550000000575004]}, "properties": {"p_logistic": 0.4977015554904938, "p_rf": 0.843999981880188, "p_xgb": 0.9947699904441833, "date": "2025-12-22"}}, {"type": "Feature", "geometry": {"type": "Point", "coordinates": [-82.63333333502902, 35.550000000575004]}, "properties": {"p_logistic": 0.49986186623573303, "p_rf": 0.8379999995231628, "p_xgb": 0.9935359954833984, "date": "2025-12-22"}}, {"type": "Feature", "geometry": {"type": "Point", "coordinates": [-82.62500000169601, 35.550000000575004]}, "properties": {"p_logistic": 0.501307487487793, "p_rf": 0.8700000047683716, "p_xgb": 0.9969045519828796, "date": "2025-12-22"}}, {"type": "Feature", "geometry": {"type": "Point", "coordinates": [-82.61666666836302, 35.550000000575004]}, "properties": {"p_logistic": 0.5026603937149048, "p_rf": 0.8740000128746033, "p_xgb": 0.9973115921020508, "date": "2025-12-22"}}, {"type": "Feature", "geometry": {"type": "Point", "coordinates": [-82.60833333503001, 35.550000000575004]}, "properties": {"p_logistic": 0.5034545660018921, "p_rf": 0.8759999871253967, "p_xgb": 0.9973115921020508, "date": "2025-12-22"}}, {"type": "Feature", "geometry": {"type": "Point", "coordinates": [-82.60000000169703, 35.550000000575004]}, "properties": {"p_logistic": 0.5043159127235413, "p_rf": 0.8759999871253967, "p_xgb": 0.9973115921020508, "date": "2025-12-22"}}, {"type": "Feature", "geometry": {"type": "Point", "coordinates": [-82.59166666836401, 35.550000000575004]}, "properties": {"p_logistic": 0.5048866868019104, "p_rf": 0.8759999871253967, "p_xgb": 0.9973115921020508, "date": "2025-12-22"}}, {"type": "Feature", "geometry": {"type": "Point", "coordinates": [-82.58333333503101, 35.550000000575004]}, "properties": {"p_logistic": 0.5052651762962341, "p_rf": 0.8759999871253967, "p_xgb": 0.9973115921020508, "date": "2025-12-22"}}, {"type": "Feature", "geometry": {"type": "Point", "coordinates": [-82.57500000169802, 35.550000000575004]}, "properties": {"p_logistic": 0.5062659382820129, "p_rf": 0.8759999871253967, "p_xgb": 0.9974879026412964, "date": "2025-12-22"}}, {"type": "Feature", "geometry": {"type": "Point", "coordinates": [-82.56666666836502, 35.550000000575004]}, "properties": {"p_logistic": 0.5064176917076111, "p_rf": 0.8759999871253967, "p_xgb": 0.9974879026412964, "date": "2025-12-22"}}, {"type": "Feature", "geometry": {"type": "Point", "coordinates": [-82.55833333503202, 35.550000000575004]}, "properties": {"p_logistic": 0.5067055821418762, "p_rf": 0.8759999871253967, "p_xgb": 0.9974879026412964, "date": "2025-12-22"}}, {"type": "Feature", "geometry": {"type": "Point", "coordinates": [-82.55000000169902, 35.550000000575004]}, "properties": {"p_logistic": 0.5063315033912659, "p_rf": 0.8759999871253967, "p_xgb": 0.9974879026412964, "date": "2025-12-22"}}, {"type": "Feature", "geometry": {"type": "Point", "coordinates": [-82.54166666836602, 35.550000000575004]}, "properties": {"p_logistic": 0.5062797665596008, "p_rf": 0.8759999871253967, "p_xgb": 0.9971467852592468, "date": "2025-12-22"}}, {"type": "Feature", "geometry": {"type": "Point", "coordinates": [-82.53333333503302, 35.550000000575004]}, "properties": {"p_logistic": 0.5059656500816345, "p_rf": 0.871999979019165, "p_xgb": 0.9971467852592468, "date": "2025-12-22"}}, {"type": "Feature", "geometry": {"type": "Point", "coordinates": [-82.52500000170002, 35.550000000575004]}, "properties": {"p_logistic": 0.5059986710548401, "p_rf": 0.8679999709129333, "p_xgb": 0.9937713742256165, "date": "2025-12-22"}}, {"type": "Feature", "geometry": {"type": "Point", "coordinates": [-82.51666666836701, 35.550000000575004]}, "properties": {"p_logistic": 0.5065276026725769, "p_rf": 0.8679999709129333, "p_xgb": 0.9953035116195679, "date": "2025-12-22"}}, {"type": "Feature", "geometry": {"type": "Point", "coordinates": [-82.50833333503402, 35.550000000575004]}, "properties": {"p_logistic": 0.5076916217803955, "p_rf": 0.8619999885559082, "p_xgb": 0.9953035116195679, "date": "2025-12-22"}}, {"type": "Feature", "geometry": {"type": "Point", "coordinates": [-82.50000000170101, 35.550000000575004]}, "properties": {"p_logistic": 0.5089061856269836, "p_rf": 0.8339999914169312, "p_xgb": 0.994621992111206, "date": "2025-12-22"}}, {"type": "Feature", "geometry": {"type": "Point", "coordinates": [-82.49166666836803, 35.550000000575004]}, "properties": {"p_logistic": 0.5108129382133484, "p_rf": 0.8180000185966492, "p_xgb": 0.994621992111206, "date": "2025-12-22"}}, {"type": "Feature", "geometry": {"type": "Point", "coordinates": [-82.48333333503501, 35.550000000575004]}, "properties": {"p_logistic": 0.5124664306640625, "p_rf": 0.8180000185966492, "p_xgb": 0.9951949715614319, "date": "2025-12-22"}}, {"type": "Feature", "geometry": {"type": "Point", "coordinates": [-82.47500000170201, 35.550000000575004]}, "properties": {"p_logistic": 0.5123862028121948, "p_rf": 0.8059999942779541, "p_xgb": 0.9948142766952515, "date": "2025-12-22"}}, {"type": "Feature", "geometry": {"type": "Point", "coordinates": [-82.46666666836902, 35.550000000575004]}, "properties": {"p_logistic": 0.5112980604171753, "p_rf": 0.8040000200271606, "p_xgb": 0.9928942322731018, "date": "2025-12-22"}}, {"type": "Feature", "geometry": {"type": "Point", "coordinates": [-82.45833333503602, 35.550000000575004]}, "properties": {"p_logistic": 0.5094164609909058, "p_rf": 0.8019999861717224, "p_xgb": 0.9925385117530823, "date": "2025-12-22"}}, {"type": "Feature", "geometry": {"type": "Point", "coordinates": [-82.45000000170302, 35.550000000575004]}, "properties": {"p_logistic": 0.5095869898796082, "p_rf": 0.800000011920929, "p_xgb": 0.9925385117530823, "date": "2025-12-22"}}, {"type": "Feature", "geometry": {"type": "Point", "coordinates": [-82.44166666837002, 35.550000000575004]}, "properties": {"p_logistic": 0.5094136595726013, "p_rf": 0.7820000052452087, "p_xgb": 0.9925385117530823, "date": "2025-12-22"}}, {"type": "Feature", "geometry": {"type": "Point", "coordinates": [-82.43333333503702, 35.550000000575004]}, "properties": {"p_logistic": 0.5097943544387817, "p_rf": 0.7680000066757202, "p_xgb": 0.9880260825157166, "date": "2025-12-22"}}, {"type": "Feature", "geometry": {"type": "Point", "coordinates": [-82.42500000170402, 35.550000000575004]}, "properties": {"p_logistic": 0.5103999972343445, "p_rf": 0.7620000243186951, "p_xgb": 0.9880260825157166, "date": "2025-12-22"}}, {"type": "Feature", "geometry": {"type": "Point", "coordinates": [-82.41666666837102, 35.550000000575004]}, "properties": {"p_logistic": 0.5115715861320496, "p_rf": 0.7599999904632568, "p_xgb": 0.9880260825157166, "date": "2025-12-22"}}, {"type": "Feature", "geometry": {"type": "Point", "coordinates": [-82.40833333503801, 35.550000000575004]}, "properties": {"p_logistic": 0.512296199798584, "p_rf": 0.7599999904632568, "p_xgb": 0.9896543025970459, "date": "2025-12-22"}}, {"type": "Feature", "geometry": {"type": "Point", "coordinates": [-82.40000000170502, 35.550000000575004]}, "properties": {"p_logistic": 0.5119336247444153, "p_rf": 0.7519999742507935, "p_xgb": 0.9916594624519348, "date": "2025-12-22"}}, {"type": "Feature", "geometry": {"type": "Point", "coordinates": [-82.39166666837201, 35.550000000575004]}, "properties": {"p_logistic": 0.5110620260238647, "p_rf": 0.7519999742507935, "p_xgb": 0.9916594624519348, "date": "2025-12-22"}}, {"type": "Feature", "geometry": {"type": "Point", "coordinates": [-82.38333333503903, 35.550000000575004]}, "properties": {"p_logistic": 0.510093629360199, "p_rf": 0.7480000257492065, "p_xgb": 0.9940517544746399, "date": "2025-12-22"}}, {"type": "Feature", "geometry": {"type": "Point", "coordinates": [-82.37500000170601, 35.550000000575004]}, "properties": {"p_logistic": 0.5096375346183777, "p_rf": 0.7480000257492065, "p_xgb": 0.9951300621032715, "date": "2025-12-22"}}, {"type": "Feature", "geometry": {"type": "Point", "coordinates": [-82.36666666837301, 35.550000000575004]}, "properties": {"p_logistic": 0.5100144147872925, "p_rf": 0.7440000176429749, "p_xgb": 0.9969515800476074, "date": "2025-12-22"}}, {"type": "Feature", "geometry": {"type": "Point", "coordinates": [-82.35833333504002, 35.550000000575004]}, "properties": {"p_logistic": 0.5099408626556396, "p_rf": 0.671999990940094, "p_xgb": 0.9963243007659912, "date": "2025-12-22"}}, {"type": "Feature", "geometry": {"type": "Point", "coordinates": [-82.35000000170702, 35.550000000575004]}, "properties": {"p_logistic": 0.5096529126167297, "p_rf": 0.6539999842643738, "p_xgb": 0.9961430430412292, "date": "2025-12-22"}}, {"type": "Feature", "geometry": {"type": "Point", "coordinates": [-82.34166666837402, 35.550000000575004]}, "properties": {"p_logistic": 0.5091516971588135, "p_rf": 0.6520000100135803, "p_xgb": 0.9964103102684021, "date": "2025-12-22"}}, {"type": "Feature", "geometry": {"type": "Point", "coordinates": [-82.33333333504102, 35.550000000575004]}, "properties": {"p_logistic": 0.5093700289726257, "p_rf": 0.6499999761581421, "p_xgb": 0.9957767128944397, "date": "2025-12-22"}}, {"type": "Feature", "geometry": {"type": "Point", "coordinates": [-82.32500000170802, 35.550000000575004]}, "properties": {"p_logistic": 0.5102201700210571, "p_rf": 0.6499999761581421, "p_xgb": 0.9957767128944397, "date": "2025-12-22"}}, {"type": "Feature", "geometry": {"type": "Point", "coordinates": [-82.31666666837502, 35.550000000575004]}, "properties": {"p_logistic": 0.5113391280174255, "p_rf": 0.6499999761581421, "p_xgb": 0.995895266532898, "date": "2025-12-22"}}, {"type": "Feature", "geometry": {"type": "Point", "coordinates": [-82.30833333504202, 35.550000000575004]}, "properties": {"p_logistic": 0.5129116177558899, "p_rf": 0.6480000019073486, "p_xgb": 0.995895266532898, "date": "2025-12-22"}}, {"type": "Feature", "geometry": {"type": "Point", "coordinates": [-82.30000000170901, 35.550000000575004]}, "properties": {"p_logistic": 0.5137179493904114, "p_rf": 0.6480000019073486, "p_xgb": 0.9960881471633911, "date": "2025-12-22"}}, {"type": "Feature", "geometry": {"type": "Point", "coordinates": [-82.29166666837602, 35.550000000575004]}, "properties": {"p_logistic": 0.5139058232307434, "p_rf": 0.6480000019073486, "p_xgb": 0.9960881471633911, "date": "2025-12-22"}}, {"type": "Feature", "geometry": {"type": "Point", "coordinates": [-82.28333333504301, 35.550000000575004]}, "properties": {"p_logistic": 0.513805627822876, "p_rf": 0.6480000019073486, "p_xgb": 0.9960881471633911, "date": "2025-12-22"}}, {"type": "Feature", "geometry": {"type": "Point", "coordinates": [-82.27500000171003, 35.550000000575004]}, "properties": {"p_logistic": 0.5142199993133545, "p_rf": 0.6480000019073486, "p_xgb": 0.9960881471633911, "date": "2025-12-22"}}, {"type": "Feature", "geometry": {"type": "Point", "coordinates": [-82.26666666837701, 35.550000000575004]}, "properties": {"p_logistic": 0.5147971510887146, "p_rf": 0.6480000019073486, "p_xgb": 0.9960881471633911, "date": "2025-12-22"}}, {"type": "Feature", "geometry": {"type": "Point", "coordinates": [-82.25833333504401, 35.550000000575004]}, "properties": {"p_logistic": 0.5150702595710754, "p_rf": 0.6480000019073486, "p_xgb": 0.9960881471633911, "date": "2025-12-22"}}, {"type": "Feature", "geometry": {"type": "Point", "coordinates": [-82.25000000171102, 35.550000000575004]}, "properties": {"p_logistic": 0.5150732398033142, "p_rf": 0.6480000019073486, "p_xgb": 0.9960881471633911, "date": "2025-12-22"}}, {"type": "Feature", "geometry": {"type": "Point", "coordinates": [-82.24166666837802, 35.550000000575004]}, "properties": {"p_logistic": 0.5154167413711548, "p_rf": 0.6460000276565552, "p_xgb": 0.9960881471633911, "date": "2025-12-22"}}, {"type": "Feature", "geometry": {"type": "Point", "coordinates": [-82.23333333504502, 35.550000000575004]}, "properties": {"p_logistic": 0.5159202218055725, "p_rf": 0.6460000276565552, "p_xgb": 0.9961756467819214, "date": "2025-12-22"}}, {"type": "Feature", "geometry": {"type": "Point", "coordinates": [-82.22500000171202, 35.550000000575004]}, "properties": {"p_logistic": 0.516280472278595, "p_rf": 0.6439999938011169, "p_xgb": 0.9961756467819214, "date": "2025-12-22"}}, {"type": "Feature", "geometry": {"type": "Point", "coordinates": [-82.21666666837902, 35.550000000575004]}, "properties": {"p_logistic": 0.5167999267578125, "p_rf": 0.6460000276565552, "p_xgb": 0.9959872364997864, "date": "2025-12-22"}}, {"type": "Feature", "geometry": {"type": "Point", "coordinates": [-82.75833333502402, 35.541666667242005]}, "properties": {"p_logistic": 0.4831993579864502, "p_rf": 0.6779999732971191, "p_xgb": 0.959926962852478, "date": "2025-12-22"}}, {"type": "Feature", "geometry": {"type": "Point", "coordinates": [-82.75000000169102, 35.541666667242005]}, "properties": {"p_logistic": 0.48490431904792786, "p_rf": 0.6779999732971191, "p_xgb": 0.959926962852478, "date": "2025-12-22"}}, {"type": "Feature", "geometry": {"type": "Point", "coordinates": [-82.74166666835802, 35.541666667242005]}, "properties": {"p_logistic": 0.48624831438064575, "p_rf": 0.6779999732971191, "p_xgb": 0.959926962852478, "date": "2025-12-22"}}, {"type": "Feature", "geometry": {"type": "Point", "coordinates": [-82.73333333502501, 35.541666667242005]}, "properties": {"p_logistic": 0.48827996850013733, "p_rf": 0.6779999732971191, "p_xgb": 0.959926962852478, "date": "2025-12-22"}}, {"type": "Feature", "geometry": {"type": "Point", "coordinates": [-82.72500000169202, 35.541666667242005]}, "properties": {"p_logistic": 0.49009233713150024, "p_rf": 0.6779999732971191, "p_xgb": 0.959926962852478, "date": "2025-12-22"}}, {"type": "Feature", "geometry": {"type": "Point", "coordinates": [-82.71666666835901, 35.541666667242005]}, "properties": {"p_logistic": 0.49127474427223206, "p_rf": 0.6779999732971191, "p_xgb": 0.959926962852478, "date": "2025-12-22"}}, {"type": "Feature", "geometry": {"type": "Point", "coordinates": [-82.70833333502603, 35.541666667242005]}, "properties": {"p_logistic": 0.4923223853111267, "p_rf": 0.6779999732971191, "p_xgb": 0.959926962852478, "date": "2025-12-22"}}, {"type": "Feature", "geometry": {"type": "Point", "coordinates": [-82.70000000169301, 35.541666667242005]}, "properties": {"p_logistic": 0.4931061267852783, "p_rf": 0.6779999732971191, "p_xgb": 0.959926962852478, "date": "2025-12-22"}}, {"type": "Feature", "geometry": {"type": "Point", "coordinates": [-82.69166666836001, 35.541666667242005]}, "properties": {"p_logistic": 0.4938512146472931, "p_rf": 0.6779999732971191, "p_xgb": 0.9535378217697144, "date": "2025-12-22"}}, {"type": "Feature", "geometry": {"type": "Point", "coordinates": [-82.68333333502702, 35.541666667242005]}, "properties": {"p_logistic": 0.4937691390514374, "p_rf": 0.6779999732971191, "p_xgb": 0.9535378217697144, "date": "2025-12-22"}}, {"type": "Feature", "geometry": {"type": "Point", "coordinates": [-82.67500000169402, 35.541666667242005]}, "properties": {"p_logistic": 0.49355843663215637, "p_rf": 0.6779999732971191, "p_xgb": 0.9535378217697144, "date": "2025-12-22"}}, {"type": "Feature", "geometry": {"type": "Point", "coordinates": [-82.66666666836102, 35.541666667242005]}, "properties": {"p_logistic": 0.49453428387641907, "p_rf": 0.6819999814033508, "p_xgb": 0.9606894850730896, "date": "2025-12-22"}}, {"type": "Feature", "geometry": {"type": "Point", "coordinates": [-82.65833333502802, 35.541666667242005]}, "properties": {"p_logistic": 0.4961461126804352, "p_rf": 0.8220000267028809, "p_xgb": 0.99479079246521, "date": "2025-12-22"}}, {"type": "Feature", "geometry": {"type": "Point", "coordinates": [-82.65000000169502, 35.541666667242005]}, "properties": {"p_logistic": 0.4974590241909027, "p_rf": 0.8259999752044678, "p_xgb": 0.9952406883239746, "date": "2025-12-22"}}, {"type": "Feature", "geometry": {"type": "Point", "coordinates": [-82.64166666836202, 35.541666667242005]}, "properties": {"p_logistic": 0.4987851679325104, "p_rf": 0.8460000157356262, "p_xgb": 0.9947699904441833, "date": "2025-12-22"}}, {"type": "Feature", "geometry": {"type": "Point", "coordinates": [-82.63333333502902, 35.541666667242005]}, "properties": {"p_logistic": 0.5002215504646301, "p_rf": 0.8399999737739563, "p_xgb": 0.9935359954833984, "date": "2025-12-22"}}, {"type": "Feature", "geometry": {"type": "Point", "coordinates": [-82.62500000169601, 35.541666667242005]}, "properties": {"p_logistic": 0.5017232894897461, "p_rf": 0.8679999709129333, "p_xgb": 0.9966873526573181, "date": "2025-12-22"}}, {"type": "Feature", "geometry": {"type": "Point", "coordinates": [-82.61666666836302, 35.541666667242005]}, "properties": {"p_logistic": 0.5024133920669556, "p_rf": 0.8759999871253967, "p_xgb": 0.9973115921020508, "date": "2025-12-22"}}, {"type": "Feature", "geometry": {"type": "Point", "coordinates": [-82.60833333503001, 35.541666667242005]}, "properties": {"p_logistic": 0.5032066106796265, "p_rf": 0.8759999871253967, "p_xgb": 0.9973115921020508, "date": "2025-12-22"}}, {"type": "Feature", "geometry": {"type": "Point", "coordinates": [-82.60000000169703, 35.541666667242005]}, "properties": {"p_logistic": 0.5047082304954529, "p_rf": 0.8759999871253967, "p_xgb": 0.9973115921020508, "date": "2025-12-22"}}, {"type": "Feature", "geometry": {"type": "Point", "coordinates": [-82.59166666836401, 35.541666667242005]}, "properties": {"p_logistic": 0.5053109526634216, "p_rf": 0.8759999871253967, "p_xgb": 0.9971467852592468, "date": "2025-12-22"}}, {"type": "Feature", "geometry": {"type": "Point", "coordinates": [-82.58333333503101, 35.541666667242005]}, "properties": {"p_logistic": 0.5055922269821167, "p_rf": 0.8759999871253967, "p_xgb": 0.9971467852592468, "date": "2025-12-22"}}, {"type": "Feature", "geometry": {"type": "Point", "coordinates": [-82.57500000169802, 35.541666667242005]}, "properties": {"p_logistic": 0.5060052275657654, "p_rf": 0.8759999871253967, "p_xgb": 0.9971467852592468, "date": "2025-12-22"}}, {"type": "Feature", "geometry": {"type": "Point", "coordinates": [-82.56666666836502, 35.541666667242005]}, "properties": {"p_logistic": 0.5058825612068176, "p_rf": 0.8759999871253967, "p_xgb": 0.9971467852592468, "date": "2025-12-22"}}, {"type": "Feature", "geometry": {"type": "Point", "coordinates": [-82.55833333503202, 35.541666667242005]}, "properties": {"p_logistic": 0.5058492422103882, "p_rf": 0.8759999871253967, "p_xgb": 0.9973115921020508, "date": "2025-12-22"}}, {"type": "Feature", "geometry": {"type": "Point", "coordinates": [-82.55000000169902, 35.541666667242005]}, "properties": {"p_logistic": 0.5057615637779236, "p_rf": 0.8759999871253967, "p_xgb": 0.9973115921020508, "date": "2025-12-22"}}, {"type": "Feature", "geometry": {"type": "Point", "coordinates": [-82.54166666836602, 35.541666667242005]}, "properties": {"p_logistic": 0.5055170655250549, "p_rf": 0.8759999871253967, "p_xgb": 0.9973115921020508, "date": "2025-12-22"}}, {"type": "Feature", "geometry": {"type": "Point", "coordinates": [-82.53333333503302, 35.541666667242005]}, "properties": {"p_logistic": 0.5050005912780762, "p_rf": 0.8740000128746033, "p_xgb": 0.9971467852592468, "date": "2025-12-22"}}, {"type": "Feature", "geometry": {"type": "Point", "coordinates": [-82.52500000170002, 35.541666667242005]}, "properties": {"p_logistic": 0.5052595138549805, "p_rf": 0.8679999709129333, "p_xgb": 0.995495080947876, "date": "2025-12-22"}}, {"type": "Feature", "geometry": {"type": "Point", "coordinates": [-82.51666666836701, 35.541666667242005]}, "properties": {"p_logistic": 0.5060315728187561, "p_rf": 0.8640000224113464, "p_xgb": 0.9953035116195679, "date": "2025-12-22"}}, {"type": "Feature", "geometry": {"type": "Point", "coordinates": [-82.50833333503402, 35.541666667242005]}, "properties": {"p_logistic": 0.507222592830658, "p_rf": 0.8420000076293945, "p_xgb": 0.994621992111206, "date": "2025-12-22"}}, {"type": "Feature", "geometry": {"type": "Point", "coordinates": [-82.50000000170101, 35.541666667242005]}, "properties": {"p_logistic": 0.5088126063346863, "p_rf": 0.828000009059906, "p_xgb": 0.994621992111206, "date": "2025-12-22"}}, {"type": "Feature", "geometry": {"type": "Point", "coordinates": [-82.49166666836803, 35.541666667242005]}, "properties": {"p_logistic": 0.5105233192443848, "p_rf": 0.8180000185966492, "p_xgb": 0.994621992111206, "date": "2025-12-22"}}, {"type": "Feature", "geometry": {"type": "Point", "coordinates": [-82.48333333503501, 35.541666667242005]}, "properties": {"p_logistic": 0.5115072131156921, "p_rf": 0.8059999942779541, "p_xgb": 0.9948142766952515, "date": "2025-12-22"}}, {"type": "Feature", "geometry": {"type": "Point", "coordinates": [-82.47500000170201, 35.541666667242005]}, "properties": {"p_logistic": 0.5114774703979492, "p_rf": 0.8040000200271606, "p_xgb": 0.9948142766952515, "date": "2025-12-22"}}, {"type": "Feature", "geometry": {"type": "Point", "coordinates": [-82.46666666836902, 35.541666667242005]}, "properties": {"p_logistic": 0.5106256008148193, "p_rf": 0.8040000200271606, "p_xgb": 0.9928942322731018, "date": "2025-12-22"}}, {"type": "Feature", "geometry": {"type": "Point", "coordinates": [-82.45833333503602, 35.541666667242005]}, "properties": {"p_logistic": 0.5095585584640503, "p_rf": 0.8040000200271606, "p_xgb": 0.9925385117530823, "date": "2025-12-22"}}, {"type": "Feature", "geometry": {"type": "Point", "coordinates": [-82.45000000170302, 35.541666667242005]}, "properties": {"p_logistic": 0.5095725655555725, "p_rf": 0.8019999861717224, "p_xgb": 0.9925385117530823, "date": "2025-12-22"}}, {"type": "Feature", "geometry": {"type": "Point", "coordinates": [-82.44166666837002, 35.541666667242005]}, "properties": {"p_logistic": 0.5089710354804993, "p_rf": 0.8019999861717224, "p_xgb": 0.9925385117530823, "date": "2025-12-22"}}, {"type": "Feature", "geometry": {"type": "Point", "coordinates": [-82.43333333503702, 35.541666667242005]}, "properties": {"p_logistic": 0.509148120880127, "p_rf": 0.8019999861717224, "p_xgb": 0.9925385117530823, "date": "2025-12-22"}}, {"type": "Feature", "geometry": {"type": "Point", "coordinates": [-82.42500000170402, 35.541666667242005]}, "properties": {"p_logistic": 0.5098494291305542, "p_rf": 0.800000011920929, "p_xgb": 0.9925385117530823, "date": "2025-12-22"}}, {"type": "Feature", "geometry": {"type": "Point", "coordinates": [-82.41666666837102, 35.541666667242005]}, "properties": {"p_logistic": 0.5119415521621704, "p_rf": 0.7620000243186951, "p_xgb": 0.9880260825157166, "date": "2025-12-22"}}, {"type": "Feature", "geometry": {"type": "Point", "coordinates": [-82.40833333503801, 35.541666667242005]}, "properties": {"p_logistic": 0.5125324726104736, "p_rf": 0.7599999904632568, "p_xgb": 0.9880260825157166, "date": "2025-12-22"}}, {"type": "Feature", "geometry": {"type": "Point", "coordinates": [-82.40000000170502, 35.541666667242005]}, "properties": {"p_logistic": 0.5127483606338501, "p_rf": 0.7599999904632568, "p_xgb": 0.9886714220046997, "date": "2025-12-22"}}, {"type": "Feature", "geometry": {"type": "Point", "coordinates": [-82.39166666837201, 35.541666667242005]}, "properties": {"p_logistic": 0.5122861862182617, "p_rf": 0.7620000243186951, "p_xgb": 0.9914639592170715, "date": "2025-12-22"}}, {"type": "Feature", "geometry": {"type": "Point", "coordinates": [-82.38333333503903, 35.541666667242005]}, "properties": {"p_logistic": 0.512542188167572, "p_rf": 0.7480000257492065, "p_xgb": 0.9916594624519348, "date": "2025-12-22"}}, {"type": "Feature", "geometry": {"type": "Point", "coordinates": [-82.37500000170601, 35.541666667242005]}, "properties": {"p_logistic": 0.5128650665283203, "p_rf": 0.7459999918937683, "p_xgb": 0.9962751865386963, "date": "2025-12-22"}}, {"type": "Feature", "geometry": {"type": "Point", "coordinates": [-82.36666666837301, 35.541666667242005]}, "properties": {"p_logistic": 0.5131865739822388, "p_rf": 0.6759999990463257, "p_xgb": 0.9963243007659912, "date": "2025-12-22"}}, {"type": "Feature", "geometry": {"type": "Point", "coordinates": [-82.35833333504002, 35.541666667242005]}, "properties": {"p_logistic": 0.512637197971344, "p_rf": 0.6539999842643738, "p_xgb": 0.9963243007659912, "date": "2025-12-22"}}, {"type": "Feature", "geometry": {"type": "Point", "coordinates": [-82.35000000170702, 35.541666667242005]}, "properties": {"p_logistic": 0.5120987892150879, "p_rf": 0.6539999842643738, "p_xgb": 0.9963243007659912, "date": "2025-12-22"}}, {"type": "Feature", "geometry": {"type": "Point", "coordinates": [-82.34166666837402, 35.541666667242005]}, "properties": {"p_logistic": 0.5116426944732666, "p_rf": 0.6520000100135803, "p_xgb": 0.9959750771522522, "date": "2025-12-22"}}, {"type": "Feature", "geometry": {"type": "Point", "coordinates": [-82.33333333504102, 35.541666667242005]}, "properties": {"p_logistic": 0.5119591951370239, "p_rf": 0.6499999761581421, "p_xgb": 0.9957767128944397, "date": "2025-12-22"}}, {"type": "Feature", "geometry": {"type": "Point", "coordinates": [-82.32500000170802, 35.541666667242005]}, "properties": {"p_logistic": 0.5128124952316284, "p_rf": 0.6480000019073486, "p_xgb": 0.995895266532898, "date": "2025-12-22"}}, {"type": "Feature", "geometry": {"type": "Point", "coordinates": [-82.31666666837502, 35.541666667242005]}, "properties": {"p_logistic": 0.5137171149253845, "p_rf": 0.6480000019073486, "p_xgb": 0.9960881471633911, "date": "2025-12-22"}}, {"type": "Feature", "geometry": {"type": "Point", "coordinates": [-82.30833333504202, 35.541666667242005]}, "properties": {"p_logistic": 0.514732837677002, "p_rf": 0.6480000019073486, "p_xgb": 0.9960881471633911, "date": "2025-12-22"}}, {"type": "Feature", "geometry": {"type": "Point", "coordinates": [-82.30000000170901, 35.541666667242005]}, "properties": {"p_logistic": 0.5152243971824646, "p_rf": 0.6480000019073486, "p_xgb": 0.9960881471633911, "date": "2025-12-22"}}, {"type": "Feature", "geometry": {"type": "Point", "coordinates": [-82.29166666837602, 35.541666667242005]}, "properties": {"p_logistic": 0.5154710412025452, "p_rf": 0.6460000276565552, "p_xgb": 0.9961756467819214, "date": "2025-12-22"}}, {"type": "Feature", "geometry": {"type": "Point", "coordinates": [-82.28333333504301, 35.541666667242005]}, "properties": {"p_logistic": 0.5151981115341187, "p_rf": 0.6460000276565552, "p_xgb": 0.9960881471633911, "date": "2025-12-22"}}, {"type": "Feature", "geometry": {"type": "Point", "coordinates": [-82.27500000171003, 35.541666667242005]}, "properties": {"p_logistic": 0.5152834057807922, "p_rf": 0.6460000276565552, "p_xgb": 0.9960881471633911, "date": "2025-12-22"}}, {"type": "Feature", "geometry": {"type": "Point", "coordinates": [-82.26666666837701, 35.541666667242005]}, "properties": {"p_logistic": 0.5151483416557312, "p_rf": 0.6480000019073486, "p_xgb": 0.9960881471633911, "date": "2025-12-22"}}, {"type": "Feature", "geometry": {"type": "Point", "coordinates": [-82.25833333504401, 35.541666667242005]}, "properties": {"p_logistic": 0.5150538086891174, "p_rf": 0.6480000019073486, "p_xgb": 0.9960881471633911, "date": "2025-12-22"}}, {"type": "Feature", "geometry": {"type": "Point", "coordinates": [-82.25000000171102, 35.541666667242005]}, "properties": {"p_logistic": 0.5151152610778809, "p_rf": 0.6480000019073486, "p_xgb": 0.9960881471633911, "date": "2025-12-22"}}, {"type": "Feature", "geometry": {"type": "Point", "coordinates": [-82.24166666837802, 35.541666667242005]}, "properties": {"p_logistic": 0.515582263469696, "p_rf": 0.6480000019073486, "p_xgb": 0.9960881471633911, "date": "2025-12-22"}}, {"type": "Feature", "geometry": {"type": "Point", "coordinates": [-82.23333333504502, 35.541666667242005]}, "properties": {"p_logistic": 0.5161495804786682, "p_rf": 0.6460000276565552, "p_xgb": 0.9960881471633911, "date": "2025-12-22"}}, {"type": "Feature", "geometry": {"type": "Point", "coordinates": [-82.22500000171202, 35.541666667242005]}, "properties": {"p_logistic": 0.5165094137191772, "p_rf": 0.6460000276565552, "p_xgb": 0.9961756467819214, "date": "2025-12-22"}}, {"type": "Feature", "geometry": {"type": "Point", "coordinates": [-82.21666666837902, 35.541666667242005]}, "properties": {"p_logistic": 0.5166853666305542, "p_rf": 0.6439999938011169, "p_xgb": 0.9961756467819214, "date": "2025-12-22"}}, {"type": "Feature", "geometry": {"type": "Point", "coordinates": [-82.20833333504602, 35.541666667242005]}, "properties": {"p_logistic": 0.5168806314468384, "p_rf": 0.6439999938011169, "p_xgb": 0.9961756467819214, "date": "2025-12-22"}}, {"type": "Feature", "geometry": {"type": "Point", "coordinates": [-82.20000000171302, 35.541666667242005]}, "properties": {"p_logistic": 0.5175568461418152, "p_rf": 0.6460000276565552, "p_xgb": 0.9961756467819214, "date": "2025-12-22"}}, {"type": "Feature", "geometry": {"type": "Point", "coordinates": [-82.76666666835702, 35.533333333909006]}, "properties": {"p_logistic": 0.48213991522789, "p_rf": 0.6779999732971191, "p_xgb": 0.9535378217697144, "date": "2025-12-22"}}, {"type": "Feature", "geometry": {"type": "Point", "coordinates": [-82.75833333502402, 35.533333333909006]}, "properties": {"p_logistic": 0.4841112196445465, "p_rf": 0.6779999732971191, "p_xgb": 0.9535378217697144, "date": "2025-12-22"}}, {"type": "Feature", "geometry": {"type": "Point", "coordinates": [-82.75000000169102, 35.533333333909006]}, "properties": {"p_logistic": 0.48594143986701965, "p_rf": 0.6779999732971191, "p_xgb": 0.9535378217697144, "date": "2025-12-22"}}, {"type": "Feature", "geometry": {"type": "Point", "coordinates": [-82.74166666835802, 35.533333333909006]}, "properties": {"p_logistic": 0.48748403787612915, "p_rf": 0.6779999732971191, "p_xgb": 0.9535378217697144, "date": "2025-12-22"}}, {"type": "Feature", "geometry": {"type": "Point", "coordinates": [-82.73333333502501, 35.533333333909006]}, "properties": {"p_logistic": 0.4895841181278229, "p_rf": 0.6779999732971191, "p_xgb": 0.9535378217697144, "date": "2025-12-22"}}, {"type": "Feature", "geometry": {"type": "Point", "coordinates": [-82.72500000169202, 35.533333333909006]}, "properties": {"p_logistic": 0.49121078848838806, "p_rf": 0.6779999732971191, "p_xgb": 0.9535378217697144, "date": "2025-12-22"}}, {"type": "Feature", "geometry": {"type": "Point", "coordinates": [-82.71666666835901, 35.533333333909006]}, "properties": {"p_logistic": 0.49197930097579956, "p_rf": 0.6779999732971191, "p_xgb": 0.9535378217697144, "date": "2025-12-22"}}, {"type": "Feature", "geometry": {"type": "Point", "coordinates": [-82.70833333502603, 35.533333333909006]}, "properties": {"p_logistic": 0.49256542325019836, "p_rf": 0.6779999732971191, "p_xgb": 0.9535378217697144, "date": "2025-12-22"}}, {"type": "Feature", "geometry": {"type": "Point", "coordinates": [-82.70000000169301, 35.533333333909006]}, "properties": {"p_logistic": 0.49320468306541443, "p_rf": 0.6779999732971191, "p_xgb": 0.9535378217697144, "date": "2025-12-22"}}, {"type": "Feature", "geometry": {"type": "Point", "coordinates": [-82.69166666836001, 35.533333333909006]}, "properties": {"p_logistic": 0.4928416907787323, "p_rf": 0.6779999732971191, "p_xgb": 0.9535378217697144, "date": "2025-12-22"}}, {"type": "Feature", "geometry": {"type": "Point", "coordinates": [-82.68333333502702, 35.533333333909006]}, "properties": {"p_logistic": 0.4928460717201233, "p_rf": 0.6779999732971191, "p_xgb": 0.9535378217697144, "date": "2025-12-22"}}, {"type": "Feature", "geometry": {"type": "Point", "coordinates": [-82.67500000169402, 35.533333333909006]}, "properties": {"p_logistic": 0.4930536448955536, "p_rf": 0.6779999732971191, "p_xgb": 0.9606894850730896, "date": "2025-12-22"}}, {"type": "Feature", "geometry": {"type": "Point", "coordinates": [-82.66666666836102, 35.533333333909006]}, "properties": {"p_logistic": 0.49422842264175415, "p_rf": 0.8119999766349792, "p_xgb": 0.9943599104881287, "date": "2025-12-22"}}, {"type": "Feature", "geometry": {"type": "Point", "coordinates": [-82.65833333502802, 35.533333333909006]}, "properties": {"p_logistic": 0.49595436453819275, "p_rf": 0.8220000267028809, "p_xgb": 0.9945313334465027, "date": "2025-12-22"}}, {"type": "Feature", "geometry": {"type": "Point", "coordinates": [-82.65000000169502, 35.533333333909006]}, "properties": {"p_logistic": 0.49722471833229065, "p_rf": 0.8320000171661377, "p_xgb": 0.9952406883239746, "date": "2025-12-22"}}, {"type": "Feature", "geometry": {"type": "Point", "coordinates": [-82.64166666836202, 35.533333333909006]}, "properties": {"p_logistic": 0.497803270816803, "p_rf": 0.843999981880188, "p_xgb": 0.9947699904441833, "date": "2025-12-22"}}, {"type": "Feature", "geometry": {"type": "Point", "coordinates": [-82.63333333502902, 35.533333333909006]}, "properties": {"p_logistic": 0.4993413984775543, "p_rf": 0.8539999723434448, "p_xgb": 0.9938507080078125, "date": "2025-12-22"}}, {"type": "Feature", "geometry": {"type": "Point", "coordinates": [-82.62500000169601, 35.533333333909006]}, "properties": {"p_logistic": 0.5005204081535339, "p_rf": 0.8679999709129333, "p_xgb": 0.9966873526573181, "date": "2025-12-22"}}, {"type": "Feature", "geometry": {"type": "Point", "coordinates": [-82.61666666836302, 35.533333333909006]}, "properties": {"p_logistic": 0.5020554065704346, "p_rf": 0.8759999871253967, "p_xgb": 0.9973115921020508, "date": "2025-12-22"}}, {"type": "Feature", "geometry": {"type": "Point", "coordinates": [-82.60833333503001, 35.533333333909006]}, "properties": {"p_logistic": 0.5029579997062683, "p_rf": 0.8759999871253967, "p_xgb": 0.9973115921020508, "date": "2025-12-22"}}, {"type": "Feature", "geometry": {"type": "Point", "coordinates": [-82.60000000169703, 35.533333333909006]}, "properties": {"p_logistic": 0.5040391087532043, "p_rf": 0.8759999871253967, "p_xgb": 0.9971467852592468, "date": "2025-12-22"}}, {"type": "Feature", "geometry": {"type": "Point", "coordinates": [-82.59166666836401, 35.533333333909006]}, "properties": {"p_logistic": 0.50477534532547, "p_rf": 0.8679999709129333, "p_xgb": 0.9937713742256165, "date": "2025-12-22"}}, {"type": "Feature", "geometry": {"type": "Point", "coordinates": [-82.58333333503101, 35.533333333909006]}, "properties": {"p_logistic": 0.5050665140151978, "p_rf": 0.8679999709129333, "p_xgb": 0.9937713742256165, "date": "2025-12-22"}}, {"type": "Feature", "geometry": {"type": "Point", "coordinates": [-82.57500000169802, 35.533333333909006]}, "properties": {"p_logistic": 0.5055691003799438, "p_rf": 0.8679999709129333, "p_xgb": 0.9937713742256165, "date": "2025-12-22"}}, {"type": "Feature", "geometry": {"type": "Point", "coordinates": [-82.56666666836502, 35.533333333909006]}, "properties": {"p_logistic": 0.5052586793899536, "p_rf": 0.871999979019165, "p_xgb": 0.9971467852592468, "date": "2025-12-22"}}, {"type": "Feature", "geometry": {"type": "Point", "coordinates": [-82.55833333503202, 35.533333333909006]}, "properties": {"p_logistic": 0.5049928426742554, "p_rf": 0.8759999871253967, "p_xgb": 0.9971467852592468, "date": "2025-12-22"}}, {"type": "Feature", "geometry": {"type": "Point", "coordinates": [-82.55000000169902, 35.533333333909006]}, "properties": {"p_logistic": 0.5049142837524414, "p_rf": 0.8759999871253967, "p_xgb": 0.9973115921020508, "date": "2025-12-22"}}, {"type": "Feature", "geometry": {"type": "Point", "coordinates": [-82.54166666836602, 35.533333333909006]}, "properties": {"p_logistic": 0.5049537420272827, "p_rf": 0.8759999871253967, "p_xgb": 0.9971467852592468, "date": "2025-12-22"}}, {"type": "Feature", "geometry": {"type": "Point", "coordinates": [-82.53333333503302, 35.533333333909006]}, "properties": {"p_logistic": 0.5052697658538818, "p_rf": 0.8700000047683716, "p_xgb": 0.9971467852592468, "date": "2025-12-22"}}, {"type": "Feature", "geometry": {"type": "Point", "coordinates": [-82.52500000170002, 35.533333333909006]}, "properties": {"p_logistic": 0.5056954026222229, "p_rf": 0.8679999709129333, "p_xgb": 0.9953035116195679, "date": "2025-12-22"}}, {"type": "Feature", "geometry": {"type": "Point", "coordinates": [-82.51666666836701, 35.533333333909006]}, "properties": {"p_logistic": 0.5057969689369202, "p_rf": 0.8640000224113464, "p_xgb": 0.9953035116195679, "date": "2025-12-22"}}, {"type": "Feature", "geometry": {"type": "Point", "coordinates": [-82.50833333503402, 35.533333333909006]}, "properties": {"p_logistic": 0.5064857006072998, "p_rf": 0.843999981880188, "p_xgb": 0.994621992111206, "date": "2025-12-22"}}, {"type": "Feature", "geometry": {"type": "Point", "coordinates": [-82.50000000170101, 35.533333333909006]}, "properties": {"p_logistic": 0.5070485472679138, "p_rf": 0.8339999914169312, "p_xgb": 0.9941960573196411, "date": "2025-12-22"}}, {"type": "Feature", "geometry": {"type": "Point", "coordinates": [-82.49166666836803, 35.533333333909006]}, "properties": {"p_logistic": 0.5085285902023315, "p_rf": 0.8259999752044678, "p_xgb": 0.9941960573196411, "date": "2025-12-22"}}, {"type": "Feature", "geometry": {"type": "Point", "coordinates": [-82.48333333503501, 35.533333333909006]}, "properties": {"p_logistic": 0.5094696283340454, "p_rf": 0.8199999928474426, "p_xgb": 0.9928942322731018, "date": "2025-12-22"}}, {"type": "Feature", "geometry": {"type": "Point", "coordinates": [-82.47500000170201, 35.533333333909006]}, "properties": {"p_logistic": 0.5100060701370239, "p_rf": 0.8059999942779541, "p_xgb": 0.9928942322731018, "date": "2025-12-22"}}, {"type": "Feature", "geometry": {"type": "Point", "coordinates": [-82.46666666836902, 35.533333333909006]}, "properties": {"p_logistic": 0.509447455406189, "p_rf": 0.8040000200271606, "p_xgb": 0.9928942322731018, "date": "2025-12-22"}}, {"type": "Feature", "geometry": {"type": "Point", "coordinates": [-82.45833333503602, 35.533333333909006]}, "properties": {"p_logistic": 0.5089021325111389, "p_rf": 0.8040000200271606, "p_xgb": 0.9928942322731018, "date": "2025-12-22"}}, {"type": "Feature", "geometry": {"type": "Point", "coordinates": [-82.45000000170302, 35.533333333909006]}, "properties": {"p_logistic": 0.5085797905921936, "p_rf": 0.8040000200271606, "p_xgb": 0.9928942322731018, "date": "2025-12-22"}}, {"type": "Feature", "geometry": {"type": "Point", "coordinates": [-82.44166666837002, 35.533333333909006]}, "properties": {"p_logistic": 0.5087199807167053, "p_rf": 0.8040000200271606, "p_xgb": 0.9925385117530823, "date": "2025-12-22"}}, {"type": "Feature", "geometry": {"type": "Point", "coordinates": [-82.43333333503702, 35.533333333909006]}, "properties": {"p_logistic": 0.5084142088890076, "p_rf": 0.8040000200271606, "p_xgb": 0.9925385117530823, "date": "2025-12-22"}}, {"type": "Feature", "geometry": {"type": "Point", "coordinates": [-82.42500000170402, 35.533333333909006]}, "properties": {"p_logistic": 0.5090780854225159, "p_rf": 0.8019999861717224, "p_xgb": 0.9925385117530823, "date": "2025-12-22"}}, {"type": "Feature", "geometry": {"type": "Point", "coordinates": [-82.41666666837102, 35.533333333909006]}, "properties": {"p_logistic": 0.5110411643981934, "p_rf": 0.7960000038146973, "p_xgb": 0.9925385117530823, "date": "2025-12-22"}}, {"type": "Feature", "geometry": {"type": "Point", "coordinates": [-82.40833333503801, 35.533333333909006]}, "properties": {"p_logistic": 0.5124605894088745, "p_rf": 0.7680000066757202, "p_xgb": 0.9880260825157166, "date": "2025-12-22"}}, {"type": "Feature", "geometry": {"type": "Point", "coordinates": [-82.40000000170502, 35.533333333909006]}, "properties": {"p_logistic": 0.5129906535148621, "p_rf": 0.7599999904632568, "p_xgb": 0.9880260825157166, "date": "2025-12-22"}}, {"type": "Feature", "geometry": {"type": "Point", "coordinates": [-82.39166666837201, 35.533333333909006]}, "properties": {"p_logistic": 0.5144211053848267, "p_rf": 0.7599999904632568, "p_xgb": 0.9896543025970459, "date": "2025-12-22"}}, {"type": "Feature", "geometry": {"type": "Point", "coordinates": [-82.38333333503903, 35.533333333909006]}, "properties": {"p_logistic": 0.514843225479126, "p_rf": 0.7480000257492065, "p_xgb": 0.9914639592170715, "date": "2025-12-22"}}, {"type": "Feature", "geometry": {"type": "Point", "coordinates": [-82.37500000170601, 35.533333333909006]}, "properties": {"p_logistic": 0.5159950852394104, "p_rf": 0.7400000095367432, "p_xgb": 0.9954648613929749, "date": "2025-12-22"}}, {"type": "Feature", "geometry": {"type": "Point", "coordinates": [-82.36666666837301, 35.533333333909006]}, "properties": {"p_logistic": 0.5169322490692139, "p_rf": 0.6539999842643738, "p_xgb": 0.9963243007659912, "date": "2025-12-22"}}, {"type": "Feature", "geometry": {"type": "Point", "coordinates": [-82.35833333504002, 35.533333333909006]}, "properties": {"p_logistic": 0.5169717073440552, "p_rf": 0.6499999761581421, "p_xgb": 0.9959750771522522, "date": "2025-12-22"}}, {"type": "Feature", "geometry": {"type": "Point", "coordinates": [-82.35000000170702, 35.533333333909006]}, "properties": {"p_logistic": 0.5158278942108154, "p_rf": 0.6499999761581421, "p_xgb": 0.9960881471633911, "date": "2025-12-22"}}, {"type": "Feature", "geometry": {"type": "Point", "coordinates": [-82.34166666837402, 35.533333333909006]}, "properties": {"p_logistic": 0.5155730843544006, "p_rf": 0.6480000019073486, "p_xgb": 0.9960881471633911, "date": "2025-12-22"}}, {"type": "Feature", "geometry": {"type": "Point", "coordinates": [-82.33333333504102, 35.533333333909006]}, "properties": {"p_logistic": 0.515956699848175, "p_rf": 0.6480000019073486, "p_xgb": 0.9960881471633911, "date": "2025-12-22"}}, {"type": "Feature", "geometry": {"type": "Point", "coordinates": [-82.32500000170802, 35.533333333909006]}, "properties": {"p_logistic": 0.516673743724823, "p_rf": 0.6460000276565552, "p_xgb": 0.9961756467819214, "date": "2025-12-22"}}, {"type": "Feature", "geometry": {"type": "Point", "coordinates": [-82.31666666837502, 35.533333333909006]}, "properties": {"p_logistic": 0.5168963074684143, "p_rf": 0.6460000276565552, "p_xgb": 0.9961756467819214, "date": "2025-12-22"}}, {"type": "Feature", "geometry": {"type": "Point", "coordinates": [-82.30833333504202, 35.533333333909006]}, "properties": {"p_logistic": 0.5173505544662476, "p_rf": 0.6460000276565552, "p_xgb": 0.9961756467819214, "date": "2025-12-22"}}, {"type": "Feature", "geometry": {"type": "Point", "coordinates": [-82.30000000170901, 35.533333333909006]}, "properties": {"p_logistic": 0.5175595283508301, "p_rf": 0.6460000276565552, "p_xgb": 0.9961756467819214, "date": "2025-12-22"}}, {"type": "Feature", "geometry": {"type": "Point", "coordinates": [-82.29166666837602, 35.533333333909006]}, "properties": {"p_logistic": 0.5173540711402893, "p_rf": 0.6460000276565552, "p_xgb": 0.9961756467819214, "date": "2025-12-22"}}, {"type": "Feature", "geometry": {"type": "Point", "coordinates": [-82.28333333504301, 35.533333333909006]}, "properties": {"p_logistic": 0.5168634057044983, "p_rf": 0.6460000276565552, "p_xgb": 0.9960881471633911, "date": "2025-12-22"}}, {"type": "Feature", "geometry": {"type": "Point", "coordinates": [-82.27500000171003, 35.533333333909006]}, "properties": {"p_logistic": 0.5169662833213806, "p_rf": 0.6480000019073486, "p_xgb": 0.9960881471633911, "date": "2025-12-22"}}, {"type": "Feature", "geometry": {"type": "Point", "coordinates": [-82.26666666837701, 35.533333333909006]}, "properties": {"p_logistic": 0.5165385603904724, "p_rf": 0.6480000019073486, "p_xgb": 0.9960881471633911, "date": "2025-12-22"}}, {"type": "Feature", "geometry": {"type": "Point", "coordinates": [-82.25833333504401, 35.533333333909006]}, "properties": {"p_logistic": 0.5159295797348022, "p_rf": 0.6480000019073486, "p_xgb": 0.9960881471633911, "date": "2025-12-22"}}, {"type": "Feature", "geometry": {"type": "Point", "coordinates": [-82.25000000171102, 35.533333333909006]}, "properties": {"p_logistic": 0.5158383846282959, "p_rf": 0.6480000019073486, "p_xgb": 0.9960881471633911, "date": "2025-12-22"}}, {"type": "Feature", "geometry": {"type": "Point", "coordinates": [-82.24166666837802, 35.533333333909006]}, "properties": {"p_logistic": 0.5162929892539978, "p_rf": 0.6480000019073486, "p_xgb": 0.9960881471633911, "date": "2025-12-22"}}, {"type": "Feature", "geometry": {"type": "Point", "coordinates": [-82.23333333504502, 35.533333333909006]}, "properties": {"p_logistic": 0.5168364644050598, "p_rf": 0.6460000276565552, "p_xgb": 0.9961756467819214, "date": "2025-12-22"}}, {"type": "Feature", "geometry": {"type": "Point", "coordinates": [-82.22500000171202, 35.533333333909006]}, "properties": {"p_logistic": 0.517169177532196, "p_rf": 0.6460000276565552, "p_xgb": 0.9961756467819214, "date": "2025-12-22"}}, {"type": "Feature", "geometry": {"type": "Point", "coordinates": [-82.21666666837902, 35.533333333909006]}, "properties": {"p_logistic": 0.5173612236976624, "p_rf": 0.6439999938011169, "p_xgb": 0.9961756467819214, "date": "2025-12-22"}}, {"type": "Feature", "geometry": {"type": "Point", "coordinates": [-82.20833333504602, 35.533333333909006]}, "properties": {"p_logistic": 0.5180597305297852, "p_rf": 0.6460000276565552, "p_xgb": 0.9961756467819214, "date": "2025-12-22"}}, {"type": "Feature", "geometry": {"type": "Point", "coordinates": [-82.20000000171302, 35.533333333909006]}, "properties": {"p_logistic": 0.518301784992218, "p_rf": 0.6460000276565552, "p_xgb": 0.9961756467819214, "date": "2025-12-22"}}, {"type": "Feature", "geometry": {"type": "Point", "coordinates": [-82.19166666838001, 35.533333333909006]}, "properties": {"p_logistic": 0.5186651349067688, "p_rf": 0.6480000019073486, "p_xgb": 0.9959872364997864, "date": "2025-12-22"}}, {"type": "Feature", "geometry": {"type": "Point", "coordinates": [-82.18333333504702, 35.533333333909006]}, "properties": {"p_logistic": 0.518347442150116, "p_rf": 0.6480000019073486, "p_xgb": 0.9959872364997864, "date": "2025-12-22"}}, {"type": "Feature", "geometry": {"type": "Point", "coordinates": [-82.77500000169002, 35.525000000576]}, "properties": {"p_logistic": 0.4812469482421875, "p_rf": 0.6779999732971191, "p_xgb": 0.9504294395446777, "date": "2025-12-22"}}, {"type": "Feature", "geometry": {"type": "Point", "coordinates": [-82.76666666835702, 35.525000000576]}, "properties": {"p_logistic": 0.4828563630580902, "p_rf": 0.6779999732971191, "p_xgb": 0.9535378217697144, "date": "2025-12-22"}}, {"type": "Feature", "geometry": {"type": "Point", "coordinates": [-82.75833333502402, 35.525000000576]}, "properties": {"p_logistic": 0.4845488965511322, "p_rf": 0.6779999732971191, "p_xgb": 0.9535378217697144, "date": "2025-12-22"}}, {"type": "Feature", "geometry": {"type": "Point", "coordinates": [-82.75000000169102, 35.525000000576]}, "properties": {"p_logistic": 0.486306756734848, "p_rf": 0.6779999732971191, "p_xgb": 0.9535378217697144, "date": "2025-12-22"}}, {"type": "Feature", "geometry": {"type": "Point", "coordinates": [-82.74166666835802, 35.525000000576]}, "properties": {"p_logistic": 0.4881506860256195, "p_rf": 0.6779999732971191, "p_xgb": 0.9535378217697144, "date": "2025-12-22"}}, {"type": "Feature", "geometry": {"type": "Point", "coordinates": [-82.73333333502501, 35.525000000576]}, "properties": {"p_logistic": 0.49010905623435974, "p_rf": 0.6779999732971191, "p_xgb": 0.9535378217697144, "date": "2025-12-22"}}, {"type": "Feature", "geometry": {"type": "Point", "coordinates": [-82.72500000169202, 35.525000000576]}, "properties": {"p_logistic": 0.49083155393600464, "p_rf": 0.6779999732971191, "p_xgb": 0.9535378217697144, "date": "2025-12-22"}}, {"type": "Feature", "geometry": {"type": "Point", "coordinates": [-82.71666666835901, 35.525000000576]}, "properties": {"p_logistic": 0.49115726351737976, "p_rf": 0.6779999732971191, "p_xgb": 0.9535378217697144, "date": "2025-12-22"}}, {"type": "Feature", "geometry": {"type": "Point", "coordinates": [-82.70833333502603, 35.525000000576]}, "properties": {"p_logistic": 0.4911757707595825, "p_rf": 0.6779999732971191, "p_xgb": 0.9554911851882935, "date": "2025-12-22"}}, {"type": "Feature", "geometry": {"type": "Point", "coordinates": [-82.70000000169301, 35.525000000576]}, "properties": {"p_logistic": 0.4916703402996063, "p_rf": 0.6779999732971191, "p_xgb": 0.9554911851882935, "date": "2025-12-22"}}, {"type": "Feature", "geometry": {"type": "Point", "coordinates": [-82.69166666836001, 35.525000000576]}, "properties": {"p_logistic": 0.49213355779647827, "p_rf": 0.6779999732971191, "p_xgb": 0.9606894850730896, "date": "2025-12-22"}}, {"type": "Feature", "geometry": {"type": "Point", "coordinates": [-82.68333333502702, 35.525000000576]}, "properties": {"p_logistic": 0.49230659008026123, "p_rf": 0.6779999732971191, "p_xgb": 0.9606894850730896, "date": "2025-12-22"}}, {"type": "Feature", "geometry": {"type": "Point", "coordinates": [-82.67500000169402, 35.525000000576]}, "properties": {"p_logistic": 0.49276164174079895, "p_rf": 0.8059999942779541, "p_xgb": 0.9752324223518372, "date": "2025-12-22"}}, {"type": "Feature", "geometry": {"type": "Point", "coordinates": [-82.66666666836102, 35.525000000576]}, "properties": {"p_logistic": 0.4936710596084595, "p_rf": 0.8140000104904175, "p_xgb": 0.9943599104881287, "date": "2025-12-22"}}, {"type": "Feature", "geometry": {"type": "Point", "coordinates": [-82.65833333502802, 35.525000000576]}, "properties": {"p_logistic": 0.4950411319732666, "p_rf": 0.8240000009536743, "p_xgb": 0.9952406883239746, "date": "2025-12-22"}}, {"type": "Feature", "geometry": {"type": "Point", "coordinates": [-82.65000000169502, 35.525000000576]}, "properties": {"p_logistic": 0.4958976209163666, "p_rf": 0.8320000171661377, "p_xgb": 0.9952406883239746, "date": "2025-12-22"}}, {"type": "Feature", "geometry": {"type": "Point", "coordinates": [-82.64166666836202, 35.525000000576]}, "properties": {"p_logistic": 0.4969814121723175, "p_rf": 0.843999981880188, "p_xgb": 0.9933645725250244, "date": "2025-12-22"}}, {"type": "Feature", "geometry": {"type": "Point", "coordinates": [-82.63333333502902, 35.525000000576]}, "properties": {"p_logistic": 0.4989687502384186, "p_rf": 0.8679999709129333, "p_xgb": 0.9921534657478333, "date": "2025-12-22"}}, {"type": "Feature", "geometry": {"type": "Point", "coordinates": [-82.62500000169601, 35.525000000576]}, "properties": {"p_logistic": 0.5004621148109436, "p_rf": 0.8740000128746033, "p_xgb": 0.9973115921020508, "date": "2025-12-22"}}, {"type": "Feature", "geometry": {"type": "Point", "coordinates": [-82.61666666836302, 35.525000000576]}, "properties": {"p_logistic": 0.5013574361801147, "p_rf": 0.8759999871253967, "p_xgb": 0.9973115921020508, "date": "2025-12-22"}}, {"type": "Feature", "geometry": {"type": "Point", "coordinates": [-82.60833333503001, 35.525000000576]}, "properties": {"p_logistic": 0.5022158622741699, "p_rf": 0.8759999871253967, "p_xgb": 0.9973115921020508, "date": "2025-12-22"}}, {"type": "Feature", "geometry": {"type": "Point", "coordinates": [-82.60000000169703, 35.525000000576]}, "properties": {"p_logistic": 0.503538966178894, "p_rf": 0.871999979019165, "p_xgb": 0.9971467852592468, "date": "2025-12-22"}}, {"type": "Feature", "geometry": {"type": "Point", "coordinates": [-82.59166666836401, 35.525000000576]}, "properties": {"p_logistic": 0.5041666030883789, "p_rf": 0.8679999709129333, "p_xgb": 0.9937713742256165, "date": "2025-12-22"}}, {"type": "Feature", "geometry": {"type": "Point", "coordinates": [-82.58333333503101, 35.525000000576]}, "properties": {"p_logistic": 0.5046893358230591, "p_rf": 0.8679999709129333, "p_xgb": 0.995495080947876, "date": "2025-12-22"}}, {"type": "Feature", "geometry": {"type": "Point", "coordinates": [-82.57500000169802, 35.525000000576]}, "properties": {"p_logistic": 0.5049887895584106, "p_rf": 0.8679999709129333, "p_xgb": 0.995495080947876, "date": "2025-12-22"}}, {"type": "Feature", "geometry": {"type": "Point", "coordinates": [-82.56666666836502, 35.525000000576]}, "properties": {"p_logistic": 0.504695475101471, "p_rf": 0.8679999709129333, "p_xgb": 0.995495080947876, "date": "2025-12-22"}}, {"type": "Feature", "geometry": {"type": "Point", "coordinates": [-82.55833333503202, 35.525000000576]}, "properties": {"p_logistic": 0.5045472979545593, "p_rf": 0.8700000047683716, "p_xgb": 0.9971467852592468, "date": "2025-12-22"}}, {"type": "Feature", "geometry": {"type": "Point", "coordinates": [-82.55000000169902, 35.525000000576]}, "properties": {"p_logistic": 0.5046746730804443, "p_rf": 0.871999979019165, "p_xgb": 0.9971467852592468, "date": "2025-12-22"}}, {"type": "Feature", "geometry": {"type": "Point", "coordinates": [-82.54166666836602, 35.525000000576]}, "properties": {"p_logistic": 0.504981517791748, "p_rf": 0.8700000047683716, "p_xgb": 0.9971467852592468, "date": "2025-12-22"}}, {"type": "Feature", "geometry": {"type": "Point", "coordinates": [-82.53333333503302, 35.525000000576]}, "properties": {"p_logistic": 0.5055330395698547, "p_rf": 0.8679999709129333, "p_xgb": 0.995495080947876, "date": "2025-12-22"}}, {"type": "Feature", "geometry": {"type": "Point", "coordinates": [-82.52500000170002, 35.525000000576]}, "properties": {"p_logistic": 0.5056204199790955, "p_rf": 0.8679999709129333, "p_xgb": 0.995495080947876, "date": "2025-12-22"}}, {"type": "Feature", "geometry": {"type": "Point", "coordinates": [-82.51666666836701, 35.525000000576]}, "properties": {"p_logistic": 0.5055904388427734, "p_rf": 0.8679999709129333, "p_xgb": 0.9953035116195679, "date": "2025-12-22"}}, {"type": "Feature", "geometry": {"type": "Point", "coordinates": [-82.50833333503402, 35.525000000576]}, "properties": {"p_logistic": 0.5048754215240479, "p_rf": 0.8619999885559082, "p_xgb": 0.9953035116195679, "date": "2025-12-22"}}, {"type": "Feature", "geometry": {"type": "Point", "coordinates": [-82.50000000170101, 35.525000000576]}, "properties": {"p_logistic": 0.5054139494895935, "p_rf": 0.8379999995231628, "p_xgb": 0.9941960573196411, "date": "2025-12-22"}}, {"type": "Feature", "geometry": {"type": "Point", "coordinates": [-82.49166666836803, 35.525000000576]}, "properties": {"p_logistic": 0.5062254071235657, "p_rf": 0.8320000171661377, "p_xgb": 0.9941960573196411, "date": "2025-12-22"}}, {"type": "Feature", "geometry": {"type": "Point", "coordinates": [-82.48333333503501, 35.525000000576]}, "properties": {"p_logistic": 0.5071423053741455, "p_rf": 0.8259999752044678, "p_xgb": 0.9920491576194763, "date": "2025-12-22"}}, {"type": "Feature", "geometry": {"type": "Point", "coordinates": [-82.47500000170201, 35.525000000576]}, "properties": {"p_logistic": 0.5076810121536255, "p_rf": 0.8199999928474426, "p_xgb": 0.9928942322731018, "date": "2025-12-22"}}, {"type": "Feature", "geometry": {"type": "Point", "coordinates": [-82.46666666836902, 35.525000000576]}, "properties": {"p_logistic": 0.5075376629829407, "p_rf": 0.8180000185966492, "p_xgb": 0.9928942322731018, "date": "2025-12-22"}}, {"type": "Feature", "geometry": {"type": "Point", "coordinates": [-82.45833333503602, 35.525000000576]}, "properties": {"p_logistic": 0.5073302388191223, "p_rf": 0.8180000185966492, "p_xgb": 0.9928942322731018, "date": "2025-12-22"}}, {"type": "Feature", "geometry": {"type": "Point", "coordinates": [-82.45000000170302, 35.525000000576]}, "properties": {"p_logistic": 0.507513165473938, "p_rf": 0.8180000185966492, "p_xgb": 0.9928942322731018, "date": "2025-12-22"}}, {"type": "Feature", "geometry": {"type": "Point", "coordinates": [-82.44166666837002, 35.525000000576]}, "properties": {"p_logistic": 0.506924033164978, "p_rf": 0.8059999942779541, "p_xgb": 0.9928942322731018, "date": "2025-12-22"}}, {"type": "Feature", "geometry": {"type": "Point", "coordinates": [-82.43333333503702, 35.525000000576]}, "properties": {"p_logistic": 0.5067700743675232, "p_rf": 0.8059999942779541, "p_xgb": 0.9928942322731018, "date": "2025-12-22"}}, {"type": "Feature", "geometry": {"type": "Point", "coordinates": [-82.42500000170402, 35.525000000576]}, "properties": {"p_logistic": 0.5077506303787231, "p_rf": 0.8040000200271606, "p_xgb": 0.9928942322731018, "date": "2025-12-22"}}, {"type": "Feature", "geometry": {"type": "Point", "coordinates": [-82.41666666837102, 35.525000000576]}, "properties": {"p_logistic": 0.5103489756584167, "p_rf": 0.8019999861717224, "p_xgb": 0.9925385117530823, "date": "2025-12-22"}}, {"type": "Feature", "geometry": {"type": "Point", "coordinates": [-82.40833333503801, 35.525000000576]}, "properties": {"p_logistic": 0.5120002031326294, "p_rf": 0.7720000147819519, "p_xgb": 0.9925385117530823, "date": "2025-12-22"}}, {"type": "Feature", "geometry": {"type": "Point", "coordinates": [-82.40000000170502, 35.525000000576]}, "properties": {"p_logistic": 0.5128751397132874, "p_rf": 0.7620000243186951, "p_xgb": 0.9880260825157166, "date": "2025-12-22"}}, {"type": "Feature", "geometry": {"type": "Point", "coordinates": [-82.39166666837201, 35.525000000576]}, "properties": {"p_logistic": 0.5143646597862244, "p_rf": 0.7599999904632568, "p_xgb": 0.9886714220046997, "date": "2025-12-22"}}, {"type": "Feature", "geometry": {"type": "Point", "coordinates": [-82.38333333503903, 35.525000000576]}, "properties": {"p_logistic": 0.5159366130828857, "p_rf": 0.7480000257492065, "p_xgb": 0.9947865009307861, "date": "2025-12-22"}}, {"type": "Feature", "geometry": {"type": "Point", "coordinates": [-82.37500000170601, 35.525000000576]}, "properties": {"p_logistic": 0.5176287293434143, "p_rf": 0.6700000166893005, "p_xgb": 0.9952813982963562, "date": "2025-12-22"}}, {"type": "Feature", "geometry": {"type": "Point", "coordinates": [-82.36666666837301, 35.525000000576]}, "properties": {"p_logistic": 0.5195730924606323, "p_rf": 0.6480000019073486, "p_xgb": 0.9960881471633911, "date": "2025-12-22"}}, {"type": "Feature", "geometry": {"type": "Point", "coordinates": [-82.35833333504002, 35.525000000576]}, "properties": {"p_logistic": 0.5200791954994202, "p_rf": 0.6439999938011169, "p_xgb": 0.9961756467819214, "date": "2025-12-22"}}, {"type": "Feature", "geometry": {"type": "Point", "coordinates": [-82.35000000170702, 35.525000000576]}, "properties": {"p_logistic": 0.51994389295578, "p_rf": 0.6460000276565552, "p_xgb": 0.9961756467819214, "date": "2025-12-22"}}, {"type": "Feature", "geometry": {"type": "Point", "coordinates": [-82.34166666837402, 35.525000000576]}, "properties": {"p_logistic": 0.5193372964859009, "p_rf": 0.6460000276565552, "p_xgb": 0.9961756467819214, "date": "2025-12-22"}}, {"type": "Feature", "geometry": {"type": "Point", "coordinates": [-82.33333333504102, 35.525000000576]}, "properties": {"p_logistic": 0.5200629830360413, "p_rf": 0.6460000276565552, "p_xgb": 0.9961756467819214, "date": "2025-12-22"}}, {"type": "Feature", "geometry": {"type": "Point", "coordinates": [-82.32500000170802, 35.525000000576]}, "properties": {"p_logistic": 0.5192074179649353, "p_rf": 0.6460000276565552, "p_xgb": 0.9961756467819214, "date": "2025-12-22"}}, {"type": "Feature", "geometry": {"type": "Point", "coordinates": [-82.31666666837502, 35.525000000576]}, "properties": {"p_logistic": 0.5194104313850403, "p_rf": 0.6460000276565552, "p_xgb": 0.9961756467819214, "date": "2025-12-22"}}, {"type": "Feature", "geometry": {"type": "Point", "coordinates": [-82.30833333504202, 35.525000000576]}, "properties": {"p_logistic": 0.5195044875144958, "p_rf": 0.6439999938011169, "p_xgb": 0.9961756467819214, "date": "2025-12-22"}}, {"type": "Feature", "geometry": {"type": "Point", "coordinates": [-82.30000000170901, 35.525000000576]}, "properties": {"p_logistic": 0.5193131566047668, "p_rf": 0.6439999938011169, "p_xgb": 0.9961756467819214, "date": "2025-12-22"}}, {"type": "Feature", "geometry": {"type": "Point", "coordinates": [-82.29166666837602, 35.525000000576]}, "properties": {"p_logistic": 0.5193889141082764, "p_rf": 0.6460000276565552, "p_xgb": 0.9961756467819214, "date": "2025-12-22"}}, {"type": "Feature", "geometry": {"type": "Point", "coordinates": [-82.28333333504301, 35.525000000576]}, "properties": {"p_logistic": 0.5186622142791748, "p_rf": 0.6460000276565552, "p_xgb": 0.9960881471633911, "date": "2025-12-22"}}, {"type": "Feature", "geometry": {"type": "Point", "coordinates": [-82.27500000171003, 35.525000000576]}, "properties": {"p_logistic": 0.5179824829101562, "p_rf": 0.6480000019073486, "p_xgb": 0.9960881471633911, "date": "2025-12-22"}}, {"type": "Feature", "geometry": {"type": "Point", "coordinates": [-82.26666666837701, 35.525000000576]}, "properties": {"p_logistic": 0.5173754692077637, "p_rf": 0.6480000019073486, "p_xgb": 0.9960881471633911, "date": "2025-12-22"}}, {"type": "Feature", "geometry": {"type": "Point", "coordinates": [-82.25833333504401, 35.525000000576]}, "properties": {"p_logistic": 0.5171176791191101, "p_rf": 0.6480000019073486, "p_xgb": 0.9960881471633911, "date": "2025-12-22"}}, {"type": "Feature", "geometry": {"type": "Point", "coordinates": [-82.25000000171102, 35.525000000576]}, "properties": {"p_logistic": 0.5171158313751221, "p_rf": 0.6480000019073486, "p_xgb": 0.9960881471633911, "date": "2025-12-22"}}, {"type": "Feature", "geometry": {"type": "Point", "coordinates": [-82.24166666837802, 35.525000000576]}, "properties": {"p_logistic": 0.5170919299125671, "p_rf": 0.6460000276565552, "p_xgb": 0.9960881471633911, "date": "2025-12-22"}}, {"type": "Feature", "geometry": {"type": "Point", "coordinates": [-82.23333333504502, 35.525000000576]}, "properties": {"p_logistic": 0.5176695585250854, "p_rf": 0.6460000276565552, "p_xgb": 0.9961756467819214, "date": "2025-12-22"}}, {"type": "Feature", "geometry": {"type": "Point", "coordinates": [-82.22500000171202, 35.525000000576]}, "properties": {"p_logistic": 0.5180274844169617, "p_rf": 0.6439999938011169, "p_xgb": 0.9961756467819214, "date": "2025-12-22"}}, {"type": "Feature", "geometry": {"type": "Point", "coordinates": [-82.21666666837902, 35.525000000576]}, "properties": {"p_logistic": 0.5186823606491089, "p_rf": 0.6439999938011169, "p_xgb": 0.9961756467819214, "date": "2025-12-22"}}, {"type": "Feature", "geometry": {"type": "Point", "coordinates": [-82.20833333504602, 35.525000000576]}, "properties": {"p_logistic": 0.5186808705329895, "p_rf": 0.6460000276565552, "p_xgb": 0.9961756467819214, "date": "2025-12-22"}}, {"type": "Feature", "geometry": {"type": "Point", "coordinates": [-82.20000000171302, 35.525000000576]}, "properties": {"p_logistic": 0.5185502767562866, "p_rf": 0.6460000276565552, "p_xgb": 0.9961756467819214, "date": "2025-12-22"}}, {"type": "Feature", "geometry": {"type": "Point", "coordinates": [-82.19166666838001, 35.525000000576]}, "properties": {"p_logistic": 0.5187969207763672, "p_rf": 0.6460000276565552, "p_xgb": 0.9961756467819214, "date": "2025-12-22"}}, {"type": "Feature", "geometry": {"type": "Point", "coordinates": [-82.77500000169002, 35.516666667243]}, "properties": {"p_logistic": 0.4819633960723877, "p_rf": 0.6779999732971191, "p_xgb": 0.9504294395446777, "date": "2025-12-22"}}, {"type": "Feature", "geometry": {"type": "Point", "coordinates": [-82.76666666835702, 35.516666667243]}, "properties": {"p_logistic": 0.48328155279159546, "p_rf": 0.6779999732971191, "p_xgb": 0.9535378217697144, "date": "2025-12-22"}}, {"type": "Feature", "geometry": {"type": "Point", "coordinates": [-82.75833333502402, 35.516666667243]}, "properties": {"p_logistic": 0.48443126678466797, "p_rf": 0.6779999732971191, "p_xgb": 0.9535378217697144, "date": "2025-12-22"}}, {"type": "Feature", "geometry": {"type": "Point", "coordinates": [-82.75000000169102, 35.516666667243]}, "properties": {"p_logistic": 0.4859783351421356, "p_rf": 0.6779999732971191, "p_xgb": 0.9535378217697144, "date": "2025-12-22"}}, {"type": "Feature", "geometry": {"type": "Point", "coordinates": [-82.74166666835802, 35.516666667243]}, "properties": {"p_logistic": 0.48783737421035767, "p_rf": 0.6779999732971191, "p_xgb": 0.9535378217697144, "date": "2025-12-22"}}, {"type": "Feature", "geometry": {"type": "Point", "coordinates": [-82.73333333502501, 35.516666667243]}, "properties": {"p_logistic": 0.4896174669265747, "p_rf": 0.6779999732971191, "p_xgb": 0.9535378217697144, "date": "2025-12-22"}}, {"type": "Feature", "geometry": {"type": "Point", "coordinates": [-82.72500000169202, 35.516666667243]}, "properties": {"p_logistic": 0.4902312755584717, "p_rf": 0.6779999732971191, "p_xgb": 0.9535378217697144, "date": "2025-12-22"}}, {"type": "Feature", "geometry": {"type": "Point", "coordinates": [-82.71666666835901, 35.516666667243]}, "properties": {"p_logistic": 0.49007195234298706, "p_rf": 0.6779999732971191, "p_xgb": 0.9535378217697144, "date": "2025-12-22"}}, {"type": "Feature", "geometry": {"type": "Point", "coordinates": [-82.70833333502603, 35.516666667243]}, "properties": {"p_logistic": 0.4905796945095062, "p_rf": 0.6779999732971191, "p_xgb": 0.9554911851882935, "date": "2025-12-22"}}, {"type": "Feature", "geometry": {"type": "Point", "coordinates": [-82.70000000169301, 35.516666667243]}, "properties": {"p_logistic": 0.49127984046936035, "p_rf": 0.6779999732971191, "p_xgb": 0.9606894850730896, "date": "2025-12-22"}}, {"type": "Feature", "geometry": {"type": "Point", "coordinates": [-82.69166666836001, 35.516666667243]}, "properties": {"p_logistic": 0.49162933230400085, "p_rf": 0.6779999732971191, "p_xgb": 0.9606894850730896, "date": "2025-12-22"}}, {"type": "Feature", "geometry": {"type": "Point", "coordinates": [-82.68333333502702, 35.516666667243]}, "properties": {"p_logistic": 0.4920019209384918, "p_rf": 0.8059999942779541, "p_xgb": 0.9752324223518372, "date": "2025-12-22"}}, {"type": "Feature", "geometry": {"type": "Point", "coordinates": [-82.67500000169402, 35.516666667243]}, "properties": {"p_logistic": 0.4924641251564026, "p_rf": 0.8119999766349792, "p_xgb": 0.9943599104881287, "date": "2025-12-22"}}, {"type": "Feature", "geometry": {"type": "Point", "coordinates": [-82.66666666836102, 35.516666667243]}, "properties": {"p_logistic": 0.49312910437583923, "p_rf": 0.8199999928474426, "p_xgb": 0.9946264624595642, "date": "2025-12-22"}}, {"type": "Feature", "geometry": {"type": "Point", "coordinates": [-82.65833333502802, 35.516666667243]}, "properties": {"p_logistic": 0.49366384744644165, "p_rf": 0.8259999752044678, "p_xgb": 0.9952406883239746, "date": "2025-12-22"}}, {"type": "Feature", "geometry": {"type": "Point", "coordinates": [-82.65000000169502, 35.516666667243]}, "properties": {"p_logistic": 0.4953671097755432, "p_rf": 0.843999981880188, "p_xgb": 0.9947699904441833, "date": "2025-12-22"}}, {"type": "Feature", "geometry": {"type": "Point", "coordinates": [-82.64166666836202, 35.516666667243]}, "properties": {"p_logistic": 0.49686047434806824, "p_rf": 0.8379999995231628, "p_xgb": 0.9929008483886719, "date": "2025-12-22"}}, {"type": "Feature", "geometry": {"type": "Point", "coordinates": [-82.63333333502902, 35.516666667243]}, "properties": {"p_logistic": 0.4992761015892029, "p_rf": 0.8679999709129333, "p_xgb": 0.9966873526573181, "date": "2025-12-22"}}, {"type": "Feature", "geometry": {"type": "Point", "coordinates": [-82.62500000169601, 35.516666667243]}, "properties": {"p_logistic": 0.5010884404182434, "p_rf": 0.8759999871253967, "p_xgb": 0.9973115921020508, "date": "2025-12-22"}}, {"type": "Feature", "geometry": {"type": "Point", "coordinates": [-82.61666666836302, 35.516666667243]}, "properties": {"p_logistic": 0.5019550919532776, "p_rf": 0.8759999871253967, "p_xgb": 0.9973115921020508, "date": "2025-12-22"}}, {"type": "Feature", "geometry": {"type": "Point", "coordinates": [-82.60833333503001, 35.516666667243]}, "properties": {"p_logistic": 0.5025125741958618, "p_rf": 0.8759999871253967, "p_xgb": 0.9973115921020508, "date": "2025-12-22"}}, {"type": "Feature", "geometry": {"type": "Point", "coordinates": [-82.60000000169703, 35.516666667243]}, "properties": {"p_logistic": 0.5033009052276611, "p_rf": 0.8759999871253967, "p_xgb": 0.9971467852592468, "date": "2025-12-22"}}, {"type": "Feature", "geometry": {"type": "Point", "coordinates": [-82.59166666836401, 35.516666667243]}, "properties": {"p_logistic": 0.5038776397705078, "p_rf": 0.8700000047683716, "p_xgb": 0.9971467852592468, "date": "2025-12-22"}}, {"type": "Feature", "geometry": {"type": "Point", "coordinates": [-82.58333333503101, 35.516666667243]}, "properties": {"p_logistic": 0.5041555166244507, "p_rf": 0.8679999709129333, "p_xgb": 0.9937713742256165, "date": "2025-12-22"}}, {"type": "Feature", "geometry": {"type": "Point", "coordinates": [-82.57500000169802, 35.516666667243]}, "properties": {"p_logistic": 0.5046507716178894, "p_rf": 0.8679999709129333, "p_xgb": 0.995495080947876, "date": "2025-12-22"}}, {"type": "Feature", "geometry": {"type": "Point", "coordinates": [-82.56666666836502, 35.516666667243]}, "properties": {"p_logistic": 0.5044828057289124, "p_rf": 0.8679999709129333, "p_xgb": 0.995495080947876, "date": "2025-12-22"}}, {"type": "Feature", "geometry": {"type": "Point", "coordinates": [-82.55833333503202, 35.516666667243]}, "properties": {"p_logistic": 0.5043885707855225, "p_rf": 0.8679999709129333, "p_xgb": 0.995495080947876, "date": "2025-12-22"}}, {"type": "Feature", "geometry": {"type": "Point", "coordinates": [-82.55000000169902, 35.516666667243]}, "properties": {"p_logistic": 0.5045901536941528, "p_rf": 0.8679999709129333, "p_xgb": 0.995495080947876, "date": "2025-12-22"}}, {"type": "Feature", "geometry": {"type": "Point", "coordinates": [-82.54166666836602, 35.516666667243]}, "properties": {"p_logistic": 0.5051053762435913, "p_rf": 0.8679999709129333, "p_xgb": 0.995495080947876, "date": "2025-12-22"}}, {"type": "Feature", "geometry": {"type": "Point", "coordinates": [-82.53333333503302, 35.516666667243]}, "properties": {"p_logistic": 0.5055739283561707, "p_rf": 0.8679999709129333, "p_xgb": 0.9953035116195679, "date": "2025-12-22"}}, {"type": "Feature", "geometry": {"type": "Point", "coordinates": [-82.52500000170002, 35.516666667243]}, "properties": {"p_logistic": 0.5060043334960938, "p_rf": 0.8679999709129333, "p_xgb": 0.995495080947876, "date": "2025-12-22"}}, {"type": "Feature", "geometry": {"type": "Point", "coordinates": [-82.51666666836701, 35.516666667243]}, "properties": {"p_logistic": 0.5057878494262695, "p_rf": 0.8679999709129333, "p_xgb": 0.995495080947876, "date": "2025-12-22"}}, {"type": "Feature", "geometry": {"type": "Point", "coordinates": [-82.50833333503402, 35.516666667243]}, "properties": {"p_logistic": 0.5048744082450867, "p_rf": 0.8659999966621399, "p_xgb": 0.9953035116195679, "date": "2025-12-22"}}, {"type": "Feature", "geometry": {"type": "Point", "coordinates": [-82.50000000170101, 35.516666667243]}, "properties": {"p_logistic": 0.5044768452644348, "p_rf": 0.8619999885559082, "p_xgb": 0.9949312806129456, "date": "2025-12-22"}}, {"type": "Feature", "geometry": {"type": "Point", "coordinates": [-82.49166666836803, 35.516666667243]}, "properties": {"p_logistic": 0.5041888952255249, "p_rf": 0.8500000238418579, "p_xgb": 0.9950055480003357, "date": "2025-12-22"}}, {"type": "Feature", "geometry": {"type": "Point", "coordinates": [-82.48333333503501, 35.516666667243]}, "properties": {"p_logistic": 0.5046309232711792, "p_rf": 0.8360000252723694, "p_xgb": 0.9920491576194763, "date": "2025-12-22"}}, {"type": "Feature", "geometry": {"type": "Point", "coordinates": [-82.47500000170201, 35.516666667243]}, "properties": {"p_logistic": 0.5050315856933594, "p_rf": 0.828000009059906, "p_xgb": 0.9920491576194763, "date": "2025-12-22"}}, {"type": "Feature", "geometry": {"type": "Point", "coordinates": [-82.46666666836902, 35.516666667243]}, "properties": {"p_logistic": 0.5054047703742981, "p_rf": 0.8259999752044678, "p_xgb": 0.9920491576194763, "date": "2025-12-22"}}, {"type": "Feature", "geometry": {"type": "Point", "coordinates": [-82.45833333503602, 35.516666667243]}, "properties": {"p_logistic": 0.5061511397361755, "p_rf": 0.8180000185966492, "p_xgb": 0.9920491576194763, "date": "2025-12-22"}}, {"type": "Feature", "geometry": {"type": "Point", "coordinates": [-82.45000000170302, 35.516666667243]}, "properties": {"p_logistic": 0.5064085721969604, "p_rf": 0.8180000185966492, "p_xgb": 0.9928942322731018, "date": "2025-12-22"}}, {"type": "Feature", "geometry": {"type": "Point", "coordinates": [-82.44166666837002, 35.516666667243]}, "properties": {"p_logistic": 0.5055229663848877, "p_rf": 0.8199999928474426, "p_xgb": 0.9928942322731018, "date": "2025-12-22"}}, {"type": "Feature", "geometry": {"type": "Point", "coordinates": [-82.43333333503702, 35.516666667243]}, "properties": {"p_logistic": 0.5048834681510925, "p_rf": 0.8199999928474426, "p_xgb": 0.9928942322731018, "date": "2025-12-22"}}, {"type": "Feature", "geometry": {"type": "Point", "coordinates": [-82.42500000170402, 35.516666667243]}, "properties": {"p_logistic": 0.505699634552002, "p_rf": 0.8059999942779541, "p_xgb": 0.9928942322731018, "date": "2025-12-22"}}, {"type": "Feature", "geometry": {"type": "Point", "coordinates": [-82.41666666837102, 35.516666667243]}, "properties": {"p_logistic": 0.50835782289505, "p_rf": 0.7960000038146973, "p_xgb": 0.9925385117530823, "date": "2025-12-22"}}, {"type": "Feature", "geometry": {"type": "Point", "coordinates": [-82.40833333503801, 35.516666667243]}, "properties": {"p_logistic": 0.510452389717102, "p_rf": 0.7979999780654907, "p_xgb": 0.9925385117530823, "date": "2025-12-22"}}, {"type": "Feature", "geometry": {"type": "Point", "coordinates": [-82.40000000170502, 35.516666667243]}, "properties": {"p_logistic": 0.5118680596351624, "p_rf": 0.7620000243186951, "p_xgb": 0.9880260825157166, "date": "2025-12-22"}}, {"type": "Feature", "geometry": {"type": "Point", "coordinates": [-82.39166666837201, 35.516666667243]}, "properties": {"p_logistic": 0.5137861967086792, "p_rf": 0.7599999904632568, "p_xgb": 0.9886714220046997, "date": "2025-12-22"}}, {"type": "Feature", "geometry": {"type": "Point", "coordinates": [-82.38333333503903, 35.516666667243]}, "properties": {"p_logistic": 0.5162411332130432, "p_rf": 0.7459999918937683, "p_xgb": 0.994649350643158, "date": "2025-12-22"}}, {"type": "Feature", "geometry": {"type": "Point", "coordinates": [-82.37500000170601, 35.516666667243]}, "properties": {"p_logistic": 0.5190353989601135, "p_rf": 0.6499999761581421, "p_xgb": 0.9959750771522522, "date": "2025-12-22"}}, {"type": "Feature", "geometry": {"type": "Point", "coordinates": [-82.36666666837301, 35.516666667243]}, "properties": {"p_logistic": 0.5221436619758606, "p_rf": 0.6480000019073486, "p_xgb": 0.9961756467819214, "date": "2025-12-22"}}, {"type": "Feature", "geometry": {"type": "Point", "coordinates": [-82.35833333504002, 35.516666667243]}, "properties": {"p_logistic": 0.5234909653663635, "p_rf": 0.6639999747276306, "p_xgb": 0.9963776469230652, "date": "2025-12-22"}}, {"type": "Feature", "geometry": {"type": "Point", "coordinates": [-82.35000000170702, 35.516666667243]}, "properties": {"p_logistic": 0.5233606696128845, "p_rf": 0.6620000004768372, "p_xgb": 0.995943009853363, "date": "2025-12-22"}}, {"type": "Feature", "geometry": {"type": "Point", "coordinates": [-82.34166666837402, 35.516666667243]}, "properties": {"p_logistic": 0.5229509472846985, "p_rf": 0.6639999747276306, "p_xgb": 0.9963776469230652, "date": "2025-12-22"}}, {"type": "Feature", "geometry": {"type": "Point", "coordinates": [-82.33333333504102, 35.516666667243]}, "properties": {"p_logistic": 0.5219123363494873, "p_rf": 0.6620000004768372, "p_xgb": 0.9963776469230652, "date": "2025-12-22"}}, {"type": "Feature", "geometry": {"type": "Point", "coordinates": [-82.32500000170802, 35.516666667243]}, "properties": {"p_logistic": 0.5213257670402527, "p_rf": 0.6520000100135803, "p_xgb": 0.9961756467819214, "date": "2025-12-22"}}, {"type": "Feature", "geometry": {"type": "Point", "coordinates": [-82.31666666837502, 35.516666667243]}, "properties": {"p_logistic": 0.5204352736473083, "p_rf": 0.6480000019073486, "p_xgb": 0.9961756467819214, "date": "2025-12-22"}}, {"type": "Feature", "geometry": {"type": "Point", "coordinates": [-82.30833333504202, 35.516666667243]}, "properties": {"p_logistic": 0.5206851959228516, "p_rf": 0.6460000276565552, "p_xgb": 0.9961756467819214, "date": "2025-12-22"}}, {"type": "Feature", "geometry": {"type": "Point", "coordinates": [-82.30000000170901, 35.516666667243]}, "properties": {"p_logistic": 0.5207054615020752, "p_rf": 0.6439999938011169, "p_xgb": 0.9961756467819214, "date": "2025-12-22"}}, {"type": "Feature", "geometry": {"type": "Point", "coordinates": [-82.29166666837602, 35.516666667243]}, "properties": {"p_logistic": 0.519517183303833, "p_rf": 0.6460000276565552, "p_xgb": 0.9961756467819214, "date": "2025-12-22"}}, {"type": "Feature", "geometry": {"type": "Point", "coordinates": [-82.28333333504301, 35.516666667243]}, "properties": {"p_logistic": 0.5187729001045227, "p_rf": 0.6480000019073486, "p_xgb": 0.9960881471633911, "date": "2025-12-22"}}, {"type": "Feature", "geometry": {"type": "Point", "coordinates": [-82.27500000171003, 35.516666667243]}, "properties": {"p_logistic": 0.5179688334465027, "p_rf": 0.6480000019073486, "p_xgb": 0.9960881471633911, "date": "2025-12-22"}}, {"type": "Feature", "geometry": {"type": "Point", "coordinates": [-82.26666666837701, 35.516666667243]}, "properties": {"p_logistic": 0.5173694491386414, "p_rf": 0.6480000019073486, "p_xgb": 0.9960881471633911, "date": "2025-12-22"}}, {"type": "Feature", "geometry": {"type": "Point", "coordinates": [-82.25833333504401, 35.516666667243]}, "properties": {"p_logistic": 0.5172820091247559, "p_rf": 0.6480000019073486, "p_xgb": 0.9960881471633911, "date": "2025-12-22"}}, {"type": "Feature", "geometry": {"type": "Point", "coordinates": [-82.25000000171102, 35.516666667243]}, "properties": {"p_logistic": 0.5177929401397705, "p_rf": 0.6480000019073486, "p_xgb": 0.9960881471633911, "date": "2025-12-22"}}, {"type": "Feature", "geometry": {"type": "Point", "coordinates": [-82.24166666837802, 35.516666667243]}, "properties": {"p_logistic": 0.5177648663520813, "p_rf": 0.6460000276565552, "p_xgb": 0.9961756467819214, "date": "2025-12-22"}}, {"type": "Feature", "geometry": {"type": "Point", "coordinates": [-82.23333333504502, 35.516666667243]}, "properties": {"p_logistic": 0.518400251865387, "p_rf": 0.6439999938011169, "p_xgb": 0.9961756467819214, "date": "2025-12-22"}}, {"type": "Feature", "geometry": {"type": "Point", "coordinates": [-82.78333333502302, 35.50833333391]}, "properties": {"p_logistic": 0.48113754391670227, "p_rf": 0.6779999732971191, "p_xgb": 0.9504294395446777, "date": "2025-12-22"}}, {"type": "Feature", "geometry": {"type": "Point", "coordinates": [-82.77500000169002, 35.50833333391]}, "properties": {"p_logistic": 0.48245495557785034, "p_rf": 0.6779999732971191, "p_xgb": 0.952506959438324, "date": "2025-12-22"}}, {"type": "Feature", "geometry": {"type": "Point", "coordinates": [-82.76666666835702, 35.50833333391]}, "properties": {"p_logistic": 0.48303958773612976, "p_rf": 0.6779999732971191, "p_xgb": 0.9535378217697144, "date": "2025-12-22"}}, {"type": "Feature", "geometry": {"type": "Point", "coordinates": [-82.75833333502402, 35.50833333391]}, "properties": {"p_logistic": 0.48407238721847534, "p_rf": 0.6779999732971191, "p_xgb": 0.9535378217697144, "date": "2025-12-22"}}, {"type": "Feature", "geometry": {"type": "Point", "coordinates": [-82.75000000169102, 35.50833333391]}, "properties": {"p_logistic": 0.48575928807258606, "p_rf": 0.6779999732971191, "p_xgb": 0.9535378217697144, "date": "2025-12-22"}}, {"type": "Feature", "geometry": {"type": "Point", "coordinates": [-82.74166666835802, 35.50833333391]}, "properties": {"p_logistic": 0.4878802001476288, "p_rf": 0.6779999732971191, "p_xgb": 0.9535378217697144, "date": "2025-12-22"}}, {"type": "Feature", "geometry": {"type": "Point", "coordinates": [-82.73333333502501, 35.50833333391]}, "properties": {"p_logistic": 0.48961320519447327, "p_rf": 0.6779999732971191, "p_xgb": 0.9554911851882935, "date": "2025-12-22"}}, {"type": "Feature", "geometry": {"type": "Point", "coordinates": [-82.72500000169202, 35.50833333391]}, "properties": {"p_logistic": 0.490081250667572, "p_rf": 0.6779999732971191, "p_xgb": 0.9554911851882935, "date": "2025-12-22"}}, {"type": "Feature", "geometry": {"type": "Point", "coordinates": [-82.71666666835901, 35.50833333391]}, "properties": {"p_logistic": 0.4898298680782318, "p_rf": 0.6779999732971191, "p_xgb": 0.9554911851882935, "date": "2025-12-22"}}, {"type": "Feature", "geometry": {"type": "Point", "coordinates": [-82.70833333502603, 35.50833333391]}, "properties": {"p_logistic": 0.4904288351535797, "p_rf": 0.6779999732971191, "p_xgb": 0.9606894850730896, "date": "2025-12-22"}}, {"type": "Feature", "geometry": {"type": "Point", "coordinates": [-82.70000000169301, 35.50833333391]}, "properties": {"p_logistic": 0.49113729596138, "p_rf": 0.6779999732971191, "p_xgb": 0.9606894850730896, "date": "2025-12-22"}}, {"type": "Feature", "geometry": {"type": "Point", "coordinates": [-82.69166666836001, 35.50833333391]}, "properties": {"p_logistic": 0.49139726161956787, "p_rf": 0.8059999942779541, "p_xgb": 0.9752324223518372, "date": "2025-12-22"}}, {"type": "Feature", "geometry": {"type": "Point", "coordinates": [-82.68333333502702, 35.50833333391]}, "properties": {"p_logistic": 0.4917641878128052, "p_rf": 0.8119999766349792, "p_xgb": 0.9943599104881287, "date": "2025-12-22"}}, {"type": "Feature", "geometry": {"type": "Point", "coordinates": [-82.67500000169402, 35.50833333391]}, "properties": {"p_logistic": 0.4921923279762268, "p_rf": 0.8199999928474426, "p_xgb": 0.9946264624595642, "date": "2025-12-22"}}, {"type": "Feature", "geometry": {"type": "Point", "coordinates": [-82.66666666836102, 35.50833333391]}, "properties": {"p_logistic": 0.49293267726898193, "p_rf": 0.8259999752044678, "p_xgb": 0.9952406883239746, "date": "2025-12-22"}}, {"type": "Feature", "geometry": {"type": "Point", "coordinates": [-82.65833333502802, 35.50833333391]}, "properties": {"p_logistic": 0.4938696324825287, "p_rf": 0.8339999914169312, "p_xgb": 0.9952406883239746, "date": "2025-12-22"}}, {"type": "Feature", "geometry": {"type": "Point", "coordinates": [-82.65000000169502, 35.50833333391]}, "properties": {"p_logistic": 0.4959506392478943, "p_rf": 0.8460000157356262, "p_xgb": 0.9947699904441833, "date": "2025-12-22"}}, {"type": "Feature", "geometry": {"type": "Point", "coordinates": [-82.64166666836202, 35.50833333391]}, "properties": {"p_logistic": 0.4981641471385956, "p_rf": 0.8679999709129333, "p_xgb": 0.9919201135635376, "date": "2025-12-22"}}, {"type": "Feature", "geometry": {"type": "Point", "coordinates": [-82.63333333502902, 35.50833333391]}, "properties": {"p_logistic": 0.49997952580451965, "p_rf": 0.8740000128746033, "p_xgb": 0.9973115921020508, "date": "2025-12-22"}}, {"type": "Feature", "geometry": {"type": "Point", "coordinates": [-82.62500000169601, 35.50833333391]}, "properties": {"p_logistic": 0.5025195479393005, "p_rf": 0.8759999871253967, "p_xgb": 0.9973115921020508, "date": "2025-12-22"}}, {"type": "Feature", "geometry": {"type": "Point", "coordinates": [-82.61666666836302, 35.50833333391]}, "properties": {"p_logistic": 0.5034353733062744, "p_rf": 0.8759999871253967, "p_xgb": 0.9973115921020508, "date": "2025-12-22"}}, {"type": "Feature", "geometry": {"type": "Point", "coordinates": [-82.60833333503001, 35.50833333391]}, "properties": {"p_logistic": 0.5035170316696167, "p_rf": 0.8759999871253967, "p_xgb": 0.9971467852592468, "date": "2025-12-22"}}, {"type": "Feature", "geometry": {"type": "Point", "coordinates": [-82.60000000169703, 35.50833333391]}, "properties": {"p_logistic": 0.5038145780563354, "p_rf": 0.8740000128746033, "p_xgb": 0.9971467852592468, "date": "2025-12-22"}}, {"type": "Feature", "geometry": {"type": "Point", "coordinates": [-82.59166666836401, 35.50833333391]}, "properties": {"p_logistic": 0.5039768218994141, "p_rf": 0.871999979019165, "p_xgb": 0.9971467852592468, "date": "2025-12-22"}}, {"type": "Feature", "geometry": {"type": "Point", "coordinates": [-82.58333333503101, 35.50833333391]}, "properties": {"p_logistic": 0.5041329860687256, "p_rf": 0.8679999709129333, "p_xgb": 0.9937713742256165, "date": "2025-12-22"}}, {"type": "Feature", "geometry": {"type": "Point", "coordinates": [-82.57500000169802, 35.50833333391]}, "properties": {"p_logistic": 0.5047162771224976, "p_rf": 0.8679999709129333, "p_xgb": 0.995495080947876, "date": "2025-12-22"}}, {"type": "Feature", "geometry": {"type": "Point", "coordinates": [-82.56666666836502, 35.50833333391]}, "properties": {"p_logistic": 0.5046883821487427, "p_rf": 0.8659999966621399, "p_xgb": 0.9953035116195679, "date": "2025-12-22"}}, {"type": "Feature", "geometry": {"type": "Point", "coordinates": [-82.55833333503202, 35.50833333391]}, "properties": {"p_logistic": 0.5047105550765991, "p_rf": 0.8640000224113464, "p_xgb": 0.9953035116195679, "date": "2025-12-22"}}, {"type": "Feature", "geometry": {"type": "Point", "coordinates": [-82.55000000169902, 35.50833333391]}, "properties": {"p_logistic": 0.5048855543136597, "p_rf": 0.8619999885559082, "p_xgb": 0.9949312806129456, "date": "2025-12-22"}}, {"type": "Feature", "geometry": {"type": "Point", "coordinates": [-82.54166666836602, 35.50833333391]}, "properties": {"p_logistic": 0.505375325679779, "p_rf": 0.8619999885559082, "p_xgb": 0.9953035116195679, "date": "2025-12-22"}}, {"type": "Feature", "geometry": {"type": "Point", "coordinates": [-82.53333333503302, 35.50833333391]}, "properties": {"p_logistic": 0.5058651566505432, "p_rf": 0.8619999885559082, "p_xgb": 0.9953035116195679, "date": "2025-12-22"}}, {"type": "Feature", "geometry": {"type": "Point", "coordinates": [-82.52500000170002, 35.50833333391]}, "properties": {"p_logistic": 0.5062538981437683, "p_rf": 0.8659999966621399, "p_xgb": 0.9953035116195679, "date": "2025-12-22"}}, {"type": "Feature", "geometry": {"type": "Point", "coordinates": [-82.51666666836701, 35.50833333391]}, "properties": {"p_logistic": 0.5063182711601257, "p_rf": 0.8679999709129333, "p_xgb": 0.9953035116195679, "date": "2025-12-22"}}, {"type": "Feature", "geometry": {"type": "Point", "coordinates": [-82.50833333503402, 35.50833333391]}, "properties": {"p_logistic": 0.5057085752487183, "p_rf": 0.8659999966621399, "p_xgb": 0.9953035116195679, "date": "2025-12-22"}}, {"type": "Feature", "geometry": {"type": "Point", "coordinates": [-82.50000000170101, 35.50833333391]}, "properties": {"p_logistic": 0.5042705535888672, "p_rf": 0.8619999885559082, "p_xgb": 0.9949312806129456, "date": "2025-12-22"}}, {"type": "Feature", "geometry": {"type": "Point", "coordinates": [-82.49166666836803, 35.50833333391]}, "properties": {"p_logistic": 0.5032022595405579, "p_rf": 0.8619999885559082, "p_xgb": 0.9930543303489685, "date": "2025-12-22"}}, {"type": "Feature", "geometry": {"type": "Point", "coordinates": [-82.48333333503501, 35.50833333391]}, "properties": {"p_logistic": 0.5032033920288086, "p_rf": 0.8420000076293945, "p_xgb": 0.9920491576194763, "date": "2025-12-22"}}, {"type": "Feature", "geometry": {"type": "Point", "coordinates": [-82.47500000170201, 35.50833333391]}, "properties": {"p_logistic": 0.5035731196403503, "p_rf": 0.8339999914169312, "p_xgb": 0.9920491576194763, "date": "2025-12-22"}}, {"type": "Feature", "geometry": {"type": "Point", "coordinates": [-82.46666666836902, 35.50833333391]}, "properties": {"p_logistic": 0.50407475233078, "p_rf": 0.8320000171661377, "p_xgb": 0.9920491576194763, "date": "2025-12-22"}}, {"type": "Feature", "geometry": {"type": "Point", "coordinates": [-82.45833333503602, 35.50833333391]}, "properties": {"p_logistic": 0.5048887133598328, "p_rf": 0.828000009059906, "p_xgb": 0.9920491576194763, "date": "2025-12-22"}}, {"type": "Feature", "geometry": {"type": "Point", "coordinates": [-82.45000000170302, 35.50833333391]}, "properties": {"p_logistic": 0.5055116415023804, "p_rf": 0.8259999752044678, "p_xgb": 0.9920491576194763, "date": "2025-12-22"}}, {"type": "Feature", "geometry": {"type": "Point", "coordinates": [-82.44166666837002, 35.50833333391]}, "properties": {"p_logistic": 0.5046963095664978, "p_rf": 0.8180000185966492, "p_xgb": 0.9920491576194763, "date": "2025-12-22"}}, {"type": "Feature", "geometry": {"type": "Point", "coordinates": [-82.43333333503702, 35.50833333391]}, "properties": {"p_logistic": 0.5041354894638062, "p_rf": 0.8180000185966492, "p_xgb": 0.9920491576194763, "date": "2025-12-22"}}, {"type": "Feature", "geometry": {"type": "Point", "coordinates": [-82.42500000170402, 35.50833333391]}, "properties": {"p_logistic": 0.5046695470809937, "p_rf": 0.8199999928474426, "p_xgb": 0.9928942322731018, "date": "2025-12-22"}}, {"type": "Feature", "geometry": {"type": "Point", "coordinates": [-82.41666666837102, 35.50833333391]}, "properties": {"p_logistic": 0.506875216960907, "p_rf": 0.8019999861717224, "p_xgb": 0.9925385117530823, "date": "2025-12-22"}}, {"type": "Feature", "geometry": {"type": "Point", "coordinates": [-82.40833333503801, 35.50833333391]}, "properties": {"p_logistic": 0.508682131767273, "p_rf": 0.800000011920929, "p_xgb": 0.9925385117530823, "date": "2025-12-22"}}, {"type": "Feature", "geometry": {"type": "Point", "coordinates": [-82.40000000170502, 35.50833333391]}, "properties": {"p_logistic": 0.5105807185173035, "p_rf": 0.7680000066757202, "p_xgb": 0.9880260825157166, "date": "2025-12-22"}}, {"type": "Feature", "geometry": {"type": "Point", "coordinates": [-82.39166666837201, 35.50833333391]}, "properties": {"p_logistic": 0.5136004686355591, "p_rf": 0.7599999904632568, "p_xgb": 0.9896543025970459, "date": "2025-12-22"}}, {"type": "Feature", "geometry": {"type": "Point", "coordinates": [-82.38333333503903, 35.50833333391]}, "properties": {"p_logistic": 0.5170438885688782, "p_rf": 0.6859999895095825, "p_xgb": 0.993699312210083, "date": "2025-12-22"}}, {"type": "Feature", "geometry": {"type": "Point", "coordinates": [-82.37500000170601, 35.50833333391]}, "properties": {"p_logistic": 0.5209616422653198, "p_rf": 0.6439999938011169, "p_xgb": 0.9961756467819214, "date": "2025-12-22"}}, {"type": "Feature", "geometry": {"type": "Point", "coordinates": [-82.36666666837301, 35.50833333391]}, "properties": {"p_logistic": 0.5245974659919739, "p_rf": 0.6639999747276306, "p_xgb": 0.9963741898536682, "date": "2025-12-22"}}, {"type": "Feature", "geometry": {"type": "Point", "coordinates": [-82.35833333504002, 35.50833333391]}, "properties": {"p_logistic": 0.5260224342346191, "p_rf": 0.6840000152587891, "p_xgb": 0.9940997362136841, "date": "2025-12-22"}}, {"type": "Feature", "geometry": {"type": "Point", "coordinates": [-82.35000000170702, 35.50833333391]}, "properties": {"p_logistic": 0.5257760882377625, "p_rf": 0.6840000152587891, "p_xgb": 0.9940997362136841, "date": "2025-12-22"}}, {"type": "Feature", "geometry": {"type": "Point", "coordinates": [-82.34166666837402, 35.50833333391]}, "properties": {"p_logistic": 0.524508535861969, "p_rf": 0.6759999990463257, "p_xgb": 0.9940997362136841, "date": "2025-12-22"}}, {"type": "Feature", "geometry": {"type": "Point", "coordinates": [-82.33333333504102, 35.50833333391]}, "properties": {"p_logistic": 0.5234479904174805, "p_rf": 0.6660000085830688, "p_xgb": 0.9936525821685791, "date": "2025-12-22"}}, {"type": "Feature", "geometry": {"type": "Point", "coordinates": [-82.32500000170802, 35.50833333391]}, "properties": {"p_logistic": 0.5215287208557129, "p_rf": 0.6639999747276306, "p_xgb": 0.9961990714073181, "date": "2025-12-22"}}, {"type": "Feature", "geometry": {"type": "Point", "coordinates": [-82.31666666837502, 35.50833333391]}, "properties": {"p_logistic": 0.5205057263374329, "p_rf": 0.6520000100135803, "p_xgb": 0.9961756467819214, "date": "2025-12-22"}}, {"type": "Feature", "geometry": {"type": "Point", "coordinates": [-82.30833333504202, 35.50833333391]}, "properties": {"p_logistic": 0.5199397206306458, "p_rf": 0.6460000276565552, "p_xgb": 0.9961756467819214, "date": "2025-12-22"}}, {"type": "Feature", "geometry": {"type": "Point", "coordinates": [-82.30000000170901, 35.50833333391]}, "properties": {"p_logistic": 0.5191806554794312, "p_rf": 0.6439999938011169, "p_xgb": 0.9961756467819214, "date": "2025-12-22"}}, {"type": "Feature", "geometry": {"type": "Point", "coordinates": [-82.29166666837602, 35.50833333391]}, "properties": {"p_logistic": 0.5183060765266418, "p_rf": 0.6460000276565552, "p_xgb": 0.9961756467819214, "date": "2025-12-22"}}, {"type": "Feature", "geometry": {"type": "Point", "coordinates": [-82.28333333504301, 35.50833333391]}, "properties": {"p_logistic": 0.5176321268081665, "p_rf": 0.6480000019073486, "p_xgb": 0.9960881471633911, "date": "2025-12-22"}}, {"type": "Feature", "geometry": {"type": "Point", "coordinates": [-82.27500000171003, 35.50833333391]}, "properties": {"p_logistic": 0.5170788764953613, "p_rf": 0.6480000019073486, "p_xgb": 0.9960881471633911, "date": "2025-12-22"}}, {"type": "Feature", "geometry": {"type": "Point", "coordinates": [-82.26666666837701, 35.50833333391]}, "properties": {"p_logistic": 0.5167790055274963, "p_rf": 0.6499999761581421, "p_xgb": 0.9960881471633911, "date": "2025-12-22"}}, {"type": "Feature", "geometry": {"type": "Point", "coordinates": [-82.25833333504401, 35.50833333391]}, "properties": {"p_logistic": 0.5168821215629578, "p_rf": 0.6480000019073486, "p_xgb": 0.9960881471633911, "date": "2025-12-22"}}, {"type": "Feature", "geometry": {"type": "Point", "coordinates": [-82.25000000171102, 35.50833333391]}, "properties": {"p_logistic": 0.5174278616905212, "p_rf": 0.6480000019073486, "p_xgb": 0.9960881471633911, "date": "2025-12-22"}}, {"type": "Feature", "geometry": {"type": "Point", "coordinates": [-82.24166666837802, 35.50833333391]}, "properties": {"p_logistic": 0.5176921486854553, "p_rf": 0.6460000276565552, "p_xgb": 0.9961756467819214, "date": "2025-12-22"}}, {"type": "Feature", "geometry": {"type": "Point", "coordinates": [-82.23333333504502, 35.50833333391]}, "properties": {"p_logistic": 0.5185104012489319, "p_rf": 0.6460000276565552, "p_xgb": 0.9961756467819214, "date": "2025-12-22"}}, {"type": "Feature", "geometry": {"type": "Point", "coordinates": [-82.78333333502302, 35.500000000577]}, "properties": {"p_logistic": 0.4822179973125458, "p_rf": 0.6779999732971191, "p_xgb": 0.9580385088920593, "date": "2025-12-22"}}, {"type": "Feature", "geometry": {"type": "Point", "coordinates": [-82.77500000169002, 35.500000000577]}, "properties": {"p_logistic": 0.4829598367214203, "p_rf": 0.6779999732971191, "p_xgb": 0.952506959438324, "date": "2025-12-22"}}, {"type": "Feature", "geometry": {"type": "Point", "coordinates": [-82.76666666835702, 35.500000000577]}, "properties": {"p_logistic": 0.48369118571281433, "p_rf": 0.6779999732971191, "p_xgb": 0.9535378217697144, "date": "2025-12-22"}}, {"type": "Feature", "geometry": {"type": "Point", "coordinates": [-82.75833333502402, 35.500000000577]}, "properties": {"p_logistic": 0.4846670627593994, "p_rf": 0.6779999732971191, "p_xgb": 0.9535378217697144, "date": "2025-12-22"}}, {"type": "Feature", "geometry": {"type": "Point", "coordinates": [-82.75000000169102, 35.500000000577]}, "properties": {"p_logistic": 0.4868010878562927, "p_rf": 0.6779999732971191, "p_xgb": 0.9554911851882935, "date": "2025-12-22"}}, {"type": "Feature", "geometry": {"type": "Point", "coordinates": [-82.74166666835802, 35.500000000577]}, "properties": {"p_logistic": 0.48875370621681213, "p_rf": 0.6779999732971191, "p_xgb": 0.9606894850730896, "date": "2025-12-22"}}, {"type": "Feature", "geometry": {"type": "Point", "coordinates": [-82.73333333502501, 35.500000000577]}, "properties": {"p_logistic": 0.48969507217407227, "p_rf": 0.6779999732971191, "p_xgb": 0.9606894850730896, "date": "2025-12-22"}}, {"type": "Feature", "geometry": {"type": "Point", "coordinates": [-82.72500000169202, 35.500000000577]}, "properties": {"p_logistic": 0.4899943470954895, "p_rf": 0.8059999942779541, "p_xgb": 0.9752324223518372, "date": "2025-12-22"}}, {"type": "Feature", "geometry": {"type": "Point", "coordinates": [-82.71666666835901, 35.500000000577]}, "properties": {"p_logistic": 0.4899904131889343, "p_rf": 0.8119999766349792, "p_xgb": 0.9752324223518372, "date": "2025-12-22"}}, {"type": "Feature", "geometry": {"type": "Point", "coordinates": [-82.70833333502603, 35.500000000577]}, "properties": {"p_logistic": 0.4904036521911621, "p_rf": 0.8119999766349792, "p_xgb": 0.9943599104881287, "date": "2025-12-22"}}, {"type": "Feature", "geometry": {"type": "Point", "coordinates": [-82.70000000169301, 35.500000000577]}, "properties": {"p_logistic": 0.49084582924842834, "p_rf": 0.8119999766349792, "p_xgb": 0.9943599104881287, "date": "2025-12-22"}}, {"type": "Feature", "geometry": {"type": "Point", "coordinates": [-82.69166666836001, 35.500000000577]}, "properties": {"p_logistic": 0.49125146865844727, "p_rf": 0.8199999928474426, "p_xgb": 0.9943599104881287, "date": "2025-12-22"}}, {"type": "Feature", "geometry": {"type": "Point", "coordinates": [-82.68333333502702, 35.500000000577]}, "properties": {"p_logistic": 0.49189603328704834, "p_rf": 0.8220000267028809, "p_xgb": 0.99479079246521, "date": "2025-12-22"}}, {"type": "Feature", "geometry": {"type": "Point", "coordinates": [-82.67500000169402, 35.500000000577]}, "properties": {"p_logistic": 0.4925757050514221, "p_rf": 0.8259999752044678, "p_xgb": 0.9952406883239746, "date": "2025-12-22"}}, {"type": "Feature", "geometry": {"type": "Point", "coordinates": [-82.66666666836102, 35.500000000577]}, "properties": {"p_logistic": 0.493712842464447, "p_rf": 0.843999981880188, "p_xgb": 0.9944038391113281, "date": "2025-12-22"}}, {"type": "Feature", "geometry": {"type": "Point", "coordinates": [-82.65833333502802, 35.500000000577]}, "properties": {"p_logistic": 0.4946706295013428, "p_rf": 0.843999981880188, "p_xgb": 0.9929008483886719, "date": "2025-12-22"}}, {"type": "Feature", "geometry": {"type": "Point", "coordinates": [-82.65000000169502, 35.500000000577]}, "properties": {"p_logistic": 0.4965614080429077, "p_rf": 0.843999981880188, "p_xgb": 0.9938507080078125, "date": "2025-12-22"}}, {"type": "Feature", "geometry": {"type": "Point", "coordinates": [-82.64166666836202, 35.500000000577]}, "properties": {"p_logistic": 0.49851804971694946, "p_rf": 0.8679999709129333, "p_xgb": 0.9966873526573181, "date": "2025-12-22"}}, {"type": "Feature", "geometry": {"type": "Point", "coordinates": [-82.63333333502902, 35.500000000577]}, "properties": {"p_logistic": 0.5009605288505554, "p_rf": 0.8759999871253967, "p_xgb": 0.9973115921020508, "date": "2025-12-22"}}, {"type": "Feature", "geometry": {"type": "Point", "coordinates": [-82.62500000169601, 35.500000000577]}, "properties": {"p_logistic": 0.5032655000686646, "p_rf": 0.8759999871253967, "p_xgb": 0.9971467852592468, "date": "2025-12-22"}}, {"type": "Feature", "geometry": {"type": "Point", "coordinates": [-82.61666666836302, 35.500000000577]}, "properties": {"p_logistic": 0.5045613050460815, "p_rf": 0.8700000047683716, "p_xgb": 0.9971467852592468, "date": "2025-12-22"}}, {"type": "Feature", "geometry": {"type": "Point", "coordinates": [-82.60833333503001, 35.500000000577]}, "properties": {"p_logistic": 0.5044395923614502, "p_rf": 0.8679999709129333, "p_xgb": 0.9971467852592468, "date": "2025-12-22"}}, {"type": "Feature", "geometry": {"type": "Point", "coordinates": [-82.60000000169703, 35.500000000577]}, "properties": {"p_logistic": 0.5041190981864929, "p_rf": 0.871999979019165, "p_xgb": 0.9971467852592468, "date": "2025-12-22"}}, {"type": "Feature", "geometry": {"type": "Point", "coordinates": [-82.59166666836401, 35.500000000577]}, "properties": {"p_logistic": 0.5037326216697693, "p_rf": 0.871999979019165, "p_xgb": 0.9971467852592468, "date": "2025-12-22"}}, {"type": "Feature", "geometry": {"type": "Point", "coordinates": [-82.58333333503101, 35.500000000577]}, "properties": {"p_logistic": 0.5034744739532471, "p_rf": 0.8700000047683716, "p_xgb": 0.9971467852592468, "date": "2025-12-22"}}, {"type": "Feature", "geometry": {"type": "Point", "coordinates": [-82.57500000169802, 35.500000000577]}, "properties": {"p_logistic": 0.5041425228118896, "p_rf": 0.8679999709129333, "p_xgb": 0.9953035116195679, "date": "2025-12-22"}}, {"type": "Feature", "geometry": {"type": "Point", "coordinates": [-82.56666666836502, 35.500000000577]}, "properties": {"p_logistic": 0.5042753219604492, "p_rf": 0.8640000224113464, "p_xgb": 0.9949312806129456, "date": "2025-12-22"}}, {"type": "Feature", "geometry": {"type": "Point", "coordinates": [-82.55833333503202, 35.500000000577]}, "properties": {"p_logistic": 0.5049041509628296, "p_rf": 0.8600000143051147, "p_xgb": 0.9949312806129456, "date": "2025-12-22"}}, {"type": "Feature", "geometry": {"type": "Point", "coordinates": [-82.55000000169902, 35.500000000577]}, "properties": {"p_logistic": 0.505237877368927, "p_rf": 0.8360000252723694, "p_xgb": 0.9941960573196411, "date": "2025-12-22"}}, {"type": "Feature", "geometry": {"type": "Point", "coordinates": [-82.54166666836602, 35.500000000577]}, "properties": {"p_logistic": 0.5055816173553467, "p_rf": 0.8339999914169312, "p_xgb": 0.9920491576194763, "date": "2025-12-22"}}, {"type": "Feature", "geometry": {"type": "Point", "coordinates": [-82.53333333503302, 35.500000000577]}, "properties": {"p_logistic": 0.505915105342865, "p_rf": 0.8360000252723694, "p_xgb": 0.9941960573196411, "date": "2025-12-22"}}, {"type": "Feature", "geometry": {"type": "Point", "coordinates": [-82.52500000170002, 35.500000000577]}, "properties": {"p_logistic": 0.50600665807724, "p_rf": 0.843999981880188, "p_xgb": 0.994621992111206, "date": "2025-12-22"}}, {"type": "Feature", "geometry": {"type": "Point", "coordinates": [-82.51666666836701, 35.500000000577]}, "properties": {"p_logistic": 0.5060045719146729, "p_rf": 0.8619999885559082, "p_xgb": 0.9953035116195679, "date": "2025-12-22"}}, {"type": "Feature", "geometry": {"type": "Point", "coordinates": [-82.50833333503402, 35.500000000577]}, "properties": {"p_logistic": 0.5055623650550842, "p_rf": 0.8619999885559082, "p_xgb": 0.9953035116195679, "date": "2025-12-22"}}, {"type": "Feature", "geometry": {"type": "Point", "coordinates": [-82.50000000170101, 35.500000000577]}, "properties": {"p_logistic": 0.5044631361961365, "p_rf": 0.8600000143051147, "p_xgb": 0.9949312806129456, "date": "2025-12-22"}}, {"type": "Feature", "geometry": {"type": "Point", "coordinates": [-82.49166666836803, 35.500000000577]}, "properties": {"p_logistic": 0.5027446150779724, "p_rf": 0.8460000157356262, "p_xgb": 0.9931558966636658, "date": "2025-12-22"}}, {"type": "Feature", "geometry": {"type": "Point", "coordinates": [-82.48333333503501, 35.500000000577]}, "properties": {"p_logistic": 0.5026675462722778, "p_rf": 0.8379999995231628, "p_xgb": 0.9920491576194763, "date": "2025-12-22"}}, {"type": "Feature", "geometry": {"type": "Point", "coordinates": [-82.47500000170201, 35.500000000577]}, "properties": {"p_logistic": 0.5028190612792969, "p_rf": 0.8360000252723694, "p_xgb": 0.9920491576194763, "date": "2025-12-22"}}, {"type": "Feature", "geometry": {"type": "Point", "coordinates": [-82.46666666836902, 35.500000000577]}, "properties": {"p_logistic": 0.5038272142410278, "p_rf": 0.8320000171661377, "p_xgb": 0.9920491576194763, "date": "2025-12-22"}}, {"type": "Feature", "geometry": {"type": "Point", "coordinates": [-82.45833333503602, 35.500000000577]}, "properties": {"p_logistic": 0.5044311285018921, "p_rf": 0.8320000171661377, "p_xgb": 0.9920491576194763, "date": "2025-12-22"}}, {"type": "Feature", "geometry": {"type": "Point", "coordinates": [-82.45000000170302, 35.500000000577]}, "properties": {"p_logistic": 0.5052027106285095, "p_rf": 0.828000009059906, "p_xgb": 0.9920491576194763, "date": "2025-12-22"}}, {"type": "Feature", "geometry": {"type": "Point", "coordinates": [-82.44166666837002, 35.500000000577]}, "properties": {"p_logistic": 0.5050747990608215, "p_rf": 0.8180000185966492, "p_xgb": 0.9920491576194763, "date": "2025-12-22"}}, {"type": "Feature", "geometry": {"type": "Point", "coordinates": [-82.43333333503702, 35.500000000577]}, "properties": {"p_logistic": 0.5047880411148071, "p_rf": 0.8180000185966492, "p_xgb": 0.9928942322731018, "date": "2025-12-22"}}, {"type": "Feature", "geometry": {"type": "Point", "coordinates": [-82.42500000170402, 35.500000000577]}, "properties": {"p_logistic": 0.5053426027297974, "p_rf": 0.8059999942779541, "p_xgb": 0.9928942322731018, "date": "2025-12-22"}}, {"type": "Feature", "geometry": {"type": "Point", "coordinates": [-82.41666666837102, 35.500000000577]}, "properties": {"p_logistic": 0.5068857669830322, "p_rf": 0.7960000038146973, "p_xgb": 0.9925385117530823, "date": "2025-12-22"}}, {"type": "Feature", "geometry": {"type": "Point", "coordinates": [-82.40833333503801, 35.500000000577]}, "properties": {"p_logistic": 0.5089967250823975, "p_rf": 0.800000011920929, "p_xgb": 0.9925385117530823, "date": "2025-12-22"}}, {"type": "Feature", "geometry": {"type": "Point", "coordinates": [-82.40000000170502, 35.500000000577]}, "properties": {"p_logistic": 0.510998547077179, "p_rf": 0.7620000243186951, "p_xgb": 0.9880260825157166, "date": "2025-12-22"}}, {"type": "Feature", "geometry": {"type": "Point", "coordinates": [-82.39166666837201, 35.500000000577]}, "properties": {"p_logistic": 0.5144975185394287, "p_rf": 0.7480000257492065, "p_xgb": 0.9914639592170715, "date": "2025-12-22"}}, {"type": "Feature", "geometry": {"type": "Point", "coordinates": [-82.38333333503903, 35.500000000577]}, "properties": {"p_logistic": 0.5187404155731201, "p_rf": 0.6520000100135803, "p_xgb": 0.9950829744338989, "date": "2025-12-22"}}, {"type": "Feature", "geometry": {"type": "Point", "coordinates": [-82.37500000170601, 35.500000000577]}, "properties": {"p_logistic": 0.5220217704772949, "p_rf": 0.6480000019073486, "p_xgb": 0.9961756467819214, "date": "2025-12-22"}}, {"type": "Feature", "geometry": {"type": "Point", "coordinates": [-82.36666666837301, 35.500000000577]}, "properties": {"p_logistic": 0.525800347328186, "p_rf": 0.6759999990463257, "p_xgb": 0.9940997362136841, "date": "2025-12-22"}}, {"type": "Feature", "geometry": {"type": "Point", "coordinates": [-82.35833333504002, 35.500000000577]}, "properties": {"p_logistic": 0.5272771716117859, "p_rf": 0.6859999895095825, "p_xgb": 0.9940997362136841, "date": "2025-12-22"}}, {"type": "Feature", "geometry": {"type": "Point", "coordinates": [-82.35000000170702, 35.500000000577]}, "properties": {"p_logistic": 0.5269518494606018, "p_rf": 0.6840000152587891, "p_xgb": 0.9943781495094299, "date": "2025-12-22"}}, {"type": "Feature", "geometry": {"type": "Point", "coordinates": [-82.34166666837402, 35.500000000577]}, "properties": {"p_logistic": 0.5255177021026611, "p_rf": 0.6880000233650208, "p_xgb": 0.9940997362136841, "date": "2025-12-22"}}, {"type": "Feature", "geometry": {"type": "Point", "coordinates": [-82.32500000170802, 35.500000000577]}, "properties": {"p_logistic": 0.5213801860809326, "p_rf": 0.6620000004768372, "p_xgb": 0.9957430958747864, "date": "2025-12-22"}}, {"type": "Feature", "geometry": {"type": "Point", "coordinates": [-82.31666666837502, 35.500000000577]}, "properties": {"p_logistic": 0.5193623900413513, "p_rf": 0.6520000100135803, "p_xgb": 0.9959872364997864, "date": "2025-12-22"}}, {"type": "Feature", "geometry": {"type": "Point", "coordinates": [-82.30833333504202, 35.500000000577]}, "properties": {"p_logistic": 0.517799437046051, "p_rf": 0.6460000276565552, "p_xgb": 0.9961756467819214, "date": "2025-12-22"}}, {"type": "Feature", "geometry": {"type": "Point", "coordinates": [-82.30000000170901, 35.500000000577]}, "properties": {"p_logistic": 0.5162566304206848, "p_rf": 0.6460000276565552, "p_xgb": 0.9961756467819214, "date": "2025-12-22"}}, {"type": "Feature", "geometry": {"type": "Point", "coordinates": [-82.29166666837602, 35.500000000577]}, "properties": {"p_logistic": 0.5149927139282227, "p_rf": 0.6480000019073486, "p_xgb": 0.9960881471633911, "date": "2025-12-22"}}, {"type": "Feature", "geometry": {"type": "Point", "coordinates": [-82.28333333504301, 35.500000000577]}, "properties": {"p_logistic": 0.5145677328109741, "p_rf": 0.6480000019073486, "p_xgb": 0.9960881471633911, "date": "2025-12-22"}}, {"type": "Feature", "geometry": {"type": "Point", "coordinates": [-82.27500000171003, 35.500000000577]}, "properties": {"p_logistic": 0.5143260955810547, "p_rf": 0.6499999761581421, "p_xgb": 0.9960881471633911, "date": "2025-12-22"}}, {"type": "Feature", "geometry": {"type": "Point", "coordinates": [-82.26666666837701, 35.500000000577]}, "properties": {"p_logistic": 0.5142472982406616, "p_rf": 0.6499999761581421, "p_xgb": 0.9959750771522522, "date": "2025-12-22"}}, {"type": "Feature", "geometry": {"type": "Point", "coordinates": [-82.25833333504401, 35.500000000577]}, "properties": {"p_logistic": 0.514773428440094, "p_rf": 0.6480000019073486, "p_xgb": 0.9960881471633911, "date": "2025-12-22"}}, {"type": "Feature", "geometry": {"type": "Point", "coordinates": [-82.25000000171102, 35.500000000577]}, "properties": {"p_logistic": 0.5156699419021606, "p_rf": 0.6480000019073486, "p_xgb": 0.9960881471633911, "date": "2025-12-22"}}, {"type": "Feature", "geometry": {"type": "Point", "coordinates": [-82.24166666837802, 35.500000000577]}, "properties": {"p_logistic": 0.5163819193840027, "p_rf": 0.6460000276565552, "p_xgb": 0.9961756467819214, "date": "2025-12-22"}}, {"type": "Feature", "geometry": {"type": "Point", "coordinates": [-82.23333333504502, 35.500000000577]}, "properties": {"p_logistic": 0.5177360773086548, "p_rf": 0.6439999938011169, "p_xgb": 0.9961756467819214, "date": "2025-12-22"}}, {"type": "Feature", "geometry": {"type": "Point", "coordinates": [-82.22500000171202, 35.500000000577]}, "properties": {"p_logistic": 0.5190432071685791, "p_rf": 0.6460000276565552, "p_xgb": 0.9961756467819214, "date": "2025-12-22"}}, {"type": "Feature", "geometry": {"type": "Point", "coordinates": [-82.78333333502302, 35.491666667244004]}, "properties": {"p_logistic": 0.48291805386543274, "p_rf": 0.8119999766349792, "p_xgb": 0.9939653277397156, "date": "2025-12-22"}}, {"type": "Feature", "geometry": {"type": "Point", "coordinates": [-82.77500000169002, 35.491666667244004]}, "properties": {"p_logistic": 0.48311853408813477, "p_rf": 0.8059999942779541, "p_xgb": 0.9735351800918579, "date": "2025-12-22"}}, {"type": "Feature", "geometry": {"type": "Point", "coordinates": [-82.76666666835702, 35.491666667244004]}, "properties": {"p_logistic": 0.48358359932899475, "p_rf": 0.6779999732971191, "p_xgb": 0.9580385088920593, "date": "2025-12-22"}}, {"type": "Feature", "geometry": {"type": "Point", "coordinates": [-82.75833333502402, 35.491666667244004]}, "properties": {"p_logistic": 0.48489511013031006, "p_rf": 0.7900000214576721, "p_xgb": 0.9580385088920593, "date": "2025-12-22"}}, {"type": "Feature", "geometry": {"type": "Point", "coordinates": [-82.75000000169102, 35.491666667244004]}, "properties": {"p_logistic": 0.4876459836959839, "p_rf": 0.8119999766349792, "p_xgb": 0.9752324223518372, "date": "2025-12-22"}}, {"type": "Feature", "geometry": {"type": "Point", "coordinates": [-82.74166666835802, 35.491666667244004]}, "properties": {"p_logistic": 0.4897160530090332, "p_rf": 0.8119999766349792, "p_xgb": 0.9943599104881287, "date": "2025-12-22"}}, {"type": "Feature", "geometry": {"type": "Point", "coordinates": [-82.73333333502501, 35.491666667244004]}, "properties": {"p_logistic": 0.4904872477054596, "p_rf": 0.8199999928474426, "p_xgb": 0.9943599104881287, "date": "2025-12-22"}}, {"type": "Feature", "geometry": {"type": "Point", "coordinates": [-82.72500000169202, 35.491666667244004]}, "properties": {"p_logistic": 0.4898405075073242, "p_rf": 0.8199999928474426, "p_xgb": 0.9946264624595642, "date": "2025-12-22"}}, {"type": "Feature", "geometry": {"type": "Point", "coordinates": [-82.71666666835901, 35.491666667244004]}, "properties": {"p_logistic": 0.4904153048992157, "p_rf": 0.8220000267028809, "p_xgb": 0.99479079246521, "date": "2025-12-22"}}, {"type": "Feature", "geometry": {"type": "Point", "coordinates": [-82.70833333502603, 35.491666667244004]}, "properties": {"p_logistic": 0.4903983175754547, "p_rf": 0.8240000009536743, "p_xgb": 0.9952406883239746, "date": "2025-12-22"}}, {"type": "Feature", "geometry": {"type": "Point", "coordinates": [-82.70000000169301, 35.491666667244004]}, "properties": {"p_logistic": 0.49089309573173523, "p_rf": 0.8259999752044678, "p_xgb": 0.9952406883239746, "date": "2025-12-22"}}, {"type": "Feature", "geometry": {"type": "Point", "coordinates": [-82.69166666836001, 35.491666667244004]}, "properties": {"p_logistic": 0.49153566360473633, "p_rf": 0.8259999752044678, "p_xgb": 0.9949073195457458, "date": "2025-12-22"}}, {"type": "Feature", "geometry": {"type": "Point", "coordinates": [-82.68333333502702, 35.491666667244004]}, "properties": {"p_logistic": 0.49227648973464966, "p_rf": 0.843999981880188, "p_xgb": 0.9944038391113281, "date": "2025-12-22"}}, {"type": "Feature", "geometry": {"type": "Point", "coordinates": [-82.67500000169402, 35.491666667244004]}, "properties": {"p_logistic": 0.49298030138015747, "p_rf": 0.843999981880188, "p_xgb": 0.9944038391113281, "date": "2025-12-22"}}, {"type": "Feature", "geometry": {"type": "Point", "coordinates": [-82.66666666836102, 35.491666667244004]}, "properties": {"p_logistic": 0.4945240020751953, "p_rf": 0.8399999737739563, "p_xgb": 0.9930840730667114, "date": "2025-12-22"}}, {"type": "Feature", "geometry": {"type": "Point", "coordinates": [-82.65833333502802, 35.491666667244004]}, "properties": {"p_logistic": 0.49566584825515747, "p_rf": 0.8679999709129333, "p_xgb": 0.9963603615760803, "date": "2025-12-22"}}, {"type": "Feature", "geometry": {"type": "Point", "coordinates": [-82.65000000169502, 35.491666667244004]}, "properties": {"p_logistic": 0.49674278497695923, "p_rf": 0.8700000047683716, "p_xgb": 0.9963603615760803, "date": "2025-12-22"}}, {"type": "Feature", "geometry": {"type": "Point", "coordinates": [-82.64166666836202, 35.491666667244004]}, "properties": {"p_logistic": 0.49875321984291077, "p_rf": 0.8759999871253967, "p_xgb": 0.9959490299224854, "date": "2025-12-22"}}, {"type": "Feature", "geometry": {"type": "Point", "coordinates": [-82.63333333502902, 35.491666667244004]}, "properties": {"p_logistic": 0.5010654330253601, "p_rf": 0.8700000047683716, "p_xgb": 0.995701014995575, "date": "2025-12-22"}}, {"type": "Feature", "geometry": {"type": "Point", "coordinates": [-82.62500000169601, 35.491666667244004]}, "properties": {"p_logistic": 0.5044639706611633, "p_rf": 0.8640000224113464, "p_xgb": 0.9949312806129456, "date": "2025-12-22"}}, {"type": "Feature", "geometry": {"type": "Point", "coordinates": [-82.61666666836302, 35.491666667244004]}, "properties": {"p_logistic": 0.5053765773773193, "p_rf": 0.8619999885559082, "p_xgb": 0.9953035116195679, "date": "2025-12-22"}}, {"type": "Feature", "geometry": {"type": "Point", "coordinates": [-82.60833333503001, 35.491666667244004]}, "properties": {"p_logistic": 0.5053451061248779, "p_rf": 0.8640000224113464, "p_xgb": 0.9953035116195679, "date": "2025-12-22"}}, {"type": "Feature", "geometry": {"type": "Point", "coordinates": [-82.60000000169703, 35.491666667244004]}, "properties": {"p_logistic": 0.5042266249656677, "p_rf": 0.8679999709129333, "p_xgb": 0.9953035116195679, "date": "2025-12-22"}}, {"type": "Feature", "geometry": {"type": "Point", "coordinates": [-82.59166666836401, 35.491666667244004]}, "properties": {"p_logistic": 0.5030390620231628, "p_rf": 0.8679999709129333, "p_xgb": 0.9971467852592468, "date": "2025-12-22"}}, {"type": "Feature", "geometry": {"type": "Point", "coordinates": [-82.58333333503101, 35.491666667244004]}, "properties": {"p_logistic": 0.5018130540847778, "p_rf": 0.8679999709129333, "p_xgb": 0.9968649744987488, "date": "2025-12-22"}}, {"type": "Feature", "geometry": {"type": "Point", "coordinates": [-82.57500000169802, 35.491666667244004]}, "properties": {"p_logistic": 0.5022921562194824, "p_rf": 0.8679999709129333, "p_xgb": 0.9949312806129456, "date": "2025-12-22"}}, {"type": "Feature", "geometry": {"type": "Point", "coordinates": [-82.56666666836502, 35.491666667244004]}, "properties": {"p_logistic": 0.5030492544174194, "p_rf": 0.8619999885559082, "p_xgb": 0.9930543303489685, "date": "2025-12-22"}}, {"type": "Feature", "geometry": {"type": "Point", "coordinates": [-82.55833333503202, 35.491666667244004]}, "properties": {"p_logistic": 0.5035160183906555, "p_rf": 0.8360000252723694, "p_xgb": 0.9920491576194763, "date": "2025-12-22"}}, {"type": "Feature", "geometry": {"type": "Point", "coordinates": [-82.55000000169902, 35.491666667244004]}, "properties": {"p_logistic": 0.5041806101799011, "p_rf": 0.828000009059906, "p_xgb": 0.9920491576194763, "date": "2025-12-22"}}, {"type": "Feature", "geometry": {"type": "Point", "coordinates": [-82.54166666836602, 35.491666667244004]}, "properties": {"p_logistic": 0.5046967267990112, "p_rf": 0.8259999752044678, "p_xgb": 0.9920491576194763, "date": "2025-12-22"}}, {"type": "Feature", "geometry": {"type": "Point", "coordinates": [-82.53333333503302, 35.491666667244004]}, "properties": {"p_logistic": 0.5049487352371216, "p_rf": 0.8259999752044678, "p_xgb": 0.9920491576194763, "date": "2025-12-22"}}, {"type": "Feature", "geometry": {"type": "Point", "coordinates": [-82.52500000170002, 35.491666667244004]}, "properties": {"p_logistic": 0.5052210092544556, "p_rf": 0.8320000171661377, "p_xgb": 0.9920491576194763, "date": "2025-12-22"}}, {"type": "Feature", "geometry": {"type": "Point", "coordinates": [-82.51666666836701, 35.491666667244004]}, "properties": {"p_logistic": 0.5055310726165771, "p_rf": 0.8360000252723694, "p_xgb": 0.9941960573196411, "date": "2025-12-22"}}, {"type": "Feature", "geometry": {"type": "Point", "coordinates": [-82.50833333503402, 35.491666667244004]}, "properties": {"p_logistic": 0.5050944685935974, "p_rf": 0.8379999995231628, "p_xgb": 0.9941960573196411, "date": "2025-12-22"}}, {"type": "Feature", "geometry": {"type": "Point", "coordinates": [-82.50000000170101, 35.491666667244004]}, "properties": {"p_logistic": 0.5040861368179321, "p_rf": 0.8379999995231628, "p_xgb": 0.9920491576194763, "date": "2025-12-22"}}, {"type": "Feature", "geometry": {"type": "Point", "coordinates": [-82.49166666836803, 35.491666667244004]}, "properties": {"p_logistic": 0.5026641488075256, "p_rf": 0.8360000252723694, "p_xgb": 0.9920491576194763, "date": "2025-12-22"}}, {"type": "Feature", "geometry": {"type": "Point", "coordinates": [-82.48333333503501, 35.491666667244004]}, "properties": {"p_logistic": 0.5016659498214722, "p_rf": 0.8420000076293945, "p_xgb": 0.9920491576194763, "date": "2025-12-22"}}, {"type": "Feature", "geometry": {"type": "Point", "coordinates": [-82.47500000170201, 35.491666667244004]}, "properties": {"p_logistic": 0.5019999742507935, "p_rf": 0.8420000076293945, "p_xgb": 0.9920491576194763, "date": "2025-12-22"}}, {"type": "Feature", "geometry": {"type": "Point", "coordinates": [-82.46666666836902, 35.491666667244004]}, "properties": {"p_logistic": 0.5033344030380249, "p_rf": 0.8379999995231628, "p_xgb": 0.9920491576194763, "date": "2025-12-22"}}, {"type": "Feature", "geometry": {"type": "Point", "coordinates": [-82.45833333503602, 35.491666667244004]}, "properties": {"p_logistic": 0.5045573115348816, "p_rf": 0.8320000171661377, "p_xgb": 0.9920491576194763, "date": "2025-12-22"}}, {"type": "Feature", "geometry": {"type": "Point", "coordinates": [-82.45000000170302, 35.491666667244004]}, "properties": {"p_logistic": 0.5054221749305725, "p_rf": 0.828000009059906, "p_xgb": 0.9920491576194763, "date": "2025-12-22"}}, {"type": "Feature", "geometry": {"type": "Point", "coordinates": [-82.44166666837002, 35.491666667244004]}, "properties": {"p_logistic": 0.5057330131530762, "p_rf": 0.8180000185966492, "p_xgb": 0.9920491576194763, "date": "2025-12-22"}}, {"type": "Feature", "geometry": {"type": "Point", "coordinates": [-82.43333333503702, 35.491666667244004]}, "properties": {"p_logistic": 0.5058234930038452, "p_rf": 0.8199999928474426, "p_xgb": 0.9928942322731018, "date": "2025-12-22"}}, {"type": "Feature", "geometry": {"type": "Point", "coordinates": [-82.42500000170402, 35.491666667244004]}, "properties": {"p_logistic": 0.5064420700073242, "p_rf": 0.8059999942779541, "p_xgb": 0.9928942322731018, "date": "2025-12-22"}}, {"type": "Feature", "geometry": {"type": "Point", "coordinates": [-82.41666666837102, 35.491666667244004]}, "properties": {"p_logistic": 0.5078402757644653, "p_rf": 0.8019999861717224, "p_xgb": 0.9925385117530823, "date": "2025-12-22"}}, {"type": "Feature", "geometry": {"type": "Point", "coordinates": [-82.40833333503801, 35.491666667244004]}, "properties": {"p_logistic": 0.5094900727272034, "p_rf": 0.7720000147819519, "p_xgb": 0.9880260825157166, "date": "2025-12-22"}}, {"type": "Feature", "geometry": {"type": "Point", "coordinates": [-82.40000000170502, 35.491666667244004]}, "properties": {"p_logistic": 0.511751651763916, "p_rf": 0.7599999904632568, "p_xgb": 0.9880260825157166, "date": "2025-12-22"}}, {"type": "Feature", "geometry": {"type": "Point", "coordinates": [-82.39166666837201, 35.491666667244004]}, "properties": {"p_logistic": 0.5153183937072754, "p_rf": 0.7459999918937683, "p_xgb": 0.9947722554206848, "date": "2025-12-22"}}, {"type": "Feature", "geometry": {"type": "Point", "coordinates": [-82.38333333503903, 35.491666667244004]}, "properties": {"p_logistic": 0.5187321305274963, "p_rf": 0.6499999761581421, "p_xgb": 0.9960881471633911, "date": "2025-12-22"}}, {"type": "Feature", "geometry": {"type": "Point", "coordinates": [-82.37500000170601, 35.491666667244004]}, "properties": {"p_logistic": 0.5212172865867615, "p_rf": 0.6480000019073486, "p_xgb": 0.9961756467819214, "date": "2025-12-22"}}, {"type": "Feature", "geometry": {"type": "Point", "coordinates": [-82.36666666837301, 35.491666667244004]}, "properties": {"p_logistic": 0.5251357555389404, "p_rf": 0.6740000247955322, "p_xgb": 0.9940997362136841, "date": "2025-12-22"}}, {"type": "Feature", "geometry": {"type": "Point", "coordinates": [-82.35833333504002, 35.491666667244004]}, "properties": {"p_logistic": 0.5276652574539185, "p_rf": 0.6859999895095825, "p_xgb": 0.9943781495094299, "date": "2025-12-22"}}, {"type": "Feature", "geometry": {"type": "Point", "coordinates": [-82.35000000170702, 35.491666667244004]}, "properties": {"p_logistic": 0.5276810526847839, "p_rf": 0.6840000152587891, "p_xgb": 0.9943781495094299, "date": "2025-12-22"}}, {"type": "Feature", "geometry": {"type": "Point", "coordinates": [-82.34166666837402, 35.491666667244004]}, "properties": {"p_logistic": 0.5264121294021606, "p_rf": 0.6840000152587891, "p_xgb": 0.9943781495094299, "date": "2025-12-22"}}, {"type": "Feature", "geometry": {"type": "Point", "coordinates": [-82.30833333504202, 35.491666667244004]}, "properties": {"p_logistic": 0.5152665376663208, "p_rf": 0.6439999938011169, "p_xgb": 0.9959872364997864, "date": "2025-12-22"}}, {"type": "Feature", "geometry": {"type": "Point", "coordinates": [-82.30000000170901, 35.491666667244004]}, "properties": {"p_logistic": 0.5133655071258545, "p_rf": 0.6480000019073486, "p_xgb": 0.995895266532898, "date": "2025-12-22"}}, {"type": "Feature", "geometry": {"type": "Point", "coordinates": [-82.29166666837602, 35.491666667244004]}, "properties": {"p_logistic": 0.5121805667877197, "p_rf": 0.6480000019073486, "p_xgb": 0.995895266532898, "date": "2025-12-22"}}, {"type": "Feature", "geometry": {"type": "Point", "coordinates": [-82.28333333504301, 35.491666667244004]}, "properties": {"p_logistic": 0.5116910934448242, "p_rf": 0.6499999761581421, "p_xgb": 0.995895266532898, "date": "2025-12-22"}}, {"type": "Feature", "geometry": {"type": "Point", "coordinates": [-82.27500000171003, 35.491666667244004]}, "properties": {"p_logistic": 0.5117172002792358, "p_rf": 0.6499999761581421, "p_xgb": 0.9957380294799805, "date": "2025-12-22"}}, {"type": "Feature", "geometry": {"type": "Point", "coordinates": [-82.26666666837701, 35.491666667244004]}, "properties": {"p_logistic": 0.5122308731079102, "p_rf": 0.6499999761581421, "p_xgb": 0.995895266532898, "date": "2025-12-22"}}, {"type": "Feature", "geometry": {"type": "Point", "coordinates": [-82.25833333504401, 35.491666667244004]}, "properties": {"p_logistic": 0.5124595165252686, "p_rf": 0.6499999761581421, "p_xgb": 0.995895266532898, "date": "2025-12-22"}}, {"type": "Feature", "geometry": {"type": "Point", "coordinates": [-82.25000000171102, 35.491666667244004]}, "properties": {"p_logistic": 0.5131412148475647, "p_rf": 0.6480000019073486, "p_xgb": 0.995895266532898, "date": "2025-12-22"}}, {"type": "Feature", "geometry": {"type": "Point", "coordinates": [-82.24166666837802, 35.491666667244004]}, "properties": {"p_logistic": 0.5147019624710083, "p_rf": 0.6460000276565552, "p_xgb": 0.9959872364997864, "date": "2025-12-22"}}, {"type": "Feature", "geometry": {"type": "Point", "coordinates": [-82.23333333504502, 35.491666667244004]}, "properties": {"p_logistic": 0.5162774324417114, "p_rf": 0.6439999938011169, "p_xgb": 0.9961756467819214, "date": "2025-12-22"}}, {"type": "Feature", "geometry": {"type": "Point", "coordinates": [-82.79166666835602, 35.483333333911006]}, "properties": {"p_logistic": 0.4833216667175293, "p_rf": 0.8220000267028809, "p_xgb": 0.9893746376037598, "date": "2025-12-22"}}, {"type": "Feature", "geometry": {"type": "Point", "coordinates": [-82.78333333502302, 35.483333333911006]}, "properties": {"p_logistic": 0.48341622948646545, "p_rf": 0.8199999928474426, "p_xgb": 0.9939653277397156, "date": "2025-12-22"}}, {"type": "Feature", "geometry": {"type": "Point", "coordinates": [-82.77500000169002, 35.483333333911006]}, "properties": {"p_logistic": 0.4834091067314148, "p_rf": 0.8119999766349792, "p_xgb": 0.9939653277397156, "date": "2025-12-22"}}, {"type": "Feature", "geometry": {"type": "Point", "coordinates": [-82.76666666835702, 35.483333333911006]}, "properties": {"p_logistic": 0.48390546441078186, "p_rf": 0.8119999766349792, "p_xgb": 0.9939653277397156, "date": "2025-12-22"}}, {"type": "Feature", "geometry": {"type": "Point", "coordinates": [-82.75833333502402, 35.483333333911006]}, "properties": {"p_logistic": 0.4853467643260956, "p_rf": 0.8119999766349792, "p_xgb": 0.9939653277397156, "date": "2025-12-22"}}, {"type": "Feature", "geometry": {"type": "Point", "coordinates": [-82.75000000169102, 35.483333333911006]}, "properties": {"p_logistic": 0.4880729019641876, "p_rf": 0.8140000104904175, "p_xgb": 0.9943599104881287, "date": "2025-12-22"}}, {"type": "Feature", "geometry": {"type": "Point", "coordinates": [-82.74166666835802, 35.483333333911006]}, "properties": {"p_logistic": 0.489557147026062, "p_rf": 0.8199999928474426, "p_xgb": 0.9946264624595642, "date": "2025-12-22"}}, {"type": "Feature", "geometry": {"type": "Point", "coordinates": [-82.73333333502501, 35.483333333911006]}, "properties": {"p_logistic": 0.4899519979953766, "p_rf": 0.8220000267028809, "p_xgb": 0.9952406883239746, "date": "2025-12-22"}}, {"type": "Feature", "geometry": {"type": "Point", "coordinates": [-82.72500000169202, 35.483333333911006]}, "properties": {"p_logistic": 0.48917922377586365, "p_rf": 0.8259999752044678, "p_xgb": 0.9949073195457458, "date": "2025-12-22"}}, {"type": "Feature", "geometry": {"type": "Point", "coordinates": [-82.71666666835901, 35.483333333911006]}, "properties": {"p_logistic": 0.4899049699306488, "p_rf": 0.8320000171661377, "p_xgb": 0.9949073195457458, "date": "2025-12-22"}}, {"type": "Feature", "geometry": {"type": "Point", "coordinates": [-82.70833333502603, 35.483333333911006]}, "properties": {"p_logistic": 0.4900522828102112, "p_rf": 0.843999981880188, "p_xgb": 0.9944038391113281, "date": "2025-12-22"}}, {"type": "Feature", "geometry": {"type": "Point", "coordinates": [-82.70000000169301, 35.483333333911006]}, "properties": {"p_logistic": 0.4907848834991455, "p_rf": 0.843999981880188, "p_xgb": 0.9944038391113281, "date": "2025-12-22"}}, {"type": "Feature", "geometry": {"type": "Point", "coordinates": [-82.69166666836001, 35.483333333911006]}, "properties": {"p_logistic": 0.49156099557876587, "p_rf": 0.843999981880188, "p_xgb": 0.9919249415397644, "date": "2025-12-22"}}, {"type": "Feature", "geometry": {"type": "Point", "coordinates": [-82.68333333502702, 35.483333333911006]}, "properties": {"p_logistic": 0.4923885762691498, "p_rf": 0.8379999995231628, "p_xgb": 0.9921332001686096, "date": "2025-12-22"}}, {"type": "Feature", "geometry": {"type": "Point", "coordinates": [-82.67500000169402, 35.483333333911006]}, "properties": {"p_logistic": 0.49375802278518677, "p_rf": 0.8679999709129333, "p_xgb": 0.9908106327056885, "date": "2025-12-22"}}, {"type": "Feature", "geometry": {"type": "Point", "coordinates": [-82.66666666836102, 35.483333333911006]}, "properties": {"p_logistic": 0.4942528009414673, "p_rf": 0.8679999709129333, "p_xgb": 0.9950098991394043, "date": "2025-12-22"}}, {"type": "Feature", "geometry": {"type": "Point", "coordinates": [-82.65833333502802, 35.483333333911006]}, "properties": {"p_logistic": 0.4953969717025757, "p_rf": 0.8759999871253967, "p_xgb": 0.9959490299224854, "date": "2025-12-22"}}, {"type": "Feature", "geometry": {"type": "Point", "coordinates": [-82.65000000169502, 35.483333333911006]}, "properties": {"p_logistic": 0.4963527321815491, "p_rf": 0.8759999871253967, "p_xgb": 0.9959490299224854, "date": "2025-12-22"}}, {"type": "Feature", "geometry": {"type": "Point", "coordinates": [-82.64166666836202, 35.483333333911006]}, "properties": {"p_logistic": 0.49848541617393494, "p_rf": 0.8679999709129333, "p_xgb": 0.9930543303489685, "date": "2025-12-22"}}, {"type": "Feature", "geometry": {"type": "Point", "coordinates": [-82.63333333502902, 35.483333333911006]}, "properties": {"p_logistic": 0.5011973977088928, "p_rf": 0.8420000076293945, "p_xgb": 0.9920491576194763, "date": "2025-12-22"}}, {"type": "Feature", "geometry": {"type": "Point", "coordinates": [-82.62500000169601, 35.483333333911006]}, "properties": {"p_logistic": 0.5039646625518799, "p_rf": 0.828000009059906, "p_xgb": 0.9920491576194763, "date": "2025-12-22"}}, {"type": "Feature", "geometry": {"type": "Point", "coordinates": [-82.61666666836302, 35.483333333911006]}, "properties": {"p_logistic": 0.5054575800895691, "p_rf": 0.828000009059906, "p_xgb": 0.9920491576194763, "date": "2025-12-22"}}, {"type": "Feature", "geometry": {"type": "Point", "coordinates": [-82.60833333503001, 35.483333333911006]}, "properties": {"p_logistic": 0.5054661631584167, "p_rf": 0.8320000171661377, "p_xgb": 0.9920491576194763, "date": "2025-12-22"}}, {"type": "Feature", "geometry": {"type": "Point", "coordinates": [-82.60000000169703, 35.483333333911006]}, "properties": {"p_logistic": 0.5036653280258179, "p_rf": 0.8600000143051147, "p_xgb": 0.9930543303489685, "date": "2025-12-22"}}, {"type": "Feature", "geometry": {"type": "Point", "coordinates": [-82.59166666836401, 35.483333333911006]}, "properties": {"p_logistic": 0.5023782849311829, "p_rf": 0.8679999709129333, "p_xgb": 0.9949312806129456, "date": "2025-12-22"}}, {"type": "Feature", "geometry": {"type": "Point", "coordinates": [-82.58333333503101, 35.483333333911006]}, "properties": {"p_logistic": 0.5007787346839905, "p_rf": 0.8679999709129333, "p_xgb": 0.9933370351791382, "date": "2025-12-22"}}, {"type": "Feature", "geometry": {"type": "Point", "coordinates": [-82.57500000169802, 35.483333333911006]}, "properties": {"p_logistic": 0.5004698634147644, "p_rf": 0.8679999709129333, "p_xgb": 0.9930543303489685, "date": "2025-12-22"}}, {"type": "Feature", "geometry": {"type": "Point", "coordinates": [-82.56666666836502, 35.483333333911006]}, "properties": {"p_logistic": 0.5015879273414612, "p_rf": 0.8600000143051147, "p_xgb": 0.9930543303489685, "date": "2025-12-22"}}, {"type": "Feature", "geometry": {"type": "Point", "coordinates": [-82.55833333503202, 35.483333333911006]}, "properties": {"p_logistic": 0.502602756023407, "p_rf": 0.8339999914169312, "p_xgb": 0.9920491576194763, "date": "2025-12-22"}}, {"type": "Feature", "geometry": {"type": "Point", "coordinates": [-82.55000000169902, 35.483333333911006]}, "properties": {"p_logistic": 0.5036746859550476, "p_rf": 0.8180000185966492, "p_xgb": 0.9920491576194763, "date": "2025-12-22"}}, {"type": "Feature", "geometry": {"type": "Point", "coordinates": [-82.54166666836602, 35.483333333911006]}, "properties": {"p_logistic": 0.5046210289001465, "p_rf": 0.8180000185966492, "p_xgb": 0.9928942322731018, "date": "2025-12-22"}}, {"type": "Feature", "geometry": {"type": "Point", "coordinates": [-82.53333333503302, 35.483333333911006]}, "properties": {"p_logistic": 0.5044741630554199, "p_rf": 0.8199999928474426, "p_xgb": 0.9928942322731018, "date": "2025-12-22"}}, {"type": "Feature", "geometry": {"type": "Point", "coordinates": [-82.52500000170002, 35.483333333911006]}, "properties": {"p_logistic": 0.5046185851097107, "p_rf": 0.8180000185966492, "p_xgb": 0.9920491576194763, "date": "2025-12-22"}}, {"type": "Feature", "geometry": {"type": "Point", "coordinates": [-82.51666666836701, 35.483333333911006]}, "properties": {"p_logistic": 0.5045819878578186, "p_rf": 0.828000009059906, "p_xgb": 0.9920491576194763, "date": "2025-12-22"}}, {"type": "Feature", "geometry": {"type": "Point", "coordinates": [-82.50833333503402, 35.483333333911006]}, "properties": {"p_logistic": 0.5041680932044983, "p_rf": 0.8339999914169312, "p_xgb": 0.9920491576194763, "date": "2025-12-22"}}, {"type": "Feature", "geometry": {"type": "Point", "coordinates": [-82.50000000170101, 35.483333333911006]}, "properties": {"p_logistic": 0.5034530758857727, "p_rf": 0.8320000171661377, "p_xgb": 0.9920491576194763, "date": "2025-12-22"}}, {"type": "Feature", "geometry": {"type": "Point", "coordinates": [-82.49166666836803, 35.483333333911006]}, "properties": {"p_logistic": 0.5027855634689331, "p_rf": 0.8320000171661377, "p_xgb": 0.9920491576194763, "date": "2025-12-22"}}, {"type": "Feature", "geometry": {"type": "Point", "coordinates": [-82.48333333503501, 35.483333333911006]}, "properties": {"p_logistic": 0.5019720196723938, "p_rf": 0.8360000252723694, "p_xgb": 0.9920491576194763, "date": "2025-12-22"}}, {"type": "Feature", "geometry": {"type": "Point", "coordinates": [-82.47500000170201, 35.483333333911006]}, "properties": {"p_logistic": 0.5019599199295044, "p_rf": 0.8379999995231628, "p_xgb": 0.9920491576194763, "date": "2025-12-22"}}, {"type": "Feature", "geometry": {"type": "Point", "coordinates": [-82.46666666836902, 35.483333333911006]}, "properties": {"p_logistic": 0.5021954774856567, "p_rf": 0.8460000157356262, "p_xgb": 0.9931558966636658, "date": "2025-12-22"}}, {"type": "Feature", "geometry": {"type": "Point", "coordinates": [-82.45833333503602, 35.483333333911006]}, "properties": {"p_logistic": 0.5029113292694092, "p_rf": 0.8379999995231628, "p_xgb": 0.9920491576194763, "date": "2025-12-22"}}, {"type": "Feature", "geometry": {"type": "Point", "coordinates": [-82.45000000170302, 35.483333333911006]}, "properties": {"p_logistic": 0.5033722519874573, "p_rf": 0.8339999914169312, "p_xgb": 0.9920491576194763, "date": "2025-12-22"}}, {"type": "Feature", "geometry": {"type": "Point", "coordinates": [-82.44166666837002, 35.483333333911006]}, "properties": {"p_logistic": 0.5043653249740601, "p_rf": 0.828000009059906, "p_xgb": 0.9920491576194763, "date": "2025-12-22"}}, {"type": "Feature", "geometry": {"type": "Point", "coordinates": [-82.43333333503702, 35.483333333911006]}, "properties": {"p_logistic": 0.5049991011619568, "p_rf": 0.8180000185966492, "p_xgb": 0.9928942322731018, "date": "2025-12-22"}}, {"type": "Feature", "geometry": {"type": "Point", "coordinates": [-82.42500000170402, 35.483333333911006]}, "properties": {"p_logistic": 0.5054706335067749, "p_rf": 0.8059999942779541, "p_xgb": 0.9928942322731018, "date": "2025-12-22"}}, {"type": "Feature", "geometry": {"type": "Point", "coordinates": [-82.41666666837102, 35.483333333911006]}, "properties": {"p_logistic": 0.5066691637039185, "p_rf": 0.7960000038146973, "p_xgb": 0.9925385117530823, "date": "2025-12-22"}}, {"type": "Feature", "geometry": {"type": "Point", "coordinates": [-82.40833333503801, 35.483333333911006]}, "properties": {"p_logistic": 0.5090688467025757, "p_rf": 0.7680000066757202, "p_xgb": 0.9880260825157166, "date": "2025-12-22"}}, {"type": "Feature", "geometry": {"type": "Point", "coordinates": [-82.40000000170502, 35.483333333911006]}, "properties": {"p_logistic": 0.5114151239395142, "p_rf": 0.7620000243186951, "p_xgb": 0.9886714220046997, "date": "2025-12-22"}}, {"type": "Feature", "geometry": {"type": "Point", "coordinates": [-82.39166666837201, 35.483333333911006]}, "properties": {"p_logistic": 0.5147638320922852, "p_rf": 0.7440000176429749, "p_xgb": 0.9960860013961792, "date": "2025-12-22"}}, {"type": "Feature", "geometry": {"type": "Point", "coordinates": [-82.38333333503903, 35.483333333911006]}, "properties": {"p_logistic": 0.5167774558067322, "p_rf": 0.6499999761581421, "p_xgb": 0.9959750771522522, "date": "2025-12-22"}}, {"type": "Feature", "geometry": {"type": "Point", "coordinates": [-82.37500000170601, 35.483333333911006]}, "properties": {"p_logistic": 0.5194862484931946, "p_rf": 0.6460000276565552, "p_xgb": 0.9961756467819214, "date": "2025-12-22"}}, {"type": "Feature", "geometry": {"type": "Point", "coordinates": [-82.29166666837602, 35.483333333911006]}, "properties": {"p_logistic": 0.5095707774162292, "p_rf": 0.6499999761581421, "p_xgb": 0.9957767128944397, "date": "2025-12-22"}}, {"type": "Feature", "geometry": {"type": "Point", "coordinates": [-82.28333333504301, 35.483333333911006]}, "properties": {"p_logistic": 0.5093083381652832, "p_rf": 0.6499999761581421, "p_xgb": 0.9957767128944397, "date": "2025-12-22"}}, {"type": "Feature", "geometry": {"type": "Point", "coordinates": [-82.27500000171003, 35.483333333911006]}, "properties": {"p_logistic": 0.5098330974578857, "p_rf": 0.6499999761581421, "p_xgb": 0.995895266532898, "date": "2025-12-22"}}, {"type": "Feature", "geometry": {"type": "Point", "coordinates": [-82.26666666837701, 35.483333333911006]}, "properties": {"p_logistic": 0.5103965997695923, "p_rf": 0.6499999761581421, "p_xgb": 0.995895266532898, "date": "2025-12-22"}}, {"type": "Feature", "geometry": {"type": "Point", "coordinates": [-82.25833333504401, 35.483333333911006]}, "properties": {"p_logistic": 0.5112177133560181, "p_rf": 0.6480000019073486, "p_xgb": 0.995895266532898, "date": "2025-12-22"}}, {"type": "Feature", "geometry": {"type": "Point", "coordinates": [-82.25000000171102, 35.483333333911006]}, "properties": {"p_logistic": 0.5117908120155334, "p_rf": 0.6480000019073486, "p_xgb": 0.995895266532898, "date": "2025-12-22"}}, {"type": "Feature", "geometry": {"type": "Point", "coordinates": [-82.24166666837802, 35.483333333911006]}, "properties": {"p_logistic": 0.5133551359176636, "p_rf": 0.6460000276565552, "p_xgb": 0.995895266532898, "date": "2025-12-22"}}, {"type": "Feature", "geometry": {"type": "Point", "coordinates": [-82.23333333504502, 35.483333333911006]}, "properties": {"p_logistic": 0.5151189565658569, "p_rf": 0.6460000276565552, "p_xgb": 0.9961756467819214, "date": "2025-12-22"}}, {"type": "Feature", "geometry": {"type": "Point", "coordinates": [-82.79166666835602, 35.47500000057801]}, "properties": {"p_logistic": 0.4827989339828491, "p_rf": 0.8259999752044678, "p_xgb": 0.9907466173171997, "date": "2025-12-22"}}, {"type": "Feature", "geometry": {"type": "Point", "coordinates": [-82.78333333502302, 35.47500000057801]}, "properties": {"p_logistic": 0.48333117365837097, "p_rf": 0.8199999928474426, "p_xgb": 0.9934588074684143, "date": "2025-12-22"}}, {"type": "Feature", "geometry": {"type": "Point", "coordinates": [-82.77500000169002, 35.47500000057801]}, "properties": {"p_logistic": 0.4834824800491333, "p_rf": 0.8140000104904175, "p_xgb": 0.9939653277397156, "date": "2025-12-22"}}, {"type": "Feature", "geometry": {"type": "Point", "coordinates": [-82.76666666835702, 35.47500000057801]}, "properties": {"p_logistic": 0.48392754793167114, "p_rf": 0.8119999766349792, "p_xgb": 0.9939653277397156, "date": "2025-12-22"}}, {"type": "Feature", "geometry": {"type": "Point", "coordinates": [-82.75833333502402, 35.47500000057801]}, "properties": {"p_logistic": 0.48578089475631714, "p_rf": 0.8140000104904175, "p_xgb": 0.9939653277397156, "date": "2025-12-22"}}, {"type": "Feature", "geometry": {"type": "Point", "coordinates": [-82.75000000169102, 35.47500000057801]}, "properties": {"p_logistic": 0.4880436360836029, "p_rf": 0.8199999928474426, "p_xgb": 0.9942504167556763, "date": "2025-12-22"}}, {"type": "Feature", "geometry": {"type": "Point", "coordinates": [-82.74166666835802, 35.47500000057801]}, "properties": {"p_logistic": 0.4887101352214813, "p_rf": 0.8259999752044678, "p_xgb": 0.9949073195457458, "date": "2025-12-22"}}, {"type": "Feature", "geometry": {"type": "Point", "coordinates": [-82.73333333502501, 35.47500000057801]}, "properties": {"p_logistic": 0.48784783482551575, "p_rf": 0.8259999752044678, "p_xgb": 0.9949073195457458, "date": "2025-12-22"}}, {"type": "Feature", "geometry": {"type": "Point", "coordinates": [-82.72500000169202, 35.47500000057801]}, "properties": {"p_logistic": 0.4880355894565582, "p_rf": 0.843999981880188, "p_xgb": 0.9936332702636719, "date": "2025-12-22"}}, {"type": "Feature", "geometry": {"type": "Point", "coordinates": [-82.71666666835901, 35.47500000057801]}, "properties": {"p_logistic": 0.4889647960662842, "p_rf": 0.843999981880188, "p_xgb": 0.9936332702636719, "date": "2025-12-22"}}, {"type": "Feature", "geometry": {"type": "Point", "coordinates": [-82.70833333502603, 35.47500000057801]}, "properties": {"p_logistic": 0.4896475374698639, "p_rf": 0.843999981880188, "p_xgb": 0.9871219992637634, "date": "2025-12-22"}}, {"type": "Feature", "geometry": {"type": "Point", "coordinates": [-82.70000000169301, 35.47500000057801]}, "properties": {"p_logistic": 0.48982319235801697, "p_rf": 0.8399999737739563, "p_xgb": 0.9874525666236877, "date": "2025-12-22"}}, {"type": "Feature", "geometry": {"type": "Point", "coordinates": [-82.69166666836001, 35.47500000057801]}, "properties": {"p_logistic": 0.49065202474594116, "p_rf": 0.8679999709129333, "p_xgb": 0.9853547811508179, "date": "2025-12-22"}}, {"type": "Feature", "geometry": {"type": "Point", "coordinates": [-82.68333333502702, 35.47500000057801]}, "properties": {"p_logistic": 0.49176639318466187, "p_rf": 0.8679999709129333, "p_xgb": 0.9950098991394043, "date": "2025-12-22"}}, {"type": "Feature", "geometry": {"type": "Point", "coordinates": [-82.67500000169402, 35.47500000057801]}, "properties": {"p_logistic": 0.49356749653816223, "p_rf": 0.8759999871253967, "p_xgb": 0.9959490299224854, "date": "2025-12-22"}}, {"type": "Feature", "geometry": {"type": "Point", "coordinates": [-82.66666666836102, 35.47500000057801]}, "properties": {"p_logistic": 0.49428829550743103, "p_rf": 0.8759999871253967, "p_xgb": 0.9959490299224854, "date": "2025-12-22"}}, {"type": "Feature", "geometry": {"type": "Point", "coordinates": [-82.65833333502802, 35.47500000057801]}, "properties": {"p_logistic": 0.4956224858760834, "p_rf": 0.8679999709129333, "p_xgb": 0.9933370351791382, "date": "2025-12-22"}}, {"type": "Feature", "geometry": {"type": "Point", "coordinates": [-82.65000000169502, 35.47500000057801]}, "properties": {"p_logistic": 0.49710172414779663, "p_rf": 0.8460000157356262, "p_xgb": 0.9931558966636658, "date": "2025-12-22"}}, {"type": "Feature", "geometry": {"type": "Point", "coordinates": [-82.64166666836202, 35.47500000057801]}, "properties": {"p_logistic": 0.4990732967853546, "p_rf": 0.8320000171661377, "p_xgb": 0.9920491576194763, "date": "2025-12-22"}}, {"type": "Feature", "geometry": {"type": "Point", "coordinates": [-82.63333333502902, 35.47500000057801]}, "properties": {"p_logistic": 0.5008354187011719, "p_rf": 0.8180000185966492, "p_xgb": 0.9928942322731018, "date": "2025-12-22"}}, {"type": "Feature", "geometry": {"type": "Point", "coordinates": [-82.62500000169601, 35.47500000057801]}, "properties": {"p_logistic": 0.5031010508537292, "p_rf": 0.8199999928474426, "p_xgb": 0.9928942322731018, "date": "2025-12-22"}}, {"type": "Feature", "geometry": {"type": "Point", "coordinates": [-82.61666666836302, 35.47500000057801]}, "properties": {"p_logistic": 0.5037291646003723, "p_rf": 0.8199999928474426, "p_xgb": 0.9928942322731018, "date": "2025-12-22"}}, {"type": "Feature", "geometry": {"type": "Point", "coordinates": [-82.60833333503001, 35.47500000057801]}, "properties": {"p_logistic": 0.5035381317138672, "p_rf": 0.8180000185966492, "p_xgb": 0.9920491576194763, "date": "2025-12-22"}}, {"type": "Feature", "geometry": {"type": "Point", "coordinates": [-82.60000000169703, 35.47500000057801]}, "properties": {"p_logistic": 0.501529335975647, "p_rf": 0.8379999995231628, "p_xgb": 0.9920491576194763, "date": "2025-12-22"}}, {"type": "Feature", "geometry": {"type": "Point", "coordinates": [-82.59166666836401, 35.47500000057801]}, "properties": {"p_logistic": 0.500430166721344, "p_rf": 0.8619999885559082, "p_xgb": 0.9930543303489685, "date": "2025-12-22"}}, {"type": "Feature", "geometry": {"type": "Point", "coordinates": [-82.58333333503101, 35.47500000057801]}, "properties": {"p_logistic": 0.4991946816444397, "p_rf": 0.8679999709129333, "p_xgb": 0.9930543303489685, "date": "2025-12-22"}}, {"type": "Feature", "geometry": {"type": "Point", "coordinates": [-82.57500000169802, 35.47500000057801]}, "properties": {"p_logistic": 0.4993911683559418, "p_rf": 0.8659999966621399, "p_xgb": 0.9930543303489685, "date": "2025-12-22"}}, {"type": "Feature", "geometry": {"type": "Point", "coordinates": [-82.56666666836502, 35.47500000057801]}, "properties": {"p_logistic": 0.5010878443717957, "p_rf": 0.8420000076293945, "p_xgb": 0.9920491576194763, "date": "2025-12-22"}}, {"type": "Feature", "geometry": {"type": "Point", "coordinates": [-82.55833333503202, 35.47500000057801]}, "properties": {"p_logistic": 0.5023466348648071, "p_rf": 0.828000009059906, "p_xgb": 0.9920491576194763, "date": "2025-12-22"}}, {"type": "Feature", "geometry": {"type": "Point", "coordinates": [-82.55000000169902, 35.47500000057801]}, "properties": {"p_logistic": 0.5037198662757874, "p_rf": 0.8199999928474426, "p_xgb": 0.9928942322731018, "date": "2025-12-22"}}, {"type": "Feature", "geometry": {"type": "Point", "coordinates": [-82.54166666836602, 35.47500000057801]}, "properties": {"p_logistic": 0.5040032863616943, "p_rf": 0.8199999928474426, "p_xgb": 0.9928942322731018, "date": "2025-12-22"}}, {"type": "Feature", "geometry": {"type": "Point", "coordinates": [-82.53333333503302, 35.47500000057801]}, "properties": {"p_logistic": 0.5039645433425903, "p_rf": 0.8199999928474426, "p_xgb": 0.9928942322731018, "date": "2025-12-22"}}, {"type": "Feature", "geometry": {"type": "Point", "coordinates": [-82.52500000170002, 35.47500000057801]}, "properties": {"p_logistic": 0.5039358139038086, "p_rf": 0.8180000185966492, "p_xgb": 0.9920491576194763, "date": "2025-12-22"}}, {"type": "Feature", "geometry": {"type": "Point", "coordinates": [-82.51666666836701, 35.47500000057801]}, "properties": {"p_logistic": 0.5040673017501831, "p_rf": 0.828000009059906, "p_xgb": 0.9920491576194763, "date": "2025-12-22"}}, {"type": "Feature", "geometry": {"type": "Point", "coordinates": [-82.50833333503402, 35.47500000057801]}, "properties": {"p_logistic": 0.5037726163864136, "p_rf": 0.828000009059906, "p_xgb": 0.9920491576194763, "date": "2025-12-22"}}, {"type": "Feature", "geometry": {"type": "Point", "coordinates": [-82.50000000170101, 35.47500000057801]}, "properties": {"p_logistic": 0.5031370520591736, "p_rf": 0.828000009059906, "p_xgb": 0.9920491576194763, "date": "2025-12-22"}}, {"type": "Feature", "geometry": {"type": "Point", "coordinates": [-82.49166666836803, 35.47500000057801]}, "properties": {"p_logistic": 0.5029804706573486, "p_rf": 0.828000009059906, "p_xgb": 0.9920491576194763, "date": "2025-12-22"}}, {"type": "Feature", "geometry": {"type": "Point", "coordinates": [-82.48333333503501, 35.47500000057801]}, "properties": {"p_logistic": 0.5021165609359741, "p_rf": 0.828000009059906, "p_xgb": 0.9920491576194763, "date": "2025-12-22"}}, {"type": "Feature", "geometry": {"type": "Point", "coordinates": [-82.47500000170201, 35.47500000057801]}, "properties": {"p_logistic": 0.5017890334129333, "p_rf": 0.8339999914169312, "p_xgb": 0.9920491576194763, "date": "2025-12-22"}}, {"type": "Feature", "geometry": {"type": "Point", "coordinates": [-82.46666666836902, 35.47500000057801]}, "properties": {"p_logistic": 0.5014591813087463, "p_rf": 0.8600000143051147, "p_xgb": 0.9931558966636658, "date": "2025-12-22"}}, {"type": "Feature", "geometry": {"type": "Point", "coordinates": [-82.45833333503602, 35.47500000057801]}, "properties": {"p_logistic": 0.5016698837280273, "p_rf": 0.8600000143051147, "p_xgb": 0.9930543303489685, "date": "2025-12-22"}}, {"type": "Feature", "geometry": {"type": "Point", "coordinates": [-82.45000000170302, 35.47500000057801]}, "properties": {"p_logistic": 0.5016168355941772, "p_rf": 0.843999981880188, "p_xgb": 0.9920491576194763, "date": "2025-12-22"}}, {"type": "Feature", "geometry": {"type": "Point", "coordinates": [-82.44166666837002, 35.47500000057801]}, "properties": {"p_logistic": 0.502777636051178, "p_rf": 0.8320000171661377, "p_xgb": 0.9920491576194763, "date": "2025-12-22"}}, {"type": "Feature", "geometry": {"type": "Point", "coordinates": [-82.43333333503702, 35.47500000057801]}, "properties": {"p_logistic": 0.5036056637763977, "p_rf": 0.8180000185966492, "p_xgb": 0.9920491576194763, "date": "2025-12-22"}}, {"type": "Feature", "geometry": {"type": "Point", "coordinates": [-82.42500000170402, 35.47500000057801]}, "properties": {"p_logistic": 0.5043525695800781, "p_rf": 0.8059999942779541, "p_xgb": 0.9928942322731018, "date": "2025-12-22"}}, {"type": "Feature", "geometry": {"type": "Point", "coordinates": [-82.41666666837102, 35.47500000057801]}, "properties": {"p_logistic": 0.5059431791305542, "p_rf": 0.800000011920929, "p_xgb": 0.9925385117530823, "date": "2025-12-22"}}, {"type": "Feature", "geometry": {"type": "Point", "coordinates": [-82.40833333503801, 35.47500000057801]}, "properties": {"p_logistic": 0.5074909925460815, "p_rf": 0.7680000066757202, "p_xgb": 0.9880260825157166, "date": "2025-12-22"}}, {"type": "Feature", "geometry": {"type": "Point", "coordinates": [-82.40000000170502, 35.47500000057801]}, "properties": {"p_logistic": 0.5092697143554688, "p_rf": 0.7620000243186951, "p_xgb": 0.9882992506027222, "date": "2025-12-22"}}, {"type": "Feature", "geometry": {"type": "Point", "coordinates": [-82.39166666837201, 35.47500000057801]}, "properties": {"p_logistic": 0.5114818215370178, "p_rf": 0.7480000257492065, "p_xgb": 0.9970299005508423, "date": "2025-12-22"}}, {"type": "Feature", "geometry": {"type": "Point", "coordinates": [-82.38333333503903, 35.47500000057801]}, "properties": {"p_logistic": 0.5131741762161255, "p_rf": 0.656000018119812, "p_xgb": 0.9963243007659912, "date": "2025-12-22"}}, {"type": "Feature", "geometry": {"type": "Point", "coordinates": [-82.37500000170601, 35.47500000057801]}, "properties": {"p_logistic": 0.5155021548271179, "p_rf": 0.6460000276565552, "p_xgb": 0.9961756467819214, "date": "2025-12-22"}}, {"type": "Feature", "geometry": {"type": "Point", "coordinates": [-82.27500000171003, 35.47500000057801]}, "properties": {"p_logistic": 0.508981466293335, "p_rf": 0.6499999761581421, "p_xgb": 0.9957767128944397, "date": "2025-12-22"}}, {"type": "Feature", "geometry": {"type": "Point", "coordinates": [-82.26666666837701, 35.47500000057801]}, "properties": {"p_logistic": 0.509920060634613, "p_rf": 0.6499999761581421, "p_xgb": 0.9957767128944397, "date": "2025-12-22"}}, {"type": "Feature", "geometry": {"type": "Point", "coordinates": [-82.25833333504401, 35.47500000057801]}, "properties": {"p_logistic": 0.5103811025619507, "p_rf": 0.6499999761581421, "p_xgb": 0.995895266532898, "date": "2025-12-22"}}, {"type": "Feature", "geometry": {"type": "Point", "coordinates": [-82.25000000171102, 35.47500000057801]}, "properties": {"p_logistic": 0.5114336609840393, "p_rf": 0.6480000019073486, "p_xgb": 0.995895266532898, "date": "2025-12-22"}}, {"type": "Feature", "geometry": {"type": "Point", "coordinates": [-82.24166666837802, 35.47500000057801]}, "properties": {"p_logistic": 0.5126908421516418, "p_rf": 0.6480000019073486, "p_xgb": 0.995895266532898, "date": "2025-12-22"}}, {"type": "Feature", "geometry": {"type": "Point", "coordinates": [-82.79166666835602, 35.46666666724501]}, "properties": {"p_logistic": 0.4830402731895447, "p_rf": 0.8259999752044678, "p_xgb": 0.9907466173171997, "date": "2025-12-22"}}, {"type": "Feature", "geometry": {"type": "Point", "coordinates": [-82.78333333502302, 35.46666666724501]}, "properties": {"p_logistic": 0.4836249351501465, "p_rf": 0.8259999752044678, "p_xgb": 0.9907466173171997, "date": "2025-12-22"}}, {"type": "Feature", "geometry": {"type": "Point", "coordinates": [-82.77500000169002, 35.46666666724501]}, "properties": {"p_logistic": 0.4840829074382782, "p_rf": 0.8220000267028809, "p_xgb": 0.9936586022377014, "date": "2025-12-22"}}, {"type": "Feature", "geometry": {"type": "Point", "coordinates": [-82.76666666835702, 35.46666666724501]}, "properties": {"p_logistic": 0.4845254719257355, "p_rf": 0.8199999928474426, "p_xgb": 0.9942504167556763, "date": "2025-12-22"}}, {"type": "Feature", "geometry": {"type": "Point", "coordinates": [-82.75833333502402, 35.46666666724501]}, "properties": {"p_logistic": 0.4856906235218048, "p_rf": 0.8220000267028809, "p_xgb": 0.9944261312484741, "date": "2025-12-22"}}, {"type": "Feature", "geometry": {"type": "Point", "coordinates": [-82.75000000169102, 35.46666666724501]}, "properties": {"p_logistic": 0.4875740110874176, "p_rf": 0.8259999752044678, "p_xgb": 0.9949073195457458, "date": "2025-12-22"}}, {"type": "Feature", "geometry": {"type": "Point", "coordinates": [-82.74166666835802, 35.46666666724501]}, "properties": {"p_logistic": 0.4868965744972229, "p_rf": 0.8320000171661377, "p_xgb": 0.9898360371589661, "date": "2025-12-22"}}, {"type": "Feature", "geometry": {"type": "Point", "coordinates": [-82.73333333502501, 35.46666666724501]}, "properties": {"p_logistic": 0.4864111542701721, "p_rf": 0.843999981880188, "p_xgb": 0.9898360371589661, "date": "2025-12-22"}}, {"type": "Feature", "geometry": {"type": "Point", "coordinates": [-82.72500000169202, 35.46666666724501]}, "properties": {"p_logistic": 0.4868709146976471, "p_rf": 0.8420000076293945, "p_xgb": 0.9871219992637634, "date": "2025-12-22"}}, {"type": "Feature", "geometry": {"type": "Point", "coordinates": [-82.71666666835901, 35.46666666724501]}, "properties": {"p_logistic": 0.488298624753952, "p_rf": 0.8399999737739563, "p_xgb": 0.9874525666236877, "date": "2025-12-22"}}, {"type": "Feature", "geometry": {"type": "Point", "coordinates": [-82.70833333502603, 35.46666666724501]}, "properties": {"p_logistic": 0.4889610707759857, "p_rf": 0.8679999709129333, "p_xgb": 0.9857751131057739, "date": "2025-12-22"}}, {"type": "Feature", "geometry": {"type": "Point", "coordinates": [-82.70000000169301, 35.46666666724501]}, "properties": {"p_logistic": 0.4895029366016388, "p_rf": 0.8679999709129333, "p_xgb": 0.9950098991394043, "date": "2025-12-22"}}, {"type": "Feature", "geometry": {"type": "Point", "coordinates": [-82.69166666836001, 35.46666666724501]}, "properties": {"p_logistic": 0.4906318187713623, "p_rf": 0.8759999871253967, "p_xgb": 0.9959490299224854, "date": "2025-12-22"}}, {"type": "Feature", "geometry": {"type": "Point", "coordinates": [-82.68333333502702, 35.46666666724501]}, "properties": {"p_logistic": 0.4922020733356476, "p_rf": 0.8759999871253967, "p_xgb": 0.9959490299224854, "date": "2025-12-22"}}, {"type": "Feature", "geometry": {"type": "Point", "coordinates": [-82.67500000169402, 35.46666666724501]}, "properties": {"p_logistic": 0.4944722652435303, "p_rf": 0.8659999966621399, "p_xgb": 0.9930543303489685, "date": "2025-12-22"}}, {"type": "Feature", "geometry": {"type": "Point", "coordinates": [-82.66666666836102, 35.46666666724501]}, "properties": {"p_logistic": 0.4954732358455658, "p_rf": 0.8379999995231628, "p_xgb": 0.9920491576194763, "date": "2025-12-22"}}, {"type": "Feature", "geometry": {"type": "Point", "coordinates": [-82.65833333502802, 35.46666666724501]}, "properties": {"p_logistic": 0.49682480096817017, "p_rf": 0.828000009059906, "p_xgb": 0.9920491576194763, "date": "2025-12-22"}}, {"type": "Feature", "geometry": {"type": "Point", "coordinates": [-82.65000000169502, 35.46666666724501]}, "properties": {"p_logistic": 0.49786674976348877, "p_rf": 0.8180000185966492, "p_xgb": 0.9920491576194763, "date": "2025-12-22"}}, {"type": "Feature", "geometry": {"type": "Point", "coordinates": [-82.64166666836202, 35.46666666724501]}, "properties": {"p_logistic": 0.498599112033844, "p_rf": 0.8199999928474426, "p_xgb": 0.9928942322731018, "date": "2025-12-22"}}, {"type": "Feature", "geometry": {"type": "Point", "coordinates": [-82.63333333502902, 35.46666666724501]}, "properties": {"p_logistic": 0.4988836646080017, "p_rf": 0.8040000200271606, "p_xgb": 0.993057131767273, "date": "2025-12-22"}}, {"type": "Feature", "geometry": {"type": "Point", "coordinates": [-82.62500000169601, 35.46666666724501]}, "properties": {"p_logistic": 0.5001031756401062, "p_rf": 0.8040000200271606, "p_xgb": 0.9928942322731018, "date": "2025-12-22"}}, {"type": "Feature", "geometry": {"type": "Point", "coordinates": [-82.61666666836302, 35.46666666724501]}, "properties": {"p_logistic": 0.49999725818634033, "p_rf": 0.8059999942779541, "p_xgb": 0.9928942322731018, "date": "2025-12-22"}}, {"type": "Feature", "geometry": {"type": "Point", "coordinates": [-82.60833333503001, 35.46666666724501]}, "properties": {"p_logistic": 0.4999312162399292, "p_rf": 0.8180000185966492, "p_xgb": 0.9920491576194763, "date": "2025-12-22"}}, {"type": "Feature", "geometry": {"type": "Point", "coordinates": [-82.60000000169703, 35.46666666724501]}, "properties": {"p_logistic": 0.49964237213134766, "p_rf": 0.828000009059906, "p_xgb": 0.9920491576194763, "date": "2025-12-22"}}, {"type": "Feature", "geometry": {"type": "Point", "coordinates": [-82.59166666836401, 35.46666666724501]}, "properties": {"p_logistic": 0.4988069534301758, "p_rf": 0.8360000252723694, "p_xgb": 0.9920491576194763, "date": "2025-12-22"}}, {"type": "Feature", "geometry": {"type": "Point", "coordinates": [-82.58333333503101, 35.46666666724501]}, "properties": {"p_logistic": 0.4981728494167328, "p_rf": 0.8600000143051147, "p_xgb": 0.9930543303489685, "date": "2025-12-22"}}, {"type": "Feature", "geometry": {"type": "Point", "coordinates": [-82.57500000169802, 35.46666666724501]}, "properties": {"p_logistic": 0.49876669049263, "p_rf": 0.8600000143051147, "p_xgb": 0.9931558966636658, "date": "2025-12-22"}}, {"type": "Feature", "geometry": {"type": "Point", "coordinates": [-82.56666666836502, 35.46666666724501]}, "properties": {"p_logistic": 0.49996086955070496, "p_rf": 0.8360000252723694, "p_xgb": 0.9920491576194763, "date": "2025-12-22"}}, {"type": "Feature", "geometry": {"type": "Point", "coordinates": [-82.55833333503202, 35.46666666724501]}, "properties": {"p_logistic": 0.5019340515136719, "p_rf": 0.828000009059906, "p_xgb": 0.9920491576194763, "date": "2025-12-22"}}, {"type": "Feature", "geometry": {"type": "Point", "coordinates": [-82.55000000169902, 35.46666666724501]}, "properties": {"p_logistic": 0.5026880502700806, "p_rf": 0.8180000185966492, "p_xgb": 0.9920491576194763, "date": "2025-12-22"}}, {"type": "Feature", "geometry": {"type": "Point", "coordinates": [-82.54166666836602, 35.46666666724501]}, "properties": {"p_logistic": 0.502535879611969, "p_rf": 0.8180000185966492, "p_xgb": 0.9920491576194763, "date": "2025-12-22"}}, {"type": "Feature", "geometry": {"type": "Point", "coordinates": [-82.53333333503302, 35.46666666724501]}, "properties": {"p_logistic": 0.5020173192024231, "p_rf": 0.8259999752044678, "p_xgb": 0.9920491576194763, "date": "2025-12-22"}}, {"type": "Feature", "geometry": {"type": "Point", "coordinates": [-82.52500000170002, 35.46666666724501]}, "properties": {"p_logistic": 0.5023209452629089, "p_rf": 0.828000009059906, "p_xgb": 0.9920491576194763, "date": "2025-12-22"}}, {"type": "Feature", "geometry": {"type": "Point", "coordinates": [-82.51666666836701, 35.46666666724501]}, "properties": {"p_logistic": 0.5029851794242859, "p_rf": 0.828000009059906, "p_xgb": 0.9920491576194763, "date": "2025-12-22"}}, {"type": "Feature", "geometry": {"type": "Point", "coordinates": [-82.50833333503402, 35.46666666724501]}, "properties": {"p_logistic": 0.5030767917633057, "p_rf": 0.8320000171661377, "p_xgb": 0.9920491576194763, "date": "2025-12-22"}}, {"type": "Feature", "geometry": {"type": "Point", "coordinates": [-82.50000000170101, 35.46666666724501]}, "properties": {"p_logistic": 0.5026848316192627, "p_rf": 0.828000009059906, "p_xgb": 0.9920491576194763, "date": "2025-12-22"}}, {"type": "Feature", "geometry": {"type": "Point", "coordinates": [-82.49166666836803, 35.46666666724501]}, "properties": {"p_logistic": 0.5027120113372803, "p_rf": 0.828000009059906, "p_xgb": 0.9920491576194763, "date": "2025-12-22"}}, {"type": "Feature", "geometry": {"type": "Point", "coordinates": [-82.48333333503501, 35.46666666724501]}, "properties": {"p_logistic": 0.5026488900184631, "p_rf": 0.8259999752044678, "p_xgb": 0.9920491576194763, "date": "2025-12-22"}}, {"type": "Feature", "geometry": {"type": "Point", "coordinates": [-82.47500000170201, 35.46666666724501]}, "properties": {"p_logistic": 0.5015982985496521, "p_rf": 0.8320000171661377, "p_xgb": 0.9920491576194763, "date": "2025-12-22"}}, {"type": "Feature", "geometry": {"type": "Point", "coordinates": [-82.46666666836902, 35.46666666724501]}, "properties": {"p_logistic": 0.5012857913970947, "p_rf": 0.8379999995231628, "p_xgb": 0.9920491576194763, "date": "2025-12-22"}}, {"type": "Feature", "geometry": {"type": "Point", "coordinates": [-82.45833333503602, 35.46666666724501]}, "properties": {"p_logistic": 0.5009282827377319, "p_rf": 0.8600000143051147, "p_xgb": 0.9930543303489685, "date": "2025-12-22"}}, {"type": "Feature", "geometry": {"type": "Point", "coordinates": [-82.45000000170302, 35.46666666724501]}, "properties": {"p_logistic": 0.5005773305892944, "p_rf": 0.8600000143051147, "p_xgb": 0.9930543303489685, "date": "2025-12-22"}}, {"type": "Feature", "geometry": {"type": "Point", "coordinates": [-82.44166666837002, 35.46666666724501]}, "properties": {"p_logistic": 0.5012518763542175, "p_rf": 0.8360000252723694, "p_xgb": 0.9920491576194763, "date": "2025-12-22"}}, {"type": "Feature", "geometry": {"type": "Point", "coordinates": [-82.43333333503702, 35.46666666724501]}, "properties": {"p_logistic": 0.5021119713783264, "p_rf": 0.8259999752044678, "p_xgb": 0.9920491576194763, "date": "2025-12-22"}}, {"type": "Feature", "geometry": {"type": "Point", "coordinates": [-82.37500000170601, 35.46666666724501]}, "properties": {"p_logistic": 0.5108155608177185, "p_rf": 0.6480000019073486, "p_xgb": 0.995895266532898, "date": "2025-12-22"}}, {"type": "Feature", "geometry": {"type": "Point", "coordinates": [-82.25833333504401, 35.46666666724501]}, "properties": {"p_logistic": 0.5108272433280945, "p_rf": 0.6499999761581421, "p_xgb": 0.9957767128944397, "date": "2025-12-22"}}, {"type": "Feature", "geometry": {"type": "Point", "coordinates": [-82.25000000171102, 35.46666666724501]}, "properties": {"p_logistic": 0.5116204619407654, "p_rf": 0.6499999761581421, "p_xgb": 0.9957767128944397, "date": "2025-12-22"}}, {"type": "Feature", "geometry": {"type": "Point", "coordinates": [-82.78333333502302, 35.458333333912]}, "properties": {"p_logistic": 0.4847709834575653, "p_rf": 0.843999981880188, "p_xgb": 0.9898360371589661, "date": "2025-12-22"}}, {"type": "Feature", "geometry": {"type": "Point", "coordinates": [-82.77500000169002, 35.458333333912]}, "properties": {"p_logistic": 0.48558124899864197, "p_rf": 0.843999981880188, "p_xgb": 0.9898360371589661, "date": "2025-12-22"}}, {"type": "Feature", "geometry": {"type": "Point", "coordinates": [-82.76666666835702, 35.458333333912]}, "properties": {"p_logistic": 0.4855671226978302, "p_rf": 0.843999981880188, "p_xgb": 0.9898360371589661, "date": "2025-12-22"}}, {"type": "Feature", "geometry": {"type": "Point", "coordinates": [-82.75833333502402, 35.458333333912]}, "properties": {"p_logistic": 0.4859718680381775, "p_rf": 0.843999981880188, "p_xgb": 0.9898360371589661, "date": "2025-12-22"}}, {"type": "Feature", "geometry": {"type": "Point", "coordinates": [-82.75000000169102, 35.458333333912]}, "properties": {"p_logistic": 0.48683962225914, "p_rf": 0.8420000076293945, "p_xgb": 0.9871219992637634, "date": "2025-12-22"}}, {"type": "Feature", "geometry": {"type": "Point", "coordinates": [-82.74166666835802, 35.458333333912]}, "properties": {"p_logistic": 0.4871111214160919, "p_rf": 0.8539999723434448, "p_xgb": 0.988836407661438, "date": "2025-12-22"}}, {"type": "Feature", "geometry": {"type": "Point", "coordinates": [-82.73333333502501, 35.458333333912]}, "properties": {"p_logistic": 0.4869593679904938, "p_rf": 0.8679999709129333, "p_xgb": 0.9950098991394043, "date": "2025-12-22"}}, {"type": "Feature", "geometry": {"type": "Point", "coordinates": [-82.72500000169202, 35.458333333912]}, "properties": {"p_logistic": 0.48773080110549927, "p_rf": 0.8759999871253967, "p_xgb": 0.9959490299224854, "date": "2025-12-22"}}, {"type": "Feature", "geometry": {"type": "Point", "coordinates": [-82.71666666835901, 35.458333333912]}, "properties": {"p_logistic": 0.4886854588985443, "p_rf": 0.8759999871253967, "p_xgb": 0.9959490299224854, "date": "2025-12-22"}}, {"type": "Feature", "geometry": {"type": "Point", "coordinates": [-82.70833333502603, 35.458333333912]}, "properties": {"p_logistic": 0.48926785588264465, "p_rf": 0.871999979019165, "p_xgb": 0.9957998394966125, "date": "2025-12-22"}}, {"type": "Feature", "geometry": {"type": "Point", "coordinates": [-82.70000000169301, 35.458333333912]}, "properties": {"p_logistic": 0.48970121145248413, "p_rf": 0.8679999709129333, "p_xgb": 0.9932136535644531, "date": "2025-12-22"}}, {"type": "Feature", "geometry": {"type": "Point", "coordinates": [-82.69166666836001, 35.458333333912]}, "properties": {"p_logistic": 0.4906757175922394, "p_rf": 0.8619999885559082, "p_xgb": 0.9932136535644531, "date": "2025-12-22"}}, {"type": "Feature", "geometry": {"type": "Point", "coordinates": [-82.68333333502702, 35.458333333912]}, "properties": {"p_logistic": 0.4921790361404419, "p_rf": 0.8360000252723694, "p_xgb": 0.9922312498092651, "date": "2025-12-22"}}, {"type": "Feature", "geometry": {"type": "Point", "coordinates": [-82.67500000169402, 35.458333333912]}, "properties": {"p_logistic": 0.4945470988750458, "p_rf": 0.8199999928474426, "p_xgb": 0.9947997331619263, "date": "2025-12-22"}}, {"type": "Feature", "geometry": {"type": "Point", "coordinates": [-82.66666666836102, 35.458333333912]}, "properties": {"p_logistic": 0.4954882562160492, "p_rf": 0.8059999942779541, "p_xgb": 0.9959486126899719, "date": "2025-12-22"}}, {"type": "Feature", "geometry": {"type": "Point", "coordinates": [-82.65833333502802, 35.458333333912]}, "properties": {"p_logistic": 0.49652111530303955, "p_rf": 0.8040000200271606, "p_xgb": 0.9957451224327087, "date": "2025-12-22"}}, {"type": "Feature", "geometry": {"type": "Point", "coordinates": [-82.65000000169502, 35.458333333912]}, "properties": {"p_logistic": 0.4967982769012451, "p_rf": 0.8040000200271606, "p_xgb": 0.9957451224327087, "date": "2025-12-22"}}, {"type": "Feature", "geometry": {"type": "Point", "coordinates": [-82.64166666836202, 35.458333333912]}, "properties": {"p_logistic": 0.49681344628334045, "p_rf": 0.7960000038146973, "p_xgb": 0.9957451224327087, "date": "2025-12-22"}}, {"type": "Feature", "geometry": {"type": "Point", "coordinates": [-82.63333333502902, 35.458333333912]}, "properties": {"p_logistic": 0.49573439359664917, "p_rf": 0.7960000038146973, "p_xgb": 0.9957451224327087, "date": "2025-12-22"}}, {"type": "Feature", "geometry": {"type": "Point", "coordinates": [-82.62500000169601, 35.458333333912]}, "properties": {"p_logistic": 0.4944722652435303, "p_rf": 0.8040000200271606, "p_xgb": 0.9957451224327087, "date": "2025-12-22"}}, {"type": "Feature", "geometry": {"type": "Point", "coordinates": [-82.61666666836302, 35.458333333912]}, "properties": {"p_logistic": 0.4942716658115387, "p_rf": 0.8059999942779541, "p_xgb": 0.9959486126899719, "date": "2025-12-22"}}, {"type": "Feature", "geometry": {"type": "Point", "coordinates": [-82.60833333503001, 35.458333333912]}, "properties": {"p_logistic": 0.49552345275878906, "p_rf": 0.8199999928474426, "p_xgb": 0.9947997331619263, "date": "2025-12-22"}}, {"type": "Feature", "geometry": {"type": "Point", "coordinates": [-82.60000000169703, 35.458333333912]}, "properties": {"p_logistic": 0.49593162536621094, "p_rf": 0.8259999752044678, "p_xgb": 0.9920491576194763, "date": "2025-12-22"}}, {"type": "Feature", "geometry": {"type": "Point", "coordinates": [-82.59166666836401, 35.458333333912]}, "properties": {"p_logistic": 0.4965945780277252, "p_rf": 0.828000009059906, "p_xgb": 0.9920491576194763, "date": "2025-12-22"}}, {"type": "Feature", "geometry": {"type": "Point", "coordinates": [-82.58333333503101, 35.458333333912]}, "properties": {"p_logistic": 0.4971831738948822, "p_rf": 0.8320000171661377, "p_xgb": 0.9920491576194763, "date": "2025-12-22"}}, {"type": "Feature", "geometry": {"type": "Point", "coordinates": [-82.57500000169802, 35.458333333912]}, "properties": {"p_logistic": 0.4980165660381317, "p_rf": 0.8320000171661377, "p_xgb": 0.9920491576194763, "date": "2025-12-22"}}, {"type": "Feature", "geometry": {"type": "Point", "coordinates": [-82.56666666836502, 35.458333333912]}, "properties": {"p_logistic": 0.49914926290512085, "p_rf": 0.828000009059906, "p_xgb": 0.9920491576194763, "date": "2025-12-22"}}, {"type": "Feature", "geometry": {"type": "Point", "coordinates": [-82.55833333503202, 35.458333333912]}, "properties": {"p_logistic": 0.5005155801773071, "p_rf": 0.828000009059906, "p_xgb": 0.9920491576194763, "date": "2025-12-22"}}, {"type": "Feature", "geometry": {"type": "Point", "coordinates": [-82.55000000169902, 35.458333333912]}, "properties": {"p_logistic": 0.501090943813324, "p_rf": 0.828000009059906, "p_xgb": 0.9920491576194763, "date": "2025-12-22"}}, {"type": "Feature", "geometry": {"type": "Point", "coordinates": [-82.54166666836602, 35.458333333912]}, "properties": {"p_logistic": 0.5004109144210815, "p_rf": 0.828000009059906, "p_xgb": 0.9920491576194763, "date": "2025-12-22"}}, {"type": "Feature", "geometry": {"type": "Point", "coordinates": [-82.53333333503302, 35.458333333912]}, "properties": {"p_logistic": 0.4996858835220337, "p_rf": 0.8320000171661377, "p_xgb": 0.9920491576194763, "date": "2025-12-22"}}, {"type": "Feature", "geometry": {"type": "Point", "coordinates": [-82.52500000170002, 35.458333333912]}, "properties": {"p_logistic": 0.5006843209266663, "p_rf": 0.8339999914169312, "p_xgb": 0.9920491576194763, "date": "2025-12-22"}}, {"type": "Feature", "geometry": {"type": "Point", "coordinates": [-82.51666666836701, 35.458333333912]}, "properties": {"p_logistic": 0.5015795826911926, "p_rf": 0.8360000252723694, "p_xgb": 0.9920491576194763, "date": "2025-12-22"}}, {"type": "Feature", "geometry": {"type": "Point", "coordinates": [-82.50833333503402, 35.458333333912]}, "properties": {"p_logistic": 0.5021628141403198, "p_rf": 0.8360000252723694, "p_xgb": 0.9920491576194763, "date": "2025-12-22"}}, {"type": "Feature", "geometry": {"type": "Point", "coordinates": [-82.50000000170101, 35.458333333912]}, "properties": {"p_logistic": 0.502382218837738, "p_rf": 0.8339999914169312, "p_xgb": 0.9920491576194763, "date": "2025-12-22"}}, {"type": "Feature", "geometry": {"type": "Point", "coordinates": [-82.49166666836803, 35.458333333912]}, "properties": {"p_logistic": 0.5024309158325195, "p_rf": 0.828000009059906, "p_xgb": 0.9920491576194763, "date": "2025-12-22"}}, {"type": "Feature", "geometry": {"type": "Point", "coordinates": [-82.48333333503501, 35.458333333912]}, "properties": {"p_logistic": 0.502312183380127, "p_rf": 0.828000009059906, "p_xgb": 0.9920491576194763, "date": "2025-12-22"}}, {"type": "Feature", "geometry": {"type": "Point", "coordinates": [-82.47500000170201, 35.458333333912]}, "properties": {"p_logistic": 0.5010011196136475, "p_rf": 0.8320000171661377, "p_xgb": 0.9920491576194763, "date": "2025-12-22"}}, {"type": "Feature", "geometry": {"type": "Point", "coordinates": [-82.46666666836902, 35.458333333912]}, "properties": {"p_logistic": 0.5000482201576233, "p_rf": 0.843999981880188, "p_xgb": 0.9920491576194763, "date": "2025-12-22"}}, {"type": "Feature", "geometry": {"type": "Point", "coordinates": [-82.45833333503602, 35.458333333912]}, "properties": {"p_logistic": 0.49980247020721436, "p_rf": 0.8619999885559082, "p_xgb": 0.9930543303489685, "date": "2025-12-22"}}, {"type": "Feature", "geometry": {"type": "Point", "coordinates": [-82.45000000170302, 35.458333333912]}, "properties": {"p_logistic": 0.4991872310638428, "p_rf": 0.8600000143051147, "p_xgb": 0.9930543303489685, "date": "2025-12-22"}}, {"type": "Feature", "geometry": {"type": "Point", "coordinates": [-82.78333333502302, 35.450000000579]}, "properties": {"p_logistic": 0.4869941174983978, "p_rf": 0.8679999709129333, "p_xgb": 0.9950098991394043, "date": "2025-12-22"}}, {"type": "Feature", "geometry": {"type": "Point", "coordinates": [-82.77500000169002, 35.450000000579]}, "properties": {"p_logistic": 0.48793643712997437, "p_rf": 0.8700000047683716, "p_xgb": 0.9950098991394043, "date": "2025-12-22"}}, {"type": "Feature", "geometry": {"type": "Point", "coordinates": [-82.76666666835702, 35.450000000579]}, "properties": {"p_logistic": 0.48863905668258667, "p_rf": 0.8740000128746033, "p_xgb": 0.9959490299224854, "date": "2025-12-22"}}, {"type": "Feature", "geometry": {"type": "Point", "coordinates": [-82.75833333502402, 35.450000000579]}, "properties": {"p_logistic": 0.48895788192749023, "p_rf": 0.8759999871253967, "p_xgb": 0.9959490299224854, "date": "2025-12-22"}}, {"type": "Feature", "geometry": {"type": "Point", "coordinates": [-82.75000000169102, 35.450000000579]}, "properties": {"p_logistic": 0.4895038902759552, "p_rf": 0.8759999871253967, "p_xgb": 0.9959490299224854, "date": "2025-12-22"}}, {"type": "Feature", "geometry": {"type": "Point", "coordinates": [-82.74166666835802, 35.450000000579]}, "properties": {"p_logistic": 0.48976436257362366, "p_rf": 0.8679999709129333, "p_xgb": 0.9932136535644531, "date": "2025-12-22"}}, {"type": "Feature", "geometry": {"type": "Point", "coordinates": [-82.73333333502501, 35.450000000579]}, "properties": {"p_logistic": 0.48966115713119507, "p_rf": 0.8360000252723694, "p_xgb": 0.995465099811554, "date": "2025-12-22"}}, {"type": "Feature", "geometry": {"type": "Point", "coordinates": [-82.72500000169202, 35.450000000579]}, "properties": {"p_logistic": 0.49014216661453247, "p_rf": 0.8259999752044678, "p_xgb": 0.995465099811554, "date": "2025-12-22"}}, {"type": "Feature", "geometry": {"type": "Point", "coordinates": [-82.71666666835901, 35.450000000579]}, "properties": {"p_logistic": 0.4899062514305115, "p_rf": 0.8180000185966492, "p_xgb": 0.9959486126899719, "date": "2025-12-22"}}, {"type": "Feature", "geometry": {"type": "Point", "coordinates": [-82.64166666836202, 35.450000000579]}, "properties": {"p_logistic": 0.4943026602268219, "p_rf": 0.800000011920929, "p_xgb": 0.9957451224327087, "date": "2025-12-22"}}, {"type": "Feature", "geometry": {"type": "Point", "coordinates": [-82.63333333502902, 35.450000000579]}, "properties": {"p_logistic": 0.49205464124679565, "p_rf": 0.800000011920929, "p_xgb": 0.9957451224327087, "date": "2025-12-22"}}, {"type": "Feature", "geometry": {"type": "Point", "coordinates": [-82.62500000169601, 35.450000000579]}, "properties": {"p_logistic": 0.4898398518562317, "p_rf": 0.7960000038146973, "p_xgb": 0.9955354928970337, "date": "2025-12-22"}}, {"type": "Feature", "geometry": {"type": "Point", "coordinates": [-82.61666666836302, 35.450000000579]}, "properties": {"p_logistic": 0.4895777702331543, "p_rf": 0.8059999942779541, "p_xgb": 0.9959486126899719, "date": "2025-12-22"}}, {"type": "Feature", "geometry": {"type": "Point", "coordinates": [-82.60833333503001, 35.450000000579]}, "properties": {"p_logistic": 0.49063539505004883, "p_rf": 0.8199999928474426, "p_xgb": 0.9959486126899719, "date": "2025-12-22"}}, {"type": "Feature", "geometry": {"type": "Point", "coordinates": [-82.60000000169703, 35.450000000579]}, "properties": {"p_logistic": 0.4923926293849945, "p_rf": 0.8180000185966492, "p_xgb": 0.995465099811554, "date": "2025-12-22"}}, {"type": "Feature", "geometry": {"type": "Point", "coordinates": [-82.59166666836401, 35.450000000579]}, "properties": {"p_logistic": 0.4935359060764313, "p_rf": 0.8180000185966492, "p_xgb": 0.9941798448562622, "date": "2025-12-22"}}, {"type": "Feature", "geometry": {"type": "Point", "coordinates": [-82.58333333503101, 35.450000000579]}, "properties": {"p_logistic": 0.49431872367858887, "p_rf": 0.8259999752044678, "p_xgb": 0.9922312498092651, "date": "2025-12-22"}}, {"type": "Feature", "geometry": {"type": "Point", "coordinates": [-82.57500000169802, 35.450000000579]}, "properties": {"p_logistic": 0.4956607520580292, "p_rf": 0.8259999752044678, "p_xgb": 0.9922312498092651, "date": "2025-12-22"}}, {"type": "Feature", "geometry": {"type": "Point", "coordinates": [-82.56666666836502, 35.450000000579]}, "properties": {"p_logistic": 0.49678558111190796, "p_rf": 0.8259999752044678, "p_xgb": 0.9920491576194763, "date": "2025-12-22"}}, {"type": "Feature", "geometry": {"type": "Point", "coordinates": [-82.55833333503202, 35.450000000579]}, "properties": {"p_logistic": 0.49811360239982605, "p_rf": 0.8259999752044678, "p_xgb": 0.9920491576194763, "date": "2025-12-22"}}, {"type": "Feature", "geometry": {"type": "Point", "coordinates": [-82.55000000169902, 35.450000000579]}, "properties": {"p_logistic": 0.4986386299133301, "p_rf": 0.828000009059906, "p_xgb": 0.9920491576194763, "date": "2025-12-22"}}, {"type": "Feature", "geometry": {"type": "Point", "coordinates": [-82.54166666836602, 35.450000000579]}, "properties": {"p_logistic": 0.4981893002986908, "p_rf": 0.8320000171661377, "p_xgb": 0.9920491576194763, "date": "2025-12-22"}}, {"type": "Feature", "geometry": {"type": "Point", "coordinates": [-82.53333333503302, 35.450000000579]}, "properties": {"p_logistic": 0.4975479543209076, "p_rf": 0.8360000252723694, "p_xgb": 0.9920491576194763, "date": "2025-12-22"}}, {"type": "Feature", "geometry": {"type": "Point", "coordinates": [-82.52500000170002, 35.450000000579]}, "properties": {"p_logistic": 0.4980638921260834, "p_rf": 0.8420000076293945, "p_xgb": 0.9920491576194763, "date": "2025-12-22"}}, {"type": "Feature", "geometry": {"type": "Point", "coordinates": [-82.51666666836701, 35.450000000579]}, "properties": {"p_logistic": 0.4992420971393585, "p_rf": 0.8420000076293945, "p_xgb": 0.9920491576194763, "date": "2025-12-22"}}, {"type": "Feature", "geometry": {"type": "Point", "coordinates": [-82.50833333503402, 35.450000000579]}, "properties": {"p_logistic": 0.5003294944763184, "p_rf": 0.8420000076293945, "p_xgb": 0.9920491576194763, "date": "2025-12-22"}}, {"type": "Feature", "geometry": {"type": "Point", "coordinates": [-82.50000000170101, 35.450000000579]}, "properties": {"p_logistic": 0.5011382102966309, "p_rf": 0.8360000252723694, "p_xgb": 0.9920491576194763, "date": "2025-12-22"}}, {"type": "Feature", "geometry": {"type": "Point", "coordinates": [-82.49166666836803, 35.450000000579]}, "properties": {"p_logistic": 0.5013875961303711, "p_rf": 0.8339999914169312, "p_xgb": 0.9920491576194763, "date": "2025-12-22"}}, {"type": "Feature", "geometry": {"type": "Point", "coordinates": [-82.48333333503501, 35.450000000579]}, "properties": {"p_logistic": 0.5009498000144958, "p_rf": 0.8320000171661377, "p_xgb": 0.9920491576194763, "date": "2025-12-22"}}, {"type": "Feature", "geometry": {"type": "Point", "coordinates": [-82.47500000170201, 35.450000000579]}, "properties": {"p_logistic": 0.49990129470825195, "p_rf": 0.8360000252723694, "p_xgb": 0.9920491576194763, "date": "2025-12-22"}}, {"type": "Feature", "geometry": {"type": "Point", "coordinates": [-82.46666666836902, 35.450000000579]}, "properties": {"p_logistic": 0.49857041239738464, "p_rf": 0.8600000143051147, "p_xgb": 0.9930543303489685, "date": "2025-12-22"}}, {"type": "Feature", "geometry": {"type": "Point", "coordinates": [-82.45833333503602, 35.450000000579]}, "properties": {"p_logistic": 0.4977850317955017, "p_rf": 0.8640000224113464, "p_xgb": 0.9930543303489685, "date": "2025-12-22"}}, {"type": "Feature", "geometry": {"type": "Point", "coordinates": [-82.77500000169002, 35.441666667246004]}, "properties": {"p_logistic": 0.49202093482017517, "p_rf": 0.8360000252723694, "p_xgb": 0.9922312498092651, "date": "2025-12-22"}}, {"type": "Feature", "geometry": {"type": "Point", "coordinates": [-82.76666666835702, 35.441666667246004]}, "properties": {"p_logistic": 0.4920355975627899, "p_rf": 0.8320000171661377, "p_xgb": 0.9941798448562622, "date": "2025-12-22"}}, {"type": "Feature", "geometry": {"type": "Point", "coordinates": [-82.75833333502402, 35.441666667246004]}, "properties": {"p_logistic": 0.4916151762008667, "p_rf": 0.828000009059906, "p_xgb": 0.995465099811554, "date": "2025-12-22"}}, {"type": "Feature", "geometry": {"type": "Point", "coordinates": [-82.75000000169102, 35.441666667246004]}, "properties": {"p_logistic": 0.4915516972541809, "p_rf": 0.8180000185966492, "p_xgb": 0.995465099811554, "date": "2025-12-22"}}, {"type": "Feature", "geometry": {"type": "Point", "coordinates": [-82.74166666835802, 35.441666667246004]}, "properties": {"p_logistic": 0.4917204678058624, "p_rf": 0.8059999942779541, "p_xgb": 0.9959486126899719, "date": "2025-12-22"}}, {"type": "Feature", "geometry": {"type": "Point", "coordinates": [-82.73333333502501, 35.441666667246004]}, "properties": {"p_logistic": 0.49304255843162537, "p_rf": 0.800000011920929, "p_xgb": 0.9957451224327087, "date": "2025-12-22"}}, {"type": "Feature", "geometry": {"type": "Point", "coordinates": [-82.72500000169202, 35.441666667246004]}, "properties": {"p_logistic": 0.49222704768180847, "p_rf": 0.7620000243186951, "p_xgb": 0.9928223490715027, "date": "2025-12-22"}}, {"type": "Feature", "geometry": {"type": "Point", "coordinates": [-82.62500000169601, 35.441666667246004]}, "properties": {"p_logistic": 0.4879705011844635, "p_rf": 0.8019999861717224, "p_xgb": 0.9955354928970337, "date": "2025-12-22"}}, {"type": "Feature", "geometry": {"type": "Point", "coordinates": [-82.61666666836302, 35.441666667246004]}, "properties": {"p_logistic": 0.487893670797348, "p_rf": 0.8040000200271606, "p_xgb": 0.9955354928970337, "date": "2025-12-22"}}, {"type": "Feature", "geometry": {"type": "Point", "coordinates": [-82.60000000169703, 35.441666667246004]}, "properties": {"p_logistic": 0.49024492502212524, "p_rf": 0.8199999928474426, "p_xgb": 0.9959486126899719, "date": "2025-12-22"}}, {"type": "Feature", "geometry": {"type": "Point", "coordinates": [-82.59166666836401, 35.441666667246004]}, "properties": {"p_logistic": 0.49177366495132446, "p_rf": 0.8180000185966492, "p_xgb": 0.995465099811554, "date": "2025-12-22"}}, {"type": "Feature", "geometry": {"type": "Point", "coordinates": [-82.58333333503101, 35.441666667246004]}, "properties": {"p_logistic": 0.49292612075805664, "p_rf": 0.8180000185966492, "p_xgb": 0.995465099811554, "date": "2025-12-22"}}, {"type": "Feature", "geometry": {"type": "Point", "coordinates": [-82.57500000169802, 35.441666667246004]}, "properties": {"p_logistic": 0.4937538802623749, "p_rf": 0.8180000185966492, "p_xgb": 0.9944605827331543, "date": "2025-12-22"}}, {"type": "Feature", "geometry": {"type": "Point", "coordinates": [-82.56666666836502, 35.441666667246004]}, "properties": {"p_logistic": 0.49509018659591675, "p_rf": 0.8180000185966492, "p_xgb": 0.9922312498092651, "date": "2025-12-22"}}, {"type": "Feature", "geometry": {"type": "Point", "coordinates": [-82.54166666836602, 35.441666667246004]}, "properties": {"p_logistic": 0.4967429041862488, "p_rf": 0.8339999914169312, "p_xgb": 0.9920491576194763, "date": "2025-12-22"}}, {"type": "Feature", "geometry": {"type": "Point", "coordinates": [-82.76666666835702, 35.433333333913005]}, "properties": {"p_logistic": 0.49321216344833374, "p_rf": 0.8019999861717224, "p_xgb": 0.9957451224327087, "date": "2025-12-22"}}, {"type": "Feature", "geometry": {"type": "Point", "coordinates": [-82.75833333502402, 35.433333333913005]}, "properties": {"p_logistic": 0.4921601116657257, "p_rf": 0.800000011920929, "p_xgb": 0.9955354928970337, "date": "2025-12-22"}}, {"type": "Feature", "geometry": {"type": "Point", "coordinates": [-82.75000000169102, 35.433333333913005]}, "properties": {"p_logistic": 0.4918832778930664, "p_rf": 0.7699999809265137, "p_xgb": 0.9928223490715027, "date": "2025-12-22"}}, {"type": "Feature", "geometry": {"type": "Point", "coordinates": [-82.74166666835802, 35.433333333913005]}, "properties": {"p_logistic": 0.4935718774795532, "p_rf": 0.7599999904632568, "p_xgb": 0.9928223490715027, "date": "2025-12-22"}}, {"type": "Feature", "geometry": {"type": "Point", "coordinates": [-82.73333333502501, 35.433333333913005]}, "properties": {"p_logistic": 0.4950224757194519, "p_rf": 0.7599999904632568, "p_xgb": 0.9938024282455444, "date": "2025-12-22"}}, {"type": "Feature", "geometry": {"type": "Point", "coordinates": [-82.57500000169802, 35.433333333913005]}, "properties": {"p_logistic": 0.49284932017326355, "p_rf": 0.8180000185966492, "p_xgb": 0.9959486126899719, "date": "2025-12-22"}}, {"type": "Feature", "geometry": {"type": "Point", "coordinates": [-82.54166666836602, 35.433333333913005]}, "properties": {"p_logistic": 0.4952085614204407, "p_rf": 0.8320000171661377, "p_xgb": 0.9920491576194763, "date": "2025-12-22"}}, {"type": "Feature", "geometry": {"type": "Point", "coordinates": [-82.53333333503302, 35.433333333913005]}, "properties": {"p_logistic": 0.49366337060928345, "p_rf": 0.843999981880188, "p_xgb": 0.9920491576194763, "date": "2025-12-22"}}, {"type": "Feature", "geometry": {"type": "Point", "coordinates": [-82.54166666836602, 35.425000000580006]}, "properties": {"p_logistic": 0.49392032623291016, "p_rf": 0.8320000171661377, "p_xgb": 0.9922312498092651, "date": "2025-12-22"}}, {"type": "Feature", "geometry": {"type": "Point", "coordinates": [-82.53333333503302, 35.425000000580006]}, "properties": {"p_logistic": 0.4919624328613281, "p_rf": 0.8460000157356262, "p_xgb": 0.9933128952980042, "date": "2025-12-22"}}]}