2025-10-20 07:49:02,494 | INFO | Running download_prism_daily.py
2025-10-20 07:49:16,862 | INFO | /Users/wonjunchoi/PycharmProjects/realtime-buncombe/venv/lib/python3.9/site-packages/urllib3/__init__.py:35: NotOpenSSLWarning: urllib3 v2 only supports OpenSSL 1.1.1+, currently the 'ssl' module is compiled with 'LibreSSL 2.8.3'. See: https://github.com/urllib3/urllib3/issues/3020
  warnings.warn(
[SKIP] 2025-10-19 not found online.
[OK  ] 2025-10-18 metadata matches remote
[OK  ] 2025-10-18 expanded data present (prism_ppt_us_30s_20251018.tif)
[OK  ] 2025-10-17 metadata matches remote
[OK  ] 2025-10-17 expanded data present (prism_ppt_us_30s_20251017.tif)
[OK  ] 2025-10-16 metadata matches remote
[OK  ] 2025-10-16 expanded data present (prism_ppt_us_30s_20251016.tif)
[CLEAN] 2025-10-15 removed old expanded folder → prism_ppt_us_30s_20251015
[GET ] 2025-10-15 → https://data.prism.oregonstate.edu/time_series/us/an/800m/ppt/daily/2025/prism_ppt_us_30s_20251015.zip
[DONE] Updated ZIP for 2025-10-15
[MISS] 2025-10-15 missing expanded .tif — extracting now.
[UNZIP] Extracted → /Users/wonjunchoi/PycharmProjects/realtime-buncombe/data/rain/prism_ppt_us_30s_20251015
[CLEAN] 2025-10-15 removed ZIP after extraction.
[OK  ] 2025-10-14 metadata matches remote
[OK  ] 2025-10-14 expanded data present (prism_ppt_us_30s_20251014.tif)
[OK  ] 2025-10-13 metadata matches remote
[OK  ] 2025-10-13 expanded data present (prism_ppt_us_30s_20251013.tif)
[OK  ] 2025-10-12 metadata matches remote
[OK  ] 2025-10-12 expanded data present (prism_ppt_us_30s_20251012.tif)
[OK  ] 2025-10-11 metadata matches remote
[OK  ] 2025-10-11 expanded data present (prism_ppt_us_30s_20251011.tif)
[OK  ] 2025-10-10 metadata matches remote
[OK  ] 2025-10-10 expanded data present (prism_ppt_us_30s_20251010.tif)
[OK  ] 2025-10-09 metadata matches remote
[OK  ] 2025-10-09 expanded data present (prism_ppt_us_30s_20251009.tif)
[OK  ] 2025-10-08 metadata matches remote
[OK  ] 2025-10-08 expanded data present (prism_ppt_us_30s_20251008.tif)
[OK  ] 2025-10-07 metadata matches remote
[OK  ] 2025-10-07 expanded data present (prism_ppt_us_30s_20251007.tif)
[OK  ] 2025-10-06 metadata matches remote
[OK  ] 2025-10-06 expanded data present (prism_ppt_us_30s_20251006.tif)
[OK  ] 2025-10-05 metadata matches remote
[OK  ] 2025-10-05 expanded data present (prism_ppt_us_30s_20251005.tif)
[OK  ] 2025-10-04 metadata matches remote
[OK  ] 2025-10-04 expanded data present (prism_ppt_us_30s_20251004.tif)
[OK  ] 2025-10-03 metadata matches remote
[OK  ] 2025-10-03 expanded data present (prism_ppt_us_30s_20251003.tif)
[OK  ] 2025-10-02 metadata matches remote
[OK  ] 2025-10-02 expanded data present (prism_ppt_us_30s_20251002.tif)
[OK  ] 2025-10-01 metadata matches remote
[OK  ] 2025-10-01 expanded data present (prism_ppt_us_30s_20251001.tif)
[OK  ] 2025-09-30 metadata matches remote
[OK  ] 2025-09-30 expanded data present (prism_ppt_us_30s_20250930.tif)
[OK  ] 2025-09-29 metadata matches remote
[OK  ] 2025-09-29 expanded data present (prism_ppt_us_30s_20250929.tif)
[OK  ] 2025-09-28 metadata matches remote
[OK  ] 2025-09-28 expanded data present (prism_ppt_us_30s_20250928.tif)
[OK  ] 2025-09-27 metadata matches remote
[OK  ] 2025-09-27 expanded data present (prism_ppt_us_30s_20250927.tif)
[OK  ] 2025-09-26 metadata matches remote
[OK  ] 2025-09-26 expanded data present (prism_ppt_us_30s_20250926.tif)
[OK  ] 2025-09-25 metadata matches remote
[OK  ] 2025-09-25 expanded data present (prism_ppt_us_30s_20250925.tif)
[OK  ] 2025-09-24 metadata matches remote
[OK  ] 2025-09-24 expanded data present (prism_ppt_us_30s_20250924.tif)
[OK  ] 2025-09-23 metadata matches remote
[OK  ] 2025-09-23 expanded data present (prism_ppt_us_30s_20250923.tif)
[OK  ] 2025-09-22 metadata matches remote
[OK  ] 2025-09-22 expanded data present (prism_ppt_us_30s_20250922.tif)
[OK  ] 2025-09-21 metadata matches remote
[OK  ] 2025-09-21 expanded data present (prism_ppt_us_30s_20250921.tif)
[OK  ] 2025-09-20 metadata matches remote
[OK  ] 2025-09-20 expanded data present (prism_ppt_us_30s_20250920.tif)
[INFO] cleanup_old=False — skipping file deletion.
2025-10-20 07:49:16,862 | INFO | Running predict_daily_triple.py
2025-10-20 07:50:00,504 | INFO | Running download_prism_daily.py
2025-10-20 07:50:12,011 | INFO | /Users/wonjunchoi/PycharmProjects/realtime-buncombe/venv/lib/python3.9/site-packages/urllib3/__init__.py:35: NotOpenSSLWarning: urllib3 v2 only supports OpenSSL 1.1.1+, currently the 'ssl' module is compiled with 'LibreSSL 2.8.3'. See: https://github.com/urllib3/urllib3/issues/3020
  warnings.warn(
[SKIP] 2025-10-19 not found online.
[OK  ] 2025-10-18 metadata matches remote
[OK  ] 2025-10-18 expanded data present (prism_ppt_us_30s_20251018.tif)
[OK  ] 2025-10-17 metadata matches remote
[OK  ] 2025-10-17 expanded data present (prism_ppt_us_30s_20251017.tif)
[OK  ] 2025-10-16 metadata matches remote
[OK  ] 2025-10-16 expanded data present (prism_ppt_us_30s_20251016.tif)
[OK  ] 2025-10-15 metadata matches remote
[OK  ] 2025-10-15 expanded data present (prism_ppt_us_30s_20251015.tif)
[OK  ] 2025-10-14 metadata matches remote
[OK  ] 2025-10-14 expanded data present (prism_ppt_us_30s_20251014.tif)
[OK  ] 2025-10-13 metadata matches remote
[OK  ] 2025-10-13 expanded data present (prism_ppt_us_30s_20251013.tif)
[OK  ] 2025-10-12 metadata matches remote
[OK  ] 2025-10-12 expanded data present (prism_ppt_us_30s_20251012.tif)
[OK  ] 2025-10-11 metadata matches remote
[OK  ] 2025-10-11 expanded data present (prism_ppt_us_30s_20251011.tif)
[OK  ] 2025-10-10 metadata matches remote
[OK  ] 2025-10-10 expanded data present (prism_ppt_us_30s_20251010.tif)
[OK  ] 2025-10-09 metadata matches remote
[OK  ] 2025-10-09 expanded data present (prism_ppt_us_30s_20251009.tif)
[OK  ] 2025-10-08 metadata matches remote
[OK  ] 2025-10-08 expanded data present (prism_ppt_us_30s_20251008.tif)
[OK  ] 2025-10-07 metadata matches remote
[OK  ] 2025-10-07 expanded data present (prism_ppt_us_30s_20251007.tif)
[OK  ] 2025-10-06 metadata matches remote
[OK  ] 2025-10-06 expanded data present (prism_ppt_us_30s_20251006.tif)
[OK  ] 2025-10-05 metadata matches remote
[OK  ] 2025-10-05 expanded data present (prism_ppt_us_30s_20251005.tif)
[OK  ] 2025-10-04 metadata matches remote
[OK  ] 2025-10-04 expanded data present (prism_ppt_us_30s_20251004.tif)
[OK  ] 2025-10-03 metadata matches remote
[OK  ] 2025-10-03 expanded data present (prism_ppt_us_30s_20251003.tif)
[OK  ] 2025-10-02 metadata matches remote
[OK  ] 2025-10-02 expanded data present (prism_ppt_us_30s_20251002.tif)
[OK  ] 2025-10-01 metadata matches remote
[OK  ] 2025-10-01 expanded data present (prism_ppt_us_30s_20251001.tif)
[OK  ] 2025-09-30 metadata matches remote
[OK  ] 2025-09-30 expanded data present (prism_ppt_us_30s_20250930.tif)
[OK  ] 2025-09-29 metadata matches remote
[OK  ] 2025-09-29 expanded data present (prism_ppt_us_30s_20250929.tif)
[OK  ] 2025-09-28 metadata matches remote
[OK  ] 2025-09-28 expanded data present (prism_ppt_us_30s_20250928.tif)
[OK  ] 2025-09-27 metadata matches remote
[OK  ] 2025-09-27 expanded data present (prism_ppt_us_30s_20250927.tif)
[OK  ] 2025-09-26 metadata matches remote
[OK  ] 2025-09-26 expanded data present (prism_ppt_us_30s_20250926.tif)
[OK  ] 2025-09-25 metadata matches remote
[OK  ] 2025-09-25 expanded data present (prism_ppt_us_30s_20250925.tif)
[OK  ] 2025-09-24 metadata matches remote
[OK  ] 2025-09-24 expanded data present (prism_ppt_us_30s_20250924.tif)
[OK  ] 2025-09-23 metadata matches remote
[OK  ] 2025-09-23 expanded data present (prism_ppt_us_30s_20250923.tif)
[OK  ] 2025-09-22 metadata matches remote
[OK  ] 2025-09-22 expanded data present (prism_ppt_us_30s_20250922.tif)
[OK  ] 2025-09-21 metadata matches remote
[OK  ] 2025-09-21 expanded data present (prism_ppt_us_30s_20250921.tif)
[OK  ] 2025-09-20 metadata matches remote
[OK  ] 2025-09-20 expanded data present (prism_ppt_us_30s_20250920.tif)
[INFO] cleanup_old=False — skipping file deletion.
2025-10-20 07:50:12,015 | INFO | Running predict_daily_triple.py
2025-10-20 07:52:00,666 | INFO | Running download_prism_daily.py
2025-10-20 07:52:11,725 | INFO | /Users/wonjunchoi/PycharmProjects/realtime-buncombe/venv/lib/python3.9/site-packages/urllib3/__init__.py:35: NotOpenSSLWarning: urllib3 v2 only supports OpenSSL 1.1.1+, currently the 'ssl' module is compiled with 'LibreSSL 2.8.3'. See: https://github.com/urllib3/urllib3/issues/3020
  warnings.warn(
[SKIP] 2025-10-19 not found online.
[OK  ] 2025-10-18 metadata matches remote
[OK  ] 2025-10-18 expanded data present (prism_ppt_us_30s_20251018.tif)
[OK  ] 2025-10-17 metadata matches remote
[OK  ] 2025-10-17 expanded data present (prism_ppt_us_30s_20251017.tif)
[OK  ] 2025-10-16 metadata matches remote
[OK  ] 2025-10-16 expanded data present (prism_ppt_us_30s_20251016.tif)
[OK  ] 2025-10-15 metadata matches remote
[OK  ] 2025-10-15 expanded data present (prism_ppt_us_30s_20251015.tif)
[OK  ] 2025-10-14 metadata matches remote
[OK  ] 2025-10-14 expanded data present (prism_ppt_us_30s_20251014.tif)
[OK  ] 2025-10-13 metadata matches remote
[OK  ] 2025-10-13 expanded data present (prism_ppt_us_30s_20251013.tif)
[OK  ] 2025-10-12 metadata matches remote
[OK  ] 2025-10-12 expanded data present (prism_ppt_us_30s_20251012.tif)
[OK  ] 2025-10-11 metadata matches remote
[OK  ] 2025-10-11 expanded data present (prism_ppt_us_30s_20251011.tif)
[OK  ] 2025-10-10 metadata matches remote
[OK  ] 2025-10-10 expanded data present (prism_ppt_us_30s_20251010.tif)
[OK  ] 2025-10-09 metadata matches remote
[OK  ] 2025-10-09 expanded data present (prism_ppt_us_30s_20251009.tif)
[OK  ] 2025-10-08 metadata matches remote
[OK  ] 2025-10-08 expanded data present (prism_ppt_us_30s_20251008.tif)
[OK  ] 2025-10-07 metadata matches remote
[OK  ] 2025-10-07 expanded data present (prism_ppt_us_30s_20251007.tif)
[OK  ] 2025-10-06 metadata matches remote
[OK  ] 2025-10-06 expanded data present (prism_ppt_us_30s_20251006.tif)
[OK  ] 2025-10-05 metadata matches remote
[OK  ] 2025-10-05 expanded data present (prism_ppt_us_30s_20251005.tif)
[OK  ] 2025-10-04 metadata matches remote
[OK  ] 2025-10-04 expanded data present (prism_ppt_us_30s_20251004.tif)
[OK  ] 2025-10-03 metadata matches remote
[OK  ] 2025-10-03 expanded data present (prism_ppt_us_30s_20251003.tif)
[OK  ] 2025-10-02 metadata matches remote
[OK  ] 2025-10-02 expanded data present (prism_ppt_us_30s_20251002.tif)
[OK  ] 2025-10-01 metadata matches remote
[OK  ] 2025-10-01 expanded data present (prism_ppt_us_30s_20251001.tif)
[OK  ] 2025-09-30 metadata matches remote
[OK  ] 2025-09-30 expanded data present (prism_ppt_us_30s_20250930.tif)
[OK  ] 2025-09-29 metadata matches remote
[OK  ] 2025-09-29 expanded data present (prism_ppt_us_30s_20250929.tif)
[OK  ] 2025-09-28 metadata matches remote
[OK  ] 2025-09-28 expanded data present (prism_ppt_us_30s_20250928.tif)
[OK  ] 2025-09-27 metadata matches remote
[OK  ] 2025-09-27 expanded data present (prism_ppt_us_30s_20250927.tif)
[OK  ] 2025-09-26 metadata matches remote
[OK  ] 2025-09-26 expanded data present (prism_ppt_us_30s_20250926.tif)
[OK  ] 2025-09-25 metadata matches remote
[OK  ] 2025-09-25 expanded data present (prism_ppt_us_30s_20250925.tif)
[OK  ] 2025-09-24 metadata matches remote
[OK  ] 2025-09-24 expanded data present (prism_ppt_us_30s_20250924.tif)
[OK  ] 2025-09-23 metadata matches remote
[OK  ] 2025-09-23 expanded data present (prism_ppt_us_30s_20250923.tif)
[OK  ] 2025-09-22 metadata matches remote
[OK  ] 2025-09-22 expanded data present (prism_ppt_us_30s_20250922.tif)
[OK  ] 2025-09-21 metadata matches remote
[OK  ] 2025-09-21 expanded data present (prism_ppt_us_30s_20250921.tif)
[OK  ] 2025-09-20 metadata matches remote
[OK  ] 2025-09-20 expanded data present (prism_ppt_us_30s_20250920.tif)
[INFO] cleanup_old=False — skipping file deletion.
2025-10-20 07:52:11,725 | INFO | Running predict_daily_triple.py
2025-10-20 07:54:00,813 | INFO | Running download_prism_daily.py
2025-10-20 07:54:11,707 | INFO | /Users/wonjunchoi/PycharmProjects/realtime-buncombe/venv/lib/python3.9/site-packages/urllib3/__init__.py:35: NotOpenSSLWarning: urllib3 v2 only supports OpenSSL 1.1.1+, currently the 'ssl' module is compiled with 'LibreSSL 2.8.3'. See: https://github.com/urllib3/urllib3/issues/3020
  warnings.warn(
[SKIP] 2025-10-19 not found online.
[OK  ] 2025-10-18 metadata matches remote
[OK  ] 2025-10-18 expanded data present (prism_ppt_us_30s_20251018.tif)
[OK  ] 2025-10-17 metadata matches remote
[OK  ] 2025-10-17 expanded data present (prism_ppt_us_30s_20251017.tif)
[OK  ] 2025-10-16 metadata matches remote
[OK  ] 2025-10-16 expanded data present (prism_ppt_us_30s_20251016.tif)
[OK  ] 2025-10-15 metadata matches remote
[OK  ] 2025-10-15 expanded data present (prism_ppt_us_30s_20251015.tif)
[OK  ] 2025-10-14 metadata matches remote
[OK  ] 2025-10-14 expanded data present (prism_ppt_us_30s_20251014.tif)
[OK  ] 2025-10-13 metadata matches remote
[OK  ] 2025-10-13 expanded data present (prism_ppt_us_30s_20251013.tif)
[OK  ] 2025-10-12 metadata matches remote
[OK  ] 2025-10-12 expanded data present (prism_ppt_us_30s_20251012.tif)
[OK  ] 2025-10-11 metadata matches remote
[OK  ] 2025-10-11 expanded data present (prism_ppt_us_30s_20251011.tif)
[OK  ] 2025-10-10 metadata matches remote
[OK  ] 2025-10-10 expanded data present (prism_ppt_us_30s_20251010.tif)
[OK  ] 2025-10-09 metadata matches remote
[OK  ] 2025-10-09 expanded data present (prism_ppt_us_30s_20251009.tif)
[OK  ] 2025-10-08 metadata matches remote
[OK  ] 2025-10-08 expanded data present (prism_ppt_us_30s_20251008.tif)
[OK  ] 2025-10-07 metadata matches remote
[OK  ] 2025-10-07 expanded data present (prism_ppt_us_30s_20251007.tif)
[OK  ] 2025-10-06 metadata matches remote
[OK  ] 2025-10-06 expanded data present (prism_ppt_us_30s_20251006.tif)
[OK  ] 2025-10-05 metadata matches remote
[OK  ] 2025-10-05 expanded data present (prism_ppt_us_30s_20251005.tif)
[OK  ] 2025-10-04 metadata matches remote
[OK  ] 2025-10-04 expanded data present (prism_ppt_us_30s_20251004.tif)
[OK  ] 2025-10-03 metadata matches remote
[OK  ] 2025-10-03 expanded data present (prism_ppt_us_30s_20251003.tif)
[OK  ] 2025-10-02 metadata matches remote
[OK  ] 2025-10-02 expanded data present (prism_ppt_us_30s_20251002.tif)
[OK  ] 2025-10-01 metadata matches remote
[OK  ] 2025-10-01 expanded data present (prism_ppt_us_30s_20251001.tif)
[OK  ] 2025-09-30 metadata matches remote
[OK  ] 2025-09-30 expanded data present (prism_ppt_us_30s_20250930.tif)
[OK  ] 2025-09-29 metadata matches remote
[OK  ] 2025-09-29 expanded data present (prism_ppt_us_30s_20250929.tif)
[OK  ] 2025-09-28 metadata matches remote
[OK  ] 2025-09-28 expanded data present (prism_ppt_us_30s_20250928.tif)
[OK  ] 2025-09-27 metadata matches remote
[OK  ] 2025-09-27 expanded data present (prism_ppt_us_30s_20250927.tif)
[OK  ] 2025-09-26 metadata matches remote
[OK  ] 2025-09-26 expanded data present (prism_ppt_us_30s_20250926.tif)
[OK  ] 2025-09-25 metadata matches remote
[OK  ] 2025-09-25 expanded data present (prism_ppt_us_30s_20250925.tif)
[OK  ] 2025-09-24 metadata matches remote
[OK  ] 2025-09-24 expanded data present (prism_ppt_us_30s_20250924.tif)
[OK  ] 2025-09-23 metadata matches remote
[OK  ] 2025-09-23 expanded data present (prism_ppt_us_30s_20250923.tif)
[OK  ] 2025-09-22 metadata matches remote
[OK  ] 2025-09-22 expanded data present (prism_ppt_us_30s_20250922.tif)
[OK  ] 2025-09-21 metadata matches remote
[OK  ] 2025-09-21 expanded data present (prism_ppt_us_30s_20250921.tif)
[OK  ] 2025-09-20 metadata matches remote
[OK  ] 2025-09-20 expanded data present (prism_ppt_us_30s_20250920.tif)
[INFO] cleanup_old=False — skipping file deletion.
2025-10-20 07:54:11,710 | INFO | Running predict_daily_triple.py
2025-10-20 07:56:00,923 | INFO | Running download_prism_daily.py
2025-10-20 07:56:12,437 | INFO | /Users/wonjunchoi/PycharmProjects/realtime-buncombe/venv/lib/python3.9/site-packages/urllib3/__init__.py:35: NotOpenSSLWarning: urllib3 v2 only supports OpenSSL 1.1.1+, currently the 'ssl' module is compiled with 'LibreSSL 2.8.3'. See: https://github.com/urllib3/urllib3/issues/3020
  warnings.warn(
[SKIP] 2025-10-19 not found online.
[OK  ] 2025-10-18 metadata matches remote
[OK  ] 2025-10-18 expanded data present (prism_ppt_us_30s_20251018.tif)
[OK  ] 2025-10-17 metadata matches remote
[OK  ] 2025-10-17 expanded data present (prism_ppt_us_30s_20251017.tif)
[OK  ] 2025-10-16 metadata matches remote
[OK  ] 2025-10-16 expanded data present (prism_ppt_us_30s_20251016.tif)
[OK  ] 2025-10-15 metadata matches remote
[OK  ] 2025-10-15 expanded data present (prism_ppt_us_30s_20251015.tif)
[OK  ] 2025-10-14 metadata matches remote
[OK  ] 2025-10-14 expanded data present (prism_ppt_us_30s_20251014.tif)
[OK  ] 2025-10-13 metadata matches remote
[OK  ] 2025-10-13 expanded data present (prism_ppt_us_30s_20251013.tif)
[OK  ] 2025-10-12 metadata matches remote
[OK  ] 2025-10-12 expanded data present (prism_ppt_us_30s_20251012.tif)
[OK  ] 2025-10-11 metadata matches remote
[OK  ] 2025-10-11 expanded data present (prism_ppt_us_30s_20251011.tif)
[OK  ] 2025-10-10 metadata matches remote
[OK  ] 2025-10-10 expanded data present (prism_ppt_us_30s_20251010.tif)
[OK  ] 2025-10-09 metadata matches remote
[OK  ] 2025-10-09 expanded data present (prism_ppt_us_30s_20251009.tif)
[OK  ] 2025-10-08 metadata matches remote
[OK  ] 2025-10-08 expanded data present (prism_ppt_us_30s_20251008.tif)
[OK  ] 2025-10-07 metadata matches remote
[OK  ] 2025-10-07 expanded data present (prism_ppt_us_30s_20251007.tif)
[OK  ] 2025-10-06 metadata matches remote
[OK  ] 2025-10-06 expanded data present (prism_ppt_us_30s_20251006.tif)
[OK  ] 2025-10-05 metadata matches remote
[OK  ] 2025-10-05 expanded data present (prism_ppt_us_30s_20251005.tif)
[OK  ] 2025-10-04 metadata matches remote
[OK  ] 2025-10-04 expanded data present (prism_ppt_us_30s_20251004.tif)
[OK  ] 2025-10-03 metadata matches remote
[OK  ] 2025-10-03 expanded data present (prism_ppt_us_30s_20251003.tif)
[OK  ] 2025-10-02 metadata matches remote
[OK  ] 2025-10-02 expanded data present (prism_ppt_us_30s_20251002.tif)
[OK  ] 2025-10-01 metadata matches remote
[OK  ] 2025-10-01 expanded data present (prism_ppt_us_30s_20251001.tif)
[OK  ] 2025-09-30 metadata matches remote
[OK  ] 2025-09-30 expanded data present (prism_ppt_us_30s_20250930.tif)
[OK  ] 2025-09-29 metadata matches remote
[OK  ] 2025-09-29 expanded data present (prism_ppt_us_30s_20250929.tif)
[OK  ] 2025-09-28 metadata matches remote
[OK  ] 2025-09-28 expanded data present (prism_ppt_us_30s_20250928.tif)
[OK  ] 2025-09-27 metadata matches remote
[OK  ] 2025-09-27 expanded data present (prism_ppt_us_30s_20250927.tif)
[OK  ] 2025-09-26 metadata matches remote
[OK  ] 2025-09-26 expanded data present (prism_ppt_us_30s_20250926.tif)
[OK  ] 2025-09-25 metadata matches remote
[OK  ] 2025-09-25 expanded data present (prism_ppt_us_30s_20250925.tif)
[OK  ] 2025-09-24 metadata matches remote
[OK  ] 2025-09-24 expanded data present (prism_ppt_us_30s_20250924.tif)
[OK  ] 2025-09-23 metadata matches remote
[OK  ] 2025-09-23 expanded data present (prism_ppt_us_30s_20250923.tif)
[OK  ] 2025-09-22 metadata matches remote
[OK  ] 2025-09-22 expanded data present (prism_ppt_us_30s_20250922.tif)
[OK  ] 2025-09-21 metadata matches remote
[OK  ] 2025-09-21 expanded data present (prism_ppt_us_30s_20250921.tif)
[OK  ] 2025-09-20 metadata matches remote
[OK  ] 2025-09-20 expanded data present (prism_ppt_us_30s_20250920.tif)
[INFO] cleanup_old=False — skipping file deletion.
2025-10-20 07:56:12,439 | INFO | Running predict_daily_triple.py
2025-10-20 07:58:01,315 | INFO | Running download_prism_daily.py
2025-10-20 07:58:13,322 | INFO | /Users/wonjunchoi/PycharmProjects/realtime-buncombe/venv/lib/python3.9/site-packages/urllib3/__init__.py:35: NotOpenSSLWarning: urllib3 v2 only supports OpenSSL 1.1.1+, currently the 'ssl' module is compiled with 'LibreSSL 2.8.3'. See: https://github.com/urllib3/urllib3/issues/3020
  warnings.warn(
[SKIP] 2025-10-19 not found online.
[OK  ] 2025-10-18 metadata matches remote
[OK  ] 2025-10-18 expanded data present (prism_ppt_us_30s_20251018.tif)
[OK  ] 2025-10-17 metadata matches remote
[OK  ] 2025-10-17 expanded data present (prism_ppt_us_30s_20251017.tif)
[OK  ] 2025-10-16 metadata matches remote
[OK  ] 2025-10-16 expanded data present (prism_ppt_us_30s_20251016.tif)
[OK  ] 2025-10-15 metadata matches remote
[OK  ] 2025-10-15 expanded data present (prism_ppt_us_30s_20251015.tif)
[OK  ] 2025-10-14 metadata matches remote
[OK  ] 2025-10-14 expanded data present (prism_ppt_us_30s_20251014.tif)
[OK  ] 2025-10-13 metadata matches remote
[OK  ] 2025-10-13 expanded data present (prism_ppt_us_30s_20251013.tif)
[OK  ] 2025-10-12 metadata matches remote
[OK  ] 2025-10-12 expanded data present (prism_ppt_us_30s_20251012.tif)
[OK  ] 2025-10-11 metadata matches remote
[OK  ] 2025-10-11 expanded data present (prism_ppt_us_30s_20251011.tif)
[OK  ] 2025-10-10 metadata matches remote
[OK  ] 2025-10-10 expanded data present (prism_ppt_us_30s_20251010.tif)
[OK  ] 2025-10-09 metadata matches remote
[OK  ] 2025-10-09 expanded data present (prism_ppt_us_30s_20251009.tif)
[OK  ] 2025-10-08 metadata matches remote
[OK  ] 2025-10-08 expanded data present (prism_ppt_us_30s_20251008.tif)
[OK  ] 2025-10-07 metadata matches remote
[OK  ] 2025-10-07 expanded data present (prism_ppt_us_30s_20251007.tif)
[OK  ] 2025-10-06 metadata matches remote
[OK  ] 2025-10-06 expanded data present (prism_ppt_us_30s_20251006.tif)
[OK  ] 2025-10-05 metadata matches remote
[OK  ] 2025-10-05 expanded data present (prism_ppt_us_30s_20251005.tif)
[OK  ] 2025-10-04 metadata matches remote
[OK  ] 2025-10-04 expanded data present (prism_ppt_us_30s_20251004.tif)
[OK  ] 2025-10-03 metadata matches remote
[OK  ] 2025-10-03 expanded data present (prism_ppt_us_30s_20251003.tif)
[OK  ] 2025-10-02 metadata matches remote
[OK  ] 2025-10-02 expanded data present (prism_ppt_us_30s_20251002.tif)
[OK  ] 2025-10-01 metadata matches remote
[OK  ] 2025-10-01 expanded data present (prism_ppt_us_30s_20251001.tif)
[OK  ] 2025-09-30 metadata matches remote
[OK  ] 2025-09-30 expanded data present (prism_ppt_us_30s_20250930.tif)
[OK  ] 2025-09-29 metadata matches remote
[OK  ] 2025-09-29 expanded data present (prism_ppt_us_30s_20250929.tif)
[OK  ] 2025-09-28 metadata matches remote
[OK  ] 2025-09-28 expanded data present (prism_ppt_us_30s_20250928.tif)
[OK  ] 2025-09-27 metadata matches remote
[OK  ] 2025-09-27 expanded data present (prism_ppt_us_30s_20250927.tif)
[OK  ] 2025-09-26 metadata matches remote
[OK  ] 2025-09-26 expanded data present (prism_ppt_us_30s_20250926.tif)
[OK  ] 2025-09-25 metadata matches remote
[OK  ] 2025-09-25 expanded data present (prism_ppt_us_30s_20250925.tif)
[OK  ] 2025-09-24 metadata matches remote
[OK  ] 2025-09-24 expanded data present (prism_ppt_us_30s_20250924.tif)
[OK  ] 2025-09-23 metadata matches remote
[OK  ] 2025-09-23 expanded data present (prism_ppt_us_30s_20250923.tif)
[OK  ] 2025-09-22 metadata matches remote
[OK  ] 2025-09-22 expanded data present (prism_ppt_us_30s_20250922.tif)
[OK  ] 2025-09-21 metadata matches remote
[OK  ] 2025-09-21 expanded data present (prism_ppt_us_30s_20250921.tif)
[OK  ] 2025-09-20 metadata matches remote
[OK  ] 2025-09-20 expanded data present (prism_ppt_us_30s_20250920.tif)
[INFO] cleanup_old=False — skipping file deletion.
2025-10-20 07:58:13,323 | INFO | Running predict_daily_triple.py
2025-10-20 08:00:00,613 | INFO | Running download_prism_daily.py
2025-10-20 08:00:13,728 | INFO | /Users/wonjunchoi/PycharmProjects/realtime-buncombe/venv/lib/python3.9/site-packages/urllib3/__init__.py:35: NotOpenSSLWarning: urllib3 v2 only supports OpenSSL 1.1.1+, currently the 'ssl' module is compiled with 'LibreSSL 2.8.3'. See: https://github.com/urllib3/urllib3/issues/3020
  warnings.warn(
[SKIP] 2025-10-19 not found online.
[OK  ] 2025-10-18 metadata matches remote
[OK  ] 2025-10-18 expanded data present (prism_ppt_us_30s_20251018.tif)
[OK  ] 2025-10-17 metadata matches remote
[OK  ] 2025-10-17 expanded data present (prism_ppt_us_30s_20251017.tif)
[OK  ] 2025-10-16 metadata matches remote
[OK  ] 2025-10-16 expanded data present (prism_ppt_us_30s_20251016.tif)
[OK  ] 2025-10-15 metadata matches remote
[OK  ] 2025-10-15 expanded data present (prism_ppt_us_30s_20251015.tif)
[OK  ] 2025-10-14 metadata matches remote
[OK  ] 2025-10-14 expanded data present (prism_ppt_us_30s_20251014.tif)
[OK  ] 2025-10-13 metadata matches remote
[OK  ] 2025-10-13 expanded data present (prism_ppt_us_30s_20251013.tif)
[OK  ] 2025-10-12 metadata matches remote
[OK  ] 2025-10-12 expanded data present (prism_ppt_us_30s_20251012.tif)
[OK  ] 2025-10-11 metadata matches remote
[OK  ] 2025-10-11 expanded data present (prism_ppt_us_30s_20251011.tif)
[OK  ] 2025-10-10 metadata matches remote
[OK  ] 2025-10-10 expanded data present (prism_ppt_us_30s_20251010.tif)
[OK  ] 2025-10-09 metadata matches remote
[OK  ] 2025-10-09 expanded data present (prism_ppt_us_30s_20251009.tif)
[OK  ] 2025-10-08 metadata matches remote
[OK  ] 2025-10-08 expanded data present (prism_ppt_us_30s_20251008.tif)
[OK  ] 2025-10-07 metadata matches remote
[OK  ] 2025-10-07 expanded data present (prism_ppt_us_30s_20251007.tif)
[OK  ] 2025-10-06 metadata matches remote
[OK  ] 2025-10-06 expanded data present (prism_ppt_us_30s_20251006.tif)
[OK  ] 2025-10-05 metadata matches remote
[OK  ] 2025-10-05 expanded data present (prism_ppt_us_30s_20251005.tif)
[OK  ] 2025-10-04 metadata matches remote
[OK  ] 2025-10-04 expanded data present (prism_ppt_us_30s_20251004.tif)
[OK  ] 2025-10-03 metadata matches remote
[OK  ] 2025-10-03 expanded data present (prism_ppt_us_30s_20251003.tif)
[OK  ] 2025-10-02 metadata matches remote
[OK  ] 2025-10-02 expanded data present (prism_ppt_us_30s_20251002.tif)
[OK  ] 2025-10-01 metadata matches remote
[OK  ] 2025-10-01 expanded data present (prism_ppt_us_30s_20251001.tif)
[OK  ] 2025-09-30 metadata matches remote
[OK  ] 2025-09-30 expanded data present (prism_ppt_us_30s_20250930.tif)
[OK  ] 2025-09-29 metadata matches remote
[OK  ] 2025-09-29 expanded data present (prism_ppt_us_30s_20250929.tif)
[OK  ] 2025-09-28 metadata matches remote
[OK  ] 2025-09-28 expanded data present (prism_ppt_us_30s_20250928.tif)
[OK  ] 2025-09-27 metadata matches remote
[OK  ] 2025-09-27 expanded data present (prism_ppt_us_30s_20250927.tif)
[OK  ] 2025-09-26 metadata matches remote
[OK  ] 2025-09-26 expanded data present (prism_ppt_us_30s_20250926.tif)
[OK  ] 2025-09-25 metadata matches remote
[OK  ] 2025-09-25 expanded data present (prism_ppt_us_30s_20250925.tif)
[OK  ] 2025-09-24 metadata matches remote
[OK  ] 2025-09-24 expanded data present (prism_ppt_us_30s_20250924.tif)
[OK  ] 2025-09-23 metadata matches remote
[OK  ] 2025-09-23 expanded data present (prism_ppt_us_30s_20250923.tif)
[OK  ] 2025-09-22 metadata matches remote
[OK  ] 2025-09-22 expanded data present (prism_ppt_us_30s_20250922.tif)
[OK  ] 2025-09-21 metadata matches remote
[OK  ] 2025-09-21 expanded data present (prism_ppt_us_30s_20250921.tif)
[OK  ] 2025-09-20 metadata matches remote
[OK  ] 2025-09-20 expanded data present (prism_ppt_us_30s_20250920.tif)
[INFO] cleanup_old=False — skipping file deletion.
2025-10-20 08:00:13,730 | INFO | Running predict_daily_triple.py
2025-10-20 08:02:01,734 | INFO | Running download_prism_daily.py
2025-10-20 08:02:16,102 | INFO | /Users/wonjunchoi/PycharmProjects/realtime-buncombe/venv/lib/python3.9/site-packages/urllib3/__init__.py:35: NotOpenSSLWarning: urllib3 v2 only supports OpenSSL 1.1.1+, currently the 'ssl' module is compiled with 'LibreSSL 2.8.3'. See: https://github.com/urllib3/urllib3/issues/3020
  warnings.warn(
[SKIP] 2025-10-19 not found online.
[OK  ] 2025-10-18 metadata matches remote
[OK  ] 2025-10-18 expanded data present (prism_ppt_us_30s_20251018.tif)
[OK  ] 2025-10-17 metadata matches remote
[OK  ] 2025-10-17 expanded data present (prism_ppt_us_30s_20251017.tif)
[OK  ] 2025-10-16 metadata matches remote
[OK  ] 2025-10-16 expanded data present (prism_ppt_us_30s_20251016.tif)
[OK  ] 2025-10-15 metadata matches remote
[OK  ] 2025-10-15 expanded data present (prism_ppt_us_30s_20251015.tif)
[OK  ] 2025-10-14 metadata matches remote
[OK  ] 2025-10-14 expanded data present (prism_ppt_us_30s_20251014.tif)
[OK  ] 2025-10-13 metadata matches remote
[OK  ] 2025-10-13 expanded data present (prism_ppt_us_30s_20251013.tif)
[OK  ] 2025-10-12 metadata matches remote
[OK  ] 2025-10-12 expanded data present (prism_ppt_us_30s_20251012.tif)
[OK  ] 2025-10-11 metadata matches remote
[OK  ] 2025-10-11 expanded data present (prism_ppt_us_30s_20251011.tif)
[OK  ] 2025-10-10 metadata matches remote
[OK  ] 2025-10-10 expanded data present (prism_ppt_us_30s_20251010.tif)
[OK  ] 2025-10-09 metadata matches remote
[OK  ] 2025-10-09 expanded data present (prism_ppt_us_30s_20251009.tif)
[OK  ] 2025-10-08 metadata matches remote
[OK  ] 2025-10-08 expanded data present (prism_ppt_us_30s_20251008.tif)
[OK  ] 2025-10-07 metadata matches remote
[OK  ] 2025-10-07 expanded data present (prism_ppt_us_30s_20251007.tif)
[OK  ] 2025-10-06 metadata matches remote
[OK  ] 2025-10-06 expanded data present (prism_ppt_us_30s_20251006.tif)
[OK  ] 2025-10-05 metadata matches remote
[OK  ] 2025-10-05 expanded data present (prism_ppt_us_30s_20251005.tif)
[OK  ] 2025-10-04 metadata matches remote
[OK  ] 2025-10-04 expanded data present (prism_ppt_us_30s_20251004.tif)
[OK  ] 2025-10-03 metadata matches remote
[OK  ] 2025-10-03 expanded data present (prism_ppt_us_30s_20251003.tif)
[OK  ] 2025-10-02 metadata matches remote
[OK  ] 2025-10-02 expanded data present (prism_ppt_us_30s_20251002.tif)
[OK  ] 2025-10-01 metadata matches remote
[OK  ] 2025-10-01 expanded data present (prism_ppt_us_30s_20251001.tif)
[OK  ] 2025-09-30 metadata matches remote
[OK  ] 2025-09-30 expanded data present (prism_ppt_us_30s_20250930.tif)
[OK  ] 2025-09-29 metadata matches remote
[OK  ] 2025-09-29 expanded data present (prism_ppt_us_30s_20250929.tif)
[OK  ] 2025-09-28 metadata matches remote
[OK  ] 2025-09-28 expanded data present (prism_ppt_us_30s_20250928.tif)
[OK  ] 2025-09-27 metadata matches remote
[OK  ] 2025-09-27 expanded data present (prism_ppt_us_30s_20250927.tif)
[OK  ] 2025-09-26 metadata matches remote
[OK  ] 2025-09-26 expanded data present (prism_ppt_us_30s_20250926.tif)
[OK  ] 2025-09-25 metadata matches remote
[OK  ] 2025-09-25 expanded data present (prism_ppt_us_30s_20250925.tif)
[OK  ] 2025-09-24 metadata matches remote
[OK  ] 2025-09-24 expanded data present (prism_ppt_us_30s_20250924.tif)
[OK  ] 2025-09-23 metadata matches remote
[OK  ] 2025-09-23 expanded data present (prism_ppt_us_30s_20250923.tif)
[OK  ] 2025-09-22 metadata matches remote
[OK  ] 2025-09-22 expanded data present (prism_ppt_us_30s_20250922.tif)
[OK  ] 2025-09-21 metadata matches remote
[OK  ] 2025-09-21 expanded data present (prism_ppt_us_30s_20250921.tif)
[OK  ] 2025-09-20 metadata matches remote
[OK  ] 2025-09-20 expanded data present (prism_ppt_us_30s_20250920.tif)
[INFO] cleanup_old=False — skipping file deletion.
2025-10-20 08:02:16,105 | INFO | Running predict_daily_triple.py
2025-10-20 08:04:01,654 | INFO | Running download_prism_daily.py
2025-10-20 08:04:28,333 | INFO | /Users/wonjunchoi/PycharmProjects/realtime-buncombe/venv/lib/python3.9/site-packages/urllib3/__init__.py:35: NotOpenSSLWarning: urllib3 v2 only supports OpenSSL 1.1.1+, currently the 'ssl' module is compiled with 'LibreSSL 2.8.3'. See: https://github.com/urllib3/urllib3/issues/3020
  warnings.warn(
[GET ] 2025-10-19 → https://data.prism.oregonstate.edu/time_series/us/an/800m/ppt/daily/2025/prism_ppt_us_30s_20251019.zip
[DONE] Updated ZIP for 2025-10-19
[MISS] 2025-10-19 missing expanded .tif — extracting now.
[UNZIP] Extracted → /Users/wonjunchoi/PycharmProjects/realtime-buncombe/data/rain/prism_ppt_us_30s_20251019
[CLEAN] 2025-10-19 removed ZIP after extraction.
[OK  ] 2025-10-18 metadata matches remote
[OK  ] 2025-10-18 expanded data present (prism_ppt_us_30s_20251018.tif)
[OK  ] 2025-10-17 metadata matches remote
[OK  ] 2025-10-17 expanded data present (prism_ppt_us_30s_20251017.tif)
[OK  ] 2025-10-16 metadata matches remote
[OK  ] 2025-10-16 expanded data present (prism_ppt_us_30s_20251016.tif)
[OK  ] 2025-10-15 metadata matches remote
[OK  ] 2025-10-15 expanded data present (prism_ppt_us_30s_20251015.tif)
[OK  ] 2025-10-14 metadata matches remote
[OK  ] 2025-10-14 expanded data present (prism_ppt_us_30s_20251014.tif)
[OK  ] 2025-10-13 metadata matches remote
[OK  ] 2025-10-13 expanded data present (prism_ppt_us_30s_20251013.tif)
[OK  ] 2025-10-12 metadata matches remote
[OK  ] 2025-10-12 expanded data present (prism_ppt_us_30s_20251012.tif)
[OK  ] 2025-10-11 metadata matches remote
[OK  ] 2025-10-11 expanded data present (prism_ppt_us_30s_20251011.tif)
[OK  ] 2025-10-10 metadata matches remote
[OK  ] 2025-10-10 expanded data present (prism_ppt_us_30s_20251010.tif)
[OK  ] 2025-10-09 metadata matches remote
[OK  ] 2025-10-09 expanded data present (prism_ppt_us_30s_20251009.tif)
[OK  ] 2025-10-08 metadata matches remote
[OK  ] 2025-10-08 expanded data present (prism_ppt_us_30s_20251008.tif)
[OK  ] 2025-10-07 metadata matches remote
[OK  ] 2025-10-07 expanded data present (prism_ppt_us_30s_20251007.tif)
[OK  ] 2025-10-06 metadata matches remote
[OK  ] 2025-10-06 expanded data present (prism_ppt_us_30s_20251006.tif)
[OK  ] 2025-10-05 metadata matches remote
[OK  ] 2025-10-05 expanded data present (prism_ppt_us_30s_20251005.tif)
[OK  ] 2025-10-04 metadata matches remote
[OK  ] 2025-10-04 expanded data present (prism_ppt_us_30s_20251004.tif)
[OK  ] 2025-10-03 metadata matches remote
[OK  ] 2025-10-03 expanded data present (prism_ppt_us_30s_20251003.tif)
[OK  ] 2025-10-02 metadata matches remote
[OK  ] 2025-10-02 expanded data present (prism_ppt_us_30s_20251002.tif)
[OK  ] 2025-10-01 metadata matches remote
[OK  ] 2025-10-01 expanded data present (prism_ppt_us_30s_20251001.tif)
[OK  ] 2025-09-30 metadata matches remote
[OK  ] 2025-09-30 expanded data present (prism_ppt_us_30s_20250930.tif)
[OK  ] 2025-09-29 metadata matches remote
[OK  ] 2025-09-29 expanded data present (prism_ppt_us_30s_20250929.tif)
[OK  ] 2025-09-28 metadata matches remote
[OK  ] 2025-09-28 expanded data present (prism_ppt_us_30s_20250928.tif)
[OK  ] 2025-09-27 metadata matches remote
[OK  ] 2025-09-27 expanded data present (prism_ppt_us_30s_20250927.tif)
[OK  ] 2025-09-26 metadata matches remote
[OK  ] 2025-09-26 expanded data present (prism_ppt_us_30s_20250926.tif)
[OK  ] 2025-09-25 metadata matches remote
[OK  ] 2025-09-25 expanded data present (prism_ppt_us_30s_20250925.tif)
[OK  ] 2025-09-24 metadata matches remote
[OK  ] 2025-09-24 expanded data present (prism_ppt_us_30s_20250924.tif)
[OK  ] 2025-09-23 metadata matches remote
[OK  ] 2025-09-23 expanded data present (prism_ppt_us_30s_20250923.tif)
[OK  ] 2025-09-22 metadata matches remote
[OK  ] 2025-09-22 expanded data present (prism_ppt_us_30s_20250922.tif)
[OK  ] 2025-09-21 metadata matches remote
[OK  ] 2025-09-21 expanded data present (prism_ppt_us_30s_20250921.tif)
[OK  ] 2025-09-20 metadata matches remote
[OK  ] 2025-09-20 expanded data present (prism_ppt_us_30s_20250920.tif)
[INFO] cleanup_old=False — skipping file deletion.
2025-10-20 08:04:28,334 | INFO | Running predict_daily_triple.py
2025-10-20 08:06:00,890 | INFO | Running download_prism_daily.py
2025-10-20 08:06:15,607 | INFO | /Users/wonjunchoi/PycharmProjects/realtime-buncombe/venv/lib/python3.9/site-packages/urllib3/__init__.py:35: NotOpenSSLWarning: urllib3 v2 only supports OpenSSL 1.1.1+, currently the 'ssl' module is compiled with 'LibreSSL 2.8.3'. See: https://github.com/urllib3/urllib3/issues/3020
  warnings.warn(
[OK  ] 2025-10-19 metadata matches remote
[OK  ] 2025-10-19 expanded data present (prism_ppt_us_30s_20251019.tif)
[OK  ] 2025-10-18 metadata matches remote
[OK  ] 2025-10-18 expanded data present (prism_ppt_us_30s_20251018.tif)
[OK  ] 2025-10-17 metadata matches remote
[OK  ] 2025-10-17 expanded data present (prism_ppt_us_30s_20251017.tif)
[OK  ] 2025-10-16 metadata matches remote
[OK  ] 2025-10-16 expanded data present (prism_ppt_us_30s_20251016.tif)
[OK  ] 2025-10-15 metadata matches remote
[OK  ] 2025-10-15 expanded data present (prism_ppt_us_30s_20251015.tif)
[OK  ] 2025-10-14 metadata matches remote
[OK  ] 2025-10-14 expanded data present (prism_ppt_us_30s_20251014.tif)
[OK  ] 2025-10-13 metadata matches remote
[OK  ] 2025-10-13 expanded data present (prism_ppt_us_30s_20251013.tif)
[OK  ] 2025-10-12 metadata matches remote
[OK  ] 2025-10-12 expanded data present (prism_ppt_us_30s_20251012.tif)
[OK  ] 2025-10-11 metadata matches remote
[OK  ] 2025-10-11 expanded data present (prism_ppt_us_30s_20251011.tif)
[OK  ] 2025-10-10 metadata matches remote
[OK  ] 2025-10-10 expanded data present (prism_ppt_us_30s_20251010.tif)
[OK  ] 2025-10-09 metadata matches remote
[OK  ] 2025-10-09 expanded data present (prism_ppt_us_30s_20251009.tif)
[OK  ] 2025-10-08 metadata matches remote
[OK  ] 2025-10-08 expanded data present (prism_ppt_us_30s_20251008.tif)
[OK  ] 2025-10-07 metadata matches remote
[OK  ] 2025-10-07 expanded data present (prism_ppt_us_30s_20251007.tif)
[OK  ] 2025-10-06 metadata matches remote
[OK  ] 2025-10-06 expanded data present (prism_ppt_us_30s_20251006.tif)
[OK  ] 2025-10-05 metadata matches remote
[OK  ] 2025-10-05 expanded data present (prism_ppt_us_30s_20251005.tif)
[OK  ] 2025-10-04 metadata matches remote
[OK  ] 2025-10-04 expanded data present (prism_ppt_us_30s_20251004.tif)
[OK  ] 2025-10-03 metadata matches remote
[OK  ] 2025-10-03 expanded data present (prism_ppt_us_30s_20251003.tif)
[OK  ] 2025-10-02 metadata matches remote
[OK  ] 2025-10-02 expanded data present (prism_ppt_us_30s_20251002.tif)
[OK  ] 2025-10-01 metadata matches remote
[OK  ] 2025-10-01 expanded data present (prism_ppt_us_30s_20251001.tif)
[OK  ] 2025-09-30 metadata matches remote
[OK  ] 2025-09-30 expanded data present (prism_ppt_us_30s_20250930.tif)
[OK  ] 2025-09-29 metadata matches remote
[OK  ] 2025-09-29 expanded data present (prism_ppt_us_30s_20250929.tif)
[OK  ] 2025-09-28 metadata matches remote
[OK  ] 2025-09-28 expanded data present (prism_ppt_us_30s_20250928.tif)
[OK  ] 2025-09-27 metadata matches remote
[OK  ] 2025-09-27 expanded data present (prism_ppt_us_30s_20250927.tif)
[OK  ] 2025-09-26 metadata matches remote
[OK  ] 2025-09-26 expanded data present (prism_ppt_us_30s_20250926.tif)
[OK  ] 2025-09-25 metadata matches remote
[OK  ] 2025-09-25 expanded data present (prism_ppt_us_30s_20250925.tif)
[OK  ] 2025-09-24 metadata matches remote
[OK  ] 2025-09-24 expanded data present (prism_ppt_us_30s_20250924.tif)
[OK  ] 2025-09-23 metadata matches remote
[OK  ] 2025-09-23 expanded data present (prism_ppt_us_30s_20250923.tif)
[OK  ] 2025-09-22 metadata matches remote
[OK  ] 2025-09-22 expanded data present (prism_ppt_us_30s_20250922.tif)
[OK  ] 2025-09-21 metadata matches remote
[OK  ] 2025-09-21 expanded data present (prism_ppt_us_30s_20250921.tif)
[OK  ] 2025-09-20 metadata matches remote
[OK  ] 2025-09-20 expanded data present (prism_ppt_us_30s_20250920.tif)
[INFO] cleanup_old=False — skipping file deletion.
2025-10-20 08:06:15,608 | INFO | Running predict_daily_triple.py
2025-10-20 08:10:49,214 | INFO | Running download_prism_daily.py
2025-10-20 08:10:49,270 | INFO | Running download_prism_daily.py
2025-10-20 08:11:03,554 | INFO | /Users/wonjunchoi/PycharmProjects/realtime-buncombe/venv/lib/python3.9/site-packages/urllib3/__init__.py:35: NotOpenSSLWarning: urllib3 v2 only supports OpenSSL 1.1.1+, currently the 'ssl' module is compiled with 'LibreSSL 2.8.3'. See: https://github.com/urllib3/urllib3/issues/3020
  warnings.warn(
[OK  ] 2025-10-19 metadata matches remote
[OK  ] 2025-10-19 expanded data present (prism_ppt_us_30s_20251019.tif)
[OK  ] 2025-10-18 metadata matches remote
[OK  ] 2025-10-18 expanded data present (prism_ppt_us_30s_20251018.tif)
[OK  ] 2025-10-17 metadata matches remote
[OK  ] 2025-10-17 expanded data present (prism_ppt_us_30s_20251017.tif)
[OK  ] 2025-10-16 metadata matches remote
[OK  ] 2025-10-16 expanded data present (prism_ppt_us_30s_20251016.tif)
[OK  ] 2025-10-15 metadata matches remote
[OK  ] 2025-10-15 expanded data present (prism_ppt_us_30s_20251015.tif)
[OK  ] 2025-10-14 metadata matches remote
[OK  ] 2025-10-14 expanded data present (prism_ppt_us_30s_20251014.tif)
[OK  ] 2025-10-13 metadata matches remote
[OK  ] 2025-10-13 expanded data present (prism_ppt_us_30s_20251013.tif)
[OK  ] 2025-10-12 metadata matches remote
[OK  ] 2025-10-12 expanded data present (prism_ppt_us_30s_20251012.tif)
[OK  ] 2025-10-11 metadata matches remote
[OK  ] 2025-10-11 expanded data present (prism_ppt_us_30s_20251011.tif)
[OK  ] 2025-10-10 metadata matches remote
[OK  ] 2025-10-10 expanded data present (prism_ppt_us_30s_20251010.tif)
[OK  ] 2025-10-09 metadata matches remote
[OK  ] 2025-10-09 expanded data present (prism_ppt_us_30s_20251009.tif)
[OK  ] 2025-10-08 metadata matches remote
[OK  ] 2025-10-08 expanded data present (prism_ppt_us_30s_20251008.tif)
[OK  ] 2025-10-07 metadata matches remote
[OK  ] 2025-10-07 expanded data present (prism_ppt_us_30s_20251007.tif)
[OK  ] 2025-10-06 metadata matches remote
[OK  ] 2025-10-06 expanded data present (prism_ppt_us_30s_20251006.tif)
[OK  ] 2025-10-05 metadata matches remote
[OK  ] 2025-10-05 expanded data present (prism_ppt_us_30s_20251005.tif)
[OK  ] 2025-10-04 metadata matches remote
[OK  ] 2025-10-04 expanded data present (prism_ppt_us_30s_20251004.tif)
[OK  ] 2025-10-03 metadata matches remote
[OK  ] 2025-10-03 expanded data present (prism_ppt_us_30s_20251003.tif)
[OK  ] 2025-10-02 metadata matches remote
[OK  ] 2025-10-02 expanded data present (prism_ppt_us_30s_20251002.tif)
[OK  ] 2025-10-01 metadata matches remote
[OK  ] 2025-10-01 expanded data present (prism_ppt_us_30s_20251001.tif)
[OK  ] 2025-09-30 metadata matches remote
[OK  ] 2025-09-30 expanded data present (prism_ppt_us_30s_20250930.tif)
[OK  ] 2025-09-29 metadata matches remote
[OK  ] 2025-09-29 expanded data present (prism_ppt_us_30s_20250929.tif)
[OK  ] 2025-09-28 metadata matches remote
[OK  ] 2025-09-28 expanded data present (prism_ppt_us_30s_20250928.tif)
[OK  ] 2025-09-27 metadata matches remote
[OK  ] 2025-09-27 expanded data present (prism_ppt_us_30s_20250927.tif)
[OK  ] 2025-09-26 metadata matches remote
[OK  ] 2025-09-26 expanded data present (prism_ppt_us_30s_20250926.tif)
[OK  ] 2025-09-25 metadata matches remote
[OK  ] 2025-09-25 expanded data present (prism_ppt_us_30s_20250925.tif)
[OK  ] 2025-09-24 metadata matches remote
[OK  ] 2025-09-24 expanded data present (prism_ppt_us_30s_20250924.tif)
[OK  ] 2025-09-23 metadata matches remote
[OK  ] 2025-09-23 expanded data present (prism_ppt_us_30s_20250923.tif)
[OK  ] 2025-09-22 metadata matches remote
[OK  ] 2025-09-22 expanded data present (prism_ppt_us_30s_20250922.tif)
[OK  ] 2025-09-21 metadata matches remote
[OK  ] 2025-09-21 expanded data present (prism_ppt_us_30s_20250921.tif)
[OK  ] 2025-09-20 metadata matches remote
[OK  ] 2025-09-20 expanded data present (prism_ppt_us_30s_20250920.tif)
[INFO] cleanup_old=False — skipping file deletion.
2025-10-20 08:11:03,555 | INFO | Running predict_daily_triple.py
2025-10-20 08:11:03,559 | INFO | /Users/wonjunchoi/PycharmProjects/realtime-buncombe/venv/lib/python3.9/site-packages/urllib3/__init__.py:35: NotOpenSSLWarning: urllib3 v2 only supports OpenSSL 1.1.1+, currently the 'ssl' module is compiled with 'LibreSSL 2.8.3'. See: https://github.com/urllib3/urllib3/issues/3020
  warnings.warn(
[OK  ] 2025-10-19 metadata matches remote
[OK  ] 2025-10-19 expanded data present (prism_ppt_us_30s_20251019.tif)
[OK  ] 2025-10-18 metadata matches remote
[OK  ] 2025-10-18 expanded data present (prism_ppt_us_30s_20251018.tif)
[OK  ] 2025-10-17 metadata matches remote
[OK  ] 2025-10-17 expanded data present (prism_ppt_us_30s_20251017.tif)
[OK  ] 2025-10-16 metadata matches remote
[OK  ] 2025-10-16 expanded data present (prism_ppt_us_30s_20251016.tif)
[OK  ] 2025-10-15 metadata matches remote
[OK  ] 2025-10-15 expanded data present (prism_ppt_us_30s_20251015.tif)
[OK  ] 2025-10-14 metadata matches remote
[OK  ] 2025-10-14 expanded data present (prism_ppt_us_30s_20251014.tif)
[OK  ] 2025-10-13 metadata matches remote
[OK  ] 2025-10-13 expanded data present (prism_ppt_us_30s_20251013.tif)
[OK  ] 2025-10-12 metadata matches remote
[OK  ] 2025-10-12 expanded data present (prism_ppt_us_30s_20251012.tif)
[OK  ] 2025-10-11 metadata matches remote
[OK  ] 2025-10-11 expanded data present (prism_ppt_us_30s_20251011.tif)
[OK  ] 2025-10-10 metadata matches remote
[OK  ] 2025-10-10 expanded data present (prism_ppt_us_30s_20251010.tif)
[OK  ] 2025-10-09 metadata matches remote
[OK  ] 2025-10-09 expanded data present (prism_ppt_us_30s_20251009.tif)
[OK  ] 2025-10-08 metadata matches remote
[OK  ] 2025-10-08 expanded data present (prism_ppt_us_30s_20251008.tif)
[OK  ] 2025-10-07 metadata matches remote
[OK  ] 2025-10-07 expanded data present (prism_ppt_us_30s_20251007.tif)
[OK  ] 2025-10-06 metadata matches remote
[OK  ] 2025-10-06 expanded data present (prism_ppt_us_30s_20251006.tif)
[OK  ] 2025-10-05 metadata matches remote
[OK  ] 2025-10-05 expanded data present (prism_ppt_us_30s_20251005.tif)
[OK  ] 2025-10-04 metadata matches remote
[OK  ] 2025-10-04 expanded data present (prism_ppt_us_30s_20251004.tif)
[OK  ] 2025-10-03 metadata matches remote
[OK  ] 2025-10-03 expanded data present (prism_ppt_us_30s_20251003.tif)
[OK  ] 2025-10-02 metadata matches remote
[OK  ] 2025-10-02 expanded data present (prism_ppt_us_30s_20251002.tif)
[OK  ] 2025-10-01 metadata matches remote
[OK  ] 2025-10-01 expanded data present (prism_ppt_us_30s_20251001.tif)
[OK  ] 2025-09-30 metadata matches remote
[OK  ] 2025-09-30 expanded data present (prism_ppt_us_30s_20250930.tif)
[OK  ] 2025-09-29 metadata matches remote
[OK  ] 2025-09-29 expanded data present (prism_ppt_us_30s_20250929.tif)
[OK  ] 2025-09-28 metadata matches remote
[OK  ] 2025-09-28 expanded data present (prism_ppt_us_30s_20250928.tif)
[OK  ] 2025-09-27 metadata matches remote
[OK  ] 2025-09-27 expanded data present (prism_ppt_us_30s_20250927.tif)
[OK  ] 2025-09-26 metadata matches remote
[OK  ] 2025-09-26 expanded data present (prism_ppt_us_30s_20250926.tif)
[OK  ] 2025-09-25 metadata matches remote
[OK  ] 2025-09-25 expanded data present (prism_ppt_us_30s_20250925.tif)
[OK  ] 2025-09-24 metadata matches remote
[OK  ] 2025-09-24 expanded data present (prism_ppt_us_30s_20250924.tif)
[OK  ] 2025-09-23 metadata matches remote
[OK  ] 2025-09-23 expanded data present (prism_ppt_us_30s_20250923.tif)
[OK  ] 2025-09-22 metadata matches remote
[OK  ] 2025-09-22 expanded data present (prism_ppt_us_30s_20250922.tif)
[OK  ] 2025-09-21 metadata matches remote
[OK  ] 2025-09-21 expanded data present (prism_ppt_us_30s_20250921.tif)
[OK  ] 2025-09-20 metadata matches remote
[OK  ] 2025-09-20 expanded data present (prism_ppt_us_30s_20250920.tif)
[INFO] cleanup_old=False — skipping file deletion.
2025-10-20 08:11:03,560 | INFO | Running predict_daily_triple.py
2025-10-20 08:12:00,433 | INFO | Running download_prism_daily.py
2025-10-20 08:12:11,902 | INFO | /Users/wonjunchoi/PycharmProjects/realtime-buncombe/venv/lib/python3.9/site-packages/urllib3/__init__.py:35: NotOpenSSLWarning: urllib3 v2 only supports OpenSSL 1.1.1+, currently the 'ssl' module is compiled with 'LibreSSL 2.8.3'. See: https://github.com/urllib3/urllib3/issues/3020
  warnings.warn(
[OK  ] 2025-10-19 metadata matches remote
[OK  ] 2025-10-19 expanded data present (prism_ppt_us_30s_20251019.tif)
[OK  ] 2025-10-18 metadata matches remote
[OK  ] 2025-10-18 expanded data present (prism_ppt_us_30s_20251018.tif)
[OK  ] 2025-10-17 metadata matches remote
[OK  ] 2025-10-17 expanded data present (prism_ppt_us_30s_20251017.tif)
[OK  ] 2025-10-16 metadata matches remote
[OK  ] 2025-10-16 expanded data present (prism_ppt_us_30s_20251016.tif)
[OK  ] 2025-10-15 metadata matches remote
[OK  ] 2025-10-15 expanded data present (prism_ppt_us_30s_20251015.tif)
[OK  ] 2025-10-14 metadata matches remote
[OK  ] 2025-10-14 expanded data present (prism_ppt_us_30s_20251014.tif)
[OK  ] 2025-10-13 metadata matches remote
[OK  ] 2025-10-13 expanded data present (prism_ppt_us_30s_20251013.tif)
[OK  ] 2025-10-12 metadata matches remote
[OK  ] 2025-10-12 expanded data present (prism_ppt_us_30s_20251012.tif)
[OK  ] 2025-10-11 metadata matches remote
[OK  ] 2025-10-11 expanded data present (prism_ppt_us_30s_20251011.tif)
[OK  ] 2025-10-10 metadata matches remote
[OK  ] 2025-10-10 expanded data present (prism_ppt_us_30s_20251010.tif)
[OK  ] 2025-10-09 metadata matches remote
[OK  ] 2025-10-09 expanded data present (prism_ppt_us_30s_20251009.tif)
[OK  ] 2025-10-08 metadata matches remote
[OK  ] 2025-10-08 expanded data present (prism_ppt_us_30s_20251008.tif)
[OK  ] 2025-10-07 metadata matches remote
[OK  ] 2025-10-07 expanded data present (prism_ppt_us_30s_20251007.tif)
[OK  ] 2025-10-06 metadata matches remote
[OK  ] 2025-10-06 expanded data present (prism_ppt_us_30s_20251006.tif)
[OK  ] 2025-10-05 metadata matches remote
[OK  ] 2025-10-05 expanded data present (prism_ppt_us_30s_20251005.tif)
[OK  ] 2025-10-04 metadata matches remote
[OK  ] 2025-10-04 expanded data present (prism_ppt_us_30s_20251004.tif)
[OK  ] 2025-10-03 metadata matches remote
[OK  ] 2025-10-03 expanded data present (prism_ppt_us_30s_20251003.tif)
[OK  ] 2025-10-02 metadata matches remote
[OK  ] 2025-10-02 expanded data present (prism_ppt_us_30s_20251002.tif)
[OK  ] 2025-10-01 metadata matches remote
[OK  ] 2025-10-01 expanded data present (prism_ppt_us_30s_20251001.tif)
[OK  ] 2025-09-30 metadata matches remote
[OK  ] 2025-09-30 expanded data present (prism_ppt_us_30s_20250930.tif)
[OK  ] 2025-09-29 metadata matches remote
[OK  ] 2025-09-29 expanded data present (prism_ppt_us_30s_20250929.tif)
[OK  ] 2025-09-28 metadata matches remote
[OK  ] 2025-09-28 expanded data present (prism_ppt_us_30s_20250928.tif)
[OK  ] 2025-09-27 metadata matches remote
[OK  ] 2025-09-27 expanded data present (prism_ppt_us_30s_20250927.tif)
[OK  ] 2025-09-26 metadata matches remote
[OK  ] 2025-09-26 expanded data present (prism_ppt_us_30s_20250926.tif)
[OK  ] 2025-09-25 metadata matches remote
[OK  ] 2025-09-25 expanded data present (prism_ppt_us_30s_20250925.tif)
[OK  ] 2025-09-24 metadata matches remote
[OK  ] 2025-09-24 expanded data present (prism_ppt_us_30s_20250924.tif)
[OK  ] 2025-09-23 metadata matches remote
[OK  ] 2025-09-23 expanded data present (prism_ppt_us_30s_20250923.tif)
[OK  ] 2025-09-22 metadata matches remote
[OK  ] 2025-09-22 expanded data present (prism_ppt_us_30s_20250922.tif)
[OK  ] 2025-09-21 metadata matches remote
[OK  ] 2025-09-21 expanded data present (prism_ppt_us_30s_20250921.tif)
[OK  ] 2025-09-20 metadata matches remote
[OK  ] 2025-09-20 expanded data present (prism_ppt_us_30s_20250920.tif)
[INFO] cleanup_old=False — skipping file deletion.
2025-10-20 08:12:11,903 | INFO | Running predict_daily_triple.py
2025-10-20 08:14:00,538 | INFO | Running download_prism_daily.py
2025-10-20 08:14:11,643 | INFO | /Users/wonjunchoi/PycharmProjects/realtime-buncombe/venv/lib/python3.9/site-packages/urllib3/__init__.py:35: NotOpenSSLWarning: urllib3 v2 only supports OpenSSL 1.1.1+, currently the 'ssl' module is compiled with 'LibreSSL 2.8.3'. See: https://github.com/urllib3/urllib3/issues/3020
  warnings.warn(
[OK  ] 2025-10-19 metadata matches remote
[OK  ] 2025-10-19 expanded data present (prism_ppt_us_30s_20251019.tif)
[OK  ] 2025-10-18 metadata matches remote
[OK  ] 2025-10-18 expanded data present (prism_ppt_us_30s_20251018.tif)
[OK  ] 2025-10-17 metadata matches remote
[OK  ] 2025-10-17 expanded data present (prism_ppt_us_30s_20251017.tif)
[OK  ] 2025-10-16 metadata matches remote
[OK  ] 2025-10-16 expanded data present (prism_ppt_us_30s_20251016.tif)
[OK  ] 2025-10-15 metadata matches remote
[OK  ] 2025-10-15 expanded data present (prism_ppt_us_30s_20251015.tif)
[OK  ] 2025-10-14 metadata matches remote
[OK  ] 2025-10-14 expanded data present (prism_ppt_us_30s_20251014.tif)
[OK  ] 2025-10-13 metadata matches remote
[OK  ] 2025-10-13 expanded data present (prism_ppt_us_30s_20251013.tif)
[OK  ] 2025-10-12 metadata matches remote
[OK  ] 2025-10-12 expanded data present (prism_ppt_us_30s_20251012.tif)
[OK  ] 2025-10-11 metadata matches remote
[OK  ] 2025-10-11 expanded data present (prism_ppt_us_30s_20251011.tif)
[OK  ] 2025-10-10 metadata matches remote
[OK  ] 2025-10-10 expanded data present (prism_ppt_us_30s_20251010.tif)
[OK  ] 2025-10-09 metadata matches remote
[OK  ] 2025-10-09 expanded data present (prism_ppt_us_30s_20251009.tif)
[OK  ] 2025-10-08 metadata matches remote
[OK  ] 2025-10-08 expanded data present (prism_ppt_us_30s_20251008.tif)
[OK  ] 2025-10-07 metadata matches remote
[OK  ] 2025-10-07 expanded data present (prism_ppt_us_30s_20251007.tif)
[OK  ] 2025-10-06 metadata matches remote
[OK  ] 2025-10-06 expanded data present (prism_ppt_us_30s_20251006.tif)
[OK  ] 2025-10-05 metadata matches remote
[OK  ] 2025-10-05 expanded data present (prism_ppt_us_30s_20251005.tif)
[OK  ] 2025-10-04 metadata matches remote
[OK  ] 2025-10-04 expanded data present (prism_ppt_us_30s_20251004.tif)
[OK  ] 2025-10-03 metadata matches remote
[OK  ] 2025-10-03 expanded data present (prism_ppt_us_30s_20251003.tif)
[OK  ] 2025-10-02 metadata matches remote
[OK  ] 2025-10-02 expanded data present (prism_ppt_us_30s_20251002.tif)
[OK  ] 2025-10-01 metadata matches remote
[OK  ] 2025-10-01 expanded data present (prism_ppt_us_30s_20251001.tif)
[OK  ] 2025-09-30 metadata matches remote
[OK  ] 2025-09-30 expanded data present (prism_ppt_us_30s_20250930.tif)
[OK  ] 2025-09-29 metadata matches remote
[OK  ] 2025-09-29 expanded data present (prism_ppt_us_30s_20250929.tif)
[OK  ] 2025-09-28 metadata matches remote
[OK  ] 2025-09-28 expanded data present (prism_ppt_us_30s_20250928.tif)
[OK  ] 2025-09-27 metadata matches remote
[OK  ] 2025-09-27 expanded data present (prism_ppt_us_30s_20250927.tif)
[OK  ] 2025-09-26 metadata matches remote
[OK  ] 2025-09-26 expanded data present (prism_ppt_us_30s_20250926.tif)
[OK  ] 2025-09-25 metadata matches remote
[OK  ] 2025-09-25 expanded data present (prism_ppt_us_30s_20250925.tif)
[OK  ] 2025-09-24 metadata matches remote
[OK  ] 2025-09-24 expanded data present (prism_ppt_us_30s_20250924.tif)
[OK  ] 2025-09-23 metadata matches remote
[OK  ] 2025-09-23 expanded data present (prism_ppt_us_30s_20250923.tif)
[OK  ] 2025-09-22 metadata matches remote
[OK  ] 2025-09-22 expanded data present (prism_ppt_us_30s_20250922.tif)
[OK  ] 2025-09-21 metadata matches remote
[OK  ] 2025-09-21 expanded data present (prism_ppt_us_30s_20250921.tif)
[OK  ] 2025-09-20 metadata matches remote
[OK  ] 2025-09-20 expanded data present (prism_ppt_us_30s_20250920.tif)
[INFO] cleanup_old=False — skipping file deletion.
2025-10-20 08:14:11,644 | INFO | Running predict_daily_triple.py
2025-10-20 08:16:00,698 | INFO | Running download_prism_daily.py
2025-10-20 08:16:11,993 | INFO | /Users/wonjunchoi/PycharmProjects/realtime-buncombe/venv/lib/python3.9/site-packages/urllib3/__init__.py:35: NotOpenSSLWarning: urllib3 v2 only supports OpenSSL 1.1.1+, currently the 'ssl' module is compiled with 'LibreSSL 2.8.3'. See: https://github.com/urllib3/urllib3/issues/3020
  warnings.warn(
[OK  ] 2025-10-19 metadata matches remote
[OK  ] 2025-10-19 expanded data present (prism_ppt_us_30s_20251019.tif)
[OK  ] 2025-10-18 metadata matches remote
[OK  ] 2025-10-18 expanded data present (prism_ppt_us_30s_20251018.tif)
[OK  ] 2025-10-17 metadata matches remote
[OK  ] 2025-10-17 expanded data present (prism_ppt_us_30s_20251017.tif)
[OK  ] 2025-10-16 metadata matches remote
[OK  ] 2025-10-16 expanded data present (prism_ppt_us_30s_20251016.tif)
[OK  ] 2025-10-15 metadata matches remote
[OK  ] 2025-10-15 expanded data present (prism_ppt_us_30s_20251015.tif)
[OK  ] 2025-10-14 metadata matches remote
[OK  ] 2025-10-14 expanded data present (prism_ppt_us_30s_20251014.tif)
[OK  ] 2025-10-13 metadata matches remote
[OK  ] 2025-10-13 expanded data present (prism_ppt_us_30s_20251013.tif)
[OK  ] 2025-10-12 metadata matches remote
[OK  ] 2025-10-12 expanded data present (prism_ppt_us_30s_20251012.tif)
[OK  ] 2025-10-11 metadata matches remote
[OK  ] 2025-10-11 expanded data present (prism_ppt_us_30s_20251011.tif)
[OK  ] 2025-10-10 metadata matches remote
[OK  ] 2025-10-10 expanded data present (prism_ppt_us_30s_20251010.tif)
[OK  ] 2025-10-09 metadata matches remote
[OK  ] 2025-10-09 expanded data present (prism_ppt_us_30s_20251009.tif)
[OK  ] 2025-10-08 metadata matches remote
[OK  ] 2025-10-08 expanded data present (prism_ppt_us_30s_20251008.tif)
[OK  ] 2025-10-07 metadata matches remote
[OK  ] 2025-10-07 expanded data present (prism_ppt_us_30s_20251007.tif)
[OK  ] 2025-10-06 metadata matches remote
[OK  ] 2025-10-06 expanded data present (prism_ppt_us_30s_20251006.tif)
[OK  ] 2025-10-05 metadata matches remote
[OK  ] 2025-10-05 expanded data present (prism_ppt_us_30s_20251005.tif)
[OK  ] 2025-10-04 metadata matches remote
[OK  ] 2025-10-04 expanded data present (prism_ppt_us_30s_20251004.tif)
[OK  ] 2025-10-03 metadata matches remote
[OK  ] 2025-10-03 expanded data present (prism_ppt_us_30s_20251003.tif)
[OK  ] 2025-10-02 metadata matches remote
[OK  ] 2025-10-02 expanded data present (prism_ppt_us_30s_20251002.tif)
[OK  ] 2025-10-01 metadata matches remote
[OK  ] 2025-10-01 expanded data present (prism_ppt_us_30s_20251001.tif)
[OK  ] 2025-09-30 metadata matches remote
[OK  ] 2025-09-30 expanded data present (prism_ppt_us_30s_20250930.tif)
[OK  ] 2025-09-29 metadata matches remote
[OK  ] 2025-09-29 expanded data present (prism_ppt_us_30s_20250929.tif)
[OK  ] 2025-09-28 metadata matches remote
[OK  ] 2025-09-28 expanded data present (prism_ppt_us_30s_20250928.tif)
[OK  ] 2025-09-27 metadata matches remote
[OK  ] 2025-09-27 expanded data present (prism_ppt_us_30s_20250927.tif)
[OK  ] 2025-09-26 metadata matches remote
[OK  ] 2025-09-26 expanded data present (prism_ppt_us_30s_20250926.tif)
[OK  ] 2025-09-25 metadata matches remote
[OK  ] 2025-09-25 expanded data present (prism_ppt_us_30s_20250925.tif)
[OK  ] 2025-09-24 metadata matches remote
[OK  ] 2025-09-24 expanded data present (prism_ppt_us_30s_20250924.tif)
[OK  ] 2025-09-23 metadata matches remote
[OK  ] 2025-09-23 expanded data present (prism_ppt_us_30s_20250923.tif)
[OK  ] 2025-09-22 metadata matches remote
[OK  ] 2025-09-22 expanded data present (prism_ppt_us_30s_20250922.tif)
[OK  ] 2025-09-21 metadata matches remote
[OK  ] 2025-09-21 expanded data present (prism_ppt_us_30s_20250921.tif)
[OK  ] 2025-09-20 metadata matches remote
[OK  ] 2025-09-20 expanded data present (prism_ppt_us_30s_20250920.tif)
[INFO] cleanup_old=False — skipping file deletion.
2025-10-20 08:16:11,994 | INFO | Running predict_daily_triple.py
2025-10-20 08:18:00,973 | INFO | Running download_prism_daily.py
2025-10-20 08:18:12,305 | INFO | /Users/wonjunchoi/PycharmProjects/realtime-buncombe/venv/lib/python3.9/site-packages/urllib3/__init__.py:35: NotOpenSSLWarning: urllib3 v2 only supports OpenSSL 1.1.1+, currently the 'ssl' module is compiled with 'LibreSSL 2.8.3'. See: https://github.com/urllib3/urllib3/issues/3020
  warnings.warn(
[OK  ] 2025-10-19 metadata matches remote
[OK  ] 2025-10-19 expanded data present (prism_ppt_us_30s_20251019.tif)
[OK  ] 2025-10-18 metadata matches remote
[OK  ] 2025-10-18 expanded data present (prism_ppt_us_30s_20251018.tif)
[OK  ] 2025-10-17 metadata matches remote
[OK  ] 2025-10-17 expanded data present (prism_ppt_us_30s_20251017.tif)
[OK  ] 2025-10-16 metadata matches remote
[OK  ] 2025-10-16 expanded data present (prism_ppt_us_30s_20251016.tif)
[OK  ] 2025-10-15 metadata matches remote
[OK  ] 2025-10-15 expanded data present (prism_ppt_us_30s_20251015.tif)
[OK  ] 2025-10-14 metadata matches remote
[OK  ] 2025-10-14 expanded data present (prism_ppt_us_30s_20251014.tif)
[OK  ] 2025-10-13 metadata matches remote
[OK  ] 2025-10-13 expanded data present (prism_ppt_us_30s_20251013.tif)
[OK  ] 2025-10-12 metadata matches remote
[OK  ] 2025-10-12 expanded data present (prism_ppt_us_30s_20251012.tif)
[OK  ] 2025-10-11 metadata matches remote
[OK  ] 2025-10-11 expanded data present (prism_ppt_us_30s_20251011.tif)
[OK  ] 2025-10-10 metadata matches remote
[OK  ] 2025-10-10 expanded data present (prism_ppt_us_30s_20251010.tif)
[OK  ] 2025-10-09 metadata matches remote
[OK  ] 2025-10-09 expanded data present (prism_ppt_us_30s_20251009.tif)
[OK  ] 2025-10-08 metadata matches remote
[OK  ] 2025-10-08 expanded data present (prism_ppt_us_30s_20251008.tif)
[OK  ] 2025-10-07 metadata matches remote
[OK  ] 2025-10-07 expanded data present (prism_ppt_us_30s_20251007.tif)
[OK  ] 2025-10-06 metadata matches remote
[OK  ] 2025-10-06 expanded data present (prism_ppt_us_30s_20251006.tif)
[OK  ] 2025-10-05 metadata matches remote
[OK  ] 2025-10-05 expanded data present (prism_ppt_us_30s_20251005.tif)
[OK  ] 2025-10-04 metadata matches remote
[OK  ] 2025-10-04 expanded data present (prism_ppt_us_30s_20251004.tif)
[OK  ] 2025-10-03 metadata matches remote
[OK  ] 2025-10-03 expanded data present (prism_ppt_us_30s_20251003.tif)
[OK  ] 2025-10-02 metadata matches remote
[OK  ] 2025-10-02 expanded data present (prism_ppt_us_30s_20251002.tif)
[OK  ] 2025-10-01 metadata matches remote
[OK  ] 2025-10-01 expanded data present (prism_ppt_us_30s_20251001.tif)
[OK  ] 2025-09-30 metadata matches remote
[OK  ] 2025-09-30 expanded data present (prism_ppt_us_30s_20250930.tif)
[OK  ] 2025-09-29 metadata matches remote
[OK  ] 2025-09-29 expanded data present (prism_ppt_us_30s_20250929.tif)
[OK  ] 2025-09-28 metadata matches remote
[OK  ] 2025-09-28 expanded data present (prism_ppt_us_30s_20250928.tif)
[OK  ] 2025-09-27 metadata matches remote
[OK  ] 2025-09-27 expanded data present (prism_ppt_us_30s_20250927.tif)
[OK  ] 2025-09-26 metadata matches remote
[OK  ] 2025-09-26 expanded data present (prism_ppt_us_30s_20250926.tif)
[OK  ] 2025-09-25 metadata matches remote
[OK  ] 2025-09-25 expanded data present (prism_ppt_us_30s_20250925.tif)
[OK  ] 2025-09-24 metadata matches remote
[OK  ] 2025-09-24 expanded data present (prism_ppt_us_30s_20250924.tif)
[OK  ] 2025-09-23 metadata matches remote
[OK  ] 2025-09-23 expanded data present (prism_ppt_us_30s_20250923.tif)
[OK  ] 2025-09-22 metadata matches remote
[OK  ] 2025-09-22 expanded data present (prism_ppt_us_30s_20250922.tif)
[OK  ] 2025-09-21 metadata matches remote
[OK  ] 2025-09-21 expanded data present (prism_ppt_us_30s_20250921.tif)
[OK  ] 2025-09-20 metadata matches remote
[OK  ] 2025-09-20 expanded data present (prism_ppt_us_30s_20250920.tif)
[INFO] cleanup_old=False — skipping file deletion.
2025-10-20 08:18:12,306 | INFO | Running predict_daily_triple.py
2025-10-20 08:20:02,798 | INFO | Running download_prism_daily.py
2025-10-20 08:20:17,728 | INFO | /Users/wonjunchoi/PycharmProjects/realtime-buncombe/venv/lib/python3.9/site-packages/urllib3/__init__.py:35: NotOpenSSLWarning: urllib3 v2 only supports OpenSSL 1.1.1+, currently the 'ssl' module is compiled with 'LibreSSL 2.8.3'. See: https://github.com/urllib3/urllib3/issues/3020
  warnings.warn(
[OK  ] 2025-10-19 metadata matches remote
[OK  ] 2025-10-19 expanded data present (prism_ppt_us_30s_20251019.tif)
[OK  ] 2025-10-18 metadata matches remote
[OK  ] 2025-10-18 expanded data present (prism_ppt_us_30s_20251018.tif)
[OK  ] 2025-10-17 metadata matches remote
[OK  ] 2025-10-17 expanded data present (prism_ppt_us_30s_20251017.tif)
[OK  ] 2025-10-16 metadata matches remote
[OK  ] 2025-10-16 expanded data present (prism_ppt_us_30s_20251016.tif)
[OK  ] 2025-10-15 metadata matches remote
[OK  ] 2025-10-15 expanded data present (prism_ppt_us_30s_20251015.tif)
[OK  ] 2025-10-14 metadata matches remote
[OK  ] 2025-10-14 expanded data present (prism_ppt_us_30s_20251014.tif)
[OK  ] 2025-10-13 metadata matches remote
[OK  ] 2025-10-13 expanded data present (prism_ppt_us_30s_20251013.tif)
[OK  ] 2025-10-12 metadata matches remote
[OK  ] 2025-10-12 expanded data present (prism_ppt_us_30s_20251012.tif)
[OK  ] 2025-10-11 metadata matches remote
[OK  ] 2025-10-11 expanded data present (prism_ppt_us_30s_20251011.tif)
[OK  ] 2025-10-10 metadata matches remote
[OK  ] 2025-10-10 expanded data present (prism_ppt_us_30s_20251010.tif)
[OK  ] 2025-10-09 metadata matches remote
[OK  ] 2025-10-09 expanded data present (prism_ppt_us_30s_20251009.tif)
[OK  ] 2025-10-08 metadata matches remote
[OK  ] 2025-10-08 expanded data present (prism_ppt_us_30s_20251008.tif)
[OK  ] 2025-10-07 metadata matches remote
[OK  ] 2025-10-07 expanded data present (prism_ppt_us_30s_20251007.tif)
[OK  ] 2025-10-06 metadata matches remote
[OK  ] 2025-10-06 expanded data present (prism_ppt_us_30s_20251006.tif)
[OK  ] 2025-10-05 metadata matches remote
[OK  ] 2025-10-05 expanded data present (prism_ppt_us_30s_20251005.tif)
[OK  ] 2025-10-04 metadata matches remote
[OK  ] 2025-10-04 expanded data present (prism_ppt_us_30s_20251004.tif)
[OK  ] 2025-10-03 metadata matches remote
[OK  ] 2025-10-03 expanded data present (prism_ppt_us_30s_20251003.tif)
[OK  ] 2025-10-02 metadata matches remote
[OK  ] 2025-10-02 expanded data present (prism_ppt_us_30s_20251002.tif)
[OK  ] 2025-10-01 metadata matches remote
[OK  ] 2025-10-01 expanded data present (prism_ppt_us_30s_20251001.tif)
[OK  ] 2025-09-30 metadata matches remote
[OK  ] 2025-09-30 expanded data present (prism_ppt_us_30s_20250930.tif)
[OK  ] 2025-09-29 metadata matches remote
[OK  ] 2025-09-29 expanded data present (prism_ppt_us_30s_20250929.tif)
[OK  ] 2025-09-28 metadata matches remote
[OK  ] 2025-09-28 expanded data present (prism_ppt_us_30s_20250928.tif)
[OK  ] 2025-09-27 metadata matches remote
[OK  ] 2025-09-27 expanded data present (prism_ppt_us_30s_20250927.tif)
[OK  ] 2025-09-26 metadata matches remote
[OK  ] 2025-09-26 expanded data present (prism_ppt_us_30s_20250926.tif)
[OK  ] 2025-09-25 metadata matches remote
[OK  ] 2025-09-25 expanded data present (prism_ppt_us_30s_20250925.tif)
[OK  ] 2025-09-24 metadata matches remote
[OK  ] 2025-09-24 expanded data present (prism_ppt_us_30s_20250924.tif)
[OK  ] 2025-09-23 metadata matches remote
[OK  ] 2025-09-23 expanded data present (prism_ppt_us_30s_20250923.tif)
[OK  ] 2025-09-22 metadata matches remote
[OK  ] 2025-09-22 expanded data present (prism_ppt_us_30s_20250922.tif)
[OK  ] 2025-09-21 metadata matches remote
[OK  ] 2025-09-21 expanded data present (prism_ppt_us_30s_20250921.tif)
[OK  ] 2025-09-20 metadata matches remote
[OK  ] 2025-09-20 expanded data present (prism_ppt_us_30s_20250920.tif)
[INFO] cleanup_old=False — skipping file deletion.
2025-10-20 08:20:17,729 | INFO | Running predict_daily_triple.py
2025-10-20 08:26:01,200 | INFO | Running download_prism_daily.py
2025-10-20 08:26:14,613 | INFO | /Users/wonjunchoi/PycharmProjects/realtime-buncombe/venv/lib/python3.9/site-packages/urllib3/__init__.py:35: NotOpenSSLWarning: urllib3 v2 only supports OpenSSL 1.1.1+, currently the 'ssl' module is compiled with 'LibreSSL 2.8.3'. See: https://github.com/urllib3/urllib3/issues/3020
  warnings.warn(
[OK  ] 2025-10-19 metadata matches remote
[OK  ] 2025-10-19 expanded data present (prism_ppt_us_30s_20251019.tif)
[OK  ] 2025-10-18 metadata matches remote
[OK  ] 2025-10-18 expanded data present (prism_ppt_us_30s_20251018.tif)
[OK  ] 2025-10-17 metadata matches remote
[OK  ] 2025-10-17 expanded data present (prism_ppt_us_30s_20251017.tif)
[OK  ] 2025-10-16 metadata matches remote
[OK  ] 2025-10-16 expanded data present (prism_ppt_us_30s_20251016.tif)
[OK  ] 2025-10-15 metadata matches remote
[OK  ] 2025-10-15 expanded data present (prism_ppt_us_30s_20251015.tif)
[OK  ] 2025-10-14 metadata matches remote
[OK  ] 2025-10-14 expanded data present (prism_ppt_us_30s_20251014.tif)
[OK  ] 2025-10-13 metadata matches remote
[OK  ] 2025-10-13 expanded data present (prism_ppt_us_30s_20251013.tif)
[OK  ] 2025-10-12 metadata matches remote
[OK  ] 2025-10-12 expanded data present (prism_ppt_us_30s_20251012.tif)
[OK  ] 2025-10-11 metadata matches remote
[OK  ] 2025-10-11 expanded data present (prism_ppt_us_30s_20251011.tif)
[OK  ] 2025-10-10 metadata matches remote
[OK  ] 2025-10-10 expanded data present (prism_ppt_us_30s_20251010.tif)
[OK  ] 2025-10-09 metadata matches remote
[OK  ] 2025-10-09 expanded data present (prism_ppt_us_30s_20251009.tif)
[OK  ] 2025-10-08 metadata matches remote
[OK  ] 2025-10-08 expanded data present (prism_ppt_us_30s_20251008.tif)
[OK  ] 2025-10-07 metadata matches remote
[OK  ] 2025-10-07 expanded data present (prism_ppt_us_30s_20251007.tif)
[OK  ] 2025-10-06 metadata matches remote
[OK  ] 2025-10-06 expanded data present (prism_ppt_us_30s_20251006.tif)
[OK  ] 2025-10-05 metadata matches remote
[OK  ] 2025-10-05 expanded data present (prism_ppt_us_30s_20251005.tif)
[OK  ] 2025-10-04 metadata matches remote
[OK  ] 2025-10-04 expanded data present (prism_ppt_us_30s_20251004.tif)
[OK  ] 2025-10-03 metadata matches remote
[OK  ] 2025-10-03 expanded data present (prism_ppt_us_30s_20251003.tif)
[OK  ] 2025-10-02 metadata matches remote
[OK  ] 2025-10-02 expanded data present (prism_ppt_us_30s_20251002.tif)
[OK  ] 2025-10-01 metadata matches remote
[OK  ] 2025-10-01 expanded data present (prism_ppt_us_30s_20251001.tif)
[OK  ] 2025-09-30 metadata matches remote
[OK  ] 2025-09-30 expanded data present (prism_ppt_us_30s_20250930.tif)
[OK  ] 2025-09-29 metadata matches remote
[OK  ] 2025-09-29 expanded data present (prism_ppt_us_30s_20250929.tif)
[OK  ] 2025-09-28 metadata matches remote
[OK  ] 2025-09-28 expanded data present (prism_ppt_us_30s_20250928.tif)
[OK  ] 2025-09-27 metadata matches remote
[OK  ] 2025-09-27 expanded data present (prism_ppt_us_30s_20250927.tif)
[OK  ] 2025-09-26 metadata matches remote
[OK  ] 2025-09-26 expanded data present (prism_ppt_us_30s_20250926.tif)
[OK  ] 2025-09-25 metadata matches remote
[OK  ] 2025-09-25 expanded data present (prism_ppt_us_30s_20250925.tif)
[OK  ] 2025-09-24 metadata matches remote
[OK  ] 2025-09-24 expanded data present (prism_ppt_us_30s_20250924.tif)
[OK  ] 2025-09-23 metadata matches remote
[OK  ] 2025-09-23 expanded data present (prism_ppt_us_30s_20250923.tif)
[OK  ] 2025-09-22 metadata matches remote
[OK  ] 2025-09-22 expanded data present (prism_ppt_us_30s_20250922.tif)
[OK  ] 2025-09-21 metadata matches remote
[OK  ] 2025-09-21 expanded data present (prism_ppt_us_30s_20250921.tif)
[OK  ] 2025-09-20 metadata matches remote
[OK  ] 2025-09-20 expanded data present (prism_ppt_us_30s_20250920.tif)
[INFO] cleanup_old=False — skipping file deletion.
2025-10-20 08:26:14,613 | INFO | Running predict_daily_triple.py
2025-10-20 08:28:01,104 | INFO | Running download_prism_daily.py
2025-10-20 08:28:01,523 | INFO | /Users/wonjunchoi/PycharmProjects/realtime-buncombe/venv/lib/python3.9/site-packages/urllib3/__init__.py:35: NotOpenSSLWarning: urllib3 v2 only supports OpenSSL 1.1.1+, currently the 'ssl' module is compiled with 'LibreSSL 2.8.3'. See: https://github.com/urllib3/urllib3/issues/3020
  warnings.warn(
[ERR ] 2025-10-19 HTTPSConnectionPool(host='data.prism.oregonstate.edu', port=443): Max retries exceeded with url: /time_series/us/an/800m/ppt/daily/2025/prism_ppt_us_30s_20251019.zip (Caused by NameResolutionError("<urllib3.connection.HTTPSConnection object at 0x101a670a0>: Failed to resolve 'data.prism.oregonstate.edu' ([Errno 8] nodename nor servname provided, or not known)"))
[ERR ] 2025-10-18 HTTPSConnectionPool(host='data.prism.oregonstate.edu', port=443): Max retries exceeded with url: /time_series/us/an/800m/ppt/daily/2025/prism_ppt_us_30s_20251018.zip (Caused by NameResolutionError("<urllib3.connection.HTTPSConnection object at 0x101a67d90>: Failed to resolve 'data.prism.oregonstate.edu' ([Errno 8] nodename nor servname provided, or not known)"))
[ERR ] 2025-10-17 HTTPSConnectionPool(host='data.prism.oregonstate.edu', port=443): Max retries exceeded with url: /time_series/us/an/800m/ppt/daily/2025/prism_ppt_us_30s_20251017.zip (Caused by NameResolutionError("<urllib3.connection.HTTPSConnection object at 0x101a676d0>: Failed to resolve 'data.prism.oregonstate.edu' ([Errno 8] nodename nor servname provided, or not known)"))
[ERR ] 2025-10-16 HTTPSConnectionPool(host='data.prism.oregonstate.edu', port=443): Max retries exceeded with url: /time_series/us/an/800m/ppt/daily/2025/prism_ppt_us_30s_20251016.zip (Caused by NameResolutionError("<urllib3.connection.HTTPSConnection object at 0x101a55190>: Failed to resolve 'data.prism.oregonstate.edu' ([Errno 8] nodename nor servname provided, or not known)"))
[ERR ] 2025-10-15 HTTPSConnectionPool(host='data.prism.oregonstate.edu', port=443): Max retries exceeded with url: /time_series/us/an/800m/ppt/daily/2025/prism_ppt_us_30s_20251015.zip (Caused by NameResolutionError("<urllib3.connection.HTTPSConnection object at 0x101a6e670>: Failed to resolve 'data.prism.oregonstate.edu' ([Errno 8] nodename nor servname provided, or not known)"))
[ERR ] 2025-10-14 HTTPSConnectionPool(host='data.prism.oregonstate.edu', port=443): Max retries exceeded with url: /time_series/us/an/800m/ppt/daily/2025/prism_ppt_us_30s_20251014.zip (Caused by NameResolutionError("<urllib3.connection.HTTPSConnection object at 0x101a7a490>: Failed to resolve 'data.prism.oregonstate.edu' ([Errno 8] nodename nor servname provided, or not known)"))
[ERR ] 2025-10-13 HTTPSConnectionPool(host='data.prism.oregonstate.edu', port=443): Max retries exceeded with url: /time_series/us/an/800m/ppt/daily/2025/prism_ppt_us_30s_20251013.zip (Caused by NameResolutionError("<urllib3.connection.HTTPSConnection object at 0x101a7aaf0>: Failed to resolve 'data.prism.oregonstate.edu' ([Errno 8] nodename nor servname provided, or not known)"))
[ERR ] 2025-10-12 HTTPSConnectionPool(host='data.prism.oregonstate.edu', port=443): Max retries exceeded with url: /time_series/us/an/800m/ppt/daily/2025/prism_ppt_us_30s_20251012.zip (Caused by NameResolutionError("<urllib3.connection.HTTPSConnection object at 0x101a7a790>: Failed to resolve 'data.prism.oregonstate.edu' ([Errno 8] nodename nor servname provided, or not known)"))
[ERR ] 2025-10-11 HTTPSConnectionPool(host='data.prism.oregonstate.edu', port=443): Max retries exceeded with url: /time_series/us/an/800m/ppt/daily/2025/prism_ppt_us_30s_20251011.zip (Caused by NameResolutionError("<urllib3.connection.HTTPSConnection object at 0x101a55430>: Failed to resolve 'data.prism.oregonstate.edu' ([Errno 8] nodename nor servname provided, or not known)"))
[ERR ] 2025-10-10 HTTPSConnectionPool(host='data.prism.oregonstate.edu', port=443): Max retries exceeded with url: /time_series/us/an/800m/ppt/daily/2025/prism_ppt_us_30s_20251010.zip (Caused by NameResolutionError("<urllib3.connection.HTTPSConnection object at 0x101a6e970>: Failed to resolve 'data.prism.oregonstate.edu' ([Errno 8] nodename nor servname provided, or not known)"))
[ERR ] 2025-10-09 HTTPSConnectionPool(host='data.prism.oregonstate.edu', port=443): Max retries exceeded with url: /time_series/us/an/800m/ppt/daily/2025/prism_ppt_us_30s_20251009.zip (Caused by NameResolutionError("<urllib3.connection.HTTPSConnection object at 0x1019e12e0>: Failed to resolve 'data.prism.oregonstate.edu' ([Errno 8] nodename nor servname provided, or not known)"))
[ERR ] 2025-10-08 HTTPSConnectionPool(host='data.prism.oregonstate.edu', port=443): Max retries exceeded with url: /time_series/us/an/800m/ppt/daily/2025/prism_ppt_us_30s_20251008.zip (Caused by NameResolutionError("<urllib3.connection.HTTPSConnection object at 0x101a676d0>: Failed to resolve 'data.prism.oregonstate.edu' ([Errno 8] nodename nor servname provided, or not known)"))
[ERR ] 2025-10-07 HTTPSConnectionPool(host='data.prism.oregonstate.edu', port=443): Max retries exceeded with url: /time_series/us/an/800m/ppt/daily/2025/prism_ppt_us_30s_20251007.zip (Caused by NameResolutionError("<urllib3.connection.HTTPSConnection object at 0x101ae74f0>: Failed to resolve 'data.prism.oregonstate.edu' ([Errno 8] nodename nor servname provided, or not known)"))
[ERR ] 2025-10-06 HTTPSConnectionPool(host='data.prism.oregonstate.edu', port=443): Max retries exceeded with url: /time_series/us/an/800m/ppt/daily/2025/prism_ppt_us_30s_20251006.zip (Caused by NameResolutionError("<urllib3.connection.HTTPSConnection object at 0x101a67220>: Failed to resolve 'data.prism.oregonstate.edu' ([Errno 8] nodename nor servname provided, or not known)"))
[ERR ] 2025-10-05 HTTPSConnectionPool(host='data.prism.oregonstate.edu', port=443): Max retries exceeded with url: /time_series/us/an/800m/ppt/daily/2025/prism_ppt_us_30s_20251005.zip (Caused by NameResolutionError("<urllib3.connection.HTTPSConnection object at 0x101a6e7f0>: Failed to resolve 'data.prism.oregonstate.edu' ([Errno 8] nodename nor servname provided, or not known)"))
[ERR ] 2025-10-04 HTTPSConnectionPool(host='data.prism.oregonstate.edu', port=443): Max retries exceeded with url: /time_series/us/an/800m/ppt/daily/2025/prism_ppt_us_30s_20251004.zip (Caused by NameResolutionError("<urllib3.connection.HTTPSConnection object at 0x101a553d0>: Failed to resolve 'data.prism.oregonstate.edu' ([Errno 8] nodename nor servname provided, or not known)"))
[ERR ] 2025-10-03 HTTPSConnectionPool(host='data.prism.oregonstate.edu', port=443): Max retries exceeded with url: /time_series/us/an/800m/ppt/daily/2025/prism_ppt_us_30s_20251003.zip (Caused by NameResolutionError("<urllib3.connection.HTTPSConnection object at 0x101a7a2b0>: Failed to resolve 'data.prism.oregonstate.edu' ([Errno 8] nodename nor servname provided, or not known)"))
[ERR ] 2025-10-02 HTTPSConnectionPool(host='data.prism.oregonstate.edu', port=443): Max retries exceeded with url: /time_series/us/an/800m/ppt/daily/2025/prism_ppt_us_30s_20251002.zip (Caused by NameResolutionError("<urllib3.connection.HTTPSConnection object at 0x101a7a940>: Failed to resolve 'data.prism.oregonstate.edu' ([Errno 8] nodename nor servname provided, or not known)"))
[ERR ] 2025-10-01 HTTPSConnectionPool(host='data.prism.oregonstate.edu', port=443): Max retries exceeded with url: /time_series/us/an/800m/ppt/daily/2025/prism_ppt_us_30s_20251001.zip (Caused by NameResolutionError("<urllib3.connection.HTTPSConnection object at 0x101a7aa00>: Failed to resolve 'data.prism.oregonstate.edu' ([Errno 8] nodename nor servname provided, or not known)"))
[ERR ] 2025-09-30 HTTPSConnectionPool(host='data.prism.oregonstate.edu', port=443): Max retries exceeded with url: /time_series/us/an/800m/ppt/daily/2025/prism_ppt_us_30s_20250930.zip (Caused by NameResolutionError("<urllib3.connection.HTTPSConnection object at 0x101a7a370>: Failed to resolve 'data.prism.oregonstate.edu' ([Errno 8] nodename nor servname provided, or not known)"))
[ERR ] 2025-09-29 HTTPSConnectionPool(host='data.prism.oregonstate.edu', port=443): Max retries exceeded with url: /time_series/us/an/800m/ppt/daily/2025/prism_ppt_us_30s_20250929.zip (Caused by NameResolutionError("<urllib3.connection.HTTPSConnection object at 0x101a6e280>: Failed to resolve 'data.prism.oregonstate.edu' ([Errno 8] nodename nor servname provided, or not known)"))
[ERR ] 2025-09-28 HTTPSConnectionPool(host='data.prism.oregonstate.edu', port=443): Max retries exceeded with url: /time_series/us/an/800m/ppt/daily/2025/prism_ppt_us_30s_20250928.zip (Caused by NameResolutionError("<urllib3.connection.HTTPSConnection object at 0x101a6e3d0>: Failed to resolve 'data.prism.oregonstate.edu' ([Errno 8] nodename nor servname provided, or not known)"))
[ERR ] 2025-09-27 HTTPSConnectionPool(host='data.prism.oregonstate.edu', port=443): Max retries exceeded with url: /time_series/us/an/800m/ppt/daily/2025/prism_ppt_us_30s_20250927.zip (Caused by NameResolutionError("<urllib3.connection.HTTPSConnection object at 0x101a67940>: Failed to resolve 'data.prism.oregonstate.edu' ([Errno 8] nodename nor servname provided, or not known)"))
[ERR ] 2025-09-26 HTTPSConnectionPool(host='data.prism.oregonstate.edu', port=443): Max retries exceeded with url: /time_series/us/an/800m/ppt/daily/2025/prism_ppt_us_30s_20250926.zip (Caused by NameResolutionError("<urllib3.connection.HTTPSConnection object at 0x101ae7eb0>: Failed to resolve 'data.prism.oregonstate.edu' ([Errno 8] nodename nor servname provided, or not known)"))
[ERR ] 2025-09-25 HTTPSConnectionPool(host='data.prism.oregonstate.edu', port=443): Max retries exceeded with url: /time_series/us/an/800m/ppt/daily/2025/prism_ppt_us_30s_20250925.zip (Caused by NameResolutionError("<urllib3.connection.HTTPSConnection object at 0x101a67850>: Failed to resolve 'data.prism.oregonstate.edu' ([Errno 8] nodename nor servname provided, or not known)"))
[ERR ] 2025-09-24 HTTPSConnectionPool(host='data.prism.oregonstate.edu', port=443): Max retries exceeded with url: /time_series/us/an/800m/ppt/daily/2025/prism_ppt_us_30s_20250924.zip (Caused by NameResolutionError("<urllib3.connection.HTTPSConnection object at 0x101a6e190>: Failed to resolve 'data.prism.oregonstate.edu' ([Errno 8] nodename nor servname provided, or not known)"))
[ERR ] 2025-09-23 HTTPSConnectionPool(host='data.prism.oregonstate.edu', port=443): Max retries exceeded with url: /time_series/us/an/800m/ppt/daily/2025/prism_ppt_us_30s_20250923.zip (Caused by NameResolutionError("<urllib3.connection.HTTPSConnection object at 0x101a6ed30>: Failed to resolve 'data.prism.oregonstate.edu' ([Errno 8] nodename nor servname provided, or not known)"))
[ERR ] 2025-09-22 HTTPSConnectionPool(host='data.prism.oregonstate.edu', port=443): Max retries exceeded with url: /time_series/us/an/800m/ppt/daily/2025/prism_ppt_us_30s_20250922.zip (Caused by NameResolutionError("<urllib3.connection.HTTPSConnection object at 0x101ae7e50>: Failed to resolve 'data.prism.oregonstate.edu' ([Errno 8] nodename nor servname provided, or not known)"))
[ERR ] 2025-09-21 HTTPSConnectionPool(host='data.prism.oregonstate.edu', port=443): Max retries exceeded with url: /time_series/us/an/800m/ppt/daily/2025/prism_ppt_us_30s_20250921.zip (Caused by NameResolutionError("<urllib3.connection.HTTPSConnection object at 0x101a7a820>: Failed to resolve 'data.prism.oregonstate.edu' ([Errno 8] nodename nor servname provided, or not known)"))
[ERR ] 2025-09-20 HTTPSConnectionPool(host='data.prism.oregonstate.edu', port=443): Max retries exceeded with url: /time_series/us/an/800m/ppt/daily/2025/prism_ppt_us_30s_20250920.zip (Caused by NameResolutionError("<urllib3.connection.HTTPSConnection object at 0x101a7aaf0>: Failed to resolve 'data.prism.oregonstate.edu' ([Errno 8] nodename nor servname provided, or not known)"))
[INFO] cleanup_old=False — skipping file deletion.
2025-10-20 08:28:01,523 | INFO | Running predict_daily_triple.py
2025-10-20 08:50:47,130 | INFO | Rainfall window: 2025-09-20 → 2025-10-19 (30 files, 0 missing → zero-filled).
Sampling rainfall at 2,452 PRISM grid cells…
Sampling static attributes at grid centers…
Running models…
/Users/wonjunchoi/PycharmProjects/realtime-buncombe/venv/lib/python3.9/site-packages/sklearn/utils/validation.py:2732: UserWarning: X has feature names, but RandomForestClassifier was fitted without feature names
  warnings.warn(
ok: wrote 2,452 rows for 2025-10-19 (rainfall through 2025-10-19)
parquet: /Users/wonjunchoi/PycharmProjects/realtime-buncombe/predictions/historicData/2025/10/predictions_2025-10-19.parquet
geojson: /Users/wonjunchoi/PycharmProjects/realtime-buncombe/predictions/historicData/2025/10/map_2025-10-19.geojson
meta: /Users/wonjunchoi/PycharmProjects/realtime-buncombe/predictions/historicData/2025/10/meta_2025-10-19.json
latest: /Users/wonjunchoi/PycharmProjects/realtime-buncombe/predictions/latest.geojson, /Users/wonjunchoi/PycharmProjects/realtime-buncombe/predictions/latest.json
manifest: /Users/wonjunchoi/PycharmProjects/realtime-buncombe/predictions/index.json
2025-10-20 08:50:47,131 | INFO | Committing and pushing changes
2025-10-20 08:50:47,328 | INFO | git-lfs filter-process: git-lfs: command not found
fatal: the remote end hung up unexpectedly
Command failed (128): git add -A
2025-10-20 08:52:25,685 | INFO | Rainfall window: 2025-09-20 → 2025-10-19 (30 files, 0 missing → zero-filled).
Sampling rainfall at 2,452 PRISM grid cells…
Sampling static attributes at grid centers…
Running models…
/Users/wonjunchoi/PycharmProjects/realtime-buncombe/venv/lib/python3.9/site-packages/sklearn/utils/validation.py:2732: UserWarning: X has feature names, but RandomForestClassifier was fitted without feature names
  warnings.warn(
ok: wrote 2,452 rows for 2025-10-19 (rainfall through 2025-10-19)
parquet: /Users/wonjunchoi/PycharmProjects/realtime-buncombe/predictions/historicData/2025/10/predictions_2025-10-19.parquet
geojson: /Users/wonjunchoi/PycharmProjects/realtime-buncombe/predictions/historicData/2025/10/map_2025-10-19.geojson
meta: /Users/wonjunchoi/PycharmProjects/realtime-buncombe/predictions/historicData/2025/10/meta_2025-10-19.json
latest: /Users/wonjunchoi/PycharmProjects/realtime-buncombe/predictions/latest.geojson, /Users/wonjunchoi/PycharmProjects/realtime-buncombe/predictions/latest.json
manifest: /Users/wonjunchoi/PycharmProjects/realtime-buncombe/predictions/index.json
2025-10-20 08:52:25,688 | INFO | Committing and pushing changes
2025-10-20 08:52:25,817 | INFO | git-lfs filter-process: git-lfs: command not found
fatal: the remote end hung up unexpectedly
Command failed (128): git add -A
2025-10-20 17:35:12,365 | INFO | Running download_prism_daily.py
2025-10-20 17:35:13,053 | INFO | /Users/wonjunchoi/PycharmProjects/realtime-buncombe/venv/lib/python3.9/site-packages/urllib3/__init__.py:35: NotOpenSSLWarning: urllib3 v2 only supports OpenSSL 1.1.1+, currently the 'ssl' module is compiled with 'LibreSSL 2.8.3'. See: https://github.com/urllib3/urllib3/issues/3020
  warnings.warn(
[ERR ] 2025-10-19 HTTPSConnectionPool(host='data.prism.oregonstate.edu', port=443): Max retries exceeded with url: /time_series/us/an/800m/ppt/daily/2025/prism_ppt_us_30s_20251019.zip (Caused by NameResolutionError("<urllib3.connection.HTTPSConnection object at 0x103b5b220>: Failed to resolve 'data.prism.oregonstate.edu' ([Errno 8] nodename nor servname provided, or not known)"))
[ERR ] 2025-10-18 HTTPSConnectionPool(host='data.prism.oregonstate.edu', port=443): Max retries exceeded with url: /time_series/us/an/800m/ppt/daily/2025/prism_ppt_us_30s_20251018.zip (Caused by NameResolutionError("<urllib3.connection.HTTPSConnection object at 0x103b5bc40>: Failed to resolve 'data.prism.oregonstate.edu' ([Errno 8] nodename nor servname provided, or not known)"))
[ERR ] 2025-10-17 HTTPSConnectionPool(host='data.prism.oregonstate.edu', port=443): Max retries exceeded with url: /time_series/us/an/800m/ppt/daily/2025/prism_ppt_us_30s_20251017.zip (Caused by NameResolutionError("<urllib3.connection.HTTPSConnection object at 0x103b32d30>: Failed to resolve 'data.prism.oregonstate.edu' ([Errno 8] nodename nor servname provided, or not known)"))
[ERR ] 2025-10-16 HTTPSConnectionPool(host='data.prism.oregonstate.edu', port=443): Max retries exceeded with url: /time_series/us/an/800m/ppt/daily/2025/prism_ppt_us_30s_20251016.zip (Caused by NameResolutionError("<urllib3.connection.HTTPSConnection object at 0x103b5b280>: Failed to resolve 'data.prism.oregonstate.edu' ([Errno 8] nodename nor servname provided, or not known)"))
[ERR ] 2025-10-15 HTTPSConnectionPool(host='data.prism.oregonstate.edu', port=443): Max retries exceeded with url: /time_series/us/an/800m/ppt/daily/2025/prism_ppt_us_30s_20251015.zip (Caused by NameResolutionError("<urllib3.connection.HTTPSConnection object at 0x103b66610>: Failed to resolve 'data.prism.oregonstate.edu' ([Errno 8] nodename nor servname provided, or not known)"))
[ERR ] 2025-10-14 HTTPSConnectionPool(host='data.prism.oregonstate.edu', port=443): Max retries exceeded with url: /time_series/us/an/800m/ppt/daily/2025/prism_ppt_us_30s_20251014.zip (Caused by NameResolutionError("<urllib3.connection.HTTPSConnection object at 0x103bcb040>: Failed to resolve 'data.prism.oregonstate.edu' ([Errno 8] nodename nor servname provided, or not known)"))
[ERR ] 2025-10-13 HTTPSConnectionPool(host='data.prism.oregonstate.edu', port=443): Max retries exceeded with url: /time_series/us/an/800m/ppt/daily/2025/prism_ppt_us_30s_20251013.zip (Caused by NameResolutionError("<urllib3.connection.HTTPSConnection object at 0x103bcba00>: Failed to resolve 'data.prism.oregonstate.edu' ([Errno 8] nodename nor servname provided, or not known)"))
[ERR ] 2025-10-12 HTTPSConnectionPool(host='data.prism.oregonstate.edu', port=443): Max retries exceeded with url: /time_series/us/an/800m/ppt/daily/2025/prism_ppt_us_30s_20251012.zip (Caused by NameResolutionError("<urllib3.connection.HTTPSConnection object at 0x103b66cd0>: Failed to resolve 'data.prism.oregonstate.edu' ([Errno 8] nodename nor servname provided, or not known)"))
[ERR ] 2025-10-11 HTTPSConnectionPool(host='data.prism.oregonstate.edu', port=443): Max retries exceeded with url: /time_series/us/an/800m/ppt/daily/2025/prism_ppt_us_30s_20251011.zip (Caused by NameResolutionError("<urllib3.connection.HTTPSConnection object at 0x103b66130>: Failed to resolve 'data.prism.oregonstate.edu' ([Errno 8] nodename nor servname provided, or not known)"))
[ERR ] 2025-10-10 HTTPSConnectionPool(host='data.prism.oregonstate.edu', port=443): Max retries exceeded with url: /time_series/us/an/800m/ppt/daily/2025/prism_ppt_us_30s_20251010.zip (Caused by NameResolutionError("<urllib3.connection.HTTPSConnection object at 0x103b5b9a0>: Failed to resolve 'data.prism.oregonstate.edu' ([Errno 8] nodename nor servname provided, or not known)"))
[ERR ] 2025-10-09 HTTPSConnectionPool(host='data.prism.oregonstate.edu', port=443): Max retries exceeded with url: /time_series/us/an/800m/ppt/daily/2025/prism_ppt_us_30s_20251009.zip (Caused by NameResolutionError("<urllib3.connection.HTTPSConnection object at 0x103b53250>: Failed to resolve 'data.prism.oregonstate.edu' ([Errno 8] nodename nor servname provided, or not known)"))
[ERR ] 2025-10-08 HTTPSConnectionPool(host='data.prism.oregonstate.edu', port=443): Max retries exceeded with url: /time_series/us/an/800m/ppt/daily/2025/prism_ppt_us_30s_20251008.zip (Caused by NameResolutionError("<urllib3.connection.HTTPSConnection object at 0x103bcb700>: Failed to resolve 'data.prism.oregonstate.edu' ([Errno 8] nodename nor servname provided, or not known)"))
[ERR ] 2025-10-07 HTTPSConnectionPool(host='data.prism.oregonstate.edu', port=443): Max retries exceeded with url: /time_series/us/an/800m/ppt/daily/2025/prism_ppt_us_30s_20251007.zip (Caused by NameResolutionError("<urllib3.connection.HTTPSConnection object at 0x103bd4400>: Failed to resolve 'data.prism.oregonstate.edu' ([Errno 8] nodename nor servname provided, or not known)"))
[ERR ] 2025-10-06 HTTPSConnectionPool(host='data.prism.oregonstate.edu', port=443): Max retries exceeded with url: /time_series/us/an/800m/ppt/daily/2025/prism_ppt_us_30s_20251006.zip (Caused by NameResolutionError("<urllib3.connection.HTTPSConnection object at 0x103b5bd30>: Failed to resolve 'data.prism.oregonstate.edu' ([Errno 8] nodename nor servname provided, or not known)"))
[ERR ] 2025-10-05 HTTPSConnectionPool(host='data.prism.oregonstate.edu', port=443): Max retries exceeded with url: /time_series/us/an/800m/ppt/daily/2025/prism_ppt_us_30s_20251005.zip (Caused by NameResolutionError("<urllib3.connection.HTTPSConnection object at 0x103b5b8b0>: Failed to resolve 'data.prism.oregonstate.edu' ([Errno 8] nodename nor servname provided, or not known)"))
[ERR ] 2025-10-04 HTTPSConnectionPool(host='data.prism.oregonstate.edu', port=443): Max retries exceeded with url: /time_series/us/an/800m/ppt/daily/2025/prism_ppt_us_30s_20251004.zip (Caused by NameResolutionError("<urllib3.connection.HTTPSConnection object at 0x103bcb580>: Failed to resolve 'data.prism.oregonstate.edu' ([Errno 8] nodename nor servname provided, or not known)"))
[ERR ] 2025-10-03 HTTPSConnectionPool(host='data.prism.oregonstate.edu', port=443): Max retries exceeded with url: /time_series/us/an/800m/ppt/daily/2025/prism_ppt_us_30s_20251003.zip (Caused by NameResolutionError("<urllib3.connection.HTTPSConnection object at 0x103b66520>: Failed to resolve 'data.prism.oregonstate.edu' ([Errno 8] nodename nor servname provided, or not known)"))
[ERR ] 2025-10-02 HTTPSConnectionPool(host='data.prism.oregonstate.edu', port=443): Max retries exceeded with url: /time_series/us/an/800m/ppt/daily/2025/prism_ppt_us_30s_20251002.zip (Caused by NameResolutionError("<urllib3.connection.HTTPSConnection object at 0x103b66eb0>: Failed to resolve 'data.prism.oregonstate.edu' ([Errno 8] nodename nor servname provided, or not known)"))
[ERR ] 2025-10-01 HTTPSConnectionPool(host='data.prism.oregonstate.edu', port=443): Max retries exceeded with url: /time_series/us/an/800m/ppt/daily/2025/prism_ppt_us_30s_20251001.zip (Caused by NameResolutionError("<urllib3.connection.HTTPSConnection object at 0x103b66f10>: Failed to resolve 'data.prism.oregonstate.edu' ([Errno 8] nodename nor servname provided, or not known)"))
[ERR ] 2025-09-30 HTTPSConnectionPool(host='data.prism.oregonstate.edu', port=443): Max retries exceeded with url: /time_series/us/an/800m/ppt/daily/2025/prism_ppt_us_30s_20250930.zip (Caused by NameResolutionError("<urllib3.connection.HTTPSConnection object at 0x103b661f0>: Failed to resolve 'data.prism.oregonstate.edu' ([Errno 8] nodename nor servname provided, or not known)"))
[ERR ] 2025-09-29 HTTPSConnectionPool(host='data.prism.oregonstate.edu', port=443): Max retries exceeded with url: /time_series/us/an/800m/ppt/daily/2025/prism_ppt_us_30s_20250929.zip (Caused by NameResolutionError("<urllib3.connection.HTTPSConnection object at 0x103bcbac0>: Failed to resolve 'data.prism.oregonstate.edu' ([Errno 8] nodename nor servname provided, or not known)"))
[ERR ] 2025-09-28 HTTPSConnectionPool(host='data.prism.oregonstate.edu', port=443): Max retries exceeded with url: /time_series/us/an/800m/ppt/daily/2025/prism_ppt_us_30s_20250928.zip (Caused by NameResolutionError("<urllib3.connection.HTTPSConnection object at 0x103b5b3d0>: Failed to resolve 'data.prism.oregonstate.edu' ([Errno 8] nodename nor servname provided, or not known)"))
[ERR ] 2025-09-27 HTTPSConnectionPool(host='data.prism.oregonstate.edu', port=443): Max retries exceeded with url: /time_series/us/an/800m/ppt/daily/2025/prism_ppt_us_30s_20250927.zip (Caused by NameResolutionError("<urllib3.connection.HTTPSConnection object at 0x103b32ca0>: Failed to resolve 'data.prism.oregonstate.edu' ([Errno 8] nodename nor servname provided, or not known)"))
[ERR ] 2025-09-26 HTTPSConnectionPool(host='data.prism.oregonstate.edu', port=443): Max retries exceeded with url: /time_series/us/an/800m/ppt/daily/2025/prism_ppt_us_30s_20250926.zip (Caused by NameResolutionError("<urllib3.connection.HTTPSConnection object at 0x103bd4dc0>: Failed to resolve 'data.prism.oregonstate.edu' ([Errno 8] nodename nor servname provided, or not known)"))
[ERR ] 2025-09-25 HTTPSConnectionPool(host='data.prism.oregonstate.edu', port=443): Max retries exceeded with url: /time_series/us/an/800m/ppt/daily/2025/prism_ppt_us_30s_20250925.zip (Caused by NameResolutionError("<urllib3.connection.HTTPSConnection object at 0x103b32be0>: Failed to resolve 'data.prism.oregonstate.edu' ([Errno 8] nodename nor servname provided, or not known)"))
[ERR ] 2025-09-24 HTTPSConnectionPool(host='data.prism.oregonstate.edu', port=443): Max retries exceeded with url: /time_series/us/an/800m/ppt/daily/2025/prism_ppt_us_30s_20250924.zip (Caused by NameResolutionError("<urllib3.connection.HTTPSConnection object at 0x103b5b820>: Failed to resolve 'data.prism.oregonstate.edu' ([Errno 8] nodename nor servname provided, or not known)"))
[ERR ] 2025-09-23 HTTPSConnectionPool(host='data.prism.oregonstate.edu', port=443): Max retries exceeded with url: /time_series/us/an/800m/ppt/daily/2025/prism_ppt_us_30s_20250923.zip (Caused by NameResolutionError("<urllib3.connection.HTTPSConnection object at 0x103bcb8b0>: Failed to resolve 'data.prism.oregonstate.edu' ([Errno 8] nodename nor servname provided, or not known)"))
[ERR ] 2025-09-22 HTTPSConnectionPool(host='data.prism.oregonstate.edu', port=443): Max retries exceeded with url: /time_series/us/an/800m/ppt/daily/2025/prism_ppt_us_30s_20250922.zip (Caused by NameResolutionError("<urllib3.connection.HTTPSConnection object at 0x103bd4ca0>: Failed to resolve 'data.prism.oregonstate.edu' ([Errno 8] nodename nor servname provided, or not known)"))
[ERR ] 2025-09-21 HTTPSConnectionPool(host='data.prism.oregonstate.edu', port=443): Max retries exceeded with url: /time_series/us/an/800m/ppt/daily/2025/prism_ppt_us_30s_20250921.zip (Caused by NameResolutionError("<urllib3.connection.HTTPSConnection object at 0x103b66700>: Failed to resolve 'data.prism.oregonstate.edu' ([Errno 8] nodename nor servname provided, or not known)"))
[ERR ] 2025-09-20 HTTPSConnectionPool(host='data.prism.oregonstate.edu', port=443): Max retries exceeded with url: /time_series/us/an/800m/ppt/daily/2025/prism_ppt_us_30s_20250920.zip (Caused by NameResolutionError("<urllib3.connection.HTTPSConnection object at 0x103b66bb0>: Failed to resolve 'data.prism.oregonstate.edu' ([Errno 8] nodename nor servname provided, or not known)"))
[INFO] cleanup_old=False — skipping file deletion.
2025-10-20 17:35:13,053 | INFO | Running predict_daily_triple.py
2025-10-20 18:06:06,466 | INFO | Running download_prism_daily.py
2025-10-20 18:06:07,336 | INFO | /Users/wonjunchoi/PycharmProjects/realtime-buncombe/venv/lib/python3.9/site-packages/urllib3/__init__.py:35: NotOpenSSLWarning: urllib3 v2 only supports OpenSSL 1.1.1+, currently the 'ssl' module is compiled with 'LibreSSL 2.8.3'. See: https://github.com/urllib3/urllib3/issues/3020
  warnings.warn(
[ERR ] 2025-10-19 HTTPSConnectionPool(host='data.prism.oregonstate.edu', port=443): Max retries exceeded with url: /time_series/us/an/800m/ppt/daily/2025/prism_ppt_us_30s_20251019.zip (Caused by NameResolutionError("<urllib3.connection.HTTPSConnection object at 0x103a2a220>: Failed to resolve 'data.prism.oregonstate.edu' ([Errno 8] nodename nor servname provided, or not known)"))
[ERR ] 2025-10-18 HTTPSConnectionPool(host='data.prism.oregonstate.edu', port=443): Max retries exceeded with url: /time_series/us/an/800m/ppt/daily/2025/prism_ppt_us_30s_20251018.zip (Caused by NameResolutionError("<urllib3.connection.HTTPSConnection object at 0x103a2ac40>: Failed to resolve 'data.prism.oregonstate.edu' ([Errno 8] nodename nor servname provided, or not known)"))
[ERR ] 2025-10-17 HTTPSConnectionPool(host='data.prism.oregonstate.edu', port=443): Max retries exceeded with url: /time_series/us/an/800m/ppt/daily/2025/prism_ppt_us_30s_20251017.zip (Caused by NameResolutionError("<urllib3.connection.HTTPSConnection object at 0x103a02d30>: Failed to resolve 'data.prism.oregonstate.edu' ([Errno 8] nodename nor servname provided, or not known)"))
[ERR ] 2025-10-16 HTTPSConnectionPool(host='data.prism.oregonstate.edu', port=443): Max retries exceeded with url: /time_series/us/an/800m/ppt/daily/2025/prism_ppt_us_30s_20251016.zip (Caused by NameResolutionError("<urllib3.connection.HTTPSConnection object at 0x103a2a280>: Failed to resolve 'data.prism.oregonstate.edu' ([Errno 8] nodename nor servname provided, or not known)"))
[ERR ] 2025-10-15 HTTPSConnectionPool(host='data.prism.oregonstate.edu', port=443): Max retries exceeded with url: /time_series/us/an/800m/ppt/daily/2025/prism_ppt_us_30s_20251015.zip (Caused by NameResolutionError("<urllib3.connection.HTTPSConnection object at 0x103a36610>: Failed to resolve 'data.prism.oregonstate.edu' ([Errno 8] nodename nor servname provided, or not known)"))
[ERR ] 2025-10-14 HTTPSConnectionPool(host='data.prism.oregonstate.edu', port=443): Max retries exceeded with url: /time_series/us/an/800m/ppt/daily/2025/prism_ppt_us_30s_20251014.zip (Caused by NameResolutionError("<urllib3.connection.HTTPSConnection object at 0x103a9a040>: Failed to resolve 'data.prism.oregonstate.edu' ([Errno 8] nodename nor servname provided, or not known)"))
[ERR ] 2025-10-13 HTTPSConnectionPool(host='data.prism.oregonstate.edu', port=443): Max retries exceeded with url: /time_series/us/an/800m/ppt/daily/2025/prism_ppt_us_30s_20251013.zip (Caused by NameResolutionError("<urllib3.connection.HTTPSConnection object at 0x103a9aa00>: Failed to resolve 'data.prism.oregonstate.edu' ([Errno 8] nodename nor servname provided, or not known)"))
[ERR ] 2025-10-12 HTTPSConnectionPool(host='data.prism.oregonstate.edu', port=443): Max retries exceeded with url: /time_series/us/an/800m/ppt/daily/2025/prism_ppt_us_30s_20251012.zip (Caused by NameResolutionError("<urllib3.connection.HTTPSConnection object at 0x103a36cd0>: Failed to resolve 'data.prism.oregonstate.edu' ([Errno 8] nodename nor servname provided, or not known)"))
[ERR ] 2025-10-11 HTTPSConnectionPool(host='data.prism.oregonstate.edu', port=443): Max retries exceeded with url: /time_series/us/an/800m/ppt/daily/2025/prism_ppt_us_30s_20251011.zip (Caused by NameResolutionError("<urllib3.connection.HTTPSConnection object at 0x103a36130>: Failed to resolve 'data.prism.oregonstate.edu' ([Errno 8] nodename nor servname provided, or not known)"))
[ERR ] 2025-10-10 HTTPSConnectionPool(host='data.prism.oregonstate.edu', port=443): Max retries exceeded with url: /time_series/us/an/800m/ppt/daily/2025/prism_ppt_us_30s_20251010.zip (Caused by NameResolutionError("<urllib3.connection.HTTPSConnection object at 0x103a2a9a0>: Failed to resolve 'data.prism.oregonstate.edu' ([Errno 8] nodename nor servname provided, or not known)"))
[ERR ] 2025-10-09 HTTPSConnectionPool(host='data.prism.oregonstate.edu', port=443): Max retries exceeded with url: /time_series/us/an/800m/ppt/daily/2025/prism_ppt_us_30s_20251009.zip (Caused by NameResolutionError("<urllib3.connection.HTTPSConnection object at 0x103a23250>: Failed to resolve 'data.prism.oregonstate.edu' ([Errno 8] nodename nor servname provided, or not known)"))
[ERR ] 2025-10-08 HTTPSConnectionPool(host='data.prism.oregonstate.edu', port=443): Max retries exceeded with url: /time_series/us/an/800m/ppt/daily/2025/prism_ppt_us_30s_20251008.zip (Caused by NameResolutionError("<urllib3.connection.HTTPSConnection object at 0x103a9a700>: Failed to resolve 'data.prism.oregonstate.edu' ([Errno 8] nodename nor servname provided, or not known)"))
[ERR ] 2025-10-07 HTTPSConnectionPool(host='data.prism.oregonstate.edu', port=443): Max retries exceeded with url: /time_series/us/an/800m/ppt/daily/2025/prism_ppt_us_30s_20251007.zip (Caused by NameResolutionError("<urllib3.connection.HTTPSConnection object at 0x103aa3400>: Failed to resolve 'data.prism.oregonstate.edu' ([Errno 8] nodename nor servname provided, or not known)"))
[ERR ] 2025-10-06 HTTPSConnectionPool(host='data.prism.oregonstate.edu', port=443): Max retries exceeded with url: /time_series/us/an/800m/ppt/daily/2025/prism_ppt_us_30s_20251006.zip (Caused by NameResolutionError("<urllib3.connection.HTTPSConnection object at 0x103a2ad30>: Failed to resolve 'data.prism.oregonstate.edu' ([Errno 8] nodename nor servname provided, or not known)"))
[ERR ] 2025-10-05 HTTPSConnectionPool(host='data.prism.oregonstate.edu', port=443): Max retries exceeded with url: /time_series/us/an/800m/ppt/daily/2025/prism_ppt_us_30s_20251005.zip (Caused by NameResolutionError("<urllib3.connection.HTTPSConnection object at 0x103a2a8b0>: Failed to resolve 'data.prism.oregonstate.edu' ([Errno 8] nodename nor servname provided, or not known)"))
[ERR ] 2025-10-04 HTTPSConnectionPool(host='data.prism.oregonstate.edu', port=443): Max retries exceeded with url: /time_series/us/an/800m/ppt/daily/2025/prism_ppt_us_30s_20251004.zip (Caused by NameResolutionError("<urllib3.connection.HTTPSConnection object at 0x103a9a580>: Failed to resolve 'data.prism.oregonstate.edu' ([Errno 8] nodename nor servname provided, or not known)"))
[ERR ] 2025-10-03 HTTPSConnectionPool(host='data.prism.oregonstate.edu', port=443): Max retries exceeded with url: /time_series/us/an/800m/ppt/daily/2025/prism_ppt_us_30s_20251003.zip (Caused by NameResolutionError("<urllib3.connection.HTTPSConnection object at 0x103a36520>: Failed to resolve 'data.prism.oregonstate.edu' ([Errno 8] nodename nor servname provided, or not known)"))
[ERR ] 2025-10-02 HTTPSConnectionPool(host='data.prism.oregonstate.edu', port=443): Max retries exceeded with url: /time_series/us/an/800m/ppt/daily/2025/prism_ppt_us_30s_20251002.zip (Caused by NameResolutionError("<urllib3.connection.HTTPSConnection object at 0x103a36eb0>: Failed to resolve 'data.prism.oregonstate.edu' ([Errno 8] nodename nor servname provided, or not known)"))
[ERR ] 2025-10-01 HTTPSConnectionPool(host='data.prism.oregonstate.edu', port=443): Max retries exceeded with url: /time_series/us/an/800m/ppt/daily/2025/prism_ppt_us_30s_20251001.zip (Caused by NameResolutionError("<urllib3.connection.HTTPSConnection object at 0x103a36f10>: Failed to resolve 'data.prism.oregonstate.edu' ([Errno 8] nodename nor servname provided, or not known)"))
[ERR ] 2025-09-30 HTTPSConnectionPool(host='data.prism.oregonstate.edu', port=443): Max retries exceeded with url: /time_series/us/an/800m/ppt/daily/2025/prism_ppt_us_30s_20250930.zip (Caused by NameResolutionError("<urllib3.connection.HTTPSConnection object at 0x103a361f0>: Failed to resolve 'data.prism.oregonstate.edu' ([Errno 8] nodename nor servname provided, or not known)"))
[ERR ] 2025-09-29 HTTPSConnectionPool(host='data.prism.oregonstate.edu', port=443): Max retries exceeded with url: /time_series/us/an/800m/ppt/daily/2025/prism_ppt_us_30s_20250929.zip (Caused by NameResolutionError("<urllib3.connection.HTTPSConnection object at 0x103a9aac0>: Failed to resolve 'data.prism.oregonstate.edu' ([Errno 8] nodename nor servname provided, or not known)"))
[ERR ] 2025-09-28 HTTPSConnectionPool(host='data.prism.oregonstate.edu', port=443): Max retries exceeded with url: /time_series/us/an/800m/ppt/daily/2025/prism_ppt_us_30s_20250928.zip (Caused by NameResolutionError("<urllib3.connection.HTTPSConnection object at 0x103a2a3d0>: Failed to resolve 'data.prism.oregonstate.edu' ([Errno 8] nodename nor servname provided, or not known)"))
[ERR ] 2025-09-27 HTTPSConnectionPool(host='data.prism.oregonstate.edu', port=443): Max retries exceeded with url: /time_series/us/an/800m/ppt/daily/2025/prism_ppt_us_30s_20250927.zip (Caused by NameResolutionError("<urllib3.connection.HTTPSConnection object at 0x103a02ca0>: Failed to resolve 'data.prism.oregonstate.edu' ([Errno 8] nodename nor servname provided, or not known)"))
[ERR ] 2025-09-26 HTTPSConnectionPool(host='data.prism.oregonstate.edu', port=443): Max retries exceeded with url: /time_series/us/an/800m/ppt/daily/2025/prism_ppt_us_30s_20250926.zip (Caused by NameResolutionError("<urllib3.connection.HTTPSConnection object at 0x103aa3dc0>: Failed to resolve 'data.prism.oregonstate.edu' ([Errno 8] nodename nor servname provided, or not known)"))
[ERR ] 2025-09-25 HTTPSConnectionPool(host='data.prism.oregonstate.edu', port=443): Max retries exceeded with url: /time_series/us/an/800m/ppt/daily/2025/prism_ppt_us_30s_20250925.zip (Caused by NameResolutionError("<urllib3.connection.HTTPSConnection object at 0x103a02be0>: Failed to resolve 'data.prism.oregonstate.edu' ([Errno 8] nodename nor servname provided, or not known)"))
[ERR ] 2025-09-24 HTTPSConnectionPool(host='data.prism.oregonstate.edu', port=443): Max retries exceeded with url: /time_series/us/an/800m/ppt/daily/2025/prism_ppt_us_30s_20250924.zip (Caused by NameResolutionError("<urllib3.connection.HTTPSConnection object at 0x103a2a820>: Failed to resolve 'data.prism.oregonstate.edu' ([Errno 8] nodename nor servname provided, or not known)"))
[ERR ] 2025-09-23 HTTPSConnectionPool(host='data.prism.oregonstate.edu', port=443): Max retries exceeded with url: /time_series/us/an/800m/ppt/daily/2025/prism_ppt_us_30s_20250923.zip (Caused by NameResolutionError("<urllib3.connection.HTTPSConnection object at 0x103a9a8b0>: Failed to resolve 'data.prism.oregonstate.edu' ([Errno 8] nodename nor servname provided, or not known)"))
[ERR ] 2025-09-22 HTTPSConnectionPool(host='data.prism.oregonstate.edu', port=443): Max retries exceeded with url: /time_series/us/an/800m/ppt/daily/2025/prism_ppt_us_30s_20250922.zip (Caused by NameResolutionError("<urllib3.connection.HTTPSConnection object at 0x103aa3ca0>: Failed to resolve 'data.prism.oregonstate.edu' ([Errno 8] nodename nor servname provided, or not known)"))
[ERR ] 2025-09-21 HTTPSConnectionPool(host='data.prism.oregonstate.edu', port=443): Max retries exceeded with url: /time_series/us/an/800m/ppt/daily/2025/prism_ppt_us_30s_20250921.zip (Caused by NameResolutionError("<urllib3.connection.HTTPSConnection object at 0x103a36700>: Failed to resolve 'data.prism.oregonstate.edu' ([Errno 8] nodename nor servname provided, or not known)"))
[ERR ] 2025-09-20 HTTPSConnectionPool(host='data.prism.oregonstate.edu', port=443): Max retries exceeded with url: /time_series/us/an/800m/ppt/daily/2025/prism_ppt_us_30s_20250920.zip (Caused by NameResolutionError("<urllib3.connection.HTTPSConnection object at 0x103a36bb0>: Failed to resolve 'data.prism.oregonstate.edu' ([Errno 8] nodename nor servname provided, or not known)"))
[INFO] cleanup_old=False — skipping file deletion.
2025-10-20 18:06:07,336 | INFO | Running predict_daily_triple.py
2025-10-20 18:37:23,925 | INFO | Rainfall window: 2025-09-20 → 2025-10-19 (30 files, 0 missing → zero-filled).
Sampling rainfall at 2,452 PRISM grid cells…
Sampling static attributes at grid centers…
Running models…
/Users/wonjunchoi/PycharmProjects/realtime-buncombe/venv/lib/python3.9/site-packages/sklearn/utils/validation.py:2732: UserWarning: X has feature names, but RandomForestClassifier was fitted without feature names
  warnings.warn(
ok: wrote 2,452 rows for 2025-10-19 (rainfall through 2025-10-19)
parquet: /Users/wonjunchoi/PycharmProjects/realtime-buncombe/predictions/historicData/2025/10/predictions_2025-10-19.parquet
geojson: /Users/wonjunchoi/PycharmProjects/realtime-buncombe/predictions/historicData/2025/10/map_2025-10-19.geojson
meta: /Users/wonjunchoi/PycharmProjects/realtime-buncombe/predictions/historicData/2025/10/meta_2025-10-19.json
latest: /Users/wonjunchoi/PycharmProjects/realtime-buncombe/predictions/latest.geojson, /Users/wonjunchoi/PycharmProjects/realtime-buncombe/predictions/latest.json
manifest: /Users/wonjunchoi/PycharmProjects/realtime-buncombe/predictions/index.json
2025-10-20 18:37:23,928 | INFO | Committing and pushing changes
git-lfs filter-process: git-lfs: command not found
fatal: the remote end hung up unexpectedly
2025-10-20 18:37:24,120 | INFO | No changes to commit.
▶️ Running daily auto-update job...
2025-10-21 11:28:49,046 | INFO | Running download_prism_daily.py
2025-10-21 11:28:50,525 | INFO | /Users/wonjunchoi/PycharmProjects/realtime-buncombe/venv/lib/python3.9/site-packages/urllib3/__init__.py:35: NotOpenSSLWarning: urllib3 v2 only supports OpenSSL 1.1.1+, currently the 'ssl' module is compiled with 'LibreSSL 2.8.3'. See: https://github.com/urllib3/urllib3/issues/3020
  warnings.warn(
[ERR ] 2025-10-20 HTTPSConnectionPool(host='data.prism.oregonstate.edu', port=443): Max retries exceeded with url: /time_series/us/an/800m/ppt/daily/2025/prism_ppt_us_30s_20251020.zip (Caused by NameResolutionError("<urllib3.connection.HTTPSConnection object at 0x101a1e070>: Failed to resolve 'data.prism.oregonstate.edu' ([Errno 8] nodename nor servname provided, or not known)"))
[ERR ] 2025-10-19 HTTPSConnectionPool(host='data.prism.oregonstate.edu', port=443): Max retries exceeded with url: /time_series/us/an/800m/ppt/daily/2025/prism_ppt_us_30s_20251019.zip (Caused by NameResolutionError("<urllib3.connection.HTTPSConnection object at 0x101a1ec40>: Failed to resolve 'data.prism.oregonstate.edu' ([Errno 8] nodename nor servname provided, or not known)"))
[ERR ] 2025-10-18 HTTPSConnectionPool(host='data.prism.oregonstate.edu', port=443): Max retries exceeded with url: /time_series/us/an/800m/ppt/daily/2025/prism_ppt_us_30s_20251018.zip (Caused by NameResolutionError("<urllib3.connection.HTTPSConnection object at 0x1019f6d00>: Failed to resolve 'data.prism.oregonstate.edu' ([Errno 8] nodename nor servname provided, or not known)"))
[ERR ] 2025-10-17 HTTPSConnectionPool(host='data.prism.oregonstate.edu', port=443): Max retries exceeded with url: /time_series/us/an/800m/ppt/daily/2025/prism_ppt_us_30s_20251017.zip (Caused by NameResolutionError("<urllib3.connection.HTTPSConnection object at 0x101a1e670>: Failed to resolve 'data.prism.oregonstate.edu' ([Errno 8] nodename nor servname provided, or not known)"))
[ERR ] 2025-10-16 HTTPSConnectionPool(host='data.prism.oregonstate.edu', port=443): Max retries exceeded with url: /time_series/us/an/800m/ppt/daily/2025/prism_ppt_us_30s_20251016.zip (Caused by NameResolutionError("<urllib3.connection.HTTPSConnection object at 0x101a2a610>: Failed to resolve 'data.prism.oregonstate.edu' ([Errno 8] nodename nor servname provided, or not known)"))
[ERR ] 2025-10-15 HTTPSConnectionPool(host='data.prism.oregonstate.edu', port=443): Max retries exceeded with url: /time_series/us/an/800m/ppt/daily/2025/prism_ppt_us_30s_20251015.zip (Caused by NameResolutionError("<urllib3.connection.HTTPSConnection object at 0x101a2afd0>: Failed to resolve 'data.prism.oregonstate.edu' ([Errno 8] nodename nor servname provided, or not known)"))
[ERR ] 2025-10-14 HTTPSConnectionPool(host='data.prism.oregonstate.edu', port=443): Max retries exceeded with url: /time_series/us/an/800m/ppt/daily/2025/prism_ppt_us_30s_20251014.zip (Caused by NameResolutionError("<urllib3.connection.HTTPSConnection object at 0x101a8ea00>: Failed to resolve 'data.prism.oregonstate.edu' ([Errno 8] nodename nor servname provided, or not known)"))
[ERR ] 2025-10-13 HTTPSConnectionPool(host='data.prism.oregonstate.edu', port=443): Max retries exceeded with url: /time_series/us/an/800m/ppt/daily/2025/prism_ppt_us_30s_20251013.zip (Caused by NameResolutionError("<urllib3.connection.HTTPSConnection object at 0x101a2aca0>: Failed to resolve 'data.prism.oregonstate.edu' ([Errno 8] nodename nor servname provided, or not known)"))
[ERR ] 2025-10-12 HTTPSConnectionPool(host='data.prism.oregonstate.edu', port=443): Max retries exceeded with url: /time_series/us/an/800m/ppt/daily/2025/prism_ppt_us_30s_20251012.zip (Caused by NameResolutionError("<urllib3.connection.HTTPSConnection object at 0x101a2a3a0>: Failed to resolve 'data.prism.oregonstate.edu' ([Errno 8] nodename nor servname provided, or not known)"))
[ERR ] 2025-10-11 HTTPSConnectionPool(host='data.prism.oregonstate.edu', port=443): Max retries exceeded with url: /time_series/us/an/800m/ppt/daily/2025/prism_ppt_us_30s_20251011.zip (Caused by NameResolutionError("<urllib3.connection.HTTPSConnection object at 0x101a1e820>: Failed to resolve 'data.prism.oregonstate.edu' ([Errno 8] nodename nor servname provided, or not known)"))
[ERR ] 2025-10-10 HTTPSConnectionPool(host='data.prism.oregonstate.edu', port=443): Max retries exceeded with url: /time_series/us/an/800m/ppt/daily/2025/prism_ppt_us_30s_20251010.zip (Caused by NameResolutionError("<urllib3.connection.HTTPSConnection object at 0x101a17f40>: Failed to resolve 'data.prism.oregonstate.edu' ([Errno 8] nodename nor servname provided, or not known)"))
[ERR ] 2025-10-09 HTTPSConnectionPool(host='data.prism.oregonstate.edu', port=443): Max retries exceeded with url: /time_series/us/an/800m/ppt/daily/2025/prism_ppt_us_30s_20251009.zip (Caused by NameResolutionError("<urllib3.connection.HTTPSConnection object at 0x101a8e6a0>: Failed to resolve 'data.prism.oregonstate.edu' ([Errno 8] nodename nor servname provided, or not known)"))
[ERR ] 2025-10-08 HTTPSConnectionPool(host='data.prism.oregonstate.edu', port=443): Max retries exceeded with url: /time_series/us/an/800m/ppt/daily/2025/prism_ppt_us_30s_20251008.zip (Caused by NameResolutionError("<urllib3.connection.HTTPSConnection object at 0x101a97400>: Failed to resolve 'data.prism.oregonstate.edu' ([Errno 8] nodename nor servname provided, or not known)"))
[ERR ] 2025-10-07 HTTPSConnectionPool(host='data.prism.oregonstate.edu', port=443): Max retries exceeded with url: /time_series/us/an/800m/ppt/daily/2025/prism_ppt_us_30s_20251007.zip (Caused by NameResolutionError("<urllib3.connection.HTTPSConnection object at 0x101a1ec70>: Failed to resolve 'data.prism.oregonstate.edu' ([Errno 8] nodename nor servname provided, or not known)"))
[ERR ] 2025-10-06 HTTPSConnectionPool(host='data.prism.oregonstate.edu', port=443): Max retries exceeded with url: /time_series/us/an/800m/ppt/daily/2025/prism_ppt_us_30s_20251006.zip (Caused by NameResolutionError("<urllib3.connection.HTTPSConnection object at 0x101a1e340>: Failed to resolve 'data.prism.oregonstate.edu' ([Errno 8] nodename nor servname provided, or not known)"))
[ERR ] 2025-10-05 HTTPSConnectionPool(host='data.prism.oregonstate.edu', port=443): Max retries exceeded with url: /time_series/us/an/800m/ppt/daily/2025/prism_ppt_us_30s_20251005.zip (Caused by NameResolutionError("<urllib3.connection.HTTPSConnection object at 0x101a8e700>: Failed to resolve 'data.prism.oregonstate.edu' ([Errno 8] nodename nor servname provided, or not known)"))
[ERR ] 2025-10-04 HTTPSConnectionPool(host='data.prism.oregonstate.edu', port=443): Max retries exceeded with url: /time_series/us/an/800m/ppt/daily/2025/prism_ppt_us_30s_20251004.zip (Caused by NameResolutionError("<urllib3.connection.HTTPSConnection object at 0x101a2a2b0>: Failed to resolve 'data.prism.oregonstate.edu' ([Errno 8] nodename nor servname provided, or not known)"))
[ERR ] 2025-10-03 HTTPSConnectionPool(host='data.prism.oregonstate.edu', port=443): Max retries exceeded with url: /time_series/us/an/800m/ppt/daily/2025/prism_ppt_us_30s_20251003.zip (Caused by NameResolutionError("<urllib3.connection.HTTPSConnection object at 0x101a2ac10>: Failed to resolve 'data.prism.oregonstate.edu' ([Errno 8] nodename nor servname provided, or not known)"))
[ERR ] 2025-10-02 HTTPSConnectionPool(host='data.prism.oregonstate.edu', port=443): Max retries exceeded with url: /time_series/us/an/800m/ppt/daily/2025/prism_ppt_us_30s_20251002.zip (Caused by NameResolutionError("<urllib3.connection.HTTPSConnection object at 0x101a2aeb0>: Failed to resolve 'data.prism.oregonstate.edu' ([Errno 8] nodename nor servname provided, or not known)"))
[ERR ] 2025-10-01 HTTPSConnectionPool(host='data.prism.oregonstate.edu', port=443): Max retries exceeded with url: /time_series/us/an/800m/ppt/daily/2025/prism_ppt_us_30s_20251001.zip (Caused by NameResolutionError("<urllib3.connection.HTTPSConnection object at 0x101a2a160>: Failed to resolve 'data.prism.oregonstate.edu' ([Errno 8] nodename nor servname provided, or not known)"))
[ERR ] 2025-09-30 HTTPSConnectionPool(host='data.prism.oregonstate.edu', port=443): Max retries exceeded with url: /time_series/us/an/800m/ppt/daily/2025/prism_ppt_us_30s_20250930.zip (Caused by NameResolutionError("<urllib3.connection.HTTPSConnection object at 0x101a8e640>: Failed to resolve 'data.prism.oregonstate.edu' ([Errno 8] nodename nor servname provided, or not known)"))
[ERR ] 2025-09-29 HTTPSConnectionPool(host='data.prism.oregonstate.edu', port=443): Max retries exceeded with url: /time_series/us/an/800m/ppt/daily/2025/prism_ppt_us_30s_20250929.zip (Caused by NameResolutionError("<urllib3.connection.HTTPSConnection object at 0x101a1e940>: Failed to resolve 'data.prism.oregonstate.edu' ([Errno 8] nodename nor servname provided, or not known)"))
[ERR ] 2025-09-28 HTTPSConnectionPool(host='data.prism.oregonstate.edu', port=443): Max retries exceeded with url: /time_series/us/an/800m/ppt/daily/2025/prism_ppt_us_30s_20250928.zip (Caused by NameResolutionError("<urllib3.connection.HTTPSConnection object at 0x101a17520>: Failed to resolve 'data.prism.oregonstate.edu' ([Errno 8] nodename nor servname provided, or not known)"))
[ERR ] 2025-09-27 HTTPSConnectionPool(host='data.prism.oregonstate.edu', port=443): Max retries exceeded with url: /time_series/us/an/800m/ppt/daily/2025/prism_ppt_us_30s_20250927.zip (Caused by NameResolutionError("<urllib3.connection.HTTPSConnection object at 0x101a97dc0>: Failed to resolve 'data.prism.oregonstate.edu' ([Errno 8] nodename nor servname provided, or not known)"))
[ERR ] 2025-09-26 HTTPSConnectionPool(host='data.prism.oregonstate.edu', port=443): Max retries exceeded with url: /time_series/us/an/800m/ppt/daily/2025/prism_ppt_us_30s_20250926.zip (Caused by NameResolutionError("<urllib3.connection.HTTPSConnection object at 0x1019f6c10>: Failed to resolve 'data.prism.oregonstate.edu' ([Errno 8] nodename nor servname provided, or not known)"))
[ERR ] 2025-09-25 HTTPSConnectionPool(host='data.prism.oregonstate.edu', port=443): Max retries exceeded with url: /time_series/us/an/800m/ppt/daily/2025/prism_ppt_us_30s_20250925.zip (Caused by NameResolutionError("<urllib3.connection.HTTPSConnection object at 0x101a1e4f0>: Failed to resolve 'data.prism.oregonstate.edu' ([Errno 8] nodename nor servname provided, or not known)"))
[ERR ] 2025-09-24 HTTPSConnectionPool(host='data.prism.oregonstate.edu', port=443): Max retries exceeded with url: /time_series/us/an/800m/ppt/daily/2025/prism_ppt_us_30s_20250924.zip (Caused by NameResolutionError("<urllib3.connection.HTTPSConnection object at 0x101a8e640>: Failed to resolve 'data.prism.oregonstate.edu' ([Errno 8] nodename nor servname provided, or not known)"))
[ERR ] 2025-09-23 HTTPSConnectionPool(host='data.prism.oregonstate.edu', port=443): Max retries exceeded with url: /time_series/us/an/800m/ppt/daily/2025/prism_ppt_us_30s_20250923.zip (Caused by NameResolutionError("<urllib3.connection.HTTPSConnection object at 0x101a97ca0>: Failed to resolve 'data.prism.oregonstate.edu' ([Errno 8] nodename nor servname provided, or not known)"))
[ERR ] 2025-09-22 HTTPSConnectionPool(host='data.prism.oregonstate.edu', port=443): Max retries exceeded with url: /time_series/us/an/800m/ppt/daily/2025/prism_ppt_us_30s_20250922.zip (Caused by NameResolutionError("<urllib3.connection.HTTPSConnection object at 0x101a2a670>: Failed to resolve 'data.prism.oregonstate.edu' ([Errno 8] nodename nor servname provided, or not known)"))
[ERR ] 2025-09-21 HTTPSConnectionPool(host='data.prism.oregonstate.edu', port=443): Max retries exceeded with url: /time_series/us/an/800m/ppt/daily/2025/prism_ppt_us_30s_20250921.zip (Caused by NameResolutionError("<urllib3.connection.HTTPSConnection object at 0x101a2ad90>: Failed to resolve 'data.prism.oregonstate.edu' ([Errno 8] nodename nor servname provided, or not known)"))
[INFO] cleanup_old=False — skipping file deletion.
2025-10-21 11:28:50,534 | INFO | Running predict_daily_triple.py
2025-10-21 12:48:23,904 | INFO | Rainfall window: 2025-09-20 → 2025-10-19 (30 files, 0 missing → zero-filled).
Sampling rainfall at 2,452 PRISM grid cells…
Sampling static attributes at grid centers…
Running models…
/Users/wonjunchoi/PycharmProjects/realtime-buncombe/venv/lib/python3.9/site-packages/sklearn/utils/validation.py:2732: UserWarning: X has feature names, but RandomForestClassifier was fitted without feature names
  warnings.warn(
ok: wrote 2,452 rows for 2025-10-20 (rainfall through 2025-10-19)
parquet: /Users/wonjunchoi/PycharmProjects/realtime-buncombe/predictions/historicData/2025/10/predictions_2025-10-20.parquet
geojson: /Users/wonjunchoi/PycharmProjects/realtime-buncombe/predictions/historicData/2025/10/map_2025-10-20.geojson
meta: /Users/wonjunchoi/PycharmProjects/realtime-buncombe/predictions/historicData/2025/10/meta_2025-10-20.json
latest: /Users/wonjunchoi/PycharmProjects/realtime-buncombe/predictions/latest.geojson, /Users/wonjunchoi/PycharmProjects/realtime-buncombe/predictions/latest.json
manifest: /Users/wonjunchoi/PycharmProjects/realtime-buncombe/predictions/index.json
2025-10-21 12:48:23,907 | INFO | Committing and pushing changes
git-lfs filter-process: git-lfs: command not found
fatal: the remote end hung up unexpectedly
2025-10-21 12:48:24,030 | INFO | No changes to commit.
▶️ Running daily auto-update job...
✅ Already ran today, skipping.
✅ Already ran today, skipping.
✅ Already ran today, skipping.
2025-10-22 05:00:00,577 | INFO | Running download_prism_daily.py
2025-10-22 05:00:12,545 | INFO | /Users/wonjunchoi/PycharmProjects/realtime-buncombe/venv/lib/python3.9/site-packages/urllib3/__init__.py:35: NotOpenSSLWarning: urllib3 v2 only supports OpenSSL 1.1.1+, currently the 'ssl' module is compiled with 'LibreSSL 2.8.3'. See: https://github.com/urllib3/urllib3/issues/3020
  warnings.warn(
[SKIP] 2025-10-21 not found online.
[OK  ] 2025-10-20 metadata matches remote
[OK  ] 2025-10-20 expanded data present (prism_ppt_us_30s_20251020.tif)
[OK  ] 2025-10-19 metadata matches remote
[OK  ] 2025-10-19 expanded data present (prism_ppt_us_30s_20251019.tif)
[OK  ] 2025-10-18 metadata matches remote
[OK  ] 2025-10-18 expanded data present (prism_ppt_us_30s_20251018.tif)
[OK  ] 2025-10-17 metadata matches remote
[OK  ] 2025-10-17 expanded data present (prism_ppt_us_30s_20251017.tif)
[OK  ] 2025-10-16 metadata matches remote
[OK  ] 2025-10-16 expanded data present (prism_ppt_us_30s_20251016.tif)
[OK  ] 2025-10-15 metadata matches remote
[OK  ] 2025-10-15 expanded data present (prism_ppt_us_30s_20251015.tif)
[OK  ] 2025-10-14 metadata matches remote
[OK  ] 2025-10-14 expanded data present (prism_ppt_us_30s_20251014.tif)
[OK  ] 2025-10-13 metadata matches remote
[OK  ] 2025-10-13 expanded data present (prism_ppt_us_30s_20251013.tif)
[OK  ] 2025-10-12 metadata matches remote
[OK  ] 2025-10-12 expanded data present (prism_ppt_us_30s_20251012.tif)
[OK  ] 2025-10-11 metadata matches remote
[OK  ] 2025-10-11 expanded data present (prism_ppt_us_30s_20251011.tif)
[OK  ] 2025-10-10 metadata matches remote
[OK  ] 2025-10-10 expanded data present (prism_ppt_us_30s_20251010.tif)
[OK  ] 2025-10-09 metadata matches remote
[OK  ] 2025-10-09 expanded data present (prism_ppt_us_30s_20251009.tif)
[OK  ] 2025-10-08 metadata matches remote
[OK  ] 2025-10-08 expanded data present (prism_ppt_us_30s_20251008.tif)
[OK  ] 2025-10-07 metadata matches remote
[OK  ] 2025-10-07 expanded data present (prism_ppt_us_30s_20251007.tif)
[OK  ] 2025-10-06 metadata matches remote
[OK  ] 2025-10-06 expanded data present (prism_ppt_us_30s_20251006.tif)
[OK  ] 2025-10-05 metadata matches remote
[OK  ] 2025-10-05 expanded data present (prism_ppt_us_30s_20251005.tif)
[OK  ] 2025-10-04 metadata matches remote
[OK  ] 2025-10-04 expanded data present (prism_ppt_us_30s_20251004.tif)
[OK  ] 2025-10-03 metadata matches remote
[OK  ] 2025-10-03 expanded data present (prism_ppt_us_30s_20251003.tif)
[OK  ] 2025-10-02 metadata matches remote
[OK  ] 2025-10-02 expanded data present (prism_ppt_us_30s_20251002.tif)
[OK  ] 2025-10-01 metadata matches remote
[OK  ] 2025-10-01 expanded data present (prism_ppt_us_30s_20251001.tif)
[OK  ] 2025-09-30 metadata matches remote
[OK  ] 2025-09-30 expanded data present (prism_ppt_us_30s_20250930.tif)
[OK  ] 2025-09-29 metadata matches remote
[OK  ] 2025-09-29 expanded data present (prism_ppt_us_30s_20250929.tif)
[OK  ] 2025-09-28 metadata matches remote
[OK  ] 2025-09-28 expanded data present (prism_ppt_us_30s_20250928.tif)
[OK  ] 2025-09-27 metadata matches remote
[OK  ] 2025-09-27 expanded data present (prism_ppt_us_30s_20250927.tif)
[OK  ] 2025-09-26 metadata matches remote
[OK  ] 2025-09-26 expanded data present (prism_ppt_us_30s_20250926.tif)
[OK  ] 2025-09-25 metadata matches remote
[OK  ] 2025-09-25 expanded data present (prism_ppt_us_30s_20250925.tif)
[OK  ] 2025-09-24 metadata matches remote
[OK  ] 2025-09-24 expanded data present (prism_ppt_us_30s_20250924.tif)
[OK  ] 2025-09-23 metadata matches remote
[OK  ] 2025-09-23 expanded data present (prism_ppt_us_30s_20250923.tif)
[OK  ] 2025-09-22 metadata matches remote
[OK  ] 2025-09-22 expanded data present (prism_ppt_us_30s_20250922.tif)
[INFO] cleanup_old=False — skipping file deletion.
2025-10-22 05:00:12,546 | INFO | Running predict_daily_triple.py
2025-10-22 05:24:35,794 | INFO | Rainfall window: 2025-09-21 → 2025-10-20 (30 files, 0 missing → zero-filled).
Sampling rainfall at 2,452 PRISM grid cells…
Sampling static attributes at grid centers…
Running models…
/Users/wonjunchoi/PycharmProjects/realtime-buncombe/venv/lib/python3.9/site-packages/sklearn/utils/validation.py:2732: UserWarning: X has feature names, but RandomForestClassifier was fitted without feature names
  warnings.warn(
ok: wrote 2,452 rows for 2025-10-21 (rainfall through 2025-10-20)
parquet: /Users/wonjunchoi/PycharmProjects/realtime-buncombe/predictions/historicData/2025/10/predictions_2025-10-21.parquet
geojson: /Users/wonjunchoi/PycharmProjects/realtime-buncombe/predictions/historicData/2025/10/map_2025-10-21.geojson
meta: /Users/wonjunchoi/PycharmProjects/realtime-buncombe/predictions/historicData/2025/10/meta_2025-10-21.json
latest: /Users/wonjunchoi/PycharmProjects/realtime-buncombe/predictions/latest.geojson, /Users/wonjunchoi/PycharmProjects/realtime-buncombe/predictions/latest.json
manifest: /Users/wonjunchoi/PycharmProjects/realtime-buncombe/predictions/index.json
2025-10-22 05:24:35,796 | INFO | Committing and pushing changes
2025-10-22 05:24:36,651 | INFO | [main 9d77421] Auto-update: rainfall & predictions @ 2025-10-22 05:24:36
 13 files changed, 112 insertions(+), 7 deletions(-)
 create mode 100644 predictions/historicData/.DS_Store
 create mode 100644 predictions/historicData/2025/10/map_2025-10-21.geojson
 create mode 100644 predictions/historicData/2025/10/meta_2025-10-21.json
 create mode 100644 predictions/historicData/2025/10/predictions_2025-10-21.parquet
2025-10-22 05:24:45,981 | INFO | Locking support detected on remote "origin". Consider enabling it with:
  $ git config lfs.https://github.com-buncombe/WonjunChoi1004/realtime-buncombe.git/info/lfs.locksverify true
Uploading LFS objects: 100% (1/1), 108 KB | 0 B/s, done.
To github.com-buncombe:WonjunChoi1004/realtime-buncombe.git
   1d77d0f..9d77421  main -> main
2025-10-22 05:24:45,982 | INFO | Push succeeded.
▶️ Running daily auto-update job...
✅ Already ran today, skipping.
✅ Already ran today, skipping.
2025-10-23 05:00:23,901 | INFO | Running download_prism_daily.py
2025-10-23 05:00:24,379 | INFO | /Users/wonjunchoi/PycharmProjects/realtime-buncombe/venv/lib/python3.9/site-packages/urllib3/__init__.py:35: NotOpenSSLWarning: urllib3 v2 only supports OpenSSL 1.1.1+, currently the 'ssl' module is compiled with 'LibreSSL 2.8.3'. See: https://github.com/urllib3/urllib3/issues/3020
  warnings.warn(
[ERR ] 2025-10-22 HTTPSConnectionPool(host='data.prism.oregonstate.edu', port=443): Max retries exceeded with url: /time_series/us/an/800m/ppt/daily/2025/prism_ppt_us_30s_20251022.zip (Caused by NameResolutionError("<urllib3.connection.HTTPSConnection object at 0x101193040>: Failed to resolve 'data.prism.oregonstate.edu' ([Errno 8] nodename nor servname provided, or not known)"))
[ERR ] 2025-10-21 HTTPSConnectionPool(host='data.prism.oregonstate.edu', port=443): Max retries exceeded with url: /time_series/us/an/800m/ppt/daily/2025/prism_ppt_us_30s_20251021.zip (Caused by NameResolutionError("<urllib3.connection.HTTPSConnection object at 0x101193cd0>: Failed to resolve 'data.prism.oregonstate.edu' ([Errno 8] nodename nor servname provided, or not known)"))
[ERR ] 2025-10-20 HTTPSConnectionPool(host='data.prism.oregonstate.edu', port=443): Max retries exceeded with url: /time_series/us/an/800m/ppt/daily/2025/prism_ppt_us_30s_20251020.zip (Caused by NameResolutionError("<urllib3.connection.HTTPSConnection object at 0x10116ad30>: Failed to resolve 'data.prism.oregonstate.edu' ([Errno 8] nodename nor servname provided, or not known)"))
[ERR ] 2025-10-19 HTTPSConnectionPool(host='data.prism.oregonstate.edu', port=443): Max retries exceeded with url: /time_series/us/an/800m/ppt/daily/2025/prism_ppt_us_30s_20251019.zip (Caused by NameResolutionError("<urllib3.connection.HTTPSConnection object at 0x1011936a0>: Failed to resolve 'data.prism.oregonstate.edu' ([Errno 8] nodename nor servname provided, or not known)"))
[ERR ] 2025-10-18 HTTPSConnectionPool(host='data.prism.oregonstate.edu', port=443): Max retries exceeded with url: /time_series/us/an/800m/ppt/daily/2025/prism_ppt_us_30s_20251018.zip (Caused by NameResolutionError("<urllib3.connection.HTTPSConnection object at 0x10119e580>: Failed to resolve 'data.prism.oregonstate.edu' ([Errno 8] nodename nor servname provided, or not known)"))
[ERR ] 2025-10-17 HTTPSConnectionPool(host='data.prism.oregonstate.edu', port=443): Max retries exceeded with url: /time_series/us/an/800m/ppt/daily/2025/prism_ppt_us_30s_20251017.zip (Caused by NameResolutionError("<urllib3.connection.HTTPSConnection object at 0x10119ef70>: Failed to resolve 'data.prism.oregonstate.edu' ([Errno 8] nodename nor servname provided, or not known)"))
[ERR ] 2025-10-16 HTTPSConnectionPool(host='data.prism.oregonstate.edu', port=443): Max retries exceeded with url: /time_series/us/an/800m/ppt/daily/2025/prism_ppt_us_30s_20251016.zip (Caused by NameResolutionError("<urllib3.connection.HTTPSConnection object at 0x1012039a0>: Failed to resolve 'data.prism.oregonstate.edu' ([Errno 8] nodename nor servname provided, or not known)"))
[ERR ] 2025-10-15 HTTPSConnectionPool(host='data.prism.oregonstate.edu', port=443): Max retries exceeded with url: /time_series/us/an/800m/ppt/daily/2025/prism_ppt_us_30s_20251015.zip (Caused by NameResolutionError("<urllib3.connection.HTTPSConnection object at 0x10119ebe0>: Failed to resolve 'data.prism.oregonstate.edu' ([Errno 8] nodename nor servname provided, or not known)"))
[ERR ] 2025-10-14 HTTPSConnectionPool(host='data.prism.oregonstate.edu', port=443): Max retries exceeded with url: /time_series/us/an/800m/ppt/daily/2025/prism_ppt_us_30s_20251014.zip (Caused by NameResolutionError("<urllib3.connection.HTTPSConnection object at 0x10119e2e0>: Failed to resolve 'data.prism.oregonstate.edu' ([Errno 8] nodename nor servname provided, or not known)"))
[ERR ] 2025-10-13 HTTPSConnectionPool(host='data.prism.oregonstate.edu', port=443): Max retries exceeded with url: /time_series/us/an/800m/ppt/daily/2025/prism_ppt_us_30s_20251013.zip (Caused by NameResolutionError("<urllib3.connection.HTTPSConnection object at 0x101193940>: Failed to resolve 'data.prism.oregonstate.edu' ([Errno 8] nodename nor servname provided, or not known)"))
[ERR ] 2025-10-12 HTTPSConnectionPool(host='data.prism.oregonstate.edu', port=443): Max retries exceeded with url: /time_series/us/an/800m/ppt/daily/2025/prism_ppt_us_30s_20251012.zip (Caused by NameResolutionError("<urllib3.connection.HTTPSConnection object at 0x10118cd90>: Failed to resolve 'data.prism.oregonstate.edu' ([Errno 8] nodename nor servname provided, or not known)"))
[ERR ] 2025-10-11 HTTPSConnectionPool(host='data.prism.oregonstate.edu', port=443): Max retries exceeded with url: /time_series/us/an/800m/ppt/daily/2025/prism_ppt_us_30s_20251011.zip (Caused by NameResolutionError("<urllib3.connection.HTTPSConnection object at 0x101203790>: Failed to resolve 'data.prism.oregonstate.edu' ([Errno 8] nodename nor servname provided, or not known)"))
[ERR ] 2025-10-10 HTTPSConnectionPool(host='data.prism.oregonstate.edu', port=443): Max retries exceeded with url: /time_series/us/an/800m/ppt/daily/2025/prism_ppt_us_30s_20251010.zip (Caused by NameResolutionError("<urllib3.connection.HTTPSConnection object at 0x10120c3d0>: Failed to resolve 'data.prism.oregonstate.edu' ([Errno 8] nodename nor servname provided, or not known)"))
[ERR ] 2025-10-09 HTTPSConnectionPool(host='data.prism.oregonstate.edu', port=443): Max retries exceeded with url: /time_series/us/an/800m/ppt/daily/2025/prism_ppt_us_30s_20251009.zip (Caused by NameResolutionError("<urllib3.connection.HTTPSConnection object at 0x101193c10>: Failed to resolve 'data.prism.oregonstate.edu' ([Errno 8] nodename nor servname provided, or not known)"))
[ERR ] 2025-10-08 HTTPSConnectionPool(host='data.prism.oregonstate.edu', port=443): Max retries exceeded with url: /time_series/us/an/800m/ppt/daily/2025/prism_ppt_us_30s_20251008.zip (Caused by NameResolutionError("<urllib3.connection.HTTPSConnection object at 0x101193250>: Failed to resolve 'data.prism.oregonstate.edu' ([Errno 8] nodename nor servname provided, or not known)"))
[ERR ] 2025-10-07 HTTPSConnectionPool(host='data.prism.oregonstate.edu', port=443): Max retries exceeded with url: /time_series/us/an/800m/ppt/daily/2025/prism_ppt_us_30s_20251007.zip (Caused by NameResolutionError("<urllib3.connection.HTTPSConnection object at 0x101203520>: Failed to resolve 'data.prism.oregonstate.edu' ([Errno 8] nodename nor servname provided, or not known)"))
[ERR ] 2025-10-06 HTTPSConnectionPool(host='data.prism.oregonstate.edu', port=443): Max retries exceeded with url: /time_series/us/an/800m/ppt/daily/2025/prism_ppt_us_30s_20251006.zip (Caused by NameResolutionError("<urllib3.connection.HTTPSConnection object at 0x10119e400>: Failed to resolve 'data.prism.oregonstate.edu' ([Errno 8] nodename nor servname provided, or not known)"))
[ERR ] 2025-10-05 HTTPSConnectionPool(host='data.prism.oregonstate.edu', port=443): Max retries exceeded with url: /time_series/us/an/800m/ppt/daily/2025/prism_ppt_us_30s_20251005.zip (Caused by NameResolutionError("<urllib3.connection.HTTPSConnection object at 0x10119edc0>: Failed to resolve 'data.prism.oregonstate.edu' ([Errno 8] nodename nor servname provided, or not known)"))
[ERR ] 2025-10-04 HTTPSConnectionPool(host='data.prism.oregonstate.edu', port=443): Max retries exceeded with url: /time_series/us/an/800m/ppt/daily/2025/prism_ppt_us_30s_20251004.zip (Caused by NameResolutionError("<urllib3.connection.HTTPSConnection object at 0x10119ef40>: Failed to resolve 'data.prism.oregonstate.edu' ([Errno 8] nodename nor servname provided, or not known)"))
[ERR ] 2025-10-03 HTTPSConnectionPool(host='data.prism.oregonstate.edu', port=443): Max retries exceeded with url: /time_series/us/an/800m/ppt/daily/2025/prism_ppt_us_30s_20251003.zip (Caused by NameResolutionError("<urllib3.connection.HTTPSConnection object at 0x10119e0d0>: Failed to resolve 'data.prism.oregonstate.edu' ([Errno 8] nodename nor servname provided, or not known)"))
[ERR ] 2025-10-02 HTTPSConnectionPool(host='data.prism.oregonstate.edu', port=443): Max retries exceeded with url: /time_series/us/an/800m/ppt/daily/2025/prism_ppt_us_30s_20251002.zip (Caused by NameResolutionError("<urllib3.connection.HTTPSConnection object at 0x101203850>: Failed to resolve 'data.prism.oregonstate.edu' ([Errno 8] nodename nor servname provided, or not known)"))
[ERR ] 2025-10-01 HTTPSConnectionPool(host='data.prism.oregonstate.edu', port=443): Max retries exceeded with url: /time_series/us/an/800m/ppt/daily/2025/prism_ppt_us_30s_20251001.zip (Caused by NameResolutionError("<urllib3.connection.HTTPSConnection object at 0x101193490>: Failed to resolve 'data.prism.oregonstate.edu' ([Errno 8] nodename nor servname provided, or not known)"))
[ERR ] 2025-09-30 HTTPSConnectionPool(host='data.prism.oregonstate.edu', port=443): Max retries exceeded with url: /time_series/us/an/800m/ppt/daily/2025/prism_ppt_us_30s_20250930.zip (Caused by NameResolutionError("<urllib3.connection.HTTPSConnection object at 0x10116ac10>: Failed to resolve 'data.prism.oregonstate.edu' ([Errno 8] nodename nor servname provided, or not known)"))
[ERR ] 2025-09-29 HTTPSConnectionPool(host='data.prism.oregonstate.edu', port=443): Max retries exceeded with url: /time_series/us/an/800m/ppt/daily/2025/prism_ppt_us_30s_20250929.zip (Caused by NameResolutionError("<urllib3.connection.HTTPSConnection object at 0x10120cd90>: Failed to resolve 'data.prism.oregonstate.edu' ([Errno 8] nodename nor servname provided, or not known)"))
[ERR ] 2025-09-28 HTTPSConnectionPool(host='data.prism.oregonstate.edu', port=443): Max retries exceeded with url: /time_series/us/an/800m/ppt/daily/2025/prism_ppt_us_30s_20250928.zip (Caused by NameResolutionError("<urllib3.connection.HTTPSConnection object at 0x10116abb0>: Failed to resolve 'data.prism.oregonstate.edu' ([Errno 8] nodename nor servname provided, or not known)"))
[ERR ] 2025-09-27 HTTPSConnectionPool(host='data.prism.oregonstate.edu', port=443): Max retries exceeded with url: /time_series/us/an/800m/ppt/daily/2025/prism_ppt_us_30s_20250927.zip (Caused by NameResolutionError("<urllib3.connection.HTTPSConnection object at 0x101193880>: Failed to resolve 'data.prism.oregonstate.edu' ([Errno 8] nodename nor servname provided, or not known)"))
[ERR ] 2025-09-26 HTTPSConnectionPool(host='data.prism.oregonstate.edu', port=443): Max retries exceeded with url: /time_series/us/an/800m/ppt/daily/2025/prism_ppt_us_30s_20250926.zip (Caused by NameResolutionError("<urllib3.connection.HTTPSConnection object at 0x101203850>: Failed to resolve 'data.prism.oregonstate.edu' ([Errno 8] nodename nor servname provided, or not known)"))
[ERR ] 2025-09-25 HTTPSConnectionPool(host='data.prism.oregonstate.edu', port=443): Max retries exceeded with url: /time_series/us/an/800m/ppt/daily/2025/prism_ppt_us_30s_20250925.zip (Caused by NameResolutionError("<urllib3.connection.HTTPSConnection object at 0x10120cb20>: Failed to resolve 'data.prism.oregonstate.edu' ([Errno 8] nodename nor servname provided, or not known)"))
[ERR ] 2025-09-24 HTTPSConnectionPool(host='data.prism.oregonstate.edu', port=443): Max retries exceeded with url: /time_series/us/an/800m/ppt/daily/2025/prism_ppt_us_30s_20250924.zip (Caused by NameResolutionError("<urllib3.connection.HTTPSConnection object at 0x10119e3d0>: Failed to resolve 'data.prism.oregonstate.edu' ([Errno 8] nodename nor servname provided, or not known)"))
[ERR ] 2025-09-23 HTTPSConnectionPool(host='data.prism.oregonstate.edu', port=443): Max retries exceeded with url: /time_series/us/an/800m/ppt/daily/2025/prism_ppt_us_30s_20250923.zip (Caused by NameResolutionError("<urllib3.connection.HTTPSConnection object at 0x10119ee80>: Failed to resolve 'data.prism.oregonstate.edu' ([Errno 8] nodename nor servname provided, or not known)"))
[INFO] cleanup_old=False — skipping file deletion.
2025-10-23 05:00:24,379 | INFO | Running predict_daily_triple.py
2025-10-23 06:03:50,998 | INFO | Rainfall window: 2025-09-21 → 2025-10-20 (30 files, 0 missing → zero-filled).
Sampling rainfall at 2,452 PRISM grid cells…
Sampling static attributes at grid centers…
Running models…
/Users/wonjunchoi/PycharmProjects/realtime-buncombe/venv/lib/python3.9/site-packages/sklearn/utils/validation.py:2732: UserWarning: X has feature names, but RandomForestClassifier was fitted without feature names
  warnings.warn(
ok: wrote 2,452 rows for 2025-10-22 (rainfall through 2025-10-20)
parquet: /Users/wonjunchoi/PycharmProjects/realtime-buncombe/predictions/historicData/2025/10/predictions_2025-10-22.parquet
geojson: /Users/wonjunchoi/PycharmProjects/realtime-buncombe/predictions/historicData/2025/10/map_2025-10-22.geojson
meta: /Users/wonjunchoi/PycharmProjects/realtime-buncombe/predictions/historicData/2025/10/meta_2025-10-22.json
latest: /Users/wonjunchoi/PycharmProjects/realtime-buncombe/predictions/latest.geojson, /Users/wonjunchoi/PycharmProjects/realtime-buncombe/predictions/latest.json
manifest: /Users/wonjunchoi/PycharmProjects/realtime-buncombe/predictions/index.json
2025-10-23 06:03:50,999 | INFO | Committing and pushing changes
2025-10-23 06:03:51,575 | INFO | [main 5295e40] Auto-update: rainfall & predictions @ 2025-10-23 06:03:51
 7 files changed, 95 insertions(+), 6 deletions(-)
 create mode 100644 predictions/historicData/2025/10/map_2025-10-22.geojson
 create mode 100644 predictions/historicData/2025/10/meta_2025-10-22.json
 create mode 100644 predictions/historicData/2025/10/predictions_2025-10-22.parquet
2025-10-23 06:03:51,660 | INFO | ssh: connect to host github.com port 22: Undefined error: 0
fatal: Could not read from remote repository.

Please make sure you have the correct access rights
and the repository exists.
2025-10-23 06:03:51,660 | WARNING | Push failed (attempt 1/3): Command failed (128): git push origin main
2025-10-23 06:03:51,707 | INFO | ssh: connect to host github.com port 22: Undefined error: 0
fatal: Could not read from remote repository.

Please make sure you have the correct access rights
and the repository exists.
2025-10-23 06:03:51,708 | WARNING | Push failed (attempt 2/3): Command failed (128): git push origin main
2025-10-23 06:03:51,749 | INFO | ssh: connect to host github.com port 22: Undefined error: 0
fatal: Could not read from remote repository.

Please make sure you have the correct access rights
and the repository exists.
2025-10-23 06:03:51,750 | WARNING | Push failed (attempt 3/3): Command failed (128): git push origin main
Push failed after 3 attempts.
▶️ Running daily auto-update job...
✅ Already ran today, skipping.
✅ Already ran today, skipping.
✅ Already ran today, skipping.
2025-10-24 02:07:37,498 | WARNING | No internet connection — delaying run. Retrying in 15 minutes...
2025-10-24 08:36:28,932 | INFO | Internet connection detected. Proceeding with update.
2025-10-24 08:36:28,935 | INFO | Running download_prism_daily.py
2025-10-24 08:37:30,869 | INFO | /Users/wonjunchoi/PycharmProjects/realtime-buncombe/venv/lib/python3.9/site-packages/urllib3/__init__.py:35: NotOpenSSLWarning: urllib3 v2 only supports OpenSSL 1.1.1+, currently the 'ssl' module is compiled with 'LibreSSL 2.8.3'. See: https://github.com/urllib3/urllib3/issues/3020
  warnings.warn(
[GET ] 2025-10-23 → https://data.prism.oregonstate.edu/time_series/us/an/800m/ppt/daily/2025/prism_ppt_us_30s_20251023.zip
[DONE] Updated ZIP for 2025-10-23
[MISS] 2025-10-23 missing expanded .tif — extracting now.
[UNZIP] Extracted → /Users/wonjunchoi/PycharmProjects/realtime-buncombe/data/rain/prism_ppt_us_30s_20251023
[CLEAN] 2025-10-23 removed ZIP after extraction.
[OK  ] 2025-10-22 metadata matches remote
[OK  ] 2025-10-22 expanded data present (prism_ppt_us_30s_20251022.tif)
[OK  ] 2025-10-21 metadata matches remote
[OK  ] 2025-10-21 expanded data present (prism_ppt_us_30s_20251021.tif)
[OK  ] 2025-10-20 metadata matches remote
[OK  ] 2025-10-20 expanded data present (prism_ppt_us_30s_20251020.tif)
[CLEAN] 2025-10-19 removed old expanded folder → prism_ppt_us_30s_20251019
[GET ] 2025-10-19 → https://data.prism.oregonstate.edu/time_series/us/an/800m/ppt/daily/2025/prism_ppt_us_30s_20251019.zip
[DONE] Updated ZIP for 2025-10-19
[MISS] 2025-10-19 missing expanded .tif — extracting now.
[UNZIP] Extracted → /Users/wonjunchoi/PycharmProjects/realtime-buncombe/data/rain/prism_ppt_us_30s_20251019
[CLEAN] 2025-10-19 removed ZIP after extraction.
[OK  ] 2025-10-18 metadata matches remote
[OK  ] 2025-10-18 expanded data present (prism_ppt_us_30s_20251018.tif)
[OK  ] 2025-10-17 metadata matches remote
[OK  ] 2025-10-17 expanded data present (prism_ppt_us_30s_20251017.tif)
[OK  ] 2025-10-16 metadata matches remote
[OK  ] 2025-10-16 expanded data present (prism_ppt_us_30s_20251016.tif)
[OK  ] 2025-10-15 metadata matches remote
[OK  ] 2025-10-15 expanded data present (prism_ppt_us_30s_20251015.tif)
[OK  ] 2025-10-14 metadata matches remote
[OK  ] 2025-10-14 expanded data present (prism_ppt_us_30s_20251014.tif)
[OK  ] 2025-10-13 metadata matches remote
[OK  ] 2025-10-13 expanded data present (prism_ppt_us_30s_20251013.tif)
[OK  ] 2025-10-12 metadata matches remote
[OK  ] 2025-10-12 expanded data present (prism_ppt_us_30s_20251012.tif)
[OK  ] 2025-10-11 metadata matches remote
[OK  ] 2025-10-11 expanded data present (prism_ppt_us_30s_20251011.tif)
[OK  ] 2025-10-10 metadata matches remote
[OK  ] 2025-10-10 expanded data present (prism_ppt_us_30s_20251010.tif)
[OK  ] 2025-10-09 metadata matches remote
[OK  ] 2025-10-09 expanded data present (prism_ppt_us_30s_20251009.tif)
[OK  ] 2025-10-08 metadata matches remote
[OK  ] 2025-10-08 expanded data present (prism_ppt_us_30s_20251008.tif)
[OK  ] 2025-10-07 metadata matches remote
[OK  ] 2025-10-07 expanded data present (prism_ppt_us_30s_20251007.tif)
[OK  ] 2025-10-06 metadata matches remote
[OK  ] 2025-10-06 expanded data present (prism_ppt_us_30s_20251006.tif)
[OK  ] 2025-10-05 metadata matches remote
[OK  ] 2025-10-05 expanded data present (prism_ppt_us_30s_20251005.tif)
[OK  ] 2025-10-04 metadata matches remote
[OK  ] 2025-10-04 expanded data present (prism_ppt_us_30s_20251004.tif)
[OK  ] 2025-10-03 metadata matches remote
[OK  ] 2025-10-03 expanded data present (prism_ppt_us_30s_20251003.tif)
[OK  ] 2025-10-02 metadata matches remote
[OK  ] 2025-10-02 expanded data present (prism_ppt_us_30s_20251002.tif)
[OK  ] 2025-10-01 metadata matches remote
[OK  ] 2025-10-01 expanded data present (prism_ppt_us_30s_20251001.tif)
[OK  ] 2025-09-30 metadata matches remote
[OK  ] 2025-09-30 expanded data present (prism_ppt_us_30s_20250930.tif)
[OK  ] 2025-09-29 metadata matches remote
[OK  ] 2025-09-29 expanded data present (prism_ppt_us_30s_20250929.tif)
[OK  ] 2025-09-28 metadata matches remote
[OK  ] 2025-09-28 expanded data present (prism_ppt_us_30s_20250928.tif)
[OK  ] 2025-09-27 metadata matches remote
[OK  ] 2025-09-27 expanded data present (prism_ppt_us_30s_20250927.tif)
[OK  ] 2025-09-26 metadata matches remote
[OK  ] 2025-09-26 expanded data present (prism_ppt_us_30s_20250926.tif)
[OK  ] 2025-09-25 metadata matches remote
[OK  ] 2025-09-25 expanded data present (prism_ppt_us_30s_20250925.tif)
[OK  ] 2025-09-24 metadata matches remote
[OK  ] 2025-09-24 expanded data present (prism_ppt_us_30s_20250924.tif)
[INFO] cleanup_old=False — skipping file deletion.
2025-10-24 08:37:30,869 | INFO | Running predict_daily_triple.py
2025-10-24 09:00:22,003 | INFO | Rainfall window: 2025-09-24 → 2025-10-23 (30 files, 0 missing → zero-filled).
Sampling rainfall at 2,452 PRISM grid cells…
Sampling static attributes at grid centers…
Running models…
/Users/wonjunchoi/PycharmProjects/realtime-buncombe/venv/lib/python3.9/site-packages/sklearn/utils/validation.py:2732: UserWarning: X has feature names, but RandomForestClassifier was fitted without feature names
  warnings.warn(
ok: wrote 2,452 rows for 2025-10-23 (rainfall through 2025-10-23)
parquet: /Users/wonjunchoi/PycharmProjects/realtime-buncombe/predictions/historicData/2025/10/predictions_2025-10-23.parquet
geojson: /Users/wonjunchoi/PycharmProjects/realtime-buncombe/predictions/historicData/2025/10/map_2025-10-23.geojson
meta: /Users/wonjunchoi/PycharmProjects/realtime-buncombe/predictions/historicData/2025/10/meta_2025-10-23.json
latest: /Users/wonjunchoi/PycharmProjects/realtime-buncombe/predictions/latest.geojson, /Users/wonjunchoi/PycharmProjects/realtime-buncombe/predictions/latest.json
manifest: /Users/wonjunchoi/PycharmProjects/realtime-buncombe/predictions/index.json
2025-10-24 09:00:22,005 | INFO | Committing and pushing changes
2025-10-24 09:00:22,597 | INFO | [main 815d949] Auto-update: rainfall & predictions @ 2025-10-24 09:00:22
 7 files changed, 120 insertions(+), 7 deletions(-)
 create mode 100644 predictions/historicData/2025/10/map_2025-10-23.geojson
 create mode 100644 predictions/historicData/2025/10/meta_2025-10-23.json
 create mode 100644 predictions/historicData/2025/10/predictions_2025-10-23.parquet
2025-10-24 09:00:27,102 | INFO | Locking support detected on remote "origin". Consider enabling it with:
  $ git config lfs.https://github.com-buncombe/WonjunChoi1004/realtime-buncombe.git/info/lfs.locksverify true
Uploading LFS objects: 100% (1/1), 88 KB | 0 B/s, done.
To github.com-buncombe:WonjunChoi1004/realtime-buncombe.git
   8f362b4..815d949  main -> main
2025-10-24 09:00:27,103 | INFO | Push succeeded.
▶️ Running daily auto-update job...
✅ Already ran today, skipping.
2025-10-25 11:12:11,647 | WARNING | No internet connection — delaying run. Retrying in 15 minutes...
2025-10-25 11:27:11,710 | INFO | Internet connection detected. Proceeding with update.
2025-10-25 11:27:11,711 | INFO | Running download_prism_daily.py
2025-10-25 11:27:29,515 | INFO | /Users/wonjunchoi/PycharmProjects/realtime-buncombe/venv/lib/python3.9/site-packages/urllib3/__init__.py:35: NotOpenSSLWarning: urllib3 v2 only supports OpenSSL 1.1.1+, currently the 'ssl' module is compiled with 'LibreSSL 2.8.3'. See: https://github.com/urllib3/urllib3/issues/3020
  warnings.warn(
[GET ] 2025-10-24 → https://data.prism.oregonstate.edu/time_series/us/an/800m/ppt/daily/2025/prism_ppt_us_30s_20251024.zip
[DONE] Updated ZIP for 2025-10-24
[MISS] 2025-10-24 missing expanded .tif — extracting now.
[UNZIP] Extracted → /Users/wonjunchoi/PycharmProjects/realtime-buncombe/data/rain/prism_ppt_us_30s_20251024
[CLEAN] 2025-10-24 removed ZIP after extraction.
[OK  ] 2025-10-23 metadata matches remote
[OK  ] 2025-10-23 expanded data present (prism_ppt_us_30s_20251023.tif)
[OK  ] 2025-10-22 metadata matches remote
[OK  ] 2025-10-22 expanded data present (prism_ppt_us_30s_20251022.tif)
[OK  ] 2025-10-21 metadata matches remote
[OK  ] 2025-10-21 expanded data present (prism_ppt_us_30s_20251021.tif)
[CLEAN] 2025-10-20 removed old expanded folder → prism_ppt_us_30s_20251020
[GET ] 2025-10-20 → https://data.prism.oregonstate.edu/time_series/us/an/800m/ppt/daily/2025/prism_ppt_us_30s_20251020.zip
[DONE] Updated ZIP for 2025-10-20
[MISS] 2025-10-20 missing expanded .tif — extracting now.
[UNZIP] Extracted → /Users/wonjunchoi/PycharmProjects/realtime-buncombe/data/rain/prism_ppt_us_30s_20251020
[CLEAN] 2025-10-20 removed ZIP after extraction.
[OK  ] 2025-10-19 metadata matches remote
[OK  ] 2025-10-19 expanded data present (prism_ppt_us_30s_20251019.tif)
[OK  ] 2025-10-18 metadata matches remote
[OK  ] 2025-10-18 expanded data present (prism_ppt_us_30s_20251018.tif)
[OK  ] 2025-10-17 metadata matches remote
[OK  ] 2025-10-17 expanded data present (prism_ppt_us_30s_20251017.tif)
[OK  ] 2025-10-16 metadata matches remote
[OK  ] 2025-10-16 expanded data present (prism_ppt_us_30s_20251016.tif)
[OK  ] 2025-10-15 metadata matches remote
[OK  ] 2025-10-15 expanded data present (prism_ppt_us_30s_20251015.tif)
[OK  ] 2025-10-14 metadata matches remote
[OK  ] 2025-10-14 expanded data present (prism_ppt_us_30s_20251014.tif)
[OK  ] 2025-10-13 metadata matches remote
[OK  ] 2025-10-13 expanded data present (prism_ppt_us_30s_20251013.tif)
[OK  ] 2025-10-12 metadata matches remote
[OK  ] 2025-10-12 expanded data present (prism_ppt_us_30s_20251012.tif)
[OK  ] 2025-10-11 metadata matches remote
[OK  ] 2025-10-11 expanded data present (prism_ppt_us_30s_20251011.tif)
[OK  ] 2025-10-10 metadata matches remote
[OK  ] 2025-10-10 expanded data present (prism_ppt_us_30s_20251010.tif)
[OK  ] 2025-10-09 metadata matches remote
[OK  ] 2025-10-09 expanded data present (prism_ppt_us_30s_20251009.tif)
[OK  ] 2025-10-08 metadata matches remote
[OK  ] 2025-10-08 expanded data present (prism_ppt_us_30s_20251008.tif)
[OK  ] 2025-10-07 metadata matches remote
[OK  ] 2025-10-07 expanded data present (prism_ppt_us_30s_20251007.tif)
[OK  ] 2025-10-06 metadata matches remote
[OK  ] 2025-10-06 expanded data present (prism_ppt_us_30s_20251006.tif)
[OK  ] 2025-10-05 metadata matches remote
[OK  ] 2025-10-05 expanded data present (prism_ppt_us_30s_20251005.tif)
[OK  ] 2025-10-04 metadata matches remote
[OK  ] 2025-10-04 expanded data present (prism_ppt_us_30s_20251004.tif)
[OK  ] 2025-10-03 metadata matches remote
[OK  ] 2025-10-03 expanded data present (prism_ppt_us_30s_20251003.tif)
[OK  ] 2025-10-02 metadata matches remote
[OK  ] 2025-10-02 expanded data present (prism_ppt_us_30s_20251002.tif)
[OK  ] 2025-10-01 metadata matches remote
[OK  ] 2025-10-01 expanded data present (prism_ppt_us_30s_20251001.tif)
[OK  ] 2025-09-30 metadata matches remote
[OK  ] 2025-09-30 expanded data present (prism_ppt_us_30s_20250930.tif)
[OK  ] 2025-09-29 metadata matches remote
[OK  ] 2025-09-29 expanded data present (prism_ppt_us_30s_20250929.tif)
[OK  ] 2025-09-28 metadata matches remote
[OK  ] 2025-09-28 expanded data present (prism_ppt_us_30s_20250928.tif)
[OK  ] 2025-09-27 metadata matches remote
[OK  ] 2025-09-27 expanded data present (prism_ppt_us_30s_20250927.tif)
[OK  ] 2025-09-26 metadata matches remote
[OK  ] 2025-09-26 expanded data present (prism_ppt_us_30s_20250926.tif)
[OK  ] 2025-09-25 metadata matches remote
[OK  ] 2025-09-25 expanded data present (prism_ppt_us_30s_20250925.tif)
[INFO] Pruning files outside the past window...
[PRUNE] Removed old folder → prism_ppt_us_30s_20250906
[PRUNE] Removed old folder → prism_ppt_us_30s_20250901
[PRUNE] Removed old folder → prism_ppt_us_30s_20250908
[PRUNE] Removed old file → prism_ppt_us_30s_20250924.meta.json
[PRUNE] Removed old folder → prism_ppt_us_30s_20250909
[PRUNE] Removed old folder → prism_ppt_us_30s_20250907
[PRUNE] Removed old folder → prism_ppt_us_30s_20250828
[PRUNE] Removed old folder → prism_ppt_us_30s_20250819
[PRUNE] Removed old folder → prism_ppt_us_30s_20250826
[PRUNE] Removed old folder → prism_ppt_us_30s_20250821
[PRUNE] Removed old folder → prism_ppt_us_30s_20250820
[PRUNE] Removed old folder → prism_ppt_us_30s_20250818
[PRUNE] Removed old folder → prism_ppt_us_30s_20250827
[PRUNE] Removed old file → prism_ppt_us_30s_20250922.meta.json
[PRUNE] Removed old folder → prism_ppt_us_30s_20250829
[PRUNE] Removed old folder → prism_ppt_us_30s_20250922
[PRUNE] Removed old folder → prism_ppt_us_30s_20250914
[PRUNE] Removed old folder → prism_ppt_us_30s_20250913
[PRUNE] Removed old folder → prism_ppt_us_30s_20250912
[PRUNE] Removed old folder → prism_ppt_us_30s_20250915
[PRUNE] Removed old folder → prism_ppt_us_30s_20250923
[PRUNE] Removed old folder → prism_ppt_us_30s_20250924
[PRUNE] Removed old file → prism_ppt_us_30s_20250923.meta.json
[PRUNE] Removed old folder → prism_ppt_us_30s_20250902
[PRUNE] Removed old folder → prism_ppt_us_30s_20250905
[PRUNE] Removed old folder → prism_ppt_us_30s_20250904
[PRUNE] Removed old folder → prism_ppt_us_30s_20250903
[PRUNE] Removed old folder → prism_ppt_us_30s_20250822
[PRUNE] Removed old folder → prism_ppt_us_30s_20250825
[PRUNE] Removed old folder → prism_ppt_us_30s_20250824
[PRUNE] Removed old folder → prism_ppt_us_30s_20250823
[PRUNE] Removed old file → prism_ppt_us_30s_20250920.meta.json
[PRUNE] Removed old folder → prism_ppt_us_30s_20250830
[PRUNE] Removed old folder → prism_ppt_us_30s_20250831
[PRUNE] Removed old folder → prism_ppt_us_30s_20250921
[PRUNE] Removed old file → prism_ppt_us_30s_20250919.meta.json
[PRUNE] Removed old folder → prism_ppt_us_30s_20250919
[PRUNE] Removed old folder → prism_ppt_us_30s_20250910
[PRUNE] Removed old folder → prism_ppt_us_30s_20250917
[PRUNE] Removed old file → prism_ppt_us_30s_20250921.meta.json
[PRUNE] Removed old folder → prism_ppt_us_30s_20250916
[PRUNE] Removed old folder → prism_ppt_us_30s_20250911
[PRUNE] Removed old folder → prism_ppt_us_30s_20250918
[PRUNE] Removed old folder → prism_ppt_us_30s_20250920
2025-10-25 11:27:29,516 | INFO | Running predict_daily_triple.py
2025-10-25 11:51:08,222 | INFO | Rainfall window: 2025-09-25 → 2025-10-24 (30 files, 0 missing → zero-filled).
Sampling rainfall at 2,452 PRISM grid cells…
Sampling static attributes at grid centers…
Running models…
/Users/wonjunchoi/PycharmProjects/realtime-buncombe/venv/lib/python3.9/site-packages/sklearn/utils/validation.py:2732: UserWarning: X has feature names, but RandomForestClassifier was fitted without feature names
  warnings.warn(
ok: wrote 2,452 rows for 2025-10-24 (rainfall through 2025-10-24)
parquet: /Users/wonjunchoi/PycharmProjects/realtime-buncombe/predictions/historicData/2025/10/predictions_2025-10-24.parquet
geojson: /Users/wonjunchoi/PycharmProjects/realtime-buncombe/predictions/historicData/2025/10/map_2025-10-24.geojson
meta: /Users/wonjunchoi/PycharmProjects/realtime-buncombe/predictions/historicData/2025/10/meta_2025-10-24.json
latest: /Users/wonjunchoi/PycharmProjects/realtime-buncombe/predictions/latest.geojson, /Users/wonjunchoi/PycharmProjects/realtime-buncombe/predictions/latest.json
manifest: /Users/wonjunchoi/PycharmProjects/realtime-buncombe/predictions/index.json
2025-10-25 11:51:08,226 | INFO | Committing and pushing changes
2025-10-25 11:51:08,940 | INFO | [main 7cc574f] Auto-update: rainfall & predictions @ 2025-10-25 11:51:08
 8 files changed, 178 insertions(+), 8 deletions(-)
 create mode 100644 predictions/historicData/2025/10/map_2025-10-24.geojson
 create mode 100644 predictions/historicData/2025/10/meta_2025-10-24.json
 create mode 100644 predictions/historicData/2025/10/predictions_2025-10-24.parquet
2025-10-25 11:51:13,376 | INFO | Locking support detected on remote "origin". Consider enabling it with:
  $ git config lfs.https://github.com-buncombe/WonjunChoi1004/realtime-buncombe.git/info/lfs.locksverify true
Uploading LFS objects: 100% (1/1), 88 KB | 0 B/s, done.
To github.com-buncombe:WonjunChoi1004/realtime-buncombe.git
   815d949..7cc574f  main -> main
2025-10-25 11:51:13,377 | INFO | Push succeeded.
▶️ Running daily auto-update job...
2025-10-26 12:09:39,005 | WARNING | No internet connection — delaying run. Retrying in 15 minutes...
2025-10-26 12:21:39,716 | WARNING | No internet connection — delaying run. Retrying in 15 minutes...
2025-10-26 13:00:28,323 | INFO | Internet connection detected. Proceeding with update.
2025-10-26 13:00:28,328 | INFO | Running download_prism_daily.py
2025-10-26 13:00:48,015 | INFO | /Users/wonjunchoi/PycharmProjects/realtime-buncombe/venv/lib/python3.9/site-packages/urllib3/__init__.py:35: NotOpenSSLWarning: urllib3 v2 only supports OpenSSL 1.1.1+, currently the 'ssl' module is compiled with 'LibreSSL 2.8.3'. See: https://github.com/urllib3/urllib3/issues/3020
  warnings.warn(
[GET ] 2025-10-25 → https://data.prism.oregonstate.edu/time_series/us/an/800m/ppt/daily/2025/prism_ppt_us_30s_20251025.zip
[DONE] Updated ZIP for 2025-10-25
[MISS] 2025-10-25 missing expanded .tif — extracting now.
[UNZIP] Extracted → /Users/wonjunchoi/PycharmProjects/realtime-buncombe/data/rain/prism_ppt_us_30s_20251025
[CLEAN] 2025-10-25 removed ZIP after extraction.
[OK  ] 2025-10-24 metadata matches remote
[OK  ] 2025-10-24 expanded data present (prism_ppt_us_30s_20251024.tif)
[OK  ] 2025-10-23 metadata matches remote
[OK  ] 2025-10-23 expanded data present (prism_ppt_us_30s_20251023.tif)
[OK  ] 2025-10-22 metadata matches remote
[OK  ] 2025-10-22 expanded data present (prism_ppt_us_30s_20251022.tif)
[CLEAN] 2025-10-21 removed old expanded folder → prism_ppt_us_30s_20251021
[GET ] 2025-10-21 → https://data.prism.oregonstate.edu/time_series/us/an/800m/ppt/daily/2025/prism_ppt_us_30s_20251021.zip
[DONE] Updated ZIP for 2025-10-21
[MISS] 2025-10-21 missing expanded .tif — extracting now.
[UNZIP] Extracted → /Users/wonjunchoi/PycharmProjects/realtime-buncombe/data/rain/prism_ppt_us_30s_20251021
[CLEAN] 2025-10-21 removed ZIP after extraction.
[OK  ] 2025-10-20 metadata matches remote
[OK  ] 2025-10-20 expanded data present (prism_ppt_us_30s_20251020.tif)
[OK  ] 2025-10-19 metadata matches remote
[OK  ] 2025-10-19 expanded data present (prism_ppt_us_30s_20251019.tif)
[OK  ] 2025-10-18 metadata matches remote
[OK  ] 2025-10-18 expanded data present (prism_ppt_us_30s_20251018.tif)
[OK  ] 2025-10-17 metadata matches remote
[OK  ] 2025-10-17 expanded data present (prism_ppt_us_30s_20251017.tif)
[OK  ] 2025-10-16 metadata matches remote
[OK  ] 2025-10-16 expanded data present (prism_ppt_us_30s_20251016.tif)
[OK  ] 2025-10-15 metadata matches remote
[OK  ] 2025-10-15 expanded data present (prism_ppt_us_30s_20251015.tif)
[OK  ] 2025-10-14 metadata matches remote
[OK  ] 2025-10-14 expanded data present (prism_ppt_us_30s_20251014.tif)
[OK  ] 2025-10-13 metadata matches remote
[OK  ] 2025-10-13 expanded data present (prism_ppt_us_30s_20251013.tif)
[OK  ] 2025-10-12 metadata matches remote
[OK  ] 2025-10-12 expanded data present (prism_ppt_us_30s_20251012.tif)
[OK  ] 2025-10-11 metadata matches remote
[OK  ] 2025-10-11 expanded data present (prism_ppt_us_30s_20251011.tif)
[OK  ] 2025-10-10 metadata matches remote
[OK  ] 2025-10-10 expanded data present (prism_ppt_us_30s_20251010.tif)
[OK  ] 2025-10-09 metadata matches remote
[OK  ] 2025-10-09 expanded data present (prism_ppt_us_30s_20251009.tif)
[OK  ] 2025-10-08 metadata matches remote
[OK  ] 2025-10-08 expanded data present (prism_ppt_us_30s_20251008.tif)
[OK  ] 2025-10-07 metadata matches remote
[OK  ] 2025-10-07 expanded data present (prism_ppt_us_30s_20251007.tif)
[OK  ] 2025-10-06 metadata matches remote
[OK  ] 2025-10-06 expanded data present (prism_ppt_us_30s_20251006.tif)
[OK  ] 2025-10-05 metadata matches remote
[OK  ] 2025-10-05 expanded data present (prism_ppt_us_30s_20251005.tif)
[OK  ] 2025-10-04 metadata matches remote
[OK  ] 2025-10-04 expanded data present (prism_ppt_us_30s_20251004.tif)
[OK  ] 2025-10-03 metadata matches remote
[OK  ] 2025-10-03 expanded data present (prism_ppt_us_30s_20251003.tif)
[OK  ] 2025-10-02 metadata matches remote
[OK  ] 2025-10-02 expanded data present (prism_ppt_us_30s_20251002.tif)
[OK  ] 2025-10-01 metadata matches remote
[OK  ] 2025-10-01 expanded data present (prism_ppt_us_30s_20251001.tif)
[OK  ] 2025-09-30 metadata matches remote
[OK  ] 2025-09-30 expanded data present (prism_ppt_us_30s_20250930.tif)
[OK  ] 2025-09-29 metadata matches remote
[OK  ] 2025-09-29 expanded data present (prism_ppt_us_30s_20250929.tif)
[OK  ] 2025-09-28 metadata matches remote
[OK  ] 2025-09-28 expanded data present (prism_ppt_us_30s_20250928.tif)
[OK  ] 2025-09-27 metadata matches remote
[OK  ] 2025-09-27 expanded data present (prism_ppt_us_30s_20250927.tif)
[OK  ] 2025-09-26 metadata matches remote
[OK  ] 2025-09-26 expanded data present (prism_ppt_us_30s_20250926.tif)
[INFO] Pruning files outside the past window...
[PRUNE] Removed old file → prism_ppt_us_30s_20250925.meta.json
[PRUNE] Removed old folder → prism_ppt_us_30s_20250925
2025-10-26 13:00:48,016 | INFO | Running predict_daily_triple.py
2025-10-26 13:24:35,818 | INFO | Rainfall window: 2025-09-26 → 2025-10-25 (30 files, 0 missing → zero-filled).
Sampling rainfall at 2,452 PRISM grid cells…
Sampling static attributes at grid centers…
Running models…
/Users/wonjunchoi/PycharmProjects/realtime-buncombe/venv/lib/python3.9/site-packages/sklearn/utils/validation.py:2732: UserWarning: X has feature names, but RandomForestClassifier was fitted without feature names
  warnings.warn(
ok: wrote 2,452 rows for 2025-10-25 (rainfall through 2025-10-25)
parquet: /Users/wonjunchoi/PycharmProjects/realtime-buncombe/predictions/historicData/2025/10/predictions_2025-10-25.parquet
geojson: /Users/wonjunchoi/PycharmProjects/realtime-buncombe/predictions/historicData/2025/10/map_2025-10-25.geojson
meta: /Users/wonjunchoi/PycharmProjects/realtime-buncombe/predictions/historicData/2025/10/meta_2025-10-25.json
latest: /Users/wonjunchoi/PycharmProjects/realtime-buncombe/predictions/latest.geojson, /Users/wonjunchoi/PycharmProjects/realtime-buncombe/predictions/latest.json
manifest: /Users/wonjunchoi/PycharmProjects/realtime-buncombe/predictions/index.json
2025-10-26 13:24:35,821 | INFO | Committing and pushing changes
2025-10-26 13:24:36,521 | INFO | [main b7eef8f] Auto-update: rainfall & predictions @ 2025-10-26 13:24:36
 7 files changed, 135 insertions(+), 7 deletions(-)
 create mode 100644 predictions/historicData/2025/10/map_2025-10-25.geojson
 create mode 100644 predictions/historicData/2025/10/meta_2025-10-25.json
 create mode 100644 predictions/historicData/2025/10/predictions_2025-10-25.parquet
2025-10-26 13:24:41,865 | INFO | Locking support detected on remote "origin". Consider enabling it with:
  $ git config lfs.https://github.com-buncombe/WonjunChoi1004/realtime-buncombe.git/info/lfs.locksverify true
Uploading LFS objects: 100% (1/1), 73 KB | 0 B/s, done.
To github.com-buncombe:WonjunChoi1004/realtime-buncombe.git
   7cc574f..b7eef8f  main -> main
2025-10-26 13:24:41,866 | INFO | Push succeeded.
▶️ Running daily auto-update job...
✅ Already ran today, skipping.
✅ Already ran today, skipping.
2025-10-27 14:45:33,154 | WARNING | No internet connection — delaying run. Retrying in 15 minutes...
2025-10-27 15:02:38,506 | INFO | Internet connection detected. Proceeding with update.
2025-10-27 15:02:38,507 | INFO | Running download_prism_daily.py
2025-10-27 15:02:57,731 | INFO | /Users/wonjunchoi/PycharmProjects/realtime-buncombe/venv/lib/python3.9/site-packages/urllib3/__init__.py:35: NotOpenSSLWarning: urllib3 v2 only supports OpenSSL 1.1.1+, currently the 'ssl' module is compiled with 'LibreSSL 2.8.3'. See: https://github.com/urllib3/urllib3/issues/3020
  warnings.warn(
[GET ] 2025-10-26 → https://data.prism.oregonstate.edu/time_series/us/an/800m/ppt/daily/2025/prism_ppt_us_30s_20251026.zip
[DONE] Updated ZIP for 2025-10-26
[MISS] 2025-10-26 missing expanded .tif — extracting now.
[UNZIP] Extracted → /Users/wonjunchoi/PycharmProjects/realtime-buncombe/data/rain/prism_ppt_us_30s_20251026
[CLEAN] 2025-10-26 removed ZIP after extraction.
[OK  ] 2025-10-25 metadata matches remote
[OK  ] 2025-10-25 expanded data present (prism_ppt_us_30s_20251025.tif)
[OK  ] 2025-10-24 metadata matches remote
[OK  ] 2025-10-24 expanded data present (prism_ppt_us_30s_20251024.tif)
[OK  ] 2025-10-23 metadata matches remote
[OK  ] 2025-10-23 expanded data present (prism_ppt_us_30s_20251023.tif)
[CLEAN] 2025-10-22 removed old expanded folder → prism_ppt_us_30s_20251022
[GET ] 2025-10-22 → https://data.prism.oregonstate.edu/time_series/us/an/800m/ppt/daily/2025/prism_ppt_us_30s_20251022.zip
[DONE] Updated ZIP for 2025-10-22
[MISS] 2025-10-22 missing expanded .tif — extracting now.
[UNZIP] Extracted → /Users/wonjunchoi/PycharmProjects/realtime-buncombe/data/rain/prism_ppt_us_30s_20251022
[CLEAN] 2025-10-22 removed ZIP after extraction.
[OK  ] 2025-10-21 metadata matches remote
[OK  ] 2025-10-21 expanded data present (prism_ppt_us_30s_20251021.tif)
[OK  ] 2025-10-20 metadata matches remote
[OK  ] 2025-10-20 expanded data present (prism_ppt_us_30s_20251020.tif)
[OK  ] 2025-10-19 metadata matches remote
[OK  ] 2025-10-19 expanded data present (prism_ppt_us_30s_20251019.tif)
[OK  ] 2025-10-18 metadata matches remote
[OK  ] 2025-10-18 expanded data present (prism_ppt_us_30s_20251018.tif)
[OK  ] 2025-10-17 metadata matches remote
[OK  ] 2025-10-17 expanded data present (prism_ppt_us_30s_20251017.tif)
[OK  ] 2025-10-16 metadata matches remote
[OK  ] 2025-10-16 expanded data present (prism_ppt_us_30s_20251016.tif)
[OK  ] 2025-10-15 metadata matches remote
[OK  ] 2025-10-15 expanded data present (prism_ppt_us_30s_20251015.tif)
[OK  ] 2025-10-14 metadata matches remote
[OK  ] 2025-10-14 expanded data present (prism_ppt_us_30s_20251014.tif)
[OK  ] 2025-10-13 metadata matches remote
[OK  ] 2025-10-13 expanded data present (prism_ppt_us_30s_20251013.tif)
[OK  ] 2025-10-12 metadata matches remote
[OK  ] 2025-10-12 expanded data present (prism_ppt_us_30s_20251012.tif)
[OK  ] 2025-10-11 metadata matches remote
[OK  ] 2025-10-11 expanded data present (prism_ppt_us_30s_20251011.tif)
[OK  ] 2025-10-10 metadata matches remote
[OK  ] 2025-10-10 expanded data present (prism_ppt_us_30s_20251010.tif)
[OK  ] 2025-10-09 metadata matches remote
[OK  ] 2025-10-09 expanded data present (prism_ppt_us_30s_20251009.tif)
[OK  ] 2025-10-08 metadata matches remote
[OK  ] 2025-10-08 expanded data present (prism_ppt_us_30s_20251008.tif)
[OK  ] 2025-10-07 metadata matches remote
[OK  ] 2025-10-07 expanded data present (prism_ppt_us_30s_20251007.tif)
[OK  ] 2025-10-06 metadata matches remote
[OK  ] 2025-10-06 expanded data present (prism_ppt_us_30s_20251006.tif)
[OK  ] 2025-10-05 metadata matches remote
[OK  ] 2025-10-05 expanded data present (prism_ppt_us_30s_20251005.tif)
[OK  ] 2025-10-04 metadata matches remote
[OK  ] 2025-10-04 expanded data present (prism_ppt_us_30s_20251004.tif)
[OK  ] 2025-10-03 metadata matches remote
[OK  ] 2025-10-03 expanded data present (prism_ppt_us_30s_20251003.tif)
[OK  ] 2025-10-02 metadata matches remote
[OK  ] 2025-10-02 expanded data present (prism_ppt_us_30s_20251002.tif)
[OK  ] 2025-10-01 metadata matches remote
[OK  ] 2025-10-01 expanded data present (prism_ppt_us_30s_20251001.tif)
[OK  ] 2025-09-30 metadata matches remote
[OK  ] 2025-09-30 expanded data present (prism_ppt_us_30s_20250930.tif)
[OK  ] 2025-09-29 metadata matches remote
[OK  ] 2025-09-29 expanded data present (prism_ppt_us_30s_20250929.tif)
[OK  ] 2025-09-28 metadata matches remote
[OK  ] 2025-09-28 expanded data present (prism_ppt_us_30s_20250928.tif)
[OK  ] 2025-09-27 metadata matches remote
[OK  ] 2025-09-27 expanded data present (prism_ppt_us_30s_20250927.tif)
[INFO] Pruning files outside the past window...
[PRUNE] Removed old file → prism_ppt_us_30s_20250926.meta.json
[PRUNE] Removed old folder → prism_ppt_us_30s_20250926
2025-10-27 15:02:57,731 | INFO | Running predict_daily_triple.py
2025-10-27 15:18:03,675 | WARNING | No internet connection — delaying run. Retrying in 15 minutes...
2025-10-27 15:38:31,253 | INFO | Internet connection detected. Proceeding with update.
2025-10-27 15:38:31,256 | INFO | Running download_prism_daily.py
2025-10-27 15:38:47,579 | INFO | /Users/wonjunchoi/PycharmProjects/realtime-buncombe/venv/lib/python3.9/site-packages/urllib3/__init__.py:35: NotOpenSSLWarning: urllib3 v2 only supports OpenSSL 1.1.1+, currently the 'ssl' module is compiled with 'LibreSSL 2.8.3'. See: https://github.com/urllib3/urllib3/issues/3020
  warnings.warn(
[OK  ] 2025-10-26 metadata matches remote
[OK  ] 2025-10-26 expanded data present (prism_ppt_us_30s_20251026.tif)
[OK  ] 2025-10-25 metadata matches remote
[OK  ] 2025-10-25 expanded data present (prism_ppt_us_30s_20251025.tif)
[OK  ] 2025-10-24 metadata matches remote
[OK  ] 2025-10-24 expanded data present (prism_ppt_us_30s_20251024.tif)
[OK  ] 2025-10-23 metadata matches remote
[OK  ] 2025-10-23 expanded data present (prism_ppt_us_30s_20251023.tif)
[OK  ] 2025-10-22 metadata matches remote
[OK  ] 2025-10-22 expanded data present (prism_ppt_us_30s_20251022.tif)
[OK  ] 2025-10-21 metadata matches remote
[OK  ] 2025-10-21 expanded data present (prism_ppt_us_30s_20251021.tif)
[OK  ] 2025-10-20 metadata matches remote
[OK  ] 2025-10-20 expanded data present (prism_ppt_us_30s_20251020.tif)
[OK  ] 2025-10-19 metadata matches remote
[OK  ] 2025-10-19 expanded data present (prism_ppt_us_30s_20251019.tif)
[OK  ] 2025-10-18 metadata matches remote
[OK  ] 2025-10-18 expanded data present (prism_ppt_us_30s_20251018.tif)
[OK  ] 2025-10-17 metadata matches remote
[OK  ] 2025-10-17 expanded data present (prism_ppt_us_30s_20251017.tif)
[OK  ] 2025-10-16 metadata matches remote
[OK  ] 2025-10-16 expanded data present (prism_ppt_us_30s_20251016.tif)
[OK  ] 2025-10-15 metadata matches remote
[OK  ] 2025-10-15 expanded data present (prism_ppt_us_30s_20251015.tif)
[OK  ] 2025-10-14 metadata matches remote
[OK  ] 2025-10-14 expanded data present (prism_ppt_us_30s_20251014.tif)
[OK  ] 2025-10-13 metadata matches remote
[OK  ] 2025-10-13 expanded data present (prism_ppt_us_30s_20251013.tif)
[OK  ] 2025-10-12 metadata matches remote
[OK  ] 2025-10-12 expanded data present (prism_ppt_us_30s_20251012.tif)
[OK  ] 2025-10-11 metadata matches remote
[OK  ] 2025-10-11 expanded data present (prism_ppt_us_30s_20251011.tif)
[OK  ] 2025-10-10 metadata matches remote
[OK  ] 2025-10-10 expanded data present (prism_ppt_us_30s_20251010.tif)
[OK  ] 2025-10-09 metadata matches remote
[OK  ] 2025-10-09 expanded data present (prism_ppt_us_30s_20251009.tif)
[OK  ] 2025-10-08 metadata matches remote
[OK  ] 2025-10-08 expanded data present (prism_ppt_us_30s_20251008.tif)
[OK  ] 2025-10-07 metadata matches remote
[OK  ] 2025-10-07 expanded data present (prism_ppt_us_30s_20251007.tif)
[OK  ] 2025-10-06 metadata matches remote
[OK  ] 2025-10-06 expanded data present (prism_ppt_us_30s_20251006.tif)
[OK  ] 2025-10-05 metadata matches remote
[OK  ] 2025-10-05 expanded data present (prism_ppt_us_30s_20251005.tif)
[OK  ] 2025-10-04 metadata matches remote
[OK  ] 2025-10-04 expanded data present (prism_ppt_us_30s_20251004.tif)
[OK  ] 2025-10-03 metadata matches remote
[OK  ] 2025-10-03 expanded data present (prism_ppt_us_30s_20251003.tif)
[OK  ] 2025-10-02 metadata matches remote
[OK  ] 2025-10-02 expanded data present (prism_ppt_us_30s_20251002.tif)
[OK  ] 2025-10-01 metadata matches remote
[OK  ] 2025-10-01 expanded data present (prism_ppt_us_30s_20251001.tif)
[OK  ] 2025-09-30 metadata matches remote
[OK  ] 2025-09-30 expanded data present (prism_ppt_us_30s_20250930.tif)
[OK  ] 2025-09-29 metadata matches remote
[OK  ] 2025-09-29 expanded data present (prism_ppt_us_30s_20250929.tif)
[OK  ] 2025-09-28 metadata matches remote
[OK  ] 2025-09-28 expanded data present (prism_ppt_us_30s_20250928.tif)
[OK  ] 2025-09-27 metadata matches remote
[OK  ] 2025-09-27 expanded data present (prism_ppt_us_30s_20250927.tif)
[INFO] Pruning files outside the past window...
2025-10-27 15:38:47,579 | INFO | Running predict_daily_triple.py
2025-10-27 16:01:45,027 | INFO | Rainfall window: 2025-09-27 → 2025-10-26 (30 files, 0 missing → zero-filled).
Sampling rainfall at 2,452 PRISM grid cells…
Sampling static attributes at grid centers…
Running models…
/Users/wonjunchoi/PycharmProjects/realtime-buncombe/venv/lib/python3.9/site-packages/sklearn/utils/validation.py:2732: UserWarning: X has feature names, but RandomForestClassifier was fitted without feature names
  warnings.warn(
ok: wrote 2,452 rows for 2025-10-26 (rainfall through 2025-10-26)
parquet: /Users/wonjunchoi/PycharmProjects/realtime-buncombe/predictions/historicData/2025/10/predictions_2025-10-26.parquet
geojson: /Users/wonjunchoi/PycharmProjects/realtime-buncombe/predictions/historicData/2025/10/map_2025-10-26.geojson
meta: /Users/wonjunchoi/PycharmProjects/realtime-buncombe/predictions/historicData/2025/10/meta_2025-10-26.json
latest: /Users/wonjunchoi/PycharmProjects/realtime-buncombe/predictions/latest.geojson, /Users/wonjunchoi/PycharmProjects/realtime-buncombe/predictions/latest.json
manifest: /Users/wonjunchoi/PycharmProjects/realtime-buncombe/predictions/index.json
2025-10-27 16:01:45,029 | INFO | Committing and pushing changes
2025-10-27 16:01:45,666 | INFO | [main 826c57c] Auto-update: rainfall & predictions @ 2025-10-27 16:01:45
 7 files changed, 203 insertions(+), 7 deletions(-)
 create mode 100644 predictions/historicData/2025/10/map_2025-10-26.geojson
 create mode 100644 predictions/historicData/2025/10/meta_2025-10-26.json
 create mode 100644 predictions/historicData/2025/10/predictions_2025-10-26.parquet
2025-10-27 16:01:50,136 | INFO | Locking support detected on remote "origin". Consider enabling it with:
  $ git config lfs.https://github.com-buncombe/WonjunChoi1004/realtime-buncombe.git/info/lfs.locksverify true
Uploading LFS objects: 100% (1/1), 73 KB | 0 B/s, done.
To github.com-buncombe:WonjunChoi1004/realtime-buncombe.git
   b7eef8f..826c57c  main -> main
2025-10-27 16:01:50,137 | INFO | Push succeeded.
▶️ Running daily auto-update job...
✅ Already ran today, skipping.
✅ Already ran today, skipping.
2025-10-28 05:00:00,600 | INFO | Internet connection detected. Proceeding with update.
2025-10-28 05:00:00,600 | INFO | Running download_prism_daily.py
2025-10-28 05:00:21,153 | INFO | /Users/wonjunchoi/PycharmProjects/realtime-buncombe/venv/lib/python3.9/site-packages/urllib3/__init__.py:35: NotOpenSSLWarning: urllib3 v2 only supports OpenSSL 1.1.1+, currently the 'ssl' module is compiled with 'LibreSSL 2.8.3'. See: https://github.com/urllib3/urllib3/issues/3020
  warnings.warn(
[SKIP] 2025-10-27 not found online.
[CLEAN] 2025-10-26 removed old expanded folder → prism_ppt_us_30s_20251026
[GET ] 2025-10-26 → https://data.prism.oregonstate.edu/time_series/us/an/800m/ppt/daily/2025/prism_ppt_us_30s_20251026.zip
[DONE] Updated ZIP for 2025-10-26
[MISS] 2025-10-26 missing expanded .tif — extracting now.
[UNZIP] Extracted → /Users/wonjunchoi/PycharmProjects/realtime-buncombe/data/rain/prism_ppt_us_30s_20251026
[CLEAN] 2025-10-26 removed ZIP after extraction.
[OK  ] 2025-10-25 metadata matches remote
[OK  ] 2025-10-25 expanded data present (prism_ppt_us_30s_20251025.tif)
[OK  ] 2025-10-24 metadata matches remote
[OK  ] 2025-10-24 expanded data present (prism_ppt_us_30s_20251024.tif)
[OK  ] 2025-10-23 metadata matches remote
[OK  ] 2025-10-23 expanded data present (prism_ppt_us_30s_20251023.tif)
[CLEAN] 2025-10-22 removed old expanded folder → prism_ppt_us_30s_20251022
[GET ] 2025-10-22 → https://data.prism.oregonstate.edu/time_series/us/an/800m/ppt/daily/2025/prism_ppt_us_30s_20251022.zip
[DONE] Updated ZIP for 2025-10-22
[MISS] 2025-10-22 missing expanded .tif — extracting now.
[UNZIP] Extracted → /Users/wonjunchoi/PycharmProjects/realtime-buncombe/data/rain/prism_ppt_us_30s_20251022
[CLEAN] 2025-10-22 removed ZIP after extraction.
[OK  ] 2025-10-21 metadata matches remote
[OK  ] 2025-10-21 expanded data present (prism_ppt_us_30s_20251021.tif)
[OK  ] 2025-10-20 metadata matches remote
[OK  ] 2025-10-20 expanded data present (prism_ppt_us_30s_20251020.tif)
[OK  ] 2025-10-19 metadata matches remote
[OK  ] 2025-10-19 expanded data present (prism_ppt_us_30s_20251019.tif)
[OK  ] 2025-10-18 metadata matches remote
[OK  ] 2025-10-18 expanded data present (prism_ppt_us_30s_20251018.tif)
[OK  ] 2025-10-17 metadata matches remote
[OK  ] 2025-10-17 expanded data present (prism_ppt_us_30s_20251017.tif)
[OK  ] 2025-10-16 metadata matches remote
[OK  ] 2025-10-16 expanded data present (prism_ppt_us_30s_20251016.tif)
[OK  ] 2025-10-15 metadata matches remote
[OK  ] 2025-10-15 expanded data present (prism_ppt_us_30s_20251015.tif)
[OK  ] 2025-10-14 metadata matches remote
[OK  ] 2025-10-14 expanded data present (prism_ppt_us_30s_20251014.tif)
[OK  ] 2025-10-13 metadata matches remote
[OK  ] 2025-10-13 expanded data present (prism_ppt_us_30s_20251013.tif)
[OK  ] 2025-10-12 metadata matches remote
[OK  ] 2025-10-12 expanded data present (prism_ppt_us_30s_20251012.tif)
[OK  ] 2025-10-11 metadata matches remote
[OK  ] 2025-10-11 expanded data present (prism_ppt_us_30s_20251011.tif)
[OK  ] 2025-10-10 metadata matches remote
[OK  ] 2025-10-10 expanded data present (prism_ppt_us_30s_20251010.tif)
[OK  ] 2025-10-09 metadata matches remote
[OK  ] 2025-10-09 expanded data present (prism_ppt_us_30s_20251009.tif)
[OK  ] 2025-10-08 metadata matches remote
[OK  ] 2025-10-08 expanded data present (prism_ppt_us_30s_20251008.tif)
[OK  ] 2025-10-07 metadata matches remote
[OK  ] 2025-10-07 expanded data present (prism_ppt_us_30s_20251007.tif)
[OK  ] 2025-10-06 metadata matches remote
[OK  ] 2025-10-06 expanded data present (prism_ppt_us_30s_20251006.tif)
[OK  ] 2025-10-05 metadata matches remote
[OK  ] 2025-10-05 expanded data present (prism_ppt_us_30s_20251005.tif)
[OK  ] 2025-10-04 metadata matches remote
[OK  ] 2025-10-04 expanded data present (prism_ppt_us_30s_20251004.tif)
[OK  ] 2025-10-03 metadata matches remote
[OK  ] 2025-10-03 expanded data present (prism_ppt_us_30s_20251003.tif)
[OK  ] 2025-10-02 metadata matches remote
[OK  ] 2025-10-02 expanded data present (prism_ppt_us_30s_20251002.tif)
[OK  ] 2025-10-01 metadata matches remote
[OK  ] 2025-10-01 expanded data present (prism_ppt_us_30s_20251001.tif)
[OK  ] 2025-09-30 metadata matches remote
[OK  ] 2025-09-30 expanded data present (prism_ppt_us_30s_20250930.tif)
[OK  ] 2025-09-29 metadata matches remote
[OK  ] 2025-09-29 expanded data present (prism_ppt_us_30s_20250929.tif)
[OK  ] 2025-09-28 metadata matches remote
[OK  ] 2025-09-28 expanded data present (prism_ppt_us_30s_20250928.tif)
[INFO] Pruning files outside the past window...
[PRUNE] Removed old file → prism_ppt_us_30s_20250927.meta.json
[PRUNE] Removed old folder → prism_ppt_us_30s_20250927
2025-10-28 05:00:21,154 | INFO | Running predict_daily_triple.py
2025-10-28 05:23:33,231 | INFO | Rainfall window: 2025-09-27 → 2025-10-26 (29 files, 1 missing → zero-filled).
Sampling rainfall at 2,452 PRISM grid cells…
Sampling static attributes at grid centers…
Running models…
/Users/wonjunchoi/PycharmProjects/realtime-buncombe/venv/lib/python3.9/site-packages/sklearn/utils/validation.py:2732: UserWarning: X has feature names, but RandomForestClassifier was fitted without feature names
  warnings.warn(
ok: wrote 2,452 rows for 2025-10-27 (rainfall through 2025-10-26)
parquet: /Users/wonjunchoi/PycharmProjects/realtime-buncombe/predictions/historicData/2025/10/predictions_2025-10-27.parquet
geojson: /Users/wonjunchoi/PycharmProjects/realtime-buncombe/predictions/historicData/2025/10/map_2025-10-27.geojson
meta: /Users/wonjunchoi/PycharmProjects/realtime-buncombe/predictions/historicData/2025/10/meta_2025-10-27.json
latest: /Users/wonjunchoi/PycharmProjects/realtime-buncombe/predictions/latest.geojson, /Users/wonjunchoi/PycharmProjects/realtime-buncombe/predictions/latest.json
manifest: /Users/wonjunchoi/PycharmProjects/realtime-buncombe/predictions/index.json
2025-10-28 05:23:33,233 | INFO | Committing and pushing changes
2025-10-28 05:23:33,931 | INFO | [main 6808c67] Auto-update: rainfall & predictions @ 2025-10-28 05:23:33
 7 files changed, 134 insertions(+), 6 deletions(-)
 create mode 100644 predictions/historicData/2025/10/map_2025-10-27.geojson
 create mode 100644 predictions/historicData/2025/10/meta_2025-10-27.json
 create mode 100644 predictions/historicData/2025/10/predictions_2025-10-27.parquet
2025-10-28 05:23:39,103 | INFO | Locking support detected on remote "origin". Consider enabling it with:
  $ git config lfs.https://github.com-buncombe/WonjunChoi1004/realtime-buncombe.git/info/lfs.locksverify true
Uploading LFS objects: 100% (1/1), 72 KB | 0 B/s, done.
To github.com-buncombe:WonjunChoi1004/realtime-buncombe.git
   826c57c..6808c67  main -> main
2025-10-28 05:23:39,103 | INFO | Push succeeded.
▶️ Running daily auto-update job...
✅ Already ran today, skipping.
✅ Already ran today, skipping.
✅ Already ran today, skipping.
2025-10-29 05:00:00,799 | INFO | Internet connection detected. Proceeding with update.
2025-10-29 05:00:00,799 | INFO | Running download_prism_daily.py
2025-10-29 05:00:22,347 | INFO | /Users/wonjunchoi/PycharmProjects/realtime-buncombe/venv/lib/python3.9/site-packages/urllib3/__init__.py:35: NotOpenSSLWarning: urllib3 v2 only supports OpenSSL 1.1.1+, currently the 'ssl' module is compiled with 'LibreSSL 2.8.3'. See: https://github.com/urllib3/urllib3/issues/3020
  warnings.warn(
[SKIP] 2025-10-28 not found online.
[GET ] 2025-10-27 → https://data.prism.oregonstate.edu/time_series/us/an/800m/ppt/daily/2025/prism_ppt_us_30s_20251027.zip
[DONE] Updated ZIP for 2025-10-27
[MISS] 2025-10-27 missing expanded .tif — extracting now.
[UNZIP] Extracted → /Users/wonjunchoi/PycharmProjects/realtime-buncombe/data/rain/prism_ppt_us_30s_20251027
[CLEAN] 2025-10-27 removed ZIP after extraction.
[CLEAN] 2025-10-26 removed old expanded folder → prism_ppt_us_30s_20251026
[GET ] 2025-10-26 → https://data.prism.oregonstate.edu/time_series/us/an/800m/ppt/daily/2025/prism_ppt_us_30s_20251026.zip
[DONE] Updated ZIP for 2025-10-26
[MISS] 2025-10-26 missing expanded .tif — extracting now.
[UNZIP] Extracted → /Users/wonjunchoi/PycharmProjects/realtime-buncombe/data/rain/prism_ppt_us_30s_20251026
[CLEAN] 2025-10-26 removed ZIP after extraction.
[OK  ] 2025-10-25 metadata matches remote
[OK  ] 2025-10-25 expanded data present (prism_ppt_us_30s_20251025.tif)
[OK  ] 2025-10-24 metadata matches remote
[OK  ] 2025-10-24 expanded data present (prism_ppt_us_30s_20251024.tif)
[CLEAN] 2025-10-23 removed old expanded folder → prism_ppt_us_30s_20251023
[GET ] 2025-10-23 → https://data.prism.oregonstate.edu/time_series/us/an/800m/ppt/daily/2025/prism_ppt_us_30s_20251023.zip
[DONE] Updated ZIP for 2025-10-23
[MISS] 2025-10-23 missing expanded .tif — extracting now.
[UNZIP] Extracted → /Users/wonjunchoi/PycharmProjects/realtime-buncombe/data/rain/prism_ppt_us_30s_20251023
[CLEAN] 2025-10-23 removed ZIP after extraction.
[OK  ] 2025-10-22 metadata matches remote
[OK  ] 2025-10-22 expanded data present (prism_ppt_us_30s_20251022.tif)
[OK  ] 2025-10-21 metadata matches remote
[OK  ] 2025-10-21 expanded data present (prism_ppt_us_30s_20251021.tif)
[OK  ] 2025-10-20 metadata matches remote
[OK  ] 2025-10-20 expanded data present (prism_ppt_us_30s_20251020.tif)
[OK  ] 2025-10-19 metadata matches remote
[OK  ] 2025-10-19 expanded data present (prism_ppt_us_30s_20251019.tif)
[OK  ] 2025-10-18 metadata matches remote
[OK  ] 2025-10-18 expanded data present (prism_ppt_us_30s_20251018.tif)
[OK  ] 2025-10-17 metadata matches remote
[OK  ] 2025-10-17 expanded data present (prism_ppt_us_30s_20251017.tif)
[OK  ] 2025-10-16 metadata matches remote
[OK  ] 2025-10-16 expanded data present (prism_ppt_us_30s_20251016.tif)
[OK  ] 2025-10-15 metadata matches remote
[OK  ] 2025-10-15 expanded data present (prism_ppt_us_30s_20251015.tif)
[OK  ] 2025-10-14 metadata matches remote
[OK  ] 2025-10-14 expanded data present (prism_ppt_us_30s_20251014.tif)
[OK  ] 2025-10-13 metadata matches remote
[OK  ] 2025-10-13 expanded data present (prism_ppt_us_30s_20251013.tif)
[OK  ] 2025-10-12 metadata matches remote
[OK  ] 2025-10-12 expanded data present (prism_ppt_us_30s_20251012.tif)
[OK  ] 2025-10-11 metadata matches remote
[OK  ] 2025-10-11 expanded data present (prism_ppt_us_30s_20251011.tif)
[OK  ] 2025-10-10 metadata matches remote
[OK  ] 2025-10-10 expanded data present (prism_ppt_us_30s_20251010.tif)
[OK  ] 2025-10-09 metadata matches remote
[OK  ] 2025-10-09 expanded data present (prism_ppt_us_30s_20251009.tif)
[OK  ] 2025-10-08 metadata matches remote
[OK  ] 2025-10-08 expanded data present (prism_ppt_us_30s_20251008.tif)
[OK  ] 2025-10-07 metadata matches remote
[OK  ] 2025-10-07 expanded data present (prism_ppt_us_30s_20251007.tif)
[OK  ] 2025-10-06 metadata matches remote
[OK  ] 2025-10-06 expanded data present (prism_ppt_us_30s_20251006.tif)
[OK  ] 2025-10-05 metadata matches remote
[OK  ] 2025-10-05 expanded data present (prism_ppt_us_30s_20251005.tif)
[OK  ] 2025-10-04 metadata matches remote
[OK  ] 2025-10-04 expanded data present (prism_ppt_us_30s_20251004.tif)
[OK  ] 2025-10-03 metadata matches remote
[OK  ] 2025-10-03 expanded data present (prism_ppt_us_30s_20251003.tif)
[OK  ] 2025-10-02 metadata matches remote
[OK  ] 2025-10-02 expanded data present (prism_ppt_us_30s_20251002.tif)
[OK  ] 2025-10-01 metadata matches remote
[OK  ] 2025-10-01 expanded data present (prism_ppt_us_30s_20251001.tif)
[OK  ] 2025-09-30 metadata matches remote
[OK  ] 2025-09-30 expanded data present (prism_ppt_us_30s_20250930.tif)
[OK  ] 2025-09-29 metadata matches remote
[OK  ] 2025-09-29 expanded data present (prism_ppt_us_30s_20250929.tif)
[INFO] Pruning files outside the past window...
[PRUNE] Removed old file → prism_ppt_us_30s_20250928.meta.json
[PRUNE] Removed old folder → prism_ppt_us_30s_20250928
2025-10-29 05:00:22,348 | INFO | Running predict_daily_triple.py
2025-10-29 05:34:54,427 | INFO | Rainfall window: 2025-09-28 → 2025-10-27 (29 files, 1 missing → zero-filled).
Sampling rainfall at 2,452 PRISM grid cells…
Sampling static attributes at grid centers…
Running models…
/Users/wonjunchoi/PycharmProjects/realtime-buncombe/venv/lib/python3.9/site-packages/sklearn/utils/validation.py:2732: UserWarning: X has feature names, but RandomForestClassifier was fitted without feature names
  warnings.warn(
ok: wrote 2,452 rows for 2025-10-28 (rainfall through 2025-10-27)
parquet: /Users/wonjunchoi/PycharmProjects/realtime-buncombe/predictions/historicData/2025/10/predictions_2025-10-28.parquet
geojson: /Users/wonjunchoi/PycharmProjects/realtime-buncombe/predictions/historicData/2025/10/map_2025-10-28.geojson
meta: /Users/wonjunchoi/PycharmProjects/realtime-buncombe/predictions/historicData/2025/10/meta_2025-10-28.json
latest: /Users/wonjunchoi/PycharmProjects/realtime-buncombe/predictions/latest.geojson, /Users/wonjunchoi/PycharmProjects/realtime-buncombe/predictions/latest.json
manifest: /Users/wonjunchoi/PycharmProjects/realtime-buncombe/predictions/index.json
2025-10-29 05:34:54,431 | INFO | Committing and pushing changes
2025-10-29 05:34:55,373 | INFO | [main 33ad183] Auto-update: rainfall & predictions @ 2025-10-29 05:34:54
 7 files changed, 139 insertions(+), 7 deletions(-)
 create mode 100644 predictions/historicData/2025/10/map_2025-10-28.geojson
 create mode 100644 predictions/historicData/2025/10/meta_2025-10-28.json
 create mode 100644 predictions/historicData/2025/10/predictions_2025-10-28.parquet
2025-10-29 05:35:05,476 | INFO | Locking support detected on remote "origin". Consider enabling it with:
  $ git config lfs.https://github.com-buncombe/WonjunChoi1004/realtime-buncombe.git/info/lfs.locksverify true
Uploading LFS objects: 100% (1/1), 106 KB | 0 B/s, done.
To github.com-buncombe:WonjunChoi1004/realtime-buncombe.git
   6808c67..33ad183  main -> main
2025-10-29 05:35:05,478 | INFO | Push succeeded.
▶️ Running daily auto-update job...
✅ Already ran today, skipping.
✅ Already ran today, skipping.
✅ Already ran today, skipping.
✅ Already ran today, skipping.
✅ Already ran today, skipping.
✅ Already ran today, skipping.
✅ Already ran today, skipping.
2025-10-30 05:06:59,932 | INFO | Internet connection detected. Proceeding with update.
2025-10-30 05:06:59,933 | INFO | Running download_prism_daily.py
2025-10-30 05:16:41,537 | INFO | /Users/wonjunchoi/PycharmProjects/realtime-buncombe/venv/lib/python3.9/site-packages/urllib3/__init__.py:35: NotOpenSSLWarning: urllib3 v2 only supports OpenSSL 1.1.1+, currently the 'ssl' module is compiled with 'LibreSSL 2.8.3'. See: https://github.com/urllib3/urllib3/issues/3020
  warnings.warn(
[SKIP] 2025-10-29 not found online.
[GET ] 2025-10-28 → https://data.prism.oregonstate.edu/time_series/us/an/800m/ppt/daily/2025/prism_ppt_us_30s_20251028.zip
[DONE] Updated ZIP for 2025-10-28
[MISS] 2025-10-28 missing expanded .tif — extracting now.
[UNZIP] Extracted → /Users/wonjunchoi/PycharmProjects/realtime-buncombe/data/rain/prism_ppt_us_30s_20251028
[CLEAN] 2025-10-28 removed ZIP after extraction.
[OK  ] 2025-10-27 metadata matches remote
[OK  ] 2025-10-27 expanded data present (prism_ppt_us_30s_20251027.tif)
[OK  ] 2025-10-26 metadata matches remote
[OK  ] 2025-10-26 expanded data present (prism_ppt_us_30s_20251026.tif)
[OK  ] 2025-10-25 metadata matches remote
[OK  ] 2025-10-25 expanded data present (prism_ppt_us_30s_20251025.tif)
[CLEAN] 2025-10-24 removed old expanded folder → prism_ppt_us_30s_20251024
[GET ] 2025-10-24 → https://data.prism.oregonstate.edu/time_series/us/an/800m/ppt/daily/2025/prism_ppt_us_30s_20251024.zip
[DONE] Updated ZIP for 2025-10-24
[MISS] 2025-10-24 missing expanded .tif — extracting now.
[UNZIP] Extracted → /Users/wonjunchoi/PycharmProjects/realtime-buncombe/data/rain/prism_ppt_us_30s_20251024
[CLEAN] 2025-10-24 removed ZIP after extraction.
[OK  ] 2025-10-23 metadata matches remote
[OK  ] 2025-10-23 expanded data present (prism_ppt_us_30s_20251023.tif)
[OK  ] 2025-10-22 metadata matches remote
[OK  ] 2025-10-22 expanded data present (prism_ppt_us_30s_20251022.tif)
[OK  ] 2025-10-21 metadata matches remote
[OK  ] 2025-10-21 expanded data present (prism_ppt_us_30s_20251021.tif)
[ERR ] 2025-10-20 HTTPSConnectionPool(host='data.prism.oregonstate.edu', port=443): Read timed out. (read timeout=30)
[OK  ] 2025-10-19 metadata matches remote
[OK  ] 2025-10-19 expanded data present (prism_ppt_us_30s_20251019.tif)
[OK  ] 2025-10-18 metadata matches remote
[OK  ] 2025-10-18 expanded data present (prism_ppt_us_30s_20251018.tif)
[OK  ] 2025-10-17 metadata matches remote
[OK  ] 2025-10-17 expanded data present (prism_ppt_us_30s_20251017.tif)
[OK  ] 2025-10-16 metadata matches remote
[OK  ] 2025-10-16 expanded data present (prism_ppt_us_30s_20251016.tif)
[OK  ] 2025-10-15 metadata matches remote
[OK  ] 2025-10-15 expanded data present (prism_ppt_us_30s_20251015.tif)
[OK  ] 2025-10-14 metadata matches remote
[OK  ] 2025-10-14 expanded data present (prism_ppt_us_30s_20251014.tif)
[OK  ] 2025-10-13 metadata matches remote
[OK  ] 2025-10-13 expanded data present (prism_ppt_us_30s_20251013.tif)
[OK  ] 2025-10-12 metadata matches remote
[OK  ] 2025-10-12 expanded data present (prism_ppt_us_30s_20251012.tif)
[OK  ] 2025-10-11 metadata matches remote
[OK  ] 2025-10-11 expanded data present (prism_ppt_us_30s_20251011.tif)
[OK  ] 2025-10-10 metadata matches remote
[OK  ] 2025-10-10 expanded data present (prism_ppt_us_30s_20251010.tif)
[OK  ] 2025-10-09 metadata matches remote
[OK  ] 2025-10-09 expanded data present (prism_ppt_us_30s_20251009.tif)
[OK  ] 2025-10-08 metadata matches remote
[OK  ] 2025-10-08 expanded data present (prism_ppt_us_30s_20251008.tif)
[OK  ] 2025-10-07 metadata matches remote
[OK  ] 2025-10-07 expanded data present (prism_ppt_us_30s_20251007.tif)
[OK  ] 2025-10-06 metadata matches remote
[OK  ] 2025-10-06 expanded data present (prism_ppt_us_30s_20251006.tif)
[OK  ] 2025-10-05 metadata matches remote
[OK  ] 2025-10-05 expanded data present (prism_ppt_us_30s_20251005.tif)
[OK  ] 2025-10-04 metadata matches remote
[OK  ] 2025-10-04 expanded data present (prism_ppt_us_30s_20251004.tif)
[OK  ] 2025-10-03 metadata matches remote
[OK  ] 2025-10-03 expanded data present (prism_ppt_us_30s_20251003.tif)
[OK  ] 2025-10-02 metadata matches remote
[OK  ] 2025-10-02 expanded data present (prism_ppt_us_30s_20251002.tif)
[OK  ] 2025-10-01 metadata matches remote
[OK  ] 2025-10-01 expanded data present (prism_ppt_us_30s_20251001.tif)
[OK  ] 2025-09-30 metadata matches remote
[OK  ] 2025-09-30 expanded data present (prism_ppt_us_30s_20250930.tif)
[INFO] Pruning files outside the past window...
[PRUNE] Removed old file → prism_ppt_us_30s_20250929.meta.json
[PRUNE] Removed old folder → prism_ppt_us_30s_20250929
2025-10-30 05:16:41,538 | INFO | Running predict_daily_triple.py
2025-10-30 08:39:39,144 | INFO | Rainfall window: 2025-09-29 → 2025-10-28 (29 files, 1 missing → zero-filled).
Sampling rainfall at 2,452 PRISM grid cells…
Sampling static attributes at grid centers…
Running models…
/Users/wonjunchoi/PycharmProjects/realtime-buncombe/venv/lib/python3.9/site-packages/sklearn/utils/validation.py:2732: UserWarning: X has feature names, but RandomForestClassifier was fitted without feature names
  warnings.warn(
python(12308) MallocStackLogging: can't turn off malloc stack logging because it was not enabled.
ok: wrote 2,452 rows for 2025-10-29 (rainfall through 2025-10-28)
parquet: /Users/wonjunchoi/PycharmProjects/realtime-buncombe/predictions/historicData/2025/10/predictions_2025-10-29.parquet
geojson: /Users/wonjunchoi/PycharmProjects/realtime-buncombe/predictions/historicData/2025/10/map_2025-10-29.geojson
meta: /Users/wonjunchoi/PycharmProjects/realtime-buncombe/predictions/historicData/2025/10/meta_2025-10-29.json
latest: /Users/wonjunchoi/PycharmProjects/realtime-buncombe/predictions/latest.geojson, /Users/wonjunchoi/PycharmProjects/realtime-buncombe/predictions/latest.json
manifest: /Users/wonjunchoi/PycharmProjects/realtime-buncombe/predictions/index.json
2025-10-30 08:39:39,146 | INFO | Committing and pushing changes
2025-10-30 08:39:40,316 | INFO | [main a34a2ed] Auto-update: rainfall & predictions @ 2025-10-30 08:39:39
 7 files changed, 139 insertions(+), 7 deletions(-)
 create mode 100644 predictions/historicData/2025/10/map_2025-10-29.geojson
 create mode 100644 predictions/historicData/2025/10/meta_2025-10-29.json
 create mode 100644 predictions/historicData/2025/10/predictions_2025-10-29.parquet
2025-10-30 08:39:45,495 | INFO | Locking support detected on remote "origin". Consider enabling it with:
  $ git config lfs.https://github.com-buncombe/WonjunChoi1004/realtime-buncombe.git/info/lfs.locksverify true
Uploading LFS objects: 100% (1/1), 112 KB | 0 B/s, done.
To github.com-buncombe:WonjunChoi1004/realtime-buncombe.git
   33ad183..a34a2ed  main -> main
2025-10-30 08:39:45,495 | INFO | Push succeeded.
▶️ Running daily auto-update job...
✅ Already ran today, skipping.
✅ Already ran today, skipping.
✅ Already ran today, skipping.
✅ Already ran today, skipping.
2025-10-31 08:21:13,797 | WARNING | No internet connection — delaying run. Retrying in 15 minutes...
2025-10-31 09:22:44,795 | INFO | Internet connection detected. Proceeding with update.
2025-10-31 09:22:44,797 | INFO | Running download_prism_daily.py
2025-10-31 09:23:08,432 | INFO | /Users/wonjunchoi/PycharmProjects/realtime-buncombe/venv/lib/python3.9/site-packages/urllib3/__init__.py:35: NotOpenSSLWarning: urllib3 v2 only supports OpenSSL 1.1.1+, currently the 'ssl' module is compiled with 'LibreSSL 2.8.3'. See: https://github.com/urllib3/urllib3/issues/3020
  warnings.warn(
[GET ] 2025-10-30 → https://data.prism.oregonstate.edu/time_series/us/an/800m/ppt/daily/2025/prism_ppt_us_30s_20251030.zip
[DONE] Updated ZIP for 2025-10-30
[MISS] 2025-10-30 missing expanded .tif — extracting now.
[UNZIP] Extracted → /Users/wonjunchoi/PycharmProjects/realtime-buncombe/data/rain/prism_ppt_us_30s_20251030
[CLEAN] 2025-10-30 removed ZIP after extraction.
[GET ] 2025-10-29 → https://data.prism.oregonstate.edu/time_series/us/an/800m/ppt/daily/2025/prism_ppt_us_30s_20251029.zip
[DONE] Updated ZIP for 2025-10-29
[MISS] 2025-10-29 missing expanded .tif — extracting now.
[UNZIP] Extracted → /Users/wonjunchoi/PycharmProjects/realtime-buncombe/data/rain/prism_ppt_us_30s_20251029
[CLEAN] 2025-10-29 removed ZIP after extraction.
[OK  ] 2025-10-28 metadata matches remote
[OK  ] 2025-10-28 expanded data present (prism_ppt_us_30s_20251028.tif)
[OK  ] 2025-10-27 metadata matches remote
[OK  ] 2025-10-27 expanded data present (prism_ppt_us_30s_20251027.tif)
[CLEAN] 2025-10-26 removed old expanded folder → prism_ppt_us_30s_20251026
[GET ] 2025-10-26 → https://data.prism.oregonstate.edu/time_series/us/an/800m/ppt/daily/2025/prism_ppt_us_30s_20251026.zip
[DONE] Updated ZIP for 2025-10-26
[MISS] 2025-10-26 missing expanded .tif — extracting now.
[UNZIP] Extracted → /Users/wonjunchoi/PycharmProjects/realtime-buncombe/data/rain/prism_ppt_us_30s_20251026
[CLEAN] 2025-10-26 removed ZIP after extraction.
[CLEAN] 2025-10-25 removed old expanded folder → prism_ppt_us_30s_20251025
[GET ] 2025-10-25 → https://data.prism.oregonstate.edu/time_series/us/an/800m/ppt/daily/2025/prism_ppt_us_30s_20251025.zip
[DONE] Updated ZIP for 2025-10-25
[MISS] 2025-10-25 missing expanded .tif — extracting now.
[UNZIP] Extracted → /Users/wonjunchoi/PycharmProjects/realtime-buncombe/data/rain/prism_ppt_us_30s_20251025
[CLEAN] 2025-10-25 removed ZIP after extraction.
[OK  ] 2025-10-24 metadata matches remote
[OK  ] 2025-10-24 expanded data present (prism_ppt_us_30s_20251024.tif)
[OK  ] 2025-10-23 metadata matches remote
[OK  ] 2025-10-23 expanded data present (prism_ppt_us_30s_20251023.tif)
[OK  ] 2025-10-22 metadata matches remote
[OK  ] 2025-10-22 expanded data present (prism_ppt_us_30s_20251022.tif)
[OK  ] 2025-10-21 metadata matches remote
[OK  ] 2025-10-21 expanded data present (prism_ppt_us_30s_20251021.tif)
[OK  ] 2025-10-20 metadata matches remote
[OK  ] 2025-10-20 expanded data present (prism_ppt_us_30s_20251020.tif)
[OK  ] 2025-10-19 metadata matches remote
[OK  ] 2025-10-19 expanded data present (prism_ppt_us_30s_20251019.tif)
[OK  ] 2025-10-18 metadata matches remote
[OK  ] 2025-10-18 expanded data present (prism_ppt_us_30s_20251018.tif)
[OK  ] 2025-10-17 metadata matches remote
[OK  ] 2025-10-17 expanded data present (prism_ppt_us_30s_20251017.tif)
[OK  ] 2025-10-16 metadata matches remote
[OK  ] 2025-10-16 expanded data present (prism_ppt_us_30s_20251016.tif)
[OK  ] 2025-10-15 metadata matches remote
[OK  ] 2025-10-15 expanded data present (prism_ppt_us_30s_20251015.tif)
[OK  ] 2025-10-14 metadata matches remote
[OK  ] 2025-10-14 expanded data present (prism_ppt_us_30s_20251014.tif)
[OK  ] 2025-10-13 metadata matches remote
[OK  ] 2025-10-13 expanded data present (prism_ppt_us_30s_20251013.tif)
[OK  ] 2025-10-12 metadata matches remote
[OK  ] 2025-10-12 expanded data present (prism_ppt_us_30s_20251012.tif)
[OK  ] 2025-10-11 metadata matches remote
[OK  ] 2025-10-11 expanded data present (prism_ppt_us_30s_20251011.tif)
[OK  ] 2025-10-10 metadata matches remote
[OK  ] 2025-10-10 expanded data present (prism_ppt_us_30s_20251010.tif)
[OK  ] 2025-10-09 metadata matches remote
[OK  ] 2025-10-09 expanded data present (prism_ppt_us_30s_20251009.tif)
[OK  ] 2025-10-08 metadata matches remote
[OK  ] 2025-10-08 expanded data present (prism_ppt_us_30s_20251008.tif)
[OK  ] 2025-10-07 metadata matches remote
[OK  ] 2025-10-07 expanded data present (prism_ppt_us_30s_20251007.tif)
[OK  ] 2025-10-06 metadata matches remote
[OK  ] 2025-10-06 expanded data present (prism_ppt_us_30s_20251006.tif)
[OK  ] 2025-10-05 metadata matches remote
[OK  ] 2025-10-05 expanded data present (prism_ppt_us_30s_20251005.tif)
[OK  ] 2025-10-04 metadata matches remote
[OK  ] 2025-10-04 expanded data present (prism_ppt_us_30s_20251004.tif)
[OK  ] 2025-10-03 metadata matches remote
[OK  ] 2025-10-03 expanded data present (prism_ppt_us_30s_20251003.tif)
[OK  ] 2025-10-02 metadata matches remote
[OK  ] 2025-10-02 expanded data present (prism_ppt_us_30s_20251002.tif)
[OK  ] 2025-10-01 metadata matches remote
[OK  ] 2025-10-01 expanded data present (prism_ppt_us_30s_20251001.tif)
[INFO] Pruning files outside the past window...
[PRUNE] Removed old folder → prism_ppt_us_30s_20250930
[PRUNE] Removed old file → prism_ppt_us_30s_20250930.meta.json
2025-10-31 09:23:08,433 | INFO | Running predict_daily_triple.py
2025-10-31 10:10:55,301 | INFO | Rainfall window: 2025-10-01 → 2025-10-30 (30 files, 0 missing → zero-filled).
Sampling rainfall at 2,452 PRISM grid cells…
Sampling static attributes at grid centers…
Running models…
/Users/wonjunchoi/PycharmProjects/realtime-buncombe/venv/lib/python3.9/site-packages/sklearn/utils/validation.py:2732: UserWarning: X has feature names, but RandomForestClassifier was fitted without feature names
  warnings.warn(
ok: wrote 2,452 rows for 2025-10-30 (rainfall through 2025-10-30)
parquet: /Users/wonjunchoi/PycharmProjects/realtime-buncombe/predictions/historicData/2025/10/predictions_2025-10-30.parquet
geojson: /Users/wonjunchoi/PycharmProjects/realtime-buncombe/predictions/historicData/2025/10/map_2025-10-30.geojson
meta: /Users/wonjunchoi/PycharmProjects/realtime-buncombe/predictions/historicData/2025/10/meta_2025-10-30.json
latest: /Users/wonjunchoi/PycharmProjects/realtime-buncombe/predictions/latest.geojson, /Users/wonjunchoi/PycharmProjects/realtime-buncombe/predictions/latest.json
manifest: /Users/wonjunchoi/PycharmProjects/realtime-buncombe/predictions/index.json
2025-10-31 10:10:55,303 | INFO | Committing and pushing changes
2025-10-31 10:10:56,142 | INFO | [main 356ccab] Auto-update: rainfall & predictions @ 2025-10-31 10:10:55
 7 files changed, 145 insertions(+), 7 deletions(-)
 create mode 100644 predictions/historicData/2025/10/map_2025-10-30.geojson
 create mode 100644 predictions/historicData/2025/10/meta_2025-10-30.json
 create mode 100644 predictions/historicData/2025/10/predictions_2025-10-30.parquet
2025-10-31 10:11:02,285 | INFO | Locking support detected on remote "origin". Consider enabling it with:
  $ git config lfs.https://github.com-buncombe/WonjunChoi1004/realtime-buncombe.git/info/lfs.locksverify true
To github.com-buncombe:WonjunChoi1004/realtime-buncombe.git
   a34a2ed..356ccab  main -> main
2025-10-31 10:11:02,286 | INFO | Push succeeded.
▶️ Running daily auto-update job...
✅ Already ran today, skipping.
✅ Already ran today, skipping.
2025-11-01 19:34:52,691 | WARNING | No internet connection — delaying run. Retrying in 15 minutes...
2025-11-01 19:49:53,274 | INFO | Internet connection detected. Proceeding with update.
2025-11-01 19:49:53,278 | INFO | Running download_prism_daily.py
2025-11-01 19:50:42,334 | INFO | /Users/wonjunchoi/PycharmProjects/realtime-buncombe/venv/lib/python3.9/site-packages/urllib3/__init__.py:35: NotOpenSSLWarning: urllib3 v2 only supports OpenSSL 1.1.1+, currently the 'ssl' module is compiled with 'LibreSSL 2.8.3'. See: https://github.com/urllib3/urllib3/issues/3020
  warnings.warn(
[GET ] 2025-10-31 → https://data.prism.oregonstate.edu/time_series/us/an/800m/ppt/daily/2025/prism_ppt_us_30s_20251031.zip
[DONE] Updated ZIP for 2025-10-31
[MISS] 2025-10-31 missing expanded .tif — extracting now.
[UNZIP] Extracted → /Users/wonjunchoi/PycharmProjects/realtime-buncombe/data/rain/prism_ppt_us_30s_20251031
[CLEAN] 2025-10-31 removed ZIP after extraction.
[OK  ] 2025-10-30 metadata matches remote
[OK  ] 2025-10-30 expanded data present (prism_ppt_us_30s_20251030.tif)
[OK  ] 2025-10-29 metadata matches remote
[OK  ] 2025-10-29 expanded data present (prism_ppt_us_30s_20251029.tif)
[OK  ] 2025-10-28 metadata matches remote
[OK  ] 2025-10-28 expanded data present (prism_ppt_us_30s_20251028.tif)
[CLEAN] 2025-10-27 removed old expanded folder → prism_ppt_us_30s_20251027
[GET ] 2025-10-27 → https://data.prism.oregonstate.edu/time_series/us/an/800m/ppt/daily/2025/prism_ppt_us_30s_20251027.zip
[DONE] Updated ZIP for 2025-10-27
[MISS] 2025-10-27 missing expanded .tif — extracting now.
[UNZIP] Extracted → /Users/wonjunchoi/PycharmProjects/realtime-buncombe/data/rain/prism_ppt_us_30s_20251027
[CLEAN] 2025-10-27 removed ZIP after extraction.
[OK  ] 2025-10-26 metadata matches remote
[OK  ] 2025-10-26 expanded data present (prism_ppt_us_30s_20251026.tif)
[OK  ] 2025-10-25 metadata matches remote
[OK  ] 2025-10-25 expanded data present (prism_ppt_us_30s_20251025.tif)
[OK  ] 2025-10-24 metadata matches remote
[OK  ] 2025-10-24 expanded data present (prism_ppt_us_30s_20251024.tif)
[OK  ] 2025-10-23 metadata matches remote
[OK  ] 2025-10-23 expanded data present (prism_ppt_us_30s_20251023.tif)
[OK  ] 2025-10-22 metadata matches remote
[OK  ] 2025-10-22 expanded data present (prism_ppt_us_30s_20251022.tif)
[OK  ] 2025-10-21 metadata matches remote
[OK  ] 2025-10-21 expanded data present (prism_ppt_us_30s_20251021.tif)
[OK  ] 2025-10-20 metadata matches remote
[OK  ] 2025-10-20 expanded data present (prism_ppt_us_30s_20251020.tif)
[OK  ] 2025-10-19 metadata matches remote
[OK  ] 2025-10-19 expanded data present (prism_ppt_us_30s_20251019.tif)
[OK  ] 2025-10-18 metadata matches remote
[OK  ] 2025-10-18 expanded data present (prism_ppt_us_30s_20251018.tif)
[OK  ] 2025-10-17 metadata matches remote
[OK  ] 2025-10-17 expanded data present (prism_ppt_us_30s_20251017.tif)
[OK  ] 2025-10-16 metadata matches remote
[OK  ] 2025-10-16 expanded data present (prism_ppt_us_30s_20251016.tif)
[OK  ] 2025-10-15 metadata matches remote
[OK  ] 2025-10-15 expanded data present (prism_ppt_us_30s_20251015.tif)
[OK  ] 2025-10-14 metadata matches remote
[OK  ] 2025-10-14 expanded data present (prism_ppt_us_30s_20251014.tif)
[OK  ] 2025-10-13 metadata matches remote
[OK  ] 2025-10-13 expanded data present (prism_ppt_us_30s_20251013.tif)
[OK  ] 2025-10-12 metadata matches remote
[OK  ] 2025-10-12 expanded data present (prism_ppt_us_30s_20251012.tif)
[OK  ] 2025-10-11 metadata matches remote
[OK  ] 2025-10-11 expanded data present (prism_ppt_us_30s_20251011.tif)
[OK  ] 2025-10-10 metadata matches remote
[OK  ] 2025-10-10 expanded data present (prism_ppt_us_30s_20251010.tif)
[OK  ] 2025-10-09 metadata matches remote
[OK  ] 2025-10-09 expanded data present (prism_ppt_us_30s_20251009.tif)
[OK  ] 2025-10-08 metadata matches remote
[OK  ] 2025-10-08 expanded data present (prism_ppt_us_30s_20251008.tif)
[OK  ] 2025-10-07 metadata matches remote
[OK  ] 2025-10-07 expanded data present (prism_ppt_us_30s_20251007.tif)
[OK  ] 2025-10-06 metadata matches remote
[OK  ] 2025-10-06 expanded data present (prism_ppt_us_30s_20251006.tif)
[OK  ] 2025-10-05 metadata matches remote
[OK  ] 2025-10-05 expanded data present (prism_ppt_us_30s_20251005.tif)
[OK  ] 2025-10-04 metadata matches remote
[OK  ] 2025-10-04 expanded data present (prism_ppt_us_30s_20251004.tif)
[OK  ] 2025-10-03 metadata matches remote
[OK  ] 2025-10-03 expanded data present (prism_ppt_us_30s_20251003.tif)
[OK  ] 2025-10-02 metadata matches remote
[OK  ] 2025-10-02 expanded data present (prism_ppt_us_30s_20251002.tif)
[INFO] Pruning files outside the past window...
[PRUNE] Removed old folder → prism_ppt_us_30s_20251001
[PRUNE] Removed old file → prism_ppt_us_30s_20251001.meta.json
2025-11-01 19:50:42,336 | INFO | Running predict_daily_triple.py
2025-11-01 20:17:38,908 | INFO | Rainfall window: 2025-10-02 → 2025-10-31 (30 files, 0 missing → zero-filled).
Sampling rainfall at 2,452 PRISM grid cells…
Sampling static attributes at grid centers…
Running models…
/Users/wonjunchoi/PycharmProjects/realtime-buncombe/venv/lib/python3.9/site-packages/sklearn/utils/validation.py:2732: UserWarning: X has feature names, but RandomForestClassifier was fitted without feature names
  warnings.warn(
ok: wrote 2,452 rows for 2025-10-31 (rainfall through 2025-10-31)
parquet: /Users/wonjunchoi/PycharmProjects/realtime-buncombe/predictions/historicData/2025/10/predictions_2025-10-31.parquet
geojson: /Users/wonjunchoi/PycharmProjects/realtime-buncombe/predictions/historicData/2025/10/map_2025-10-31.geojson
meta: /Users/wonjunchoi/PycharmProjects/realtime-buncombe/predictions/historicData/2025/10/meta_2025-10-31.json
latest: /Users/wonjunchoi/PycharmProjects/realtime-buncombe/predictions/latest.geojson, /Users/wonjunchoi/PycharmProjects/realtime-buncombe/predictions/latest.json
manifest: /Users/wonjunchoi/PycharmProjects/realtime-buncombe/predictions/index.json
2025-11-01 20:17:38,909 | INFO | Committing and pushing changes
2025-11-01 20:17:39,535 | INFO | [main 7212304] Auto-update: rainfall & predictions @ 2025-11-01 20:17:39
 7 files changed, 135 insertions(+), 7 deletions(-)
 create mode 100644 predictions/historicData/2025/10/map_2025-10-31.geojson
 create mode 100644 predictions/historicData/2025/10/meta_2025-10-31.json
 create mode 100644 predictions/historicData/2025/10/predictions_2025-10-31.parquet
2025-11-01 20:17:45,384 | INFO | Locking support detected on remote "origin". Consider enabling it with:
  $ git config lfs.https://github.com-buncombe/WonjunChoi1004/realtime-buncombe.git/info/lfs.locksverify true
Uploading LFS objects: 100% (1/1), 110 KB | 0 B/s, done.
To github.com-buncombe:WonjunChoi1004/realtime-buncombe.git
   356ccab..7212304  main -> main
2025-11-01 20:17:45,384 | INFO | Push succeeded.
▶️ Running daily auto-update job...
✅ Already ran today, skipping.
2025-11-02 05:00:01,146 | INFO | Internet connection detected. Proceeding with update.
2025-11-02 05:00:01,147 | INFO | Running download_prism_daily.py
2025-11-02 05:00:16,096 | INFO | /Users/wonjunchoi/PycharmProjects/realtime-buncombe/venv/lib/python3.9/site-packages/urllib3/__init__.py:35: NotOpenSSLWarning: urllib3 v2 only supports OpenSSL 1.1.1+, currently the 'ssl' module is compiled with 'LibreSSL 2.8.3'. See: https://github.com/urllib3/urllib3/issues/3020
  warnings.warn(
[SKIP] 2025-11-01 not found online.
[OK  ] 2025-10-31 metadata matches remote
[OK  ] 2025-10-31 expanded data present (prism_ppt_us_30s_20251031.tif)
[OK  ] 2025-10-30 metadata matches remote
[OK  ] 2025-10-30 expanded data present (prism_ppt_us_30s_20251030.tif)
[OK  ] 2025-10-29 metadata matches remote
[OK  ] 2025-10-29 expanded data present (prism_ppt_us_30s_20251029.tif)
[OK  ] 2025-10-28 metadata matches remote
[OK  ] 2025-10-28 expanded data present (prism_ppt_us_30s_20251028.tif)
[OK  ] 2025-10-27 metadata matches remote
[OK  ] 2025-10-27 expanded data present (prism_ppt_us_30s_20251027.tif)
[OK  ] 2025-10-26 metadata matches remote
[OK  ] 2025-10-26 expanded data present (prism_ppt_us_30s_20251026.tif)
[OK  ] 2025-10-25 metadata matches remote
[OK  ] 2025-10-25 expanded data present (prism_ppt_us_30s_20251025.tif)
[OK  ] 2025-10-24 metadata matches remote
[OK  ] 2025-10-24 expanded data present (prism_ppt_us_30s_20251024.tif)
[OK  ] 2025-10-23 metadata matches remote
[OK  ] 2025-10-23 expanded data present (prism_ppt_us_30s_20251023.tif)
[OK  ] 2025-10-22 metadata matches remote
[OK  ] 2025-10-22 expanded data present (prism_ppt_us_30s_20251022.tif)
[OK  ] 2025-10-21 metadata matches remote
[OK  ] 2025-10-21 expanded data present (prism_ppt_us_30s_20251021.tif)
[OK  ] 2025-10-20 metadata matches remote
[OK  ] 2025-10-20 expanded data present (prism_ppt_us_30s_20251020.tif)
[OK  ] 2025-10-19 metadata matches remote
[OK  ] 2025-10-19 expanded data present (prism_ppt_us_30s_20251019.tif)
[OK  ] 2025-10-18 metadata matches remote
[OK  ] 2025-10-18 expanded data present (prism_ppt_us_30s_20251018.tif)
[OK  ] 2025-10-17 metadata matches remote
[OK  ] 2025-10-17 expanded data present (prism_ppt_us_30s_20251017.tif)
[OK  ] 2025-10-16 metadata matches remote
[OK  ] 2025-10-16 expanded data present (prism_ppt_us_30s_20251016.tif)
[OK  ] 2025-10-15 metadata matches remote
[OK  ] 2025-10-15 expanded data present (prism_ppt_us_30s_20251015.tif)
[OK  ] 2025-10-14 metadata matches remote
[OK  ] 2025-10-14 expanded data present (prism_ppt_us_30s_20251014.tif)
[OK  ] 2025-10-13 metadata matches remote
[OK  ] 2025-10-13 expanded data present (prism_ppt_us_30s_20251013.tif)
[OK  ] 2025-10-12 metadata matches remote
[OK  ] 2025-10-12 expanded data present (prism_ppt_us_30s_20251012.tif)
[OK  ] 2025-10-11 metadata matches remote
[OK  ] 2025-10-11 expanded data present (prism_ppt_us_30s_20251011.tif)
[OK  ] 2025-10-10 metadata matches remote
[OK  ] 2025-10-10 expanded data present (prism_ppt_us_30s_20251010.tif)
[OK  ] 2025-10-09 metadata matches remote
[OK  ] 2025-10-09 expanded data present (prism_ppt_us_30s_20251009.tif)
[OK  ] 2025-10-08 metadata matches remote
[OK  ] 2025-10-08 expanded data present (prism_ppt_us_30s_20251008.tif)
[OK  ] 2025-10-07 metadata matches remote
[OK  ] 2025-10-07 expanded data present (prism_ppt_us_30s_20251007.tif)
[OK  ] 2025-10-06 metadata matches remote
[OK  ] 2025-10-06 expanded data present (prism_ppt_us_30s_20251006.tif)
[OK  ] 2025-10-05 metadata matches remote
[OK  ] 2025-10-05 expanded data present (prism_ppt_us_30s_20251005.tif)
[OK  ] 2025-10-04 metadata matches remote
[OK  ] 2025-10-04 expanded data present (prism_ppt_us_30s_20251004.tif)
[OK  ] 2025-10-03 metadata matches remote
[OK  ] 2025-10-03 expanded data present (prism_ppt_us_30s_20251003.tif)
[INFO] Pruning files outside the past window...
[PRUNE] Removed old file → prism_ppt_us_30s_20251002.meta.json
[PRUNE] Removed old folder → prism_ppt_us_30s_20251002
2025-11-02 05:00:16,097 | INFO | Running predict_daily_triple.py
2025-11-02 08:50:27,247 | INFO | Rainfall window: 2025-10-02 → 2025-10-31 (29 files, 1 missing → zero-filled).
Sampling rainfall at 2,452 PRISM grid cells…
Sampling static attributes at grid centers…
Running models…
/Users/wonjunchoi/PycharmProjects/realtime-buncombe/venv/lib/python3.9/site-packages/sklearn/utils/validation.py:2732: UserWarning: X has feature names, but RandomForestClassifier was fitted without feature names
  warnings.warn(
ok: wrote 2,452 rows for 2025-11-01 (rainfall through 2025-10-31)
parquet: /Users/wonjunchoi/PycharmProjects/realtime-buncombe/predictions/historicData/2025/11/predictions_2025-11-01.parquet
geojson: /Users/wonjunchoi/PycharmProjects/realtime-buncombe/predictions/historicData/2025/11/map_2025-11-01.geojson
meta: /Users/wonjunchoi/PycharmProjects/realtime-buncombe/predictions/historicData/2025/11/meta_2025-11-01.json
latest: /Users/wonjunchoi/PycharmProjects/realtime-buncombe/predictions/latest.geojson, /Users/wonjunchoi/PycharmProjects/realtime-buncombe/predictions/latest.json
manifest: /Users/wonjunchoi/PycharmProjects/realtime-buncombe/predictions/index.json
2025-11-02 08:50:27,250 | INFO | Committing and pushing changes
2025-11-02 08:50:27,913 | INFO | [main d4bd2a0] Auto-update: rainfall & predictions @ 2025-11-02 08:50:27
 15 files changed, 180 insertions(+), 981 deletions(-)
 delete mode 100644 ArcGISmap.html
 delete mode 100644 app/rainfall_features.py
 delete mode 100644 app/rainfall_features_map.py
 create mode 100644 predictions/historicData/2025/11/map_2025-11-01.geojson
 create mode 100644 predictions/historicData/2025/11/meta_2025-11-01.json
 create mode 100644 predictions/historicData/2025/11/predictions_2025-11-01.parquet
 delete mode 100644 preview_map.html
 delete mode 100644 reports/quicklook_2025-10-17_logistic.png
 delete mode 100644 scripts/publish_predictions_geojson.py
 delete mode 100644 scripts/update_daily.py
2025-11-02 08:50:36,678 | INFO | Locking support detected on remote "origin". Consider enabling it with:
  $ git config lfs.https://github.com-buncombe/WonjunChoi1004/realtime-buncombe.git/info/lfs.locksverify true
To github.com-buncombe:WonjunChoi1004/realtime-buncombe.git
   7212304..d4bd2a0  main -> main
2025-11-02 08:50:36,678 | INFO | Push succeeded.
▶️ Running daily auto-update job...
✅ Already ran today, skipping.
✅ Already ran today, skipping.
2025-11-03 05:00:00,485 | INFO | Internet connection detected. Proceeding with update.
2025-11-03 05:00:00,486 | INFO | Running download_prism_daily.py
2025-11-03 05:00:19,402 | INFO | /Users/wonjunchoi/PycharmProjects/realtime-buncombe/venv/lib/python3.9/site-packages/urllib3/__init__.py:35: NotOpenSSLWarning: urllib3 v2 only supports OpenSSL 1.1.1+, currently the 'ssl' module is compiled with 'LibreSSL 2.8.3'. See: https://github.com/urllib3/urllib3/issues/3020
  warnings.warn(
[SKIP] 2025-11-02 not found online.
[GET ] 2025-11-01 → https://data.prism.oregonstate.edu/time_series/us/an/800m/ppt/daily/2025/prism_ppt_us_30s_20251101.zip
[DONE] Updated ZIP for 2025-11-01
[MISS] 2025-11-01 missing expanded .tif — extracting now.
[UNZIP] Extracted → /Users/wonjunchoi/PycharmProjects/realtime-buncombe/data/rain/prism_ppt_us_30s_20251101
[CLEAN] 2025-11-01 removed ZIP after extraction.
[OK  ] 2025-10-31 metadata matches remote
[OK  ] 2025-10-31 expanded data present (prism_ppt_us_30s_20251031.tif)
[OK  ] 2025-10-30 metadata matches remote
[OK  ] 2025-10-30 expanded data present (prism_ppt_us_30s_20251030.tif)
[OK  ] 2025-10-29 metadata matches remote
[OK  ] 2025-10-29 expanded data present (prism_ppt_us_30s_20251029.tif)
[CLEAN] 2025-10-28 removed old expanded folder → prism_ppt_us_30s_20251028
[GET ] 2025-10-28 → https://data.prism.oregonstate.edu/time_series/us/an/800m/ppt/daily/2025/prism_ppt_us_30s_20251028.zip
[DONE] Updated ZIP for 2025-10-28
[MISS] 2025-10-28 missing expanded .tif — extracting now.
[UNZIP] Extracted → /Users/wonjunchoi/PycharmProjects/realtime-buncombe/data/rain/prism_ppt_us_30s_20251028
[CLEAN] 2025-10-28 removed ZIP after extraction.
[OK  ] 2025-10-27 metadata matches remote
[OK  ] 2025-10-27 expanded data present (prism_ppt_us_30s_20251027.tif)
[OK  ] 2025-10-26 metadata matches remote
[OK  ] 2025-10-26 expanded data present (prism_ppt_us_30s_20251026.tif)
[OK  ] 2025-10-25 metadata matches remote
[OK  ] 2025-10-25 expanded data present (prism_ppt_us_30s_20251025.tif)
[OK  ] 2025-10-24 metadata matches remote
[OK  ] 2025-10-24 expanded data present (prism_ppt_us_30s_20251024.tif)
[OK  ] 2025-10-23 metadata matches remote
[OK  ] 2025-10-23 expanded data present (prism_ppt_us_30s_20251023.tif)
[OK  ] 2025-10-22 metadata matches remote
[OK  ] 2025-10-22 expanded data present (prism_ppt_us_30s_20251022.tif)
[OK  ] 2025-10-21 metadata matches remote
[OK  ] 2025-10-21 expanded data present (prism_ppt_us_30s_20251021.tif)
[OK  ] 2025-10-20 metadata matches remote
[OK  ] 2025-10-20 expanded data present (prism_ppt_us_30s_20251020.tif)
[OK  ] 2025-10-19 metadata matches remote
[OK  ] 2025-10-19 expanded data present (prism_ppt_us_30s_20251019.tif)
[OK  ] 2025-10-18 metadata matches remote
[OK  ] 2025-10-18 expanded data present (prism_ppt_us_30s_20251018.tif)
[OK  ] 2025-10-17 metadata matches remote
[OK  ] 2025-10-17 expanded data present (prism_ppt_us_30s_20251017.tif)
[OK  ] 2025-10-16 metadata matches remote
[OK  ] 2025-10-16 expanded data present (prism_ppt_us_30s_20251016.tif)
[OK  ] 2025-10-15 metadata matches remote
[OK  ] 2025-10-15 expanded data present (prism_ppt_us_30s_20251015.tif)
[OK  ] 2025-10-14 metadata matches remote
[OK  ] 2025-10-14 expanded data present (prism_ppt_us_30s_20251014.tif)
[OK  ] 2025-10-13 metadata matches remote
[OK  ] 2025-10-13 expanded data present (prism_ppt_us_30s_20251013.tif)
[OK  ] 2025-10-12 metadata matches remote
[OK  ] 2025-10-12 expanded data present (prism_ppt_us_30s_20251012.tif)
[OK  ] 2025-10-11 metadata matches remote
[OK  ] 2025-10-11 expanded data present (prism_ppt_us_30s_20251011.tif)
[OK  ] 2025-10-10 metadata matches remote
[OK  ] 2025-10-10 expanded data present (prism_ppt_us_30s_20251010.tif)
[OK  ] 2025-10-09 metadata matches remote
[OK  ] 2025-10-09 expanded data present (prism_ppt_us_30s_20251009.tif)
[OK  ] 2025-10-08 metadata matches remote
[OK  ] 2025-10-08 expanded data present (prism_ppt_us_30s_20251008.tif)
[OK  ] 2025-10-07 metadata matches remote
[OK  ] 2025-10-07 expanded data present (prism_ppt_us_30s_20251007.tif)
[OK  ] 2025-10-06 metadata matches remote
[OK  ] 2025-10-06 expanded data present (prism_ppt_us_30s_20251006.tif)
[OK  ] 2025-10-05 metadata matches remote
[OK  ] 2025-10-05 expanded data present (prism_ppt_us_30s_20251005.tif)
[OK  ] 2025-10-04 metadata matches remote
[OK  ] 2025-10-04 expanded data present (prism_ppt_us_30s_20251004.tif)
[INFO] Pruning files outside the past window...
[PRUNE] Removed old file → prism_ppt_us_30s_20251003.meta.json
[PRUNE] Removed old folder → prism_ppt_us_30s_20251003
2025-11-03 05:00:19,403 | INFO | Running predict_daily_triple.py
2025-11-03 05:23:34,521 | INFO | Rainfall window: 2025-10-03 → 2025-11-01 (29 files, 1 missing → zero-filled).
Sampling rainfall at 2,452 PRISM grid cells…
Sampling static attributes at grid centers…
Running models…
/Users/wonjunchoi/PycharmProjects/realtime-buncombe/venv/lib/python3.9/site-packages/sklearn/utils/validation.py:2732: UserWarning: X has feature names, but RandomForestClassifier was fitted without feature names
  warnings.warn(
ok: wrote 2,452 rows for 2025-11-02 (rainfall through 2025-11-01)
parquet: /Users/wonjunchoi/PycharmProjects/realtime-buncombe/predictions/historicData/2025/11/predictions_2025-11-02.parquet
geojson: /Users/wonjunchoi/PycharmProjects/realtime-buncombe/predictions/historicData/2025/11/map_2025-11-02.geojson
meta: /Users/wonjunchoi/PycharmProjects/realtime-buncombe/predictions/historicData/2025/11/meta_2025-11-02.json
latest: /Users/wonjunchoi/PycharmProjects/realtime-buncombe/predictions/latest.geojson, /Users/wonjunchoi/PycharmProjects/realtime-buncombe/predictions/latest.json
manifest: /Users/wonjunchoi/PycharmProjects/realtime-buncombe/predictions/index.json
2025-11-03 05:23:34,522 | INFO | Committing and pushing changes
2025-11-03 05:23:35,353 | INFO | [main 9576112] Auto-update: rainfall & predictions @ 2025-11-03 05:23:34
 8 files changed, 140 insertions(+), 7 deletions(-)
 create mode 100644 predictions/historicData/2025/11/map_2025-11-02.geojson
 create mode 100644 predictions/historicData/2025/11/meta_2025-11-02.json
 create mode 100644 predictions/historicData/2025/11/predictions_2025-11-02.parquet
2025-11-03 05:23:40,153 | INFO | Locking support detected on remote "origin". Consider enabling it with:
  $ git config lfs.https://github.com-buncombe/WonjunChoi1004/realtime-buncombe.git/info/lfs.locksverify true
Uploading LFS objects: 100% (1/1), 102 KB | 0 B/s, done.
To github.com-buncombe:WonjunChoi1004/realtime-buncombe.git
   d4bd2a0..9576112  main -> main
2025-11-03 05:23:40,180 | INFO | Push succeeded.
▶️ Running daily auto-update job...
✅ Already ran today, skipping.
✅ Already ran today, skipping.
✅ Already ran today, skipping.
✅ Already ran today, skipping.
2025-11-04 05:04:30,599 | INFO | Internet connection detected. Proceeding with update.
2025-11-04 05:04:30,600 | INFO | Running download_prism_daily.py
2025-11-04 05:10:54,004 | INFO | /Users/wonjunchoi/PycharmProjects/realtime-buncombe/venv/lib/python3.9/site-packages/urllib3/__init__.py:35: NotOpenSSLWarning: urllib3 v2 only supports OpenSSL 1.1.1+, currently the 'ssl' module is compiled with 'LibreSSL 2.8.3'. See: https://github.com/urllib3/urllib3/issues/3020
  warnings.warn(
[SKIP] 2025-11-03 not found online.
[GET ] 2025-11-02 → https://data.prism.oregonstate.edu/time_series/us/an/800m/ppt/daily/2025/prism_ppt_us_30s_20251102.zip
[DONE] Updated ZIP for 2025-11-02
[MISS] 2025-11-02 missing expanded .tif — extracting now.
[UNZIP] Extracted → /Users/wonjunchoi/PycharmProjects/realtime-buncombe/data/rain/prism_ppt_us_30s_20251102
[CLEAN] 2025-11-02 removed ZIP after extraction.
[OK  ] 2025-11-01 metadata matches remote
[OK  ] 2025-11-01 expanded data present (prism_ppt_us_30s_20251101.tif)
[OK  ] 2025-10-31 metadata matches remote
[OK  ] 2025-10-31 expanded data present (prism_ppt_us_30s_20251031.tif)
[OK  ] 2025-10-30 metadata matches remote
[OK  ] 2025-10-30 expanded data present (prism_ppt_us_30s_20251030.tif)
[CLEAN] 2025-10-29 removed old expanded folder → prism_ppt_us_30s_20251029
[GET ] 2025-10-29 → https://data.prism.oregonstate.edu/time_series/us/an/800m/ppt/daily/2025/prism_ppt_us_30s_20251029.zip
[DONE] Updated ZIP for 2025-10-29
[MISS] 2025-10-29 missing expanded .tif — extracting now.
[UNZIP] Extracted → /Users/wonjunchoi/PycharmProjects/realtime-buncombe/data/rain/prism_ppt_us_30s_20251029
[CLEAN] 2025-10-29 removed ZIP after extraction.
[OK  ] 2025-10-28 metadata matches remote
[OK  ] 2025-10-28 expanded data present (prism_ppt_us_30s_20251028.tif)
[OK  ] 2025-10-27 metadata matches remote
[OK  ] 2025-10-27 expanded data present (prism_ppt_us_30s_20251027.tif)
[OK  ] 2025-10-26 metadata matches remote
[OK  ] 2025-10-26 expanded data present (prism_ppt_us_30s_20251026.tif)
[OK  ] 2025-10-25 metadata matches remote
[OK  ] 2025-10-25 expanded data present (prism_ppt_us_30s_20251025.tif)
[OK  ] 2025-10-24 metadata matches remote
[OK  ] 2025-10-24 expanded data present (prism_ppt_us_30s_20251024.tif)
[OK  ] 2025-10-23 metadata matches remote
[OK  ] 2025-10-23 expanded data present (prism_ppt_us_30s_20251023.tif)
[OK  ] 2025-10-22 metadata matches remote
[OK  ] 2025-10-22 expanded data present (prism_ppt_us_30s_20251022.tif)
[OK  ] 2025-10-21 metadata matches remote
[OK  ] 2025-10-21 expanded data present (prism_ppt_us_30s_20251021.tif)
[OK  ] 2025-10-20 metadata matches remote
[OK  ] 2025-10-20 expanded data present (prism_ppt_us_30s_20251020.tif)
[OK  ] 2025-10-19 metadata matches remote
[OK  ] 2025-10-19 expanded data present (prism_ppt_us_30s_20251019.tif)
[ERR ] 2025-10-18 HTTPSConnectionPool(host='data.prism.oregonstate.edu', port=443): Read timed out. (read timeout=30)
[OK  ] 2025-10-17 metadata matches remote
[OK  ] 2025-10-17 expanded data present (prism_ppt_us_30s_20251017.tif)
[OK  ] 2025-10-16 metadata matches remote
[OK  ] 2025-10-16 expanded data present (prism_ppt_us_30s_20251016.tif)
[OK  ] 2025-10-15 metadata matches remote
[OK  ] 2025-10-15 expanded data present (prism_ppt_us_30s_20251015.tif)
[OK  ] 2025-10-14 metadata matches remote
[OK  ] 2025-10-14 expanded data present (prism_ppt_us_30s_20251014.tif)
[OK  ] 2025-10-13 metadata matches remote
[OK  ] 2025-10-13 expanded data present (prism_ppt_us_30s_20251013.tif)
[OK  ] 2025-10-12 metadata matches remote
[OK  ] 2025-10-12 expanded data present (prism_ppt_us_30s_20251012.tif)
[OK  ] 2025-10-11 metadata matches remote
[OK  ] 2025-10-11 expanded data present (prism_ppt_us_30s_20251011.tif)
[OK  ] 2025-10-10 metadata matches remote
[OK  ] 2025-10-10 expanded data present (prism_ppt_us_30s_20251010.tif)
[OK  ] 2025-10-09 metadata matches remote
[OK  ] 2025-10-09 expanded data present (prism_ppt_us_30s_20251009.tif)
[OK  ] 2025-10-08 metadata matches remote
[OK  ] 2025-10-08 expanded data present (prism_ppt_us_30s_20251008.tif)
[OK  ] 2025-10-07 metadata matches remote
[OK  ] 2025-10-07 expanded data present (prism_ppt_us_30s_20251007.tif)
[OK  ] 2025-10-06 metadata matches remote
[OK  ] 2025-10-06 expanded data present (prism_ppt_us_30s_20251006.tif)
[OK  ] 2025-10-05 metadata matches remote
[OK  ] 2025-10-05 expanded data present (prism_ppt_us_30s_20251005.tif)
[INFO] Pruning files outside the past window...
[PRUNE] Removed old file → prism_ppt_us_30s_20251004.meta.json
[PRUNE] Removed old folder → prism_ppt_us_30s_20251004
2025-11-04 05:10:54,006 | INFO | Running predict_daily_triple.py
2025-11-04 07:45:06,521 | INFO | Rainfall window: 2025-10-04 → 2025-11-02 (29 files, 1 missing → zero-filled).
Sampling rainfall at 2,452 PRISM grid cells…
Sampling static attributes at grid centers…
Running models…
/Users/wonjunchoi/PycharmProjects/realtime-buncombe/venv/lib/python3.9/site-packages/sklearn/utils/validation.py:2732: UserWarning: X has feature names, but RandomForestClassifier was fitted without feature names
  warnings.warn(
ok: wrote 2,452 rows for 2025-11-03 (rainfall through 2025-11-02)
parquet: /Users/wonjunchoi/PycharmProjects/realtime-buncombe/predictions/historicData/2025/11/predictions_2025-11-03.parquet
geojson: /Users/wonjunchoi/PycharmProjects/realtime-buncombe/predictions/historicData/2025/11/map_2025-11-03.geojson
meta: /Users/wonjunchoi/PycharmProjects/realtime-buncombe/predictions/historicData/2025/11/meta_2025-11-03.json
latest: /Users/wonjunchoi/PycharmProjects/realtime-buncombe/predictions/latest.geojson, /Users/wonjunchoi/PycharmProjects/realtime-buncombe/predictions/latest.json
manifest: /Users/wonjunchoi/PycharmProjects/realtime-buncombe/predictions/index.json
2025-11-04 07:45:06,524 | INFO | Committing and pushing changes
2025-11-04 07:45:07,145 | INFO | [main 65fa0e5] Auto-update: rainfall & predictions @ 2025-11-04 07:45:06
 7 files changed, 135 insertions(+), 7 deletions(-)
 create mode 100644 predictions/historicData/2025/11/map_2025-11-03.geojson
 create mode 100644 predictions/historicData/2025/11/meta_2025-11-03.json
 create mode 100644 predictions/historicData/2025/11/predictions_2025-11-03.parquet
2025-11-04 07:45:11,866 | INFO | Locking support detected on remote "origin". Consider enabling it with:
  $ git config lfs.https://github.com-buncombe/WonjunChoi1004/realtime-buncombe.git/info/lfs.locksverify true
Uploading LFS objects: 100% (1/1), 95 KB | 0 B/s, done.
To github.com-buncombe:WonjunChoi1004/realtime-buncombe.git
   9576112..65fa0e5  main -> main
2025-11-04 07:45:11,867 | INFO | Push succeeded.
▶️ Running daily auto-update job...
✅ Already ran today, skipping.
✅ Already ran today, skipping.
✅ Already ran today, skipping.
✅ Already ran today, skipping.
✅ Already ran today, skipping.
✅ Already ran today, skipping.
2025-11-06 05:00:01,162 | INFO | Internet connection detected. Proceeding with update.
2025-11-06 05:00:01,162 | INFO | Running download_prism_daily.py
2025-11-06 05:00:24,174 | INFO | /Users/wonjunchoi/PycharmProjects/realtime-buncombe/venv/lib/python3.9/site-packages/urllib3/__init__.py:35: NotOpenSSLWarning: urllib3 v2 only supports OpenSSL 1.1.1+, currently the 'ssl' module is compiled with 'LibreSSL 2.8.3'. See: https://github.com/urllib3/urllib3/issues/3020
  warnings.warn(
[SKIP] 2025-11-05 not found online.
[GET ] 2025-11-04 → https://data.prism.oregonstate.edu/time_series/us/an/800m/ppt/daily/2025/prism_ppt_us_30s_20251104.zip
[DONE] Updated ZIP for 2025-11-04
[MISS] 2025-11-04 missing expanded .tif — extracting now.
[UNZIP] Extracted → /Users/wonjunchoi/PycharmProjects/realtime-buncombe/data/rain/prism_ppt_us_30s_20251104
[CLEAN] 2025-11-04 removed ZIP after extraction.
[GET ] 2025-11-03 → https://data.prism.oregonstate.edu/time_series/us/an/800m/ppt/daily/2025/prism_ppt_us_30s_20251103.zip
[DONE] Updated ZIP for 2025-11-03
[MISS] 2025-11-03 missing expanded .tif — extracting now.
[UNZIP] Extracted → /Users/wonjunchoi/PycharmProjects/realtime-buncombe/data/rain/prism_ppt_us_30s_20251103
[CLEAN] 2025-11-03 removed ZIP after extraction.
[OK  ] 2025-11-02 metadata matches remote
[OK  ] 2025-11-02 expanded data present (prism_ppt_us_30s_20251102.tif)
[OK  ] 2025-11-01 metadata matches remote
[OK  ] 2025-11-01 expanded data present (prism_ppt_us_30s_20251101.tif)
[CLEAN] 2025-10-31 removed old expanded folder → prism_ppt_us_30s_20251031
[GET ] 2025-10-31 → https://data.prism.oregonstate.edu/time_series/us/an/800m/ppt/daily/2025/prism_ppt_us_30s_20251031.zip
[DONE] Updated ZIP for 2025-10-31
[MISS] 2025-10-31 missing expanded .tif — extracting now.
[UNZIP] Extracted → /Users/wonjunchoi/PycharmProjects/realtime-buncombe/data/rain/prism_ppt_us_30s_20251031
[CLEAN] 2025-10-31 removed ZIP after extraction.
[CLEAN] 2025-10-30 removed old expanded folder → prism_ppt_us_30s_20251030
[GET ] 2025-10-30 → https://data.prism.oregonstate.edu/time_series/us/an/800m/ppt/daily/2025/prism_ppt_us_30s_20251030.zip
[DONE] Updated ZIP for 2025-10-30
[MISS] 2025-10-30 missing expanded .tif — extracting now.
[UNZIP] Extracted → /Users/wonjunchoi/PycharmProjects/realtime-buncombe/data/rain/prism_ppt_us_30s_20251030
[CLEAN] 2025-10-30 removed ZIP after extraction.
[OK  ] 2025-10-29 metadata matches remote
[OK  ] 2025-10-29 expanded data present (prism_ppt_us_30s_20251029.tif)
[OK  ] 2025-10-28 metadata matches remote
[OK  ] 2025-10-28 expanded data present (prism_ppt_us_30s_20251028.tif)
[OK  ] 2025-10-27 metadata matches remote
[OK  ] 2025-10-27 expanded data present (prism_ppt_us_30s_20251027.tif)
[OK  ] 2025-10-26 metadata matches remote
[OK  ] 2025-10-26 expanded data present (prism_ppt_us_30s_20251026.tif)
[OK  ] 2025-10-25 metadata matches remote
[OK  ] 2025-10-25 expanded data present (prism_ppt_us_30s_20251025.tif)
[OK  ] 2025-10-24 metadata matches remote
[OK  ] 2025-10-24 expanded data present (prism_ppt_us_30s_20251024.tif)
[OK  ] 2025-10-23 metadata matches remote
[OK  ] 2025-10-23 expanded data present (prism_ppt_us_30s_20251023.tif)
[OK  ] 2025-10-22 metadata matches remote
[OK  ] 2025-10-22 expanded data present (prism_ppt_us_30s_20251022.tif)
[OK  ] 2025-10-21 metadata matches remote
[OK  ] 2025-10-21 expanded data present (prism_ppt_us_30s_20251021.tif)
[OK  ] 2025-10-20 metadata matches remote
[OK  ] 2025-10-20 expanded data present (prism_ppt_us_30s_20251020.tif)
[OK  ] 2025-10-19 metadata matches remote
[OK  ] 2025-10-19 expanded data present (prism_ppt_us_30s_20251019.tif)
[OK  ] 2025-10-18 metadata matches remote
[OK  ] 2025-10-18 expanded data present (prism_ppt_us_30s_20251018.tif)
[OK  ] 2025-10-17 metadata matches remote
[OK  ] 2025-10-17 expanded data present (prism_ppt_us_30s_20251017.tif)
[OK  ] 2025-10-16 metadata matches remote
[OK  ] 2025-10-16 expanded data present (prism_ppt_us_30s_20251016.tif)
[OK  ] 2025-10-15 metadata matches remote
[OK  ] 2025-10-15 expanded data present (prism_ppt_us_30s_20251015.tif)
[OK  ] 2025-10-14 metadata matches remote
[OK  ] 2025-10-14 expanded data present (prism_ppt_us_30s_20251014.tif)
[OK  ] 2025-10-13 metadata matches remote
[OK  ] 2025-10-13 expanded data present (prism_ppt_us_30s_20251013.tif)
[OK  ] 2025-10-12 metadata matches remote
[OK  ] 2025-10-12 expanded data present (prism_ppt_us_30s_20251012.tif)
[OK  ] 2025-10-11 metadata matches remote
[OK  ] 2025-10-11 expanded data present (prism_ppt_us_30s_20251011.tif)
[OK  ] 2025-10-10 metadata matches remote
[OK  ] 2025-10-10 expanded data present (prism_ppt_us_30s_20251010.tif)
[OK  ] 2025-10-09 metadata matches remote
[OK  ] 2025-10-09 expanded data present (prism_ppt_us_30s_20251009.tif)
[OK  ] 2025-10-08 metadata matches remote
[OK  ] 2025-10-08 expanded data present (prism_ppt_us_30s_20251008.tif)
[OK  ] 2025-10-07 metadata matches remote
[OK  ] 2025-10-07 expanded data present (prism_ppt_us_30s_20251007.tif)
[INFO] Pruning files outside the past window...
[PRUNE] Removed old file → prism_ppt_us_30s_20251005.meta.json
[PRUNE] Removed old folder → prism_ppt_us_30s_20251006
[PRUNE] Removed old file → prism_ppt_us_30s_20251006.meta.json
[PRUNE] Removed old folder → prism_ppt_us_30s_20251005
2025-11-06 05:00:24,177 | INFO | Running predict_daily_triple.py
2025-11-06 05:26:32,257 | INFO | Rainfall window: 2025-10-06 → 2025-11-04 (29 files, 1 missing → zero-filled).
Sampling rainfall at 2,452 PRISM grid cells…
Sampling static attributes at grid centers…
Running models…
/Users/wonjunchoi/PycharmProjects/realtime-buncombe/venv/lib/python3.9/site-packages/sklearn/utils/validation.py:2732: UserWarning: X has feature names, but RandomForestClassifier was fitted without feature names
  warnings.warn(
python(47687) MallocStackLogging: can't turn off malloc stack logging because it was not enabled.
ok: wrote 2,452 rows for 2025-11-05 (rainfall through 2025-11-04)
parquet: /Users/wonjunchoi/PycharmProjects/realtime-buncombe/predictions/historicData/2025/11/predictions_2025-11-05.parquet
geojson: /Users/wonjunchoi/PycharmProjects/realtime-buncombe/predictions/historicData/2025/11/map_2025-11-05.geojson
meta: /Users/wonjunchoi/PycharmProjects/realtime-buncombe/predictions/historicData/2025/11/meta_2025-11-05.json
latest: /Users/wonjunchoi/PycharmProjects/realtime-buncombe/predictions/latest.geojson, /Users/wonjunchoi/PycharmProjects/realtime-buncombe/predictions/latest.json
manifest: /Users/wonjunchoi/PycharmProjects/realtime-buncombe/predictions/index.json
2025-11-06 05:26:32,260 | INFO | Committing and pushing changes
2025-11-06 05:26:32,928 | INFO | [main 8e576e8] Auto-update: rainfall & predictions @ 2025-11-06 05:26:32
 7 files changed, 148 insertions(+), 7 deletions(-)
 create mode 100644 predictions/historicData/2025/11/map_2025-11-05.geojson
 create mode 100644 predictions/historicData/2025/11/meta_2025-11-05.json
 create mode 100644 predictions/historicData/2025/11/predictions_2025-11-05.parquet
2025-11-06 05:27:48,023 | INFO | ssh: connect to host github.com port 22: Operation timed out
fatal: Could not read from remote repository.

Please make sure you have the correct access rights
and the repository exists.
2025-11-06 05:27:48,025 | WARNING | Push failed (attempt 1/3): Command failed (128): git push origin main
2025-11-06 05:27:51,030 | WARNING | Internet lost mid-push — waiting to retry connection.
2025-11-06 05:27:54,035 | WARNING | No internet connection — delaying run. Retrying in 15 minutes...
2025-11-06 05:42:57,195 | WARNING | No internet connection — delaying run. Retrying in 15 minutes...
2025-11-06 05:58:00,365 | WARNING | No internet connection — delaying run. Retrying in 15 minutes...
2025-11-06 06:38:47,157 | INFO | Internet connection detected. Proceeding with update.
2025-11-06 06:38:57,947 | INFO | Locking support detected on remote "origin". Consider enabling it with:
  $ git config lfs.https://github.com-buncombe/WonjunChoi1004/realtime-buncombe.git/info/lfs.locksverify true
Uploading LFS objects: 100% (1/1), 74 KB | 0 B/s, done.
To github.com-buncombe:WonjunChoi1004/realtime-buncombe.git
   65fa0e5..8e576e8  main -> main
2025-11-06 06:38:57,948 | INFO | Push succeeded.
▶️ Running daily auto-update job...
✅ Already ran today, skipping.
✅ Already ran today, skipping.
✅ Already ran today, skipping.
✅ Already ran today, skipping.
✅ Already ran today, skipping.
✅ Already ran today, skipping.
2025-11-07 09:45:58,853 | WARNING | No internet connection — delaying run. Retrying in 15 minutes...
2025-11-07 09:53:21,203 | WARNING | No internet connection — delaying run. Retrying in 15 minutes...
2025-11-07 10:13:23,992 | INFO | Internet connection detected. Proceeding with update.
2025-11-07 10:13:23,996 | INFO | Running download_prism_daily.py
2025-11-07 10:17:11,531 | WARNING | No internet connection — delaying run. Retrying in 15 minutes...
2025-11-07 10:35:16,492 | INFO | Internet connection detected. Proceeding with update.
2025-11-07 10:35:16,495 | INFO | Running download_prism_daily.py
2025-11-07 10:35:29,510 | INFO | /Users/wonjunchoi/PycharmProjects/realtime-buncombe/venv/lib/python3.9/site-packages/urllib3/__init__.py:35: NotOpenSSLWarning: urllib3 v2 only supports OpenSSL 1.1.1+, currently the 'ssl' module is compiled with 'LibreSSL 2.8.3'. See: https://github.com/urllib3/urllib3/issues/3020
  warnings.warn(
[OK  ] 2025-11-06 metadata matches remote
[OK  ] 2025-11-06 expanded data present (prism_ppt_us_30s_20251106.tif)
[OK  ] 2025-11-05 metadata matches remote
[OK  ] 2025-11-05 expanded data present (prism_ppt_us_30s_20251105.tif)
[OK  ] 2025-11-04 metadata matches remote
[OK  ] 2025-11-04 expanded data present (prism_ppt_us_30s_20251104.tif)
[OK  ] 2025-11-03 metadata matches remote
[OK  ] 2025-11-03 expanded data present (prism_ppt_us_30s_20251103.tif)
[OK  ] 2025-11-02 metadata matches remote
[OK  ] 2025-11-02 expanded data present (prism_ppt_us_30s_20251102.tif)
[OK  ] 2025-11-01 metadata matches remote
[OK  ] 2025-11-01 expanded data present (prism_ppt_us_30s_20251101.tif)
[OK  ] 2025-10-31 metadata matches remote
[OK  ] 2025-10-31 expanded data present (prism_ppt_us_30s_20251031.tif)
[OK  ] 2025-10-30 metadata matches remote
[OK  ] 2025-10-30 expanded data present (prism_ppt_us_30s_20251030.tif)
[OK  ] 2025-10-29 metadata matches remote
[OK  ] 2025-10-29 expanded data present (prism_ppt_us_30s_20251029.tif)
[OK  ] 2025-10-28 metadata matches remote
[OK  ] 2025-10-28 expanded data present (prism_ppt_us_30s_20251028.tif)
[OK  ] 2025-10-27 metadata matches remote
[OK  ] 2025-10-27 expanded data present (prism_ppt_us_30s_20251027.tif)
[OK  ] 2025-10-26 metadata matches remote
[OK  ] 2025-10-26 expanded data present (prism_ppt_us_30s_20251026.tif)
[OK  ] 2025-10-25 metadata matches remote
[OK  ] 2025-10-25 expanded data present (prism_ppt_us_30s_20251025.tif)
[OK  ] 2025-10-24 metadata matches remote
[OK  ] 2025-10-24 expanded data present (prism_ppt_us_30s_20251024.tif)
[OK  ] 2025-10-23 metadata matches remote
[OK  ] 2025-10-23 expanded data present (prism_ppt_us_30s_20251023.tif)
[OK  ] 2025-10-22 metadata matches remote
[OK  ] 2025-10-22 expanded data present (prism_ppt_us_30s_20251022.tif)
[OK  ] 2025-10-21 metadata matches remote
[OK  ] 2025-10-21 expanded data present (prism_ppt_us_30s_20251021.tif)
[OK  ] 2025-10-20 metadata matches remote
[OK  ] 2025-10-20 expanded data present (prism_ppt_us_30s_20251020.tif)
[OK  ] 2025-10-19 metadata matches remote
[OK  ] 2025-10-19 expanded data present (prism_ppt_us_30s_20251019.tif)
[OK  ] 2025-10-18 metadata matches remote
[OK  ] 2025-10-18 expanded data present (prism_ppt_us_30s_20251018.tif)
[OK  ] 2025-10-17 metadata matches remote
[OK  ] 2025-10-17 expanded data present (prism_ppt_us_30s_20251017.tif)
[OK  ] 2025-10-16 metadata matches remote
[OK  ] 2025-10-16 expanded data present (prism_ppt_us_30s_20251016.tif)
[OK  ] 2025-10-15 metadata matches remote
[OK  ] 2025-10-15 expanded data present (prism_ppt_us_30s_20251015.tif)
[OK  ] 2025-10-14 metadata matches remote
[OK  ] 2025-10-14 expanded data present (prism_ppt_us_30s_20251014.tif)
[OK  ] 2025-10-13 metadata matches remote
[OK  ] 2025-10-13 expanded data present (prism_ppt_us_30s_20251013.tif)
[OK  ] 2025-10-12 metadata matches remote
[OK  ] 2025-10-12 expanded data present (prism_ppt_us_30s_20251012.tif)
[OK  ] 2025-10-11 metadata matches remote
[OK  ] 2025-10-11 expanded data present (prism_ppt_us_30s_20251011.tif)
[OK  ] 2025-10-10 metadata matches remote
[OK  ] 2025-10-10 expanded data present (prism_ppt_us_30s_20251010.tif)
[OK  ] 2025-10-09 metadata matches remote
[OK  ] 2025-10-09 expanded data present (prism_ppt_us_30s_20251009.tif)
[OK  ] 2025-10-08 metadata matches remote
[OK  ] 2025-10-08 expanded data present (prism_ppt_us_30s_20251008.tif)
[INFO] Pruning files outside the past window...
[PRUNE] Removed old folder → prism_ppt_us_30s_20251007
[PRUNE] Removed old file → prism_ppt_us_30s_20251007.meta.json
2025-11-07 10:35:29,511 | INFO | Running predict_daily_triple.py
2025-11-07 10:58:32,644 | INFO | Rainfall window: 2025-10-08 → 2025-11-06 (30 files, 0 missing → zero-filled).
Sampling rainfall at 2,452 PRISM grid cells…
Sampling static attributes at grid centers…
Running models…
/Users/wonjunchoi/PycharmProjects/realtime-buncombe/venv/lib/python3.9/site-packages/sklearn/utils/validation.py:2732: UserWarning: X has feature names, but RandomForestClassifier was fitted without feature names
  warnings.warn(
ok: wrote 2,452 rows for 2025-11-06 (rainfall through 2025-11-06)
parquet: /Users/wonjunchoi/PycharmProjects/realtime-buncombe/predictions/historicData/2025/11/predictions_2025-11-06.parquet
geojson: /Users/wonjunchoi/PycharmProjects/realtime-buncombe/predictions/historicData/2025/11/map_2025-11-06.geojson
meta: /Users/wonjunchoi/PycharmProjects/realtime-buncombe/predictions/historicData/2025/11/meta_2025-11-06.json
latest: /Users/wonjunchoi/PycharmProjects/realtime-buncombe/predictions/latest.geojson, /Users/wonjunchoi/PycharmProjects/realtime-buncombe/predictions/latest.json
manifest: /Users/wonjunchoi/PycharmProjects/realtime-buncombe/predictions/index.json
2025-11-07 10:58:32,648 | INFO | Committing and pushing changes
2025-11-07 10:58:33,395 | INFO | [main 958c0ad] Auto-update: rainfall & predictions @ 2025-11-07 10:58:32
 7 files changed, 148 insertions(+), 7 deletions(-)
 create mode 100644 predictions/historicData/2025/11/map_2025-11-06.geojson
 create mode 100644 predictions/historicData/2025/11/meta_2025-11-06.json
 create mode 100644 predictions/historicData/2025/11/predictions_2025-11-06.parquet
2025-11-07 10:58:38,014 | INFO | Locking support detected on remote "origin". Consider enabling it with:
  $ git config lfs.https://github.com-buncombe/WonjunChoi1004/realtime-buncombe.git/info/lfs.locksverify true
Uploading LFS objects: 100% (1/1), 70 KB | 0 B/s, done.
To github.com-buncombe:WonjunChoi1004/realtime-buncombe.git
   8e576e8..958c0ad  main -> main
2025-11-07 10:58:38,014 | INFO | Push succeeded.
▶️ Running daily auto-update job...
✅ Already ran today, skipping.
✅ Already ran today, skipping.
✅ Already ran today, skipping.
2025-11-08 05:03:21,059 | INFO | Internet connection detected. Proceeding with update.
2025-11-08 05:03:21,059 | INFO | Running download_prism_daily.py
2025-11-08 05:03:33,438 | INFO | /Users/wonjunchoi/PycharmProjects/realtime-buncombe/venv/lib/python3.9/site-packages/urllib3/__init__.py:35: NotOpenSSLWarning: urllib3 v2 only supports OpenSSL 1.1.1+, currently the 'ssl' module is compiled with 'LibreSSL 2.8.3'. See: https://github.com/urllib3/urllib3/issues/3020
  warnings.warn(
[SKIP] 2025-11-07 not found online.
[OK  ] 2025-11-06 metadata matches remote
[OK  ] 2025-11-06 expanded data present (prism_ppt_us_30s_20251106.tif)
[OK  ] 2025-11-05 metadata matches remote
[OK  ] 2025-11-05 expanded data present (prism_ppt_us_30s_20251105.tif)
[OK  ] 2025-11-04 metadata matches remote
[OK  ] 2025-11-04 expanded data present (prism_ppt_us_30s_20251104.tif)
[OK  ] 2025-11-03 metadata matches remote
[OK  ] 2025-11-03 expanded data present (prism_ppt_us_30s_20251103.tif)
[OK  ] 2025-11-02 metadata matches remote
[OK  ] 2025-11-02 expanded data present (prism_ppt_us_30s_20251102.tif)
[OK  ] 2025-11-01 metadata matches remote
[OK  ] 2025-11-01 expanded data present (prism_ppt_us_30s_20251101.tif)
[OK  ] 2025-10-31 metadata matches remote
[OK  ] 2025-10-31 expanded data present (prism_ppt_us_30s_20251031.tif)
[OK  ] 2025-10-30 metadata matches remote
[OK  ] 2025-10-30 expanded data present (prism_ppt_us_30s_20251030.tif)
[OK  ] 2025-10-29 metadata matches remote
[OK  ] 2025-10-29 expanded data present (prism_ppt_us_30s_20251029.tif)
[OK  ] 2025-10-28 metadata matches remote
[OK  ] 2025-10-28 expanded data present (prism_ppt_us_30s_20251028.tif)
[OK  ] 2025-10-27 metadata matches remote
[OK  ] 2025-10-27 expanded data present (prism_ppt_us_30s_20251027.tif)
[OK  ] 2025-10-26 metadata matches remote
[OK  ] 2025-10-26 expanded data present (prism_ppt_us_30s_20251026.tif)
[OK  ] 2025-10-25 metadata matches remote
[OK  ] 2025-10-25 expanded data present (prism_ppt_us_30s_20251025.tif)
[OK  ] 2025-10-24 metadata matches remote
[OK  ] 2025-10-24 expanded data present (prism_ppt_us_30s_20251024.tif)
[OK  ] 2025-10-23 metadata matches remote
[OK  ] 2025-10-23 expanded data present (prism_ppt_us_30s_20251023.tif)
[OK  ] 2025-10-22 metadata matches remote
[OK  ] 2025-10-22 expanded data present (prism_ppt_us_30s_20251022.tif)
[OK  ] 2025-10-21 metadata matches remote
[OK  ] 2025-10-21 expanded data present (prism_ppt_us_30s_20251021.tif)
[OK  ] 2025-10-20 metadata matches remote
[OK  ] 2025-10-20 expanded data present (prism_ppt_us_30s_20251020.tif)
[OK  ] 2025-10-19 metadata matches remote
[OK  ] 2025-10-19 expanded data present (prism_ppt_us_30s_20251019.tif)
[OK  ] 2025-10-18 metadata matches remote
[OK  ] 2025-10-18 expanded data present (prism_ppt_us_30s_20251018.tif)
[OK  ] 2025-10-17 metadata matches remote
[OK  ] 2025-10-17 expanded data present (prism_ppt_us_30s_20251017.tif)
[OK  ] 2025-10-16 metadata matches remote
[OK  ] 2025-10-16 expanded data present (prism_ppt_us_30s_20251016.tif)
[OK  ] 2025-10-15 metadata matches remote
[OK  ] 2025-10-15 expanded data present (prism_ppt_us_30s_20251015.tif)
[OK  ] 2025-10-14 metadata matches remote
[OK  ] 2025-10-14 expanded data present (prism_ppt_us_30s_20251014.tif)
[OK  ] 2025-10-13 metadata matches remote
[OK  ] 2025-10-13 expanded data present (prism_ppt_us_30s_20251013.tif)
[OK  ] 2025-10-12 metadata matches remote
[OK  ] 2025-10-12 expanded data present (prism_ppt_us_30s_20251012.tif)
[OK  ] 2025-10-11 metadata matches remote
[OK  ] 2025-10-11 expanded data present (prism_ppt_us_30s_20251011.tif)
[OK  ] 2025-10-10 metadata matches remote
[OK  ] 2025-10-10 expanded data present (prism_ppt_us_30s_20251010.tif)
[OK  ] 2025-10-09 metadata matches remote
[OK  ] 2025-10-09 expanded data present (prism_ppt_us_30s_20251009.tif)
[INFO] Pruning files outside the past window...
[PRUNE] Removed old file → prism_ppt_us_30s_20251008.meta.json
[PRUNE] Removed old folder → prism_ppt_us_30s_20251008
2025-11-08 05:03:33,439 | INFO | Running predict_daily_triple.py
2025-11-08 06:23:24,351 | INFO | Rainfall window: 2025-10-08 → 2025-11-06 (29 files, 1 missing → zero-filled).
Sampling rainfall at 2,452 PRISM grid cells…
Sampling static attributes at grid centers…
Running models…
/Users/wonjunchoi/PycharmProjects/realtime-buncombe/venv/lib/python3.9/site-packages/sklearn/utils/validation.py:2732: UserWarning: X has feature names, but RandomForestClassifier was fitted without feature names
  warnings.warn(
ok: wrote 2,452 rows for 2025-11-07 (rainfall through 2025-11-06)
parquet: /Users/wonjunchoi/PycharmProjects/realtime-buncombe/predictions/historicData/2025/11/predictions_2025-11-07.parquet
geojson: /Users/wonjunchoi/PycharmProjects/realtime-buncombe/predictions/historicData/2025/11/map_2025-11-07.geojson
meta: /Users/wonjunchoi/PycharmProjects/realtime-buncombe/predictions/historicData/2025/11/meta_2025-11-07.json
latest: /Users/wonjunchoi/PycharmProjects/realtime-buncombe/predictions/latest.geojson, /Users/wonjunchoi/PycharmProjects/realtime-buncombe/predictions/latest.json
manifest: /Users/wonjunchoi/PycharmProjects/realtime-buncombe/predictions/index.json
2025-11-08 06:23:24,353 | INFO | Committing and pushing changes
2025-11-08 06:23:25,061 | INFO | [main 856cacf] Auto-update: rainfall & predictions @ 2025-11-08 06:23:24
 7 files changed, 127 insertions(+), 6 deletions(-)
 create mode 100644 predictions/historicData/2025/11/map_2025-11-07.geojson
 create mode 100644 predictions/historicData/2025/11/meta_2025-11-07.json
 create mode 100644 predictions/historicData/2025/11/predictions_2025-11-07.parquet
2025-11-08 06:23:29,569 | INFO | Locking support detected on remote "origin". Consider enabling it with:
  $ git config lfs.https://github.com-buncombe/WonjunChoi1004/realtime-buncombe.git/info/lfs.locksverify true
Uploading LFS objects: 100% (1/1), 70 KB | 0 B/s, done.
To github.com-buncombe:WonjunChoi1004/realtime-buncombe.git
   958c0ad..856cacf  main -> main
2025-11-08 06:23:29,569 | INFO | Push succeeded.
▶️ Running daily auto-update job...
✅ Already ran today, skipping.
2025-11-09 12:10:21,523 | WARNING | No internet connection — delaying run. Retrying in 15 minutes...
2025-11-09 13:10:20,635 | INFO | Internet connection detected. Proceeding with update.
2025-11-09 13:10:20,639 | INFO | Running download_prism_daily.py
2025-11-09 13:22:56,799 | INFO | /Users/wonjunchoi/PycharmProjects/realtime-buncombe/venv/lib/python3.9/site-packages/urllib3/__init__.py:35: NotOpenSSLWarning: urllib3 v2 only supports OpenSSL 1.1.1+, currently the 'ssl' module is compiled with 'LibreSSL 2.8.3'. See: https://github.com/urllib3/urllib3/issues/3020
  warnings.warn(
[GET ] 2025-11-08 → https://data.prism.oregonstate.edu/time_series/us/an/800m/ppt/daily/2025/prism_ppt_us_30s_20251108.zip
[DONE] Updated ZIP for 2025-11-08
[MISS] 2025-11-08 missing expanded .tif — extracting now.
[UNZIP] Extracted → /Users/wonjunchoi/PycharmProjects/realtime-buncombe/data/rain/prism_ppt_us_30s_20251108
[CLEAN] 2025-11-08 removed ZIP after extraction.
[GET ] 2025-11-07 → https://data.prism.oregonstate.edu/time_series/us/an/800m/ppt/daily/2025/prism_ppt_us_30s_20251107.zip
[DONE] Updated ZIP for 2025-11-07
[MISS] 2025-11-07 missing expanded .tif — extracting now.
[UNZIP] Extracted → /Users/wonjunchoi/PycharmProjects/realtime-buncombe/data/rain/prism_ppt_us_30s_20251107
[CLEAN] 2025-11-07 removed ZIP after extraction.
[OK  ] 2025-11-06 metadata matches remote
[OK  ] 2025-11-06 expanded data present (prism_ppt_us_30s_20251106.tif)
[OK  ] 2025-11-05 metadata matches remote
[OK  ] 2025-11-05 expanded data present (prism_ppt_us_30s_20251105.tif)
[CLEAN] 2025-11-04 removed old expanded folder → prism_ppt_us_30s_20251104
[GET ] 2025-11-04 → https://data.prism.oregonstate.edu/time_series/us/an/800m/ppt/daily/2025/prism_ppt_us_30s_20251104.zip
[DONE] Updated ZIP for 2025-11-04
[MISS] 2025-11-04 missing expanded .tif — extracting now.
[UNZIP] Extracted → /Users/wonjunchoi/PycharmProjects/realtime-buncombe/data/rain/prism_ppt_us_30s_20251104
[CLEAN] 2025-11-04 removed ZIP after extraction.
[CLEAN] 2025-11-03 removed old expanded folder → prism_ppt_us_30s_20251103
[GET ] 2025-11-03 → https://data.prism.oregonstate.edu/time_series/us/an/800m/ppt/daily/2025/prism_ppt_us_30s_20251103.zip
[DONE] Updated ZIP for 2025-11-03
[MISS] 2025-11-03 missing expanded .tif — extracting now.
[UNZIP] Extracted → /Users/wonjunchoi/PycharmProjects/realtime-buncombe/data/rain/prism_ppt_us_30s_20251103
[CLEAN] 2025-11-03 removed ZIP after extraction.
[OK  ] 2025-11-02 metadata matches remote
[OK  ] 2025-11-02 expanded data present (prism_ppt_us_30s_20251102.tif)
[OK  ] 2025-11-01 metadata matches remote
[OK  ] 2025-11-01 expanded data present (prism_ppt_us_30s_20251101.tif)
[OK  ] 2025-10-31 metadata matches remote
[OK  ] 2025-10-31 expanded data present (prism_ppt_us_30s_20251031.tif)
[OK  ] 2025-10-30 metadata matches remote
[OK  ] 2025-10-30 expanded data present (prism_ppt_us_30s_20251030.tif)
[OK  ] 2025-10-29 metadata matches remote
[OK  ] 2025-10-29 expanded data present (prism_ppt_us_30s_20251029.tif)
[OK  ] 2025-10-28 metadata matches remote
[OK  ] 2025-10-28 expanded data present (prism_ppt_us_30s_20251028.tif)
[OK  ] 2025-10-27 metadata matches remote
[OK  ] 2025-10-27 expanded data present (prism_ppt_us_30s_20251027.tif)
[OK  ] 2025-10-26 metadata matches remote
[OK  ] 2025-10-26 expanded data present (prism_ppt_us_30s_20251026.tif)
[OK  ] 2025-10-25 metadata matches remote
[OK  ] 2025-10-25 expanded data present (prism_ppt_us_30s_20251025.tif)
[OK  ] 2025-10-24 metadata matches remote
[OK  ] 2025-10-24 expanded data present (prism_ppt_us_30s_20251024.tif)
[OK  ] 2025-10-23 metadata matches remote
[OK  ] 2025-10-23 expanded data present (prism_ppt_us_30s_20251023.tif)
[OK  ] 2025-10-22 metadata matches remote
[OK  ] 2025-10-22 expanded data present (prism_ppt_us_30s_20251022.tif)
[OK  ] 2025-10-21 metadata matches remote
[OK  ] 2025-10-21 expanded data present (prism_ppt_us_30s_20251021.tif)
[OK  ] 2025-10-20 metadata matches remote
[OK  ] 2025-10-20 expanded data present (prism_ppt_us_30s_20251020.tif)
[OK  ] 2025-10-19 metadata matches remote
[OK  ] 2025-10-19 expanded data present (prism_ppt_us_30s_20251019.tif)
[OK  ] 2025-10-18 metadata matches remote
[OK  ] 2025-10-18 expanded data present (prism_ppt_us_30s_20251018.tif)
[OK  ] 2025-10-17 metadata matches remote
[OK  ] 2025-10-17 expanded data present (prism_ppt_us_30s_20251017.tif)
[OK  ] 2025-10-16 metadata matches remote
[OK  ] 2025-10-16 expanded data present (prism_ppt_us_30s_20251016.tif)
[OK  ] 2025-10-15 metadata matches remote
[OK  ] 2025-10-15 expanded data present (prism_ppt_us_30s_20251015.tif)
[OK  ] 2025-10-14 metadata matches remote
[OK  ] 2025-10-14 expanded data present (prism_ppt_us_30s_20251014.tif)
[OK  ] 2025-10-13 metadata matches remote
[OK  ] 2025-10-13 expanded data present (prism_ppt_us_30s_20251013.tif)
[OK  ] 2025-10-12 metadata matches remote
[OK  ] 2025-10-12 expanded data present (prism_ppt_us_30s_20251012.tif)
[OK  ] 2025-10-11 metadata matches remote
[OK  ] 2025-10-11 expanded data present (prism_ppt_us_30s_20251011.tif)
[OK  ] 2025-10-10 metadata matches remote
[OK  ] 2025-10-10 expanded data present (prism_ppt_us_30s_20251010.tif)
[INFO] Pruning files outside the past window...
[PRUNE] Removed old folder → prism_ppt_us_30s_20251009
[PRUNE] Removed old file → prism_ppt_us_30s_20251009.meta.json
2025-11-09 13:22:56,800 | INFO | Running predict_daily_triple.py
2025-11-09 13:49:17,670 | INFO | Rainfall window: 2025-10-10 → 2025-11-08 (30 files, 0 missing → zero-filled).
Sampling rainfall at 2,452 PRISM grid cells…
Sampling static attributes at grid centers…
Running models…
/Users/wonjunchoi/PycharmProjects/realtime-buncombe/venv/lib/python3.9/site-packages/sklearn/utils/validation.py:2732: UserWarning: X has feature names, but RandomForestClassifier was fitted without feature names
  warnings.warn(
ok: wrote 2,452 rows for 2025-11-08 (rainfall through 2025-11-08)
parquet: /Users/wonjunchoi/PycharmProjects/realtime-buncombe/predictions/historicData/2025/11/predictions_2025-11-08.parquet
geojson: /Users/wonjunchoi/PycharmProjects/realtime-buncombe/predictions/historicData/2025/11/map_2025-11-08.geojson
meta: /Users/wonjunchoi/PycharmProjects/realtime-buncombe/predictions/historicData/2025/11/meta_2025-11-08.json
latest: /Users/wonjunchoi/PycharmProjects/realtime-buncombe/predictions/latest.geojson, /Users/wonjunchoi/PycharmProjects/realtime-buncombe/predictions/latest.json
manifest: /Users/wonjunchoi/PycharmProjects/realtime-buncombe/predictions/index.json
2025-11-09 13:49:17,673 | INFO | Committing and pushing changes
2025-11-09 13:49:18,380 | INFO | [main 0469e49] Auto-update: rainfall & predictions @ 2025-11-09 13:49:17
 8 files changed, 142 insertions(+), 7 deletions(-)
 create mode 100644 predictions/historicData/2025/11/map_2025-11-08.geojson
 create mode 100644 predictions/historicData/2025/11/meta_2025-11-08.json
 create mode 100644 predictions/historicData/2025/11/predictions_2025-11-08.parquet
2025-11-09 13:49:23,366 | INFO | Locking support detected on remote "origin". Consider enabling it with:
  $ git config lfs.https://github.com-buncombe/WonjunChoi1004/realtime-buncombe.git/info/lfs.locksverify true
Uploading LFS objects: 100% (1/1), 105 KB | 0 B/s, done.
To github.com-buncombe:WonjunChoi1004/realtime-buncombe.git
   856cacf..0469e49  main -> main
2025-11-09 13:49:23,367 | INFO | Push succeeded.
▶️ Running daily auto-update job...
✅ Already ran today, skipping.
2025-11-10 05:00:00,469 | INFO | Internet connection detected. Proceeding with update.
2025-11-10 05:00:00,470 | INFO | Running download_prism_daily.py
2025-11-10 05:00:14,389 | INFO | /Users/wonjunchoi/PycharmProjects/realtime-buncombe/venv/lib/python3.9/site-packages/urllib3/__init__.py:35: NotOpenSSLWarning: urllib3 v2 only supports OpenSSL 1.1.1+, currently the 'ssl' module is compiled with 'LibreSSL 2.8.3'. See: https://github.com/urllib3/urllib3/issues/3020
  warnings.warn(
[SKIP] 2025-11-09 not found online.
[OK  ] 2025-11-08 metadata matches remote
[OK  ] 2025-11-08 expanded data present (prism_ppt_us_30s_20251108.tif)
[OK  ] 2025-11-07 metadata matches remote
[OK  ] 2025-11-07 expanded data present (prism_ppt_us_30s_20251107.tif)
[OK  ] 2025-11-06 metadata matches remote
[OK  ] 2025-11-06 expanded data present (prism_ppt_us_30s_20251106.tif)
[OK  ] 2025-11-05 metadata matches remote
[OK  ] 2025-11-05 expanded data present (prism_ppt_us_30s_20251105.tif)
[OK  ] 2025-11-04 metadata matches remote
[OK  ] 2025-11-04 expanded data present (prism_ppt_us_30s_20251104.tif)
[OK  ] 2025-11-03 metadata matches remote
[OK  ] 2025-11-03 expanded data present (prism_ppt_us_30s_20251103.tif)
[OK  ] 2025-11-02 metadata matches remote
[OK  ] 2025-11-02 expanded data present (prism_ppt_us_30s_20251102.tif)
[OK  ] 2025-11-01 metadata matches remote
[OK  ] 2025-11-01 expanded data present (prism_ppt_us_30s_20251101.tif)
[OK  ] 2025-10-31 metadata matches remote
[OK  ] 2025-10-31 expanded data present (prism_ppt_us_30s_20251031.tif)
[OK  ] 2025-10-30 metadata matches remote
[OK  ] 2025-10-30 expanded data present (prism_ppt_us_30s_20251030.tif)
[OK  ] 2025-10-29 metadata matches remote
[OK  ] 2025-10-29 expanded data present (prism_ppt_us_30s_20251029.tif)
[OK  ] 2025-10-28 metadata matches remote
[OK  ] 2025-10-28 expanded data present (prism_ppt_us_30s_20251028.tif)
[OK  ] 2025-10-27 metadata matches remote
[OK  ] 2025-10-27 expanded data present (prism_ppt_us_30s_20251027.tif)
[OK  ] 2025-10-26 metadata matches remote
[OK  ] 2025-10-26 expanded data present (prism_ppt_us_30s_20251026.tif)
[OK  ] 2025-10-25 metadata matches remote
[OK  ] 2025-10-25 expanded data present (prism_ppt_us_30s_20251025.tif)
[OK  ] 2025-10-24 metadata matches remote
[OK  ] 2025-10-24 expanded data present (prism_ppt_us_30s_20251024.tif)
[OK  ] 2025-10-23 metadata matches remote
[OK  ] 2025-10-23 expanded data present (prism_ppt_us_30s_20251023.tif)
[OK  ] 2025-10-22 metadata matches remote
[OK  ] 2025-10-22 expanded data present (prism_ppt_us_30s_20251022.tif)
[OK  ] 2025-10-21 metadata matches remote
[OK  ] 2025-10-21 expanded data present (prism_ppt_us_30s_20251021.tif)
[OK  ] 2025-10-20 metadata matches remote
[OK  ] 2025-10-20 expanded data present (prism_ppt_us_30s_20251020.tif)
[OK  ] 2025-10-19 metadata matches remote
[OK  ] 2025-10-19 expanded data present (prism_ppt_us_30s_20251019.tif)
[OK  ] 2025-10-18 metadata matches remote
[OK  ] 2025-10-18 expanded data present (prism_ppt_us_30s_20251018.tif)
[OK  ] 2025-10-17 metadata matches remote
[OK  ] 2025-10-17 expanded data present (prism_ppt_us_30s_20251017.tif)
[OK  ] 2025-10-16 metadata matches remote
[OK  ] 2025-10-16 expanded data present (prism_ppt_us_30s_20251016.tif)
[OK  ] 2025-10-15 metadata matches remote
[OK  ] 2025-10-15 expanded data present (prism_ppt_us_30s_20251015.tif)
[OK  ] 2025-10-14 metadata matches remote
[OK  ] 2025-10-14 expanded data present (prism_ppt_us_30s_20251014.tif)
[OK  ] 2025-10-13 metadata matches remote
[OK  ] 2025-10-13 expanded data present (prism_ppt_us_30s_20251013.tif)
[OK  ] 2025-10-12 metadata matches remote
[OK  ] 2025-10-12 expanded data present (prism_ppt_us_30s_20251012.tif)
[OK  ] 2025-10-11 metadata matches remote
[OK  ] 2025-10-11 expanded data present (prism_ppt_us_30s_20251011.tif)
[INFO] Pruning files outside the past window...
[PRUNE] Removed old file → prism_ppt_us_30s_20251010.meta.json
[PRUNE] Removed old folder → prism_ppt_us_30s_20251010
2025-11-10 05:00:14,390 | INFO | Running predict_daily_triple.py
2025-11-10 05:24:50,229 | INFO | Rainfall window: 2025-10-10 → 2025-11-08 (29 files, 1 missing → zero-filled).
Sampling rainfall at 2,452 PRISM grid cells…
Sampling static attributes at grid centers…
Running models…
/Users/wonjunchoi/PycharmProjects/realtime-buncombe/venv/lib/python3.9/site-packages/sklearn/utils/validation.py:2732: UserWarning: X has feature names, but RandomForestClassifier was fitted without feature names
  warnings.warn(
ok: wrote 2,452 rows for 2025-11-09 (rainfall through 2025-11-08)
parquet: /Users/wonjunchoi/PycharmProjects/realtime-buncombe/predictions/historicData/2025/11/predictions_2025-11-09.parquet
geojson: /Users/wonjunchoi/PycharmProjects/realtime-buncombe/predictions/historicData/2025/11/map_2025-11-09.geojson
meta: /Users/wonjunchoi/PycharmProjects/realtime-buncombe/predictions/historicData/2025/11/meta_2025-11-09.json
latest: /Users/wonjunchoi/PycharmProjects/realtime-buncombe/predictions/latest.geojson, /Users/wonjunchoi/PycharmProjects/realtime-buncombe/predictions/latest.json
manifest: /Users/wonjunchoi/PycharmProjects/realtime-buncombe/predictions/index.json
2025-11-10 05:24:50,231 | INFO | Committing and pushing changes
2025-11-10 05:24:50,962 | INFO | [main 0daba0d] Auto-update: rainfall & predictions @ 2025-11-10 05:24:50
 7 files changed, 125 insertions(+), 6 deletions(-)
 create mode 100644 predictions/historicData/2025/11/map_2025-11-09.geojson
 create mode 100644 predictions/historicData/2025/11/meta_2025-11-09.json
 create mode 100644 predictions/historicData/2025/11/predictions_2025-11-09.parquet
2025-11-10 05:24:55,059 | INFO | Locking support detected on remote "origin". Consider enabling it with:
  $ git config lfs.https://github.com-buncombe/WonjunChoi1004/realtime-buncombe.git/info/lfs.locksverify true
To github.com-buncombe:WonjunChoi1004/realtime-buncombe.git
   0469e49..0daba0d  main -> main
2025-11-10 05:24:55,060 | INFO | Push succeeded.
▶️ Running daily auto-update job...
✅ Already ran today, skipping.
✅ Already ran today, skipping.
✅ Already ran today, skipping.
✅ Already ran today, skipping.
✅ Already ran today, skipping.
✅ Already ran today, skipping.
2025-11-11 10:48:04,218 | WARNING | No internet connection — delaying run. Retrying in 15 minutes...
2025-11-11 10:58:49,593 | WARNING | No internet connection — delaying run. Retrying in 15 minutes...
2025-11-11 11:13:58,787 | INFO | Internet connection detected. Proceeding with update.
2025-11-11 11:13:58,789 | INFO | Running download_prism_daily.py
2025-11-11 11:28:41,771 | INFO | /Users/wonjunchoi/PycharmProjects/realtime-buncombe/venv/lib/python3.9/site-packages/urllib3/__init__.py:35: NotOpenSSLWarning: urllib3 v2 only supports OpenSSL 1.1.1+, currently the 'ssl' module is compiled with 'LibreSSL 2.8.3'. See: https://github.com/urllib3/urllib3/issues/3020
  warnings.warn(
[SKIP] 2025-11-10 not found online.
[GET ] 2025-11-09 → https://data.prism.oregonstate.edu/time_series/us/an/800m/ppt/daily/2025/prism_ppt_us_30s_20251109.zip
[DONE] Updated ZIP for 2025-11-09
[MISS] 2025-11-09 missing expanded .tif — extracting now.
[UNZIP] Extracted → /Users/wonjunchoi/PycharmProjects/realtime-buncombe/data/rain/prism_ppt_us_30s_20251109
[CLEAN] 2025-11-09 removed ZIP after extraction.
[OK  ] 2025-11-08 metadata matches remote
[OK  ] 2025-11-08 expanded data present (prism_ppt_us_30s_20251108.tif)
[OK  ] 2025-11-07 metadata matches remote
[OK  ] 2025-11-07 expanded data present (prism_ppt_us_30s_20251107.tif)
[CLEAN] 2025-11-06 removed old expanded folder → prism_ppt_us_30s_20251106
[GET ] 2025-11-06 → https://data.prism.oregonstate.edu/time_series/us/an/800m/ppt/daily/2025/prism_ppt_us_30s_20251106.zip
[DONE] Updated ZIP for 2025-11-06
[MISS] 2025-11-06 missing expanded .tif — extracting now.
[UNZIP] Extracted → /Users/wonjunchoi/PycharmProjects/realtime-buncombe/data/rain/prism_ppt_us_30s_20251106
[CLEAN] 2025-11-06 removed ZIP after extraction.
[CLEAN] 2025-11-05 removed old expanded folder → prism_ppt_us_30s_20251105
[GET ] 2025-11-05 → https://data.prism.oregonstate.edu/time_series/us/an/800m/ppt/daily/2025/prism_ppt_us_30s_20251105.zip
[DONE] Updated ZIP for 2025-11-05
[MISS] 2025-11-05 missing expanded .tif — extracting now.
[UNZIP] Extracted → /Users/wonjunchoi/PycharmProjects/realtime-buncombe/data/rain/prism_ppt_us_30s_20251105
[CLEAN] 2025-11-05 removed ZIP after extraction.
[OK  ] 2025-11-04 metadata matches remote
[OK  ] 2025-11-04 expanded data present (prism_ppt_us_30s_20251104.tif)
[OK  ] 2025-11-03 metadata matches remote
[OK  ] 2025-11-03 expanded data present (prism_ppt_us_30s_20251103.tif)
[OK  ] 2025-11-02 metadata matches remote
[OK  ] 2025-11-02 expanded data present (prism_ppt_us_30s_20251102.tif)
[OK  ] 2025-11-01 metadata matches remote
[OK  ] 2025-11-01 expanded data present (prism_ppt_us_30s_20251101.tif)
[OK  ] 2025-10-31 metadata matches remote
[OK  ] 2025-10-31 expanded data present (prism_ppt_us_30s_20251031.tif)
[OK  ] 2025-10-30 metadata matches remote
[OK  ] 2025-10-30 expanded data present (prism_ppt_us_30s_20251030.tif)
[OK  ] 2025-10-29 metadata matches remote
[OK  ] 2025-10-29 expanded data present (prism_ppt_us_30s_20251029.tif)
[OK  ] 2025-10-28 metadata matches remote
[OK  ] 2025-10-28 expanded data present (prism_ppt_us_30s_20251028.tif)
[OK  ] 2025-10-27 metadata matches remote
[OK  ] 2025-10-27 expanded data present (prism_ppt_us_30s_20251027.tif)
[OK  ] 2025-10-26 metadata matches remote
[OK  ] 2025-10-26 expanded data present (prism_ppt_us_30s_20251026.tif)
[OK  ] 2025-10-25 metadata matches remote
[OK  ] 2025-10-25 expanded data present (prism_ppt_us_30s_20251025.tif)
[OK  ] 2025-10-24 metadata matches remote
[OK  ] 2025-10-24 expanded data present (prism_ppt_us_30s_20251024.tif)
[OK  ] 2025-10-23 metadata matches remote
[OK  ] 2025-10-23 expanded data present (prism_ppt_us_30s_20251023.tif)
[OK  ] 2025-10-22 metadata matches remote
[OK  ] 2025-10-22 expanded data present (prism_ppt_us_30s_20251022.tif)
[OK  ] 2025-10-21 metadata matches remote
[OK  ] 2025-10-21 expanded data present (prism_ppt_us_30s_20251021.tif)
[OK  ] 2025-10-20 metadata matches remote
[OK  ] 2025-10-20 expanded data present (prism_ppt_us_30s_20251020.tif)
[OK  ] 2025-10-19 metadata matches remote
[OK  ] 2025-10-19 expanded data present (prism_ppt_us_30s_20251019.tif)
[OK  ] 2025-10-18 metadata matches remote
[OK  ] 2025-10-18 expanded data present (prism_ppt_us_30s_20251018.tif)
[OK  ] 2025-10-17 metadata matches remote
[OK  ] 2025-10-17 expanded data present (prism_ppt_us_30s_20251017.tif)
[OK  ] 2025-10-16 metadata matches remote
[OK  ] 2025-10-16 expanded data present (prism_ppt_us_30s_20251016.tif)
[OK  ] 2025-10-15 metadata matches remote
[OK  ] 2025-10-15 expanded data present (prism_ppt_us_30s_20251015.tif)
[OK  ] 2025-10-14 metadata matches remote
[OK  ] 2025-10-14 expanded data present (prism_ppt_us_30s_20251014.tif)
[OK  ] 2025-10-13 metadata matches remote
[OK  ] 2025-10-13 expanded data present (prism_ppt_us_30s_20251013.tif)
[OK  ] 2025-10-12 metadata matches remote
[OK  ] 2025-10-12 expanded data present (prism_ppt_us_30s_20251012.tif)
[INFO] Pruning files outside the past window...
[PRUNE] Removed old file → prism_ppt_us_30s_20251011.meta.json
[PRUNE] Removed old folder → prism_ppt_us_30s_20251011
2025-11-11 11:28:41,773 | INFO | Running predict_daily_triple.py
2025-11-11 11:52:39,078 | INFO | Rainfall window: 2025-10-11 → 2025-11-09 (29 files, 1 missing → zero-filled).
Sampling rainfall at 2,452 PRISM grid cells…
Sampling static attributes at grid centers…
Running models…
/Users/wonjunchoi/PycharmProjects/realtime-buncombe/venv/lib/python3.9/site-packages/sklearn/utils/validation.py:2732: UserWarning: X has feature names, but RandomForestClassifier was fitted without feature names
  warnings.warn(
ok: wrote 2,452 rows for 2025-11-10 (rainfall through 2025-11-09)
parquet: /Users/wonjunchoi/PycharmProjects/realtime-buncombe/predictions/historicData/2025/11/predictions_2025-11-10.parquet
geojson: /Users/wonjunchoi/PycharmProjects/realtime-buncombe/predictions/historicData/2025/11/map_2025-11-10.geojson
meta: /Users/wonjunchoi/PycharmProjects/realtime-buncombe/predictions/historicData/2025/11/meta_2025-11-10.json
latest: /Users/wonjunchoi/PycharmProjects/realtime-buncombe/predictions/latest.geojson, /Users/wonjunchoi/PycharmProjects/realtime-buncombe/predictions/latest.json
manifest: /Users/wonjunchoi/PycharmProjects/realtime-buncombe/predictions/index.json
2025-11-11 11:52:39,081 | INFO | Committing and pushing changes
2025-11-11 11:52:39,743 | INFO | [main 4d54adc] Auto-update: rainfall & predictions @ 2025-11-11 11:52:39
 7 files changed, 143 insertions(+), 7 deletions(-)
 create mode 100644 predictions/historicData/2025/11/map_2025-11-10.geojson
 create mode 100644 predictions/historicData/2025/11/meta_2025-11-10.json
 create mode 100644 predictions/historicData/2025/11/predictions_2025-11-10.parquet
2025-11-11 11:52:44,284 | INFO | Locking support detected on remote "origin". Consider enabling it with:
  $ git config lfs.https://github.com-buncombe/WonjunChoi1004/realtime-buncombe.git/info/lfs.locksverify true
Uploading LFS objects: 100% (1/1), 97 KB | 0 B/s, done.
To github.com-buncombe:WonjunChoi1004/realtime-buncombe.git
   0daba0d..4d54adc  main -> main
2025-11-11 11:52:44,284 | INFO | Push succeeded.
▶️ Running daily auto-update job...
✅ Already ran today, skipping.
✅ Already ran today, skipping.
✅ Already ran today, skipping.
2025-11-12 08:58:44,128 | WARNING | No internet connection — delaying run. Retrying in 15 minutes...
2025-11-12 10:38:54,025 | INFO | Internet connection detected. Proceeding with update.
2025-11-12 10:38:54,027 | INFO | Running download_prism_daily.py
2025-11-12 10:49:17,905 | INFO | /Users/wonjunchoi/PycharmProjects/realtime-buncombe/venv/lib/python3.9/site-packages/urllib3/__init__.py:35: NotOpenSSLWarning: urllib3 v2 only supports OpenSSL 1.1.1+, currently the 'ssl' module is compiled with 'LibreSSL 2.8.3'. See: https://github.com/urllib3/urllib3/issues/3020
  warnings.warn(
[GET ] 2025-11-11 → https://data.prism.oregonstate.edu/time_series/us/an/800m/ppt/daily/2025/prism_ppt_us_30s_20251111.zip
[ERR ] 2025-11-11 ('Connection broken: IncompleteRead(1855845 bytes read, 8907349 more expected)', IncompleteRead(1855845 bytes read, 8907349 more expected))
[GET ] 2025-11-10 → https://data.prism.oregonstate.edu/time_series/us/an/800m/ppt/daily/2025/prism_ppt_us_30s_20251110.zip
[DONE] Updated ZIP for 2025-11-10
[MISS] 2025-11-10 missing expanded .tif — extracting now.
[UNZIP] Extracted → /Users/wonjunchoi/PycharmProjects/realtime-buncombe/data/rain/prism_ppt_us_30s_20251110
[CLEAN] 2025-11-10 removed ZIP after extraction.
[OK  ] 2025-11-09 metadata matches remote
[OK  ] 2025-11-09 expanded data present (prism_ppt_us_30s_20251109.tif)
[OK  ] 2025-11-08 metadata matches remote
[OK  ] 2025-11-08 expanded data present (prism_ppt_us_30s_20251108.tif)
[CLEAN] 2025-11-07 removed old expanded folder → prism_ppt_us_30s_20251107
[GET ] 2025-11-07 → https://data.prism.oregonstate.edu/time_series/us/an/800m/ppt/daily/2025/prism_ppt_us_30s_20251107.zip
[DONE] Updated ZIP for 2025-11-07
[MISS] 2025-11-07 missing expanded .tif — extracting now.
[UNZIP] Extracted → /Users/wonjunchoi/PycharmProjects/realtime-buncombe/data/rain/prism_ppt_us_30s_20251107
[CLEAN] 2025-11-07 removed ZIP after extraction.
[OK  ] 2025-11-06 metadata matches remote
[OK  ] 2025-11-06 expanded data present (prism_ppt_us_30s_20251106.tif)
[OK  ] 2025-11-05 metadata matches remote
[OK  ] 2025-11-05 expanded data present (prism_ppt_us_30s_20251105.tif)
[OK  ] 2025-11-04 metadata matches remote
[OK  ] 2025-11-04 expanded data present (prism_ppt_us_30s_20251104.tif)
[OK  ] 2025-11-03 metadata matches remote
[OK  ] 2025-11-03 expanded data present (prism_ppt_us_30s_20251103.tif)
[OK  ] 2025-11-02 metadata matches remote
[OK  ] 2025-11-02 expanded data present (prism_ppt_us_30s_20251102.tif)
[OK  ] 2025-11-01 metadata matches remote
[OK  ] 2025-11-01 expanded data present (prism_ppt_us_30s_20251101.tif)
[OK  ] 2025-10-31 metadata matches remote
[OK  ] 2025-10-31 expanded data present (prism_ppt_us_30s_20251031.tif)
[OK  ] 2025-10-30 metadata matches remote
[OK  ] 2025-10-30 expanded data present (prism_ppt_us_30s_20251030.tif)
[OK  ] 2025-10-29 metadata matches remote
[OK  ] 2025-10-29 expanded data present (prism_ppt_us_30s_20251029.tif)
[OK  ] 2025-10-28 metadata matches remote
[OK  ] 2025-10-28 expanded data present (prism_ppt_us_30s_20251028.tif)
[OK  ] 2025-10-27 metadata matches remote
[OK  ] 2025-10-27 expanded data present (prism_ppt_us_30s_20251027.tif)
[OK  ] 2025-10-26 metadata matches remote
[OK  ] 2025-10-26 expanded data present (prism_ppt_us_30s_20251026.tif)
[OK  ] 2025-10-25 metadata matches remote
[OK  ] 2025-10-25 expanded data present (prism_ppt_us_30s_20251025.tif)
[OK  ] 2025-10-24 metadata matches remote
[OK  ] 2025-10-24 expanded data present (prism_ppt_us_30s_20251024.tif)
[OK  ] 2025-10-23 metadata matches remote
[OK  ] 2025-10-23 expanded data present (prism_ppt_us_30s_20251023.tif)
[OK  ] 2025-10-22 metadata matches remote
[OK  ] 2025-10-22 expanded data present (prism_ppt_us_30s_20251022.tif)
[OK  ] 2025-10-21 metadata matches remote
[OK  ] 2025-10-21 expanded data present (prism_ppt_us_30s_20251021.tif)
[OK  ] 2025-10-20 metadata matches remote
[OK  ] 2025-10-20 expanded data present (prism_ppt_us_30s_20251020.tif)
[OK  ] 2025-10-19 metadata matches remote
[OK  ] 2025-10-19 expanded data present (prism_ppt_us_30s_20251019.tif)
[OK  ] 2025-10-18 metadata matches remote
[OK  ] 2025-10-18 expanded data present (prism_ppt_us_30s_20251018.tif)
[OK  ] 2025-10-17 metadata matches remote
[OK  ] 2025-10-17 expanded data present (prism_ppt_us_30s_20251017.tif)
[OK  ] 2025-10-16 metadata matches remote
[OK  ] 2025-10-16 expanded data present (prism_ppt_us_30s_20251016.tif)
[OK  ] 2025-10-15 metadata matches remote
[OK  ] 2025-10-15 expanded data present (prism_ppt_us_30s_20251015.tif)
[OK  ] 2025-10-14 metadata matches remote
[OK  ] 2025-10-14 expanded data present (prism_ppt_us_30s_20251014.tif)
[OK  ] 2025-10-13 metadata matches remote
[OK  ] 2025-10-13 expanded data present (prism_ppt_us_30s_20251013.tif)
[INFO] Pruning files outside the past window...
[PRUNE] Removed old folder → prism_ppt_us_30s_20251012
[PRUNE] Removed old file → prism_ppt_us_30s_20251012.meta.json
2025-11-12 10:49:17,906 | INFO | Running predict_daily_triple.py
2025-11-12 11:11:34,696 | INFO | Rainfall window: 2025-10-12 → 2025-11-10 (29 files, 1 missing → zero-filled).
Sampling rainfall at 2,452 PRISM grid cells…
Sampling static attributes at grid centers…
Running models…
/Users/wonjunchoi/PycharmProjects/realtime-buncombe/venv/lib/python3.9/site-packages/sklearn/utils/validation.py:2732: UserWarning: X has feature names, but RandomForestClassifier was fitted without feature names
  warnings.warn(
ok: wrote 2,452 rows for 2025-11-11 (rainfall through 2025-11-10)
parquet: /Users/wonjunchoi/PycharmProjects/realtime-buncombe/predictions/historicData/2025/11/predictions_2025-11-11.parquet
geojson: /Users/wonjunchoi/PycharmProjects/realtime-buncombe/predictions/historicData/2025/11/map_2025-11-11.geojson
meta: /Users/wonjunchoi/PycharmProjects/realtime-buncombe/predictions/historicData/2025/11/meta_2025-11-11.json
latest: /Users/wonjunchoi/PycharmProjects/realtime-buncombe/predictions/latest.geojson, /Users/wonjunchoi/PycharmProjects/realtime-buncombe/predictions/latest.json
manifest: /Users/wonjunchoi/PycharmProjects/realtime-buncombe/predictions/index.json
2025-11-12 11:11:34,698 | INFO | Committing and pushing changes
2025-11-12 11:11:35,460 | INFO | [main 2ae267d] Auto-update: rainfall & predictions @ 2025-11-12 11:11:34
 7 files changed, 137 insertions(+), 7 deletions(-)
 create mode 100644 predictions/historicData/2025/11/map_2025-11-11.geojson
 create mode 100644 predictions/historicData/2025/11/meta_2025-11-11.json
 create mode 100644 predictions/historicData/2025/11/predictions_2025-11-11.parquet
2025-11-12 11:11:41,081 | INFO | Locking support detected on remote "origin". Consider enabling it with:
  $ git config lfs.https://github.com-buncombe/WonjunChoi1004/realtime-buncombe.git/info/lfs.locksverify true
Uploading LFS objects: 100% (1/1), 97 KB | 0 B/s, done.
To github.com-buncombe:WonjunChoi1004/realtime-buncombe.git
   4d54adc..2ae267d  main -> main
2025-11-12 11:11:41,082 | INFO | Push succeeded.
▶️ Running daily auto-update job...
✅ Already ran today, skipping.
✅ Already ran today, skipping.
✅ Already ran today, skipping.
✅ Already ran today, skipping.
✅ Already ran today, skipping.
2025-11-13 12:11:03,564 | WARNING | No internet connection — delaying run. Retrying in 15 minutes...
2025-11-13 12:48:29,197 | INFO | Internet connection detected. Proceeding with update.
2025-11-13 12:48:29,199 | INFO | Running download_prism_daily.py
2025-11-13 12:48:47,811 | INFO | /Users/wonjunchoi/PycharmProjects/realtime-buncombe/venv/lib/python3.9/site-packages/urllib3/__init__.py:35: NotOpenSSLWarning: urllib3 v2 only supports OpenSSL 1.1.1+, currently the 'ssl' module is compiled with 'LibreSSL 2.8.3'. See: https://github.com/urllib3/urllib3/issues/3020
  warnings.warn(
[GET ] 2025-11-12 → https://data.prism.oregonstate.edu/time_series/us/an/800m/ppt/daily/2025/prism_ppt_us_30s_20251112.zip
[DONE] Updated ZIP for 2025-11-12
[MISS] 2025-11-12 missing expanded .tif — extracting now.
[UNZIP] Extracted → /Users/wonjunchoi/PycharmProjects/realtime-buncombe/data/rain/prism_ppt_us_30s_20251112
[CLEAN] 2025-11-12 removed ZIP after extraction.
[GET ] 2025-11-11 → https://data.prism.oregonstate.edu/time_series/us/an/800m/ppt/daily/2025/prism_ppt_us_30s_20251111.zip
[DONE] Updated ZIP for 2025-11-11
[MISS] 2025-11-11 missing expanded .tif — extracting now.
[UNZIP] Extracted → /Users/wonjunchoi/PycharmProjects/realtime-buncombe/data/rain/prism_ppt_us_30s_20251111
[CLEAN] 2025-11-11 removed ZIP after extraction.
[OK  ] 2025-11-10 metadata matches remote
[OK  ] 2025-11-10 expanded data present (prism_ppt_us_30s_20251110.tif)
[OK  ] 2025-11-09 metadata matches remote
[OK  ] 2025-11-09 expanded data present (prism_ppt_us_30s_20251109.tif)
[CLEAN] 2025-11-08 removed old expanded folder → prism_ppt_us_30s_20251108
[GET ] 2025-11-08 → https://data.prism.oregonstate.edu/time_series/us/an/800m/ppt/daily/2025/prism_ppt_us_30s_20251108.zip
[DONE] Updated ZIP for 2025-11-08
[MISS] 2025-11-08 missing expanded .tif — extracting now.
[UNZIP] Extracted → /Users/wonjunchoi/PycharmProjects/realtime-buncombe/data/rain/prism_ppt_us_30s_20251108
[CLEAN] 2025-11-08 removed ZIP after extraction.
[OK  ] 2025-11-07 metadata matches remote
[OK  ] 2025-11-07 expanded data present (prism_ppt_us_30s_20251107.tif)
[OK  ] 2025-11-06 metadata matches remote
[OK  ] 2025-11-06 expanded data present (prism_ppt_us_30s_20251106.tif)
[OK  ] 2025-11-05 metadata matches remote
[OK  ] 2025-11-05 expanded data present (prism_ppt_us_30s_20251105.tif)
[OK  ] 2025-11-04 metadata matches remote
[OK  ] 2025-11-04 expanded data present (prism_ppt_us_30s_20251104.tif)
[OK  ] 2025-11-03 metadata matches remote
[OK  ] 2025-11-03 expanded data present (prism_ppt_us_30s_20251103.tif)
[OK  ] 2025-11-02 metadata matches remote
[OK  ] 2025-11-02 expanded data present (prism_ppt_us_30s_20251102.tif)
[OK  ] 2025-11-01 metadata matches remote
[OK  ] 2025-11-01 expanded data present (prism_ppt_us_30s_20251101.tif)
[OK  ] 2025-10-31 metadata matches remote
[OK  ] 2025-10-31 expanded data present (prism_ppt_us_30s_20251031.tif)
[OK  ] 2025-10-30 metadata matches remote
[OK  ] 2025-10-30 expanded data present (prism_ppt_us_30s_20251030.tif)
[OK  ] 2025-10-29 metadata matches remote
[OK  ] 2025-10-29 expanded data present (prism_ppt_us_30s_20251029.tif)
[OK  ] 2025-10-28 metadata matches remote
[OK  ] 2025-10-28 expanded data present (prism_ppt_us_30s_20251028.tif)
[OK  ] 2025-10-27 metadata matches remote
[OK  ] 2025-10-27 expanded data present (prism_ppt_us_30s_20251027.tif)
[OK  ] 2025-10-26 metadata matches remote
[OK  ] 2025-10-26 expanded data present (prism_ppt_us_30s_20251026.tif)
[OK  ] 2025-10-25 metadata matches remote
[OK  ] 2025-10-25 expanded data present (prism_ppt_us_30s_20251025.tif)
[OK  ] 2025-10-24 metadata matches remote
[OK  ] 2025-10-24 expanded data present (prism_ppt_us_30s_20251024.tif)
[OK  ] 2025-10-23 metadata matches remote
[OK  ] 2025-10-23 expanded data present (prism_ppt_us_30s_20251023.tif)
[OK  ] 2025-10-22 metadata matches remote
[OK  ] 2025-10-22 expanded data present (prism_ppt_us_30s_20251022.tif)
[OK  ] 2025-10-21 metadata matches remote
[OK  ] 2025-10-21 expanded data present (prism_ppt_us_30s_20251021.tif)
[OK  ] 2025-10-20 metadata matches remote
[OK  ] 2025-10-20 expanded data present (prism_ppt_us_30s_20251020.tif)
[OK  ] 2025-10-19 metadata matches remote
[OK  ] 2025-10-19 expanded data present (prism_ppt_us_30s_20251019.tif)
[OK  ] 2025-10-18 metadata matches remote
[OK  ] 2025-10-18 expanded data present (prism_ppt_us_30s_20251018.tif)
[OK  ] 2025-10-17 metadata matches remote
[OK  ] 2025-10-17 expanded data present (prism_ppt_us_30s_20251017.tif)
[OK  ] 2025-10-16 metadata matches remote
[OK  ] 2025-10-16 expanded data present (prism_ppt_us_30s_20251016.tif)
[OK  ] 2025-10-15 metadata matches remote
[OK  ] 2025-10-15 expanded data present (prism_ppt_us_30s_20251015.tif)
[OK  ] 2025-10-14 metadata matches remote
[OK  ] 2025-10-14 expanded data present (prism_ppt_us_30s_20251014.tif)
[INFO] Pruning files outside the past window...
[PRUNE] Removed old folder → prism_ppt_us_30s_20251013
[PRUNE] Removed old file → prism_ppt_us_30s_20251013.meta.json
2025-11-13 12:48:47,813 | INFO | Running predict_daily_triple.py
2025-11-13 13:11:20,370 | INFO | Rainfall window: 2025-10-14 → 2025-11-12 (30 files, 0 missing → zero-filled).
Sampling rainfall at 2,452 PRISM grid cells…
Sampling static attributes at grid centers…
Running models…
/Users/wonjunchoi/PycharmProjects/realtime-buncombe/venv/lib/python3.9/site-packages/sklearn/utils/validation.py:2732: UserWarning: X has feature names, but RandomForestClassifier was fitted without feature names
  warnings.warn(
ok: wrote 2,452 rows for 2025-11-12 (rainfall through 2025-11-12)
parquet: /Users/wonjunchoi/PycharmProjects/realtime-buncombe/predictions/historicData/2025/11/predictions_2025-11-12.parquet
geojson: /Users/wonjunchoi/PycharmProjects/realtime-buncombe/predictions/historicData/2025/11/map_2025-11-12.geojson
meta: /Users/wonjunchoi/PycharmProjects/realtime-buncombe/predictions/historicData/2025/11/meta_2025-11-12.json
latest: /Users/wonjunchoi/PycharmProjects/realtime-buncombe/predictions/latest.geojson, /Users/wonjunchoi/PycharmProjects/realtime-buncombe/predictions/latest.json
manifest: /Users/wonjunchoi/PycharmProjects/realtime-buncombe/predictions/index.json
2025-11-13 13:11:20,371 | INFO | Committing and pushing changes
2025-11-13 13:11:20,979 | INFO | [main 15eef97] Auto-update: rainfall & predictions @ 2025-11-13 13:11:20
 7 files changed, 142 insertions(+), 7 deletions(-)
 create mode 100644 predictions/historicData/2025/11/map_2025-11-12.geojson
 create mode 100644 predictions/historicData/2025/11/meta_2025-11-12.json
 create mode 100644 predictions/historicData/2025/11/predictions_2025-11-12.parquet
2025-11-13 13:11:25,614 | INFO | Locking support detected on remote "origin". Consider enabling it with:
  $ git config lfs.https://github.com-buncombe/WonjunChoi1004/realtime-buncombe.git/info/lfs.locksverify true
Uploading LFS objects: 100% (1/1), 97 KB | 0 B/s, done.
To github.com-buncombe:WonjunChoi1004/realtime-buncombe.git
   2ae267d..15eef97  main -> main
2025-11-13 13:11:25,614 | INFO | Push succeeded.
▶️ Running daily auto-update job...
✅ Already ran today, skipping.
✅ Already ran today, skipping.
✅ Already ran today, skipping.
2025-11-14 17:21:30,552 | WARNING | No internet connection — delaying run. Retrying in 15 minutes...
2025-11-14 17:35:16,479 | WARNING | No internet connection — delaying run. Retrying in 15 minutes...
2025-11-14 18:42:26,527 | INFO | Internet connection detected. Proceeding with update.
2025-11-14 18:42:26,531 | INFO | Running download_prism_daily.py
2025-11-14 18:42:48,850 | INFO | /Users/wonjunchoi/PycharmProjects/realtime-buncombe/venv/lib/python3.9/site-packages/urllib3/__init__.py:35: NotOpenSSLWarning: urllib3 v2 only supports OpenSSL 1.1.1+, currently the 'ssl' module is compiled with 'LibreSSL 2.8.3'. See: https://github.com/urllib3/urllib3/issues/3020
  warnings.warn(
[GET ] 2025-11-13 → https://data.prism.oregonstate.edu/time_series/us/an/800m/ppt/daily/2025/prism_ppt_us_30s_20251113.zip
[DONE] Updated ZIP for 2025-11-13
[MISS] 2025-11-13 missing expanded .tif — extracting now.
[UNZIP] Extracted → /Users/wonjunchoi/PycharmProjects/realtime-buncombe/data/rain/prism_ppt_us_30s_20251113
[CLEAN] 2025-11-13 removed ZIP after extraction.
[OK  ] 2025-11-12 metadata matches remote
[OK  ] 2025-11-12 expanded data present (prism_ppt_us_30s_20251112.tif)
[OK  ] 2025-11-11 metadata matches remote
[OK  ] 2025-11-11 expanded data present (prism_ppt_us_30s_20251111.tif)
[OK  ] 2025-11-10 metadata matches remote
[OK  ] 2025-11-10 expanded data present (prism_ppt_us_30s_20251110.tif)
[CLEAN] 2025-11-09 removed old expanded folder → prism_ppt_us_30s_20251109
[GET ] 2025-11-09 → https://data.prism.oregonstate.edu/time_series/us/an/800m/ppt/daily/2025/prism_ppt_us_30s_20251109.zip
[DONE] Updated ZIP for 2025-11-09
[MISS] 2025-11-09 missing expanded .tif — extracting now.
[UNZIP] Extracted → /Users/wonjunchoi/PycharmProjects/realtime-buncombe/data/rain/prism_ppt_us_30s_20251109
[CLEAN] 2025-11-09 removed ZIP after extraction.
[OK  ] 2025-11-08 metadata matches remote
[OK  ] 2025-11-08 expanded data present (prism_ppt_us_30s_20251108.tif)
[OK  ] 2025-11-07 metadata matches remote
[OK  ] 2025-11-07 expanded data present (prism_ppt_us_30s_20251107.tif)
[OK  ] 2025-11-06 metadata matches remote
[OK  ] 2025-11-06 expanded data present (prism_ppt_us_30s_20251106.tif)
[OK  ] 2025-11-05 metadata matches remote
[OK  ] 2025-11-05 expanded data present (prism_ppt_us_30s_20251105.tif)
[OK  ] 2025-11-04 metadata matches remote
[OK  ] 2025-11-04 expanded data present (prism_ppt_us_30s_20251104.tif)
[OK  ] 2025-11-03 metadata matches remote
[OK  ] 2025-11-03 expanded data present (prism_ppt_us_30s_20251103.tif)
[OK  ] 2025-11-02 metadata matches remote
[OK  ] 2025-11-02 expanded data present (prism_ppt_us_30s_20251102.tif)
[OK  ] 2025-11-01 metadata matches remote
[OK  ] 2025-11-01 expanded data present (prism_ppt_us_30s_20251101.tif)
[OK  ] 2025-10-31 metadata matches remote
[OK  ] 2025-10-31 expanded data present (prism_ppt_us_30s_20251031.tif)
[OK  ] 2025-10-30 metadata matches remote
[OK  ] 2025-10-30 expanded data present (prism_ppt_us_30s_20251030.tif)
[OK  ] 2025-10-29 metadata matches remote
[OK  ] 2025-10-29 expanded data present (prism_ppt_us_30s_20251029.tif)
[OK  ] 2025-10-28 metadata matches remote
[OK  ] 2025-10-28 expanded data present (prism_ppt_us_30s_20251028.tif)
[OK  ] 2025-10-27 metadata matches remote
[OK  ] 2025-10-27 expanded data present (prism_ppt_us_30s_20251027.tif)
[OK  ] 2025-10-26 metadata matches remote
[OK  ] 2025-10-26 expanded data present (prism_ppt_us_30s_20251026.tif)
[OK  ] 2025-10-25 metadata matches remote
[OK  ] 2025-10-25 expanded data present (prism_ppt_us_30s_20251025.tif)
[OK  ] 2025-10-24 metadata matches remote
[OK  ] 2025-10-24 expanded data present (prism_ppt_us_30s_20251024.tif)
[OK  ] 2025-10-23 metadata matches remote
[OK  ] 2025-10-23 expanded data present (prism_ppt_us_30s_20251023.tif)
[OK  ] 2025-10-22 metadata matches remote
[OK  ] 2025-10-22 expanded data present (prism_ppt_us_30s_20251022.tif)
[OK  ] 2025-10-21 metadata matches remote
[OK  ] 2025-10-21 expanded data present (prism_ppt_us_30s_20251021.tif)
[OK  ] 2025-10-20 metadata matches remote
[OK  ] 2025-10-20 expanded data present (prism_ppt_us_30s_20251020.tif)
[OK  ] 2025-10-19 metadata matches remote
[OK  ] 2025-10-19 expanded data present (prism_ppt_us_30s_20251019.tif)
[OK  ] 2025-10-18 metadata matches remote
[OK  ] 2025-10-18 expanded data present (prism_ppt_us_30s_20251018.tif)
[OK  ] 2025-10-17 metadata matches remote
[OK  ] 2025-10-17 expanded data present (prism_ppt_us_30s_20251017.tif)
[OK  ] 2025-10-16 metadata matches remote
[OK  ] 2025-10-16 expanded data present (prism_ppt_us_30s_20251016.tif)
[OK  ] 2025-10-15 metadata matches remote
[OK  ] 2025-10-15 expanded data present (prism_ppt_us_30s_20251015.tif)
[INFO] Pruning files outside the past window...
[PRUNE] Removed old folder → prism_ppt_us_30s_20251014
[PRUNE] Removed old file → prism_ppt_us_30s_20251014.meta.json
2025-11-14 18:42:48,851 | INFO | Running predict_daily_triple.py
2025-11-14 19:06:45,089 | INFO | Rainfall window: 2025-10-15 → 2025-11-13 (30 files, 0 missing → zero-filled).
Sampling rainfall at 2,452 PRISM grid cells…
Sampling static attributes at grid centers…
Running models…
/Users/wonjunchoi/PycharmProjects/realtime-buncombe/venv/lib/python3.9/site-packages/sklearn/utils/validation.py:2732: UserWarning: X has feature names, but RandomForestClassifier was fitted without feature names
  warnings.warn(
ok: wrote 2,452 rows for 2025-11-13 (rainfall through 2025-11-13)
parquet: /Users/wonjunchoi/PycharmProjects/realtime-buncombe/predictions/historicData/2025/11/predictions_2025-11-13.parquet
geojson: /Users/wonjunchoi/PycharmProjects/realtime-buncombe/predictions/historicData/2025/11/map_2025-11-13.geojson
meta: /Users/wonjunchoi/PycharmProjects/realtime-buncombe/predictions/historicData/2025/11/meta_2025-11-13.json
latest: /Users/wonjunchoi/PycharmProjects/realtime-buncombe/predictions/latest.geojson, /Users/wonjunchoi/PycharmProjects/realtime-buncombe/predictions/latest.json
manifest: /Users/wonjunchoi/PycharmProjects/realtime-buncombe/predictions/index.json
2025-11-14 19:06:45,090 | INFO | Committing and pushing changes
2025-11-14 19:06:45,694 | INFO | [main 0fbdc3a] Auto-update: rainfall & predictions @ 2025-11-14 19:06:45
 7 files changed, 138 insertions(+), 7 deletions(-)
 create mode 100644 predictions/historicData/2025/11/map_2025-11-13.geojson
 create mode 100644 predictions/historicData/2025/11/meta_2025-11-13.json
 create mode 100644 predictions/historicData/2025/11/predictions_2025-11-13.parquet
2025-11-14 19:06:55,150 | INFO | Locking support detected on remote "origin". Consider enabling it with:
  $ git config lfs.https://github.com-buncombe/WonjunChoi1004/realtime-buncombe.git/info/lfs.locksverify true
Uploading LFS objects: 100% (1/1), 96 KB | 0 B/s, done.
To github.com-buncombe:WonjunChoi1004/realtime-buncombe.git
   15eef97..0fbdc3a  main -> main
2025-11-14 19:06:55,150 | INFO | Push succeeded.
▶️ Running daily auto-update job...
2025-11-15 05:07:08,993 | INFO | Internet connection detected. Proceeding with update.
2025-11-15 05:07:08,994 | INFO | Running download_prism_daily.py
2025-11-15 05:23:05,371 | INFO | /Users/wonjunchoi/PycharmProjects/realtime-buncombe/venv/lib/python3.9/site-packages/urllib3/__init__.py:35: NotOpenSSLWarning: urllib3 v2 only supports OpenSSL 1.1.1+, currently the 'ssl' module is compiled with 'LibreSSL 2.8.3'. See: https://github.com/urllib3/urllib3/issues/3020
  warnings.warn(
[SKIP] 2025-11-14 not found online.
[OK  ] 2025-11-13 metadata matches remote
[OK  ] 2025-11-13 expanded data present (prism_ppt_us_30s_20251113.tif)
[OK  ] 2025-11-12 metadata matches remote
[OK  ] 2025-11-12 expanded data present (prism_ppt_us_30s_20251112.tif)
[OK  ] 2025-11-11 metadata matches remote
[OK  ] 2025-11-11 expanded data present (prism_ppt_us_30s_20251111.tif)
[OK  ] 2025-11-10 metadata matches remote
[OK  ] 2025-11-10 expanded data present (prism_ppt_us_30s_20251110.tif)
[OK  ] 2025-11-09 metadata matches remote
[OK  ] 2025-11-09 expanded data present (prism_ppt_us_30s_20251109.tif)
[OK  ] 2025-11-08 metadata matches remote
[OK  ] 2025-11-08 expanded data present (prism_ppt_us_30s_20251108.tif)
[OK  ] 2025-11-07 metadata matches remote
[OK  ] 2025-11-07 expanded data present (prism_ppt_us_30s_20251107.tif)
[OK  ] 2025-11-06 metadata matches remote
[OK  ] 2025-11-06 expanded data present (prism_ppt_us_30s_20251106.tif)
[OK  ] 2025-11-05 metadata matches remote
[OK  ] 2025-11-05 expanded data present (prism_ppt_us_30s_20251105.tif)
[OK  ] 2025-11-04 metadata matches remote
[OK  ] 2025-11-04 expanded data present (prism_ppt_us_30s_20251104.tif)
[OK  ] 2025-11-03 metadata matches remote
[OK  ] 2025-11-03 expanded data present (prism_ppt_us_30s_20251103.tif)
[OK  ] 2025-11-02 metadata matches remote
[OK  ] 2025-11-02 expanded data present (prism_ppt_us_30s_20251102.tif)
[OK  ] 2025-11-01 metadata matches remote
[OK  ] 2025-11-01 expanded data present (prism_ppt_us_30s_20251101.tif)
[OK  ] 2025-10-31 metadata matches remote
[OK  ] 2025-10-31 expanded data present (prism_ppt_us_30s_20251031.tif)
[OK  ] 2025-10-30 metadata matches remote
[OK  ] 2025-10-30 expanded data present (prism_ppt_us_30s_20251030.tif)
[OK  ] 2025-10-29 metadata matches remote
[OK  ] 2025-10-29 expanded data present (prism_ppt_us_30s_20251029.tif)
[OK  ] 2025-10-28 metadata matches remote
[OK  ] 2025-10-28 expanded data present (prism_ppt_us_30s_20251028.tif)
[OK  ] 2025-10-27 metadata matches remote
[OK  ] 2025-10-27 expanded data present (prism_ppt_us_30s_20251027.tif)
[OK  ] 2025-10-26 metadata matches remote
[OK  ] 2025-10-26 expanded data present (prism_ppt_us_30s_20251026.tif)
[OK  ] 2025-10-25 metadata matches remote
[OK  ] 2025-10-25 expanded data present (prism_ppt_us_30s_20251025.tif)
[ERR ] 2025-10-24 HTTPSConnectionPool(host='data.prism.oregonstate.edu', port=443): Read timed out. (read timeout=30)
[OK  ] 2025-10-23 metadata matches remote
[OK  ] 2025-10-23 expanded data present (prism_ppt_us_30s_20251023.tif)
[OK  ] 2025-10-22 metadata matches remote
[OK  ] 2025-10-22 expanded data present (prism_ppt_us_30s_20251022.tif)
[OK  ] 2025-10-21 metadata matches remote
[OK  ] 2025-10-21 expanded data present (prism_ppt_us_30s_20251021.tif)
[OK  ] 2025-10-20 metadata matches remote
[OK  ] 2025-10-20 expanded data present (prism_ppt_us_30s_20251020.tif)
[OK  ] 2025-10-19 metadata matches remote
[OK  ] 2025-10-19 expanded data present (prism_ppt_us_30s_20251019.tif)
[ERR ] 2025-10-18 HTTPSConnectionPool(host='data.prism.oregonstate.edu', port=443): Read timed out. (read timeout=30)
[OK  ] 2025-10-17 metadata matches remote
[OK  ] 2025-10-17 expanded data present (prism_ppt_us_30s_20251017.tif)
[ERR ] 2025-10-16 HTTPSConnectionPool(host='data.prism.oregonstate.edu', port=443): Read timed out. (read timeout=30)
[INFO] Pruning files outside the past window...
[PRUNE] Removed old folder → prism_ppt_us_30s_20251015
[PRUNE] Removed old file → prism_ppt_us_30s_20251015.meta.json
2025-11-15 05:23:05,373 | INFO | Running predict_daily_triple.py
2025-11-15 08:13:15,974 | INFO | Rainfall window: 2025-10-15 → 2025-11-13 (29 files, 1 missing → zero-filled).
Sampling rainfall at 2,452 PRISM grid cells…
Sampling static attributes at grid centers…
Running models…
/Users/wonjunchoi/PycharmProjects/realtime-buncombe/venv/lib/python3.9/site-packages/sklearn/utils/validation.py:2732: UserWarning: X has feature names, but RandomForestClassifier was fitted without feature names
  warnings.warn(
ok: wrote 2,452 rows for 2025-11-14 (rainfall through 2025-11-13)
parquet: /Users/wonjunchoi/PycharmProjects/realtime-buncombe/predictions/historicData/2025/11/predictions_2025-11-14.parquet
geojson: /Users/wonjunchoi/PycharmProjects/realtime-buncombe/predictions/historicData/2025/11/map_2025-11-14.geojson
meta: /Users/wonjunchoi/PycharmProjects/realtime-buncombe/predictions/historicData/2025/11/meta_2025-11-14.json
latest: /Users/wonjunchoi/PycharmProjects/realtime-buncombe/predictions/latest.geojson, /Users/wonjunchoi/PycharmProjects/realtime-buncombe/predictions/latest.json
manifest: /Users/wonjunchoi/PycharmProjects/realtime-buncombe/predictions/index.json
2025-11-15 08:13:15,977 | INFO | Committing and pushing changes
2025-11-15 08:13:16,550 | INFO | [main 9f90c1d] Auto-update: rainfall & predictions @ 2025-11-15 08:13:16
 7 files changed, 121 insertions(+), 6 deletions(-)
 create mode 100644 predictions/historicData/2025/11/map_2025-11-14.geojson
 create mode 100644 predictions/historicData/2025/11/meta_2025-11-14.json
 create mode 100644 predictions/historicData/2025/11/predictions_2025-11-14.parquet
2025-11-15 08:13:20,237 | INFO | Locking support detected on remote "origin". Consider enabling it with:
  $ git config lfs.https://github.com-buncombe/WonjunChoi1004/realtime-buncombe.git/info/lfs.locksverify true
To github.com-buncombe:WonjunChoi1004/realtime-buncombe.git
   0fbdc3a..9f90c1d  main -> main
2025-11-15 08:13:20,238 | INFO | Push succeeded.
▶️ Running daily auto-update job...
✅ Already ran today, skipping.
✅ Already ran today, skipping.
2025-11-16 05:00:01,117 | INFO | Internet connection detected. Proceeding with update.
2025-11-16 05:00:01,118 | INFO | Running download_prism_daily.py
2025-11-16 05:00:18,366 | INFO | /Users/wonjunchoi/PycharmProjects/realtime-buncombe/venv/lib/python3.9/site-packages/urllib3/__init__.py:35: NotOpenSSLWarning: urllib3 v2 only supports OpenSSL 1.1.1+, currently the 'ssl' module is compiled with 'LibreSSL 2.8.3'. See: https://github.com/urllib3/urllib3/issues/3020
  warnings.warn(
[SKIP] 2025-11-15 not found online.
[GET ] 2025-11-14 → https://data.prism.oregonstate.edu/time_series/us/an/800m/ppt/daily/2025/prism_ppt_us_30s_20251114.zip
[DONE] Updated ZIP for 2025-11-14
[MISS] 2025-11-14 missing expanded .tif — extracting now.
[UNZIP] Extracted → /Users/wonjunchoi/PycharmProjects/realtime-buncombe/data/rain/prism_ppt_us_30s_20251114
[CLEAN] 2025-11-14 removed ZIP after extraction.
[OK  ] 2025-11-13 metadata matches remote
[OK  ] 2025-11-13 expanded data present (prism_ppt_us_30s_20251113.tif)
[OK  ] 2025-11-12 metadata matches remote
[OK  ] 2025-11-12 expanded data present (prism_ppt_us_30s_20251112.tif)
[OK  ] 2025-11-11 metadata matches remote
[OK  ] 2025-11-11 expanded data present (prism_ppt_us_30s_20251111.tif)
[CLEAN] 2025-11-10 removed old expanded folder → prism_ppt_us_30s_20251110
[GET ] 2025-11-10 → https://data.prism.oregonstate.edu/time_series/us/an/800m/ppt/daily/2025/prism_ppt_us_30s_20251110.zip
[DONE] Updated ZIP for 2025-11-10
[MISS] 2025-11-10 missing expanded .tif — extracting now.
[UNZIP] Extracted → /Users/wonjunchoi/PycharmProjects/realtime-buncombe/data/rain/prism_ppt_us_30s_20251110
[CLEAN] 2025-11-10 removed ZIP after extraction.
[OK  ] 2025-11-09 metadata matches remote
[OK  ] 2025-11-09 expanded data present (prism_ppt_us_30s_20251109.tif)
[OK  ] 2025-11-08 metadata matches remote
[OK  ] 2025-11-08 expanded data present (prism_ppt_us_30s_20251108.tif)
[OK  ] 2025-11-07 metadata matches remote
[OK  ] 2025-11-07 expanded data present (prism_ppt_us_30s_20251107.tif)
[OK  ] 2025-11-06 metadata matches remote
[OK  ] 2025-11-06 expanded data present (prism_ppt_us_30s_20251106.tif)
[OK  ] 2025-11-05 metadata matches remote
[OK  ] 2025-11-05 expanded data present (prism_ppt_us_30s_20251105.tif)
[OK  ] 2025-11-04 metadata matches remote
[OK  ] 2025-11-04 expanded data present (prism_ppt_us_30s_20251104.tif)
[OK  ] 2025-11-03 metadata matches remote
[OK  ] 2025-11-03 expanded data present (prism_ppt_us_30s_20251103.tif)
[OK  ] 2025-11-02 metadata matches remote
[OK  ] 2025-11-02 expanded data present (prism_ppt_us_30s_20251102.tif)
[OK  ] 2025-11-01 metadata matches remote
[OK  ] 2025-11-01 expanded data present (prism_ppt_us_30s_20251101.tif)
[OK  ] 2025-10-31 metadata matches remote
[OK  ] 2025-10-31 expanded data present (prism_ppt_us_30s_20251031.tif)
[OK  ] 2025-10-30 metadata matches remote
[OK  ] 2025-10-30 expanded data present (prism_ppt_us_30s_20251030.tif)
[OK  ] 2025-10-29 metadata matches remote
[OK  ] 2025-10-29 expanded data present (prism_ppt_us_30s_20251029.tif)
[OK  ] 2025-10-28 metadata matches remote
[OK  ] 2025-10-28 expanded data present (prism_ppt_us_30s_20251028.tif)
[OK  ] 2025-10-27 metadata matches remote
[OK  ] 2025-10-27 expanded data present (prism_ppt_us_30s_20251027.tif)
[OK  ] 2025-10-26 metadata matches remote
[OK  ] 2025-10-26 expanded data present (prism_ppt_us_30s_20251026.tif)
[OK  ] 2025-10-25 metadata matches remote
[OK  ] 2025-10-25 expanded data present (prism_ppt_us_30s_20251025.tif)
[OK  ] 2025-10-24 metadata matches remote
[OK  ] 2025-10-24 expanded data present (prism_ppt_us_30s_20251024.tif)
[OK  ] 2025-10-23 metadata matches remote
[OK  ] 2025-10-23 expanded data present (prism_ppt_us_30s_20251023.tif)
[OK  ] 2025-10-22 metadata matches remote
[OK  ] 2025-10-22 expanded data present (prism_ppt_us_30s_20251022.tif)
[OK  ] 2025-10-21 metadata matches remote
[OK  ] 2025-10-21 expanded data present (prism_ppt_us_30s_20251021.tif)
[OK  ] 2025-10-20 metadata matches remote
[OK  ] 2025-10-20 expanded data present (prism_ppt_us_30s_20251020.tif)
[OK  ] 2025-10-19 metadata matches remote
[OK  ] 2025-10-19 expanded data present (prism_ppt_us_30s_20251019.tif)
[OK  ] 2025-10-18 metadata matches remote
[OK  ] 2025-10-18 expanded data present (prism_ppt_us_30s_20251018.tif)
[OK  ] 2025-10-17 metadata matches remote
[OK  ] 2025-10-17 expanded data present (prism_ppt_us_30s_20251017.tif)
[INFO] Pruning files outside the past window...
[PRUNE] Removed old file → prism_ppt_us_30s_20251016.meta.json
[PRUNE] Removed old folder → prism_ppt_us_30s_20251016
2025-11-16 05:00:18,367 | INFO | Running predict_daily_triple.py
2025-11-16 05:25:05,285 | INFO | Rainfall window: 2025-10-16 → 2025-11-14 (29 files, 1 missing → zero-filled).
Sampling rainfall at 2,452 PRISM grid cells…
Sampling static attributes at grid centers…
Running models…
/Users/wonjunchoi/PycharmProjects/realtime-buncombe/venv/lib/python3.9/site-packages/sklearn/utils/validation.py:2732: UserWarning: X has feature names, but RandomForestClassifier was fitted without feature names
  warnings.warn(
ok: wrote 2,452 rows for 2025-11-15 (rainfall through 2025-11-14)
parquet: /Users/wonjunchoi/PycharmProjects/realtime-buncombe/predictions/historicData/2025/11/predictions_2025-11-15.parquet
geojson: /Users/wonjunchoi/PycharmProjects/realtime-buncombe/predictions/historicData/2025/11/map_2025-11-15.geojson
meta: /Users/wonjunchoi/PycharmProjects/realtime-buncombe/predictions/historicData/2025/11/meta_2025-11-15.json
latest: /Users/wonjunchoi/PycharmProjects/realtime-buncombe/predictions/latest.geojson, /Users/wonjunchoi/PycharmProjects/realtime-buncombe/predictions/latest.json
manifest: /Users/wonjunchoi/PycharmProjects/realtime-buncombe/predictions/index.json
2025-11-16 05:25:05,288 | INFO | Committing and pushing changes
2025-11-16 05:25:06,023 | INFO | [main 52a8ec6] Auto-update: rainfall & predictions @ 2025-11-16 05:25:05
 7 files changed, 133 insertions(+), 7 deletions(-)
 create mode 100644 predictions/historicData/2025/11/map_2025-11-15.geojson
 create mode 100644 predictions/historicData/2025/11/meta_2025-11-15.json
 create mode 100644 predictions/historicData/2025/11/predictions_2025-11-15.parquet
2025-11-16 05:25:10,406 | INFO | Locking support detected on remote "origin". Consider enabling it with:
  $ git config lfs.https://github.com-buncombe/WonjunChoi1004/realtime-buncombe.git/info/lfs.locksverify true
Uploading LFS objects: 100% (1/1), 74 KB | 0 B/s, done.
To github.com-buncombe:WonjunChoi1004/realtime-buncombe.git
   9f90c1d..52a8ec6  main -> main
2025-11-16 05:25:10,407 | INFO | Push succeeded.
▶️ Running daily auto-update job...
✅ Already ran today, skipping.
2025-11-17 05:00:01,407 | INFO | Internet connection detected. Proceeding with update.
2025-11-17 05:00:01,408 | INFO | Running download_prism_daily.py
2025-11-17 05:00:17,728 | INFO | /Users/wonjunchoi/PycharmProjects/realtime-buncombe/venv/lib/python3.9/site-packages/urllib3/__init__.py:35: NotOpenSSLWarning: urllib3 v2 only supports OpenSSL 1.1.1+, currently the 'ssl' module is compiled with 'LibreSSL 2.8.3'. See: https://github.com/urllib3/urllib3/issues/3020
  warnings.warn(
[SKIP] 2025-11-16 not found online.
[GET ] 2025-11-15 → https://data.prism.oregonstate.edu/time_series/us/an/800m/ppt/daily/2025/prism_ppt_us_30s_20251115.zip
[DONE] Updated ZIP for 2025-11-15
[MISS] 2025-11-15 missing expanded .tif — extracting now.
[UNZIP] Extracted → /Users/wonjunchoi/PycharmProjects/realtime-buncombe/data/rain/prism_ppt_us_30s_20251115
[CLEAN] 2025-11-15 removed ZIP after extraction.
[OK  ] 2025-11-14 metadata matches remote
[OK  ] 2025-11-14 expanded data present (prism_ppt_us_30s_20251114.tif)
[OK  ] 2025-11-13 metadata matches remote
[OK  ] 2025-11-13 expanded data present (prism_ppt_us_30s_20251113.tif)
[OK  ] 2025-11-12 metadata matches remote
[OK  ] 2025-11-12 expanded data present (prism_ppt_us_30s_20251112.tif)
[CLEAN] 2025-11-11 removed old expanded folder → prism_ppt_us_30s_20251111
[GET ] 2025-11-11 → https://data.prism.oregonstate.edu/time_series/us/an/800m/ppt/daily/2025/prism_ppt_us_30s_20251111.zip
[DONE] Updated ZIP for 2025-11-11
[MISS] 2025-11-11 missing expanded .tif — extracting now.
[UNZIP] Extracted → /Users/wonjunchoi/PycharmProjects/realtime-buncombe/data/rain/prism_ppt_us_30s_20251111
[CLEAN] 2025-11-11 removed ZIP after extraction.
[OK  ] 2025-11-10 metadata matches remote
[OK  ] 2025-11-10 expanded data present (prism_ppt_us_30s_20251110.tif)
[OK  ] 2025-11-09 metadata matches remote
[OK  ] 2025-11-09 expanded data present (prism_ppt_us_30s_20251109.tif)
[OK  ] 2025-11-08 metadata matches remote
[OK  ] 2025-11-08 expanded data present (prism_ppt_us_30s_20251108.tif)
[OK  ] 2025-11-07 metadata matches remote
[OK  ] 2025-11-07 expanded data present (prism_ppt_us_30s_20251107.tif)
[OK  ] 2025-11-06 metadata matches remote
[OK  ] 2025-11-06 expanded data present (prism_ppt_us_30s_20251106.tif)
[OK  ] 2025-11-05 metadata matches remote
[OK  ] 2025-11-05 expanded data present (prism_ppt_us_30s_20251105.tif)
[OK  ] 2025-11-04 metadata matches remote
[OK  ] 2025-11-04 expanded data present (prism_ppt_us_30s_20251104.tif)
[OK  ] 2025-11-03 metadata matches remote
[OK  ] 2025-11-03 expanded data present (prism_ppt_us_30s_20251103.tif)
[OK  ] 2025-11-02 metadata matches remote
[OK  ] 2025-11-02 expanded data present (prism_ppt_us_30s_20251102.tif)
[OK  ] 2025-11-01 metadata matches remote
[OK  ] 2025-11-01 expanded data present (prism_ppt_us_30s_20251101.tif)
[OK  ] 2025-10-31 metadata matches remote
[OK  ] 2025-10-31 expanded data present (prism_ppt_us_30s_20251031.tif)
[OK  ] 2025-10-30 metadata matches remote
[OK  ] 2025-10-30 expanded data present (prism_ppt_us_30s_20251030.tif)
[OK  ] 2025-10-29 metadata matches remote
[OK  ] 2025-10-29 expanded data present (prism_ppt_us_30s_20251029.tif)
[OK  ] 2025-10-28 metadata matches remote
[OK  ] 2025-10-28 expanded data present (prism_ppt_us_30s_20251028.tif)
[OK  ] 2025-10-27 metadata matches remote
[OK  ] 2025-10-27 expanded data present (prism_ppt_us_30s_20251027.tif)
[OK  ] 2025-10-26 metadata matches remote
[OK  ] 2025-10-26 expanded data present (prism_ppt_us_30s_20251026.tif)
[OK  ] 2025-10-25 metadata matches remote
[OK  ] 2025-10-25 expanded data present (prism_ppt_us_30s_20251025.tif)
[OK  ] 2025-10-24 metadata matches remote
[OK  ] 2025-10-24 expanded data present (prism_ppt_us_30s_20251024.tif)
[OK  ] 2025-10-23 metadata matches remote
[OK  ] 2025-10-23 expanded data present (prism_ppt_us_30s_20251023.tif)
[OK  ] 2025-10-22 metadata matches remote
[OK  ] 2025-10-22 expanded data present (prism_ppt_us_30s_20251022.tif)
[OK  ] 2025-10-21 metadata matches remote
[OK  ] 2025-10-21 expanded data present (prism_ppt_us_30s_20251021.tif)
[OK  ] 2025-10-20 metadata matches remote
[OK  ] 2025-10-20 expanded data present (prism_ppt_us_30s_20251020.tif)
[OK  ] 2025-10-19 metadata matches remote
[OK  ] 2025-10-19 expanded data present (prism_ppt_us_30s_20251019.tif)
[OK  ] 2025-10-18 metadata matches remote
[OK  ] 2025-10-18 expanded data present (prism_ppt_us_30s_20251018.tif)
[INFO] Pruning files outside the past window...
[PRUNE] Removed old file → prism_ppt_us_30s_20251017.meta.json
[PRUNE] Removed old folder → prism_ppt_us_30s_20251017
2025-11-17 05:00:17,729 | INFO | Running predict_daily_triple.py
2025-11-17 09:06:02,759 | INFO | Rainfall window: 2025-10-17 → 2025-11-15 (29 files, 1 missing → zero-filled).
Sampling rainfall at 2,452 PRISM grid cells…
Sampling static attributes at grid centers…
Running models…
/Users/wonjunchoi/PycharmProjects/realtime-buncombe/venv/lib/python3.9/site-packages/sklearn/utils/validation.py:2732: UserWarning: X has feature names, but RandomForestClassifier was fitted without feature names
  warnings.warn(
ok: wrote 2,452 rows for 2025-11-16 (rainfall through 2025-11-15)
parquet: /Users/wonjunchoi/PycharmProjects/realtime-buncombe/predictions/historicData/2025/11/predictions_2025-11-16.parquet
geojson: /Users/wonjunchoi/PycharmProjects/realtime-buncombe/predictions/historicData/2025/11/map_2025-11-16.geojson
meta: /Users/wonjunchoi/PycharmProjects/realtime-buncombe/predictions/historicData/2025/11/meta_2025-11-16.json
latest: /Users/wonjunchoi/PycharmProjects/realtime-buncombe/predictions/latest.geojson, /Users/wonjunchoi/PycharmProjects/realtime-buncombe/predictions/latest.json
manifest: /Users/wonjunchoi/PycharmProjects/realtime-buncombe/predictions/index.json
2025-11-17 09:06:02,765 | INFO | Committing and pushing changes
2025-11-17 09:06:03,708 | INFO | [main 54a6237] Auto-update: rainfall & predictions @ 2025-11-17 09:06:03
 7 files changed, 133 insertions(+), 7 deletions(-)
 create mode 100644 predictions/historicData/2025/11/map_2025-11-16.geojson
 create mode 100644 predictions/historicData/2025/11/meta_2025-11-16.json
 create mode 100644 predictions/historicData/2025/11/predictions_2025-11-16.parquet
2025-11-17 09:06:08,444 | INFO | Locking support detected on remote "origin". Consider enabling it with:
  $ git config lfs.https://github.com-buncombe/WonjunChoi1004/realtime-buncombe.git/info/lfs.locksverify true
Uploading LFS objects: 100% (1/1), 72 KB | 0 B/s, done.
To github.com-buncombe:WonjunChoi1004/realtime-buncombe.git
   52a8ec6..54a6237  main -> main
2025-11-17 09:06:08,445 | INFO | Push succeeded.
▶️ Running daily auto-update job...
✅ Already ran today, skipping.
✅ Already ran today, skipping.
✅ Already ran today, skipping.
✅ Already ran today, skipping.
✅ Already ran today, skipping.
✅ Already ran today, skipping.
✅ Already ran today, skipping.
2025-11-18 11:56:37,506 | WARNING | No internet connection — delaying run. Retrying in 15 minutes...
2025-11-18 12:33:10,684 | WARNING | No internet connection — delaying run. Retrying in 15 minutes...
2025-11-18 13:22:38,195 | INFO | Internet connection detected. Proceeding with update.
2025-11-18 13:22:38,196 | INFO | Running download_prism_daily.py
2025-11-18 13:23:20,539 | INFO | /Users/wonjunchoi/PycharmProjects/realtime-buncombe/venv/lib/python3.9/site-packages/urllib3/__init__.py:35: NotOpenSSLWarning: urllib3 v2 only supports OpenSSL 1.1.1+, currently the 'ssl' module is compiled with 'LibreSSL 2.8.3'. See: https://github.com/urllib3/urllib3/issues/3020
  warnings.warn(
[OK  ] 2025-11-17 metadata matches remote
[OK  ] 2025-11-17 expanded data present (prism_ppt_us_30s_20251117.tif)
[OK  ] 2025-11-16 metadata matches remote
[OK  ] 2025-11-16 expanded data present (prism_ppt_us_30s_20251116.tif)
[OK  ] 2025-11-15 metadata matches remote
[OK  ] 2025-11-15 expanded data present (prism_ppt_us_30s_20251115.tif)
[OK  ] 2025-11-14 metadata matches remote
[OK  ] 2025-11-14 expanded data present (prism_ppt_us_30s_20251114.tif)
[OK  ] 2025-11-13 metadata matches remote
[OK  ] 2025-11-13 expanded data present (prism_ppt_us_30s_20251113.tif)
[OK  ] 2025-11-12 metadata matches remote
[OK  ] 2025-11-12 expanded data present (prism_ppt_us_30s_20251112.tif)
[OK  ] 2025-11-11 metadata matches remote
[OK  ] 2025-11-11 expanded data present (prism_ppt_us_30s_20251111.tif)
[OK  ] 2025-11-10 metadata matches remote
[OK  ] 2025-11-10 expanded data present (prism_ppt_us_30s_20251110.tif)
[OK  ] 2025-11-09 metadata matches remote
[OK  ] 2025-11-09 expanded data present (prism_ppt_us_30s_20251109.tif)
[OK  ] 2025-11-08 metadata matches remote
[OK  ] 2025-11-08 expanded data present (prism_ppt_us_30s_20251108.tif)
[OK  ] 2025-11-07 metadata matches remote
[OK  ] 2025-11-07 expanded data present (prism_ppt_us_30s_20251107.tif)
[OK  ] 2025-11-06 metadata matches remote
[OK  ] 2025-11-06 expanded data present (prism_ppt_us_30s_20251106.tif)
[OK  ] 2025-11-05 metadata matches remote
[OK  ] 2025-11-05 expanded data present (prism_ppt_us_30s_20251105.tif)
[OK  ] 2025-11-04 metadata matches remote
[OK  ] 2025-11-04 expanded data present (prism_ppt_us_30s_20251104.tif)
[OK  ] 2025-11-03 metadata matches remote
[OK  ] 2025-11-03 expanded data present (prism_ppt_us_30s_20251103.tif)
[OK  ] 2025-11-02 metadata matches remote
[OK  ] 2025-11-02 expanded data present (prism_ppt_us_30s_20251102.tif)
[OK  ] 2025-11-01 metadata matches remote
[OK  ] 2025-11-01 expanded data present (prism_ppt_us_30s_20251101.tif)
[OK  ] 2025-10-31 metadata matches remote
[OK  ] 2025-10-31 expanded data present (prism_ppt_us_30s_20251031.tif)
[OK  ] 2025-10-30 metadata matches remote
[OK  ] 2025-10-30 expanded data present (prism_ppt_us_30s_20251030.tif)
[GET ] 2025-10-29 → https://data.prism.oregonstate.edu/time_series/us/an/800m/ppt/daily/2025/prism_ppt_us_30s_20251029.zip
[DONE] Updated ZIP for 2025-10-29
[MISS] 2025-10-29 missing expanded .tif — extracting now.
[UNZIP] Extracted → /Users/wonjunchoi/PycharmProjects/realtime-buncombe/data/rain/prism_ppt_us_30s_20251029
[CLEAN] 2025-10-29 removed ZIP after extraction.
[CLEAN] 2025-10-28 removed old expanded folder → prism_ppt_us_30s_20251028
[GET ] 2025-10-28 → https://data.prism.oregonstate.edu/time_series/us/an/800m/ppt/daily/2025/prism_ppt_us_30s_20251028.zip
[DONE] Updated ZIP for 2025-10-28
[MISS] 2025-10-28 missing expanded .tif — extracting now.
[UNZIP] Extracted → /Users/wonjunchoi/PycharmProjects/realtime-buncombe/data/rain/prism_ppt_us_30s_20251028
[CLEAN] 2025-10-28 removed ZIP after extraction.
[CLEAN] 2025-10-27 removed old expanded folder → prism_ppt_us_30s_20251027
[GET ] 2025-10-27 → https://data.prism.oregonstate.edu/time_series/us/an/800m/ppt/daily/2025/prism_ppt_us_30s_20251027.zip
[DONE] Updated ZIP for 2025-10-27
[MISS] 2025-10-27 missing expanded .tif — extracting now.
[UNZIP] Extracted → /Users/wonjunchoi/PycharmProjects/realtime-buncombe/data/rain/prism_ppt_us_30s_20251027
[CLEAN] 2025-10-27 removed ZIP after extraction.
[CLEAN] 2025-10-26 removed old expanded folder → prism_ppt_us_30s_20251026
[GET ] 2025-10-26 → https://data.prism.oregonstate.edu/time_series/us/an/800m/ppt/daily/2025/prism_ppt_us_30s_20251026.zip
[DONE] Updated ZIP for 2025-10-26
[MISS] 2025-10-26 missing expanded .tif — extracting now.
[UNZIP] Extracted → /Users/wonjunchoi/PycharmProjects/realtime-buncombe/data/rain/prism_ppt_us_30s_20251026
[CLEAN] 2025-10-26 removed ZIP after extraction.
[CLEAN] 2025-10-25 removed old expanded folder → prism_ppt_us_30s_20251025
[GET ] 2025-10-25 → https://data.prism.oregonstate.edu/time_series/us/an/800m/ppt/daily/2025/prism_ppt_us_30s_20251025.zip
[DONE] Updated ZIP for 2025-10-25
[MISS] 2025-10-25 missing expanded .tif — extracting now.
[UNZIP] Extracted → /Users/wonjunchoi/PycharmProjects/realtime-buncombe/data/rain/prism_ppt_us_30s_20251025
[CLEAN] 2025-10-25 removed ZIP after extraction.
[CLEAN] 2025-10-24 removed old expanded folder → prism_ppt_us_30s_20251024
[GET ] 2025-10-24 → https://data.prism.oregonstate.edu/time_series/us/an/800m/ppt/daily/2025/prism_ppt_us_30s_20251024.zip
[DONE] Updated ZIP for 2025-10-24
[MISS] 2025-10-24 missing expanded .tif — extracting now.
[UNZIP] Extracted → /Users/wonjunchoi/PycharmProjects/realtime-buncombe/data/rain/prism_ppt_us_30s_20251024
[CLEAN] 2025-10-24 removed ZIP after extraction.
[CLEAN] 2025-10-23 removed old expanded folder → prism_ppt_us_30s_20251023
[GET ] 2025-10-23 → https://data.prism.oregonstate.edu/time_series/us/an/800m/ppt/daily/2025/prism_ppt_us_30s_20251023.zip
[DONE] Updated ZIP for 2025-10-23
[MISS] 2025-10-23 missing expanded .tif — extracting now.
[UNZIP] Extracted → /Users/wonjunchoi/PycharmProjects/realtime-buncombe/data/rain/prism_ppt_us_30s_20251023
[CLEAN] 2025-10-23 removed ZIP after extraction.
[CLEAN] 2025-10-22 removed old expanded folder → prism_ppt_us_30s_20251022
[GET ] 2025-10-22 → https://data.prism.oregonstate.edu/time_series/us/an/800m/ppt/daily/2025/prism_ppt_us_30s_20251022.zip
[DONE] Updated ZIP for 2025-10-22
[MISS] 2025-10-22 missing expanded .tif — extracting now.
[UNZIP] Extracted → /Users/wonjunchoi/PycharmProjects/realtime-buncombe/data/rain/prism_ppt_us_30s_20251022
[CLEAN] 2025-10-22 removed ZIP after extraction.
[CLEAN] 2025-10-21 removed old expanded folder → prism_ppt_us_30s_20251021
[GET ] 2025-10-21 → https://data.prism.oregonstate.edu/time_series/us/an/800m/ppt/daily/2025/prism_ppt_us_30s_20251021.zip
[DONE] Updated ZIP for 2025-10-21
[MISS] 2025-10-21 missing expanded .tif — extracting now.
[UNZIP] Extracted → /Users/wonjunchoi/PycharmProjects/realtime-buncombe/data/rain/prism_ppt_us_30s_20251021
[CLEAN] 2025-10-21 removed ZIP after extraction.
[CLEAN] 2025-10-20 removed old expanded folder → prism_ppt_us_30s_20251020
[GET ] 2025-10-20 → https://data.prism.oregonstate.edu/time_series/us/an/800m/ppt/daily/2025/prism_ppt_us_30s_20251020.zip
[DONE] Updated ZIP for 2025-10-20
[MISS] 2025-10-20 missing expanded .tif — extracting now.
[UNZIP] Extracted → /Users/wonjunchoi/PycharmProjects/realtime-buncombe/data/rain/prism_ppt_us_30s_20251020
[CLEAN] 2025-10-20 removed ZIP after extraction.
[CLEAN] 2025-10-19 removed old expanded folder → prism_ppt_us_30s_20251019
[GET ] 2025-10-19 → https://data.prism.oregonstate.edu/time_series/us/an/800m/ppt/daily/2025/prism_ppt_us_30s_20251019.zip
[DONE] Updated ZIP for 2025-10-19
[MISS] 2025-10-19 missing expanded .tif — extracting now.
[UNZIP] Extracted → /Users/wonjunchoi/PycharmProjects/realtime-buncombe/data/rain/prism_ppt_us_30s_20251019
[CLEAN] 2025-10-19 removed ZIP after extraction.
[INFO] Pruning files outside the past window...
[PRUNE] Removed old folder → prism_ppt_us_30s_20251018
[PRUNE] Removed old file → prism_ppt_us_30s_20251018.meta.json
2025-11-18 13:23:20,540 | INFO | Running predict_daily_triple.py
2025-11-18 13:47:35,193 | INFO | Rainfall window: 2025-10-19 → 2025-11-17 (30 files, 0 missing → zero-filled).
Sampling rainfall at 2,452 PRISM grid cells…
Sampling static attributes at grid centers…
Running models…
/Users/wonjunchoi/PycharmProjects/realtime-buncombe/venv/lib/python3.9/site-packages/sklearn/utils/validation.py:2732: UserWarning: X has feature names, but RandomForestClassifier was fitted without feature names
  warnings.warn(
ok: wrote 2,452 rows for 2025-11-17 (rainfall through 2025-11-17)
parquet: /Users/wonjunchoi/PycharmProjects/realtime-buncombe/predictions/historicData/2025/11/predictions_2025-11-17.parquet
geojson: /Users/wonjunchoi/PycharmProjects/realtime-buncombe/predictions/historicData/2025/11/map_2025-11-17.geojson
meta: /Users/wonjunchoi/PycharmProjects/realtime-buncombe/predictions/historicData/2025/11/meta_2025-11-17.json
latest: /Users/wonjunchoi/PycharmProjects/realtime-buncombe/predictions/latest.geojson, /Users/wonjunchoi/PycharmProjects/realtime-buncombe/predictions/latest.json
manifest: /Users/wonjunchoi/PycharmProjects/realtime-buncombe/predictions/index.json
2025-11-18 13:47:35,195 | INFO | Committing and pushing changes
2025-11-18 13:47:35,892 | INFO | [main 25b67c3] Auto-update: rainfall & predictions @ 2025-11-18 13:47:35
 7 files changed, 178 insertions(+), 7 deletions(-)
 create mode 100644 predictions/historicData/2025/11/map_2025-11-17.geojson
 create mode 100644 predictions/historicData/2025/11/meta_2025-11-17.json
 create mode 100644 predictions/historicData/2025/11/predictions_2025-11-17.parquet
2025-11-18 13:47:40,353 | INFO | Locking support detected on remote "origin". Consider enabling it with:
  $ git config lfs.https://github.com-buncombe/WonjunChoi1004/realtime-buncombe.git/info/lfs.locksverify true
Uploading LFS objects: 100% (1/1), 71 KB | 0 B/s, done.
To github.com-buncombe:WonjunChoi1004/realtime-buncombe.git
   54a6237..25b67c3  main -> main
2025-11-18 13:47:40,353 | INFO | Push succeeded.
▶️ Running daily auto-update job...
✅ Already ran today, skipping.
✅ Already ran today, skipping.
✅ Already ran today, skipping.
✅ Already ran today, skipping.
2025-11-19 01:40:28,660 | WARNING | No internet connection — delaying run. Retrying in 15 minutes...
2025-11-19 01:55:28,786 | INFO | Internet connection detected. Proceeding with update.
2025-11-19 01:55:28,790 | INFO | Running download_prism_daily.py
2025-11-19 01:55:40,941 | INFO | /Users/wonjunchoi/PycharmProjects/realtime-buncombe/venv/lib/python3.9/site-packages/urllib3/__init__.py:35: NotOpenSSLWarning: urllib3 v2 only supports OpenSSL 1.1.1+, currently the 'ssl' module is compiled with 'LibreSSL 2.8.3'. See: https://github.com/urllib3/urllib3/issues/3020
  warnings.warn(
[SKIP] 2025-11-18 not found online.
[OK  ] 2025-11-17 metadata matches remote
[OK  ] 2025-11-17 expanded data present (prism_ppt_us_30s_20251117.tif)
[OK  ] 2025-11-16 metadata matches remote
[OK  ] 2025-11-16 expanded data present (prism_ppt_us_30s_20251116.tif)
[OK  ] 2025-11-15 metadata matches remote
[OK  ] 2025-11-15 expanded data present (prism_ppt_us_30s_20251115.tif)
[OK  ] 2025-11-14 metadata matches remote
[OK  ] 2025-11-14 expanded data present (prism_ppt_us_30s_20251114.tif)
[OK  ] 2025-11-13 metadata matches remote
[OK  ] 2025-11-13 expanded data present (prism_ppt_us_30s_20251113.tif)
[OK  ] 2025-11-12 metadata matches remote
[OK  ] 2025-11-12 expanded data present (prism_ppt_us_30s_20251112.tif)
[OK  ] 2025-11-11 metadata matches remote
[OK  ] 2025-11-11 expanded data present (prism_ppt_us_30s_20251111.tif)
[OK  ] 2025-11-10 metadata matches remote
[OK  ] 2025-11-10 expanded data present (prism_ppt_us_30s_20251110.tif)
[OK  ] 2025-11-09 metadata matches remote
[OK  ] 2025-11-09 expanded data present (prism_ppt_us_30s_20251109.tif)
[OK  ] 2025-11-08 metadata matches remote
[OK  ] 2025-11-08 expanded data present (prism_ppt_us_30s_20251108.tif)
[OK  ] 2025-11-07 metadata matches remote
[OK  ] 2025-11-07 expanded data present (prism_ppt_us_30s_20251107.tif)
[OK  ] 2025-11-06 metadata matches remote
[OK  ] 2025-11-06 expanded data present (prism_ppt_us_30s_20251106.tif)
[OK  ] 2025-11-05 metadata matches remote
[OK  ] 2025-11-05 expanded data present (prism_ppt_us_30s_20251105.tif)
[OK  ] 2025-11-04 metadata matches remote
[OK  ] 2025-11-04 expanded data present (prism_ppt_us_30s_20251104.tif)
[OK  ] 2025-11-03 metadata matches remote
[OK  ] 2025-11-03 expanded data present (prism_ppt_us_30s_20251103.tif)
[OK  ] 2025-11-02 metadata matches remote
[OK  ] 2025-11-02 expanded data present (prism_ppt_us_30s_20251102.tif)
[OK  ] 2025-11-01 metadata matches remote
[OK  ] 2025-11-01 expanded data present (prism_ppt_us_30s_20251101.tif)
[OK  ] 2025-10-31 metadata matches remote
[OK  ] 2025-10-31 expanded data present (prism_ppt_us_30s_20251031.tif)
[OK  ] 2025-10-30 metadata matches remote
[OK  ] 2025-10-30 expanded data present (prism_ppt_us_30s_20251030.tif)
[OK  ] 2025-10-29 metadata matches remote
[OK  ] 2025-10-29 expanded data present (prism_ppt_us_30s_20251029.tif)
[OK  ] 2025-10-28 metadata matches remote
[OK  ] 2025-10-28 expanded data present (prism_ppt_us_30s_20251028.tif)
[OK  ] 2025-10-27 metadata matches remote
[OK  ] 2025-10-27 expanded data present (prism_ppt_us_30s_20251027.tif)
[OK  ] 2025-10-26 metadata matches remote
[OK  ] 2025-10-26 expanded data present (prism_ppt_us_30s_20251026.tif)
[OK  ] 2025-10-25 metadata matches remote
[OK  ] 2025-10-25 expanded data present (prism_ppt_us_30s_20251025.tif)
[OK  ] 2025-10-24 metadata matches remote
[OK  ] 2025-10-24 expanded data present (prism_ppt_us_30s_20251024.tif)
[OK  ] 2025-10-23 metadata matches remote
[OK  ] 2025-10-23 expanded data present (prism_ppt_us_30s_20251023.tif)
[OK  ] 2025-10-22 metadata matches remote
[OK  ] 2025-10-22 expanded data present (prism_ppt_us_30s_20251022.tif)
[OK  ] 2025-10-21 metadata matches remote
[OK  ] 2025-10-21 expanded data present (prism_ppt_us_30s_20251021.tif)
[OK  ] 2025-10-20 metadata matches remote
[OK  ] 2025-10-20 expanded data present (prism_ppt_us_30s_20251020.tif)
[INFO] Pruning files outside the past window...
[PRUNE] Removed old folder → prism_ppt_us_30s_20251019
[PRUNE] Removed old file → prism_ppt_us_30s_20251019.meta.json
2025-11-19 01:55:40,941 | INFO | Running predict_daily_triple.py
2025-11-19 02:19:43,288 | INFO | Rainfall window: 2025-10-19 → 2025-11-17 (29 files, 1 missing → zero-filled).
Sampling rainfall at 2,452 PRISM grid cells…
Sampling static attributes at grid centers…
Running models…
/Users/wonjunchoi/PycharmProjects/realtime-buncombe/venv/lib/python3.9/site-packages/sklearn/utils/validation.py:2732: UserWarning: X has feature names, but RandomForestClassifier was fitted without feature names
  warnings.warn(
ok: wrote 2,452 rows for 2025-11-18 (rainfall through 2025-11-17)
parquet: /Users/wonjunchoi/PycharmProjects/realtime-buncombe/predictions/historicData/2025/11/predictions_2025-11-18.parquet
geojson: /Users/wonjunchoi/PycharmProjects/realtime-buncombe/predictions/historicData/2025/11/map_2025-11-18.geojson
meta: /Users/wonjunchoi/PycharmProjects/realtime-buncombe/predictions/historicData/2025/11/meta_2025-11-18.json
latest: /Users/wonjunchoi/PycharmProjects/realtime-buncombe/predictions/latest.geojson, /Users/wonjunchoi/PycharmProjects/realtime-buncombe/predictions/latest.json
manifest: /Users/wonjunchoi/PycharmProjects/realtime-buncombe/predictions/index.json
2025-11-19 02:19:43,289 | INFO | Committing and pushing changes
2025-11-19 02:19:43,990 | INFO | [main 659a203] Auto-update: rainfall & predictions @ 2025-11-19 02:19:43
 7 files changed, 129 insertions(+), 6 deletions(-)
 create mode 100644 predictions/historicData/2025/11/map_2025-11-18.geojson
 create mode 100644 predictions/historicData/2025/11/meta_2025-11-18.json
 create mode 100644 predictions/historicData/2025/11/predictions_2025-11-18.parquet
2025-11-19 02:19:47,670 | INFO | Locking support detected on remote "origin". Consider enabling it with:
  $ git config lfs.https://github.com-buncombe/WonjunChoi1004/realtime-buncombe.git/info/lfs.locksverify true
To github.com-buncombe:WonjunChoi1004/realtime-buncombe.git
   25b67c3..659a203  main -> main
2025-11-19 02:19:47,671 | INFO | Push succeeded.
▶️ Running daily auto-update job...
✅ Already ran today, skipping.
✅ Already ran today, skipping.
2025-11-20 05:00:00,791 | INFO | Internet connection detected. Proceeding with update.
2025-11-20 05:00:00,792 | INFO | Running download_prism_daily.py
2025-11-20 05:00:18,186 | INFO | /Users/wonjunchoi/PycharmProjects/realtime-buncombe/venv/lib/python3.9/site-packages/urllib3/__init__.py:35: NotOpenSSLWarning: urllib3 v2 only supports OpenSSL 1.1.1+, currently the 'ssl' module is compiled with 'LibreSSL 2.8.3'. See: https://github.com/urllib3/urllib3/issues/3020
  warnings.warn(
[SKIP] 2025-11-19 not found online.
[GET ] 2025-11-18 → https://data.prism.oregonstate.edu/time_series/us/an/800m/ppt/daily/2025/prism_ppt_us_30s_20251118.zip
[DONE] Updated ZIP for 2025-11-18
[MISS] 2025-11-18 missing expanded .tif — extracting now.
[UNZIP] Extracted → /Users/wonjunchoi/PycharmProjects/realtime-buncombe/data/rain/prism_ppt_us_30s_20251118
[CLEAN] 2025-11-18 removed ZIP after extraction.
[OK  ] 2025-11-17 metadata matches remote
[OK  ] 2025-11-17 expanded data present (prism_ppt_us_30s_20251117.tif)
[OK  ] 2025-11-16 metadata matches remote
[OK  ] 2025-11-16 expanded data present (prism_ppt_us_30s_20251116.tif)
[OK  ] 2025-11-15 metadata matches remote
[OK  ] 2025-11-15 expanded data present (prism_ppt_us_30s_20251115.tif)
[CLEAN] 2025-11-14 removed old expanded folder → prism_ppt_us_30s_20251114
[GET ] 2025-11-14 → https://data.prism.oregonstate.edu/time_series/us/an/800m/ppt/daily/2025/prism_ppt_us_30s_20251114.zip
[DONE] Updated ZIP for 2025-11-14
[MISS] 2025-11-14 missing expanded .tif — extracting now.
[UNZIP] Extracted → /Users/wonjunchoi/PycharmProjects/realtime-buncombe/data/rain/prism_ppt_us_30s_20251114
[CLEAN] 2025-11-14 removed ZIP after extraction.
[OK  ] 2025-11-13 metadata matches remote
[OK  ] 2025-11-13 expanded data present (prism_ppt_us_30s_20251113.tif)
[OK  ] 2025-11-12 metadata matches remote
[OK  ] 2025-11-12 expanded data present (prism_ppt_us_30s_20251112.tif)
[OK  ] 2025-11-11 metadata matches remote
[OK  ] 2025-11-11 expanded data present (prism_ppt_us_30s_20251111.tif)
[OK  ] 2025-11-10 metadata matches remote
[OK  ] 2025-11-10 expanded data present (prism_ppt_us_30s_20251110.tif)
[OK  ] 2025-11-09 metadata matches remote
[OK  ] 2025-11-09 expanded data present (prism_ppt_us_30s_20251109.tif)
[OK  ] 2025-11-08 metadata matches remote
[OK  ] 2025-11-08 expanded data present (prism_ppt_us_30s_20251108.tif)
[OK  ] 2025-11-07 metadata matches remote
[OK  ] 2025-11-07 expanded data present (prism_ppt_us_30s_20251107.tif)
[OK  ] 2025-11-06 metadata matches remote
[OK  ] 2025-11-06 expanded data present (prism_ppt_us_30s_20251106.tif)
[OK  ] 2025-11-05 metadata matches remote
[OK  ] 2025-11-05 expanded data present (prism_ppt_us_30s_20251105.tif)
[OK  ] 2025-11-04 metadata matches remote
[OK  ] 2025-11-04 expanded data present (prism_ppt_us_30s_20251104.tif)
[OK  ] 2025-11-03 metadata matches remote
[OK  ] 2025-11-03 expanded data present (prism_ppt_us_30s_20251103.tif)
[OK  ] 2025-11-02 metadata matches remote
[OK  ] 2025-11-02 expanded data present (prism_ppt_us_30s_20251102.tif)
[OK  ] 2025-11-01 metadata matches remote
[OK  ] 2025-11-01 expanded data present (prism_ppt_us_30s_20251101.tif)
[OK  ] 2025-10-31 metadata matches remote
[OK  ] 2025-10-31 expanded data present (prism_ppt_us_30s_20251031.tif)
[OK  ] 2025-10-30 metadata matches remote
[OK  ] 2025-10-30 expanded data present (prism_ppt_us_30s_20251030.tif)
[OK  ] 2025-10-29 metadata matches remote
[OK  ] 2025-10-29 expanded data present (prism_ppt_us_30s_20251029.tif)
[OK  ] 2025-10-28 metadata matches remote
[OK  ] 2025-10-28 expanded data present (prism_ppt_us_30s_20251028.tif)
[OK  ] 2025-10-27 metadata matches remote
[OK  ] 2025-10-27 expanded data present (prism_ppt_us_30s_20251027.tif)
[OK  ] 2025-10-26 metadata matches remote
[OK  ] 2025-10-26 expanded data present (prism_ppt_us_30s_20251026.tif)
[OK  ] 2025-10-25 metadata matches remote
[OK  ] 2025-10-25 expanded data present (prism_ppt_us_30s_20251025.tif)
[OK  ] 2025-10-24 metadata matches remote
[OK  ] 2025-10-24 expanded data present (prism_ppt_us_30s_20251024.tif)
[OK  ] 2025-10-23 metadata matches remote
[OK  ] 2025-10-23 expanded data present (prism_ppt_us_30s_20251023.tif)
[OK  ] 2025-10-22 metadata matches remote
[OK  ] 2025-10-22 expanded data present (prism_ppt_us_30s_20251022.tif)
[OK  ] 2025-10-21 metadata matches remote
[OK  ] 2025-10-21 expanded data present (prism_ppt_us_30s_20251021.tif)
[INFO] Pruning files outside the past window...
[PRUNE] Removed old folder → prism_ppt_us_30s_20251020
[PRUNE] Removed old file → prism_ppt_us_30s_20251020.meta.json
2025-11-20 05:00:18,187 | INFO | Running predict_daily_triple.py
2025-11-20 05:24:07,697 | INFO | Rainfall window: 2025-10-20 → 2025-11-18 (29 files, 1 missing → zero-filled).
Sampling rainfall at 2,452 PRISM grid cells…
Sampling static attributes at grid centers…
Running models…
/Users/wonjunchoi/PycharmProjects/realtime-buncombe/venv/lib/python3.9/site-packages/sklearn/utils/validation.py:2732: UserWarning: X has feature names, but RandomForestClassifier was fitted without feature names
  warnings.warn(
ok: wrote 2,452 rows for 2025-11-19 (rainfall through 2025-11-18)
parquet: /Users/wonjunchoi/PycharmProjects/realtime-buncombe/predictions/historicData/2025/11/predictions_2025-11-19.parquet
geojson: /Users/wonjunchoi/PycharmProjects/realtime-buncombe/predictions/historicData/2025/11/map_2025-11-19.geojson
meta: /Users/wonjunchoi/PycharmProjects/realtime-buncombe/predictions/historicData/2025/11/meta_2025-11-19.json
latest: /Users/wonjunchoi/PycharmProjects/realtime-buncombe/predictions/latest.geojson, /Users/wonjunchoi/PycharmProjects/realtime-buncombe/predictions/latest.json
manifest: /Users/wonjunchoi/PycharmProjects/realtime-buncombe/predictions/index.json
2025-11-20 05:24:07,700 | INFO | Committing and pushing changes
2025-11-20 05:24:08,325 | INFO | [main c872e56] Auto-update: rainfall & predictions @ 2025-11-20 05:24:07
 7 files changed, 133 insertions(+), 7 deletions(-)
 create mode 100644 predictions/historicData/2025/11/map_2025-11-19.geojson
 create mode 100644 predictions/historicData/2025/11/meta_2025-11-19.json
 create mode 100644 predictions/historicData/2025/11/predictions_2025-11-19.parquet
2025-11-20 05:24:12,866 | INFO | Locking support detected on remote "origin". Consider enabling it with:
  $ git config lfs.https://github.com-buncombe/WonjunChoi1004/realtime-buncombe.git/info/lfs.locksverify true
Uploading LFS objects: 100% (1/1), 59 KB | 0 B/s, done.
To github.com-buncombe:WonjunChoi1004/realtime-buncombe.git
   659a203..c872e56  main -> main
2025-11-20 05:24:12,866 | INFO | Push succeeded.
▶️ Running daily auto-update job...
✅ Already ran today, skipping.
✅ Already ran today, skipping.
✅ Already ran today, skipping.
2025-11-21 05:04:31,932 | INFO | Internet connection detected. Proceeding with update.
2025-11-21 05:04:31,933 | INFO | Running download_prism_daily.py
2025-11-21 05:10:35,550 | INFO | /Users/wonjunchoi/PycharmProjects/realtime-buncombe/venv/lib/python3.9/site-packages/urllib3/__init__.py:35: NotOpenSSLWarning: urllib3 v2 only supports OpenSSL 1.1.1+, currently the 'ssl' module is compiled with 'LibreSSL 2.8.3'. See: https://github.com/urllib3/urllib3/issues/3020
  warnings.warn(
[SKIP] 2025-11-20 not found online.
[GET ] 2025-11-19 → https://data.prism.oregonstate.edu/time_series/us/an/800m/ppt/daily/2025/prism_ppt_us_30s_20251119.zip
[DONE] Updated ZIP for 2025-11-19
[MISS] 2025-11-19 missing expanded .tif — extracting now.
[UNZIP] Extracted → /Users/wonjunchoi/PycharmProjects/realtime-buncombe/data/rain/prism_ppt_us_30s_20251119
[CLEAN] 2025-11-19 removed ZIP after extraction.
[OK  ] 2025-11-18 metadata matches remote
[OK  ] 2025-11-18 expanded data present (prism_ppt_us_30s_20251118.tif)
[OK  ] 2025-11-17 metadata matches remote
[OK  ] 2025-11-17 expanded data present (prism_ppt_us_30s_20251117.tif)
[OK  ] 2025-11-16 metadata matches remote
[OK  ] 2025-11-16 expanded data present (prism_ppt_us_30s_20251116.tif)
[ERR ] 2025-11-15 HTTPSConnectionPool(host='data.prism.oregonstate.edu', port=443): Read timed out. (read timeout=30)
[OK  ] 2025-11-14 metadata matches remote
[OK  ] 2025-11-14 expanded data present (prism_ppt_us_30s_20251114.tif)
[OK  ] 2025-11-13 metadata matches remote
[OK  ] 2025-11-13 expanded data present (prism_ppt_us_30s_20251113.tif)
[OK  ] 2025-11-12 metadata matches remote
[OK  ] 2025-11-12 expanded data present (prism_ppt_us_30s_20251112.tif)
[OK  ] 2025-11-11 metadata matches remote
[OK  ] 2025-11-11 expanded data present (prism_ppt_us_30s_20251111.tif)
[OK  ] 2025-11-10 metadata matches remote
[OK  ] 2025-11-10 expanded data present (prism_ppt_us_30s_20251110.tif)
[OK  ] 2025-11-09 metadata matches remote
[OK  ] 2025-11-09 expanded data present (prism_ppt_us_30s_20251109.tif)
[OK  ] 2025-11-08 metadata matches remote
[OK  ] 2025-11-08 expanded data present (prism_ppt_us_30s_20251108.tif)
[OK  ] 2025-11-07 metadata matches remote
[OK  ] 2025-11-07 expanded data present (prism_ppt_us_30s_20251107.tif)
[OK  ] 2025-11-06 metadata matches remote
[OK  ] 2025-11-06 expanded data present (prism_ppt_us_30s_20251106.tif)
[OK  ] 2025-11-05 metadata matches remote
[OK  ] 2025-11-05 expanded data present (prism_ppt_us_30s_20251105.tif)
[OK  ] 2025-11-04 metadata matches remote
[OK  ] 2025-11-04 expanded data present (prism_ppt_us_30s_20251104.tif)
[OK  ] 2025-11-03 metadata matches remote
[OK  ] 2025-11-03 expanded data present (prism_ppt_us_30s_20251103.tif)
[OK  ] 2025-11-02 metadata matches remote
[OK  ] 2025-11-02 expanded data present (prism_ppt_us_30s_20251102.tif)
[OK  ] 2025-11-01 metadata matches remote
[OK  ] 2025-11-01 expanded data present (prism_ppt_us_30s_20251101.tif)
[OK  ] 2025-10-31 metadata matches remote
[OK  ] 2025-10-31 expanded data present (prism_ppt_us_30s_20251031.tif)
[OK  ] 2025-10-30 metadata matches remote
[OK  ] 2025-10-30 expanded data present (prism_ppt_us_30s_20251030.tif)
[OK  ] 2025-10-29 metadata matches remote
[OK  ] 2025-10-29 expanded data present (prism_ppt_us_30s_20251029.tif)
[OK  ] 2025-10-28 metadata matches remote
[OK  ] 2025-10-28 expanded data present (prism_ppt_us_30s_20251028.tif)
[OK  ] 2025-10-27 metadata matches remote
[OK  ] 2025-10-27 expanded data present (prism_ppt_us_30s_20251027.tif)
[OK  ] 2025-10-26 metadata matches remote
[OK  ] 2025-10-26 expanded data present (prism_ppt_us_30s_20251026.tif)
[OK  ] 2025-10-25 metadata matches remote
[OK  ] 2025-10-25 expanded data present (prism_ppt_us_30s_20251025.tif)
[OK  ] 2025-10-24 metadata matches remote
[OK  ] 2025-10-24 expanded data present (prism_ppt_us_30s_20251024.tif)
[OK  ] 2025-10-23 metadata matches remote
[OK  ] 2025-10-23 expanded data present (prism_ppt_us_30s_20251023.tif)
[OK  ] 2025-10-22 metadata matches remote
[OK  ] 2025-10-22 expanded data present (prism_ppt_us_30s_20251022.tif)
[INFO] Pruning files outside the past window...
[PRUNE] Removed old folder → prism_ppt_us_30s_20251021
[PRUNE] Removed old file → prism_ppt_us_30s_20251021.meta.json
2025-11-21 05:10:35,551 | INFO | Running predict_daily_triple.py
2025-11-21 08:00:56,738 | INFO | Rainfall window: 2025-10-21 → 2025-11-19 (29 files, 1 missing → zero-filled).
Sampling rainfall at 2,452 PRISM grid cells…
Sampling static attributes at grid centers…
Running models…
/Users/wonjunchoi/PycharmProjects/realtime-buncombe/venv/lib/python3.9/site-packages/sklearn/utils/validation.py:2732: UserWarning: X has feature names, but RandomForestClassifier was fitted without feature names
  warnings.warn(
ok: wrote 2,452 rows for 2025-11-20 (rainfall through 2025-11-19)
parquet: /Users/wonjunchoi/PycharmProjects/realtime-buncombe/predictions/historicData/2025/11/predictions_2025-11-20.parquet
geojson: /Users/wonjunchoi/PycharmProjects/realtime-buncombe/predictions/historicData/2025/11/map_2025-11-20.geojson
meta: /Users/wonjunchoi/PycharmProjects/realtime-buncombe/predictions/historicData/2025/11/meta_2025-11-20.json
latest: /Users/wonjunchoi/PycharmProjects/realtime-buncombe/predictions/latest.geojson, /Users/wonjunchoi/PycharmProjects/realtime-buncombe/predictions/latest.json
manifest: /Users/wonjunchoi/PycharmProjects/realtime-buncombe/predictions/index.json
2025-11-21 08:00:56,740 | INFO | Committing and pushing changes
2025-11-21 08:00:57,395 | INFO | [main 18a05d7] Auto-update: rainfall & predictions @ 2025-11-21 08:00:56
 7 files changed, 130 insertions(+), 7 deletions(-)
 create mode 100644 predictions/historicData/2025/11/map_2025-11-20.geojson
 create mode 100644 predictions/historicData/2025/11/meta_2025-11-20.json
 create mode 100644 predictions/historicData/2025/11/predictions_2025-11-20.parquet
2025-11-21 08:01:01,978 | INFO | Locking support detected on remote "origin". Consider enabling it with:
  $ git config lfs.https://github.com-buncombe/WonjunChoi1004/realtime-buncombe.git/info/lfs.locksverify true
Uploading LFS objects: 100% (1/1), 97 KB | 0 B/s, done.
To github.com-buncombe:WonjunChoi1004/realtime-buncombe.git
   c872e56..18a05d7  main -> main
2025-11-21 08:01:01,979 | INFO | Push succeeded.
▶️ Running daily auto-update job...
✅ Already ran today, skipping.
✅ Already ran today, skipping.
2025-11-23 10:49:14,944 | WARNING | No internet connection — delaying run. Retrying in 15 minutes...
2025-11-23 12:55:23,219 | INFO | Internet connection detected. Proceeding with update.
2025-11-23 12:55:23,221 | INFO | Running download_prism_daily.py
2025-11-23 12:55:47,816 | INFO | /Users/wonjunchoi/PycharmProjects/realtime-buncombe/venv/lib/python3.9/site-packages/urllib3/__init__.py:35: NotOpenSSLWarning: urllib3 v2 only supports OpenSSL 1.1.1+, currently the 'ssl' module is compiled with 'LibreSSL 2.8.3'. See: https://github.com/urllib3/urllib3/issues/3020
  warnings.warn(
[GET ] 2025-11-22 → https://data.prism.oregonstate.edu/time_series/us/an/800m/ppt/daily/2025/prism_ppt_us_30s_20251122.zip
[DONE] Updated ZIP for 2025-11-22
[MISS] 2025-11-22 missing expanded .tif — extracting now.
[UNZIP] Extracted → /Users/wonjunchoi/PycharmProjects/realtime-buncombe/data/rain/prism_ppt_us_30s_20251122
[CLEAN] 2025-11-22 removed ZIP after extraction.
[GET ] 2025-11-21 → https://data.prism.oregonstate.edu/time_series/us/an/800m/ppt/daily/2025/prism_ppt_us_30s_20251121.zip
[DONE] Updated ZIP for 2025-11-21
[MISS] 2025-11-21 missing expanded .tif — extracting now.
[UNZIP] Extracted → /Users/wonjunchoi/PycharmProjects/realtime-buncombe/data/rain/prism_ppt_us_30s_20251121
[CLEAN] 2025-11-21 removed ZIP after extraction.
[GET ] 2025-11-20 → https://data.prism.oregonstate.edu/time_series/us/an/800m/ppt/daily/2025/prism_ppt_us_30s_20251120.zip
[DONE] Updated ZIP for 2025-11-20
[MISS] 2025-11-20 missing expanded .tif — extracting now.
[UNZIP] Extracted → /Users/wonjunchoi/PycharmProjects/realtime-buncombe/data/rain/prism_ppt_us_30s_20251120
[CLEAN] 2025-11-20 removed ZIP after extraction.
[OK  ] 2025-11-19 metadata matches remote
[OK  ] 2025-11-19 expanded data present (prism_ppt_us_30s_20251119.tif)
[CLEAN] 2025-11-18 removed old expanded folder → prism_ppt_us_30s_20251118
[GET ] 2025-11-18 → https://data.prism.oregonstate.edu/time_series/us/an/800m/ppt/daily/2025/prism_ppt_us_30s_20251118.zip
[DONE] Updated ZIP for 2025-11-18
[MISS] 2025-11-18 missing expanded .tif — extracting now.
[UNZIP] Extracted → /Users/wonjunchoi/PycharmProjects/realtime-buncombe/data/rain/prism_ppt_us_30s_20251118
[CLEAN] 2025-11-18 removed ZIP after extraction.
[CLEAN] 2025-11-17 removed old expanded folder → prism_ppt_us_30s_20251117
[GET ] 2025-11-17 → https://data.prism.oregonstate.edu/time_series/us/an/800m/ppt/daily/2025/prism_ppt_us_30s_20251117.zip
[DONE] Updated ZIP for 2025-11-17
[MISS] 2025-11-17 missing expanded .tif — extracting now.
[UNZIP] Extracted → /Users/wonjunchoi/PycharmProjects/realtime-buncombe/data/rain/prism_ppt_us_30s_20251117
[CLEAN] 2025-11-17 removed ZIP after extraction.
[CLEAN] 2025-11-16 removed old expanded folder → prism_ppt_us_30s_20251116
[GET ] 2025-11-16 → https://data.prism.oregonstate.edu/time_series/us/an/800m/ppt/daily/2025/prism_ppt_us_30s_20251116.zip
[DONE] Updated ZIP for 2025-11-16
[MISS] 2025-11-16 missing expanded .tif — extracting now.
[UNZIP] Extracted → /Users/wonjunchoi/PycharmProjects/realtime-buncombe/data/rain/prism_ppt_us_30s_20251116
[CLEAN] 2025-11-16 removed ZIP after extraction.
[CLEAN] 2025-11-15 removed old expanded folder → prism_ppt_us_30s_20251115
[GET ] 2025-11-15 → https://data.prism.oregonstate.edu/time_series/us/an/800m/ppt/daily/2025/prism_ppt_us_30s_20251115.zip
[DONE] Updated ZIP for 2025-11-15
[MISS] 2025-11-15 missing expanded .tif — extracting now.
[UNZIP] Extracted → /Users/wonjunchoi/PycharmProjects/realtime-buncombe/data/rain/prism_ppt_us_30s_20251115
[CLEAN] 2025-11-15 removed ZIP after extraction.
[OK  ] 2025-11-14 metadata matches remote
[OK  ] 2025-11-14 expanded data present (prism_ppt_us_30s_20251114.tif)
[OK  ] 2025-11-13 metadata matches remote
[OK  ] 2025-11-13 expanded data present (prism_ppt_us_30s_20251113.tif)
[OK  ] 2025-11-12 metadata matches remote
[OK  ] 2025-11-12 expanded data present (prism_ppt_us_30s_20251112.tif)
[OK  ] 2025-11-11 metadata matches remote
[OK  ] 2025-11-11 expanded data present (prism_ppt_us_30s_20251111.tif)
[OK  ] 2025-11-10 metadata matches remote
[OK  ] 2025-11-10 expanded data present (prism_ppt_us_30s_20251110.tif)
[OK  ] 2025-11-09 metadata matches remote
[OK  ] 2025-11-09 expanded data present (prism_ppt_us_30s_20251109.tif)
[OK  ] 2025-11-08 metadata matches remote
[OK  ] 2025-11-08 expanded data present (prism_ppt_us_30s_20251108.tif)
[OK  ] 2025-11-07 metadata matches remote
[OK  ] 2025-11-07 expanded data present (prism_ppt_us_30s_20251107.tif)
[OK  ] 2025-11-06 metadata matches remote
[OK  ] 2025-11-06 expanded data present (prism_ppt_us_30s_20251106.tif)
[OK  ] 2025-11-05 metadata matches remote
[OK  ] 2025-11-05 expanded data present (prism_ppt_us_30s_20251105.tif)
[OK  ] 2025-11-04 metadata matches remote
[OK  ] 2025-11-04 expanded data present (prism_ppt_us_30s_20251104.tif)
[OK  ] 2025-11-03 metadata matches remote
[OK  ] 2025-11-03 expanded data present (prism_ppt_us_30s_20251103.tif)
[OK  ] 2025-11-02 metadata matches remote
[OK  ] 2025-11-02 expanded data present (prism_ppt_us_30s_20251102.tif)
[OK  ] 2025-11-01 metadata matches remote
[OK  ] 2025-11-01 expanded data present (prism_ppt_us_30s_20251101.tif)
[OK  ] 2025-10-31 metadata matches remote
[OK  ] 2025-10-31 expanded data present (prism_ppt_us_30s_20251031.tif)
[OK  ] 2025-10-30 metadata matches remote
[OK  ] 2025-10-30 expanded data present (prism_ppt_us_30s_20251030.tif)
[OK  ] 2025-10-29 metadata matches remote
[OK  ] 2025-10-29 expanded data present (prism_ppt_us_30s_20251029.tif)
[OK  ] 2025-10-28 metadata matches remote
[OK  ] 2025-10-28 expanded data present (prism_ppt_us_30s_20251028.tif)
[OK  ] 2025-10-27 metadata matches remote
[OK  ] 2025-10-27 expanded data present (prism_ppt_us_30s_20251027.tif)
[OK  ] 2025-10-26 metadata matches remote
[OK  ] 2025-10-26 expanded data present (prism_ppt_us_30s_20251026.tif)
[OK  ] 2025-10-25 metadata matches remote
[OK  ] 2025-10-25 expanded data present (prism_ppt_us_30s_20251025.tif)
[OK  ] 2025-10-24 metadata matches remote
[OK  ] 2025-10-24 expanded data present (prism_ppt_us_30s_20251024.tif)
[INFO] Pruning files outside the past window...
[PRUNE] Removed old file → prism_ppt_us_30s_20251022.meta.json
[PRUNE] Removed old folder → prism_ppt_us_30s_20251023
[PRUNE] Removed old folder → prism_ppt_us_30s_20251022
[PRUNE] Removed old file → prism_ppt_us_30s_20251023.meta.json
2025-11-23 12:55:47,818 | INFO | Running predict_daily_triple.py
2025-11-23 13:19:50,527 | INFO | Rainfall window: 2025-10-24 → 2025-11-22 (30 files, 0 missing → zero-filled).
Sampling rainfall at 2,452 PRISM grid cells…
Sampling static attributes at grid centers…
Running models…
/Users/wonjunchoi/PycharmProjects/realtime-buncombe/venv/lib/python3.9/site-packages/sklearn/utils/validation.py:2732: UserWarning: X has feature names, but RandomForestClassifier was fitted without feature names
  warnings.warn(
ok: wrote 2,452 rows for 2025-11-22 (rainfall through 2025-11-22)
parquet: /Users/wonjunchoi/PycharmProjects/realtime-buncombe/predictions/historicData/2025/11/predictions_2025-11-22.parquet
geojson: /Users/wonjunchoi/PycharmProjects/realtime-buncombe/predictions/historicData/2025/11/map_2025-11-22.geojson
meta: /Users/wonjunchoi/PycharmProjects/realtime-buncombe/predictions/historicData/2025/11/meta_2025-11-22.json
latest: /Users/wonjunchoi/PycharmProjects/realtime-buncombe/predictions/latest.geojson, /Users/wonjunchoi/PycharmProjects/realtime-buncombe/predictions/latest.json
manifest: /Users/wonjunchoi/PycharmProjects/realtime-buncombe/predictions/index.json
2025-11-23 13:19:50,529 | INFO | Committing and pushing changes
2025-11-23 13:19:51,180 | INFO | [main a0b4754] Auto-update: rainfall & predictions @ 2025-11-23 13:19:50
 7 files changed, 156 insertions(+), 7 deletions(-)
 create mode 100644 predictions/historicData/2025/11/map_2025-11-22.geojson
 create mode 100644 predictions/historicData/2025/11/meta_2025-11-22.json
 create mode 100644 predictions/historicData/2025/11/predictions_2025-11-22.parquet
2025-11-23 13:19:54,761 | INFO | Locking support detected on remote "origin". Consider enabling it with:
  $ git config lfs.https://github.com-buncombe/WonjunChoi1004/realtime-buncombe.git/info/lfs.locksverify true
Uploading LFS objects: 100% (1/1), 96 KB | 0 B/s, done.
To github.com-buncombe:WonjunChoi1004/realtime-buncombe.git
   18a05d7..a0b4754  main -> main
2025-11-23 13:19:54,762 | INFO | Push succeeded.
▶️ Running daily auto-update job...
✅ Already ran today, skipping.
✅ Already ran today, skipping.
2025-11-24 05:00:01,173 | INFO | Internet connection detected. Proceeding with update.
2025-11-24 05:00:01,174 | INFO | Running download_prism_daily.py
2025-11-24 05:00:16,355 | INFO | /Users/wonjunchoi/PycharmProjects/realtime-buncombe/venv/lib/python3.9/site-packages/urllib3/__init__.py:35: NotOpenSSLWarning: urllib3 v2 only supports OpenSSL 1.1.1+, currently the 'ssl' module is compiled with 'LibreSSL 2.8.3'. See: https://github.com/urllib3/urllib3/issues/3020
  warnings.warn(
[SKIP] 2025-11-23 not found online.
[OK  ] 2025-11-22 metadata matches remote
[OK  ] 2025-11-22 expanded data present (prism_ppt_us_30s_20251122.tif)
[OK  ] 2025-11-21 metadata matches remote
[OK  ] 2025-11-21 expanded data present (prism_ppt_us_30s_20251121.tif)
[OK  ] 2025-11-20 metadata matches remote
[OK  ] 2025-11-20 expanded data present (prism_ppt_us_30s_20251120.tif)
[OK  ] 2025-11-19 metadata matches remote
[OK  ] 2025-11-19 expanded data present (prism_ppt_us_30s_20251119.tif)
[OK  ] 2025-11-18 metadata matches remote
[OK  ] 2025-11-18 expanded data present (prism_ppt_us_30s_20251118.tif)
[OK  ] 2025-11-17 metadata matches remote
[OK  ] 2025-11-17 expanded data present (prism_ppt_us_30s_20251117.tif)
[OK  ] 2025-11-16 metadata matches remote
[OK  ] 2025-11-16 expanded data present (prism_ppt_us_30s_20251116.tif)
[OK  ] 2025-11-15 metadata matches remote
[OK  ] 2025-11-15 expanded data present (prism_ppt_us_30s_20251115.tif)
[OK  ] 2025-11-14 metadata matches remote
[OK  ] 2025-11-14 expanded data present (prism_ppt_us_30s_20251114.tif)
[OK  ] 2025-11-13 metadata matches remote
[OK  ] 2025-11-13 expanded data present (prism_ppt_us_30s_20251113.tif)
[OK  ] 2025-11-12 metadata matches remote
[OK  ] 2025-11-12 expanded data present (prism_ppt_us_30s_20251112.tif)
[OK  ] 2025-11-11 metadata matches remote
[OK  ] 2025-11-11 expanded data present (prism_ppt_us_30s_20251111.tif)
[OK  ] 2025-11-10 metadata matches remote
[OK  ] 2025-11-10 expanded data present (prism_ppt_us_30s_20251110.tif)
[OK  ] 2025-11-09 metadata matches remote
[OK  ] 2025-11-09 expanded data present (prism_ppt_us_30s_20251109.tif)
[OK  ] 2025-11-08 metadata matches remote
[OK  ] 2025-11-08 expanded data present (prism_ppt_us_30s_20251108.tif)
[OK  ] 2025-11-07 metadata matches remote
[OK  ] 2025-11-07 expanded data present (prism_ppt_us_30s_20251107.tif)
[OK  ] 2025-11-06 metadata matches remote
[OK  ] 2025-11-06 expanded data present (prism_ppt_us_30s_20251106.tif)
[OK  ] 2025-11-05 metadata matches remote
[OK  ] 2025-11-05 expanded data present (prism_ppt_us_30s_20251105.tif)
[OK  ] 2025-11-04 metadata matches remote
[OK  ] 2025-11-04 expanded data present (prism_ppt_us_30s_20251104.tif)
[OK  ] 2025-11-03 metadata matches remote
[OK  ] 2025-11-03 expanded data present (prism_ppt_us_30s_20251103.tif)
[OK  ] 2025-11-02 metadata matches remote
[OK  ] 2025-11-02 expanded data present (prism_ppt_us_30s_20251102.tif)
[OK  ] 2025-11-01 metadata matches remote
[OK  ] 2025-11-01 expanded data present (prism_ppt_us_30s_20251101.tif)
[OK  ] 2025-10-31 metadata matches remote
[OK  ] 2025-10-31 expanded data present (prism_ppt_us_30s_20251031.tif)
[OK  ] 2025-10-30 metadata matches remote
[OK  ] 2025-10-30 expanded data present (prism_ppt_us_30s_20251030.tif)
[OK  ] 2025-10-29 metadata matches remote
[OK  ] 2025-10-29 expanded data present (prism_ppt_us_30s_20251029.tif)
[OK  ] 2025-10-28 metadata matches remote
[OK  ] 2025-10-28 expanded data present (prism_ppt_us_30s_20251028.tif)
[OK  ] 2025-10-27 metadata matches remote
[OK  ] 2025-10-27 expanded data present (prism_ppt_us_30s_20251027.tif)
[OK  ] 2025-10-26 metadata matches remote
[OK  ] 2025-10-26 expanded data present (prism_ppt_us_30s_20251026.tif)
[OK  ] 2025-10-25 metadata matches remote
[OK  ] 2025-10-25 expanded data present (prism_ppt_us_30s_20251025.tif)
[INFO] Pruning files outside the past window...
[PRUNE] Removed old folder → prism_ppt_us_30s_20251024
[PRUNE] Removed old file → prism_ppt_us_30s_20251024.meta.json
2025-11-24 05:00:16,356 | INFO | Running predict_daily_triple.py
2025-11-24 06:38:41,581 | INFO | Rainfall window: 2025-10-24 → 2025-11-22 (29 files, 1 missing → zero-filled).
Sampling rainfall at 2,452 PRISM grid cells…
Sampling static attributes at grid centers…
Running models…
/Users/wonjunchoi/PycharmProjects/realtime-buncombe/venv/lib/python3.9/site-packages/sklearn/utils/validation.py:2732: UserWarning: X has feature names, but RandomForestClassifier was fitted without feature names
  warnings.warn(
ok: wrote 2,452 rows for 2025-11-23 (rainfall through 2025-11-22)
parquet: /Users/wonjunchoi/PycharmProjects/realtime-buncombe/predictions/historicData/2025/11/predictions_2025-11-23.parquet
geojson: /Users/wonjunchoi/PycharmProjects/realtime-buncombe/predictions/historicData/2025/11/map_2025-11-23.geojson
meta: /Users/wonjunchoi/PycharmProjects/realtime-buncombe/predictions/historicData/2025/11/meta_2025-11-23.json
latest: /Users/wonjunchoi/PycharmProjects/realtime-buncombe/predictions/latest.geojson, /Users/wonjunchoi/PycharmProjects/realtime-buncombe/predictions/latest.json
manifest: /Users/wonjunchoi/PycharmProjects/realtime-buncombe/predictions/index.json
2025-11-24 06:38:41,584 | INFO | Committing and pushing changes
2025-11-24 06:38:42,199 | INFO | [main b2e6502] Auto-update: rainfall & predictions @ 2025-11-24 06:38:41
 7 files changed, 126 insertions(+), 6 deletions(-)
 create mode 100644 predictions/historicData/2025/11/map_2025-11-23.geojson
 create mode 100644 predictions/historicData/2025/11/meta_2025-11-23.json
 create mode 100644 predictions/historicData/2025/11/predictions_2025-11-23.parquet
2025-11-24 06:41:41,617 | INFO | Locking support detected on remote "origin". Consider enabling it with:
  $ git config lfs.https://github.com-buncombe/WonjunChoi1004/realtime-buncombe.git/info/lfs.locksverify true
To github.com-buncombe:WonjunChoi1004/realtime-buncombe.git
   a0b4754..b2e6502  main -> main
2025-11-24 06:41:41,617 | INFO | Push succeeded.
▶️ Running daily auto-update job...
✅ Already ran today, skipping.
✅ Already ran today, skipping.
✅ Already ran today, skipping.
2025-11-25 05:04:03,312 | INFO | Internet connection detected. Proceeding with update.
2025-11-25 05:04:03,312 | INFO | Running download_prism_daily.py
2025-11-25 06:26:14,744 | INFO | /Users/wonjunchoi/PycharmProjects/realtime-buncombe/venv/lib/python3.9/site-packages/urllib3/__init__.py:35: NotOpenSSLWarning: urllib3 v2 only supports OpenSSL 1.1.1+, currently the 'ssl' module is compiled with 'LibreSSL 2.8.3'. See: https://github.com/urllib3/urllib3/issues/3020
  warnings.warn(
[SKIP] 2025-11-24 not found online.
[GET ] 2025-11-23 → https://data.prism.oregonstate.edu/time_series/us/an/800m/ppt/daily/2025/prism_ppt_us_30s_20251123.zip
[DONE] Updated ZIP for 2025-11-23
[MISS] 2025-11-23 missing expanded .tif — extracting now.
[UNZIP] Extracted → /Users/wonjunchoi/PycharmProjects/realtime-buncombe/data/rain/prism_ppt_us_30s_20251123
[CLEAN] 2025-11-23 removed ZIP after extraction.
[OK  ] 2025-11-22 metadata matches remote
[OK  ] 2025-11-22 expanded data present (prism_ppt_us_30s_20251122.tif)
[OK  ] 2025-11-21 metadata matches remote
[OK  ] 2025-11-21 expanded data present (prism_ppt_us_30s_20251121.tif)
[OK  ] 2025-11-20 metadata matches remote
[OK  ] 2025-11-20 expanded data present (prism_ppt_us_30s_20251120.tif)
[CLEAN] 2025-11-19 removed old expanded folder → prism_ppt_us_30s_20251119
[GET ] 2025-11-19 → https://data.prism.oregonstate.edu/time_series/us/an/800m/ppt/daily/2025/prism_ppt_us_30s_20251119.zip
[ERR ] 2025-11-19 HTTPSConnectionPool(host='data.prism.oregonstate.edu', port=443): Read timed out.
[OK  ] 2025-11-18 metadata matches remote
[OK  ] 2025-11-18 expanded data present (prism_ppt_us_30s_20251118.tif)
[OK  ] 2025-11-17 metadata matches remote
[OK  ] 2025-11-17 expanded data present (prism_ppt_us_30s_20251117.tif)
[OK  ] 2025-11-16 metadata matches remote
[OK  ] 2025-11-16 expanded data present (prism_ppt_us_30s_20251116.tif)
[OK  ] 2025-11-15 metadata matches remote
[OK  ] 2025-11-15 expanded data present (prism_ppt_us_30s_20251115.tif)
[OK  ] 2025-11-14 metadata matches remote
[OK  ] 2025-11-14 expanded data present (prism_ppt_us_30s_20251114.tif)
[OK  ] 2025-11-13 metadata matches remote
[OK  ] 2025-11-13 expanded data present (prism_ppt_us_30s_20251113.tif)
[OK  ] 2025-11-12 metadata matches remote
[OK  ] 2025-11-12 expanded data present (prism_ppt_us_30s_20251112.tif)
[OK  ] 2025-11-11 metadata matches remote
[OK  ] 2025-11-11 expanded data present (prism_ppt_us_30s_20251111.tif)
[OK  ] 2025-11-10 metadata matches remote
[OK  ] 2025-11-10 expanded data present (prism_ppt_us_30s_20251110.tif)
[OK  ] 2025-11-09 metadata matches remote
[OK  ] 2025-11-09 expanded data present (prism_ppt_us_30s_20251109.tif)
[OK  ] 2025-11-08 metadata matches remote
[OK  ] 2025-11-08 expanded data present (prism_ppt_us_30s_20251108.tif)
[OK  ] 2025-11-07 metadata matches remote
[OK  ] 2025-11-07 expanded data present (prism_ppt_us_30s_20251107.tif)
[OK  ] 2025-11-06 metadata matches remote
[OK  ] 2025-11-06 expanded data present (prism_ppt_us_30s_20251106.tif)
[OK  ] 2025-11-05 metadata matches remote
[OK  ] 2025-11-05 expanded data present (prism_ppt_us_30s_20251105.tif)
[OK  ] 2025-11-04 metadata matches remote
[OK  ] 2025-11-04 expanded data present (prism_ppt_us_30s_20251104.tif)
[ERR ] 2025-11-03 ('Connection aborted.', ConnectionResetError(54, 'Connection reset by peer'))
[OK  ] 2025-11-02 metadata matches remote
[OK  ] 2025-11-02 expanded data present (prism_ppt_us_30s_20251102.tif)
[OK  ] 2025-11-01 metadata matches remote
[OK  ] 2025-11-01 expanded data present (prism_ppt_us_30s_20251101.tif)
[OK  ] 2025-10-31 metadata matches remote
[OK  ] 2025-10-31 expanded data present (prism_ppt_us_30s_20251031.tif)
[OK  ] 2025-10-30 metadata matches remote
[OK  ] 2025-10-30 expanded data present (prism_ppt_us_30s_20251030.tif)
[OK  ] 2025-10-29 metadata matches remote
[OK  ] 2025-10-29 expanded data present (prism_ppt_us_30s_20251029.tif)
[OK  ] 2025-10-28 metadata matches remote
[OK  ] 2025-10-28 expanded data present (prism_ppt_us_30s_20251028.tif)
[OK  ] 2025-10-27 metadata matches remote
[OK  ] 2025-10-27 expanded data present (prism_ppt_us_30s_20251027.tif)
[OK  ] 2025-10-26 metadata matches remote
[OK  ] 2025-10-26 expanded data present (prism_ppt_us_30s_20251026.tif)
[INFO] Pruning files outside the past window...
[PRUNE] Removed old folder → prism_ppt_us_30s_20251025
[PRUNE] Removed old file → prism_ppt_us_30s_20251025.meta.json
2025-11-25 06:26:14,746 | INFO | Running predict_daily_triple.py
2025-11-25 08:01:17,011 | INFO | Rainfall window: 2025-10-25 → 2025-11-23 (28 files, 2 missing → zero-filled).
Sampling rainfall at 2,452 PRISM grid cells…
Sampling static attributes at grid centers…
Running models…
/Users/wonjunchoi/PycharmProjects/realtime-buncombe/venv/lib/python3.9/site-packages/sklearn/utils/validation.py:2732: UserWarning: X has feature names, but RandomForestClassifier was fitted without feature names
  warnings.warn(
ok: wrote 2,452 rows for 2025-11-24 (rainfall through 2025-11-23)
parquet: /Users/wonjunchoi/PycharmProjects/realtime-buncombe/predictions/historicData/2025/11/predictions_2025-11-24.parquet
geojson: /Users/wonjunchoi/PycharmProjects/realtime-buncombe/predictions/historicData/2025/11/map_2025-11-24.geojson
meta: /Users/wonjunchoi/PycharmProjects/realtime-buncombe/predictions/historicData/2025/11/meta_2025-11-24.json
latest: /Users/wonjunchoi/PycharmProjects/realtime-buncombe/predictions/latest.geojson, /Users/wonjunchoi/PycharmProjects/realtime-buncombe/predictions/latest.json
manifest: /Users/wonjunchoi/PycharmProjects/realtime-buncombe/predictions/index.json
2025-11-25 08:01:17,014 | INFO | Committing and pushing changes
2025-11-25 08:01:17,811 | INFO | [main 6b9ab62] Auto-update: rainfall & predictions @ 2025-11-25 08:01:17
 7 files changed, 130 insertions(+), 7 deletions(-)
 create mode 100644 predictions/historicData/2025/11/map_2025-11-24.geojson
 create mode 100644 predictions/historicData/2025/11/meta_2025-11-24.json
 create mode 100644 predictions/historicData/2025/11/predictions_2025-11-24.parquet
2025-11-25 08:01:21,703 | INFO | Locking support detected on remote "origin". Consider enabling it with:
  $ git config lfs.https://github.com-buncombe/WonjunChoi1004/realtime-buncombe.git/info/lfs.locksverify true
Uploading LFS objects: 100% (1/1), 93 KB | 0 B/s, done.
To github.com-buncombe:WonjunChoi1004/realtime-buncombe.git
   b2e6502..6b9ab62  main -> main
2025-11-25 08:01:21,703 | INFO | Push succeeded.
▶️ Running daily auto-update job...
2025-11-26 05:00:00,552 | INFO | Internet connection detected. Proceeding with update.
2025-11-26 05:00:00,553 | INFO | Running download_prism_daily.py
2025-11-26 05:00:17,515 | INFO | /Users/wonjunchoi/PycharmProjects/realtime-buncombe/venv/lib/python3.9/site-packages/urllib3/__init__.py:35: NotOpenSSLWarning: urllib3 v2 only supports OpenSSL 1.1.1+, currently the 'ssl' module is compiled with 'LibreSSL 2.8.3'. See: https://github.com/urllib3/urllib3/issues/3020
  warnings.warn(
[SKIP] 2025-11-25 not found online.
[GET ] 2025-11-24 → https://data.prism.oregonstate.edu/time_series/us/an/800m/ppt/daily/2025/prism_ppt_us_30s_20251124.zip
[DONE] Updated ZIP for 2025-11-24
[MISS] 2025-11-24 missing expanded .tif — extracting now.
[UNZIP] Extracted → /Users/wonjunchoi/PycharmProjects/realtime-buncombe/data/rain/prism_ppt_us_30s_20251124
[CLEAN] 2025-11-24 removed ZIP after extraction.
[OK  ] 2025-11-23 metadata matches remote
[OK  ] 2025-11-23 expanded data present (prism_ppt_us_30s_20251123.tif)
[OK  ] 2025-11-22 metadata matches remote
[OK  ] 2025-11-22 expanded data present (prism_ppt_us_30s_20251122.tif)
[OK  ] 2025-11-21 metadata matches remote
[OK  ] 2025-11-21 expanded data present (prism_ppt_us_30s_20251121.tif)
[CLEAN] 2025-11-20 removed old expanded folder → prism_ppt_us_30s_20251120
[GET ] 2025-11-20 → https://data.prism.oregonstate.edu/time_series/us/an/800m/ppt/daily/2025/prism_ppt_us_30s_20251120.zip
[DONE] Updated ZIP for 2025-11-20
[MISS] 2025-11-20 missing expanded .tif — extracting now.
[UNZIP] Extracted → /Users/wonjunchoi/PycharmProjects/realtime-buncombe/data/rain/prism_ppt_us_30s_20251120
[CLEAN] 2025-11-20 removed ZIP after extraction.
[GET ] 2025-11-19 → https://data.prism.oregonstate.edu/time_series/us/an/800m/ppt/daily/2025/prism_ppt_us_30s_20251119.zip
[DONE] Updated ZIP for 2025-11-19
[MISS] 2025-11-19 missing expanded .tif — extracting now.
[UNZIP] Extracted → /Users/wonjunchoi/PycharmProjects/realtime-buncombe/data/rain/prism_ppt_us_30s_20251119
[CLEAN] 2025-11-19 removed ZIP after extraction.
[OK  ] 2025-11-18 metadata matches remote
[OK  ] 2025-11-18 expanded data present (prism_ppt_us_30s_20251118.tif)
[OK  ] 2025-11-17 metadata matches remote
[OK  ] 2025-11-17 expanded data present (prism_ppt_us_30s_20251117.tif)
[OK  ] 2025-11-16 metadata matches remote
[OK  ] 2025-11-16 expanded data present (prism_ppt_us_30s_20251116.tif)
[OK  ] 2025-11-15 metadata matches remote
[OK  ] 2025-11-15 expanded data present (prism_ppt_us_30s_20251115.tif)
[OK  ] 2025-11-14 metadata matches remote
[OK  ] 2025-11-14 expanded data present (prism_ppt_us_30s_20251114.tif)
[OK  ] 2025-11-13 metadata matches remote
[OK  ] 2025-11-13 expanded data present (prism_ppt_us_30s_20251113.tif)
[OK  ] 2025-11-12 metadata matches remote
[OK  ] 2025-11-12 expanded data present (prism_ppt_us_30s_20251112.tif)
[OK  ] 2025-11-11 metadata matches remote
[OK  ] 2025-11-11 expanded data present (prism_ppt_us_30s_20251111.tif)
[OK  ] 2025-11-10 metadata matches remote
[OK  ] 2025-11-10 expanded data present (prism_ppt_us_30s_20251110.tif)
[OK  ] 2025-11-09 metadata matches remote
[OK  ] 2025-11-09 expanded data present (prism_ppt_us_30s_20251109.tif)
[OK  ] 2025-11-08 metadata matches remote
[OK  ] 2025-11-08 expanded data present (prism_ppt_us_30s_20251108.tif)
[OK  ] 2025-11-07 metadata matches remote
[OK  ] 2025-11-07 expanded data present (prism_ppt_us_30s_20251107.tif)
[OK  ] 2025-11-06 metadata matches remote
[OK  ] 2025-11-06 expanded data present (prism_ppt_us_30s_20251106.tif)
[OK  ] 2025-11-05 metadata matches remote
[OK  ] 2025-11-05 expanded data present (prism_ppt_us_30s_20251105.tif)
[OK  ] 2025-11-04 metadata matches remote
[OK  ] 2025-11-04 expanded data present (prism_ppt_us_30s_20251104.tif)
[OK  ] 2025-11-03 metadata matches remote
[OK  ] 2025-11-03 expanded data present (prism_ppt_us_30s_20251103.tif)
[OK  ] 2025-11-02 metadata matches remote
[OK  ] 2025-11-02 expanded data present (prism_ppt_us_30s_20251102.tif)
[OK  ] 2025-11-01 metadata matches remote
[OK  ] 2025-11-01 expanded data present (prism_ppt_us_30s_20251101.tif)
[OK  ] 2025-10-31 metadata matches remote
[OK  ] 2025-10-31 expanded data present (prism_ppt_us_30s_20251031.tif)
[OK  ] 2025-10-30 metadata matches remote
[OK  ] 2025-10-30 expanded data present (prism_ppt_us_30s_20251030.tif)
[OK  ] 2025-10-29 metadata matches remote
[OK  ] 2025-10-29 expanded data present (prism_ppt_us_30s_20251029.tif)
[OK  ] 2025-10-28 metadata matches remote
[OK  ] 2025-10-28 expanded data present (prism_ppt_us_30s_20251028.tif)
[OK  ] 2025-10-27 metadata matches remote
[OK  ] 2025-10-27 expanded data present (prism_ppt_us_30s_20251027.tif)
[INFO] Pruning files outside the past window...
[PRUNE] Removed old folder → prism_ppt_us_30s_20251026
[PRUNE] Removed old file → prism_ppt_us_30s_20251026.meta.json
2025-11-26 05:00:17,516 | INFO | Running predict_daily_triple.py
2025-11-26 08:12:50,781 | INFO | Rainfall window: 2025-10-26 → 2025-11-24 (29 files, 1 missing → zero-filled).
Sampling rainfall at 2,452 PRISM grid cells…
Sampling static attributes at grid centers…
Running models…
/Users/wonjunchoi/PycharmProjects/realtime-buncombe/venv/lib/python3.9/site-packages/sklearn/utils/validation.py:2732: UserWarning: X has feature names, but RandomForestClassifier was fitted without feature names
  warnings.warn(
ok: wrote 2,452 rows for 2025-11-25 (rainfall through 2025-11-24)
parquet: /Users/wonjunchoi/PycharmProjects/realtime-buncombe/predictions/historicData/2025/11/predictions_2025-11-25.parquet
geojson: /Users/wonjunchoi/PycharmProjects/realtime-buncombe/predictions/historicData/2025/11/map_2025-11-25.geojson
meta: /Users/wonjunchoi/PycharmProjects/realtime-buncombe/predictions/historicData/2025/11/meta_2025-11-25.json
latest: /Users/wonjunchoi/PycharmProjects/realtime-buncombe/predictions/latest.geojson, /Users/wonjunchoi/PycharmProjects/realtime-buncombe/predictions/latest.json
manifest: /Users/wonjunchoi/PycharmProjects/realtime-buncombe/predictions/index.json
2025-11-26 08:12:50,783 | INFO | Committing and pushing changes
2025-11-26 08:12:51,653 | INFO | [main fe8c9d7] Auto-update: rainfall & predictions @ 2025-11-26 08:12:51
 7 files changed, 135 insertions(+), 7 deletions(-)
 create mode 100644 predictions/historicData/2025/11/map_2025-11-25.geojson
 create mode 100644 predictions/historicData/2025/11/meta_2025-11-25.json
 create mode 100644 predictions/historicData/2025/11/predictions_2025-11-25.parquet
2025-11-26 08:12:55,673 | INFO | Locking support detected on remote "origin". Consider enabling it with:
  $ git config lfs.https://github.com-buncombe/WonjunChoi1004/realtime-buncombe.git/info/lfs.locksverify true
Uploading LFS objects: 100% (1/1), 84 KB | 0 B/s, done.
To github.com-buncombe:WonjunChoi1004/realtime-buncombe.git
   6b9ab62..fe8c9d7  main -> main
2025-11-26 08:12:55,674 | INFO | Push succeeded.
▶️ Running daily auto-update job...
✅ Already ran today, skipping.
2025-11-28 05:00:00,499 | INFO | Internet connection detected. Proceeding with update.
2025-11-28 05:00:00,500 | INFO | Running download_prism_daily.py
2025-11-28 05:00:15,731 | INFO | /Users/wonjunchoi/PycharmProjects/realtime-buncombe/venv/lib/python3.9/site-packages/urllib3/__init__.py:35: NotOpenSSLWarning: urllib3 v2 only supports OpenSSL 1.1.1+, currently the 'ssl' module is compiled with 'LibreSSL 2.8.3'. See: https://github.com/urllib3/urllib3/issues/3020
  warnings.warn(
[SKIP] 2025-11-27 not found online.
[SKIP] 2025-11-26 not found online.
[SKIP] 2025-11-25 not found online.
[OK  ] 2025-11-24 metadata matches remote
[OK  ] 2025-11-24 expanded data present (prism_ppt_us_30s_20251124.tif)
[OK  ] 2025-11-23 metadata matches remote
[OK  ] 2025-11-23 expanded data present (prism_ppt_us_30s_20251123.tif)
[CLEAN] 2025-11-22 removed old expanded folder → prism_ppt_us_30s_20251122
[GET ] 2025-11-22 → https://data.prism.oregonstate.edu/time_series/us/an/800m/ppt/daily/2025/prism_ppt_us_30s_20251122.zip
[DONE] Updated ZIP for 2025-11-22
[MISS] 2025-11-22 missing expanded .tif — extracting now.
[UNZIP] Extracted → /Users/wonjunchoi/PycharmProjects/realtime-buncombe/data/rain/prism_ppt_us_30s_20251122
[CLEAN] 2025-11-22 removed ZIP after extraction.
[CLEAN] 2025-11-21 removed old expanded folder → prism_ppt_us_30s_20251121
[GET ] 2025-11-21 → https://data.prism.oregonstate.edu/time_series/us/an/800m/ppt/daily/2025/prism_ppt_us_30s_20251121.zip
[DONE] Updated ZIP for 2025-11-21
[MISS] 2025-11-21 missing expanded .tif — extracting now.
[UNZIP] Extracted → /Users/wonjunchoi/PycharmProjects/realtime-buncombe/data/rain/prism_ppt_us_30s_20251121
[CLEAN] 2025-11-21 removed ZIP after extraction.
[OK  ] 2025-11-20 metadata matches remote
[OK  ] 2025-11-20 expanded data present (prism_ppt_us_30s_20251120.tif)
[OK  ] 2025-11-19 metadata matches remote
[OK  ] 2025-11-19 expanded data present (prism_ppt_us_30s_20251119.tif)
[OK  ] 2025-11-18 metadata matches remote
[OK  ] 2025-11-18 expanded data present (prism_ppt_us_30s_20251118.tif)
[OK  ] 2025-11-17 metadata matches remote
[OK  ] 2025-11-17 expanded data present (prism_ppt_us_30s_20251117.tif)
[OK  ] 2025-11-16 metadata matches remote
[OK  ] 2025-11-16 expanded data present (prism_ppt_us_30s_20251116.tif)
[OK  ] 2025-11-15 metadata matches remote
[OK  ] 2025-11-15 expanded data present (prism_ppt_us_30s_20251115.tif)
[OK  ] 2025-11-14 metadata matches remote
[OK  ] 2025-11-14 expanded data present (prism_ppt_us_30s_20251114.tif)
[OK  ] 2025-11-13 metadata matches remote
[OK  ] 2025-11-13 expanded data present (prism_ppt_us_30s_20251113.tif)
[OK  ] 2025-11-12 metadata matches remote
[OK  ] 2025-11-12 expanded data present (prism_ppt_us_30s_20251112.tif)
[OK  ] 2025-11-11 metadata matches remote
[OK  ] 2025-11-11 expanded data present (prism_ppt_us_30s_20251111.tif)
[OK  ] 2025-11-10 metadata matches remote
[OK  ] 2025-11-10 expanded data present (prism_ppt_us_30s_20251110.tif)
[OK  ] 2025-11-09 metadata matches remote
[OK  ] 2025-11-09 expanded data present (prism_ppt_us_30s_20251109.tif)
[OK  ] 2025-11-08 metadata matches remote
[OK  ] 2025-11-08 expanded data present (prism_ppt_us_30s_20251108.tif)
[OK  ] 2025-11-07 metadata matches remote
[OK  ] 2025-11-07 expanded data present (prism_ppt_us_30s_20251107.tif)
[OK  ] 2025-11-06 metadata matches remote
[OK  ] 2025-11-06 expanded data present (prism_ppt_us_30s_20251106.tif)
[OK  ] 2025-11-05 metadata matches remote
[OK  ] 2025-11-05 expanded data present (prism_ppt_us_30s_20251105.tif)
[OK  ] 2025-11-04 metadata matches remote
[OK  ] 2025-11-04 expanded data present (prism_ppt_us_30s_20251104.tif)
[OK  ] 2025-11-03 metadata matches remote
[OK  ] 2025-11-03 expanded data present (prism_ppt_us_30s_20251103.tif)
[OK  ] 2025-11-02 metadata matches remote
[OK  ] 2025-11-02 expanded data present (prism_ppt_us_30s_20251102.tif)
[OK  ] 2025-11-01 metadata matches remote
[OK  ] 2025-11-01 expanded data present (prism_ppt_us_30s_20251101.tif)
[OK  ] 2025-10-31 metadata matches remote
[OK  ] 2025-10-31 expanded data present (prism_ppt_us_30s_20251031.tif)
[OK  ] 2025-10-30 metadata matches remote
[OK  ] 2025-10-30 expanded data present (prism_ppt_us_30s_20251030.tif)
[OK  ] 2025-10-29 metadata matches remote
[OK  ] 2025-10-29 expanded data present (prism_ppt_us_30s_20251029.tif)
[INFO] Pruning files outside the past window...
[PRUNE] Removed old file → prism_ppt_us_30s_20251028.meta.json
[PRUNE] Removed old folder → prism_ppt_us_30s_20251027
[PRUNE] Removed old folder → prism_ppt_us_30s_20251028
[PRUNE] Removed old file → prism_ppt_us_30s_20251027.meta.json
2025-11-28 05:00:15,732 | INFO | Running predict_daily_triple.py
2025-11-28 05:24:09,846 | INFO | Rainfall window: 2025-10-26 → 2025-11-24 (27 files, 3 missing → zero-filled).
Sampling rainfall at 2,452 PRISM grid cells…
Sampling static attributes at grid centers…
Running models…
/Users/wonjunchoi/PycharmProjects/realtime-buncombe/venv/lib/python3.9/site-packages/sklearn/utils/validation.py:2732: UserWarning: X has feature names, but RandomForestClassifier was fitted without feature names
  warnings.warn(
ok: wrote 2,452 rows for 2025-11-27 (rainfall through 2025-11-24)
parquet: /Users/wonjunchoi/PycharmProjects/realtime-buncombe/predictions/historicData/2025/11/predictions_2025-11-27.parquet
geojson: /Users/wonjunchoi/PycharmProjects/realtime-buncombe/predictions/historicData/2025/11/map_2025-11-27.geojson
meta: /Users/wonjunchoi/PycharmProjects/realtime-buncombe/predictions/historicData/2025/11/meta_2025-11-27.json
latest: /Users/wonjunchoi/PycharmProjects/realtime-buncombe/predictions/latest.geojson, /Users/wonjunchoi/PycharmProjects/realtime-buncombe/predictions/latest.json
manifest: /Users/wonjunchoi/PycharmProjects/realtime-buncombe/predictions/index.json
2025-11-28 05:24:09,847 | INFO | Committing and pushing changes
2025-11-28 05:24:10,465 | INFO | [main abe7ac5] Auto-update: rainfall & predictions @ 2025-11-28 05:24:10
 7 files changed, 133 insertions(+), 6 deletions(-)
 create mode 100644 predictions/historicData/2025/11/map_2025-11-27.geojson
 create mode 100644 predictions/historicData/2025/11/meta_2025-11-27.json
 create mode 100644 predictions/historicData/2025/11/predictions_2025-11-27.parquet
2025-11-28 05:24:14,080 | INFO | Locking support detected on remote "origin". Consider enabling it with:
  $ git config lfs.https://github.com-buncombe/WonjunChoi1004/realtime-buncombe.git/info/lfs.locksverify true
Uploading LFS objects: 100% (1/1), 82 KB | 0 B/s, done.
To github.com-buncombe:WonjunChoi1004/realtime-buncombe.git
   fe8c9d7..abe7ac5  main -> main
2025-11-28 05:24:14,081 | INFO | Push succeeded.
▶️ Running daily auto-update job...
2025-11-29 05:00:01,204 | INFO | Internet connection detected. Proceeding with update.
2025-11-29 05:00:01,205 | INFO | Running download_prism_daily.py
2025-11-29 05:00:14,531 | INFO | /Users/wonjunchoi/PycharmProjects/realtime-buncombe/venv/lib/python3.9/site-packages/urllib3/__init__.py:35: NotOpenSSLWarning: urllib3 v2 only supports OpenSSL 1.1.1+, currently the 'ssl' module is compiled with 'LibreSSL 2.8.3'. See: https://github.com/urllib3/urllib3/issues/3020
  warnings.warn(
[SKIP] 2025-11-28 not found online.
[SKIP] 2025-11-27 not found online.
[SKIP] 2025-11-26 not found online.
[SKIP] 2025-11-25 not found online.
[OK  ] 2025-11-24 metadata matches remote
[OK  ] 2025-11-24 expanded data present (prism_ppt_us_30s_20251124.tif)
[CLEAN] 2025-11-23 removed old expanded folder → prism_ppt_us_30s_20251123
[GET ] 2025-11-23 → https://data.prism.oregonstate.edu/time_series/us/an/800m/ppt/daily/2025/prism_ppt_us_30s_20251123.zip
[DONE] Updated ZIP for 2025-11-23
[MISS] 2025-11-23 missing expanded .tif — extracting now.
[UNZIP] Extracted → /Users/wonjunchoi/PycharmProjects/realtime-buncombe/data/rain/prism_ppt_us_30s_20251123
[CLEAN] 2025-11-23 removed ZIP after extraction.
[OK  ] 2025-11-22 metadata matches remote
[OK  ] 2025-11-22 expanded data present (prism_ppt_us_30s_20251122.tif)
[OK  ] 2025-11-21 metadata matches remote
[OK  ] 2025-11-21 expanded data present (prism_ppt_us_30s_20251121.tif)
[OK  ] 2025-11-20 metadata matches remote
[OK  ] 2025-11-20 expanded data present (prism_ppt_us_30s_20251120.tif)
[OK  ] 2025-11-19 metadata matches remote
[OK  ] 2025-11-19 expanded data present (prism_ppt_us_30s_20251119.tif)
[OK  ] 2025-11-18 metadata matches remote
[OK  ] 2025-11-18 expanded data present (prism_ppt_us_30s_20251118.tif)
[OK  ] 2025-11-17 metadata matches remote
[OK  ] 2025-11-17 expanded data present (prism_ppt_us_30s_20251117.tif)
[OK  ] 2025-11-16 metadata matches remote
[OK  ] 2025-11-16 expanded data present (prism_ppt_us_30s_20251116.tif)
[OK  ] 2025-11-15 metadata matches remote
[OK  ] 2025-11-15 expanded data present (prism_ppt_us_30s_20251115.tif)
[OK  ] 2025-11-14 metadata matches remote
[OK  ] 2025-11-14 expanded data present (prism_ppt_us_30s_20251114.tif)
[OK  ] 2025-11-13 metadata matches remote
[OK  ] 2025-11-13 expanded data present (prism_ppt_us_30s_20251113.tif)
[OK  ] 2025-11-12 metadata matches remote
[OK  ] 2025-11-12 expanded data present (prism_ppt_us_30s_20251112.tif)
[OK  ] 2025-11-11 metadata matches remote
[OK  ] 2025-11-11 expanded data present (prism_ppt_us_30s_20251111.tif)
[OK  ] 2025-11-10 metadata matches remote
[OK  ] 2025-11-10 expanded data present (prism_ppt_us_30s_20251110.tif)
[OK  ] 2025-11-09 metadata matches remote
[OK  ] 2025-11-09 expanded data present (prism_ppt_us_30s_20251109.tif)
[OK  ] 2025-11-08 metadata matches remote
[OK  ] 2025-11-08 expanded data present (prism_ppt_us_30s_20251108.tif)
[OK  ] 2025-11-07 metadata matches remote
[OK  ] 2025-11-07 expanded data present (prism_ppt_us_30s_20251107.tif)
[OK  ] 2025-11-06 metadata matches remote
[OK  ] 2025-11-06 expanded data present (prism_ppt_us_30s_20251106.tif)
[OK  ] 2025-11-05 metadata matches remote
[OK  ] 2025-11-05 expanded data present (prism_ppt_us_30s_20251105.tif)
[OK  ] 2025-11-04 metadata matches remote
[OK  ] 2025-11-04 expanded data present (prism_ppt_us_30s_20251104.tif)
[OK  ] 2025-11-03 metadata matches remote
[OK  ] 2025-11-03 expanded data present (prism_ppt_us_30s_20251103.tif)
[OK  ] 2025-11-02 metadata matches remote
[OK  ] 2025-11-02 expanded data present (prism_ppt_us_30s_20251102.tif)
[OK  ] 2025-11-01 metadata matches remote
[OK  ] 2025-11-01 expanded data present (prism_ppt_us_30s_20251101.tif)
[OK  ] 2025-10-31 metadata matches remote
[OK  ] 2025-10-31 expanded data present (prism_ppt_us_30s_20251031.tif)
[OK  ] 2025-10-30 metadata matches remote
[OK  ] 2025-10-30 expanded data present (prism_ppt_us_30s_20251030.tif)
[INFO] Pruning files outside the past window...
[PRUNE] Removed old file → prism_ppt_us_30s_20251029.meta.json
[PRUNE] Removed old folder → prism_ppt_us_30s_20251029
2025-11-29 05:00:14,532 | INFO | Running predict_daily_triple.py
2025-11-29 05:25:45,998 | INFO | Rainfall window: 2025-10-26 → 2025-11-24 (26 files, 4 missing → zero-filled).
Sampling rainfall at 2,452 PRISM grid cells…
Sampling static attributes at grid centers…
Running models…
/Users/wonjunchoi/PycharmProjects/realtime-buncombe/venv/lib/python3.9/site-packages/sklearn/utils/validation.py:2732: UserWarning: X has feature names, but RandomForestClassifier was fitted without feature names
  warnings.warn(
ok: wrote 2,452 rows for 2025-11-28 (rainfall through 2025-11-24)
parquet: /Users/wonjunchoi/PycharmProjects/realtime-buncombe/predictions/historicData/2025/11/predictions_2025-11-28.parquet
geojson: /Users/wonjunchoi/PycharmProjects/realtime-buncombe/predictions/historicData/2025/11/map_2025-11-28.geojson
meta: /Users/wonjunchoi/PycharmProjects/realtime-buncombe/predictions/historicData/2025/11/meta_2025-11-28.json
latest: /Users/wonjunchoi/PycharmProjects/realtime-buncombe/predictions/latest.geojson, /Users/wonjunchoi/PycharmProjects/realtime-buncombe/predictions/latest.json
manifest: /Users/wonjunchoi/PycharmProjects/realtime-buncombe/predictions/index.json
2025-11-29 05:25:46,001 | INFO | Committing and pushing changes
2025-11-29 05:25:46,727 | INFO | [main 354dea7] Auto-update: rainfall & predictions @ 2025-11-29 05:25:46
 7 files changed, 125 insertions(+), 6 deletions(-)
 create mode 100644 predictions/historicData/2025/11/map_2025-11-28.geojson
 create mode 100644 predictions/historicData/2025/11/meta_2025-11-28.json
 create mode 100644 predictions/historicData/2025/11/predictions_2025-11-28.parquet
2025-11-29 05:25:50,415 | INFO | Locking support detected on remote "origin". Consider enabling it with:
  $ git config lfs.https://github.com-buncombe/WonjunChoi1004/realtime-buncombe.git/info/lfs.locksverify true
Uploading LFS objects: 100% (1/1), 81 KB | 0 B/s, done.
To github.com-buncombe:WonjunChoi1004/realtime-buncombe.git
   abe7ac5..354dea7  main -> main
2025-11-29 05:25:50,415 | INFO | Push succeeded.
▶️ Running daily auto-update job...
2025-11-30 05:00:00,478 | INFO | Internet connection detected. Proceeding with update.
2025-11-30 05:00:00,479 | INFO | Running download_prism_daily.py
2025-11-30 05:00:21,253 | INFO | /Users/wonjunchoi/PycharmProjects/realtime-buncombe/venv/lib/python3.9/site-packages/urllib3/__init__.py:35: NotOpenSSLWarning: urllib3 v2 only supports OpenSSL 1.1.1+, currently the 'ssl' module is compiled with 'LibreSSL 2.8.3'. See: https://github.com/urllib3/urllib3/issues/3020
  warnings.warn(
[SKIP] 2025-11-29 not found online.
[SKIP] 2025-11-28 not found online.
[GET ] 2025-11-27 → https://data.prism.oregonstate.edu/time_series/us/an/800m/ppt/daily/2025/prism_ppt_us_30s_20251127.zip
[DONE] Updated ZIP for 2025-11-27
[MISS] 2025-11-27 missing expanded .tif — extracting now.
[UNZIP] Extracted → /Users/wonjunchoi/PycharmProjects/realtime-buncombe/data/rain/prism_ppt_us_30s_20251127
[CLEAN] 2025-11-27 removed ZIP after extraction.
[GET ] 2025-11-26 → https://data.prism.oregonstate.edu/time_series/us/an/800m/ppt/daily/2025/prism_ppt_us_30s_20251126.zip
[DONE] Updated ZIP for 2025-11-26
[MISS] 2025-11-26 missing expanded .tif — extracting now.
[UNZIP] Extracted → /Users/wonjunchoi/PycharmProjects/realtime-buncombe/data/rain/prism_ppt_us_30s_20251126
[CLEAN] 2025-11-26 removed ZIP after extraction.
[GET ] 2025-11-25 → https://data.prism.oregonstate.edu/time_series/us/an/800m/ppt/daily/2025/prism_ppt_us_30s_20251125.zip
[DONE] Updated ZIP for 2025-11-25
[MISS] 2025-11-25 missing expanded .tif — extracting now.
[UNZIP] Extracted → /Users/wonjunchoi/PycharmProjects/realtime-buncombe/data/rain/prism_ppt_us_30s_20251125
[CLEAN] 2025-11-25 removed ZIP after extraction.
[CLEAN] 2025-11-24 removed old expanded folder → prism_ppt_us_30s_20251124
[GET ] 2025-11-24 → https://data.prism.oregonstate.edu/time_series/us/an/800m/ppt/daily/2025/prism_ppt_us_30s_20251124.zip
[DONE] Updated ZIP for 2025-11-24
[MISS] 2025-11-24 missing expanded .tif — extracting now.
[UNZIP] Extracted → /Users/wonjunchoi/PycharmProjects/realtime-buncombe/data/rain/prism_ppt_us_30s_20251124
[CLEAN] 2025-11-24 removed ZIP after extraction.
[OK  ] 2025-11-23 metadata matches remote
[OK  ] 2025-11-23 expanded data present (prism_ppt_us_30s_20251123.tif)
[OK  ] 2025-11-22 metadata matches remote
[OK  ] 2025-11-22 expanded data present (prism_ppt_us_30s_20251122.tif)
[OK  ] 2025-11-21 metadata matches remote
[OK  ] 2025-11-21 expanded data present (prism_ppt_us_30s_20251121.tif)
[OK  ] 2025-11-20 metadata matches remote
[OK  ] 2025-11-20 expanded data present (prism_ppt_us_30s_20251120.tif)
[OK  ] 2025-11-19 metadata matches remote
[OK  ] 2025-11-19 expanded data present (prism_ppt_us_30s_20251119.tif)
[OK  ] 2025-11-18 metadata matches remote
[OK  ] 2025-11-18 expanded data present (prism_ppt_us_30s_20251118.tif)
[OK  ] 2025-11-17 metadata matches remote
[OK  ] 2025-11-17 expanded data present (prism_ppt_us_30s_20251117.tif)
[OK  ] 2025-11-16 metadata matches remote
[OK  ] 2025-11-16 expanded data present (prism_ppt_us_30s_20251116.tif)
[OK  ] 2025-11-15 metadata matches remote
[OK  ] 2025-11-15 expanded data present (prism_ppt_us_30s_20251115.tif)
[OK  ] 2025-11-14 metadata matches remote
[OK  ] 2025-11-14 expanded data present (prism_ppt_us_30s_20251114.tif)
[OK  ] 2025-11-13 metadata matches remote
[OK  ] 2025-11-13 expanded data present (prism_ppt_us_30s_20251113.tif)
[OK  ] 2025-11-12 metadata matches remote
[OK  ] 2025-11-12 expanded data present (prism_ppt_us_30s_20251112.tif)
[OK  ] 2025-11-11 metadata matches remote
[OK  ] 2025-11-11 expanded data present (prism_ppt_us_30s_20251111.tif)
[OK  ] 2025-11-10 metadata matches remote
[OK  ] 2025-11-10 expanded data present (prism_ppt_us_30s_20251110.tif)
[OK  ] 2025-11-09 metadata matches remote
[OK  ] 2025-11-09 expanded data present (prism_ppt_us_30s_20251109.tif)
[OK  ] 2025-11-08 metadata matches remote
[OK  ] 2025-11-08 expanded data present (prism_ppt_us_30s_20251108.tif)
[OK  ] 2025-11-07 metadata matches remote
[OK  ] 2025-11-07 expanded data present (prism_ppt_us_30s_20251107.tif)
[OK  ] 2025-11-06 metadata matches remote
[OK  ] 2025-11-06 expanded data present (prism_ppt_us_30s_20251106.tif)
[OK  ] 2025-11-05 metadata matches remote
[OK  ] 2025-11-05 expanded data present (prism_ppt_us_30s_20251105.tif)
[OK  ] 2025-11-04 metadata matches remote
[OK  ] 2025-11-04 expanded data present (prism_ppt_us_30s_20251104.tif)
[OK  ] 2025-11-03 metadata matches remote
[OK  ] 2025-11-03 expanded data present (prism_ppt_us_30s_20251103.tif)
[OK  ] 2025-11-02 metadata matches remote
[OK  ] 2025-11-02 expanded data present (prism_ppt_us_30s_20251102.tif)
[OK  ] 2025-11-01 metadata matches remote
[OK  ] 2025-11-01 expanded data present (prism_ppt_us_30s_20251101.tif)
[OK  ] 2025-10-31 metadata matches remote
[OK  ] 2025-10-31 expanded data present (prism_ppt_us_30s_20251031.tif)
[INFO] Pruning files outside the past window...
[PRUNE] Removed old file → prism_ppt_us_30s_20251030.meta.json
[PRUNE] Removed old folder → prism_ppt_us_30s_20251030
2025-11-30 05:00:21,253 | INFO | Running predict_daily_triple.py
2025-11-30 05:24:16,961 | INFO | Rainfall window: 2025-10-29 → 2025-11-27 (28 files, 2 missing → zero-filled).
Sampling rainfall at 2,452 PRISM grid cells…
Sampling static attributes at grid centers…
Running models…
/Users/wonjunchoi/PycharmProjects/realtime-buncombe/venv/lib/python3.9/site-packages/sklearn/utils/validation.py:2732: UserWarning: X has feature names, but RandomForestClassifier was fitted without feature names
  warnings.warn(
ok: wrote 2,452 rows for 2025-11-29 (rainfall through 2025-11-27)
parquet: /Users/wonjunchoi/PycharmProjects/realtime-buncombe/predictions/historicData/2025/11/predictions_2025-11-29.parquet
geojson: /Users/wonjunchoi/PycharmProjects/realtime-buncombe/predictions/historicData/2025/11/map_2025-11-29.geojson
meta: /Users/wonjunchoi/PycharmProjects/realtime-buncombe/predictions/historicData/2025/11/meta_2025-11-29.json
latest: /Users/wonjunchoi/PycharmProjects/realtime-buncombe/predictions/latest.geojson, /Users/wonjunchoi/PycharmProjects/realtime-buncombe/predictions/latest.json
manifest: /Users/wonjunchoi/PycharmProjects/realtime-buncombe/predictions/index.json
2025-11-30 05:24:16,964 | INFO | Committing and pushing changes
2025-11-30 05:24:17,657 | INFO | [main 482fbac] Auto-update: rainfall & predictions @ 2025-11-30 05:24:17
 7 files changed, 137 insertions(+), 7 deletions(-)
 create mode 100644 predictions/historicData/2025/11/map_2025-11-29.geojson
 create mode 100644 predictions/historicData/2025/11/meta_2025-11-29.json
 create mode 100644 predictions/historicData/2025/11/predictions_2025-11-29.parquet
2025-11-30 05:24:21,265 | INFO | Locking support detected on remote "origin". Consider enabling it with:
  $ git config lfs.https://github.com-buncombe/WonjunChoi1004/realtime-buncombe.git/info/lfs.locksverify true
Uploading LFS objects: 100% (1/1), 97 KB | 0 B/s, done.
To github.com-buncombe:WonjunChoi1004/realtime-buncombe.git
   354dea7..482fbac  main -> main
2025-11-30 05:24:21,266 | INFO | Push succeeded.
▶️ Running daily auto-update job...
2025-12-01 05:00:00,661 | INFO | Internet connection detected. Proceeding with update.
2025-12-01 05:00:00,661 | INFO | Running download_prism_daily.py
2025-12-01 05:00:15,667 | INFO | /Users/wonjunchoi/PycharmProjects/realtime-buncombe/venv/lib/python3.9/site-packages/urllib3/__init__.py:35: NotOpenSSLWarning: urllib3 v2 only supports OpenSSL 1.1.1+, currently the 'ssl' module is compiled with 'LibreSSL 2.8.3'. See: https://github.com/urllib3/urllib3/issues/3020
  warnings.warn(
[SKIP] 2025-11-30 not found online.
[SKIP] 2025-11-29 not found online.
[GET ] 2025-11-28 → https://data.prism.oregonstate.edu/time_series/us/an/800m/ppt/daily/2025/prism_ppt_us_30s_20251128.zip
[DONE] Updated ZIP for 2025-11-28
[MISS] 2025-11-28 missing expanded .tif — extracting now.
[UNZIP] Extracted → /Users/wonjunchoi/PycharmProjects/realtime-buncombe/data/rain/prism_ppt_us_30s_20251128
[CLEAN] 2025-11-28 removed ZIP after extraction.
[OK  ] 2025-11-27 metadata matches remote
[OK  ] 2025-11-27 expanded data present (prism_ppt_us_30s_20251127.tif)
[OK  ] 2025-11-26 metadata matches remote
[OK  ] 2025-11-26 expanded data present (prism_ppt_us_30s_20251126.tif)
[CLEAN] 2025-11-25 removed old expanded folder → prism_ppt_us_30s_20251125
[GET ] 2025-11-25 → https://data.prism.oregonstate.edu/time_series/us/an/800m/ppt/daily/2025/prism_ppt_us_30s_20251125.zip
[DONE] Updated ZIP for 2025-11-25
[MISS] 2025-11-25 missing expanded .tif — extracting now.
[UNZIP] Extracted → /Users/wonjunchoi/PycharmProjects/realtime-buncombe/data/rain/prism_ppt_us_30s_20251125
[CLEAN] 2025-11-25 removed ZIP after extraction.
[OK  ] 2025-11-24 metadata matches remote
[OK  ] 2025-11-24 expanded data present (prism_ppt_us_30s_20251124.tif)
[OK  ] 2025-11-23 metadata matches remote
[OK  ] 2025-11-23 expanded data present (prism_ppt_us_30s_20251123.tif)
[OK  ] 2025-11-22 metadata matches remote
[OK  ] 2025-11-22 expanded data present (prism_ppt_us_30s_20251122.tif)
[OK  ] 2025-11-21 metadata matches remote
[OK  ] 2025-11-21 expanded data present (prism_ppt_us_30s_20251121.tif)
[OK  ] 2025-11-20 metadata matches remote
[OK  ] 2025-11-20 expanded data present (prism_ppt_us_30s_20251120.tif)
[OK  ] 2025-11-19 metadata matches remote
[OK  ] 2025-11-19 expanded data present (prism_ppt_us_30s_20251119.tif)
[OK  ] 2025-11-18 metadata matches remote
[OK  ] 2025-11-18 expanded data present (prism_ppt_us_30s_20251118.tif)
[OK  ] 2025-11-17 metadata matches remote
[OK  ] 2025-11-17 expanded data present (prism_ppt_us_30s_20251117.tif)
[OK  ] 2025-11-16 metadata matches remote
[OK  ] 2025-11-16 expanded data present (prism_ppt_us_30s_20251116.tif)
[OK  ] 2025-11-15 metadata matches remote
[OK  ] 2025-11-15 expanded data present (prism_ppt_us_30s_20251115.tif)
[OK  ] 2025-11-14 metadata matches remote
[OK  ] 2025-11-14 expanded data present (prism_ppt_us_30s_20251114.tif)
[OK  ] 2025-11-13 metadata matches remote
[OK  ] 2025-11-13 expanded data present (prism_ppt_us_30s_20251113.tif)
[OK  ] 2025-11-12 metadata matches remote
[OK  ] 2025-11-12 expanded data present (prism_ppt_us_30s_20251112.tif)
[OK  ] 2025-11-11 metadata matches remote
[OK  ] 2025-11-11 expanded data present (prism_ppt_us_30s_20251111.tif)
[OK  ] 2025-11-10 metadata matches remote
[OK  ] 2025-11-10 expanded data present (prism_ppt_us_30s_20251110.tif)
[OK  ] 2025-11-09 metadata matches remote
[OK  ] 2025-11-09 expanded data present (prism_ppt_us_30s_20251109.tif)
[OK  ] 2025-11-08 metadata matches remote
[OK  ] 2025-11-08 expanded data present (prism_ppt_us_30s_20251108.tif)
[OK  ] 2025-11-07 metadata matches remote
[OK  ] 2025-11-07 expanded data present (prism_ppt_us_30s_20251107.tif)
[OK  ] 2025-11-06 metadata matches remote
[OK  ] 2025-11-06 expanded data present (prism_ppt_us_30s_20251106.tif)
[OK  ] 2025-11-05 metadata matches remote
[OK  ] 2025-11-05 expanded data present (prism_ppt_us_30s_20251105.tif)
[OK  ] 2025-11-04 metadata matches remote
[OK  ] 2025-11-04 expanded data present (prism_ppt_us_30s_20251104.tif)
[OK  ] 2025-11-03 metadata matches remote
[OK  ] 2025-11-03 expanded data present (prism_ppt_us_30s_20251103.tif)
[OK  ] 2025-11-02 metadata matches remote
[OK  ] 2025-11-02 expanded data present (prism_ppt_us_30s_20251102.tif)
[OK  ] 2025-11-01 metadata matches remote
[OK  ] 2025-11-01 expanded data present (prism_ppt_us_30s_20251101.tif)
[INFO] Pruning files outside the past window...
[PRUNE] Removed old folder → prism_ppt_us_30s_20251031
[PRUNE] Removed old file → prism_ppt_us_30s_20251031.meta.json
2025-12-01 05:00:15,668 | INFO | Running predict_daily_triple.py
2025-12-01 05:24:48,547 | INFO | Rainfall window: 2025-10-30 → 2025-11-28 (28 files, 2 missing → zero-filled).
Sampling rainfall at 2,452 PRISM grid cells…
Sampling static attributes at grid centers…
Running models…
/Users/wonjunchoi/PycharmProjects/realtime-buncombe/venv/lib/python3.9/site-packages/sklearn/utils/validation.py:2732: UserWarning: X has feature names, but RandomForestClassifier was fitted without feature names
  warnings.warn(
ok: wrote 2,452 rows for 2025-11-30 (rainfall through 2025-11-28)
parquet: /Users/wonjunchoi/PycharmProjects/realtime-buncombe/predictions/historicData/2025/11/predictions_2025-11-30.parquet
geojson: /Users/wonjunchoi/PycharmProjects/realtime-buncombe/predictions/historicData/2025/11/map_2025-11-30.geojson
meta: /Users/wonjunchoi/PycharmProjects/realtime-buncombe/predictions/historicData/2025/11/meta_2025-11-30.json
latest: /Users/wonjunchoi/PycharmProjects/realtime-buncombe/predictions/latest.geojson, /Users/wonjunchoi/PycharmProjects/realtime-buncombe/predictions/latest.json
manifest: /Users/wonjunchoi/PycharmProjects/realtime-buncombe/predictions/index.json
2025-12-01 05:24:48,551 | INFO | Committing and pushing changes
2025-12-01 05:24:49,192 | INFO | [main 3dc23da] Auto-update: rainfall & predictions @ 2025-12-01 05:24:48
 7 files changed, 131 insertions(+), 7 deletions(-)
 create mode 100644 predictions/historicData/2025/11/map_2025-11-30.geojson
 create mode 100644 predictions/historicData/2025/11/meta_2025-11-30.json
 create mode 100644 predictions/historicData/2025/11/predictions_2025-11-30.parquet
2025-12-01 05:24:53,221 | INFO | Locking support detected on remote "origin". Consider enabling it with:
  $ git config lfs.https://github.com-buncombe/WonjunChoi1004/realtime-buncombe.git/info/lfs.locksverify true
Uploading LFS objects: 100% (1/1), 95 KB | 0 B/s, done.
To github.com-buncombe:WonjunChoi1004/realtime-buncombe.git
   482fbac..3dc23da  main -> main
2025-12-01 05:24:53,221 | INFO | Push succeeded.
▶️ Running daily auto-update job...
✅ Already ran today, skipping.
2025-12-02 12:03:09,159 | WARNING | No internet connection — delaying run. Retrying in 15 minutes...
2025-12-02 12:23:02,283 | WARNING | No internet connection — delaying run. Retrying in 15 minutes...
2025-12-02 12:38:49,061 | INFO | Internet connection detected. Proceeding with update.
2025-12-02 12:38:49,063 | INFO | Running download_prism_daily.py
2025-12-02 12:40:02,655 | INFO | /Users/wonjunchoi/PycharmProjects/realtime-buncombe/venv/lib/python3.9/site-packages/urllib3/__init__.py:35: NotOpenSSLWarning: urllib3 v2 only supports OpenSSL 1.1.1+, currently the 'ssl' module is compiled with 'LibreSSL 2.8.3'. See: https://github.com/urllib3/urllib3/issues/3020
  warnings.warn(
[GET ] 2025-12-01 → https://data.prism.oregonstate.edu/time_series/us/an/800m/ppt/daily/2025/prism_ppt_us_30s_20251201.zip
[DONE] Updated ZIP for 2025-12-01
[MISS] 2025-12-01 missing expanded .tif — extracting now.
[UNZIP] Extracted → /Users/wonjunchoi/PycharmProjects/realtime-buncombe/data/rain/prism_ppt_us_30s_20251201
[CLEAN] 2025-12-01 removed ZIP after extraction.
[GET ] 2025-11-30 → https://data.prism.oregonstate.edu/time_series/us/an/800m/ppt/daily/2025/prism_ppt_us_30s_20251130.zip
[DONE] Updated ZIP for 2025-11-30
[MISS] 2025-11-30 missing expanded .tif — extracting now.
[UNZIP] Extracted → /Users/wonjunchoi/PycharmProjects/realtime-buncombe/data/rain/prism_ppt_us_30s_20251130
[CLEAN] 2025-11-30 removed ZIP after extraction.
[GET ] 2025-11-29 → https://data.prism.oregonstate.edu/time_series/us/an/800m/ppt/daily/2025/prism_ppt_us_30s_20251129.zip
[DONE] Updated ZIP for 2025-11-29
[MISS] 2025-11-29 missing expanded .tif — extracting now.
[UNZIP] Extracted → /Users/wonjunchoi/PycharmProjects/realtime-buncombe/data/rain/prism_ppt_us_30s_20251129
[CLEAN] 2025-11-29 removed ZIP after extraction.
[OK  ] 2025-11-28 metadata matches remote
[OK  ] 2025-11-28 expanded data present (prism_ppt_us_30s_20251128.tif)
[CLEAN] 2025-11-27 removed old expanded folder → prism_ppt_us_30s_20251127
[GET ] 2025-11-27 → https://data.prism.oregonstate.edu/time_series/us/an/800m/ppt/daily/2025/prism_ppt_us_30s_20251127.zip
[DONE] Updated ZIP for 2025-11-27
[MISS] 2025-11-27 missing expanded .tif — extracting now.
[UNZIP] Extracted → /Users/wonjunchoi/PycharmProjects/realtime-buncombe/data/rain/prism_ppt_us_30s_20251127
[CLEAN] 2025-11-27 removed ZIP after extraction.
[CLEAN] 2025-11-26 removed old expanded folder → prism_ppt_us_30s_20251126
[GET ] 2025-11-26 → https://data.prism.oregonstate.edu/time_series/us/an/800m/ppt/daily/2025/prism_ppt_us_30s_20251126.zip
[DONE] Updated ZIP for 2025-11-26
[MISS] 2025-11-26 missing expanded .tif — extracting now.
[UNZIP] Extracted → /Users/wonjunchoi/PycharmProjects/realtime-buncombe/data/rain/prism_ppt_us_30s_20251126
[CLEAN] 2025-11-26 removed ZIP after extraction.
[OK  ] 2025-11-25 metadata matches remote
[OK  ] 2025-11-25 expanded data present (prism_ppt_us_30s_20251125.tif)
[OK  ] 2025-11-24 metadata matches remote
[OK  ] 2025-11-24 expanded data present (prism_ppt_us_30s_20251124.tif)
[OK  ] 2025-11-23 metadata matches remote
[OK  ] 2025-11-23 expanded data present (prism_ppt_us_30s_20251123.tif)
[OK  ] 2025-11-22 metadata matches remote
[OK  ] 2025-11-22 expanded data present (prism_ppt_us_30s_20251122.tif)
[OK  ] 2025-11-21 metadata matches remote
[OK  ] 2025-11-21 expanded data present (prism_ppt_us_30s_20251121.tif)
[OK  ] 2025-11-20 metadata matches remote
[OK  ] 2025-11-20 expanded data present (prism_ppt_us_30s_20251120.tif)
[OK  ] 2025-11-19 metadata matches remote
[OK  ] 2025-11-19 expanded data present (prism_ppt_us_30s_20251119.tif)
[OK  ] 2025-11-18 metadata matches remote
[OK  ] 2025-11-18 expanded data present (prism_ppt_us_30s_20251118.tif)
[OK  ] 2025-11-17 metadata matches remote
[OK  ] 2025-11-17 expanded data present (prism_ppt_us_30s_20251117.tif)
[OK  ] 2025-11-16 metadata matches remote
[OK  ] 2025-11-16 expanded data present (prism_ppt_us_30s_20251116.tif)
[OK  ] 2025-11-15 metadata matches remote
[OK  ] 2025-11-15 expanded data present (prism_ppt_us_30s_20251115.tif)
[OK  ] 2025-11-14 metadata matches remote
[OK  ] 2025-11-14 expanded data present (prism_ppt_us_30s_20251114.tif)
[OK  ] 2025-11-13 metadata matches remote
[OK  ] 2025-11-13 expanded data present (prism_ppt_us_30s_20251113.tif)
[OK  ] 2025-11-12 metadata matches remote
[OK  ] 2025-11-12 expanded data present (prism_ppt_us_30s_20251112.tif)
[OK  ] 2025-11-11 metadata matches remote
[OK  ] 2025-11-11 expanded data present (prism_ppt_us_30s_20251111.tif)
[OK  ] 2025-11-10 metadata matches remote
[OK  ] 2025-11-10 expanded data present (prism_ppt_us_30s_20251110.tif)
[OK  ] 2025-11-09 metadata matches remote
[OK  ] 2025-11-09 expanded data present (prism_ppt_us_30s_20251109.tif)
[OK  ] 2025-11-08 metadata matches remote
[OK  ] 2025-11-08 expanded data present (prism_ppt_us_30s_20251108.tif)
[OK  ] 2025-11-07 metadata matches remote
[OK  ] 2025-11-07 expanded data present (prism_ppt_us_30s_20251107.tif)
[OK  ] 2025-11-06 metadata matches remote
[OK  ] 2025-11-06 expanded data present (prism_ppt_us_30s_20251106.tif)
[OK  ] 2025-11-05 metadata matches remote
[OK  ] 2025-11-05 expanded data present (prism_ppt_us_30s_20251105.tif)
[OK  ] 2025-11-04 metadata matches remote
[OK  ] 2025-11-04 expanded data present (prism_ppt_us_30s_20251104.tif)
[OK  ] 2025-11-03 metadata matches remote
[OK  ] 2025-11-03 expanded data present (prism_ppt_us_30s_20251103.tif)
[OK  ] 2025-11-02 metadata matches remote
[OK  ] 2025-11-02 expanded data present (prism_ppt_us_30s_20251102.tif)
[INFO] Pruning files outside the past window...
[PRUNE] Removed old file → prism_ppt_us_30s_20251101.meta.json
[PRUNE] Removed old folder → prism_ppt_us_30s_20251101
2025-12-02 12:40:02,656 | INFO | Running predict_daily_triple.py
2025-12-02 13:02:35,291 | INFO | Rainfall window: 2025-11-02 → 2025-12-01 (30 files, 0 missing → zero-filled).
Sampling rainfall at 2,452 PRISM grid cells…
Sampling static attributes at grid centers…
Running models…
/Users/wonjunchoi/PycharmProjects/realtime-buncombe/venv/lib/python3.9/site-packages/sklearn/utils/validation.py:2732: UserWarning: X has feature names, but RandomForestClassifier was fitted without feature names
  warnings.warn(
ok: wrote 2,452 rows for 2025-12-01 (rainfall through 2025-12-01)
parquet: /Users/wonjunchoi/PycharmProjects/realtime-buncombe/predictions/historicData/2025/12/predictions_2025-12-01.parquet
geojson: /Users/wonjunchoi/PycharmProjects/realtime-buncombe/predictions/historicData/2025/12/map_2025-12-01.geojson
meta: /Users/wonjunchoi/PycharmProjects/realtime-buncombe/predictions/historicData/2025/12/meta_2025-12-01.json
latest: /Users/wonjunchoi/PycharmProjects/realtime-buncombe/predictions/latest.geojson, /Users/wonjunchoi/PycharmProjects/realtime-buncombe/predictions/latest.json
manifest: /Users/wonjunchoi/PycharmProjects/realtime-buncombe/predictions/index.json
2025-12-02 13:02:35,292 | INFO | Committing and pushing changes
2025-12-02 13:02:35,884 | INFO | [main d562223] Auto-update: rainfall & predictions @ 2025-12-02 13:02:35
 7 files changed, 146 insertions(+), 7 deletions(-)
 create mode 100644 predictions/historicData/2025/12/map_2025-12-01.geojson
 create mode 100644 predictions/historicData/2025/12/meta_2025-12-01.json
 create mode 100644 predictions/historicData/2025/12/predictions_2025-12-01.parquet
2025-12-02 13:02:40,616 | INFO | Locking support detected on remote "origin". Consider enabling it with:
  $ git config lfs.https://github.com-buncombe/WonjunChoi1004/realtime-buncombe.git/info/lfs.locksverify true
Uploading LFS objects: 100% (1/1), 94 KB | 0 B/s, done.
To github.com-buncombe:WonjunChoi1004/realtime-buncombe.git
   3dc23da..d562223  main -> main
2025-12-02 13:02:40,617 | INFO | Push succeeded.
▶️ Running daily auto-update job...
✅ Already ran today, skipping.
✅ Already ran today, skipping.
✅ Already ran today, skipping.
2025-12-03 11:55:22,737 | WARNING | No internet connection — delaying run. Retrying in 15 minutes...
2025-12-03 13:55:14,590 | INFO | Internet connection detected. Proceeding with update.
2025-12-03 13:55:14,594 | INFO | Running download_prism_daily.py
2025-12-03 13:56:09,682 | INFO | /Users/wonjunchoi/PycharmProjects/realtime-buncombe/venv/lib/python3.9/site-packages/urllib3/__init__.py:35: NotOpenSSLWarning: urllib3 v2 only supports OpenSSL 1.1.1+, currently the 'ssl' module is compiled with 'LibreSSL 2.8.3'. See: https://github.com/urllib3/urllib3/issues/3020
  warnings.warn(
[GET ] 2025-12-02 → https://data.prism.oregonstate.edu/time_series/us/an/800m/ppt/daily/2025/prism_ppt_us_30s_20251202.zip
[DONE] Updated ZIP for 2025-12-02
[MISS] 2025-12-02 missing expanded .tif — extracting now.
[UNZIP] Extracted → /Users/wonjunchoi/PycharmProjects/realtime-buncombe/data/rain/prism_ppt_us_30s_20251202
[CLEAN] 2025-12-02 removed ZIP after extraction.
[CLEAN] 2025-12-01 removed old expanded folder → prism_ppt_us_30s_20251201
[GET ] 2025-12-01 → https://data.prism.oregonstate.edu/time_series/us/an/800m/ppt/daily/2025/prism_ppt_us_30s_20251201.zip
[DONE] Updated ZIP for 2025-12-01
[MISS] 2025-12-01 missing expanded .tif — extracting now.
[UNZIP] Extracted → /Users/wonjunchoi/PycharmProjects/realtime-buncombe/data/rain/prism_ppt_us_30s_20251201
[CLEAN] 2025-12-01 removed ZIP after extraction.
[OK  ] 2025-11-30 metadata matches remote
[OK  ] 2025-11-30 expanded data present (prism_ppt_us_30s_20251130.tif)
[OK  ] 2025-11-29 metadata matches remote
[OK  ] 2025-11-29 expanded data present (prism_ppt_us_30s_20251129.tif)
[CLEAN] 2025-11-28 removed old expanded folder → prism_ppt_us_30s_20251128
[GET ] 2025-11-28 → https://data.prism.oregonstate.edu/time_series/us/an/800m/ppt/daily/2025/prism_ppt_us_30s_20251128.zip
[DONE] Updated ZIP for 2025-11-28
[MISS] 2025-11-28 missing expanded .tif — extracting now.
[UNZIP] Extracted → /Users/wonjunchoi/PycharmProjects/realtime-buncombe/data/rain/prism_ppt_us_30s_20251128
[CLEAN] 2025-11-28 removed ZIP after extraction.
[OK  ] 2025-11-27 metadata matches remote
[OK  ] 2025-11-27 expanded data present (prism_ppt_us_30s_20251127.tif)
[OK  ] 2025-11-26 metadata matches remote
[OK  ] 2025-11-26 expanded data present (prism_ppt_us_30s_20251126.tif)
[OK  ] 2025-11-25 metadata matches remote
[OK  ] 2025-11-25 expanded data present (prism_ppt_us_30s_20251125.tif)
[OK  ] 2025-11-24 metadata matches remote
[OK  ] 2025-11-24 expanded data present (prism_ppt_us_30s_20251124.tif)
[OK  ] 2025-11-23 metadata matches remote
[OK  ] 2025-11-23 expanded data present (prism_ppt_us_30s_20251123.tif)
[OK  ] 2025-11-22 metadata matches remote
[OK  ] 2025-11-22 expanded data present (prism_ppt_us_30s_20251122.tif)
[OK  ] 2025-11-21 metadata matches remote
[OK  ] 2025-11-21 expanded data present (prism_ppt_us_30s_20251121.tif)
[OK  ] 2025-11-20 metadata matches remote
[OK  ] 2025-11-20 expanded data present (prism_ppt_us_30s_20251120.tif)
[OK  ] 2025-11-19 metadata matches remote
[OK  ] 2025-11-19 expanded data present (prism_ppt_us_30s_20251119.tif)
[OK  ] 2025-11-18 metadata matches remote
[OK  ] 2025-11-18 expanded data present (prism_ppt_us_30s_20251118.tif)
[OK  ] 2025-11-17 metadata matches remote
[OK  ] 2025-11-17 expanded data present (prism_ppt_us_30s_20251117.tif)
[OK  ] 2025-11-16 metadata matches remote
[OK  ] 2025-11-16 expanded data present (prism_ppt_us_30s_20251116.tif)
[OK  ] 2025-11-15 metadata matches remote
[OK  ] 2025-11-15 expanded data present (prism_ppt_us_30s_20251115.tif)
[OK  ] 2025-11-14 metadata matches remote
[OK  ] 2025-11-14 expanded data present (prism_ppt_us_30s_20251114.tif)
[OK  ] 2025-11-13 metadata matches remote
[OK  ] 2025-11-13 expanded data present (prism_ppt_us_30s_20251113.tif)
[OK  ] 2025-11-12 metadata matches remote
[OK  ] 2025-11-12 expanded data present (prism_ppt_us_30s_20251112.tif)
[OK  ] 2025-11-11 metadata matches remote
[OK  ] 2025-11-11 expanded data present (prism_ppt_us_30s_20251111.tif)
[OK  ] 2025-11-10 metadata matches remote
[OK  ] 2025-11-10 expanded data present (prism_ppt_us_30s_20251110.tif)
[OK  ] 2025-11-09 metadata matches remote
[OK  ] 2025-11-09 expanded data present (prism_ppt_us_30s_20251109.tif)
[OK  ] 2025-11-08 metadata matches remote
[OK  ] 2025-11-08 expanded data present (prism_ppt_us_30s_20251108.tif)
[OK  ] 2025-11-07 metadata matches remote
[OK  ] 2025-11-07 expanded data present (prism_ppt_us_30s_20251107.tif)
[OK  ] 2025-11-06 metadata matches remote
[OK  ] 2025-11-06 expanded data present (prism_ppt_us_30s_20251106.tif)
[OK  ] 2025-11-05 metadata matches remote
[OK  ] 2025-11-05 expanded data present (prism_ppt_us_30s_20251105.tif)
[OK  ] 2025-11-04 metadata matches remote
[OK  ] 2025-11-04 expanded data present (prism_ppt_us_30s_20251104.tif)
[OK  ] 2025-11-03 metadata matches remote
[OK  ] 2025-11-03 expanded data present (prism_ppt_us_30s_20251103.tif)
[INFO] Pruning files outside the past window...
[PRUNE] Removed old folder → prism_ppt_us_30s_20251102
[PRUNE] Removed old file → prism_ppt_us_30s_20251102.meta.json
2025-12-03 13:56:09,683 | INFO | Running predict_daily_triple.py
2025-12-03 15:59:16,639 | INFO | Rainfall window: 2025-11-03 → 2025-12-02 (30 files, 0 missing → zero-filled).
Sampling rainfall at 2,452 PRISM grid cells…
Sampling static attributes at grid centers…
Running models…
/Users/wonjunchoi/PycharmProjects/realtime-buncombe/venv/lib/python3.9/site-packages/sklearn/utils/validation.py:2732: UserWarning: X has feature names, but RandomForestClassifier was fitted without feature names
  warnings.warn(
ok: wrote 2,452 rows for 2025-12-02 (rainfall through 2025-12-02)
parquet: /Users/wonjunchoi/PycharmProjects/realtime-buncombe/predictions/historicData/2025/12/predictions_2025-12-02.parquet
geojson: /Users/wonjunchoi/PycharmProjects/realtime-buncombe/predictions/historicData/2025/12/map_2025-12-02.geojson
meta: /Users/wonjunchoi/PycharmProjects/realtime-buncombe/predictions/historicData/2025/12/meta_2025-12-02.json
latest: /Users/wonjunchoi/PycharmProjects/realtime-buncombe/predictions/latest.geojson, /Users/wonjunchoi/PycharmProjects/realtime-buncombe/predictions/latest.json
manifest: /Users/wonjunchoi/PycharmProjects/realtime-buncombe/predictions/index.json
2025-12-03 15:59:16,641 | INFO | Committing and pushing changes
2025-12-03 15:59:17,259 | INFO | [main 6e80312] Auto-update: rainfall & predictions @ 2025-12-03 15:59:16
 7 files changed, 141 insertions(+), 7 deletions(-)
 create mode 100644 predictions/historicData/2025/12/map_2025-12-02.geojson
 create mode 100644 predictions/historicData/2025/12/meta_2025-12-02.json
 create mode 100644 predictions/historicData/2025/12/predictions_2025-12-02.parquet
2025-12-03 15:59:21,765 | INFO | Locking support detected on remote "origin". Consider enabling it with:
  $ git config lfs.https://github.com-buncombe/WonjunChoi1004/realtime-buncombe.git/info/lfs.locksverify true
Uploading LFS objects: 100% (1/1), 108 KB | 0 B/s, done.
To github.com-buncombe:WonjunChoi1004/realtime-buncombe.git
   d562223..6e80312  main -> main
2025-12-03 15:59:21,766 | INFO | Push succeeded.
▶️ Running daily auto-update job...
2025-12-04 10:15:57,873 | WARNING | No internet connection — delaying run. Retrying in 15 minutes...
2025-12-04 10:39:21,289 | INFO | Internet connection detected. Proceeding with update.
2025-12-04 10:39:21,297 | INFO | Running download_prism_daily.py
2025-12-04 10:39:48,395 | INFO | /Users/wonjunchoi/PycharmProjects/realtime-buncombe/venv/lib/python3.9/site-packages/urllib3/__init__.py:35: NotOpenSSLWarning: urllib3 v2 only supports OpenSSL 1.1.1+, currently the 'ssl' module is compiled with 'LibreSSL 2.8.3'. See: https://github.com/urllib3/urllib3/issues/3020
  warnings.warn(
[GET ] 2025-12-03 → https://data.prism.oregonstate.edu/time_series/us/an/800m/ppt/daily/2025/prism_ppt_us_30s_20251203.zip
[DONE] Updated ZIP for 2025-12-03
[MISS] 2025-12-03 missing expanded .tif — extracting now.
[UNZIP] Extracted → /Users/wonjunchoi/PycharmProjects/realtime-buncombe/data/rain/prism_ppt_us_30s_20251203
[CLEAN] 2025-12-03 removed ZIP after extraction.
[CLEAN] 2025-12-02 removed old expanded folder → prism_ppt_us_30s_20251202
[GET ] 2025-12-02 → https://data.prism.oregonstate.edu/time_series/us/an/800m/ppt/daily/2025/prism_ppt_us_30s_20251202.zip
[DONE] Updated ZIP for 2025-12-02
[MISS] 2025-12-02 missing expanded .tif — extracting now.
[UNZIP] Extracted → /Users/wonjunchoi/PycharmProjects/realtime-buncombe/data/rain/prism_ppt_us_30s_20251202
[CLEAN] 2025-12-02 removed ZIP after extraction.
[OK  ] 2025-12-01 metadata matches remote
[OK  ] 2025-12-01 expanded data present (prism_ppt_us_30s_20251201.tif)
[OK  ] 2025-11-30 metadata matches remote
[OK  ] 2025-11-30 expanded data present (prism_ppt_us_30s_20251130.tif)
[CLEAN] 2025-11-29 removed old expanded folder → prism_ppt_us_30s_20251129
[GET ] 2025-11-29 → https://data.prism.oregonstate.edu/time_series/us/an/800m/ppt/daily/2025/prism_ppt_us_30s_20251129.zip
[DONE] Updated ZIP for 2025-11-29
[MISS] 2025-11-29 missing expanded .tif — extracting now.
[UNZIP] Extracted → /Users/wonjunchoi/PycharmProjects/realtime-buncombe/data/rain/prism_ppt_us_30s_20251129
[CLEAN] 2025-11-29 removed ZIP after extraction.
[OK  ] 2025-11-28 metadata matches remote
[OK  ] 2025-11-28 expanded data present (prism_ppt_us_30s_20251128.tif)
[OK  ] 2025-11-27 metadata matches remote
[OK  ] 2025-11-27 expanded data present (prism_ppt_us_30s_20251127.tif)
[OK  ] 2025-11-26 metadata matches remote
[OK  ] 2025-11-26 expanded data present (prism_ppt_us_30s_20251126.tif)
[OK  ] 2025-11-25 metadata matches remote
[OK  ] 2025-11-25 expanded data present (prism_ppt_us_30s_20251125.tif)
[OK  ] 2025-11-24 metadata matches remote
[OK  ] 2025-11-24 expanded data present (prism_ppt_us_30s_20251124.tif)
[OK  ] 2025-11-23 metadata matches remote
[OK  ] 2025-11-23 expanded data present (prism_ppt_us_30s_20251123.tif)
[OK  ] 2025-11-22 metadata matches remote
[OK  ] 2025-11-22 expanded data present (prism_ppt_us_30s_20251122.tif)
[OK  ] 2025-11-21 metadata matches remote
[OK  ] 2025-11-21 expanded data present (prism_ppt_us_30s_20251121.tif)
[OK  ] 2025-11-20 metadata matches remote
[OK  ] 2025-11-20 expanded data present (prism_ppt_us_30s_20251120.tif)
[OK  ] 2025-11-19 metadata matches remote
[OK  ] 2025-11-19 expanded data present (prism_ppt_us_30s_20251119.tif)
[OK  ] 2025-11-18 metadata matches remote
[OK  ] 2025-11-18 expanded data present (prism_ppt_us_30s_20251118.tif)
[OK  ] 2025-11-17 metadata matches remote
[OK  ] 2025-11-17 expanded data present (prism_ppt_us_30s_20251117.tif)
[OK  ] 2025-11-16 metadata matches remote
[OK  ] 2025-11-16 expanded data present (prism_ppt_us_30s_20251116.tif)
[OK  ] 2025-11-15 metadata matches remote
[OK  ] 2025-11-15 expanded data present (prism_ppt_us_30s_20251115.tif)
[OK  ] 2025-11-14 metadata matches remote
[OK  ] 2025-11-14 expanded data present (prism_ppt_us_30s_20251114.tif)
[OK  ] 2025-11-13 metadata matches remote
[OK  ] 2025-11-13 expanded data present (prism_ppt_us_30s_20251113.tif)
[OK  ] 2025-11-12 metadata matches remote
[OK  ] 2025-11-12 expanded data present (prism_ppt_us_30s_20251112.tif)
[OK  ] 2025-11-11 metadata matches remote
[OK  ] 2025-11-11 expanded data present (prism_ppt_us_30s_20251111.tif)
[OK  ] 2025-11-10 metadata matches remote
[OK  ] 2025-11-10 expanded data present (prism_ppt_us_30s_20251110.tif)
[OK  ] 2025-11-09 metadata matches remote
[OK  ] 2025-11-09 expanded data present (prism_ppt_us_30s_20251109.tif)
[OK  ] 2025-11-08 metadata matches remote
[OK  ] 2025-11-08 expanded data present (prism_ppt_us_30s_20251108.tif)
[OK  ] 2025-11-07 metadata matches remote
[OK  ] 2025-11-07 expanded data present (prism_ppt_us_30s_20251107.tif)
[OK  ] 2025-11-06 metadata matches remote
[OK  ] 2025-11-06 expanded data present (prism_ppt_us_30s_20251106.tif)
[OK  ] 2025-11-05 metadata matches remote
[OK  ] 2025-11-05 expanded data present (prism_ppt_us_30s_20251105.tif)
[OK  ] 2025-11-04 metadata matches remote
[OK  ] 2025-11-04 expanded data present (prism_ppt_us_30s_20251104.tif)
[INFO] Pruning files outside the past window...
[PRUNE] Removed old folder → prism_ppt_us_30s_20251103
[PRUNE] Removed old file → prism_ppt_us_30s_20251103.meta.json
2025-12-04 10:39:48,396 | INFO | Running predict_daily_triple.py
2025-12-04 11:56:57,059 | INFO | Rainfall window: 2025-11-04 → 2025-12-03 (30 files, 0 missing → zero-filled).
Sampling rainfall at 2,452 PRISM grid cells…
Sampling static attributes at grid centers…
Running models…
/Users/wonjunchoi/PycharmProjects/realtime-buncombe/venv/lib/python3.9/site-packages/sklearn/utils/validation.py:2732: UserWarning: X has feature names, but RandomForestClassifier was fitted without feature names
  warnings.warn(
ok: wrote 2,452 rows for 2025-12-03 (rainfall through 2025-12-03)
parquet: /Users/wonjunchoi/PycharmProjects/realtime-buncombe/predictions/historicData/2025/12/predictions_2025-12-03.parquet
geojson: /Users/wonjunchoi/PycharmProjects/realtime-buncombe/predictions/historicData/2025/12/map_2025-12-03.geojson
meta: /Users/wonjunchoi/PycharmProjects/realtime-buncombe/predictions/historicData/2025/12/meta_2025-12-03.json
latest: /Users/wonjunchoi/PycharmProjects/realtime-buncombe/predictions/latest.geojson, /Users/wonjunchoi/PycharmProjects/realtime-buncombe/predictions/latest.json
manifest: /Users/wonjunchoi/PycharmProjects/realtime-buncombe/predictions/index.json
2025-12-04 11:56:57,061 | INFO | Committing and pushing changes
2025-12-04 11:56:57,922 | INFO | [main 066bc42] Auto-update: rainfall & predictions @ 2025-12-04 11:56:57
 7 files changed, 138 insertions(+), 7 deletions(-)
 create mode 100644 predictions/historicData/2025/12/map_2025-12-03.geojson
 create mode 100644 predictions/historicData/2025/12/meta_2025-12-03.json
 create mode 100644 predictions/historicData/2025/12/predictions_2025-12-03.parquet
2025-12-04 11:57:04,502 | INFO | Locking support detected on remote "origin". Consider enabling it with:
  $ git config lfs.https://github.com-buncombe/WonjunChoi1004/realtime-buncombe.git/info/lfs.locksverify true
Uploading LFS objects: 100% (1/1), 105 KB | 0 B/s, done.
To github.com-buncombe:WonjunChoi1004/realtime-buncombe.git
   6e80312..066bc42  main -> main
2025-12-04 11:57:04,503 | INFO | Push succeeded.
▶️ Running daily auto-update job...
✅ Already ran today, skipping.
✅ Already ran today, skipping.
2025-12-05 05:45:43,268 | WARNING | No internet connection — delaying run. Retrying in 15 minutes...
2025-12-05 08:22:20,843 | WARNING | No internet connection — delaying run. Retrying in 15 minutes...
2025-12-05 09:45:46,578 | WARNING | No internet connection — delaying run. Retrying in 15 minutes...
2025-12-05 12:03:57,141 | WARNING | No internet connection — delaying run. Retrying in 15 minutes...
2025-12-05 12:18:57,338 | INFO | Internet connection detected. Proceeding with update.
2025-12-05 12:18:57,340 | INFO | Running download_prism_daily.py
2025-12-05 12:19:32,937 | INFO | /Users/wonjunchoi/PycharmProjects/realtime-buncombe/venv/lib/python3.9/site-packages/urllib3/__init__.py:35: NotOpenSSLWarning: urllib3 v2 only supports OpenSSL 1.1.1+, currently the 'ssl' module is compiled with 'LibreSSL 2.8.3'. See: https://github.com/urllib3/urllib3/issues/3020
  warnings.warn(
[GET ] 2025-12-04 → https://data.prism.oregonstate.edu/time_series/us/an/800m/ppt/daily/2025/prism_ppt_us_30s_20251204.zip
[DONE] Updated ZIP for 2025-12-04
[MISS] 2025-12-04 missing expanded .tif — extracting now.
[UNZIP] Extracted → /Users/wonjunchoi/PycharmProjects/realtime-buncombe/data/rain/prism_ppt_us_30s_20251204
[CLEAN] 2025-12-04 removed ZIP after extraction.
[OK  ] 2025-12-03 metadata matches remote
[OK  ] 2025-12-03 expanded data present (prism_ppt_us_30s_20251203.tif)
[OK  ] 2025-12-02 metadata matches remote
[OK  ] 2025-12-02 expanded data present (prism_ppt_us_30s_20251202.tif)
[OK  ] 2025-12-01 metadata matches remote
[OK  ] 2025-12-01 expanded data present (prism_ppt_us_30s_20251201.tif)
[CLEAN] 2025-11-30 removed old expanded folder → prism_ppt_us_30s_20251130
[GET ] 2025-11-30 → https://data.prism.oregonstate.edu/time_series/us/an/800m/ppt/daily/2025/prism_ppt_us_30s_20251130.zip
[DONE] Updated ZIP for 2025-11-30
[MISS] 2025-11-30 missing expanded .tif — extracting now.
[UNZIP] Extracted → /Users/wonjunchoi/PycharmProjects/realtime-buncombe/data/rain/prism_ppt_us_30s_20251130
[CLEAN] 2025-11-30 removed ZIP after extraction.
[OK  ] 2025-11-29 metadata matches remote
[OK  ] 2025-11-29 expanded data present (prism_ppt_us_30s_20251129.tif)
[OK  ] 2025-11-28 metadata matches remote
[OK  ] 2025-11-28 expanded data present (prism_ppt_us_30s_20251128.tif)
[OK  ] 2025-11-27 metadata matches remote
[OK  ] 2025-11-27 expanded data present (prism_ppt_us_30s_20251127.tif)
[OK  ] 2025-11-26 metadata matches remote
[OK  ] 2025-11-26 expanded data present (prism_ppt_us_30s_20251126.tif)
[OK  ] 2025-11-25 metadata matches remote
[OK  ] 2025-11-25 expanded data present (prism_ppt_us_30s_20251125.tif)
[OK  ] 2025-11-24 metadata matches remote
[OK  ] 2025-11-24 expanded data present (prism_ppt_us_30s_20251124.tif)
[OK  ] 2025-11-23 metadata matches remote
[OK  ] 2025-11-23 expanded data present (prism_ppt_us_30s_20251123.tif)
[OK  ] 2025-11-22 metadata matches remote
[OK  ] 2025-11-22 expanded data present (prism_ppt_us_30s_20251122.tif)
[OK  ] 2025-11-21 metadata matches remote
[OK  ] 2025-11-21 expanded data present (prism_ppt_us_30s_20251121.tif)
[OK  ] 2025-11-20 metadata matches remote
[OK  ] 2025-11-20 expanded data present (prism_ppt_us_30s_20251120.tif)
[OK  ] 2025-11-19 metadata matches remote
[OK  ] 2025-11-19 expanded data present (prism_ppt_us_30s_20251119.tif)
[OK  ] 2025-11-18 metadata matches remote
[OK  ] 2025-11-18 expanded data present (prism_ppt_us_30s_20251118.tif)
[OK  ] 2025-11-17 metadata matches remote
[OK  ] 2025-11-17 expanded data present (prism_ppt_us_30s_20251117.tif)
[OK  ] 2025-11-16 metadata matches remote
[OK  ] 2025-11-16 expanded data present (prism_ppt_us_30s_20251116.tif)
[OK  ] 2025-11-15 metadata matches remote
[OK  ] 2025-11-15 expanded data present (prism_ppt_us_30s_20251115.tif)
[OK  ] 2025-11-14 metadata matches remote
[OK  ] 2025-11-14 expanded data present (prism_ppt_us_30s_20251114.tif)
[OK  ] 2025-11-13 metadata matches remote
[OK  ] 2025-11-13 expanded data present (prism_ppt_us_30s_20251113.tif)
[OK  ] 2025-11-12 metadata matches remote
[OK  ] 2025-11-12 expanded data present (prism_ppt_us_30s_20251112.tif)
[OK  ] 2025-11-11 metadata matches remote
[OK  ] 2025-11-11 expanded data present (prism_ppt_us_30s_20251111.tif)
[OK  ] 2025-11-10 metadata matches remote
[OK  ] 2025-11-10 expanded data present (prism_ppt_us_30s_20251110.tif)
[OK  ] 2025-11-09 metadata matches remote
[OK  ] 2025-11-09 expanded data present (prism_ppt_us_30s_20251109.tif)
[OK  ] 2025-11-08 metadata matches remote
[OK  ] 2025-11-08 expanded data present (prism_ppt_us_30s_20251108.tif)
[OK  ] 2025-11-07 metadata matches remote
[OK  ] 2025-11-07 expanded data present (prism_ppt_us_30s_20251107.tif)
[OK  ] 2025-11-06 metadata matches remote
[OK  ] 2025-11-06 expanded data present (prism_ppt_us_30s_20251106.tif)
[OK  ] 2025-11-05 metadata matches remote
[OK  ] 2025-11-05 expanded data present (prism_ppt_us_30s_20251105.tif)
[INFO] Pruning files outside the past window...
[PRUNE] Removed old folder → prism_ppt_us_30s_20251104
[PRUNE] Removed old file → prism_ppt_us_30s_20251104.meta.json
2025-12-05 12:19:32,938 | INFO | Running predict_daily_triple.py
2025-12-05 12:22:40,316 | WARNING | No internet connection — delaying run. Retrying in 15 minutes...
2025-12-05 13:21:34,759 | INFO | Internet connection detected. Proceeding with update.
2025-12-05 13:21:34,761 | INFO | Running download_prism_daily.py
2025-12-05 13:21:47,682 | INFO | /Users/wonjunchoi/PycharmProjects/realtime-buncombe/venv/lib/python3.9/site-packages/urllib3/__init__.py:35: NotOpenSSLWarning: urllib3 v2 only supports OpenSSL 1.1.1+, currently the 'ssl' module is compiled with 'LibreSSL 2.8.3'. See: https://github.com/urllib3/urllib3/issues/3020
  warnings.warn(
[OK  ] 2025-12-04 metadata matches remote
[OK  ] 2025-12-04 expanded data present (prism_ppt_us_30s_20251204.tif)
[OK  ] 2025-12-03 metadata matches remote
[OK  ] 2025-12-03 expanded data present (prism_ppt_us_30s_20251203.tif)
[OK  ] 2025-12-02 metadata matches remote
[OK  ] 2025-12-02 expanded data present (prism_ppt_us_30s_20251202.tif)
[OK  ] 2025-12-01 metadata matches remote
[OK  ] 2025-12-01 expanded data present (prism_ppt_us_30s_20251201.tif)
[OK  ] 2025-11-30 metadata matches remote
[OK  ] 2025-11-30 expanded data present (prism_ppt_us_30s_20251130.tif)
[OK  ] 2025-11-29 metadata matches remote
[OK  ] 2025-11-29 expanded data present (prism_ppt_us_30s_20251129.tif)
[OK  ] 2025-11-28 metadata matches remote
[OK  ] 2025-11-28 expanded data present (prism_ppt_us_30s_20251128.tif)
[OK  ] 2025-11-27 metadata matches remote
[OK  ] 2025-11-27 expanded data present (prism_ppt_us_30s_20251127.tif)
[OK  ] 2025-11-26 metadata matches remote
[OK  ] 2025-11-26 expanded data present (prism_ppt_us_30s_20251126.tif)
[OK  ] 2025-11-25 metadata matches remote
[OK  ] 2025-11-25 expanded data present (prism_ppt_us_30s_20251125.tif)
[OK  ] 2025-11-24 metadata matches remote
[OK  ] 2025-11-24 expanded data present (prism_ppt_us_30s_20251124.tif)
[OK  ] 2025-11-23 metadata matches remote
[OK  ] 2025-11-23 expanded data present (prism_ppt_us_30s_20251123.tif)
[OK  ] 2025-11-22 metadata matches remote
[OK  ] 2025-11-22 expanded data present (prism_ppt_us_30s_20251122.tif)
[OK  ] 2025-11-21 metadata matches remote
[OK  ] 2025-11-21 expanded data present (prism_ppt_us_30s_20251121.tif)
[OK  ] 2025-11-20 metadata matches remote
[OK  ] 2025-11-20 expanded data present (prism_ppt_us_30s_20251120.tif)
[OK  ] 2025-11-19 metadata matches remote
[OK  ] 2025-11-19 expanded data present (prism_ppt_us_30s_20251119.tif)
[OK  ] 2025-11-18 metadata matches remote
[OK  ] 2025-11-18 expanded data present (prism_ppt_us_30s_20251118.tif)
[OK  ] 2025-11-17 metadata matches remote
[OK  ] 2025-11-17 expanded data present (prism_ppt_us_30s_20251117.tif)
[OK  ] 2025-11-16 metadata matches remote
[OK  ] 2025-11-16 expanded data present (prism_ppt_us_30s_20251116.tif)
[OK  ] 2025-11-15 metadata matches remote
[OK  ] 2025-11-15 expanded data present (prism_ppt_us_30s_20251115.tif)
[OK  ] 2025-11-14 metadata matches remote
[OK  ] 2025-11-14 expanded data present (prism_ppt_us_30s_20251114.tif)
[OK  ] 2025-11-13 metadata matches remote
[OK  ] 2025-11-13 expanded data present (prism_ppt_us_30s_20251113.tif)
[OK  ] 2025-11-12 metadata matches remote
[OK  ] 2025-11-12 expanded data present (prism_ppt_us_30s_20251112.tif)
[OK  ] 2025-11-11 metadata matches remote
[OK  ] 2025-11-11 expanded data present (prism_ppt_us_30s_20251111.tif)
[OK  ] 2025-11-10 metadata matches remote
[OK  ] 2025-11-10 expanded data present (prism_ppt_us_30s_20251110.tif)
[OK  ] 2025-11-09 metadata matches remote
[OK  ] 2025-11-09 expanded data present (prism_ppt_us_30s_20251109.tif)
[OK  ] 2025-11-08 metadata matches remote
[OK  ] 2025-11-08 expanded data present (prism_ppt_us_30s_20251108.tif)
[OK  ] 2025-11-07 metadata matches remote
[OK  ] 2025-11-07 expanded data present (prism_ppt_us_30s_20251107.tif)
[OK  ] 2025-11-06 metadata matches remote
[OK  ] 2025-11-06 expanded data present (prism_ppt_us_30s_20251106.tif)
[OK  ] 2025-11-05 metadata matches remote
[OK  ] 2025-11-05 expanded data present (prism_ppt_us_30s_20251105.tif)
[INFO] Pruning files outside the past window...
2025-12-05 13:21:47,683 | INFO | Running predict_daily_triple.py
2025-12-05 13:31:21,472 | WARNING | No internet connection — delaying run. Retrying in 15 minutes...
2025-12-05 13:57:29,414 | INFO | Internet connection detected. Proceeding with update.
2025-12-05 13:57:29,417 | INFO | Running download_prism_daily.py
2025-12-05 13:57:41,839 | INFO | /Users/wonjunchoi/PycharmProjects/realtime-buncombe/venv/lib/python3.9/site-packages/urllib3/__init__.py:35: NotOpenSSLWarning: urllib3 v2 only supports OpenSSL 1.1.1+, currently the 'ssl' module is compiled with 'LibreSSL 2.8.3'. See: https://github.com/urllib3/urllib3/issues/3020
  warnings.warn(
[OK  ] 2025-12-04 metadata matches remote
[OK  ] 2025-12-04 expanded data present (prism_ppt_us_30s_20251204.tif)
[OK  ] 2025-12-03 metadata matches remote
[OK  ] 2025-12-03 expanded data present (prism_ppt_us_30s_20251203.tif)
[OK  ] 2025-12-02 metadata matches remote
[OK  ] 2025-12-02 expanded data present (prism_ppt_us_30s_20251202.tif)
[OK  ] 2025-12-01 metadata matches remote
[OK  ] 2025-12-01 expanded data present (prism_ppt_us_30s_20251201.tif)
[OK  ] 2025-11-30 metadata matches remote
[OK  ] 2025-11-30 expanded data present (prism_ppt_us_30s_20251130.tif)
[OK  ] 2025-11-29 metadata matches remote
[OK  ] 2025-11-29 expanded data present (prism_ppt_us_30s_20251129.tif)
[OK  ] 2025-11-28 metadata matches remote
[OK  ] 2025-11-28 expanded data present (prism_ppt_us_30s_20251128.tif)
[OK  ] 2025-11-27 metadata matches remote
[OK  ] 2025-11-27 expanded data present (prism_ppt_us_30s_20251127.tif)
[OK  ] 2025-11-26 metadata matches remote
[OK  ] 2025-11-26 expanded data present (prism_ppt_us_30s_20251126.tif)
[OK  ] 2025-11-25 metadata matches remote
[OK  ] 2025-11-25 expanded data present (prism_ppt_us_30s_20251125.tif)
[OK  ] 2025-11-24 metadata matches remote
[OK  ] 2025-11-24 expanded data present (prism_ppt_us_30s_20251124.tif)
[OK  ] 2025-11-23 metadata matches remote
[OK  ] 2025-11-23 expanded data present (prism_ppt_us_30s_20251123.tif)
[OK  ] 2025-11-22 metadata matches remote
[OK  ] 2025-11-22 expanded data present (prism_ppt_us_30s_20251122.tif)
[OK  ] 2025-11-21 metadata matches remote
[OK  ] 2025-11-21 expanded data present (prism_ppt_us_30s_20251121.tif)
[OK  ] 2025-11-20 metadata matches remote
[OK  ] 2025-11-20 expanded data present (prism_ppt_us_30s_20251120.tif)
[OK  ] 2025-11-19 metadata matches remote
[OK  ] 2025-11-19 expanded data present (prism_ppt_us_30s_20251119.tif)
[OK  ] 2025-11-18 metadata matches remote
[OK  ] 2025-11-18 expanded data present (prism_ppt_us_30s_20251118.tif)
[OK  ] 2025-11-17 metadata matches remote
[OK  ] 2025-11-17 expanded data present (prism_ppt_us_30s_20251117.tif)
[OK  ] 2025-11-16 metadata matches remote
[OK  ] 2025-11-16 expanded data present (prism_ppt_us_30s_20251116.tif)
[OK  ] 2025-11-15 metadata matches remote
[OK  ] 2025-11-15 expanded data present (prism_ppt_us_30s_20251115.tif)
[OK  ] 2025-11-14 metadata matches remote
[OK  ] 2025-11-14 expanded data present (prism_ppt_us_30s_20251114.tif)
[OK  ] 2025-11-13 metadata matches remote
[OK  ] 2025-11-13 expanded data present (prism_ppt_us_30s_20251113.tif)
[OK  ] 2025-11-12 metadata matches remote
[OK  ] 2025-11-12 expanded data present (prism_ppt_us_30s_20251112.tif)
[OK  ] 2025-11-11 metadata matches remote
[OK  ] 2025-11-11 expanded data present (prism_ppt_us_30s_20251111.tif)
[OK  ] 2025-11-10 metadata matches remote
[OK  ] 2025-11-10 expanded data present (prism_ppt_us_30s_20251110.tif)
[OK  ] 2025-11-09 metadata matches remote
[OK  ] 2025-11-09 expanded data present (prism_ppt_us_30s_20251109.tif)
[OK  ] 2025-11-08 metadata matches remote
[OK  ] 2025-11-08 expanded data present (prism_ppt_us_30s_20251108.tif)
[OK  ] 2025-11-07 metadata matches remote
[OK  ] 2025-11-07 expanded data present (prism_ppt_us_30s_20251107.tif)
[OK  ] 2025-11-06 metadata matches remote
[OK  ] 2025-11-06 expanded data present (prism_ppt_us_30s_20251106.tif)
[OK  ] 2025-11-05 metadata matches remote
[OK  ] 2025-11-05 expanded data present (prism_ppt_us_30s_20251105.tif)
[INFO] Pruning files outside the past window...
2025-12-05 13:57:41,839 | INFO | Running predict_daily_triple.py
2025-12-05 14:31:32,289 | INFO | Rainfall window: 2025-11-05 → 2025-12-04 (30 files, 0 missing → zero-filled).
Sampling rainfall at 2,452 PRISM grid cells…
Sampling static attributes at grid centers…
Running models…
/Users/wonjunchoi/PycharmProjects/realtime-buncombe/venv/lib/python3.9/site-packages/sklearn/utils/validation.py:2732: UserWarning: X has feature names, but RandomForestClassifier was fitted without feature names
  warnings.warn(
ok: wrote 2,452 rows for 2025-12-04 (rainfall through 2025-12-04)
parquet: /Users/wonjunchoi/PycharmProjects/realtime-buncombe/predictions/historicData/2025/12/predictions_2025-12-04.parquet
geojson: /Users/wonjunchoi/PycharmProjects/realtime-buncombe/predictions/historicData/2025/12/map_2025-12-04.geojson
meta: /Users/wonjunchoi/PycharmProjects/realtime-buncombe/predictions/historicData/2025/12/meta_2025-12-04.json
latest: /Users/wonjunchoi/PycharmProjects/realtime-buncombe/predictions/latest.geojson, /Users/wonjunchoi/PycharmProjects/realtime-buncombe/predictions/latest.json
manifest: /Users/wonjunchoi/PycharmProjects/realtime-buncombe/predictions/index.json
2025-12-05 14:31:32,291 | INFO | Committing and pushing changes
2025-12-05 14:31:32,972 | INFO | [main 1eb9b97] Auto-update: rainfall & predictions @ 2025-12-05 14:31:32
 7 files changed, 273 insertions(+), 7 deletions(-)
 create mode 100644 predictions/historicData/2025/12/map_2025-12-04.geojson
 create mode 100644 predictions/historicData/2025/12/meta_2025-12-04.json
 create mode 100644 predictions/historicData/2025/12/predictions_2025-12-04.parquet
2025-12-05 14:31:43,202 | INFO | Locking support detected on remote "origin". Consider enabling it with:
  $ git config lfs.https://github.com-buncombe/WonjunChoi1004/realtime-buncombe.git/info/lfs.locksverify true
Uploading LFS objects: 100% (1/1), 96 KB | 0 B/s, done.
To github.com-buncombe:WonjunChoi1004/realtime-buncombe.git
   066bc42..1eb9b97  main -> main
2025-12-05 14:31:43,202 | INFO | Push succeeded.
▶️ Running daily auto-update job...
✅ Already ran today, skipping.
2025-12-06 02:27:00,548 | WARNING | No internet connection — delaying run. Retrying in 15 minutes...
2025-12-06 02:42:00,725 | INFO | Internet connection detected. Proceeding with update.
2025-12-06 02:42:00,728 | INFO | Running download_prism_daily.py
2025-12-06 02:42:13,191 | INFO | /Users/wonjunchoi/PycharmProjects/realtime-buncombe/venv/lib/python3.9/site-packages/urllib3/__init__.py:35: NotOpenSSLWarning: urllib3 v2 only supports OpenSSL 1.1.1+, currently the 'ssl' module is compiled with 'LibreSSL 2.8.3'. See: https://github.com/urllib3/urllib3/issues/3020
  warnings.warn(
[SKIP] 2025-12-05 not found online.
[OK  ] 2025-12-04 metadata matches remote
[OK  ] 2025-12-04 expanded data present (prism_ppt_us_30s_20251204.tif)
[OK  ] 2025-12-03 metadata matches remote
[OK  ] 2025-12-03 expanded data present (prism_ppt_us_30s_20251203.tif)
[OK  ] 2025-12-02 metadata matches remote
[OK  ] 2025-12-02 expanded data present (prism_ppt_us_30s_20251202.tif)
[OK  ] 2025-12-01 metadata matches remote
[OK  ] 2025-12-01 expanded data present (prism_ppt_us_30s_20251201.tif)
[OK  ] 2025-11-30 metadata matches remote
[OK  ] 2025-11-30 expanded data present (prism_ppt_us_30s_20251130.tif)
[OK  ] 2025-11-29 metadata matches remote
[OK  ] 2025-11-29 expanded data present (prism_ppt_us_30s_20251129.tif)
[OK  ] 2025-11-28 metadata matches remote
[OK  ] 2025-11-28 expanded data present (prism_ppt_us_30s_20251128.tif)
[OK  ] 2025-11-27 metadata matches remote
[OK  ] 2025-11-27 expanded data present (prism_ppt_us_30s_20251127.tif)
[OK  ] 2025-11-26 metadata matches remote
[OK  ] 2025-11-26 expanded data present (prism_ppt_us_30s_20251126.tif)
[OK  ] 2025-11-25 metadata matches remote
[OK  ] 2025-11-25 expanded data present (prism_ppt_us_30s_20251125.tif)
[OK  ] 2025-11-24 metadata matches remote
[OK  ] 2025-11-24 expanded data present (prism_ppt_us_30s_20251124.tif)
[OK  ] 2025-11-23 metadata matches remote
[OK  ] 2025-11-23 expanded data present (prism_ppt_us_30s_20251123.tif)
[OK  ] 2025-11-22 metadata matches remote
[OK  ] 2025-11-22 expanded data present (prism_ppt_us_30s_20251122.tif)
[OK  ] 2025-11-21 metadata matches remote
[OK  ] 2025-11-21 expanded data present (prism_ppt_us_30s_20251121.tif)
[OK  ] 2025-11-20 metadata matches remote
[OK  ] 2025-11-20 expanded data present (prism_ppt_us_30s_20251120.tif)
[OK  ] 2025-11-19 metadata matches remote
[OK  ] 2025-11-19 expanded data present (prism_ppt_us_30s_20251119.tif)
[OK  ] 2025-11-18 metadata matches remote
[OK  ] 2025-11-18 expanded data present (prism_ppt_us_30s_20251118.tif)
[OK  ] 2025-11-17 metadata matches remote
[OK  ] 2025-11-17 expanded data present (prism_ppt_us_30s_20251117.tif)
[OK  ] 2025-11-16 metadata matches remote
[OK  ] 2025-11-16 expanded data present (prism_ppt_us_30s_20251116.tif)
[OK  ] 2025-11-15 metadata matches remote
[OK  ] 2025-11-15 expanded data present (prism_ppt_us_30s_20251115.tif)
[OK  ] 2025-11-14 metadata matches remote
[OK  ] 2025-11-14 expanded data present (prism_ppt_us_30s_20251114.tif)
[OK  ] 2025-11-13 metadata matches remote
[OK  ] 2025-11-13 expanded data present (prism_ppt_us_30s_20251113.tif)
[OK  ] 2025-11-12 metadata matches remote
[OK  ] 2025-11-12 expanded data present (prism_ppt_us_30s_20251112.tif)
[OK  ] 2025-11-11 metadata matches remote
[OK  ] 2025-11-11 expanded data present (prism_ppt_us_30s_20251111.tif)
[OK  ] 2025-11-10 metadata matches remote
[OK  ] 2025-11-10 expanded data present (prism_ppt_us_30s_20251110.tif)
[OK  ] 2025-11-09 metadata matches remote
[OK  ] 2025-11-09 expanded data present (prism_ppt_us_30s_20251109.tif)
[OK  ] 2025-11-08 metadata matches remote
[OK  ] 2025-11-08 expanded data present (prism_ppt_us_30s_20251108.tif)
[OK  ] 2025-11-07 metadata matches remote
[OK  ] 2025-11-07 expanded data present (prism_ppt_us_30s_20251107.tif)
[OK  ] 2025-11-06 metadata matches remote
[OK  ] 2025-11-06 expanded data present (prism_ppt_us_30s_20251106.tif)
[INFO] Pruning files outside the past window...
[PRUNE] Removed old folder → prism_ppt_us_30s_20251105
[PRUNE] Removed old file → prism_ppt_us_30s_20251105.meta.json
2025-12-06 02:42:13,192 | INFO | Running predict_daily_triple.py
2025-12-06 03:05:34,768 | INFO | Rainfall window: 2025-11-05 → 2025-12-04 (29 files, 1 missing → zero-filled).
Sampling rainfall at 2,452 PRISM grid cells…
Sampling static attributes at grid centers…
Running models…
/Users/wonjunchoi/PycharmProjects/realtime-buncombe/venv/lib/python3.9/site-packages/sklearn/utils/validation.py:2732: UserWarning: X has feature names, but RandomForestClassifier was fitted without feature names
  warnings.warn(
ok: wrote 2,452 rows for 2025-12-05 (rainfall through 2025-12-04)
parquet: /Users/wonjunchoi/PycharmProjects/realtime-buncombe/predictions/historicData/2025/12/predictions_2025-12-05.parquet
geojson: /Users/wonjunchoi/PycharmProjects/realtime-buncombe/predictions/historicData/2025/12/map_2025-12-05.geojson
meta: /Users/wonjunchoi/PycharmProjects/realtime-buncombe/predictions/historicData/2025/12/meta_2025-12-05.json
latest: /Users/wonjunchoi/PycharmProjects/realtime-buncombe/predictions/latest.geojson, /Users/wonjunchoi/PycharmProjects/realtime-buncombe/predictions/latest.json
manifest: /Users/wonjunchoi/PycharmProjects/realtime-buncombe/predictions/index.json
2025-12-06 03:05:34,771 | INFO | Committing and pushing changes
2025-12-06 03:05:35,470 | INFO | [main 6e72599] Auto-update: rainfall & predictions @ 2025-12-06 03:05:35
 7 files changed, 126 insertions(+), 6 deletions(-)
 create mode 100644 predictions/historicData/2025/12/map_2025-12-05.geojson
 create mode 100644 predictions/historicData/2025/12/meta_2025-12-05.json
 create mode 100644 predictions/historicData/2025/12/predictions_2025-12-05.parquet
2025-12-06 03:05:39,045 | INFO | Locking support detected on remote "origin". Consider enabling it with:
  $ git config lfs.https://github.com-buncombe/WonjunChoi1004/realtime-buncombe.git/info/lfs.locksverify true
To github.com-buncombe:WonjunChoi1004/realtime-buncombe.git
   1eb9b97..6e72599  main -> main
2025-12-06 03:05:39,046 | INFO | Push succeeded.
▶️ Running daily auto-update job...
✅ Already ran today, skipping.
✅ Already ran today, skipping.
✅ Already ran today, skipping.
✅ Already ran today, skipping.
2025-12-07 05:00:01,041 | INFO | Internet connection detected. Proceeding with update.
2025-12-07 05:00:01,042 | INFO | Running download_prism_daily.py
2025-12-07 05:00:19,439 | INFO | /Users/wonjunchoi/PycharmProjects/realtime-buncombe/venv/lib/python3.9/site-packages/urllib3/__init__.py:35: NotOpenSSLWarning: urllib3 v2 only supports OpenSSL 1.1.1+, currently the 'ssl' module is compiled with 'LibreSSL 2.8.3'. See: https://github.com/urllib3/urllib3/issues/3020
  warnings.warn(
[SKIP] 2025-12-06 not found online.
[GET ] 2025-12-05 → https://data.prism.oregonstate.edu/time_series/us/an/800m/ppt/daily/2025/prism_ppt_us_30s_20251205.zip
[DONE] Updated ZIP for 2025-12-05
[MISS] 2025-12-05 missing expanded .tif — extracting now.
[UNZIP] Extracted → /Users/wonjunchoi/PycharmProjects/realtime-buncombe/data/rain/prism_ppt_us_30s_20251205
[CLEAN] 2025-12-05 removed ZIP after extraction.
[OK  ] 2025-12-04 metadata matches remote
[OK  ] 2025-12-04 expanded data present (prism_ppt_us_30s_20251204.tif)
[OK  ] 2025-12-03 metadata matches remote
[OK  ] 2025-12-03 expanded data present (prism_ppt_us_30s_20251203.tif)
[OK  ] 2025-12-02 metadata matches remote
[OK  ] 2025-12-02 expanded data present (prism_ppt_us_30s_20251202.tif)
[CLEAN] 2025-12-01 removed old expanded folder → prism_ppt_us_30s_20251201
[GET ] 2025-12-01 → https://data.prism.oregonstate.edu/time_series/us/an/800m/ppt/daily/2025/prism_ppt_us_30s_20251201.zip
[DONE] Updated ZIP for 2025-12-01
[MISS] 2025-12-01 missing expanded .tif — extracting now.
[UNZIP] Extracted → /Users/wonjunchoi/PycharmProjects/realtime-buncombe/data/rain/prism_ppt_us_30s_20251201
[CLEAN] 2025-12-01 removed ZIP after extraction.
[OK  ] 2025-11-30 metadata matches remote
[OK  ] 2025-11-30 expanded data present (prism_ppt_us_30s_20251130.tif)
[OK  ] 2025-11-29 metadata matches remote
[OK  ] 2025-11-29 expanded data present (prism_ppt_us_30s_20251129.tif)
[OK  ] 2025-11-28 metadata matches remote
[OK  ] 2025-11-28 expanded data present (prism_ppt_us_30s_20251128.tif)
[OK  ] 2025-11-27 metadata matches remote
[OK  ] 2025-11-27 expanded data present (prism_ppt_us_30s_20251127.tif)
[OK  ] 2025-11-26 metadata matches remote
[OK  ] 2025-11-26 expanded data present (prism_ppt_us_30s_20251126.tif)
[OK  ] 2025-11-25 metadata matches remote
[OK  ] 2025-11-25 expanded data present (prism_ppt_us_30s_20251125.tif)
[OK  ] 2025-11-24 metadata matches remote
[OK  ] 2025-11-24 expanded data present (prism_ppt_us_30s_20251124.tif)
[OK  ] 2025-11-23 metadata matches remote
[OK  ] 2025-11-23 expanded data present (prism_ppt_us_30s_20251123.tif)
[OK  ] 2025-11-22 metadata matches remote
[OK  ] 2025-11-22 expanded data present (prism_ppt_us_30s_20251122.tif)
[OK  ] 2025-11-21 metadata matches remote
[OK  ] 2025-11-21 expanded data present (prism_ppt_us_30s_20251121.tif)
[OK  ] 2025-11-20 metadata matches remote
[OK  ] 2025-11-20 expanded data present (prism_ppt_us_30s_20251120.tif)
[OK  ] 2025-11-19 metadata matches remote
[OK  ] 2025-11-19 expanded data present (prism_ppt_us_30s_20251119.tif)
[OK  ] 2025-11-18 metadata matches remote
[OK  ] 2025-11-18 expanded data present (prism_ppt_us_30s_20251118.tif)
[OK  ] 2025-11-17 metadata matches remote
[OK  ] 2025-11-17 expanded data present (prism_ppt_us_30s_20251117.tif)
[OK  ] 2025-11-16 metadata matches remote
[OK  ] 2025-11-16 expanded data present (prism_ppt_us_30s_20251116.tif)
[OK  ] 2025-11-15 metadata matches remote
[OK  ] 2025-11-15 expanded data present (prism_ppt_us_30s_20251115.tif)
[OK  ] 2025-11-14 metadata matches remote
[OK  ] 2025-11-14 expanded data present (prism_ppt_us_30s_20251114.tif)
[OK  ] 2025-11-13 metadata matches remote
[OK  ] 2025-11-13 expanded data present (prism_ppt_us_30s_20251113.tif)
[OK  ] 2025-11-12 metadata matches remote
[OK  ] 2025-11-12 expanded data present (prism_ppt_us_30s_20251112.tif)
[OK  ] 2025-11-11 metadata matches remote
[OK  ] 2025-11-11 expanded data present (prism_ppt_us_30s_20251111.tif)
[OK  ] 2025-11-10 metadata matches remote
[OK  ] 2025-11-10 expanded data present (prism_ppt_us_30s_20251110.tif)
[OK  ] 2025-11-09 metadata matches remote
[OK  ] 2025-11-09 expanded data present (prism_ppt_us_30s_20251109.tif)
[OK  ] 2025-11-08 metadata matches remote
[OK  ] 2025-11-08 expanded data present (prism_ppt_us_30s_20251108.tif)
[OK  ] 2025-11-07 metadata matches remote
[OK  ] 2025-11-07 expanded data present (prism_ppt_us_30s_20251107.tif)
[INFO] Pruning files outside the past window...
[PRUNE] Removed old file → prism_ppt_us_30s_20251106.meta.json
[PRUNE] Removed old folder → prism_ppt_us_30s_20251106
2025-12-07 05:00:19,440 | INFO | Running predict_daily_triple.py
2025-12-07 05:24:19,952 | INFO | Rainfall window: 2025-11-06 → 2025-12-05 (29 files, 1 missing → zero-filled).
Sampling rainfall at 2,452 PRISM grid cells…
Sampling static attributes at grid centers…
Running models…
/Users/wonjunchoi/PycharmProjects/realtime-buncombe/venv/lib/python3.9/site-packages/sklearn/utils/validation.py:2732: UserWarning: X has feature names, but RandomForestClassifier was fitted without feature names
  warnings.warn(
ok: wrote 2,452 rows for 2025-12-06 (rainfall through 2025-12-05)
parquet: /Users/wonjunchoi/PycharmProjects/realtime-buncombe/predictions/historicData/2025/12/predictions_2025-12-06.parquet
geojson: /Users/wonjunchoi/PycharmProjects/realtime-buncombe/predictions/historicData/2025/12/map_2025-12-06.geojson
meta: /Users/wonjunchoi/PycharmProjects/realtime-buncombe/predictions/historicData/2025/12/meta_2025-12-06.json
latest: /Users/wonjunchoi/PycharmProjects/realtime-buncombe/predictions/latest.geojson, /Users/wonjunchoi/PycharmProjects/realtime-buncombe/predictions/latest.json
manifest: /Users/wonjunchoi/PycharmProjects/realtime-buncombe/predictions/index.json
2025-12-07 05:24:19,954 | INFO | Committing and pushing changes
2025-12-07 05:24:20,598 | INFO | [main 615eed1] Auto-update: rainfall & predictions @ 2025-12-07 05:24:20
 7 files changed, 135 insertions(+), 7 deletions(-)
 create mode 100644 predictions/historicData/2025/12/map_2025-12-06.geojson
 create mode 100644 predictions/historicData/2025/12/meta_2025-12-06.json
 create mode 100644 predictions/historicData/2025/12/predictions_2025-12-06.parquet
2025-12-07 05:24:24,980 | INFO | Locking support detected on remote "origin". Consider enabling it with:
  $ git config lfs.https://github.com-buncombe/WonjunChoi1004/realtime-buncombe.git/info/lfs.locksverify true
Uploading LFS objects: 100% (1/1), 103 KB | 0 B/s, done.
To github.com-buncombe:WonjunChoi1004/realtime-buncombe.git
   6e72599..615eed1  main -> main
2025-12-07 05:24:24,981 | INFO | Push succeeded.
▶️ Running daily auto-update job...
✅ Already ran today, skipping.
✅ Already ran today, skipping.
✅ Already ran today, skipping.
✅ Already ran today, skipping.
2025-12-08 05:00:00,307 | INFO | Internet connection detected. Proceeding with update.
2025-12-08 05:00:00,308 | INFO | Running download_prism_daily.py
2025-12-08 05:00:18,710 | INFO | /Users/wonjunchoi/PycharmProjects/realtime-buncombe/venv/lib/python3.9/site-packages/urllib3/__init__.py:35: NotOpenSSLWarning: urllib3 v2 only supports OpenSSL 1.1.1+, currently the 'ssl' module is compiled with 'LibreSSL 2.8.3'. See: https://github.com/urllib3/urllib3/issues/3020
  warnings.warn(
[SKIP] 2025-12-07 not found online.
[GET ] 2025-12-06 → https://data.prism.oregonstate.edu/time_series/us/an/800m/ppt/daily/2025/prism_ppt_us_30s_20251206.zip
[DONE] Updated ZIP for 2025-12-06
[MISS] 2025-12-06 missing expanded .tif — extracting now.
[UNZIP] Extracted → /Users/wonjunchoi/PycharmProjects/realtime-buncombe/data/rain/prism_ppt_us_30s_20251206
[CLEAN] 2025-12-06 removed ZIP after extraction.
[OK  ] 2025-12-05 metadata matches remote
[OK  ] 2025-12-05 expanded data present (prism_ppt_us_30s_20251205.tif)
[OK  ] 2025-12-04 metadata matches remote
[OK  ] 2025-12-04 expanded data present (prism_ppt_us_30s_20251204.tif)
[OK  ] 2025-12-03 metadata matches remote
[OK  ] 2025-12-03 expanded data present (prism_ppt_us_30s_20251203.tif)
[CLEAN] 2025-12-02 removed old expanded folder → prism_ppt_us_30s_20251202
[GET ] 2025-12-02 → https://data.prism.oregonstate.edu/time_series/us/an/800m/ppt/daily/2025/prism_ppt_us_30s_20251202.zip
[DONE] Updated ZIP for 2025-12-02
[MISS] 2025-12-02 missing expanded .tif — extracting now.
[UNZIP] Extracted → /Users/wonjunchoi/PycharmProjects/realtime-buncombe/data/rain/prism_ppt_us_30s_20251202
[CLEAN] 2025-12-02 removed ZIP after extraction.
[OK  ] 2025-12-01 metadata matches remote
[OK  ] 2025-12-01 expanded data present (prism_ppt_us_30s_20251201.tif)
[OK  ] 2025-11-30 metadata matches remote
[OK  ] 2025-11-30 expanded data present (prism_ppt_us_30s_20251130.tif)
[OK  ] 2025-11-29 metadata matches remote
[OK  ] 2025-11-29 expanded data present (prism_ppt_us_30s_20251129.tif)
[OK  ] 2025-11-28 metadata matches remote
[OK  ] 2025-11-28 expanded data present (prism_ppt_us_30s_20251128.tif)
[OK  ] 2025-11-27 metadata matches remote
[OK  ] 2025-11-27 expanded data present (prism_ppt_us_30s_20251127.tif)
[OK  ] 2025-11-26 metadata matches remote
[OK  ] 2025-11-26 expanded data present (prism_ppt_us_30s_20251126.tif)
[OK  ] 2025-11-25 metadata matches remote
[OK  ] 2025-11-25 expanded data present (prism_ppt_us_30s_20251125.tif)
[OK  ] 2025-11-24 metadata matches remote
[OK  ] 2025-11-24 expanded data present (prism_ppt_us_30s_20251124.tif)
[OK  ] 2025-11-23 metadata matches remote
[OK  ] 2025-11-23 expanded data present (prism_ppt_us_30s_20251123.tif)
[OK  ] 2025-11-22 metadata matches remote
[OK  ] 2025-11-22 expanded data present (prism_ppt_us_30s_20251122.tif)
[OK  ] 2025-11-21 metadata matches remote
[OK  ] 2025-11-21 expanded data present (prism_ppt_us_30s_20251121.tif)
[OK  ] 2025-11-20 metadata matches remote
[OK  ] 2025-11-20 expanded data present (prism_ppt_us_30s_20251120.tif)
[OK  ] 2025-11-19 metadata matches remote
[OK  ] 2025-11-19 expanded data present (prism_ppt_us_30s_20251119.tif)
[OK  ] 2025-11-18 metadata matches remote
[OK  ] 2025-11-18 expanded data present (prism_ppt_us_30s_20251118.tif)
[OK  ] 2025-11-17 metadata matches remote
[OK  ] 2025-11-17 expanded data present (prism_ppt_us_30s_20251117.tif)
[OK  ] 2025-11-16 metadata matches remote
[OK  ] 2025-11-16 expanded data present (prism_ppt_us_30s_20251116.tif)
[OK  ] 2025-11-15 metadata matches remote
[OK  ] 2025-11-15 expanded data present (prism_ppt_us_30s_20251115.tif)
[OK  ] 2025-11-14 metadata matches remote
[OK  ] 2025-11-14 expanded data present (prism_ppt_us_30s_20251114.tif)
[OK  ] 2025-11-13 metadata matches remote
[OK  ] 2025-11-13 expanded data present (prism_ppt_us_30s_20251113.tif)
[OK  ] 2025-11-12 metadata matches remote
[OK  ] 2025-11-12 expanded data present (prism_ppt_us_30s_20251112.tif)
[OK  ] 2025-11-11 metadata matches remote
[OK  ] 2025-11-11 expanded data present (prism_ppt_us_30s_20251111.tif)
[OK  ] 2025-11-10 metadata matches remote
[OK  ] 2025-11-10 expanded data present (prism_ppt_us_30s_20251110.tif)
[OK  ] 2025-11-09 metadata matches remote
[OK  ] 2025-11-09 expanded data present (prism_ppt_us_30s_20251109.tif)
[OK  ] 2025-11-08 metadata matches remote
[OK  ] 2025-11-08 expanded data present (prism_ppt_us_30s_20251108.tif)
[INFO] Pruning files outside the past window...
[PRUNE] Removed old file → prism_ppt_us_30s_20251107.meta.json
[PRUNE] Removed old folder → prism_ppt_us_30s_20251107
2025-12-08 05:00:18,711 | INFO | Running predict_daily_triple.py
2025-12-08 08:46:02,153 | INFO | Rainfall window: 2025-11-07 → 2025-12-06 (29 files, 1 missing → zero-filled).
Sampling rainfall at 2,452 PRISM grid cells…
Sampling static attributes at grid centers…
Running models…
/Users/wonjunchoi/PycharmProjects/realtime-buncombe/venv/lib/python3.9/site-packages/sklearn/utils/validation.py:2732: UserWarning: X has feature names, but RandomForestClassifier was fitted without feature names
  warnings.warn(
ok: wrote 2,452 rows for 2025-12-07 (rainfall through 2025-12-06)
parquet: /Users/wonjunchoi/PycharmProjects/realtime-buncombe/predictions/historicData/2025/12/predictions_2025-12-07.parquet
geojson: /Users/wonjunchoi/PycharmProjects/realtime-buncombe/predictions/historicData/2025/12/map_2025-12-07.geojson
meta: /Users/wonjunchoi/PycharmProjects/realtime-buncombe/predictions/historicData/2025/12/meta_2025-12-07.json
latest: /Users/wonjunchoi/PycharmProjects/realtime-buncombe/predictions/latest.geojson, /Users/wonjunchoi/PycharmProjects/realtime-buncombe/predictions/latest.json
manifest: /Users/wonjunchoi/PycharmProjects/realtime-buncombe/predictions/index.json
2025-12-08 08:46:02,156 | INFO | Committing and pushing changes
2025-12-08 08:46:02,905 | INFO | [main 7a342a8] Auto-update: rainfall & predictions @ 2025-12-08 08:46:02
 7 files changed, 136 insertions(+), 7 deletions(-)
 create mode 100644 predictions/historicData/2025/12/map_2025-12-07.geojson
 create mode 100644 predictions/historicData/2025/12/meta_2025-12-07.json
 create mode 100644 predictions/historicData/2025/12/predictions_2025-12-07.parquet
2025-12-08 08:46:07,949 | INFO | Locking support detected on remote "origin". Consider enabling it with:
  $ git config lfs.https://github.com-buncombe/WonjunChoi1004/realtime-buncombe.git/info/lfs.locksverify true
Uploading LFS objects: 100% (1/1), 96 KB | 0 B/s, done.
To github.com-buncombe:WonjunChoi1004/realtime-buncombe.git
   615eed1..7a342a8  main -> main
2025-12-08 08:46:07,950 | INFO | Push succeeded.
▶️ Running daily auto-update job...
✅ Already ran today, skipping.
✅ Already ran today, skipping.
✅ Already ran today, skipping.
✅ Already ran today, skipping.
2025-12-09 01:23:35,917 | WARNING | No internet connection — delaying run. Retrying in 15 minutes...
2025-12-09 01:38:36,006 | INFO | Internet connection detected. Proceeding with update.
2025-12-09 01:38:36,009 | INFO | Running download_prism_daily.py
2025-12-09 01:38:54,302 | INFO | /Users/wonjunchoi/PycharmProjects/realtime-buncombe/venv/lib/python3.9/site-packages/urllib3/__init__.py:35: NotOpenSSLWarning: urllib3 v2 only supports OpenSSL 1.1.1+, currently the 'ssl' module is compiled with 'LibreSSL 2.8.3'. See: https://github.com/urllib3/urllib3/issues/3020
  warnings.warn(
[SKIP] 2025-12-08 not found online.
[GET ] 2025-12-07 → https://data.prism.oregonstate.edu/time_series/us/an/800m/ppt/daily/2025/prism_ppt_us_30s_20251207.zip
[DONE] Updated ZIP for 2025-12-07
[MISS] 2025-12-07 missing expanded .tif — extracting now.
[UNZIP] Extracted → /Users/wonjunchoi/PycharmProjects/realtime-buncombe/data/rain/prism_ppt_us_30s_20251207
[CLEAN] 2025-12-07 removed ZIP after extraction.
[OK  ] 2025-12-06 metadata matches remote
[OK  ] 2025-12-06 expanded data present (prism_ppt_us_30s_20251206.tif)
[OK  ] 2025-12-05 metadata matches remote
[OK  ] 2025-12-05 expanded data present (prism_ppt_us_30s_20251205.tif)
[OK  ] 2025-12-04 metadata matches remote
[OK  ] 2025-12-04 expanded data present (prism_ppt_us_30s_20251204.tif)
[CLEAN] 2025-12-03 removed old expanded folder → prism_ppt_us_30s_20251203
[GET ] 2025-12-03 → https://data.prism.oregonstate.edu/time_series/us/an/800m/ppt/daily/2025/prism_ppt_us_30s_20251203.zip
[DONE] Updated ZIP for 2025-12-03
[MISS] 2025-12-03 missing expanded .tif — extracting now.
[UNZIP] Extracted → /Users/wonjunchoi/PycharmProjects/realtime-buncombe/data/rain/prism_ppt_us_30s_20251203
[CLEAN] 2025-12-03 removed ZIP after extraction.
[OK  ] 2025-12-02 metadata matches remote
[OK  ] 2025-12-02 expanded data present (prism_ppt_us_30s_20251202.tif)
[OK  ] 2025-12-01 metadata matches remote
[OK  ] 2025-12-01 expanded data present (prism_ppt_us_30s_20251201.tif)
[OK  ] 2025-11-30 metadata matches remote
[OK  ] 2025-11-30 expanded data present (prism_ppt_us_30s_20251130.tif)
[OK  ] 2025-11-29 metadata matches remote
[OK  ] 2025-11-29 expanded data present (prism_ppt_us_30s_20251129.tif)
[OK  ] 2025-11-28 metadata matches remote
[OK  ] 2025-11-28 expanded data present (prism_ppt_us_30s_20251128.tif)
[OK  ] 2025-11-27 metadata matches remote
[OK  ] 2025-11-27 expanded data present (prism_ppt_us_30s_20251127.tif)
[OK  ] 2025-11-26 metadata matches remote
[OK  ] 2025-11-26 expanded data present (prism_ppt_us_30s_20251126.tif)
[OK  ] 2025-11-25 metadata matches remote
[OK  ] 2025-11-25 expanded data present (prism_ppt_us_30s_20251125.tif)
[OK  ] 2025-11-24 metadata matches remote
[OK  ] 2025-11-24 expanded data present (prism_ppt_us_30s_20251124.tif)
[OK  ] 2025-11-23 metadata matches remote
[OK  ] 2025-11-23 expanded data present (prism_ppt_us_30s_20251123.tif)
[OK  ] 2025-11-22 metadata matches remote
[OK  ] 2025-11-22 expanded data present (prism_ppt_us_30s_20251122.tif)
[OK  ] 2025-11-21 metadata matches remote
[OK  ] 2025-11-21 expanded data present (prism_ppt_us_30s_20251121.tif)
[OK  ] 2025-11-20 metadata matches remote
[OK  ] 2025-11-20 expanded data present (prism_ppt_us_30s_20251120.tif)
[OK  ] 2025-11-19 metadata matches remote
[OK  ] 2025-11-19 expanded data present (prism_ppt_us_30s_20251119.tif)
[OK  ] 2025-11-18 metadata matches remote
[OK  ] 2025-11-18 expanded data present (prism_ppt_us_30s_20251118.tif)
[OK  ] 2025-11-17 metadata matches remote
[OK  ] 2025-11-17 expanded data present (prism_ppt_us_30s_20251117.tif)
[OK  ] 2025-11-16 metadata matches remote
[OK  ] 2025-11-16 expanded data present (prism_ppt_us_30s_20251116.tif)
[OK  ] 2025-11-15 metadata matches remote
[OK  ] 2025-11-15 expanded data present (prism_ppt_us_30s_20251115.tif)
[OK  ] 2025-11-14 metadata matches remote
[OK  ] 2025-11-14 expanded data present (prism_ppt_us_30s_20251114.tif)
[OK  ] 2025-11-13 metadata matches remote
[OK  ] 2025-11-13 expanded data present (prism_ppt_us_30s_20251113.tif)
[OK  ] 2025-11-12 metadata matches remote
[OK  ] 2025-11-12 expanded data present (prism_ppt_us_30s_20251112.tif)
[OK  ] 2025-11-11 metadata matches remote
[OK  ] 2025-11-11 expanded data present (prism_ppt_us_30s_20251111.tif)
[OK  ] 2025-11-10 metadata matches remote
[OK  ] 2025-11-10 expanded data present (prism_ppt_us_30s_20251110.tif)
[OK  ] 2025-11-09 metadata matches remote
[OK  ] 2025-11-09 expanded data present (prism_ppt_us_30s_20251109.tif)
[INFO] Pruning files outside the past window...
[PRUNE] Removed old file → prism_ppt_us_30s_20251108.meta.json
[PRUNE] Removed old folder → prism_ppt_us_30s_20251108
2025-12-09 01:38:54,309 | INFO | Running predict_daily_triple.py
2025-12-09 02:05:33,625 | INFO | Rainfall window: 2025-11-08 → 2025-12-07 (29 files, 1 missing → zero-filled).
Sampling rainfall at 2,452 PRISM grid cells…
Sampling static attributes at grid centers…
Running models…
/Users/wonjunchoi/PycharmProjects/realtime-buncombe/venv/lib/python3.9/site-packages/sklearn/utils/validation.py:2732: UserWarning: X has feature names, but RandomForestClassifier was fitted without feature names
  warnings.warn(
ok: wrote 2,452 rows for 2025-12-08 (rainfall through 2025-12-07)
parquet: /Users/wonjunchoi/PycharmProjects/realtime-buncombe/predictions/historicData/2025/12/predictions_2025-12-08.parquet
geojson: /Users/wonjunchoi/PycharmProjects/realtime-buncombe/predictions/historicData/2025/12/map_2025-12-08.geojson
meta: /Users/wonjunchoi/PycharmProjects/realtime-buncombe/predictions/historicData/2025/12/meta_2025-12-08.json
latest: /Users/wonjunchoi/PycharmProjects/realtime-buncombe/predictions/latest.geojson, /Users/wonjunchoi/PycharmProjects/realtime-buncombe/predictions/latest.json
manifest: /Users/wonjunchoi/PycharmProjects/realtime-buncombe/predictions/index.json
2025-12-09 02:05:33,627 | INFO | Committing and pushing changes
2025-12-09 02:05:34,477 | INFO | [main 70c2c22] Auto-update: rainfall & predictions @ 2025-12-09 02:05:33
 7 files changed, 137 insertions(+), 7 deletions(-)
 create mode 100644 predictions/historicData/2025/12/map_2025-12-08.geojson
 create mode 100644 predictions/historicData/2025/12/meta_2025-12-08.json
 create mode 100644 predictions/historicData/2025/12/predictions_2025-12-08.parquet
2025-12-09 02:05:39,289 | INFO | Locking support detected on remote "origin". Consider enabling it with:
  $ git config lfs.https://github.com-buncombe/WonjunChoi1004/realtime-buncombe.git/info/lfs.locksverify true
Uploading LFS objects: 100% (1/1), 94 KB | 0 B/s, done.
To github.com-buncombe:WonjunChoi1004/realtime-buncombe.git
   7a342a8..70c2c22  main -> main
2025-12-09 02:05:39,290 | INFO | Push succeeded.
▶️ Running daily auto-update job...
✅ Already ran today, skipping.
✅ Already ran today, skipping.
✅ Already ran today, skipping.
✅ Already ran today, skipping.
✅ Already ran today, skipping.
✅ Already ran today, skipping.
✅ Already ran today, skipping.
✅ Already ran today, skipping.
2025-12-10 05:00:00,528 | INFO | Internet connection detected. Proceeding with update.
2025-12-10 05:00:00,530 | INFO | Running download_prism_daily.py
2025-12-10 05:00:20,515 | INFO | /Users/wonjunchoi/PycharmProjects/realtime-buncombe/venv/lib/python3.9/site-packages/urllib3/__init__.py:35: NotOpenSSLWarning: urllib3 v2 only supports OpenSSL 1.1.1+, currently the 'ssl' module is compiled with 'LibreSSL 2.8.3'. See: https://github.com/urllib3/urllib3/issues/3020
  warnings.warn(
[SKIP] 2025-12-09 not found online.
[GET ] 2025-12-08 → https://data.prism.oregonstate.edu/time_series/us/an/800m/ppt/daily/2025/prism_ppt_us_30s_20251208.zip
[DONE] Updated ZIP for 2025-12-08
[MISS] 2025-12-08 missing expanded .tif — extracting now.
[UNZIP] Extracted → /Users/wonjunchoi/PycharmProjects/realtime-buncombe/data/rain/prism_ppt_us_30s_20251208
[CLEAN] 2025-12-08 removed ZIP after extraction.
[OK  ] 2025-12-07 metadata matches remote
[OK  ] 2025-12-07 expanded data present (prism_ppt_us_30s_20251207.tif)
[OK  ] 2025-12-06 metadata matches remote
[OK  ] 2025-12-06 expanded data present (prism_ppt_us_30s_20251206.tif)
[OK  ] 2025-12-05 metadata matches remote
[OK  ] 2025-12-05 expanded data present (prism_ppt_us_30s_20251205.tif)
[CLEAN] 2025-12-04 removed old expanded folder → prism_ppt_us_30s_20251204
[GET ] 2025-12-04 → https://data.prism.oregonstate.edu/time_series/us/an/800m/ppt/daily/2025/prism_ppt_us_30s_20251204.zip
[DONE] Updated ZIP for 2025-12-04
[MISS] 2025-12-04 missing expanded .tif — extracting now.
[UNZIP] Extracted → /Users/wonjunchoi/PycharmProjects/realtime-buncombe/data/rain/prism_ppt_us_30s_20251204
[CLEAN] 2025-12-04 removed ZIP after extraction.
[OK  ] 2025-12-03 metadata matches remote
[OK  ] 2025-12-03 expanded data present (prism_ppt_us_30s_20251203.tif)
[OK  ] 2025-12-02 metadata matches remote
[OK  ] 2025-12-02 expanded data present (prism_ppt_us_30s_20251202.tif)
[OK  ] 2025-12-01 metadata matches remote
[OK  ] 2025-12-01 expanded data present (prism_ppt_us_30s_20251201.tif)
[OK  ] 2025-11-30 metadata matches remote
[OK  ] 2025-11-30 expanded data present (prism_ppt_us_30s_20251130.tif)
[OK  ] 2025-11-29 metadata matches remote
[OK  ] 2025-11-29 expanded data present (prism_ppt_us_30s_20251129.tif)
[OK  ] 2025-11-28 metadata matches remote
[OK  ] 2025-11-28 expanded data present (prism_ppt_us_30s_20251128.tif)
[OK  ] 2025-11-27 metadata matches remote
[OK  ] 2025-11-27 expanded data present (prism_ppt_us_30s_20251127.tif)
[OK  ] 2025-11-26 metadata matches remote
[OK  ] 2025-11-26 expanded data present (prism_ppt_us_30s_20251126.tif)
[OK  ] 2025-11-25 metadata matches remote
[OK  ] 2025-11-25 expanded data present (prism_ppt_us_30s_20251125.tif)
[OK  ] 2025-11-24 metadata matches remote
[OK  ] 2025-11-24 expanded data present (prism_ppt_us_30s_20251124.tif)
[OK  ] 2025-11-23 metadata matches remote
[OK  ] 2025-11-23 expanded data present (prism_ppt_us_30s_20251123.tif)
[OK  ] 2025-11-22 metadata matches remote
[OK  ] 2025-11-22 expanded data present (prism_ppt_us_30s_20251122.tif)
[OK  ] 2025-11-21 metadata matches remote
[OK  ] 2025-11-21 expanded data present (prism_ppt_us_30s_20251121.tif)
[OK  ] 2025-11-20 metadata matches remote
[OK  ] 2025-11-20 expanded data present (prism_ppt_us_30s_20251120.tif)
[OK  ] 2025-11-19 metadata matches remote
[OK  ] 2025-11-19 expanded data present (prism_ppt_us_30s_20251119.tif)
[OK  ] 2025-11-18 metadata matches remote
[OK  ] 2025-11-18 expanded data present (prism_ppt_us_30s_20251118.tif)
[OK  ] 2025-11-17 metadata matches remote
[OK  ] 2025-11-17 expanded data present (prism_ppt_us_30s_20251117.tif)
[OK  ] 2025-11-16 metadata matches remote
[OK  ] 2025-11-16 expanded data present (prism_ppt_us_30s_20251116.tif)
[OK  ] 2025-11-15 metadata matches remote
[OK  ] 2025-11-15 expanded data present (prism_ppt_us_30s_20251115.tif)
[OK  ] 2025-11-14 metadata matches remote
[OK  ] 2025-11-14 expanded data present (prism_ppt_us_30s_20251114.tif)
[OK  ] 2025-11-13 metadata matches remote
[OK  ] 2025-11-13 expanded data present (prism_ppt_us_30s_20251113.tif)
[OK  ] 2025-11-12 metadata matches remote
[OK  ] 2025-11-12 expanded data present (prism_ppt_us_30s_20251112.tif)
[OK  ] 2025-11-11 metadata matches remote
[OK  ] 2025-11-11 expanded data present (prism_ppt_us_30s_20251111.tif)
[OK  ] 2025-11-10 metadata matches remote
[OK  ] 2025-11-10 expanded data present (prism_ppt_us_30s_20251110.tif)
[INFO] Pruning files outside the past window...
[PRUNE] Removed old folder → prism_ppt_us_30s_20251109
[PRUNE] Removed old file → prism_ppt_us_30s_20251109.meta.json
2025-12-10 05:00:20,516 | INFO | Running predict_daily_triple.py
2025-12-10 05:51:11,223 | INFO | Rainfall window: 2025-11-09 → 2025-12-08 (29 files, 1 missing → zero-filled).
Sampling rainfall at 2,452 PRISM grid cells…
Sampling static attributes at grid centers…
Running models…
/Users/wonjunchoi/PycharmProjects/realtime-buncombe/venv/lib/python3.9/site-packages/sklearn/utils/validation.py:2732: UserWarning: X has feature names, but RandomForestClassifier was fitted without feature names
  warnings.warn(
python(21100) MallocStackLogging: can't turn off malloc stack logging because it was not enabled.
ok: wrote 2,452 rows for 2025-12-09 (rainfall through 2025-12-08)
parquet: /Users/wonjunchoi/PycharmProjects/realtime-buncombe/predictions/historicData/2025/12/predictions_2025-12-09.parquet
geojson: /Users/wonjunchoi/PycharmProjects/realtime-buncombe/predictions/historicData/2025/12/map_2025-12-09.geojson
meta: /Users/wonjunchoi/PycharmProjects/realtime-buncombe/predictions/historicData/2025/12/meta_2025-12-09.json
latest: /Users/wonjunchoi/PycharmProjects/realtime-buncombe/predictions/latest.geojson, /Users/wonjunchoi/PycharmProjects/realtime-buncombe/predictions/latest.json
manifest: /Users/wonjunchoi/PycharmProjects/realtime-buncombe/predictions/index.json
2025-12-10 05:51:11,230 | INFO | Committing and pushing changes
2025-12-10 05:51:12,499 | INFO | [main 6245f82] Auto-update: rainfall & predictions @ 2025-12-10 05:51:11
 7 files changed, 141 insertions(+), 7 deletions(-)
 create mode 100644 predictions/historicData/2025/12/map_2025-12-09.geojson
 create mode 100644 predictions/historicData/2025/12/meta_2025-12-09.json
 create mode 100644 predictions/historicData/2025/12/predictions_2025-12-09.parquet
2025-12-10 05:51:17,545 | INFO | Locking support detected on remote "origin". Consider enabling it with:
  $ git config lfs.https://github.com-buncombe/WonjunChoi1004/realtime-buncombe.git/info/lfs.locksverify true
Uploading LFS objects: 100% (1/1), 103 KB | 0 B/s, done.
To github.com-buncombe:WonjunChoi1004/realtime-buncombe.git
   70c2c22..6245f82  main -> main
2025-12-10 05:51:17,546 | INFO | Push succeeded.
▶️ Running daily auto-update job...
✅ Already ran today, skipping.
✅ Already ran today, skipping.
✅ Already ran today, skipping.
✅ Already ran today, skipping.
✅ Already ran today, skipping.
✅ Already ran today, skipping.
2025-12-11 08:33:38,047 | WARNING | No internet connection — delaying run. Retrying in 15 minutes...
2025-12-11 10:28:44,585 | WARNING | No internet connection — delaying run. Retrying in 15 minutes...
2025-12-11 11:33:24,651 | WARNING | No internet connection — delaying run. Retrying in 15 minutes...
2025-12-11 12:27:25,483 | INFO | Internet connection detected. Proceeding with update.
2025-12-11 12:27:25,486 | INFO | Running download_prism_daily.py
2025-12-11 12:27:51,100 | INFO | /Users/wonjunchoi/PycharmProjects/realtime-buncombe/venv/lib/python3.9/site-packages/urllib3/__init__.py:35: NotOpenSSLWarning: urllib3 v2 only supports OpenSSL 1.1.1+, currently the 'ssl' module is compiled with 'LibreSSL 2.8.3'. See: https://github.com/urllib3/urllib3/issues/3020
  warnings.warn(
[GET ] 2025-12-10 → https://data.prism.oregonstate.edu/time_series/us/an/800m/ppt/daily/2025/prism_ppt_us_30s_20251210.zip
[DONE] Updated ZIP for 2025-12-10
[MISS] 2025-12-10 missing expanded .tif — extracting now.
[UNZIP] Extracted → /Users/wonjunchoi/PycharmProjects/realtime-buncombe/data/rain/prism_ppt_us_30s_20251210
[CLEAN] 2025-12-10 removed ZIP after extraction.
[GET ] 2025-12-09 → https://data.prism.oregonstate.edu/time_series/us/an/800m/ppt/daily/2025/prism_ppt_us_30s_20251209.zip
[DONE] Updated ZIP for 2025-12-09
[MISS] 2025-12-09 missing expanded .tif — extracting now.
[UNZIP] Extracted → /Users/wonjunchoi/PycharmProjects/realtime-buncombe/data/rain/prism_ppt_us_30s_20251209
[CLEAN] 2025-12-09 removed ZIP after extraction.
[OK  ] 2025-12-08 metadata matches remote
[OK  ] 2025-12-08 expanded data present (prism_ppt_us_30s_20251208.tif)
[OK  ] 2025-12-07 metadata matches remote
[OK  ] 2025-12-07 expanded data present (prism_ppt_us_30s_20251207.tif)
[CLEAN] 2025-12-06 removed old expanded folder → prism_ppt_us_30s_20251206
[GET ] 2025-12-06 → https://data.prism.oregonstate.edu/time_series/us/an/800m/ppt/daily/2025/prism_ppt_us_30s_20251206.zip
[DONE] Updated ZIP for 2025-12-06
[MISS] 2025-12-06 missing expanded .tif — extracting now.
[UNZIP] Extracted → /Users/wonjunchoi/PycharmProjects/realtime-buncombe/data/rain/prism_ppt_us_30s_20251206
[CLEAN] 2025-12-06 removed ZIP after extraction.
[CLEAN] 2025-12-05 removed old expanded folder → prism_ppt_us_30s_20251205
[GET ] 2025-12-05 → https://data.prism.oregonstate.edu/time_series/us/an/800m/ppt/daily/2025/prism_ppt_us_30s_20251205.zip
[DONE] Updated ZIP for 2025-12-05
[MISS] 2025-12-05 missing expanded .tif — extracting now.
[UNZIP] Extracted → /Users/wonjunchoi/PycharmProjects/realtime-buncombe/data/rain/prism_ppt_us_30s_20251205
[CLEAN] 2025-12-05 removed ZIP after extraction.
[OK  ] 2025-12-04 metadata matches remote
[OK  ] 2025-12-04 expanded data present (prism_ppt_us_30s_20251204.tif)
[OK  ] 2025-12-03 metadata matches remote
[OK  ] 2025-12-03 expanded data present (prism_ppt_us_30s_20251203.tif)
[OK  ] 2025-12-02 metadata matches remote
[OK  ] 2025-12-02 expanded data present (prism_ppt_us_30s_20251202.tif)
[OK  ] 2025-12-01 metadata matches remote
[OK  ] 2025-12-01 expanded data present (prism_ppt_us_30s_20251201.tif)
[OK  ] 2025-11-30 metadata matches remote
[OK  ] 2025-11-30 expanded data present (prism_ppt_us_30s_20251130.tif)
[OK  ] 2025-11-29 metadata matches remote
[OK  ] 2025-11-29 expanded data present (prism_ppt_us_30s_20251129.tif)
[OK  ] 2025-11-28 metadata matches remote
[OK  ] 2025-11-28 expanded data present (prism_ppt_us_30s_20251128.tif)
[OK  ] 2025-11-27 metadata matches remote
[OK  ] 2025-11-27 expanded data present (prism_ppt_us_30s_20251127.tif)
[OK  ] 2025-11-26 metadata matches remote
[OK  ] 2025-11-26 expanded data present (prism_ppt_us_30s_20251126.tif)
[OK  ] 2025-11-25 metadata matches remote
[OK  ] 2025-11-25 expanded data present (prism_ppt_us_30s_20251125.tif)
[OK  ] 2025-11-24 metadata matches remote
[OK  ] 2025-11-24 expanded data present (prism_ppt_us_30s_20251124.tif)
[OK  ] 2025-11-23 metadata matches remote
[OK  ] 2025-11-23 expanded data present (prism_ppt_us_30s_20251123.tif)
[OK  ] 2025-11-22 metadata matches remote
[OK  ] 2025-11-22 expanded data present (prism_ppt_us_30s_20251122.tif)
[OK  ] 2025-11-21 metadata matches remote
[OK  ] 2025-11-21 expanded data present (prism_ppt_us_30s_20251121.tif)
[OK  ] 2025-11-20 metadata matches remote
[OK  ] 2025-11-20 expanded data present (prism_ppt_us_30s_20251120.tif)
[OK  ] 2025-11-19 metadata matches remote
[OK  ] 2025-11-19 expanded data present (prism_ppt_us_30s_20251119.tif)
[OK  ] 2025-11-18 metadata matches remote
[OK  ] 2025-11-18 expanded data present (prism_ppt_us_30s_20251118.tif)
[OK  ] 2025-11-17 metadata matches remote
[OK  ] 2025-11-17 expanded data present (prism_ppt_us_30s_20251117.tif)
[OK  ] 2025-11-16 metadata matches remote
[OK  ] 2025-11-16 expanded data present (prism_ppt_us_30s_20251116.tif)
[OK  ] 2025-11-15 metadata matches remote
[OK  ] 2025-11-15 expanded data present (prism_ppt_us_30s_20251115.tif)
[OK  ] 2025-11-14 metadata matches remote
[OK  ] 2025-11-14 expanded data present (prism_ppt_us_30s_20251114.tif)
[OK  ] 2025-11-13 metadata matches remote
[OK  ] 2025-11-13 expanded data present (prism_ppt_us_30s_20251113.tif)
[OK  ] 2025-11-12 metadata matches remote
[OK  ] 2025-11-12 expanded data present (prism_ppt_us_30s_20251112.tif)
[OK  ] 2025-11-11 metadata matches remote
[OK  ] 2025-11-11 expanded data present (prism_ppt_us_30s_20251111.tif)
[INFO] Pruning files outside the past window...
[PRUNE] Removed old folder → prism_ppt_us_30s_20251110
[PRUNE] Removed old file → prism_ppt_us_30s_20251110.meta.json
2025-12-11 12:27:51,101 | INFO | Running predict_daily_triple.py
2025-12-11 12:52:02,531 | INFO | Rainfall window: 2025-11-11 → 2025-12-10 (30 files, 0 missing → zero-filled).
Sampling rainfall at 2,452 PRISM grid cells…
Sampling static attributes at grid centers…
Running models…
/Users/wonjunchoi/PycharmProjects/realtime-buncombe/venv/lib/python3.9/site-packages/sklearn/utils/validation.py:2732: UserWarning: X has feature names, but RandomForestClassifier was fitted without feature names
  warnings.warn(
ok: wrote 2,452 rows for 2025-12-10 (rainfall through 2025-12-10)
parquet: /Users/wonjunchoi/PycharmProjects/realtime-buncombe/predictions/historicData/2025/12/predictions_2025-12-10.parquet
geojson: /Users/wonjunchoi/PycharmProjects/realtime-buncombe/predictions/historicData/2025/12/map_2025-12-10.geojson
meta: /Users/wonjunchoi/PycharmProjects/realtime-buncombe/predictions/historicData/2025/12/meta_2025-12-10.json
latest: /Users/wonjunchoi/PycharmProjects/realtime-buncombe/predictions/latest.geojson, /Users/wonjunchoi/PycharmProjects/realtime-buncombe/predictions/latest.json
manifest: /Users/wonjunchoi/PycharmProjects/realtime-buncombe/predictions/index.json
2025-12-11 12:52:02,534 | INFO | Committing and pushing changes
2025-12-11 12:52:03,327 | INFO | [main 400e8ea] Auto-update: rainfall & predictions @ 2025-12-11 12:52:02
 7 files changed, 149 insertions(+), 7 deletions(-)
 create mode 100644 predictions/historicData/2025/12/map_2025-12-10.geojson
 create mode 100644 predictions/historicData/2025/12/meta_2025-12-10.json
 create mode 100644 predictions/historicData/2025/12/predictions_2025-12-10.parquet
2025-12-11 12:52:07,944 | INFO | Locking support detected on remote "origin". Consider enabling it with:
  $ git config lfs.https://github.com-buncombe/WonjunChoi1004/realtime-buncombe.git/info/lfs.locksverify true
Uploading LFS objects: 100% (1/1), 95 KB | 0 B/s, done.
To github.com-buncombe:WonjunChoi1004/realtime-buncombe.git
   6245f82..400e8ea  main -> main
2025-12-11 12:52:07,945 | INFO | Push succeeded.
▶️ Running daily auto-update job...
✅ Already ran today, skipping.
✅ Already ran today, skipping.
✅ Already ran today, skipping.
✅ Already ran today, skipping.
2025-12-12 03:05:47,195 | WARNING | No internet connection — delaying run. Retrying in 15 minutes...
2025-12-12 04:50:37,012 | WARNING | No internet connection — delaying run. Retrying in 15 minutes...
2025-12-12 08:15:37,887 | INFO | Internet connection detected. Proceeding with update.
2025-12-12 08:15:37,996 | INFO | Running download_prism_daily.py
2025-12-12 08:16:11,249 | INFO | /Users/wonjunchoi/PycharmProjects/realtime-buncombe/venv/lib/python3.9/site-packages/urllib3/__init__.py:35: NotOpenSSLWarning: urllib3 v2 only supports OpenSSL 1.1.1+, currently the 'ssl' module is compiled with 'LibreSSL 2.8.3'. See: https://github.com/urllib3/urllib3/issues/3020
  warnings.warn(
[GET ] 2025-12-11 → https://data.prism.oregonstate.edu/time_series/us/an/800m/ppt/daily/2025/prism_ppt_us_30s_20251211.zip
[DONE] Updated ZIP for 2025-12-11
[MISS] 2025-12-11 missing expanded .tif — extracting now.
[UNZIP] Extracted → /Users/wonjunchoi/PycharmProjects/realtime-buncombe/data/rain/prism_ppt_us_30s_20251211
[CLEAN] 2025-12-11 removed ZIP after extraction.
[OK  ] 2025-12-10 metadata matches remote
[OK  ] 2025-12-10 expanded data present (prism_ppt_us_30s_20251210.tif)
[OK  ] 2025-12-09 metadata matches remote
[OK  ] 2025-12-09 expanded data present (prism_ppt_us_30s_20251209.tif)
[OK  ] 2025-12-08 metadata matches remote
[OK  ] 2025-12-08 expanded data present (prism_ppt_us_30s_20251208.tif)
[CLEAN] 2025-12-07 removed old expanded folder → prism_ppt_us_30s_20251207
[GET ] 2025-12-07 → https://data.prism.oregonstate.edu/time_series/us/an/800m/ppt/daily/2025/prism_ppt_us_30s_20251207.zip
[DONE] Updated ZIP for 2025-12-07
[MISS] 2025-12-07 missing expanded .tif — extracting now.
[UNZIP] Extracted → /Users/wonjunchoi/PycharmProjects/realtime-buncombe/data/rain/prism_ppt_us_30s_20251207
[CLEAN] 2025-12-07 removed ZIP after extraction.
[OK  ] 2025-12-06 metadata matches remote
[OK  ] 2025-12-06 expanded data present (prism_ppt_us_30s_20251206.tif)
[OK  ] 2025-12-05 metadata matches remote
[OK  ] 2025-12-05 expanded data present (prism_ppt_us_30s_20251205.tif)
[OK  ] 2025-12-04 metadata matches remote
[OK  ] 2025-12-04 expanded data present (prism_ppt_us_30s_20251204.tif)
[OK  ] 2025-12-03 metadata matches remote
[OK  ] 2025-12-03 expanded data present (prism_ppt_us_30s_20251203.tif)
[OK  ] 2025-12-02 metadata matches remote
[OK  ] 2025-12-02 expanded data present (prism_ppt_us_30s_20251202.tif)
[OK  ] 2025-12-01 metadata matches remote
[OK  ] 2025-12-01 expanded data present (prism_ppt_us_30s_20251201.tif)
[OK  ] 2025-11-30 metadata matches remote
[OK  ] 2025-11-30 expanded data present (prism_ppt_us_30s_20251130.tif)
[OK  ] 2025-11-29 metadata matches remote
[OK  ] 2025-11-29 expanded data present (prism_ppt_us_30s_20251129.tif)
[OK  ] 2025-11-28 metadata matches remote
[OK  ] 2025-11-28 expanded data present (prism_ppt_us_30s_20251128.tif)
[OK  ] 2025-11-27 metadata matches remote
[OK  ] 2025-11-27 expanded data present (prism_ppt_us_30s_20251127.tif)
[OK  ] 2025-11-26 metadata matches remote
[OK  ] 2025-11-26 expanded data present (prism_ppt_us_30s_20251126.tif)
[OK  ] 2025-11-25 metadata matches remote
[OK  ] 2025-11-25 expanded data present (prism_ppt_us_30s_20251125.tif)
[OK  ] 2025-11-24 metadata matches remote
[OK  ] 2025-11-24 expanded data present (prism_ppt_us_30s_20251124.tif)
[OK  ] 2025-11-23 metadata matches remote
[OK  ] 2025-11-23 expanded data present (prism_ppt_us_30s_20251123.tif)
[OK  ] 2025-11-22 metadata matches remote
[OK  ] 2025-11-22 expanded data present (prism_ppt_us_30s_20251122.tif)
[OK  ] 2025-11-21 metadata matches remote
[OK  ] 2025-11-21 expanded data present (prism_ppt_us_30s_20251121.tif)
[OK  ] 2025-11-20 metadata matches remote
[OK  ] 2025-11-20 expanded data present (prism_ppt_us_30s_20251120.tif)
[OK  ] 2025-11-19 metadata matches remote
[OK  ] 2025-11-19 expanded data present (prism_ppt_us_30s_20251119.tif)
[OK  ] 2025-11-18 metadata matches remote
[OK  ] 2025-11-18 expanded data present (prism_ppt_us_30s_20251118.tif)
[OK  ] 2025-11-17 metadata matches remote
[OK  ] 2025-11-17 expanded data present (prism_ppt_us_30s_20251117.tif)
[OK  ] 2025-11-16 metadata matches remote
[OK  ] 2025-11-16 expanded data present (prism_ppt_us_30s_20251116.tif)
[OK  ] 2025-11-15 metadata matches remote
[OK  ] 2025-11-15 expanded data present (prism_ppt_us_30s_20251115.tif)
[OK  ] 2025-11-14 metadata matches remote
[OK  ] 2025-11-14 expanded data present (prism_ppt_us_30s_20251114.tif)
[OK  ] 2025-11-13 metadata matches remote
[OK  ] 2025-11-13 expanded data present (prism_ppt_us_30s_20251113.tif)
[OK  ] 2025-11-12 metadata matches remote
[OK  ] 2025-11-12 expanded data present (prism_ppt_us_30s_20251112.tif)
[INFO] Pruning files outside the past window...
[PRUNE] Removed old folder → prism_ppt_us_30s_20251111
[PRUNE] Removed old file → prism_ppt_us_30s_20251111.meta.json
2025-12-12 08:16:11,300 | INFO | Running predict_daily_triple.py
2025-12-12 08:22:28,622 | WARNING | No internet connection — delaying run. Retrying in 15 minutes...
2025-12-12 08:44:29,494 | INFO | Internet connection detected. Proceeding with update.
2025-12-12 08:44:29,497 | INFO | Running download_prism_daily.py
2025-12-12 08:44:41,633 | INFO | /Users/wonjunchoi/PycharmProjects/realtime-buncombe/venv/lib/python3.9/site-packages/urllib3/__init__.py:35: NotOpenSSLWarning: urllib3 v2 only supports OpenSSL 1.1.1+, currently the 'ssl' module is compiled with 'LibreSSL 2.8.3'. See: https://github.com/urllib3/urllib3/issues/3020
  warnings.warn(
[OK  ] 2025-12-11 metadata matches remote
[OK  ] 2025-12-11 expanded data present (prism_ppt_us_30s_20251211.tif)
[OK  ] 2025-12-10 metadata matches remote
[OK  ] 2025-12-10 expanded data present (prism_ppt_us_30s_20251210.tif)
[OK  ] 2025-12-09 metadata matches remote
[OK  ] 2025-12-09 expanded data present (prism_ppt_us_30s_20251209.tif)
[OK  ] 2025-12-08 metadata matches remote
[OK  ] 2025-12-08 expanded data present (prism_ppt_us_30s_20251208.tif)
[OK  ] 2025-12-07 metadata matches remote
[OK  ] 2025-12-07 expanded data present (prism_ppt_us_30s_20251207.tif)
[OK  ] 2025-12-06 metadata matches remote
[OK  ] 2025-12-06 expanded data present (prism_ppt_us_30s_20251206.tif)
[OK  ] 2025-12-05 metadata matches remote
[OK  ] 2025-12-05 expanded data present (prism_ppt_us_30s_20251205.tif)
[OK  ] 2025-12-04 metadata matches remote
[OK  ] 2025-12-04 expanded data present (prism_ppt_us_30s_20251204.tif)
[OK  ] 2025-12-03 metadata matches remote
[OK  ] 2025-12-03 expanded data present (prism_ppt_us_30s_20251203.tif)
[OK  ] 2025-12-02 metadata matches remote
[OK  ] 2025-12-02 expanded data present (prism_ppt_us_30s_20251202.tif)
[OK  ] 2025-12-01 metadata matches remote
[OK  ] 2025-12-01 expanded data present (prism_ppt_us_30s_20251201.tif)
[OK  ] 2025-11-30 metadata matches remote
[OK  ] 2025-11-30 expanded data present (prism_ppt_us_30s_20251130.tif)
[OK  ] 2025-11-29 metadata matches remote
[OK  ] 2025-11-29 expanded data present (prism_ppt_us_30s_20251129.tif)
[OK  ] 2025-11-28 metadata matches remote
[OK  ] 2025-11-28 expanded data present (prism_ppt_us_30s_20251128.tif)
[OK  ] 2025-11-27 metadata matches remote
[OK  ] 2025-11-27 expanded data present (prism_ppt_us_30s_20251127.tif)
[OK  ] 2025-11-26 metadata matches remote
[OK  ] 2025-11-26 expanded data present (prism_ppt_us_30s_20251126.tif)
[OK  ] 2025-11-25 metadata matches remote
[OK  ] 2025-11-25 expanded data present (prism_ppt_us_30s_20251125.tif)
[OK  ] 2025-11-24 metadata matches remote
[OK  ] 2025-11-24 expanded data present (prism_ppt_us_30s_20251124.tif)
[OK  ] 2025-11-23 metadata matches remote
[OK  ] 2025-11-23 expanded data present (prism_ppt_us_30s_20251123.tif)
[OK  ] 2025-11-22 metadata matches remote
[OK  ] 2025-11-22 expanded data present (prism_ppt_us_30s_20251122.tif)
[OK  ] 2025-11-21 metadata matches remote
[OK  ] 2025-11-21 expanded data present (prism_ppt_us_30s_20251121.tif)
[OK  ] 2025-11-20 metadata matches remote
[OK  ] 2025-11-20 expanded data present (prism_ppt_us_30s_20251120.tif)
[OK  ] 2025-11-19 metadata matches remote
[OK  ] 2025-11-19 expanded data present (prism_ppt_us_30s_20251119.tif)
[OK  ] 2025-11-18 metadata matches remote
[OK  ] 2025-11-18 expanded data present (prism_ppt_us_30s_20251118.tif)
[OK  ] 2025-11-17 metadata matches remote
[OK  ] 2025-11-17 expanded data present (prism_ppt_us_30s_20251117.tif)
[OK  ] 2025-11-16 metadata matches remote
[OK  ] 2025-11-16 expanded data present (prism_ppt_us_30s_20251116.tif)
[OK  ] 2025-11-15 metadata matches remote
[OK  ] 2025-11-15 expanded data present (prism_ppt_us_30s_20251115.tif)
[OK  ] 2025-11-14 metadata matches remote
[OK  ] 2025-11-14 expanded data present (prism_ppt_us_30s_20251114.tif)
[OK  ] 2025-11-13 metadata matches remote
[OK  ] 2025-11-13 expanded data present (prism_ppt_us_30s_20251113.tif)
[OK  ] 2025-11-12 metadata matches remote
[OK  ] 2025-11-12 expanded data present (prism_ppt_us_30s_20251112.tif)
[INFO] Pruning files outside the past window...
2025-12-12 08:44:41,634 | INFO | Running predict_daily_triple.py
2025-12-12 09:08:25,391 | INFO | Rainfall window: 2025-11-12 → 2025-12-11 (30 files, 0 missing → zero-filled).
Sampling rainfall at 2,452 PRISM grid cells…
Sampling static attributes at grid centers…
Running models…
/Users/wonjunchoi/PycharmProjects/realtime-buncombe/venv/lib/python3.9/site-packages/sklearn/utils/validation.py:2732: UserWarning: X has feature names, but RandomForestClassifier was fitted without feature names
  warnings.warn(
ok: wrote 2,452 rows for 2025-12-11 (rainfall through 2025-12-11)
parquet: /Users/wonjunchoi/PycharmProjects/realtime-buncombe/predictions/historicData/2025/12/predictions_2025-12-11.parquet
geojson: /Users/wonjunchoi/PycharmProjects/realtime-buncombe/predictions/historicData/2025/12/map_2025-12-11.geojson
meta: /Users/wonjunchoi/PycharmProjects/realtime-buncombe/predictions/historicData/2025/12/meta_2025-12-11.json
latest: /Users/wonjunchoi/PycharmProjects/realtime-buncombe/predictions/latest.geojson, /Users/wonjunchoi/PycharmProjects/realtime-buncombe/predictions/latest.json
manifest: /Users/wonjunchoi/PycharmProjects/realtime-buncombe/predictions/index.json
2025-12-12 09:08:25,392 | INFO | Committing and pushing changes
2025-12-12 09:08:26,061 | INFO | [main 9a6139c] Auto-update: rainfall & predictions @ 2025-12-12 09:08:25
 7 files changed, 206 insertions(+), 7 deletions(-)
 create mode 100644 predictions/historicData/2025/12/map_2025-12-11.geojson
 create mode 100644 predictions/historicData/2025/12/meta_2025-12-11.json
 create mode 100644 predictions/historicData/2025/12/predictions_2025-12-11.parquet
2025-12-12 09:08:36,129 | INFO | Locking support detected on remote "origin". Consider enabling it with:
  $ git config lfs.https://github.com-buncombe/WonjunChoi1004/realtime-buncombe.git/info/lfs.locksverify true
Uploading LFS objects: 100% (1/1), 105 KB | 0 B/s, done.
To github.com-buncombe:WonjunChoi1004/realtime-buncombe.git
   400e8ea..9a6139c  main -> main
2025-12-12 09:08:36,130 | INFO | Push succeeded.
▶️ Running daily auto-update job...
✅ Already ran today, skipping.
2025-12-13 05:00:00,585 | INFO | Internet connection detected. Proceeding with update.
2025-12-13 05:00:00,586 | INFO | Running download_prism_daily.py
2025-12-13 05:00:20,397 | INFO | /Users/wonjunchoi/PycharmProjects/realtime-buncombe/venv/lib/python3.9/site-packages/urllib3/__init__.py:35: NotOpenSSLWarning: urllib3 v2 only supports OpenSSL 1.1.1+, currently the 'ssl' module is compiled with 'LibreSSL 2.8.3'. See: https://github.com/urllib3/urllib3/issues/3020
  warnings.warn(
[SKIP] 2025-12-12 not found online.
[OK  ] 2025-12-11 metadata matches remote
[OK  ] 2025-12-11 expanded data present (prism_ppt_us_30s_20251211.tif)
[OK  ] 2025-12-10 metadata matches remote
[OK  ] 2025-12-10 expanded data present (prism_ppt_us_30s_20251210.tif)
[OK  ] 2025-12-09 metadata matches remote
[OK  ] 2025-12-09 expanded data present (prism_ppt_us_30s_20251209.tif)
[OK  ] 2025-12-08 metadata matches remote
[OK  ] 2025-12-08 expanded data present (prism_ppt_us_30s_20251208.tif)
[OK  ] 2025-12-07 metadata matches remote
[OK  ] 2025-12-07 expanded data present (prism_ppt_us_30s_20251207.tif)
[OK  ] 2025-12-06 metadata matches remote
[OK  ] 2025-12-06 expanded data present (prism_ppt_us_30s_20251206.tif)
[OK  ] 2025-12-05 metadata matches remote
[OK  ] 2025-12-05 expanded data present (prism_ppt_us_30s_20251205.tif)
[OK  ] 2025-12-04 metadata matches remote
[OK  ] 2025-12-04 expanded data present (prism_ppt_us_30s_20251204.tif)
[OK  ] 2025-12-03 metadata matches remote
[OK  ] 2025-12-03 expanded data present (prism_ppt_us_30s_20251203.tif)
[OK  ] 2025-12-02 metadata matches remote
[OK  ] 2025-12-02 expanded data present (prism_ppt_us_30s_20251202.tif)
[OK  ] 2025-12-01 metadata matches remote
[OK  ] 2025-12-01 expanded data present (prism_ppt_us_30s_20251201.tif)
[OK  ] 2025-11-30 metadata matches remote
[OK  ] 2025-11-30 expanded data present (prism_ppt_us_30s_20251130.tif)
[OK  ] 2025-11-29 metadata matches remote
[OK  ] 2025-11-29 expanded data present (prism_ppt_us_30s_20251129.tif)
[OK  ] 2025-11-28 metadata matches remote
[OK  ] 2025-11-28 expanded data present (prism_ppt_us_30s_20251128.tif)
[OK  ] 2025-11-27 metadata matches remote
[OK  ] 2025-11-27 expanded data present (prism_ppt_us_30s_20251127.tif)
[OK  ] 2025-11-26 metadata matches remote
[OK  ] 2025-11-26 expanded data present (prism_ppt_us_30s_20251126.tif)
[OK  ] 2025-11-25 metadata matches remote
[OK  ] 2025-11-25 expanded data present (prism_ppt_us_30s_20251125.tif)
[OK  ] 2025-11-24 metadata matches remote
[OK  ] 2025-11-24 expanded data present (prism_ppt_us_30s_20251124.tif)
[OK  ] 2025-11-23 metadata matches remote
[OK  ] 2025-11-23 expanded data present (prism_ppt_us_30s_20251123.tif)
[OK  ] 2025-11-22 metadata matches remote
[OK  ] 2025-11-22 expanded data present (prism_ppt_us_30s_20251122.tif)
[OK  ] 2025-11-21 metadata matches remote
[OK  ] 2025-11-21 expanded data present (prism_ppt_us_30s_20251121.tif)
[OK  ] 2025-11-20 metadata matches remote
[OK  ] 2025-11-20 expanded data present (prism_ppt_us_30s_20251120.tif)
[OK  ] 2025-11-19 metadata matches remote
[OK  ] 2025-11-19 expanded data present (prism_ppt_us_30s_20251119.tif)
[OK  ] 2025-11-18 metadata matches remote
[OK  ] 2025-11-18 expanded data present (prism_ppt_us_30s_20251118.tif)
[OK  ] 2025-11-17 metadata matches remote
[OK  ] 2025-11-17 expanded data present (prism_ppt_us_30s_20251117.tif)
[OK  ] 2025-11-16 metadata matches remote
[OK  ] 2025-11-16 expanded data present (prism_ppt_us_30s_20251116.tif)
[OK  ] 2025-11-15 metadata matches remote
[OK  ] 2025-11-15 expanded data present (prism_ppt_us_30s_20251115.tif)
[OK  ] 2025-11-14 metadata matches remote
[OK  ] 2025-11-14 expanded data present (prism_ppt_us_30s_20251114.tif)
[OK  ] 2025-11-13 metadata matches remote
[OK  ] 2025-11-13 expanded data present (prism_ppt_us_30s_20251113.tif)
[INFO] Pruning files outside the past window...
[PRUNE] Removed old file → prism_ppt_us_30s_20251112.meta.json
[PRUNE] Removed old folder → prism_ppt_us_30s_20251112
2025-12-13 05:00:20,398 | INFO | Running predict_daily_triple.py
2025-12-13 05:26:09,256 | INFO | Rainfall window: 2025-11-12 → 2025-12-11 (29 files, 1 missing → zero-filled).
Sampling rainfall at 2,452 PRISM grid cells…
Sampling static attributes at grid centers…
Running models…
/Users/wonjunchoi/PycharmProjects/realtime-buncombe/venv/lib/python3.9/site-packages/sklearn/utils/validation.py:2732: UserWarning: X has feature names, but RandomForestClassifier was fitted without feature names
  warnings.warn(
python(30119) MallocStackLogging: can't turn off malloc stack logging because it was not enabled.
ok: wrote 2,452 rows for 2025-12-12 (rainfall through 2025-12-11)
parquet: /Users/wonjunchoi/PycharmProjects/realtime-buncombe/predictions/historicData/2025/12/predictions_2025-12-12.parquet
geojson: /Users/wonjunchoi/PycharmProjects/realtime-buncombe/predictions/historicData/2025/12/map_2025-12-12.geojson
meta: /Users/wonjunchoi/PycharmProjects/realtime-buncombe/predictions/historicData/2025/12/meta_2025-12-12.json
latest: /Users/wonjunchoi/PycharmProjects/realtime-buncombe/predictions/latest.geojson, /Users/wonjunchoi/PycharmProjects/realtime-buncombe/predictions/latest.json
manifest: /Users/wonjunchoi/PycharmProjects/realtime-buncombe/predictions/index.json
2025-12-13 05:26:09,259 | INFO | Committing and pushing changes
2025-12-13 05:26:10,030 | INFO | [main b438d93] Auto-update: rainfall & predictions @ 2025-12-13 05:26:09
 7 files changed, 126 insertions(+), 6 deletions(-)
 create mode 100644 predictions/historicData/2025/12/map_2025-12-12.geojson
 create mode 100644 predictions/historicData/2025/12/meta_2025-12-12.json
 create mode 100644 predictions/historicData/2025/12/predictions_2025-12-12.parquet
2025-12-13 05:26:24,694 | INFO | Locking support detected on remote "origin". Consider enabling it with:
  $ git config lfs.https://github.com-buncombe/WonjunChoi1004/realtime-buncombe.git/info/lfs.locksverify true
Uploading LFS objects: 100% (1/1), 105 KB | 0 B/s, done.
To github.com-buncombe:WonjunChoi1004/realtime-buncombe.git
   9a6139c..b438d93  main -> main
2025-12-13 05:26:24,695 | INFO | Push succeeded.
▶️ Running daily auto-update job...
2025-12-14 14:12:14,648 | WARNING | No internet connection — delaying run. Retrying in 15 minutes...
2025-12-14 14:14:55,786 | WARNING | No internet connection — delaying run. Retrying in 15 minutes...
2025-12-14 15:41:33,724 | INFO | Internet connection detected. Proceeding with update.
2025-12-14 15:41:33,728 | INFO | Running download_prism_daily.py
2025-12-14 15:45:43,423 | INFO | /Users/wonjunchoi/PycharmProjects/realtime-buncombe/venv/lib/python3.9/site-packages/urllib3/__init__.py:35: NotOpenSSLWarning: urllib3 v2 only supports OpenSSL 1.1.1+, currently the 'ssl' module is compiled with 'LibreSSL 2.8.3'. See: https://github.com/urllib3/urllib3/issues/3020
  warnings.warn(
[ERR ] 2025-12-13 HTTPSConnectionPool(host='data.prism.oregonstate.edu', port=443): Read timed out. (read timeout=30)
[GET ] 2025-12-12 → https://data.prism.oregonstate.edu/time_series/us/an/800m/ppt/daily/2025/prism_ppt_us_30s_20251212.zip
[DONE] Updated ZIP for 2025-12-12
[MISS] 2025-12-12 missing expanded .tif — extracting now.
[UNZIP] Extracted → /Users/wonjunchoi/PycharmProjects/realtime-buncombe/data/rain/prism_ppt_us_30s_20251212
[CLEAN] 2025-12-12 removed ZIP after extraction.
[OK  ] 2025-12-11 metadata matches remote
[OK  ] 2025-12-11 expanded data present (prism_ppt_us_30s_20251211.tif)
[OK  ] 2025-12-10 metadata matches remote
[OK  ] 2025-12-10 expanded data present (prism_ppt_us_30s_20251210.tif)
[CLEAN] 2025-12-09 removed old expanded folder → prism_ppt_us_30s_20251209
[GET ] 2025-12-09 → https://data.prism.oregonstate.edu/time_series/us/an/800m/ppt/daily/2025/prism_ppt_us_30s_20251209.zip
[DONE] Updated ZIP for 2025-12-09
[MISS] 2025-12-09 missing expanded .tif — extracting now.
[UNZIP] Extracted → /Users/wonjunchoi/PycharmProjects/realtime-buncombe/data/rain/prism_ppt_us_30s_20251209
[CLEAN] 2025-12-09 removed ZIP after extraction.
[CLEAN] 2025-12-08 removed old expanded folder → prism_ppt_us_30s_20251208
[GET ] 2025-12-08 → https://data.prism.oregonstate.edu/time_series/us/an/800m/ppt/daily/2025/prism_ppt_us_30s_20251208.zip
[DONE] Updated ZIP for 2025-12-08
[MISS] 2025-12-08 missing expanded .tif — extracting now.
[UNZIP] Extracted → /Users/wonjunchoi/PycharmProjects/realtime-buncombe/data/rain/prism_ppt_us_30s_20251208
[CLEAN] 2025-12-08 removed ZIP after extraction.
[OK  ] 2025-12-07 metadata matches remote
[OK  ] 2025-12-07 expanded data present (prism_ppt_us_30s_20251207.tif)
[OK  ] 2025-12-06 metadata matches remote
[OK  ] 2025-12-06 expanded data present (prism_ppt_us_30s_20251206.tif)
[OK  ] 2025-12-05 metadata matches remote
[OK  ] 2025-12-05 expanded data present (prism_ppt_us_30s_20251205.tif)
[OK  ] 2025-12-04 metadata matches remote
[OK  ] 2025-12-04 expanded data present (prism_ppt_us_30s_20251204.tif)
[OK  ] 2025-12-03 metadata matches remote
[OK  ] 2025-12-03 expanded data present (prism_ppt_us_30s_20251203.tif)
[OK  ] 2025-12-02 metadata matches remote
[OK  ] 2025-12-02 expanded data present (prism_ppt_us_30s_20251202.tif)
[OK  ] 2025-12-01 metadata matches remote
[OK  ] 2025-12-01 expanded data present (prism_ppt_us_30s_20251201.tif)
[OK  ] 2025-11-30 metadata matches remote
[OK  ] 2025-11-30 expanded data present (prism_ppt_us_30s_20251130.tif)
[OK  ] 2025-11-29 metadata matches remote
[OK  ] 2025-11-29 expanded data present (prism_ppt_us_30s_20251129.tif)
[OK  ] 2025-11-28 metadata matches remote
[OK  ] 2025-11-28 expanded data present (prism_ppt_us_30s_20251128.tif)
[OK  ] 2025-11-27 metadata matches remote
[OK  ] 2025-11-27 expanded data present (prism_ppt_us_30s_20251127.tif)
[OK  ] 2025-11-26 metadata matches remote
[OK  ] 2025-11-26 expanded data present (prism_ppt_us_30s_20251126.tif)
[OK  ] 2025-11-25 metadata matches remote
[OK  ] 2025-11-25 expanded data present (prism_ppt_us_30s_20251125.tif)
[OK  ] 2025-11-24 metadata matches remote
[OK  ] 2025-11-24 expanded data present (prism_ppt_us_30s_20251124.tif)
[OK  ] 2025-11-23 metadata matches remote
[OK  ] 2025-11-23 expanded data present (prism_ppt_us_30s_20251123.tif)
[OK  ] 2025-11-22 metadata matches remote
[OK  ] 2025-11-22 expanded data present (prism_ppt_us_30s_20251122.tif)
[OK  ] 2025-11-21 metadata matches remote
[OK  ] 2025-11-21 expanded data present (prism_ppt_us_30s_20251121.tif)
[OK  ] 2025-11-20 metadata matches remote
[OK  ] 2025-11-20 expanded data present (prism_ppt_us_30s_20251120.tif)
[OK  ] 2025-11-19 metadata matches remote
[OK  ] 2025-11-19 expanded data present (prism_ppt_us_30s_20251119.tif)
[OK  ] 2025-11-18 metadata matches remote
[OK  ] 2025-11-18 expanded data present (prism_ppt_us_30s_20251118.tif)
[OK  ] 2025-11-17 metadata matches remote
[OK  ] 2025-11-17 expanded data present (prism_ppt_us_30s_20251117.tif)
[OK  ] 2025-11-16 metadata matches remote
[OK  ] 2025-11-16 expanded data present (prism_ppt_us_30s_20251116.tif)
[OK  ] 2025-11-15 metadata matches remote
[OK  ] 2025-11-15 expanded data present (prism_ppt_us_30s_20251115.tif)
[OK  ] 2025-11-14 metadata matches remote
[OK  ] 2025-11-14 expanded data present (prism_ppt_us_30s_20251114.tif)
[INFO] Pruning files outside the past window...
[PRUNE] Removed old file → prism_ppt_us_30s_20251113.meta.json
[PRUNE] Removed old folder → prism_ppt_us_30s_20251113
2025-12-14 15:45:43,425 | INFO | Running predict_daily_triple.py
2025-12-14 16:08:45,590 | INFO | Rainfall window: 2025-11-13 → 2025-12-12 (29 files, 1 missing → zero-filled).
Sampling rainfall at 2,452 PRISM grid cells…
Sampling static attributes at grid centers…
Running models…
/Users/wonjunchoi/PycharmProjects/realtime-buncombe/venv/lib/python3.9/site-packages/sklearn/utils/validation.py:2732: UserWarning: X has feature names, but RandomForestClassifier was fitted without feature names
  warnings.warn(
ok: wrote 2,452 rows for 2025-12-13 (rainfall through 2025-12-12)
parquet: /Users/wonjunchoi/PycharmProjects/realtime-buncombe/predictions/historicData/2025/12/predictions_2025-12-13.parquet
geojson: /Users/wonjunchoi/PycharmProjects/realtime-buncombe/predictions/historicData/2025/12/map_2025-12-13.geojson
meta: /Users/wonjunchoi/PycharmProjects/realtime-buncombe/predictions/historicData/2025/12/meta_2025-12-13.json
latest: /Users/wonjunchoi/PycharmProjects/realtime-buncombe/predictions/latest.geojson, /Users/wonjunchoi/PycharmProjects/realtime-buncombe/predictions/latest.json
manifest: /Users/wonjunchoi/PycharmProjects/realtime-buncombe/predictions/index.json
2025-12-14 16:08:45,593 | INFO | Committing and pushing changes
2025-12-14 16:08:46,238 | INFO | [main 3a983b4] Auto-update: rainfall & predictions @ 2025-12-14 16:08:45
 7 files changed, 138 insertions(+), 7 deletions(-)
 create mode 100644 predictions/historicData/2025/12/map_2025-12-13.geojson
 create mode 100644 predictions/historicData/2025/12/meta_2025-12-13.json
 create mode 100644 predictions/historicData/2025/12/predictions_2025-12-13.parquet
2025-12-14 16:08:50,784 | INFO | Locking support detected on remote "origin". Consider enabling it with:
  $ git config lfs.https://github.com-buncombe/WonjunChoi1004/realtime-buncombe.git/info/lfs.locksverify true
Uploading LFS objects: 100% (1/1), 90 KB | 0 B/s, done.
To github.com-buncombe:WonjunChoi1004/realtime-buncombe.git
   b438d93..3a983b4  main -> main
2025-12-14 16:08:50,785 | INFO | Push succeeded.
▶️ Running daily auto-update job...
✅ Already ran today, skipping.
✅ Already ran today, skipping.
✅ Already ran today, skipping.
2025-12-15 02:24:02,846 | WARNING | No internet connection — delaying run. Retrying in 15 minutes...
2025-12-15 02:39:03,212 | INFO | Internet connection detected. Proceeding with update.
2025-12-15 02:39:03,212 | INFO | Running download_prism_daily.py
2025-12-15 02:39:17,299 | INFO | /Users/wonjunchoi/PycharmProjects/realtime-buncombe/venv/lib/python3.9/site-packages/urllib3/__init__.py:35: NotOpenSSLWarning: urllib3 v2 only supports OpenSSL 1.1.1+, currently the 'ssl' module is compiled with 'LibreSSL 2.8.3'. See: https://github.com/urllib3/urllib3/issues/3020
  warnings.warn(
[SKIP] 2025-12-14 not found online.
[GET ] 2025-12-13 → https://data.prism.oregonstate.edu/time_series/us/an/800m/ppt/daily/2025/prism_ppt_us_30s_20251213.zip
[DONE] Updated ZIP for 2025-12-13
[MISS] 2025-12-13 missing expanded .tif — extracting now.
[UNZIP] Extracted → /Users/wonjunchoi/PycharmProjects/realtime-buncombe/data/rain/prism_ppt_us_30s_20251213
[CLEAN] 2025-12-13 removed ZIP after extraction.
[OK  ] 2025-12-12 metadata matches remote
[OK  ] 2025-12-12 expanded data present (prism_ppt_us_30s_20251212.tif)
[OK  ] 2025-12-11 metadata matches remote
[OK  ] 2025-12-11 expanded data present (prism_ppt_us_30s_20251211.tif)
[OK  ] 2025-12-10 metadata matches remote
[OK  ] 2025-12-10 expanded data present (prism_ppt_us_30s_20251210.tif)
[OK  ] 2025-12-09 metadata matches remote
[OK  ] 2025-12-09 expanded data present (prism_ppt_us_30s_20251209.tif)
[OK  ] 2025-12-08 metadata matches remote
[OK  ] 2025-12-08 expanded data present (prism_ppt_us_30s_20251208.tif)
[OK  ] 2025-12-07 metadata matches remote
[OK  ] 2025-12-07 expanded data present (prism_ppt_us_30s_20251207.tif)
[OK  ] 2025-12-06 metadata matches remote
[OK  ] 2025-12-06 expanded data present (prism_ppt_us_30s_20251206.tif)
[OK  ] 2025-12-05 metadata matches remote
[OK  ] 2025-12-05 expanded data present (prism_ppt_us_30s_20251205.tif)
[OK  ] 2025-12-04 metadata matches remote
[OK  ] 2025-12-04 expanded data present (prism_ppt_us_30s_20251204.tif)
[OK  ] 2025-12-03 metadata matches remote
[OK  ] 2025-12-03 expanded data present (prism_ppt_us_30s_20251203.tif)
[OK  ] 2025-12-02 metadata matches remote
[OK  ] 2025-12-02 expanded data present (prism_ppt_us_30s_20251202.tif)
[OK  ] 2025-12-01 metadata matches remote
[OK  ] 2025-12-01 expanded data present (prism_ppt_us_30s_20251201.tif)
[OK  ] 2025-11-30 metadata matches remote
[OK  ] 2025-11-30 expanded data present (prism_ppt_us_30s_20251130.tif)
[OK  ] 2025-11-29 metadata matches remote
[OK  ] 2025-11-29 expanded data present (prism_ppt_us_30s_20251129.tif)
[OK  ] 2025-11-28 metadata matches remote
[OK  ] 2025-11-28 expanded data present (prism_ppt_us_30s_20251128.tif)
[OK  ] 2025-11-27 metadata matches remote
[OK  ] 2025-11-27 expanded data present (prism_ppt_us_30s_20251127.tif)
[OK  ] 2025-11-26 metadata matches remote
[OK  ] 2025-11-26 expanded data present (prism_ppt_us_30s_20251126.tif)
[OK  ] 2025-11-25 metadata matches remote
[OK  ] 2025-11-25 expanded data present (prism_ppt_us_30s_20251125.tif)
[OK  ] 2025-11-24 metadata matches remote
[OK  ] 2025-11-24 expanded data present (prism_ppt_us_30s_20251124.tif)
[OK  ] 2025-11-23 metadata matches remote
[OK  ] 2025-11-23 expanded data present (prism_ppt_us_30s_20251123.tif)
[OK  ] 2025-11-22 metadata matches remote
[OK  ] 2025-11-22 expanded data present (prism_ppt_us_30s_20251122.tif)
[OK  ] 2025-11-21 metadata matches remote
[OK  ] 2025-11-21 expanded data present (prism_ppt_us_30s_20251121.tif)
[OK  ] 2025-11-20 metadata matches remote
[OK  ] 2025-11-20 expanded data present (prism_ppt_us_30s_20251120.tif)
[OK  ] 2025-11-19 metadata matches remote
[OK  ] 2025-11-19 expanded data present (prism_ppt_us_30s_20251119.tif)
[OK  ] 2025-11-18 metadata matches remote
[OK  ] 2025-11-18 expanded data present (prism_ppt_us_30s_20251118.tif)
[OK  ] 2025-11-17 metadata matches remote
[OK  ] 2025-11-17 expanded data present (prism_ppt_us_30s_20251117.tif)
[OK  ] 2025-11-16 metadata matches remote
[OK  ] 2025-11-16 expanded data present (prism_ppt_us_30s_20251116.tif)
[OK  ] 2025-11-15 metadata matches remote
[OK  ] 2025-11-15 expanded data present (prism_ppt_us_30s_20251115.tif)
[INFO] Pruning files outside the past window...
[PRUNE] Removed old file → prism_ppt_us_30s_20251114.meta.json
[PRUNE] Removed old folder → prism_ppt_us_30s_20251114
2025-12-15 02:39:17,299 | INFO | Running predict_daily_triple.py
2025-12-15 03:01:55,924 | INFO | Rainfall window: 2025-11-14 → 2025-12-13 (29 files, 1 missing → zero-filled).
Sampling rainfall at 2,452 PRISM grid cells…
Sampling static attributes at grid centers…
Running models…
/Users/wonjunchoi/PycharmProjects/realtime-buncombe/venv/lib/python3.9/site-packages/sklearn/utils/validation.py:2732: UserWarning: X has feature names, but RandomForestClassifier was fitted without feature names
  warnings.warn(
ok: wrote 2,452 rows for 2025-12-14 (rainfall through 2025-12-13)
parquet: /Users/wonjunchoi/PycharmProjects/realtime-buncombe/predictions/historicData/2025/12/predictions_2025-12-14.parquet
geojson: /Users/wonjunchoi/PycharmProjects/realtime-buncombe/predictions/historicData/2025/12/map_2025-12-14.geojson
meta: /Users/wonjunchoi/PycharmProjects/realtime-buncombe/predictions/historicData/2025/12/meta_2025-12-14.json
latest: /Users/wonjunchoi/PycharmProjects/realtime-buncombe/predictions/latest.geojson, /Users/wonjunchoi/PycharmProjects/realtime-buncombe/predictions/latest.json
manifest: /Users/wonjunchoi/PycharmProjects/realtime-buncombe/predictions/index.json
2025-12-15 03:01:55,925 | INFO | Committing and pushing changes
2025-12-15 03:01:56,488 | INFO | [main b04e0f0] Auto-update: rainfall & predictions @ 2025-12-15 03:01:56
 7 files changed, 132 insertions(+), 7 deletions(-)
 create mode 100644 predictions/historicData/2025/12/map_2025-12-14.geojson
 create mode 100644 predictions/historicData/2025/12/meta_2025-12-14.json
 create mode 100644 predictions/historicData/2025/12/predictions_2025-12-14.parquet
2025-12-15 03:02:01,354 | INFO | Locking support detected on remote "origin". Consider enabling it with:
  $ git config lfs.https://github.com-buncombe/WonjunChoi1004/realtime-buncombe.git/info/lfs.locksverify true
Uploading LFS objects: 100% (1/1), 90 KB | 0 B/s, done.
To github.com-buncombe:WonjunChoi1004/realtime-buncombe.git
   3a983b4..b04e0f0  main -> main
2025-12-15 03:02:01,355 | INFO | Push succeeded.
▶️ Running daily auto-update job...
✅ Already ran today, skipping.
✅ Already ran today, skipping.
✅ Already ran today, skipping.
✅ Already ran today, skipping.
✅ Already ran today, skipping.
2025-12-16 08:24:02,514 | WARNING | No internet connection — delaying run. Retrying in 15 minutes...
2025-12-16 08:58:42,683 | INFO | Internet connection detected. Proceeding with update.
2025-12-16 08:58:42,688 | INFO | Running download_prism_daily.py
2025-12-16 08:59:04,614 | INFO | /Users/wonjunchoi/PycharmProjects/realtime-buncombe/venv/lib/python3.9/site-packages/urllib3/__init__.py:35: NotOpenSSLWarning: urllib3 v2 only supports OpenSSL 1.1.1+, currently the 'ssl' module is compiled with 'LibreSSL 2.8.3'. See: https://github.com/urllib3/urllib3/issues/3020
  warnings.warn(
[GET ] 2025-12-15 → https://data.prism.oregonstate.edu/time_series/us/an/800m/ppt/daily/2025/prism_ppt_us_30s_20251215.zip
[DONE] Updated ZIP for 2025-12-15
[MISS] 2025-12-15 missing expanded .tif — extracting now.
[UNZIP] Extracted → /Users/wonjunchoi/PycharmProjects/realtime-buncombe/data/rain/prism_ppt_us_30s_20251215
[CLEAN] 2025-12-15 removed ZIP after extraction.
[GET ] 2025-12-14 → https://data.prism.oregonstate.edu/time_series/us/an/800m/ppt/daily/2025/prism_ppt_us_30s_20251214.zip
[DONE] Updated ZIP for 2025-12-14
[MISS] 2025-12-14 missing expanded .tif — extracting now.
[UNZIP] Extracted → /Users/wonjunchoi/PycharmProjects/realtime-buncombe/data/rain/prism_ppt_us_30s_20251214
[CLEAN] 2025-12-14 removed ZIP after extraction.
[OK  ] 2025-12-13 metadata matches remote
[OK  ] 2025-12-13 expanded data present (prism_ppt_us_30s_20251213.tif)
[OK  ] 2025-12-12 metadata matches remote
[OK  ] 2025-12-12 expanded data present (prism_ppt_us_30s_20251212.tif)
[CLEAN] 2025-12-11 removed old expanded folder → prism_ppt_us_30s_20251211
[GET ] 2025-12-11 → https://data.prism.oregonstate.edu/time_series/us/an/800m/ppt/daily/2025/prism_ppt_us_30s_20251211.zip
[DONE] Updated ZIP for 2025-12-11
[MISS] 2025-12-11 missing expanded .tif — extracting now.
[UNZIP] Extracted → /Users/wonjunchoi/PycharmProjects/realtime-buncombe/data/rain/prism_ppt_us_30s_20251211
[CLEAN] 2025-12-11 removed ZIP after extraction.
[CLEAN] 2025-12-10 removed old expanded folder → prism_ppt_us_30s_20251210
[GET ] 2025-12-10 → https://data.prism.oregonstate.edu/time_series/us/an/800m/ppt/daily/2025/prism_ppt_us_30s_20251210.zip
[DONE] Updated ZIP for 2025-12-10
[MISS] 2025-12-10 missing expanded .tif — extracting now.
[UNZIP] Extracted → /Users/wonjunchoi/PycharmProjects/realtime-buncombe/data/rain/prism_ppt_us_30s_20251210
[CLEAN] 2025-12-10 removed ZIP after extraction.
[OK  ] 2025-12-09 metadata matches remote
[OK  ] 2025-12-09 expanded data present (prism_ppt_us_30s_20251209.tif)
[OK  ] 2025-12-08 metadata matches remote
[OK  ] 2025-12-08 expanded data present (prism_ppt_us_30s_20251208.tif)
[OK  ] 2025-12-07 metadata matches remote
[OK  ] 2025-12-07 expanded data present (prism_ppt_us_30s_20251207.tif)
[OK  ] 2025-12-06 metadata matches remote
[OK  ] 2025-12-06 expanded data present (prism_ppt_us_30s_20251206.tif)
[OK  ] 2025-12-05 metadata matches remote
[OK  ] 2025-12-05 expanded data present (prism_ppt_us_30s_20251205.tif)
[OK  ] 2025-12-04 metadata matches remote
[OK  ] 2025-12-04 expanded data present (prism_ppt_us_30s_20251204.tif)
[OK  ] 2025-12-03 metadata matches remote
[OK  ] 2025-12-03 expanded data present (prism_ppt_us_30s_20251203.tif)
[OK  ] 2025-12-02 metadata matches remote
[OK  ] 2025-12-02 expanded data present (prism_ppt_us_30s_20251202.tif)
[OK  ] 2025-12-01 metadata matches remote
[OK  ] 2025-12-01 expanded data present (prism_ppt_us_30s_20251201.tif)
[OK  ] 2025-11-30 metadata matches remote
[OK  ] 2025-11-30 expanded data present (prism_ppt_us_30s_20251130.tif)
[OK  ] 2025-11-29 metadata matches remote
[OK  ] 2025-11-29 expanded data present (prism_ppt_us_30s_20251129.tif)
[OK  ] 2025-11-28 metadata matches remote
[OK  ] 2025-11-28 expanded data present (prism_ppt_us_30s_20251128.tif)
[OK  ] 2025-11-27 metadata matches remote
[OK  ] 2025-11-27 expanded data present (prism_ppt_us_30s_20251127.tif)
[OK  ] 2025-11-26 metadata matches remote
[OK  ] 2025-11-26 expanded data present (prism_ppt_us_30s_20251126.tif)
[OK  ] 2025-11-25 metadata matches remote
[OK  ] 2025-11-25 expanded data present (prism_ppt_us_30s_20251125.tif)
[OK  ] 2025-11-24 metadata matches remote
[OK  ] 2025-11-24 expanded data present (prism_ppt_us_30s_20251124.tif)
[OK  ] 2025-11-23 metadata matches remote
[OK  ] 2025-11-23 expanded data present (prism_ppt_us_30s_20251123.tif)
[OK  ] 2025-11-22 metadata matches remote
[OK  ] 2025-11-22 expanded data present (prism_ppt_us_30s_20251122.tif)
[OK  ] 2025-11-21 metadata matches remote
[OK  ] 2025-11-21 expanded data present (prism_ppt_us_30s_20251121.tif)
[OK  ] 2025-11-20 metadata matches remote
[OK  ] 2025-11-20 expanded data present (prism_ppt_us_30s_20251120.tif)
[OK  ] 2025-11-19 metadata matches remote
[OK  ] 2025-11-19 expanded data present (prism_ppt_us_30s_20251119.tif)
[OK  ] 2025-11-18 metadata matches remote
[OK  ] 2025-11-18 expanded data present (prism_ppt_us_30s_20251118.tif)
[OK  ] 2025-11-17 metadata matches remote
[OK  ] 2025-11-17 expanded data present (prism_ppt_us_30s_20251117.tif)
[OK  ] 2025-11-16 metadata matches remote
[OK  ] 2025-11-16 expanded data present (prism_ppt_us_30s_20251116.tif)
[INFO] Pruning files outside the past window...
[PRUNE] Removed old file → prism_ppt_us_30s_20251115.meta.json
[PRUNE] Removed old folder → prism_ppt_us_30s_20251115
2025-12-16 08:59:04,616 | INFO | Running predict_daily_triple.py
2025-12-16 09:23:28,222 | INFO | Rainfall window: 2025-11-16 → 2025-12-15 (30 files, 0 missing → zero-filled).
Sampling rainfall at 2,452 PRISM grid cells…
Sampling static attributes at grid centers…
Running models…
/Users/wonjunchoi/PycharmProjects/realtime-buncombe/venv/lib/python3.9/site-packages/sklearn/utils/validation.py:2732: UserWarning: X has feature names, but RandomForestClassifier was fitted without feature names
  warnings.warn(
ok: wrote 2,452 rows for 2025-12-15 (rainfall through 2025-12-15)
parquet: /Users/wonjunchoi/PycharmProjects/realtime-buncombe/predictions/historicData/2025/12/predictions_2025-12-15.parquet
geojson: /Users/wonjunchoi/PycharmProjects/realtime-buncombe/predictions/historicData/2025/12/map_2025-12-15.geojson
meta: /Users/wonjunchoi/PycharmProjects/realtime-buncombe/predictions/historicData/2025/12/meta_2025-12-15.json
latest: /Users/wonjunchoi/PycharmProjects/realtime-buncombe/predictions/latest.geojson, /Users/wonjunchoi/PycharmProjects/realtime-buncombe/predictions/latest.json
manifest: /Users/wonjunchoi/PycharmProjects/realtime-buncombe/predictions/index.json
2025-12-16 09:23:28,225 | INFO | Committing and pushing changes
2025-12-16 09:23:28,888 | INFO | [main bddab14] Auto-update: rainfall & predictions @ 2025-12-16 09:23:28
 7 files changed, 146 insertions(+), 7 deletions(-)
 create mode 100644 predictions/historicData/2025/12/map_2025-12-15.geojson
 create mode 100644 predictions/historicData/2025/12/meta_2025-12-15.json
 create mode 100644 predictions/historicData/2025/12/predictions_2025-12-15.parquet
2025-12-16 09:23:33,530 | INFO | Locking support detected on remote "origin". Consider enabling it with:
  $ git config lfs.https://github.com-buncombe/WonjunChoi1004/realtime-buncombe.git/info/lfs.locksverify true
Uploading LFS objects: 100% (1/1), 74 KB | 0 B/s, done.
To github.com-buncombe:WonjunChoi1004/realtime-buncombe.git
   b04e0f0..bddab14  main -> main
2025-12-16 09:23:33,531 | INFO | Push succeeded.
▶️ Running daily auto-update job...
✅ Already ran today, skipping.
✅ Already ran today, skipping.
2025-12-17 05:00:00,794 | INFO | Internet connection detected. Proceeding with update.
2025-12-17 05:00:00,795 | INFO | Running download_prism_daily.py
2025-12-17 05:00:32,734 | INFO | /Users/wonjunchoi/PycharmProjects/realtime-buncombe/venv/lib/python3.9/site-packages/urllib3/__init__.py:35: NotOpenSSLWarning: urllib3 v2 only supports OpenSSL 1.1.1+, currently the 'ssl' module is compiled with 'LibreSSL 2.8.3'. See: https://github.com/urllib3/urllib3/issues/3020
  warnings.warn(
[SKIP] 2025-12-16 not found online.
[OK  ] 2025-12-15 metadata matches remote
[OK  ] 2025-12-15 expanded data present (prism_ppt_us_30s_20251215.tif)
[OK  ] 2025-12-14 metadata matches remote
[OK  ] 2025-12-14 expanded data present (prism_ppt_us_30s_20251214.tif)
[OK  ] 2025-12-13 metadata matches remote
[OK  ] 2025-12-13 expanded data present (prism_ppt_us_30s_20251213.tif)
[OK  ] 2025-12-12 metadata matches remote
[OK  ] 2025-12-12 expanded data present (prism_ppt_us_30s_20251212.tif)
[OK  ] 2025-12-11 metadata matches remote
[OK  ] 2025-12-11 expanded data present (prism_ppt_us_30s_20251211.tif)
[OK  ] 2025-12-10 metadata matches remote
[OK  ] 2025-12-10 expanded data present (prism_ppt_us_30s_20251210.tif)
[OK  ] 2025-12-09 metadata matches remote
[OK  ] 2025-12-09 expanded data present (prism_ppt_us_30s_20251209.tif)
[OK  ] 2025-12-08 metadata matches remote
[OK  ] 2025-12-08 expanded data present (prism_ppt_us_30s_20251208.tif)
[OK  ] 2025-12-07 metadata matches remote
[OK  ] 2025-12-07 expanded data present (prism_ppt_us_30s_20251207.tif)
[OK  ] 2025-12-06 metadata matches remote
[OK  ] 2025-12-06 expanded data present (prism_ppt_us_30s_20251206.tif)
[OK  ] 2025-12-05 metadata matches remote
[OK  ] 2025-12-05 expanded data present (prism_ppt_us_30s_20251205.tif)
[OK  ] 2025-12-04 metadata matches remote
[OK  ] 2025-12-04 expanded data present (prism_ppt_us_30s_20251204.tif)
[OK  ] 2025-12-03 metadata matches remote
[OK  ] 2025-12-03 expanded data present (prism_ppt_us_30s_20251203.tif)
[OK  ] 2025-12-02 metadata matches remote
[OK  ] 2025-12-02 expanded data present (prism_ppt_us_30s_20251202.tif)
[OK  ] 2025-12-01 metadata matches remote
[OK  ] 2025-12-01 expanded data present (prism_ppt_us_30s_20251201.tif)
[OK  ] 2025-11-30 metadata matches remote
[OK  ] 2025-11-30 expanded data present (prism_ppt_us_30s_20251130.tif)
[OK  ] 2025-11-29 metadata matches remote
[OK  ] 2025-11-29 expanded data present (prism_ppt_us_30s_20251129.tif)
[OK  ] 2025-11-28 metadata matches remote
[OK  ] 2025-11-28 expanded data present (prism_ppt_us_30s_20251128.tif)
[OK  ] 2025-11-27 metadata matches remote
[OK  ] 2025-11-27 expanded data present (prism_ppt_us_30s_20251127.tif)
[OK  ] 2025-11-26 metadata matches remote
[OK  ] 2025-11-26 expanded data present (prism_ppt_us_30s_20251126.tif)
[OK  ] 2025-11-25 metadata matches remote
[OK  ] 2025-11-25 expanded data present (prism_ppt_us_30s_20251125.tif)
[OK  ] 2025-11-24 metadata matches remote
[OK  ] 2025-11-24 expanded data present (prism_ppt_us_30s_20251124.tif)
[OK  ] 2025-11-23 metadata matches remote
[OK  ] 2025-11-23 expanded data present (prism_ppt_us_30s_20251123.tif)
[OK  ] 2025-11-22 metadata matches remote
[OK  ] 2025-11-22 expanded data present (prism_ppt_us_30s_20251122.tif)
[OK  ] 2025-11-21 metadata matches remote
[OK  ] 2025-11-21 expanded data present (prism_ppt_us_30s_20251121.tif)
[OK  ] 2025-11-20 metadata matches remote
[OK  ] 2025-11-20 expanded data present (prism_ppt_us_30s_20251120.tif)
[OK  ] 2025-11-19 metadata matches remote
[OK  ] 2025-11-19 expanded data present (prism_ppt_us_30s_20251119.tif)
[OK  ] 2025-11-18 metadata matches remote
[OK  ] 2025-11-18 expanded data present (prism_ppt_us_30s_20251118.tif)
[OK  ] 2025-11-17 metadata matches remote
[OK  ] 2025-11-17 expanded data present (prism_ppt_us_30s_20251117.tif)
[INFO] Pruning files outside the past window...
[PRUNE] Removed old folder → prism_ppt_us_30s_20251116
[PRUNE] Removed old file → prism_ppt_us_30s_20251116.meta.json
2025-12-17 05:00:32,736 | INFO | Running predict_daily_triple.py
2025-12-17 05:26:52,949 | INFO | Rainfall window: 2025-11-16 → 2025-12-15 (29 files, 1 missing → zero-filled).
Sampling rainfall at 2,452 PRISM grid cells…
Sampling static attributes at grid centers…
Running models…
/Users/wonjunchoi/PycharmProjects/realtime-buncombe/venv/lib/python3.9/site-packages/sklearn/utils/validation.py:2732: UserWarning: X has feature names, but RandomForestClassifier was fitted without feature names
  warnings.warn(
ok: wrote 2,452 rows for 2025-12-16 (rainfall through 2025-12-15)
parquet: /Users/wonjunchoi/PycharmProjects/realtime-buncombe/predictions/historicData/2025/12/predictions_2025-12-16.parquet
geojson: /Users/wonjunchoi/PycharmProjects/realtime-buncombe/predictions/historicData/2025/12/map_2025-12-16.geojson
meta: /Users/wonjunchoi/PycharmProjects/realtime-buncombe/predictions/historicData/2025/12/meta_2025-12-16.json
latest: /Users/wonjunchoi/PycharmProjects/realtime-buncombe/predictions/latest.geojson, /Users/wonjunchoi/PycharmProjects/realtime-buncombe/predictions/latest.json
manifest: /Users/wonjunchoi/PycharmProjects/realtime-buncombe/predictions/index.json
2025-12-17 05:26:52,955 | INFO | Committing and pushing changes
2025-12-17 05:26:53,822 | INFO | [main 12d3959] Auto-update: rainfall & predictions @ 2025-12-17 05:26:53
 7 files changed, 126 insertions(+), 6 deletions(-)
 create mode 100644 predictions/historicData/2025/12/map_2025-12-16.geojson
 create mode 100644 predictions/historicData/2025/12/meta_2025-12-16.json
 create mode 100644 predictions/historicData/2025/12/predictions_2025-12-16.parquet
2025-12-17 05:27:03,746 | INFO | Locking support detected on remote "origin". Consider enabling it with:
  $ git config lfs.https://github.com-buncombe/WonjunChoi1004/realtime-buncombe.git/info/lfs.locksverify true
To github.com-buncombe:WonjunChoi1004/realtime-buncombe.git
   bddab14..12d3959  main -> main
2025-12-17 05:27:03,788 | INFO | Push succeeded.
▶️ Running daily auto-update job...
✅ Already ran today, skipping.
✅ Already ran today, skipping.
2025-12-18 18:11:19,792 | WARNING | No internet connection — delaying run. Retrying in 15 minutes...
2025-12-18 18:26:19,859 | INFO | Internet connection detected. Proceeding with update.
2025-12-18 18:26:19,864 | INFO | Running download_prism_daily.py
2025-12-18 18:26:59,740 | INFO | /Users/wonjunchoi/PycharmProjects/realtime-buncombe/venv/lib/python3.9/site-packages/urllib3/__init__.py:35: NotOpenSSLWarning: urllib3 v2 only supports OpenSSL 1.1.1+, currently the 'ssl' module is compiled with 'LibreSSL 2.8.3'. See: https://github.com/urllib3/urllib3/issues/3020
  warnings.warn(
[GET ] 2025-12-17 → https://data.prism.oregonstate.edu/time_series/us/an/800m/ppt/daily/2025/prism_ppt_us_30s_20251217.zip
[DONE] Updated ZIP for 2025-12-17
[MISS] 2025-12-17 missing expanded .tif — extracting now.
[UNZIP] Extracted → /Users/wonjunchoi/PycharmProjects/realtime-buncombe/data/rain/prism_ppt_us_30s_20251217
[CLEAN] 2025-12-17 removed ZIP after extraction.
[GET ] 2025-12-16 → https://data.prism.oregonstate.edu/time_series/us/an/800m/ppt/daily/2025/prism_ppt_us_30s_20251216.zip
[DONE] Updated ZIP for 2025-12-16
[MISS] 2025-12-16 missing expanded .tif — extracting now.
[UNZIP] Extracted → /Users/wonjunchoi/PycharmProjects/realtime-buncombe/data/rain/prism_ppt_us_30s_20251216
[CLEAN] 2025-12-16 removed ZIP after extraction.
[OK  ] 2025-12-15 metadata matches remote
[OK  ] 2025-12-15 expanded data present (prism_ppt_us_30s_20251215.tif)
[OK  ] 2025-12-14 metadata matches remote
[OK  ] 2025-12-14 expanded data present (prism_ppt_us_30s_20251214.tif)
[CLEAN] 2025-12-13 removed old expanded folder → prism_ppt_us_30s_20251213
[GET ] 2025-12-13 → https://data.prism.oregonstate.edu/time_series/us/an/800m/ppt/daily/2025/prism_ppt_us_30s_20251213.zip
[DONE] Updated ZIP for 2025-12-13
[MISS] 2025-12-13 missing expanded .tif — extracting now.
[UNZIP] Extracted → /Users/wonjunchoi/PycharmProjects/realtime-buncombe/data/rain/prism_ppt_us_30s_20251213
[CLEAN] 2025-12-13 removed ZIP after extraction.
[CLEAN] 2025-12-12 removed old expanded folder → prism_ppt_us_30s_20251212
[GET ] 2025-12-12 → https://data.prism.oregonstate.edu/time_series/us/an/800m/ppt/daily/2025/prism_ppt_us_30s_20251212.zip
[DONE] Updated ZIP for 2025-12-12
[MISS] 2025-12-12 missing expanded .tif — extracting now.
[UNZIP] Extracted → /Users/wonjunchoi/PycharmProjects/realtime-buncombe/data/rain/prism_ppt_us_30s_20251212
[CLEAN] 2025-12-12 removed ZIP after extraction.
[OK  ] 2025-12-11 metadata matches remote
[OK  ] 2025-12-11 expanded data present (prism_ppt_us_30s_20251211.tif)
[OK  ] 2025-12-10 metadata matches remote
[OK  ] 2025-12-10 expanded data present (prism_ppt_us_30s_20251210.tif)
[OK  ] 2025-12-09 metadata matches remote
[OK  ] 2025-12-09 expanded data present (prism_ppt_us_30s_20251209.tif)
[OK  ] 2025-12-08 metadata matches remote
[OK  ] 2025-12-08 expanded data present (prism_ppt_us_30s_20251208.tif)
[OK  ] 2025-12-07 metadata matches remote
[OK  ] 2025-12-07 expanded data present (prism_ppt_us_30s_20251207.tif)
[OK  ] 2025-12-06 metadata matches remote
[OK  ] 2025-12-06 expanded data present (prism_ppt_us_30s_20251206.tif)
[OK  ] 2025-12-05 metadata matches remote
[OK  ] 2025-12-05 expanded data present (prism_ppt_us_30s_20251205.tif)
[OK  ] 2025-12-04 metadata matches remote
[OK  ] 2025-12-04 expanded data present (prism_ppt_us_30s_20251204.tif)
[OK  ] 2025-12-03 metadata matches remote
[OK  ] 2025-12-03 expanded data present (prism_ppt_us_30s_20251203.tif)
[OK  ] 2025-12-02 metadata matches remote
[OK  ] 2025-12-02 expanded data present (prism_ppt_us_30s_20251202.tif)
[OK  ] 2025-12-01 metadata matches remote
[OK  ] 2025-12-01 expanded data present (prism_ppt_us_30s_20251201.tif)
[CLEAN] 2025-11-30 removed old expanded folder → prism_ppt_us_30s_20251130
[GET ] 2025-11-30 → https://data.prism.oregonstate.edu/time_series/us/an/800m/ppt/daily/2025/prism_ppt_us_30s_20251130.zip
[DONE] Updated ZIP for 2025-11-30
[MISS] 2025-11-30 missing expanded .tif — extracting now.
[UNZIP] Extracted → /Users/wonjunchoi/PycharmProjects/realtime-buncombe/data/rain/prism_ppt_us_30s_20251130
[CLEAN] 2025-11-30 removed ZIP after extraction.
[CLEAN] 2025-11-29 removed old expanded folder → prism_ppt_us_30s_20251129
[GET ] 2025-11-29 → https://data.prism.oregonstate.edu/time_series/us/an/800m/ppt/daily/2025/prism_ppt_us_30s_20251129.zip
[DONE] Updated ZIP for 2025-11-29
[MISS] 2025-11-29 missing expanded .tif — extracting now.
[UNZIP] Extracted → /Users/wonjunchoi/PycharmProjects/realtime-buncombe/data/rain/prism_ppt_us_30s_20251129
[CLEAN] 2025-11-29 removed ZIP after extraction.
[CLEAN] 2025-11-28 removed old expanded folder → prism_ppt_us_30s_20251128
[GET ] 2025-11-28 → https://data.prism.oregonstate.edu/time_series/us/an/800m/ppt/daily/2025/prism_ppt_us_30s_20251128.zip
[DONE] Updated ZIP for 2025-11-28
[MISS] 2025-11-28 missing expanded .tif — extracting now.
[UNZIP] Extracted → /Users/wonjunchoi/PycharmProjects/realtime-buncombe/data/rain/prism_ppt_us_30s_20251128
[CLEAN] 2025-11-28 removed ZIP after extraction.
[CLEAN] 2025-11-27 removed old expanded folder → prism_ppt_us_30s_20251127
[GET ] 2025-11-27 → https://data.prism.oregonstate.edu/time_series/us/an/800m/ppt/daily/2025/prism_ppt_us_30s_20251127.zip
[DONE] Updated ZIP for 2025-11-27
[MISS] 2025-11-27 missing expanded .tif — extracting now.
[UNZIP] Extracted → /Users/wonjunchoi/PycharmProjects/realtime-buncombe/data/rain/prism_ppt_us_30s_20251127
[CLEAN] 2025-11-27 removed ZIP after extraction.
[CLEAN] 2025-11-26 removed old expanded folder → prism_ppt_us_30s_20251126
[GET ] 2025-11-26 → https://data.prism.oregonstate.edu/time_series/us/an/800m/ppt/daily/2025/prism_ppt_us_30s_20251126.zip
[DONE] Updated ZIP for 2025-11-26
[MISS] 2025-11-26 missing expanded .tif — extracting now.
[UNZIP] Extracted → /Users/wonjunchoi/PycharmProjects/realtime-buncombe/data/rain/prism_ppt_us_30s_20251126
[CLEAN] 2025-11-26 removed ZIP after extraction.
[CLEAN] 2025-11-25 removed old expanded folder → prism_ppt_us_30s_20251125
[GET ] 2025-11-25 → https://data.prism.oregonstate.edu/time_series/us/an/800m/ppt/daily/2025/prism_ppt_us_30s_20251125.zip
[DONE] Updated ZIP for 2025-11-25
[MISS] 2025-11-25 missing expanded .tif — extracting now.
[UNZIP] Extracted → /Users/wonjunchoi/PycharmProjects/realtime-buncombe/data/rain/prism_ppt_us_30s_20251125
[CLEAN] 2025-11-25 removed ZIP after extraction.
[CLEAN] 2025-11-24 removed old expanded folder → prism_ppt_us_30s_20251124
[GET ] 2025-11-24 → https://data.prism.oregonstate.edu/time_series/us/an/800m/ppt/daily/2025/prism_ppt_us_30s_20251124.zip
[DONE] Updated ZIP for 2025-11-24
[MISS] 2025-11-24 missing expanded .tif — extracting now.
[UNZIP] Extracted → /Users/wonjunchoi/PycharmProjects/realtime-buncombe/data/rain/prism_ppt_us_30s_20251124
[CLEAN] 2025-11-24 removed ZIP after extraction.
[CLEAN] 2025-11-23 removed old expanded folder → prism_ppt_us_30s_20251123
[GET ] 2025-11-23 → https://data.prism.oregonstate.edu/time_series/us/an/800m/ppt/daily/2025/prism_ppt_us_30s_20251123.zip
[DONE] Updated ZIP for 2025-11-23
[MISS] 2025-11-23 missing expanded .tif — extracting now.
[UNZIP] Extracted → /Users/wonjunchoi/PycharmProjects/realtime-buncombe/data/rain/prism_ppt_us_30s_20251123
[CLEAN] 2025-11-23 removed ZIP after extraction.
[CLEAN] 2025-11-22 removed old expanded folder → prism_ppt_us_30s_20251122
[GET ] 2025-11-22 → https://data.prism.oregonstate.edu/time_series/us/an/800m/ppt/daily/2025/prism_ppt_us_30s_20251122.zip
[DONE] Updated ZIP for 2025-11-22
[MISS] 2025-11-22 missing expanded .tif — extracting now.
[UNZIP] Extracted → /Users/wonjunchoi/PycharmProjects/realtime-buncombe/data/rain/prism_ppt_us_30s_20251122
[CLEAN] 2025-11-22 removed ZIP after extraction.
[CLEAN] 2025-11-21 removed old expanded folder → prism_ppt_us_30s_20251121
[GET ] 2025-11-21 → https://data.prism.oregonstate.edu/time_series/us/an/800m/ppt/daily/2025/prism_ppt_us_30s_20251121.zip
[DONE] Updated ZIP for 2025-11-21
[MISS] 2025-11-21 missing expanded .tif — extracting now.
[UNZIP] Extracted → /Users/wonjunchoi/PycharmProjects/realtime-buncombe/data/rain/prism_ppt_us_30s_20251121
[CLEAN] 2025-11-21 removed ZIP after extraction.
[CLEAN] 2025-11-20 removed old expanded folder → prism_ppt_us_30s_20251120
[GET ] 2025-11-20 → https://data.prism.oregonstate.edu/time_series/us/an/800m/ppt/daily/2025/prism_ppt_us_30s_20251120.zip
[DONE] Updated ZIP for 2025-11-20
[MISS] 2025-11-20 missing expanded .tif — extracting now.
[UNZIP] Extracted → /Users/wonjunchoi/PycharmProjects/realtime-buncombe/data/rain/prism_ppt_us_30s_20251120
[CLEAN] 2025-11-20 removed ZIP after extraction.
[CLEAN] 2025-11-19 removed old expanded folder → prism_ppt_us_30s_20251119
[GET ] 2025-11-19 → https://data.prism.oregonstate.edu/time_series/us/an/800m/ppt/daily/2025/prism_ppt_us_30s_20251119.zip
[DONE] Updated ZIP for 2025-11-19
[MISS] 2025-11-19 missing expanded .tif — extracting now.
[UNZIP] Extracted → /Users/wonjunchoi/PycharmProjects/realtime-buncombe/data/rain/prism_ppt_us_30s_20251119
[CLEAN] 2025-11-19 removed ZIP after extraction.
[CLEAN] 2025-11-18 removed old expanded folder → prism_ppt_us_30s_20251118
[GET ] 2025-11-18 → https://data.prism.oregonstate.edu/time_series/us/an/800m/ppt/daily/2025/prism_ppt_us_30s_20251118.zip
[DONE] Updated ZIP for 2025-11-18
[MISS] 2025-11-18 missing expanded .tif — extracting now.
[UNZIP] Extracted → /Users/wonjunchoi/PycharmProjects/realtime-buncombe/data/rain/prism_ppt_us_30s_20251118
[CLEAN] 2025-11-18 removed ZIP after extraction.
[INFO] Pruning files outside the past window...
[PRUNE] Removed old folder → prism_ppt_us_30s_20251117
[PRUNE] Removed old file → prism_ppt_us_30s_20251117.meta.json
2025-12-18 18:26:59,741 | INFO | Running predict_daily_triple.py
2025-12-18 18:50:42,820 | INFO | Rainfall window: 2025-11-18 → 2025-12-17 (30 files, 0 missing → zero-filled).
Sampling rainfall at 2,452 PRISM grid cells…
Sampling static attributes at grid centers…
Running models…
/Users/wonjunchoi/PycharmProjects/realtime-buncombe/venv/lib/python3.9/site-packages/sklearn/utils/validation.py:2732: UserWarning: X has feature names, but RandomForestClassifier was fitted without feature names
  warnings.warn(
ok: wrote 2,452 rows for 2025-12-17 (rainfall through 2025-12-17)
parquet: /Users/wonjunchoi/PycharmProjects/realtime-buncombe/predictions/historicData/2025/12/predictions_2025-12-17.parquet
geojson: /Users/wonjunchoi/PycharmProjects/realtime-buncombe/predictions/historicData/2025/12/map_2025-12-17.geojson
meta: /Users/wonjunchoi/PycharmProjects/realtime-buncombe/predictions/historicData/2025/12/meta_2025-12-17.json
latest: /Users/wonjunchoi/PycharmProjects/realtime-buncombe/predictions/latest.geojson, /Users/wonjunchoi/PycharmProjects/realtime-buncombe/predictions/latest.json
manifest: /Users/wonjunchoi/PycharmProjects/realtime-buncombe/predictions/index.json
2025-12-18 18:50:42,825 | INFO | Committing and pushing changes
2025-12-18 18:50:43,556 | INFO | [main e780c98] Auto-update: rainfall & predictions @ 2025-12-18 18:50:43
 7 files changed, 194 insertions(+), 7 deletions(-)
 create mode 100644 predictions/historicData/2025/12/map_2025-12-17.geojson
 create mode 100644 predictions/historicData/2025/12/meta_2025-12-17.json
 create mode 100644 predictions/historicData/2025/12/predictions_2025-12-17.parquet
2025-12-18 18:50:47,338 | INFO | Locking support detected on remote "origin". Consider enabling it with:
  $ git config lfs.https://github.com-buncombe/WonjunChoi1004/realtime-buncombe.git/info/lfs.locksverify true
Uploading LFS objects: 100% (1/1), 67 KB | 0 B/s, done.
To github.com-buncombe:WonjunChoi1004/realtime-buncombe.git
   12d3959..e780c98  main -> main
2025-12-18 18:50:47,339 | INFO | Push succeeded.
▶️ Running daily auto-update job...
✅ Already ran today, skipping.
2025-12-19 21:16:27,200 | WARNING | No internet connection — delaying run. Retrying in 15 minutes...
2025-12-19 21:31:27,308 | INFO | Internet connection detected. Proceeding with update.
2025-12-19 21:31:27,313 | INFO | Running download_prism_daily.py
2025-12-19 21:31:44,506 | INFO | /Users/wonjunchoi/PycharmProjects/realtime-buncombe/venv/lib/python3.9/site-packages/urllib3/__init__.py:35: NotOpenSSLWarning: urllib3 v2 only supports OpenSSL 1.1.1+, currently the 'ssl' module is compiled with 'LibreSSL 2.8.3'. See: https://github.com/urllib3/urllib3/issues/3020
  warnings.warn(
[GET ] 2025-12-18 → https://data.prism.oregonstate.edu/time_series/us/an/800m/ppt/daily/2025/prism_ppt_us_30s_20251218.zip
[DONE] Updated ZIP for 2025-12-18
[MISS] 2025-12-18 missing expanded .tif — extracting now.
[UNZIP] Extracted → /Users/wonjunchoi/PycharmProjects/realtime-buncombe/data/rain/prism_ppt_us_30s_20251218
[CLEAN] 2025-12-18 removed ZIP after extraction.
[OK  ] 2025-12-17 metadata matches remote
[OK  ] 2025-12-17 expanded data present (prism_ppt_us_30s_20251217.tif)
[OK  ] 2025-12-16 metadata matches remote
[OK  ] 2025-12-16 expanded data present (prism_ppt_us_30s_20251216.tif)
[OK  ] 2025-12-15 metadata matches remote
[OK  ] 2025-12-15 expanded data present (prism_ppt_us_30s_20251215.tif)
[CLEAN] 2025-12-14 removed old expanded folder → prism_ppt_us_30s_20251214
[GET ] 2025-12-14 → https://data.prism.oregonstate.edu/time_series/us/an/800m/ppt/daily/2025/prism_ppt_us_30s_20251214.zip
[DONE] Updated ZIP for 2025-12-14
[MISS] 2025-12-14 missing expanded .tif — extracting now.
[UNZIP] Extracted → /Users/wonjunchoi/PycharmProjects/realtime-buncombe/data/rain/prism_ppt_us_30s_20251214
[CLEAN] 2025-12-14 removed ZIP after extraction.
[OK  ] 2025-12-13 metadata matches remote
[OK  ] 2025-12-13 expanded data present (prism_ppt_us_30s_20251213.tif)
[OK  ] 2025-12-12 metadata matches remote
[OK  ] 2025-12-12 expanded data present (prism_ppt_us_30s_20251212.tif)
[OK  ] 2025-12-11 metadata matches remote
[OK  ] 2025-12-11 expanded data present (prism_ppt_us_30s_20251211.tif)
[OK  ] 2025-12-10 metadata matches remote
[OK  ] 2025-12-10 expanded data present (prism_ppt_us_30s_20251210.tif)
[OK  ] 2025-12-09 metadata matches remote
[OK  ] 2025-12-09 expanded data present (prism_ppt_us_30s_20251209.tif)
[OK  ] 2025-12-08 metadata matches remote
[OK  ] 2025-12-08 expanded data present (prism_ppt_us_30s_20251208.tif)
[OK  ] 2025-12-07 metadata matches remote
[OK  ] 2025-12-07 expanded data present (prism_ppt_us_30s_20251207.tif)
[OK  ] 2025-12-06 metadata matches remote
[OK  ] 2025-12-06 expanded data present (prism_ppt_us_30s_20251206.tif)
[OK  ] 2025-12-05 metadata matches remote
[OK  ] 2025-12-05 expanded data present (prism_ppt_us_30s_20251205.tif)
[OK  ] 2025-12-04 metadata matches remote
[OK  ] 2025-12-04 expanded data present (prism_ppt_us_30s_20251204.tif)
[OK  ] 2025-12-03 metadata matches remote
[OK  ] 2025-12-03 expanded data present (prism_ppt_us_30s_20251203.tif)
[OK  ] 2025-12-02 metadata matches remote
[OK  ] 2025-12-02 expanded data present (prism_ppt_us_30s_20251202.tif)
[OK  ] 2025-12-01 metadata matches remote
[OK  ] 2025-12-01 expanded data present (prism_ppt_us_30s_20251201.tif)
[OK  ] 2025-11-30 metadata matches remote
[OK  ] 2025-11-30 expanded data present (prism_ppt_us_30s_20251130.tif)
[OK  ] 2025-11-29 metadata matches remote
[OK  ] 2025-11-29 expanded data present (prism_ppt_us_30s_20251129.tif)
[OK  ] 2025-11-28 metadata matches remote
[OK  ] 2025-11-28 expanded data present (prism_ppt_us_30s_20251128.tif)
[OK  ] 2025-11-27 metadata matches remote
[OK  ] 2025-11-27 expanded data present (prism_ppt_us_30s_20251127.tif)
[OK  ] 2025-11-26 metadata matches remote
[OK  ] 2025-11-26 expanded data present (prism_ppt_us_30s_20251126.tif)
[OK  ] 2025-11-25 metadata matches remote
[OK  ] 2025-11-25 expanded data present (prism_ppt_us_30s_20251125.tif)
[OK  ] 2025-11-24 metadata matches remote
[OK  ] 2025-11-24 expanded data present (prism_ppt_us_30s_20251124.tif)
[OK  ] 2025-11-23 metadata matches remote
[OK  ] 2025-11-23 expanded data present (prism_ppt_us_30s_20251123.tif)
[OK  ] 2025-11-22 metadata matches remote
[OK  ] 2025-11-22 expanded data present (prism_ppt_us_30s_20251122.tif)
[OK  ] 2025-11-21 metadata matches remote
[OK  ] 2025-11-21 expanded data present (prism_ppt_us_30s_20251121.tif)
[OK  ] 2025-11-20 metadata matches remote
[OK  ] 2025-11-20 expanded data present (prism_ppt_us_30s_20251120.tif)
[OK  ] 2025-11-19 metadata matches remote
[OK  ] 2025-11-19 expanded data present (prism_ppt_us_30s_20251119.tif)
[INFO] Pruning files outside the past window...
[PRUNE] Removed old file → prism_ppt_us_30s_20251118.meta.json
[PRUNE] Removed old folder → prism_ppt_us_30s_20251118
2025-12-19 21:31:44,507 | INFO | Running predict_daily_triple.py
2025-12-19 21:56:46,105 | INFO | Rainfall window: 2025-11-19 → 2025-12-18 (30 files, 0 missing → zero-filled).
Sampling rainfall at 2,452 PRISM grid cells…
Sampling static attributes at grid centers…
Running models…
/Users/wonjunchoi/PycharmProjects/realtime-buncombe/venv/lib/python3.9/site-packages/sklearn/utils/validation.py:2732: UserWarning: X has feature names, but RandomForestClassifier was fitted without feature names
  warnings.warn(
ok: wrote 2,452 rows for 2025-12-18 (rainfall through 2025-12-18)
parquet: /Users/wonjunchoi/PycharmProjects/realtime-buncombe/predictions/historicData/2025/12/predictions_2025-12-18.parquet
geojson: /Users/wonjunchoi/PycharmProjects/realtime-buncombe/predictions/historicData/2025/12/map_2025-12-18.geojson
meta: /Users/wonjunchoi/PycharmProjects/realtime-buncombe/predictions/historicData/2025/12/meta_2025-12-18.json
latest: /Users/wonjunchoi/PycharmProjects/realtime-buncombe/predictions/latest.geojson, /Users/wonjunchoi/PycharmProjects/realtime-buncombe/predictions/latest.json
manifest: /Users/wonjunchoi/PycharmProjects/realtime-buncombe/predictions/index.json
2025-12-19 21:56:46,107 | INFO | Committing and pushing changes
2025-12-19 21:56:46,986 | INFO | [main edcf0e3] Auto-update: rainfall & predictions @ 2025-12-19 21:56:46
 7 files changed, 135 insertions(+), 7 deletions(-)
 create mode 100644 predictions/historicData/2025/12/map_2025-12-18.geojson
 create mode 100644 predictions/historicData/2025/12/meta_2025-12-18.json
 create mode 100644 predictions/historicData/2025/12/predictions_2025-12-18.parquet
2025-12-19 21:56:50,520 | INFO | Locking support detected on remote "origin". Consider enabling it with:
  $ git config lfs.https://github.com-buncombe/WonjunChoi1004/realtime-buncombe.git/info/lfs.locksverify true
Uploading LFS objects: 100% (1/1), 57 KB | 0 B/s, done.
To github.com-buncombe:WonjunChoi1004/realtime-buncombe.git
   e780c98..edcf0e3  main -> main
2025-12-19 21:56:50,520 | INFO | Push succeeded.
▶️ Running daily auto-update job...
2025-12-20 05:04:14,937 | INFO | Internet connection detected. Proceeding with update.
2025-12-20 05:04:14,937 | INFO | Running download_prism_daily.py
2025-12-20 05:04:26,361 | INFO | /Users/wonjunchoi/PycharmProjects/realtime-buncombe/venv/lib/python3.9/site-packages/urllib3/__init__.py:35: NotOpenSSLWarning: urllib3 v2 only supports OpenSSL 1.1.1+, currently the 'ssl' module is compiled with 'LibreSSL 2.8.3'. See: https://github.com/urllib3/urllib3/issues/3020
  warnings.warn(
[SKIP] 2025-12-19 not found online.
[OK  ] 2025-12-18 metadata matches remote
[OK  ] 2025-12-18 expanded data present (prism_ppt_us_30s_20251218.tif)
[OK  ] 2025-12-17 metadata matches remote
[OK  ] 2025-12-17 expanded data present (prism_ppt_us_30s_20251217.tif)
[OK  ] 2025-12-16 metadata matches remote
[OK  ] 2025-12-16 expanded data present (prism_ppt_us_30s_20251216.tif)
[OK  ] 2025-12-15 metadata matches remote
[OK  ] 2025-12-15 expanded data present (prism_ppt_us_30s_20251215.tif)
[OK  ] 2025-12-14 metadata matches remote
[OK  ] 2025-12-14 expanded data present (prism_ppt_us_30s_20251214.tif)
[OK  ] 2025-12-13 metadata matches remote
[OK  ] 2025-12-13 expanded data present (prism_ppt_us_30s_20251213.tif)
[OK  ] 2025-12-12 metadata matches remote
[OK  ] 2025-12-12 expanded data present (prism_ppt_us_30s_20251212.tif)
[OK  ] 2025-12-11 metadata matches remote
[OK  ] 2025-12-11 expanded data present (prism_ppt_us_30s_20251211.tif)
[OK  ] 2025-12-10 metadata matches remote
[OK  ] 2025-12-10 expanded data present (prism_ppt_us_30s_20251210.tif)
[OK  ] 2025-12-09 metadata matches remote
[OK  ] 2025-12-09 expanded data present (prism_ppt_us_30s_20251209.tif)
[OK  ] 2025-12-08 metadata matches remote
[OK  ] 2025-12-08 expanded data present (prism_ppt_us_30s_20251208.tif)
[OK  ] 2025-12-07 metadata matches remote
[OK  ] 2025-12-07 expanded data present (prism_ppt_us_30s_20251207.tif)
[OK  ] 2025-12-06 metadata matches remote
[OK  ] 2025-12-06 expanded data present (prism_ppt_us_30s_20251206.tif)
[OK  ] 2025-12-05 metadata matches remote
[OK  ] 2025-12-05 expanded data present (prism_ppt_us_30s_20251205.tif)
[OK  ] 2025-12-04 metadata matches remote
[OK  ] 2025-12-04 expanded data present (prism_ppt_us_30s_20251204.tif)
[OK  ] 2025-12-03 metadata matches remote
[OK  ] 2025-12-03 expanded data present (prism_ppt_us_30s_20251203.tif)
[OK  ] 2025-12-02 metadata matches remote
[OK  ] 2025-12-02 expanded data present (prism_ppt_us_30s_20251202.tif)
[OK  ] 2025-12-01 metadata matches remote
[OK  ] 2025-12-01 expanded data present (prism_ppt_us_30s_20251201.tif)
[OK  ] 2025-11-30 metadata matches remote
[OK  ] 2025-11-30 expanded data present (prism_ppt_us_30s_20251130.tif)
[OK  ] 2025-11-29 metadata matches remote
[OK  ] 2025-11-29 expanded data present (prism_ppt_us_30s_20251129.tif)
[OK  ] 2025-11-28 metadata matches remote
[OK  ] 2025-11-28 expanded data present (prism_ppt_us_30s_20251128.tif)
[OK  ] 2025-11-27 metadata matches remote
[OK  ] 2025-11-27 expanded data present (prism_ppt_us_30s_20251127.tif)
[OK  ] 2025-11-26 metadata matches remote
[OK  ] 2025-11-26 expanded data present (prism_ppt_us_30s_20251126.tif)
[OK  ] 2025-11-25 metadata matches remote
[OK  ] 2025-11-25 expanded data present (prism_ppt_us_30s_20251125.tif)
[OK  ] 2025-11-24 metadata matches remote
[OK  ] 2025-11-24 expanded data present (prism_ppt_us_30s_20251124.tif)
[OK  ] 2025-11-23 metadata matches remote
[OK  ] 2025-11-23 expanded data present (prism_ppt_us_30s_20251123.tif)
[OK  ] 2025-11-22 metadata matches remote
[OK  ] 2025-11-22 expanded data present (prism_ppt_us_30s_20251122.tif)
[OK  ] 2025-11-21 metadata matches remote
[OK  ] 2025-11-21 expanded data present (prism_ppt_us_30s_20251121.tif)
[OK  ] 2025-11-20 metadata matches remote
[OK  ] 2025-11-20 expanded data present (prism_ppt_us_30s_20251120.tif)
[INFO] Pruning files outside the past window...
[PRUNE] Removed old folder → prism_ppt_us_30s_20251119
[PRUNE] Removed old file → prism_ppt_us_30s_20251119.meta.json
2025-12-20 05:04:26,362 | INFO | Running predict_daily_triple.py
2025-12-20 06:33:23,025 | INFO | Rainfall window: 2025-11-19 → 2025-12-18 (29 files, 1 missing → zero-filled).
Sampling rainfall at 2,452 PRISM grid cells…
Sampling static attributes at grid centers…
Running models…
/Users/wonjunchoi/PycharmProjects/realtime-buncombe/venv/lib/python3.9/site-packages/sklearn/utils/validation.py:2732: UserWarning: X has feature names, but RandomForestClassifier was fitted without feature names
  warnings.warn(
python(20758) MallocStackLogging: can't turn off malloc stack logging because it was not enabled.
ok: wrote 2,452 rows for 2025-12-19 (rainfall through 2025-12-18)
parquet: /Users/wonjunchoi/PycharmProjects/realtime-buncombe/predictions/historicData/2025/12/predictions_2025-12-19.parquet
geojson: /Users/wonjunchoi/PycharmProjects/realtime-buncombe/predictions/historicData/2025/12/map_2025-12-19.geojson
meta: /Users/wonjunchoi/PycharmProjects/realtime-buncombe/predictions/historicData/2025/12/meta_2025-12-19.json
latest: /Users/wonjunchoi/PycharmProjects/realtime-buncombe/predictions/latest.geojson, /Users/wonjunchoi/PycharmProjects/realtime-buncombe/predictions/latest.json
manifest: /Users/wonjunchoi/PycharmProjects/realtime-buncombe/predictions/index.json
2025-12-20 06:33:23,027 | INFO | Committing and pushing changes
2025-12-20 06:33:23,670 | INFO | [main 9b36719] Auto-update: rainfall & predictions @ 2025-12-20 06:33:23
 7 files changed, 125 insertions(+), 6 deletions(-)
 create mode 100644 predictions/historicData/2025/12/map_2025-12-19.geojson
 create mode 100644 predictions/historicData/2025/12/meta_2025-12-19.json
 create mode 100644 predictions/historicData/2025/12/predictions_2025-12-19.parquet
2025-12-20 06:33:27,779 | INFO | Locking support detected on remote "origin". Consider enabling it with:
  $ git config lfs.https://github.com-buncombe/WonjunChoi1004/realtime-buncombe.git/info/lfs.locksverify true
Uploading LFS objects: 100% (1/1), 57 KB | 0 B/s, done.
To github.com-buncombe:WonjunChoi1004/realtime-buncombe.git
   edcf0e3..9b36719  main -> main
2025-12-20 06:33:27,780 | INFO | Push succeeded.
▶️ Running daily auto-update job...
✅ Already ran today, skipping.
2025-12-22 00:35:23,467 | WARNING | No internet connection — delaying run. Retrying in 15 minutes...
2025-12-22 00:50:23,570 | INFO | Internet connection detected. Proceeding with update.
2025-12-22 00:50:23,574 | INFO | Running download_prism_daily.py
2025-12-22 00:50:43,688 | INFO | /Users/wonjunchoi/PycharmProjects/realtime-buncombe/venv/lib/python3.9/site-packages/urllib3/__init__.py:35: NotOpenSSLWarning: urllib3 v2 only supports OpenSSL 1.1.1+, currently the 'ssl' module is compiled with 'LibreSSL 2.8.3'. See: https://github.com/urllib3/urllib3/issues/3020
  warnings.warn(
[SKIP] 2025-12-21 not found online.
[GET ] 2025-12-20 → https://data.prism.oregonstate.edu/time_series/us/an/800m/ppt/daily/2025/prism_ppt_us_30s_20251220.zip
[DONE] Updated ZIP for 2025-12-20
[MISS] 2025-12-20 missing expanded .tif — extracting now.
[UNZIP] Extracted → /Users/wonjunchoi/PycharmProjects/realtime-buncombe/data/rain/prism_ppt_us_30s_20251220
[CLEAN] 2025-12-20 removed ZIP after extraction.
[GET ] 2025-12-19 → https://data.prism.oregonstate.edu/time_series/us/an/800m/ppt/daily/2025/prism_ppt_us_30s_20251219.zip
[DONE] Updated ZIP for 2025-12-19
[MISS] 2025-12-19 missing expanded .tif — extracting now.
[UNZIP] Extracted → /Users/wonjunchoi/PycharmProjects/realtime-buncombe/data/rain/prism_ppt_us_30s_20251219
[CLEAN] 2025-12-19 removed ZIP after extraction.
[OK  ] 2025-12-18 metadata matches remote
[OK  ] 2025-12-18 expanded data present (prism_ppt_us_30s_20251218.tif)
[OK  ] 2025-12-17 metadata matches remote
[OK  ] 2025-12-17 expanded data present (prism_ppt_us_30s_20251217.tif)
[CLEAN] 2025-12-16 removed old expanded folder → prism_ppt_us_30s_20251216
[GET ] 2025-12-16 → https://data.prism.oregonstate.edu/time_series/us/an/800m/ppt/daily/2025/prism_ppt_us_30s_20251216.zip
[DONE] Updated ZIP for 2025-12-16
[MISS] 2025-12-16 missing expanded .tif — extracting now.
[UNZIP] Extracted → /Users/wonjunchoi/PycharmProjects/realtime-buncombe/data/rain/prism_ppt_us_30s_20251216
[CLEAN] 2025-12-16 removed ZIP after extraction.
[CLEAN] 2025-12-15 removed old expanded folder → prism_ppt_us_30s_20251215
[GET ] 2025-12-15 → https://data.prism.oregonstate.edu/time_series/us/an/800m/ppt/daily/2025/prism_ppt_us_30s_20251215.zip
[DONE] Updated ZIP for 2025-12-15
[MISS] 2025-12-15 missing expanded .tif — extracting now.
[UNZIP] Extracted → /Users/wonjunchoi/PycharmProjects/realtime-buncombe/data/rain/prism_ppt_us_30s_20251215
[CLEAN] 2025-12-15 removed ZIP after extraction.
[OK  ] 2025-12-14 metadata matches remote
[OK  ] 2025-12-14 expanded data present (prism_ppt_us_30s_20251214.tif)
[OK  ] 2025-12-13 metadata matches remote
[OK  ] 2025-12-13 expanded data present (prism_ppt_us_30s_20251213.tif)
[OK  ] 2025-12-12 metadata matches remote
[OK  ] 2025-12-12 expanded data present (prism_ppt_us_30s_20251212.tif)
[OK  ] 2025-12-11 metadata matches remote
[OK  ] 2025-12-11 expanded data present (prism_ppt_us_30s_20251211.tif)
[OK  ] 2025-12-10 metadata matches remote
[OK  ] 2025-12-10 expanded data present (prism_ppt_us_30s_20251210.tif)
[OK  ] 2025-12-09 metadata matches remote
[OK  ] 2025-12-09 expanded data present (prism_ppt_us_30s_20251209.tif)
[OK  ] 2025-12-08 metadata matches remote
[OK  ] 2025-12-08 expanded data present (prism_ppt_us_30s_20251208.tif)
[OK  ] 2025-12-07 metadata matches remote
[OK  ] 2025-12-07 expanded data present (prism_ppt_us_30s_20251207.tif)
[OK  ] 2025-12-06 metadata matches remote
[OK  ] 2025-12-06 expanded data present (prism_ppt_us_30s_20251206.tif)
[OK  ] 2025-12-05 metadata matches remote
[OK  ] 2025-12-05 expanded data present (prism_ppt_us_30s_20251205.tif)
[OK  ] 2025-12-04 metadata matches remote
[OK  ] 2025-12-04 expanded data present (prism_ppt_us_30s_20251204.tif)
[OK  ] 2025-12-03 metadata matches remote
[OK  ] 2025-12-03 expanded data present (prism_ppt_us_30s_20251203.tif)
[OK  ] 2025-12-02 metadata matches remote
[OK  ] 2025-12-02 expanded data present (prism_ppt_us_30s_20251202.tif)
[OK  ] 2025-12-01 metadata matches remote
[OK  ] 2025-12-01 expanded data present (prism_ppt_us_30s_20251201.tif)
[OK  ] 2025-11-30 metadata matches remote
[OK  ] 2025-11-30 expanded data present (prism_ppt_us_30s_20251130.tif)
[OK  ] 2025-11-29 metadata matches remote
[OK  ] 2025-11-29 expanded data present (prism_ppt_us_30s_20251129.tif)
[OK  ] 2025-11-28 metadata matches remote
[OK  ] 2025-11-28 expanded data present (prism_ppt_us_30s_20251128.tif)
[OK  ] 2025-11-27 metadata matches remote
[OK  ] 2025-11-27 expanded data present (prism_ppt_us_30s_20251127.tif)
[OK  ] 2025-11-26 metadata matches remote
[OK  ] 2025-11-26 expanded data present (prism_ppt_us_30s_20251126.tif)
[OK  ] 2025-11-25 metadata matches remote
[OK  ] 2025-11-25 expanded data present (prism_ppt_us_30s_20251125.tif)
[OK  ] 2025-11-24 metadata matches remote
[OK  ] 2025-11-24 expanded data present (prism_ppt_us_30s_20251124.tif)
[OK  ] 2025-11-23 metadata matches remote
[OK  ] 2025-11-23 expanded data present (prism_ppt_us_30s_20251123.tif)
[OK  ] 2025-11-22 metadata matches remote
[OK  ] 2025-11-22 expanded data present (prism_ppt_us_30s_20251122.tif)
[INFO] Pruning files outside the past window...
[PRUNE] Removed old file → prism_ppt_us_30s_20251120.meta.json
[PRUNE] Removed old folder → prism_ppt_us_30s_20251120
[PRUNE] Removed old folder → prism_ppt_us_30s_20251121
[PRUNE] Removed old file → prism_ppt_us_30s_20251121.meta.json
2025-12-22 00:50:43,689 | INFO | Running predict_daily_triple.py
2025-12-22 01:15:12,653 | INFO | Rainfall window: 2025-11-21 → 2025-12-20 (29 files, 1 missing → zero-filled).
Sampling rainfall at 2,452 PRISM grid cells…
Sampling static attributes at grid centers…
Running models…
/Users/wonjunchoi/PycharmProjects/realtime-buncombe/venv/lib/python3.9/site-packages/sklearn/utils/validation.py:2732: UserWarning: X has feature names, but RandomForestClassifier was fitted without feature names
  warnings.warn(
ok: wrote 2,452 rows for 2025-12-21 (rainfall through 2025-12-20)
parquet: /Users/wonjunchoi/PycharmProjects/realtime-buncombe/predictions/historicData/2025/12/predictions_2025-12-21.parquet
geojson: /Users/wonjunchoi/PycharmProjects/realtime-buncombe/predictions/historicData/2025/12/map_2025-12-21.geojson
meta: /Users/wonjunchoi/PycharmProjects/realtime-buncombe/predictions/historicData/2025/12/meta_2025-12-21.json
latest: /Users/wonjunchoi/PycharmProjects/realtime-buncombe/predictions/latest.geojson, /Users/wonjunchoi/PycharmProjects/realtime-buncombe/predictions/latest.json
manifest: /Users/wonjunchoi/PycharmProjects/realtime-buncombe/predictions/index.json
2025-12-22 01:15:12,655 | INFO | Committing and pushing changes
2025-12-22 01:15:13,356 | INFO | [main 8b77d5c] Auto-update: rainfall & predictions @ 2025-12-22 01:15:12
 7 files changed, 143 insertions(+), 7 deletions(-)
 create mode 100644 predictions/historicData/2025/12/map_2025-12-21.geojson
 create mode 100644 predictions/historicData/2025/12/meta_2025-12-21.json
 create mode 100644 predictions/historicData/2025/12/predictions_2025-12-21.parquet
2025-12-22 01:15:17,035 | INFO | Locking support detected on remote "origin". Consider enabling it with:
  $ git config lfs.https://github.com-buncombe/WonjunChoi1004/realtime-buncombe.git/info/lfs.locksverify true
Uploading LFS objects: 100% (1/1), 98 KB | 0 B/s, done.
To github.com-buncombe:WonjunChoi1004/realtime-buncombe.git
   9b36719..8b77d5c  main -> main
2025-12-22 01:15:17,035 | INFO | Push succeeded.
▶️ Running daily auto-update job...
✅ Already ran today, skipping.
2025-12-23 20:00:14,425 | WARNING | No internet connection — delaying run. Retrying in 15 minutes...
2025-12-23 20:15:14,500 | INFO | Internet connection detected. Proceeding with update.
2025-12-23 20:15:14,506 | INFO | Running download_prism_daily.py
2025-12-23 20:15:32,215 | INFO | /Users/wonjunchoi/PycharmProjects/realtime-buncombe/venv/lib/python3.9/site-packages/urllib3/__init__.py:35: NotOpenSSLWarning: urllib3 v2 only supports OpenSSL 1.1.1+, currently the 'ssl' module is compiled with 'LibreSSL 2.8.3'. See: https://github.com/urllib3/urllib3/issues/3020
  warnings.warn(
[GET ] 2025-12-22 → https://data.prism.oregonstate.edu/time_series/us/an/800m/ppt/daily/2025/prism_ppt_us_30s_20251222.zip
[DONE] Updated ZIP for 2025-12-22
[MISS] 2025-12-22 missing expanded .tif — extracting now.
[UNZIP] Extracted → /Users/wonjunchoi/PycharmProjects/realtime-buncombe/data/rain/prism_ppt_us_30s_20251222
[CLEAN] 2025-12-22 removed ZIP after extraction.
[GET ] 2025-12-21 → https://data.prism.oregonstate.edu/time_series/us/an/800m/ppt/daily/2025/prism_ppt_us_30s_20251221.zip
[DONE] Updated ZIP for 2025-12-21
[MISS] 2025-12-21 missing expanded .tif — extracting now.
[UNZIP] Extracted → /Users/wonjunchoi/PycharmProjects/realtime-buncombe/data/rain/prism_ppt_us_30s_20251221
[CLEAN] 2025-12-21 removed ZIP after extraction.
[OK  ] 2025-12-20 metadata matches remote
[OK  ] 2025-12-20 expanded data present (prism_ppt_us_30s_20251220.tif)
[OK  ] 2025-12-19 metadata matches remote
[OK  ] 2025-12-19 expanded data present (prism_ppt_us_30s_20251219.tif)
[CLEAN] 2025-12-18 removed old expanded folder → prism_ppt_us_30s_20251218
[GET ] 2025-12-18 → https://data.prism.oregonstate.edu/time_series/us/an/800m/ppt/daily/2025/prism_ppt_us_30s_20251218.zip
[DONE] Updated ZIP for 2025-12-18
[MISS] 2025-12-18 missing expanded .tif — extracting now.
[UNZIP] Extracted → /Users/wonjunchoi/PycharmProjects/realtime-buncombe/data/rain/prism_ppt_us_30s_20251218
[CLEAN] 2025-12-18 removed ZIP after extraction.
[CLEAN] 2025-12-17 removed old expanded folder → prism_ppt_us_30s_20251217
[GET ] 2025-12-17 → https://data.prism.oregonstate.edu/time_series/us/an/800m/ppt/daily/2025/prism_ppt_us_30s_20251217.zip
[DONE] Updated ZIP for 2025-12-17
[MISS] 2025-12-17 missing expanded .tif — extracting now.
[UNZIP] Extracted → /Users/wonjunchoi/PycharmProjects/realtime-buncombe/data/rain/prism_ppt_us_30s_20251217
[CLEAN] 2025-12-17 removed ZIP after extraction.
[OK  ] 2025-12-16 metadata matches remote
[OK  ] 2025-12-16 expanded data present (prism_ppt_us_30s_20251216.tif)
[OK  ] 2025-12-15 metadata matches remote
[OK  ] 2025-12-15 expanded data present (prism_ppt_us_30s_20251215.tif)
[OK  ] 2025-12-14 metadata matches remote
[OK  ] 2025-12-14 expanded data present (prism_ppt_us_30s_20251214.tif)
[OK  ] 2025-12-13 metadata matches remote
[OK  ] 2025-12-13 expanded data present (prism_ppt_us_30s_20251213.tif)
[OK  ] 2025-12-12 metadata matches remote
[OK  ] 2025-12-12 expanded data present (prism_ppt_us_30s_20251212.tif)
[OK  ] 2025-12-11 metadata matches remote
[OK  ] 2025-12-11 expanded data present (prism_ppt_us_30s_20251211.tif)
[OK  ] 2025-12-10 metadata matches remote
[OK  ] 2025-12-10 expanded data present (prism_ppt_us_30s_20251210.tif)
[OK  ] 2025-12-09 metadata matches remote
[OK  ] 2025-12-09 expanded data present (prism_ppt_us_30s_20251209.tif)
[OK  ] 2025-12-08 metadata matches remote
[OK  ] 2025-12-08 expanded data present (prism_ppt_us_30s_20251208.tif)
[OK  ] 2025-12-07 metadata matches remote
[OK  ] 2025-12-07 expanded data present (prism_ppt_us_30s_20251207.tif)
[OK  ] 2025-12-06 metadata matches remote
[OK  ] 2025-12-06 expanded data present (prism_ppt_us_30s_20251206.tif)
[OK  ] 2025-12-05 metadata matches remote
[OK  ] 2025-12-05 expanded data present (prism_ppt_us_30s_20251205.tif)
[OK  ] 2025-12-04 metadata matches remote
[OK  ] 2025-12-04 expanded data present (prism_ppt_us_30s_20251204.tif)
[OK  ] 2025-12-03 metadata matches remote
[OK  ] 2025-12-03 expanded data present (prism_ppt_us_30s_20251203.tif)
[OK  ] 2025-12-02 metadata matches remote
[OK  ] 2025-12-02 expanded data present (prism_ppt_us_30s_20251202.tif)
[OK  ] 2025-12-01 metadata matches remote
[OK  ] 2025-12-01 expanded data present (prism_ppt_us_30s_20251201.tif)
[OK  ] 2025-11-30 metadata matches remote
[OK  ] 2025-11-30 expanded data present (prism_ppt_us_30s_20251130.tif)
[OK  ] 2025-11-29 metadata matches remote
[OK  ] 2025-11-29 expanded data present (prism_ppt_us_30s_20251129.tif)
[OK  ] 2025-11-28 metadata matches remote
[OK  ] 2025-11-28 expanded data present (prism_ppt_us_30s_20251128.tif)
[OK  ] 2025-11-27 metadata matches remote
[OK  ] 2025-11-27 expanded data present (prism_ppt_us_30s_20251127.tif)
[OK  ] 2025-11-26 metadata matches remote
[OK  ] 2025-11-26 expanded data present (prism_ppt_us_30s_20251126.tif)
[OK  ] 2025-11-25 metadata matches remote
[OK  ] 2025-11-25 expanded data present (prism_ppt_us_30s_20251125.tif)
[OK  ] 2025-11-24 metadata matches remote
[OK  ] 2025-11-24 expanded data present (prism_ppt_us_30s_20251124.tif)
[OK  ] 2025-11-23 metadata matches remote
[OK  ] 2025-11-23 expanded data present (prism_ppt_us_30s_20251123.tif)
[INFO] Pruning files outside the past window...
[PRUNE] Removed old file → prism_ppt_us_30s_20251122.meta.json
[PRUNE] Removed old folder → prism_ppt_us_30s_20251122
2025-12-23 20:15:32,215 | INFO | Running predict_daily_triple.py
2025-12-23 20:40:27,907 | INFO | Rainfall window: 2025-11-23 → 2025-12-22 (30 files, 0 missing → zero-filled).
Sampling rainfall at 2,452 PRISM grid cells…
Sampling static attributes at grid centers…
Running models…
/Users/wonjunchoi/PycharmProjects/realtime-buncombe/venv/lib/python3.9/site-packages/sklearn/utils/validation.py:2732: UserWarning: X has feature names, but RandomForestClassifier was fitted without feature names
  warnings.warn(
ok: wrote 2,452 rows for 2025-12-22 (rainfall through 2025-12-22)
parquet: /Users/wonjunchoi/PycharmProjects/realtime-buncombe/predictions/historicData/2025/12/predictions_2025-12-22.parquet
geojson: /Users/wonjunchoi/PycharmProjects/realtime-buncombe/predictions/historicData/2025/12/map_2025-12-22.geojson
meta: /Users/wonjunchoi/PycharmProjects/realtime-buncombe/predictions/historicData/2025/12/meta_2025-12-22.json
latest: /Users/wonjunchoi/PycharmProjects/realtime-buncombe/predictions/latest.geojson, /Users/wonjunchoi/PycharmProjects/realtime-buncombe/predictions/latest.json
manifest: /Users/wonjunchoi/PycharmProjects/realtime-buncombe/predictions/index.json
2025-12-23 20:40:27,910 | INFO | Committing and pushing changes
2025-12-23 20:40:28,623 | INFO | [main 37b88c1] Auto-update: rainfall & predictions @ 2025-12-23 20:40:28
 7 files changed, 142 insertions(+), 7 deletions(-)
 create mode 100644 predictions/historicData/2025/12/map_2025-12-22.geojson
 create mode 100644 predictions/historicData/2025/12/meta_2025-12-22.json
 create mode 100644 predictions/historicData/2025/12/predictions_2025-12-22.parquet
2025-12-23 20:40:32,431 | INFO | Locking support detected on remote "origin". Consider enabling it with:
  $ git config lfs.https://github.com-buncombe/WonjunChoi1004/realtime-buncombe.git/info/lfs.locksverify true
Uploading LFS objects: 100% (1/1), 72 KB | 0 B/s, done.
To github.com-buncombe:WonjunChoi1004/realtime-buncombe.git
   8b77d5c..37b88c1  main -> main
2025-12-23 20:40:32,432 | INFO | Push succeeded.
▶️ Running daily auto-update job...
✅ Already ran today, skipping.
2025-12-26 05:04:16,080 | INFO | Internet connection detected. Proceeding with update.
2025-12-26 05:04:16,080 | INFO | Running download_prism_daily.py
2025-12-26 05:04:40,194 | INFO | /Users/wonjunchoi/PycharmProjects/realtime-buncombe/venv/lib/python3.9/site-packages/urllib3/__init__.py:35: NotOpenSSLWarning: urllib3 v2 only supports OpenSSL 1.1.1+, currently the 'ssl' module is compiled with 'LibreSSL 2.8.3'. See: https://github.com/urllib3/urllib3/issues/3020
  warnings.warn(
[SKIP] 2025-12-25 not found online.
[GET ] 2025-12-24 → https://data.prism.oregonstate.edu/time_series/us/an/800m/ppt/daily/2025/prism_ppt_us_30s_20251224.zip
[DONE] Updated ZIP for 2025-12-24
[MISS] 2025-12-24 missing expanded .tif — extracting now.
[UNZIP] Extracted → /Users/wonjunchoi/PycharmProjects/realtime-buncombe/data/rain/prism_ppt_us_30s_20251224
[CLEAN] 2025-12-24 removed ZIP after extraction.
[GET ] 2025-12-23 → https://data.prism.oregonstate.edu/time_series/us/an/800m/ppt/daily/2025/prism_ppt_us_30s_20251223.zip
[DONE] Updated ZIP for 2025-12-23
[MISS] 2025-12-23 missing expanded .tif — extracting now.
[UNZIP] Extracted → /Users/wonjunchoi/PycharmProjects/realtime-buncombe/data/rain/prism_ppt_us_30s_20251223
[CLEAN] 2025-12-23 removed ZIP after extraction.
[OK  ] 2025-12-22 metadata matches remote
[OK  ] 2025-12-22 expanded data present (prism_ppt_us_30s_20251222.tif)
[OK  ] 2025-12-21 metadata matches remote
[OK  ] 2025-12-21 expanded data present (prism_ppt_us_30s_20251221.tif)
[CLEAN] 2025-12-20 removed old expanded folder → prism_ppt_us_30s_20251220
[GET ] 2025-12-20 → https://data.prism.oregonstate.edu/time_series/us/an/800m/ppt/daily/2025/prism_ppt_us_30s_20251220.zip
[DONE] Updated ZIP for 2025-12-20
[MISS] 2025-12-20 missing expanded .tif — extracting now.
[UNZIP] Extracted → /Users/wonjunchoi/PycharmProjects/realtime-buncombe/data/rain/prism_ppt_us_30s_20251220
[CLEAN] 2025-12-20 removed ZIP after extraction.
[CLEAN] 2025-12-19 removed old expanded folder → prism_ppt_us_30s_20251219
[GET ] 2025-12-19 → https://data.prism.oregonstate.edu/time_series/us/an/800m/ppt/daily/2025/prism_ppt_us_30s_20251219.zip
[DONE] Updated ZIP for 2025-12-19
[MISS] 2025-12-19 missing expanded .tif — extracting now.
[UNZIP] Extracted → /Users/wonjunchoi/PycharmProjects/realtime-buncombe/data/rain/prism_ppt_us_30s_20251219
[CLEAN] 2025-12-19 removed ZIP after extraction.
[OK  ] 2025-12-18 metadata matches remote
[OK  ] 2025-12-18 expanded data present (prism_ppt_us_30s_20251218.tif)
[OK  ] 2025-12-17 metadata matches remote
[OK  ] 2025-12-17 expanded data present (prism_ppt_us_30s_20251217.tif)
[OK  ] 2025-12-16 metadata matches remote
[OK  ] 2025-12-16 expanded data present (prism_ppt_us_30s_20251216.tif)
[OK  ] 2025-12-15 metadata matches remote
[OK  ] 2025-12-15 expanded data present (prism_ppt_us_30s_20251215.tif)
[OK  ] 2025-12-14 metadata matches remote
[OK  ] 2025-12-14 expanded data present (prism_ppt_us_30s_20251214.tif)
[OK  ] 2025-12-13 metadata matches remote
[OK  ] 2025-12-13 expanded data present (prism_ppt_us_30s_20251213.tif)
[OK  ] 2025-12-12 metadata matches remote
[OK  ] 2025-12-12 expanded data present (prism_ppt_us_30s_20251212.tif)
[OK  ] 2025-12-11 metadata matches remote
[OK  ] 2025-12-11 expanded data present (prism_ppt_us_30s_20251211.tif)
[OK  ] 2025-12-10 metadata matches remote
[OK  ] 2025-12-10 expanded data present (prism_ppt_us_30s_20251210.tif)
[OK  ] 2025-12-09 metadata matches remote
[OK  ] 2025-12-09 expanded data present (prism_ppt_us_30s_20251209.tif)
[OK  ] 2025-12-08 metadata matches remote
[OK  ] 2025-12-08 expanded data present (prism_ppt_us_30s_20251208.tif)
[OK  ] 2025-12-07 metadata matches remote
[OK  ] 2025-12-07 expanded data present (prism_ppt_us_30s_20251207.tif)
[OK  ] 2025-12-06 metadata matches remote
[OK  ] 2025-12-06 expanded data present (prism_ppt_us_30s_20251206.tif)
[OK  ] 2025-12-05 metadata matches remote
[OK  ] 2025-12-05 expanded data present (prism_ppt_us_30s_20251205.tif)
[OK  ] 2025-12-04 metadata matches remote
[OK  ] 2025-12-04 expanded data present (prism_ppt_us_30s_20251204.tif)
[OK  ] 2025-12-03 metadata matches remote
[OK  ] 2025-12-03 expanded data present (prism_ppt_us_30s_20251203.tif)
[OK  ] 2025-12-02 metadata matches remote
[OK  ] 2025-12-02 expanded data present (prism_ppt_us_30s_20251202.tif)
[OK  ] 2025-12-01 metadata matches remote
[OK  ] 2025-12-01 expanded data present (prism_ppt_us_30s_20251201.tif)
[OK  ] 2025-11-30 metadata matches remote
[OK  ] 2025-11-30 expanded data present (prism_ppt_us_30s_20251130.tif)
[OK  ] 2025-11-29 metadata matches remote
[OK  ] 2025-11-29 expanded data present (prism_ppt_us_30s_20251129.tif)
[OK  ] 2025-11-28 metadata matches remote
[OK  ] 2025-11-28 expanded data present (prism_ppt_us_30s_20251128.tif)
[OK  ] 2025-11-27 metadata matches remote
[OK  ] 2025-11-27 expanded data present (prism_ppt_us_30s_20251127.tif)
[OK  ] 2025-11-26 metadata matches remote
[OK  ] 2025-11-26 expanded data present (prism_ppt_us_30s_20251126.tif)
[INFO] Pruning files outside the past window...
[PRUNE] Removed old file → prism_ppt_us_30s_20251124.meta.json
[PRUNE] Removed old folder → prism_ppt_us_30s_20251124
[PRUNE] Removed old folder → prism_ppt_us_30s_20251123
[PRUNE] Removed old file → prism_ppt_us_30s_20251125.meta.json
[PRUNE] Removed old folder → prism_ppt_us_30s_20251125
[PRUNE] Removed old file → prism_ppt_us_30s_20251123.meta.json
2025-12-26 05:04:40,195 | INFO | Running predict_daily_triple.py
2025-12-26 16:18:05,085 | INFO | Rainfall window: 2025-11-25 → 2025-12-24 (29 files, 1 missing → zero-filled).
Sampling rainfall at 2,452 PRISM grid cells…
Sampling static attributes at grid centers…
Running models…
/Users/wonjunchoi/PycharmProjects/realtime-buncombe/venv/lib/python3.9/site-packages/sklearn/utils/validation.py:2732: UserWarning: X has feature names, but RandomForestClassifier was fitted without feature names
  warnings.warn(
ok: wrote 2,452 rows for 2025-12-25 (rainfall through 2025-12-24)
parquet: /Users/wonjunchoi/PycharmProjects/realtime-buncombe/predictions/historicData/2025/12/predictions_2025-12-25.parquet
geojson: /Users/wonjunchoi/PycharmProjects/realtime-buncombe/predictions/historicData/2025/12/map_2025-12-25.geojson
meta: /Users/wonjunchoi/PycharmProjects/realtime-buncombe/predictions/historicData/2025/12/meta_2025-12-25.json
latest: /Users/wonjunchoi/PycharmProjects/realtime-buncombe/predictions/latest.geojson, /Users/wonjunchoi/PycharmProjects/realtime-buncombe/predictions/latest.json
manifest: /Users/wonjunchoi/PycharmProjects/realtime-buncombe/predictions/index.json
2025-12-26 16:18:05,090 | INFO | Committing and pushing changes
2025-12-26 16:18:05,918 | INFO | [main 412f98d] Auto-update: rainfall & predictions @ 2025-12-26 16:18:05
 7 files changed, 144 insertions(+), 7 deletions(-)
 create mode 100644 predictions/historicData/2025/12/map_2025-12-25.geojson
 create mode 100644 predictions/historicData/2025/12/meta_2025-12-25.json
 create mode 100644 predictions/historicData/2025/12/predictions_2025-12-25.parquet
2025-12-26 16:18:09,598 | INFO | Locking support detected on remote "origin". Consider enabling it with:
  $ git config lfs.https://github.com-buncombe/WonjunChoi1004/realtime-buncombe.git/info/lfs.locksverify true
Uploading LFS objects: 100% (1/1), 76 KB | 0 B/s, done.
To github.com-buncombe:WonjunChoi1004/realtime-buncombe.git
   37b88c1..412f98d  main -> main
2025-12-26 16:18:09,601 | INFO | Push succeeded.
▶️ Running daily auto-update job...
2025-12-28 12:28:07,463 | WARNING | No internet connection — delaying run. Retrying in 15 minutes...
2025-12-28 12:43:07,700 | INFO | Internet connection detected. Proceeding with update.
2025-12-28 12:43:07,711 | INFO | Running download_prism_daily.py
2025-12-28 12:43:33,549 | INFO | /Users/wonjunchoi/PycharmProjects/realtime-buncombe/venv/lib/python3.9/site-packages/urllib3/__init__.py:35: NotOpenSSLWarning: urllib3 v2 only supports OpenSSL 1.1.1+, currently the 'ssl' module is compiled with 'LibreSSL 2.8.3'. See: https://github.com/urllib3/urllib3/issues/3020
  warnings.warn(
[GET ] 2025-12-27 → https://data.prism.oregonstate.edu/time_series/us/an/800m/ppt/daily/2025/prism_ppt_us_30s_20251227.zip
[DONE] Updated ZIP for 2025-12-27
[MISS] 2025-12-27 missing expanded .tif — extracting now.
[UNZIP] Extracted → /Users/wonjunchoi/PycharmProjects/realtime-buncombe/data/rain/prism_ppt_us_30s_20251227
[CLEAN] 2025-12-27 removed ZIP after extraction.
[GET ] 2025-12-26 → https://data.prism.oregonstate.edu/time_series/us/an/800m/ppt/daily/2025/prism_ppt_us_30s_20251226.zip
[DONE] Updated ZIP for 2025-12-26
[MISS] 2025-12-26 missing expanded .tif — extracting now.
[UNZIP] Extracted → /Users/wonjunchoi/PycharmProjects/realtime-buncombe/data/rain/prism_ppt_us_30s_20251226
[CLEAN] 2025-12-26 removed ZIP after extraction.
[GET ] 2025-12-25 → https://data.prism.oregonstate.edu/time_series/us/an/800m/ppt/daily/2025/prism_ppt_us_30s_20251225.zip
[DONE] Updated ZIP for 2025-12-25
[MISS] 2025-12-25 missing expanded .tif — extracting now.
[UNZIP] Extracted → /Users/wonjunchoi/PycharmProjects/realtime-buncombe/data/rain/prism_ppt_us_30s_20251225
[CLEAN] 2025-12-25 removed ZIP after extraction.
[OK  ] 2025-12-24 metadata matches remote
[OK  ] 2025-12-24 expanded data present (prism_ppt_us_30s_20251224.tif)
[CLEAN] 2025-12-23 removed old expanded folder → prism_ppt_us_30s_20251223
[GET ] 2025-12-23 → https://data.prism.oregonstate.edu/time_series/us/an/800m/ppt/daily/2025/prism_ppt_us_30s_20251223.zip
[DONE] Updated ZIP for 2025-12-23
[MISS] 2025-12-23 missing expanded .tif — extracting now.
[UNZIP] Extracted → /Users/wonjunchoi/PycharmProjects/realtime-buncombe/data/rain/prism_ppt_us_30s_20251223
[CLEAN] 2025-12-23 removed ZIP after extraction.
[CLEAN] 2025-12-22 removed old expanded folder → prism_ppt_us_30s_20251222
[GET ] 2025-12-22 → https://data.prism.oregonstate.edu/time_series/us/an/800m/ppt/daily/2025/prism_ppt_us_30s_20251222.zip
[DONE] Updated ZIP for 2025-12-22
[MISS] 2025-12-22 missing expanded .tif — extracting now.
[UNZIP] Extracted → /Users/wonjunchoi/PycharmProjects/realtime-buncombe/data/rain/prism_ppt_us_30s_20251222
[CLEAN] 2025-12-22 removed ZIP after extraction.
[CLEAN] 2025-12-21 removed old expanded folder → prism_ppt_us_30s_20251221
[GET ] 2025-12-21 → https://data.prism.oregonstate.edu/time_series/us/an/800m/ppt/daily/2025/prism_ppt_us_30s_20251221.zip
[DONE] Updated ZIP for 2025-12-21
[MISS] 2025-12-21 missing expanded .tif — extracting now.
[UNZIP] Extracted → /Users/wonjunchoi/PycharmProjects/realtime-buncombe/data/rain/prism_ppt_us_30s_20251221
[CLEAN] 2025-12-21 removed ZIP after extraction.
[OK  ] 2025-12-20 metadata matches remote
[OK  ] 2025-12-20 expanded data present (prism_ppt_us_30s_20251220.tif)
[OK  ] 2025-12-19 metadata matches remote
[OK  ] 2025-12-19 expanded data present (prism_ppt_us_30s_20251219.tif)
[OK  ] 2025-12-18 metadata matches remote
[OK  ] 2025-12-18 expanded data present (prism_ppt_us_30s_20251218.tif)
[OK  ] 2025-12-17 metadata matches remote
[OK  ] 2025-12-17 expanded data present (prism_ppt_us_30s_20251217.tif)
[OK  ] 2025-12-16 metadata matches remote
[OK  ] 2025-12-16 expanded data present (prism_ppt_us_30s_20251216.tif)
[OK  ] 2025-12-15 metadata matches remote
[OK  ] 2025-12-15 expanded data present (prism_ppt_us_30s_20251215.tif)
[OK  ] 2025-12-14 metadata matches remote
[OK  ] 2025-12-14 expanded data present (prism_ppt_us_30s_20251214.tif)
[OK  ] 2025-12-13 metadata matches remote
[OK  ] 2025-12-13 expanded data present (prism_ppt_us_30s_20251213.tif)
[OK  ] 2025-12-12 metadata matches remote
[OK  ] 2025-12-12 expanded data present (prism_ppt_us_30s_20251212.tif)
[OK  ] 2025-12-11 metadata matches remote
[OK  ] 2025-12-11 expanded data present (prism_ppt_us_30s_20251211.tif)
[OK  ] 2025-12-10 metadata matches remote
[OK  ] 2025-12-10 expanded data present (prism_ppt_us_30s_20251210.tif)
[OK  ] 2025-12-09 metadata matches remote
[OK  ] 2025-12-09 expanded data present (prism_ppt_us_30s_20251209.tif)
[OK  ] 2025-12-08 metadata matches remote
[OK  ] 2025-12-08 expanded data present (prism_ppt_us_30s_20251208.tif)
[OK  ] 2025-12-07 metadata matches remote
[OK  ] 2025-12-07 expanded data present (prism_ppt_us_30s_20251207.tif)
[OK  ] 2025-12-06 metadata matches remote
[OK  ] 2025-12-06 expanded data present (prism_ppt_us_30s_20251206.tif)
[OK  ] 2025-12-05 metadata matches remote
[OK  ] 2025-12-05 expanded data present (prism_ppt_us_30s_20251205.tif)
[OK  ] 2025-12-04 metadata matches remote
[OK  ] 2025-12-04 expanded data present (prism_ppt_us_30s_20251204.tif)
[OK  ] 2025-12-03 metadata matches remote
[OK  ] 2025-12-03 expanded data present (prism_ppt_us_30s_20251203.tif)
[OK  ] 2025-12-02 metadata matches remote
[OK  ] 2025-12-02 expanded data present (prism_ppt_us_30s_20251202.tif)
[OK  ] 2025-12-01 metadata matches remote
[OK  ] 2025-12-01 expanded data present (prism_ppt_us_30s_20251201.tif)
[OK  ] 2025-11-30 metadata matches remote
[OK  ] 2025-11-30 expanded data present (prism_ppt_us_30s_20251130.tif)
[OK  ] 2025-11-29 metadata matches remote
[OK  ] 2025-11-29 expanded data present (prism_ppt_us_30s_20251129.tif)
[OK  ] 2025-11-28 metadata matches remote
[OK  ] 2025-11-28 expanded data present (prism_ppt_us_30s_20251128.tif)
[INFO] Pruning files outside the past window...
[PRUNE] Removed old file → prism_ppt_us_30s_20251126.meta.json
[PRUNE] Removed old folder → prism_ppt_us_30s_20251127
[PRUNE] Removed old folder → prism_ppt_us_30s_20251126
[PRUNE] Removed old file → prism_ppt_us_30s_20251127.meta.json
2025-12-28 12:43:33,550 | INFO | Running predict_daily_triple.py
2025-12-28 13:21:54,249 | INFO | Rainfall window: 2025-11-28 → 2025-12-27 (30 files, 0 missing → zero-filled).
Sampling rainfall at 2,452 PRISM grid cells…
Sampling static attributes at grid centers…
Running models…
/Users/wonjunchoi/PycharmProjects/realtime-buncombe/venv/lib/python3.9/site-packages/sklearn/utils/validation.py:2732: UserWarning: X has feature names, but RandomForestClassifier was fitted without feature names
  warnings.warn(
ok: wrote 2,452 rows for 2025-12-27 (rainfall through 2025-12-27)
parquet: /Users/wonjunchoi/PycharmProjects/realtime-buncombe/predictions/historicData/2025/12/predictions_2025-12-27.parquet
geojson: /Users/wonjunchoi/PycharmProjects/realtime-buncombe/predictions/historicData/2025/12/map_2025-12-27.geojson
meta: /Users/wonjunchoi/PycharmProjects/realtime-buncombe/predictions/historicData/2025/12/meta_2025-12-27.json
latest: /Users/wonjunchoi/PycharmProjects/realtime-buncombe/predictions/latest.geojson, /Users/wonjunchoi/PycharmProjects/realtime-buncombe/predictions/latest.json
manifest: /Users/wonjunchoi/PycharmProjects/realtime-buncombe/predictions/index.json
2025-12-28 13:21:54,252 | INFO | Committing and pushing changes
2025-12-28 13:21:54,925 | INFO | [main c83b70c] Auto-update: rainfall & predictions @ 2025-12-28 13:21:54
 7 files changed, 150 insertions(+), 7 deletions(-)
 create mode 100644 predictions/historicData/2025/12/map_2025-12-27.geojson
 create mode 100644 predictions/historicData/2025/12/meta_2025-12-27.json
 create mode 100644 predictions/historicData/2025/12/predictions_2025-12-27.parquet
2025-12-28 13:21:59,307 | INFO | Locking support detected on remote "origin". Consider enabling it with:
  $ git config lfs.https://github.com-buncombe/WonjunChoi1004/realtime-buncombe.git/info/lfs.locksverify true
Uploading LFS objects: 100% (1/1), 63 KB | 0 B/s, done.
To github.com-buncombe:WonjunChoi1004/realtime-buncombe.git
   412f98d..c83b70c  main -> main
2025-12-28 13:21:59,308 | INFO | Push succeeded.
▶️ Running daily auto-update job...
2025-12-29 18:12:25,635 | WARNING | No internet connection — delaying run. Retrying in 15 minutes...
2025-12-29 18:27:24,758 | INFO | Internet connection detected. Proceeding with update.
2025-12-29 18:27:24,763 | INFO | Running download_prism_daily.py
2025-12-29 18:27:39,865 | INFO | /Users/wonjunchoi/PycharmProjects/realtime-buncombe/venv/lib/python3.9/site-packages/urllib3/__init__.py:35: NotOpenSSLWarning: urllib3 v2 only supports OpenSSL 1.1.1+, currently the 'ssl' module is compiled with 'LibreSSL 2.8.3'. See: https://github.com/urllib3/urllib3/issues/3020
  warnings.warn(
[GET ] 2025-12-28 → https://data.prism.oregonstate.edu/time_series/us/an/800m/ppt/daily/2025/prism_ppt_us_30s_20251228.zip
[DONE] Updated ZIP for 2025-12-28
[MISS] 2025-12-28 missing expanded .tif — extracting now.
[UNZIP] Extracted → /Users/wonjunchoi/PycharmProjects/realtime-buncombe/data/rain/prism_ppt_us_30s_20251228
[CLEAN] 2025-12-28 removed ZIP after extraction.
[OK  ] 2025-12-27 metadata matches remote
[OK  ] 2025-12-27 expanded data present (prism_ppt_us_30s_20251227.tif)
[OK  ] 2025-12-26 metadata matches remote
[OK  ] 2025-12-26 expanded data present (prism_ppt_us_30s_20251226.tif)
[OK  ] 2025-12-25 metadata matches remote
[OK  ] 2025-12-25 expanded data present (prism_ppt_us_30s_20251225.tif)
[CLEAN] 2025-12-24 removed old expanded folder → prism_ppt_us_30s_20251224
[GET ] 2025-12-24 → https://data.prism.oregonstate.edu/time_series/us/an/800m/ppt/daily/2025/prism_ppt_us_30s_20251224.zip
[DONE] Updated ZIP for 2025-12-24
[MISS] 2025-12-24 missing expanded .tif — extracting now.
[UNZIP] Extracted → /Users/wonjunchoi/PycharmProjects/realtime-buncombe/data/rain/prism_ppt_us_30s_20251224
[CLEAN] 2025-12-24 removed ZIP after extraction.
[OK  ] 2025-12-23 metadata matches remote
[OK  ] 2025-12-23 expanded data present (prism_ppt_us_30s_20251223.tif)
[OK  ] 2025-12-22 metadata matches remote
[OK  ] 2025-12-22 expanded data present (prism_ppt_us_30s_20251222.tif)
[OK  ] 2025-12-21 metadata matches remote
[OK  ] 2025-12-21 expanded data present (prism_ppt_us_30s_20251221.tif)
[OK  ] 2025-12-20 metadata matches remote
[OK  ] 2025-12-20 expanded data present (prism_ppt_us_30s_20251220.tif)
[OK  ] 2025-12-19 metadata matches remote
[OK  ] 2025-12-19 expanded data present (prism_ppt_us_30s_20251219.tif)
[OK  ] 2025-12-18 metadata matches remote
[OK  ] 2025-12-18 expanded data present (prism_ppt_us_30s_20251218.tif)
[OK  ] 2025-12-17 metadata matches remote
[OK  ] 2025-12-17 expanded data present (prism_ppt_us_30s_20251217.tif)
[OK  ] 2025-12-16 metadata matches remote
[OK  ] 2025-12-16 expanded data present (prism_ppt_us_30s_20251216.tif)
[OK  ] 2025-12-15 metadata matches remote
[OK  ] 2025-12-15 expanded data present (prism_ppt_us_30s_20251215.tif)
[OK  ] 2025-12-14 metadata matches remote
[OK  ] 2025-12-14 expanded data present (prism_ppt_us_30s_20251214.tif)
[OK  ] 2025-12-13 metadata matches remote
[OK  ] 2025-12-13 expanded data present (prism_ppt_us_30s_20251213.tif)
[OK  ] 2025-12-12 metadata matches remote
[OK  ] 2025-12-12 expanded data present (prism_ppt_us_30s_20251212.tif)
[OK  ] 2025-12-11 metadata matches remote
[OK  ] 2025-12-11 expanded data present (prism_ppt_us_30s_20251211.tif)
[OK  ] 2025-12-10 metadata matches remote
[OK  ] 2025-12-10 expanded data present (prism_ppt_us_30s_20251210.tif)
[OK  ] 2025-12-09 metadata matches remote
[OK  ] 2025-12-09 expanded data present (prism_ppt_us_30s_20251209.tif)
[OK  ] 2025-12-08 metadata matches remote
[OK  ] 2025-12-08 expanded data present (prism_ppt_us_30s_20251208.tif)
[OK  ] 2025-12-07 metadata matches remote
[OK  ] 2025-12-07 expanded data present (prism_ppt_us_30s_20251207.tif)
[OK  ] 2025-12-06 metadata matches remote
[OK  ] 2025-12-06 expanded data present (prism_ppt_us_30s_20251206.tif)
[OK  ] 2025-12-05 metadata matches remote
[OK  ] 2025-12-05 expanded data present (prism_ppt_us_30s_20251205.tif)
[OK  ] 2025-12-04 metadata matches remote
[OK  ] 2025-12-04 expanded data present (prism_ppt_us_30s_20251204.tif)
[OK  ] 2025-12-03 metadata matches remote
[OK  ] 2025-12-03 expanded data present (prism_ppt_us_30s_20251203.tif)
[OK  ] 2025-12-02 metadata matches remote
[OK  ] 2025-12-02 expanded data present (prism_ppt_us_30s_20251202.tif)
[OK  ] 2025-12-01 metadata matches remote
[OK  ] 2025-12-01 expanded data present (prism_ppt_us_30s_20251201.tif)
[OK  ] 2025-11-30 metadata matches remote
[OK  ] 2025-11-30 expanded data present (prism_ppt_us_30s_20251130.tif)
[OK  ] 2025-11-29 metadata matches remote
[OK  ] 2025-11-29 expanded data present (prism_ppt_us_30s_20251129.tif)
[INFO] Pruning files outside the past window...
[PRUNE] Removed old folder → prism_ppt_us_30s_20251128
[PRUNE] Removed old file → prism_ppt_us_30s_20251128.meta.json
2025-12-29 18:27:39,869 | INFO | Running predict_daily_triple.py
2025-12-29 18:52:28,020 | INFO | Rainfall window: 2025-11-29 → 2025-12-28 (30 files, 0 missing → zero-filled).
Sampling rainfall at 2,452 PRISM grid cells…
Sampling static attributes at grid centers…
Running models…
/Users/wonjunchoi/PycharmProjects/realtime-buncombe/venv/lib/python3.9/site-packages/sklearn/utils/validation.py:2732: UserWarning: X has feature names, but RandomForestClassifier was fitted without feature names
  warnings.warn(
ok: wrote 2,452 rows for 2025-12-28 (rainfall through 2025-12-28)
parquet: /Users/wonjunchoi/PycharmProjects/realtime-buncombe/predictions/historicData/2025/12/predictions_2025-12-28.parquet
geojson: /Users/wonjunchoi/PycharmProjects/realtime-buncombe/predictions/historicData/2025/12/map_2025-12-28.geojson
meta: /Users/wonjunchoi/PycharmProjects/realtime-buncombe/predictions/historicData/2025/12/meta_2025-12-28.json
latest: /Users/wonjunchoi/PycharmProjects/realtime-buncombe/predictions/latest.geojson, /Users/wonjunchoi/PycharmProjects/realtime-buncombe/predictions/latest.json
manifest: /Users/wonjunchoi/PycharmProjects/realtime-buncombe/predictions/index.json
2025-12-29 18:52:28,023 | INFO | Committing and pushing changes
2025-12-29 18:52:28,749 | INFO | [main 89c142a] Auto-update: rainfall & predictions @ 2025-12-29 18:52:28
 7 files changed, 134 insertions(+), 7 deletions(-)
 create mode 100644 predictions/historicData/2025/12/map_2025-12-28.geojson
 create mode 100644 predictions/historicData/2025/12/meta_2025-12-28.json
 create mode 100644 predictions/historicData/2025/12/predictions_2025-12-28.parquet
2025-12-29 18:52:32,217 | INFO | Locking support detected on remote "origin". Consider enabling it with:
  $ git config lfs.https://github.com-buncombe/WonjunChoi1004/realtime-buncombe.git/info/lfs.locksverify true
Uploading LFS objects: 100% (1/1), 61 KB | 0 B/s, done.
To github.com-buncombe:WonjunChoi1004/realtime-buncombe.git
   c83b70c..89c142a  main -> main
2025-12-29 18:52:32,218 | INFO | Push succeeded.
▶️ Running daily auto-update job...
2025-12-30 01:57:12,609 | WARNING | No internet connection — delaying run. Retrying in 15 minutes...
2025-12-30 16:10:12,034 | INFO | Internet connection detected. Proceeding with update.
2025-12-30 16:10:12,038 | INFO | Running download_prism_daily.py
2025-12-30 16:10:28,759 | INFO | /Users/wonjunchoi/PycharmProjects/realtime-buncombe/venv/lib/python3.9/site-packages/urllib3/__init__.py:35: NotOpenSSLWarning: urllib3 v2 only supports OpenSSL 1.1.1+, currently the 'ssl' module is compiled with 'LibreSSL 2.8.3'. See: https://github.com/urllib3/urllib3/issues/3020
  warnings.warn(
[GET ] 2025-12-29 → https://data.prism.oregonstate.edu/time_series/us/an/800m/ppt/daily/2025/prism_ppt_us_30s_20251229.zip
[DONE] Updated ZIP for 2025-12-29
[MISS] 2025-12-29 missing expanded .tif — extracting now.
[UNZIP] Extracted → /Users/wonjunchoi/PycharmProjects/realtime-buncombe/data/rain/prism_ppt_us_30s_20251229
[CLEAN] 2025-12-29 removed ZIP after extraction.
[OK  ] 2025-12-28 metadata matches remote
[OK  ] 2025-12-28 expanded data present (prism_ppt_us_30s_20251228.tif)
[OK  ] 2025-12-27 metadata matches remote
[OK  ] 2025-12-27 expanded data present (prism_ppt_us_30s_20251227.tif)
[OK  ] 2025-12-26 metadata matches remote
[OK  ] 2025-12-26 expanded data present (prism_ppt_us_30s_20251226.tif)
[CLEAN] 2025-12-25 removed old expanded folder → prism_ppt_us_30s_20251225
[GET ] 2025-12-25 → https://data.prism.oregonstate.edu/time_series/us/an/800m/ppt/daily/2025/prism_ppt_us_30s_20251225.zip
[DONE] Updated ZIP for 2025-12-25
[MISS] 2025-12-25 missing expanded .tif — extracting now.
[UNZIP] Extracted → /Users/wonjunchoi/PycharmProjects/realtime-buncombe/data/rain/prism_ppt_us_30s_20251225
[CLEAN] 2025-12-25 removed ZIP after extraction.
[OK  ] 2025-12-24 metadata matches remote
[OK  ] 2025-12-24 expanded data present (prism_ppt_us_30s_20251224.tif)
[OK  ] 2025-12-23 metadata matches remote
[OK  ] 2025-12-23 expanded data present (prism_ppt_us_30s_20251223.tif)
[OK  ] 2025-12-22 metadata matches remote
[OK  ] 2025-12-22 expanded data present (prism_ppt_us_30s_20251222.tif)
[OK  ] 2025-12-21 metadata matches remote
[OK  ] 2025-12-21 expanded data present (prism_ppt_us_30s_20251221.tif)
[OK  ] 2025-12-20 metadata matches remote
[OK  ] 2025-12-20 expanded data present (prism_ppt_us_30s_20251220.tif)
[OK  ] 2025-12-19 metadata matches remote
[OK  ] 2025-12-19 expanded data present (prism_ppt_us_30s_20251219.tif)
[OK  ] 2025-12-18 metadata matches remote
[OK  ] 2025-12-18 expanded data present (prism_ppt_us_30s_20251218.tif)
[OK  ] 2025-12-17 metadata matches remote
[OK  ] 2025-12-17 expanded data present (prism_ppt_us_30s_20251217.tif)
[OK  ] 2025-12-16 metadata matches remote
[OK  ] 2025-12-16 expanded data present (prism_ppt_us_30s_20251216.tif)
[OK  ] 2025-12-15 metadata matches remote
[OK  ] 2025-12-15 expanded data present (prism_ppt_us_30s_20251215.tif)
[OK  ] 2025-12-14 metadata matches remote
[OK  ] 2025-12-14 expanded data present (prism_ppt_us_30s_20251214.tif)
[OK  ] 2025-12-13 metadata matches remote
[OK  ] 2025-12-13 expanded data present (prism_ppt_us_30s_20251213.tif)
[OK  ] 2025-12-12 metadata matches remote
[OK  ] 2025-12-12 expanded data present (prism_ppt_us_30s_20251212.tif)
[OK  ] 2025-12-11 metadata matches remote
[OK  ] 2025-12-11 expanded data present (prism_ppt_us_30s_20251211.tif)
[OK  ] 2025-12-10 metadata matches remote
[OK  ] 2025-12-10 expanded data present (prism_ppt_us_30s_20251210.tif)
[OK  ] 2025-12-09 metadata matches remote
[OK  ] 2025-12-09 expanded data present (prism_ppt_us_30s_20251209.tif)
[OK  ] 2025-12-08 metadata matches remote
[OK  ] 2025-12-08 expanded data present (prism_ppt_us_30s_20251208.tif)
[OK  ] 2025-12-07 metadata matches remote
[OK  ] 2025-12-07 expanded data present (prism_ppt_us_30s_20251207.tif)
[OK  ] 2025-12-06 metadata matches remote
[OK  ] 2025-12-06 expanded data present (prism_ppt_us_30s_20251206.tif)
[OK  ] 2025-12-05 metadata matches remote
[OK  ] 2025-12-05 expanded data present (prism_ppt_us_30s_20251205.tif)
[OK  ] 2025-12-04 metadata matches remote
[OK  ] 2025-12-04 expanded data present (prism_ppt_us_30s_20251204.tif)
[OK  ] 2025-12-03 metadata matches remote
[OK  ] 2025-12-03 expanded data present (prism_ppt_us_30s_20251203.tif)
[OK  ] 2025-12-02 metadata matches remote
[OK  ] 2025-12-02 expanded data present (prism_ppt_us_30s_20251202.tif)
[OK  ] 2025-12-01 metadata matches remote
[OK  ] 2025-12-01 expanded data present (prism_ppt_us_30s_20251201.tif)
[OK  ] 2025-11-30 metadata matches remote
[OK  ] 2025-11-30 expanded data present (prism_ppt_us_30s_20251130.tif)
[INFO] Pruning files outside the past window...
[PRUNE] Removed old folder → prism_ppt_us_30s_20251129
[PRUNE] Removed old file → prism_ppt_us_30s_20251129.meta.json
2025-12-30 16:10:28,762 | INFO | Running predict_daily_triple.py
2025-12-30 16:35:25,949 | INFO | Rainfall window: 2025-11-30 → 2025-12-29 (30 files, 0 missing → zero-filled).
Sampling rainfall at 2,452 PRISM grid cells…
Sampling static attributes at grid centers…
Running models…
/Users/wonjunchoi/PycharmProjects/realtime-buncombe/venv/lib/python3.9/site-packages/sklearn/utils/validation.py:2732: UserWarning: X has feature names, but RandomForestClassifier was fitted without feature names
  warnings.warn(
ok: wrote 2,452 rows for 2025-12-29 (rainfall through 2025-12-29)
parquet: /Users/wonjunchoi/PycharmProjects/realtime-buncombe/predictions/historicData/2025/12/predictions_2025-12-29.parquet
geojson: /Users/wonjunchoi/PycharmProjects/realtime-buncombe/predictions/historicData/2025/12/map_2025-12-29.geojson
meta: /Users/wonjunchoi/PycharmProjects/realtime-buncombe/predictions/historicData/2025/12/meta_2025-12-29.json
latest: /Users/wonjunchoi/PycharmProjects/realtime-buncombe/predictions/latest.geojson, /Users/wonjunchoi/PycharmProjects/realtime-buncombe/predictions/latest.json
manifest: /Users/wonjunchoi/PycharmProjects/realtime-buncombe/predictions/index.json
2025-12-30 16:35:25,951 | INFO | Committing and pushing changes
2025-12-30 16:35:26,631 | INFO | [main fef952a] Auto-update: rainfall & predictions @ 2025-12-30 16:35:26
 7 files changed, 134 insertions(+), 7 deletions(-)
 create mode 100644 predictions/historicData/2025/12/map_2025-12-29.geojson
 create mode 100644 predictions/historicData/2025/12/meta_2025-12-29.json
 create mode 100644 predictions/historicData/2025/12/predictions_2025-12-29.parquet
2025-12-30 16:35:30,205 | INFO | Locking support detected on remote "origin". Consider enabling it with:
  $ git config lfs.https://github.com-buncombe/WonjunChoi1004/realtime-buncombe.git/info/lfs.locksverify true
Uploading LFS objects: 100% (1/1), 93 KB | 0 B/s, done.
To github.com-buncombe:WonjunChoi1004/realtime-buncombe.git
   89c142a..fef952a  main -> main
2025-12-30 16:35:30,206 | INFO | Push succeeded.
▶️ Running daily auto-update job...
2025-12-31 11:04:16,737 | WARNING | No internet connection — delaying run. Retrying in 15 minutes...
2025-12-31 13:21:53,504 | INFO | Internet connection detected. Proceeding with update.
2025-12-31 13:21:53,510 | INFO | Running download_prism_daily.py
2025-12-31 13:22:11,190 | INFO | /Users/wonjunchoi/PycharmProjects/realtime-buncombe/venv/lib/python3.9/site-packages/urllib3/__init__.py:35: NotOpenSSLWarning: urllib3 v2 only supports OpenSSL 1.1.1+, currently the 'ssl' module is compiled with 'LibreSSL 2.8.3'. See: https://github.com/urllib3/urllib3/issues/3020
  warnings.warn(
[GET ] 2025-12-30 → https://data.prism.oregonstate.edu/time_series/us/an/800m/ppt/daily/2025/prism_ppt_us_30s_20251230.zip
[DONE] Updated ZIP for 2025-12-30
[MISS] 2025-12-30 missing expanded .tif — extracting now.
[UNZIP] Extracted → /Users/wonjunchoi/PycharmProjects/realtime-buncombe/data/rain/prism_ppt_us_30s_20251230
[CLEAN] 2025-12-30 removed ZIP after extraction.
[OK  ] 2025-12-29 metadata matches remote
[OK  ] 2025-12-29 expanded data present (prism_ppt_us_30s_20251229.tif)
[OK  ] 2025-12-28 metadata matches remote
[OK  ] 2025-12-28 expanded data present (prism_ppt_us_30s_20251228.tif)
[OK  ] 2025-12-27 metadata matches remote
[OK  ] 2025-12-27 expanded data present (prism_ppt_us_30s_20251227.tif)
[CLEAN] 2025-12-26 removed old expanded folder → prism_ppt_us_30s_20251226
[GET ] 2025-12-26 → https://data.prism.oregonstate.edu/time_series/us/an/800m/ppt/daily/2025/prism_ppt_us_30s_20251226.zip
[DONE] Updated ZIP for 2025-12-26
[MISS] 2025-12-26 missing expanded .tif — extracting now.
[UNZIP] Extracted → /Users/wonjunchoi/PycharmProjects/realtime-buncombe/data/rain/prism_ppt_us_30s_20251226
[CLEAN] 2025-12-26 removed ZIP after extraction.
[OK  ] 2025-12-25 metadata matches remote
[OK  ] 2025-12-25 expanded data present (prism_ppt_us_30s_20251225.tif)
[OK  ] 2025-12-24 metadata matches remote
[OK  ] 2025-12-24 expanded data present (prism_ppt_us_30s_20251224.tif)
[OK  ] 2025-12-23 metadata matches remote
[OK  ] 2025-12-23 expanded data present (prism_ppt_us_30s_20251223.tif)
[OK  ] 2025-12-22 metadata matches remote
[OK  ] 2025-12-22 expanded data present (prism_ppt_us_30s_20251222.tif)
[OK  ] 2025-12-21 metadata matches remote
[OK  ] 2025-12-21 expanded data present (prism_ppt_us_30s_20251221.tif)
[OK  ] 2025-12-20 metadata matches remote
[OK  ] 2025-12-20 expanded data present (prism_ppt_us_30s_20251220.tif)
[OK  ] 2025-12-19 metadata matches remote
[OK  ] 2025-12-19 expanded data present (prism_ppt_us_30s_20251219.tif)
[OK  ] 2025-12-18 metadata matches remote
[OK  ] 2025-12-18 expanded data present (prism_ppt_us_30s_20251218.tif)
[OK  ] 2025-12-17 metadata matches remote
[OK  ] 2025-12-17 expanded data present (prism_ppt_us_30s_20251217.tif)
[OK  ] 2025-12-16 metadata matches remote
[OK  ] 2025-12-16 expanded data present (prism_ppt_us_30s_20251216.tif)
[OK  ] 2025-12-15 metadata matches remote
[OK  ] 2025-12-15 expanded data present (prism_ppt_us_30s_20251215.tif)
[OK  ] 2025-12-14 metadata matches remote
[OK  ] 2025-12-14 expanded data present (prism_ppt_us_30s_20251214.tif)
[OK  ] 2025-12-13 metadata matches remote
[OK  ] 2025-12-13 expanded data present (prism_ppt_us_30s_20251213.tif)
[OK  ] 2025-12-12 metadata matches remote
[OK  ] 2025-12-12 expanded data present (prism_ppt_us_30s_20251212.tif)
[OK  ] 2025-12-11 metadata matches remote
[OK  ] 2025-12-11 expanded data present (prism_ppt_us_30s_20251211.tif)
[OK  ] 2025-12-10 metadata matches remote
[OK  ] 2025-12-10 expanded data present (prism_ppt_us_30s_20251210.tif)
[OK  ] 2025-12-09 metadata matches remote
[OK  ] 2025-12-09 expanded data present (prism_ppt_us_30s_20251209.tif)
[OK  ] 2025-12-08 metadata matches remote
[OK  ] 2025-12-08 expanded data present (prism_ppt_us_30s_20251208.tif)
[OK  ] 2025-12-07 metadata matches remote
[OK  ] 2025-12-07 expanded data present (prism_ppt_us_30s_20251207.tif)
[OK  ] 2025-12-06 metadata matches remote
[OK  ] 2025-12-06 expanded data present (prism_ppt_us_30s_20251206.tif)
[OK  ] 2025-12-05 metadata matches remote
[OK  ] 2025-12-05 expanded data present (prism_ppt_us_30s_20251205.tif)
[OK  ] 2025-12-04 metadata matches remote
[OK  ] 2025-12-04 expanded data present (prism_ppt_us_30s_20251204.tif)
[OK  ] 2025-12-03 metadata matches remote
[OK  ] 2025-12-03 expanded data present (prism_ppt_us_30s_20251203.tif)
[OK  ] 2025-12-02 metadata matches remote
[OK  ] 2025-12-02 expanded data present (prism_ppt_us_30s_20251202.tif)
[OK  ] 2025-12-01 metadata matches remote
[OK  ] 2025-12-01 expanded data present (prism_ppt_us_30s_20251201.tif)
[INFO] Pruning files outside the past window...
[PRUNE] Removed old file → prism_ppt_us_30s_20251130.meta.json
[PRUNE] Removed old folder → prism_ppt_us_30s_20251130
2025-12-31 13:22:11,192 | INFO | Running predict_daily_triple.py
2025-12-31 13:55:32,845 | INFO | Rainfall window: 2025-12-01 → 2025-12-30 (30 files, 0 missing → zero-filled).
Sampling rainfall at 2,452 PRISM grid cells…
Sampling static attributes at grid centers…
Running models…
/Users/wonjunchoi/PycharmProjects/realtime-buncombe/venv/lib/python3.9/site-packages/sklearn/utils/validation.py:2732: UserWarning: X has feature names, but RandomForestClassifier was fitted without feature names
  warnings.warn(
ok: wrote 2,452 rows for 2025-12-30 (rainfall through 2025-12-30)
parquet: /Users/wonjunchoi/PycharmProjects/realtime-buncombe/predictions/historicData/2025/12/predictions_2025-12-30.parquet
geojson: /Users/wonjunchoi/PycharmProjects/realtime-buncombe/predictions/historicData/2025/12/map_2025-12-30.geojson
meta: /Users/wonjunchoi/PycharmProjects/realtime-buncombe/predictions/historicData/2025/12/meta_2025-12-30.json
latest: /Users/wonjunchoi/PycharmProjects/realtime-buncombe/predictions/latest.geojson, /Users/wonjunchoi/PycharmProjects/realtime-buncombe/predictions/latest.json
manifest: /Users/wonjunchoi/PycharmProjects/realtime-buncombe/predictions/index.json
2025-12-31 13:55:32,849 | INFO | Committing and pushing changes
2025-12-31 13:55:34,009 | INFO | [main 8a45f5b] Auto-update: rainfall & predictions @ 2025-12-31 13:55:33
 11 files changed, 134 insertions(+), 7 deletions(-)
 create mode 100644 predictions/historicData/2025/12/map_2025-12-30.geojson
 create mode 100644 predictions/historicData/2025/12/meta_2025-12-30.json
 create mode 100644 predictions/historicData/2025/12/predictions_2025-12-30.parquet
2025-12-31 13:55:37,696 | INFO | Locking support detected on remote "origin". Consider enabling it with:
  $ git config lfs.https://github.com-buncombe/WonjunChoi1004/realtime-buncombe.git/info/lfs.locksverify true
Uploading LFS objects: 100% (1/1), 88 KB | 0 B/s, done.
To github.com-buncombe:WonjunChoi1004/realtime-buncombe.git
   fef952a..8a45f5b  main -> main
2025-12-31 13:55:37,697 | INFO | Push succeeded.
▶️ Running daily auto-update job...
✅ Already ran today, skipping.
2026-01-01 22:53:24,867 | WARNING | No internet connection — delaying run. Retrying in 15 minutes...
2026-01-01 23:08:25,162 | INFO | Internet connection detected. Proceeding with update.
2026-01-01 23:08:25,166 | INFO | Running download_prism_daily.py
2026-01-01 23:08:42,646 | INFO | /Users/wonjunchoi/PycharmProjects/realtime-buncombe/venv/lib/python3.9/site-packages/urllib3/__init__.py:35: NotOpenSSLWarning: urllib3 v2 only supports OpenSSL 1.1.1+, currently the 'ssl' module is compiled with 'LibreSSL 2.8.3'. See: https://github.com/urllib3/urllib3/issues/3020
  warnings.warn(
[GET ] 2025-12-31 → https://data.prism.oregonstate.edu/time_series/us/an/800m/ppt/daily/2025/prism_ppt_us_30s_20251231.zip
[DONE] Updated ZIP for 2025-12-31
[MISS] 2025-12-31 missing expanded .tif — extracting now.
[UNZIP] Extracted → /Users/wonjunchoi/PycharmProjects/realtime-buncombe/data/rain/prism_ppt_us_30s_20251231
[CLEAN] 2025-12-31 removed ZIP after extraction.
[OK  ] 2025-12-30 metadata matches remote
[OK  ] 2025-12-30 expanded data present (prism_ppt_us_30s_20251230.tif)
[OK  ] 2025-12-29 metadata matches remote
[OK  ] 2025-12-29 expanded data present (prism_ppt_us_30s_20251229.tif)
[OK  ] 2025-12-28 metadata matches remote
[OK  ] 2025-12-28 expanded data present (prism_ppt_us_30s_20251228.tif)
[CLEAN] 2025-12-27 removed old expanded folder → prism_ppt_us_30s_20251227
[GET ] 2025-12-27 → https://data.prism.oregonstate.edu/time_series/us/an/800m/ppt/daily/2025/prism_ppt_us_30s_20251227.zip
[DONE] Updated ZIP for 2025-12-27
[MISS] 2025-12-27 missing expanded .tif — extracting now.
[UNZIP] Extracted → /Users/wonjunchoi/PycharmProjects/realtime-buncombe/data/rain/prism_ppt_us_30s_20251227
[CLEAN] 2025-12-27 removed ZIP after extraction.
[OK  ] 2025-12-26 metadata matches remote
[OK  ] 2025-12-26 expanded data present (prism_ppt_us_30s_20251226.tif)
[OK  ] 2025-12-25 metadata matches remote
[OK  ] 2025-12-25 expanded data present (prism_ppt_us_30s_20251225.tif)
[OK  ] 2025-12-24 metadata matches remote
[OK  ] 2025-12-24 expanded data present (prism_ppt_us_30s_20251224.tif)
[OK  ] 2025-12-23 metadata matches remote
[OK  ] 2025-12-23 expanded data present (prism_ppt_us_30s_20251223.tif)
[OK  ] 2025-12-22 metadata matches remote
[OK  ] 2025-12-22 expanded data present (prism_ppt_us_30s_20251222.tif)
[OK  ] 2025-12-21 metadata matches remote
[OK  ] 2025-12-21 expanded data present (prism_ppt_us_30s_20251221.tif)
[OK  ] 2025-12-20 metadata matches remote
[OK  ] 2025-12-20 expanded data present (prism_ppt_us_30s_20251220.tif)
[OK  ] 2025-12-19 metadata matches remote
[OK  ] 2025-12-19 expanded data present (prism_ppt_us_30s_20251219.tif)
[OK  ] 2025-12-18 metadata matches remote
[OK  ] 2025-12-18 expanded data present (prism_ppt_us_30s_20251218.tif)
[OK  ] 2025-12-17 metadata matches remote
[OK  ] 2025-12-17 expanded data present (prism_ppt_us_30s_20251217.tif)
[OK  ] 2025-12-16 metadata matches remote
[OK  ] 2025-12-16 expanded data present (prism_ppt_us_30s_20251216.tif)
[OK  ] 2025-12-15 metadata matches remote
[OK  ] 2025-12-15 expanded data present (prism_ppt_us_30s_20251215.tif)
[OK  ] 2025-12-14 metadata matches remote
[OK  ] 2025-12-14 expanded data present (prism_ppt_us_30s_20251214.tif)
[OK  ] 2025-12-13 metadata matches remote
[OK  ] 2025-12-13 expanded data present (prism_ppt_us_30s_20251213.tif)
[OK  ] 2025-12-12 metadata matches remote
[OK  ] 2025-12-12 expanded data present (prism_ppt_us_30s_20251212.tif)
[OK  ] 2025-12-11 metadata matches remote
[OK  ] 2025-12-11 expanded data present (prism_ppt_us_30s_20251211.tif)
[OK  ] 2025-12-10 metadata matches remote
[OK  ] 2025-12-10 expanded data present (prism_ppt_us_30s_20251210.tif)
[OK  ] 2025-12-09 metadata matches remote
[OK  ] 2025-12-09 expanded data present (prism_ppt_us_30s_20251209.tif)
[OK  ] 2025-12-08 metadata matches remote
[OK  ] 2025-12-08 expanded data present (prism_ppt_us_30s_20251208.tif)
[OK  ] 2025-12-07 metadata matches remote
[OK  ] 2025-12-07 expanded data present (prism_ppt_us_30s_20251207.tif)
[OK  ] 2025-12-06 metadata matches remote
[OK  ] 2025-12-06 expanded data present (prism_ppt_us_30s_20251206.tif)
[OK  ] 2025-12-05 metadata matches remote
[OK  ] 2025-12-05 expanded data present (prism_ppt_us_30s_20251205.tif)
[OK  ] 2025-12-04 metadata matches remote
[OK  ] 2025-12-04 expanded data present (prism_ppt_us_30s_20251204.tif)
[OK  ] 2025-12-03 metadata matches remote
[OK  ] 2025-12-03 expanded data present (prism_ppt_us_30s_20251203.tif)
[OK  ] 2025-12-02 metadata matches remote
[OK  ] 2025-12-02 expanded data present (prism_ppt_us_30s_20251202.tif)
[INFO] Pruning files outside the past window...
[PRUNE] Removed old file → prism_ppt_us_30s_20251201.meta.json
[PRUNE] Removed old folder → prism_ppt_us_30s_20251201
2026-01-01 23:08:42,647 | INFO | Running predict_daily_triple.py
2026-01-01 23:33:20,793 | INFO | Rainfall window: 2025-12-02 → 2025-12-31 (30 files, 0 missing → zero-filled).
Sampling rainfall at 2,452 PRISM grid cells…
Sampling static attributes at grid centers…
Running models…
/Users/wonjunchoi/PycharmProjects/realtime-buncombe/venv/lib/python3.9/site-packages/sklearn/utils/validation.py:2732: UserWarning: X has feature names, but RandomForestClassifier was fitted without feature names
  warnings.warn(
ok: wrote 2,452 rows for 2025-12-31 (rainfall through 2025-12-31)
parquet: /Users/wonjunchoi/PycharmProjects/realtime-buncombe/predictions/historicData/2025/12/predictions_2025-12-31.parquet
geojson: /Users/wonjunchoi/PycharmProjects/realtime-buncombe/predictions/historicData/2025/12/map_2025-12-31.geojson
meta: /Users/wonjunchoi/PycharmProjects/realtime-buncombe/predictions/historicData/2025/12/meta_2025-12-31.json
latest: /Users/wonjunchoi/PycharmProjects/realtime-buncombe/predictions/latest.geojson, /Users/wonjunchoi/PycharmProjects/realtime-buncombe/predictions/latest.json
manifest: /Users/wonjunchoi/PycharmProjects/realtime-buncombe/predictions/index.json
2026-01-01 23:33:20,796 | INFO | Committing and pushing changes
2026-01-01 23:33:22,204 | INFO | [main b1022ed] Auto-update: rainfall & predictions @ 2026-01-01 23:33:21
 7 files changed, 135 insertions(+), 7 deletions(-)
 create mode 100644 predictions/historicData/2025/12/map_2025-12-31.geojson
 create mode 100644 predictions/historicData/2025/12/meta_2025-12-31.json
 create mode 100644 predictions/historicData/2025/12/predictions_2025-12-31.parquet
2026-01-01 23:33:26,075 | INFO | Locking support detected on remote "origin". Consider enabling it with:
  $ git config lfs.https://github.com-buncombe/WonjunChoi1004/realtime-buncombe.git/info/lfs.locksverify true
Uploading LFS objects: 100% (1/1), 86 KB | 0 B/s, done.
To github.com-buncombe:WonjunChoi1004/realtime-buncombe.git
   8a45f5b..b1022ed  main -> main
2026-01-01 23:33:26,076 | INFO | Push succeeded.
▶️ Running daily auto-update job...
2026-01-03 00:16:12,078 | WARNING | No internet connection — delaying run. Retrying in 15 minutes...
2026-01-03 00:31:12,407 | INFO | Internet connection detected. Proceeding with update.
2026-01-03 00:31:12,413 | INFO | Running download_prism_daily.py
2026-01-03 00:31:28,609 | INFO | /Users/wonjunchoi/PycharmProjects/realtime-buncombe/venv/lib/python3.9/site-packages/urllib3/__init__.py:35: NotOpenSSLWarning: urllib3 v2 only supports OpenSSL 1.1.1+, currently the 'ssl' module is compiled with 'LibreSSL 2.8.3'. See: https://github.com/urllib3/urllib3/issues/3020
  warnings.warn(
[SKIP] 2026-01-02 not found online.
[GET ] 2026-01-01 → https://data.prism.oregonstate.edu/time_series/us/an/800m/ppt/daily/2026/prism_ppt_us_30s_20260101.zip
[DONE] Updated ZIP for 2026-01-01
[MISS] 2026-01-01 missing expanded .tif — extracting now.
[UNZIP] Extracted → /Users/wonjunchoi/PycharmProjects/realtime-buncombe/data/rain/prism_ppt_us_30s_20260101
[CLEAN] 2026-01-01 removed ZIP after extraction.
[OK  ] 2025-12-31 metadata matches remote
[OK  ] 2025-12-31 expanded data present (prism_ppt_us_30s_20251231.tif)
[OK  ] 2025-12-30 metadata matches remote
[OK  ] 2025-12-30 expanded data present (prism_ppt_us_30s_20251230.tif)
[OK  ] 2025-12-29 metadata matches remote
[OK  ] 2025-12-29 expanded data present (prism_ppt_us_30s_20251229.tif)
[CLEAN] 2025-12-28 removed old expanded folder → prism_ppt_us_30s_20251228
[GET ] 2025-12-28 → https://data.prism.oregonstate.edu/time_series/us/an/800m/ppt/daily/2025/prism_ppt_us_30s_20251228.zip
[DONE] Updated ZIP for 2025-12-28
[MISS] 2025-12-28 missing expanded .tif — extracting now.
[UNZIP] Extracted → /Users/wonjunchoi/PycharmProjects/realtime-buncombe/data/rain/prism_ppt_us_30s_20251228
[CLEAN] 2025-12-28 removed ZIP after extraction.
[OK  ] 2025-12-27 metadata matches remote
[OK  ] 2025-12-27 expanded data present (prism_ppt_us_30s_20251227.tif)
[OK  ] 2025-12-26 metadata matches remote
[OK  ] 2025-12-26 expanded data present (prism_ppt_us_30s_20251226.tif)
[OK  ] 2025-12-25 metadata matches remote
[OK  ] 2025-12-25 expanded data present (prism_ppt_us_30s_20251225.tif)
[OK  ] 2025-12-24 metadata matches remote
[OK  ] 2025-12-24 expanded data present (prism_ppt_us_30s_20251224.tif)
[OK  ] 2025-12-23 metadata matches remote
[OK  ] 2025-12-23 expanded data present (prism_ppt_us_30s_20251223.tif)
[OK  ] 2025-12-22 metadata matches remote
[OK  ] 2025-12-22 expanded data present (prism_ppt_us_30s_20251222.tif)
[OK  ] 2025-12-21 metadata matches remote
[OK  ] 2025-12-21 expanded data present (prism_ppt_us_30s_20251221.tif)
[OK  ] 2025-12-20 metadata matches remote
[OK  ] 2025-12-20 expanded data present (prism_ppt_us_30s_20251220.tif)
[OK  ] 2025-12-19 metadata matches remote
[OK  ] 2025-12-19 expanded data present (prism_ppt_us_30s_20251219.tif)
[OK  ] 2025-12-18 metadata matches remote
[OK  ] 2025-12-18 expanded data present (prism_ppt_us_30s_20251218.tif)
[OK  ] 2025-12-17 metadata matches remote
[OK  ] 2025-12-17 expanded data present (prism_ppt_us_30s_20251217.tif)
[OK  ] 2025-12-16 metadata matches remote
[OK  ] 2025-12-16 expanded data present (prism_ppt_us_30s_20251216.tif)
[OK  ] 2025-12-15 metadata matches remote
[OK  ] 2025-12-15 expanded data present (prism_ppt_us_30s_20251215.tif)
[OK  ] 2025-12-14 metadata matches remote
[OK  ] 2025-12-14 expanded data present (prism_ppt_us_30s_20251214.tif)
[OK  ] 2025-12-13 metadata matches remote
[OK  ] 2025-12-13 expanded data present (prism_ppt_us_30s_20251213.tif)
[OK  ] 2025-12-12 metadata matches remote
[OK  ] 2025-12-12 expanded data present (prism_ppt_us_30s_20251212.tif)
[OK  ] 2025-12-11 metadata matches remote
[OK  ] 2025-12-11 expanded data present (prism_ppt_us_30s_20251211.tif)
[OK  ] 2025-12-10 metadata matches remote
[OK  ] 2025-12-10 expanded data present (prism_ppt_us_30s_20251210.tif)
[OK  ] 2025-12-09 metadata matches remote
[OK  ] 2025-12-09 expanded data present (prism_ppt_us_30s_20251209.tif)
[OK  ] 2025-12-08 metadata matches remote
[OK  ] 2025-12-08 expanded data present (prism_ppt_us_30s_20251208.tif)
[OK  ] 2025-12-07 metadata matches remote
[OK  ] 2025-12-07 expanded data present (prism_ppt_us_30s_20251207.tif)
[OK  ] 2025-12-06 metadata matches remote
[OK  ] 2025-12-06 expanded data present (prism_ppt_us_30s_20251206.tif)
[OK  ] 2025-12-05 metadata matches remote
[OK  ] 2025-12-05 expanded data present (prism_ppt_us_30s_20251205.tif)
[OK  ] 2025-12-04 metadata matches remote
[OK  ] 2025-12-04 expanded data present (prism_ppt_us_30s_20251204.tif)
[INFO] Pruning files outside the past window...
[PRUNE] Removed old folder → prism_ppt_us_30s_20251203
[PRUNE] Removed old folder → prism_ppt_us_30s_20251202
[PRUNE] Removed old file → prism_ppt_us_30s_20251202.meta.json
[PRUNE] Removed old file → prism_ppt_us_30s_20251203.meta.json
2026-01-03 00:31:28,612 | INFO | Running predict_daily_triple.py
2026-01-03 00:57:26,837 | INFO | Rainfall window: 2025-12-03 → 2026-01-01 (29 files, 1 missing → zero-filled).
Sampling rainfall at 2,452 PRISM grid cells…
Sampling static attributes at grid centers…
Running models…
/Users/wonjunchoi/PycharmProjects/realtime-buncombe/venv/lib/python3.9/site-packages/sklearn/utils/validation.py:2732: UserWarning: X has feature names, but RandomForestClassifier was fitted without feature names
  warnings.warn(
ok: wrote 2,452 rows for 2026-01-02 (rainfall through 2026-01-01)
parquet: /Users/wonjunchoi/PycharmProjects/realtime-buncombe/predictions/historicData/2026/01/predictions_2026-01-02.parquet
geojson: /Users/wonjunchoi/PycharmProjects/realtime-buncombe/predictions/historicData/2026/01/map_2026-01-02.geojson
meta: /Users/wonjunchoi/PycharmProjects/realtime-buncombe/predictions/historicData/2026/01/meta_2026-01-02.json
latest: /Users/wonjunchoi/PycharmProjects/realtime-buncombe/predictions/latest.geojson, /Users/wonjunchoi/PycharmProjects/realtime-buncombe/predictions/latest.json
manifest: /Users/wonjunchoi/PycharmProjects/realtime-buncombe/predictions/index.json
2026-01-03 00:57:26,840 | INFO | Committing and pushing changes
2026-01-03 00:57:27,642 | INFO | [main 150c464] Auto-update: rainfall & predictions @ 2026-01-03 00:57:27
 7 files changed, 135 insertions(+), 7 deletions(-)
 create mode 100644 predictions/historicData/2026/01/map_2026-01-02.geojson
 create mode 100644 predictions/historicData/2026/01/meta_2026-01-02.json
 create mode 100644 predictions/historicData/2026/01/predictions_2026-01-02.parquet
2026-01-03 00:57:31,338 | INFO | Locking support detected on remote "origin". Consider enabling it with:
  $ git config lfs.https://github.com-buncombe/WonjunChoi1004/realtime-buncombe.git/info/lfs.locksverify true
Uploading LFS objects: 100% (1/1), 72 KB | 0 B/s, done.
To github.com-buncombe:WonjunChoi1004/realtime-buncombe.git
   b1022ed..150c464  main -> main
2026-01-03 00:57:31,338 | INFO | Push succeeded.
▶️ Running daily auto-update job...
✅ Already ran today, skipping.
✅ Already ran today, skipping.
2026-01-04 05:02:53,618 | INFO | Internet connection detected. Proceeding with update.
2026-01-04 05:02:53,619 | INFO | Running download_prism_daily.py
2026-01-04 05:03:11,201 | INFO | /Users/wonjunchoi/PycharmProjects/realtime-buncombe/venv/lib/python3.9/site-packages/urllib3/__init__.py:35: NotOpenSSLWarning: urllib3 v2 only supports OpenSSL 1.1.1+, currently the 'ssl' module is compiled with 'LibreSSL 2.8.3'. See: https://github.com/urllib3/urllib3/issues/3020
  warnings.warn(
[SKIP] 2026-01-03 not found online.
[SKIP] 2026-01-02 not found online.
[OK  ] 2026-01-01 metadata matches remote
[OK  ] 2026-01-01 expanded data present (prism_ppt_us_30s_20260101.tif)
[OK  ] 2025-12-31 metadata matches remote
[OK  ] 2025-12-31 expanded data present (prism_ppt_us_30s_20251231.tif)
[OK  ] 2025-12-30 metadata matches remote
[OK  ] 2025-12-30 expanded data present (prism_ppt_us_30s_20251230.tif)
[CLEAN] 2025-12-29 removed old expanded folder → prism_ppt_us_30s_20251229
[GET ] 2025-12-29 → https://data.prism.oregonstate.edu/time_series/us/an/800m/ppt/daily/2025/prism_ppt_us_30s_20251229.zip
[DONE] Updated ZIP for 2025-12-29
[MISS] 2025-12-29 missing expanded .tif — extracting now.
[UNZIP] Extracted → /Users/wonjunchoi/PycharmProjects/realtime-buncombe/data/rain/prism_ppt_us_30s_20251229
[CLEAN] 2025-12-29 removed ZIP after extraction.
[OK  ] 2025-12-28 metadata matches remote
[OK  ] 2025-12-28 expanded data present (prism_ppt_us_30s_20251228.tif)
[OK  ] 2025-12-27 metadata matches remote
[OK  ] 2025-12-27 expanded data present (prism_ppt_us_30s_20251227.tif)
[OK  ] 2025-12-26 metadata matches remote
[OK  ] 2025-12-26 expanded data present (prism_ppt_us_30s_20251226.tif)
[OK  ] 2025-12-25 metadata matches remote
[OK  ] 2025-12-25 expanded data present (prism_ppt_us_30s_20251225.tif)
[OK  ] 2025-12-24 metadata matches remote
[OK  ] 2025-12-24 expanded data present (prism_ppt_us_30s_20251224.tif)
[OK  ] 2025-12-23 metadata matches remote
[OK  ] 2025-12-23 expanded data present (prism_ppt_us_30s_20251223.tif)
[OK  ] 2025-12-22 metadata matches remote
[OK  ] 2025-12-22 expanded data present (prism_ppt_us_30s_20251222.tif)
[OK  ] 2025-12-21 metadata matches remote
[OK  ] 2025-12-21 expanded data present (prism_ppt_us_30s_20251221.tif)
[OK  ] 2025-12-20 metadata matches remote
[OK  ] 2025-12-20 expanded data present (prism_ppt_us_30s_20251220.tif)
[OK  ] 2025-12-19 metadata matches remote
[OK  ] 2025-12-19 expanded data present (prism_ppt_us_30s_20251219.tif)
[OK  ] 2025-12-18 metadata matches remote
[OK  ] 2025-12-18 expanded data present (prism_ppt_us_30s_20251218.tif)
[OK  ] 2025-12-17 metadata matches remote
[OK  ] 2025-12-17 expanded data present (prism_ppt_us_30s_20251217.tif)
[OK  ] 2025-12-16 metadata matches remote
[OK  ] 2025-12-16 expanded data present (prism_ppt_us_30s_20251216.tif)
[OK  ] 2025-12-15 metadata matches remote
[OK  ] 2025-12-15 expanded data present (prism_ppt_us_30s_20251215.tif)
[OK  ] 2025-12-14 metadata matches remote
[OK  ] 2025-12-14 expanded data present (prism_ppt_us_30s_20251214.tif)
[OK  ] 2025-12-13 metadata matches remote
[OK  ] 2025-12-13 expanded data present (prism_ppt_us_30s_20251213.tif)
[OK  ] 2025-12-12 metadata matches remote
[OK  ] 2025-12-12 expanded data present (prism_ppt_us_30s_20251212.tif)
[OK  ] 2025-12-11 metadata matches remote
[OK  ] 2025-12-11 expanded data present (prism_ppt_us_30s_20251211.tif)
[OK  ] 2025-12-10 metadata matches remote
[OK  ] 2025-12-10 expanded data present (prism_ppt_us_30s_20251210.tif)
[OK  ] 2025-12-09 metadata matches remote
[OK  ] 2025-12-09 expanded data present (prism_ppt_us_30s_20251209.tif)
[OK  ] 2025-12-08 metadata matches remote
[OK  ] 2025-12-08 expanded data present (prism_ppt_us_30s_20251208.tif)
[OK  ] 2025-12-07 metadata matches remote
[OK  ] 2025-12-07 expanded data present (prism_ppt_us_30s_20251207.tif)
[OK  ] 2025-12-06 metadata matches remote
[OK  ] 2025-12-06 expanded data present (prism_ppt_us_30s_20251206.tif)
[OK  ] 2025-12-05 metadata matches remote
[OK  ] 2025-12-05 expanded data present (prism_ppt_us_30s_20251205.tif)
[INFO] Pruning files outside the past window...
[PRUNE] Removed old folder → prism_ppt_us_30s_20251204
[PRUNE] Removed old file → prism_ppt_us_30s_20251204.meta.json
2026-01-04 05:03:11,202 | INFO | Running predict_daily_triple.py
2026-01-04 10:04:26,506 | INFO | Rainfall window: 2025-12-03 → 2026-01-01 (28 files, 2 missing → zero-filled).
Sampling rainfall at 2,452 PRISM grid cells…
Sampling static attributes at grid centers…
Running models…
/Users/wonjunchoi/PycharmProjects/realtime-buncombe/venv/lib/python3.9/site-packages/sklearn/utils/validation.py:2732: UserWarning: X has feature names, but RandomForestClassifier was fitted without feature names
  warnings.warn(
python(18108) MallocStackLogging: can't turn off malloc stack logging because it was not enabled.
ok: wrote 2,452 rows for 2026-01-03 (rainfall through 2026-01-01)
parquet: /Users/wonjunchoi/PycharmProjects/realtime-buncombe/predictions/historicData/2026/01/predictions_2026-01-03.parquet
geojson: /Users/wonjunchoi/PycharmProjects/realtime-buncombe/predictions/historicData/2026/01/map_2026-01-03.geojson
meta: /Users/wonjunchoi/PycharmProjects/realtime-buncombe/predictions/historicData/2026/01/meta_2026-01-03.json
latest: /Users/wonjunchoi/PycharmProjects/realtime-buncombe/predictions/latest.geojson, /Users/wonjunchoi/PycharmProjects/realtime-buncombe/predictions/latest.json
manifest: /Users/wonjunchoi/PycharmProjects/realtime-buncombe/predictions/index.json
2026-01-04 10:04:26,509 | INFO | Committing and pushing changes
2026-01-04 10:04:27,278 | INFO | [main 63263fe] Auto-update: rainfall & predictions @ 2026-01-04 10:04:26
 7 files changed, 130 insertions(+), 6 deletions(-)
 create mode 100644 predictions/historicData/2026/01/map_2026-01-03.geojson
 create mode 100644 predictions/historicData/2026/01/meta_2026-01-03.json
 create mode 100644 predictions/historicData/2026/01/predictions_2026-01-03.parquet
2026-01-04 10:04:32,119 | INFO | Locking support detected on remote "origin". Consider enabling it with:
  $ git config lfs.https://github.com-buncombe/WonjunChoi1004/realtime-buncombe.git/info/lfs.locksverify true
Uploading LFS objects: 100% (1/1), 71 KB | 0 B/s, done.
To github.com-buncombe:WonjunChoi1004/realtime-buncombe.git
   150c464..63263fe  main -> main
2026-01-04 10:04:32,122 | INFO | Push succeeded.
▶️ Running daily auto-update job...
2026-01-06 08:22:45,424 | WARNING | No internet connection — delaying run. Retrying in 15 minutes...
2026-01-06 09:13:55,632 | INFO | Internet connection detected. Proceeding with update.
2026-01-06 09:13:55,636 | INFO | Running download_prism_daily.py
2026-01-06 09:14:31,714 | INFO | /Users/wonjunchoi/PycharmProjects/realtime-buncombe/venv/lib/python3.9/site-packages/urllib3/__init__.py:35: NotOpenSSLWarning: urllib3 v2 only supports OpenSSL 1.1.1+, currently the 'ssl' module is compiled with 'LibreSSL 2.8.3'. See: https://github.com/urllib3/urllib3/issues/3020
  warnings.warn(
[GET ] 2026-01-05 → https://data.prism.oregonstate.edu/time_series/us/an/800m/ppt/daily/2026/prism_ppt_us_30s_20260105.zip
[DONE] Updated ZIP for 2026-01-05
[MISS] 2026-01-05 missing expanded .tif — extracting now.
[UNZIP] Extracted → /Users/wonjunchoi/PycharmProjects/realtime-buncombe/data/rain/prism_ppt_us_30s_20260105
[CLEAN] 2026-01-05 removed ZIP after extraction.
[GET ] 2026-01-04 → https://data.prism.oregonstate.edu/time_series/us/an/800m/ppt/daily/2026/prism_ppt_us_30s_20260104.zip
[DONE] Updated ZIP for 2026-01-04
[MISS] 2026-01-04 missing expanded .tif — extracting now.
[UNZIP] Extracted → /Users/wonjunchoi/PycharmProjects/realtime-buncombe/data/rain/prism_ppt_us_30s_20260104
[CLEAN] 2026-01-04 removed ZIP after extraction.
[GET ] 2026-01-03 → https://data.prism.oregonstate.edu/time_series/us/an/800m/ppt/daily/2026/prism_ppt_us_30s_20260103.zip
[DONE] Updated ZIP for 2026-01-03
[MISS] 2026-01-03 missing expanded .tif — extracting now.
[UNZIP] Extracted → /Users/wonjunchoi/PycharmProjects/realtime-buncombe/data/rain/prism_ppt_us_30s_20260103
[CLEAN] 2026-01-03 removed ZIP after extraction.
[GET ] 2026-01-02 → https://data.prism.oregonstate.edu/time_series/us/an/800m/ppt/daily/2026/prism_ppt_us_30s_20260102.zip
[DONE] Updated ZIP for 2026-01-02
[MISS] 2026-01-02 missing expanded .tif — extracting now.
[UNZIP] Extracted → /Users/wonjunchoi/PycharmProjects/realtime-buncombe/data/rain/prism_ppt_us_30s_20260102
[CLEAN] 2026-01-02 removed ZIP after extraction.
[CLEAN] 2026-01-01 removed old expanded folder → prism_ppt_us_30s_20260101
[GET ] 2026-01-01 → https://data.prism.oregonstate.edu/time_series/us/an/800m/ppt/daily/2026/prism_ppt_us_30s_20260101.zip
[DONE] Updated ZIP for 2026-01-01
[MISS] 2026-01-01 missing expanded .tif — extracting now.
[UNZIP] Extracted → /Users/wonjunchoi/PycharmProjects/realtime-buncombe/data/rain/prism_ppt_us_30s_20260101
[CLEAN] 2026-01-01 removed ZIP after extraction.
[CLEAN] 2025-12-31 removed old expanded folder → prism_ppt_us_30s_20251231
[GET ] 2025-12-31 → https://data.prism.oregonstate.edu/time_series/us/an/800m/ppt/daily/2025/prism_ppt_us_30s_20251231.zip
[DONE] Updated ZIP for 2025-12-31
[MISS] 2025-12-31 missing expanded .tif — extracting now.
[UNZIP] Extracted → /Users/wonjunchoi/PycharmProjects/realtime-buncombe/data/rain/prism_ppt_us_30s_20251231
[CLEAN] 2025-12-31 removed ZIP after extraction.
[CLEAN] 2025-12-30 removed old expanded folder → prism_ppt_us_30s_20251230
[GET ] 2025-12-30 → https://data.prism.oregonstate.edu/time_series/us/an/800m/ppt/daily/2025/prism_ppt_us_30s_20251230.zip
[DONE] Updated ZIP for 2025-12-30
[MISS] 2025-12-30 missing expanded .tif — extracting now.
[UNZIP] Extracted → /Users/wonjunchoi/PycharmProjects/realtime-buncombe/data/rain/prism_ppt_us_30s_20251230
[CLEAN] 2025-12-30 removed ZIP after extraction.
[OK  ] 2025-12-29 metadata matches remote
[OK  ] 2025-12-29 expanded data present (prism_ppt_us_30s_20251229.tif)
[OK  ] 2025-12-28 metadata matches remote
[OK  ] 2025-12-28 expanded data present (prism_ppt_us_30s_20251228.tif)
[OK  ] 2025-12-27 metadata matches remote
[OK  ] 2025-12-27 expanded data present (prism_ppt_us_30s_20251227.tif)
[OK  ] 2025-12-26 metadata matches remote
[OK  ] 2025-12-26 expanded data present (prism_ppt_us_30s_20251226.tif)
[OK  ] 2025-12-25 metadata matches remote
[OK  ] 2025-12-25 expanded data present (prism_ppt_us_30s_20251225.tif)
[OK  ] 2025-12-24 metadata matches remote
[OK  ] 2025-12-24 expanded data present (prism_ppt_us_30s_20251224.tif)
[OK  ] 2025-12-23 metadata matches remote
[OK  ] 2025-12-23 expanded data present (prism_ppt_us_30s_20251223.tif)
[OK  ] 2025-12-22 metadata matches remote
[OK  ] 2025-12-22 expanded data present (prism_ppt_us_30s_20251222.tif)
[OK  ] 2025-12-21 metadata matches remote
[OK  ] 2025-12-21 expanded data present (prism_ppt_us_30s_20251221.tif)
[OK  ] 2025-12-20 metadata matches remote
[OK  ] 2025-12-20 expanded data present (prism_ppt_us_30s_20251220.tif)
[OK  ] 2025-12-19 metadata matches remote
[OK  ] 2025-12-19 expanded data present (prism_ppt_us_30s_20251219.tif)
[OK  ] 2025-12-18 metadata matches remote
[OK  ] 2025-12-18 expanded data present (prism_ppt_us_30s_20251218.tif)
[OK  ] 2025-12-17 metadata matches remote
[OK  ] 2025-12-17 expanded data present (prism_ppt_us_30s_20251217.tif)
[OK  ] 2025-12-16 metadata matches remote
[OK  ] 2025-12-16 expanded data present (prism_ppt_us_30s_20251216.tif)
[OK  ] 2025-12-15 metadata matches remote
[OK  ] 2025-12-15 expanded data present (prism_ppt_us_30s_20251215.tif)
[OK  ] 2025-12-14 metadata matches remote
[OK  ] 2025-12-14 expanded data present (prism_ppt_us_30s_20251214.tif)
[OK  ] 2025-12-13 metadata matches remote
[OK  ] 2025-12-13 expanded data present (prism_ppt_us_30s_20251213.tif)
[OK  ] 2025-12-12 metadata matches remote
[OK  ] 2025-12-12 expanded data present (prism_ppt_us_30s_20251212.tif)
[OK  ] 2025-12-11 metadata matches remote
[OK  ] 2025-12-11 expanded data present (prism_ppt_us_30s_20251211.tif)
[OK  ] 2025-12-10 metadata matches remote
[OK  ] 2025-12-10 expanded data present (prism_ppt_us_30s_20251210.tif)
[OK  ] 2025-12-09 metadata matches remote
[OK  ] 2025-12-09 expanded data present (prism_ppt_us_30s_20251209.tif)
[OK  ] 2025-12-08 metadata matches remote
[OK  ] 2025-12-08 expanded data present (prism_ppt_us_30s_20251208.tif)
[OK  ] 2025-12-07 metadata matches remote
[OK  ] 2025-12-07 expanded data present (prism_ppt_us_30s_20251207.tif)
[INFO] Pruning files outside the past window...
[PRUNE] Removed old file → prism_ppt_us_30s_20251206.meta.json
[PRUNE] Removed old folder → prism_ppt_us_30s_20251205
[PRUNE] Removed old file → prism_ppt_us_30s_20251205.meta.json
[PRUNE] Removed old folder → prism_ppt_us_30s_20251206
2026-01-06 09:14:31,715 | INFO | Running predict_daily_triple.py
2026-01-06 09:37:31,495 | INFO | Rainfall window: 2025-12-07 → 2026-01-05 (30 files, 0 missing → zero-filled).
Sampling rainfall at 2,452 PRISM grid cells…
Sampling static attributes at grid centers…
Running models…
/Users/wonjunchoi/PycharmProjects/realtime-buncombe/venv/lib/python3.9/site-packages/sklearn/utils/validation.py:2732: UserWarning: X has feature names, but RandomForestClassifier was fitted without feature names
  warnings.warn(
ok: wrote 2,452 rows for 2026-01-05 (rainfall through 2026-01-05)
parquet: /Users/wonjunchoi/PycharmProjects/realtime-buncombe/predictions/historicData/2026/01/predictions_2026-01-05.parquet
geojson: /Users/wonjunchoi/PycharmProjects/realtime-buncombe/predictions/historicData/2026/01/map_2026-01-05.geojson
meta: /Users/wonjunchoi/PycharmProjects/realtime-buncombe/predictions/historicData/2026/01/meta_2026-01-05.json
latest: /Users/wonjunchoi/PycharmProjects/realtime-buncombe/predictions/latest.geojson, /Users/wonjunchoi/PycharmProjects/realtime-buncombe/predictions/latest.json
manifest: /Users/wonjunchoi/PycharmProjects/realtime-buncombe/predictions/index.json
2026-01-06 09:37:31,496 | INFO | Committing and pushing changes
2026-01-06 09:37:32,136 | INFO | [main d787aef] Auto-update: rainfall & predictions @ 2026-01-06 09:37:31
 7 files changed, 153 insertions(+), 7 deletions(-)
 create mode 100644 predictions/historicData/2026/01/map_2026-01-05.geojson
 create mode 100644 predictions/historicData/2026/01/meta_2026-01-05.json
 create mode 100644 predictions/historicData/2026/01/predictions_2026-01-05.parquet
2026-01-06 09:37:36,776 | INFO | Locking support detected on remote "origin". Consider enabling it with:
  $ git config lfs.https://github.com-buncombe/WonjunChoi1004/realtime-buncombe.git/info/lfs.locksverify true
Uploading LFS objects: 100% (1/1), 77 KB | 0 B/s, done.
To github.com-buncombe:WonjunChoi1004/realtime-buncombe.git
   63263fe..d787aef  main -> main
2026-01-06 09:37:36,777 | INFO | Push succeeded.
▶️ Running daily auto-update job...
✅ Already ran today, skipping.
✅ Already ran today, skipping.
✅ Already ran today, skipping.
2026-01-07 05:00:00,638 | INFO | Internet connection detected. Proceeding with update.
2026-01-07 05:00:00,639 | INFO | Running download_prism_daily.py
2026-01-07 05:00:24,305 | INFO | /Users/wonjunchoi/PycharmProjects/realtime-buncombe/venv/lib/python3.9/site-packages/urllib3/__init__.py:35: NotOpenSSLWarning: urllib3 v2 only supports OpenSSL 1.1.1+, currently the 'ssl' module is compiled with 'LibreSSL 2.8.3'. See: https://github.com/urllib3/urllib3/issues/3020
  warnings.warn(
[SKIP] 2026-01-06 not found online.
[CLEAN] 2026-01-05 removed old expanded folder → prism_ppt_us_30s_20260105
[GET ] 2026-01-05 → https://data.prism.oregonstate.edu/time_series/us/an/800m/ppt/daily/2026/prism_ppt_us_30s_20260105.zip
[DONE] Updated ZIP for 2026-01-05
[MISS] 2026-01-05 missing expanded .tif — extracting now.
[UNZIP] Extracted → /Users/wonjunchoi/PycharmProjects/realtime-buncombe/data/rain/prism_ppt_us_30s_20260105
[CLEAN] 2026-01-05 removed ZIP after extraction.
[OK  ] 2026-01-04 metadata matches remote
[OK  ] 2026-01-04 expanded data present (prism_ppt_us_30s_20260104.tif)
[OK  ] 2026-01-03 metadata matches remote
[OK  ] 2026-01-03 expanded data present (prism_ppt_us_30s_20260103.tif)
[OK  ] 2026-01-02 metadata matches remote
[OK  ] 2026-01-02 expanded data present (prism_ppt_us_30s_20260102.tif)
[CLEAN] 2026-01-01 removed old expanded folder → prism_ppt_us_30s_20260101
[GET ] 2026-01-01 → https://data.prism.oregonstate.edu/time_series/us/an/800m/ppt/daily/2026/prism_ppt_us_30s_20260101.zip
[DONE] Updated ZIP for 2026-01-01
[MISS] 2026-01-01 missing expanded .tif — extracting now.
[UNZIP] Extracted → /Users/wonjunchoi/PycharmProjects/realtime-buncombe/data/rain/prism_ppt_us_30s_20260101
[CLEAN] 2026-01-01 removed ZIP after extraction.
[OK  ] 2025-12-31 metadata matches remote
[OK  ] 2025-12-31 expanded data present (prism_ppt_us_30s_20251231.tif)
[OK  ] 2025-12-30 metadata matches remote
[OK  ] 2025-12-30 expanded data present (prism_ppt_us_30s_20251230.tif)
[OK  ] 2025-12-29 metadata matches remote
[OK  ] 2025-12-29 expanded data present (prism_ppt_us_30s_20251229.tif)
[OK  ] 2025-12-28 metadata matches remote
[OK  ] 2025-12-28 expanded data present (prism_ppt_us_30s_20251228.tif)
[OK  ] 2025-12-27 metadata matches remote
[OK  ] 2025-12-27 expanded data present (prism_ppt_us_30s_20251227.tif)
[OK  ] 2025-12-26 metadata matches remote
[OK  ] 2025-12-26 expanded data present (prism_ppt_us_30s_20251226.tif)
[OK  ] 2025-12-25 metadata matches remote
[OK  ] 2025-12-25 expanded data present (prism_ppt_us_30s_20251225.tif)
[OK  ] 2025-12-24 metadata matches remote
[OK  ] 2025-12-24 expanded data present (prism_ppt_us_30s_20251224.tif)
[OK  ] 2025-12-23 metadata matches remote
[OK  ] 2025-12-23 expanded data present (prism_ppt_us_30s_20251223.tif)
[OK  ] 2025-12-22 metadata matches remote
[OK  ] 2025-12-22 expanded data present (prism_ppt_us_30s_20251222.tif)
[OK  ] 2025-12-21 metadata matches remote
[OK  ] 2025-12-21 expanded data present (prism_ppt_us_30s_20251221.tif)
[OK  ] 2025-12-20 metadata matches remote
[OK  ] 2025-12-20 expanded data present (prism_ppt_us_30s_20251220.tif)
[OK  ] 2025-12-19 metadata matches remote
[OK  ] 2025-12-19 expanded data present (prism_ppt_us_30s_20251219.tif)
[OK  ] 2025-12-18 metadata matches remote
[OK  ] 2025-12-18 expanded data present (prism_ppt_us_30s_20251218.tif)
[OK  ] 2025-12-17 metadata matches remote
[OK  ] 2025-12-17 expanded data present (prism_ppt_us_30s_20251217.tif)
[OK  ] 2025-12-16 metadata matches remote
[OK  ] 2025-12-16 expanded data present (prism_ppt_us_30s_20251216.tif)
[OK  ] 2025-12-15 metadata matches remote
[OK  ] 2025-12-15 expanded data present (prism_ppt_us_30s_20251215.tif)
[OK  ] 2025-12-14 metadata matches remote
[OK  ] 2025-12-14 expanded data present (prism_ppt_us_30s_20251214.tif)
[OK  ] 2025-12-13 metadata matches remote
[OK  ] 2025-12-13 expanded data present (prism_ppt_us_30s_20251213.tif)
[OK  ] 2025-12-12 metadata matches remote
[OK  ] 2025-12-12 expanded data present (prism_ppt_us_30s_20251212.tif)
[OK  ] 2025-12-11 metadata matches remote
[OK  ] 2025-12-11 expanded data present (prism_ppt_us_30s_20251211.tif)
[OK  ] 2025-12-10 metadata matches remote
[OK  ] 2025-12-10 expanded data present (prism_ppt_us_30s_20251210.tif)
[OK  ] 2025-12-09 metadata matches remote
[OK  ] 2025-12-09 expanded data present (prism_ppt_us_30s_20251209.tif)
[OK  ] 2025-12-08 metadata matches remote
[OK  ] 2025-12-08 expanded data present (prism_ppt_us_30s_20251208.tif)
[INFO] Pruning files outside the past window...
[PRUNE] Removed old file → prism_ppt_us_30s_20251207.meta.json
[PRUNE] Removed old folder → prism_ppt_us_30s_20251207
2026-01-07 05:00:24,308 | INFO | Running predict_daily_triple.py
2026-01-07 05:24:44,017 | INFO | Rainfall window: 2025-12-07 → 2026-01-05 (29 files, 1 missing → zero-filled).
Sampling rainfall at 2,452 PRISM grid cells…
Sampling static attributes at grid centers…
Running models…
/Users/wonjunchoi/PycharmProjects/realtime-buncombe/venv/lib/python3.9/site-packages/sklearn/utils/validation.py:2732: UserWarning: X has feature names, but RandomForestClassifier was fitted without feature names
  warnings.warn(
python(26749) MallocStackLogging: can't turn off malloc stack logging because it was not enabled.
ok: wrote 2,452 rows for 2026-01-06 (rainfall through 2026-01-05)
parquet: /Users/wonjunchoi/PycharmProjects/realtime-buncombe/predictions/historicData/2026/01/predictions_2026-01-06.parquet
geojson: /Users/wonjunchoi/PycharmProjects/realtime-buncombe/predictions/historicData/2026/01/map_2026-01-06.geojson
meta: /Users/wonjunchoi/PycharmProjects/realtime-buncombe/predictions/historicData/2026/01/meta_2026-01-06.json
latest: /Users/wonjunchoi/PycharmProjects/realtime-buncombe/predictions/latest.geojson, /Users/wonjunchoi/PycharmProjects/realtime-buncombe/predictions/latest.json
manifest: /Users/wonjunchoi/PycharmProjects/realtime-buncombe/predictions/index.json
2026-01-07 05:24:44,019 | INFO | Committing and pushing changes
2026-01-07 05:24:44,696 | INFO | [main a5daf51] Auto-update: rainfall & predictions @ 2026-01-07 05:24:44
 7 files changed, 136 insertions(+), 6 deletions(-)
 create mode 100644 predictions/historicData/2026/01/map_2026-01-06.geojson
 create mode 100644 predictions/historicData/2026/01/meta_2026-01-06.json
 create mode 100644 predictions/historicData/2026/01/predictions_2026-01-06.parquet
2026-01-07 05:24:48,415 | INFO | Locking support detected on remote "origin". Consider enabling it with:
  $ git config lfs.https://github.com-buncombe/WonjunChoi1004/realtime-buncombe.git/info/lfs.locksverify true
To github.com-buncombe:WonjunChoi1004/realtime-buncombe.git
   d787aef..a5daf51  main -> main
2026-01-07 05:24:48,419 | INFO | Push succeeded.
▶️ Running daily auto-update job...
✅ Already ran today, skipping.
✅ Already ran today, skipping.
2026-01-08 00:43:04,534 | WARNING | No internet connection — delaying run. Retrying in 15 minutes...
2026-01-08 03:54:43,209 | INFO | Internet connection detected. Proceeding with update.
2026-01-08 03:54:43,209 | INFO | Running download_prism_daily.py
2026-01-08 04:27:28,596 | INFO | /Users/wonjunchoi/PycharmProjects/realtime-buncombe/venv/lib/python3.9/site-packages/urllib3/__init__.py:35: NotOpenSSLWarning: urllib3 v2 only supports OpenSSL 1.1.1+, currently the 'ssl' module is compiled with 'LibreSSL 2.8.3'. See: https://github.com/urllib3/urllib3/issues/3020
  warnings.warn(
[SKIP] 2026-01-07 not found online.
[GET ] 2026-01-06 → https://data.prism.oregonstate.edu/time_series/us/an/800m/ppt/daily/2026/prism_ppt_us_30s_20260106.zip
[DONE] Updated ZIP for 2026-01-06
[MISS] 2026-01-06 missing expanded .tif — extracting now.
[UNZIP] Extracted → /Users/wonjunchoi/PycharmProjects/realtime-buncombe/data/rain/prism_ppt_us_30s_20260106
[CLEAN] 2026-01-06 removed ZIP after extraction.
[OK  ] 2026-01-05 metadata matches remote
[OK  ] 2026-01-05 expanded data present (prism_ppt_us_30s_20260105.tif)
[OK  ] 2026-01-04 metadata matches remote
[OK  ] 2026-01-04 expanded data present (prism_ppt_us_30s_20260104.tif)
[OK  ] 2026-01-03 metadata matches remote
[OK  ] 2026-01-03 expanded data present (prism_ppt_us_30s_20260103.tif)
[CLEAN] 2026-01-02 removed old expanded folder → prism_ppt_us_30s_20260102
[GET ] 2026-01-02 → https://data.prism.oregonstate.edu/time_series/us/an/800m/ppt/daily/2026/prism_ppt_us_30s_20260102.zip
[DONE] Updated ZIP for 2026-01-02
[MISS] 2026-01-02 missing expanded .tif — extracting now.
[UNZIP] Extracted → /Users/wonjunchoi/PycharmProjects/realtime-buncombe/data/rain/prism_ppt_us_30s_20260102
[CLEAN] 2026-01-02 removed ZIP after extraction.
[OK  ] 2026-01-01 metadata matches remote
[OK  ] 2026-01-01 expanded data present (prism_ppt_us_30s_20260101.tif)
[OK  ] 2025-12-31 metadata matches remote
[OK  ] 2025-12-31 expanded data present (prism_ppt_us_30s_20251231.tif)
[OK  ] 2025-12-30 metadata matches remote
[OK  ] 2025-12-30 expanded data present (prism_ppt_us_30s_20251230.tif)
[OK  ] 2025-12-29 metadata matches remote
[OK  ] 2025-12-29 expanded data present (prism_ppt_us_30s_20251229.tif)
[OK  ] 2025-12-28 metadata matches remote
[OK  ] 2025-12-28 expanded data present (prism_ppt_us_30s_20251228.tif)
[OK  ] 2025-12-27 metadata matches remote
[OK  ] 2025-12-27 expanded data present (prism_ppt_us_30s_20251227.tif)
[OK  ] 2025-12-26 metadata matches remote
[OK  ] 2025-12-26 expanded data present (prism_ppt_us_30s_20251226.tif)
[OK  ] 2025-12-25 metadata matches remote
[OK  ] 2025-12-25 expanded data present (prism_ppt_us_30s_20251225.tif)
[OK  ] 2025-12-24 metadata matches remote
[OK  ] 2025-12-24 expanded data present (prism_ppt_us_30s_20251224.tif)
[OK  ] 2025-12-23 metadata matches remote
[OK  ] 2025-12-23 expanded data present (prism_ppt_us_30s_20251223.tif)
[OK  ] 2025-12-22 metadata matches remote
[OK  ] 2025-12-22 expanded data present (prism_ppt_us_30s_20251222.tif)
[OK  ] 2025-12-21 metadata matches remote
[OK  ] 2025-12-21 expanded data present (prism_ppt_us_30s_20251221.tif)
[OK  ] 2025-12-20 metadata matches remote
[OK  ] 2025-12-20 expanded data present (prism_ppt_us_30s_20251220.tif)
[ERR ] 2025-12-19 ('Connection aborted.', TimeoutError(60, 'Operation timed out'))
[OK  ] 2025-12-18 metadata matches remote
[OK  ] 2025-12-18 expanded data present (prism_ppt_us_30s_20251218.tif)
[OK  ] 2025-12-17 metadata matches remote
[OK  ] 2025-12-17 expanded data present (prism_ppt_us_30s_20251217.tif)
[OK  ] 2025-12-16 metadata matches remote
[OK  ] 2025-12-16 expanded data present (prism_ppt_us_30s_20251216.tif)
[OK  ] 2025-12-15 metadata matches remote
[OK  ] 2025-12-15 expanded data present (prism_ppt_us_30s_20251215.tif)
[OK  ] 2025-12-14 metadata matches remote
[OK  ] 2025-12-14 expanded data present (prism_ppt_us_30s_20251214.tif)
[OK  ] 2025-12-13 metadata matches remote
[OK  ] 2025-12-13 expanded data present (prism_ppt_us_30s_20251213.tif)
[OK  ] 2025-12-12 metadata matches remote
[OK  ] 2025-12-12 expanded data present (prism_ppt_us_30s_20251212.tif)
[OK  ] 2025-12-11 metadata matches remote
[OK  ] 2025-12-11 expanded data present (prism_ppt_us_30s_20251211.tif)
[OK  ] 2025-12-10 metadata matches remote
[OK  ] 2025-12-10 expanded data present (prism_ppt_us_30s_20251210.tif)
[OK  ] 2025-12-09 metadata matches remote
[OK  ] 2025-12-09 expanded data present (prism_ppt_us_30s_20251209.tif)
[INFO] Pruning files outside the past window...
[PRUNE] Removed old file → prism_ppt_us_30s_20251208.meta.json
[PRUNE] Removed old folder → prism_ppt_us_30s_20251208
2026-01-08 04:27:28,597 | INFO | Running predict_daily_triple.py
2026-01-08 09:41:25,138 | INFO | Rainfall window: 2025-12-08 → 2026-01-06 (29 files, 1 missing → zero-filled).
Sampling rainfall at 2,452 PRISM grid cells…
Sampling static attributes at grid centers…
Running models…
/Users/wonjunchoi/PycharmProjects/realtime-buncombe/venv/lib/python3.9/site-packages/sklearn/utils/validation.py:2732: UserWarning: X has feature names, but RandomForestClassifier was fitted without feature names
  warnings.warn(
ok: wrote 2,452 rows for 2026-01-07 (rainfall through 2026-01-06)
parquet: /Users/wonjunchoi/PycharmProjects/realtime-buncombe/predictions/historicData/2026/01/predictions_2026-01-07.parquet
geojson: /Users/wonjunchoi/PycharmProjects/realtime-buncombe/predictions/historicData/2026/01/map_2026-01-07.geojson
meta: /Users/wonjunchoi/PycharmProjects/realtime-buncombe/predictions/historicData/2026/01/meta_2026-01-07.json
latest: /Users/wonjunchoi/PycharmProjects/realtime-buncombe/predictions/latest.geojson, /Users/wonjunchoi/PycharmProjects/realtime-buncombe/predictions/latest.json
manifest: /Users/wonjunchoi/PycharmProjects/realtime-buncombe/predictions/index.json
2026-01-08 09:41:25,139 | INFO | Committing and pushing changes
2026-01-08 09:41:25,637 | INFO | [main 311aa7e] Auto-update: rainfall & predictions @ 2026-01-08 09:41:25
 7 files changed, 133 insertions(+), 7 deletions(-)
 create mode 100644 predictions/historicData/2026/01/map_2026-01-07.geojson
 create mode 100644 predictions/historicData/2026/01/meta_2026-01-07.json
 create mode 100644 predictions/historicData/2026/01/predictions_2026-01-07.parquet
2026-01-08 09:41:30,487 | INFO | Locking support detected on remote "origin". Consider enabling it with:
  $ git config lfs.https://github.com-buncombe/WonjunChoi1004/realtime-buncombe.git/info/lfs.locksverify true
Uploading LFS objects: 100% (1/1), 63 KB | 0 B/s, done.
To github.com-buncombe:WonjunChoi1004/realtime-buncombe.git
   a5daf51..311aa7e  main -> main
2026-01-08 09:41:30,488 | INFO | Push succeeded.
▶️ Running daily auto-update job...
✅ Already ran today, skipping.
✅ Already ran today, skipping.
✅ Already ran today, skipping.
✅ Already ran today, skipping.
✅ Already ran today, skipping.
2026-01-09 02:24:06,494 | WARNING | No internet connection — delaying run. Retrying in 15 minutes...
2026-01-09 08:32:23,904 | INFO | Internet connection detected. Proceeding with update.
2026-01-09 08:32:23,906 | INFO | Running download_prism_daily.py
2026-01-09 10:35:59,009 | INFO | /Users/wonjunchoi/PycharmProjects/realtime-buncombe/venv/lib/python3.9/site-packages/urllib3/__init__.py:35: NotOpenSSLWarning: urllib3 v2 only supports OpenSSL 1.1.1+, currently the 'ssl' module is compiled with 'LibreSSL 2.8.3'. See: https://github.com/urllib3/urllib3/issues/3020
  warnings.warn(
[GET ] 2026-01-08 → https://data.prism.oregonstate.edu/time_series/us/an/800m/ppt/daily/2026/prism_ppt_us_30s_20260108.zip
[DONE] Updated ZIP for 2026-01-08
[MISS] 2026-01-08 missing expanded .tif — extracting now.
[UNZIP] Extracted → /Users/wonjunchoi/PycharmProjects/realtime-buncombe/data/rain/prism_ppt_us_30s_20260108
[CLEAN] 2026-01-08 removed ZIP after extraction.
[GET ] 2026-01-07 → https://data.prism.oregonstate.edu/time_series/us/an/800m/ppt/daily/2026/prism_ppt_us_30s_20260107.zip
[DONE] Updated ZIP for 2026-01-07
[MISS] 2026-01-07 missing expanded .tif — extracting now.
[UNZIP] Extracted → /Users/wonjunchoi/PycharmProjects/realtime-buncombe/data/rain/prism_ppt_us_30s_20260107
[CLEAN] 2026-01-07 removed ZIP after extraction.
[OK  ] 2026-01-06 metadata matches remote
[OK  ] 2026-01-06 expanded data present (prism_ppt_us_30s_20260106.tif)
[OK  ] 2026-01-05 metadata matches remote
[OK  ] 2026-01-05 expanded data present (prism_ppt_us_30s_20260105.tif)
[CLEAN] 2026-01-04 removed old expanded folder → prism_ppt_us_30s_20260104
[GET ] 2026-01-04 → https://data.prism.oregonstate.edu/time_series/us/an/800m/ppt/daily/2026/prism_ppt_us_30s_20260104.zip
[DONE] Updated ZIP for 2026-01-04
[MISS] 2026-01-04 missing expanded .tif — extracting now.
[UNZIP] Extracted → /Users/wonjunchoi/PycharmProjects/realtime-buncombe/data/rain/prism_ppt_us_30s_20260104
[CLEAN] 2026-01-04 removed ZIP after extraction.
[CLEAN] 2026-01-03 removed old expanded folder → prism_ppt_us_30s_20260103
[GET ] 2026-01-03 → https://data.prism.oregonstate.edu/time_series/us/an/800m/ppt/daily/2026/prism_ppt_us_30s_20260103.zip
[ERR ] 2026-01-03 HTTPSConnectionPool(host='data.prism.oregonstate.edu', port=443): Read timed out.
[OK  ] 2026-01-02 metadata matches remote
[OK  ] 2026-01-02 expanded data present (prism_ppt_us_30s_20260102.tif)
[OK  ] 2026-01-01 metadata matches remote
[OK  ] 2026-01-01 expanded data present (prism_ppt_us_30s_20260101.tif)
[OK  ] 2025-12-31 metadata matches remote
[OK  ] 2025-12-31 expanded data present (prism_ppt_us_30s_20251231.tif)
[OK  ] 2025-12-30 metadata matches remote
[OK  ] 2025-12-30 expanded data present (prism_ppt_us_30s_20251230.tif)
[OK  ] 2025-12-29 metadata matches remote
[OK  ] 2025-12-29 expanded data present (prism_ppt_us_30s_20251229.tif)
[OK  ] 2025-12-28 metadata matches remote
[OK  ] 2025-12-28 expanded data present (prism_ppt_us_30s_20251228.tif)
[OK  ] 2025-12-27 metadata matches remote
[OK  ] 2025-12-27 expanded data present (prism_ppt_us_30s_20251227.tif)
[OK  ] 2025-12-26 metadata matches remote
[OK  ] 2025-12-26 expanded data present (prism_ppt_us_30s_20251226.tif)
[OK  ] 2025-12-25 metadata matches remote
[OK  ] 2025-12-25 expanded data present (prism_ppt_us_30s_20251225.tif)
[OK  ] 2025-12-24 metadata matches remote
[OK  ] 2025-12-24 expanded data present (prism_ppt_us_30s_20251224.tif)
[OK  ] 2025-12-23 metadata matches remote
[OK  ] 2025-12-23 expanded data present (prism_ppt_us_30s_20251223.tif)
[OK  ] 2025-12-22 metadata matches remote
[OK  ] 2025-12-22 expanded data present (prism_ppt_us_30s_20251222.tif)
[OK  ] 2025-12-21 metadata matches remote
[OK  ] 2025-12-21 expanded data present (prism_ppt_us_30s_20251221.tif)
[OK  ] 2025-12-20 metadata matches remote
[OK  ] 2025-12-20 expanded data present (prism_ppt_us_30s_20251220.tif)
[OK  ] 2025-12-19 metadata matches remote
[OK  ] 2025-12-19 expanded data present (prism_ppt_us_30s_20251219.tif)
[OK  ] 2025-12-18 metadata matches remote
[OK  ] 2025-12-18 expanded data present (prism_ppt_us_30s_20251218.tif)
[OK  ] 2025-12-17 metadata matches remote
[OK  ] 2025-12-17 expanded data present (prism_ppt_us_30s_20251217.tif)
[OK  ] 2025-12-16 metadata matches remote
[OK  ] 2025-12-16 expanded data present (prism_ppt_us_30s_20251216.tif)
[OK  ] 2025-12-15 metadata matches remote
[OK  ] 2025-12-15 expanded data present (prism_ppt_us_30s_20251215.tif)
[OK  ] 2025-12-14 metadata matches remote
[OK  ] 2025-12-14 expanded data present (prism_ppt_us_30s_20251214.tif)
[OK  ] 2025-12-13 metadata matches remote
[OK  ] 2025-12-13 expanded data present (prism_ppt_us_30s_20251213.tif)
[OK  ] 2025-12-12 metadata matches remote
[OK  ] 2025-12-12 expanded data present (prism_ppt_us_30s_20251212.tif)
[OK  ] 2025-12-11 metadata matches remote
[OK  ] 2025-12-11 expanded data present (prism_ppt_us_30s_20251211.tif)
[OK  ] 2025-12-10 metadata matches remote
[OK  ] 2025-12-10 expanded data present (prism_ppt_us_30s_20251210.tif)
[INFO] Pruning files outside the past window...
[PRUNE] Removed old file → prism_ppt_us_30s_20251209.meta.json
[PRUNE] Removed old folder → prism_ppt_us_30s_20251209
2026-01-09 10:35:59,011 | INFO | Running predict_daily_triple.py
2026-01-09 11:13:11,493 | WARNING | No internet connection — delaying run. Retrying in 15 minutes...
2026-01-09 12:09:41,896 | WARNING | No internet connection — delaying run. Retrying in 15 minutes...
2026-01-09 12:19:07,539 | WARNING | No internet connection — delaying run. Retrying in 15 minutes...
2026-01-09 12:34:12,462 | INFO | Internet connection detected. Proceeding with update.
2026-01-09 12:34:12,465 | INFO | Running download_prism_daily.py
2026-01-09 12:34:49,913 | INFO | /Users/wonjunchoi/PycharmProjects/realtime-buncombe/venv/lib/python3.9/site-packages/urllib3/__init__.py:35: NotOpenSSLWarning: urllib3 v2 only supports OpenSSL 1.1.1+, currently the 'ssl' module is compiled with 'LibreSSL 2.8.3'. See: https://github.com/urllib3/urllib3/issues/3020
  warnings.warn(
[OK  ] 2026-01-08 metadata matches remote
[OK  ] 2026-01-08 expanded data present (prism_ppt_us_30s_20260108.tif)
[OK  ] 2026-01-07 metadata matches remote
[OK  ] 2026-01-07 expanded data present (prism_ppt_us_30s_20260107.tif)
[OK  ] 2026-01-06 metadata matches remote
[OK  ] 2026-01-06 expanded data present (prism_ppt_us_30s_20260106.tif)
[OK  ] 2026-01-05 metadata matches remote
[OK  ] 2026-01-05 expanded data present (prism_ppt_us_30s_20260105.tif)
[OK  ] 2026-01-04 metadata matches remote
[OK  ] 2026-01-04 expanded data present (prism_ppt_us_30s_20260104.tif)
[GET ] 2026-01-03 → https://data.prism.oregonstate.edu/time_series/us/an/800m/ppt/daily/2026/prism_ppt_us_30s_20260103.zip
[DONE] Updated ZIP for 2026-01-03
[MISS] 2026-01-03 missing expanded .tif — extracting now.
[UNZIP] Extracted → /Users/wonjunchoi/PycharmProjects/realtime-buncombe/data/rain/prism_ppt_us_30s_20260103
[CLEAN] 2026-01-03 removed ZIP after extraction.
[OK  ] 2026-01-02 metadata matches remote
[OK  ] 2026-01-02 expanded data present (prism_ppt_us_30s_20260102.tif)
[OK  ] 2026-01-01 metadata matches remote
[OK  ] 2026-01-01 expanded data present (prism_ppt_us_30s_20260101.tif)
[OK  ] 2025-12-31 metadata matches remote
[OK  ] 2025-12-31 expanded data present (prism_ppt_us_30s_20251231.tif)
[OK  ] 2025-12-30 metadata matches remote
[OK  ] 2025-12-30 expanded data present (prism_ppt_us_30s_20251230.tif)
[OK  ] 2025-12-29 metadata matches remote
[OK  ] 2025-12-29 expanded data present (prism_ppt_us_30s_20251229.tif)
[OK  ] 2025-12-28 metadata matches remote
[OK  ] 2025-12-28 expanded data present (prism_ppt_us_30s_20251228.tif)
[OK  ] 2025-12-27 metadata matches remote
[OK  ] 2025-12-27 expanded data present (prism_ppt_us_30s_20251227.tif)
[OK  ] 2025-12-26 metadata matches remote
[OK  ] 2025-12-26 expanded data present (prism_ppt_us_30s_20251226.tif)
[OK  ] 2025-12-25 metadata matches remote
[OK  ] 2025-12-25 expanded data present (prism_ppt_us_30s_20251225.tif)
[OK  ] 2025-12-24 metadata matches remote
[OK  ] 2025-12-24 expanded data present (prism_ppt_us_30s_20251224.tif)
[OK  ] 2025-12-23 metadata matches remote
[OK  ] 2025-12-23 expanded data present (prism_ppt_us_30s_20251223.tif)
[OK  ] 2025-12-22 metadata matches remote
[OK  ] 2025-12-22 expanded data present (prism_ppt_us_30s_20251222.tif)
[OK  ] 2025-12-21 metadata matches remote
[OK  ] 2025-12-21 expanded data present (prism_ppt_us_30s_20251221.tif)
[OK  ] 2025-12-20 metadata matches remote
[OK  ] 2025-12-20 expanded data present (prism_ppt_us_30s_20251220.tif)
[OK  ] 2025-12-19 metadata matches remote
[OK  ] 2025-12-19 expanded data present (prism_ppt_us_30s_20251219.tif)
[OK  ] 2025-12-18 metadata matches remote
[OK  ] 2025-12-18 expanded data present (prism_ppt_us_30s_20251218.tif)
[OK  ] 2025-12-17 metadata matches remote
[OK  ] 2025-12-17 expanded data present (prism_ppt_us_30s_20251217.tif)
[OK  ] 2025-12-16 metadata matches remote
[OK  ] 2025-12-16 expanded data present (prism_ppt_us_30s_20251216.tif)
[OK  ] 2025-12-15 metadata matches remote
[OK  ] 2025-12-15 expanded data present (prism_ppt_us_30s_20251215.tif)
[OK  ] 2025-12-14 metadata matches remote
[OK  ] 2025-12-14 expanded data present (prism_ppt_us_30s_20251214.tif)
[OK  ] 2025-12-13 metadata matches remote
[OK  ] 2025-12-13 expanded data present (prism_ppt_us_30s_20251213.tif)
[OK  ] 2025-12-12 metadata matches remote
[OK  ] 2025-12-12 expanded data present (prism_ppt_us_30s_20251212.tif)
[OK  ] 2025-12-11 metadata matches remote
[OK  ] 2025-12-11 expanded data present (prism_ppt_us_30s_20251211.tif)
[OK  ] 2025-12-10 metadata matches remote
[OK  ] 2025-12-10 expanded data present (prism_ppt_us_30s_20251210.tif)
[INFO] Pruning files outside the past window...
2026-01-09 12:34:49,914 | INFO | Running predict_daily_triple.py
2026-01-09 12:58:19,875 | INFO | Rainfall window: 2025-12-10 → 2026-01-08 (30 files, 0 missing → zero-filled).
Sampling rainfall at 2,452 PRISM grid cells…
Sampling static attributes at grid centers…
Running models…
/Users/wonjunchoi/PycharmProjects/realtime-buncombe/venv/lib/python3.9/site-packages/sklearn/utils/validation.py:2732: UserWarning: X has feature names, but RandomForestClassifier was fitted without feature names
  warnings.warn(
ok: wrote 2,452 rows for 2026-01-08 (rainfall through 2026-01-08)
parquet: /Users/wonjunchoi/PycharmProjects/realtime-buncombe/predictions/historicData/2026/01/predictions_2026-01-08.parquet
geojson: /Users/wonjunchoi/PycharmProjects/realtime-buncombe/predictions/historicData/2026/01/map_2026-01-08.geojson
meta: /Users/wonjunchoi/PycharmProjects/realtime-buncombe/predictions/historicData/2026/01/meta_2026-01-08.json
latest: /Users/wonjunchoi/PycharmProjects/realtime-buncombe/predictions/latest.geojson, /Users/wonjunchoi/PycharmProjects/realtime-buncombe/predictions/latest.json
manifest: /Users/wonjunchoi/PycharmProjects/realtime-buncombe/predictions/index.json
2026-01-09 12:58:19,989 | INFO | Committing and pushing changes
2026-01-09 12:58:37,723 | INFO | [main 0e89b8a] Auto-update: rainfall & predictions @ 2026-01-09 12:58:31
 7 files changed, 215 insertions(+), 7 deletions(-)
 create mode 100644 predictions/historicData/2026/01/map_2026-01-08.geojson
 create mode 100644 predictions/historicData/2026/01/meta_2026-01-08.json
 create mode 100644 predictions/historicData/2026/01/predictions_2026-01-08.parquet
2026-01-09 12:58:45,803 | INFO | Locking support detected on remote "origin". Consider enabling it with:
  $ git config lfs.https://github.com-buncombe/WonjunChoi1004/realtime-buncombe.git/info/lfs.locksverify true
Uploading LFS objects: 100% (1/1), 62 KB | 0 B/s, done.
To github.com-buncombe:WonjunChoi1004/realtime-buncombe.git
   311aa7e..0e89b8a  main -> main
2026-01-09 12:58:45,804 | INFO | Push succeeded.
▶️ Running daily auto-update job...
✅ Already ran today, skipping.
✅ Already ran today, skipping.
2026-01-10 10:58:08,108 | WARNING | No internet connection — delaying run. Retrying in 15 minutes...
2026-01-10 11:05:48,224 | WARNING | No internet connection — delaying run. Retrying in 15 minutes...
2026-01-10 11:22:45,282 | INFO | Internet connection detected. Proceeding with update.
2026-01-10 11:22:45,284 | INFO | Running download_prism_daily.py
2026-01-10 11:23:06,125 | INFO | /Users/wonjunchoi/PycharmProjects/realtime-buncombe/venv/lib/python3.9/site-packages/urllib3/__init__.py:35: NotOpenSSLWarning: urllib3 v2 only supports OpenSSL 1.1.1+, currently the 'ssl' module is compiled with 'LibreSSL 2.8.3'. See: https://github.com/urllib3/urllib3/issues/3020
  warnings.warn(
[GET ] 2026-01-09 → https://data.prism.oregonstate.edu/time_series/us/an/800m/ppt/daily/2026/prism_ppt_us_30s_20260109.zip
[DONE] Updated ZIP for 2026-01-09
[MISS] 2026-01-09 missing expanded .tif — extracting now.
[UNZIP] Extracted → /Users/wonjunchoi/PycharmProjects/realtime-buncombe/data/rain/prism_ppt_us_30s_20260109
[CLEAN] 2026-01-09 removed ZIP after extraction.
[OK  ] 2026-01-08 metadata matches remote
[OK  ] 2026-01-08 expanded data present (prism_ppt_us_30s_20260108.tif)
[OK  ] 2026-01-07 metadata matches remote
[OK  ] 2026-01-07 expanded data present (prism_ppt_us_30s_20260107.tif)
[OK  ] 2026-01-06 metadata matches remote
[OK  ] 2026-01-06 expanded data present (prism_ppt_us_30s_20260106.tif)
[CLEAN] 2026-01-05 removed old expanded folder → prism_ppt_us_30s_20260105
[GET ] 2026-01-05 → https://data.prism.oregonstate.edu/time_series/us/an/800m/ppt/daily/2026/prism_ppt_us_30s_20260105.zip
[DONE] Updated ZIP for 2026-01-05
[MISS] 2026-01-05 missing expanded .tif — extracting now.
[UNZIP] Extracted → /Users/wonjunchoi/PycharmProjects/realtime-buncombe/data/rain/prism_ppt_us_30s_20260105
[CLEAN] 2026-01-05 removed ZIP after extraction.
[OK  ] 2026-01-04 metadata matches remote
[OK  ] 2026-01-04 expanded data present (prism_ppt_us_30s_20260104.tif)
[OK  ] 2026-01-03 metadata matches remote
[OK  ] 2026-01-03 expanded data present (prism_ppt_us_30s_20260103.tif)
[OK  ] 2026-01-02 metadata matches remote
[OK  ] 2026-01-02 expanded data present (prism_ppt_us_30s_20260102.tif)
[OK  ] 2026-01-01 metadata matches remote
[OK  ] 2026-01-01 expanded data present (prism_ppt_us_30s_20260101.tif)
[OK  ] 2025-12-31 metadata matches remote
[OK  ] 2025-12-31 expanded data present (prism_ppt_us_30s_20251231.tif)
[OK  ] 2025-12-30 metadata matches remote
[OK  ] 2025-12-30 expanded data present (prism_ppt_us_30s_20251230.tif)
[OK  ] 2025-12-29 metadata matches remote
[OK  ] 2025-12-29 expanded data present (prism_ppt_us_30s_20251229.tif)
[OK  ] 2025-12-28 metadata matches remote
[OK  ] 2025-12-28 expanded data present (prism_ppt_us_30s_20251228.tif)
[OK  ] 2025-12-27 metadata matches remote
[OK  ] 2025-12-27 expanded data present (prism_ppt_us_30s_20251227.tif)
[OK  ] 2025-12-26 metadata matches remote
[OK  ] 2025-12-26 expanded data present (prism_ppt_us_30s_20251226.tif)
[OK  ] 2025-12-25 metadata matches remote
[OK  ] 2025-12-25 expanded data present (prism_ppt_us_30s_20251225.tif)
[OK  ] 2025-12-24 metadata matches remote
[OK  ] 2025-12-24 expanded data present (prism_ppt_us_30s_20251224.tif)
[OK  ] 2025-12-23 metadata matches remote
[OK  ] 2025-12-23 expanded data present (prism_ppt_us_30s_20251223.tif)
[OK  ] 2025-12-22 metadata matches remote
[OK  ] 2025-12-22 expanded data present (prism_ppt_us_30s_20251222.tif)
[OK  ] 2025-12-21 metadata matches remote
[OK  ] 2025-12-21 expanded data present (prism_ppt_us_30s_20251221.tif)
[OK  ] 2025-12-20 metadata matches remote
[OK  ] 2025-12-20 expanded data present (prism_ppt_us_30s_20251220.tif)
[OK  ] 2025-12-19 metadata matches remote
[OK  ] 2025-12-19 expanded data present (prism_ppt_us_30s_20251219.tif)
[OK  ] 2025-12-18 metadata matches remote
[OK  ] 2025-12-18 expanded data present (prism_ppt_us_30s_20251218.tif)
[OK  ] 2025-12-17 metadata matches remote
[OK  ] 2025-12-17 expanded data present (prism_ppt_us_30s_20251217.tif)
[OK  ] 2025-12-16 metadata matches remote
[OK  ] 2025-12-16 expanded data present (prism_ppt_us_30s_20251216.tif)
[OK  ] 2025-12-15 metadata matches remote
[OK  ] 2025-12-15 expanded data present (prism_ppt_us_30s_20251215.tif)
[OK  ] 2025-12-14 metadata matches remote
[OK  ] 2025-12-14 expanded data present (prism_ppt_us_30s_20251214.tif)
[OK  ] 2025-12-13 metadata matches remote
[OK  ] 2025-12-13 expanded data present (prism_ppt_us_30s_20251213.tif)
[OK  ] 2025-12-12 metadata matches remote
[OK  ] 2025-12-12 expanded data present (prism_ppt_us_30s_20251212.tif)
[OK  ] 2025-12-11 metadata matches remote
[OK  ] 2025-12-11 expanded data present (prism_ppt_us_30s_20251211.tif)
[INFO] Pruning files outside the past window...
[PRUNE] Removed old folder → prism_ppt_us_30s_20251210
[PRUNE] Removed old file → prism_ppt_us_30s_20251210.meta.json
2026-01-10 11:23:06,126 | INFO | Running predict_daily_triple.py
2026-01-10 11:45:46,850 | INFO | Rainfall window: 2025-12-11 → 2026-01-09 (30 files, 0 missing → zero-filled).
Sampling rainfall at 2,452 PRISM grid cells…
Sampling static attributes at grid centers…
Running models…
/Users/wonjunchoi/PycharmProjects/realtime-buncombe/venv/lib/python3.9/site-packages/sklearn/utils/validation.py:2732: UserWarning: X has feature names, but RandomForestClassifier was fitted without feature names
  warnings.warn(
ok: wrote 2,452 rows for 2026-01-09 (rainfall through 2026-01-09)
parquet: /Users/wonjunchoi/PycharmProjects/realtime-buncombe/predictions/historicData/2026/01/predictions_2026-01-09.parquet
geojson: /Users/wonjunchoi/PycharmProjects/realtime-buncombe/predictions/historicData/2026/01/map_2026-01-09.geojson
meta: /Users/wonjunchoi/PycharmProjects/realtime-buncombe/predictions/historicData/2026/01/meta_2026-01-09.json
latest: /Users/wonjunchoi/PycharmProjects/realtime-buncombe/predictions/latest.geojson, /Users/wonjunchoi/PycharmProjects/realtime-buncombe/predictions/latest.json
manifest: /Users/wonjunchoi/PycharmProjects/realtime-buncombe/predictions/index.json
2026-01-10 11:45:46,851 | INFO | Committing and pushing changes
2026-01-10 11:45:47,572 | INFO | [main 07ecc16] Auto-update: rainfall & predictions @ 2026-01-10 11:45:47
 7 files changed, 137 insertions(+), 7 deletions(-)
 create mode 100644 predictions/historicData/2026/01/map_2026-01-09.geojson
 create mode 100644 predictions/historicData/2026/01/meta_2026-01-09.json
 create mode 100644 predictions/historicData/2026/01/predictions_2026-01-09.parquet
2026-01-10 11:45:52,245 | INFO | Locking support detected on remote "origin". Consider enabling it with:
  $ git config lfs.https://github.com-buncombe/WonjunChoi1004/realtime-buncombe.git/info/lfs.locksverify true
Uploading LFS objects: 100% (1/1), 62 KB | 0 B/s, done.
To github.com-buncombe:WonjunChoi1004/realtime-buncombe.git
   0e89b8a..07ecc16  main -> main
2026-01-10 11:45:52,246 | INFO | Push succeeded.
▶️ Running daily auto-update job...
✅ Already ran today, skipping.
2026-01-11 05:00:00,950 | INFO | Internet connection detected. Proceeding with update.
2026-01-11 05:00:00,951 | INFO | Running download_prism_daily.py
2026-01-11 05:00:13,072 | INFO | /Users/wonjunchoi/PycharmProjects/realtime-buncombe/venv/lib/python3.9/site-packages/urllib3/__init__.py:35: NotOpenSSLWarning: urllib3 v2 only supports OpenSSL 1.1.1+, currently the 'ssl' module is compiled with 'LibreSSL 2.8.3'. See: https://github.com/urllib3/urllib3/issues/3020
  warnings.warn(
[SKIP] 2026-01-10 not found online.
[OK  ] 2026-01-09 metadata matches remote
[OK  ] 2026-01-09 expanded data present (prism_ppt_us_30s_20260109.tif)
[OK  ] 2026-01-08 metadata matches remote
[OK  ] 2026-01-08 expanded data present (prism_ppt_us_30s_20260108.tif)
[OK  ] 2026-01-07 metadata matches remote
[OK  ] 2026-01-07 expanded data present (prism_ppt_us_30s_20260107.tif)
[OK  ] 2026-01-06 metadata matches remote
[OK  ] 2026-01-06 expanded data present (prism_ppt_us_30s_20260106.tif)
[OK  ] 2026-01-05 metadata matches remote
[OK  ] 2026-01-05 expanded data present (prism_ppt_us_30s_20260105.tif)
[OK  ] 2026-01-04 metadata matches remote
[OK  ] 2026-01-04 expanded data present (prism_ppt_us_30s_20260104.tif)
[OK  ] 2026-01-03 metadata matches remote
[OK  ] 2026-01-03 expanded data present (prism_ppt_us_30s_20260103.tif)
[OK  ] 2026-01-02 metadata matches remote
[OK  ] 2026-01-02 expanded data present (prism_ppt_us_30s_20260102.tif)
[OK  ] 2026-01-01 metadata matches remote
[OK  ] 2026-01-01 expanded data present (prism_ppt_us_30s_20260101.tif)
[OK  ] 2025-12-31 metadata matches remote
[OK  ] 2025-12-31 expanded data present (prism_ppt_us_30s_20251231.tif)
[OK  ] 2025-12-30 metadata matches remote
[OK  ] 2025-12-30 expanded data present (prism_ppt_us_30s_20251230.tif)
[OK  ] 2025-12-29 metadata matches remote
[OK  ] 2025-12-29 expanded data present (prism_ppt_us_30s_20251229.tif)
[OK  ] 2025-12-28 metadata matches remote
[OK  ] 2025-12-28 expanded data present (prism_ppt_us_30s_20251228.tif)
[OK  ] 2025-12-27 metadata matches remote
[OK  ] 2025-12-27 expanded data present (prism_ppt_us_30s_20251227.tif)
[OK  ] 2025-12-26 metadata matches remote
[OK  ] 2025-12-26 expanded data present (prism_ppt_us_30s_20251226.tif)
[OK  ] 2025-12-25 metadata matches remote
[OK  ] 2025-12-25 expanded data present (prism_ppt_us_30s_20251225.tif)
[OK  ] 2025-12-24 metadata matches remote
[OK  ] 2025-12-24 expanded data present (prism_ppt_us_30s_20251224.tif)
[OK  ] 2025-12-23 metadata matches remote
[OK  ] 2025-12-23 expanded data present (prism_ppt_us_30s_20251223.tif)
[OK  ] 2025-12-22 metadata matches remote
[OK  ] 2025-12-22 expanded data present (prism_ppt_us_30s_20251222.tif)
[OK  ] 2025-12-21 metadata matches remote
[OK  ] 2025-12-21 expanded data present (prism_ppt_us_30s_20251221.tif)
[OK  ] 2025-12-20 metadata matches remote
[OK  ] 2025-12-20 expanded data present (prism_ppt_us_30s_20251220.tif)
[OK  ] 2025-12-19 metadata matches remote
[OK  ] 2025-12-19 expanded data present (prism_ppt_us_30s_20251219.tif)
[OK  ] 2025-12-18 metadata matches remote
[OK  ] 2025-12-18 expanded data present (prism_ppt_us_30s_20251218.tif)
[OK  ] 2025-12-17 metadata matches remote
[OK  ] 2025-12-17 expanded data present (prism_ppt_us_30s_20251217.tif)
[OK  ] 2025-12-16 metadata matches remote
[OK  ] 2025-12-16 expanded data present (prism_ppt_us_30s_20251216.tif)
[OK  ] 2025-12-15 metadata matches remote
[OK  ] 2025-12-15 expanded data present (prism_ppt_us_30s_20251215.tif)
[OK  ] 2025-12-14 metadata matches remote
[OK  ] 2025-12-14 expanded data present (prism_ppt_us_30s_20251214.tif)
[OK  ] 2025-12-13 metadata matches remote
[OK  ] 2025-12-13 expanded data present (prism_ppt_us_30s_20251213.tif)
[OK  ] 2025-12-12 metadata matches remote
[OK  ] 2025-12-12 expanded data present (prism_ppt_us_30s_20251212.tif)
[INFO] Pruning files outside the past window...
[PRUNE] Removed old folder → prism_ppt_us_30s_20251211
[PRUNE] Removed old file → prism_ppt_us_30s_20251211.meta.json
2026-01-11 05:00:13,073 | INFO | Running predict_daily_triple.py
2026-01-11 05:24:05,691 | INFO | Rainfall window: 2025-12-11 → 2026-01-09 (29 files, 1 missing → zero-filled).
Sampling rainfall at 2,452 PRISM grid cells…
Sampling static attributes at grid centers…
Running models…
/Users/wonjunchoi/PycharmProjects/realtime-buncombe/venv/lib/python3.9/site-packages/sklearn/utils/validation.py:2732: UserWarning: X has feature names, but RandomForestClassifier was fitted without feature names
  warnings.warn(
ok: wrote 2,452 rows for 2026-01-10 (rainfall through 2026-01-09)
parquet: /Users/wonjunchoi/PycharmProjects/realtime-buncombe/predictions/historicData/2026/01/predictions_2026-01-10.parquet
geojson: /Users/wonjunchoi/PycharmProjects/realtime-buncombe/predictions/historicData/2026/01/map_2026-01-10.geojson
meta: /Users/wonjunchoi/PycharmProjects/realtime-buncombe/predictions/historicData/2026/01/meta_2026-01-10.json
latest: /Users/wonjunchoi/PycharmProjects/realtime-buncombe/predictions/latest.geojson, /Users/wonjunchoi/PycharmProjects/realtime-buncombe/predictions/latest.json
manifest: /Users/wonjunchoi/PycharmProjects/realtime-buncombe/predictions/index.json
2026-01-11 05:24:05,694 | INFO | Committing and pushing changes
2026-01-11 05:24:06,352 | INFO | [main e884c69] Auto-update: rainfall & predictions @ 2026-01-11 05:24:05
 7 files changed, 125 insertions(+), 6 deletions(-)
 create mode 100644 predictions/historicData/2026/01/map_2026-01-10.geojson
 create mode 100644 predictions/historicData/2026/01/meta_2026-01-10.json
 create mode 100644 predictions/historicData/2026/01/predictions_2026-01-10.parquet
2026-01-11 05:24:10,635 | INFO | Locking support detected on remote "origin". Consider enabling it with:
  $ git config lfs.https://github.com-buncombe/WonjunChoi1004/realtime-buncombe.git/info/lfs.locksverify true
Uploading LFS objects: 100% (1/1), 62 KB | 0 B/s, done.
To github.com-buncombe:WonjunChoi1004/realtime-buncombe.git
   07ecc16..e884c69  main -> main
2026-01-11 05:24:10,636 | INFO | Push succeeded.
▶️ Running daily auto-update job...
✅ Already ran today, skipping.
✅ Already ran today, skipping.
2026-01-12 13:33:02,092 | WARNING | No internet connection — delaying run. Retrying in 15 minutes...
2026-01-12 13:51:26,092 | INFO | Internet connection detected. Proceeding with update.
2026-01-12 13:51:26,096 | INFO | Running download_prism_daily.py
2026-01-12 13:51:49,162 | INFO | /Users/wonjunchoi/PycharmProjects/realtime-buncombe/venv/lib/python3.9/site-packages/urllib3/__init__.py:35: NotOpenSSLWarning: urllib3 v2 only supports OpenSSL 1.1.1+, currently the 'ssl' module is compiled with 'LibreSSL 2.8.3'. See: https://github.com/urllib3/urllib3/issues/3020
  warnings.warn(
[GET ] 2026-01-11 → https://data.prism.oregonstate.edu/time_series/us/an/800m/ppt/daily/2026/prism_ppt_us_30s_20260111.zip
[DONE] Updated ZIP for 2026-01-11
[MISS] 2026-01-11 missing expanded .tif — extracting now.
[UNZIP] Extracted → /Users/wonjunchoi/PycharmProjects/realtime-buncombe/data/rain/prism_ppt_us_30s_20260111
[CLEAN] 2026-01-11 removed ZIP after extraction.
[GET ] 2026-01-10 → https://data.prism.oregonstate.edu/time_series/us/an/800m/ppt/daily/2026/prism_ppt_us_30s_20260110.zip
[DONE] Updated ZIP for 2026-01-10
[MISS] 2026-01-10 missing expanded .tif — extracting now.
[UNZIP] Extracted → /Users/wonjunchoi/PycharmProjects/realtime-buncombe/data/rain/prism_ppt_us_30s_20260110
[CLEAN] 2026-01-10 removed ZIP after extraction.
[OK  ] 2026-01-09 metadata matches remote
[OK  ] 2026-01-09 expanded data present (prism_ppt_us_30s_20260109.tif)
[OK  ] 2026-01-08 metadata matches remote
[OK  ] 2026-01-08 expanded data present (prism_ppt_us_30s_20260108.tif)
[CLEAN] 2026-01-07 removed old expanded folder → prism_ppt_us_30s_20260107
[GET ] 2026-01-07 → https://data.prism.oregonstate.edu/time_series/us/an/800m/ppt/daily/2026/prism_ppt_us_30s_20260107.zip
[DONE] Updated ZIP for 2026-01-07
[MISS] 2026-01-07 missing expanded .tif — extracting now.
[UNZIP] Extracted → /Users/wonjunchoi/PycharmProjects/realtime-buncombe/data/rain/prism_ppt_us_30s_20260107
[CLEAN] 2026-01-07 removed ZIP after extraction.
[CLEAN] 2026-01-06 removed old expanded folder → prism_ppt_us_30s_20260106
[GET ] 2026-01-06 → https://data.prism.oregonstate.edu/time_series/us/an/800m/ppt/daily/2026/prism_ppt_us_30s_20260106.zip
[DONE] Updated ZIP for 2026-01-06
[MISS] 2026-01-06 missing expanded .tif — extracting now.
[UNZIP] Extracted → /Users/wonjunchoi/PycharmProjects/realtime-buncombe/data/rain/prism_ppt_us_30s_20260106
[CLEAN] 2026-01-06 removed ZIP after extraction.
[OK  ] 2026-01-05 metadata matches remote
[OK  ] 2026-01-05 expanded data present (prism_ppt_us_30s_20260105.tif)
[OK  ] 2026-01-04 metadata matches remote
[OK  ] 2026-01-04 expanded data present (prism_ppt_us_30s_20260104.tif)
[OK  ] 2026-01-03 metadata matches remote
[OK  ] 2026-01-03 expanded data present (prism_ppt_us_30s_20260103.tif)
[OK  ] 2026-01-02 metadata matches remote
[OK  ] 2026-01-02 expanded data present (prism_ppt_us_30s_20260102.tif)
[OK  ] 2026-01-01 metadata matches remote
[OK  ] 2026-01-01 expanded data present (prism_ppt_us_30s_20260101.tif)
[OK  ] 2025-12-31 metadata matches remote
[OK  ] 2025-12-31 expanded data present (prism_ppt_us_30s_20251231.tif)
[OK  ] 2025-12-30 metadata matches remote
[OK  ] 2025-12-30 expanded data present (prism_ppt_us_30s_20251230.tif)
[OK  ] 2025-12-29 metadata matches remote
[OK  ] 2025-12-29 expanded data present (prism_ppt_us_30s_20251229.tif)
[OK  ] 2025-12-28 metadata matches remote
[OK  ] 2025-12-28 expanded data present (prism_ppt_us_30s_20251228.tif)
[OK  ] 2025-12-27 metadata matches remote
[OK  ] 2025-12-27 expanded data present (prism_ppt_us_30s_20251227.tif)
[OK  ] 2025-12-26 metadata matches remote
[OK  ] 2025-12-26 expanded data present (prism_ppt_us_30s_20251226.tif)
[OK  ] 2025-12-25 metadata matches remote
[OK  ] 2025-12-25 expanded data present (prism_ppt_us_30s_20251225.tif)
[OK  ] 2025-12-24 metadata matches remote
[OK  ] 2025-12-24 expanded data present (prism_ppt_us_30s_20251224.tif)
[OK  ] 2025-12-23 metadata matches remote
[OK  ] 2025-12-23 expanded data present (prism_ppt_us_30s_20251223.tif)
[OK  ] 2025-12-22 metadata matches remote
[OK  ] 2025-12-22 expanded data present (prism_ppt_us_30s_20251222.tif)
[OK  ] 2025-12-21 metadata matches remote
[OK  ] 2025-12-21 expanded data present (prism_ppt_us_30s_20251221.tif)
[OK  ] 2025-12-20 metadata matches remote
[OK  ] 2025-12-20 expanded data present (prism_ppt_us_30s_20251220.tif)
[OK  ] 2025-12-19 metadata matches remote
[OK  ] 2025-12-19 expanded data present (prism_ppt_us_30s_20251219.tif)
[OK  ] 2025-12-18 metadata matches remote
[OK  ] 2025-12-18 expanded data present (prism_ppt_us_30s_20251218.tif)
[OK  ] 2025-12-17 metadata matches remote
[OK  ] 2025-12-17 expanded data present (prism_ppt_us_30s_20251217.tif)
[OK  ] 2025-12-16 metadata matches remote
[OK  ] 2025-12-16 expanded data present (prism_ppt_us_30s_20251216.tif)
[OK  ] 2025-12-15 metadata matches remote
[OK  ] 2025-12-15 expanded data present (prism_ppt_us_30s_20251215.tif)
[OK  ] 2025-12-14 metadata matches remote
[OK  ] 2025-12-14 expanded data present (prism_ppt_us_30s_20251214.tif)
[OK  ] 2025-12-13 metadata matches remote
[OK  ] 2025-12-13 expanded data present (prism_ppt_us_30s_20251213.tif)
[INFO] Pruning files outside the past window...
[PRUNE] Removed old file → prism_ppt_us_30s_20251212.meta.json
[PRUNE] Removed old folder → prism_ppt_us_30s_20251212
2026-01-12 13:51:49,163 | INFO | Running predict_daily_triple.py
2026-01-12 14:17:38,935 | INFO | Rainfall window: 2025-12-13 → 2026-01-11 (30 files, 0 missing → zero-filled).
Sampling rainfall at 2,452 PRISM grid cells…
Sampling static attributes at grid centers…
Running models…
/Users/wonjunchoi/PycharmProjects/realtime-buncombe/venv/lib/python3.9/site-packages/sklearn/utils/validation.py:2732: UserWarning: X has feature names, but RandomForestClassifier was fitted without feature names
  warnings.warn(
ok: wrote 2,452 rows for 2026-01-11 (rainfall through 2026-01-11)
parquet: /Users/wonjunchoi/PycharmProjects/realtime-buncombe/predictions/historicData/2026/01/predictions_2026-01-11.parquet
geojson: /Users/wonjunchoi/PycharmProjects/realtime-buncombe/predictions/historicData/2026/01/map_2026-01-11.geojson
meta: /Users/wonjunchoi/PycharmProjects/realtime-buncombe/predictions/historicData/2026/01/meta_2026-01-11.json
latest: /Users/wonjunchoi/PycharmProjects/realtime-buncombe/predictions/latest.geojson, /Users/wonjunchoi/PycharmProjects/realtime-buncombe/predictions/latest.json
manifest: /Users/wonjunchoi/PycharmProjects/realtime-buncombe/predictions/index.json
2026-01-12 14:17:38,938 | INFO | Committing and pushing changes
2026-01-12 14:17:39,661 | INFO | [main 44225af] Auto-update: rainfall & predictions @ 2026-01-12 14:17:39
 7 files changed, 143 insertions(+), 7 deletions(-)
 create mode 100644 predictions/historicData/2026/01/map_2026-01-11.geojson
 create mode 100644 predictions/historicData/2026/01/meta_2026-01-11.json
 create mode 100644 predictions/historicData/2026/01/predictions_2026-01-11.parquet
2026-01-12 14:17:44,942 | INFO | Locking support detected on remote "origin". Consider enabling it with:
  $ git config lfs.https://github.com-buncombe/WonjunChoi1004/realtime-buncombe.git/info/lfs.locksverify true
Uploading LFS objects: 100% (1/1), 114 KB | 0 B/s, done.
To github.com-buncombe:WonjunChoi1004/realtime-buncombe.git
   e884c69..44225af  main -> main
2026-01-12 14:17:44,943 | INFO | Push succeeded.
▶️ Running daily auto-update job...
2026-01-13 05:04:43,407 | INFO | Internet connection detected. Proceeding with update.
2026-01-13 05:04:43,408 | INFO | Running download_prism_daily.py
2026-01-13 05:10:42,991 | INFO | /Users/wonjunchoi/PycharmProjects/realtime-buncombe/venv/lib/python3.9/site-packages/urllib3/__init__.py:35: NotOpenSSLWarning: urllib3 v2 only supports OpenSSL 1.1.1+, currently the 'ssl' module is compiled with 'LibreSSL 2.8.3'. See: https://github.com/urllib3/urllib3/issues/3020
  warnings.warn(
[SKIP] 2026-01-12 not found online.
[CLEAN] 2026-01-11 removed old expanded folder → prism_ppt_us_30s_20260111
[GET ] 2026-01-11 → https://data.prism.oregonstate.edu/time_series/us/an/800m/ppt/daily/2026/prism_ppt_us_30s_20260111.zip
[DONE] Updated ZIP for 2026-01-11
[MISS] 2026-01-11 missing expanded .tif — extracting now.
[UNZIP] Extracted → /Users/wonjunchoi/PycharmProjects/realtime-buncombe/data/rain/prism_ppt_us_30s_20260111
[CLEAN] 2026-01-11 removed ZIP after extraction.
[OK  ] 2026-01-10 metadata matches remote
[OK  ] 2026-01-10 expanded data present (prism_ppt_us_30s_20260110.tif)
[OK  ] 2026-01-09 metadata matches remote
[OK  ] 2026-01-09 expanded data present (prism_ppt_us_30s_20260109.tif)
[OK  ] 2026-01-08 metadata matches remote
[OK  ] 2026-01-08 expanded data present (prism_ppt_us_30s_20260108.tif)
[CLEAN] 2026-01-07 removed old expanded folder → prism_ppt_us_30s_20260107
[GET ] 2026-01-07 → https://data.prism.oregonstate.edu/time_series/us/an/800m/ppt/daily/2026/prism_ppt_us_30s_20260107.zip
[DONE] Updated ZIP for 2026-01-07
[MISS] 2026-01-07 missing expanded .tif — extracting now.
[UNZIP] Extracted → /Users/wonjunchoi/PycharmProjects/realtime-buncombe/data/rain/prism_ppt_us_30s_20260107
[CLEAN] 2026-01-07 removed ZIP after extraction.
[OK  ] 2026-01-06 metadata matches remote
[OK  ] 2026-01-06 expanded data present (prism_ppt_us_30s_20260106.tif)
[ERR ] 2026-01-05 HTTPSConnectionPool(host='data.prism.oregonstate.edu', port=443): Read timed out. (read timeout=30)
[OK  ] 2026-01-04 metadata matches remote
[OK  ] 2026-01-04 expanded data present (prism_ppt_us_30s_20260104.tif)
[OK  ] 2026-01-03 metadata matches remote
[OK  ] 2026-01-03 expanded data present (prism_ppt_us_30s_20260103.tif)
[OK  ] 2026-01-02 metadata matches remote
[OK  ] 2026-01-02 expanded data present (prism_ppt_us_30s_20260102.tif)
[OK  ] 2026-01-01 metadata matches remote
[OK  ] 2026-01-01 expanded data present (prism_ppt_us_30s_20260101.tif)
[OK  ] 2025-12-31 metadata matches remote
[OK  ] 2025-12-31 expanded data present (prism_ppt_us_30s_20251231.tif)
[OK  ] 2025-12-30 metadata matches remote
[OK  ] 2025-12-30 expanded data present (prism_ppt_us_30s_20251230.tif)
[OK  ] 2025-12-29 metadata matches remote
[OK  ] 2025-12-29 expanded data present (prism_ppt_us_30s_20251229.tif)
[OK  ] 2025-12-28 metadata matches remote
[OK  ] 2025-12-28 expanded data present (prism_ppt_us_30s_20251228.tif)
[OK  ] 2025-12-27 metadata matches remote
[OK  ] 2025-12-27 expanded data present (prism_ppt_us_30s_20251227.tif)
[OK  ] 2025-12-26 metadata matches remote
[OK  ] 2025-12-26 expanded data present (prism_ppt_us_30s_20251226.tif)
[OK  ] 2025-12-25 metadata matches remote
[OK  ] 2025-12-25 expanded data present (prism_ppt_us_30s_20251225.tif)
[OK  ] 2025-12-24 metadata matches remote
[OK  ] 2025-12-24 expanded data present (prism_ppt_us_30s_20251224.tif)
[OK  ] 2025-12-23 metadata matches remote
[OK  ] 2025-12-23 expanded data present (prism_ppt_us_30s_20251223.tif)
[OK  ] 2025-12-22 metadata matches remote
[OK  ] 2025-12-22 expanded data present (prism_ppt_us_30s_20251222.tif)
[OK  ] 2025-12-21 metadata matches remote
[OK  ] 2025-12-21 expanded data present (prism_ppt_us_30s_20251221.tif)
[OK  ] 2025-12-20 metadata matches remote
[OK  ] 2025-12-20 expanded data present (prism_ppt_us_30s_20251220.tif)
[OK  ] 2025-12-19 metadata matches remote
[OK  ] 2025-12-19 expanded data present (prism_ppt_us_30s_20251219.tif)
[OK  ] 2025-12-18 metadata matches remote
[OK  ] 2025-12-18 expanded data present (prism_ppt_us_30s_20251218.tif)
[OK  ] 2025-12-17 metadata matches remote
[OK  ] 2025-12-17 expanded data present (prism_ppt_us_30s_20251217.tif)
[OK  ] 2025-12-16 metadata matches remote
[OK  ] 2025-12-16 expanded data present (prism_ppt_us_30s_20251216.tif)
[OK  ] 2025-12-15 metadata matches remote
[OK  ] 2025-12-15 expanded data present (prism_ppt_us_30s_20251215.tif)
[OK  ] 2025-12-14 metadata matches remote
[OK  ] 2025-12-14 expanded data present (prism_ppt_us_30s_20251214.tif)
[INFO] Pruning files outside the past window...
[PRUNE] Removed old file → prism_ppt_us_30s_20251213.meta.json
[PRUNE] Removed old folder → prism_ppt_us_30s_20251213
2026-01-13 05:10:42,992 | INFO | Running predict_daily_triple.py
2026-01-13 08:36:55,469 | INFO | Rainfall window: 2025-12-13 → 2026-01-11 (29 files, 1 missing → zero-filled).
Sampling rainfall at 2,452 PRISM grid cells…
Sampling static attributes at grid centers…
Running models…
/Users/wonjunchoi/PycharmProjects/realtime-buncombe/venv/lib/python3.9/site-packages/sklearn/utils/validation.py:2732: UserWarning: X has feature names, but RandomForestClassifier was fitted without feature names
  warnings.warn(
python(33975) MallocStackLogging: can't turn off malloc stack logging because it was not enabled.
ok: wrote 2,452 rows for 2026-01-12 (rainfall through 2026-01-11)
parquet: /Users/wonjunchoi/PycharmProjects/realtime-buncombe/predictions/historicData/2026/01/predictions_2026-01-12.parquet
geojson: /Users/wonjunchoi/PycharmProjects/realtime-buncombe/predictions/historicData/2026/01/map_2026-01-12.geojson
meta: /Users/wonjunchoi/PycharmProjects/realtime-buncombe/predictions/historicData/2026/01/meta_2026-01-12.json
latest: /Users/wonjunchoi/PycharmProjects/realtime-buncombe/predictions/latest.geojson, /Users/wonjunchoi/PycharmProjects/realtime-buncombe/predictions/latest.json
manifest: /Users/wonjunchoi/PycharmProjects/realtime-buncombe/predictions/index.json
2026-01-13 08:36:55,473 | INFO | Committing and pushing changes
2026-01-13 08:36:56,173 | INFO | [main 6fd50f4] Auto-update: rainfall & predictions @ 2026-01-13 08:36:55
 7 files changed, 132 insertions(+), 6 deletions(-)
 create mode 100644 predictions/historicData/2026/01/map_2026-01-12.geojson
 create mode 100644 predictions/historicData/2026/01/meta_2026-01-12.json
 create mode 100644 predictions/historicData/2026/01/predictions_2026-01-12.parquet
2026-01-13 08:37:03,692 | INFO | Locking support detected on remote "origin". Consider enabling it with:
  $ git config lfs.https://github.com-buncombe/WonjunChoi1004/realtime-buncombe.git/info/lfs.locksverify true
Uploading LFS objects: 100% (1/1), 114 KB | 0 B/s, done.
To github.com-buncombe:WonjunChoi1004/realtime-buncombe.git
   44225af..6fd50f4  main -> main
2026-01-13 08:37:03,692 | INFO | Push succeeded.
▶️ Running daily auto-update job...
✅ Already ran today, skipping.
✅ Already ran today, skipping.
✅ Already ran today, skipping.
2026-01-14 01:31:51,243 | WARNING | No internet connection — delaying run. Retrying in 15 minutes...
2026-01-14 01:47:11,100 | INFO | Internet connection detected. Proceeding with update.
2026-01-14 01:47:11,103 | INFO | Running download_prism_daily.py
2026-01-14 01:47:33,402 | INFO | /Users/wonjunchoi/PycharmProjects/realtime-buncombe/venv/lib/python3.9/site-packages/urllib3/__init__.py:35: NotOpenSSLWarning: urllib3 v2 only supports OpenSSL 1.1.1+, currently the 'ssl' module is compiled with 'LibreSSL 2.8.3'. See: https://github.com/urllib3/urllib3/issues/3020
  warnings.warn(
[SKIP] 2026-01-13 not found online.
[GET ] 2026-01-12 → https://data.prism.oregonstate.edu/time_series/us/an/800m/ppt/daily/2026/prism_ppt_us_30s_20260112.zip
[DONE] Updated ZIP for 2026-01-12
[MISS] 2026-01-12 missing expanded .tif — extracting now.
[UNZIP] Extracted → /Users/wonjunchoi/PycharmProjects/realtime-buncombe/data/rain/prism_ppt_us_30s_20260112
[CLEAN] 2026-01-12 removed ZIP after extraction.
[OK  ] 2026-01-11 metadata matches remote
[OK  ] 2026-01-11 expanded data present (prism_ppt_us_30s_20260111.tif)
[OK  ] 2026-01-10 metadata matches remote
[OK  ] 2026-01-10 expanded data present (prism_ppt_us_30s_20260110.tif)
[OK  ] 2026-01-09 metadata matches remote
[OK  ] 2026-01-09 expanded data present (prism_ppt_us_30s_20260109.tif)
[CLEAN] 2026-01-08 removed old expanded folder → prism_ppt_us_30s_20260108
[GET ] 2026-01-08 → https://data.prism.oregonstate.edu/time_series/us/an/800m/ppt/daily/2026/prism_ppt_us_30s_20260108.zip
[DONE] Updated ZIP for 2026-01-08
[MISS] 2026-01-08 missing expanded .tif — extracting now.
[UNZIP] Extracted → /Users/wonjunchoi/PycharmProjects/realtime-buncombe/data/rain/prism_ppt_us_30s_20260108
[CLEAN] 2026-01-08 removed ZIP after extraction.
[OK  ] 2026-01-07 metadata matches remote
[OK  ] 2026-01-07 expanded data present (prism_ppt_us_30s_20260107.tif)
[OK  ] 2026-01-06 metadata matches remote
[OK  ] 2026-01-06 expanded data present (prism_ppt_us_30s_20260106.tif)
[OK  ] 2026-01-05 metadata matches remote
[OK  ] 2026-01-05 expanded data present (prism_ppt_us_30s_20260105.tif)
[OK  ] 2026-01-04 metadata matches remote
[OK  ] 2026-01-04 expanded data present (prism_ppt_us_30s_20260104.tif)
[OK  ] 2026-01-03 metadata matches remote
[OK  ] 2026-01-03 expanded data present (prism_ppt_us_30s_20260103.tif)
[OK  ] 2026-01-02 metadata matches remote
[OK  ] 2026-01-02 expanded data present (prism_ppt_us_30s_20260102.tif)
[OK  ] 2026-01-01 metadata matches remote
[OK  ] 2026-01-01 expanded data present (prism_ppt_us_30s_20260101.tif)
[OK  ] 2025-12-31 metadata matches remote
[OK  ] 2025-12-31 expanded data present (prism_ppt_us_30s_20251231.tif)
[OK  ] 2025-12-30 metadata matches remote
[OK  ] 2025-12-30 expanded data present (prism_ppt_us_30s_20251230.tif)
[OK  ] 2025-12-29 metadata matches remote
[OK  ] 2025-12-29 expanded data present (prism_ppt_us_30s_20251229.tif)
[OK  ] 2025-12-28 metadata matches remote
[OK  ] 2025-12-28 expanded data present (prism_ppt_us_30s_20251228.tif)
[OK  ] 2025-12-27 metadata matches remote
[OK  ] 2025-12-27 expanded data present (prism_ppt_us_30s_20251227.tif)
[OK  ] 2025-12-26 metadata matches remote
[OK  ] 2025-12-26 expanded data present (prism_ppt_us_30s_20251226.tif)
[OK  ] 2025-12-25 metadata matches remote
[OK  ] 2025-12-25 expanded data present (prism_ppt_us_30s_20251225.tif)
[OK  ] 2025-12-24 metadata matches remote
[OK  ] 2025-12-24 expanded data present (prism_ppt_us_30s_20251224.tif)
[OK  ] 2025-12-23 metadata matches remote
[OK  ] 2025-12-23 expanded data present (prism_ppt_us_30s_20251223.tif)
[OK  ] 2025-12-22 metadata matches remote
[OK  ] 2025-12-22 expanded data present (prism_ppt_us_30s_20251222.tif)
[OK  ] 2025-12-21 metadata matches remote
[OK  ] 2025-12-21 expanded data present (prism_ppt_us_30s_20251221.tif)
[OK  ] 2025-12-20 metadata matches remote
[OK  ] 2025-12-20 expanded data present (prism_ppt_us_30s_20251220.tif)
[OK  ] 2025-12-19 metadata matches remote
[OK  ] 2025-12-19 expanded data present (prism_ppt_us_30s_20251219.tif)
[OK  ] 2025-12-18 metadata matches remote
[OK  ] 2025-12-18 expanded data present (prism_ppt_us_30s_20251218.tif)
[OK  ] 2025-12-17 metadata matches remote
[OK  ] 2025-12-17 expanded data present (prism_ppt_us_30s_20251217.tif)
[OK  ] 2025-12-16 metadata matches remote
[OK  ] 2025-12-16 expanded data present (prism_ppt_us_30s_20251216.tif)
[OK  ] 2025-12-15 metadata matches remote
[OK  ] 2025-12-15 expanded data present (prism_ppt_us_30s_20251215.tif)
[INFO] Pruning files outside the past window...
[PRUNE] Removed old file → prism_ppt_us_30s_20251214.meta.json
[PRUNE] Removed old folder → prism_ppt_us_30s_20251214
2026-01-14 01:47:33,403 | INFO | Running predict_daily_triple.py
2026-01-14 02:11:47,561 | INFO | Rainfall window: 2025-12-14 → 2026-01-12 (29 files, 1 missing → zero-filled).
Sampling rainfall at 2,452 PRISM grid cells…
Sampling static attributes at grid centers…
Running models…
/Users/wonjunchoi/PycharmProjects/realtime-buncombe/venv/lib/python3.9/site-packages/sklearn/utils/validation.py:2732: UserWarning: X has feature names, but RandomForestClassifier was fitted without feature names
  warnings.warn(
ok: wrote 2,452 rows for 2026-01-13 (rainfall through 2026-01-12)
parquet: /Users/wonjunchoi/PycharmProjects/realtime-buncombe/predictions/historicData/2026/01/predictions_2026-01-13.parquet
geojson: /Users/wonjunchoi/PycharmProjects/realtime-buncombe/predictions/historicData/2026/01/map_2026-01-13.geojson
meta: /Users/wonjunchoi/PycharmProjects/realtime-buncombe/predictions/historicData/2026/01/meta_2026-01-13.json
latest: /Users/wonjunchoi/PycharmProjects/realtime-buncombe/predictions/latest.geojson, /Users/wonjunchoi/PycharmProjects/realtime-buncombe/predictions/latest.json
manifest: /Users/wonjunchoi/PycharmProjects/realtime-buncombe/predictions/index.json
2026-01-14 02:11:47,564 | INFO | Committing and pushing changes
2026-01-14 02:11:48,437 | INFO | [main 50b3051] Auto-update: rainfall & predictions @ 2026-01-14 02:11:47
 7 files changed, 136 insertions(+), 7 deletions(-)
 create mode 100644 predictions/historicData/2026/01/map_2026-01-13.geojson
 create mode 100644 predictions/historicData/2026/01/meta_2026-01-13.json
 create mode 100644 predictions/historicData/2026/01/predictions_2026-01-13.parquet
2026-01-14 02:11:53,085 | INFO | Locking support detected on remote "origin". Consider enabling it with:
  $ git config lfs.https://github.com-buncombe/WonjunChoi1004/realtime-buncombe.git/info/lfs.locksverify true
Uploading LFS objects: 100% (1/1), 104 KB | 0 B/s, done.
To github.com-buncombe:WonjunChoi1004/realtime-buncombe.git
   6fd50f4..50b3051  main -> main
2026-01-14 02:11:53,086 | INFO | Push succeeded.
▶️ Running daily auto-update job...
✅ Already ran today, skipping.
✅ Already ran today, skipping.
✅ Already ran today, skipping.
✅ Already ran today, skipping.
✅ Already ran today, skipping.
✅ Already ran today, skipping.
2026-01-15 05:00:01,277 | INFO | Internet connection detected. Proceeding with update.
2026-01-15 05:00:01,277 | INFO | Running download_prism_daily.py
2026-01-15 05:00:18,634 | INFO | /Users/wonjunchoi/PycharmProjects/realtime-buncombe/venv/lib/python3.9/site-packages/urllib3/__init__.py:35: NotOpenSSLWarning: urllib3 v2 only supports OpenSSL 1.1.1+, currently the 'ssl' module is compiled with 'LibreSSL 2.8.3'. See: https://github.com/urllib3/urllib3/issues/3020
  warnings.warn(
[SKIP] 2026-01-14 not found online.
[GET ] 2026-01-13 → https://data.prism.oregonstate.edu/time_series/us/an/800m/ppt/daily/2026/prism_ppt_us_30s_20260113.zip
[DONE] Updated ZIP for 2026-01-13
[MISS] 2026-01-13 missing expanded .tif — extracting now.
[UNZIP] Extracted → /Users/wonjunchoi/PycharmProjects/realtime-buncombe/data/rain/prism_ppt_us_30s_20260113
[CLEAN] 2026-01-13 removed ZIP after extraction.
[OK  ] 2026-01-12 metadata matches remote
[OK  ] 2026-01-12 expanded data present (prism_ppt_us_30s_20260112.tif)
[OK  ] 2026-01-11 metadata matches remote
[OK  ] 2026-01-11 expanded data present (prism_ppt_us_30s_20260111.tif)
[OK  ] 2026-01-10 metadata matches remote
[OK  ] 2026-01-10 expanded data present (prism_ppt_us_30s_20260110.tif)
[CLEAN] 2026-01-09 removed old expanded folder → prism_ppt_us_30s_20260109
[GET ] 2026-01-09 → https://data.prism.oregonstate.edu/time_series/us/an/800m/ppt/daily/2026/prism_ppt_us_30s_20260109.zip
[DONE] Updated ZIP for 2026-01-09
[MISS] 2026-01-09 missing expanded .tif — extracting now.
[UNZIP] Extracted → /Users/wonjunchoi/PycharmProjects/realtime-buncombe/data/rain/prism_ppt_us_30s_20260109
[CLEAN] 2026-01-09 removed ZIP after extraction.
[OK  ] 2026-01-08 metadata matches remote
[OK  ] 2026-01-08 expanded data present (prism_ppt_us_30s_20260108.tif)
[OK  ] 2026-01-07 metadata matches remote
[OK  ] 2026-01-07 expanded data present (prism_ppt_us_30s_20260107.tif)
[OK  ] 2026-01-06 metadata matches remote
[OK  ] 2026-01-06 expanded data present (prism_ppt_us_30s_20260106.tif)
[OK  ] 2026-01-05 metadata matches remote
[OK  ] 2026-01-05 expanded data present (prism_ppt_us_30s_20260105.tif)
[OK  ] 2026-01-04 metadata matches remote
[OK  ] 2026-01-04 expanded data present (prism_ppt_us_30s_20260104.tif)
[OK  ] 2026-01-03 metadata matches remote
[OK  ] 2026-01-03 expanded data present (prism_ppt_us_30s_20260103.tif)
[OK  ] 2026-01-02 metadata matches remote
[OK  ] 2026-01-02 expanded data present (prism_ppt_us_30s_20260102.tif)
[OK  ] 2026-01-01 metadata matches remote
[OK  ] 2026-01-01 expanded data present (prism_ppt_us_30s_20260101.tif)
[OK  ] 2025-12-31 metadata matches remote
[OK  ] 2025-12-31 expanded data present (prism_ppt_us_30s_20251231.tif)
[OK  ] 2025-12-30 metadata matches remote
[OK  ] 2025-12-30 expanded data present (prism_ppt_us_30s_20251230.tif)
[OK  ] 2025-12-29 metadata matches remote
[OK  ] 2025-12-29 expanded data present (prism_ppt_us_30s_20251229.tif)
[OK  ] 2025-12-28 metadata matches remote
[OK  ] 2025-12-28 expanded data present (prism_ppt_us_30s_20251228.tif)
[OK  ] 2025-12-27 metadata matches remote
[OK  ] 2025-12-27 expanded data present (prism_ppt_us_30s_20251227.tif)
[OK  ] 2025-12-26 metadata matches remote
[OK  ] 2025-12-26 expanded data present (prism_ppt_us_30s_20251226.tif)
[OK  ] 2025-12-25 metadata matches remote
[OK  ] 2025-12-25 expanded data present (prism_ppt_us_30s_20251225.tif)
[OK  ] 2025-12-24 metadata matches remote
[OK  ] 2025-12-24 expanded data present (prism_ppt_us_30s_20251224.tif)
[OK  ] 2025-12-23 metadata matches remote
[OK  ] 2025-12-23 expanded data present (prism_ppt_us_30s_20251223.tif)
[OK  ] 2025-12-22 metadata matches remote
[OK  ] 2025-12-22 expanded data present (prism_ppt_us_30s_20251222.tif)
[OK  ] 2025-12-21 metadata matches remote
[OK  ] 2025-12-21 expanded data present (prism_ppt_us_30s_20251221.tif)
[OK  ] 2025-12-20 metadata matches remote
[OK  ] 2025-12-20 expanded data present (prism_ppt_us_30s_20251220.tif)
[OK  ] 2025-12-19 metadata matches remote
[OK  ] 2025-12-19 expanded data present (prism_ppt_us_30s_20251219.tif)
[OK  ] 2025-12-18 metadata matches remote
[OK  ] 2025-12-18 expanded data present (prism_ppt_us_30s_20251218.tif)
[OK  ] 2025-12-17 metadata matches remote
[OK  ] 2025-12-17 expanded data present (prism_ppt_us_30s_20251217.tif)
[OK  ] 2025-12-16 metadata matches remote
[OK  ] 2025-12-16 expanded data present (prism_ppt_us_30s_20251216.tif)
[INFO] Pruning files outside the past window...
[PRUNE] Removed old file → prism_ppt_us_30s_20251215.meta.json
[PRUNE] Removed old folder → prism_ppt_us_30s_20251215
2026-01-15 05:00:18,636 | INFO | Running predict_daily_triple.py
2026-01-15 05:23:42,286 | INFO | Rainfall window: 2025-12-15 → 2026-01-13 (29 files, 1 missing → zero-filled).
Sampling rainfall at 2,452 PRISM grid cells…
Sampling static attributes at grid centers…
Running models…
/Users/wonjunchoi/PycharmProjects/realtime-buncombe/venv/lib/python3.9/site-packages/sklearn/utils/validation.py:2732: UserWarning: X has feature names, but RandomForestClassifier was fitted without feature names
  warnings.warn(
ok: wrote 2,452 rows for 2026-01-14 (rainfall through 2026-01-13)
parquet: /Users/wonjunchoi/PycharmProjects/realtime-buncombe/predictions/historicData/2026/01/predictions_2026-01-14.parquet
geojson: /Users/wonjunchoi/PycharmProjects/realtime-buncombe/predictions/historicData/2026/01/map_2026-01-14.geojson
meta: /Users/wonjunchoi/PycharmProjects/realtime-buncombe/predictions/historicData/2026/01/meta_2026-01-14.json
latest: /Users/wonjunchoi/PycharmProjects/realtime-buncombe/predictions/latest.geojson, /Users/wonjunchoi/PycharmProjects/realtime-buncombe/predictions/latest.json
manifest: /Users/wonjunchoi/PycharmProjects/realtime-buncombe/predictions/index.json
2026-01-15 05:23:42,288 | INFO | Committing and pushing changes
2026-01-15 05:23:42,994 | INFO | [main 807be6d] Auto-update: rainfall & predictions @ 2026-01-15 05:23:42
 7 files changed, 138 insertions(+), 7 deletions(-)
 create mode 100644 predictions/historicData/2026/01/map_2026-01-14.geojson
 create mode 100644 predictions/historicData/2026/01/meta_2026-01-14.json
 create mode 100644 predictions/historicData/2026/01/predictions_2026-01-14.parquet
2026-01-15 05:23:47,732 | INFO | Locking support detected on remote "origin". Consider enabling it with:
  $ git config lfs.https://github.com-buncombe/WonjunChoi1004/realtime-buncombe.git/info/lfs.locksverify true
Uploading LFS objects: 100% (1/1), 100 KB | 0 B/s, done.
To github.com-buncombe:WonjunChoi1004/realtime-buncombe.git
   50b3051..807be6d  main -> main
2026-01-15 05:23:47,732 | INFO | Push succeeded.
▶️ Running daily auto-update job...
✅ Already ran today, skipping.
✅ Already ran today, skipping.
✅ Already ran today, skipping.
✅ Already ran today, skipping.
✅ Already ran today, skipping.
2026-01-16 05:01:15,331 | INFO | Internet connection detected. Proceeding with update.
2026-01-16 05:01:15,341 | INFO | Running download_prism_daily.py
2026-01-16 05:04:14,625 | INFO | /Users/wonjunchoi/PycharmProjects/realtime-buncombe/venv/lib/python3.9/site-packages/urllib3/__init__.py:35: NotOpenSSLWarning: urllib3 v2 only supports OpenSSL 1.1.1+, currently the 'ssl' module is compiled with 'LibreSSL 2.8.3'. See: https://github.com/urllib3/urllib3/issues/3020
  warnings.warn(
[SKIP] 2026-01-15 not found online.
[GET ] 2026-01-14 → https://data.prism.oregonstate.edu/time_series/us/an/800m/ppt/daily/2026/prism_ppt_us_30s_20260114.zip
[DONE] Updated ZIP for 2026-01-14
[MISS] 2026-01-14 missing expanded .tif — extracting now.
[UNZIP] Extracted → /Users/wonjunchoi/PycharmProjects/realtime-buncombe/data/rain/prism_ppt_us_30s_20260114
[CLEAN] 2026-01-14 removed ZIP after extraction.
[OK  ] 2026-01-13 metadata matches remote
[OK  ] 2026-01-13 expanded data present (prism_ppt_us_30s_20260113.tif)
[OK  ] 2026-01-12 metadata matches remote
[OK  ] 2026-01-12 expanded data present (prism_ppt_us_30s_20260112.tif)
[OK  ] 2026-01-11 metadata matches remote
[OK  ] 2026-01-11 expanded data present (prism_ppt_us_30s_20260111.tif)
[CLEAN] 2026-01-10 removed old expanded folder → prism_ppt_us_30s_20260110
[GET ] 2026-01-10 → https://data.prism.oregonstate.edu/time_series/us/an/800m/ppt/daily/2026/prism_ppt_us_30s_20260110.zip
[DONE] Updated ZIP for 2026-01-10
[MISS] 2026-01-10 missing expanded .tif — extracting now.
[UNZIP] Extracted → /Users/wonjunchoi/PycharmProjects/realtime-buncombe/data/rain/prism_ppt_us_30s_20260110
[CLEAN] 2026-01-10 removed ZIP after extraction.
[OK  ] 2026-01-09 metadata matches remote
[OK  ] 2026-01-09 expanded data present (prism_ppt_us_30s_20260109.tif)
[OK  ] 2026-01-08 metadata matches remote
[OK  ] 2026-01-08 expanded data present (prism_ppt_us_30s_20260108.tif)
[OK  ] 2026-01-07 metadata matches remote
[OK  ] 2026-01-07 expanded data present (prism_ppt_us_30s_20260107.tif)
[OK  ] 2026-01-06 metadata matches remote
[OK  ] 2026-01-06 expanded data present (prism_ppt_us_30s_20260106.tif)
[OK  ] 2026-01-05 metadata matches remote
[OK  ] 2026-01-05 expanded data present (prism_ppt_us_30s_20260105.tif)
[OK  ] 2026-01-04 metadata matches remote
[OK  ] 2026-01-04 expanded data present (prism_ppt_us_30s_20260104.tif)
[OK  ] 2026-01-03 metadata matches remote
[OK  ] 2026-01-03 expanded data present (prism_ppt_us_30s_20260103.tif)
[OK  ] 2026-01-02 metadata matches remote
[OK  ] 2026-01-02 expanded data present (prism_ppt_us_30s_20260102.tif)
[OK  ] 2026-01-01 metadata matches remote
[OK  ] 2026-01-01 expanded data present (prism_ppt_us_30s_20260101.tif)
[OK  ] 2025-12-31 metadata matches remote
[OK  ] 2025-12-31 expanded data present (prism_ppt_us_30s_20251231.tif)
[OK  ] 2025-12-30 metadata matches remote
[OK  ] 2025-12-30 expanded data present (prism_ppt_us_30s_20251230.tif)
[OK  ] 2025-12-29 metadata matches remote
[OK  ] 2025-12-29 expanded data present (prism_ppt_us_30s_20251229.tif)
[OK  ] 2025-12-28 metadata matches remote
[OK  ] 2025-12-28 expanded data present (prism_ppt_us_30s_20251228.tif)
[OK  ] 2025-12-27 metadata matches remote
[OK  ] 2025-12-27 expanded data present (prism_ppt_us_30s_20251227.tif)
[OK  ] 2025-12-26 metadata matches remote
[OK  ] 2025-12-26 expanded data present (prism_ppt_us_30s_20251226.tif)
[OK  ] 2025-12-25 metadata matches remote
[OK  ] 2025-12-25 expanded data present (prism_ppt_us_30s_20251225.tif)
[OK  ] 2025-12-24 metadata matches remote
[OK  ] 2025-12-24 expanded data present (prism_ppt_us_30s_20251224.tif)
[OK  ] 2025-12-23 metadata matches remote
[OK  ] 2025-12-23 expanded data present (prism_ppt_us_30s_20251223.tif)
[OK  ] 2025-12-22 metadata matches remote
[OK  ] 2025-12-22 expanded data present (prism_ppt_us_30s_20251222.tif)
[OK  ] 2025-12-21 metadata matches remote
[OK  ] 2025-12-21 expanded data present (prism_ppt_us_30s_20251221.tif)
[OK  ] 2025-12-20 metadata matches remote
[OK  ] 2025-12-20 expanded data present (prism_ppt_us_30s_20251220.tif)
[OK  ] 2025-12-19 metadata matches remote
[OK  ] 2025-12-19 expanded data present (prism_ppt_us_30s_20251219.tif)
[OK  ] 2025-12-18 metadata matches remote
[OK  ] 2025-12-18 expanded data present (prism_ppt_us_30s_20251218.tif)
[OK  ] 2025-12-17 metadata matches remote
[OK  ] 2025-12-17 expanded data present (prism_ppt_us_30s_20251217.tif)
[INFO] Pruning files outside the past window...
[PRUNE] Removed old folder → prism_ppt_us_30s_20251216
[PRUNE] Removed old file → prism_ppt_us_30s_20251216.meta.json
2026-01-16 05:04:14,625 | INFO | Running predict_daily_triple.py
2026-01-16 06:29:40,315 | INFO | Rainfall window: 2025-12-16 → 2026-01-14 (29 files, 1 missing → zero-filled).
Sampling rainfall at 2,452 PRISM grid cells…
Sampling static attributes at grid centers…
Running models…
/Users/wonjunchoi/PycharmProjects/realtime-buncombe/venv/lib/python3.9/site-packages/sklearn/utils/validation.py:2732: UserWarning: X has feature names, but RandomForestClassifier was fitted without feature names
  warnings.warn(
python(18710) MallocStackLogging: can't turn off malloc stack logging because it was not enabled.
ok: wrote 2,452 rows for 2026-01-15 (rainfall through 2026-01-14)
parquet: /Users/wonjunchoi/PycharmProjects/realtime-buncombe/predictions/historicData/2026/01/predictions_2026-01-15.parquet
geojson: /Users/wonjunchoi/PycharmProjects/realtime-buncombe/predictions/historicData/2026/01/map_2026-01-15.geojson
meta: /Users/wonjunchoi/PycharmProjects/realtime-buncombe/predictions/historicData/2026/01/meta_2026-01-15.json
latest: /Users/wonjunchoi/PycharmProjects/realtime-buncombe/predictions/latest.geojson, /Users/wonjunchoi/PycharmProjects/realtime-buncombe/predictions/latest.json
manifest: /Users/wonjunchoi/PycharmProjects/realtime-buncombe/predictions/index.json
2026-01-16 06:29:40,318 | INFO | Committing and pushing changes
2026-01-16 06:29:41,018 | INFO | [main 1818993] Auto-update: rainfall & predictions @ 2026-01-16 06:29:40
 7 files changed, 138 insertions(+), 7 deletions(-)
 create mode 100644 predictions/historicData/2026/01/map_2026-01-15.geojson
 create mode 100644 predictions/historicData/2026/01/meta_2026-01-15.json
 create mode 100644 predictions/historicData/2026/01/predictions_2026-01-15.parquet
2026-01-16 06:32:27,078 | INFO | Locking support detected on remote "origin". Consider enabling it with:
  $ git config lfs.https://github.com-buncombe/WonjunChoi1004/realtime-buncombe.git/info/lfs.locksverify true
Uploading LFS objects: 100% (1/1), 83 KB | 0 B/s, done.
To github.com-buncombe:WonjunChoi1004/realtime-buncombe.git
   807be6d..1818993  main -> main
2026-01-16 06:32:27,079 | INFO | Push succeeded.
▶️ Running daily auto-update job...
✅ Already ran today, skipping.
✅ Already ran today, skipping.
✅ Already ran today, skipping.
✅ Already ran today, skipping.
✅ Already ran today, skipping.
✅ Already ran today, skipping.
✅ Already ran today, skipping.
2026-01-17 16:50:06,033 | WARNING | No internet connection — delaying run. Retrying in 15 minutes...
2026-01-19 01:17:55,035 | INFO | Internet connection detected. Proceeding with update.
2026-01-19 01:17:55,116 | INFO | Running download_prism_daily.py
2026-01-19 01:19:38,857 | INFO | /Users/wonjunchoi/PycharmProjects/realtime-buncombe/venv/lib/python3.9/site-packages/urllib3/__init__.py:35: NotOpenSSLWarning: urllib3 v2 only supports OpenSSL 1.1.1+, currently the 'ssl' module is compiled with 'LibreSSL 2.8.3'. See: https://github.com/urllib3/urllib3/issues/3020
  warnings.warn(
[SKIP] 2026-01-18 not found online.
[GET ] 2026-01-17 → https://data.prism.oregonstate.edu/time_series/us/an/800m/ppt/daily/2026/prism_ppt_us_30s_20260117.zip
[DONE] Updated ZIP for 2026-01-17
[MISS] 2026-01-17 missing expanded .tif — extracting now.
[UNZIP] Extracted → /Users/wonjunchoi/PycharmProjects/realtime-buncombe/data/rain/prism_ppt_us_30s_20260117
[CLEAN] 2026-01-17 removed ZIP after extraction.
[GET ] 2026-01-16 → https://data.prism.oregonstate.edu/time_series/us/an/800m/ppt/daily/2026/prism_ppt_us_30s_20260116.zip
[DONE] Updated ZIP for 2026-01-16
[MISS] 2026-01-16 missing expanded .tif — extracting now.
[UNZIP] Extracted → /Users/wonjunchoi/PycharmProjects/realtime-buncombe/data/rain/prism_ppt_us_30s_20260116
[CLEAN] 2026-01-16 removed ZIP after extraction.
[GET ] 2026-01-15 → https://data.prism.oregonstate.edu/time_series/us/an/800m/ppt/daily/2026/prism_ppt_us_30s_20260115.zip
[DONE] Updated ZIP for 2026-01-15
[MISS] 2026-01-15 missing expanded .tif — extracting now.
[UNZIP] Extracted → /Users/wonjunchoi/PycharmProjects/realtime-buncombe/data/rain/prism_ppt_us_30s_20260115
[CLEAN] 2026-01-15 removed ZIP after extraction.
[OK  ] 2026-01-14 metadata matches remote
[OK  ] 2026-01-14 expanded data present (prism_ppt_us_30s_20260114.tif)
[CLEAN] 2026-01-13 removed old expanded folder → prism_ppt_us_30s_20260113
[GET ] 2026-01-13 → https://data.prism.oregonstate.edu/time_series/us/an/800m/ppt/daily/2026/prism_ppt_us_30s_20260113.zip
[DONE] Updated ZIP for 2026-01-13
[MISS] 2026-01-13 missing expanded .tif — extracting now.
[UNZIP] Extracted → /Users/wonjunchoi/PycharmProjects/realtime-buncombe/data/rain/prism_ppt_us_30s_20260113
[CLEAN] 2026-01-13 removed ZIP after extraction.
[CLEAN] 2026-01-12 removed old expanded folder → prism_ppt_us_30s_20260112
[GET ] 2026-01-12 → https://data.prism.oregonstate.edu/time_series/us/an/800m/ppt/daily/2026/prism_ppt_us_30s_20260112.zip
[DONE] Updated ZIP for 2026-01-12
[MISS] 2026-01-12 missing expanded .tif — extracting now.
[UNZIP] Extracted → /Users/wonjunchoi/PycharmProjects/realtime-buncombe/data/rain/prism_ppt_us_30s_20260112
[CLEAN] 2026-01-12 removed ZIP after extraction.
[CLEAN] 2026-01-11 removed old expanded folder → prism_ppt_us_30s_20260111
[GET ] 2026-01-11 → https://data.prism.oregonstate.edu/time_series/us/an/800m/ppt/daily/2026/prism_ppt_us_30s_20260111.zip
[DONE] Updated ZIP for 2026-01-11
[MISS] 2026-01-11 missing expanded .tif — extracting now.
[UNZIP] Extracted → /Users/wonjunchoi/PycharmProjects/realtime-buncombe/data/rain/prism_ppt_us_30s_20260111
[CLEAN] 2026-01-11 removed ZIP after extraction.
[OK  ] 2026-01-10 metadata matches remote
[OK  ] 2026-01-10 expanded data present (prism_ppt_us_30s_20260110.tif)
[OK  ] 2026-01-09 metadata matches remote
[OK  ] 2026-01-09 expanded data present (prism_ppt_us_30s_20260109.tif)
[OK  ] 2026-01-08 metadata matches remote
[OK  ] 2026-01-08 expanded data present (prism_ppt_us_30s_20260108.tif)
[OK  ] 2026-01-07 metadata matches remote
[OK  ] 2026-01-07 expanded data present (prism_ppt_us_30s_20260107.tif)
[OK  ] 2026-01-06 metadata matches remote
[OK  ] 2026-01-06 expanded data present (prism_ppt_us_30s_20260106.tif)
[OK  ] 2026-01-05 metadata matches remote
[OK  ] 2026-01-05 expanded data present (prism_ppt_us_30s_20260105.tif)
[OK  ] 2026-01-04 metadata matches remote
[OK  ] 2026-01-04 expanded data present (prism_ppt_us_30s_20260104.tif)
[OK  ] 2026-01-03 metadata matches remote
[OK  ] 2026-01-03 expanded data present (prism_ppt_us_30s_20260103.tif)
[OK  ] 2026-01-02 metadata matches remote
[OK  ] 2026-01-02 expanded data present (prism_ppt_us_30s_20260102.tif)
[OK  ] 2026-01-01 metadata matches remote
[OK  ] 2026-01-01 expanded data present (prism_ppt_us_30s_20260101.tif)
[CLEAN] 2025-12-31 removed old expanded folder → prism_ppt_us_30s_20251231
[GET ] 2025-12-31 → https://data.prism.oregonstate.edu/time_series/us/an/800m/ppt/daily/2025/prism_ppt_us_30s_20251231.zip
[DONE] Updated ZIP for 2025-12-31
[MISS] 2025-12-31 missing expanded .tif — extracting now.
[UNZIP] Extracted → /Users/wonjunchoi/PycharmProjects/realtime-buncombe/data/rain/prism_ppt_us_30s_20251231
[CLEAN] 2025-12-31 removed ZIP after extraction.
[CLEAN] 2025-12-30 removed old expanded folder → prism_ppt_us_30s_20251230
[GET ] 2025-12-30 → https://data.prism.oregonstate.edu/time_series/us/an/800m/ppt/daily/2025/prism_ppt_us_30s_20251230.zip
[DONE] Updated ZIP for 2025-12-30
[MISS] 2025-12-30 missing expanded .tif — extracting now.
[UNZIP] Extracted → /Users/wonjunchoi/PycharmProjects/realtime-buncombe/data/rain/prism_ppt_us_30s_20251230
[CLEAN] 2025-12-30 removed ZIP after extraction.
[CLEAN] 2025-12-29 removed old expanded folder → prism_ppt_us_30s_20251229
[GET ] 2025-12-29 → https://data.prism.oregonstate.edu/time_series/us/an/800m/ppt/daily/2025/prism_ppt_us_30s_20251229.zip
[DONE] Updated ZIP for 2025-12-29
[MISS] 2025-12-29 missing expanded .tif — extracting now.
[UNZIP] Extracted → /Users/wonjunchoi/PycharmProjects/realtime-buncombe/data/rain/prism_ppt_us_30s_20251229
[CLEAN] 2025-12-29 removed ZIP after extraction.
[CLEAN] 2025-12-28 removed old expanded folder → prism_ppt_us_30s_20251228
[GET ] 2025-12-28 → https://data.prism.oregonstate.edu/time_series/us/an/800m/ppt/daily/2025/prism_ppt_us_30s_20251228.zip
[DONE] Updated ZIP for 2025-12-28
[MISS] 2025-12-28 missing expanded .tif — extracting now.
[UNZIP] Extracted → /Users/wonjunchoi/PycharmProjects/realtime-buncombe/data/rain/prism_ppt_us_30s_20251228
[CLEAN] 2025-12-28 removed ZIP after extraction.
[CLEAN] 2025-12-27 removed old expanded folder → prism_ppt_us_30s_20251227
[GET ] 2025-12-27 → https://data.prism.oregonstate.edu/time_series/us/an/800m/ppt/daily/2025/prism_ppt_us_30s_20251227.zip
[DONE] Updated ZIP for 2025-12-27
[MISS] 2025-12-27 missing expanded .tif — extracting now.
[UNZIP] Extracted → /Users/wonjunchoi/PycharmProjects/realtime-buncombe/data/rain/prism_ppt_us_30s_20251227
[CLEAN] 2025-12-27 removed ZIP after extraction.
[CLEAN] 2025-12-26 removed old expanded folder → prism_ppt_us_30s_20251226
[GET ] 2025-12-26 → https://data.prism.oregonstate.edu/time_series/us/an/800m/ppt/daily/2025/prism_ppt_us_30s_20251226.zip
[DONE] Updated ZIP for 2025-12-26
[MISS] 2025-12-26 missing expanded .tif — extracting now.
[UNZIP] Extracted → /Users/wonjunchoi/PycharmProjects/realtime-buncombe/data/rain/prism_ppt_us_30s_20251226
[CLEAN] 2025-12-26 removed ZIP after extraction.
[CLEAN] 2025-12-25 removed old expanded folder → prism_ppt_us_30s_20251225
[GET ] 2025-12-25 → https://data.prism.oregonstate.edu/time_series/us/an/800m/ppt/daily/2025/prism_ppt_us_30s_20251225.zip
[DONE] Updated ZIP for 2025-12-25
[MISS] 2025-12-25 missing expanded .tif — extracting now.
[UNZIP] Extracted → /Users/wonjunchoi/PycharmProjects/realtime-buncombe/data/rain/prism_ppt_us_30s_20251225
[CLEAN] 2025-12-25 removed ZIP after extraction.
[CLEAN] 2025-12-24 removed old expanded folder → prism_ppt_us_30s_20251224
[GET ] 2025-12-24 → https://data.prism.oregonstate.edu/time_series/us/an/800m/ppt/daily/2025/prism_ppt_us_30s_20251224.zip
[DONE] Updated ZIP for 2025-12-24
[MISS] 2025-12-24 missing expanded .tif — extracting now.
[UNZIP] Extracted → /Users/wonjunchoi/PycharmProjects/realtime-buncombe/data/rain/prism_ppt_us_30s_20251224
[CLEAN] 2025-12-24 removed ZIP after extraction.
[CLEAN] 2025-12-23 removed old expanded folder → prism_ppt_us_30s_20251223
[GET ] 2025-12-23 → https://data.prism.oregonstate.edu/time_series/us/an/800m/ppt/daily/2025/prism_ppt_us_30s_20251223.zip
[DONE] Updated ZIP for 2025-12-23
[MISS] 2025-12-23 missing expanded .tif — extracting now.
[UNZIP] Extracted → /Users/wonjunchoi/PycharmProjects/realtime-buncombe/data/rain/prism_ppt_us_30s_20251223
[CLEAN] 2025-12-23 removed ZIP after extraction.
[CLEAN] 2025-12-22 removed old expanded folder → prism_ppt_us_30s_20251222
[GET ] 2025-12-22 → https://data.prism.oregonstate.edu/time_series/us/an/800m/ppt/daily/2025/prism_ppt_us_30s_20251222.zip
[DONE] Updated ZIP for 2025-12-22
[MISS] 2025-12-22 missing expanded .tif — extracting now.
[UNZIP] Extracted → /Users/wonjunchoi/PycharmProjects/realtime-buncombe/data/rain/prism_ppt_us_30s_20251222
[CLEAN] 2025-12-22 removed ZIP after extraction.
[CLEAN] 2025-12-21 removed old expanded folder → prism_ppt_us_30s_20251221
[GET ] 2025-12-21 → https://data.prism.oregonstate.edu/time_series/us/an/800m/ppt/daily/2025/prism_ppt_us_30s_20251221.zip
[DONE] Updated ZIP for 2025-12-21
[MISS] 2025-12-21 missing expanded .tif — extracting now.
[UNZIP] Extracted → /Users/wonjunchoi/PycharmProjects/realtime-buncombe/data/rain/prism_ppt_us_30s_20251221
[CLEAN] 2025-12-21 removed ZIP after extraction.
[CLEAN] 2025-12-20 removed old expanded folder → prism_ppt_us_30s_20251220
[GET ] 2025-12-20 → https://data.prism.oregonstate.edu/time_series/us/an/800m/ppt/daily/2025/prism_ppt_us_30s_20251220.zip
[DONE] Updated ZIP for 2025-12-20
[MISS] 2025-12-20 missing expanded .tif — extracting now.
[UNZIP] Extracted → /Users/wonjunchoi/PycharmProjects/realtime-buncombe/data/rain/prism_ppt_us_30s_20251220
[CLEAN] 2025-12-20 removed ZIP after extraction.
[INFO] Pruning files outside the past window...
[PRUNE] Removed old folder → prism_ppt_us_30s_20251218
[PRUNE] Removed old file → prism_ppt_us_30s_20251219.meta.json
[PRUNE] Removed old folder → prism_ppt_us_30s_20251219
[PRUNE] Removed old folder → prism_ppt_us_30s_20251217
[PRUNE] Removed old file → prism_ppt_us_30s_20251218.meta.json
[PRUNE] Removed old file → prism_ppt_us_30s_20251217.meta.json
2026-01-19 01:19:38,858 | INFO | Running predict_daily_triple.py
2026-01-19 01:42:48,764 | INFO | Rainfall window: 2025-12-19 → 2026-01-17 (29 files, 1 missing → zero-filled).
Sampling rainfall at 2,452 PRISM grid cells…
Sampling static attributes at grid centers…
Running models…
/Users/wonjunchoi/PycharmProjects/realtime-buncombe/venv/lib/python3.9/site-packages/sklearn/utils/validation.py:2732: UserWarning: X has feature names, but RandomForestClassifier was fitted without feature names
  warnings.warn(
ok: wrote 2,452 rows for 2026-01-18 (rainfall through 2026-01-17)
parquet: /Users/wonjunchoi/PycharmProjects/realtime-buncombe/predictions/historicData/2026/01/predictions_2026-01-18.parquet
geojson: /Users/wonjunchoi/PycharmProjects/realtime-buncombe/predictions/historicData/2026/01/map_2026-01-18.geojson
meta: /Users/wonjunchoi/PycharmProjects/realtime-buncombe/predictions/historicData/2026/01/meta_2026-01-18.json
latest: /Users/wonjunchoi/PycharmProjects/realtime-buncombe/predictions/latest.geojson, /Users/wonjunchoi/PycharmProjects/realtime-buncombe/predictions/latest.json
manifest: /Users/wonjunchoi/PycharmProjects/realtime-buncombe/predictions/index.json
2026-01-19 01:42:48,768 | INFO | Committing and pushing changes
2026-01-19 01:42:49,444 | INFO | [main 68a4cae] Auto-update: rainfall & predictions @ 2026-01-19 01:42:48
 7 files changed, 206 insertions(+), 7 deletions(-)
 create mode 100644 predictions/historicData/2026/01/map_2026-01-18.geojson
 create mode 100644 predictions/historicData/2026/01/meta_2026-01-18.json
 create mode 100644 predictions/historicData/2026/01/predictions_2026-01-18.parquet
2026-01-19 01:42:54,089 | INFO | Locking support detected on remote "origin". Consider enabling it with:
  $ git config lfs.https://github.com-buncombe/WonjunChoi1004/realtime-buncombe.git/info/lfs.locksverify true
Uploading LFS objects: 100% (1/1), 98 KB | 0 B/s, done.
To github.com-buncombe:WonjunChoi1004/realtime-buncombe.git
   1818993..68a4cae  main -> main
2026-01-19 01:42:54,090 | INFO | Push succeeded.
▶️ Running daily auto-update job...
✅ Already ran today, skipping.
✅ Already ran today, skipping.
✅ Already ran today, skipping.
✅ Already ran today, skipping.
2026-01-20 08:27:18,322 | WARNING | No internet connection — delaying run. Retrying in 15 minutes...
2026-01-20 08:45:13,035 | INFO | Internet connection detected. Proceeding with update.
2026-01-20 08:45:13,038 | INFO | Running download_prism_daily.py
2026-01-20 08:45:34,466 | INFO | /Users/wonjunchoi/PycharmProjects/realtime-buncombe/venv/lib/python3.9/site-packages/urllib3/__init__.py:35: NotOpenSSLWarning: urllib3 v2 only supports OpenSSL 1.1.1+, currently the 'ssl' module is compiled with 'LibreSSL 2.8.3'. See: https://github.com/urllib3/urllib3/issues/3020
  warnings.warn(
[GET ] 2026-01-19 → https://data.prism.oregonstate.edu/time_series/us/an/800m/ppt/daily/2026/prism_ppt_us_30s_20260119.zip
[DONE] Updated ZIP for 2026-01-19
[MISS] 2026-01-19 missing expanded .tif — extracting now.
[UNZIP] Extracted → /Users/wonjunchoi/PycharmProjects/realtime-buncombe/data/rain/prism_ppt_us_30s_20260119
[CLEAN] 2026-01-19 removed ZIP after extraction.
[GET ] 2026-01-18 → https://data.prism.oregonstate.edu/time_series/us/an/800m/ppt/daily/2026/prism_ppt_us_30s_20260118.zip
[DONE] Updated ZIP for 2026-01-18
[MISS] 2026-01-18 missing expanded .tif — extracting now.
[UNZIP] Extracted → /Users/wonjunchoi/PycharmProjects/realtime-buncombe/data/rain/prism_ppt_us_30s_20260118
[CLEAN] 2026-01-18 removed ZIP after extraction.
[OK  ] 2026-01-17 metadata matches remote
[OK  ] 2026-01-17 expanded data present (prism_ppt_us_30s_20260117.tif)
[OK  ] 2026-01-16 metadata matches remote
[OK  ] 2026-01-16 expanded data present (prism_ppt_us_30s_20260116.tif)
[CLEAN] 2026-01-15 removed old expanded folder → prism_ppt_us_30s_20260115
[GET ] 2026-01-15 → https://data.prism.oregonstate.edu/time_series/us/an/800m/ppt/daily/2026/prism_ppt_us_30s_20260115.zip
[DONE] Updated ZIP for 2026-01-15
[MISS] 2026-01-15 missing expanded .tif — extracting now.
[UNZIP] Extracted → /Users/wonjunchoi/PycharmProjects/realtime-buncombe/data/rain/prism_ppt_us_30s_20260115
[CLEAN] 2026-01-15 removed ZIP after extraction.
[CLEAN] 2026-01-14 removed old expanded folder → prism_ppt_us_30s_20260114
[GET ] 2026-01-14 → https://data.prism.oregonstate.edu/time_series/us/an/800m/ppt/daily/2026/prism_ppt_us_30s_20260114.zip
[DONE] Updated ZIP for 2026-01-14
[MISS] 2026-01-14 missing expanded .tif — extracting now.
[UNZIP] Extracted → /Users/wonjunchoi/PycharmProjects/realtime-buncombe/data/rain/prism_ppt_us_30s_20260114
[CLEAN] 2026-01-14 removed ZIP after extraction.
[OK  ] 2026-01-13 metadata matches remote
[OK  ] 2026-01-13 expanded data present (prism_ppt_us_30s_20260113.tif)
[OK  ] 2026-01-12 metadata matches remote
[OK  ] 2026-01-12 expanded data present (prism_ppt_us_30s_20260112.tif)
[OK  ] 2026-01-11 metadata matches remote
[OK  ] 2026-01-11 expanded data present (prism_ppt_us_30s_20260111.tif)
[OK  ] 2026-01-10 metadata matches remote
[OK  ] 2026-01-10 expanded data present (prism_ppt_us_30s_20260110.tif)
[OK  ] 2026-01-09 metadata matches remote
[OK  ] 2026-01-09 expanded data present (prism_ppt_us_30s_20260109.tif)
[OK  ] 2026-01-08 metadata matches remote
[OK  ] 2026-01-08 expanded data present (prism_ppt_us_30s_20260108.tif)
[OK  ] 2026-01-07 metadata matches remote
[OK  ] 2026-01-07 expanded data present (prism_ppt_us_30s_20260107.tif)
[OK  ] 2026-01-06 metadata matches remote
[OK  ] 2026-01-06 expanded data present (prism_ppt_us_30s_20260106.tif)
[OK  ] 2026-01-05 metadata matches remote
[OK  ] 2026-01-05 expanded data present (prism_ppt_us_30s_20260105.tif)
[OK  ] 2026-01-04 metadata matches remote
[OK  ] 2026-01-04 expanded data present (prism_ppt_us_30s_20260104.tif)
[OK  ] 2026-01-03 metadata matches remote
[OK  ] 2026-01-03 expanded data present (prism_ppt_us_30s_20260103.tif)
[OK  ] 2026-01-02 metadata matches remote
[OK  ] 2026-01-02 expanded data present (prism_ppt_us_30s_20260102.tif)
[OK  ] 2026-01-01 metadata matches remote
[OK  ] 2026-01-01 expanded data present (prism_ppt_us_30s_20260101.tif)
[OK  ] 2025-12-31 metadata matches remote
[OK  ] 2025-12-31 expanded data present (prism_ppt_us_30s_20251231.tif)
[OK  ] 2025-12-30 metadata matches remote
[OK  ] 2025-12-30 expanded data present (prism_ppt_us_30s_20251230.tif)
[OK  ] 2025-12-29 metadata matches remote
[OK  ] 2025-12-29 expanded data present (prism_ppt_us_30s_20251229.tif)
[OK  ] 2025-12-28 metadata matches remote
[OK  ] 2025-12-28 expanded data present (prism_ppt_us_30s_20251228.tif)
[OK  ] 2025-12-27 metadata matches remote
[OK  ] 2025-12-27 expanded data present (prism_ppt_us_30s_20251227.tif)
[OK  ] 2025-12-26 metadata matches remote
[OK  ] 2025-12-26 expanded data present (prism_ppt_us_30s_20251226.tif)
[OK  ] 2025-12-25 metadata matches remote
[OK  ] 2025-12-25 expanded data present (prism_ppt_us_30s_20251225.tif)
[OK  ] 2025-12-24 metadata matches remote
[OK  ] 2025-12-24 expanded data present (prism_ppt_us_30s_20251224.tif)
[OK  ] 2025-12-23 metadata matches remote
[OK  ] 2025-12-23 expanded data present (prism_ppt_us_30s_20251223.tif)
[OK  ] 2025-12-22 metadata matches remote
[OK  ] 2025-12-22 expanded data present (prism_ppt_us_30s_20251222.tif)
[OK  ] 2025-12-21 metadata matches remote
[OK  ] 2025-12-21 expanded data present (prism_ppt_us_30s_20251221.tif)
[INFO] Pruning files outside the past window...
[PRUNE] Removed old folder → prism_ppt_us_30s_20251220
[PRUNE] Removed old file → prism_ppt_us_30s_20251220.meta.json
2026-01-20 08:45:34,467 | INFO | Running predict_daily_triple.py
2026-01-20 09:08:57,611 | INFO | Rainfall window: 2025-12-21 → 2026-01-19 (30 files, 0 missing → zero-filled).
Sampling rainfall at 2,452 PRISM grid cells…
Sampling static attributes at grid centers…
Running models…
/Users/wonjunchoi/PycharmProjects/realtime-buncombe/venv/lib/python3.9/site-packages/sklearn/utils/validation.py:2732: UserWarning: X has feature names, but RandomForestClassifier was fitted without feature names
  warnings.warn(
ok: wrote 2,452 rows for 2026-01-19 (rainfall through 2026-01-19)
parquet: /Users/wonjunchoi/PycharmProjects/realtime-buncombe/predictions/historicData/2026/01/predictions_2026-01-19.parquet
geojson: /Users/wonjunchoi/PycharmProjects/realtime-buncombe/predictions/historicData/2026/01/map_2026-01-19.geojson
meta: /Users/wonjunchoi/PycharmProjects/realtime-buncombe/predictions/historicData/2026/01/meta_2026-01-19.json
latest: /Users/wonjunchoi/PycharmProjects/realtime-buncombe/predictions/latest.geojson, /Users/wonjunchoi/PycharmProjects/realtime-buncombe/predictions/latest.json
manifest: /Users/wonjunchoi/PycharmProjects/realtime-buncombe/predictions/index.json
2026-01-20 09:08:57,616 | INFO | Committing and pushing changes
2026-01-20 09:08:58,386 | INFO | [main e12e7ef] Auto-update: rainfall & predictions @ 2026-01-20 09:08:57
 7 files changed, 145 insertions(+), 7 deletions(-)
 create mode 100644 predictions/historicData/2026/01/map_2026-01-19.geojson
 create mode 100644 predictions/historicData/2026/01/meta_2026-01-19.json
 create mode 100644 predictions/historicData/2026/01/predictions_2026-01-19.parquet
2026-01-20 09:09:03,110 | INFO | Locking support detected on remote "origin". Consider enabling it with:
  $ git config lfs.https://github.com-buncombe/WonjunChoi1004/realtime-buncombe.git/info/lfs.locksverify true
Uploading LFS objects: 100% (1/1), 86 KB | 0 B/s, done.
To github.com-buncombe:WonjunChoi1004/realtime-buncombe.git
   68a4cae..e12e7ef  main -> main
2026-01-20 09:09:03,111 | INFO | Push succeeded.
▶️ Running daily auto-update job...
✅ Already ran today, skipping.
✅ Already ran today, skipping.
✅ Already ran today, skipping.
✅ Already ran today, skipping.
✅ Already ran today, skipping.
2026-01-21 12:39:27,982 | WARNING | No internet connection — delaying run. Retrying in 15 minutes...
2026-01-21 15:27:56,670 | INFO | Internet connection detected. Proceeding with update.
2026-01-21 15:27:56,674 | INFO | Running download_prism_daily.py
2026-01-21 15:28:29,626 | INFO | /Users/wonjunchoi/PycharmProjects/realtime-buncombe/venv/lib/python3.9/site-packages/urllib3/__init__.py:35: NotOpenSSLWarning: urllib3 v2 only supports OpenSSL 1.1.1+, currently the 'ssl' module is compiled with 'LibreSSL 2.8.3'. See: https://github.com/urllib3/urllib3/issues/3020
  warnings.warn(
[GET ] 2026-01-20 → https://data.prism.oregonstate.edu/time_series/us/an/800m/ppt/daily/2026/prism_ppt_us_30s_20260120.zip
[DONE] Updated ZIP for 2026-01-20
[MISS] 2026-01-20 missing expanded .tif — extracting now.
[UNZIP] Extracted → /Users/wonjunchoi/PycharmProjects/realtime-buncombe/data/rain/prism_ppt_us_30s_20260120
[CLEAN] 2026-01-20 removed ZIP after extraction.
[OK  ] 2026-01-19 metadata matches remote
[OK  ] 2026-01-19 expanded data present (prism_ppt_us_30s_20260119.tif)
[OK  ] 2026-01-18 metadata matches remote
[OK  ] 2026-01-18 expanded data present (prism_ppt_us_30s_20260118.tif)
[OK  ] 2026-01-17 metadata matches remote
[OK  ] 2026-01-17 expanded data present (prism_ppt_us_30s_20260117.tif)
[CLEAN] 2026-01-16 removed old expanded folder → prism_ppt_us_30s_20260116
[GET ] 2026-01-16 → https://data.prism.oregonstate.edu/time_series/us/an/800m/ppt/daily/2026/prism_ppt_us_30s_20260116.zip
[DONE] Updated ZIP for 2026-01-16
[MISS] 2026-01-16 missing expanded .tif — extracting now.
[UNZIP] Extracted → /Users/wonjunchoi/PycharmProjects/realtime-buncombe/data/rain/prism_ppt_us_30s_20260116
[CLEAN] 2026-01-16 removed ZIP after extraction.
[OK  ] 2026-01-15 metadata matches remote
[OK  ] 2026-01-15 expanded data present (prism_ppt_us_30s_20260115.tif)
[OK  ] 2026-01-14 metadata matches remote
[OK  ] 2026-01-14 expanded data present (prism_ppt_us_30s_20260114.tif)
[OK  ] 2026-01-13 metadata matches remote
[OK  ] 2026-01-13 expanded data present (prism_ppt_us_30s_20260113.tif)
[OK  ] 2026-01-12 metadata matches remote
[OK  ] 2026-01-12 expanded data present (prism_ppt_us_30s_20260112.tif)
[OK  ] 2026-01-11 metadata matches remote
[OK  ] 2026-01-11 expanded data present (prism_ppt_us_30s_20260111.tif)
[OK  ] 2026-01-10 metadata matches remote
[OK  ] 2026-01-10 expanded data present (prism_ppt_us_30s_20260110.tif)
[OK  ] 2026-01-09 metadata matches remote
[OK  ] 2026-01-09 expanded data present (prism_ppt_us_30s_20260109.tif)
[OK  ] 2026-01-08 metadata matches remote
[OK  ] 2026-01-08 expanded data present (prism_ppt_us_30s_20260108.tif)
[OK  ] 2026-01-07 metadata matches remote
[OK  ] 2026-01-07 expanded data present (prism_ppt_us_30s_20260107.tif)
[OK  ] 2026-01-06 metadata matches remote
[OK  ] 2026-01-06 expanded data present (prism_ppt_us_30s_20260106.tif)
[OK  ] 2026-01-05 metadata matches remote
[OK  ] 2026-01-05 expanded data present (prism_ppt_us_30s_20260105.tif)
[OK  ] 2026-01-04 metadata matches remote
[OK  ] 2026-01-04 expanded data present (prism_ppt_us_30s_20260104.tif)
[OK  ] 2026-01-03 metadata matches remote
[OK  ] 2026-01-03 expanded data present (prism_ppt_us_30s_20260103.tif)
[OK  ] 2026-01-02 metadata matches remote
[OK  ] 2026-01-02 expanded data present (prism_ppt_us_30s_20260102.tif)
[OK  ] 2026-01-01 metadata matches remote
[OK  ] 2026-01-01 expanded data present (prism_ppt_us_30s_20260101.tif)
[OK  ] 2025-12-31 metadata matches remote
[OK  ] 2025-12-31 expanded data present (prism_ppt_us_30s_20251231.tif)
[OK  ] 2025-12-30 metadata matches remote
[OK  ] 2025-12-30 expanded data present (prism_ppt_us_30s_20251230.tif)
[OK  ] 2025-12-29 metadata matches remote
[OK  ] 2025-12-29 expanded data present (prism_ppt_us_30s_20251229.tif)
[OK  ] 2025-12-28 metadata matches remote
[OK  ] 2025-12-28 expanded data present (prism_ppt_us_30s_20251228.tif)
[OK  ] 2025-12-27 metadata matches remote
[OK  ] 2025-12-27 expanded data present (prism_ppt_us_30s_20251227.tif)
[OK  ] 2025-12-26 metadata matches remote
[OK  ] 2025-12-26 expanded data present (prism_ppt_us_30s_20251226.tif)
[OK  ] 2025-12-25 metadata matches remote
[OK  ] 2025-12-25 expanded data present (prism_ppt_us_30s_20251225.tif)
[OK  ] 2025-12-24 metadata matches remote
[OK  ] 2025-12-24 expanded data present (prism_ppt_us_30s_20251224.tif)
[OK  ] 2025-12-23 metadata matches remote
[OK  ] 2025-12-23 expanded data present (prism_ppt_us_30s_20251223.tif)
[OK  ] 2025-12-22 metadata matches remote
[OK  ] 2025-12-22 expanded data present (prism_ppt_us_30s_20251222.tif)
[INFO] Pruning files outside the past window...
[PRUNE] Removed old file → prism_ppt_us_30s_20251221.meta.json
[PRUNE] Removed old folder → prism_ppt_us_30s_20251221
2026-01-21 15:28:29,627 | INFO | Running predict_daily_triple.py
2026-01-21 15:52:45,962 | INFO | Rainfall window: 2025-12-22 → 2026-01-20 (30 files, 0 missing → zero-filled).
Sampling rainfall at 2,452 PRISM grid cells…
Sampling static attributes at grid centers…
Running models…
/Users/wonjunchoi/PycharmProjects/realtime-buncombe/venv/lib/python3.9/site-packages/sklearn/utils/validation.py:2732: UserWarning: X has feature names, but RandomForestClassifier was fitted without feature names
  warnings.warn(
ok: wrote 2,452 rows for 2026-01-20 (rainfall through 2026-01-20)
parquet: /Users/wonjunchoi/PycharmProjects/realtime-buncombe/predictions/historicData/2026/01/predictions_2026-01-20.parquet
geojson: /Users/wonjunchoi/PycharmProjects/realtime-buncombe/predictions/historicData/2026/01/map_2026-01-20.geojson
meta: /Users/wonjunchoi/PycharmProjects/realtime-buncombe/predictions/historicData/2026/01/meta_2026-01-20.json
latest: /Users/wonjunchoi/PycharmProjects/realtime-buncombe/predictions/latest.geojson, /Users/wonjunchoi/PycharmProjects/realtime-buncombe/predictions/latest.json
manifest: /Users/wonjunchoi/PycharmProjects/realtime-buncombe/predictions/index.json
2026-01-21 15:52:45,965 | INFO | Committing and pushing changes
2026-01-21 15:52:46,694 | INFO | [main 93aa89b] Auto-update: rainfall & predictions @ 2026-01-21 15:52:46
 7 files changed, 139 insertions(+), 7 deletions(-)
 create mode 100644 predictions/historicData/2026/01/map_2026-01-20.geojson
 create mode 100644 predictions/historicData/2026/01/meta_2026-01-20.json
 create mode 100644 predictions/historicData/2026/01/predictions_2026-01-20.parquet
2026-01-21 15:52:52,667 | INFO | Locking support detected on remote "origin". Consider enabling it with:
  $ git config lfs.https://github.com-buncombe/WonjunChoi1004/realtime-buncombe.git/info/lfs.locksverify true
Uploading LFS objects: 100% (1/1), 73 KB | 0 B/s, done.
To github.com-buncombe:WonjunChoi1004/realtime-buncombe.git
   e12e7ef..93aa89b  main -> main
2026-01-21 15:52:52,668 | INFO | Push succeeded.
▶️ Running daily auto-update job...
2026-01-22 05:00:08,652 | WARNING | No internet connection — delaying run. Retrying in 15 minutes...
2026-01-22 05:15:13,062 | WARNING | No internet connection — delaying run. Retrying in 15 minutes...
2026-01-22 05:30:17,719 | WARNING | No internet connection — delaying run. Retrying in 15 minutes...
2026-01-22 05:45:22,983 | WARNING | No internet connection — delaying run. Retrying in 15 minutes...
2026-01-22 06:00:27,993 | WARNING | No internet connection — delaying run. Retrying in 15 minutes...
2026-01-22 06:15:32,309 | WARNING | No internet connection — delaying run. Retrying in 15 minutes...
2026-01-22 06:30:35,126 | INFO | Internet connection detected. Proceeding with update.
2026-01-22 06:30:35,613 | INFO | Running download_prism_daily.py
2026-01-22 06:31:08,817 | INFO | /Users/wonjunchoi/PycharmProjects/realtime-buncombe/venv/lib/python3.9/site-packages/urllib3/__init__.py:35: NotOpenSSLWarning: urllib3 v2 only supports OpenSSL 1.1.1+, currently the 'ssl' module is compiled with 'LibreSSL 2.8.3'. See: https://github.com/urllib3/urllib3/issues/3020
  warnings.warn(
[SKIP] 2026-01-21 not found online.
[CLEAN] 2026-01-20 removed old expanded folder → prism_ppt_us_30s_20260120
[GET ] 2026-01-20 → https://data.prism.oregonstate.edu/time_series/us/an/800m/ppt/daily/2026/prism_ppt_us_30s_20260120.zip
[DONE] Updated ZIP for 2026-01-20
[MISS] 2026-01-20 missing expanded .tif — extracting now.
[UNZIP] Extracted → /Users/wonjunchoi/PycharmProjects/realtime-buncombe/data/rain/prism_ppt_us_30s_20260120
[CLEAN] 2026-01-20 removed ZIP after extraction.
[OK  ] 2026-01-19 metadata matches remote
[OK  ] 2026-01-19 expanded data present (prism_ppt_us_30s_20260119.tif)
[OK  ] 2026-01-18 metadata matches remote
[OK  ] 2026-01-18 expanded data present (prism_ppt_us_30s_20260118.tif)
[OK  ] 2026-01-17 metadata matches remote
[OK  ] 2026-01-17 expanded data present (prism_ppt_us_30s_20260117.tif)
[OK  ] 2026-01-16 metadata matches remote
[OK  ] 2026-01-16 expanded data present (prism_ppt_us_30s_20260116.tif)
[OK  ] 2026-01-15 metadata matches remote
[OK  ] 2026-01-15 expanded data present (prism_ppt_us_30s_20260115.tif)
[OK  ] 2026-01-14 metadata matches remote
[OK  ] 2026-01-14 expanded data present (prism_ppt_us_30s_20260114.tif)
[OK  ] 2026-01-13 metadata matches remote
[OK  ] 2026-01-13 expanded data present (prism_ppt_us_30s_20260113.tif)
[OK  ] 2026-01-12 metadata matches remote
[OK  ] 2026-01-12 expanded data present (prism_ppt_us_30s_20260112.tif)
[OK  ] 2026-01-11 metadata matches remote
[OK  ] 2026-01-11 expanded data present (prism_ppt_us_30s_20260111.tif)
[OK  ] 2026-01-10 metadata matches remote
[OK  ] 2026-01-10 expanded data present (prism_ppt_us_30s_20260110.tif)
[OK  ] 2026-01-09 metadata matches remote
[OK  ] 2026-01-09 expanded data present (prism_ppt_us_30s_20260109.tif)
[OK  ] 2026-01-08 metadata matches remote
[OK  ] 2026-01-08 expanded data present (prism_ppt_us_30s_20260108.tif)
[OK  ] 2026-01-07 metadata matches remote
[OK  ] 2026-01-07 expanded data present (prism_ppt_us_30s_20260107.tif)
[OK  ] 2026-01-06 metadata matches remote
[OK  ] 2026-01-06 expanded data present (prism_ppt_us_30s_20260106.tif)
[OK  ] 2026-01-05 metadata matches remote
[OK  ] 2026-01-05 expanded data present (prism_ppt_us_30s_20260105.tif)
[OK  ] 2026-01-04 metadata matches remote
[OK  ] 2026-01-04 expanded data present (prism_ppt_us_30s_20260104.tif)
[OK  ] 2026-01-03 metadata matches remote
[OK  ] 2026-01-03 expanded data present (prism_ppt_us_30s_20260103.tif)
[OK  ] 2026-01-02 metadata matches remote
[OK  ] 2026-01-02 expanded data present (prism_ppt_us_30s_20260102.tif)
[OK  ] 2026-01-01 metadata matches remote
[OK  ] 2026-01-01 expanded data present (prism_ppt_us_30s_20260101.tif)
[OK  ] 2025-12-31 metadata matches remote
[OK  ] 2025-12-31 expanded data present (prism_ppt_us_30s_20251231.tif)
[OK  ] 2025-12-30 metadata matches remote
[OK  ] 2025-12-30 expanded data present (prism_ppt_us_30s_20251230.tif)
[OK  ] 2025-12-29 metadata matches remote
[OK  ] 2025-12-29 expanded data present (prism_ppt_us_30s_20251229.tif)
[OK  ] 2025-12-28 metadata matches remote
[OK  ] 2025-12-28 expanded data present (prism_ppt_us_30s_20251228.tif)
[OK  ] 2025-12-27 metadata matches remote
[OK  ] 2025-12-27 expanded data present (prism_ppt_us_30s_20251227.tif)
[OK  ] 2025-12-26 metadata matches remote
[OK  ] 2025-12-26 expanded data present (prism_ppt_us_30s_20251226.tif)
[OK  ] 2025-12-25 metadata matches remote
[OK  ] 2025-12-25 expanded data present (prism_ppt_us_30s_20251225.tif)
[OK  ] 2025-12-24 metadata matches remote
[OK  ] 2025-12-24 expanded data present (prism_ppt_us_30s_20251224.tif)
[OK  ] 2025-12-23 metadata matches remote
[OK  ] 2025-12-23 expanded data present (prism_ppt_us_30s_20251223.tif)
[INFO] Pruning files outside the past window...
[PRUNE] Removed old folder → prism_ppt_us_30s_20251222
[PRUNE] Removed old file → prism_ppt_us_30s_20251222.meta.json
2026-01-22 06:31:08,891 | INFO | Running predict_daily_triple.py
2026-01-22 12:31:14,321 | WARNING | No internet connection — delaying run. Retrying in 15 minutes...
2026-01-22 12:46:14,292 | INFO | Internet connection detected. Proceeding with update.
2026-01-22 12:46:14,295 | INFO | Running download_prism_daily.py
2026-01-22 12:46:31,127 | INFO | /Users/wonjunchoi/PycharmProjects/realtime-buncombe/venv/lib/python3.9/site-packages/urllib3/__init__.py:35: NotOpenSSLWarning: urllib3 v2 only supports OpenSSL 1.1.1+, currently the 'ssl' module is compiled with 'LibreSSL 2.8.3'. See: https://github.com/urllib3/urllib3/issues/3020
  warnings.warn(
[GET ] 2026-01-21 → https://data.prism.oregonstate.edu/time_series/us/an/800m/ppt/daily/2026/prism_ppt_us_30s_20260121.zip
[DONE] Updated ZIP for 2026-01-21
[MISS] 2026-01-21 missing expanded .tif — extracting now.
[UNZIP] Extracted → /Users/wonjunchoi/PycharmProjects/realtime-buncombe/data/rain/prism_ppt_us_30s_20260121
[CLEAN] 2026-01-21 removed ZIP after extraction.
[OK  ] 2026-01-20 metadata matches remote
[OK  ] 2026-01-20 expanded data present (prism_ppt_us_30s_20260120.tif)
[OK  ] 2026-01-19 metadata matches remote
[OK  ] 2026-01-19 expanded data present (prism_ppt_us_30s_20260119.tif)
[OK  ] 2026-01-18 metadata matches remote
[OK  ] 2026-01-18 expanded data present (prism_ppt_us_30s_20260118.tif)
[CLEAN] 2026-01-17 removed old expanded folder → prism_ppt_us_30s_20260117
[GET ] 2026-01-17 → https://data.prism.oregonstate.edu/time_series/us/an/800m/ppt/daily/2026/prism_ppt_us_30s_20260117.zip
[DONE] Updated ZIP for 2026-01-17
[MISS] 2026-01-17 missing expanded .tif — extracting now.
[UNZIP] Extracted → /Users/wonjunchoi/PycharmProjects/realtime-buncombe/data/rain/prism_ppt_us_30s_20260117
[CLEAN] 2026-01-17 removed ZIP after extraction.
[OK  ] 2026-01-16 metadata matches remote
[OK  ] 2026-01-16 expanded data present (prism_ppt_us_30s_20260116.tif)
[OK  ] 2026-01-15 metadata matches remote
[OK  ] 2026-01-15 expanded data present (prism_ppt_us_30s_20260115.tif)
[OK  ] 2026-01-14 metadata matches remote
[OK  ] 2026-01-14 expanded data present (prism_ppt_us_30s_20260114.tif)
[OK  ] 2026-01-13 metadata matches remote
[OK  ] 2026-01-13 expanded data present (prism_ppt_us_30s_20260113.tif)
[OK  ] 2026-01-12 metadata matches remote
[OK  ] 2026-01-12 expanded data present (prism_ppt_us_30s_20260112.tif)
[OK  ] 2026-01-11 metadata matches remote
[OK  ] 2026-01-11 expanded data present (prism_ppt_us_30s_20260111.tif)
[OK  ] 2026-01-10 metadata matches remote
[OK  ] 2026-01-10 expanded data present (prism_ppt_us_30s_20260110.tif)
[OK  ] 2026-01-09 metadata matches remote
[OK  ] 2026-01-09 expanded data present (prism_ppt_us_30s_20260109.tif)
[OK  ] 2026-01-08 metadata matches remote
[OK  ] 2026-01-08 expanded data present (prism_ppt_us_30s_20260108.tif)
[OK  ] 2026-01-07 metadata matches remote
[OK  ] 2026-01-07 expanded data present (prism_ppt_us_30s_20260107.tif)
[OK  ] 2026-01-06 metadata matches remote
[OK  ] 2026-01-06 expanded data present (prism_ppt_us_30s_20260106.tif)
[OK  ] 2026-01-05 metadata matches remote
[OK  ] 2026-01-05 expanded data present (prism_ppt_us_30s_20260105.tif)
[OK  ] 2026-01-04 metadata matches remote
[OK  ] 2026-01-04 expanded data present (prism_ppt_us_30s_20260104.tif)
[OK  ] 2026-01-03 metadata matches remote
[OK  ] 2026-01-03 expanded data present (prism_ppt_us_30s_20260103.tif)
[OK  ] 2026-01-02 metadata matches remote
[OK  ] 2026-01-02 expanded data present (prism_ppt_us_30s_20260102.tif)
[OK  ] 2026-01-01 metadata matches remote
[OK  ] 2026-01-01 expanded data present (prism_ppt_us_30s_20260101.tif)
[OK  ] 2025-12-31 metadata matches remote
[OK  ] 2025-12-31 expanded data present (prism_ppt_us_30s_20251231.tif)
[OK  ] 2025-12-30 metadata matches remote
[OK  ] 2025-12-30 expanded data present (prism_ppt_us_30s_20251230.tif)
[OK  ] 2025-12-29 metadata matches remote
[OK  ] 2025-12-29 expanded data present (prism_ppt_us_30s_20251229.tif)
[OK  ] 2025-12-28 metadata matches remote
[OK  ] 2025-12-28 expanded data present (prism_ppt_us_30s_20251228.tif)
[OK  ] 2025-12-27 metadata matches remote
[OK  ] 2025-12-27 expanded data present (prism_ppt_us_30s_20251227.tif)
[OK  ] 2025-12-26 metadata matches remote
[OK  ] 2025-12-26 expanded data present (prism_ppt_us_30s_20251226.tif)
[OK  ] 2025-12-25 metadata matches remote
[OK  ] 2025-12-25 expanded data present (prism_ppt_us_30s_20251225.tif)
[OK  ] 2025-12-24 metadata matches remote
[OK  ] 2025-12-24 expanded data present (prism_ppt_us_30s_20251224.tif)
[OK  ] 2025-12-23 metadata matches remote
[OK  ] 2025-12-23 expanded data present (prism_ppt_us_30s_20251223.tif)
[INFO] Pruning files outside the past window...
2026-01-22 12:46:31,128 | INFO | Running predict_daily_triple.py
2026-01-22 13:09:39,936 | INFO | Rainfall window: 2025-12-23 → 2026-01-21 (30 files, 0 missing → zero-filled).
Sampling rainfall at 2,452 PRISM grid cells…
Sampling static attributes at grid centers…
Running models…
/Users/wonjunchoi/PycharmProjects/realtime-buncombe/venv/lib/python3.9/site-packages/sklearn/utils/validation.py:2732: UserWarning: X has feature names, but RandomForestClassifier was fitted without feature names
  warnings.warn(
ok: wrote 2,452 rows for 2026-01-21 (rainfall through 2026-01-21)
parquet: /Users/wonjunchoi/PycharmProjects/realtime-buncombe/predictions/historicData/2026/01/predictions_2026-01-21.parquet
geojson: /Users/wonjunchoi/PycharmProjects/realtime-buncombe/predictions/historicData/2026/01/map_2026-01-21.geojson
meta: /Users/wonjunchoi/PycharmProjects/realtime-buncombe/predictions/historicData/2026/01/meta_2026-01-21.json
latest: /Users/wonjunchoi/PycharmProjects/realtime-buncombe/predictions/latest.geojson, /Users/wonjunchoi/PycharmProjects/realtime-buncombe/predictions/latest.json
manifest: /Users/wonjunchoi/PycharmProjects/realtime-buncombe/predictions/index.json
2026-01-22 13:09:39,939 | INFO | Committing and pushing changes
2026-01-22 13:09:40,660 | INFO | [main c8f9358] Auto-update: rainfall & predictions @ 2026-01-22 13:09:40
 7 files changed, 209 insertions(+), 7 deletions(-)
 create mode 100644 predictions/historicData/2026/01/map_2026-01-21.geojson
 create mode 100644 predictions/historicData/2026/01/meta_2026-01-21.json
 create mode 100644 predictions/historicData/2026/01/predictions_2026-01-21.parquet
2026-01-22 13:09:50,825 | INFO | Locking support detected on remote "origin". Consider enabling it with:
  $ git config lfs.https://github.com-buncombe/WonjunChoi1004/realtime-buncombe.git/info/lfs.locksverify true
Uploading LFS objects: 100% (1/1), 70 KB | 0 B/s, done.
To github.com-buncombe:WonjunChoi1004/realtime-buncombe.git
   93aa89b..c8f9358  main -> main
2026-01-22 13:09:50,826 | INFO | Push succeeded.
▶️ Running daily auto-update job...
✅ Already ran today, skipping.
✅ Already ran today, skipping.
2026-01-23 05:00:01,007 | INFO | Internet connection detected. Proceeding with update.
2026-01-23 05:00:01,009 | INFO | Running download_prism_daily.py
2026-01-23 05:00:13,679 | INFO | /Users/wonjunchoi/PycharmProjects/realtime-buncombe/venv/lib/python3.9/site-packages/urllib3/__init__.py:35: NotOpenSSLWarning: urllib3 v2 only supports OpenSSL 1.1.1+, currently the 'ssl' module is compiled with 'LibreSSL 2.8.3'. See: https://github.com/urllib3/urllib3/issues/3020
  warnings.warn(
[SKIP] 2026-01-22 not found online.
[OK  ] 2026-01-21 metadata matches remote
[OK  ] 2026-01-21 expanded data present (prism_ppt_us_30s_20260121.tif)
[OK  ] 2026-01-20 metadata matches remote
[OK  ] 2026-01-20 expanded data present (prism_ppt_us_30s_20260120.tif)
[OK  ] 2026-01-19 metadata matches remote
[OK  ] 2026-01-19 expanded data present (prism_ppt_us_30s_20260119.tif)
[OK  ] 2026-01-18 metadata matches remote
[OK  ] 2026-01-18 expanded data present (prism_ppt_us_30s_20260118.tif)
[OK  ] 2026-01-17 metadata matches remote
[OK  ] 2026-01-17 expanded data present (prism_ppt_us_30s_20260117.tif)
[OK  ] 2026-01-16 metadata matches remote
[OK  ] 2026-01-16 expanded data present (prism_ppt_us_30s_20260116.tif)
[OK  ] 2026-01-15 metadata matches remote
[OK  ] 2026-01-15 expanded data present (prism_ppt_us_30s_20260115.tif)
[OK  ] 2026-01-14 metadata matches remote
[OK  ] 2026-01-14 expanded data present (prism_ppt_us_30s_20260114.tif)
[OK  ] 2026-01-13 metadata matches remote
[OK  ] 2026-01-13 expanded data present (prism_ppt_us_30s_20260113.tif)
[OK  ] 2026-01-12 metadata matches remote
[OK  ] 2026-01-12 expanded data present (prism_ppt_us_30s_20260112.tif)
[OK  ] 2026-01-11 metadata matches remote
[OK  ] 2026-01-11 expanded data present (prism_ppt_us_30s_20260111.tif)
[OK  ] 2026-01-10 metadata matches remote
[OK  ] 2026-01-10 expanded data present (prism_ppt_us_30s_20260110.tif)
[OK  ] 2026-01-09 metadata matches remote
[OK  ] 2026-01-09 expanded data present (prism_ppt_us_30s_20260109.tif)
[OK  ] 2026-01-08 metadata matches remote
[OK  ] 2026-01-08 expanded data present (prism_ppt_us_30s_20260108.tif)
[OK  ] 2026-01-07 metadata matches remote
[OK  ] 2026-01-07 expanded data present (prism_ppt_us_30s_20260107.tif)
[OK  ] 2026-01-06 metadata matches remote
[OK  ] 2026-01-06 expanded data present (prism_ppt_us_30s_20260106.tif)
[OK  ] 2026-01-05 metadata matches remote
[OK  ] 2026-01-05 expanded data present (prism_ppt_us_30s_20260105.tif)
[OK  ] 2026-01-04 metadata matches remote
[OK  ] 2026-01-04 expanded data present (prism_ppt_us_30s_20260104.tif)
[OK  ] 2026-01-03 metadata matches remote
[OK  ] 2026-01-03 expanded data present (prism_ppt_us_30s_20260103.tif)
[OK  ] 2026-01-02 metadata matches remote
[OK  ] 2026-01-02 expanded data present (prism_ppt_us_30s_20260102.tif)
[OK  ] 2026-01-01 metadata matches remote
[OK  ] 2026-01-01 expanded data present (prism_ppt_us_30s_20260101.tif)
[OK  ] 2025-12-31 metadata matches remote
[OK  ] 2025-12-31 expanded data present (prism_ppt_us_30s_20251231.tif)
[OK  ] 2025-12-30 metadata matches remote
[OK  ] 2025-12-30 expanded data present (prism_ppt_us_30s_20251230.tif)
[OK  ] 2025-12-29 metadata matches remote
[OK  ] 2025-12-29 expanded data present (prism_ppt_us_30s_20251229.tif)
[OK  ] 2025-12-28 metadata matches remote
[OK  ] 2025-12-28 expanded data present (prism_ppt_us_30s_20251228.tif)
[OK  ] 2025-12-27 metadata matches remote
[OK  ] 2025-12-27 expanded data present (prism_ppt_us_30s_20251227.tif)
[OK  ] 2025-12-26 metadata matches remote
[OK  ] 2025-12-26 expanded data present (prism_ppt_us_30s_20251226.tif)
[OK  ] 2025-12-25 metadata matches remote
[OK  ] 2025-12-25 expanded data present (prism_ppt_us_30s_20251225.tif)
[OK  ] 2025-12-24 metadata matches remote
[OK  ] 2025-12-24 expanded data present (prism_ppt_us_30s_20251224.tif)
[INFO] Pruning files outside the past window...
[PRUNE] Removed old file → prism_ppt_us_30s_20251223.meta.json
[PRUNE] Removed old folder → prism_ppt_us_30s_20251223
2026-01-23 05:00:13,680 | INFO | Running predict_daily_triple.py
2026-01-23 05:38:45,192 | INFO | Rainfall window: 2025-12-23 → 2026-01-21 (29 files, 1 missing → zero-filled).
Sampling rainfall at 2,452 PRISM grid cells…
Sampling static attributes at grid centers…
Running models…
/Users/wonjunchoi/PycharmProjects/realtime-buncombe/venv/lib/python3.9/site-packages/sklearn/utils/validation.py:2732: UserWarning: X has feature names, but RandomForestClassifier was fitted without feature names
  warnings.warn(
ok: wrote 2,452 rows for 2026-01-22 (rainfall through 2026-01-21)
parquet: /Users/wonjunchoi/PycharmProjects/realtime-buncombe/predictions/historicData/2026/01/predictions_2026-01-22.parquet
geojson: /Users/wonjunchoi/PycharmProjects/realtime-buncombe/predictions/historicData/2026/01/map_2026-01-22.geojson
meta: /Users/wonjunchoi/PycharmProjects/realtime-buncombe/predictions/historicData/2026/01/meta_2026-01-22.json
latest: /Users/wonjunchoi/PycharmProjects/realtime-buncombe/predictions/latest.geojson, /Users/wonjunchoi/PycharmProjects/realtime-buncombe/predictions/latest.json
manifest: /Users/wonjunchoi/PycharmProjects/realtime-buncombe/predictions/index.json
2026-01-23 05:38:45,195 | INFO | Committing and pushing changes
2026-01-23 05:38:45,987 | INFO | [main faf00a4] Auto-update: rainfall & predictions @ 2026-01-23 05:38:45
 7 files changed, 126 insertions(+), 6 deletions(-)
 create mode 100644 predictions/historicData/2026/01/map_2026-01-22.geojson
 create mode 100644 predictions/historicData/2026/01/meta_2026-01-22.json
 create mode 100644 predictions/historicData/2026/01/predictions_2026-01-22.parquet
2026-01-23 05:38:49,809 | INFO | Locking support detected on remote "origin". Consider enabling it with:
  $ git config lfs.https://github.com-buncombe/WonjunChoi1004/realtime-buncombe.git/info/lfs.locksverify true
To github.com-buncombe:WonjunChoi1004/realtime-buncombe.git
   c8f9358..faf00a4  main -> main
2026-01-23 05:38:49,809 | INFO | Push succeeded.
▶️ Running daily auto-update job...
✅ Already ran today, skipping.
✅ Already ran today, skipping.
✅ Already ran today, skipping.
✅ Already ran today, skipping.
✅ Already ran today, skipping.
2026-01-24 09:04:45,124 | WARNING | No internet connection — delaying run. Retrying in 15 minutes...
2026-01-24 16:57:12,856 | INFO | Internet connection detected. Proceeding with update.
2026-01-24 16:57:12,859 | INFO | Running download_prism_daily.py
2026-01-24 17:02:40,967 | INFO | /Users/wonjunchoi/PycharmProjects/realtime-buncombe/venv/lib/python3.9/site-packages/urllib3/__init__.py:35: NotOpenSSLWarning: urllib3 v2 only supports OpenSSL 1.1.1+, currently the 'ssl' module is compiled with 'LibreSSL 2.8.3'. See: https://github.com/urllib3/urllib3/issues/3020
  warnings.warn(
[GET ] 2026-01-23 → https://data.prism.oregonstate.edu/time_series/us/an/800m/ppt/daily/2026/prism_ppt_us_30s_20260123.zip
[DONE] Updated ZIP for 2026-01-23
[MISS] 2026-01-23 missing expanded .tif — extracting now.
[UNZIP] Extracted → /Users/wonjunchoi/PycharmProjects/realtime-buncombe/data/rain/prism_ppt_us_30s_20260123
[CLEAN] 2026-01-23 removed ZIP after extraction.
[GET ] 2026-01-22 → https://data.prism.oregonstate.edu/time_series/us/an/800m/ppt/daily/2026/prism_ppt_us_30s_20260122.zip
[DONE] Updated ZIP for 2026-01-22
[MISS] 2026-01-22 missing expanded .tif — extracting now.
[UNZIP] Extracted → /Users/wonjunchoi/PycharmProjects/realtime-buncombe/data/rain/prism_ppt_us_30s_20260122
[CLEAN] 2026-01-22 removed ZIP after extraction.
[OK  ] 2026-01-21 metadata matches remote
[OK  ] 2026-01-21 expanded data present (prism_ppt_us_30s_20260121.tif)
[OK  ] 2026-01-20 metadata matches remote
[OK  ] 2026-01-20 expanded data present (prism_ppt_us_30s_20260120.tif)
[CLEAN] 2026-01-19 removed old expanded folder → prism_ppt_us_30s_20260119
[GET ] 2026-01-19 → https://data.prism.oregonstate.edu/time_series/us/an/800m/ppt/daily/2026/prism_ppt_us_30s_20260119.zip
[DONE] Updated ZIP for 2026-01-19
[MISS] 2026-01-19 missing expanded .tif — extracting now.
[UNZIP] Extracted → /Users/wonjunchoi/PycharmProjects/realtime-buncombe/data/rain/prism_ppt_us_30s_20260119
[CLEAN] 2026-01-19 removed ZIP after extraction.
[CLEAN] 2026-01-18 removed old expanded folder → prism_ppt_us_30s_20260118
[GET ] 2026-01-18 → https://data.prism.oregonstate.edu/time_series/us/an/800m/ppt/daily/2026/prism_ppt_us_30s_20260118.zip
[DONE] Updated ZIP for 2026-01-18
[MISS] 2026-01-18 missing expanded .tif — extracting now.
[UNZIP] Extracted → /Users/wonjunchoi/PycharmProjects/realtime-buncombe/data/rain/prism_ppt_us_30s_20260118
[CLEAN] 2026-01-18 removed ZIP after extraction.
[OK  ] 2026-01-17 metadata matches remote
[OK  ] 2026-01-17 expanded data present (prism_ppt_us_30s_20260117.tif)
[OK  ] 2026-01-16 metadata matches remote
[OK  ] 2026-01-16 expanded data present (prism_ppt_us_30s_20260116.tif)
[OK  ] 2026-01-15 metadata matches remote
[OK  ] 2026-01-15 expanded data present (prism_ppt_us_30s_20260115.tif)
[OK  ] 2026-01-14 metadata matches remote
[OK  ] 2026-01-14 expanded data present (prism_ppt_us_30s_20260114.tif)
[OK  ] 2026-01-13 metadata matches remote
[OK  ] 2026-01-13 expanded data present (prism_ppt_us_30s_20260113.tif)
[OK  ] 2026-01-12 metadata matches remote
[OK  ] 2026-01-12 expanded data present (prism_ppt_us_30s_20260112.tif)
[OK  ] 2026-01-11 metadata matches remote
[OK  ] 2026-01-11 expanded data present (prism_ppt_us_30s_20260111.tif)
[OK  ] 2026-01-10 metadata matches remote
[OK  ] 2026-01-10 expanded data present (prism_ppt_us_30s_20260110.tif)
[OK  ] 2026-01-09 metadata matches remote
[OK  ] 2026-01-09 expanded data present (prism_ppt_us_30s_20260109.tif)
[OK  ] 2026-01-08 metadata matches remote
[OK  ] 2026-01-08 expanded data present (prism_ppt_us_30s_20260108.tif)
[OK  ] 2026-01-07 metadata matches remote
[OK  ] 2026-01-07 expanded data present (prism_ppt_us_30s_20260107.tif)
[OK  ] 2026-01-06 metadata matches remote
[OK  ] 2026-01-06 expanded data present (prism_ppt_us_30s_20260106.tif)
[OK  ] 2026-01-05 metadata matches remote
[OK  ] 2026-01-05 expanded data present (prism_ppt_us_30s_20260105.tif)
[OK  ] 2026-01-04 metadata matches remote
[OK  ] 2026-01-04 expanded data present (prism_ppt_us_30s_20260104.tif)
[OK  ] 2026-01-03 metadata matches remote
[OK  ] 2026-01-03 expanded data present (prism_ppt_us_30s_20260103.tif)
[OK  ] 2026-01-02 metadata matches remote
[OK  ] 2026-01-02 expanded data present (prism_ppt_us_30s_20260102.tif)
[OK  ] 2026-01-01 metadata matches remote
[OK  ] 2026-01-01 expanded data present (prism_ppt_us_30s_20260101.tif)
[OK  ] 2025-12-31 metadata matches remote
[OK  ] 2025-12-31 expanded data present (prism_ppt_us_30s_20251231.tif)
[OK  ] 2025-12-30 metadata matches remote
[OK  ] 2025-12-30 expanded data present (prism_ppt_us_30s_20251230.tif)
[OK  ] 2025-12-29 metadata matches remote
[OK  ] 2025-12-29 expanded data present (prism_ppt_us_30s_20251229.tif)
[OK  ] 2025-12-28 metadata matches remote
[OK  ] 2025-12-28 expanded data present (prism_ppt_us_30s_20251228.tif)
[OK  ] 2025-12-27 metadata matches remote
[OK  ] 2025-12-27 expanded data present (prism_ppt_us_30s_20251227.tif)
[OK  ] 2025-12-26 metadata matches remote
[OK  ] 2025-12-26 expanded data present (prism_ppt_us_30s_20251226.tif)
[OK  ] 2025-12-25 metadata matches remote
[OK  ] 2025-12-25 expanded data present (prism_ppt_us_30s_20251225.tif)
[INFO] Pruning files outside the past window...
[PRUNE] Removed old folder → prism_ppt_us_30s_20251224
[PRUNE] Removed old file → prism_ppt_us_30s_20251224.meta.json
2026-01-24 17:02:40,968 | INFO | Running predict_daily_triple.py
2026-01-24 18:19:33,621 | INFO | Rainfall window: 2025-12-25 → 2026-01-23 (30 files, 0 missing → zero-filled).
Sampling rainfall at 2,452 PRISM grid cells…
Sampling static attributes at grid centers…
Running models…
/Users/wonjunchoi/PycharmProjects/realtime-buncombe/venv/lib/python3.9/site-packages/sklearn/utils/validation.py:2732: UserWarning: X has feature names, but RandomForestClassifier was fitted without feature names
  warnings.warn(
ok: wrote 2,452 rows for 2026-01-23 (rainfall through 2026-01-23)
parquet: /Users/wonjunchoi/PycharmProjects/realtime-buncombe/predictions/historicData/2026/01/predictions_2026-01-23.parquet
geojson: /Users/wonjunchoi/PycharmProjects/realtime-buncombe/predictions/historicData/2026/01/map_2026-01-23.geojson
meta: /Users/wonjunchoi/PycharmProjects/realtime-buncombe/predictions/historicData/2026/01/meta_2026-01-23.json
latest: /Users/wonjunchoi/PycharmProjects/realtime-buncombe/predictions/latest.geojson, /Users/wonjunchoi/PycharmProjects/realtime-buncombe/predictions/latest.json
manifest: /Users/wonjunchoi/PycharmProjects/realtime-buncombe/predictions/index.json
2026-01-24 18:19:33,622 | INFO | Committing and pushing changes
2026-01-24 18:19:34,406 | INFO | [main e3bd25a] Auto-update: rainfall & predictions @ 2026-01-24 18:19:33
 7 files changed, 145 insertions(+), 7 deletions(-)
 create mode 100644 predictions/historicData/2026/01/map_2026-01-23.geojson
 create mode 100644 predictions/historicData/2026/01/meta_2026-01-23.json
 create mode 100644 predictions/historicData/2026/01/predictions_2026-01-23.parquet
2026-01-24 18:19:38,958 | INFO | Locking support detected on remote "origin". Consider enabling it with:
  $ git config lfs.https://github.com-buncombe/WonjunChoi1004/realtime-buncombe.git/info/lfs.locksverify true
Uploading LFS objects: 100% (1/1), 68 KB | 0 B/s, done.
To github.com-buncombe:WonjunChoi1004/realtime-buncombe.git
   faf00a4..e3bd25a  main -> main
2026-01-24 18:19:38,958 | INFO | Push succeeded.
▶️ Running daily auto-update job...
✅ Already ran today, skipping.
2026-01-25 15:55:48,310 | WARNING | No internet connection — delaying run. Retrying in 15 minutes...
2026-01-25 16:17:11,916 | INFO | Internet connection detected. Proceeding with update.
2026-01-25 16:17:11,923 | INFO | Running download_prism_daily.py
2026-01-25 16:21:48,163 | INFO | /Users/wonjunchoi/PycharmProjects/realtime-buncombe/venv/lib/python3.9/site-packages/urllib3/__init__.py:35: NotOpenSSLWarning: urllib3 v2 only supports OpenSSL 1.1.1+, currently the 'ssl' module is compiled with 'LibreSSL 2.8.3'. See: https://github.com/urllib3/urllib3/issues/3020
  warnings.warn(
[GET ] 2026-01-24 → https://data.prism.oregonstate.edu/time_series/us/an/800m/ppt/daily/2026/prism_ppt_us_30s_20260124.zip
[DONE] Updated ZIP for 2026-01-24
[MISS] 2026-01-24 missing expanded .tif — extracting now.
[UNZIP] Extracted → /Users/wonjunchoi/PycharmProjects/realtime-buncombe/data/rain/prism_ppt_us_30s_20260124
[CLEAN] 2026-01-24 removed ZIP after extraction.
[OK  ] 2026-01-23 metadata matches remote
[OK  ] 2026-01-23 expanded data present (prism_ppt_us_30s_20260123.tif)
[OK  ] 2026-01-22 metadata matches remote
[OK  ] 2026-01-22 expanded data present (prism_ppt_us_30s_20260122.tif)
[OK  ] 2026-01-21 metadata matches remote
[OK  ] 2026-01-21 expanded data present (prism_ppt_us_30s_20260121.tif)
[CLEAN] 2026-01-20 removed old expanded folder → prism_ppt_us_30s_20260120
[GET ] 2026-01-20 → https://data.prism.oregonstate.edu/time_series/us/an/800m/ppt/daily/2026/prism_ppt_us_30s_20260120.zip
[DONE] Updated ZIP for 2026-01-20
[MISS] 2026-01-20 missing expanded .tif — extracting now.
[UNZIP] Extracted → /Users/wonjunchoi/PycharmProjects/realtime-buncombe/data/rain/prism_ppt_us_30s_20260120
[CLEAN] 2026-01-20 removed ZIP after extraction.
[OK  ] 2026-01-19 metadata matches remote
[OK  ] 2026-01-19 expanded data present (prism_ppt_us_30s_20260119.tif)
[OK  ] 2026-01-18 metadata matches remote
[OK  ] 2026-01-18 expanded data present (prism_ppt_us_30s_20260118.tif)
[OK  ] 2026-01-17 metadata matches remote
[OK  ] 2026-01-17 expanded data present (prism_ppt_us_30s_20260117.tif)
[OK  ] 2026-01-16 metadata matches remote
[OK  ] 2026-01-16 expanded data present (prism_ppt_us_30s_20260116.tif)
[OK  ] 2026-01-15 metadata matches remote
[OK  ] 2026-01-15 expanded data present (prism_ppt_us_30s_20260115.tif)
[OK  ] 2026-01-14 metadata matches remote
[OK  ] 2026-01-14 expanded data present (prism_ppt_us_30s_20260114.tif)
[OK  ] 2026-01-13 metadata matches remote
[OK  ] 2026-01-13 expanded data present (prism_ppt_us_30s_20260113.tif)
[OK  ] 2026-01-12 metadata matches remote
[OK  ] 2026-01-12 expanded data present (prism_ppt_us_30s_20260112.tif)
[OK  ] 2026-01-11 metadata matches remote
[OK  ] 2026-01-11 expanded data present (prism_ppt_us_30s_20260111.tif)
[OK  ] 2026-01-10 metadata matches remote
[OK  ] 2026-01-10 expanded data present (prism_ppt_us_30s_20260110.tif)
[OK  ] 2026-01-09 metadata matches remote
[OK  ] 2026-01-09 expanded data present (prism_ppt_us_30s_20260109.tif)
[OK  ] 2026-01-08 metadata matches remote
[OK  ] 2026-01-08 expanded data present (prism_ppt_us_30s_20260108.tif)
[OK  ] 2026-01-07 metadata matches remote
[OK  ] 2026-01-07 expanded data present (prism_ppt_us_30s_20260107.tif)
[OK  ] 2026-01-06 metadata matches remote
[OK  ] 2026-01-06 expanded data present (prism_ppt_us_30s_20260106.tif)
[OK  ] 2026-01-05 metadata matches remote
[OK  ] 2026-01-05 expanded data present (prism_ppt_us_30s_20260105.tif)
[OK  ] 2026-01-04 metadata matches remote
[OK  ] 2026-01-04 expanded data present (prism_ppt_us_30s_20260104.tif)
[OK  ] 2026-01-03 metadata matches remote
[OK  ] 2026-01-03 expanded data present (prism_ppt_us_30s_20260103.tif)
[OK  ] 2026-01-02 metadata matches remote
[OK  ] 2026-01-02 expanded data present (prism_ppt_us_30s_20260102.tif)
[OK  ] 2026-01-01 metadata matches remote
[OK  ] 2026-01-01 expanded data present (prism_ppt_us_30s_20260101.tif)
[OK  ] 2025-12-31 metadata matches remote
[OK  ] 2025-12-31 expanded data present (prism_ppt_us_30s_20251231.tif)
[OK  ] 2025-12-30 metadata matches remote
[OK  ] 2025-12-30 expanded data present (prism_ppt_us_30s_20251230.tif)
[OK  ] 2025-12-29 metadata matches remote
[OK  ] 2025-12-29 expanded data present (prism_ppt_us_30s_20251229.tif)
[OK  ] 2025-12-28 metadata matches remote
[OK  ] 2025-12-28 expanded data present (prism_ppt_us_30s_20251228.tif)
[OK  ] 2025-12-27 metadata matches remote
[OK  ] 2025-12-27 expanded data present (prism_ppt_us_30s_20251227.tif)
[OK  ] 2025-12-26 metadata matches remote
[OK  ] 2025-12-26 expanded data present (prism_ppt_us_30s_20251226.tif)
[INFO] Pruning files outside the past window...
[PRUNE] Removed old folder → prism_ppt_us_30s_20251225
[PRUNE] Removed old file → prism_ppt_us_30s_20251225.meta.json
2026-01-25 16:21:48,165 | INFO | Running predict_daily_triple.py
2026-01-25 16:48:32,177 | INFO | Rainfall window: 2025-12-26 → 2026-01-24 (30 files, 0 missing → zero-filled).
Sampling rainfall at 2,452 PRISM grid cells…
Sampling static attributes at grid centers…
Running models…
/Users/wonjunchoi/PycharmProjects/realtime-buncombe/venv/lib/python3.9/site-packages/sklearn/utils/validation.py:2732: UserWarning: X has feature names, but RandomForestClassifier was fitted without feature names
  warnings.warn(
ok: wrote 2,452 rows for 2026-01-24 (rainfall through 2026-01-24)
parquet: /Users/wonjunchoi/PycharmProjects/realtime-buncombe/predictions/historicData/2026/01/predictions_2026-01-24.parquet
geojson: /Users/wonjunchoi/PycharmProjects/realtime-buncombe/predictions/historicData/2026/01/map_2026-01-24.geojson
meta: /Users/wonjunchoi/PycharmProjects/realtime-buncombe/predictions/historicData/2026/01/meta_2026-01-24.json
latest: /Users/wonjunchoi/PycharmProjects/realtime-buncombe/predictions/latest.geojson, /Users/wonjunchoi/PycharmProjects/realtime-buncombe/predictions/latest.json
manifest: /Users/wonjunchoi/PycharmProjects/realtime-buncombe/predictions/index.json
2026-01-25 16:48:32,179 | INFO | Committing and pushing changes
2026-01-25 16:48:32,957 | INFO | [main 2ef60c0] Auto-update: rainfall & predictions @ 2026-01-25 16:48:32
 7 files changed, 135 insertions(+), 7 deletions(-)
 create mode 100644 predictions/historicData/2026/01/map_2026-01-24.geojson
 create mode 100644 predictions/historicData/2026/01/meta_2026-01-24.json
 create mode 100644 predictions/historicData/2026/01/predictions_2026-01-24.parquet
2026-01-25 16:48:39,462 | INFO | Locking support detected on remote "origin". Consider enabling it with:
  $ git config lfs.https://github.com-buncombe/WonjunChoi1004/realtime-buncombe.git/info/lfs.locksverify true
Uploading LFS objects: 100% (1/1), 59 KB | 0 B/s, done.
To github.com-buncombe:WonjunChoi1004/realtime-buncombe.git
   e3bd25a..2ef60c0  main -> main
2026-01-25 16:48:39,463 | INFO | Push succeeded.
▶️ Running daily auto-update job...
✅ Already ran today, skipping.
2026-01-26 12:24:12,033 | WARNING | No internet connection — delaying run. Retrying in 15 minutes...
2026-01-26 12:54:06,424 | INFO | Internet connection detected. Proceeding with update.
2026-01-26 12:54:06,427 | INFO | Running download_prism_daily.py
2026-01-26 12:54:27,009 | INFO | /Users/wonjunchoi/PycharmProjects/realtime-buncombe/venv/lib/python3.9/site-packages/urllib3/__init__.py:35: NotOpenSSLWarning: urllib3 v2 only supports OpenSSL 1.1.1+, currently the 'ssl' module is compiled with 'LibreSSL 2.8.3'. See: https://github.com/urllib3/urllib3/issues/3020
  warnings.warn(
[GET ] 2026-01-25 → https://data.prism.oregonstate.edu/time_series/us/an/800m/ppt/daily/2026/prism_ppt_us_30s_20260125.zip
[DONE] Updated ZIP for 2026-01-25
[MISS] 2026-01-25 missing expanded .tif — extracting now.
[UNZIP] Extracted → /Users/wonjunchoi/PycharmProjects/realtime-buncombe/data/rain/prism_ppt_us_30s_20260125
[CLEAN] 2026-01-25 removed ZIP after extraction.
[OK  ] 2026-01-24 metadata matches remote
[OK  ] 2026-01-24 expanded data present (prism_ppt_us_30s_20260124.tif)
[OK  ] 2026-01-23 metadata matches remote
[OK  ] 2026-01-23 expanded data present (prism_ppt_us_30s_20260123.tif)
[OK  ] 2026-01-22 metadata matches remote
[OK  ] 2026-01-22 expanded data present (prism_ppt_us_30s_20260122.tif)
[CLEAN] 2026-01-21 removed old expanded folder → prism_ppt_us_30s_20260121
[GET ] 2026-01-21 → https://data.prism.oregonstate.edu/time_series/us/an/800m/ppt/daily/2026/prism_ppt_us_30s_20260121.zip
[DONE] Updated ZIP for 2026-01-21
[MISS] 2026-01-21 missing expanded .tif — extracting now.
[UNZIP] Extracted → /Users/wonjunchoi/PycharmProjects/realtime-buncombe/data/rain/prism_ppt_us_30s_20260121
[CLEAN] 2026-01-21 removed ZIP after extraction.
[OK  ] 2026-01-20 metadata matches remote
[OK  ] 2026-01-20 expanded data present (prism_ppt_us_30s_20260120.tif)
[OK  ] 2026-01-19 metadata matches remote
[OK  ] 2026-01-19 expanded data present (prism_ppt_us_30s_20260119.tif)
[OK  ] 2026-01-18 metadata matches remote
[OK  ] 2026-01-18 expanded data present (prism_ppt_us_30s_20260118.tif)
[OK  ] 2026-01-17 metadata matches remote
[OK  ] 2026-01-17 expanded data present (prism_ppt_us_30s_20260117.tif)
[OK  ] 2026-01-16 metadata matches remote
[OK  ] 2026-01-16 expanded data present (prism_ppt_us_30s_20260116.tif)
[OK  ] 2026-01-15 metadata matches remote
[OK  ] 2026-01-15 expanded data present (prism_ppt_us_30s_20260115.tif)
[OK  ] 2026-01-14 metadata matches remote
[OK  ] 2026-01-14 expanded data present (prism_ppt_us_30s_20260114.tif)
[OK  ] 2026-01-13 metadata matches remote
[OK  ] 2026-01-13 expanded data present (prism_ppt_us_30s_20260113.tif)
[OK  ] 2026-01-12 metadata matches remote
[OK  ] 2026-01-12 expanded data present (prism_ppt_us_30s_20260112.tif)
[OK  ] 2026-01-11 metadata matches remote
[OK  ] 2026-01-11 expanded data present (prism_ppt_us_30s_20260111.tif)
[OK  ] 2026-01-10 metadata matches remote
[OK  ] 2026-01-10 expanded data present (prism_ppt_us_30s_20260110.tif)
[OK  ] 2026-01-09 metadata matches remote
[OK  ] 2026-01-09 expanded data present (prism_ppt_us_30s_20260109.tif)
[OK  ] 2026-01-08 metadata matches remote
[OK  ] 2026-01-08 expanded data present (prism_ppt_us_30s_20260108.tif)
[OK  ] 2026-01-07 metadata matches remote
[OK  ] 2026-01-07 expanded data present (prism_ppt_us_30s_20260107.tif)
[OK  ] 2026-01-06 metadata matches remote
[OK  ] 2026-01-06 expanded data present (prism_ppt_us_30s_20260106.tif)
[OK  ] 2026-01-05 metadata matches remote
[OK  ] 2026-01-05 expanded data present (prism_ppt_us_30s_20260105.tif)
[OK  ] 2026-01-04 metadata matches remote
[OK  ] 2026-01-04 expanded data present (prism_ppt_us_30s_20260104.tif)
[OK  ] 2026-01-03 metadata matches remote
[OK  ] 2026-01-03 expanded data present (prism_ppt_us_30s_20260103.tif)
[OK  ] 2026-01-02 metadata matches remote
[OK  ] 2026-01-02 expanded data present (prism_ppt_us_30s_20260102.tif)
[OK  ] 2026-01-01 metadata matches remote
[OK  ] 2026-01-01 expanded data present (prism_ppt_us_30s_20260101.tif)
[OK  ] 2025-12-31 metadata matches remote
[OK  ] 2025-12-31 expanded data present (prism_ppt_us_30s_20251231.tif)
[OK  ] 2025-12-30 metadata matches remote
[OK  ] 2025-12-30 expanded data present (prism_ppt_us_30s_20251230.tif)
[OK  ] 2025-12-29 metadata matches remote
[OK  ] 2025-12-29 expanded data present (prism_ppt_us_30s_20251229.tif)
[OK  ] 2025-12-28 metadata matches remote
[OK  ] 2025-12-28 expanded data present (prism_ppt_us_30s_20251228.tif)
[OK  ] 2025-12-27 metadata matches remote
[OK  ] 2025-12-27 expanded data present (prism_ppt_us_30s_20251227.tif)
[INFO] Pruning files outside the past window...
[PRUNE] Removed old folder → prism_ppt_us_30s_20251226
[PRUNE] Removed old file → prism_ppt_us_30s_20251226.meta.json
2026-01-26 12:54:27,010 | INFO | Running predict_daily_triple.py
2026-01-26 13:19:17,347 | INFO | Rainfall window: 2025-12-27 → 2026-01-25 (30 files, 0 missing → zero-filled).
Sampling rainfall at 2,452 PRISM grid cells…
Sampling static attributes at grid centers…
Running models…
/Users/wonjunchoi/PycharmProjects/realtime-buncombe/venv/lib/python3.9/site-packages/sklearn/utils/validation.py:2732: UserWarning: X has feature names, but RandomForestClassifier was fitted without feature names
  warnings.warn(
ok: wrote 2,452 rows for 2026-01-25 (rainfall through 2026-01-25)
parquet: /Users/wonjunchoi/PycharmProjects/realtime-buncombe/predictions/historicData/2026/01/predictions_2026-01-25.parquet
geojson: /Users/wonjunchoi/PycharmProjects/realtime-buncombe/predictions/historicData/2026/01/map_2026-01-25.geojson
meta: /Users/wonjunchoi/PycharmProjects/realtime-buncombe/predictions/historicData/2026/01/meta_2026-01-25.json
latest: /Users/wonjunchoi/PycharmProjects/realtime-buncombe/predictions/latest.geojson, /Users/wonjunchoi/PycharmProjects/realtime-buncombe/predictions/latest.json
manifest: /Users/wonjunchoi/PycharmProjects/realtime-buncombe/predictions/index.json
2026-01-26 13:19:17,349 | INFO | Committing and pushing changes
2026-01-26 13:19:18,095 | INFO | [main df7eb24] Auto-update: rainfall & predictions @ 2026-01-26 13:19:17
 7 files changed, 135 insertions(+), 7 deletions(-)
 create mode 100644 predictions/historicData/2026/01/map_2026-01-25.geojson
 create mode 100644 predictions/historicData/2026/01/meta_2026-01-25.json
 create mode 100644 predictions/historicData/2026/01/predictions_2026-01-25.parquet
2026-01-26 13:19:23,475 | INFO | Locking support detected on remote "origin". Consider enabling it with:
  $ git config lfs.https://github.com-buncombe/WonjunChoi1004/realtime-buncombe.git/info/lfs.locksverify true
Uploading LFS objects: 100% (1/1), 107 KB | 0 B/s, done.
To github.com-buncombe:WonjunChoi1004/realtime-buncombe.git
   2ef60c0..df7eb24  main -> main
2026-01-26 13:19:23,475 | INFO | Push succeeded.
▶️ Running daily auto-update job...
✅ Already ran today, skipping.
✅ Already ran today, skipping.
2026-01-27 05:00:01,132 | INFO | Internet connection detected. Proceeding with update.
2026-01-27 05:00:01,133 | INFO | Running download_prism_daily.py
2026-01-27 05:00:13,147 | INFO | /Users/wonjunchoi/PycharmProjects/realtime-buncombe/venv/lib/python3.9/site-packages/urllib3/__init__.py:35: NotOpenSSLWarning: urllib3 v2 only supports OpenSSL 1.1.1+, currently the 'ssl' module is compiled with 'LibreSSL 2.8.3'. See: https://github.com/urllib3/urllib3/issues/3020
  warnings.warn(
[SKIP] 2026-01-26 not found online.
[OK  ] 2026-01-25 metadata matches remote
[OK  ] 2026-01-25 expanded data present (prism_ppt_us_30s_20260125.tif)
[OK  ] 2026-01-24 metadata matches remote
[OK  ] 2026-01-24 expanded data present (prism_ppt_us_30s_20260124.tif)
[OK  ] 2026-01-23 metadata matches remote
[OK  ] 2026-01-23 expanded data present (prism_ppt_us_30s_20260123.tif)
[OK  ] 2026-01-22 metadata matches remote
[OK  ] 2026-01-22 expanded data present (prism_ppt_us_30s_20260122.tif)
[OK  ] 2026-01-21 metadata matches remote
[OK  ] 2026-01-21 expanded data present (prism_ppt_us_30s_20260121.tif)
[OK  ] 2026-01-20 metadata matches remote
[OK  ] 2026-01-20 expanded data present (prism_ppt_us_30s_20260120.tif)
[OK  ] 2026-01-19 metadata matches remote
[OK  ] 2026-01-19 expanded data present (prism_ppt_us_30s_20260119.tif)
[OK  ] 2026-01-18 metadata matches remote
[OK  ] 2026-01-18 expanded data present (prism_ppt_us_30s_20260118.tif)
[OK  ] 2026-01-17 metadata matches remote
[OK  ] 2026-01-17 expanded data present (prism_ppt_us_30s_20260117.tif)
[OK  ] 2026-01-16 metadata matches remote
[OK  ] 2026-01-16 expanded data present (prism_ppt_us_30s_20260116.tif)
[OK  ] 2026-01-15 metadata matches remote
[OK  ] 2026-01-15 expanded data present (prism_ppt_us_30s_20260115.tif)
[OK  ] 2026-01-14 metadata matches remote
[OK  ] 2026-01-14 expanded data present (prism_ppt_us_30s_20260114.tif)
[OK  ] 2026-01-13 metadata matches remote
[OK  ] 2026-01-13 expanded data present (prism_ppt_us_30s_20260113.tif)
[OK  ] 2026-01-12 metadata matches remote
[OK  ] 2026-01-12 expanded data present (prism_ppt_us_30s_20260112.tif)
[OK  ] 2026-01-11 metadata matches remote
[OK  ] 2026-01-11 expanded data present (prism_ppt_us_30s_20260111.tif)
[OK  ] 2026-01-10 metadata matches remote
[OK  ] 2026-01-10 expanded data present (prism_ppt_us_30s_20260110.tif)
[OK  ] 2026-01-09 metadata matches remote
[OK  ] 2026-01-09 expanded data present (prism_ppt_us_30s_20260109.tif)
[OK  ] 2026-01-08 metadata matches remote
[OK  ] 2026-01-08 expanded data present (prism_ppt_us_30s_20260108.tif)
[OK  ] 2026-01-07 metadata matches remote
[OK  ] 2026-01-07 expanded data present (prism_ppt_us_30s_20260107.tif)
[OK  ] 2026-01-06 metadata matches remote
[OK  ] 2026-01-06 expanded data present (prism_ppt_us_30s_20260106.tif)
[OK  ] 2026-01-05 metadata matches remote
[OK  ] 2026-01-05 expanded data present (prism_ppt_us_30s_20260105.tif)
[OK  ] 2026-01-04 metadata matches remote
[OK  ] 2026-01-04 expanded data present (prism_ppt_us_30s_20260104.tif)
[OK  ] 2026-01-03 metadata matches remote
[OK  ] 2026-01-03 expanded data present (prism_ppt_us_30s_20260103.tif)
[OK  ] 2026-01-02 metadata matches remote
[OK  ] 2026-01-02 expanded data present (prism_ppt_us_30s_20260102.tif)
[OK  ] 2026-01-01 metadata matches remote
[OK  ] 2026-01-01 expanded data present (prism_ppt_us_30s_20260101.tif)
[OK  ] 2025-12-31 metadata matches remote
[OK  ] 2025-12-31 expanded data present (prism_ppt_us_30s_20251231.tif)
[OK  ] 2025-12-30 metadata matches remote
[OK  ] 2025-12-30 expanded data present (prism_ppt_us_30s_20251230.tif)
[OK  ] 2025-12-29 metadata matches remote
[OK  ] 2025-12-29 expanded data present (prism_ppt_us_30s_20251229.tif)
[OK  ] 2025-12-28 metadata matches remote
[OK  ] 2025-12-28 expanded data present (prism_ppt_us_30s_20251228.tif)
[INFO] Pruning files outside the past window...
[PRUNE] Removed old folder → prism_ppt_us_30s_20251227
[PRUNE] Removed old file → prism_ppt_us_30s_20251227.meta.json
2026-01-27 05:00:13,149 | INFO | Running predict_daily_triple.py
2026-01-27 05:24:01,236 | INFO | Rainfall window: 2025-12-27 → 2026-01-25 (29 files, 1 missing → zero-filled).
Sampling rainfall at 2,452 PRISM grid cells…
Sampling static attributes at grid centers…
Running models…
/Users/wonjunchoi/PycharmProjects/realtime-buncombe/venv/lib/python3.9/site-packages/sklearn/utils/validation.py:2732: UserWarning: X has feature names, but RandomForestClassifier was fitted without feature names
  warnings.warn(
ok: wrote 2,452 rows for 2026-01-26 (rainfall through 2026-01-25)
parquet: /Users/wonjunchoi/PycharmProjects/realtime-buncombe/predictions/historicData/2026/01/predictions_2026-01-26.parquet
geojson: /Users/wonjunchoi/PycharmProjects/realtime-buncombe/predictions/historicData/2026/01/map_2026-01-26.geojson
meta: /Users/wonjunchoi/PycharmProjects/realtime-buncombe/predictions/historicData/2026/01/meta_2026-01-26.json
latest: /Users/wonjunchoi/PycharmProjects/realtime-buncombe/predictions/latest.geojson, /Users/wonjunchoi/PycharmProjects/realtime-buncombe/predictions/latest.json
manifest: /Users/wonjunchoi/PycharmProjects/realtime-buncombe/predictions/index.json
2026-01-27 05:24:01,238 | INFO | Committing and pushing changes
2026-01-27 05:24:01,883 | INFO | [main 0f5c288] Auto-update: rainfall & predictions @ 2026-01-27 05:24:01
 7 files changed, 126 insertions(+), 6 deletions(-)
 create mode 100644 predictions/historicData/2026/01/map_2026-01-26.geojson
 create mode 100644 predictions/historicData/2026/01/meta_2026-01-26.json
 create mode 100644 predictions/historicData/2026/01/predictions_2026-01-26.parquet
2026-01-27 05:24:06,053 | INFO | Locking support detected on remote "origin". Consider enabling it with:
  $ git config lfs.https://github.com-buncombe/WonjunChoi1004/realtime-buncombe.git/info/lfs.locksverify true
To github.com-buncombe:WonjunChoi1004/realtime-buncombe.git
   df7eb24..0f5c288  main -> main
2026-01-27 05:24:06,054 | INFO | Push succeeded.
▶️ Running daily auto-update job...
✅ Already ran today, skipping.
✅ Already ran today, skipping.
✅ Already ran today, skipping.
✅ Already ran today, skipping.
2026-01-28 01:49:27,386 | WARNING | No internet connection — delaying run. Retrying in 15 minutes...
2026-01-28 02:26:53,083 | INFO | Internet connection detected. Proceeding with update.
2026-01-28 02:26:53,086 | INFO | Running download_prism_daily.py
2026-01-28 02:27:11,037 | INFO | /Users/wonjunchoi/PycharmProjects/realtime-buncombe/venv/lib/python3.9/site-packages/urllib3/__init__.py:35: NotOpenSSLWarning: urllib3 v2 only supports OpenSSL 1.1.1+, currently the 'ssl' module is compiled with 'LibreSSL 2.8.3'. See: https://github.com/urllib3/urllib3/issues/3020
  warnings.warn(
[SKIP] 2026-01-27 not found online.
[GET ] 2026-01-26 → https://data.prism.oregonstate.edu/time_series/us/an/800m/ppt/daily/2026/prism_ppt_us_30s_20260126.zip
[DONE] Updated ZIP for 2026-01-26
[MISS] 2026-01-26 missing expanded .tif — extracting now.
[UNZIP] Extracted → /Users/wonjunchoi/PycharmProjects/realtime-buncombe/data/rain/prism_ppt_us_30s_20260126
[CLEAN] 2026-01-26 removed ZIP after extraction.
[OK  ] 2026-01-25 metadata matches remote
[OK  ] 2026-01-25 expanded data present (prism_ppt_us_30s_20260125.tif)
[OK  ] 2026-01-24 metadata matches remote
[OK  ] 2026-01-24 expanded data present (prism_ppt_us_30s_20260124.tif)
[OK  ] 2026-01-23 metadata matches remote
[OK  ] 2026-01-23 expanded data present (prism_ppt_us_30s_20260123.tif)
[CLEAN] 2026-01-22 removed old expanded folder → prism_ppt_us_30s_20260122
[GET ] 2026-01-22 → https://data.prism.oregonstate.edu/time_series/us/an/800m/ppt/daily/2026/prism_ppt_us_30s_20260122.zip
[DONE] Updated ZIP for 2026-01-22
[MISS] 2026-01-22 missing expanded .tif — extracting now.
[UNZIP] Extracted → /Users/wonjunchoi/PycharmProjects/realtime-buncombe/data/rain/prism_ppt_us_30s_20260122
[CLEAN] 2026-01-22 removed ZIP after extraction.
[OK  ] 2026-01-21 metadata matches remote
[OK  ] 2026-01-21 expanded data present (prism_ppt_us_30s_20260121.tif)
[OK  ] 2026-01-20 metadata matches remote
[OK  ] 2026-01-20 expanded data present (prism_ppt_us_30s_20260120.tif)
[OK  ] 2026-01-19 metadata matches remote
[OK  ] 2026-01-19 expanded data present (prism_ppt_us_30s_20260119.tif)
[OK  ] 2026-01-18 metadata matches remote
[OK  ] 2026-01-18 expanded data present (prism_ppt_us_30s_20260118.tif)
[OK  ] 2026-01-17 metadata matches remote
[OK  ] 2026-01-17 expanded data present (prism_ppt_us_30s_20260117.tif)
[OK  ] 2026-01-16 metadata matches remote
[OK  ] 2026-01-16 expanded data present (prism_ppt_us_30s_20260116.tif)
[OK  ] 2026-01-15 metadata matches remote
[OK  ] 2026-01-15 expanded data present (prism_ppt_us_30s_20260115.tif)
[OK  ] 2026-01-14 metadata matches remote
[OK  ] 2026-01-14 expanded data present (prism_ppt_us_30s_20260114.tif)
[OK  ] 2026-01-13 metadata matches remote
[OK  ] 2026-01-13 expanded data present (prism_ppt_us_30s_20260113.tif)
[OK  ] 2026-01-12 metadata matches remote
[OK  ] 2026-01-12 expanded data present (prism_ppt_us_30s_20260112.tif)
[OK  ] 2026-01-11 metadata matches remote
[OK  ] 2026-01-11 expanded data present (prism_ppt_us_30s_20260111.tif)
[OK  ] 2026-01-10 metadata matches remote
[OK  ] 2026-01-10 expanded data present (prism_ppt_us_30s_20260110.tif)
[OK  ] 2026-01-09 metadata matches remote
[OK  ] 2026-01-09 expanded data present (prism_ppt_us_30s_20260109.tif)
[OK  ] 2026-01-08 metadata matches remote
[OK  ] 2026-01-08 expanded data present (prism_ppt_us_30s_20260108.tif)
[OK  ] 2026-01-07 metadata matches remote
[OK  ] 2026-01-07 expanded data present (prism_ppt_us_30s_20260107.tif)
[OK  ] 2026-01-06 metadata matches remote
[OK  ] 2026-01-06 expanded data present (prism_ppt_us_30s_20260106.tif)
[OK  ] 2026-01-05 metadata matches remote
[OK  ] 2026-01-05 expanded data present (prism_ppt_us_30s_20260105.tif)
[OK  ] 2026-01-04 metadata matches remote
[OK  ] 2026-01-04 expanded data present (prism_ppt_us_30s_20260104.tif)
[OK  ] 2026-01-03 metadata matches remote
[OK  ] 2026-01-03 expanded data present (prism_ppt_us_30s_20260103.tif)
[OK  ] 2026-01-02 metadata matches remote
[OK  ] 2026-01-02 expanded data present (prism_ppt_us_30s_20260102.tif)
[OK  ] 2026-01-01 metadata matches remote
[OK  ] 2026-01-01 expanded data present (prism_ppt_us_30s_20260101.tif)
[OK  ] 2025-12-31 metadata matches remote
[OK  ] 2025-12-31 expanded data present (prism_ppt_us_30s_20251231.tif)
[OK  ] 2025-12-30 metadata matches remote
[OK  ] 2025-12-30 expanded data present (prism_ppt_us_30s_20251230.tif)
[OK  ] 2025-12-29 metadata matches remote
[OK  ] 2025-12-29 expanded data present (prism_ppt_us_30s_20251229.tif)
[INFO] Pruning files outside the past window...
[PRUNE] Removed old folder → prism_ppt_us_30s_20251228
[PRUNE] Removed old file → prism_ppt_us_30s_20251228.meta.json
2026-01-28 02:27:11,038 | INFO | Running predict_daily_triple.py
2026-01-28 02:51:50,049 | INFO | Rainfall window: 2025-12-28 → 2026-01-26 (29 files, 1 missing → zero-filled).
Sampling rainfall at 2,452 PRISM grid cells…
Sampling static attributes at grid centers…
Running models…
/Users/wonjunchoi/PycharmProjects/realtime-buncombe/venv/lib/python3.9/site-packages/sklearn/utils/validation.py:2732: UserWarning: X has feature names, but RandomForestClassifier was fitted without feature names
  warnings.warn(
ok: wrote 2,452 rows for 2026-01-27 (rainfall through 2026-01-26)
parquet: /Users/wonjunchoi/PycharmProjects/realtime-buncombe/predictions/historicData/2026/01/predictions_2026-01-27.parquet
geojson: /Users/wonjunchoi/PycharmProjects/realtime-buncombe/predictions/historicData/2026/01/map_2026-01-27.geojson
meta: /Users/wonjunchoi/PycharmProjects/realtime-buncombe/predictions/historicData/2026/01/meta_2026-01-27.json
latest: /Users/wonjunchoi/PycharmProjects/realtime-buncombe/predictions/latest.geojson, /Users/wonjunchoi/PycharmProjects/realtime-buncombe/predictions/latest.json
manifest: /Users/wonjunchoi/PycharmProjects/realtime-buncombe/predictions/index.json
2026-01-28 02:51:50,052 | INFO | Committing and pushing changes
2026-01-28 02:51:50,706 | INFO | [main e517822] Auto-update: rainfall & predictions @ 2026-01-28 02:51:50
 7 files changed, 136 insertions(+), 7 deletions(-)
 create mode 100644 predictions/historicData/2026/01/map_2026-01-27.geojson
 create mode 100644 predictions/historicData/2026/01/meta_2026-01-27.json
 create mode 100644 predictions/historicData/2026/01/predictions_2026-01-27.parquet
2026-01-28 02:51:55,256 | INFO | Locking support detected on remote "origin". Consider enabling it with:
  $ git config lfs.https://github.com-buncombe/WonjunChoi1004/realtime-buncombe.git/info/lfs.locksverify true
Uploading LFS objects: 100% (1/1), 112 KB | 0 B/s, done.
To github.com-buncombe:WonjunChoi1004/realtime-buncombe.git
   0f5c288..e517822  main -> main
2026-01-28 02:51:55,257 | INFO | Push succeeded.
▶️ Running daily auto-update job...
✅ Already ran today, skipping.
✅ Already ran today, skipping.
✅ Already ran today, skipping.
✅ Already ran today, skipping.
✅ Already ran today, skipping.
2026-01-29 01:40:40,123 | WARNING | No internet connection — delaying run. Retrying in 15 minutes...
2026-01-29 01:55:40,177 | INFO | Internet connection detected. Proceeding with update.
2026-01-29 01:55:40,183 | INFO | Running download_prism_daily.py
2026-01-29 01:55:57,186 | INFO | /Users/wonjunchoi/PycharmProjects/realtime-buncombe/venv/lib/python3.9/site-packages/urllib3/__init__.py:35: NotOpenSSLWarning: urllib3 v2 only supports OpenSSL 1.1.1+, currently the 'ssl' module is compiled with 'LibreSSL 2.8.3'. See: https://github.com/urllib3/urllib3/issues/3020
  warnings.warn(
[SKIP] 2026-01-28 not found online.
[GET ] 2026-01-27 → https://data.prism.oregonstate.edu/time_series/us/an/800m/ppt/daily/2026/prism_ppt_us_30s_20260127.zip
[DONE] Updated ZIP for 2026-01-27
[MISS] 2026-01-27 missing expanded .tif — extracting now.
[UNZIP] Extracted → /Users/wonjunchoi/PycharmProjects/realtime-buncombe/data/rain/prism_ppt_us_30s_20260127
[CLEAN] 2026-01-27 removed ZIP after extraction.
[OK  ] 2026-01-26 metadata matches remote
[OK  ] 2026-01-26 expanded data present (prism_ppt_us_30s_20260126.tif)
[OK  ] 2026-01-25 metadata matches remote
[OK  ] 2026-01-25 expanded data present (prism_ppt_us_30s_20260125.tif)
[OK  ] 2026-01-24 metadata matches remote
[OK  ] 2026-01-24 expanded data present (prism_ppt_us_30s_20260124.tif)
[CLEAN] 2026-01-23 removed old expanded folder → prism_ppt_us_30s_20260123
[GET ] 2026-01-23 → https://data.prism.oregonstate.edu/time_series/us/an/800m/ppt/daily/2026/prism_ppt_us_30s_20260123.zip
[DONE] Updated ZIP for 2026-01-23
[MISS] 2026-01-23 missing expanded .tif — extracting now.
[UNZIP] Extracted → /Users/wonjunchoi/PycharmProjects/realtime-buncombe/data/rain/prism_ppt_us_30s_20260123
[CLEAN] 2026-01-23 removed ZIP after extraction.
[OK  ] 2026-01-22 metadata matches remote
[OK  ] 2026-01-22 expanded data present (prism_ppt_us_30s_20260122.tif)
[OK  ] 2026-01-21 metadata matches remote
[OK  ] 2026-01-21 expanded data present (prism_ppt_us_30s_20260121.tif)
[OK  ] 2026-01-20 metadata matches remote
[OK  ] 2026-01-20 expanded data present (prism_ppt_us_30s_20260120.tif)
[OK  ] 2026-01-19 metadata matches remote
[OK  ] 2026-01-19 expanded data present (prism_ppt_us_30s_20260119.tif)
[OK  ] 2026-01-18 metadata matches remote
[OK  ] 2026-01-18 expanded data present (prism_ppt_us_30s_20260118.tif)
[OK  ] 2026-01-17 metadata matches remote
[OK  ] 2026-01-17 expanded data present (prism_ppt_us_30s_20260117.tif)
[OK  ] 2026-01-16 metadata matches remote
[OK  ] 2026-01-16 expanded data present (prism_ppt_us_30s_20260116.tif)
[OK  ] 2026-01-15 metadata matches remote
[OK  ] 2026-01-15 expanded data present (prism_ppt_us_30s_20260115.tif)
[OK  ] 2026-01-14 metadata matches remote
[OK  ] 2026-01-14 expanded data present (prism_ppt_us_30s_20260114.tif)
[OK  ] 2026-01-13 metadata matches remote
[OK  ] 2026-01-13 expanded data present (prism_ppt_us_30s_20260113.tif)
[OK  ] 2026-01-12 metadata matches remote
[OK  ] 2026-01-12 expanded data present (prism_ppt_us_30s_20260112.tif)
[OK  ] 2026-01-11 metadata matches remote
[OK  ] 2026-01-11 expanded data present (prism_ppt_us_30s_20260111.tif)
[OK  ] 2026-01-10 metadata matches remote
[OK  ] 2026-01-10 expanded data present (prism_ppt_us_30s_20260110.tif)
[OK  ] 2026-01-09 metadata matches remote
[OK  ] 2026-01-09 expanded data present (prism_ppt_us_30s_20260109.tif)
[OK  ] 2026-01-08 metadata matches remote
[OK  ] 2026-01-08 expanded data present (prism_ppt_us_30s_20260108.tif)
[OK  ] 2026-01-07 metadata matches remote
[OK  ] 2026-01-07 expanded data present (prism_ppt_us_30s_20260107.tif)
[OK  ] 2026-01-06 metadata matches remote
[OK  ] 2026-01-06 expanded data present (prism_ppt_us_30s_20260106.tif)
[OK  ] 2026-01-05 metadata matches remote
[OK  ] 2026-01-05 expanded data present (prism_ppt_us_30s_20260105.tif)
[OK  ] 2026-01-04 metadata matches remote
[OK  ] 2026-01-04 expanded data present (prism_ppt_us_30s_20260104.tif)
[OK  ] 2026-01-03 metadata matches remote
[OK  ] 2026-01-03 expanded data present (prism_ppt_us_30s_20260103.tif)
[OK  ] 2026-01-02 metadata matches remote
[OK  ] 2026-01-02 expanded data present (prism_ppt_us_30s_20260102.tif)
[OK  ] 2026-01-01 metadata matches remote
[OK  ] 2026-01-01 expanded data present (prism_ppt_us_30s_20260101.tif)
[OK  ] 2025-12-31 metadata matches remote
[OK  ] 2025-12-31 expanded data present (prism_ppt_us_30s_20251231.tif)
[OK  ] 2025-12-30 metadata matches remote
[OK  ] 2025-12-30 expanded data present (prism_ppt_us_30s_20251230.tif)
[INFO] Pruning files outside the past window...
[PRUNE] Removed old folder → prism_ppt_us_30s_20251229
[PRUNE] Removed old file → prism_ppt_us_30s_20251229.meta.json
2026-01-29 01:55:57,187 | INFO | Running predict_daily_triple.py
2026-01-29 02:26:49,828 | INFO | Rainfall window: 2025-12-29 → 2026-01-27 (29 files, 1 missing → zero-filled).
Sampling rainfall at 2,452 PRISM grid cells…
Sampling static attributes at grid centers…
Running models…
/Users/wonjunchoi/PycharmProjects/realtime-buncombe/venv/lib/python3.9/site-packages/sklearn/utils/validation.py:2732: UserWarning: X has feature names, but RandomForestClassifier was fitted without feature names
  warnings.warn(
ok: wrote 2,452 rows for 2026-01-28 (rainfall through 2026-01-27)
parquet: /Users/wonjunchoi/PycharmProjects/realtime-buncombe/predictions/historicData/2026/01/predictions_2026-01-28.parquet
geojson: /Users/wonjunchoi/PycharmProjects/realtime-buncombe/predictions/historicData/2026/01/map_2026-01-28.geojson
meta: /Users/wonjunchoi/PycharmProjects/realtime-buncombe/predictions/historicData/2026/01/meta_2026-01-28.json
latest: /Users/wonjunchoi/PycharmProjects/realtime-buncombe/predictions/latest.geojson, /Users/wonjunchoi/PycharmProjects/realtime-buncombe/predictions/latest.json
manifest: /Users/wonjunchoi/PycharmProjects/realtime-buncombe/predictions/index.json
2026-01-29 02:26:49,831 | INFO | Committing and pushing changes
2026-01-29 02:26:50,778 | INFO | [main 271745b] Auto-update: rainfall & predictions @ 2026-01-29 02:26:50
 7 files changed, 138 insertions(+), 7 deletions(-)
 create mode 100644 predictions/historicData/2026/01/map_2026-01-28.geojson
 create mode 100644 predictions/historicData/2026/01/meta_2026-01-28.json
 create mode 100644 predictions/historicData/2026/01/predictions_2026-01-28.parquet
2026-01-29 02:26:55,899 | INFO | Locking support detected on remote "origin". Consider enabling it with:
  $ git config lfs.https://github.com-buncombe/WonjunChoi1004/realtime-buncombe.git/info/lfs.locksverify true
Uploading LFS objects: 100% (1/1), 102 KB | 0 B/s, done.
To github.com-buncombe:WonjunChoi1004/realtime-buncombe.git
   e517822..271745b  main -> main
2026-01-29 02:26:55,900 | INFO | Push succeeded.
▶️ Running daily auto-update job...
✅ Already ran today, skipping.
✅ Already ran today, skipping.
✅ Already ran today, skipping.
2026-01-30 05:00:01,011 | INFO | Internet connection detected. Proceeding with update.
2026-01-30 05:00:01,012 | INFO | Running download_prism_daily.py
2026-01-30 05:00:18,678 | INFO | /Users/wonjunchoi/PycharmProjects/realtime-buncombe/venv/lib/python3.9/site-packages/urllib3/__init__.py:35: NotOpenSSLWarning: urllib3 v2 only supports OpenSSL 1.1.1+, currently the 'ssl' module is compiled with 'LibreSSL 2.8.3'. See: https://github.com/urllib3/urllib3/issues/3020
  warnings.warn(
[SKIP] 2026-01-29 not found online.
[GET ] 2026-01-28 → https://data.prism.oregonstate.edu/time_series/us/an/800m/ppt/daily/2026/prism_ppt_us_30s_20260128.zip
[DONE] Updated ZIP for 2026-01-28
[MISS] 2026-01-28 missing expanded .tif — extracting now.
[UNZIP] Extracted → /Users/wonjunchoi/PycharmProjects/realtime-buncombe/data/rain/prism_ppt_us_30s_20260128
[CLEAN] 2026-01-28 removed ZIP after extraction.
[OK  ] 2026-01-27 metadata matches remote
[OK  ] 2026-01-27 expanded data present (prism_ppt_us_30s_20260127.tif)
[OK  ] 2026-01-26 metadata matches remote
[OK  ] 2026-01-26 expanded data present (prism_ppt_us_30s_20260126.tif)
[OK  ] 2026-01-25 metadata matches remote
[OK  ] 2026-01-25 expanded data present (prism_ppt_us_30s_20260125.tif)
[CLEAN] 2026-01-24 removed old expanded folder → prism_ppt_us_30s_20260124
[GET ] 2026-01-24 → https://data.prism.oregonstate.edu/time_series/us/an/800m/ppt/daily/2026/prism_ppt_us_30s_20260124.zip
[DONE] Updated ZIP for 2026-01-24
[MISS] 2026-01-24 missing expanded .tif — extracting now.
[UNZIP] Extracted → /Users/wonjunchoi/PycharmProjects/realtime-buncombe/data/rain/prism_ppt_us_30s_20260124
[CLEAN] 2026-01-24 removed ZIP after extraction.
[OK  ] 2026-01-23 metadata matches remote
[OK  ] 2026-01-23 expanded data present (prism_ppt_us_30s_20260123.tif)
[OK  ] 2026-01-22 metadata matches remote
[OK  ] 2026-01-22 expanded data present (prism_ppt_us_30s_20260122.tif)
[OK  ] 2026-01-21 metadata matches remote
[OK  ] 2026-01-21 expanded data present (prism_ppt_us_30s_20260121.tif)
[OK  ] 2026-01-20 metadata matches remote
[OK  ] 2026-01-20 expanded data present (prism_ppt_us_30s_20260120.tif)
[OK  ] 2026-01-19 metadata matches remote
[OK  ] 2026-01-19 expanded data present (prism_ppt_us_30s_20260119.tif)
[OK  ] 2026-01-18 metadata matches remote
[OK  ] 2026-01-18 expanded data present (prism_ppt_us_30s_20260118.tif)
[OK  ] 2026-01-17 metadata matches remote
[OK  ] 2026-01-17 expanded data present (prism_ppt_us_30s_20260117.tif)
[OK  ] 2026-01-16 metadata matches remote
[OK  ] 2026-01-16 expanded data present (prism_ppt_us_30s_20260116.tif)
[OK  ] 2026-01-15 metadata matches remote
[OK  ] 2026-01-15 expanded data present (prism_ppt_us_30s_20260115.tif)
[OK  ] 2026-01-14 metadata matches remote
[OK  ] 2026-01-14 expanded data present (prism_ppt_us_30s_20260114.tif)
[OK  ] 2026-01-13 metadata matches remote
[OK  ] 2026-01-13 expanded data present (prism_ppt_us_30s_20260113.tif)
[OK  ] 2026-01-12 metadata matches remote
[OK  ] 2026-01-12 expanded data present (prism_ppt_us_30s_20260112.tif)
[OK  ] 2026-01-11 metadata matches remote
[OK  ] 2026-01-11 expanded data present (prism_ppt_us_30s_20260111.tif)
[OK  ] 2026-01-10 metadata matches remote
[OK  ] 2026-01-10 expanded data present (prism_ppt_us_30s_20260110.tif)
[OK  ] 2026-01-09 metadata matches remote
[OK  ] 2026-01-09 expanded data present (prism_ppt_us_30s_20260109.tif)
[OK  ] 2026-01-08 metadata matches remote
[OK  ] 2026-01-08 expanded data present (prism_ppt_us_30s_20260108.tif)
[OK  ] 2026-01-07 metadata matches remote
[OK  ] 2026-01-07 expanded data present (prism_ppt_us_30s_20260107.tif)
[OK  ] 2026-01-06 metadata matches remote
[OK  ] 2026-01-06 expanded data present (prism_ppt_us_30s_20260106.tif)
[OK  ] 2026-01-05 metadata matches remote
[OK  ] 2026-01-05 expanded data present (prism_ppt_us_30s_20260105.tif)
[OK  ] 2026-01-04 metadata matches remote
[OK  ] 2026-01-04 expanded data present (prism_ppt_us_30s_20260104.tif)
[OK  ] 2026-01-03 metadata matches remote
[OK  ] 2026-01-03 expanded data present (prism_ppt_us_30s_20260103.tif)
[OK  ] 2026-01-02 metadata matches remote
[OK  ] 2026-01-02 expanded data present (prism_ppt_us_30s_20260102.tif)
[OK  ] 2026-01-01 metadata matches remote
[OK  ] 2026-01-01 expanded data present (prism_ppt_us_30s_20260101.tif)
[OK  ] 2025-12-31 metadata matches remote
[OK  ] 2025-12-31 expanded data present (prism_ppt_us_30s_20251231.tif)
[INFO] Pruning files outside the past window...
[PRUNE] Removed old file → prism_ppt_us_30s_20251230.meta.json
[PRUNE] Removed old folder → prism_ppt_us_30s_20251230
2026-01-30 05:00:18,679 | INFO | Running predict_daily_triple.py
2026-01-30 05:22:57,632 | INFO | Rainfall window: 2025-12-30 → 2026-01-28 (29 files, 1 missing → zero-filled).
Sampling rainfall at 2,452 PRISM grid cells…
Sampling static attributes at grid centers…
Running models…
/Users/wonjunchoi/PycharmProjects/realtime-buncombe/venv/lib/python3.9/site-packages/sklearn/utils/validation.py:2732: UserWarning: X has feature names, but RandomForestClassifier was fitted without feature names
  warnings.warn(
ok: wrote 2,452 rows for 2026-01-29 (rainfall through 2026-01-28)
parquet: /Users/wonjunchoi/PycharmProjects/realtime-buncombe/predictions/historicData/2026/01/predictions_2026-01-29.parquet
geojson: /Users/wonjunchoi/PycharmProjects/realtime-buncombe/predictions/historicData/2026/01/map_2026-01-29.geojson
meta: /Users/wonjunchoi/PycharmProjects/realtime-buncombe/predictions/historicData/2026/01/meta_2026-01-29.json
latest: /Users/wonjunchoi/PycharmProjects/realtime-buncombe/predictions/latest.geojson, /Users/wonjunchoi/PycharmProjects/realtime-buncombe/predictions/latest.json
manifest: /Users/wonjunchoi/PycharmProjects/realtime-buncombe/predictions/index.json
2026-01-30 05:22:57,634 | INFO | Committing and pushing changes
2026-01-30 05:22:58,357 | INFO | [main cbdf09c] Auto-update: rainfall & predictions @ 2026-01-30 05:22:57
 7 files changed, 135 insertions(+), 7 deletions(-)
 create mode 100644 predictions/historicData/2026/01/map_2026-01-29.geojson
 create mode 100644 predictions/historicData/2026/01/meta_2026-01-29.json
 create mode 100644 predictions/historicData/2026/01/predictions_2026-01-29.parquet
2026-01-30 05:23:03,134 | INFO | Locking support detected on remote "origin". Consider enabling it with:
  $ git config lfs.https://github.com-buncombe/WonjunChoi1004/realtime-buncombe.git/info/lfs.locksverify true
Uploading LFS objects: 100% (1/1), 100 KB | 0 B/s, done.
To github.com-buncombe:WonjunChoi1004/realtime-buncombe.git
   271745b..cbdf09c  main -> main
2026-01-30 05:23:03,134 | INFO | Push succeeded.
▶️ Running daily auto-update job...
✅ Already ran today, skipping.
2026-01-31 01:27:05,205 | WARNING | No internet connection — delaying run. Retrying in 15 minutes...
2026-01-31 05:03:14,110 | INFO | Internet connection detected. Proceeding with update.
2026-01-31 05:03:14,111 | INFO | Running download_prism_daily.py
2026-01-31 05:07:50,805 | INFO | /Users/wonjunchoi/PycharmProjects/realtime-buncombe/venv/lib/python3.9/site-packages/urllib3/__init__.py:35: NotOpenSSLWarning: urllib3 v2 only supports OpenSSL 1.1.1+, currently the 'ssl' module is compiled with 'LibreSSL 2.8.3'. See: https://github.com/urllib3/urllib3/issues/3020
  warnings.warn(
[SKIP] 2026-01-30 not found online.
[GET ] 2026-01-29 → https://data.prism.oregonstate.edu/time_series/us/an/800m/ppt/daily/2026/prism_ppt_us_30s_20260129.zip
[DONE] Updated ZIP for 2026-01-29
[MISS] 2026-01-29 missing expanded .tif — extracting now.
[UNZIP] Extracted → /Users/wonjunchoi/PycharmProjects/realtime-buncombe/data/rain/prism_ppt_us_30s_20260129
[CLEAN] 2026-01-29 removed ZIP after extraction.
[OK  ] 2026-01-28 metadata matches remote
[OK  ] 2026-01-28 expanded data present (prism_ppt_us_30s_20260128.tif)
[OK  ] 2026-01-27 metadata matches remote
[OK  ] 2026-01-27 expanded data present (prism_ppt_us_30s_20260127.tif)
[OK  ] 2026-01-26 metadata matches remote
[OK  ] 2026-01-26 expanded data present (prism_ppt_us_30s_20260126.tif)
[CLEAN] 2026-01-25 removed old expanded folder → prism_ppt_us_30s_20260125
[GET ] 2026-01-25 → https://data.prism.oregonstate.edu/time_series/us/an/800m/ppt/daily/2026/prism_ppt_us_30s_20260125.zip
[DONE] Updated ZIP for 2026-01-25
[MISS] 2026-01-25 missing expanded .tif — extracting now.
[UNZIP] Extracted → /Users/wonjunchoi/PycharmProjects/realtime-buncombe/data/rain/prism_ppt_us_30s_20260125
[CLEAN] 2026-01-25 removed ZIP after extraction.
[OK  ] 2026-01-24 metadata matches remote
[OK  ] 2026-01-24 expanded data present (prism_ppt_us_30s_20260124.tif)
[OK  ] 2026-01-23 metadata matches remote
[OK  ] 2026-01-23 expanded data present (prism_ppt_us_30s_20260123.tif)
[OK  ] 2026-01-22 metadata matches remote
[OK  ] 2026-01-22 expanded data present (prism_ppt_us_30s_20260122.tif)
[OK  ] 2026-01-21 metadata matches remote
[OK  ] 2026-01-21 expanded data present (prism_ppt_us_30s_20260121.tif)
[OK  ] 2026-01-20 metadata matches remote
[OK  ] 2026-01-20 expanded data present (prism_ppt_us_30s_20260120.tif)
[OK  ] 2026-01-19 metadata matches remote
[OK  ] 2026-01-19 expanded data present (prism_ppt_us_30s_20260119.tif)
[OK  ] 2026-01-18 metadata matches remote
[OK  ] 2026-01-18 expanded data present (prism_ppt_us_30s_20260118.tif)
[OK  ] 2026-01-17 metadata matches remote
[OK  ] 2026-01-17 expanded data present (prism_ppt_us_30s_20260117.tif)
[OK  ] 2026-01-16 metadata matches remote
[OK  ] 2026-01-16 expanded data present (prism_ppt_us_30s_20260116.tif)
[OK  ] 2026-01-15 metadata matches remote
[OK  ] 2026-01-15 expanded data present (prism_ppt_us_30s_20260115.tif)
[OK  ] 2026-01-14 metadata matches remote
[OK  ] 2026-01-14 expanded data present (prism_ppt_us_30s_20260114.tif)
[OK  ] 2026-01-13 metadata matches remote
[OK  ] 2026-01-13 expanded data present (prism_ppt_us_30s_20260113.tif)
[OK  ] 2026-01-12 metadata matches remote
[OK  ] 2026-01-12 expanded data present (prism_ppt_us_30s_20260112.tif)
[OK  ] 2026-01-11 metadata matches remote
[OK  ] 2026-01-11 expanded data present (prism_ppt_us_30s_20260111.tif)
[OK  ] 2026-01-10 metadata matches remote
[OK  ] 2026-01-10 expanded data present (prism_ppt_us_30s_20260110.tif)
[OK  ] 2026-01-09 metadata matches remote
[OK  ] 2026-01-09 expanded data present (prism_ppt_us_30s_20260109.tif)
[OK  ] 2026-01-08 metadata matches remote
[OK  ] 2026-01-08 expanded data present (prism_ppt_us_30s_20260108.tif)
[OK  ] 2026-01-07 metadata matches remote
[OK  ] 2026-01-07 expanded data present (prism_ppt_us_30s_20260107.tif)
[OK  ] 2026-01-06 metadata matches remote
[OK  ] 2026-01-06 expanded data present (prism_ppt_us_30s_20260106.tif)
[OK  ] 2026-01-05 metadata matches remote
[OK  ] 2026-01-05 expanded data present (prism_ppt_us_30s_20260105.tif)
[OK  ] 2026-01-04 metadata matches remote
[OK  ] 2026-01-04 expanded data present (prism_ppt_us_30s_20260104.tif)
[OK  ] 2026-01-03 metadata matches remote
[OK  ] 2026-01-03 expanded data present (prism_ppt_us_30s_20260103.tif)
[OK  ] 2026-01-02 metadata matches remote
[OK  ] 2026-01-02 expanded data present (prism_ppt_us_30s_20260102.tif)
[OK  ] 2026-01-01 metadata matches remote
[OK  ] 2026-01-01 expanded data present (prism_ppt_us_30s_20260101.tif)
[INFO] Pruning files outside the past window...
[PRUNE] Removed old file → prism_ppt_us_30s_20251231.meta.json
[PRUNE] Removed old folder → prism_ppt_us_30s_20251231
2026-01-31 05:07:50,806 | INFO | Running predict_daily_triple.py
2026-01-31 06:10:25,790 | INFO | Internet connection detected. Proceeding with update.
2026-01-31 06:10:25,791 | INFO | Running download_prism_daily.py
2026-01-31 06:10:38,524 | INFO | /Users/wonjunchoi/PycharmProjects/realtime-buncombe/venv/lib/python3.9/site-packages/urllib3/__init__.py:35: NotOpenSSLWarning: urllib3 v2 only supports OpenSSL 1.1.1+, currently the 'ssl' module is compiled with 'LibreSSL 2.8.3'. See: https://github.com/urllib3/urllib3/issues/3020
  warnings.warn(
[SKIP] 2026-01-30 not found online.
[OK  ] 2026-01-29 metadata matches remote
[OK  ] 2026-01-29 expanded data present (prism_ppt_us_30s_20260129.tif)
[OK  ] 2026-01-28 metadata matches remote
[OK  ] 2026-01-28 expanded data present (prism_ppt_us_30s_20260128.tif)
[OK  ] 2026-01-27 metadata matches remote
[OK  ] 2026-01-27 expanded data present (prism_ppt_us_30s_20260127.tif)
[OK  ] 2026-01-26 metadata matches remote
[OK  ] 2026-01-26 expanded data present (prism_ppt_us_30s_20260126.tif)
[OK  ] 2026-01-25 metadata matches remote
[OK  ] 2026-01-25 expanded data present (prism_ppt_us_30s_20260125.tif)
[OK  ] 2026-01-24 metadata matches remote
[OK  ] 2026-01-24 expanded data present (prism_ppt_us_30s_20260124.tif)
[OK  ] 2026-01-23 metadata matches remote
[OK  ] 2026-01-23 expanded data present (prism_ppt_us_30s_20260123.tif)
[OK  ] 2026-01-22 metadata matches remote
[OK  ] 2026-01-22 expanded data present (prism_ppt_us_30s_20260122.tif)
[OK  ] 2026-01-21 metadata matches remote
[OK  ] 2026-01-21 expanded data present (prism_ppt_us_30s_20260121.tif)
[OK  ] 2026-01-20 metadata matches remote
[OK  ] 2026-01-20 expanded data present (prism_ppt_us_30s_20260120.tif)
[OK  ] 2026-01-19 metadata matches remote
[OK  ] 2026-01-19 expanded data present (prism_ppt_us_30s_20260119.tif)
[OK  ] 2026-01-18 metadata matches remote
[OK  ] 2026-01-18 expanded data present (prism_ppt_us_30s_20260118.tif)
[OK  ] 2026-01-17 metadata matches remote
[OK  ] 2026-01-17 expanded data present (prism_ppt_us_30s_20260117.tif)
[OK  ] 2026-01-16 metadata matches remote
[OK  ] 2026-01-16 expanded data present (prism_ppt_us_30s_20260116.tif)
[OK  ] 2026-01-15 metadata matches remote
[OK  ] 2026-01-15 expanded data present (prism_ppt_us_30s_20260115.tif)
[OK  ] 2026-01-14 metadata matches remote
[OK  ] 2026-01-14 expanded data present (prism_ppt_us_30s_20260114.tif)
[OK  ] 2026-01-13 metadata matches remote
[OK  ] 2026-01-13 expanded data present (prism_ppt_us_30s_20260113.tif)
[OK  ] 2026-01-12 metadata matches remote
[OK  ] 2026-01-12 expanded data present (prism_ppt_us_30s_20260112.tif)
[OK  ] 2026-01-11 metadata matches remote
[OK  ] 2026-01-11 expanded data present (prism_ppt_us_30s_20260111.tif)
[OK  ] 2026-01-10 metadata matches remote
[OK  ] 2026-01-10 expanded data present (prism_ppt_us_30s_20260110.tif)
[OK  ] 2026-01-09 metadata matches remote
[OK  ] 2026-01-09 expanded data present (prism_ppt_us_30s_20260109.tif)
[OK  ] 2026-01-08 metadata matches remote
[OK  ] 2026-01-08 expanded data present (prism_ppt_us_30s_20260108.tif)
[OK  ] 2026-01-07 metadata matches remote
[OK  ] 2026-01-07 expanded data present (prism_ppt_us_30s_20260107.tif)
[OK  ] 2026-01-06 metadata matches remote
[OK  ] 2026-01-06 expanded data present (prism_ppt_us_30s_20260106.tif)
[OK  ] 2026-01-05 metadata matches remote
[OK  ] 2026-01-05 expanded data present (prism_ppt_us_30s_20260105.tif)
[OK  ] 2026-01-04 metadata matches remote
[OK  ] 2026-01-04 expanded data present (prism_ppt_us_30s_20260104.tif)
[OK  ] 2026-01-03 metadata matches remote
[OK  ] 2026-01-03 expanded data present (prism_ppt_us_30s_20260103.tif)
[OK  ] 2026-01-02 metadata matches remote
[OK  ] 2026-01-02 expanded data present (prism_ppt_us_30s_20260102.tif)
[OK  ] 2026-01-01 metadata matches remote
[OK  ] 2026-01-01 expanded data present (prism_ppt_us_30s_20260101.tif)
[INFO] Pruning files outside the past window...
2026-01-31 06:10:38,525 | INFO | Running predict_daily_triple.py
2026-01-31 12:13:47,023 | INFO | Rainfall window: 2025-12-31 → 2026-01-29 (29 files, 1 missing → zero-filled).
Sampling rainfall at 2,452 PRISM grid cells…
Sampling static attributes at grid centers…
Running models…
/Users/wonjunchoi/PycharmProjects/realtime-buncombe/venv/lib/python3.9/site-packages/sklearn/utils/validation.py:2732: UserWarning: X has feature names, but RandomForestClassifier was fitted without feature names
  warnings.warn(
ok: wrote 2,452 rows for 2026-01-30 (rainfall through 2026-01-29)
parquet: /Users/wonjunchoi/PycharmProjects/realtime-buncombe/predictions/historicData/2026/01/predictions_2026-01-30.parquet
geojson: /Users/wonjunchoi/PycharmProjects/realtime-buncombe/predictions/historicData/2026/01/map_2026-01-30.geojson
meta: /Users/wonjunchoi/PycharmProjects/realtime-buncombe/predictions/historicData/2026/01/meta_2026-01-30.json
latest: /Users/wonjunchoi/PycharmProjects/realtime-buncombe/predictions/latest.geojson, /Users/wonjunchoi/PycharmProjects/realtime-buncombe/predictions/latest.json
manifest: /Users/wonjunchoi/PycharmProjects/realtime-buncombe/predictions/index.json
2026-01-31 12:13:47,025 | INFO | Committing and pushing changes
2026-01-31 12:13:47,742 | INFO | [main d3d7f5e] Auto-update: rainfall & predictions @ 2026-01-31 12:13:47
 7 files changed, 199 insertions(+), 7 deletions(-)
 create mode 100644 predictions/historicData/2026/01/map_2026-01-30.geojson
 create mode 100644 predictions/historicData/2026/01/meta_2026-01-30.json
 create mode 100644 predictions/historicData/2026/01/predictions_2026-01-30.parquet
2026-01-31 12:59:27,626 | INFO | Remote "origin" does not support the Git LFS locking API. Consider disabling it with:
  $ git config lfs.https://github.com-buncombe/WonjunChoi1004/realtime-buncombe.git/info/lfs.locksverify false
Uploading LFS objects: 100% (1/1), 78 KB | 0 B/s, done.
Read from remote host github.com: Operation timed out
client_loop: send disconnect: Broken pipe
send-pack: unexpected disconnect while reading sideband packet
fatal: the remote end hung up unexpectedly
2026-01-31 12:59:27,626 | WARNING | Push failed (attempt 1/3): Command failed (128): git push origin main
2026-01-31 14:00:29,132 | INFO | Locking support detected on remote "origin". Consider enabling it with:
  $ git config lfs.https://github.com-buncombe/WonjunChoi1004/realtime-buncombe.git/info/lfs.locksverify true
Uploading LFS objects: 100% (1/1), 78 KB | 0 B/s, done.
Read from remote host github.com: Operation timed out
client_loop: send disconnect: Broken pipe
send-pack: unexpected disconnect while reading sideband packet
fatal: the remote end hung up unexpectedly
2026-01-31 14:00:29,133 | WARNING | Push failed (attempt 2/3): Command failed (128): git push origin main
2026-01-31 16:02:27,722 | INFO | Remote "origin" does not support the Git LFS locking API. Consider disabling it with:
  $ git config lfs.https://github.com-buncombe/WonjunChoi1004/realtime-buncombe.git/info/lfs.locksverify false
Uploading LFS objects: 100% (1/1), 78 KB | 0 B/s, done.
Read from remote host github.com: Operation timed out
client_loop: send disconnect: Broken pipe
send-pack: unexpected disconnect while reading sideband packet
fatal: the remote end hung up unexpectedly
2026-01-31 16:02:27,722 | WARNING | Push failed (attempt 3/3): Command failed (128): git push origin main
Push failed after 3 attempts.
▶️ Running daily auto-update job...
2026-02-01 05:15:31,352 | INFO | Rainfall window: 2025-12-31 → 2026-01-29 (29 files, 1 missing → zero-filled).
Sampling rainfall at 2,452 PRISM grid cells…
Sampling static attributes at grid centers…
Running models…
/Users/wonjunchoi/PycharmProjects/realtime-buncombe/venv/lib/python3.9/site-packages/sklearn/utils/validation.py:2732: UserWarning: X has feature names, but RandomForestClassifier was fitted without feature names
  warnings.warn(
ok: wrote 2,452 rows for 2026-01-30 (rainfall through 2026-01-29)
parquet: /Users/wonjunchoi/PycharmProjects/realtime-buncombe/predictions/historicData/2026/01/predictions_2026-01-30.parquet
geojson: /Users/wonjunchoi/PycharmProjects/realtime-buncombe/predictions/historicData/2026/01/map_2026-01-30.geojson
meta: /Users/wonjunchoi/PycharmProjects/realtime-buncombe/predictions/historicData/2026/01/meta_2026-01-30.json
latest: /Users/wonjunchoi/PycharmProjects/realtime-buncombe/predictions/latest.geojson, /Users/wonjunchoi/PycharmProjects/realtime-buncombe/predictions/latest.json
manifest: /Users/wonjunchoi/PycharmProjects/realtime-buncombe/predictions/index.json
2026-02-01 05:15:31,358 | INFO | Committing and pushing changes
2026-02-01 05:15:31,819 | INFO | [main d269082] Auto-update: rainfall & predictions @ 2026-02-01 05:15:31
 1 file changed, 44 insertions(+)
2026-02-01 06:04:48,409 | INFO | Locking support detected on remote "origin". Consider enabling it with:
  $ git config lfs.https://github.com-buncombe/WonjunChoi1004/realtime-buncombe.git/info/lfs.locksverify true
Uploading LFS objects: 100% (1/1), 78 KB | 0 B/s, done.
Read from remote host github.com: Operation timed out
client_loop: send disconnect: Broken pipe
send-pack: unexpected disconnect while reading sideband packet
fatal: the remote end hung up unexpectedly
2026-02-01 06:04:48,409 | WARNING | Push failed (attempt 1/3): Command failed (128): git push origin main
2026-02-01 06:16:31,606 | INFO | Locking support detected on remote "origin". Consider enabling it with:
  $ git config lfs.https://github.com-buncombe/WonjunChoi1004/realtime-buncombe.git/info/lfs.locksverify true
Uploading LFS objects: 100% (1/1), 78 KB | 0 B/s, done.
To github.com-buncombe:WonjunChoi1004/realtime-buncombe.git
   cbdf09c..d269082  main -> main
2026-02-01 06:16:31,606 | INFO | Push succeeded.
▶️ Running daily auto-update job...
2026-02-03 05:00:01,205 | INFO | Internet connection detected. Proceeding with update.
2026-02-03 05:00:01,206 | INFO | Running download_prism_daily.py
2026-02-03 05:00:28,327 | INFO | /Users/wonjunchoi/PycharmProjects/realtime-buncombe/venv/lib/python3.9/site-packages/urllib3/__init__.py:35: NotOpenSSLWarning: urllib3 v2 only supports OpenSSL 1.1.1+, currently the 'ssl' module is compiled with 'LibreSSL 2.8.3'. See: https://github.com/urllib3/urllib3/issues/3020
  warnings.warn(
[SKIP] 2026-02-02 not found online.
[GET ] 2026-02-01 → https://data.prism.oregonstate.edu/time_series/us/an/800m/ppt/daily/2026/prism_ppt_us_30s_20260201.zip
[DONE] Updated ZIP for 2026-02-01
[MISS] 2026-02-01 missing expanded .tif — extracting now.
[UNZIP] Extracted → /Users/wonjunchoi/PycharmProjects/realtime-buncombe/data/rain/prism_ppt_us_30s_20260201
[CLEAN] 2026-02-01 removed ZIP after extraction.
[GET ] 2026-01-31 → https://data.prism.oregonstate.edu/time_series/us/an/800m/ppt/daily/2026/prism_ppt_us_30s_20260131.zip
[DONE] Updated ZIP for 2026-01-31
[MISS] 2026-01-31 missing expanded .tif — extracting now.
[UNZIP] Extracted → /Users/wonjunchoi/PycharmProjects/realtime-buncombe/data/rain/prism_ppt_us_30s_20260131
[CLEAN] 2026-01-31 removed ZIP after extraction.
[GET ] 2026-01-30 → https://data.prism.oregonstate.edu/time_series/us/an/800m/ppt/daily/2026/prism_ppt_us_30s_20260130.zip
[DONE] Updated ZIP for 2026-01-30
[MISS] 2026-01-30 missing expanded .tif — extracting now.
[UNZIP] Extracted → /Users/wonjunchoi/PycharmProjects/realtime-buncombe/data/rain/prism_ppt_us_30s_20260130
[CLEAN] 2026-01-30 removed ZIP after extraction.
[OK  ] 2026-01-29 metadata matches remote
[OK  ] 2026-01-29 expanded data present (prism_ppt_us_30s_20260129.tif)
[CLEAN] 2026-01-28 removed old expanded folder → prism_ppt_us_30s_20260128
[GET ] 2026-01-28 → https://data.prism.oregonstate.edu/time_series/us/an/800m/ppt/daily/2026/prism_ppt_us_30s_20260128.zip
[DONE] Updated ZIP for 2026-01-28
[MISS] 2026-01-28 missing expanded .tif — extracting now.
[UNZIP] Extracted → /Users/wonjunchoi/PycharmProjects/realtime-buncombe/data/rain/prism_ppt_us_30s_20260128
[CLEAN] 2026-01-28 removed ZIP after extraction.
[CLEAN] 2026-01-27 removed old expanded folder → prism_ppt_us_30s_20260127
[GET ] 2026-01-27 → https://data.prism.oregonstate.edu/time_series/us/an/800m/ppt/daily/2026/prism_ppt_us_30s_20260127.zip
[DONE] Updated ZIP for 2026-01-27
[MISS] 2026-01-27 missing expanded .tif — extracting now.
[UNZIP] Extracted → /Users/wonjunchoi/PycharmProjects/realtime-buncombe/data/rain/prism_ppt_us_30s_20260127
[CLEAN] 2026-01-27 removed ZIP after extraction.
[CLEAN] 2026-01-26 removed old expanded folder → prism_ppt_us_30s_20260126
[GET ] 2026-01-26 → https://data.prism.oregonstate.edu/time_series/us/an/800m/ppt/daily/2026/prism_ppt_us_30s_20260126.zip
[DONE] Updated ZIP for 2026-01-26
[MISS] 2026-01-26 missing expanded .tif — extracting now.
[UNZIP] Extracted → /Users/wonjunchoi/PycharmProjects/realtime-buncombe/data/rain/prism_ppt_us_30s_20260126
[CLEAN] 2026-01-26 removed ZIP after extraction.
[CLEAN] 2026-01-25 removed old expanded folder → prism_ppt_us_30s_20260125
[GET ] 2026-01-25 → https://data.prism.oregonstate.edu/time_series/us/an/800m/ppt/daily/2026/prism_ppt_us_30s_20260125.zip
[DONE] Updated ZIP for 2026-01-25
[MISS] 2026-01-25 missing expanded .tif — extracting now.
[UNZIP] Extracted → /Users/wonjunchoi/PycharmProjects/realtime-buncombe/data/rain/prism_ppt_us_30s_20260125
[CLEAN] 2026-01-25 removed ZIP after extraction.
[OK  ] 2026-01-24 metadata matches remote
[OK  ] 2026-01-24 expanded data present (prism_ppt_us_30s_20260124.tif)
[OK  ] 2026-01-23 metadata matches remote
[OK  ] 2026-01-23 expanded data present (prism_ppt_us_30s_20260123.tif)
[OK  ] 2026-01-22 metadata matches remote
[OK  ] 2026-01-22 expanded data present (prism_ppt_us_30s_20260122.tif)
[OK  ] 2026-01-21 metadata matches remote
[OK  ] 2026-01-21 expanded data present (prism_ppt_us_30s_20260121.tif)
[OK  ] 2026-01-20 metadata matches remote
[OK  ] 2026-01-20 expanded data present (prism_ppt_us_30s_20260120.tif)
[OK  ] 2026-01-19 metadata matches remote
[OK  ] 2026-01-19 expanded data present (prism_ppt_us_30s_20260119.tif)
[OK  ] 2026-01-18 metadata matches remote
[OK  ] 2026-01-18 expanded data present (prism_ppt_us_30s_20260118.tif)
[OK  ] 2026-01-17 metadata matches remote
[OK  ] 2026-01-17 expanded data present (prism_ppt_us_30s_20260117.tif)
[OK  ] 2026-01-16 metadata matches remote
[OK  ] 2026-01-16 expanded data present (prism_ppt_us_30s_20260116.tif)
[OK  ] 2026-01-15 metadata matches remote
[OK  ] 2026-01-15 expanded data present (prism_ppt_us_30s_20260115.tif)
[OK  ] 2026-01-14 metadata matches remote
[OK  ] 2026-01-14 expanded data present (prism_ppt_us_30s_20260114.tif)
[OK  ] 2026-01-13 metadata matches remote
[OK  ] 2026-01-13 expanded data present (prism_ppt_us_30s_20260113.tif)
[OK  ] 2026-01-12 metadata matches remote
[OK  ] 2026-01-12 expanded data present (prism_ppt_us_30s_20260112.tif)
[OK  ] 2026-01-11 metadata matches remote
[OK  ] 2026-01-11 expanded data present (prism_ppt_us_30s_20260111.tif)
[OK  ] 2026-01-10 metadata matches remote
[OK  ] 2026-01-10 expanded data present (prism_ppt_us_30s_20260110.tif)
[OK  ] 2026-01-09 metadata matches remote
[OK  ] 2026-01-09 expanded data present (prism_ppt_us_30s_20260109.tif)
[OK  ] 2026-01-08 metadata matches remote
[OK  ] 2026-01-08 expanded data present (prism_ppt_us_30s_20260108.tif)
[OK  ] 2026-01-07 metadata matches remote
[OK  ] 2026-01-07 expanded data present (prism_ppt_us_30s_20260107.tif)
[OK  ] 2026-01-06 metadata matches remote
[OK  ] 2026-01-06 expanded data present (prism_ppt_us_30s_20260106.tif)
[OK  ] 2026-01-05 metadata matches remote
[OK  ] 2026-01-05 expanded data present (prism_ppt_us_30s_20260105.tif)
[OK  ] 2026-01-04 metadata matches remote
[OK  ] 2026-01-04 expanded data present (prism_ppt_us_30s_20260104.tif)
[INFO] Pruning files outside the past window...
[PRUNE] Removed old folder → prism_ppt_us_30s_20260103
[PRUNE] Removed old folder → prism_ppt_us_30s_20260102
[PRUNE] Removed old file → prism_ppt_us_30s_20260101.meta.json
[PRUNE] Removed old folder → prism_ppt_us_30s_20260101
[PRUNE] Removed old file → prism_ppt_us_30s_20260103.meta.json
[PRUNE] Removed old file → prism_ppt_us_30s_20260102.meta.json
2026-02-03 05:00:28,328 | INFO | Running predict_daily_triple.py
2026-02-03 08:43:48,400 | INFO | Rainfall window: 2026-01-03 → 2026-02-01 (29 files, 1 missing → zero-filled).
Sampling rainfall at 2,452 PRISM grid cells…
Sampling static attributes at grid centers…
Running models…
/Users/wonjunchoi/PycharmProjects/realtime-buncombe/venv/lib/python3.9/site-packages/sklearn/utils/validation.py:2732: UserWarning: X has feature names, but RandomForestClassifier was fitted without feature names
  warnings.warn(
ok: wrote 2,452 rows for 2026-02-02 (rainfall through 2026-02-01)
parquet: /Users/wonjunchoi/PycharmProjects/realtime-buncombe/predictions/historicData/2026/02/predictions_2026-02-02.parquet
geojson: /Users/wonjunchoi/PycharmProjects/realtime-buncombe/predictions/historicData/2026/02/map_2026-02-02.geojson
meta: /Users/wonjunchoi/PycharmProjects/realtime-buncombe/predictions/historicData/2026/02/meta_2026-02-02.json
latest: /Users/wonjunchoi/PycharmProjects/realtime-buncombe/predictions/latest.geojson, /Users/wonjunchoi/PycharmProjects/realtime-buncombe/predictions/latest.json
manifest: /Users/wonjunchoi/PycharmProjects/realtime-buncombe/predictions/index.json
2026-02-03 08:43:48,402 | INFO | Committing and pushing changes
2026-02-03 08:43:49,131 | INFO | [main b7dd02e] Auto-update: rainfall & predictions @ 2026-02-03 08:43:48
 7 files changed, 159 insertions(+), 7 deletions(-)
 create mode 100644 predictions/historicData/2026/02/map_2026-02-02.geojson
 create mode 100644 predictions/historicData/2026/02/meta_2026-02-02.json
 create mode 100644 predictions/historicData/2026/02/predictions_2026-02-02.parquet
2026-02-03 08:43:53,978 | INFO | Locking support detected on remote "origin". Consider enabling it with:
  $ git config lfs.https://github.com-buncombe/WonjunChoi1004/realtime-buncombe.git/info/lfs.locksverify true
Uploading LFS objects: 100% (1/1), 104 KB | 0 B/s, done.
To github.com-buncombe:WonjunChoi1004/realtime-buncombe.git
   d269082..b7dd02e  main -> main
2026-02-03 08:43:53,979 | INFO | Push succeeded.
▶️ Running daily auto-update job...
✅ Already ran today, skipping.
✅ Already ran today, skipping.
✅ Already ran today, skipping.
2026-02-04 05:05:52,344 | INFO | Internet connection detected. Proceeding with update.
2026-02-04 05:05:52,344 | INFO | Running download_prism_daily.py
2026-02-04 07:53:50,028 | INFO | /Users/wonjunchoi/PycharmProjects/realtime-buncombe/venv/lib/python3.9/site-packages/urllib3/__init__.py:35: NotOpenSSLWarning: urllib3 v2 only supports OpenSSL 1.1.1+, currently the 'ssl' module is compiled with 'LibreSSL 2.8.3'. See: https://github.com/urllib3/urllib3/issues/3020
  warnings.warn(
[ERR ] 2026-02-03 HTTPSConnectionPool(host='data.prism.oregonstate.edu', port=443): Read timed out. (read timeout=30)
[GET ] 2026-02-02 → https://data.prism.oregonstate.edu/time_series/us/an/800m/ppt/daily/2026/prism_ppt_us_30s_20260202.zip
[DONE] Updated ZIP for 2026-02-02
[MISS] 2026-02-02 missing expanded .tif — extracting now.
[UNZIP] Extracted → /Users/wonjunchoi/PycharmProjects/realtime-buncombe/data/rain/prism_ppt_us_30s_20260202
[CLEAN] 2026-02-02 removed ZIP after extraction.
[OK  ] 2026-02-01 metadata matches remote
[OK  ] 2026-02-01 expanded data present (prism_ppt_us_30s_20260201.tif)
[OK  ] 2026-01-31 metadata matches remote
[OK  ] 2026-01-31 expanded data present (prism_ppt_us_30s_20260131.tif)
[OK  ] 2026-01-30 metadata matches remote
[OK  ] 2026-01-30 expanded data present (prism_ppt_us_30s_20260130.tif)
[CLEAN] 2026-01-29 removed old expanded folder → prism_ppt_us_30s_20260129
[GET ] 2026-01-29 → https://data.prism.oregonstate.edu/time_series/us/an/800m/ppt/daily/2026/prism_ppt_us_30s_20260129.zip
[DONE] Updated ZIP for 2026-01-29
[MISS] 2026-01-29 missing expanded .tif — extracting now.
[UNZIP] Extracted → /Users/wonjunchoi/PycharmProjects/realtime-buncombe/data/rain/prism_ppt_us_30s_20260129
[CLEAN] 2026-01-29 removed ZIP after extraction.
[OK  ] 2026-01-28 metadata matches remote
[OK  ] 2026-01-28 expanded data present (prism_ppt_us_30s_20260128.tif)
[OK  ] 2026-01-27 metadata matches remote
[OK  ] 2026-01-27 expanded data present (prism_ppt_us_30s_20260127.tif)
[OK  ] 2026-01-26 metadata matches remote
[OK  ] 2026-01-26 expanded data present (prism_ppt_us_30s_20260126.tif)
[CLEAN] 2026-01-25 removed old expanded folder → prism_ppt_us_30s_20260125
[GET ] 2026-01-25 → https://data.prism.oregonstate.edu/time_series/us/an/800m/ppt/daily/2026/prism_ppt_us_30s_20260125.zip
[DONE] Updated ZIP for 2026-01-25
[MISS] 2026-01-25 missing expanded .tif — extracting now.
[UNZIP] Extracted → /Users/wonjunchoi/PycharmProjects/realtime-buncombe/data/rain/prism_ppt_us_30s_20260125
[CLEAN] 2026-01-25 removed ZIP after extraction.
[OK  ] 2026-01-24 metadata matches remote
[OK  ] 2026-01-24 expanded data present (prism_ppt_us_30s_20260124.tif)
[OK  ] 2026-01-23 metadata matches remote
[OK  ] 2026-01-23 expanded data present (prism_ppt_us_30s_20260123.tif)
[OK  ] 2026-01-22 metadata matches remote
[OK  ] 2026-01-22 expanded data present (prism_ppt_us_30s_20260122.tif)
[OK  ] 2026-01-21 metadata matches remote
[OK  ] 2026-01-21 expanded data present (prism_ppt_us_30s_20260121.tif)
[OK  ] 2026-01-20 metadata matches remote
[OK  ] 2026-01-20 expanded data present (prism_ppt_us_30s_20260120.tif)
[OK  ] 2026-01-19 metadata matches remote
[OK  ] 2026-01-19 expanded data present (prism_ppt_us_30s_20260119.tif)
[OK  ] 2026-01-18 metadata matches remote
[OK  ] 2026-01-18 expanded data present (prism_ppt_us_30s_20260118.tif)
[OK  ] 2026-01-17 metadata matches remote
[OK  ] 2026-01-17 expanded data present (prism_ppt_us_30s_20260117.tif)
[OK  ] 2026-01-16 metadata matches remote
[OK  ] 2026-01-16 expanded data present (prism_ppt_us_30s_20260116.tif)
[OK  ] 2026-01-15 metadata matches remote
[OK  ] 2026-01-15 expanded data present (prism_ppt_us_30s_20260115.tif)
[OK  ] 2026-01-14 metadata matches remote
[OK  ] 2026-01-14 expanded data present (prism_ppt_us_30s_20260114.tif)
[OK  ] 2026-01-13 metadata matches remote
[OK  ] 2026-01-13 expanded data present (prism_ppt_us_30s_20260113.tif)
[OK  ] 2026-01-12 metadata matches remote
[OK  ] 2026-01-12 expanded data present (prism_ppt_us_30s_20260112.tif)
[OK  ] 2026-01-11 metadata matches remote
[OK  ] 2026-01-11 expanded data present (prism_ppt_us_30s_20260111.tif)
[OK  ] 2026-01-10 metadata matches remote
[OK  ] 2026-01-10 expanded data present (prism_ppt_us_30s_20260110.tif)
[ERR ] 2026-01-09 HTTPSConnectionPool(host='data.prism.oregonstate.edu', port=443): Read timed out. (read timeout=30)
[OK  ] 2026-01-08 metadata matches remote
[OK  ] 2026-01-08 expanded data present (prism_ppt_us_30s_20260108.tif)
[OK  ] 2026-01-07 metadata matches remote
[OK  ] 2026-01-07 expanded data present (prism_ppt_us_30s_20260107.tif)
[OK  ] 2026-01-06 metadata matches remote
[OK  ] 2026-01-06 expanded data present (prism_ppt_us_30s_20260106.tif)
[OK  ] 2026-01-05 metadata matches remote
[OK  ] 2026-01-05 expanded data present (prism_ppt_us_30s_20260105.tif)
[INFO] Pruning files outside the past window...
[PRUNE] Removed old folder → prism_ppt_us_30s_20260104
[PRUNE] Removed old file → prism_ppt_us_30s_20260104.meta.json
2026-02-04 07:53:50,029 | INFO | Running predict_daily_triple.py
2026-02-04 12:07:22,233 | INFO | Rainfall window: 2026-01-04 → 2026-02-02 (29 files, 1 missing → zero-filled).
Sampling rainfall at 2,452 PRISM grid cells…
Sampling static attributes at grid centers…
Running models…
/Users/wonjunchoi/PycharmProjects/realtime-buncombe/venv/lib/python3.9/site-packages/sklearn/utils/validation.py:2732: UserWarning: X has feature names, but RandomForestClassifier was fitted without feature names
  warnings.warn(
ok: wrote 2,452 rows for 2026-02-03 (rainfall through 2026-02-02)
parquet: /Users/wonjunchoi/PycharmProjects/realtime-buncombe/predictions/historicData/2026/02/predictions_2026-02-03.parquet
geojson: /Users/wonjunchoi/PycharmProjects/realtime-buncombe/predictions/historicData/2026/02/map_2026-02-03.geojson
meta: /Users/wonjunchoi/PycharmProjects/realtime-buncombe/predictions/historicData/2026/02/meta_2026-02-03.json
latest: /Users/wonjunchoi/PycharmProjects/realtime-buncombe/predictions/latest.geojson, /Users/wonjunchoi/PycharmProjects/realtime-buncombe/predictions/latest.json
manifest: /Users/wonjunchoi/PycharmProjects/realtime-buncombe/predictions/index.json
2026-02-04 12:07:22,237 | INFO | Committing and pushing changes
2026-02-04 12:07:23,048 | INFO | [main e86192e] Auto-update: rainfall & predictions @ 2026-02-04 12:07:22
 7 files changed, 138 insertions(+), 7 deletions(-)
 create mode 100644 predictions/historicData/2026/02/map_2026-02-03.geojson
 create mode 100644 predictions/historicData/2026/02/meta_2026-02-03.json
 create mode 100644 predictions/historicData/2026/02/predictions_2026-02-03.parquet
2026-02-04 12:07:32,854 | INFO | Locking support detected on remote "origin". Consider enabling it with:
  $ git config lfs.https://github.com-buncombe/WonjunChoi1004/realtime-buncombe.git/info/lfs.locksverify true
Uploading LFS objects: 100% (1/1), 93 KB | 0 B/s, done.
To github.com-buncombe:WonjunChoi1004/realtime-buncombe.git
   b7dd02e..e86192e  main -> main
2026-02-04 12:07:32,854 | INFO | Push succeeded.
▶️ Running daily auto-update job...
✅ Already ran today, skipping.
2026-02-05 00:36:55,250 | WARNING | No internet connection — delaying run. Retrying in 15 minutes...
2026-02-05 00:51:55,846 | INFO | Internet connection detected. Proceeding with update.
2026-02-05 00:51:55,851 | INFO | Running download_prism_daily.py
2026-02-05 00:52:16,493 | INFO | /Users/wonjunchoi/PycharmProjects/realtime-buncombe/venv/lib/python3.9/site-packages/urllib3/__init__.py:35: NotOpenSSLWarning: urllib3 v2 only supports OpenSSL 1.1.1+, currently the 'ssl' module is compiled with 'LibreSSL 2.8.3'. See: https://github.com/urllib3/urllib3/issues/3020
  warnings.warn(
[SKIP] 2026-02-04 not found online.
[GET ] 2026-02-03 → https://data.prism.oregonstate.edu/time_series/us/an/800m/ppt/daily/2026/prism_ppt_us_30s_20260203.zip
[DONE] Updated ZIP for 2026-02-03
[MISS] 2026-02-03 missing expanded .tif — extracting now.
[UNZIP] Extracted → /Users/wonjunchoi/PycharmProjects/realtime-buncombe/data/rain/prism_ppt_us_30s_20260203
[CLEAN] 2026-02-03 removed ZIP after extraction.
[CLEAN] 2026-02-02 removed old expanded folder → prism_ppt_us_30s_20260202
[GET ] 2026-02-02 → https://data.prism.oregonstate.edu/time_series/us/an/800m/ppt/daily/2026/prism_ppt_us_30s_20260202.zip
[DONE] Updated ZIP for 2026-02-02
[MISS] 2026-02-02 missing expanded .tif — extracting now.
[UNZIP] Extracted → /Users/wonjunchoi/PycharmProjects/realtime-buncombe/data/rain/prism_ppt_us_30s_20260202
[CLEAN] 2026-02-02 removed ZIP after extraction.
[OK  ] 2026-02-01 metadata matches remote
[OK  ] 2026-02-01 expanded data present (prism_ppt_us_30s_20260201.tif)
[OK  ] 2026-01-31 metadata matches remote
[OK  ] 2026-01-31 expanded data present (prism_ppt_us_30s_20260131.tif)
[CLEAN] 2026-01-30 removed old expanded folder → prism_ppt_us_30s_20260130
[GET ] 2026-01-30 → https://data.prism.oregonstate.edu/time_series/us/an/800m/ppt/daily/2026/prism_ppt_us_30s_20260130.zip
[DONE] Updated ZIP for 2026-01-30
[MISS] 2026-01-30 missing expanded .tif — extracting now.
[UNZIP] Extracted → /Users/wonjunchoi/PycharmProjects/realtime-buncombe/data/rain/prism_ppt_us_30s_20260130
[CLEAN] 2026-01-30 removed ZIP after extraction.
[OK  ] 2026-01-29 metadata matches remote
[OK  ] 2026-01-29 expanded data present (prism_ppt_us_30s_20260129.tif)
[OK  ] 2026-01-28 metadata matches remote
[OK  ] 2026-01-28 expanded data present (prism_ppt_us_30s_20260128.tif)
[OK  ] 2026-01-27 metadata matches remote
[OK  ] 2026-01-27 expanded data present (prism_ppt_us_30s_20260127.tif)
[OK  ] 2026-01-26 metadata matches remote
[OK  ] 2026-01-26 expanded data present (prism_ppt_us_30s_20260126.tif)
[CLEAN] 2026-01-25 removed old expanded folder → prism_ppt_us_30s_20260125
[GET ] 2026-01-25 → https://data.prism.oregonstate.edu/time_series/us/an/800m/ppt/daily/2026/prism_ppt_us_30s_20260125.zip
[DONE] Updated ZIP for 2026-01-25
[MISS] 2026-01-25 missing expanded .tif — extracting now.
[UNZIP] Extracted → /Users/wonjunchoi/PycharmProjects/realtime-buncombe/data/rain/prism_ppt_us_30s_20260125
[CLEAN] 2026-01-25 removed ZIP after extraction.
[OK  ] 2026-01-24 metadata matches remote
[OK  ] 2026-01-24 expanded data present (prism_ppt_us_30s_20260124.tif)
[OK  ] 2026-01-23 metadata matches remote
[OK  ] 2026-01-23 expanded data present (prism_ppt_us_30s_20260123.tif)
[OK  ] 2026-01-22 metadata matches remote
[OK  ] 2026-01-22 expanded data present (prism_ppt_us_30s_20260122.tif)
[OK  ] 2026-01-21 metadata matches remote
[OK  ] 2026-01-21 expanded data present (prism_ppt_us_30s_20260121.tif)
[OK  ] 2026-01-20 metadata matches remote
[OK  ] 2026-01-20 expanded data present (prism_ppt_us_30s_20260120.tif)
[OK  ] 2026-01-19 metadata matches remote
[OK  ] 2026-01-19 expanded data present (prism_ppt_us_30s_20260119.tif)
[OK  ] 2026-01-18 metadata matches remote
[OK  ] 2026-01-18 expanded data present (prism_ppt_us_30s_20260118.tif)
[OK  ] 2026-01-17 metadata matches remote
[OK  ] 2026-01-17 expanded data present (prism_ppt_us_30s_20260117.tif)
[OK  ] 2026-01-16 metadata matches remote
[OK  ] 2026-01-16 expanded data present (prism_ppt_us_30s_20260116.tif)
[OK  ] 2026-01-15 metadata matches remote
[OK  ] 2026-01-15 expanded data present (prism_ppt_us_30s_20260115.tif)
[OK  ] 2026-01-14 metadata matches remote
[OK  ] 2026-01-14 expanded data present (prism_ppt_us_30s_20260114.tif)
[OK  ] 2026-01-13 metadata matches remote
[OK  ] 2026-01-13 expanded data present (prism_ppt_us_30s_20260113.tif)
[OK  ] 2026-01-12 metadata matches remote
[OK  ] 2026-01-12 expanded data present (prism_ppt_us_30s_20260112.tif)
[OK  ] 2026-01-11 metadata matches remote
[OK  ] 2026-01-11 expanded data present (prism_ppt_us_30s_20260111.tif)
[OK  ] 2026-01-10 metadata matches remote
[OK  ] 2026-01-10 expanded data present (prism_ppt_us_30s_20260110.tif)
[OK  ] 2026-01-09 metadata matches remote
[OK  ] 2026-01-09 expanded data present (prism_ppt_us_30s_20260109.tif)
[OK  ] 2026-01-08 metadata matches remote
[OK  ] 2026-01-08 expanded data present (prism_ppt_us_30s_20260108.tif)
[OK  ] 2026-01-07 metadata matches remote
[OK  ] 2026-01-07 expanded data present (prism_ppt_us_30s_20260107.tif)
[OK  ] 2026-01-06 metadata matches remote
[OK  ] 2026-01-06 expanded data present (prism_ppt_us_30s_20260106.tif)
[INFO] Pruning files outside the past window...
[PRUNE] Removed old folder → prism_ppt_us_30s_20260105
[PRUNE] Removed old file → prism_ppt_us_30s_20260105.meta.json
2026-02-05 00:52:16,495 | INFO | Running predict_daily_triple.py
2026-02-05 01:20:04,476 | INFO | Rainfall window: 2026-01-05 → 2026-02-03 (29 files, 1 missing → zero-filled).
Sampling rainfall at 2,452 PRISM grid cells…
Sampling static attributes at grid centers…
Running models…
/Users/wonjunchoi/PycharmProjects/realtime-buncombe/venv/lib/python3.9/site-packages/sklearn/utils/validation.py:2732: UserWarning: X has feature names, but RandomForestClassifier was fitted without feature names
  warnings.warn(
ok: wrote 2,452 rows for 2026-02-04 (rainfall through 2026-02-03)
parquet: /Users/wonjunchoi/PycharmProjects/realtime-buncombe/predictions/historicData/2026/02/predictions_2026-02-04.parquet
geojson: /Users/wonjunchoi/PycharmProjects/realtime-buncombe/predictions/historicData/2026/02/map_2026-02-04.geojson
meta: /Users/wonjunchoi/PycharmProjects/realtime-buncombe/predictions/historicData/2026/02/meta_2026-02-04.json
latest: /Users/wonjunchoi/PycharmProjects/realtime-buncombe/predictions/latest.geojson, /Users/wonjunchoi/PycharmProjects/realtime-buncombe/predictions/latest.json
manifest: /Users/wonjunchoi/PycharmProjects/realtime-buncombe/predictions/index.json
2026-02-05 01:20:04,479 | INFO | Committing and pushing changes
2026-02-05 01:20:05,286 | INFO | [main 83c39c8] Auto-update: rainfall & predictions @ 2026-02-05 01:20:04
 7 files changed, 142 insertions(+), 7 deletions(-)
 create mode 100644 predictions/historicData/2026/02/map_2026-02-04.geojson
 create mode 100644 predictions/historicData/2026/02/meta_2026-02-04.json
 create mode 100644 predictions/historicData/2026/02/predictions_2026-02-04.parquet
2026-02-05 01:20:10,138 | INFO | Locking support detected on remote "origin". Consider enabling it with:
  $ git config lfs.https://github.com-buncombe/WonjunChoi1004/realtime-buncombe.git/info/lfs.locksverify true
To github.com-buncombe:WonjunChoi1004/realtime-buncombe.git
   e86192e..83c39c8  main -> main
2026-02-05 01:20:10,141 | INFO | Push succeeded.
▶️ Running daily auto-update job...
✅ Already ran today, skipping.
2026-02-06 05:00:00,580 | INFO | Internet connection detected. Proceeding with update.
2026-02-06 05:00:00,580 | INFO | Running download_prism_daily.py
2026-02-06 05:00:17,477 | INFO | /Users/wonjunchoi/PycharmProjects/realtime-buncombe/venv/lib/python3.9/site-packages/urllib3/__init__.py:35: NotOpenSSLWarning: urllib3 v2 only supports OpenSSL 1.1.1+, currently the 'ssl' module is compiled with 'LibreSSL 2.8.3'. See: https://github.com/urllib3/urllib3/issues/3020
  warnings.warn(
[SKIP] 2026-02-05 not found online.
[GET ] 2026-02-04 → https://data.prism.oregonstate.edu/time_series/us/an/800m/ppt/daily/2026/prism_ppt_us_30s_20260204.zip
[DONE] Updated ZIP for 2026-02-04
[MISS] 2026-02-04 missing expanded .tif — extracting now.
[UNZIP] Extracted → /Users/wonjunchoi/PycharmProjects/realtime-buncombe/data/rain/prism_ppt_us_30s_20260204
[CLEAN] 2026-02-04 removed ZIP after extraction.
[OK  ] 2026-02-03 metadata matches remote
[OK  ] 2026-02-03 expanded data present (prism_ppt_us_30s_20260203.tif)
[OK  ] 2026-02-02 metadata matches remote
[OK  ] 2026-02-02 expanded data present (prism_ppt_us_30s_20260202.tif)
[OK  ] 2026-02-01 metadata matches remote
[OK  ] 2026-02-01 expanded data present (prism_ppt_us_30s_20260201.tif)
[CLEAN] 2026-01-31 removed old expanded folder → prism_ppt_us_30s_20260131
[GET ] 2026-01-31 → https://data.prism.oregonstate.edu/time_series/us/an/800m/ppt/daily/2026/prism_ppt_us_30s_20260131.zip
[DONE] Updated ZIP for 2026-01-31
[MISS] 2026-01-31 missing expanded .tif — extracting now.
[UNZIP] Extracted → /Users/wonjunchoi/PycharmProjects/realtime-buncombe/data/rain/prism_ppt_us_30s_20260131
[CLEAN] 2026-01-31 removed ZIP after extraction.
[OK  ] 2026-01-30 metadata matches remote
[OK  ] 2026-01-30 expanded data present (prism_ppt_us_30s_20260130.tif)
[OK  ] 2026-01-29 metadata matches remote
[OK  ] 2026-01-29 expanded data present (prism_ppt_us_30s_20260129.tif)
[OK  ] 2026-01-28 metadata matches remote
[OK  ] 2026-01-28 expanded data present (prism_ppt_us_30s_20260128.tif)
[OK  ] 2026-01-27 metadata matches remote
[OK  ] 2026-01-27 expanded data present (prism_ppt_us_30s_20260127.tif)
[OK  ] 2026-01-26 metadata matches remote
[OK  ] 2026-01-26 expanded data present (prism_ppt_us_30s_20260126.tif)
[OK  ] 2026-01-25 metadata matches remote
[OK  ] 2026-01-25 expanded data present (prism_ppt_us_30s_20260125.tif)
[OK  ] 2026-01-24 metadata matches remote
[OK  ] 2026-01-24 expanded data present (prism_ppt_us_30s_20260124.tif)
[OK  ] 2026-01-23 metadata matches remote
[OK  ] 2026-01-23 expanded data present (prism_ppt_us_30s_20260123.tif)
[OK  ] 2026-01-22 metadata matches remote
[OK  ] 2026-01-22 expanded data present (prism_ppt_us_30s_20260122.tif)
[OK  ] 2026-01-21 metadata matches remote
[OK  ] 2026-01-21 expanded data present (prism_ppt_us_30s_20260121.tif)
[OK  ] 2026-01-20 metadata matches remote
[OK  ] 2026-01-20 expanded data present (prism_ppt_us_30s_20260120.tif)
[OK  ] 2026-01-19 metadata matches remote
[OK  ] 2026-01-19 expanded data present (prism_ppt_us_30s_20260119.tif)
[OK  ] 2026-01-18 metadata matches remote
[OK  ] 2026-01-18 expanded data present (prism_ppt_us_30s_20260118.tif)
[OK  ] 2026-01-17 metadata matches remote
[OK  ] 2026-01-17 expanded data present (prism_ppt_us_30s_20260117.tif)
[OK  ] 2026-01-16 metadata matches remote
[OK  ] 2026-01-16 expanded data present (prism_ppt_us_30s_20260116.tif)
[OK  ] 2026-01-15 metadata matches remote
[OK  ] 2026-01-15 expanded data present (prism_ppt_us_30s_20260115.tif)
[OK  ] 2026-01-14 metadata matches remote
[OK  ] 2026-01-14 expanded data present (prism_ppt_us_30s_20260114.tif)
[OK  ] 2026-01-13 metadata matches remote
[OK  ] 2026-01-13 expanded data present (prism_ppt_us_30s_20260113.tif)
[OK  ] 2026-01-12 metadata matches remote
[OK  ] 2026-01-12 expanded data present (prism_ppt_us_30s_20260112.tif)
[OK  ] 2026-01-11 metadata matches remote
[OK  ] 2026-01-11 expanded data present (prism_ppt_us_30s_20260111.tif)
[OK  ] 2026-01-10 metadata matches remote
[OK  ] 2026-01-10 expanded data present (prism_ppt_us_30s_20260110.tif)
[OK  ] 2026-01-09 metadata matches remote
[OK  ] 2026-01-09 expanded data present (prism_ppt_us_30s_20260109.tif)
[OK  ] 2026-01-08 metadata matches remote
[OK  ] 2026-01-08 expanded data present (prism_ppt_us_30s_20260108.tif)
[OK  ] 2026-01-07 metadata matches remote
[OK  ] 2026-01-07 expanded data present (prism_ppt_us_30s_20260107.tif)
[INFO] Pruning files outside the past window...
[PRUNE] Removed old file → prism_ppt_us_30s_20260106.meta.json
[PRUNE] Removed old folder → prism_ppt_us_30s_20260106
2026-02-06 05:00:17,478 | INFO | Running predict_daily_triple.py
2026-02-06 05:23:41,358 | INFO | Rainfall window: 2026-01-06 → 2026-02-04 (29 files, 1 missing → zero-filled).
Sampling rainfall at 2,452 PRISM grid cells…
Sampling static attributes at grid centers…
Running models…
/Users/wonjunchoi/PycharmProjects/realtime-buncombe/venv/lib/python3.9/site-packages/sklearn/utils/validation.py:2732: UserWarning: X has feature names, but RandomForestClassifier was fitted without feature names
  warnings.warn(
ok: wrote 2,452 rows for 2026-02-05 (rainfall through 2026-02-04)
parquet: /Users/wonjunchoi/PycharmProjects/realtime-buncombe/predictions/historicData/2026/02/predictions_2026-02-05.parquet
geojson: /Users/wonjunchoi/PycharmProjects/realtime-buncombe/predictions/historicData/2026/02/map_2026-02-05.geojson
meta: /Users/wonjunchoi/PycharmProjects/realtime-buncombe/predictions/historicData/2026/02/meta_2026-02-05.json
latest: /Users/wonjunchoi/PycharmProjects/realtime-buncombe/predictions/latest.geojson, /Users/wonjunchoi/PycharmProjects/realtime-buncombe/predictions/latest.json
manifest: /Users/wonjunchoi/PycharmProjects/realtime-buncombe/predictions/index.json
2026-02-06 05:23:41,361 | INFO | Committing and pushing changes
2026-02-06 05:23:42,024 | INFO | [main 2a6839f] Auto-update: rainfall & predictions @ 2026-02-06 05:23:41
 7 files changed, 132 insertions(+), 7 deletions(-)
 create mode 100644 predictions/historicData/2026/02/map_2026-02-05.geojson
 create mode 100644 predictions/historicData/2026/02/meta_2026-02-05.json
 create mode 100644 predictions/historicData/2026/02/predictions_2026-02-05.parquet
2026-02-06 05:23:46,929 | INFO | Locking support detected on remote "origin". Consider enabling it with:
  $ git config lfs.https://github.com-buncombe/WonjunChoi1004/realtime-buncombe.git/info/lfs.locksverify true
Uploading LFS objects: 100% (1/1), 99 KB | 0 B/s, done.
To github.com-buncombe:WonjunChoi1004/realtime-buncombe.git
   83c39c8..2a6839f  main -> main
2026-02-06 05:23:46,930 | INFO | Push succeeded.
▶️ Running daily auto-update job...
✅ Already ran today, skipping.
✅ Already ran today, skipping.
✅ Already ran today, skipping.
2026-02-07 16:00:16,208 | WARNING | No internet connection — delaying run. Retrying in 15 minutes...
2026-02-08 12:37:44,461 | WARNING | No internet connection — delaying run. Retrying in 15 minutes...
2026-02-08 12:52:44,884 | INFO | Internet connection detected. Proceeding with update.
2026-02-08 12:52:44,889 | INFO | Running download_prism_daily.py
2026-02-08 12:53:28,083 | INFO | /Users/wonjunchoi/PycharmProjects/realtime-buncombe/venv/lib/python3.9/site-packages/urllib3/__init__.py:35: NotOpenSSLWarning: urllib3 v2 only supports OpenSSL 1.1.1+, currently the 'ssl' module is compiled with 'LibreSSL 2.8.3'. See: https://github.com/urllib3/urllib3/issues/3020
  warnings.warn(
[GET ] 2026-02-07 → https://data.prism.oregonstate.edu/time_series/us/an/800m/ppt/daily/2026/prism_ppt_us_30s_20260207.zip
[DONE] Updated ZIP for 2026-02-07
[MISS] 2026-02-07 missing expanded .tif — extracting now.
[UNZIP] Extracted → /Users/wonjunchoi/PycharmProjects/realtime-buncombe/data/rain/prism_ppt_us_30s_20260207
[CLEAN] 2026-02-07 removed ZIP after extraction.
[GET ] 2026-02-06 → https://data.prism.oregonstate.edu/time_series/us/an/800m/ppt/daily/2026/prism_ppt_us_30s_20260206.zip
[DONE] Updated ZIP for 2026-02-06
[MISS] 2026-02-06 missing expanded .tif — extracting now.
[UNZIP] Extracted → /Users/wonjunchoi/PycharmProjects/realtime-buncombe/data/rain/prism_ppt_us_30s_20260206
[CLEAN] 2026-02-06 removed ZIP after extraction.
[GET ] 2026-02-05 → https://data.prism.oregonstate.edu/time_series/us/an/800m/ppt/daily/2026/prism_ppt_us_30s_20260205.zip
[DONE] Updated ZIP for 2026-02-05
[MISS] 2026-02-05 missing expanded .tif — extracting now.
[UNZIP] Extracted → /Users/wonjunchoi/PycharmProjects/realtime-buncombe/data/rain/prism_ppt_us_30s_20260205
[CLEAN] 2026-02-05 removed ZIP after extraction.
[OK  ] 2026-02-04 metadata matches remote
[OK  ] 2026-02-04 expanded data present (prism_ppt_us_30s_20260204.tif)
[CLEAN] 2026-02-03 removed old expanded folder → prism_ppt_us_30s_20260203
[GET ] 2026-02-03 → https://data.prism.oregonstate.edu/time_series/us/an/800m/ppt/daily/2026/prism_ppt_us_30s_20260203.zip
[DONE] Updated ZIP for 2026-02-03
[MISS] 2026-02-03 missing expanded .tif — extracting now.
[UNZIP] Extracted → /Users/wonjunchoi/PycharmProjects/realtime-buncombe/data/rain/prism_ppt_us_30s_20260203
[CLEAN] 2026-02-03 removed ZIP after extraction.
[CLEAN] 2026-02-02 removed old expanded folder → prism_ppt_us_30s_20260202
[GET ] 2026-02-02 → https://data.prism.oregonstate.edu/time_series/us/an/800m/ppt/daily/2026/prism_ppt_us_30s_20260202.zip
[DONE] Updated ZIP for 2026-02-02
[MISS] 2026-02-02 missing expanded .tif — extracting now.
[UNZIP] Extracted → /Users/wonjunchoi/PycharmProjects/realtime-buncombe/data/rain/prism_ppt_us_30s_20260202
[CLEAN] 2026-02-02 removed ZIP after extraction.
[CLEAN] 2026-02-01 removed old expanded folder → prism_ppt_us_30s_20260201
[GET ] 2026-02-01 → https://data.prism.oregonstate.edu/time_series/us/an/800m/ppt/daily/2026/prism_ppt_us_30s_20260201.zip
[DONE] Updated ZIP for 2026-02-01
[MISS] 2026-02-01 missing expanded .tif — extracting now.
[UNZIP] Extracted → /Users/wonjunchoi/PycharmProjects/realtime-buncombe/data/rain/prism_ppt_us_30s_20260201
[CLEAN] 2026-02-01 removed ZIP after extraction.
[OK  ] 2026-01-31 metadata matches remote
[OK  ] 2026-01-31 expanded data present (prism_ppt_us_30s_20260131.tif)
[OK  ] 2026-01-30 metadata matches remote
[OK  ] 2026-01-30 expanded data present (prism_ppt_us_30s_20260130.tif)
[OK  ] 2026-01-29 metadata matches remote
[OK  ] 2026-01-29 expanded data present (prism_ppt_us_30s_20260129.tif)
[OK  ] 2026-01-28 metadata matches remote
[OK  ] 2026-01-28 expanded data present (prism_ppt_us_30s_20260128.tif)
[OK  ] 2026-01-27 metadata matches remote
[OK  ] 2026-01-27 expanded data present (prism_ppt_us_30s_20260127.tif)
[OK  ] 2026-01-26 metadata matches remote
[OK  ] 2026-01-26 expanded data present (prism_ppt_us_30s_20260126.tif)
[OK  ] 2026-01-25 metadata matches remote
[OK  ] 2026-01-25 expanded data present (prism_ppt_us_30s_20260125.tif)
[OK  ] 2026-01-24 metadata matches remote
[OK  ] 2026-01-24 expanded data present (prism_ppt_us_30s_20260124.tif)
[OK  ] 2026-01-23 metadata matches remote
[OK  ] 2026-01-23 expanded data present (prism_ppt_us_30s_20260123.tif)
[OK  ] 2026-01-22 metadata matches remote
[OK  ] 2026-01-22 expanded data present (prism_ppt_us_30s_20260122.tif)
[OK  ] 2026-01-21 metadata matches remote
[OK  ] 2026-01-21 expanded data present (prism_ppt_us_30s_20260121.tif)
[OK  ] 2026-01-20 metadata matches remote
[OK  ] 2026-01-20 expanded data present (prism_ppt_us_30s_20260120.tif)
[OK  ] 2026-01-19 metadata matches remote
[OK  ] 2026-01-19 expanded data present (prism_ppt_us_30s_20260119.tif)
[OK  ] 2026-01-18 metadata matches remote
[OK  ] 2026-01-18 expanded data present (prism_ppt_us_30s_20260118.tif)
[OK  ] 2026-01-17 metadata matches remote
[OK  ] 2026-01-17 expanded data present (prism_ppt_us_30s_20260117.tif)
[OK  ] 2026-01-16 metadata matches remote
[OK  ] 2026-01-16 expanded data present (prism_ppt_us_30s_20260116.tif)
[OK  ] 2026-01-15 metadata matches remote
[OK  ] 2026-01-15 expanded data present (prism_ppt_us_30s_20260115.tif)
[OK  ] 2026-01-14 metadata matches remote
[OK  ] 2026-01-14 expanded data present (prism_ppt_us_30s_20260114.tif)
[OK  ] 2026-01-13 metadata matches remote
[OK  ] 2026-01-13 expanded data present (prism_ppt_us_30s_20260113.tif)
[OK  ] 2026-01-12 metadata matches remote
[OK  ] 2026-01-12 expanded data present (prism_ppt_us_30s_20260112.tif)
[OK  ] 2026-01-11 metadata matches remote
[OK  ] 2026-01-11 expanded data present (prism_ppt_us_30s_20260111.tif)
[OK  ] 2026-01-10 metadata matches remote
[OK  ] 2026-01-10 expanded data present (prism_ppt_us_30s_20260110.tif)
[OK  ] 2026-01-09 metadata matches remote
[OK  ] 2026-01-09 expanded data present (prism_ppt_us_30s_20260109.tif)
[INFO] Pruning files outside the past window...
[PRUNE] Removed old file → prism_ppt_us_30s_20260107.meta.json
[PRUNE] Removed old folder → prism_ppt_us_30s_20260107
[PRUNE] Removed old file → prism_ppt_us_30s_20260108.meta.json
[PRUNE] Removed old folder → prism_ppt_us_30s_20260108
2026-02-08 12:53:28,085 | INFO | Running predict_daily_triple.py
2026-02-08 14:18:52,909 | INFO | Rainfall window: 2026-01-09 → 2026-02-07 (30 files, 0 missing → zero-filled).
Sampling rainfall at 2,452 PRISM grid cells…
Sampling static attributes at grid centers…
Running models…
/Users/wonjunchoi/PycharmProjects/realtime-buncombe/venv/lib/python3.9/site-packages/sklearn/utils/validation.py:2732: UserWarning: X has feature names, but RandomForestClassifier was fitted without feature names
  warnings.warn(
ok: wrote 2,452 rows for 2026-02-07 (rainfall through 2026-02-07)
parquet: /Users/wonjunchoi/PycharmProjects/realtime-buncombe/predictions/historicData/2026/02/predictions_2026-02-07.parquet
geojson: /Users/wonjunchoi/PycharmProjects/realtime-buncombe/predictions/historicData/2026/02/map_2026-02-07.geojson
meta: /Users/wonjunchoi/PycharmProjects/realtime-buncombe/predictions/historicData/2026/02/meta_2026-02-07.json
latest: /Users/wonjunchoi/PycharmProjects/realtime-buncombe/predictions/latest.geojson, /Users/wonjunchoi/PycharmProjects/realtime-buncombe/predictions/latest.json
manifest: /Users/wonjunchoi/PycharmProjects/realtime-buncombe/predictions/index.json
2026-02-08 14:18:52,913 | INFO | Committing and pushing changes
2026-02-08 14:18:53,803 | INFO | [main 433a45a] Auto-update: rainfall & predictions @ 2026-02-08 14:18:53
 7 files changed, 154 insertions(+), 7 deletions(-)
 create mode 100644 predictions/historicData/2026/02/map_2026-02-07.geojson
 create mode 100644 predictions/historicData/2026/02/meta_2026-02-07.json
 create mode 100644 predictions/historicData/2026/02/predictions_2026-02-07.parquet
2026-02-08 14:18:58,659 | INFO | Locking support detected on remote "origin". Consider enabling it with:
  $ git config lfs.https://github.com-buncombe/WonjunChoi1004/realtime-buncombe.git/info/lfs.locksverify true
Uploading LFS objects: 100% (1/1), 100 KB | 0 B/s, done.
To github.com-buncombe:WonjunChoi1004/realtime-buncombe.git
   2a6839f..433a45a  main -> main
2026-02-08 14:18:58,660 | INFO | Push succeeded.
▶️ Running daily auto-update job...
✅ Already ran today, skipping.
2026-02-09 09:46:42,713 | WARNING | No internet connection — delaying run. Retrying in 15 minutes...
2026-02-09 10:18:59,807 | INFO | Internet connection detected. Proceeding with update.
2026-02-09 10:18:59,810 | INFO | Running download_prism_daily.py
2026-02-09 10:19:23,073 | INFO | /Users/wonjunchoi/PycharmProjects/realtime-buncombe/venv/lib/python3.9/site-packages/urllib3/__init__.py:35: NotOpenSSLWarning: urllib3 v2 only supports OpenSSL 1.1.1+, currently the 'ssl' module is compiled with 'LibreSSL 2.8.3'. See: https://github.com/urllib3/urllib3/issues/3020
  warnings.warn(
[GET ] 2026-02-08 → https://data.prism.oregonstate.edu/time_series/us/an/800m/ppt/daily/2026/prism_ppt_us_30s_20260208.zip
[DONE] Updated ZIP for 2026-02-08
[MISS] 2026-02-08 missing expanded .tif — extracting now.
[UNZIP] Extracted → /Users/wonjunchoi/PycharmProjects/realtime-buncombe/data/rain/prism_ppt_us_30s_20260208
[CLEAN] 2026-02-08 removed ZIP after extraction.
[OK  ] 2026-02-07 metadata matches remote
[OK  ] 2026-02-07 expanded data present (prism_ppt_us_30s_20260207.tif)
[OK  ] 2026-02-06 metadata matches remote
[OK  ] 2026-02-06 expanded data present (prism_ppt_us_30s_20260206.tif)
[OK  ] 2026-02-05 metadata matches remote
[OK  ] 2026-02-05 expanded data present (prism_ppt_us_30s_20260205.tif)
[CLEAN] 2026-02-04 removed old expanded folder → prism_ppt_us_30s_20260204
[GET ] 2026-02-04 → https://data.prism.oregonstate.edu/time_series/us/an/800m/ppt/daily/2026/prism_ppt_us_30s_20260204.zip
[DONE] Updated ZIP for 2026-02-04
[MISS] 2026-02-04 missing expanded .tif — extracting now.
[UNZIP] Extracted → /Users/wonjunchoi/PycharmProjects/realtime-buncombe/data/rain/prism_ppt_us_30s_20260204
[CLEAN] 2026-02-04 removed ZIP after extraction.
[OK  ] 2026-02-03 metadata matches remote
[OK  ] 2026-02-03 expanded data present (prism_ppt_us_30s_20260203.tif)
[OK  ] 2026-02-02 metadata matches remote
[OK  ] 2026-02-02 expanded data present (prism_ppt_us_30s_20260202.tif)
[OK  ] 2026-02-01 metadata matches remote
[OK  ] 2026-02-01 expanded data present (prism_ppt_us_30s_20260201.tif)
[OK  ] 2026-01-31 metadata matches remote
[OK  ] 2026-01-31 expanded data present (prism_ppt_us_30s_20260131.tif)
[OK  ] 2026-01-30 metadata matches remote
[OK  ] 2026-01-30 expanded data present (prism_ppt_us_30s_20260130.tif)
[OK  ] 2026-01-29 metadata matches remote
[OK  ] 2026-01-29 expanded data present (prism_ppt_us_30s_20260129.tif)
[OK  ] 2026-01-28 metadata matches remote
[OK  ] 2026-01-28 expanded data present (prism_ppt_us_30s_20260128.tif)
[OK  ] 2026-01-27 metadata matches remote
[OK  ] 2026-01-27 expanded data present (prism_ppt_us_30s_20260127.tif)
[OK  ] 2026-01-26 metadata matches remote
[OK  ] 2026-01-26 expanded data present (prism_ppt_us_30s_20260126.tif)
[OK  ] 2026-01-25 metadata matches remote
[OK  ] 2026-01-25 expanded data present (prism_ppt_us_30s_20260125.tif)
[OK  ] 2026-01-24 metadata matches remote
[OK  ] 2026-01-24 expanded data present (prism_ppt_us_30s_20260124.tif)
[OK  ] 2026-01-23 metadata matches remote
[OK  ] 2026-01-23 expanded data present (prism_ppt_us_30s_20260123.tif)
[OK  ] 2026-01-22 metadata matches remote
[OK  ] 2026-01-22 expanded data present (prism_ppt_us_30s_20260122.tif)
[OK  ] 2026-01-21 metadata matches remote
[OK  ] 2026-01-21 expanded data present (prism_ppt_us_30s_20260121.tif)
[OK  ] 2026-01-20 metadata matches remote
[OK  ] 2026-01-20 expanded data present (prism_ppt_us_30s_20260120.tif)
[OK  ] 2026-01-19 metadata matches remote
[OK  ] 2026-01-19 expanded data present (prism_ppt_us_30s_20260119.tif)
[OK  ] 2026-01-18 metadata matches remote
[OK  ] 2026-01-18 expanded data present (prism_ppt_us_30s_20260118.tif)
[OK  ] 2026-01-17 metadata matches remote
[OK  ] 2026-01-17 expanded data present (prism_ppt_us_30s_20260117.tif)
[OK  ] 2026-01-16 metadata matches remote
[OK  ] 2026-01-16 expanded data present (prism_ppt_us_30s_20260116.tif)
[OK  ] 2026-01-15 metadata matches remote
[OK  ] 2026-01-15 expanded data present (prism_ppt_us_30s_20260115.tif)
[OK  ] 2026-01-14 metadata matches remote
[OK  ] 2026-01-14 expanded data present (prism_ppt_us_30s_20260114.tif)
[OK  ] 2026-01-13 metadata matches remote
[OK  ] 2026-01-13 expanded data present (prism_ppt_us_30s_20260113.tif)
[OK  ] 2026-01-12 metadata matches remote
[OK  ] 2026-01-12 expanded data present (prism_ppt_us_30s_20260112.tif)
[OK  ] 2026-01-11 metadata matches remote
[OK  ] 2026-01-11 expanded data present (prism_ppt_us_30s_20260111.tif)
[OK  ] 2026-01-10 metadata matches remote
[OK  ] 2026-01-10 expanded data present (prism_ppt_us_30s_20260110.tif)
[INFO] Pruning files outside the past window...
[PRUNE] Removed old folder → prism_ppt_us_30s_20260109
[PRUNE] Removed old file → prism_ppt_us_30s_20260109.meta.json
2026-02-09 10:19:23,073 | INFO | Running predict_daily_triple.py
2026-02-09 11:30:05,969 | WARNING | No internet connection — delaying run. Retrying in 15 minutes...
2026-02-09 12:16:46,181 | INFO | Internet connection detected. Proceeding with update.
2026-02-09 12:16:46,192 | INFO | Running download_prism_daily.py
2026-02-09 12:16:58,492 | INFO | /Users/wonjunchoi/PycharmProjects/realtime-buncombe/venv/lib/python3.9/site-packages/urllib3/__init__.py:35: NotOpenSSLWarning: urllib3 v2 only supports OpenSSL 1.1.1+, currently the 'ssl' module is compiled with 'LibreSSL 2.8.3'. See: https://github.com/urllib3/urllib3/issues/3020
  warnings.warn(
[OK  ] 2026-02-08 metadata matches remote
[OK  ] 2026-02-08 expanded data present (prism_ppt_us_30s_20260208.tif)
[OK  ] 2026-02-07 metadata matches remote
[OK  ] 2026-02-07 expanded data present (prism_ppt_us_30s_20260207.tif)
[OK  ] 2026-02-06 metadata matches remote
[OK  ] 2026-02-06 expanded data present (prism_ppt_us_30s_20260206.tif)
[OK  ] 2026-02-05 metadata matches remote
[OK  ] 2026-02-05 expanded data present (prism_ppt_us_30s_20260205.tif)
[OK  ] 2026-02-04 metadata matches remote
[OK  ] 2026-02-04 expanded data present (prism_ppt_us_30s_20260204.tif)
[OK  ] 2026-02-03 metadata matches remote
[OK  ] 2026-02-03 expanded data present (prism_ppt_us_30s_20260203.tif)
[OK  ] 2026-02-02 metadata matches remote
[OK  ] 2026-02-02 expanded data present (prism_ppt_us_30s_20260202.tif)
[OK  ] 2026-02-01 metadata matches remote
[OK  ] 2026-02-01 expanded data present (prism_ppt_us_30s_20260201.tif)
[OK  ] 2026-01-31 metadata matches remote
[OK  ] 2026-01-31 expanded data present (prism_ppt_us_30s_20260131.tif)
[OK  ] 2026-01-30 metadata matches remote
[OK  ] 2026-01-30 expanded data present (prism_ppt_us_30s_20260130.tif)
[OK  ] 2026-01-29 metadata matches remote
[OK  ] 2026-01-29 expanded data present (prism_ppt_us_30s_20260129.tif)
[OK  ] 2026-01-28 metadata matches remote
[OK  ] 2026-01-28 expanded data present (prism_ppt_us_30s_20260128.tif)
[OK  ] 2026-01-27 metadata matches remote
[OK  ] 2026-01-27 expanded data present (prism_ppt_us_30s_20260127.tif)
[OK  ] 2026-01-26 metadata matches remote
[OK  ] 2026-01-26 expanded data present (prism_ppt_us_30s_20260126.tif)
[OK  ] 2026-01-25 metadata matches remote
[OK  ] 2026-01-25 expanded data present (prism_ppt_us_30s_20260125.tif)
[OK  ] 2026-01-24 metadata matches remote
[OK  ] 2026-01-24 expanded data present (prism_ppt_us_30s_20260124.tif)
[OK  ] 2026-01-23 metadata matches remote
[OK  ] 2026-01-23 expanded data present (prism_ppt_us_30s_20260123.tif)
[OK  ] 2026-01-22 metadata matches remote
[OK  ] 2026-01-22 expanded data present (prism_ppt_us_30s_20260122.tif)
[OK  ] 2026-01-21 metadata matches remote
[OK  ] 2026-01-21 expanded data present (prism_ppt_us_30s_20260121.tif)
[OK  ] 2026-01-20 metadata matches remote
[OK  ] 2026-01-20 expanded data present (prism_ppt_us_30s_20260120.tif)
[OK  ] 2026-01-19 metadata matches remote
[OK  ] 2026-01-19 expanded data present (prism_ppt_us_30s_20260119.tif)
[OK  ] 2026-01-18 metadata matches remote
[OK  ] 2026-01-18 expanded data present (prism_ppt_us_30s_20260118.tif)
[OK  ] 2026-01-17 metadata matches remote
[OK  ] 2026-01-17 expanded data present (prism_ppt_us_30s_20260117.tif)
[OK  ] 2026-01-16 metadata matches remote
[OK  ] 2026-01-16 expanded data present (prism_ppt_us_30s_20260116.tif)
[OK  ] 2026-01-15 metadata matches remote
[OK  ] 2026-01-15 expanded data present (prism_ppt_us_30s_20260115.tif)
[OK  ] 2026-01-14 metadata matches remote
[OK  ] 2026-01-14 expanded data present (prism_ppt_us_30s_20260114.tif)
[OK  ] 2026-01-13 metadata matches remote
[OK  ] 2026-01-13 expanded data present (prism_ppt_us_30s_20260113.tif)
[OK  ] 2026-01-12 metadata matches remote
[OK  ] 2026-01-12 expanded data present (prism_ppt_us_30s_20260112.tif)
[OK  ] 2026-01-11 metadata matches remote
[OK  ] 2026-01-11 expanded data present (prism_ppt_us_30s_20260111.tif)
[OK  ] 2026-01-10 metadata matches remote
[OK  ] 2026-01-10 expanded data present (prism_ppt_us_30s_20260110.tif)
[INFO] Pruning files outside the past window...
2026-02-09 12:16:58,492 | INFO | Running predict_daily_triple.py
2026-02-09 12:40:19,433 | INFO | Rainfall window: 2026-01-10 → 2026-02-08 (30 files, 0 missing → zero-filled).
Sampling rainfall at 2,452 PRISM grid cells…
Sampling static attributes at grid centers…
Running models…
/Users/wonjunchoi/PycharmProjects/realtime-buncombe/venv/lib/python3.9/site-packages/sklearn/utils/validation.py:2732: UserWarning: X has feature names, but RandomForestClassifier was fitted without feature names
  warnings.warn(
ok: wrote 2,452 rows for 2026-02-08 (rainfall through 2026-02-08)
parquet: /Users/wonjunchoi/PycharmProjects/realtime-buncombe/predictions/historicData/2026/02/predictions_2026-02-08.parquet
geojson: /Users/wonjunchoi/PycharmProjects/realtime-buncombe/predictions/historicData/2026/02/map_2026-02-08.geojson
meta: /Users/wonjunchoi/PycharmProjects/realtime-buncombe/predictions/historicData/2026/02/meta_2026-02-08.json
latest: /Users/wonjunchoi/PycharmProjects/realtime-buncombe/predictions/latest.geojson, /Users/wonjunchoi/PycharmProjects/realtime-buncombe/predictions/latest.json
manifest: /Users/wonjunchoi/PycharmProjects/realtime-buncombe/predictions/index.json
2026-02-09 12:40:19,436 | INFO | Committing and pushing changes
2026-02-09 12:40:20,140 | INFO | [main 7bc12ee] Auto-update: rainfall & predictions @ 2026-02-09 12:40:19
 8 files changed, 202 insertions(+), 7 deletions(-)
 create mode 100644 predictions/historicData/2026/02/map_2026-02-08.geojson
 create mode 100644 predictions/historicData/2026/02/meta_2026-02-08.json
 create mode 100644 predictions/historicData/2026/02/predictions_2026-02-08.parquet
2026-02-09 12:40:24,753 | INFO | Locking support detected on remote "origin". Consider enabling it with:
  $ git config lfs.https://github.com-buncombe/WonjunChoi1004/realtime-buncombe.git/info/lfs.locksverify true
Uploading LFS objects: 100% (1/1), 84 KB | 0 B/s, done.
To github.com-buncombe:WonjunChoi1004/realtime-buncombe.git
   433a45a..7bc12ee  main -> main
2026-02-09 12:40:24,754 | INFO | Push succeeded.
▶️ Running daily auto-update job...
✅ Already ran today, skipping.
✅ Already ran today, skipping.
2026-02-10 05:01:01,164 | INFO | Internet connection detected. Proceeding with update.
2026-02-10 05:01:01,165 | INFO | Running download_prism_daily.py
2026-02-10 05:01:13,476 | INFO | /Users/wonjunchoi/PycharmProjects/realtime-buncombe/venv/lib/python3.9/site-packages/urllib3/__init__.py:35: NotOpenSSLWarning: urllib3 v2 only supports OpenSSL 1.1.1+, currently the 'ssl' module is compiled with 'LibreSSL 2.8.3'. See: https://github.com/urllib3/urllib3/issues/3020
  warnings.warn(
[SKIP] 2026-02-09 not found online.
[OK  ] 2026-02-08 metadata matches remote
[OK  ] 2026-02-08 expanded data present (prism_ppt_us_30s_20260208.tif)
[OK  ] 2026-02-07 metadata matches remote
[OK  ] 2026-02-07 expanded data present (prism_ppt_us_30s_20260207.tif)
[OK  ] 2026-02-06 metadata matches remote
[OK  ] 2026-02-06 expanded data present (prism_ppt_us_30s_20260206.tif)
[OK  ] 2026-02-05 metadata matches remote
[OK  ] 2026-02-05 expanded data present (prism_ppt_us_30s_20260205.tif)
[OK  ] 2026-02-04 metadata matches remote
[OK  ] 2026-02-04 expanded data present (prism_ppt_us_30s_20260204.tif)
[OK  ] 2026-02-03 metadata matches remote
[OK  ] 2026-02-03 expanded data present (prism_ppt_us_30s_20260203.tif)
[OK  ] 2026-02-02 metadata matches remote
[OK  ] 2026-02-02 expanded data present (prism_ppt_us_30s_20260202.tif)
[OK  ] 2026-02-01 metadata matches remote
[OK  ] 2026-02-01 expanded data present (prism_ppt_us_30s_20260201.tif)
[OK  ] 2026-01-31 metadata matches remote
[OK  ] 2026-01-31 expanded data present (prism_ppt_us_30s_20260131.tif)
[OK  ] 2026-01-30 metadata matches remote
[OK  ] 2026-01-30 expanded data present (prism_ppt_us_30s_20260130.tif)
[OK  ] 2026-01-29 metadata matches remote
[OK  ] 2026-01-29 expanded data present (prism_ppt_us_30s_20260129.tif)
[OK  ] 2026-01-28 metadata matches remote
[OK  ] 2026-01-28 expanded data present (prism_ppt_us_30s_20260128.tif)
[OK  ] 2026-01-27 metadata matches remote
[OK  ] 2026-01-27 expanded data present (prism_ppt_us_30s_20260127.tif)
[OK  ] 2026-01-26 metadata matches remote
[OK  ] 2026-01-26 expanded data present (prism_ppt_us_30s_20260126.tif)
[OK  ] 2026-01-25 metadata matches remote
[OK  ] 2026-01-25 expanded data present (prism_ppt_us_30s_20260125.tif)
[OK  ] 2026-01-24 metadata matches remote
[OK  ] 2026-01-24 expanded data present (prism_ppt_us_30s_20260124.tif)
[OK  ] 2026-01-23 metadata matches remote
[OK  ] 2026-01-23 expanded data present (prism_ppt_us_30s_20260123.tif)
[OK  ] 2026-01-22 metadata matches remote
[OK  ] 2026-01-22 expanded data present (prism_ppt_us_30s_20260122.tif)
[OK  ] 2026-01-21 metadata matches remote
[OK  ] 2026-01-21 expanded data present (prism_ppt_us_30s_20260121.tif)
[OK  ] 2026-01-20 metadata matches remote
[OK  ] 2026-01-20 expanded data present (prism_ppt_us_30s_20260120.tif)
[OK  ] 2026-01-19 metadata matches remote
[OK  ] 2026-01-19 expanded data present (prism_ppt_us_30s_20260119.tif)
[OK  ] 2026-01-18 metadata matches remote
[OK  ] 2026-01-18 expanded data present (prism_ppt_us_30s_20260118.tif)
[OK  ] 2026-01-17 metadata matches remote
[OK  ] 2026-01-17 expanded data present (prism_ppt_us_30s_20260117.tif)
[OK  ] 2026-01-16 metadata matches remote
[OK  ] 2026-01-16 expanded data present (prism_ppt_us_30s_20260116.tif)
[OK  ] 2026-01-15 metadata matches remote
[OK  ] 2026-01-15 expanded data present (prism_ppt_us_30s_20260115.tif)
[OK  ] 2026-01-14 metadata matches remote
[OK  ] 2026-01-14 expanded data present (prism_ppt_us_30s_20260114.tif)
[OK  ] 2026-01-13 metadata matches remote
[OK  ] 2026-01-13 expanded data present (prism_ppt_us_30s_20260113.tif)
[OK  ] 2026-01-12 metadata matches remote
[OK  ] 2026-01-12 expanded data present (prism_ppt_us_30s_20260112.tif)
[OK  ] 2026-01-11 metadata matches remote
[OK  ] 2026-01-11 expanded data present (prism_ppt_us_30s_20260111.tif)
[INFO] Pruning files outside the past window...
[PRUNE] Removed old folder → prism_ppt_us_30s_20260110
[PRUNE] Removed old file → prism_ppt_us_30s_20260110.meta.json
2026-02-10 05:01:13,477 | INFO | Running predict_daily_triple.py
2026-02-10 06:26:27,974 | INFO | Rainfall window: 2026-01-10 → 2026-02-08 (29 files, 1 missing → zero-filled).
Sampling rainfall at 2,452 PRISM grid cells…
Sampling static attributes at grid centers…
Running models…
/Users/wonjunchoi/PycharmProjects/realtime-buncombe/venv/lib/python3.9/site-packages/sklearn/utils/validation.py:2732: UserWarning: X has feature names, but RandomForestClassifier was fitted without feature names
  warnings.warn(
ok: wrote 2,452 rows for 2026-02-09 (rainfall through 2026-02-08)
parquet: /Users/wonjunchoi/PycharmProjects/realtime-buncombe/predictions/historicData/2026/02/predictions_2026-02-09.parquet
geojson: /Users/wonjunchoi/PycharmProjects/realtime-buncombe/predictions/historicData/2026/02/map_2026-02-09.geojson
meta: /Users/wonjunchoi/PycharmProjects/realtime-buncombe/predictions/historicData/2026/02/meta_2026-02-09.json
latest: /Users/wonjunchoi/PycharmProjects/realtime-buncombe/predictions/latest.geojson, /Users/wonjunchoi/PycharmProjects/realtime-buncombe/predictions/latest.json
manifest: /Users/wonjunchoi/PycharmProjects/realtime-buncombe/predictions/index.json
2026-02-10 06:26:27,976 | INFO | Committing and pushing changes
2026-02-10 06:26:28,615 | INFO | [main 36be196] Auto-update: rainfall & predictions @ 2026-02-10 06:26:28
 7 files changed, 126 insertions(+), 6 deletions(-)
 create mode 100644 predictions/historicData/2026/02/map_2026-02-09.geojson
 create mode 100644 predictions/historicData/2026/02/meta_2026-02-09.json
 create mode 100644 predictions/historicData/2026/02/predictions_2026-02-09.parquet
2026-02-10 06:26:33,541 | INFO | Locking support detected on remote "origin". Consider enabling it with:
  $ git config lfs.https://github.com-buncombe/WonjunChoi1004/realtime-buncombe.git/info/lfs.locksverify true
Uploading LFS objects: 100% (1/1), 83 KB | 0 B/s, done.
To github.com-buncombe:WonjunChoi1004/realtime-buncombe.git
   7bc12ee..36be196  main -> main
2026-02-10 06:26:33,541 | INFO | Push succeeded.
▶️ Running daily auto-update job...
✅ Already ran today, skipping.
✅ Already ran today, skipping.
✅ Already ran today, skipping.
2026-02-11 05:00:03,608 | INFO | Internet connection detected. Proceeding with update.
2026-02-11 05:00:03,608 | INFO | Running download_prism_daily.py
2026-02-11 05:00:52,146 | INFO | /Users/wonjunchoi/PycharmProjects/realtime-buncombe/venv/lib/python3.9/site-packages/urllib3/__init__.py:35: NotOpenSSLWarning: urllib3 v2 only supports OpenSSL 1.1.1+, currently the 'ssl' module is compiled with 'LibreSSL 2.8.3'. See: https://github.com/urllib3/urllib3/issues/3020
  warnings.warn(
[SKIP] 2026-02-10 not found online.
[GET ] 2026-02-09 → https://data.prism.oregonstate.edu/time_series/us/an/800m/ppt/daily/2026/prism_ppt_us_30s_20260209.zip
[DONE] Updated ZIP for 2026-02-09
[MISS] 2026-02-09 missing expanded .tif — extracting now.
[UNZIP] Extracted → /Users/wonjunchoi/PycharmProjects/realtime-buncombe/data/rain/prism_ppt_us_30s_20260209
[CLEAN] 2026-02-09 removed ZIP after extraction.
[OK  ] 2026-02-08 metadata matches remote
[OK  ] 2026-02-08 expanded data present (prism_ppt_us_30s_20260208.tif)
[OK  ] 2026-02-07 metadata matches remote
[OK  ] 2026-02-07 expanded data present (prism_ppt_us_30s_20260207.tif)
[OK  ] 2026-02-06 metadata matches remote
[OK  ] 2026-02-06 expanded data present (prism_ppt_us_30s_20260206.tif)
[CLEAN] 2026-02-05 removed old expanded folder → prism_ppt_us_30s_20260205
[GET ] 2026-02-05 → https://data.prism.oregonstate.edu/time_series/us/an/800m/ppt/daily/2026/prism_ppt_us_30s_20260205.zip
[DONE] Updated ZIP for 2026-02-05
[MISS] 2026-02-05 missing expanded .tif — extracting now.
[UNZIP] Extracted → /Users/wonjunchoi/PycharmProjects/realtime-buncombe/data/rain/prism_ppt_us_30s_20260205
[CLEAN] 2026-02-05 removed ZIP after extraction.
[OK  ] 2026-02-04 metadata matches remote
[OK  ] 2026-02-04 expanded data present (prism_ppt_us_30s_20260204.tif)
[OK  ] 2026-02-03 metadata matches remote
[OK  ] 2026-02-03 expanded data present (prism_ppt_us_30s_20260203.tif)
[OK  ] 2026-02-02 metadata matches remote
[OK  ] 2026-02-02 expanded data present (prism_ppt_us_30s_20260202.tif)
[OK  ] 2026-02-01 metadata matches remote
[OK  ] 2026-02-01 expanded data present (prism_ppt_us_30s_20260201.tif)
[OK  ] 2026-01-31 metadata matches remote
[OK  ] 2026-01-31 expanded data present (prism_ppt_us_30s_20260131.tif)
[OK  ] 2026-01-30 metadata matches remote
[OK  ] 2026-01-30 expanded data present (prism_ppt_us_30s_20260130.tif)
[OK  ] 2026-01-29 metadata matches remote
[OK  ] 2026-01-29 expanded data present (prism_ppt_us_30s_20260129.tif)
[OK  ] 2026-01-28 metadata matches remote
[OK  ] 2026-01-28 expanded data present (prism_ppt_us_30s_20260128.tif)
[OK  ] 2026-01-27 metadata matches remote
[OK  ] 2026-01-27 expanded data present (prism_ppt_us_30s_20260127.tif)
[OK  ] 2026-01-26 metadata matches remote
[OK  ] 2026-01-26 expanded data present (prism_ppt_us_30s_20260126.tif)
[OK  ] 2026-01-25 metadata matches remote
[OK  ] 2026-01-25 expanded data present (prism_ppt_us_30s_20260125.tif)
[OK  ] 2026-01-24 metadata matches remote
[OK  ] 2026-01-24 expanded data present (prism_ppt_us_30s_20260124.tif)
[OK  ] 2026-01-23 metadata matches remote
[OK  ] 2026-01-23 expanded data present (prism_ppt_us_30s_20260123.tif)
[OK  ] 2026-01-22 metadata matches remote
[OK  ] 2026-01-22 expanded data present (prism_ppt_us_30s_20260122.tif)
[OK  ] 2026-01-21 metadata matches remote
[OK  ] 2026-01-21 expanded data present (prism_ppt_us_30s_20260121.tif)
[OK  ] 2026-01-20 metadata matches remote
[OK  ] 2026-01-20 expanded data present (prism_ppt_us_30s_20260120.tif)
[OK  ] 2026-01-19 metadata matches remote
[OK  ] 2026-01-19 expanded data present (prism_ppt_us_30s_20260119.tif)
[OK  ] 2026-01-18 metadata matches remote
[OK  ] 2026-01-18 expanded data present (prism_ppt_us_30s_20260118.tif)
[OK  ] 2026-01-17 metadata matches remote
[OK  ] 2026-01-17 expanded data present (prism_ppt_us_30s_20260117.tif)
[OK  ] 2026-01-16 metadata matches remote
[OK  ] 2026-01-16 expanded data present (prism_ppt_us_30s_20260116.tif)
[OK  ] 2026-01-15 metadata matches remote
[OK  ] 2026-01-15 expanded data present (prism_ppt_us_30s_20260115.tif)
[OK  ] 2026-01-14 metadata matches remote
[OK  ] 2026-01-14 expanded data present (prism_ppt_us_30s_20260114.tif)
[OK  ] 2026-01-13 metadata matches remote
[OK  ] 2026-01-13 expanded data present (prism_ppt_us_30s_20260113.tif)
[OK  ] 2026-01-12 metadata matches remote
[OK  ] 2026-01-12 expanded data present (prism_ppt_us_30s_20260112.tif)
[INFO] Pruning files outside the past window...
[PRUNE] Removed old folder → prism_ppt_us_30s_20260111
[PRUNE] Removed old file → prism_ppt_us_30s_20260111.meta.json
2026-02-11 05:00:52,147 | INFO | Running predict_daily_triple.py
2026-02-11 05:24:29,792 | INFO | Rainfall window: 2026-01-11 → 2026-02-09 (29 files, 1 missing → zero-filled).
Sampling rainfall at 2,452 PRISM grid cells…
Sampling static attributes at grid centers…
Running models…
/Users/wonjunchoi/PycharmProjects/realtime-buncombe/venv/lib/python3.9/site-packages/sklearn/utils/validation.py:2732: UserWarning: X has feature names, but RandomForestClassifier was fitted without feature names
  warnings.warn(
ok: wrote 2,452 rows for 2026-02-10 (rainfall through 2026-02-09)
parquet: /Users/wonjunchoi/PycharmProjects/realtime-buncombe/predictions/historicData/2026/02/predictions_2026-02-10.parquet
geojson: /Users/wonjunchoi/PycharmProjects/realtime-buncombe/predictions/historicData/2026/02/map_2026-02-10.geojson
meta: /Users/wonjunchoi/PycharmProjects/realtime-buncombe/predictions/historicData/2026/02/meta_2026-02-10.json
latest: /Users/wonjunchoi/PycharmProjects/realtime-buncombe/predictions/latest.geojson, /Users/wonjunchoi/PycharmProjects/realtime-buncombe/predictions/latest.json
manifest: /Users/wonjunchoi/PycharmProjects/realtime-buncombe/predictions/index.json
2026-02-11 05:24:29,794 | INFO | Committing and pushing changes
2026-02-11 05:24:30,653 | INFO | [main 312ae35] Auto-update: rainfall & predictions @ 2026-02-11 05:24:29
 7 files changed, 135 insertions(+), 7 deletions(-)
 create mode 100644 predictions/historicData/2026/02/map_2026-02-10.geojson
 create mode 100644 predictions/historicData/2026/02/meta_2026-02-10.json
 create mode 100644 predictions/historicData/2026/02/predictions_2026-02-10.parquet
2026-02-11 05:24:36,030 | INFO | Locking support detected on remote "origin". Consider enabling it with:
  $ git config lfs.https://github.com-buncombe/WonjunChoi1004/realtime-buncombe.git/info/lfs.locksverify true
Uploading LFS objects: 100% (1/1), 76 KB | 0 B/s, done.
To github.com-buncombe:WonjunChoi1004/realtime-buncombe.git
   36be196..312ae35  main -> main
2026-02-11 05:24:36,030 | INFO | Push succeeded.
▶️ Running daily auto-update job...
✅ Already ran today, skipping.
✅ Already ran today, skipping.
2026-02-12 05:00:01,369 | INFO | Internet connection detected. Proceeding with update.
2026-02-12 05:00:01,370 | INFO | Running download_prism_daily.py
2026-02-12 05:00:16,556 | INFO | /Users/wonjunchoi/PycharmProjects/realtime-buncombe/venv/lib/python3.9/site-packages/urllib3/__init__.py:35: NotOpenSSLWarning: urllib3 v2 only supports OpenSSL 1.1.1+, currently the 'ssl' module is compiled with 'LibreSSL 2.8.3'. See: https://github.com/urllib3/urllib3/issues/3020
  warnings.warn(
[SKIP] 2026-02-11 not found online.
[GET ] 2026-02-10 → https://data.prism.oregonstate.edu/time_series/us/an/800m/ppt/daily/2026/prism_ppt_us_30s_20260210.zip
[DONE] Updated ZIP for 2026-02-10
[MISS] 2026-02-10 missing expanded .tif — extracting now.
[UNZIP] Extracted → /Users/wonjunchoi/PycharmProjects/realtime-buncombe/data/rain/prism_ppt_us_30s_20260210
[CLEAN] 2026-02-10 removed ZIP after extraction.
[OK  ] 2026-02-09 metadata matches remote
[OK  ] 2026-02-09 expanded data present (prism_ppt_us_30s_20260209.tif)
[OK  ] 2026-02-08 metadata matches remote
[OK  ] 2026-02-08 expanded data present (prism_ppt_us_30s_20260208.tif)
[OK  ] 2026-02-07 metadata matches remote
[OK  ] 2026-02-07 expanded data present (prism_ppt_us_30s_20260207.tif)
[CLEAN] 2026-02-06 removed old expanded folder → prism_ppt_us_30s_20260206
[GET ] 2026-02-06 → https://data.prism.oregonstate.edu/time_series/us/an/800m/ppt/daily/2026/prism_ppt_us_30s_20260206.zip
[DONE] Updated ZIP for 2026-02-06
[MISS] 2026-02-06 missing expanded .tif — extracting now.
[UNZIP] Extracted → /Users/wonjunchoi/PycharmProjects/realtime-buncombe/data/rain/prism_ppt_us_30s_20260206
[CLEAN] 2026-02-06 removed ZIP after extraction.
[OK  ] 2026-02-05 metadata matches remote
[OK  ] 2026-02-05 expanded data present (prism_ppt_us_30s_20260205.tif)
[OK  ] 2026-02-04 metadata matches remote
[OK  ] 2026-02-04 expanded data present (prism_ppt_us_30s_20260204.tif)
[OK  ] 2026-02-03 metadata matches remote
[OK  ] 2026-02-03 expanded data present (prism_ppt_us_30s_20260203.tif)
[OK  ] 2026-02-02 metadata matches remote
[OK  ] 2026-02-02 expanded data present (prism_ppt_us_30s_20260202.tif)
[OK  ] 2026-02-01 metadata matches remote
[OK  ] 2026-02-01 expanded data present (prism_ppt_us_30s_20260201.tif)
[OK  ] 2026-01-31 metadata matches remote
[OK  ] 2026-01-31 expanded data present (prism_ppt_us_30s_20260131.tif)
[OK  ] 2026-01-30 metadata matches remote
[OK  ] 2026-01-30 expanded data present (prism_ppt_us_30s_20260130.tif)
[OK  ] 2026-01-29 metadata matches remote
[OK  ] 2026-01-29 expanded data present (prism_ppt_us_30s_20260129.tif)
[OK  ] 2026-01-28 metadata matches remote
[OK  ] 2026-01-28 expanded data present (prism_ppt_us_30s_20260128.tif)
[OK  ] 2026-01-27 metadata matches remote
[OK  ] 2026-01-27 expanded data present (prism_ppt_us_30s_20260127.tif)
[OK  ] 2026-01-26 metadata matches remote
[OK  ] 2026-01-26 expanded data present (prism_ppt_us_30s_20260126.tif)
[OK  ] 2026-01-25 metadata matches remote
[OK  ] 2026-01-25 expanded data present (prism_ppt_us_30s_20260125.tif)
[OK  ] 2026-01-24 metadata matches remote
[OK  ] 2026-01-24 expanded data present (prism_ppt_us_30s_20260124.tif)
[OK  ] 2026-01-23 metadata matches remote
[OK  ] 2026-01-23 expanded data present (prism_ppt_us_30s_20260123.tif)
[OK  ] 2026-01-22 metadata matches remote
[OK  ] 2026-01-22 expanded data present (prism_ppt_us_30s_20260122.tif)
[OK  ] 2026-01-21 metadata matches remote
[OK  ] 2026-01-21 expanded data present (prism_ppt_us_30s_20260121.tif)
[OK  ] 2026-01-20 metadata matches remote
[OK  ] 2026-01-20 expanded data present (prism_ppt_us_30s_20260120.tif)
[OK  ] 2026-01-19 metadata matches remote
[OK  ] 2026-01-19 expanded data present (prism_ppt_us_30s_20260119.tif)
[OK  ] 2026-01-18 metadata matches remote
[OK  ] 2026-01-18 expanded data present (prism_ppt_us_30s_20260118.tif)
[OK  ] 2026-01-17 metadata matches remote
[OK  ] 2026-01-17 expanded data present (prism_ppt_us_30s_20260117.tif)
[OK  ] 2026-01-16 metadata matches remote
[OK  ] 2026-01-16 expanded data present (prism_ppt_us_30s_20260116.tif)
[OK  ] 2026-01-15 metadata matches remote
[OK  ] 2026-01-15 expanded data present (prism_ppt_us_30s_20260115.tif)
[OK  ] 2026-01-14 metadata matches remote
[OK  ] 2026-01-14 expanded data present (prism_ppt_us_30s_20260114.tif)
[OK  ] 2026-01-13 metadata matches remote
[OK  ] 2026-01-13 expanded data present (prism_ppt_us_30s_20260113.tif)
[INFO] Pruning files outside the past window...
[PRUNE] Removed old file → prism_ppt_us_30s_20260112.meta.json
[PRUNE] Removed old folder → prism_ppt_us_30s_20260112
2026-02-12 05:00:16,558 | INFO | Running predict_daily_triple.py
2026-02-12 07:28:26,026 | INFO | Rainfall window: 2026-01-12 → 2026-02-10 (29 files, 1 missing → zero-filled).
Sampling rainfall at 2,452 PRISM grid cells…
Sampling static attributes at grid centers…
Running models…
/Users/wonjunchoi/PycharmProjects/realtime-buncombe/venv/lib/python3.9/site-packages/sklearn/utils/validation.py:2732: UserWarning: X has feature names, but RandomForestClassifier was fitted without feature names
  warnings.warn(
ok: wrote 2,452 rows for 2026-02-11 (rainfall through 2026-02-10)
parquet: /Users/wonjunchoi/PycharmProjects/realtime-buncombe/predictions/historicData/2026/02/predictions_2026-02-11.parquet
geojson: /Users/wonjunchoi/PycharmProjects/realtime-buncombe/predictions/historicData/2026/02/map_2026-02-11.geojson
meta: /Users/wonjunchoi/PycharmProjects/realtime-buncombe/predictions/historicData/2026/02/meta_2026-02-11.json
latest: /Users/wonjunchoi/PycharmProjects/realtime-buncombe/predictions/latest.geojson, /Users/wonjunchoi/PycharmProjects/realtime-buncombe/predictions/latest.json
manifest: /Users/wonjunchoi/PycharmProjects/realtime-buncombe/predictions/index.json
2026-02-12 07:28:26,028 | INFO | Committing and pushing changes
2026-02-12 07:28:26,704 | INFO | [main 303b971] Auto-update: rainfall & predictions @ 2026-02-12 07:28:26
 7 files changed, 134 insertions(+), 7 deletions(-)
 create mode 100644 predictions/historicData/2026/02/map_2026-02-11.geojson
 create mode 100644 predictions/historicData/2026/02/meta_2026-02-11.json
 create mode 100644 predictions/historicData/2026/02/predictions_2026-02-11.parquet
2026-02-12 07:58:46,796 | INFO | Remote "origin" does not support the Git LFS locking API. Consider disabling it with:
  $ git config lfs.https://github.com-buncombe/WonjunChoi1004/realtime-buncombe.git/info/lfs.locksverify false
Uploading LFS objects: 100% (1/1), 70 KB | 0 B/s, done.
Connection to github.com closed by remote host.
client_loop: send disconnect: Broken pipe
send-pack: unexpected disconnect while reading sideband packet
fatal: the remote end hung up unexpectedly
2026-02-12 07:58:46,798 | WARNING | Push failed (attempt 1/3): Command failed (128): git push origin main
2026-02-12 11:32:21,015 | INFO | Locking support detected on remote "origin". Consider enabling it with:
  $ git config lfs.https://github.com-buncombe/WonjunChoi1004/realtime-buncombe.git/info/lfs.locksverify true
Uploading LFS objects: 100% (1/1), 70 KB | 0 B/s, done.
Connection to github.com closed by remote host.
client_loop: send disconnect: Broken pipe
send-pack: unexpected disconnect while reading sideband packet
fatal: the remote end hung up unexpectedly
2026-02-12 11:32:21,022 | WARNING | Push failed (attempt 2/3): Command failed (128): git push origin main
2026-02-12 11:32:35,782 | INFO | Everything up-to-date
2026-02-12 11:32:35,783 | INFO | Push succeeded.
▶️ Running daily auto-update job...
✅ Already ran today, skipping.
✅ Already ran today, skipping.
✅ Already ran today, skipping.
2026-02-13 13:33:19,654 | WARNING | No internet connection — delaying run. Retrying in 15 minutes...
2026-02-13 20:35:52,077 | WARNING | No internet connection — delaying run. Retrying in 15 minutes...
2026-02-13 23:47:19,091 | INFO | Internet connection detected. Proceeding with update.
2026-02-13 23:47:19,095 | INFO | Running download_prism_daily.py
2026-02-13 23:47:40,030 | INFO | /Users/wonjunchoi/PycharmProjects/realtime-buncombe/venv/lib/python3.9/site-packages/urllib3/__init__.py:35: NotOpenSSLWarning: urllib3 v2 only supports OpenSSL 1.1.1+, currently the 'ssl' module is compiled with 'LibreSSL 2.8.3'. See: https://github.com/urllib3/urllib3/issues/3020
  warnings.warn(
[GET ] 2026-02-12 → https://data.prism.oregonstate.edu/time_series/us/an/800m/ppt/daily/2026/prism_ppt_us_30s_20260212.zip
[DONE] Updated ZIP for 2026-02-12
[MISS] 2026-02-12 missing expanded .tif — extracting now.
[UNZIP] Extracted → /Users/wonjunchoi/PycharmProjects/realtime-buncombe/data/rain/prism_ppt_us_30s_20260212
[CLEAN] 2026-02-12 removed ZIP after extraction.
[GET ] 2026-02-11 → https://data.prism.oregonstate.edu/time_series/us/an/800m/ppt/daily/2026/prism_ppt_us_30s_20260211.zip
[DONE] Updated ZIP for 2026-02-11
[MISS] 2026-02-11 missing expanded .tif — extracting now.
[UNZIP] Extracted → /Users/wonjunchoi/PycharmProjects/realtime-buncombe/data/rain/prism_ppt_us_30s_20260211
[CLEAN] 2026-02-11 removed ZIP after extraction.
[OK  ] 2026-02-10 metadata matches remote
[OK  ] 2026-02-10 expanded data present (prism_ppt_us_30s_20260210.tif)
[OK  ] 2026-02-09 metadata matches remote
[OK  ] 2026-02-09 expanded data present (prism_ppt_us_30s_20260209.tif)
[CLEAN] 2026-02-08 removed old expanded folder → prism_ppt_us_30s_20260208
[GET ] 2026-02-08 → https://data.prism.oregonstate.edu/time_series/us/an/800m/ppt/daily/2026/prism_ppt_us_30s_20260208.zip
[DONE] Updated ZIP for 2026-02-08
[MISS] 2026-02-08 missing expanded .tif — extracting now.
[UNZIP] Extracted → /Users/wonjunchoi/PycharmProjects/realtime-buncombe/data/rain/prism_ppt_us_30s_20260208
[CLEAN] 2026-02-08 removed ZIP after extraction.
[CLEAN] 2026-02-07 removed old expanded folder → prism_ppt_us_30s_20260207
[GET ] 2026-02-07 → https://data.prism.oregonstate.edu/time_series/us/an/800m/ppt/daily/2026/prism_ppt_us_30s_20260207.zip
[DONE] Updated ZIP for 2026-02-07
[MISS] 2026-02-07 missing expanded .tif — extracting now.
[UNZIP] Extracted → /Users/wonjunchoi/PycharmProjects/realtime-buncombe/data/rain/prism_ppt_us_30s_20260207
[CLEAN] 2026-02-07 removed ZIP after extraction.
[OK  ] 2026-02-06 metadata matches remote
[OK  ] 2026-02-06 expanded data present (prism_ppt_us_30s_20260206.tif)
[OK  ] 2026-02-05 metadata matches remote
[OK  ] 2026-02-05 expanded data present (prism_ppt_us_30s_20260205.tif)
[OK  ] 2026-02-04 metadata matches remote
[OK  ] 2026-02-04 expanded data present (prism_ppt_us_30s_20260204.tif)
[OK  ] 2026-02-03 metadata matches remote
[OK  ] 2026-02-03 expanded data present (prism_ppt_us_30s_20260203.tif)
[OK  ] 2026-02-02 metadata matches remote
[OK  ] 2026-02-02 expanded data present (prism_ppt_us_30s_20260202.tif)
[OK  ] 2026-02-01 metadata matches remote
[OK  ] 2026-02-01 expanded data present (prism_ppt_us_30s_20260201.tif)
[OK  ] 2026-01-31 metadata matches remote
[OK  ] 2026-01-31 expanded data present (prism_ppt_us_30s_20260131.tif)
[OK  ] 2026-01-30 metadata matches remote
[OK  ] 2026-01-30 expanded data present (prism_ppt_us_30s_20260130.tif)
[OK  ] 2026-01-29 metadata matches remote
[OK  ] 2026-01-29 expanded data present (prism_ppt_us_30s_20260129.tif)
[OK  ] 2026-01-28 metadata matches remote
[OK  ] 2026-01-28 expanded data present (prism_ppt_us_30s_20260128.tif)
[OK  ] 2026-01-27 metadata matches remote
[OK  ] 2026-01-27 expanded data present (prism_ppt_us_30s_20260127.tif)
[OK  ] 2026-01-26 metadata matches remote
[OK  ] 2026-01-26 expanded data present (prism_ppt_us_30s_20260126.tif)
[OK  ] 2026-01-25 metadata matches remote
[OK  ] 2026-01-25 expanded data present (prism_ppt_us_30s_20260125.tif)
[OK  ] 2026-01-24 metadata matches remote
[OK  ] 2026-01-24 expanded data present (prism_ppt_us_30s_20260124.tif)
[OK  ] 2026-01-23 metadata matches remote
[OK  ] 2026-01-23 expanded data present (prism_ppt_us_30s_20260123.tif)
[OK  ] 2026-01-22 metadata matches remote
[OK  ] 2026-01-22 expanded data present (prism_ppt_us_30s_20260122.tif)
[OK  ] 2026-01-21 metadata matches remote
[OK  ] 2026-01-21 expanded data present (prism_ppt_us_30s_20260121.tif)
[OK  ] 2026-01-20 metadata matches remote
[OK  ] 2026-01-20 expanded data present (prism_ppt_us_30s_20260120.tif)
[OK  ] 2026-01-19 metadata matches remote
[OK  ] 2026-01-19 expanded data present (prism_ppt_us_30s_20260119.tif)
[OK  ] 2026-01-18 metadata matches remote
[OK  ] 2026-01-18 expanded data present (prism_ppt_us_30s_20260118.tif)
[OK  ] 2026-01-17 metadata matches remote
[OK  ] 2026-01-17 expanded data present (prism_ppt_us_30s_20260117.tif)
[OK  ] 2026-01-16 metadata matches remote
[OK  ] 2026-01-16 expanded data present (prism_ppt_us_30s_20260116.tif)
[OK  ] 2026-01-15 metadata matches remote
[OK  ] 2026-01-15 expanded data present (prism_ppt_us_30s_20260115.tif)
[OK  ] 2026-01-14 metadata matches remote
[OK  ] 2026-01-14 expanded data present (prism_ppt_us_30s_20260114.tif)
[INFO] Pruning files outside the past window...
[PRUNE] Removed old file → prism_ppt_us_30s_20260113.meta.json
[PRUNE] Removed old folder → prism_ppt_us_30s_20260113
2026-02-13 23:47:40,032 | INFO | Running predict_daily_triple.py
2026-02-14 00:11:50,212 | INFO | Rainfall window: 2026-01-14 → 2026-02-12 (30 files, 0 missing → zero-filled).
Sampling rainfall at 2,452 PRISM grid cells…
Sampling static attributes at grid centers…
Running models…
/Users/wonjunchoi/PycharmProjects/realtime-buncombe/venv/lib/python3.9/site-packages/sklearn/utils/validation.py:2732: UserWarning: X has feature names, but RandomForestClassifier was fitted without feature names
  warnings.warn(
ok: wrote 2,452 rows for 2026-02-12 (rainfall through 2026-02-12)
parquet: /Users/wonjunchoi/PycharmProjects/realtime-buncombe/predictions/historicData/2026/02/predictions_2026-02-12.parquet
geojson: /Users/wonjunchoi/PycharmProjects/realtime-buncombe/predictions/historicData/2026/02/map_2026-02-12.geojson
meta: /Users/wonjunchoi/PycharmProjects/realtime-buncombe/predictions/historicData/2026/02/meta_2026-02-12.json
latest: /Users/wonjunchoi/PycharmProjects/realtime-buncombe/predictions/latest.geojson, /Users/wonjunchoi/PycharmProjects/realtime-buncombe/predictions/latest.json
manifest: /Users/wonjunchoi/PycharmProjects/realtime-buncombe/predictions/index.json
2026-02-14 00:11:50,216 | INFO | Committing and pushing changes
