{"type": "FeatureCollection", "features": [{"type": "Feature", "geometry": {"type": "Point", "coordinates": [-82.40833333503801, 35.816666667231004]}, "properties": {"p_logistic": 0.3690016567707062, "p_rf": 0.5419999957084656, "p_xgb": 0.9415557384490967, "date": "2026-03-24"}}, {"type": "Feature", "geometry": {"type": "Point", "coordinates": [-82.40000000170502, 35.816666667231004]}, "properties": {"p_logistic": 0.36690959334373474, "p_rf": 0.5759999752044678, "p_xgb": 0.9384866952896118, "date": "2026-03-24"}}, {"type": "Feature", "geometry": {"type": "Point", "coordinates": [-82.39166666837201, 35.816666667231004]}, "properties": {"p_logistic": 0.3639035224914551, "p_rf": 0.5680000185966492, "p_xgb": 0.9181177616119385, "date": "2026-03-24"}}, {"type": "Feature", "geometry": {"type": "Point", "coordinates": [-82.38333333503903, 35.816666667231004]}, "properties": {"p_logistic": 0.36077171564102173, "p_rf": 0.5920000076293945, "p_xgb": 0.9181177616119385, "date": "2026-03-24"}}, {"type": "Feature", "geometry": {"type": "Point", "coordinates": [-82.37500000170601, 35.816666667231004]}, "properties": {"p_logistic": 0.35749784111976624, "p_rf": 0.6140000224113464, "p_xgb": 0.9156801104545593, "date": "2026-03-24"}}, {"type": "Feature", "geometry": {"type": "Point", "coordinates": [-82.36666666837301, 35.816666667231004]}, "properties": {"p_logistic": 0.35425445437431335, "p_rf": 0.6100000143051147, "p_xgb": 0.9185124635696411, "date": "2026-03-24"}}, {"type": "Feature", "geometry": {"type": "Point", "coordinates": [-82.35833333504002, 35.816666667231004]}, "properties": {"p_logistic": 0.35266339778900146, "p_rf": 0.5759999752044678, "p_xgb": 0.9146164655685425, "date": "2026-03-24"}}, {"type": "Feature", "geometry": {"type": "Point", "coordinates": [-82.45833333503602, 35.808333333898005]}, "properties": {"p_logistic": 0.3772798180580139, "p_rf": 0.5899999737739563, "p_xgb": 0.9523320198059082, "date": "2026-03-24"}}, {"type": "Feature", "geometry": {"type": "Point", "coordinates": [-82.45000000170302, 35.808333333898005]}, "properties": {"p_logistic": 0.3764788508415222, "p_rf": 0.5260000228881836, "p_xgb": 0.95183265209198, "date": "2026-03-24"}}, {"type": "Feature", "geometry": {"type": "Point", "coordinates": [-82.44166666837002, 35.808333333898005]}, "properties": {"p_logistic": 0.37626412510871887, "p_rf": 0.5220000147819519, "p_xgb": 0.9437142610549927, "date": "2026-03-24"}}, {"type": "Feature", "geometry": {"type": "Point", "coordinates": [-82.43333333503702, 35.808333333898005]}, "properties": {"p_logistic": 0.3763006329536438, "p_rf": 0.5260000228881836, "p_xgb": 0.941055178642273, "date": "2026-03-24"}}, {"type": "Feature", "geometry": {"type": "Point", "coordinates": [-82.42500000170402, 35.808333333898005]}, "properties": {"p_logistic": 0.376816064119339, "p_rf": 0.5419999957084656, "p_xgb": 0.9440037608146667, "date": "2026-03-24"}}, {"type": "Feature", "geometry": {"type": "Point", "coordinates": [-82.41666666837102, 35.808333333898005]}, "properties": {"p_logistic": 0.37603020668029785, "p_rf": 0.550000011920929, "p_xgb": 0.9440037608146667, "date": "2026-03-24"}}, {"type": "Feature", "geometry": {"type": "Point", "coordinates": [-82.40833333503801, 35.808333333898005]}, "properties": {"p_logistic": 0.3735916018486023, "p_rf": 0.5799999833106995, "p_xgb": 0.9440037608146667, "date": "2026-03-24"}}, {"type": "Feature", "geometry": {"type": "Point", "coordinates": [-82.40000000170502, 35.808333333898005]}, "properties": {"p_logistic": 0.37086328864097595, "p_rf": 0.5699999928474426, "p_xgb": 0.938744306564331, "date": "2026-03-24"}}, {"type": "Feature", "geometry": {"type": "Point", "coordinates": [-82.39166666837201, 35.808333333898005]}, "properties": {"p_logistic": 0.3672335743904114, "p_rf": 0.5659999847412109, "p_xgb": 0.9373586177825928, "date": "2026-03-24"}}, {"type": "Feature", "geometry": {"type": "Point", "coordinates": [-82.38333333503903, 35.808333333898005]}, "properties": {"p_logistic": 0.3636210858821869, "p_rf": 0.5920000076293945, "p_xgb": 0.9181177616119385, "date": "2026-03-24"}}, {"type": "Feature", "geometry": {"type": "Point", "coordinates": [-82.37500000170601, 35.808333333898005]}, "properties": {"p_logistic": 0.36041149497032166, "p_rf": 0.6019999980926514, "p_xgb": 0.9181177616119385, "date": "2026-03-24"}}, {"type": "Feature", "geometry": {"type": "Point", "coordinates": [-82.36666666837301, 35.808333333898005]}, "properties": {"p_logistic": 0.3573894798755646, "p_rf": 0.628000020980835, "p_xgb": 0.9156801104545593, "date": "2026-03-24"}}, {"type": "Feature", "geometry": {"type": "Point", "coordinates": [-82.35833333504002, 35.808333333898005]}, "properties": {"p_logistic": 0.35449251532554626, "p_rf": 0.6159999966621399, "p_xgb": 0.9220660924911499, "date": "2026-03-24"}}, {"type": "Feature", "geometry": {"type": "Point", "coordinates": [-82.35000000170702, 35.808333333898005]}, "properties": {"p_logistic": 0.35370030999183655, "p_rf": 0.5799999833106995, "p_xgb": 0.9192712903022766, "date": "2026-03-24"}}, {"type": "Feature", "geometry": {"type": "Point", "coordinates": [-82.51666666836701, 35.80000000056501]}, "properties": {"p_logistic": 0.38971811532974243, "p_rf": 0.6620000004768372, "p_xgb": 0.9810469746589661, "date": "2026-03-24"}}, {"type": "Feature", "geometry": {"type": "Point", "coordinates": [-82.50833333503402, 35.80000000056501]}, "properties": {"p_logistic": 0.38864871859550476, "p_rf": 0.6639999747276306, "p_xgb": 0.9810469746589661, "date": "2026-03-24"}}, {"type": "Feature", "geometry": {"type": "Point", "coordinates": [-82.50000000170101, 35.80000000056501]}, "properties": {"p_logistic": 0.386595219373703, "p_rf": 0.6600000262260437, "p_xgb": 0.9821751713752747, "date": "2026-03-24"}}, {"type": "Feature", "geometry": {"type": "Point", "coordinates": [-82.49166666836803, 35.80000000056501]}, "properties": {"p_logistic": 0.3840690553188324, "p_rf": 0.6460000276565552, "p_xgb": 0.9839158654212952, "date": "2026-03-24"}}, {"type": "Feature", "geometry": {"type": "Point", "coordinates": [-82.46666666836902, 35.80000000056501]}, "properties": {"p_logistic": 0.37931400537490845, "p_rf": 0.6800000071525574, "p_xgb": 0.9806182980537415, "date": "2026-03-24"}}, {"type": "Feature", "geometry": {"type": "Point", "coordinates": [-82.45833333503602, 35.80000000056501]}, "properties": {"p_logistic": 0.37975940108299255, "p_rf": 0.6499999761581421, "p_xgb": 0.9704593420028687, "date": "2026-03-24"}}, {"type": "Feature", "geometry": {"type": "Point", "coordinates": [-82.45000000170302, 35.80000000056501]}, "properties": {"p_logistic": 0.38040900230407715, "p_rf": 0.6439999938011169, "p_xgb": 0.952410101890564, "date": "2026-03-24"}}, {"type": "Feature", "geometry": {"type": "Point", "coordinates": [-82.44166666837002, 35.80000000056501]}, "properties": {"p_logistic": 0.3813091516494751, "p_rf": 0.5680000185966492, "p_xgb": 0.9386212229728699, "date": "2026-03-24"}}, {"type": "Feature", "geometry": {"type": "Point", "coordinates": [-82.43333333503702, 35.80000000056501]}, "properties": {"p_logistic": 0.3819728493690491, "p_rf": 0.5619999766349792, "p_xgb": 0.9467362761497498, "date": "2026-03-24"}}, {"type": "Feature", "geometry": {"type": "Point", "coordinates": [-82.42500000170402, 35.80000000056501]}, "properties": {"p_logistic": 0.38226449489593506, "p_rf": 0.5659999847412109, "p_xgb": 0.9456771016120911, "date": "2026-03-24"}}, {"type": "Feature", "geometry": {"type": "Point", "coordinates": [-82.41666666837102, 35.80000000056501]}, "properties": {"p_logistic": 0.380778968334198, "p_rf": 0.5720000267028809, "p_xgb": 0.941055178642273, "date": "2026-03-24"}}, {"type": "Feature", "geometry": {"type": "Point", "coordinates": [-82.40833333503801, 35.80000000056501]}, "properties": {"p_logistic": 0.3777593672275543, "p_rf": 0.5619999766349792, "p_xgb": 0.9399711489677429, "date": "2026-03-24"}}, {"type": "Feature", "geometry": {"type": "Point", "coordinates": [-82.40000000170502, 35.80000000056501]}, "properties": {"p_logistic": 0.37426692247390747, "p_rf": 0.5640000104904175, "p_xgb": 0.9399711489677429, "date": "2026-03-24"}}, {"type": "Feature", "geometry": {"type": "Point", "coordinates": [-82.39166666837201, 35.80000000056501]}, "properties": {"p_logistic": 0.37028270959854126, "p_rf": 0.578000009059906, "p_xgb": 0.9399711489677429, "date": "2026-03-24"}}, {"type": "Feature", "geometry": {"type": "Point", "coordinates": [-82.38333333503903, 35.80000000056501]}, "properties": {"p_logistic": 0.3664448857307434, "p_rf": 0.5899999737739563, "p_xgb": 0.9373586177825928, "date": "2026-03-24"}}, {"type": "Feature", "geometry": {"type": "Point", "coordinates": [-82.37500000170601, 35.80000000056501]}, "properties": {"p_logistic": 0.3630143105983734, "p_rf": 0.5920000076293945, "p_xgb": 0.9373586177825928, "date": "2026-03-24"}}, {"type": "Feature", "geometry": {"type": "Point", "coordinates": [-82.36666666837301, 35.80000000056501]}, "properties": {"p_logistic": 0.36000877618789673, "p_rf": 0.6000000238418579, "p_xgb": 0.9156801104545593, "date": "2026-03-24"}}, {"type": "Feature", "geometry": {"type": "Point", "coordinates": [-82.35833333504002, 35.80000000056501]}, "properties": {"p_logistic": 0.35728615522384644, "p_rf": 0.6340000033378601, "p_xgb": 0.9156801104545593, "date": "2026-03-24"}}, {"type": "Feature", "geometry": {"type": "Point", "coordinates": [-82.35000000170702, 35.80000000056501]}, "properties": {"p_logistic": 0.355184406042099, "p_rf": 0.6320000290870667, "p_xgb": 0.9193463325500488, "date": "2026-03-24"}}, {"type": "Feature", "geometry": {"type": "Point", "coordinates": [-82.34166666837402, 35.80000000056501]}, "properties": {"p_logistic": 0.3544301390647888, "p_rf": 0.6179999709129333, "p_xgb": 0.9193463325500488, "date": "2026-03-24"}}, {"type": "Feature", "geometry": {"type": "Point", "coordinates": [-82.53333333503302, 35.79166666723201]}, "properties": {"p_logistic": 0.3951636552810669, "p_rf": 0.6660000085830688, "p_xgb": 0.9800866842269897, "date": "2026-03-24"}}, {"type": "Feature", "geometry": {"type": "Point", "coordinates": [-82.52500000170002, 35.79166666723201]}, "properties": {"p_logistic": 0.39401230216026306, "p_rf": 0.6679999828338623, "p_xgb": 0.9800866842269897, "date": "2026-03-24"}}, {"type": "Feature", "geometry": {"type": "Point", "coordinates": [-82.51666666836701, 35.79166666723201]}, "properties": {"p_logistic": 0.39239194989204407, "p_rf": 0.6660000085830688, "p_xgb": 0.9800866842269897, "date": "2026-03-24"}}, {"type": "Feature", "geometry": {"type": "Point", "coordinates": [-82.50833333503402, 35.79166666723201]}, "properties": {"p_logistic": 0.3904043138027191, "p_rf": 0.6679999828338623, "p_xgb": 0.9800866842269897, "date": "2026-03-24"}}, {"type": "Feature", "geometry": {"type": "Point", "coordinates": [-82.50000000170101, 35.79166666723201]}, "properties": {"p_logistic": 0.3884608745574951, "p_rf": 0.6800000071525574, "p_xgb": 0.9821904897689819, "date": "2026-03-24"}}, {"type": "Feature", "geometry": {"type": "Point", "coordinates": [-82.49166666836803, 35.79166666723201]}, "properties": {"p_logistic": 0.3870489001274109, "p_rf": 0.6779999732971191, "p_xgb": 0.9821904897689819, "date": "2026-03-24"}}, {"type": "Feature", "geometry": {"type": "Point", "coordinates": [-82.48333333503501, 35.79166666723201]}, "properties": {"p_logistic": 0.38563087582588196, "p_rf": 0.699999988079071, "p_xgb": 0.9821904897689819, "date": "2026-03-24"}}, {"type": "Feature", "geometry": {"type": "Point", "coordinates": [-82.47500000170201, 35.79166666723201]}, "properties": {"p_logistic": 0.384032279253006, "p_rf": 0.6940000057220459, "p_xgb": 0.9839158654212952, "date": "2026-03-24"}}, {"type": "Feature", "geometry": {"type": "Point", "coordinates": [-82.46666666836902, 35.79166666723201]}, "properties": {"p_logistic": 0.38339194655418396, "p_rf": 0.6759999990463257, "p_xgb": 0.9810675382614136, "date": "2026-03-24"}}, {"type": "Feature", "geometry": {"type": "Point", "coordinates": [-82.45833333503602, 35.79166666723201]}, "properties": {"p_logistic": 0.3835624158382416, "p_rf": 0.6620000004768372, "p_xgb": 0.9717532992362976, "date": "2026-03-24"}}, {"type": "Feature", "geometry": {"type": "Point", "coordinates": [-82.45000000170302, 35.79166666723201]}, "properties": {"p_logistic": 0.38503292202949524, "p_rf": 0.6639999747276306, "p_xgb": 0.9725740551948547, "date": "2026-03-24"}}, {"type": "Feature", "geometry": {"type": "Point", "coordinates": [-82.44166666837002, 35.79166666723201]}, "properties": {"p_logistic": 0.38658958673477173, "p_rf": 0.656000018119812, "p_xgb": 0.967839777469635, "date": "2026-03-24"}}, {"type": "Feature", "geometry": {"type": "Point", "coordinates": [-82.43333333503702, 35.79166666723201]}, "properties": {"p_logistic": 0.38723093271255493, "p_rf": 0.5699999928474426, "p_xgb": 0.9649224281311035, "date": "2026-03-24"}}, {"type": "Feature", "geometry": {"type": "Point", "coordinates": [-82.42500000170402, 35.79166666723201]}, "properties": {"p_logistic": 0.38704347610473633, "p_rf": 0.5640000104904175, "p_xgb": 0.9396640062332153, "date": "2026-03-24"}}, {"type": "Feature", "geometry": {"type": "Point", "coordinates": [-82.41666666837102, 35.79166666723201]}, "properties": {"p_logistic": 0.38554415106773376, "p_rf": 0.578000009059906, "p_xgb": 0.934627890586853, "date": "2026-03-24"}}, {"type": "Feature", "geometry": {"type": "Point", "coordinates": [-82.40833333503801, 35.79166666723201]}, "properties": {"p_logistic": 0.3820255696773529, "p_rf": 0.578000009059906, "p_xgb": 0.9457507729530334, "date": "2026-03-24"}}, {"type": "Feature", "geometry": {"type": "Point", "coordinates": [-82.40000000170502, 35.79166666723201]}, "properties": {"p_logistic": 0.3785358667373657, "p_rf": 0.5960000157356262, "p_xgb": 0.9446731805801392, "date": "2026-03-24"}}, {"type": "Feature", "geometry": {"type": "Point", "coordinates": [-82.39166666837201, 35.79166666723201]}, "properties": {"p_logistic": 0.3741142153739929, "p_rf": 0.5860000252723694, "p_xgb": 0.9399711489677429, "date": "2026-03-24"}}, {"type": "Feature", "geometry": {"type": "Point", "coordinates": [-82.38333333503903, 35.79166666723201]}, "properties": {"p_logistic": 0.37004712224006653, "p_rf": 0.5899999737739563, "p_xgb": 0.9399711489677429, "date": "2026-03-24"}}, {"type": "Feature", "geometry": {"type": "Point", "coordinates": [-82.37500000170601, 35.79166666723201]}, "properties": {"p_logistic": 0.36632630228996277, "p_rf": 0.5960000157356262, "p_xgb": 0.9393361210823059, "date": "2026-03-24"}}, {"type": "Feature", "geometry": {"type": "Point", "coordinates": [-82.36666666837301, 35.79166666723201]}, "properties": {"p_logistic": 0.3633943796157837, "p_rf": 0.6060000061988831, "p_xgb": 0.9373586177825928, "date": "2026-03-24"}}, {"type": "Feature", "geometry": {"type": "Point", "coordinates": [-82.35833333504002, 35.79166666723201]}, "properties": {"p_logistic": 0.3605828285217285, "p_rf": 0.6060000061988831, "p_xgb": 0.9156801104545593, "date": "2026-03-24"}}, {"type": "Feature", "geometry": {"type": "Point", "coordinates": [-82.35000000170702, 35.79166666723201]}, "properties": {"p_logistic": 0.3586823344230652, "p_rf": 0.6000000238418579, "p_xgb": 0.9156801104545593, "date": "2026-03-24"}}, {"type": "Feature", "geometry": {"type": "Point", "coordinates": [-82.55833333503202, 35.783333333899]}, "properties": {"p_logistic": 0.4038609564304352, "p_rf": 0.699999988079071, "p_xgb": 0.9879270195960999, "date": "2026-03-24"}}, {"type": "Feature", "geometry": {"type": "Point", "coordinates": [-82.55000000169902, 35.783333333899]}, "properties": {"p_logistic": 0.40352863073349, "p_rf": 0.7020000219345093, "p_xgb": 0.9857327342033386, "date": "2026-03-24"}}, {"type": "Feature", "geometry": {"type": "Point", "coordinates": [-82.54166666836602, 35.783333333899]}, "properties": {"p_logistic": 0.4028107523918152, "p_rf": 0.6980000138282776, "p_xgb": 0.9844195246696472, "date": "2026-03-24"}}, {"type": "Feature", "geometry": {"type": "Point", "coordinates": [-82.53333333503302, 35.783333333899]}, "properties": {"p_logistic": 0.4018247425556183, "p_rf": 0.6980000138282776, "p_xgb": 0.9844195246696472, "date": "2026-03-24"}}, {"type": "Feature", "geometry": {"type": "Point", "coordinates": [-82.52500000170002, 35.783333333899]}, "properties": {"p_logistic": 0.4003291726112366, "p_rf": 0.6980000138282776, "p_xgb": 0.9800866842269897, "date": "2026-03-24"}}, {"type": "Feature", "geometry": {"type": "Point", "coordinates": [-82.51666666836701, 35.783333333899]}, "properties": {"p_logistic": 0.39805588126182556, "p_rf": 0.6959999799728394, "p_xgb": 0.9805480241775513, "date": "2026-03-24"}}, {"type": "Feature", "geometry": {"type": "Point", "coordinates": [-82.50833333503402, 35.783333333899]}, "properties": {"p_logistic": 0.3963378965854645, "p_rf": 0.699999988079071, "p_xgb": 0.9805480241775513, "date": "2026-03-24"}}, {"type": "Feature", "geometry": {"type": "Point", "coordinates": [-82.50000000170101, 35.783333333899]}, "properties": {"p_logistic": 0.3946774899959564, "p_rf": 0.6980000138282776, "p_xgb": 0.9805480241775513, "date": "2026-03-24"}}, {"type": "Feature", "geometry": {"type": "Point", "coordinates": [-82.49166666836803, 35.783333333899]}, "properties": {"p_logistic": 0.3935416340827942, "p_rf": 0.7120000123977661, "p_xgb": 0.9805480241775513, "date": "2026-03-24"}}, {"type": "Feature", "geometry": {"type": "Point", "coordinates": [-82.48333333503501, 35.783333333899]}, "properties": {"p_logistic": 0.3921804428100586, "p_rf": 0.7279999852180481, "p_xgb": 0.9805480241775513, "date": "2026-03-24"}}, {"type": "Feature", "geometry": {"type": "Point", "coordinates": [-82.47500000170201, 35.783333333899]}, "properties": {"p_logistic": 0.3906485140323639, "p_rf": 0.7400000095367432, "p_xgb": 0.9816806316375732, "date": "2026-03-24"}}, {"type": "Feature", "geometry": {"type": "Point", "coordinates": [-82.46666666836902, 35.783333333899]}, "properties": {"p_logistic": 0.38910040259361267, "p_rf": 0.734000027179718, "p_xgb": 0.9826038479804993, "date": "2026-03-24"}}, {"type": "Feature", "geometry": {"type": "Point", "coordinates": [-82.45833333503602, 35.783333333899]}, "properties": {"p_logistic": 0.38955000042915344, "p_rf": 0.722000002861023, "p_xgb": 0.9805615544319153, "date": "2026-03-24"}}, {"type": "Feature", "geometry": {"type": "Point", "coordinates": [-82.45000000170302, 35.783333333899]}, "properties": {"p_logistic": 0.39042940735816956, "p_rf": 0.6840000152587891, "p_xgb": 0.9727150201797485, "date": "2026-03-24"}}, {"type": "Feature", "geometry": {"type": "Point", "coordinates": [-82.44166666837002, 35.783333333899]}, "properties": {"p_logistic": 0.3913198411464691, "p_rf": 0.6759999990463257, "p_xgb": 0.9725740551948547, "date": "2026-03-24"}}, {"type": "Feature", "geometry": {"type": "Point", "coordinates": [-82.43333333503702, 35.783333333899]}, "properties": {"p_logistic": 0.3911892771720886, "p_rf": 0.6759999990463257, "p_xgb": 0.9702475666999817, "date": "2026-03-24"}}, {"type": "Feature", "geometry": {"type": "Point", "coordinates": [-82.42500000170402, 35.783333333899]}, "properties": {"p_logistic": 0.39055901765823364, "p_rf": 0.6159999966621399, "p_xgb": 0.965666651725769, "date": "2026-03-24"}}, {"type": "Feature", "geometry": {"type": "Point", "coordinates": [-82.41666666837102, 35.783333333899]}, "properties": {"p_logistic": 0.38898998498916626, "p_rf": 0.6000000238418579, "p_xgb": 0.9644178748130798, "date": "2026-03-24"}}, {"type": "Feature", "geometry": {"type": "Point", "coordinates": [-82.40833333503801, 35.783333333899]}, "properties": {"p_logistic": 0.38614851236343384, "p_rf": 0.5960000157356262, "p_xgb": 0.9423531293869019, "date": "2026-03-24"}}, {"type": "Feature", "geometry": {"type": "Point", "coordinates": [-82.40000000170502, 35.783333333899]}, "properties": {"p_logistic": 0.3822556734085083, "p_rf": 0.5979999899864197, "p_xgb": 0.9327468872070312, "date": "2026-03-24"}}, {"type": "Feature", "geometry": {"type": "Point", "coordinates": [-82.39166666837201, 35.783333333899]}, "properties": {"p_logistic": 0.37807565927505493, "p_rf": 0.5960000157356262, "p_xgb": 0.9446731805801392, "date": "2026-03-24"}}, {"type": "Feature", "geometry": {"type": "Point", "coordinates": [-82.38333333503903, 35.783333333899]}, "properties": {"p_logistic": 0.37392860651016235, "p_rf": 0.5960000157356262, "p_xgb": 0.942647397518158, "date": "2026-03-24"}}, {"type": "Feature", "geometry": {"type": "Point", "coordinates": [-82.37500000170601, 35.783333333899]}, "properties": {"p_logistic": 0.3704894483089447, "p_rf": 0.5960000157356262, "p_xgb": 0.942647397518158, "date": "2026-03-24"}}, {"type": "Feature", "geometry": {"type": "Point", "coordinates": [-82.36666666837301, 35.783333333899]}, "properties": {"p_logistic": 0.3673829138278961, "p_rf": 0.5960000157356262, "p_xgb": 0.942647397518158, "date": "2026-03-24"}}, {"type": "Feature", "geometry": {"type": "Point", "coordinates": [-82.35833333504002, 35.783333333899]}, "properties": {"p_logistic": 0.36452633142471313, "p_rf": 0.5960000157356262, "p_xgb": 0.9376205801963806, "date": "2026-03-24"}}, {"type": "Feature", "geometry": {"type": "Point", "coordinates": [-82.35000000170702, 35.783333333899]}, "properties": {"p_logistic": 0.3624717891216278, "p_rf": 0.5920000076293945, "p_xgb": 0.9373586177825928, "date": "2026-03-24"}}, {"type": "Feature", "geometry": {"type": "Point", "coordinates": [-82.57500000169802, 35.775000000566]}, "properties": {"p_logistic": 0.40627485513687134, "p_rf": 0.765999972820282, "p_xgb": 0.9957661628723145, "date": "2026-03-24"}}, {"type": "Feature", "geometry": {"type": "Point", "coordinates": [-82.56666666836502, 35.775000000566]}, "properties": {"p_logistic": 0.40759995579719543, "p_rf": 0.7760000228881836, "p_xgb": 0.9924397468566895, "date": "2026-03-24"}}, {"type": "Feature", "geometry": {"type": "Point", "coordinates": [-82.55833333503202, 35.775000000566]}, "properties": {"p_logistic": 0.4079616069793701, "p_rf": 0.7760000228881836, "p_xgb": 0.9914012551307678, "date": "2026-03-24"}}, {"type": "Feature", "geometry": {"type": "Point", "coordinates": [-82.55000000169902, 35.775000000566]}, "properties": {"p_logistic": 0.4075835645198822, "p_rf": 0.7599999904632568, "p_xgb": 0.9879270195960999, "date": "2026-03-24"}}, {"type": "Feature", "geometry": {"type": "Point", "coordinates": [-82.54166666836602, 35.775000000566]}, "properties": {"p_logistic": 0.4065779745578766, "p_rf": 0.7480000257492065, "p_xgb": 0.9879270195960999, "date": "2026-03-24"}}, {"type": "Feature", "geometry": {"type": "Point", "coordinates": [-82.53333333503302, 35.775000000566]}, "properties": {"p_logistic": 0.40546098351478577, "p_rf": 0.7440000176429749, "p_xgb": 0.9879270195960999, "date": "2026-03-24"}}, {"type": "Feature", "geometry": {"type": "Point", "coordinates": [-82.52500000170002, 35.775000000566]}, "properties": {"p_logistic": 0.403522253036499, "p_rf": 0.7459999918937683, "p_xgb": 0.9860650300979614, "date": "2026-03-24"}}, {"type": "Feature", "geometry": {"type": "Point", "coordinates": [-82.51666666836701, 35.775000000566]}, "properties": {"p_logistic": 0.40144839882850647, "p_rf": 0.7459999918937683, "p_xgb": 0.9847819209098816, "date": "2026-03-24"}}, {"type": "Feature", "geometry": {"type": "Point", "coordinates": [-82.50833333503402, 35.775000000566]}, "properties": {"p_logistic": 0.399513840675354, "p_rf": 0.7419999837875366, "p_xgb": 0.9805480241775513, "date": "2026-03-24"}}, {"type": "Feature", "geometry": {"type": "Point", "coordinates": [-82.50000000170101, 35.775000000566]}, "properties": {"p_logistic": 0.3981654942035675, "p_rf": 0.7540000081062317, "p_xgb": 0.9805480241775513, "date": "2026-03-24"}}, {"type": "Feature", "geometry": {"type": "Point", "coordinates": [-82.49166666836803, 35.775000000566]}, "properties": {"p_logistic": 0.39767229557037354, "p_rf": 0.7620000243186951, "p_xgb": 0.9805480241775513, "date": "2026-03-24"}}, {"type": "Feature", "geometry": {"type": "Point", "coordinates": [-82.48333333503501, 35.775000000566]}, "properties": {"p_logistic": 0.3971112370491028, "p_rf": 0.7739999890327454, "p_xgb": 0.9805480241775513, "date": "2026-03-24"}}, {"type": "Feature", "geometry": {"type": "Point", "coordinates": [-82.47500000170201, 35.775000000566]}, "properties": {"p_logistic": 0.39567258954048157, "p_rf": 0.7680000066757202, "p_xgb": 0.9799282550811768, "date": "2026-03-24"}}, {"type": "Feature", "geometry": {"type": "Point", "coordinates": [-82.46666666836902, 35.775000000566]}, "properties": {"p_logistic": 0.39505553245544434, "p_rf": 0.7879999876022339, "p_xgb": 0.9799282550811768, "date": "2026-03-24"}}, {"type": "Feature", "geometry": {"type": "Point", "coordinates": [-82.45833333503602, 35.775000000566]}, "properties": {"p_logistic": 0.39474743604660034, "p_rf": 0.777999997138977, "p_xgb": 0.9775789380073547, "date": "2026-03-24"}}, {"type": "Feature", "geometry": {"type": "Point", "coordinates": [-82.45000000170302, 35.775000000566]}, "properties": {"p_logistic": 0.3951377868652344, "p_rf": 0.7519999742507935, "p_xgb": 0.9685251116752625, "date": "2026-03-24"}}, {"type": "Feature", "geometry": {"type": "Point", "coordinates": [-82.44166666837002, 35.775000000566]}, "properties": {"p_logistic": 0.3950551450252533, "p_rf": 0.7099999785423279, "p_xgb": 0.9700913429260254, "date": "2026-03-24"}}, {"type": "Feature", "geometry": {"type": "Point", "coordinates": [-82.43333333503702, 35.775000000566]}, "properties": {"p_logistic": 0.3941083550453186, "p_rf": 0.7099999785423279, "p_xgb": 0.9735086560249329, "date": "2026-03-24"}}, {"type": "Feature", "geometry": {"type": "Point", "coordinates": [-82.42500000170402, 35.775000000566]}, "properties": {"p_logistic": 0.3928288221359253, "p_rf": 0.699999988079071, "p_xgb": 0.9744510054588318, "date": "2026-03-24"}}, {"type": "Feature", "geometry": {"type": "Point", "coordinates": [-82.41666666837102, 35.775000000566]}, "properties": {"p_logistic": 0.3903859257698059, "p_rf": 0.7099999785423279, "p_xgb": 0.96930992603302, "date": "2026-03-24"}}, {"type": "Feature", "geometry": {"type": "Point", "coordinates": [-82.40833333503801, 35.775000000566]}, "properties": {"p_logistic": 0.3878256380558014, "p_rf": 0.6859999895095825, "p_xgb": 0.9633035063743591, "date": "2026-03-24"}}, {"type": "Feature", "geometry": {"type": "Point", "coordinates": [-82.40000000170502, 35.775000000566]}, "properties": {"p_logistic": 0.3844066560268402, "p_rf": 0.6119999885559082, "p_xgb": 0.9448177814483643, "date": "2026-03-24"}}, {"type": "Feature", "geometry": {"type": "Point", "coordinates": [-82.39166666837201, 35.775000000566]}, "properties": {"p_logistic": 0.38022568821907043, "p_rf": 0.6000000238418579, "p_xgb": 0.9374954700469971, "date": "2026-03-24"}}, {"type": "Feature", "geometry": {"type": "Point", "coordinates": [-82.38333333503903, 35.775000000566]}, "properties": {"p_logistic": 0.3765280842781067, "p_rf": 0.6000000238418579, "p_xgb": 0.9509364366531372, "date": "2026-03-24"}}, {"type": "Feature", "geometry": {"type": "Point", "coordinates": [-82.37500000170601, 35.775000000566]}, "properties": {"p_logistic": 0.37354832887649536, "p_rf": 0.6000000238418579, "p_xgb": 0.9467368125915527, "date": "2026-03-24"}}, {"type": "Feature", "geometry": {"type": "Point", "coordinates": [-82.36666666837301, 35.775000000566]}, "properties": {"p_logistic": 0.3707888126373291, "p_rf": 0.6000000238418579, "p_xgb": 0.9463613033294678, "date": "2026-03-24"}}, {"type": "Feature", "geometry": {"type": "Point", "coordinates": [-82.35833333504002, 35.775000000566]}, "properties": {"p_logistic": 0.3680671453475952, "p_rf": 0.5979999899864197, "p_xgb": 0.942647397518158, "date": "2026-03-24"}}, {"type": "Feature", "geometry": {"type": "Point", "coordinates": [-82.35000000170702, 35.775000000566]}, "properties": {"p_logistic": 0.36572617292404175, "p_rf": 0.5899999737739563, "p_xgb": 0.9376205801963806, "date": "2026-03-24"}}, {"type": "Feature", "geometry": {"type": "Point", "coordinates": [-82.59166666836401, 35.766666667233004]}, "properties": {"p_logistic": 0.40527111291885376, "p_rf": 0.7820000052452087, "p_xgb": 0.9959306120872498, "date": "2026-03-24"}}, {"type": "Feature", "geometry": {"type": "Point", "coordinates": [-82.58333333503101, 35.766666667233004]}, "properties": {"p_logistic": 0.40682557225227356, "p_rf": 0.800000011920929, "p_xgb": 0.9959306120872498, "date": "2026-03-24"}}, {"type": "Feature", "geometry": {"type": "Point", "coordinates": [-82.57500000169802, 35.766666667233004]}, "properties": {"p_logistic": 0.40805456042289734, "p_rf": 0.8019999861717224, "p_xgb": 0.9957988858222961, "date": "2026-03-24"}}, {"type": "Feature", "geometry": {"type": "Point", "coordinates": [-82.56666666836502, 35.766666667233004]}, "properties": {"p_logistic": 0.40871304273605347, "p_rf": 0.8100000023841858, "p_xgb": 0.9956291913986206, "date": "2026-03-24"}}, {"type": "Feature", "geometry": {"type": "Point", "coordinates": [-82.55833333503202, 35.766666667233004]}, "properties": {"p_logistic": 0.4090088903903961, "p_rf": 0.8240000009536743, "p_xgb": 0.9921958446502686, "date": "2026-03-24"}}, {"type": "Feature", "geometry": {"type": "Point", "coordinates": [-82.55000000169902, 35.766666667233004]}, "properties": {"p_logistic": 0.40872499346733093, "p_rf": 0.8220000267028809, "p_xgb": 0.9921958446502686, "date": "2026-03-24"}}, {"type": "Feature", "geometry": {"type": "Point", "coordinates": [-82.54166666836602, 35.766666667233004]}, "properties": {"p_logistic": 0.40788009762763977, "p_rf": 0.7940000295639038, "p_xgb": 0.9875394105911255, "date": "2026-03-24"}}, {"type": "Feature", "geometry": {"type": "Point", "coordinates": [-82.53333333503302, 35.766666667233004]}, "properties": {"p_logistic": 0.40634408593177795, "p_rf": 0.7799999713897705, "p_xgb": 0.9875394105911255, "date": "2026-03-24"}}, {"type": "Feature", "geometry": {"type": "Point", "coordinates": [-82.52500000170002, 35.766666667233004]}, "properties": {"p_logistic": 0.4044172167778015, "p_rf": 0.777999997138977, "p_xgb": 0.9875394105911255, "date": "2026-03-24"}}, {"type": "Feature", "geometry": {"type": "Point", "coordinates": [-82.51666666836701, 35.766666667233004]}, "properties": {"p_logistic": 0.40215322375297546, "p_rf": 0.7900000214576721, "p_xgb": 0.985618531703949, "date": "2026-03-24"}}, {"type": "Feature", "geometry": {"type": "Point", "coordinates": [-82.50833333503402, 35.766666667233004]}, "properties": {"p_logistic": 0.40050071477890015, "p_rf": 0.8019999861717224, "p_xgb": 0.9842950105667114, "date": "2026-03-24"}}, {"type": "Feature", "geometry": {"type": "Point", "coordinates": [-82.50000000170101, 35.766666667233004]}, "properties": {"p_logistic": 0.3992847204208374, "p_rf": 0.800000011920929, "p_xgb": 0.9799282550811768, "date": "2026-03-24"}}, {"type": "Feature", "geometry": {"type": "Point", "coordinates": [-82.49166666836803, 35.766666667233004]}, "properties": {"p_logistic": 0.3987790048122406, "p_rf": 0.7960000038146973, "p_xgb": 0.9799282550811768, "date": "2026-03-24"}}, {"type": "Feature", "geometry": {"type": "Point", "coordinates": [-82.48333333503501, 35.766666667233004]}, "properties": {"p_logistic": 0.3986215889453888, "p_rf": 0.7620000243186951, "p_xgb": 0.9806481003761292, "date": "2026-03-24"}}, {"type": "Feature", "geometry": {"type": "Point", "coordinates": [-82.47500000170201, 35.766666667233004]}, "properties": {"p_logistic": 0.39802810549736023, "p_rf": 0.7559999823570251, "p_xgb": 0.980262279510498, "date": "2026-03-24"}}, {"type": "Feature", "geometry": {"type": "Point", "coordinates": [-82.46666666836902, 35.766666667233004]}, "properties": {"p_logistic": 0.39785486459732056, "p_rf": 0.7419999837875366, "p_xgb": 0.980262279510498, "date": "2026-03-24"}}, {"type": "Feature", "geometry": {"type": "Point", "coordinates": [-82.45833333503602, 35.766666667233004]}, "properties": {"p_logistic": 0.3986644148826599, "p_rf": 0.7260000109672546, "p_xgb": 0.9779510498046875, "date": "2026-03-24"}}, {"type": "Feature", "geometry": {"type": "Point", "coordinates": [-82.45000000170302, 35.766666667233004]}, "properties": {"p_logistic": 0.39839017391204834, "p_rf": 0.7080000042915344, "p_xgb": 0.9671549797058105, "date": "2026-03-24"}}, {"type": "Feature", "geometry": {"type": "Point", "coordinates": [-82.44166666837002, 35.766666667233004]}, "properties": {"p_logistic": 0.3976883292198181, "p_rf": 0.7080000042915344, "p_xgb": 0.9675254225730896, "date": "2026-03-24"}}, {"type": "Feature", "geometry": {"type": "Point", "coordinates": [-82.43333333503702, 35.766666667233004]}, "properties": {"p_logistic": 0.39610055088996887, "p_rf": 0.7200000286102295, "p_xgb": 0.9700913429260254, "date": "2026-03-24"}}, {"type": "Feature", "geometry": {"type": "Point", "coordinates": [-82.42500000170402, 35.766666667233004]}, "properties": {"p_logistic": 0.3944120705127716, "p_rf": 0.7139999866485596, "p_xgb": 0.9726709723472595, "date": "2026-03-24"}}, {"type": "Feature", "geometry": {"type": "Point", "coordinates": [-82.41666666837102, 35.766666667233004]}, "properties": {"p_logistic": 0.3920096158981323, "p_rf": 0.6899999976158142, "p_xgb": 0.9734485149383545, "date": "2026-03-24"}}, {"type": "Feature", "geometry": {"type": "Point", "coordinates": [-82.40833333503801, 35.766666667233004]}, "properties": {"p_logistic": 0.38907134532928467, "p_rf": 0.7279999852180481, "p_xgb": 0.9724684357643127, "date": "2026-03-24"}}, {"type": "Feature", "geometry": {"type": "Point", "coordinates": [-82.40000000170502, 35.766666667233004]}, "properties": {"p_logistic": 0.38576003909111023, "p_rf": 0.7179999947547913, "p_xgb": 0.9638232588768005, "date": "2026-03-24"}}, {"type": "Feature", "geometry": {"type": "Point", "coordinates": [-82.39166666837201, 35.766666667233004]}, "properties": {"p_logistic": 0.3824155926704407, "p_rf": 0.6079999804496765, "p_xgb": 0.9448177814483643, "date": "2026-03-24"}}, {"type": "Feature", "geometry": {"type": "Point", "coordinates": [-82.38333333503903, 35.766666667233004]}, "properties": {"p_logistic": 0.3792097568511963, "p_rf": 0.6100000143051147, "p_xgb": 0.9534045457839966, "date": "2026-03-24"}}, {"type": "Feature", "geometry": {"type": "Point", "coordinates": [-82.37500000170601, 35.766666667233004]}, "properties": {"p_logistic": 0.37623780965805054, "p_rf": 0.6000000238418579, "p_xgb": 0.9471514821052551, "date": "2026-03-24"}}, {"type": "Feature", "geometry": {"type": "Point", "coordinates": [-82.36666666837301, 35.766666667233004]}, "properties": {"p_logistic": 0.3726423680782318, "p_rf": 0.6000000238418579, "p_xgb": 0.9467368125915527, "date": "2026-03-24"}}, {"type": "Feature", "geometry": {"type": "Point", "coordinates": [-82.35833333504002, 35.766666667233004]}, "properties": {"p_logistic": 0.370168536901474, "p_rf": 0.5960000157356262, "p_xgb": 0.942647397518158, "date": "2026-03-24"}}, {"type": "Feature", "geometry": {"type": "Point", "coordinates": [-82.35000000170702, 35.766666667233004]}, "properties": {"p_logistic": 0.36732685565948486, "p_rf": 0.578000009059906, "p_xgb": 0.9399711489677429, "date": "2026-03-24"}}, {"type": "Feature", "geometry": {"type": "Point", "coordinates": [-82.34166666837402, 35.766666667233004]}, "properties": {"p_logistic": 0.36526522040367126, "p_rf": 0.5640000104904175, "p_xgb": 0.9373586177825928, "date": "2026-03-24"}}, {"type": "Feature", "geometry": {"type": "Point", "coordinates": [-82.61666666836302, 35.758333333900005]}, "properties": {"p_logistic": 0.4004189670085907, "p_rf": 0.7300000190734863, "p_xgb": 0.9908954501152039, "date": "2026-03-24"}}, {"type": "Feature", "geometry": {"type": "Point", "coordinates": [-82.60833333503001, 35.758333333900005]}, "properties": {"p_logistic": 0.4035700261592865, "p_rf": 0.7699999809265137, "p_xgb": 0.9959306120872498, "date": "2026-03-24"}}, {"type": "Feature", "geometry": {"type": "Point", "coordinates": [-82.60000000169703, 35.758333333900005]}, "properties": {"p_logistic": 0.4060797393321991, "p_rf": 0.7699999809265137, "p_xgb": 0.9959306120872498, "date": "2026-03-24"}}, {"type": "Feature", "geometry": {"type": "Point", "coordinates": [-82.59166666836401, 35.758333333900005]}, "properties": {"p_logistic": 0.40758243203163147, "p_rf": 0.7820000052452087, "p_xgb": 0.9959306120872498, "date": "2026-03-24"}}, {"type": "Feature", "geometry": {"type": "Point", "coordinates": [-82.58333333503101, 35.758333333900005]}, "properties": {"p_logistic": 0.40870901942253113, "p_rf": 0.7900000214576721, "p_xgb": 0.9959306120872498, "date": "2026-03-24"}}, {"type": "Feature", "geometry": {"type": "Point", "coordinates": [-82.57500000169802, 35.758333333900005]}, "properties": {"p_logistic": 0.4092734456062317, "p_rf": 0.8040000200271606, "p_xgb": 0.9957988858222961, "date": "2026-03-24"}}, {"type": "Feature", "geometry": {"type": "Point", "coordinates": [-82.56666666836502, 35.758333333900005]}, "properties": {"p_logistic": 0.4095633327960968, "p_rf": 0.8159999847412109, "p_xgb": 0.9956291913986206, "date": "2026-03-24"}}, {"type": "Feature", "geometry": {"type": "Point", "coordinates": [-82.55833333503202, 35.758333333900005]}, "properties": {"p_logistic": 0.40974411368370056, "p_rf": 0.8240000009536743, "p_xgb": 0.9921958446502686, "date": "2026-03-24"}}, {"type": "Feature", "geometry": {"type": "Point", "coordinates": [-82.55000000169902, 35.758333333900005]}, "properties": {"p_logistic": 0.40967264771461487, "p_rf": 0.8220000267028809, "p_xgb": 0.9921958446502686, "date": "2026-03-24"}}, {"type": "Feature", "geometry": {"type": "Point", "coordinates": [-82.54166666836602, 35.758333333900005]}, "properties": {"p_logistic": 0.40853261947631836, "p_rf": 0.8220000267028809, "p_xgb": 0.9921958446502686, "date": "2026-03-24"}}, {"type": "Feature", "geometry": {"type": "Point", "coordinates": [-82.53333333503302, 35.758333333900005]}, "properties": {"p_logistic": 0.4070422947406769, "p_rf": 0.8059999942779541, "p_xgb": 0.9875394105911255, "date": "2026-03-24"}}, {"type": "Feature", "geometry": {"type": "Point", "coordinates": [-82.52500000170002, 35.758333333900005]}, "properties": {"p_logistic": 0.40480315685272217, "p_rf": 0.800000011920929, "p_xgb": 0.9875394105911255, "date": "2026-03-24"}}, {"type": "Feature", "geometry": {"type": "Point", "coordinates": [-82.51666666836701, 35.758333333900005]}, "properties": {"p_logistic": 0.40275222063064575, "p_rf": 0.7620000243186951, "p_xgb": 0.9861371517181396, "date": "2026-03-24"}}, {"type": "Feature", "geometry": {"type": "Point", "coordinates": [-82.50833333503402, 35.758333333900005]}, "properties": {"p_logistic": 0.40116867423057556, "p_rf": 0.7620000243186951, "p_xgb": 0.9847346544265747, "date": "2026-03-24"}}, {"type": "Feature", "geometry": {"type": "Point", "coordinates": [-82.50000000170101, 35.758333333900005]}, "properties": {"p_logistic": 0.3997006416320801, "p_rf": 0.7639999985694885, "p_xgb": 0.980262279510498, "date": "2026-03-24"}}, {"type": "Feature", "geometry": {"type": "Point", "coordinates": [-82.49166666836803, 35.758333333900005]}, "properties": {"p_logistic": 0.39849042892456055, "p_rf": 0.7419999837875366, "p_xgb": 0.9790439605712891, "date": "2026-03-24"}}, {"type": "Feature", "geometry": {"type": "Point", "coordinates": [-82.48333333503501, 35.758333333900005]}, "properties": {"p_logistic": 0.39825713634490967, "p_rf": 0.7059999704360962, "p_xgb": 0.9779723882675171, "date": "2026-03-24"}}, {"type": "Feature", "geometry": {"type": "Point", "coordinates": [-82.47500000170201, 35.758333333900005]}, "properties": {"p_logistic": 0.39780011773109436, "p_rf": 0.6819999814033508, "p_xgb": 0.9779723882675171, "date": "2026-03-24"}}, {"type": "Feature", "geometry": {"type": "Point", "coordinates": [-82.46666666836902, 35.758333333900005]}, "properties": {"p_logistic": 0.39854422211647034, "p_rf": 0.6919999718666077, "p_xgb": 0.9743591547012329, "date": "2026-03-24"}}, {"type": "Feature", "geometry": {"type": "Point", "coordinates": [-82.45833333503602, 35.758333333900005]}, "properties": {"p_logistic": 0.40001556277275085, "p_rf": 0.6800000071525574, "p_xgb": 0.9743591547012329, "date": "2026-03-24"}}, {"type": "Feature", "geometry": {"type": "Point", "coordinates": [-82.45000000170302, 35.758333333900005]}, "properties": {"p_logistic": 0.4003037214279175, "p_rf": 0.656000018119812, "p_xgb": 0.9618728756904602, "date": "2026-03-24"}}, {"type": "Feature", "geometry": {"type": "Point", "coordinates": [-82.44166666837002, 35.758333333900005]}, "properties": {"p_logistic": 0.39969402551651, "p_rf": 0.6240000128746033, "p_xgb": 0.9634014368057251, "date": "2026-03-24"}}, {"type": "Feature", "geometry": {"type": "Point", "coordinates": [-82.43333333503702, 35.758333333900005]}, "properties": {"p_logistic": 0.39851003885269165, "p_rf": 0.6380000114440918, "p_xgb": 0.9654972553253174, "date": "2026-03-24"}}, {"type": "Feature", "geometry": {"type": "Point", "coordinates": [-82.42500000170402, 35.758333333900005]}, "properties": {"p_logistic": 0.3970683217048645, "p_rf": 0.6740000247955322, "p_xgb": 0.9696916937828064, "date": "2026-03-24"}}, {"type": "Feature", "geometry": {"type": "Point", "coordinates": [-82.41666666837102, 35.758333333900005]}, "properties": {"p_logistic": 0.3951975405216217, "p_rf": 0.6880000233650208, "p_xgb": 0.9738459587097168, "date": "2026-03-24"}}, {"type": "Feature", "geometry": {"type": "Point", "coordinates": [-82.40833333503801, 35.758333333900005]}, "properties": {"p_logistic": 0.3920973539352417, "p_rf": 0.6959999799728394, "p_xgb": 0.9732301235198975, "date": "2026-03-24"}}, {"type": "Feature", "geometry": {"type": "Point", "coordinates": [-82.40000000170502, 35.758333333900005]}, "properties": {"p_logistic": 0.38884592056274414, "p_rf": 0.722000002861023, "p_xgb": 0.96930992603302, "date": "2026-03-24"}}, {"type": "Feature", "geometry": {"type": "Point", "coordinates": [-82.39166666837201, 35.758333333900005]}, "properties": {"p_logistic": 0.3844883441925049, "p_rf": 0.6600000262260437, "p_xgb": 0.9448177814483643, "date": "2026-03-24"}}, {"type": "Feature", "geometry": {"type": "Point", "coordinates": [-82.38333333503903, 35.758333333900005]}, "properties": {"p_logistic": 0.3810989558696747, "p_rf": 0.6079999804496765, "p_xgb": 0.940184473991394, "date": "2026-03-24"}}, {"type": "Feature", "geometry": {"type": "Point", "coordinates": [-82.37500000170601, 35.758333333900005]}, "properties": {"p_logistic": 0.3773006498813629, "p_rf": 0.6100000143051147, "p_xgb": 0.9518983364105225, "date": "2026-03-24"}}, {"type": "Feature", "geometry": {"type": "Point", "coordinates": [-82.36666666837301, 35.758333333900005]}, "properties": {"p_logistic": 0.37402912974357605, "p_rf": 0.6019999980926514, "p_xgb": 0.9509364366531372, "date": "2026-03-24"}}, {"type": "Feature", "geometry": {"type": "Point", "coordinates": [-82.35833333504002, 35.758333333900005]}, "properties": {"p_logistic": 0.37153396010398865, "p_rf": 0.5979999899864197, "p_xgb": 0.948395848274231, "date": "2026-03-24"}}, {"type": "Feature", "geometry": {"type": "Point", "coordinates": [-82.35000000170702, 35.758333333900005]}, "properties": {"p_logistic": 0.3689000904560089, "p_rf": 0.5820000171661377, "p_xgb": 0.942647397518158, "date": "2026-03-24"}}, {"type": "Feature", "geometry": {"type": "Point", "coordinates": [-82.34166666837402, 35.758333333900005]}, "properties": {"p_logistic": 0.36712485551834106, "p_rf": 0.5519999861717224, "p_xgb": 0.9393361210823059, "date": "2026-03-24"}}, {"type": "Feature", "geometry": {"type": "Point", "coordinates": [-82.63333333502902, 35.750000000567006]}, "properties": {"p_logistic": 0.398714542388916, "p_rf": 0.7200000286102295, "p_xgb": 0.995832622051239, "date": "2026-03-24"}}, {"type": "Feature", "geometry": {"type": "Point", "coordinates": [-82.62500000169601, 35.750000000567006]}, "properties": {"p_logistic": 0.401533842086792, "p_rf": 0.7239999771118164, "p_xgb": 0.9959306120872498, "date": "2026-03-24"}}, {"type": "Feature", "geometry": {"type": "Point", "coordinates": [-82.61666666836302, 35.750000000567006]}, "properties": {"p_logistic": 0.40457063913345337, "p_rf": 0.722000002861023, "p_xgb": 0.9959306120872498, "date": "2026-03-24"}}, {"type": "Feature", "geometry": {"type": "Point", "coordinates": [-82.60833333503001, 35.750000000567006]}, "properties": {"p_logistic": 0.4076828956604004, "p_rf": 0.7360000014305115, "p_xgb": 0.9959306120872498, "date": "2026-03-24"}}, {"type": "Feature", "geometry": {"type": "Point", "coordinates": [-82.60000000169703, 35.750000000567006]}, "properties": {"p_logistic": 0.40944814682006836, "p_rf": 0.7699999809265137, "p_xgb": 0.9959306120872498, "date": "2026-03-24"}}, {"type": "Feature", "geometry": {"type": "Point", "coordinates": [-82.59166666836401, 35.750000000567006]}, "properties": {"p_logistic": 0.41044026613235474, "p_rf": 0.7699999809265137, "p_xgb": 0.9959306120872498, "date": "2026-03-24"}}, {"type": "Feature", "geometry": {"type": "Point", "coordinates": [-82.58333333503101, 35.750000000567006]}, "properties": {"p_logistic": 0.4113297164440155, "p_rf": 0.7720000147819519, "p_xgb": 0.9959306120872498, "date": "2026-03-24"}}, {"type": "Feature", "geometry": {"type": "Point", "coordinates": [-82.57500000169802, 35.750000000567006]}, "properties": {"p_logistic": 0.4114413857460022, "p_rf": 0.7860000133514404, "p_xgb": 0.9959306120872498, "date": "2026-03-24"}}, {"type": "Feature", "geometry": {"type": "Point", "coordinates": [-82.56666666836502, 35.750000000567006]}, "properties": {"p_logistic": 0.41166993975639343, "p_rf": 0.8040000200271606, "p_xgb": 0.9956291913986206, "date": "2026-03-24"}}, {"type": "Feature", "geometry": {"type": "Point", "coordinates": [-82.55833333503202, 35.750000000567006]}, "properties": {"p_logistic": 0.41160571575164795, "p_rf": 0.8240000009536743, "p_xgb": 0.9921958446502686, "date": "2026-03-24"}}, {"type": "Feature", "geometry": {"type": "Point", "coordinates": [-82.55000000169902, 35.750000000567006]}, "properties": {"p_logistic": 0.41134849190711975, "p_rf": 0.8240000009536743, "p_xgb": 0.9921958446502686, "date": "2026-03-24"}}, {"type": "Feature", "geometry": {"type": "Point", "coordinates": [-82.54166666836602, 35.750000000567006]}, "properties": {"p_logistic": 0.4102819263935089, "p_rf": 0.8220000267028809, "p_xgb": 0.9921958446502686, "date": "2026-03-24"}}, {"type": "Feature", "geometry": {"type": "Point", "coordinates": [-82.53333333503302, 35.750000000567006]}, "properties": {"p_logistic": 0.40842607617378235, "p_rf": 0.7720000147819519, "p_xgb": 0.9879896640777588, "date": "2026-03-24"}}, {"type": "Feature", "geometry": {"type": "Point", "coordinates": [-82.52500000170002, 35.750000000567006]}, "properties": {"p_logistic": 0.4063907265663147, "p_rf": 0.765999972820282, "p_xgb": 0.987748384475708, "date": "2026-03-24"}}, {"type": "Feature", "geometry": {"type": "Point", "coordinates": [-82.51666666836701, 35.750000000567006]}, "properties": {"p_logistic": 0.4045562446117401, "p_rf": 0.7480000257492065, "p_xgb": 0.987748384475708, "date": "2026-03-24"}}, {"type": "Feature", "geometry": {"type": "Point", "coordinates": [-82.50833333503402, 35.750000000567006]}, "properties": {"p_logistic": 0.40267401933670044, "p_rf": 0.7400000095367432, "p_xgb": 0.9835999011993408, "date": "2026-03-24"}}, {"type": "Feature", "geometry": {"type": "Point", "coordinates": [-82.50000000170101, 35.750000000567006]}, "properties": {"p_logistic": 0.4007902443408966, "p_rf": 0.7139999866485596, "p_xgb": 0.9779723882675171, "date": "2026-03-24"}}, {"type": "Feature", "geometry": {"type": "Point", "coordinates": [-82.49166666836803, 35.750000000567006]}, "properties": {"p_logistic": 0.39914512634277344, "p_rf": 0.6779999732971191, "p_xgb": 0.9779723882675171, "date": "2026-03-24"}}, {"type": "Feature", "geometry": {"type": "Point", "coordinates": [-82.48333333503501, 35.750000000567006]}, "properties": {"p_logistic": 0.39881446957588196, "p_rf": 0.6919999718666077, "p_xgb": 0.9770379066467285, "date": "2026-03-24"}}, {"type": "Feature", "geometry": {"type": "Point", "coordinates": [-82.47500000170201, 35.750000000567006]}, "properties": {"p_logistic": 0.39910799264907837, "p_rf": 0.7400000095367432, "p_xgb": 0.9751595258712769, "date": "2026-03-24"}}, {"type": "Feature", "geometry": {"type": "Point", "coordinates": [-82.46666666836902, 35.750000000567006]}, "properties": {"p_logistic": 0.40112748742103577, "p_rf": 0.8019999861717224, "p_xgb": 0.9814364314079285, "date": "2026-03-24"}}, {"type": "Feature", "geometry": {"type": "Point", "coordinates": [-82.45833333503602, 35.750000000567006]}, "properties": {"p_logistic": 0.4023251533508301, "p_rf": 0.7680000066757202, "p_xgb": 0.971308171749115, "date": "2026-03-24"}}, {"type": "Feature", "geometry": {"type": "Point", "coordinates": [-82.45000000170302, 35.750000000567006]}, "properties": {"p_logistic": 0.40203696489334106, "p_rf": 0.6759999990463257, "p_xgb": 0.960370659828186, "date": "2026-03-24"}}, {"type": "Feature", "geometry": {"type": "Point", "coordinates": [-82.44166666837002, 35.750000000567006]}, "properties": {"p_logistic": 0.401485413312912, "p_rf": 0.6940000057220459, "p_xgb": 0.9617401361465454, "date": "2026-03-24"}}, {"type": "Feature", "geometry": {"type": "Point", "coordinates": [-82.43333333503702, 35.750000000567006]}, "properties": {"p_logistic": 0.40048927068710327, "p_rf": 0.6759999990463257, "p_xgb": 0.9628406763076782, "date": "2026-03-24"}}, {"type": "Feature", "geometry": {"type": "Point", "coordinates": [-82.42500000170402, 35.750000000567006]}, "properties": {"p_logistic": 0.3991153836250305, "p_rf": 0.6119999885559082, "p_xgb": 0.9690106511116028, "date": "2026-03-24"}}, {"type": "Feature", "geometry": {"type": "Point", "coordinates": [-82.41666666837102, 35.750000000567006]}, "properties": {"p_logistic": 0.39741677045822144, "p_rf": 0.6200000047683716, "p_xgb": 0.9690106511116028, "date": "2026-03-24"}}, {"type": "Feature", "geometry": {"type": "Point", "coordinates": [-82.40833333503801, 35.750000000567006]}, "properties": {"p_logistic": 0.39493992924690247, "p_rf": 0.6740000247955322, "p_xgb": 0.9722430109977722, "date": "2026-03-24"}}, {"type": "Feature", "geometry": {"type": "Point", "coordinates": [-82.40000000170502, 35.750000000567006]}, "properties": {"p_logistic": 0.3903038501739502, "p_rf": 0.6899999976158142, "p_xgb": 0.9732301235198975, "date": "2026-03-24"}}, {"type": "Feature", "geometry": {"type": "Point", "coordinates": [-82.39166666837201, 35.750000000567006]}, "properties": {"p_logistic": 0.3859846591949463, "p_rf": 0.734000027179718, "p_xgb": 0.9681892991065979, "date": "2026-03-24"}}, {"type": "Feature", "geometry": {"type": "Point", "coordinates": [-82.38333333503903, 35.750000000567006]}, "properties": {"p_logistic": 0.3819054663181305, "p_rf": 0.7300000190734863, "p_xgb": 0.9520422220230103, "date": "2026-03-24"}}, {"type": "Feature", "geometry": {"type": "Point", "coordinates": [-82.37500000170601, 35.750000000567006]}, "properties": {"p_logistic": 0.3789263069629669, "p_rf": 0.6959999799728394, "p_xgb": 0.9479821920394897, "date": "2026-03-24"}}, {"type": "Feature", "geometry": {"type": "Point", "coordinates": [-82.36666666837301, 35.750000000567006]}, "properties": {"p_logistic": 0.37671974301338196, "p_rf": 0.6899999976158142, "p_xgb": 0.9518983364105225, "date": "2026-03-24"}}, {"type": "Feature", "geometry": {"type": "Point", "coordinates": [-82.35833333504002, 35.750000000567006]}, "properties": {"p_logistic": 0.3746259808540344, "p_rf": 0.6079999804496765, "p_xgb": 0.9509364366531372, "date": "2026-03-24"}}, {"type": "Feature", "geometry": {"type": "Point", "coordinates": [-82.35000000170702, 35.750000000567006]}, "properties": {"p_logistic": 0.37237390875816345, "p_rf": 0.6019999980926514, "p_xgb": 0.9467368125915527, "date": "2026-03-24"}}, {"type": "Feature", "geometry": {"type": "Point", "coordinates": [-82.34166666837402, 35.750000000567006]}, "properties": {"p_logistic": 0.3712446093559265, "p_rf": 0.5559999942779541, "p_xgb": 0.942647397518158, "date": "2026-03-24"}}, {"type": "Feature", "geometry": {"type": "Point", "coordinates": [-82.65000000169502, 35.741666667234]}, "properties": {"p_logistic": 0.39702725410461426, "p_rf": 0.7239999771118164, "p_xgb": 0.9869471788406372, "date": "2026-03-24"}}, {"type": "Feature", "geometry": {"type": "Point", "coordinates": [-82.64166666836202, 35.741666667234]}, "properties": {"p_logistic": 0.39947283267974854, "p_rf": 0.6880000233650208, "p_xgb": 0.9910581111907959, "date": "2026-03-24"}}, {"type": "Feature", "geometry": {"type": "Point", "coordinates": [-82.63333333502902, 35.741666667234]}, "properties": {"p_logistic": 0.40269285440444946, "p_rf": 0.7020000219345093, "p_xgb": 0.9922581315040588, "date": "2026-03-24"}}, {"type": "Feature", "geometry": {"type": "Point", "coordinates": [-82.62500000169601, 35.741666667234]}, "properties": {"p_logistic": 0.4050128161907196, "p_rf": 0.7260000109672546, "p_xgb": 0.9922581315040588, "date": "2026-03-24"}}, {"type": "Feature", "geometry": {"type": "Point", "coordinates": [-82.61666666836302, 35.741666667234]}, "properties": {"p_logistic": 0.4077029228210449, "p_rf": 0.7200000286102295, "p_xgb": 0.9922581315040588, "date": "2026-03-24"}}, {"type": "Feature", "geometry": {"type": "Point", "coordinates": [-82.60833333503001, 35.741666667234]}, "properties": {"p_logistic": 0.41046425700187683, "p_rf": 0.7179999947547913, "p_xgb": 0.9924397468566895, "date": "2026-03-24"}}, {"type": "Feature", "geometry": {"type": "Point", "coordinates": [-82.60000000169703, 35.741666667234]}, "properties": {"p_logistic": 0.4128345847129822, "p_rf": 0.7480000257492065, "p_xgb": 0.9957661628723145, "date": "2026-03-24"}}, {"type": "Feature", "geometry": {"type": "Point", "coordinates": [-82.59166666836401, 35.741666667234]}, "properties": {"p_logistic": 0.4140123426914215, "p_rf": 0.7680000066757202, "p_xgb": 0.9957661628723145, "date": "2026-03-24"}}, {"type": "Feature", "geometry": {"type": "Point", "coordinates": [-82.58333333503101, 35.741666667234]}, "properties": {"p_logistic": 0.41411837935447693, "p_rf": 0.7699999809265137, "p_xgb": 0.9957661628723145, "date": "2026-03-24"}}, {"type": "Feature", "geometry": {"type": "Point", "coordinates": [-82.57500000169802, 35.741666667234]}, "properties": {"p_logistic": 0.4142248034477234, "p_rf": 0.7680000066757202, "p_xgb": 0.9957661628723145, "date": "2026-03-24"}}, {"type": "Feature", "geometry": {"type": "Point", "coordinates": [-82.56666666836502, 35.741666667234]}, "properties": {"p_logistic": 0.4138861298561096, "p_rf": 0.7799999713897705, "p_xgb": 0.9924397468566895, "date": "2026-03-24"}}, {"type": "Feature", "geometry": {"type": "Point", "coordinates": [-82.55833333503202, 35.741666667234]}, "properties": {"p_logistic": 0.413698673248291, "p_rf": 0.7960000038146973, "p_xgb": 0.9921958446502686, "date": "2026-03-24"}}, {"type": "Feature", "geometry": {"type": "Point", "coordinates": [-82.55000000169902, 35.741666667234]}, "properties": {"p_logistic": 0.4133011996746063, "p_rf": 0.8240000009536743, "p_xgb": 0.9921958446502686, "date": "2026-03-24"}}, {"type": "Feature", "geometry": {"type": "Point", "coordinates": [-82.54166666836602, 35.741666667234]}, "properties": {"p_logistic": 0.4119639992713928, "p_rf": 0.8199999928474426, "p_xgb": 0.9921958446502686, "date": "2026-03-24"}}, {"type": "Feature", "geometry": {"type": "Point", "coordinates": [-82.53333333503302, 35.741666667234]}, "properties": {"p_logistic": 0.4101926386356354, "p_rf": 0.765999972820282, "p_xgb": 0.9878894686698914, "date": "2026-03-24"}}, {"type": "Feature", "geometry": {"type": "Point", "coordinates": [-82.52500000170002, 35.741666667234]}, "properties": {"p_logistic": 0.4080963432788849, "p_rf": 0.7599999904632568, "p_xgb": 0.987748384475708, "date": "2026-03-24"}}, {"type": "Feature", "geometry": {"type": "Point", "coordinates": [-82.51666666836701, 35.741666667234]}, "properties": {"p_logistic": 0.4071471095085144, "p_rf": 0.6980000138282776, "p_xgb": 0.9863148927688599, "date": "2026-03-24"}}, {"type": "Feature", "geometry": {"type": "Point", "coordinates": [-82.50833333503402, 35.741666667234]}, "properties": {"p_logistic": 0.40533873438835144, "p_rf": 0.6779999732971191, "p_xgb": 0.9842081665992737, "date": "2026-03-24"}}, {"type": "Feature", "geometry": {"type": "Point", "coordinates": [-82.50000000170101, 35.741666667234]}, "properties": {"p_logistic": 0.4035497009754181, "p_rf": 0.671999990940094, "p_xgb": 0.975399911403656, "date": "2026-03-24"}}, {"type": "Feature", "geometry": {"type": "Point", "coordinates": [-82.49166666836803, 35.741666667234]}, "properties": {"p_logistic": 0.40146568417549133, "p_rf": 0.6880000233650208, "p_xgb": 0.9743591547012329, "date": "2026-03-24"}}, {"type": "Feature", "geometry": {"type": "Point", "coordinates": [-82.48333333503501, 35.741666667234]}, "properties": {"p_logistic": 0.4005884826183319, "p_rf": 0.7379999756813049, "p_xgb": 0.9751595258712769, "date": "2026-03-24"}}, {"type": "Feature", "geometry": {"type": "Point", "coordinates": [-82.47500000170201, 35.741666667234]}, "properties": {"p_logistic": 0.40097281336784363, "p_rf": 0.7020000219345093, "p_xgb": 0.9728285074234009, "date": "2026-03-24"}}, {"type": "Feature", "geometry": {"type": "Point", "coordinates": [-82.46666666836902, 35.741666667234]}, "properties": {"p_logistic": 0.4022660255432129, "p_rf": 0.7960000038146973, "p_xgb": 0.9814364314079285, "date": "2026-03-24"}}, {"type": "Feature", "geometry": {"type": "Point", "coordinates": [-82.45833333503602, 35.741666667234]}, "properties": {"p_logistic": 0.40270087122917175, "p_rf": 0.7680000066757202, "p_xgb": 0.971308171749115, "date": "2026-03-24"}}, {"type": "Feature", "geometry": {"type": "Point", "coordinates": [-82.45000000170302, 35.741666667234]}, "properties": {"p_logistic": 0.4021601378917694, "p_rf": 0.7599999904632568, "p_xgb": 0.971308171749115, "date": "2026-03-24"}}, {"type": "Feature", "geometry": {"type": "Point", "coordinates": [-82.44166666837002, 35.741666667234]}, "properties": {"p_logistic": 0.4012412428855896, "p_rf": 0.6840000152587891, "p_xgb": 0.960370659828186, "date": "2026-03-24"}}, {"type": "Feature", "geometry": {"type": "Point", "coordinates": [-82.43333333503702, 35.741666667234]}, "properties": {"p_logistic": 0.40027081966400146, "p_rf": 0.6759999990463257, "p_xgb": 0.9649674892425537, "date": "2026-03-24"}}, {"type": "Feature", "geometry": {"type": "Point", "coordinates": [-82.42500000170402, 35.741666667234]}, "properties": {"p_logistic": 0.39936381578445435, "p_rf": 0.6840000152587891, "p_xgb": 0.9675953984260559, "date": "2026-03-24"}}, {"type": "Feature", "geometry": {"type": "Point", "coordinates": [-82.41666666837102, 35.741666667234]}, "properties": {"p_logistic": 0.39807194471359253, "p_rf": 0.6460000276565552, "p_xgb": 0.9677085876464844, "date": "2026-03-24"}}, {"type": "Feature", "geometry": {"type": "Point", "coordinates": [-82.40833333503801, 35.741666667234]}, "properties": {"p_logistic": 0.3956049084663391, "p_rf": 0.621999979019165, "p_xgb": 0.9681574702262878, "date": "2026-03-24"}}, {"type": "Feature", "geometry": {"type": "Point", "coordinates": [-82.40000000170502, 35.741666667234]}, "properties": {"p_logistic": 0.3914848566055298, "p_rf": 0.6980000138282776, "p_xgb": 0.9734034538269043, "date": "2026-03-24"}}, {"type": "Feature", "geometry": {"type": "Point", "coordinates": [-82.39166666837201, 35.741666667234]}, "properties": {"p_logistic": 0.38679981231689453, "p_rf": 0.7200000286102295, "p_xgb": 0.9708616733551025, "date": "2026-03-24"}}, {"type": "Feature", "geometry": {"type": "Point", "coordinates": [-82.38333333503903, 35.741666667234]}, "properties": {"p_logistic": 0.3841620683670044, "p_rf": 0.734000027179718, "p_xgb": 0.9706719517707825, "date": "2026-03-24"}}, {"type": "Feature", "geometry": {"type": "Point", "coordinates": [-82.37500000170601, 35.741666667234]}, "properties": {"p_logistic": 0.3820308744907379, "p_rf": 0.7319999933242798, "p_xgb": 0.9718673825263977, "date": "2026-03-24"}}, {"type": "Feature", "geometry": {"type": "Point", "coordinates": [-82.36666666837301, 35.741666667234]}, "properties": {"p_logistic": 0.3801082670688629, "p_rf": 0.699999988079071, "p_xgb": 0.9568988680839539, "date": "2026-03-24"}}, {"type": "Feature", "geometry": {"type": "Point", "coordinates": [-82.35833333504002, 35.741666667234]}, "properties": {"p_logistic": 0.3789595067501068, "p_rf": 0.6819999814033508, "p_xgb": 0.949537456035614, "date": "2026-03-24"}}, {"type": "Feature", "geometry": {"type": "Point", "coordinates": [-82.35000000170702, 35.741666667234]}, "properties": {"p_logistic": 0.3775542974472046, "p_rf": 0.6200000047683716, "p_xgb": 0.9518983364105225, "date": "2026-03-24"}}, {"type": "Feature", "geometry": {"type": "Point", "coordinates": [-82.34166666837402, 35.741666667234]}, "properties": {"p_logistic": 0.3771091103553772, "p_rf": 0.5879999995231628, "p_xgb": 0.9509364366531372, "date": "2026-03-24"}}, {"type": "Feature", "geometry": {"type": "Point", "coordinates": [-82.33333333504102, 35.741666667234]}, "properties": {"p_logistic": 0.37810641527175903, "p_rf": 0.5580000281333923, "p_xgb": 0.9518983364105225, "date": "2026-03-24"}}, {"type": "Feature", "geometry": {"type": "Point", "coordinates": [-82.32500000170802, 35.741666667234]}, "properties": {"p_logistic": 0.3800241947174072, "p_rf": 0.5680000185966492, "p_xgb": 0.9400814175605774, "date": "2026-03-24"}}, {"type": "Feature", "geometry": {"type": "Point", "coordinates": [-82.70000000169301, 35.733333333901]}, "properties": {"p_logistic": 0.38948386907577515, "p_rf": 0.8679999709129333, "p_xgb": 0.9900209903717041, "date": "2026-03-24"}}, {"type": "Feature", "geometry": {"type": "Point", "coordinates": [-82.67500000169402, 35.733333333901]}, "properties": {"p_logistic": 0.39318007230758667, "p_rf": 0.8339999914169312, "p_xgb": 0.9838063716888428, "date": "2026-03-24"}}, {"type": "Feature", "geometry": {"type": "Point", "coordinates": [-82.66666666836102, 35.733333333901]}, "properties": {"p_logistic": 0.3944316506385803, "p_rf": 0.7799999713897705, "p_xgb": 0.9838063716888428, "date": "2026-03-24"}}, {"type": "Feature", "geometry": {"type": "Point", "coordinates": [-82.65833333502802, 35.733333333901]}, "properties": {"p_logistic": 0.3961353898048401, "p_rf": 0.7400000095367432, "p_xgb": 0.9810338020324707, "date": "2026-03-24"}}, {"type": "Feature", "geometry": {"type": "Point", "coordinates": [-82.65000000169502, 35.733333333901]}, "properties": {"p_logistic": 0.39899173378944397, "p_rf": 0.7059999704360962, "p_xgb": 0.9810338020324707, "date": "2026-03-24"}}, {"type": "Feature", "geometry": {"type": "Point", "coordinates": [-82.64166666836202, 35.733333333901]}, "properties": {"p_logistic": 0.4013919234275818, "p_rf": 0.6859999895095825, "p_xgb": 0.9910581111907959, "date": "2026-03-24"}}, {"type": "Feature", "geometry": {"type": "Point", "coordinates": [-82.63333333502902, 35.733333333901]}, "properties": {"p_logistic": 0.40406426787376404, "p_rf": 0.6880000233650208, "p_xgb": 0.9922581315040588, "date": "2026-03-24"}}, {"type": "Feature", "geometry": {"type": "Point", "coordinates": [-82.62500000169601, 35.733333333901]}, "properties": {"p_logistic": 0.4068852365016937, "p_rf": 0.7139999866485596, "p_xgb": 0.9922581315040588, "date": "2026-03-24"}}, {"type": "Feature", "geometry": {"type": "Point", "coordinates": [-82.61666666836302, 35.733333333901]}, "properties": {"p_logistic": 0.40963125228881836, "p_rf": 0.7239999771118164, "p_xgb": 0.9922581315040588, "date": "2026-03-24"}}, {"type": "Feature", "geometry": {"type": "Point", "coordinates": [-82.60833333503001, 35.733333333901]}, "properties": {"p_logistic": 0.412743479013443, "p_rf": 0.7200000286102295, "p_xgb": 0.9924397468566895, "date": "2026-03-24"}}, {"type": "Feature", "geometry": {"type": "Point", "coordinates": [-82.60000000169703, 35.733333333901]}, "properties": {"p_logistic": 0.4151116907596588, "p_rf": 0.7599999904632568, "p_xgb": 0.9924397468566895, "date": "2026-03-24"}}, {"type": "Feature", "geometry": {"type": "Point", "coordinates": [-82.59166666836401, 35.733333333901]}, "properties": {"p_logistic": 0.41617897152900696, "p_rf": 0.765999972820282, "p_xgb": 0.9915381669998169, "date": "2026-03-24"}}, {"type": "Feature", "geometry": {"type": "Point", "coordinates": [-82.58333333503101, 35.733333333901]}, "properties": {"p_logistic": 0.4168647527694702, "p_rf": 0.7580000162124634, "p_xgb": 0.9915381669998169, "date": "2026-03-24"}}, {"type": "Feature", "geometry": {"type": "Point", "coordinates": [-82.57500000169802, 35.733333333901]}, "properties": {"p_logistic": 0.4163580536842346, "p_rf": 0.7639999985694885, "p_xgb": 0.9915381669998169, "date": "2026-03-24"}}, {"type": "Feature", "geometry": {"type": "Point", "coordinates": [-82.56666666836502, 35.733333333901]}, "properties": {"p_logistic": 0.416105180978775, "p_rf": 0.765999972820282, "p_xgb": 0.9924397468566895, "date": "2026-03-24"}}, {"type": "Feature", "geometry": {"type": "Point", "coordinates": [-82.55833333503202, 35.733333333901]}, "properties": {"p_logistic": 0.41560983657836914, "p_rf": 0.7680000066757202, "p_xgb": 0.9924397468566895, "date": "2026-03-24"}}, {"type": "Feature", "geometry": {"type": "Point", "coordinates": [-82.55000000169902, 35.733333333901]}, "properties": {"p_logistic": 0.4148927927017212, "p_rf": 0.7820000052452087, "p_xgb": 0.9924397468566895, "date": "2026-03-24"}}, {"type": "Feature", "geometry": {"type": "Point", "coordinates": [-82.54166666836602, 35.733333333901]}, "properties": {"p_logistic": 0.4134480655193329, "p_rf": 0.8119999766349792, "p_xgb": 0.9875394105911255, "date": "2026-03-24"}}, {"type": "Feature", "geometry": {"type": "Point", "coordinates": [-82.53333333503302, 35.733333333901]}, "properties": {"p_logistic": 0.41157543659210205, "p_rf": 0.7839999794960022, "p_xgb": 0.9875394105911255, "date": "2026-03-24"}}, {"type": "Feature", "geometry": {"type": "Point", "coordinates": [-82.52500000170002, 35.733333333901]}, "properties": {"p_logistic": 0.4097765386104584, "p_rf": 0.7580000162124634, "p_xgb": 0.987748384475708, "date": "2026-03-24"}}, {"type": "Feature", "geometry": {"type": "Point", "coordinates": [-82.51666666836701, 35.733333333901]}, "properties": {"p_logistic": 0.4088796079158783, "p_rf": 0.6919999718666077, "p_xgb": 0.9863148927688599, "date": "2026-03-24"}}, {"type": "Feature", "geometry": {"type": "Point", "coordinates": [-82.50833333503402, 35.733333333901]}, "properties": {"p_logistic": 0.40735411643981934, "p_rf": 0.6639999747276306, "p_xgb": 0.9823508262634277, "date": "2026-03-24"}}, {"type": "Feature", "geometry": {"type": "Point", "coordinates": [-82.50000000170101, 35.733333333901]}, "properties": {"p_logistic": 0.4056997299194336, "p_rf": 0.6840000152587891, "p_xgb": 0.9807325005531311, "date": "2026-03-24"}}, {"type": "Feature", "geometry": {"type": "Point", "coordinates": [-82.49166666836803, 35.733333333901]}, "properties": {"p_logistic": 0.4045644998550415, "p_rf": 0.7260000109672546, "p_xgb": 0.9751595258712769, "date": "2026-03-24"}}, {"type": "Feature", "geometry": {"type": "Point", "coordinates": [-82.48333333503501, 35.733333333901]}, "properties": {"p_logistic": 0.40422168374061584, "p_rf": 0.8019999861717224, "p_xgb": 0.9814364314079285, "date": "2026-03-24"}}, {"type": "Feature", "geometry": {"type": "Point", "coordinates": [-82.47500000170201, 35.733333333901]}, "properties": {"p_logistic": 0.40408292412757874, "p_rf": 0.8019999861717224, "p_xgb": 0.9814364314079285, "date": "2026-03-24"}}, {"type": "Feature", "geometry": {"type": "Point", "coordinates": [-82.46666666836902, 35.733333333901]}, "properties": {"p_logistic": 0.4038085639476776, "p_rf": 0.800000011920929, "p_xgb": 0.9814364314079285, "date": "2026-03-24"}}, {"type": "Feature", "geometry": {"type": "Point", "coordinates": [-82.45833333503602, 35.733333333901]}, "properties": {"p_logistic": 0.40411439538002014, "p_rf": 0.7680000066757202, "p_xgb": 0.971308171749115, "date": "2026-03-24"}}, {"type": "Feature", "geometry": {"type": "Point", "coordinates": [-82.45000000170302, 35.733333333901]}, "properties": {"p_logistic": 0.40303707122802734, "p_rf": 0.7599999904632568, "p_xgb": 0.971308171749115, "date": "2026-03-24"}}, {"type": "Feature", "geometry": {"type": "Point", "coordinates": [-82.44166666837002, 35.733333333901]}, "properties": {"p_logistic": 0.4010710120201111, "p_rf": 0.7599999904632568, "p_xgb": 0.971308171749115, "date": "2026-03-24"}}, {"type": "Feature", "geometry": {"type": "Point", "coordinates": [-82.43333333503702, 35.733333333901]}, "properties": {"p_logistic": 0.3994372487068176, "p_rf": 0.6679999828338623, "p_xgb": 0.9637092351913452, "date": "2026-03-24"}}, {"type": "Feature", "geometry": {"type": "Point", "coordinates": [-82.42500000170402, 35.733333333901]}, "properties": {"p_logistic": 0.3983413875102997, "p_rf": 0.6840000152587891, "p_xgb": 0.9675953984260559, "date": "2026-03-24"}}, {"type": "Feature", "geometry": {"type": "Point", "coordinates": [-82.41666666837102, 35.733333333901]}, "properties": {"p_logistic": 0.39702096581459045, "p_rf": 0.6880000233650208, "p_xgb": 0.9667046070098877, "date": "2026-03-24"}}, {"type": "Feature", "geometry": {"type": "Point", "coordinates": [-82.40833333503801, 35.733333333901]}, "properties": {"p_logistic": 0.39451029896736145, "p_rf": 0.621999979019165, "p_xgb": 0.9672089219093323, "date": "2026-03-24"}}, {"type": "Feature", "geometry": {"type": "Point", "coordinates": [-82.40000000170502, 35.733333333901]}, "properties": {"p_logistic": 0.390672504901886, "p_rf": 0.6819999814033508, "p_xgb": 0.9706235527992249, "date": "2026-03-24"}}, {"type": "Feature", "geometry": {"type": "Point", "coordinates": [-82.39166666837201, 35.733333333901]}, "properties": {"p_logistic": 0.3875577747821808, "p_rf": 0.699999988079071, "p_xgb": 0.9716666340827942, "date": "2026-03-24"}}, {"type": "Feature", "geometry": {"type": "Point", "coordinates": [-82.38333333503903, 35.733333333901]}, "properties": {"p_logistic": 0.38537511229515076, "p_rf": 0.7360000014305115, "p_xgb": 0.9708616733551025, "date": "2026-03-24"}}, {"type": "Feature", "geometry": {"type": "Point", "coordinates": [-82.37500000170601, 35.733333333901]}, "properties": {"p_logistic": 0.3833101987838745, "p_rf": 0.7419999837875366, "p_xgb": 0.9706719517707825, "date": "2026-03-24"}}, {"type": "Feature", "geometry": {"type": "Point", "coordinates": [-82.36666666837301, 35.733333333901]}, "properties": {"p_logistic": 0.3818664848804474, "p_rf": 0.699999988079071, "p_xgb": 0.9710904955863953, "date": "2026-03-24"}}, {"type": "Feature", "geometry": {"type": "Point", "coordinates": [-82.35833333504002, 35.733333333901]}, "properties": {"p_logistic": 0.38085100054740906, "p_rf": 0.6819999814033508, "p_xgb": 0.9581992626190186, "date": "2026-03-24"}}, {"type": "Feature", "geometry": {"type": "Point", "coordinates": [-82.35000000170702, 35.733333333901]}, "properties": {"p_logistic": 0.3811156153678894, "p_rf": 0.6679999828338623, "p_xgb": 0.9515241384506226, "date": "2026-03-24"}}, {"type": "Feature", "geometry": {"type": "Point", "coordinates": [-82.34166666837402, 35.733333333901]}, "properties": {"p_logistic": 0.3813890218734741, "p_rf": 0.6340000033378601, "p_xgb": 0.9419586658477783, "date": "2026-03-24"}}, {"type": "Feature", "geometry": {"type": "Point", "coordinates": [-82.33333333504102, 35.733333333901]}, "properties": {"p_logistic": 0.38241463899612427, "p_rf": 0.593999981880188, "p_xgb": 0.9464622735977173, "date": "2026-03-24"}}, {"type": "Feature", "geometry": {"type": "Point", "coordinates": [-82.32500000170802, 35.733333333901]}, "properties": {"p_logistic": 0.38373997807502747, "p_rf": 0.5640000104904175, "p_xgb": 0.9464622735977173, "date": "2026-03-24"}}, {"type": "Feature", "geometry": {"type": "Point", "coordinates": [-82.31666666837502, 35.733333333901]}, "properties": {"p_logistic": 0.38533639907836914, "p_rf": 0.5759999752044678, "p_xgb": 0.9474356770515442, "date": "2026-03-24"}}, {"type": "Feature", "geometry": {"type": "Point", "coordinates": [-82.70833333502603, 35.725000000568]}, "properties": {"p_logistic": 0.3890184760093689, "p_rf": 0.8759999871253967, "p_xgb": 0.9927533268928528, "date": "2026-03-24"}}, {"type": "Feature", "geometry": {"type": "Point", "coordinates": [-82.70000000169301, 35.725000000568]}, "properties": {"p_logistic": 0.3909037411212921, "p_rf": 0.8700000047683716, "p_xgb": 0.9900209903717041, "date": "2026-03-24"}}, {"type": "Feature", "geometry": {"type": "Point", "coordinates": [-82.69166666836001, 35.725000000568]}, "properties": {"p_logistic": 0.39231178164482117, "p_rf": 0.8759999871253967, "p_xgb": 0.9860559701919556, "date": "2026-03-24"}}, {"type": "Feature", "geometry": {"type": "Point", "coordinates": [-82.68333333502702, 35.725000000568]}, "properties": {"p_logistic": 0.39337918162345886, "p_rf": 0.8640000224113464, "p_xgb": 0.9854793548583984, "date": "2026-03-24"}}, {"type": "Feature", "geometry": {"type": "Point", "coordinates": [-82.67500000169402, 35.725000000568]}, "properties": {"p_logistic": 0.39427703619003296, "p_rf": 0.7839999794960022, "p_xgb": 0.9838063716888428, "date": "2026-03-24"}}, {"type": "Feature", "geometry": {"type": "Point", "coordinates": [-82.66666666836102, 35.725000000568]}, "properties": {"p_logistic": 0.39602789282798767, "p_rf": 0.7739999890327454, "p_xgb": 0.9810338020324707, "date": "2026-03-24"}}, {"type": "Feature", "geometry": {"type": "Point", "coordinates": [-82.65833333502802, 35.725000000568]}, "properties": {"p_logistic": 0.39777877926826477, "p_rf": 0.7360000014305115, "p_xgb": 0.9810338020324707, "date": "2026-03-24"}}, {"type": "Feature", "geometry": {"type": "Point", "coordinates": [-82.65000000169502, 35.725000000568]}, "properties": {"p_logistic": 0.40006306767463684, "p_rf": 0.7080000042915344, "p_xgb": 0.9851636290550232, "date": "2026-03-24"}}, {"type": "Feature", "geometry": {"type": "Point", "coordinates": [-82.64166666836202, 35.725000000568]}, "properties": {"p_logistic": 0.4027388393878937, "p_rf": 0.6679999828338623, "p_xgb": 0.9876385927200317, "date": "2026-03-24"}}, {"type": "Feature", "geometry": {"type": "Point", "coordinates": [-82.63333333502902, 35.725000000568]}, "properties": {"p_logistic": 0.4058038592338562, "p_rf": 0.6840000152587891, "p_xgb": 0.9922581315040588, "date": "2026-03-24"}}, {"type": "Feature", "geometry": {"type": "Point", "coordinates": [-82.62500000169601, 35.725000000568]}, "properties": {"p_logistic": 0.4087085723876953, "p_rf": 0.6940000057220459, "p_xgb": 0.9922581315040588, "date": "2026-03-24"}}, {"type": "Feature", "geometry": {"type": "Point", "coordinates": [-82.61666666836302, 35.725000000568]}, "properties": {"p_logistic": 0.41216012835502625, "p_rf": 0.7139999866485596, "p_xgb": 0.9922581315040588, "date": "2026-03-24"}}, {"type": "Feature", "geometry": {"type": "Point", "coordinates": [-82.60833333503001, 35.725000000568]}, "properties": {"p_logistic": 0.4153716564178467, "p_rf": 0.7239999771118164, "p_xgb": 0.9922581315040588, "date": "2026-03-24"}}, {"type": "Feature", "geometry": {"type": "Point", "coordinates": [-82.60000000169703, 35.725000000568]}, "properties": {"p_logistic": 0.41780221462249756, "p_rf": 0.7179999947547913, "p_xgb": 0.9915381669998169, "date": "2026-03-24"}}, {"type": "Feature", "geometry": {"type": "Point", "coordinates": [-82.59166666836401, 35.725000000568]}, "properties": {"p_logistic": 0.41908928751945496, "p_rf": 0.7319999933242798, "p_xgb": 0.9912325739860535, "date": "2026-03-24"}}, {"type": "Feature", "geometry": {"type": "Point", "coordinates": [-82.58333333503101, 35.725000000568]}, "properties": {"p_logistic": 0.4192531704902649, "p_rf": 0.7200000286102295, "p_xgb": 0.9912325739860535, "date": "2026-03-24"}}, {"type": "Feature", "geometry": {"type": "Point", "coordinates": [-82.57500000169802, 35.725000000568]}, "properties": {"p_logistic": 0.41850244998931885, "p_rf": 0.7200000286102295, "p_xgb": 0.9910222291946411, "date": "2026-03-24"}}, {"type": "Feature", "geometry": {"type": "Point", "coordinates": [-82.56666666836502, 35.725000000568]}, "properties": {"p_logistic": 0.41813167929649353, "p_rf": 0.7200000286102295, "p_xgb": 0.9912325739860535, "date": "2026-03-24"}}, {"type": "Feature", "geometry": {"type": "Point", "coordinates": [-82.55833333503202, 35.725000000568]}, "properties": {"p_logistic": 0.41701051592826843, "p_rf": 0.7200000286102295, "p_xgb": 0.9915381669998169, "date": "2026-03-24"}}, {"type": "Feature", "geometry": {"type": "Point", "coordinates": [-82.55000000169902, 35.725000000568]}, "properties": {"p_logistic": 0.4158147871494293, "p_rf": 0.7480000257492065, "p_xgb": 0.9924397468566895, "date": "2026-03-24"}}, {"type": "Feature", "geometry": {"type": "Point", "coordinates": [-82.54166666836602, 35.725000000568]}, "properties": {"p_logistic": 0.414236456155777, "p_rf": 0.7639999985694885, "p_xgb": 0.9914012551307678, "date": "2026-03-24"}}, {"type": "Feature", "geometry": {"type": "Point", "coordinates": [-82.53333333503302, 35.725000000568]}, "properties": {"p_logistic": 0.41259825229644775, "p_rf": 0.7760000228881836, "p_xgb": 0.9875394105911255, "date": "2026-03-24"}}, {"type": "Feature", "geometry": {"type": "Point", "coordinates": [-82.52500000170002, 35.725000000568]}, "properties": {"p_logistic": 0.4114047884941101, "p_rf": 0.7900000214576721, "p_xgb": 0.9875394105911255, "date": "2026-03-24"}}, {"type": "Feature", "geometry": {"type": "Point", "coordinates": [-82.51666666836701, 35.725000000568]}, "properties": {"p_logistic": 0.41017428040504456, "p_rf": 0.7260000109672546, "p_xgb": 0.986985981464386, "date": "2026-03-24"}}, {"type": "Feature", "geometry": {"type": "Point", "coordinates": [-82.50833333503402, 35.725000000568]}, "properties": {"p_logistic": 0.4087650179862976, "p_rf": 0.6740000247955322, "p_xgb": 0.9847015142440796, "date": "2026-03-24"}}, {"type": "Feature", "geometry": {"type": "Point", "coordinates": [-82.50000000170101, 35.725000000568]}, "properties": {"p_logistic": 0.40731382369995117, "p_rf": 0.6899999976158142, "p_xgb": 0.9815985560417175, "date": "2026-03-24"}}, {"type": "Feature", "geometry": {"type": "Point", "coordinates": [-82.49166666836803, 35.725000000568]}, "properties": {"p_logistic": 0.40732812881469727, "p_rf": 0.734000027179718, "p_xgb": 0.9821771383285522, "date": "2026-03-24"}}, {"type": "Feature", "geometry": {"type": "Point", "coordinates": [-82.48333333503501, 35.725000000568]}, "properties": {"p_logistic": 0.40827590227127075, "p_rf": 0.800000011920929, "p_xgb": 0.9878387451171875, "date": "2026-03-24"}}, {"type": "Feature", "geometry": {"type": "Point", "coordinates": [-82.47500000170201, 35.725000000568]}, "properties": {"p_logistic": 0.40875452756881714, "p_rf": 0.8040000200271606, "p_xgb": 0.9878387451171875, "date": "2026-03-24"}}, {"type": "Feature", "geometry": {"type": "Point", "coordinates": [-82.46666666836902, 35.725000000568]}, "properties": {"p_logistic": 0.40862584114074707, "p_rf": 0.8019999861717224, "p_xgb": 0.9878387451171875, "date": "2026-03-24"}}, {"type": "Feature", "geometry": {"type": "Point", "coordinates": [-82.45833333503602, 35.725000000568]}, "properties": {"p_logistic": 0.4074617326259613, "p_rf": 0.7680000066757202, "p_xgb": 0.9762647747993469, "date": "2026-03-24"}}, {"type": "Feature", "geometry": {"type": "Point", "coordinates": [-82.45000000170302, 35.725000000568]}, "properties": {"p_logistic": 0.40454667806625366, "p_rf": 0.7599999904632568, "p_xgb": 0.971308171749115, "date": "2026-03-24"}}, {"type": "Feature", "geometry": {"type": "Point", "coordinates": [-82.44166666837002, 35.725000000568]}, "properties": {"p_logistic": 0.40243101119995117, "p_rf": 0.7599999904632568, "p_xgb": 0.971308171749115, "date": "2026-03-24"}}, {"type": "Feature", "geometry": {"type": "Point", "coordinates": [-82.43333333503702, 35.725000000568]}, "properties": {"p_logistic": 0.39930057525634766, "p_rf": 0.6740000247955322, "p_xgb": 0.9605850577354431, "date": "2026-03-24"}}, {"type": "Feature", "geometry": {"type": "Point", "coordinates": [-82.42500000170402, 35.725000000568]}, "properties": {"p_logistic": 0.39771416783332825, "p_rf": 0.6700000166893005, "p_xgb": 0.9655064940452576, "date": "2026-03-24"}}, {"type": "Feature", "geometry": {"type": "Point", "coordinates": [-82.41666666837102, 35.725000000568]}, "properties": {"p_logistic": 0.39548563957214355, "p_rf": 0.6980000138282776, "p_xgb": 0.9667046070098877, "date": "2026-03-24"}}, {"type": "Feature", "geometry": {"type": "Point", "coordinates": [-82.40833333503801, 35.725000000568]}, "properties": {"p_logistic": 0.3928639590740204, "p_rf": 0.6539999842643738, "p_xgb": 0.9678378701210022, "date": "2026-03-24"}}, {"type": "Feature", "geometry": {"type": "Point", "coordinates": [-82.40000000170502, 35.725000000568]}, "properties": {"p_logistic": 0.38889870047569275, "p_rf": 0.6399999856948853, "p_xgb": 0.9703421592712402, "date": "2026-03-24"}}, {"type": "Feature", "geometry": {"type": "Point", "coordinates": [-82.39166666837201, 35.725000000568]}, "properties": {"p_logistic": 0.3868770897388458, "p_rf": 0.699999988079071, "p_xgb": 0.9713420271873474, "date": "2026-03-24"}}, {"type": "Feature", "geometry": {"type": "Point", "coordinates": [-82.38333333503903, 35.725000000568]}, "properties": {"p_logistic": 0.38507279753685, "p_rf": 0.7200000286102295, "p_xgb": 0.9718974232673645, "date": "2026-03-24"}}, {"type": "Feature", "geometry": {"type": "Point", "coordinates": [-82.37500000170601, 35.725000000568]}, "properties": {"p_logistic": 0.38332197070121765, "p_rf": 0.7400000095367432, "p_xgb": 0.9697960615158081, "date": "2026-03-24"}}, {"type": "Feature", "geometry": {"type": "Point", "coordinates": [-82.36666666837301, 35.725000000568]}, "properties": {"p_logistic": 0.3817327916622162, "p_rf": 0.7020000219345093, "p_xgb": 0.9710904955863953, "date": "2026-03-24"}}, {"type": "Feature", "geometry": {"type": "Point", "coordinates": [-82.35833333504002, 35.725000000568]}, "properties": {"p_logistic": 0.38094907999038696, "p_rf": 0.6779999732971191, "p_xgb": 0.9581992626190186, "date": "2026-03-24"}}, {"type": "Feature", "geometry": {"type": "Point", "coordinates": [-82.35000000170702, 35.725000000568]}, "properties": {"p_logistic": 0.3816055655479431, "p_rf": 0.6700000166893005, "p_xgb": 0.9534821510314941, "date": "2026-03-24"}}, {"type": "Feature", "geometry": {"type": "Point", "coordinates": [-82.34166666837402, 35.725000000568]}, "properties": {"p_logistic": 0.3835553824901581, "p_rf": 0.6539999842643738, "p_xgb": 0.9464622735977173, "date": "2026-03-24"}}, {"type": "Feature", "geometry": {"type": "Point", "coordinates": [-82.33333333504102, 35.725000000568]}, "properties": {"p_logistic": 0.38490426540374756, "p_rf": 0.628000020980835, "p_xgb": 0.9649224281311035, "date": "2026-03-24"}}, {"type": "Feature", "geometry": {"type": "Point", "coordinates": [-82.32500000170802, 35.725000000568]}, "properties": {"p_logistic": 0.3865753412246704, "p_rf": 0.5839999914169312, "p_xgb": 0.9655723571777344, "date": "2026-03-24"}}, {"type": "Feature", "geometry": {"type": "Point", "coordinates": [-82.31666666837502, 35.725000000568]}, "properties": {"p_logistic": 0.3884127140045166, "p_rf": 0.5759999752044678, "p_xgb": 0.9650768041610718, "date": "2026-03-24"}}, {"type": "Feature", "geometry": {"type": "Point", "coordinates": [-82.30833333504202, 35.725000000568]}, "properties": {"p_logistic": 0.3897624611854553, "p_rf": 0.5659999847412109, "p_xgb": 0.9623395204544067, "date": "2026-03-24"}}, {"type": "Feature", "geometry": {"type": "Point", "coordinates": [-82.30000000170901, 35.725000000568]}, "properties": {"p_logistic": 0.3897132873535156, "p_rf": 0.5260000228881836, "p_xgb": 0.9611010551452637, "date": "2026-03-24"}}, {"type": "Feature", "geometry": {"type": "Point", "coordinates": [-82.29166666837602, 35.725000000568]}, "properties": {"p_logistic": 0.3909745216369629, "p_rf": 0.5339999794960022, "p_xgb": 0.9642948508262634, "date": "2026-03-24"}}, {"type": "Feature", "geometry": {"type": "Point", "coordinates": [-82.73333333502501, 35.716666667235]}, "properties": {"p_logistic": 0.3899150490760803, "p_rf": 0.8220000267028809, "p_xgb": 0.9933329224586487, "date": "2026-03-24"}}, {"type": "Feature", "geometry": {"type": "Point", "coordinates": [-82.72500000169202, 35.716666667235]}, "properties": {"p_logistic": 0.39003652334213257, "p_rf": 0.8360000252723694, "p_xgb": 0.9927533268928528, "date": "2026-03-24"}}, {"type": "Feature", "geometry": {"type": "Point", "coordinates": [-82.71666666835901, 35.716666667235]}, "properties": {"p_logistic": 0.3888615667819977, "p_rf": 0.8700000047683716, "p_xgb": 0.9960999488830566, "date": "2026-03-24"}}, {"type": "Feature", "geometry": {"type": "Point", "coordinates": [-82.70833333502603, 35.716666667235]}, "properties": {"p_logistic": 0.39105308055877686, "p_rf": 0.8740000128746033, "p_xgb": 0.9927533268928528, "date": "2026-03-24"}}, {"type": "Feature", "geometry": {"type": "Point", "coordinates": [-82.70000000169301, 35.716666667235]}, "properties": {"p_logistic": 0.3931303024291992, "p_rf": 0.8679999709129333, "p_xgb": 0.986700713634491, "date": "2026-03-24"}}, {"type": "Feature", "geometry": {"type": "Point", "coordinates": [-82.69166666836001, 35.716666667235]}, "properties": {"p_logistic": 0.3946489691734314, "p_rf": 0.8759999871253967, "p_xgb": 0.9860559701919556, "date": "2026-03-24"}}, {"type": "Feature", "geometry": {"type": "Point", "coordinates": [-82.68333333502702, 35.716666667235]}, "properties": {"p_logistic": 0.39550256729125977, "p_rf": 0.8640000224113464, "p_xgb": 0.9854793548583984, "date": "2026-03-24"}}, {"type": "Feature", "geometry": {"type": "Point", "coordinates": [-82.67500000169402, 35.716666667235]}, "properties": {"p_logistic": 0.3962830901145935, "p_rf": 0.7799999713897705, "p_xgb": 0.9838063716888428, "date": "2026-03-24"}}, {"type": "Feature", "geometry": {"type": "Point", "coordinates": [-82.66666666836102, 35.716666667235]}, "properties": {"p_logistic": 0.39771515130996704, "p_rf": 0.765999972820282, "p_xgb": 0.9810338020324707, "date": "2026-03-24"}}, {"type": "Feature", "geometry": {"type": "Point", "coordinates": [-82.65833333502802, 35.716666667235]}, "properties": {"p_logistic": 0.3991677463054657, "p_rf": 0.7360000014305115, "p_xgb": 0.9810338020324707, "date": "2026-03-24"}}, {"type": "Feature", "geometry": {"type": "Point", "coordinates": [-82.65000000169502, 35.716666667235]}, "properties": {"p_logistic": 0.4019114673137665, "p_rf": 0.7080000042915344, "p_xgb": 0.9864149689674377, "date": "2026-03-24"}}, {"type": "Feature", "geometry": {"type": "Point", "coordinates": [-82.64166666836202, 35.716666667235]}, "properties": {"p_logistic": 0.4049582779407501, "p_rf": 0.6940000057220459, "p_xgb": 0.98823082447052, "date": "2026-03-24"}}, {"type": "Feature", "geometry": {"type": "Point", "coordinates": [-82.63333333502902, 35.716666667235]}, "properties": {"p_logistic": 0.40816566348075867, "p_rf": 0.6819999814033508, "p_xgb": 0.9922266006469727, "date": "2026-03-24"}}, {"type": "Feature", "geometry": {"type": "Point", "coordinates": [-82.62500000169601, 35.716666667235]}, "properties": {"p_logistic": 0.41149184107780457, "p_rf": 0.6740000247955322, "p_xgb": 0.9922581315040588, "date": "2026-03-24"}}, {"type": "Feature", "geometry": {"type": "Point", "coordinates": [-82.61666666836302, 35.716666667235]}, "properties": {"p_logistic": 0.4150391221046448, "p_rf": 0.6880000233650208, "p_xgb": 0.9922581315040588, "date": "2026-03-24"}}, {"type": "Feature", "geometry": {"type": "Point", "coordinates": [-82.60833333503001, 35.716666667235]}, "properties": {"p_logistic": 0.4180588126182556, "p_rf": 0.6880000233650208, "p_xgb": 0.9913350939750671, "date": "2026-03-24"}}, {"type": "Feature", "geometry": {"type": "Point", "coordinates": [-82.60000000169703, 35.716666667235]}, "properties": {"p_logistic": 0.42079785466194153, "p_rf": 0.7139999866485596, "p_xgb": 0.9910222291946411, "date": "2026-03-24"}}, {"type": "Feature", "geometry": {"type": "Point", "coordinates": [-82.59166666836401, 35.716666667235]}, "properties": {"p_logistic": 0.42208683490753174, "p_rf": 0.722000002861023, "p_xgb": 0.9910222291946411, "date": "2026-03-24"}}, {"type": "Feature", "geometry": {"type": "Point", "coordinates": [-82.58333333503101, 35.716666667235]}, "properties": {"p_logistic": 0.4224184453487396, "p_rf": 0.7239999771118164, "p_xgb": 0.9910222291946411, "date": "2026-03-24"}}, {"type": "Feature", "geometry": {"type": "Point", "coordinates": [-82.57500000169802, 35.716666667235]}, "properties": {"p_logistic": 0.4219232499599457, "p_rf": 0.7239999771118164, "p_xgb": 0.9910222291946411, "date": "2026-03-24"}}, {"type": "Feature", "geometry": {"type": "Point", "coordinates": [-82.56666666836502, 35.716666667235]}, "properties": {"p_logistic": 0.42106863856315613, "p_rf": 0.7200000286102295, "p_xgb": 0.9910222291946411, "date": "2026-03-24"}}, {"type": "Feature", "geometry": {"type": "Point", "coordinates": [-82.55833333503202, 35.716666667235]}, "properties": {"p_logistic": 0.4196893870830536, "p_rf": 0.7239999771118164, "p_xgb": 0.9910222291946411, "date": "2026-03-24"}}, {"type": "Feature", "geometry": {"type": "Point", "coordinates": [-82.55000000169902, 35.716666667235]}, "properties": {"p_logistic": 0.41804033517837524, "p_rf": 0.7319999933242798, "p_xgb": 0.9910222291946411, "date": "2026-03-24"}}, {"type": "Feature", "geometry": {"type": "Point", "coordinates": [-82.54166666836602, 35.716666667235]}, "properties": {"p_logistic": 0.41633352637290955, "p_rf": 0.7160000205039978, "p_xgb": 0.9924397468566895, "date": "2026-03-24"}}, {"type": "Feature", "geometry": {"type": "Point", "coordinates": [-82.53333333503302, 35.716666667235]}, "properties": {"p_logistic": 0.41463544964790344, "p_rf": 0.7559999823570251, "p_xgb": 0.9879270195960999, "date": "2026-03-24"}}, {"type": "Feature", "geometry": {"type": "Point", "coordinates": [-82.52500000170002, 35.716666667235]}, "properties": {"p_logistic": 0.4132497012615204, "p_rf": 0.7720000147819519, "p_xgb": 0.9875394105911255, "date": "2026-03-24"}}, {"type": "Feature", "geometry": {"type": "Point", "coordinates": [-82.51666666836701, 35.716666667235]}, "properties": {"p_logistic": 0.4122169613838196, "p_rf": 0.7599999904632568, "p_xgb": 0.9878894686698914, "date": "2026-03-24"}}, {"type": "Feature", "geometry": {"type": "Point", "coordinates": [-82.50833333503402, 35.716666667235]}, "properties": {"p_logistic": 0.41133806109428406, "p_rf": 0.6859999895095825, "p_xgb": 0.9869037866592407, "date": "2026-03-24"}}, {"type": "Feature", "geometry": {"type": "Point", "coordinates": [-82.50000000170101, 35.716666667235]}, "properties": {"p_logistic": 0.4108465313911438, "p_rf": 0.6859999895095825, "p_xgb": 0.9840478301048279, "date": "2026-03-24"}}, {"type": "Feature", "geometry": {"type": "Point", "coordinates": [-82.49166666836803, 35.716666667235]}, "properties": {"p_logistic": 0.4113767743110657, "p_rf": 0.7319999933242798, "p_xgb": 0.9861796498298645, "date": "2026-03-24"}}, {"type": "Feature", "geometry": {"type": "Point", "coordinates": [-82.48333333503501, 35.716666667235]}, "properties": {"p_logistic": 0.4126574397087097, "p_rf": 0.8059999942779541, "p_xgb": 0.9895942211151123, "date": "2026-03-24"}}, {"type": "Feature", "geometry": {"type": "Point", "coordinates": [-82.47500000170201, 35.716666667235]}, "properties": {"p_logistic": 0.412946879863739, "p_rf": 0.8059999942779541, "p_xgb": 0.9895942211151123, "date": "2026-03-24"}}, {"type": "Feature", "geometry": {"type": "Point", "coordinates": [-82.46666666836902, 35.716666667235]}, "properties": {"p_logistic": 0.4114433228969574, "p_rf": 0.7960000038146973, "p_xgb": 0.9878387451171875, "date": "2026-03-24"}}, {"type": "Feature", "geometry": {"type": "Point", "coordinates": [-82.45833333503602, 35.716666667235]}, "properties": {"p_logistic": 0.40960031747817993, "p_rf": 0.7680000066757202, "p_xgb": 0.9782500863075256, "date": "2026-03-24"}}, {"type": "Feature", "geometry": {"type": "Point", "coordinates": [-82.45000000170302, 35.716666667235]}, "properties": {"p_logistic": 0.40651169419288635, "p_rf": 0.7599999904632568, "p_xgb": 0.971308171749115, "date": "2026-03-24"}}, {"type": "Feature", "geometry": {"type": "Point", "coordinates": [-82.44166666837002, 35.716666667235]}, "properties": {"p_logistic": 0.4035157263278961, "p_rf": 0.7620000243186951, "p_xgb": 0.971308171749115, "date": "2026-03-24"}}, {"type": "Feature", "geometry": {"type": "Point", "coordinates": [-82.43333333503702, 35.716666667235]}, "properties": {"p_logistic": 0.3993092179298401, "p_rf": 0.6679999828338623, "p_xgb": 0.9582038521766663, "date": "2026-03-24"}}, {"type": "Feature", "geometry": {"type": "Point", "coordinates": [-82.42500000170402, 35.716666667235]}, "properties": {"p_logistic": 0.39679715037345886, "p_rf": 0.6759999990463257, "p_xgb": 0.9644818902015686, "date": "2026-03-24"}}, {"type": "Feature", "geometry": {"type": "Point", "coordinates": [-82.41666666837102, 35.716666667235]}, "properties": {"p_logistic": 0.39459913969039917, "p_rf": 0.7020000219345093, "p_xgb": 0.9657143354415894, "date": "2026-03-24"}}, {"type": "Feature", "geometry": {"type": "Point", "coordinates": [-82.40833333503801, 35.716666667235]}, "properties": {"p_logistic": 0.3912643790245056, "p_rf": 0.6539999842643738, "p_xgb": 0.9678378701210022, "date": "2026-03-24"}}, {"type": "Feature", "geometry": {"type": "Point", "coordinates": [-82.40000000170502, 35.716666667235]}, "properties": {"p_logistic": 0.3884543180465698, "p_rf": 0.6320000290870667, "p_xgb": 0.9680511951446533, "date": "2026-03-24"}}, {"type": "Feature", "geometry": {"type": "Point", "coordinates": [-82.39166666837201, 35.716666667235]}, "properties": {"p_logistic": 0.38610637187957764, "p_rf": 0.6980000138282776, "p_xgb": 0.9713420271873474, "date": "2026-03-24"}}, {"type": "Feature", "geometry": {"type": "Point", "coordinates": [-82.38333333503903, 35.716666667235]}, "properties": {"p_logistic": 0.3840266168117523, "p_rf": 0.7020000219345093, "p_xgb": 0.9716666340827942, "date": "2026-03-24"}}, {"type": "Feature", "geometry": {"type": "Point", "coordinates": [-82.37500000170601, 35.716666667235]}, "properties": {"p_logistic": 0.38230401277542114, "p_rf": 0.7440000176429749, "p_xgb": 0.9697960615158081, "date": "2026-03-24"}}, {"type": "Feature", "geometry": {"type": "Point", "coordinates": [-82.36666666837301, 35.716666667235]}, "properties": {"p_logistic": 0.3810083270072937, "p_rf": 0.7239999771118164, "p_xgb": 0.9702267050743103, "date": "2026-03-24"}}, {"type": "Feature", "geometry": {"type": "Point", "coordinates": [-82.35833333504002, 35.716666667235]}, "properties": {"p_logistic": 0.38107308745384216, "p_rf": 0.6880000233650208, "p_xgb": 0.9719752669334412, "date": "2026-03-24"}}, {"type": "Feature", "geometry": {"type": "Point", "coordinates": [-82.35000000170702, 35.716666667235]}, "properties": {"p_logistic": 0.38291996717453003, "p_rf": 0.6759999990463257, "p_xgb": 0.9695994853973389, "date": "2026-03-24"}}, {"type": "Feature", "geometry": {"type": "Point", "coordinates": [-82.34166666837402, 35.716666667235]}, "properties": {"p_logistic": 0.3857075273990631, "p_rf": 0.6639999747276306, "p_xgb": 0.9682973623275757, "date": "2026-03-24"}}, {"type": "Feature", "geometry": {"type": "Point", "coordinates": [-82.33333333504102, 35.716666667235]}, "properties": {"p_logistic": 0.388349324464798, "p_rf": 0.656000018119812, "p_xgb": 0.965666651725769, "date": "2026-03-24"}}, {"type": "Feature", "geometry": {"type": "Point", "coordinates": [-82.32500000170802, 35.716666667235]}, "properties": {"p_logistic": 0.390316903591156, "p_rf": 0.6159999966621399, "p_xgb": 0.965666651725769, "date": "2026-03-24"}}, {"type": "Feature", "geometry": {"type": "Point", "coordinates": [-82.31666666837502, 35.716666667235]}, "properties": {"p_logistic": 0.39255115389823914, "p_rf": 0.5759999752044678, "p_xgb": 0.9663032293319702, "date": "2026-03-24"}}, {"type": "Feature", "geometry": {"type": "Point", "coordinates": [-82.30833333504202, 35.716666667235]}, "properties": {"p_logistic": 0.39373138546943665, "p_rf": 0.5680000185966492, "p_xgb": 0.9663032293319702, "date": "2026-03-24"}}, {"type": "Feature", "geometry": {"type": "Point", "coordinates": [-82.30000000170901, 35.716666667235]}, "properties": {"p_logistic": 0.39451223611831665, "p_rf": 0.5400000214576721, "p_xgb": 0.9636583924293518, "date": "2026-03-24"}}, {"type": "Feature", "geometry": {"type": "Point", "coordinates": [-82.29166666837602, 35.716666667235]}, "properties": {"p_logistic": 0.39575740694999695, "p_rf": 0.5260000228881836, "p_xgb": 0.9619229435920715, "date": "2026-03-24"}}, {"type": "Feature", "geometry": {"type": "Point", "coordinates": [-82.28333333504301, 35.716666667235]}, "properties": {"p_logistic": 0.39822643995285034, "p_rf": 0.5260000228881836, "p_xgb": 0.9619229435920715, "date": "2026-03-24"}}, {"type": "Feature", "geometry": {"type": "Point", "coordinates": [-82.75000000169102, 35.708333333902004]}, "properties": {"p_logistic": 0.39171338081359863, "p_rf": 0.8080000281333923, "p_xgb": 0.9937258362770081, "date": "2026-03-24"}}, {"type": "Feature", "geometry": {"type": "Point", "coordinates": [-82.74166666835802, 35.708333333902004]}, "properties": {"p_logistic": 0.3916749954223633, "p_rf": 0.8199999928474426, "p_xgb": 0.9933329224586487, "date": "2026-03-24"}}, {"type": "Feature", "geometry": {"type": "Point", "coordinates": [-82.73333333502501, 35.708333333902004]}, "properties": {"p_logistic": 0.39186787605285645, "p_rf": 0.8199999928474426, "p_xgb": 0.9913743138313293, "date": "2026-03-24"}}, {"type": "Feature", "geometry": {"type": "Point", "coordinates": [-82.72500000169202, 35.708333333902004]}, "properties": {"p_logistic": 0.39218249917030334, "p_rf": 0.8539999723434448, "p_xgb": 0.9927533268928528, "date": "2026-03-24"}}, {"type": "Feature", "geometry": {"type": "Point", "coordinates": [-82.71666666835901, 35.708333333902004]}, "properties": {"p_logistic": 0.39294368028640747, "p_rf": 0.871999979019165, "p_xgb": 0.9927533268928528, "date": "2026-03-24"}}, {"type": "Feature", "geometry": {"type": "Point", "coordinates": [-82.70833333502603, 35.708333333902004]}, "properties": {"p_logistic": 0.39514604210853577, "p_rf": 0.871999979019165, "p_xgb": 0.9927533268928528, "date": "2026-03-24"}}, {"type": "Feature", "geometry": {"type": "Point", "coordinates": [-82.70000000169301, 35.708333333902004]}, "properties": {"p_logistic": 0.39705032110214233, "p_rf": 0.8659999966621399, "p_xgb": 0.986700713634491, "date": "2026-03-24"}}, {"type": "Feature", "geometry": {"type": "Point", "coordinates": [-82.69166666836001, 35.708333333902004]}, "properties": {"p_logistic": 0.39815255999565125, "p_rf": 0.878000020980835, "p_xgb": 0.9860559701919556, "date": "2026-03-24"}}, {"type": "Feature", "geometry": {"type": "Point", "coordinates": [-82.68333333502702, 35.708333333902004]}, "properties": {"p_logistic": 0.39896640181541443, "p_rf": 0.8379999995231628, "p_xgb": 0.9854793548583984, "date": "2026-03-24"}}, {"type": "Feature", "geometry": {"type": "Point", "coordinates": [-82.67500000169402, 35.708333333902004]}, "properties": {"p_logistic": 0.39942771196365356, "p_rf": 0.7760000228881836, "p_xgb": 0.9838063716888428, "date": "2026-03-24"}}, {"type": "Feature", "geometry": {"type": "Point", "coordinates": [-82.66666666836102, 35.708333333902004]}, "properties": {"p_logistic": 0.4010237753391266, "p_rf": 0.7459999918937683, "p_xgb": 0.9851636290550232, "date": "2026-03-24"}}, {"type": "Feature", "geometry": {"type": "Point", "coordinates": [-82.65833333502802, 35.708333333902004]}, "properties": {"p_logistic": 0.40266600251197815, "p_rf": 0.734000027179718, "p_xgb": 0.9864149689674377, "date": "2026-03-24"}}, {"type": "Feature", "geometry": {"type": "Point", "coordinates": [-82.65000000169502, 35.708333333902004]}, "properties": {"p_logistic": 0.40522488951683044, "p_rf": 0.7059999704360962, "p_xgb": 0.98823082447052, "date": "2026-03-24"}}, {"type": "Feature", "geometry": {"type": "Point", "coordinates": [-82.64166666836202, 35.708333333902004]}, "properties": {"p_logistic": 0.40830883383750916, "p_rf": 0.7120000123977661, "p_xgb": 0.98823082447052, "date": "2026-03-24"}}, {"type": "Feature", "geometry": {"type": "Point", "coordinates": [-82.63333333502902, 35.708333333902004]}, "properties": {"p_logistic": 0.41145971417427063, "p_rf": 0.7160000205039978, "p_xgb": 0.9919187426567078, "date": "2026-03-24"}}, {"type": "Feature", "geometry": {"type": "Point", "coordinates": [-82.62500000169601, 35.708333333902004]}, "properties": {"p_logistic": 0.41452816128730774, "p_rf": 0.7099999785423279, "p_xgb": 0.9919187426567078, "date": "2026-03-24"}}, {"type": "Feature", "geometry": {"type": "Point", "coordinates": [-82.61666666836302, 35.708333333902004]}, "properties": {"p_logistic": 0.4183262884616852, "p_rf": 0.7099999785423279, "p_xgb": 0.9909555315971375, "date": "2026-03-24"}}, {"type": "Feature", "geometry": {"type": "Point", "coordinates": [-82.60833333503001, 35.708333333902004]}, "properties": {"p_logistic": 0.42132899165153503, "p_rf": 0.6759999990463257, "p_xgb": 0.9910222291946411, "date": "2026-03-24"}}, {"type": "Feature", "geometry": {"type": "Point", "coordinates": [-82.60000000169703, 35.708333333902004]}, "properties": {"p_logistic": 0.42425045371055603, "p_rf": 0.6840000152587891, "p_xgb": 0.9908369779586792, "date": "2026-03-24"}}, {"type": "Feature", "geometry": {"type": "Point", "coordinates": [-82.59166666836401, 35.708333333902004]}, "properties": {"p_logistic": 0.42565324902534485, "p_rf": 0.6940000057220459, "p_xgb": 0.9908369779586792, "date": "2026-03-24"}}, {"type": "Feature", "geometry": {"type": "Point", "coordinates": [-82.58333333503101, 35.708333333902004]}, "properties": {"p_logistic": 0.42589879035949707, "p_rf": 0.7139999866485596, "p_xgb": 0.9918305277824402, "date": "2026-03-24"}}, {"type": "Feature", "geometry": {"type": "Point", "coordinates": [-82.57500000169802, 35.708333333902004]}, "properties": {"p_logistic": 0.4250797927379608, "p_rf": 0.7160000205039978, "p_xgb": 0.9908369779586792, "date": "2026-03-24"}}, {"type": "Feature", "geometry": {"type": "Point", "coordinates": [-82.56666666836502, 35.708333333902004]}, "properties": {"p_logistic": 0.4244421124458313, "p_rf": 0.7160000205039978, "p_xgb": 0.9908369779586792, "date": "2026-03-24"}}, {"type": "Feature", "geometry": {"type": "Point", "coordinates": [-82.55833333503202, 35.708333333902004]}, "properties": {"p_logistic": 0.4235452711582184, "p_rf": 0.7160000205039978, "p_xgb": 0.9908369779586792, "date": "2026-03-24"}}, {"type": "Feature", "geometry": {"type": "Point", "coordinates": [-82.55000000169902, 35.708333333902004]}, "properties": {"p_logistic": 0.42207229137420654, "p_rf": 0.7239999771118164, "p_xgb": 0.9908369779586792, "date": "2026-03-24"}}, {"type": "Feature", "geometry": {"type": "Point", "coordinates": [-82.54166666836602, 35.708333333902004]}, "properties": {"p_logistic": 0.42051568627357483, "p_rf": 0.7200000286102295, "p_xgb": 0.9910222291946411, "date": "2026-03-24"}}, {"type": "Feature", "geometry": {"type": "Point", "coordinates": [-82.53333333503302, 35.708333333902004]}, "properties": {"p_logistic": 0.41909053921699524, "p_rf": 0.7319999933242798, "p_xgb": 0.9912325739860535, "date": "2026-03-24"}}, {"type": "Feature", "geometry": {"type": "Point", "coordinates": [-82.52500000170002, 35.708333333902004]}, "properties": {"p_logistic": 0.41766685247421265, "p_rf": 0.7720000147819519, "p_xgb": 0.9915381669998169, "date": "2026-03-24"}}, {"type": "Feature", "geometry": {"type": "Point", "coordinates": [-82.51666666836701, 35.708333333902004]}, "properties": {"p_logistic": 0.4164063334465027, "p_rf": 0.8040000200271606, "p_xgb": 0.9875394105911255, "date": "2026-03-24"}}, {"type": "Feature", "geometry": {"type": "Point", "coordinates": [-82.50833333503402, 35.708333333902004]}, "properties": {"p_logistic": 0.4159553647041321, "p_rf": 0.75, "p_xgb": 0.987748384475708, "date": "2026-03-24"}}, {"type": "Feature", "geometry": {"type": "Point", "coordinates": [-82.50000000170101, 35.708333333902004]}, "properties": {"p_logistic": 0.4151872396469116, "p_rf": 0.6880000233650208, "p_xgb": 0.9869037866592407, "date": "2026-03-24"}}, {"type": "Feature", "geometry": {"type": "Point", "coordinates": [-82.49166666836803, 35.708333333902004]}, "properties": {"p_logistic": 0.415459543466568, "p_rf": 0.7559999823570251, "p_xgb": 0.9867743253707886, "date": "2026-03-24"}}, {"type": "Feature", "geometry": {"type": "Point", "coordinates": [-82.48333333503501, 35.708333333902004]}, "properties": {"p_logistic": 0.4156706929206848, "p_rf": 0.8180000185966492, "p_xgb": 0.9895942211151123, "date": "2026-03-24"}}, {"type": "Feature", "geometry": {"type": "Point", "coordinates": [-82.47500000170201, 35.708333333902004]}, "properties": {"p_logistic": 0.4147200584411621, "p_rf": 0.8180000185966492, "p_xgb": 0.9895942211151123, "date": "2026-03-24"}}, {"type": "Feature", "geometry": {"type": "Point", "coordinates": [-82.46666666836902, 35.708333333902004]}, "properties": {"p_logistic": 0.4137454032897949, "p_rf": 0.800000011920929, "p_xgb": 0.988362729549408, "date": "2026-03-24"}}, {"type": "Feature", "geometry": {"type": "Point", "coordinates": [-82.45833333503602, 35.708333333902004]}, "properties": {"p_logistic": 0.4109403192996979, "p_rf": 0.7620000243186951, "p_xgb": 0.9811363816261292, "date": "2026-03-24"}}, {"type": "Feature", "geometry": {"type": "Point", "coordinates": [-82.45000000170302, 35.708333333902004]}, "properties": {"p_logistic": 0.40799278020858765, "p_rf": 0.7599999904632568, "p_xgb": 0.971308171749115, "date": "2026-03-24"}}, {"type": "Feature", "geometry": {"type": "Point", "coordinates": [-82.44166666837002, 35.708333333902004]}, "properties": {"p_logistic": 0.40444526076316833, "p_rf": 0.7620000243186951, "p_xgb": 0.971308171749115, "date": "2026-03-24"}}, {"type": "Feature", "geometry": {"type": "Point", "coordinates": [-82.43333333503702, 35.708333333902004]}, "properties": {"p_logistic": 0.4004252851009369, "p_rf": 0.6759999990463257, "p_xgb": 0.9596066474914551, "date": "2026-03-24"}}, {"type": "Feature", "geometry": {"type": "Point", "coordinates": [-82.42500000170402, 35.708333333902004]}, "properties": {"p_logistic": 0.3970479965209961, "p_rf": 0.6759999990463257, "p_xgb": 0.9626333117485046, "date": "2026-03-24"}}, {"type": "Feature", "geometry": {"type": "Point", "coordinates": [-82.41666666837102, 35.708333333902004]}, "properties": {"p_logistic": 0.39372268319129944, "p_rf": 0.7039999961853027, "p_xgb": 0.9657143354415894, "date": "2026-03-24"}}, {"type": "Feature", "geometry": {"type": "Point", "coordinates": [-82.40833333503801, 35.708333333902004]}, "properties": {"p_logistic": 0.39144575595855713, "p_rf": 0.6520000100135803, "p_xgb": 0.9678378701210022, "date": "2026-03-24"}}, {"type": "Feature", "geometry": {"type": "Point", "coordinates": [-82.40000000170502, 35.708333333902004]}, "properties": {"p_logistic": 0.3886166214942932, "p_rf": 0.6320000290870667, "p_xgb": 0.9680511951446533, "date": "2026-03-24"}}, {"type": "Feature", "geometry": {"type": "Point", "coordinates": [-82.39166666837201, 35.708333333902004]}, "properties": {"p_logistic": 0.3861696720123291, "p_rf": 0.699999988079071, "p_xgb": 0.9713420271873474, "date": "2026-03-24"}}, {"type": "Feature", "geometry": {"type": "Point", "coordinates": [-82.38333333503903, 35.708333333902004]}, "properties": {"p_logistic": 0.3833402693271637, "p_rf": 0.7020000219345093, "p_xgb": 0.9718974232673645, "date": "2026-03-24"}}, {"type": "Feature", "geometry": {"type": "Point", "coordinates": [-82.37500000170601, 35.708333333902004]}, "properties": {"p_logistic": 0.3815455436706543, "p_rf": 0.7400000095367432, "p_xgb": 0.9708616733551025, "date": "2026-03-24"}}, {"type": "Feature", "geometry": {"type": "Point", "coordinates": [-82.36666666837301, 35.708333333902004]}, "properties": {"p_logistic": 0.38157835602760315, "p_rf": 0.7440000176429749, "p_xgb": 0.9708616733551025, "date": "2026-03-24"}}, {"type": "Feature", "geometry": {"type": "Point", "coordinates": [-82.35833333504002, 35.708333333902004]}, "properties": {"p_logistic": 0.38325396180152893, "p_rf": 0.7419999837875366, "p_xgb": 0.9708616733551025, "date": "2026-03-24"}}, {"type": "Feature", "geometry": {"type": "Point", "coordinates": [-82.35000000170702, 35.708333333902004]}, "properties": {"p_logistic": 0.38632044196128845, "p_rf": 0.699999988079071, "p_xgb": 0.9717075824737549, "date": "2026-03-24"}}, {"type": "Feature", "geometry": {"type": "Point", "coordinates": [-82.34166666837402, 35.708333333902004]}, "properties": {"p_logistic": 0.39033395051956177, "p_rf": 0.699999988079071, "p_xgb": 0.9724684357643127, "date": "2026-03-24"}}, {"type": "Feature", "geometry": {"type": "Point", "coordinates": [-82.33333333504102, 35.708333333902004]}, "properties": {"p_logistic": 0.3932032883167267, "p_rf": 0.6880000233650208, "p_xgb": 0.9702475666999817, "date": "2026-03-24"}}, {"type": "Feature", "geometry": {"type": "Point", "coordinates": [-82.32500000170802, 35.708333333902004]}, "properties": {"p_logistic": 0.3956051170825958, "p_rf": 0.6779999732971191, "p_xgb": 0.9712590575218201, "date": "2026-03-24"}}, {"type": "Feature", "geometry": {"type": "Point", "coordinates": [-82.31666666837502, 35.708333333902004]}, "properties": {"p_logistic": 0.39763978123664856, "p_rf": 0.656000018119812, "p_xgb": 0.9668285846710205, "date": "2026-03-24"}}, {"type": "Feature", "geometry": {"type": "Point", "coordinates": [-82.30833333504202, 35.708333333902004]}, "properties": {"p_logistic": 0.39939793944358826, "p_rf": 0.5860000252723694, "p_xgb": 0.9647638201713562, "date": "2026-03-24"}}, {"type": "Feature", "geometry": {"type": "Point", "coordinates": [-82.30000000170901, 35.708333333902004]}, "properties": {"p_logistic": 0.4000866115093231, "p_rf": 0.5799999833106995, "p_xgb": 0.9654166102409363, "date": "2026-03-24"}}, {"type": "Feature", "geometry": {"type": "Point", "coordinates": [-82.29166666837602, 35.708333333902004]}, "properties": {"p_logistic": 0.401571124792099, "p_rf": 0.5759999752044678, "p_xgb": 0.9654166102409363, "date": "2026-03-24"}}, {"type": "Feature", "geometry": {"type": "Point", "coordinates": [-82.28333333504301, 35.708333333902004]}, "properties": {"p_logistic": 0.4038633704185486, "p_rf": 0.5740000009536743, "p_xgb": 0.9654166102409363, "date": "2026-03-24"}}, {"type": "Feature", "geometry": {"type": "Point", "coordinates": [-82.85000000168702, 35.700000000569005]}, "properties": {"p_logistic": 0.40146955847740173, "p_rf": 0.7559999823570251, "p_xgb": 0.986649215221405, "date": "2026-03-24"}}, {"type": "Feature", "geometry": {"type": "Point", "coordinates": [-82.75833333502402, 35.700000000569005]}, "properties": {"p_logistic": 0.393725723028183, "p_rf": 0.800000011920929, "p_xgb": 0.9933329224586487, "date": "2026-03-24"}}, {"type": "Feature", "geometry": {"type": "Point", "coordinates": [-82.75000000169102, 35.700000000569005]}, "properties": {"p_logistic": 0.3938550651073456, "p_rf": 0.8199999928474426, "p_xgb": 0.9933329224586487, "date": "2026-03-24"}}, {"type": "Feature", "geometry": {"type": "Point", "coordinates": [-82.74166666835802, 35.700000000569005]}, "properties": {"p_logistic": 0.39434370398521423, "p_rf": 0.8159999847412109, "p_xgb": 0.9913743138313293, "date": "2026-03-24"}}, {"type": "Feature", "geometry": {"type": "Point", "coordinates": [-82.73333333502501, 35.700000000569005]}, "properties": {"p_logistic": 0.3953133225440979, "p_rf": 0.843999981880188, "p_xgb": 0.9927533268928528, "date": "2026-03-24"}}, {"type": "Feature", "geometry": {"type": "Point", "coordinates": [-82.72500000169202, 35.700000000569005]}, "properties": {"p_logistic": 0.3958524167537689, "p_rf": 0.8740000128746033, "p_xgb": 0.9960999488830566, "date": "2026-03-24"}}, {"type": "Feature", "geometry": {"type": "Point", "coordinates": [-82.71666666835901, 35.700000000569005]}, "properties": {"p_logistic": 0.3987485468387604, "p_rf": 0.8700000047683716, "p_xgb": 0.9943459630012512, "date": "2026-03-24"}}, {"type": "Feature", "geometry": {"type": "Point", "coordinates": [-82.70833333502603, 35.700000000569005]}, "properties": {"p_logistic": 0.40110233426094055, "p_rf": 0.8740000128746033, "p_xgb": 0.9948354959487915, "date": "2026-03-24"}}, {"type": "Feature", "geometry": {"type": "Point", "coordinates": [-82.70000000169301, 35.700000000569005]}, "properties": {"p_logistic": 0.402950644493103, "p_rf": 0.8659999966621399, "p_xgb": 0.9900267124176025, "date": "2026-03-24"}}, {"type": "Feature", "geometry": {"type": "Point", "coordinates": [-82.69166666836001, 35.700000000569005]}, "properties": {"p_logistic": 0.40366995334625244, "p_rf": 0.878000020980835, "p_xgb": 0.9900267124176025, "date": "2026-03-24"}}, {"type": "Feature", "geometry": {"type": "Point", "coordinates": [-82.68333333502702, 35.700000000569005]}, "properties": {"p_logistic": 0.40407466888427734, "p_rf": 0.7839999794960022, "p_xgb": 0.9899619817733765, "date": "2026-03-24"}}, {"type": "Feature", "geometry": {"type": "Point", "coordinates": [-82.67500000169402, 35.700000000569005]}, "properties": {"p_logistic": 0.404327929019928, "p_rf": 0.7480000257492065, "p_xgb": 0.98823082447052, "date": "2026-03-24"}}, {"type": "Feature", "geometry": {"type": "Point", "coordinates": [-82.66666666836102, 35.700000000569005]}, "properties": {"p_logistic": 0.4053792357444763, "p_rf": 0.7360000014305115, "p_xgb": 0.98823082447052, "date": "2026-03-24"}}, {"type": "Feature", "geometry": {"type": "Point", "coordinates": [-82.65833333502802, 35.700000000569005]}, "properties": {"p_logistic": 0.406879723072052, "p_rf": 0.7160000205039978, "p_xgb": 0.98823082447052, "date": "2026-03-24"}}, {"type": "Feature", "geometry": {"type": "Point", "coordinates": [-82.65000000169502, 35.700000000569005]}, "properties": {"p_logistic": 0.4086853861808777, "p_rf": 0.7179999947547913, "p_xgb": 0.98823082447052, "date": "2026-03-24"}}, {"type": "Feature", "geometry": {"type": "Point", "coordinates": [-82.64166666836202, 35.700000000569005]}, "properties": {"p_logistic": 0.4109916687011719, "p_rf": 0.7419999837875366, "p_xgb": 0.98823082447052, "date": "2026-03-24"}}, {"type": "Feature", "geometry": {"type": "Point", "coordinates": [-82.63333333502902, 35.700000000569005]}, "properties": {"p_logistic": 0.4133828580379486, "p_rf": 0.7480000257492065, "p_xgb": 0.9919187426567078, "date": "2026-03-24"}}, {"type": "Feature", "geometry": {"type": "Point", "coordinates": [-82.62500000169601, 35.700000000569005]}, "properties": {"p_logistic": 0.41586512327194214, "p_rf": 0.7300000190734863, "p_xgb": 0.9919187426567078, "date": "2026-03-24"}}, {"type": "Feature", "geometry": {"type": "Point", "coordinates": [-82.61666666836302, 35.700000000569005]}, "properties": {"p_logistic": 0.4188985228538513, "p_rf": 0.7160000205039978, "p_xgb": 0.9906291365623474, "date": "2026-03-24"}}, {"type": "Feature", "geometry": {"type": "Point", "coordinates": [-82.60833333503001, 35.700000000569005]}, "properties": {"p_logistic": 0.42210671305656433, "p_rf": 0.7099999785423279, "p_xgb": 0.9906291365623474, "date": "2026-03-24"}}, {"type": "Feature", "geometry": {"type": "Point", "coordinates": [-82.60000000169703, 35.700000000569005]}, "properties": {"p_logistic": 0.425631582736969, "p_rf": 0.6740000247955322, "p_xgb": 0.9908369779586792, "date": "2026-03-24"}}, {"type": "Feature", "geometry": {"type": "Point", "coordinates": [-82.59166666836401, 35.700000000569005]}, "properties": {"p_logistic": 0.42729535698890686, "p_rf": 0.6840000152587891, "p_xgb": 0.9922518134117126, "date": "2026-03-24"}}, {"type": "Feature", "geometry": {"type": "Point", "coordinates": [-82.58333333503101, 35.700000000569005]}, "properties": {"p_logistic": 0.42738017439842224, "p_rf": 0.6880000233650208, "p_xgb": 0.9922518134117126, "date": "2026-03-24"}}, {"type": "Feature", "geometry": {"type": "Point", "coordinates": [-82.57500000169802, 35.700000000569005]}, "properties": {"p_logistic": 0.42604565620422363, "p_rf": 0.6840000152587891, "p_xgb": 0.9918305277824402, "date": "2026-03-24"}}, {"type": "Feature", "geometry": {"type": "Point", "coordinates": [-82.56666666836502, 35.700000000569005]}, "properties": {"p_logistic": 0.4257411062717438, "p_rf": 0.6899999976158142, "p_xgb": 0.9918305277824402, "date": "2026-03-24"}}, {"type": "Feature", "geometry": {"type": "Point", "coordinates": [-82.55833333503202, 35.700000000569005]}, "properties": {"p_logistic": 0.4256974458694458, "p_rf": 0.7020000219345093, "p_xgb": 0.9918305277824402, "date": "2026-03-24"}}, {"type": "Feature", "geometry": {"type": "Point", "coordinates": [-82.55000000169902, 35.700000000569005]}, "properties": {"p_logistic": 0.4245791733264923, "p_rf": 0.7179999947547913, "p_xgb": 0.995516836643219, "date": "2026-03-24"}}, {"type": "Feature", "geometry": {"type": "Point", "coordinates": [-82.54166666836602, 35.700000000569005]}, "properties": {"p_logistic": 0.42361682653427124, "p_rf": 0.7239999771118164, "p_xgb": 0.9956908822059631, "date": "2026-03-24"}}, {"type": "Feature", "geometry": {"type": "Point", "coordinates": [-82.53333333503302, 35.700000000569005]}, "properties": {"p_logistic": 0.4227171838283539, "p_rf": 0.7239999771118164, "p_xgb": 0.9951645135879517, "date": "2026-03-24"}}, {"type": "Feature", "geometry": {"type": "Point", "coordinates": [-82.52500000170002, 35.700000000569005]}, "properties": {"p_logistic": 0.42174169421195984, "p_rf": 0.7639999985694885, "p_xgb": 0.9950875639915466, "date": "2026-03-24"}}, {"type": "Feature", "geometry": {"type": "Point", "coordinates": [-82.51666666836701, 35.700000000569005]}, "properties": {"p_logistic": 0.42087292671203613, "p_rf": 0.8100000023841858, "p_xgb": 0.9909500479698181, "date": "2026-03-24"}}, {"type": "Feature", "geometry": {"type": "Point", "coordinates": [-82.50833333503402, 35.700000000569005]}, "properties": {"p_logistic": 0.4195683002471924, "p_rf": 0.7720000147819519, "p_xgb": 0.9859659075737, "date": "2026-03-24"}}, {"type": "Feature", "geometry": {"type": "Point", "coordinates": [-82.50000000170101, 35.700000000569005]}, "properties": {"p_logistic": 0.4188593924045563, "p_rf": 0.7260000109672546, "p_xgb": 0.9853517413139343, "date": "2026-03-24"}}, {"type": "Feature", "geometry": {"type": "Point", "coordinates": [-82.49166666836803, 35.700000000569005]}, "properties": {"p_logistic": 0.4178750813007355, "p_rf": 0.7160000205039978, "p_xgb": 0.9863429665565491, "date": "2026-03-24"}}, {"type": "Feature", "geometry": {"type": "Point", "coordinates": [-82.48333333503501, 35.700000000569005]}, "properties": {"p_logistic": 0.4160955846309662, "p_rf": 0.7419999837875366, "p_xgb": 0.9862880706787109, "date": "2026-03-24"}}, {"type": "Feature", "geometry": {"type": "Point", "coordinates": [-82.47500000170201, 35.700000000569005]}, "properties": {"p_logistic": 0.41518357396125793, "p_rf": 0.8040000200271606, "p_xgb": 0.988362729549408, "date": "2026-03-24"}}, {"type": "Feature", "geometry": {"type": "Point", "coordinates": [-82.46666666836902, 35.700000000569005]}, "properties": {"p_logistic": 0.413230836391449, "p_rf": 0.7680000066757202, "p_xgb": 0.9811363816261292, "date": "2026-03-24"}}, {"type": "Feature", "geometry": {"type": "Point", "coordinates": [-82.45833333503602, 35.700000000569005]}, "properties": {"p_logistic": 0.4109901189804077, "p_rf": 0.7599999904632568, "p_xgb": 0.9782500863075256, "date": "2026-03-24"}}, {"type": "Feature", "geometry": {"type": "Point", "coordinates": [-82.45000000170302, 35.700000000569005]}, "properties": {"p_logistic": 0.4076445698738098, "p_rf": 0.7620000243186951, "p_xgb": 0.971308171749115, "date": "2026-03-24"}}, {"type": "Feature", "geometry": {"type": "Point", "coordinates": [-82.44166666837002, 35.700000000569005]}, "properties": {"p_logistic": 0.4041520357131958, "p_rf": 0.7599999904632568, "p_xgb": 0.971308171749115, "date": "2026-03-24"}}, {"type": "Feature", "geometry": {"type": "Point", "coordinates": [-82.43333333503702, 35.700000000569005]}, "properties": {"p_logistic": 0.401285856962204, "p_rf": 0.6759999990463257, "p_xgb": 0.960370659828186, "date": "2026-03-24"}}, {"type": "Feature", "geometry": {"type": "Point", "coordinates": [-82.42500000170402, 35.700000000569005]}, "properties": {"p_logistic": 0.3994086682796478, "p_rf": 0.6959999799728394, "p_xgb": 0.9617401361465454, "date": "2026-03-24"}}, {"type": "Feature", "geometry": {"type": "Point", "coordinates": [-82.41666666837102, 35.700000000569005]}, "properties": {"p_logistic": 0.39728978276252747, "p_rf": 0.6919999718666077, "p_xgb": 0.9639275074005127, "date": "2026-03-24"}}, {"type": "Feature", "geometry": {"type": "Point", "coordinates": [-82.40833333503801, 35.700000000569005]}, "properties": {"p_logistic": 0.3944709599018097, "p_rf": 0.6240000128746033, "p_xgb": 0.9672089219093323, "date": "2026-03-24"}}, {"type": "Feature", "geometry": {"type": "Point", "coordinates": [-82.40000000170502, 35.700000000569005]}, "properties": {"p_logistic": 0.391072154045105, "p_rf": 0.6539999842643738, "p_xgb": 0.9672089219093323, "date": "2026-03-24"}}, {"type": "Feature", "geometry": {"type": "Point", "coordinates": [-82.39166666837201, 35.700000000569005]}, "properties": {"p_logistic": 0.3868387043476105, "p_rf": 0.7160000205039978, "p_xgb": 0.9737053513526917, "date": "2026-03-24"}}, {"type": "Feature", "geometry": {"type": "Point", "coordinates": [-82.38333333503903, 35.700000000569005]}, "properties": {"p_logistic": 0.3836429715156555, "p_rf": 0.7599999904632568, "p_xgb": 0.9804640412330627, "date": "2026-03-24"}}, {"type": "Feature", "geometry": {"type": "Point", "coordinates": [-82.37500000170601, 35.700000000569005]}, "properties": {"p_logistic": 0.38278868794441223, "p_rf": 0.777999997138977, "p_xgb": 0.9804640412330627, "date": "2026-03-24"}}, {"type": "Feature", "geometry": {"type": "Point", "coordinates": [-82.36666666837301, 35.700000000569005]}, "properties": {"p_logistic": 0.38419216871261597, "p_rf": 0.7580000162124634, "p_xgb": 0.9804640412330627, "date": "2026-03-24"}}, {"type": "Feature", "geometry": {"type": "Point", "coordinates": [-82.35833333504002, 35.700000000569005]}, "properties": {"p_logistic": 0.38726288080215454, "p_rf": 0.7099999785423279, "p_xgb": 0.9737053513526917, "date": "2026-03-24"}}, {"type": "Feature", "geometry": {"type": "Point", "coordinates": [-82.35000000170702, 35.700000000569005]}, "properties": {"p_logistic": 0.39184632897377014, "p_rf": 0.7059999704360962, "p_xgb": 0.9726312756538391, "date": "2026-03-24"}}, {"type": "Feature", "geometry": {"type": "Point", "coordinates": [-82.34166666837402, 35.700000000569005]}, "properties": {"p_logistic": 0.3964625298976898, "p_rf": 0.7099999785423279, "p_xgb": 0.9714377522468567, "date": "2026-03-24"}}, {"type": "Feature", "geometry": {"type": "Point", "coordinates": [-82.33333333504102, 35.700000000569005]}, "properties": {"p_logistic": 0.39944976568222046, "p_rf": 0.6980000138282776, "p_xgb": 0.97027987241745, "date": "2026-03-24"}}, {"type": "Feature", "geometry": {"type": "Point", "coordinates": [-82.32500000170802, 35.700000000569005]}, "properties": {"p_logistic": 0.4013097882270813, "p_rf": 0.7120000123977661, "p_xgb": 0.9675722122192383, "date": "2026-03-24"}}, {"type": "Feature", "geometry": {"type": "Point", "coordinates": [-82.31666666837502, 35.700000000569005]}, "properties": {"p_logistic": 0.4030989408493042, "p_rf": 0.7319999933242798, "p_xgb": 0.968440592288971, "date": "2026-03-24"}}, {"type": "Feature", "geometry": {"type": "Point", "coordinates": [-82.30833333504202, 35.700000000569005]}, "properties": {"p_logistic": 0.4044538140296936, "p_rf": 0.6819999814033508, "p_xgb": 0.9694039225578308, "date": "2026-03-24"}}, {"type": "Feature", "geometry": {"type": "Point", "coordinates": [-82.30000000170901, 35.700000000569005]}, "properties": {"p_logistic": 0.40569764375686646, "p_rf": 0.6759999990463257, "p_xgb": 0.9659061431884766, "date": "2026-03-24"}}, {"type": "Feature", "geometry": {"type": "Point", "coordinates": [-82.29166666837602, 35.700000000569005]}, "properties": {"p_logistic": 0.4072759747505188, "p_rf": 0.6800000071525574, "p_xgb": 0.9659061431884766, "date": "2026-03-24"}}, {"type": "Feature", "geometry": {"type": "Point", "coordinates": [-82.28333333504301, 35.700000000569005]}, "properties": {"p_logistic": 0.40988942980766296, "p_rf": 0.656000018119812, "p_xgb": 0.9606840014457703, "date": "2026-03-24"}}, {"type": "Feature", "geometry": {"type": "Point", "coordinates": [-82.85833333502002, 35.69166666723601]}, "properties": {"p_logistic": 0.3970760107040405, "p_rf": 0.7419999837875366, "p_xgb": 0.9882198572158813, "date": "2026-03-24"}}, {"type": "Feature", "geometry": {"type": "Point", "coordinates": [-82.85000000168702, 35.69166666723601]}, "properties": {"p_logistic": 0.39777445793151855, "p_rf": 0.7480000257492065, "p_xgb": 0.9890809059143066, "date": "2026-03-24"}}, {"type": "Feature", "geometry": {"type": "Point", "coordinates": [-82.84166666835401, 35.69166666723601]}, "properties": {"p_logistic": 0.39930447936058044, "p_rf": 0.777999997138977, "p_xgb": 0.9886274933815002, "date": "2026-03-24"}}, {"type": "Feature", "geometry": {"type": "Point", "coordinates": [-82.83333333502102, 35.69166666723601]}, "properties": {"p_logistic": 0.3993634879589081, "p_rf": 0.7940000295639038, "p_xgb": 0.9873472452163696, "date": "2026-03-24"}}, {"type": "Feature", "geometry": {"type": "Point", "coordinates": [-82.79166666835602, 35.69166666723601]}, "properties": {"p_logistic": 0.3958764970302582, "p_rf": 0.7379999756813049, "p_xgb": 0.9907984733581543, "date": "2026-03-24"}}, {"type": "Feature", "geometry": {"type": "Point", "coordinates": [-82.78333333502302, 35.69166666723601]}, "properties": {"p_logistic": 0.39550548791885376, "p_rf": 0.7300000190734863, "p_xgb": 0.9910548329353333, "date": "2026-03-24"}}, {"type": "Feature", "geometry": {"type": "Point", "coordinates": [-82.77500000169002, 35.69166666723601]}, "properties": {"p_logistic": 0.39561212062835693, "p_rf": 0.7900000214576721, "p_xgb": 0.9934114813804626, "date": "2026-03-24"}}, {"type": "Feature", "geometry": {"type": "Point", "coordinates": [-82.76666666835702, 35.69166666723601]}, "properties": {"p_logistic": 0.3961453437805176, "p_rf": 0.7919999957084656, "p_xgb": 0.9929989576339722, "date": "2026-03-24"}}, {"type": "Feature", "geometry": {"type": "Point", "coordinates": [-82.75833333502402, 35.69166666723601]}, "properties": {"p_logistic": 0.3964158594608307, "p_rf": 0.8119999766349792, "p_xgb": 0.9913743138313293, "date": "2026-03-24"}}, {"type": "Feature", "geometry": {"type": "Point", "coordinates": [-82.75000000169102, 35.69166666723601]}, "properties": {"p_logistic": 0.3970097601413727, "p_rf": 0.8159999847412109, "p_xgb": 0.9913743138313293, "date": "2026-03-24"}}, {"type": "Feature", "geometry": {"type": "Point", "coordinates": [-82.74166666835802, 35.69166666723601]}, "properties": {"p_logistic": 0.39726001024246216, "p_rf": 0.8339999914169312, "p_xgb": 0.9917531609535217, "date": "2026-03-24"}}, {"type": "Feature", "geometry": {"type": "Point", "coordinates": [-82.73333333502501, 35.69166666723601]}, "properties": {"p_logistic": 0.3973142206668854, "p_rf": 0.8560000061988831, "p_xgb": 0.9959422945976257, "date": "2026-03-24"}}, {"type": "Feature", "geometry": {"type": "Point", "coordinates": [-82.72500000169202, 35.69166666723601]}, "properties": {"p_logistic": 0.4000193476676941, "p_rf": 0.871999979019165, "p_xgb": 0.99710613489151, "date": "2026-03-24"}}, {"type": "Feature", "geometry": {"type": "Point", "coordinates": [-82.71666666835901, 35.69166666723601]}, "properties": {"p_logistic": 0.4036988317966461, "p_rf": 0.871999979019165, "p_xgb": 0.9955234527587891, "date": "2026-03-24"}}, {"type": "Feature", "geometry": {"type": "Point", "coordinates": [-82.70833333502603, 35.69166666723601]}, "properties": {"p_logistic": 0.406189888715744, "p_rf": 0.8640000224113464, "p_xgb": 0.9936597943305969, "date": "2026-03-24"}}, {"type": "Feature", "geometry": {"type": "Point", "coordinates": [-82.70000000169301, 35.69166666723601]}, "properties": {"p_logistic": 0.40783771872520447, "p_rf": 0.871999979019165, "p_xgb": 0.9913640022277832, "date": "2026-03-24"}}, {"type": "Feature", "geometry": {"type": "Point", "coordinates": [-82.69166666836001, 35.69166666723601]}, "properties": {"p_logistic": 0.40820300579071045, "p_rf": 0.8759999871253967, "p_xgb": 0.9913640022277832, "date": "2026-03-24"}}, {"type": "Feature", "geometry": {"type": "Point", "coordinates": [-82.68333333502702, 35.69166666723601]}, "properties": {"p_logistic": 0.40822547674179077, "p_rf": 0.7760000228881836, "p_xgb": 0.9899619817733765, "date": "2026-03-24"}}, {"type": "Feature", "geometry": {"type": "Point", "coordinates": [-82.67500000169402, 35.69166666723601]}, "properties": {"p_logistic": 0.4079563319683075, "p_rf": 0.734000027179718, "p_xgb": 0.98823082447052, "date": "2026-03-24"}}, {"type": "Feature", "geometry": {"type": "Point", "coordinates": [-82.66666666836102, 35.69166666723601]}, "properties": {"p_logistic": 0.4082161486148834, "p_rf": 0.7120000123977661, "p_xgb": 0.98823082447052, "date": "2026-03-24"}}, {"type": "Feature", "geometry": {"type": "Point", "coordinates": [-82.65833333502802, 35.69166666723601]}, "properties": {"p_logistic": 0.40859127044677734, "p_rf": 0.7160000205039978, "p_xgb": 0.98823082447052, "date": "2026-03-24"}}, {"type": "Feature", "geometry": {"type": "Point", "coordinates": [-82.65000000169502, 35.69166666723601]}, "properties": {"p_logistic": 0.4102729558944702, "p_rf": 0.7379999756813049, "p_xgb": 0.98823082447052, "date": "2026-03-24"}}, {"type": "Feature", "geometry": {"type": "Point", "coordinates": [-82.64166666836202, 35.69166666723601]}, "properties": {"p_logistic": 0.4118789732456207, "p_rf": 0.7720000147819519, "p_xgb": 0.98823082447052, "date": "2026-03-24"}}, {"type": "Feature", "geometry": {"type": "Point", "coordinates": [-82.63333333502902, 35.69166666723601]}, "properties": {"p_logistic": 0.4139624536037445, "p_rf": 0.7839999794960022, "p_xgb": 0.9915902018547058, "date": "2026-03-24"}}, {"type": "Feature", "geometry": {"type": "Point", "coordinates": [-82.62500000169601, 35.69166666723601]}, "properties": {"p_logistic": 0.4161163568496704, "p_rf": 0.7599999904632568, "p_xgb": 0.9919187426567078, "date": "2026-03-24"}}, {"type": "Feature", "geometry": {"type": "Point", "coordinates": [-82.61666666836302, 35.69166666723601]}, "properties": {"p_logistic": 0.41910234093666077, "p_rf": 0.7300000190734863, "p_xgb": 0.9906291365623474, "date": "2026-03-24"}}, {"type": "Feature", "geometry": {"type": "Point", "coordinates": [-82.60833333503001, 35.69166666723601]}, "properties": {"p_logistic": 0.4224415719509125, "p_rf": 0.7179999947547913, "p_xgb": 0.9906291365623474, "date": "2026-03-24"}}, {"type": "Feature", "geometry": {"type": "Point", "coordinates": [-82.60000000169703, 35.69166666723601]}, "properties": {"p_logistic": 0.4264805018901825, "p_rf": 0.6980000138282776, "p_xgb": 0.9914724826812744, "date": "2026-03-24"}}, {"type": "Feature", "geometry": {"type": "Point", "coordinates": [-82.59166666836401, 35.69166666723601]}, "properties": {"p_logistic": 0.4282962679862976, "p_rf": 0.6759999990463257, "p_xgb": 0.9922518134117126, "date": "2026-03-24"}}, {"type": "Feature", "geometry": {"type": "Point", "coordinates": [-82.58333333503101, 35.69166666723601]}, "properties": {"p_logistic": 0.4282154142856598, "p_rf": 0.6740000247955322, "p_xgb": 0.9922518134117126, "date": "2026-03-24"}}, {"type": "Feature", "geometry": {"type": "Point", "coordinates": [-82.57500000169802, 35.69166666723601]}, "properties": {"p_logistic": 0.4262736141681671, "p_rf": 0.6980000138282776, "p_xgb": 0.9914724826812744, "date": "2026-03-24"}}, {"type": "Feature", "geometry": {"type": "Point", "coordinates": [-82.56666666836502, 35.69166666723601]}, "properties": {"p_logistic": 0.42622971534729004, "p_rf": 0.6980000138282776, "p_xgb": 0.9914724826812744, "date": "2026-03-24"}}, {"type": "Feature", "geometry": {"type": "Point", "coordinates": [-82.55833333503202, 35.69166666723601]}, "properties": {"p_logistic": 0.4266180098056793, "p_rf": 0.6980000138282776, "p_xgb": 0.9919121265411377, "date": "2026-03-24"}}, {"type": "Feature", "geometry": {"type": "Point", "coordinates": [-82.55000000169902, 35.69166666723601]}, "properties": {"p_logistic": 0.42596888542175293, "p_rf": 0.7020000219345093, "p_xgb": 0.9957340359687805, "date": "2026-03-24"}}, {"type": "Feature", "geometry": {"type": "Point", "coordinates": [-82.54166666836602, 35.69166666723601]}, "properties": {"p_logistic": 0.4252813458442688, "p_rf": 0.6800000071525574, "p_xgb": 0.9959139227867126, "date": "2026-03-24"}}, {"type": "Feature", "geometry": {"type": "Point", "coordinates": [-82.53333333503302, 35.69166666723601]}, "properties": {"p_logistic": 0.42481982707977295, "p_rf": 0.7059999704360962, "p_xgb": 0.9959139227867126, "date": "2026-03-24"}}, {"type": "Feature", "geometry": {"type": "Point", "coordinates": [-82.52500000170002, 35.69166666723601]}, "properties": {"p_logistic": 0.4244243800640106, "p_rf": 0.7360000014305115, "p_xgb": 0.9960100650787354, "date": "2026-03-24"}}, {"type": "Feature", "geometry": {"type": "Point", "coordinates": [-82.51666666836701, 35.69166666723601]}, "properties": {"p_logistic": 0.42367035150527954, "p_rf": 0.8019999861717224, "p_xgb": 0.9949285984039307, "date": "2026-03-24"}}, {"type": "Feature", "geometry": {"type": "Point", "coordinates": [-82.50833333503402, 35.69166666723601]}, "properties": {"p_logistic": 0.42197009921073914, "p_rf": 0.8180000185966492, "p_xgb": 0.990763247013092, "date": "2026-03-24"}}, {"type": "Feature", "geometry": {"type": "Point", "coordinates": [-82.50000000170101, 35.69166666723601]}, "properties": {"p_logistic": 0.42040327191352844, "p_rf": 0.7860000133514404, "p_xgb": 0.9911023378372192, "date": "2026-03-24"}}, {"type": "Feature", "geometry": {"type": "Point", "coordinates": [-82.49166666836803, 35.69166666723601]}, "properties": {"p_logistic": 0.4179934859275818, "p_rf": 0.7099999785423279, "p_xgb": 0.9869037866592407, "date": "2026-03-24"}}, {"type": "Feature", "geometry": {"type": "Point", "coordinates": [-82.48333333503501, 35.69166666723601]}, "properties": {"p_logistic": 0.416856050491333, "p_rf": 0.7200000286102295, "p_xgb": 0.9867743253707886, "date": "2026-03-24"}}, {"type": "Feature", "geometry": {"type": "Point", "coordinates": [-82.47500000170201, 35.69166666723601]}, "properties": {"p_logistic": 0.41383469104766846, "p_rf": 0.7139999866485596, "p_xgb": 0.9846715331077576, "date": "2026-03-24"}}, {"type": "Feature", "geometry": {"type": "Point", "coordinates": [-82.46666666836902, 35.69166666723601]}, "properties": {"p_logistic": 0.4111587405204773, "p_rf": 0.7620000243186951, "p_xgb": 0.9811363816261292, "date": "2026-03-24"}}, {"type": "Feature", "geometry": {"type": "Point", "coordinates": [-82.45833333503602, 35.69166666723601]}, "properties": {"p_logistic": 0.40818512439727783, "p_rf": 0.7599999904632568, "p_xgb": 0.971308171749115, "date": "2026-03-24"}}, {"type": "Feature", "geometry": {"type": "Point", "coordinates": [-82.45000000170302, 35.69166666723601]}, "properties": {"p_logistic": 0.4050910472869873, "p_rf": 0.7599999904632568, "p_xgb": 0.971308171749115, "date": "2026-03-24"}}, {"type": "Feature", "geometry": {"type": "Point", "coordinates": [-82.44166666837002, 35.69166666723601]}, "properties": {"p_logistic": 0.40204745531082153, "p_rf": 0.6800000071525574, "p_xgb": 0.960370659828186, "date": "2026-03-24"}}, {"type": "Feature", "geometry": {"type": "Point", "coordinates": [-82.43333333503702, 35.69166666723601]}, "properties": {"p_logistic": 0.4022539556026459, "p_rf": 0.6880000233650208, "p_xgb": 0.9628406763076782, "date": "2026-03-24"}}, {"type": "Feature", "geometry": {"type": "Point", "coordinates": [-82.42500000170402, 35.69166666723601]}, "properties": {"p_logistic": 0.4030400216579437, "p_rf": 0.6639999747276306, "p_xgb": 0.9624967575073242, "date": "2026-03-24"}}, {"type": "Feature", "geometry": {"type": "Point", "coordinates": [-82.41666666837102, 35.69166666723601]}, "properties": {"p_logistic": 0.40301087498664856, "p_rf": 0.6240000128746033, "p_xgb": 0.9634014368057251, "date": "2026-03-24"}}, {"type": "Feature", "geometry": {"type": "Point", "coordinates": [-82.40833333503801, 35.69166666723601]}, "properties": {"p_logistic": 0.40023288130760193, "p_rf": 0.6460000276565552, "p_xgb": 0.9634014368057251, "date": "2026-03-24"}}, {"type": "Feature", "geometry": {"type": "Point", "coordinates": [-82.40000000170502, 35.69166666723601]}, "properties": {"p_logistic": 0.39559057354927063, "p_rf": 0.7120000123977661, "p_xgb": 0.9671549797058105, "date": "2026-03-24"}}, {"type": "Feature", "geometry": {"type": "Point", "coordinates": [-82.39166666837201, 35.69166666723601]}, "properties": {"p_logistic": 0.39046069979667664, "p_rf": 0.7360000014305115, "p_xgb": 0.9806616306304932, "date": "2026-03-24"}}, {"type": "Feature", "geometry": {"type": "Point", "coordinates": [-82.38333333503903, 35.69166666723601]}, "properties": {"p_logistic": 0.3864196240901947, "p_rf": 0.7799999713897705, "p_xgb": 0.9811350107192993, "date": "2026-03-24"}}, {"type": "Feature", "geometry": {"type": "Point", "coordinates": [-82.37500000170601, 35.69166666723601]}, "properties": {"p_logistic": 0.38616687059402466, "p_rf": 0.765999972820282, "p_xgb": 0.9820484519004822, "date": "2026-03-24"}}, {"type": "Feature", "geometry": {"type": "Point", "coordinates": [-82.36666666837301, 35.69166666723601]}, "properties": {"p_logistic": 0.3878304660320282, "p_rf": 0.7480000257492065, "p_xgb": 0.9825499057769775, "date": "2026-03-24"}}, {"type": "Feature", "geometry": {"type": "Point", "coordinates": [-82.35833333504002, 35.69166666723601]}, "properties": {"p_logistic": 0.39135807752609253, "p_rf": 0.722000002861023, "p_xgb": 0.9802759885787964, "date": "2026-03-24"}}, {"type": "Feature", "geometry": {"type": "Point", "coordinates": [-82.35000000170702, 35.69166666723601]}, "properties": {"p_logistic": 0.3967280387878418, "p_rf": 0.6520000100135803, "p_xgb": 0.9654972553253174, "date": "2026-03-24"}}, {"type": "Feature", "geometry": {"type": "Point", "coordinates": [-82.34166666837402, 35.69166666723601]}, "properties": {"p_logistic": 0.4011441767215729, "p_rf": 0.6320000290870667, "p_xgb": 0.9634014368057251, "date": "2026-03-24"}}, {"type": "Feature", "geometry": {"type": "Point", "coordinates": [-82.33333333504102, 35.69166666723601]}, "properties": {"p_logistic": 0.4044836461544037, "p_rf": 0.6320000290870667, "p_xgb": 0.9634014368057251, "date": "2026-03-24"}}, {"type": "Feature", "geometry": {"type": "Point", "coordinates": [-82.32500000170802, 35.69166666723601]}, "properties": {"p_logistic": 0.40566936135292053, "p_rf": 0.6380000114440918, "p_xgb": 0.9634014368057251, "date": "2026-03-24"}}, {"type": "Feature", "geometry": {"type": "Point", "coordinates": [-82.31666666837502, 35.69166666723601]}, "properties": {"p_logistic": 0.4068487584590912, "p_rf": 0.6980000138282776, "p_xgb": 0.9671549797058105, "date": "2026-03-24"}}, {"type": "Feature", "geometry": {"type": "Point", "coordinates": [-82.30833333504202, 35.69166666723601]}, "properties": {"p_logistic": 0.40842726826667786, "p_rf": 0.7139999866485596, "p_xgb": 0.9675722122192383, "date": "2026-03-24"}}, {"type": "Feature", "geometry": {"type": "Point", "coordinates": [-82.30000000170901, 35.69166666723601]}, "properties": {"p_logistic": 0.4094175100326538, "p_rf": 0.7319999933242798, "p_xgb": 0.968440592288971, "date": "2026-03-24"}}, {"type": "Feature", "geometry": {"type": "Point", "coordinates": [-82.29166666837602, 35.69166666723601]}, "properties": {"p_logistic": 0.41131946444511414, "p_rf": 0.699999988079071, "p_xgb": 0.968440592288971, "date": "2026-03-24"}}, {"type": "Feature", "geometry": {"type": "Point", "coordinates": [-82.87500000168602, 35.68333333390301]}, "properties": {"p_logistic": 0.3922520577907562, "p_rf": 0.8100000023841858, "p_xgb": 0.9891725778579712, "date": "2026-03-24"}}, {"type": "Feature", "geometry": {"type": "Point", "coordinates": [-82.86666666835302, 35.68333333390301]}, "properties": {"p_logistic": 0.3935677409172058, "p_rf": 0.8100000023841858, "p_xgb": 0.9891725778579712, "date": "2026-03-24"}}, {"type": "Feature", "geometry": {"type": "Point", "coordinates": [-82.85833333502002, 35.68333333390301]}, "properties": {"p_logistic": 0.3949402868747711, "p_rf": 0.8100000023841858, "p_xgb": 0.9888894557952881, "date": "2026-03-24"}}, {"type": "Feature", "geometry": {"type": "Point", "coordinates": [-82.85000000168702, 35.68333333390301]}, "properties": {"p_logistic": 0.39631909132003784, "p_rf": 0.8100000023841858, "p_xgb": 0.981487512588501, "date": "2026-03-24"}}, {"type": "Feature", "geometry": {"type": "Point", "coordinates": [-82.84166666835401, 35.68333333390301]}, "properties": {"p_logistic": 0.3978051543235779, "p_rf": 0.800000011920929, "p_xgb": 0.980316698551178, "date": "2026-03-24"}}, {"type": "Feature", "geometry": {"type": "Point", "coordinates": [-82.83333333502102, 35.68333333390301]}, "properties": {"p_logistic": 0.3982279300689697, "p_rf": 0.8119999766349792, "p_xgb": 0.9885683059692383, "date": "2026-03-24"}}, {"type": "Feature", "geometry": {"type": "Point", "coordinates": [-82.82500000168801, 35.68333333390301]}, "properties": {"p_logistic": 0.397990345954895, "p_rf": 0.8100000023841858, "p_xgb": 0.9882203340530396, "date": "2026-03-24"}}, {"type": "Feature", "geometry": {"type": "Point", "coordinates": [-82.81666666835503, 35.68333333390301]}, "properties": {"p_logistic": 0.397818922996521, "p_rf": 0.7699999809265137, "p_xgb": 0.9870239496231079, "date": "2026-03-24"}}, {"type": "Feature", "geometry": {"type": "Point", "coordinates": [-82.80833333502201, 35.68333333390301]}, "properties": {"p_logistic": 0.39762747287750244, "p_rf": 0.7760000228881836, "p_xgb": 0.9905756711959839, "date": "2026-03-24"}}, {"type": "Feature", "geometry": {"type": "Point", "coordinates": [-82.80000000168901, 35.68333333390301]}, "properties": {"p_logistic": 0.3977723717689514, "p_rf": 0.7699999809265137, "p_xgb": 0.9905756711959839, "date": "2026-03-24"}}, {"type": "Feature", "geometry": {"type": "Point", "coordinates": [-82.79166666835602, 35.68333333390301]}, "properties": {"p_logistic": 0.3978951871395111, "p_rf": 0.7739999890327454, "p_xgb": 0.9899874329566956, "date": "2026-03-24"}}, {"type": "Feature", "geometry": {"type": "Point", "coordinates": [-82.78333333502302, 35.68333333390301]}, "properties": {"p_logistic": 0.3980177640914917, "p_rf": 0.7820000052452087, "p_xgb": 0.9929989576339722, "date": "2026-03-24"}}, {"type": "Feature", "geometry": {"type": "Point", "coordinates": [-82.77500000169002, 35.68333333390301]}, "properties": {"p_logistic": 0.3985331356525421, "p_rf": 0.7940000295639038, "p_xgb": 0.9909432530403137, "date": "2026-03-24"}}, {"type": "Feature", "geometry": {"type": "Point", "coordinates": [-82.76666666835702, 35.68333333390301]}, "properties": {"p_logistic": 0.3985704183578491, "p_rf": 0.8080000281333923, "p_xgb": 0.9913743138313293, "date": "2026-03-24"}}, {"type": "Feature", "geometry": {"type": "Point", "coordinates": [-82.75833333502402, 35.68333333390301]}, "properties": {"p_logistic": 0.3984784483909607, "p_rf": 0.8140000104904175, "p_xgb": 0.9913743138313293, "date": "2026-03-24"}}, {"type": "Feature", "geometry": {"type": "Point", "coordinates": [-82.75000000169102, 35.68333333390301]}, "properties": {"p_logistic": 0.39852556586265564, "p_rf": 0.8240000009536743, "p_xgb": 0.9913743138313293, "date": "2026-03-24"}}, {"type": "Feature", "geometry": {"type": "Point", "coordinates": [-82.74166666835802, 35.68333333390301]}, "properties": {"p_logistic": 0.3983093202114105, "p_rf": 0.8379999995231628, "p_xgb": 0.9927533268928528, "date": "2026-03-24"}}, {"type": "Feature", "geometry": {"type": "Point", "coordinates": [-82.73333333502501, 35.68333333390301]}, "properties": {"p_logistic": 0.39858201146125793, "p_rf": 0.8560000061988831, "p_xgb": 0.9972186088562012, "date": "2026-03-24"}}, {"type": "Feature", "geometry": {"type": "Point", "coordinates": [-82.72500000169202, 35.68333333390301]}, "properties": {"p_logistic": 0.4029099941253662, "p_rf": 0.8679999709129333, "p_xgb": 0.9955234527587891, "date": "2026-03-24"}}, {"type": "Feature", "geometry": {"type": "Point", "coordinates": [-82.71666666835901, 35.68333333390301]}, "properties": {"p_logistic": 0.4068833589553833, "p_rf": 0.8759999871253967, "p_xgb": 0.9949036836624146, "date": "2026-03-24"}}, {"type": "Feature", "geometry": {"type": "Point", "coordinates": [-82.70833333502603, 35.68333333390301]}, "properties": {"p_logistic": 0.40932613611221313, "p_rf": 0.8640000224113464, "p_xgb": 0.9917654395103455, "date": "2026-03-24"}}, {"type": "Feature", "geometry": {"type": "Point", "coordinates": [-82.70000000169301, 35.68333333390301]}, "properties": {"p_logistic": 0.41105785965919495, "p_rf": 0.8740000128746033, "p_xgb": 0.9913640022277832, "date": "2026-03-24"}}, {"type": "Feature", "geometry": {"type": "Point", "coordinates": [-82.69166666836001, 35.68333333390301]}, "properties": {"p_logistic": 0.41134902834892273, "p_rf": 0.8759999871253967, "p_xgb": 0.9913640022277832, "date": "2026-03-24"}}, {"type": "Feature", "geometry": {"type": "Point", "coordinates": [-82.68333333502702, 35.68333333390301]}, "properties": {"p_logistic": 0.41122958064079285, "p_rf": 0.7760000228881836, "p_xgb": 0.9899619817733765, "date": "2026-03-24"}}, {"type": "Feature", "geometry": {"type": "Point", "coordinates": [-82.67500000169402, 35.68333333390301]}, "properties": {"p_logistic": 0.4107501208782196, "p_rf": 0.7139999866485596, "p_xgb": 0.98823082447052, "date": "2026-03-24"}}, {"type": "Feature", "geometry": {"type": "Point", "coordinates": [-82.66666666836102, 35.68333333390301]}, "properties": {"p_logistic": 0.4103371202945709, "p_rf": 0.7059999704360962, "p_xgb": 0.98823082447052, "date": "2026-03-24"}}, {"type": "Feature", "geometry": {"type": "Point", "coordinates": [-82.65833333502802, 35.68333333390301]}, "properties": {"p_logistic": 0.4100371301174164, "p_rf": 0.7139999866485596, "p_xgb": 0.98823082447052, "date": "2026-03-24"}}, {"type": "Feature", "geometry": {"type": "Point", "coordinates": [-82.65000000169502, 35.68333333390301]}, "properties": {"p_logistic": 0.41119566559791565, "p_rf": 0.7379999756813049, "p_xgb": 0.98823082447052, "date": "2026-03-24"}}, {"type": "Feature", "geometry": {"type": "Point", "coordinates": [-82.64166666836202, 35.68333333390301]}, "properties": {"p_logistic": 0.4123390316963196, "p_rf": 0.777999997138977, "p_xgb": 0.98823082447052, "date": "2026-03-24"}}, {"type": "Feature", "geometry": {"type": "Point", "coordinates": [-82.63333333502902, 35.68333333390301]}, "properties": {"p_logistic": 0.4145858585834503, "p_rf": 0.7860000133514404, "p_xgb": 0.993111252784729, "date": "2026-03-24"}}, {"type": "Feature", "geometry": {"type": "Point", "coordinates": [-82.62500000169601, 35.68333333390301]}, "properties": {"p_logistic": 0.4169550836086273, "p_rf": 0.7879999876022339, "p_xgb": 0.993111252784729, "date": "2026-03-24"}}, {"type": "Feature", "geometry": {"type": "Point", "coordinates": [-82.61666666836302, 35.68333333390301]}, "properties": {"p_logistic": 0.4201374351978302, "p_rf": 0.7760000228881836, "p_xgb": 0.9906291365623474, "date": "2026-03-24"}}, {"type": "Feature", "geometry": {"type": "Point", "coordinates": [-82.60833333503001, 35.68333333390301]}, "properties": {"p_logistic": 0.4232178330421448, "p_rf": 0.7279999852180481, "p_xgb": 0.990435779094696, "date": "2026-03-24"}}, {"type": "Feature", "geometry": {"type": "Point", "coordinates": [-82.60000000169703, 35.68333333390301]}, "properties": {"p_logistic": 0.4270784854888916, "p_rf": 0.7179999947547913, "p_xgb": 0.9919121265411377, "date": "2026-03-24"}}, {"type": "Feature", "geometry": {"type": "Point", "coordinates": [-82.59166666836401, 35.68333333390301]}, "properties": {"p_logistic": 0.4294917583465576, "p_rf": 0.6980000138282776, "p_xgb": 0.9919121265411377, "date": "2026-03-24"}}, {"type": "Feature", "geometry": {"type": "Point", "coordinates": [-82.58333333503101, 35.68333333390301]}, "properties": {"p_logistic": 0.4289877712726593, "p_rf": 0.7120000123977661, "p_xgb": 0.9919121265411377, "date": "2026-03-24"}}, {"type": "Feature", "geometry": {"type": "Point", "coordinates": [-82.57500000169802, 35.68333333390301]}, "properties": {"p_logistic": 0.4266514778137207, "p_rf": 0.7139999866485596, "p_xgb": 0.9955617189407349, "date": "2026-03-24"}}, {"type": "Feature", "geometry": {"type": "Point", "coordinates": [-82.56666666836502, 35.68333333390301]}, "properties": {"p_logistic": 0.4263368546962738, "p_rf": 0.7179999947547913, "p_xgb": 0.9955617189407349, "date": "2026-03-24"}}, {"type": "Feature", "geometry": {"type": "Point", "coordinates": [-82.55833333503202, 35.68333333390301]}, "properties": {"p_logistic": 0.4267124831676483, "p_rf": 0.7200000286102295, "p_xgb": 0.9957340359687805, "date": "2026-03-24"}}, {"type": "Feature", "geometry": {"type": "Point", "coordinates": [-82.55000000169902, 35.68333333390301]}, "properties": {"p_logistic": 0.4261459410190582, "p_rf": 0.7200000286102295, "p_xgb": 0.9957340359687805, "date": "2026-03-24"}}, {"type": "Feature", "geometry": {"type": "Point", "coordinates": [-82.54166666836602, 35.68333333390301]}, "properties": {"p_logistic": 0.4255930781364441, "p_rf": 0.7080000042915344, "p_xgb": 0.9957340359687805, "date": "2026-03-24"}}, {"type": "Feature", "geometry": {"type": "Point", "coordinates": [-82.53333333503302, 35.68333333390301]}, "properties": {"p_logistic": 0.4253431260585785, "p_rf": 0.6779999732971191, "p_xgb": 0.9959014058113098, "date": "2026-03-24"}}, {"type": "Feature", "geometry": {"type": "Point", "coordinates": [-82.52500000170002, 35.68333333390301]}, "properties": {"p_logistic": 0.42504414916038513, "p_rf": 0.7300000190734863, "p_xgb": 0.9959139227867126, "date": "2026-03-24"}}, {"type": "Feature", "geometry": {"type": "Point", "coordinates": [-82.51666666836701, 35.68333333390301]}, "properties": {"p_logistic": 0.4240263104438782, "p_rf": 0.7720000147819519, "p_xgb": 0.9957921504974365, "date": "2026-03-24"}}, {"type": "Feature", "geometry": {"type": "Point", "coordinates": [-82.50833333503402, 35.68333333390301]}, "properties": {"p_logistic": 0.4219037890434265, "p_rf": 0.8080000281333923, "p_xgb": 0.9909500479698181, "date": "2026-03-24"}}, {"type": "Feature", "geometry": {"type": "Point", "coordinates": [-82.50000000170101, 35.68333333390301]}, "properties": {"p_logistic": 0.4200269877910614, "p_rf": 0.7960000038146973, "p_xgb": 0.985561192035675, "date": "2026-03-24"}}, {"type": "Feature", "geometry": {"type": "Point", "coordinates": [-82.49166666836803, 35.68333333390301]}, "properties": {"p_logistic": 0.41792258620262146, "p_rf": 0.7639999985694885, "p_xgb": 0.987748384475708, "date": "2026-03-24"}}, {"type": "Feature", "geometry": {"type": "Point", "coordinates": [-82.48333333503501, 35.68333333390301]}, "properties": {"p_logistic": 0.41576719284057617, "p_rf": 0.6779999732971191, "p_xgb": 0.9869037866592407, "date": "2026-03-24"}}, {"type": "Feature", "geometry": {"type": "Point", "coordinates": [-82.47500000170201, 35.68333333390301]}, "properties": {"p_logistic": 0.4127967357635498, "p_rf": 0.699999988079071, "p_xgb": 0.9839450716972351, "date": "2026-03-24"}}, {"type": "Feature", "geometry": {"type": "Point", "coordinates": [-82.46666666836902, 35.68333333390301]}, "properties": {"p_logistic": 0.4095470905303955, "p_rf": 0.7099999785423279, "p_xgb": 0.984550416469574, "date": "2026-03-24"}}, {"type": "Feature", "geometry": {"type": "Point", "coordinates": [-82.45833333503602, 35.68333333390301]}, "properties": {"p_logistic": 0.40806257724761963, "p_rf": 0.6859999895095825, "p_xgb": 0.9617401361465454, "date": "2026-03-24"}}, {"type": "Feature", "geometry": {"type": "Point", "coordinates": [-82.45000000170302, 35.68333333390301]}, "properties": {"p_logistic": 0.4064250886440277, "p_rf": 0.6880000233650208, "p_xgb": 0.9617401361465454, "date": "2026-03-24"}}, {"type": "Feature", "geometry": {"type": "Point", "coordinates": [-82.44166666837002, 35.68333333390301]}, "properties": {"p_logistic": 0.4048400819301605, "p_rf": 0.6859999895095825, "p_xgb": 0.9628406763076782, "date": "2026-03-24"}}, {"type": "Feature", "geometry": {"type": "Point", "coordinates": [-82.43333333503702, 35.68333333390301]}, "properties": {"p_logistic": 0.4045438766479492, "p_rf": 0.6460000276565552, "p_xgb": 0.9629697799682617, "date": "2026-03-24"}}, {"type": "Feature", "geometry": {"type": "Point", "coordinates": [-82.42500000170402, 35.68333333390301]}, "properties": {"p_logistic": 0.40583327412605286, "p_rf": 0.621999979019165, "p_xgb": 0.9644560217857361, "date": "2026-03-24"}}, {"type": "Feature", "geometry": {"type": "Point", "coordinates": [-82.41666666837102, 35.68333333390301]}, "properties": {"p_logistic": 0.4067789912223816, "p_rf": 0.6460000276565552, "p_xgb": 0.9634014368057251, "date": "2026-03-24"}}, {"type": "Feature", "geometry": {"type": "Point", "coordinates": [-82.40833333503801, 35.68333333390301]}, "properties": {"p_logistic": 0.4058879613876343, "p_rf": 0.6840000152587891, "p_xgb": 0.9671549797058105, "date": "2026-03-24"}}, {"type": "Feature", "geometry": {"type": "Point", "coordinates": [-82.40000000170502, 35.68333333390301]}, "properties": {"p_logistic": 0.4010830223560333, "p_rf": 0.7200000286102295, "p_xgb": 0.9671549797058105, "date": "2026-03-24"}}, {"type": "Feature", "geometry": {"type": "Point", "coordinates": [-82.39166666837201, 35.68333333390301]}, "properties": {"p_logistic": 0.3959593176841736, "p_rf": 0.7599999904632568, "p_xgb": 0.9783811569213867, "date": "2026-03-24"}}, {"type": "Feature", "geometry": {"type": "Point", "coordinates": [-82.38333333503903, 35.68333333390301]}, "properties": {"p_logistic": 0.3917425572872162, "p_rf": 0.765999972820282, "p_xgb": 0.9810962080955505, "date": "2026-03-24"}}, {"type": "Feature", "geometry": {"type": "Point", "coordinates": [-82.37500000170601, 35.68333333390301]}, "properties": {"p_logistic": 0.3906451463699341, "p_rf": 0.7540000081062317, "p_xgb": 0.9816238284111023, "date": "2026-03-24"}}, {"type": "Feature", "geometry": {"type": "Point", "coordinates": [-82.36666666837301, 35.68333333390301]}, "properties": {"p_logistic": 0.3918490409851074, "p_rf": 0.7440000176429749, "p_xgb": 0.980262279510498, "date": "2026-03-24"}}, {"type": "Feature", "geometry": {"type": "Point", "coordinates": [-82.35833333504002, 35.68333333390301]}, "properties": {"p_logistic": 0.39561566710472107, "p_rf": 0.6940000057220459, "p_xgb": 0.975399911403656, "date": "2026-03-24"}}, {"type": "Feature", "geometry": {"type": "Point", "coordinates": [-82.35000000170702, 35.68333333390301]}, "properties": {"p_logistic": 0.40049853920936584, "p_rf": 0.6359999775886536, "p_xgb": 0.9634014368057251, "date": "2026-03-24"}}, {"type": "Feature", "geometry": {"type": "Point", "coordinates": [-82.34166666837402, 35.68333333390301]}, "properties": {"p_logistic": 0.40469998121261597, "p_rf": 0.6499999761581421, "p_xgb": 0.9634014368057251, "date": "2026-03-24"}}, {"type": "Feature", "geometry": {"type": "Point", "coordinates": [-82.33333333504102, 35.68333333390301]}, "properties": {"p_logistic": 0.4076218605041504, "p_rf": 0.6520000100135803, "p_xgb": 0.9618728756904602, "date": "2026-03-24"}}, {"type": "Feature", "geometry": {"type": "Point", "coordinates": [-82.32500000170802, 35.68333333390301]}, "properties": {"p_logistic": 0.4085078835487366, "p_rf": 0.6259999871253967, "p_xgb": 0.9634014368057251, "date": "2026-03-24"}}, {"type": "Feature", "geometry": {"type": "Point", "coordinates": [-82.31666666837502, 35.68333333390301]}, "properties": {"p_logistic": 0.40947476029396057, "p_rf": 0.6320000290870667, "p_xgb": 0.9634014368057251, "date": "2026-03-24"}}, {"type": "Feature", "geometry": {"type": "Point", "coordinates": [-82.30833333504202, 35.68333333390301]}, "properties": {"p_logistic": 0.4106118679046631, "p_rf": 0.6819999814033508, "p_xgb": 0.9671549797058105, "date": "2026-03-24"}}, {"type": "Feature", "geometry": {"type": "Point", "coordinates": [-82.30000000170901, 35.68333333390301]}, "properties": {"p_logistic": 0.41173574328422546, "p_rf": 0.6919999718666077, "p_xgb": 0.9752628207206726, "date": "2026-03-24"}}, {"type": "Feature", "geometry": {"type": "Point", "coordinates": [-82.88333333501902, 35.67500000057]}, "properties": {"p_logistic": 0.3906189501285553, "p_rf": 0.8159999847412109, "p_xgb": 0.9885292649269104, "date": "2026-03-24"}}, {"type": "Feature", "geometry": {"type": "Point", "coordinates": [-82.87500000168602, 35.67500000057]}, "properties": {"p_logistic": 0.3912542462348938, "p_rf": 0.8180000185966492, "p_xgb": 0.9885292649269104, "date": "2026-03-24"}}, {"type": "Feature", "geometry": {"type": "Point", "coordinates": [-82.86666666835302, 35.67500000057]}, "properties": {"p_logistic": 0.39249569177627563, "p_rf": 0.8199999928474426, "p_xgb": 0.9896823763847351, "date": "2026-03-24"}}, {"type": "Feature", "geometry": {"type": "Point", "coordinates": [-82.85833333502002, 35.67500000057]}, "properties": {"p_logistic": 0.39428889751434326, "p_rf": 0.8140000104904175, "p_xgb": 0.9866493344306946, "date": "2026-03-24"}}, {"type": "Feature", "geometry": {"type": "Point", "coordinates": [-82.85000000168702, 35.67500000057]}, "properties": {"p_logistic": 0.39548277854919434, "p_rf": 0.8159999847412109, "p_xgb": 0.9791582226753235, "date": "2026-03-24"}}, {"type": "Feature", "geometry": {"type": "Point", "coordinates": [-82.84166666835401, 35.67500000057]}, "properties": {"p_logistic": 0.39711764454841614, "p_rf": 0.8180000185966492, "p_xgb": 0.9791582226753235, "date": "2026-03-24"}}, {"type": "Feature", "geometry": {"type": "Point", "coordinates": [-82.83333333502102, 35.67500000057]}, "properties": {"p_logistic": 0.3970811367034912, "p_rf": 0.8159999847412109, "p_xgb": 0.9780560731887817, "date": "2026-03-24"}}, {"type": "Feature", "geometry": {"type": "Point", "coordinates": [-82.82500000168801, 35.67500000057]}, "properties": {"p_logistic": 0.3975426256656647, "p_rf": 0.8180000185966492, "p_xgb": 0.9777722358703613, "date": "2026-03-24"}}, {"type": "Feature", "geometry": {"type": "Point", "coordinates": [-82.81666666835503, 35.67500000057]}, "properties": {"p_logistic": 0.3980121612548828, "p_rf": 0.8320000171661377, "p_xgb": 0.9907748103141785, "date": "2026-03-24"}}, {"type": "Feature", "geometry": {"type": "Point", "coordinates": [-82.80833333502201, 35.67500000057]}, "properties": {"p_logistic": 0.39866966009140015, "p_rf": 0.8059999942779541, "p_xgb": 0.9907748103141785, "date": "2026-03-24"}}, {"type": "Feature", "geometry": {"type": "Point", "coordinates": [-82.80000000168901, 35.67500000057]}, "properties": {"p_logistic": 0.3992961645126343, "p_rf": 0.7879999876022339, "p_xgb": 0.9903514981269836, "date": "2026-03-24"}}, {"type": "Feature", "geometry": {"type": "Point", "coordinates": [-82.79166666835602, 35.67500000057]}, "properties": {"p_logistic": 0.3999027609825134, "p_rf": 0.7900000214576721, "p_xgb": 0.9903514981269836, "date": "2026-03-24"}}, {"type": "Feature", "geometry": {"type": "Point", "coordinates": [-82.78333333502302, 35.67500000057]}, "properties": {"p_logistic": 0.40013647079467773, "p_rf": 0.7940000295639038, "p_xgb": 0.9903514981269836, "date": "2026-03-24"}}, {"type": "Feature", "geometry": {"type": "Point", "coordinates": [-82.77500000169002, 35.67500000057]}, "properties": {"p_logistic": 0.4005613327026367, "p_rf": 0.8100000023841858, "p_xgb": 0.9903514981269836, "date": "2026-03-24"}}, {"type": "Feature", "geometry": {"type": "Point", "coordinates": [-82.76666666835702, 35.67500000057]}, "properties": {"p_logistic": 0.4004178047180176, "p_rf": 0.8199999928474426, "p_xgb": 0.9913743138313293, "date": "2026-03-24"}}, {"type": "Feature", "geometry": {"type": "Point", "coordinates": [-82.75833333502402, 35.67500000057]}, "properties": {"p_logistic": 0.40034517645835876, "p_rf": 0.8199999928474426, "p_xgb": 0.9913743138313293, "date": "2026-03-24"}}, {"type": "Feature", "geometry": {"type": "Point", "coordinates": [-82.75000000169102, 35.67500000057]}, "properties": {"p_logistic": 0.40002864599227905, "p_rf": 0.8259999752044678, "p_xgb": 0.9913743138313293, "date": "2026-03-24"}}, {"type": "Feature", "geometry": {"type": "Point", "coordinates": [-82.74166666835802, 35.67500000057]}, "properties": {"p_logistic": 0.39958518743515015, "p_rf": 0.8360000252723694, "p_xgb": 0.9948268532752991, "date": "2026-03-24"}}, {"type": "Feature", "geometry": {"type": "Point", "coordinates": [-82.73333333502501, 35.67500000057]}, "properties": {"p_logistic": 0.39975693821907043, "p_rf": 0.8539999723434448, "p_xgb": 0.9975939393043518, "date": "2026-03-24"}}, {"type": "Feature", "geometry": {"type": "Point", "coordinates": [-82.72500000169202, 35.67500000057]}, "properties": {"p_logistic": 0.4055423438549042, "p_rf": 0.8700000047683716, "p_xgb": 0.9955234527587891, "date": "2026-03-24"}}, {"type": "Feature", "geometry": {"type": "Point", "coordinates": [-82.71666666835901, 35.67500000057]}, "properties": {"p_logistic": 0.4094715714454651, "p_rf": 0.8659999966621399, "p_xgb": 0.9936597943305969, "date": "2026-03-24"}}, {"type": "Feature", "geometry": {"type": "Point", "coordinates": [-82.70833333502603, 35.67500000057]}, "properties": {"p_logistic": 0.4121348559856415, "p_rf": 0.8640000224113464, "p_xgb": 0.9913640022277832, "date": "2026-03-24"}}, {"type": "Feature", "geometry": {"type": "Point", "coordinates": [-82.70000000169301, 35.67500000057]}, "properties": {"p_logistic": 0.4138842523097992, "p_rf": 0.8740000128746033, "p_xgb": 0.9913640022277832, "date": "2026-03-24"}}, {"type": "Feature", "geometry": {"type": "Point", "coordinates": [-82.69166666836001, 35.67500000057]}, "properties": {"p_logistic": 0.4144129753112793, "p_rf": 0.871999979019165, "p_xgb": 0.9910049438476562, "date": "2026-03-24"}}, {"type": "Feature", "geometry": {"type": "Point", "coordinates": [-82.68333333502702, 35.67500000057]}, "properties": {"p_logistic": 0.41436949372291565, "p_rf": 0.7760000228881836, "p_xgb": 0.9899619817733765, "date": "2026-03-24"}}, {"type": "Feature", "geometry": {"type": "Point", "coordinates": [-82.67500000169402, 35.67500000057]}, "properties": {"p_logistic": 0.4140167832374573, "p_rf": 0.7120000123977661, "p_xgb": 0.98823082447052, "date": "2026-03-24"}}, {"type": "Feature", "geometry": {"type": "Point", "coordinates": [-82.66666666836102, 35.67500000057]}, "properties": {"p_logistic": 0.41321584582328796, "p_rf": 0.7039999961853027, "p_xgb": 0.98823082447052, "date": "2026-03-24"}}, {"type": "Feature", "geometry": {"type": "Point", "coordinates": [-82.65833333502802, 35.67500000057]}, "properties": {"p_logistic": 0.41241633892059326, "p_rf": 0.7120000123977661, "p_xgb": 0.98823082447052, "date": "2026-03-24"}}, {"type": "Feature", "geometry": {"type": "Point", "coordinates": [-82.65000000169502, 35.67500000057]}, "properties": {"p_logistic": 0.4125950038433075, "p_rf": 0.7360000014305115, "p_xgb": 0.98823082447052, "date": "2026-03-24"}}, {"type": "Feature", "geometry": {"type": "Point", "coordinates": [-82.64166666836202, 35.67500000057]}, "properties": {"p_logistic": 0.414051353931427, "p_rf": 0.777999997138977, "p_xgb": 0.9877540469169617, "date": "2026-03-24"}}, {"type": "Feature", "geometry": {"type": "Point", "coordinates": [-82.63333333502902, 35.67500000057]}, "properties": {"p_logistic": 0.4155236482620239, "p_rf": 0.7839999794960022, "p_xgb": 0.993111252784729, "date": "2026-03-24"}}, {"type": "Feature", "geometry": {"type": "Point", "coordinates": [-82.62500000169601, 35.67500000057]}, "properties": {"p_logistic": 0.41832661628723145, "p_rf": 0.7960000038146973, "p_xgb": 0.9920104742050171, "date": "2026-03-24"}}, {"type": "Feature", "geometry": {"type": "Point", "coordinates": [-82.61666666836302, 35.67500000057]}, "properties": {"p_logistic": 0.421343058347702, "p_rf": 0.7900000214576721, "p_xgb": 0.9920104742050171, "date": "2026-03-24"}}, {"type": "Feature", "geometry": {"type": "Point", "coordinates": [-82.60833333503001, 35.67500000057]}, "properties": {"p_logistic": 0.42369022965431213, "p_rf": 0.7839999794960022, "p_xgb": 0.994748055934906, "date": "2026-03-24"}}, {"type": "Feature", "geometry": {"type": "Point", "coordinates": [-82.60000000169703, 35.67500000057]}, "properties": {"p_logistic": 0.4270018935203552, "p_rf": 0.7300000190734863, "p_xgb": 0.9919121265411377, "date": "2026-03-24"}}, {"type": "Feature", "geometry": {"type": "Point", "coordinates": [-82.59166666836401, 35.67500000057]}, "properties": {"p_logistic": 0.4290436804294586, "p_rf": 0.7179999947547913, "p_xgb": 0.9919121265411377, "date": "2026-03-24"}}, {"type": "Feature", "geometry": {"type": "Point", "coordinates": [-82.58333333503101, 35.67500000057]}, "properties": {"p_logistic": 0.4284904897212982, "p_rf": 0.7179999947547913, "p_xgb": 0.9955617189407349, "date": "2026-03-24"}}, {"type": "Feature", "geometry": {"type": "Point", "coordinates": [-82.57500000169802, 35.67500000057]}, "properties": {"p_logistic": 0.42693376541137695, "p_rf": 0.7200000286102295, "p_xgb": 0.9957340359687805, "date": "2026-03-24"}}, {"type": "Feature", "geometry": {"type": "Point", "coordinates": [-82.56666666836502, 35.67500000057]}, "properties": {"p_logistic": 0.42649635672569275, "p_rf": 0.7200000286102295, "p_xgb": 0.9957340359687805, "date": "2026-03-24"}}, {"type": "Feature", "geometry": {"type": "Point", "coordinates": [-82.55833333503202, 35.67500000057]}, "properties": {"p_logistic": 0.4265533685684204, "p_rf": 0.722000002861023, "p_xgb": 0.9957340359687805, "date": "2026-03-24"}}, {"type": "Feature", "geometry": {"type": "Point", "coordinates": [-82.55000000169902, 35.67500000057]}, "properties": {"p_logistic": 0.4262126088142395, "p_rf": 0.7279999852180481, "p_xgb": 0.9957340359687805, "date": "2026-03-24"}}, {"type": "Feature", "geometry": {"type": "Point", "coordinates": [-82.54166666836602, 35.67500000057]}, "properties": {"p_logistic": 0.4257231056690216, "p_rf": 0.7120000123977661, "p_xgb": 0.9957340359687805, "date": "2026-03-24"}}, {"type": "Feature", "geometry": {"type": "Point", "coordinates": [-82.53333333503302, 35.67500000057]}, "properties": {"p_logistic": 0.4255532920360565, "p_rf": 0.7080000042915344, "p_xgb": 0.9957340359687805, "date": "2026-03-24"}}, {"type": "Feature", "geometry": {"type": "Point", "coordinates": [-82.52500000170002, 35.67500000057]}, "properties": {"p_logistic": 0.4251045286655426, "p_rf": 0.699999988079071, "p_xgb": 0.9959139227867126, "date": "2026-03-24"}}, {"type": "Feature", "geometry": {"type": "Point", "coordinates": [-82.51666666836701, 35.67500000057]}, "properties": {"p_logistic": 0.42347845435142517, "p_rf": 0.7319999933242798, "p_xgb": 0.9910515546798706, "date": "2026-03-24"}}, {"type": "Feature", "geometry": {"type": "Point", "coordinates": [-82.50833333503402, 35.67500000057]}, "properties": {"p_logistic": 0.4216342568397522, "p_rf": 0.7540000081062317, "p_xgb": 0.9860094785690308, "date": "2026-03-24"}}, {"type": "Feature", "geometry": {"type": "Point", "coordinates": [-82.50000000170101, 35.67500000057]}, "properties": {"p_logistic": 0.4201253056526184, "p_rf": 0.7839999794960022, "p_xgb": 0.986061692237854, "date": "2026-03-24"}}, {"type": "Feature", "geometry": {"type": "Point", "coordinates": [-82.49166666836803, 35.67500000057]}, "properties": {"p_logistic": 0.4188537299633026, "p_rf": 0.7900000214576721, "p_xgb": 0.9875394105911255, "date": "2026-03-24"}}, {"type": "Feature", "geometry": {"type": "Point", "coordinates": [-82.48333333503501, 35.67500000057]}, "properties": {"p_logistic": 0.41700121760368347, "p_rf": 0.7419999837875366, "p_xgb": 0.9863015413284302, "date": "2026-03-24"}}, {"type": "Feature", "geometry": {"type": "Point", "coordinates": [-82.47500000170201, 35.67500000057]}, "properties": {"p_logistic": 0.4151823818683624, "p_rf": 0.6759999990463257, "p_xgb": 0.985358715057373, "date": "2026-03-24"}}, {"type": "Feature", "geometry": {"type": "Point", "coordinates": [-82.46666666836902, 35.67500000057]}, "properties": {"p_logistic": 0.41403526067733765, "p_rf": 0.6340000033378601, "p_xgb": 0.9771333932876587, "date": "2026-03-24"}}, {"type": "Feature", "geometry": {"type": "Point", "coordinates": [-82.45833333503602, 35.67500000057]}, "properties": {"p_logistic": 0.4132237434387207, "p_rf": 0.6480000019073486, "p_xgb": 0.9761641621589661, "date": "2026-03-24"}}, {"type": "Feature", "geometry": {"type": "Point", "coordinates": [-82.45000000170302, 35.67500000057]}, "properties": {"p_logistic": 0.4123772978782654, "p_rf": 0.6240000128746033, "p_xgb": 0.9736509919166565, "date": "2026-03-24"}}, {"type": "Feature", "geometry": {"type": "Point", "coordinates": [-82.44166666837002, 35.67500000057]}, "properties": {"p_logistic": 0.4104454517364502, "p_rf": 0.6140000224113464, "p_xgb": 0.9644560217857361, "date": "2026-03-24"}}, {"type": "Feature", "geometry": {"type": "Point", "coordinates": [-82.43333333503702, 35.67500000057]}, "properties": {"p_logistic": 0.41046395897865295, "p_rf": 0.6200000047683716, "p_xgb": 0.9654048085212708, "date": "2026-03-24"}}, {"type": "Feature", "geometry": {"type": "Point", "coordinates": [-82.42500000170402, 35.67500000057]}, "properties": {"p_logistic": 0.4108884334564209, "p_rf": 0.628000020980835, "p_xgb": 0.9644560217857361, "date": "2026-03-24"}}, {"type": "Feature", "geometry": {"type": "Point", "coordinates": [-82.41666666837102, 35.67500000057]}, "properties": {"p_logistic": 0.4113204777240753, "p_rf": 0.6460000276565552, "p_xgb": 0.971258282661438, "date": "2026-03-24"}}, {"type": "Feature", "geometry": {"type": "Point", "coordinates": [-82.40833333503801, 35.67500000057]}, "properties": {"p_logistic": 0.4103332757949829, "p_rf": 0.6800000071525574, "p_xgb": 0.9736509919166565, "date": "2026-03-24"}}, {"type": "Feature", "geometry": {"type": "Point", "coordinates": [-82.40000000170502, 35.67500000057]}, "properties": {"p_logistic": 0.4062058627605438, "p_rf": 0.7039999961853027, "p_xgb": 0.9671549797058105, "date": "2026-03-24"}}, {"type": "Feature", "geometry": {"type": "Point", "coordinates": [-82.39166666837201, 35.67500000057]}, "properties": {"p_logistic": 0.4015519320964813, "p_rf": 0.7360000014305115, "p_xgb": 0.9779510498046875, "date": "2026-03-24"}}, {"type": "Feature", "geometry": {"type": "Point", "coordinates": [-82.38333333503903, 35.67500000057]}, "properties": {"p_logistic": 0.39818936586380005, "p_rf": 0.7459999918937683, "p_xgb": 0.9782025218009949, "date": "2026-03-24"}}, {"type": "Feature", "geometry": {"type": "Point", "coordinates": [-82.37500000170601, 35.67500000057]}, "properties": {"p_logistic": 0.3967609405517578, "p_rf": 0.7440000176429749, "p_xgb": 0.980262279510498, "date": "2026-03-24"}}, {"type": "Feature", "geometry": {"type": "Point", "coordinates": [-82.36666666837301, 35.67500000057]}, "properties": {"p_logistic": 0.3976041078567505, "p_rf": 0.7279999852180481, "p_xgb": 0.9790439605712891, "date": "2026-03-24"}}, {"type": "Feature", "geometry": {"type": "Point", "coordinates": [-82.35833333504002, 35.67500000057]}, "properties": {"p_logistic": 0.4008587896823883, "p_rf": 0.6700000166893005, "p_xgb": 0.975399911403656, "date": "2026-03-24"}}, {"type": "Feature", "geometry": {"type": "Point", "coordinates": [-82.35000000170702, 35.67500000057]}, "properties": {"p_logistic": 0.4050552546977997, "p_rf": 0.6859999895095825, "p_xgb": 0.9743591547012329, "date": "2026-03-24"}}, {"type": "Feature", "geometry": {"type": "Point", "coordinates": [-82.34166666837402, 35.67500000057]}, "properties": {"p_logistic": 0.40865352749824524, "p_rf": 0.7039999961853027, "p_xgb": 0.9821771383285522, "date": "2026-03-24"}}, {"type": "Feature", "geometry": {"type": "Point", "coordinates": [-82.33333333504102, 35.67500000057]}, "properties": {"p_logistic": 0.4107915759086609, "p_rf": 0.7020000219345093, "p_xgb": 0.9760798811912537, "date": "2026-03-24"}}, {"type": "Feature", "geometry": {"type": "Point", "coordinates": [-82.32500000170802, 35.67500000057]}, "properties": {"p_logistic": 0.41158637404441833, "p_rf": 0.6679999828338623, "p_xgb": 0.9751509428024292, "date": "2026-03-24"}}, {"type": "Feature", "geometry": {"type": "Point", "coordinates": [-82.31666666837502, 35.67500000057]}, "properties": {"p_logistic": 0.41229990124702454, "p_rf": 0.6240000128746033, "p_xgb": 0.9771333932876587, "date": "2026-03-24"}}, {"type": "Feature", "geometry": {"type": "Point", "coordinates": [-82.30833333504202, 35.67500000057]}, "properties": {"p_logistic": 0.4135863780975342, "p_rf": 0.6380000114440918, "p_xgb": 0.9771333932876587, "date": "2026-03-24"}}, {"type": "Feature", "geometry": {"type": "Point", "coordinates": [-82.30000000170901, 35.67500000057]}, "properties": {"p_logistic": 0.4146260619163513, "p_rf": 0.6800000071525574, "p_xgb": 0.9782448410987854, "date": "2026-03-24"}}, {"type": "Feature", "geometry": {"type": "Point", "coordinates": [-82.29166666837602, 35.67500000057]}, "properties": {"p_logistic": 0.4163540005683899, "p_rf": 0.6980000138282776, "p_xgb": 0.9795085191726685, "date": "2026-03-24"}}, {"type": "Feature", "geometry": {"type": "Point", "coordinates": [-82.87500000168602, 35.666666667237]}, "properties": {"p_logistic": 0.3920622169971466, "p_rf": 0.777999997138977, "p_xgb": 0.9781509637832642, "date": "2026-03-24"}}, {"type": "Feature", "geometry": {"type": "Point", "coordinates": [-82.86666666835302, 35.666666667237]}, "properties": {"p_logistic": 0.3931286931037903, "p_rf": 0.777999997138977, "p_xgb": 0.9767740964889526, "date": "2026-03-24"}}, {"type": "Feature", "geometry": {"type": "Point", "coordinates": [-82.85833333502002, 35.666666667237]}, "properties": {"p_logistic": 0.39430782198905945, "p_rf": 0.8059999942779541, "p_xgb": 0.9783026576042175, "date": "2026-03-24"}}, {"type": "Feature", "geometry": {"type": "Point", "coordinates": [-82.85000000168702, 35.666666667237]}, "properties": {"p_logistic": 0.39582711458206177, "p_rf": 0.8259999752044678, "p_xgb": 0.977156400680542, "date": "2026-03-24"}}, {"type": "Feature", "geometry": {"type": "Point", "coordinates": [-82.84166666835401, 35.666666667237]}, "properties": {"p_logistic": 0.39675071835517883, "p_rf": 0.8479999899864197, "p_xgb": 0.9844124913215637, "date": "2026-03-24"}}, {"type": "Feature", "geometry": {"type": "Point", "coordinates": [-82.83333333502102, 35.666666667237]}, "properties": {"p_logistic": 0.39715367555618286, "p_rf": 0.8519999980926514, "p_xgb": 0.9844124913215637, "date": "2026-03-24"}}, {"type": "Feature", "geometry": {"type": "Point", "coordinates": [-82.82500000168801, 35.666666667237]}, "properties": {"p_logistic": 0.39788663387298584, "p_rf": 0.8360000252723694, "p_xgb": 0.9844124913215637, "date": "2026-03-24"}}, {"type": "Feature", "geometry": {"type": "Point", "coordinates": [-82.81666666835503, 35.666666667237]}, "properties": {"p_logistic": 0.3988147974014282, "p_rf": 0.8479999899864197, "p_xgb": 0.9885348677635193, "date": "2026-03-24"}}, {"type": "Feature", "geometry": {"type": "Point", "coordinates": [-82.80833333502201, 35.666666667237]}, "properties": {"p_logistic": 0.3999466896057129, "p_rf": 0.8500000238418579, "p_xgb": 0.9907748103141785, "date": "2026-03-24"}}, {"type": "Feature", "geometry": {"type": "Point", "coordinates": [-82.80000000168901, 35.666666667237]}, "properties": {"p_logistic": 0.4008924663066864, "p_rf": 0.8360000252723694, "p_xgb": 0.9907748103141785, "date": "2026-03-24"}}, {"type": "Feature", "geometry": {"type": "Point", "coordinates": [-82.79166666835602, 35.666666667237]}, "properties": {"p_logistic": 0.4014280438423157, "p_rf": 0.8220000267028809, "p_xgb": 0.9907748103141785, "date": "2026-03-24"}}, {"type": "Feature", "geometry": {"type": "Point", "coordinates": [-82.78333333502302, 35.666666667237]}, "properties": {"p_logistic": 0.4020451009273529, "p_rf": 0.8199999928474426, "p_xgb": 0.9917531609535217, "date": "2026-03-24"}}, {"type": "Feature", "geometry": {"type": "Point", "coordinates": [-82.77500000169002, 35.666666667237]}, "properties": {"p_logistic": 0.4023075997829437, "p_rf": 0.8299999833106995, "p_xgb": 0.9917531609535217, "date": "2026-03-24"}}, {"type": "Feature", "geometry": {"type": "Point", "coordinates": [-82.76666666835702, 35.666666667237]}, "properties": {"p_logistic": 0.40255793929100037, "p_rf": 0.828000009059906, "p_xgb": 0.9934338331222534, "date": "2026-03-24"}}, {"type": "Feature", "geometry": {"type": "Point", "coordinates": [-82.75833333502402, 35.666666667237]}, "properties": {"p_logistic": 0.40304088592529297, "p_rf": 0.8180000185966492, "p_xgb": 0.9938400387763977, "date": "2026-03-24"}}, {"type": "Feature", "geometry": {"type": "Point", "coordinates": [-82.75000000169102, 35.666666667237]}, "properties": {"p_logistic": 0.40283045172691345, "p_rf": 0.8180000185966492, "p_xgb": 0.9953171014785767, "date": "2026-03-24"}}, {"type": "Feature", "geometry": {"type": "Point", "coordinates": [-82.74166666835802, 35.666666667237]}, "properties": {"p_logistic": 0.40251290798187256, "p_rf": 0.8360000252723694, "p_xgb": 0.9974965453147888, "date": "2026-03-24"}}, {"type": "Feature", "geometry": {"type": "Point", "coordinates": [-82.73333333502501, 35.666666667237]}, "properties": {"p_logistic": 0.4029313623905182, "p_rf": 0.8659999966621399, "p_xgb": 0.9975939393043518, "date": "2026-03-24"}}, {"type": "Feature", "geometry": {"type": "Point", "coordinates": [-82.72500000169202, 35.666666667237]}, "properties": {"p_logistic": 0.40920290350914, "p_rf": 0.8759999871253967, "p_xgb": 0.9947509169578552, "date": "2026-03-24"}}, {"type": "Feature", "geometry": {"type": "Point", "coordinates": [-82.71666666835901, 35.666666667237]}, "properties": {"p_logistic": 0.41322728991508484, "p_rf": 0.8740000128746033, "p_xgb": 0.9913640022277832, "date": "2026-03-24"}}, {"type": "Feature", "geometry": {"type": "Point", "coordinates": [-82.70833333502603, 35.666666667237]}, "properties": {"p_logistic": 0.4158397316932678, "p_rf": 0.8740000128746033, "p_xgb": 0.9913640022277832, "date": "2026-03-24"}}, {"type": "Feature", "geometry": {"type": "Point", "coordinates": [-82.70000000169301, 35.666666667237]}, "properties": {"p_logistic": 0.4177600145339966, "p_rf": 0.8759999871253967, "p_xgb": 0.9913640022277832, "date": "2026-03-24"}}, {"type": "Feature", "geometry": {"type": "Point", "coordinates": [-82.69166666836001, 35.666666667237]}, "properties": {"p_logistic": 0.418692946434021, "p_rf": 0.871999979019165, "p_xgb": 0.9910049438476562, "date": "2026-03-24"}}, {"type": "Feature", "geometry": {"type": "Point", "coordinates": [-82.68333333502702, 35.666666667237]}, "properties": {"p_logistic": 0.4189668893814087, "p_rf": 0.7720000147819519, "p_xgb": 0.9899619817733765, "date": "2026-03-24"}}, {"type": "Feature", "geometry": {"type": "Point", "coordinates": [-82.67500000169402, 35.666666667237]}, "properties": {"p_logistic": 0.41910919547080994, "p_rf": 0.7059999704360962, "p_xgb": 0.98823082447052, "date": "2026-03-24"}}, {"type": "Feature", "geometry": {"type": "Point", "coordinates": [-82.66666666836102, 35.666666667237]}, "properties": {"p_logistic": 0.41830796003341675, "p_rf": 0.7020000219345093, "p_xgb": 0.98823082447052, "date": "2026-03-24"}}, {"type": "Feature", "geometry": {"type": "Point", "coordinates": [-82.65833333502802, 35.666666667237]}, "properties": {"p_logistic": 0.41664132475852966, "p_rf": 0.7039999961853027, "p_xgb": 0.98823082447052, "date": "2026-03-24"}}, {"type": "Feature", "geometry": {"type": "Point", "coordinates": [-82.65000000169502, 35.666666667237]}, "properties": {"p_logistic": 0.4160330295562744, "p_rf": 0.7200000286102295, "p_xgb": 0.98823082447052, "date": "2026-03-24"}}, {"type": "Feature", "geometry": {"type": "Point", "coordinates": [-82.64166666836202, 35.666666667237]}, "properties": {"p_logistic": 0.41642820835113525, "p_rf": 0.7559999823570251, "p_xgb": 0.9908093214035034, "date": "2026-03-24"}}, {"type": "Feature", "geometry": {"type": "Point", "coordinates": [-82.63333333502902, 35.666666667237]}, "properties": {"p_logistic": 0.4172295928001404, "p_rf": 0.7860000133514404, "p_xgb": 0.993111252784729, "date": "2026-03-24"}}, {"type": "Feature", "geometry": {"type": "Point", "coordinates": [-82.62500000169601, 35.666666667237]}, "properties": {"p_logistic": 0.4201973080635071, "p_rf": 0.7879999876022339, "p_xgb": 0.9920104742050171, "date": "2026-03-24"}}, {"type": "Feature", "geometry": {"type": "Point", "coordinates": [-82.61666666836302, 35.666666667237]}, "properties": {"p_logistic": 0.42295730113983154, "p_rf": 0.7960000038146973, "p_xgb": 0.9955249428749084, "date": "2026-03-24"}}, {"type": "Feature", "geometry": {"type": "Point", "coordinates": [-82.60833333503001, 35.666666667237]}, "properties": {"p_logistic": 0.42538753151893616, "p_rf": 0.7879999876022339, "p_xgb": 0.9963656663894653, "date": "2026-03-24"}}, {"type": "Feature", "geometry": {"type": "Point", "coordinates": [-82.60000000169703, 35.666666667237]}, "properties": {"p_logistic": 0.4272265136241913, "p_rf": 0.75, "p_xgb": 0.9957340359687805, "date": "2026-03-24"}}, {"type": "Feature", "geometry": {"type": "Point", "coordinates": [-82.59166666836401, 35.666666667237]}, "properties": {"p_logistic": 0.42809829115867615, "p_rf": 0.722000002861023, "p_xgb": 0.9957340359687805, "date": "2026-03-24"}}, {"type": "Feature", "geometry": {"type": "Point", "coordinates": [-82.58333333503101, 35.666666667237]}, "properties": {"p_logistic": 0.42757266759872437, "p_rf": 0.7200000286102295, "p_xgb": 0.9957340359687805, "date": "2026-03-24"}}, {"type": "Feature", "geometry": {"type": "Point", "coordinates": [-82.57500000169802, 35.666666667237]}, "properties": {"p_logistic": 0.4264642596244812, "p_rf": 0.7200000286102295, "p_xgb": 0.9957340359687805, "date": "2026-03-24"}}, {"type": "Feature", "geometry": {"type": "Point", "coordinates": [-82.56666666836502, 35.666666667237]}, "properties": {"p_logistic": 0.4261646568775177, "p_rf": 0.7200000286102295, "p_xgb": 0.9957340359687805, "date": "2026-03-24"}}, {"type": "Feature", "geometry": {"type": "Point", "coordinates": [-82.55833333503202, 35.666666667237]}, "properties": {"p_logistic": 0.4265049993991852, "p_rf": 0.722000002861023, "p_xgb": 0.9957340359687805, "date": "2026-03-24"}}, {"type": "Feature", "geometry": {"type": "Point", "coordinates": [-82.55000000169902, 35.666666667237]}, "properties": {"p_logistic": 0.4266858398914337, "p_rf": 0.7279999852180481, "p_xgb": 0.9957340359687805, "date": "2026-03-24"}}, {"type": "Feature", "geometry": {"type": "Point", "coordinates": [-82.54166666836602, 35.666666667237]}, "properties": {"p_logistic": 0.42661553621292114, "p_rf": 0.7200000286102295, "p_xgb": 0.9957340359687805, "date": "2026-03-24"}}, {"type": "Feature", "geometry": {"type": "Point", "coordinates": [-82.53333333503302, 35.666666667237]}, "properties": {"p_logistic": 0.4262601137161255, "p_rf": 0.7179999947547913, "p_xgb": 0.9957340359687805, "date": "2026-03-24"}}, {"type": "Feature", "geometry": {"type": "Point", "coordinates": [-82.52500000170002, 35.666666667237]}, "properties": {"p_logistic": 0.4249965250492096, "p_rf": 0.6899999976158142, "p_xgb": 0.9959139227867126, "date": "2026-03-24"}}, {"type": "Feature", "geometry": {"type": "Point", "coordinates": [-82.51666666836701, 35.666666667237]}, "properties": {"p_logistic": 0.4234887361526489, "p_rf": 0.7260000109672546, "p_xgb": 0.9908369779586792, "date": "2026-03-24"}}, {"type": "Feature", "geometry": {"type": "Point", "coordinates": [-82.50833333503402, 35.666666667237]}, "properties": {"p_logistic": 0.4220334589481354, "p_rf": 0.7300000190734863, "p_xgb": 0.9860094785690308, "date": "2026-03-24"}}, {"type": "Feature", "geometry": {"type": "Point", "coordinates": [-82.50000000170101, 35.666666667237]}, "properties": {"p_logistic": 0.42118385434150696, "p_rf": 0.7419999837875366, "p_xgb": 0.9864946603775024, "date": "2026-03-24"}}, {"type": "Feature", "geometry": {"type": "Point", "coordinates": [-82.49166666836803, 35.666666667237]}, "properties": {"p_logistic": 0.4210962653160095, "p_rf": 0.7559999823570251, "p_xgb": 0.9879270195960999, "date": "2026-03-24"}}, {"type": "Feature", "geometry": {"type": "Point", "coordinates": [-82.48333333503501, 35.666666667237]}, "properties": {"p_logistic": 0.4203042685985565, "p_rf": 0.7839999794960022, "p_xgb": 0.9860683679580688, "date": "2026-03-24"}}, {"type": "Feature", "geometry": {"type": "Point", "coordinates": [-82.47500000170201, 35.666666667237]}, "properties": {"p_logistic": 0.41968876123428345, "p_rf": 0.7400000095367432, "p_xgb": 0.9865710139274597, "date": "2026-03-24"}}, {"type": "Feature", "geometry": {"type": "Point", "coordinates": [-82.46666666836902, 35.666666667237]}, "properties": {"p_logistic": 0.4194207787513733, "p_rf": 0.7120000123977661, "p_xgb": 0.9795085191726685, "date": "2026-03-24"}}, {"type": "Feature", "geometry": {"type": "Point", "coordinates": [-82.45833333503602, 35.666666667237]}, "properties": {"p_logistic": 0.4190738797187805, "p_rf": 0.6899999976158142, "p_xgb": 0.9795085191726685, "date": "2026-03-24"}}, {"type": "Feature", "geometry": {"type": "Point", "coordinates": [-82.45000000170302, 35.666666667237]}, "properties": {"p_logistic": 0.41868308186531067, "p_rf": 0.6840000152587891, "p_xgb": 0.9791736602783203, "date": "2026-03-24"}}, {"type": "Feature", "geometry": {"type": "Point", "coordinates": [-82.44166666837002, 35.666666667237]}, "properties": {"p_logistic": 0.4184909164905548, "p_rf": 0.6840000152587891, "p_xgb": 0.9795085191726685, "date": "2026-03-24"}}, {"type": "Feature", "geometry": {"type": "Point", "coordinates": [-82.43333333503702, 35.666666667237]}, "properties": {"p_logistic": 0.4182872176170349, "p_rf": 0.6919999718666077, "p_xgb": 0.9795085191726685, "date": "2026-03-24"}}, {"type": "Feature", "geometry": {"type": "Point", "coordinates": [-82.42500000170402, 35.666666667237]}, "properties": {"p_logistic": 0.4179841876029968, "p_rf": 0.6980000138282776, "p_xgb": 0.9795085191726685, "date": "2026-03-24"}}, {"type": "Feature", "geometry": {"type": "Point", "coordinates": [-82.41666666837102, 35.666666667237]}, "properties": {"p_logistic": 0.41718238592147827, "p_rf": 0.6880000233650208, "p_xgb": 0.9795085191726685, "date": "2026-03-24"}}, {"type": "Feature", "geometry": {"type": "Point", "coordinates": [-82.40833333503801, 35.666666667237]}, "properties": {"p_logistic": 0.4158446490764618, "p_rf": 0.6940000057220459, "p_xgb": 0.9791736602783203, "date": "2026-03-24"}}, {"type": "Feature", "geometry": {"type": "Point", "coordinates": [-82.40000000170502, 35.666666667237]}, "properties": {"p_logistic": 0.4122489392757416, "p_rf": 0.6959999799728394, "p_xgb": 0.9847015142440796, "date": "2026-03-24"}}, {"type": "Feature", "geometry": {"type": "Point", "coordinates": [-82.39166666837201, 35.666666667237]}, "properties": {"p_logistic": 0.408429890871048, "p_rf": 0.7080000042915344, "p_xgb": 0.9823508262634277, "date": "2026-03-24"}}, {"type": "Feature", "geometry": {"type": "Point", "coordinates": [-82.38333333503903, 35.666666667237]}, "properties": {"p_logistic": 0.4054751396179199, "p_rf": 0.699999988079071, "p_xgb": 0.9823508262634277, "date": "2026-03-24"}}, {"type": "Feature", "geometry": {"type": "Point", "coordinates": [-82.37500000170601, 35.666666667237]}, "properties": {"p_logistic": 0.40419504046440125, "p_rf": 0.6859999895095825, "p_xgb": 0.9827572107315063, "date": "2026-03-24"}}, {"type": "Feature", "geometry": {"type": "Point", "coordinates": [-82.36666666837301, 35.666666667237]}, "properties": {"p_logistic": 0.40511441230773926, "p_rf": 0.6700000166893005, "p_xgb": 0.9842081665992737, "date": "2026-03-24"}}, {"type": "Feature", "geometry": {"type": "Point", "coordinates": [-82.35833333504002, 35.666666667237]}, "properties": {"p_logistic": 0.40815287828445435, "p_rf": 0.6899999976158142, "p_xgb": 0.9857292175292969, "date": "2026-03-24"}}, {"type": "Feature", "geometry": {"type": "Point", "coordinates": [-82.35000000170702, 35.666666667237]}, "properties": {"p_logistic": 0.4117962718009949, "p_rf": 0.7360000014305115, "p_xgb": 0.984550416469574, "date": "2026-03-24"}}, {"type": "Feature", "geometry": {"type": "Point", "coordinates": [-82.34166666837402, 35.666666667237]}, "properties": {"p_logistic": 0.4151234030723572, "p_rf": 0.7319999933242798, "p_xgb": 0.9852141737937927, "date": "2026-03-24"}}, {"type": "Feature", "geometry": {"type": "Point", "coordinates": [-82.33333333504102, 35.666666667237]}, "properties": {"p_logistic": 0.4167064428329468, "p_rf": 0.7239999771118164, "p_xgb": 0.9852141737937927, "date": "2026-03-24"}}, {"type": "Feature", "geometry": {"type": "Point", "coordinates": [-82.32500000170802, 35.666666667237]}, "properties": {"p_logistic": 0.4172409176826477, "p_rf": 0.7179999947547913, "p_xgb": 0.9770990014076233, "date": "2026-03-24"}}, {"type": "Feature", "geometry": {"type": "Point", "coordinates": [-82.31666666837502, 35.666666667237]}, "properties": {"p_logistic": 0.4178282618522644, "p_rf": 0.6759999990463257, "p_xgb": 0.9775590300559998, "date": "2026-03-24"}}, {"type": "Feature", "geometry": {"type": "Point", "coordinates": [-82.30833333504202, 35.666666667237]}, "properties": {"p_logistic": 0.4189251661300659, "p_rf": 0.6539999842643738, "p_xgb": 0.9771797060966492, "date": "2026-03-24"}}, {"type": "Feature", "geometry": {"type": "Point", "coordinates": [-82.30000000170901, 35.666666667237]}, "properties": {"p_logistic": 0.4203016459941864, "p_rf": 0.6240000128746033, "p_xgb": 0.9781085252761841, "date": "2026-03-24"}}, {"type": "Feature", "geometry": {"type": "Point", "coordinates": [-82.29166666837602, 35.666666667237]}, "properties": {"p_logistic": 0.4217572808265686, "p_rf": 0.628000020980835, "p_xgb": 0.9781085252761841, "date": "2026-03-24"}}, {"type": "Feature", "geometry": {"type": "Point", "coordinates": [-82.28333333504301, 35.666666667237]}, "properties": {"p_logistic": 0.4234546720981598, "p_rf": 0.6380000114440918, "p_xgb": 0.9781085252761841, "date": "2026-03-24"}}, {"type": "Feature", "geometry": {"type": "Point", "coordinates": [-82.86666666835302, 35.658333333904004]}, "properties": {"p_logistic": 0.39522671699523926, "p_rf": 0.6499999761581421, "p_xgb": 0.969057023525238, "date": "2026-03-24"}}, {"type": "Feature", "geometry": {"type": "Point", "coordinates": [-82.85833333502002, 35.658333333904004]}, "properties": {"p_logistic": 0.39709317684173584, "p_rf": 0.6480000019073486, "p_xgb": 0.9684223532676697, "date": "2026-03-24"}}, {"type": "Feature", "geometry": {"type": "Point", "coordinates": [-82.85000000168702, 35.658333333904004]}, "properties": {"p_logistic": 0.39802086353302, "p_rf": 0.6779999732971191, "p_xgb": 0.9788110256195068, "date": "2026-03-24"}}, {"type": "Feature", "geometry": {"type": "Point", "coordinates": [-82.84166666835401, 35.658333333904004]}, "properties": {"p_logistic": 0.3989463150501251, "p_rf": 0.7559999823570251, "p_xgb": 0.9779613018035889, "date": "2026-03-24"}}, {"type": "Feature", "geometry": {"type": "Point", "coordinates": [-82.83333333502102, 35.658333333904004]}, "properties": {"p_logistic": 0.39924779534339905, "p_rf": 0.8560000061988831, "p_xgb": 0.9837689995765686, "date": "2026-03-24"}}, {"type": "Feature", "geometry": {"type": "Point", "coordinates": [-82.82500000168801, 35.658333333904004]}, "properties": {"p_logistic": 0.399855375289917, "p_rf": 0.8640000224113464, "p_xgb": 0.9860559701919556, "date": "2026-03-24"}}, {"type": "Feature", "geometry": {"type": "Point", "coordinates": [-82.81666666835503, 35.658333333904004]}, "properties": {"p_logistic": 0.40100109577178955, "p_rf": 0.8519999980926514, "p_xgb": 0.9860559701919556, "date": "2026-03-24"}}, {"type": "Feature", "geometry": {"type": "Point", "coordinates": [-82.80833333502201, 35.658333333904004]}, "properties": {"p_logistic": 0.40254372358322144, "p_rf": 0.8519999980926514, "p_xgb": 0.9897482395172119, "date": "2026-03-24"}}, {"type": "Feature", "geometry": {"type": "Point", "coordinates": [-82.80000000168901, 35.658333333904004]}, "properties": {"p_logistic": 0.4033893644809723, "p_rf": 0.8539999723434448, "p_xgb": 0.9917531609535217, "date": "2026-03-24"}}, {"type": "Feature", "geometry": {"type": "Point", "coordinates": [-82.79166666835602, 35.658333333904004]}, "properties": {"p_logistic": 0.40375739336013794, "p_rf": 0.8420000076293945, "p_xgb": 0.9935641884803772, "date": "2026-03-24"}}, {"type": "Feature", "geometry": {"type": "Point", "coordinates": [-82.78333333502302, 35.658333333904004]}, "properties": {"p_logistic": 0.40403151512145996, "p_rf": 0.8500000238418579, "p_xgb": 0.9935641884803772, "date": "2026-03-24"}}, {"type": "Feature", "geometry": {"type": "Point", "coordinates": [-82.77500000169002, 35.658333333904004]}, "properties": {"p_logistic": 0.40512123703956604, "p_rf": 0.8519999980926514, "p_xgb": 0.9941112399101257, "date": "2026-03-24"}}, {"type": "Feature", "geometry": {"type": "Point", "coordinates": [-82.76666666835702, 35.658333333904004]}, "properties": {"p_logistic": 0.40592870116233826, "p_rf": 0.8360000252723694, "p_xgb": 0.9949036836624146, "date": "2026-03-24"}}, {"type": "Feature", "geometry": {"type": "Point", "coordinates": [-82.75833333502402, 35.658333333904004]}, "properties": {"p_logistic": 0.4067196547985077, "p_rf": 0.8199999928474426, "p_xgb": 0.9946687817573547, "date": "2026-03-24"}}, {"type": "Feature", "geometry": {"type": "Point", "coordinates": [-82.75000000169102, 35.658333333904004]}, "properties": {"p_logistic": 0.40707913041114807, "p_rf": 0.8259999752044678, "p_xgb": 0.9953171014785767, "date": "2026-03-24"}}, {"type": "Feature", "geometry": {"type": "Point", "coordinates": [-82.74166666835802, 35.658333333904004]}, "properties": {"p_logistic": 0.40689945220947266, "p_rf": 0.8560000061988831, "p_xgb": 0.9975939393043518, "date": "2026-03-24"}}, {"type": "Feature", "geometry": {"type": "Point", "coordinates": [-82.73333333502501, 35.658333333904004]}, "properties": {"p_logistic": 0.4075067937374115, "p_rf": 0.8420000076293945, "p_xgb": 0.9968357682228088, "date": "2026-03-24"}}, {"type": "Feature", "geometry": {"type": "Point", "coordinates": [-82.72500000169202, 35.658333333904004]}, "properties": {"p_logistic": 0.41328465938568115, "p_rf": 0.8799999952316284, "p_xgb": 0.9966849684715271, "date": "2026-03-24"}}, {"type": "Feature", "geometry": {"type": "Point", "coordinates": [-82.71666666835901, 35.658333333904004]}, "properties": {"p_logistic": 0.41718465089797974, "p_rf": 0.8820000290870667, "p_xgb": 0.9932608008384705, "date": "2026-03-24"}}, {"type": "Feature", "geometry": {"type": "Point", "coordinates": [-82.70833333502603, 35.658333333904004]}, "properties": {"p_logistic": 0.42012447118759155, "p_rf": 0.878000020980835, "p_xgb": 0.9903353452682495, "date": "2026-03-24"}}, {"type": "Feature", "geometry": {"type": "Point", "coordinates": [-82.70000000169301, 35.658333333904004]}, "properties": {"p_logistic": 0.422707200050354, "p_rf": 0.8759999871253967, "p_xgb": 0.9899867177009583, "date": "2026-03-24"}}, {"type": "Feature", "geometry": {"type": "Point", "coordinates": [-82.69166666836001, 35.658333333904004]}, "properties": {"p_logistic": 0.42445552349090576, "p_rf": 0.8539999723434448, "p_xgb": 0.9895709753036499, "date": "2026-03-24"}}, {"type": "Feature", "geometry": {"type": "Point", "coordinates": [-82.68333333502702, 35.658333333904004]}, "properties": {"p_logistic": 0.4247150123119354, "p_rf": 0.7639999985694885, "p_xgb": 0.9869887828826904, "date": "2026-03-24"}}, {"type": "Feature", "geometry": {"type": "Point", "coordinates": [-82.67500000169402, 35.658333333904004]}, "properties": {"p_logistic": 0.42396536469459534, "p_rf": 0.7020000219345093, "p_xgb": 0.9868338704109192, "date": "2026-03-24"}}, {"type": "Feature", "geometry": {"type": "Point", "coordinates": [-82.66666666836102, 35.658333333904004]}, "properties": {"p_logistic": 0.4229898154735565, "p_rf": 0.699999988079071, "p_xgb": 0.9863607883453369, "date": "2026-03-24"}}, {"type": "Feature", "geometry": {"type": "Point", "coordinates": [-82.65833333502802, 35.658333333904004]}, "properties": {"p_logistic": 0.4210261106491089, "p_rf": 0.699999988079071, "p_xgb": 0.9868338704109192, "date": "2026-03-24"}}, {"type": "Feature", "geometry": {"type": "Point", "coordinates": [-82.65000000169502, 35.658333333904004]}, "properties": {"p_logistic": 0.41927143931388855, "p_rf": 0.7099999785423279, "p_xgb": 0.9868338704109192, "date": "2026-03-24"}}, {"type": "Feature", "geometry": {"type": "Point", "coordinates": [-82.64166666836202, 35.658333333904004]}, "properties": {"p_logistic": 0.4188137650489807, "p_rf": 0.7260000109672546, "p_xgb": 0.9906291365623474, "date": "2026-03-24"}}, {"type": "Feature", "geometry": {"type": "Point", "coordinates": [-82.63333333502902, 35.658333333904004]}, "properties": {"p_logistic": 0.4193359613418579, "p_rf": 0.7480000257492065, "p_xgb": 0.9906291365623474, "date": "2026-03-24"}}, {"type": "Feature", "geometry": {"type": "Point", "coordinates": [-82.62500000169601, 35.658333333904004]}, "properties": {"p_logistic": 0.4210396111011505, "p_rf": 0.7860000133514404, "p_xgb": 0.994748055934906, "date": "2026-03-24"}}, {"type": "Feature", "geometry": {"type": "Point", "coordinates": [-82.61666666836302, 35.658333333904004]}, "properties": {"p_logistic": 0.42420777678489685, "p_rf": 0.7879999876022339, "p_xgb": 0.9961671233177185, "date": "2026-03-24"}}, {"type": "Feature", "geometry": {"type": "Point", "coordinates": [-82.60833333503001, 35.658333333904004]}, "properties": {"p_logistic": 0.42692679166793823, "p_rf": 0.7620000243186951, "p_xgb": 0.9957340359687805, "date": "2026-03-24"}}, {"type": "Feature", "geometry": {"type": "Point", "coordinates": [-82.60000000169703, 35.658333333904004]}, "properties": {"p_logistic": 0.4282553195953369, "p_rf": 0.75, "p_xgb": 0.9957340359687805, "date": "2026-03-24"}}, {"type": "Feature", "geometry": {"type": "Point", "coordinates": [-82.59166666836401, 35.658333333904004]}, "properties": {"p_logistic": 0.42802876234054565, "p_rf": 0.7200000286102295, "p_xgb": 0.9957340359687805, "date": "2026-03-24"}}, {"type": "Feature", "geometry": {"type": "Point", "coordinates": [-82.58333333503101, 35.658333333904004]}, "properties": {"p_logistic": 0.42701226472854614, "p_rf": 0.7120000123977661, "p_xgb": 0.9957340359687805, "date": "2026-03-24"}}, {"type": "Feature", "geometry": {"type": "Point", "coordinates": [-82.57500000169802, 35.658333333904004]}, "properties": {"p_logistic": 0.42598235607147217, "p_rf": 0.7120000123977661, "p_xgb": 0.9908589720726013, "date": "2026-03-24"}}, {"type": "Feature", "geometry": {"type": "Point", "coordinates": [-82.56666666836502, 35.658333333904004]}, "properties": {"p_logistic": 0.4258662164211273, "p_rf": 0.6959999799728394, "p_xgb": 0.9908589720726013, "date": "2026-03-24"}}, {"type": "Feature", "geometry": {"type": "Point", "coordinates": [-82.55833333503202, 35.658333333904004]}, "properties": {"p_logistic": 0.42647626996040344, "p_rf": 0.7120000123977661, "p_xgb": 0.9908589720726013, "date": "2026-03-24"}}, {"type": "Feature", "geometry": {"type": "Point", "coordinates": [-82.55000000169902, 35.658333333904004]}, "properties": {"p_logistic": 0.42714908719062805, "p_rf": 0.7160000205039978, "p_xgb": 0.9957340359687805, "date": "2026-03-24"}}, {"type": "Feature", "geometry": {"type": "Point", "coordinates": [-82.54166666836602, 35.658333333904004]}, "properties": {"p_logistic": 0.42730581760406494, "p_rf": 0.7200000286102295, "p_xgb": 0.9957340359687805, "date": "2026-03-24"}}, {"type": "Feature", "geometry": {"type": "Point", "coordinates": [-82.53333333503302, 35.658333333904004]}, "properties": {"p_logistic": 0.4266035854816437, "p_rf": 0.7179999947547913, "p_xgb": 0.9957340359687805, "date": "2026-03-24"}}, {"type": "Feature", "geometry": {"type": "Point", "coordinates": [-82.52500000170002, 35.658333333904004]}, "properties": {"p_logistic": 0.42523589730262756, "p_rf": 0.6919999718666077, "p_xgb": 0.9959139227867126, "date": "2026-03-24"}}, {"type": "Feature", "geometry": {"type": "Point", "coordinates": [-82.51666666836701, 35.658333333904004]}, "properties": {"p_logistic": 0.423981636762619, "p_rf": 0.7160000205039978, "p_xgb": 0.9908369779586792, "date": "2026-03-24"}}, {"type": "Feature", "geometry": {"type": "Point", "coordinates": [-82.50833333503402, 35.658333333904004]}, "properties": {"p_logistic": 0.4230549931526184, "p_rf": 0.7080000042915344, "p_xgb": 0.9856758117675781, "date": "2026-03-24"}}, {"type": "Feature", "geometry": {"type": "Point", "coordinates": [-82.50000000170101, 35.658333333904004]}, "properties": {"p_logistic": 0.4231131076812744, "p_rf": 0.7080000042915344, "p_xgb": 0.9860094785690308, "date": "2026-03-24"}}, {"type": "Feature", "geometry": {"type": "Point", "coordinates": [-82.49166666836803, 35.658333333904004]}, "properties": {"p_logistic": 0.42376911640167236, "p_rf": 0.7319999933242798, "p_xgb": 0.9860094785690308, "date": "2026-03-24"}}, {"type": "Feature", "geometry": {"type": "Point", "coordinates": [-82.48333333503501, 35.658333333904004]}, "properties": {"p_logistic": 0.42378169298171997, "p_rf": 0.7319999933242798, "p_xgb": 0.9864946603775024, "date": "2026-03-24"}}, {"type": "Feature", "geometry": {"type": "Point", "coordinates": [-82.47500000170201, 35.658333333904004]}, "properties": {"p_logistic": 0.4238085448741913, "p_rf": 0.7540000081062317, "p_xgb": 0.985561192035675, "date": "2026-03-24"}}, {"type": "Feature", "geometry": {"type": "Point", "coordinates": [-82.46666666836902, 35.658333333904004]}, "properties": {"p_logistic": 0.42393404245376587, "p_rf": 0.7839999794960022, "p_xgb": 0.9844188690185547, "date": "2026-03-24"}}, {"type": "Feature", "geometry": {"type": "Point", "coordinates": [-82.45833333503602, 35.658333333904004]}, "properties": {"p_logistic": 0.4244351387023926, "p_rf": 0.7839999794960022, "p_xgb": 0.9844188690185547, "date": "2026-03-24"}}, {"type": "Feature", "geometry": {"type": "Point", "coordinates": [-82.45000000170302, 35.658333333904004]}, "properties": {"p_logistic": 0.42487832903862, "p_rf": 0.7540000081062317, "p_xgb": 0.9860683679580688, "date": "2026-03-24"}}, {"type": "Feature", "geometry": {"type": "Point", "coordinates": [-82.44166666837002, 35.658333333904004]}, "properties": {"p_logistic": 0.42556270956993103, "p_rf": 0.7319999933242798, "p_xgb": 0.9791620969772339, "date": "2026-03-24"}}, {"type": "Feature", "geometry": {"type": "Point", "coordinates": [-82.43333333503702, 35.658333333904004]}, "properties": {"p_logistic": 0.42561498284339905, "p_rf": 0.7319999933242798, "p_xgb": 0.9791620969772339, "date": "2026-03-24"}}, {"type": "Feature", "geometry": {"type": "Point", "coordinates": [-82.42500000170402, 35.658333333904004]}, "properties": {"p_logistic": 0.4250781536102295, "p_rf": 0.7099999785423279, "p_xgb": 0.9797425866127014, "date": "2026-03-24"}}, {"type": "Feature", "geometry": {"type": "Point", "coordinates": [-82.41666666837102, 35.658333333904004]}, "properties": {"p_logistic": 0.4242943525314331, "p_rf": 0.7319999933242798, "p_xgb": 0.9863015413284302, "date": "2026-03-24"}}, {"type": "Feature", "geometry": {"type": "Point", "coordinates": [-82.40833333503801, 35.658333333904004]}, "properties": {"p_logistic": 0.42305895686149597, "p_rf": 0.7260000109672546, "p_xgb": 0.9863015413284302, "date": "2026-03-24"}}, {"type": "Feature", "geometry": {"type": "Point", "coordinates": [-82.40000000170502, 35.658333333904004]}, "properties": {"p_logistic": 0.4203381836414337, "p_rf": 0.6819999814033508, "p_xgb": 0.985358715057373, "date": "2026-03-24"}}, {"type": "Feature", "geometry": {"type": "Point", "coordinates": [-82.39166666837201, 35.658333333904004]}, "properties": {"p_logistic": 0.4176679849624634, "p_rf": 0.6620000004768372, "p_xgb": 0.985358715057373, "date": "2026-03-24"}}, {"type": "Feature", "geometry": {"type": "Point", "coordinates": [-82.38333333503903, 35.658333333904004]}, "properties": {"p_logistic": 0.4149802625179291, "p_rf": 0.6679999828338623, "p_xgb": 0.9869037866592407, "date": "2026-03-24"}}, {"type": "Feature", "geometry": {"type": "Point", "coordinates": [-82.37500000170601, 35.658333333904004]}, "properties": {"p_logistic": 0.4137985408306122, "p_rf": 0.6919999718666077, "p_xgb": 0.9863429665565491, "date": "2026-03-24"}}, {"type": "Feature", "geometry": {"type": "Point", "coordinates": [-82.36666666837301, 35.658333333904004]}, "properties": {"p_logistic": 0.4146016240119934, "p_rf": 0.7459999918937683, "p_xgb": 0.9867743253707886, "date": "2026-03-24"}}, {"type": "Feature", "geometry": {"type": "Point", "coordinates": [-82.35833333504002, 35.658333333904004]}, "properties": {"p_logistic": 0.4176359176635742, "p_rf": 0.734000027179718, "p_xgb": 0.9867743253707886, "date": "2026-03-24"}}, {"type": "Feature", "geometry": {"type": "Point", "coordinates": [-82.35000000170702, 35.658333333904004]}, "properties": {"p_logistic": 0.4202992022037506, "p_rf": 0.7200000286102295, "p_xgb": 0.9862880706787109, "date": "2026-03-24"}}, {"type": "Feature", "geometry": {"type": "Point", "coordinates": [-82.34166666837402, 35.658333333904004]}, "properties": {"p_logistic": 0.4228178858757019, "p_rf": 0.7179999947547913, "p_xgb": 0.984664261341095, "date": "2026-03-24"}}, {"type": "Feature", "geometry": {"type": "Point", "coordinates": [-82.33333333504102, 35.658333333904004]}, "properties": {"p_logistic": 0.42402565479278564, "p_rf": 0.7120000123977661, "p_xgb": 0.9828595519065857, "date": "2026-03-24"}}, {"type": "Feature", "geometry": {"type": "Point", "coordinates": [-82.32500000170802, 35.658333333904004]}, "properties": {"p_logistic": 0.42444711923599243, "p_rf": 0.7260000109672546, "p_xgb": 0.9834651947021484, "date": "2026-03-24"}}, {"type": "Feature", "geometry": {"type": "Point", "coordinates": [-82.31666666837502, 35.658333333904004]}, "properties": {"p_logistic": 0.42497703433036804, "p_rf": 0.7319999933242798, "p_xgb": 0.9834651947021484, "date": "2026-03-24"}}, {"type": "Feature", "geometry": {"type": "Point", "coordinates": [-82.30833333504202, 35.658333333904004]}, "properties": {"p_logistic": 0.4259495735168457, "p_rf": 0.7020000219345093, "p_xgb": 0.974415123462677, "date": "2026-03-24"}}, {"type": "Feature", "geometry": {"type": "Point", "coordinates": [-82.30000000170901, 35.658333333904004]}, "properties": {"p_logistic": 0.42708951234817505, "p_rf": 0.7020000219345093, "p_xgb": 0.974415123462677, "date": "2026-03-24"}}, {"type": "Feature", "geometry": {"type": "Point", "coordinates": [-82.29166666837602, 35.658333333904004]}, "properties": {"p_logistic": 0.42866432666778564, "p_rf": 0.6959999799728394, "p_xgb": 0.9735075831413269, "date": "2026-03-24"}}, {"type": "Feature", "geometry": {"type": "Point", "coordinates": [-82.86666666835302, 35.650000000571005]}, "properties": {"p_logistic": 0.3978366255760193, "p_rf": 0.6840000152587891, "p_xgb": 0.9782695770263672, "date": "2026-03-24"}}, {"type": "Feature", "geometry": {"type": "Point", "coordinates": [-82.85833333502002, 35.650000000571005]}, "properties": {"p_logistic": 0.39953020215034485, "p_rf": 0.6899999976158142, "p_xgb": 0.9782695770263672, "date": "2026-03-24"}}, {"type": "Feature", "geometry": {"type": "Point", "coordinates": [-82.85000000168702, 35.650000000571005]}, "properties": {"p_logistic": 0.4013378322124481, "p_rf": 0.6759999990463257, "p_xgb": 0.9782695770263672, "date": "2026-03-24"}}, {"type": "Feature", "geometry": {"type": "Point", "coordinates": [-82.84166666835401, 35.650000000571005]}, "properties": {"p_logistic": 0.4018448293209076, "p_rf": 0.6859999895095825, "p_xgb": 0.9777554869651794, "date": "2026-03-24"}}, {"type": "Feature", "geometry": {"type": "Point", "coordinates": [-82.83333333502102, 35.650000000571005]}, "properties": {"p_logistic": 0.40216508507728577, "p_rf": 0.6940000057220459, "p_xgb": 0.9788110256195068, "date": "2026-03-24"}}, {"type": "Feature", "geometry": {"type": "Point", "coordinates": [-82.82500000168801, 35.650000000571005]}, "properties": {"p_logistic": 0.4027593433856964, "p_rf": 0.7639999985694885, "p_xgb": 0.9838063716888428, "date": "2026-03-24"}}, {"type": "Feature", "geometry": {"type": "Point", "coordinates": [-82.81666666835503, 35.650000000571005]}, "properties": {"p_logistic": 0.4039492607116699, "p_rf": 0.8519999980926514, "p_xgb": 0.9886524081230164, "date": "2026-03-24"}}, {"type": "Feature", "geometry": {"type": "Point", "coordinates": [-82.80833333502201, 35.650000000571005]}, "properties": {"p_logistic": 0.40539559721946716, "p_rf": 0.8679999709129333, "p_xgb": 0.9900267124176025, "date": "2026-03-24"}}, {"type": "Feature", "geometry": {"type": "Point", "coordinates": [-82.80000000168901, 35.650000000571005]}, "properties": {"p_logistic": 0.40618062019348145, "p_rf": 0.8600000143051147, "p_xgb": 0.9904897212982178, "date": "2026-03-24"}}, {"type": "Feature", "geometry": {"type": "Point", "coordinates": [-82.79166666835602, 35.650000000571005]}, "properties": {"p_logistic": 0.40619543194770813, "p_rf": 0.8679999709129333, "p_xgb": 0.9949036836624146, "date": "2026-03-24"}}, {"type": "Feature", "geometry": {"type": "Point", "coordinates": [-82.78333333502302, 35.650000000571005]}, "properties": {"p_logistic": 0.40652593970298767, "p_rf": 0.871999979019165, "p_xgb": 0.9949036836624146, "date": "2026-03-24"}}, {"type": "Feature", "geometry": {"type": "Point", "coordinates": [-82.77500000169002, 35.650000000571005]}, "properties": {"p_logistic": 0.4076659679412842, "p_rf": 0.8679999709129333, "p_xgb": 0.9949036836624146, "date": "2026-03-24"}}, {"type": "Feature", "geometry": {"type": "Point", "coordinates": [-82.76666666835702, 35.650000000571005]}, "properties": {"p_logistic": 0.408721387386322, "p_rf": 0.8600000143051147, "p_xgb": 0.9949036836624146, "date": "2026-03-24"}}, {"type": "Feature", "geometry": {"type": "Point", "coordinates": [-82.75833333502402, 35.650000000571005]}, "properties": {"p_logistic": 0.40928104519844055, "p_rf": 0.8579999804496765, "p_xgb": 0.9955234527587891, "date": "2026-03-24"}}, {"type": "Feature", "geometry": {"type": "Point", "coordinates": [-82.75000000169102, 35.650000000571005]}, "properties": {"p_logistic": 0.40961435437202454, "p_rf": 0.871999979019165, "p_xgb": 0.9955234527587891, "date": "2026-03-24"}}, {"type": "Feature", "geometry": {"type": "Point", "coordinates": [-82.74166666835802, 35.650000000571005]}, "properties": {"p_logistic": 0.4097881317138672, "p_rf": 0.871999979019165, "p_xgb": 0.9966805577278137, "date": "2026-03-24"}}, {"type": "Feature", "geometry": {"type": "Point", "coordinates": [-82.73333333502501, 35.650000000571005]}, "properties": {"p_logistic": 0.4104694724082947, "p_rf": 0.8600000143051147, "p_xgb": 0.9966805577278137, "date": "2026-03-24"}}, {"type": "Feature", "geometry": {"type": "Point", "coordinates": [-82.72500000169202, 35.650000000571005]}, "properties": {"p_logistic": 0.4158065617084503, "p_rf": 0.7979999780654907, "p_xgb": 0.9958492517471313, "date": "2026-03-24"}}, {"type": "Feature", "geometry": {"type": "Point", "coordinates": [-82.71666666835901, 35.650000000571005]}, "properties": {"p_logistic": 0.4197567403316498, "p_rf": 0.7879999876022339, "p_xgb": 0.9920104742050171, "date": "2026-03-24"}}, {"type": "Feature", "geometry": {"type": "Point", "coordinates": [-82.70833333502603, 35.650000000571005]}, "properties": {"p_logistic": 0.42318543791770935, "p_rf": 0.777999997138977, "p_xgb": 0.9883638620376587, "date": "2026-03-24"}}, {"type": "Feature", "geometry": {"type": "Point", "coordinates": [-82.70000000169301, 35.650000000571005]}, "properties": {"p_logistic": 0.4263570308685303, "p_rf": 0.777999997138977, "p_xgb": 0.9883638620376587, "date": "2026-03-24"}}, {"type": "Feature", "geometry": {"type": "Point", "coordinates": [-82.69166666836001, 35.650000000571005]}, "properties": {"p_logistic": 0.42874571681022644, "p_rf": 0.7680000066757202, "p_xgb": 0.9881243109703064, "date": "2026-03-24"}}, {"type": "Feature", "geometry": {"type": "Point", "coordinates": [-82.68333333502702, 35.650000000571005]}, "properties": {"p_logistic": 0.42926934361457825, "p_rf": 0.7300000190734863, "p_xgb": 0.9844398498535156, "date": "2026-03-24"}}, {"type": "Feature", "geometry": {"type": "Point", "coordinates": [-82.67500000169402, 35.650000000571005]}, "properties": {"p_logistic": 0.4280361831188202, "p_rf": 0.6919999718666077, "p_xgb": 0.9847525954246521, "date": "2026-03-24"}}, {"type": "Feature", "geometry": {"type": "Point", "coordinates": [-82.66666666836102, 35.650000000571005]}, "properties": {"p_logistic": 0.4261997640132904, "p_rf": 0.6919999718666077, "p_xgb": 0.9863607883453369, "date": "2026-03-24"}}, {"type": "Feature", "geometry": {"type": "Point", "coordinates": [-82.65833333502802, 35.650000000571005]}, "properties": {"p_logistic": 0.42386171221733093, "p_rf": 0.6859999895095825, "p_xgb": 0.9863607883453369, "date": "2026-03-24"}}, {"type": "Feature", "geometry": {"type": "Point", "coordinates": [-82.65000000169502, 35.650000000571005]}, "properties": {"p_logistic": 0.42191189527511597, "p_rf": 0.7099999785423279, "p_xgb": 0.9906291365623474, "date": "2026-03-24"}}, {"type": "Feature", "geometry": {"type": "Point", "coordinates": [-82.64166666836202, 35.650000000571005]}, "properties": {"p_logistic": 0.42040684819221497, "p_rf": 0.7120000123977661, "p_xgb": 0.9906291365623474, "date": "2026-03-24"}}, {"type": "Feature", "geometry": {"type": "Point", "coordinates": [-82.63333333502902, 35.650000000571005]}, "properties": {"p_logistic": 0.42039617896080017, "p_rf": 0.7279999852180481, "p_xgb": 0.994748055934906, "date": "2026-03-24"}}, {"type": "Feature", "geometry": {"type": "Point", "coordinates": [-82.62500000169601, 35.650000000571005]}, "properties": {"p_logistic": 0.4217824339866638, "p_rf": 0.75, "p_xgb": 0.9949518442153931, "date": "2026-03-24"}}, {"type": "Feature", "geometry": {"type": "Point", "coordinates": [-82.61666666836302, 35.650000000571005]}, "properties": {"p_logistic": 0.42426547408103943, "p_rf": 0.7580000162124634, "p_xgb": 0.9957340359687805, "date": "2026-03-24"}}, {"type": "Feature", "geometry": {"type": "Point", "coordinates": [-82.60833333503001, 35.650000000571005]}, "properties": {"p_logistic": 0.427520751953125, "p_rf": 0.7459999918937683, "p_xgb": 0.9957340359687805, "date": "2026-03-24"}}, {"type": "Feature", "geometry": {"type": "Point", "coordinates": [-82.60000000169703, 35.650000000571005]}, "properties": {"p_logistic": 0.4286732077598572, "p_rf": 0.7059999704360962, "p_xgb": 0.9908589720726013, "date": "2026-03-24"}}, {"type": "Feature", "geometry": {"type": "Point", "coordinates": [-82.59166666836401, 35.650000000571005]}, "properties": {"p_logistic": 0.42861008644104004, "p_rf": 0.6959999799728394, "p_xgb": 0.9908589720726013, "date": "2026-03-24"}}, {"type": "Feature", "geometry": {"type": "Point", "coordinates": [-82.58333333503101, 35.650000000571005]}, "properties": {"p_logistic": 0.42780545353889465, "p_rf": 0.6959999799728394, "p_xgb": 0.9908589720726013, "date": "2026-03-24"}}, {"type": "Feature", "geometry": {"type": "Point", "coordinates": [-82.57500000169802, 35.650000000571005]}, "properties": {"p_logistic": 0.4272003471851349, "p_rf": 0.6959999799728394, "p_xgb": 0.9908589720726013, "date": "2026-03-24"}}, {"type": "Feature", "geometry": {"type": "Point", "coordinates": [-82.56666666836502, 35.650000000571005]}, "properties": {"p_logistic": 0.4270569384098053, "p_rf": 0.6980000138282776, "p_xgb": 0.9908589720726013, "date": "2026-03-24"}}, {"type": "Feature", "geometry": {"type": "Point", "coordinates": [-82.55833333503202, 35.650000000571005]}, "properties": {"p_logistic": 0.4273228645324707, "p_rf": 0.7020000219345093, "p_xgb": 0.9908589720726013, "date": "2026-03-24"}}, {"type": "Feature", "geometry": {"type": "Point", "coordinates": [-82.55000000169902, 35.650000000571005]}, "properties": {"p_logistic": 0.42818209528923035, "p_rf": 0.7039999961853027, "p_xgb": 0.9908589720726013, "date": "2026-03-24"}}, {"type": "Feature", "geometry": {"type": "Point", "coordinates": [-82.54166666836602, 35.650000000571005]}, "properties": {"p_logistic": 0.4279651641845703, "p_rf": 0.7120000123977661, "p_xgb": 0.9957340359687805, "date": "2026-03-24"}}, {"type": "Feature", "geometry": {"type": "Point", "coordinates": [-82.53333333503302, 35.650000000571005]}, "properties": {"p_logistic": 0.4276984930038452, "p_rf": 0.7179999947547913, "p_xgb": 0.9957340359687805, "date": "2026-03-24"}}, {"type": "Feature", "geometry": {"type": "Point", "coordinates": [-82.52500000170002, 35.650000000571005]}, "properties": {"p_logistic": 0.42597582936286926, "p_rf": 0.6800000071525574, "p_xgb": 0.9959139227867126, "date": "2026-03-24"}}, {"type": "Feature", "geometry": {"type": "Point", "coordinates": [-82.51666666836701, 35.650000000571005]}, "properties": {"p_logistic": 0.425049751996994, "p_rf": 0.699999988079071, "p_xgb": 0.9959139227867126, "date": "2026-03-24"}}, {"type": "Feature", "geometry": {"type": "Point", "coordinates": [-82.50833333503402, 35.650000000571005]}, "properties": {"p_logistic": 0.4251631796360016, "p_rf": 0.7239999771118164, "p_xgb": 0.9908369779586792, "date": "2026-03-24"}}, {"type": "Feature", "geometry": {"type": "Point", "coordinates": [-82.50000000170101, 35.650000000571005]}, "properties": {"p_logistic": 0.4253750145435333, "p_rf": 0.7039999961853027, "p_xgb": 0.9853817224502563, "date": "2026-03-24"}}, {"type": "Feature", "geometry": {"type": "Point", "coordinates": [-82.49166666836803, 35.650000000571005]}, "properties": {"p_logistic": 0.4263574779033661, "p_rf": 0.6980000138282776, "p_xgb": 0.9857221841812134, "date": "2026-03-24"}}, {"type": "Feature", "geometry": {"type": "Point", "coordinates": [-82.48333333503501, 35.650000000571005]}, "properties": {"p_logistic": 0.42674052715301514, "p_rf": 0.7300000190734863, "p_xgb": 0.9857221841812134, "date": "2026-03-24"}}, {"type": "Feature", "geometry": {"type": "Point", "coordinates": [-82.47500000170201, 35.650000000571005]}, "properties": {"p_logistic": 0.4271067678928375, "p_rf": 0.7419999837875366, "p_xgb": 0.9857221841812134, "date": "2026-03-24"}}, {"type": "Feature", "geometry": {"type": "Point", "coordinates": [-82.46666666836902, 35.650000000571005]}, "properties": {"p_logistic": 0.4278590679168701, "p_rf": 0.7540000081062317, "p_xgb": 0.9857221841812134, "date": "2026-03-24"}}, {"type": "Feature", "geometry": {"type": "Point", "coordinates": [-82.45833333503602, 35.650000000571005]}, "properties": {"p_logistic": 0.428691565990448, "p_rf": 0.7580000162124634, "p_xgb": 0.9857221841812134, "date": "2026-03-24"}}, {"type": "Feature", "geometry": {"type": "Point", "coordinates": [-82.45000000170302, 35.650000000571005]}, "properties": {"p_logistic": 0.4295862913131714, "p_rf": 0.7559999823570251, "p_xgb": 0.9852648377418518, "date": "2026-03-24"}}, {"type": "Feature", "geometry": {"type": "Point", "coordinates": [-82.44166666837002, 35.650000000571005]}, "properties": {"p_logistic": 0.43025699257850647, "p_rf": 0.7639999985694885, "p_xgb": 0.9835296273231506, "date": "2026-03-24"}}, {"type": "Feature", "geometry": {"type": "Point", "coordinates": [-82.43333333503702, 35.650000000571005]}, "properties": {"p_logistic": 0.43032005429267883, "p_rf": 0.7839999794960022, "p_xgb": 0.9835296273231506, "date": "2026-03-24"}}, {"type": "Feature", "geometry": {"type": "Point", "coordinates": [-82.42500000170402, 35.650000000571005]}, "properties": {"p_logistic": 0.429917573928833, "p_rf": 0.7820000052452087, "p_xgb": 0.9852648377418518, "date": "2026-03-24"}}, {"type": "Feature", "geometry": {"type": "Point", "coordinates": [-82.41666666837102, 35.650000000571005]}, "properties": {"p_logistic": 0.4291066527366638, "p_rf": 0.7559999823570251, "p_xgb": 0.9856776595115662, "date": "2026-03-24"}}, {"type": "Feature", "geometry": {"type": "Point", "coordinates": [-82.40833333503801, 35.650000000571005]}, "properties": {"p_logistic": 0.4278380274772644, "p_rf": 0.7559999823570251, "p_xgb": 0.985511302947998, "date": "2026-03-24"}}, {"type": "Feature", "geometry": {"type": "Point", "coordinates": [-82.40000000170502, 35.650000000571005]}, "properties": {"p_logistic": 0.4262032210826874, "p_rf": 0.7059999704360962, "p_xgb": 0.9845149517059326, "date": "2026-03-24"}}, {"type": "Feature", "geometry": {"type": "Point", "coordinates": [-82.39166666837201, 35.650000000571005]}, "properties": {"p_logistic": 0.42365291714668274, "p_rf": 0.6840000152587891, "p_xgb": 0.9848262071609497, "date": "2026-03-24"}}, {"type": "Feature", "geometry": {"type": "Point", "coordinates": [-82.38333333503903, 35.650000000571005]}, "properties": {"p_logistic": 0.42126530408859253, "p_rf": 0.7059999704360962, "p_xgb": 0.9847254157066345, "date": "2026-03-24"}}, {"type": "Feature", "geometry": {"type": "Point", "coordinates": [-82.37500000170601, 35.650000000571005]}, "properties": {"p_logistic": 0.41988837718963623, "p_rf": 0.7480000257492065, "p_xgb": 0.9867743253707886, "date": "2026-03-24"}}, {"type": "Feature", "geometry": {"type": "Point", "coordinates": [-82.36666666837301, 35.650000000571005]}, "properties": {"p_logistic": 0.4204864501953125, "p_rf": 0.7580000162124634, "p_xgb": 0.9852070808410645, "date": "2026-03-24"}}, {"type": "Feature", "geometry": {"type": "Point", "coordinates": [-82.35833333504002, 35.650000000571005]}, "properties": {"p_logistic": 0.42337098717689514, "p_rf": 0.7419999837875366, "p_xgb": 0.9846764206886292, "date": "2026-03-24"}}, {"type": "Feature", "geometry": {"type": "Point", "coordinates": [-82.35000000170702, 35.650000000571005]}, "properties": {"p_logistic": 0.4262157678604126, "p_rf": 0.734000027179718, "p_xgb": 0.9837888479232788, "date": "2026-03-24"}}, {"type": "Feature", "geometry": {"type": "Point", "coordinates": [-82.34166666837402, 35.650000000571005]}, "properties": {"p_logistic": 0.42806118726730347, "p_rf": 0.7400000095367432, "p_xgb": 0.9837888479232788, "date": "2026-03-24"}}, {"type": "Feature", "geometry": {"type": "Point", "coordinates": [-82.33333333504102, 35.650000000571005]}, "properties": {"p_logistic": 0.42903611063957214, "p_rf": 0.7200000286102295, "p_xgb": 0.9837888479232788, "date": "2026-03-24"}}, {"type": "Feature", "geometry": {"type": "Point", "coordinates": [-82.32500000170802, 35.650000000571005]}, "properties": {"p_logistic": 0.429582417011261, "p_rf": 0.7200000286102295, "p_xgb": 0.9837888479232788, "date": "2026-03-24"}}, {"type": "Feature", "geometry": {"type": "Point", "coordinates": [-82.31666666837502, 35.650000000571005]}, "properties": {"p_logistic": 0.4297848045825958, "p_rf": 0.722000002861023, "p_xgb": 0.9825226068496704, "date": "2026-03-24"}}, {"type": "Feature", "geometry": {"type": "Point", "coordinates": [-82.30833333504202, 35.650000000571005]}, "properties": {"p_logistic": 0.43084463477134705, "p_rf": 0.734000027179718, "p_xgb": 0.9825226068496704, "date": "2026-03-24"}}, {"type": "Feature", "geometry": {"type": "Point", "coordinates": [-82.30000000170901, 35.650000000571005]}, "properties": {"p_logistic": 0.4318523406982422, "p_rf": 0.7360000014305115, "p_xgb": 0.9825226068496704, "date": "2026-03-24"}}, {"type": "Feature", "geometry": {"type": "Point", "coordinates": [-82.29166666837602, 35.650000000571005]}, "properties": {"p_logistic": 0.43295833468437195, "p_rf": 0.7260000109672546, "p_xgb": 0.9825226068496704, "date": "2026-03-24"}}, {"type": "Feature", "geometry": {"type": "Point", "coordinates": [-82.86666666835302, 35.641666667238006]}, "properties": {"p_logistic": 0.3989052474498749, "p_rf": 0.7160000205039978, "p_xgb": 0.9782695770263672, "date": "2026-03-24"}}, {"type": "Feature", "geometry": {"type": "Point", "coordinates": [-82.85833333502002, 35.641666667238006]}, "properties": {"p_logistic": 0.4014524221420288, "p_rf": 0.7319999933242798, "p_xgb": 0.9782695770263672, "date": "2026-03-24"}}, {"type": "Feature", "geometry": {"type": "Point", "coordinates": [-82.85000000168702, 35.641666667238006]}, "properties": {"p_logistic": 0.4026597738265991, "p_rf": 0.7820000052452087, "p_xgb": 0.9775789380073547, "date": "2026-03-24"}}, {"type": "Feature", "geometry": {"type": "Point", "coordinates": [-82.84166666835401, 35.641666667238006]}, "properties": {"p_logistic": 0.40342897176742554, "p_rf": 0.7480000257492065, "p_xgb": 0.9775789380073547, "date": "2026-03-24"}}, {"type": "Feature", "geometry": {"type": "Point", "coordinates": [-82.83333333502102, 35.641666667238006]}, "properties": {"p_logistic": 0.4040941894054413, "p_rf": 0.7279999852180481, "p_xgb": 0.9782695770263672, "date": "2026-03-24"}}, {"type": "Feature", "geometry": {"type": "Point", "coordinates": [-82.82500000168801, 35.641666667238006]}, "properties": {"p_logistic": 0.4045378267765045, "p_rf": 0.6940000057220459, "p_xgb": 0.9844195246696472, "date": "2026-03-24"}}, {"type": "Feature", "geometry": {"type": "Point", "coordinates": [-82.81666666835503, 35.641666667238006]}, "properties": {"p_logistic": 0.4054242670536041, "p_rf": 0.6620000004768372, "p_xgb": 0.9857327342033386, "date": "2026-03-24"}}, {"type": "Feature", "geometry": {"type": "Point", "coordinates": [-82.80833333502201, 35.641666667238006]}, "properties": {"p_logistic": 0.40708449482917786, "p_rf": 0.7120000123977661, "p_xgb": 0.98823082447052, "date": "2026-03-24"}}, {"type": "Feature", "geometry": {"type": "Point", "coordinates": [-82.80000000168901, 35.641666667238006]}, "properties": {"p_logistic": 0.40782201290130615, "p_rf": 0.8679999709129333, "p_xgb": 0.9910049438476562, "date": "2026-03-24"}}, {"type": "Feature", "geometry": {"type": "Point", "coordinates": [-82.79166666835602, 35.641666667238006]}, "properties": {"p_logistic": 0.40797266364097595, "p_rf": 0.878000020980835, "p_xgb": 0.9913640022277832, "date": "2026-03-24"}}, {"type": "Feature", "geometry": {"type": "Point", "coordinates": [-82.78333333502302, 35.641666667238006]}, "properties": {"p_logistic": 0.40787771344184875, "p_rf": 0.878000020980835, "p_xgb": 0.9913640022277832, "date": "2026-03-24"}}, {"type": "Feature", "geometry": {"type": "Point", "coordinates": [-82.77500000169002, 35.641666667238006]}, "properties": {"p_logistic": 0.4085114598274231, "p_rf": 0.878000020980835, "p_xgb": 0.9913640022277832, "date": "2026-03-24"}}, {"type": "Feature", "geometry": {"type": "Point", "coordinates": [-82.76666666835702, 35.641666667238006]}, "properties": {"p_logistic": 0.40983402729034424, "p_rf": 0.8679999709129333, "p_xgb": 0.9938291907310486, "date": "2026-03-24"}}, {"type": "Feature", "geometry": {"type": "Point", "coordinates": [-82.75833333502402, 35.641666667238006]}, "properties": {"p_logistic": 0.41049450635910034, "p_rf": 0.8679999709129333, "p_xgb": 0.9938291907310486, "date": "2026-03-24"}}, {"type": "Feature", "geometry": {"type": "Point", "coordinates": [-82.75000000169102, 35.641666667238006]}, "properties": {"p_logistic": 0.41102173924446106, "p_rf": 0.8859999775886536, "p_xgb": 0.9968138337135315, "date": "2026-03-24"}}, {"type": "Feature", "geometry": {"type": "Point", "coordinates": [-82.74166666835802, 35.641666667238006]}, "properties": {"p_logistic": 0.4112228453159332, "p_rf": 0.843999981880188, "p_xgb": 0.9962932467460632, "date": "2026-03-24"}}, {"type": "Feature", "geometry": {"type": "Point", "coordinates": [-82.73333333502501, 35.641666667238006]}, "properties": {"p_logistic": 0.41210970282554626, "p_rf": 0.7480000257492065, "p_xgb": 0.9956491589546204, "date": "2026-03-24"}}, {"type": "Feature", "geometry": {"type": "Point", "coordinates": [-82.72500000169202, 35.641666667238006]}, "properties": {"p_logistic": 0.4165382385253906, "p_rf": 0.7139999866485596, "p_xgb": 0.9949518442153931, "date": "2026-03-24"}}, {"type": "Feature", "geometry": {"type": "Point", "coordinates": [-82.71666666835901, 35.641666667238006]}, "properties": {"p_logistic": 0.4206247925758362, "p_rf": 0.7139999866485596, "p_xgb": 0.9906291365623474, "date": "2026-03-24"}}, {"type": "Feature", "geometry": {"type": "Point", "coordinates": [-82.70833333502603, 35.641666667238006]}, "properties": {"p_logistic": 0.4243350625038147, "p_rf": 0.7080000042915344, "p_xgb": 0.990435779094696, "date": "2026-03-24"}}, {"type": "Feature", "geometry": {"type": "Point", "coordinates": [-82.70000000169301, 35.641666667238006]}, "properties": {"p_logistic": 0.4278799593448639, "p_rf": 0.7039999961853027, "p_xgb": 0.986080527305603, "date": "2026-03-24"}}, {"type": "Feature", "geometry": {"type": "Point", "coordinates": [-82.69166666836001, 35.641666667238006]}, "properties": {"p_logistic": 0.4304627478122711, "p_rf": 0.7260000109672546, "p_xgb": 0.986080527305603, "date": "2026-03-24"}}, {"type": "Feature", "geometry": {"type": "Point", "coordinates": [-82.68333333502702, 35.641666667238006]}, "properties": {"p_logistic": 0.43208152055740356, "p_rf": 0.7039999961853027, "p_xgb": 0.9844398498535156, "date": "2026-03-24"}}, {"type": "Feature", "geometry": {"type": "Point", "coordinates": [-82.67500000169402, 35.641666667238006]}, "properties": {"p_logistic": 0.431033730506897, "p_rf": 0.6800000071525574, "p_xgb": 0.9844398498535156, "date": "2026-03-24"}}, {"type": "Feature", "geometry": {"type": "Point", "coordinates": [-82.66666666836102, 35.641666667238006]}, "properties": {"p_logistic": 0.4288495182991028, "p_rf": 0.6919999718666077, "p_xgb": 0.986080527305603, "date": "2026-03-24"}}, {"type": "Feature", "geometry": {"type": "Point", "coordinates": [-82.65833333502802, 35.641666667238006]}, "properties": {"p_logistic": 0.42577025294303894, "p_rf": 0.6840000152587891, "p_xgb": 0.986080527305603, "date": "2026-03-24"}}, {"type": "Feature", "geometry": {"type": "Point", "coordinates": [-82.65000000169502, 35.641666667238006]}, "properties": {"p_logistic": 0.42264384031295776, "p_rf": 0.6919999718666077, "p_xgb": 0.9893446564674377, "date": "2026-03-24"}}, {"type": "Feature", "geometry": {"type": "Point", "coordinates": [-82.64166666836202, 35.641666667238006]}, "properties": {"p_logistic": 0.42113199830055237, "p_rf": 0.7080000042915344, "p_xgb": 0.9906291365623474, "date": "2026-03-24"}}, {"type": "Feature", "geometry": {"type": "Point", "coordinates": [-82.63333333502902, 35.641666667238006]}, "properties": {"p_logistic": 0.4208695888519287, "p_rf": 0.7160000205039978, "p_xgb": 0.9949518442153931, "date": "2026-03-24"}}, {"type": "Feature", "geometry": {"type": "Point", "coordinates": [-82.62500000169601, 35.641666667238006]}, "properties": {"p_logistic": 0.4224802553653717, "p_rf": 0.7200000286102295, "p_xgb": 0.9949518442153931, "date": "2026-03-24"}}, {"type": "Feature", "geometry": {"type": "Point", "coordinates": [-82.61666666836302, 35.641666667238006]}, "properties": {"p_logistic": 0.4247746467590332, "p_rf": 0.7279999852180481, "p_xgb": 0.9957340359687805, "date": "2026-03-24"}}, {"type": "Feature", "geometry": {"type": "Point", "coordinates": [-82.60833333503001, 35.641666667238006]}, "properties": {"p_logistic": 0.4275679886341095, "p_rf": 0.7059999704360962, "p_xgb": 0.9908589720726013, "date": "2026-03-24"}}, {"type": "Feature", "geometry": {"type": "Point", "coordinates": [-82.60000000169703, 35.641666667238006]}, "properties": {"p_logistic": 0.42972782254219055, "p_rf": 0.7039999961853027, "p_xgb": 0.9908589720726013, "date": "2026-03-24"}}, {"type": "Feature", "geometry": {"type": "Point", "coordinates": [-82.59166666836401, 35.641666667238006]}, "properties": {"p_logistic": 0.43056201934814453, "p_rf": 0.6940000057220459, "p_xgb": 0.9908589720726013, "date": "2026-03-24"}}, {"type": "Feature", "geometry": {"type": "Point", "coordinates": [-82.58333333503101, 35.641666667238006]}, "properties": {"p_logistic": 0.43060383200645447, "p_rf": 0.6940000057220459, "p_xgb": 0.9908589720726013, "date": "2026-03-24"}}, {"type": "Feature", "geometry": {"type": "Point", "coordinates": [-82.57500000169802, 35.641666667238006]}, "properties": {"p_logistic": 0.42998018860816956, "p_rf": 0.7039999961853027, "p_xgb": 0.9908589720726013, "date": "2026-03-24"}}, {"type": "Feature", "geometry": {"type": "Point", "coordinates": [-82.56666666836502, 35.641666667238006]}, "properties": {"p_logistic": 0.42949479818344116, "p_rf": 0.7059999704360962, "p_xgb": 0.9908589720726013, "date": "2026-03-24"}}, {"type": "Feature", "geometry": {"type": "Point", "coordinates": [-82.55833333503202, 35.641666667238006]}, "properties": {"p_logistic": 0.4287966787815094, "p_rf": 0.7179999947547913, "p_xgb": 0.9908589720726013, "date": "2026-03-24"}}, {"type": "Feature", "geometry": {"type": "Point", "coordinates": [-82.55000000169902, 35.641666667238006]}, "properties": {"p_logistic": 0.428620845079422, "p_rf": 0.7080000042915344, "p_xgb": 0.9908589720726013, "date": "2026-03-24"}}, {"type": "Feature", "geometry": {"type": "Point", "coordinates": [-82.54166666836602, 35.641666667238006]}, "properties": {"p_logistic": 0.4285806715488434, "p_rf": 0.6959999799728394, "p_xgb": 0.9908589720726013, "date": "2026-03-24"}}, {"type": "Feature", "geometry": {"type": "Point", "coordinates": [-82.53333333503302, 35.641666667238006]}, "properties": {"p_logistic": 0.42787185311317444, "p_rf": 0.6919999718666077, "p_xgb": 0.9908589720726013, "date": "2026-03-24"}}, {"type": "Feature", "geometry": {"type": "Point", "coordinates": [-82.52500000170002, 35.641666667238006]}, "properties": {"p_logistic": 0.426795095205307, "p_rf": 0.671999990940094, "p_xgb": 0.9912068247795105, "date": "2026-03-24"}}, {"type": "Feature", "geometry": {"type": "Point", "coordinates": [-82.51666666836701, 35.641666667238006]}, "properties": {"p_logistic": 0.4264184236526489, "p_rf": 0.6940000057220459, "p_xgb": 0.9959139227867126, "date": "2026-03-24"}}, {"type": "Feature", "geometry": {"type": "Point", "coordinates": [-82.50833333503402, 35.641666667238006]}, "properties": {"p_logistic": 0.4268161654472351, "p_rf": 0.7239999771118164, "p_xgb": 0.9957488179206848, "date": "2026-03-24"}}, {"type": "Feature", "geometry": {"type": "Point", "coordinates": [-82.50000000170101, 35.641666667238006]}, "properties": {"p_logistic": 0.4277562201023102, "p_rf": 0.7239999771118164, "p_xgb": 0.9922518134117126, "date": "2026-03-24"}}, {"type": "Feature", "geometry": {"type": "Point", "coordinates": [-82.49166666836803, 35.641666667238006]}, "properties": {"p_logistic": 0.4284113347530365, "p_rf": 0.7160000205039978, "p_xgb": 0.9922518134117126, "date": "2026-03-24"}}, {"type": "Feature", "geometry": {"type": "Point", "coordinates": [-82.48333333503501, 35.641666667238006]}, "properties": {"p_logistic": 0.4287082850933075, "p_rf": 0.7179999947547913, "p_xgb": 0.9922518134117126, "date": "2026-03-24"}}, {"type": "Feature", "geometry": {"type": "Point", "coordinates": [-82.47500000170201, 35.641666667238006]}, "properties": {"p_logistic": 0.42920875549316406, "p_rf": 0.7179999947547913, "p_xgb": 0.9924335479736328, "date": "2026-03-24"}}, {"type": "Feature", "geometry": {"type": "Point", "coordinates": [-82.46666666836902, 35.641666667238006]}, "properties": {"p_logistic": 0.4300707280635834, "p_rf": 0.7480000257492065, "p_xgb": 0.9924335479736328, "date": "2026-03-24"}}, {"type": "Feature", "geometry": {"type": "Point", "coordinates": [-82.45833333503602, 35.641666667238006]}, "properties": {"p_logistic": 0.43137848377227783, "p_rf": 0.7519999742507935, "p_xgb": 0.9874387383460999, "date": "2026-03-24"}}, {"type": "Feature", "geometry": {"type": "Point", "coordinates": [-82.45000000170302, 35.641666667238006]}, "properties": {"p_logistic": 0.43208828568458557, "p_rf": 0.7459999918937683, "p_xgb": 0.9874387383460999, "date": "2026-03-24"}}, {"type": "Feature", "geometry": {"type": "Point", "coordinates": [-82.44166666837002, 35.641666667238006]}, "properties": {"p_logistic": 0.4334087371826172, "p_rf": 0.7540000081062317, "p_xgb": 0.9874387383460999, "date": "2026-03-24"}}, {"type": "Feature", "geometry": {"type": "Point", "coordinates": [-82.43333333503702, 35.641666667238006]}, "properties": {"p_logistic": 0.43411219120025635, "p_rf": 0.7720000147819519, "p_xgb": 0.9870356917381287, "date": "2026-03-24"}}, {"type": "Feature", "geometry": {"type": "Point", "coordinates": [-82.42500000170402, 35.641666667238006]}, "properties": {"p_logistic": 0.4338530898094177, "p_rf": 0.8040000200271606, "p_xgb": 0.9870356917381287, "date": "2026-03-24"}}, {"type": "Feature", "geometry": {"type": "Point", "coordinates": [-82.41666666837102, 35.641666667238006]}, "properties": {"p_logistic": 0.43312668800354004, "p_rf": 0.7940000295639038, "p_xgb": 0.9870356917381287, "date": "2026-03-24"}}, {"type": "Feature", "geometry": {"type": "Point", "coordinates": [-82.40833333503801, 35.641666667238006]}, "properties": {"p_logistic": 0.4312671422958374, "p_rf": 0.7860000133514404, "p_xgb": 0.9923209547996521, "date": "2026-03-24"}}, {"type": "Feature", "geometry": {"type": "Point", "coordinates": [-82.40000000170502, 35.641666667238006]}, "properties": {"p_logistic": 0.42936670780181885, "p_rf": 0.765999972820282, "p_xgb": 0.9921938180923462, "date": "2026-03-24"}}, {"type": "Feature", "geometry": {"type": "Point", "coordinates": [-82.39166666837201, 35.641666667238006]}, "properties": {"p_logistic": 0.4266282320022583, "p_rf": 0.722000002861023, "p_xgb": 0.9897643327713013, "date": "2026-03-24"}}, {"type": "Feature", "geometry": {"type": "Point", "coordinates": [-82.38333333503903, 35.641666667238006]}, "properties": {"p_logistic": 0.4242526888847351, "p_rf": 0.7300000190734863, "p_xgb": 0.9838534593582153, "date": "2026-03-24"}}, {"type": "Feature", "geometry": {"type": "Point", "coordinates": [-82.37500000170601, 35.641666667238006]}, "properties": {"p_logistic": 0.42280030250549316, "p_rf": 0.7620000243186951, "p_xgb": 0.9846764206886292, "date": "2026-03-24"}}, {"type": "Feature", "geometry": {"type": "Point", "coordinates": [-82.36666666837301, 35.641666667238006]}, "properties": {"p_logistic": 0.4229503870010376, "p_rf": 0.7699999809265137, "p_xgb": 0.9846764206886292, "date": "2026-03-24"}}, {"type": "Feature", "geometry": {"type": "Point", "coordinates": [-82.35833333504002, 35.641666667238006]}, "properties": {"p_logistic": 0.4253763258457184, "p_rf": 0.75, "p_xgb": 0.9843621253967285, "date": "2026-03-24"}}, {"type": "Feature", "geometry": {"type": "Point", "coordinates": [-82.35000000170702, 35.641666667238006]}, "properties": {"p_logistic": 0.4282991290092468, "p_rf": 0.7440000176429749, "p_xgb": 0.9849641919136047, "date": "2026-03-24"}}, {"type": "Feature", "geometry": {"type": "Point", "coordinates": [-82.34166666837402, 35.641666667238006]}, "properties": {"p_logistic": 0.4300468862056732, "p_rf": 0.7360000014305115, "p_xgb": 0.9857344627380371, "date": "2026-03-24"}}, {"type": "Feature", "geometry": {"type": "Point", "coordinates": [-82.33333333504102, 35.641666667238006]}, "properties": {"p_logistic": 0.4310588240623474, "p_rf": 0.7360000014305115, "p_xgb": 0.9857344627380371, "date": "2026-03-24"}}, {"type": "Feature", "geometry": {"type": "Point", "coordinates": [-82.32500000170802, 35.641666667238006]}, "properties": {"p_logistic": 0.43170833587646484, "p_rf": 0.7400000095367432, "p_xgb": 0.9862399697303772, "date": "2026-03-24"}}, {"type": "Feature", "geometry": {"type": "Point", "coordinates": [-82.31666666837502, 35.641666667238006]}, "properties": {"p_logistic": 0.4322996735572815, "p_rf": 0.734000027179718, "p_xgb": 0.9862399697303772, "date": "2026-03-24"}}, {"type": "Feature", "geometry": {"type": "Point", "coordinates": [-82.30833333504202, 35.641666667238006]}, "properties": {"p_logistic": 0.43317899107933044, "p_rf": 0.7319999933242798, "p_xgb": 0.9862399697303772, "date": "2026-03-24"}}, {"type": "Feature", "geometry": {"type": "Point", "coordinates": [-82.30000000170901, 35.641666667238006]}, "properties": {"p_logistic": 0.43415307998657227, "p_rf": 0.7319999933242798, "p_xgb": 0.9846178293228149, "date": "2026-03-24"}}, {"type": "Feature", "geometry": {"type": "Point", "coordinates": [-82.29166666837602, 35.641666667238006]}, "properties": {"p_logistic": 0.43502262234687805, "p_rf": 0.7260000109672546, "p_xgb": 0.9846178293228149, "date": "2026-03-24"}}, {"type": "Feature", "geometry": {"type": "Point", "coordinates": [-82.28333333504301, 35.641666667238006]}, "properties": {"p_logistic": 0.43640807271003723, "p_rf": 0.7139999866485596, "p_xgb": 0.9840536713600159, "date": "2026-03-24"}}, {"type": "Feature", "geometry": {"type": "Point", "coordinates": [-82.85000000168702, 35.633333333905]}, "properties": {"p_logistic": 0.40408849716186523, "p_rf": 0.7799999713897705, "p_xgb": 0.9775789380073547, "date": "2026-03-24"}}, {"type": "Feature", "geometry": {"type": "Point", "coordinates": [-82.84166666835401, 35.633333333905]}, "properties": {"p_logistic": 0.4049611985683441, "p_rf": 0.7559999823570251, "p_xgb": 0.9830787181854248, "date": "2026-03-24"}}, {"type": "Feature", "geometry": {"type": "Point", "coordinates": [-82.83333333502102, 35.633333333905]}, "properties": {"p_logistic": 0.4054635763168335, "p_rf": 0.7860000133514404, "p_xgb": 0.9824476838111877, "date": "2026-03-24"}}, {"type": "Feature", "geometry": {"type": "Point", "coordinates": [-82.82500000168801, 35.633333333905]}, "properties": {"p_logistic": 0.406135618686676, "p_rf": 0.7519999742507935, "p_xgb": 0.985618531703949, "date": "2026-03-24"}}, {"type": "Feature", "geometry": {"type": "Point", "coordinates": [-82.81666666835503, 35.633333333905]}, "properties": {"p_logistic": 0.40708085894584656, "p_rf": 0.7319999933242798, "p_xgb": 0.9879270195960999, "date": "2026-03-24"}}, {"type": "Feature", "geometry": {"type": "Point", "coordinates": [-82.80833333502201, 35.633333333905]}, "properties": {"p_logistic": 0.4083011746406555, "p_rf": 0.699999988079071, "p_xgb": 0.9876385927200317, "date": "2026-03-24"}}, {"type": "Feature", "geometry": {"type": "Point", "coordinates": [-82.80000000168901, 35.633333333905]}, "properties": {"p_logistic": 0.40914279222488403, "p_rf": 0.6980000138282776, "p_xgb": 0.98823082447052, "date": "2026-03-24"}}, {"type": "Feature", "geometry": {"type": "Point", "coordinates": [-82.79166666835602, 35.633333333905]}, "properties": {"p_logistic": 0.40923991799354553, "p_rf": 0.7059999704360962, "p_xgb": 0.98823082447052, "date": "2026-03-24"}}, {"type": "Feature", "geometry": {"type": "Point", "coordinates": [-82.78333333502302, 35.633333333905]}, "properties": {"p_logistic": 0.4091455042362213, "p_rf": 0.722000002861023, "p_xgb": 0.98823082447052, "date": "2026-03-24"}}, {"type": "Feature", "geometry": {"type": "Point", "coordinates": [-82.77500000169002, 35.633333333905]}, "properties": {"p_logistic": 0.40925315022468567, "p_rf": 0.7599999904632568, "p_xgb": 0.9919187426567078, "date": "2026-03-24"}}, {"type": "Feature", "geometry": {"type": "Point", "coordinates": [-82.76666666835702, 35.633333333905]}, "properties": {"p_logistic": 0.4099166691303253, "p_rf": 0.7960000038146973, "p_xgb": 0.993111252784729, "date": "2026-03-24"}}, {"type": "Feature", "geometry": {"type": "Point", "coordinates": [-82.75833333502402, 35.633333333905]}, "properties": {"p_logistic": 0.4105406403541565, "p_rf": 0.7940000295639038, "p_xgb": 0.9961434006690979, "date": "2026-03-24"}}, {"type": "Feature", "geometry": {"type": "Point", "coordinates": [-82.75000000169102, 35.633333333905]}, "properties": {"p_logistic": 0.4111679494380951, "p_rf": 0.7879999876022339, "p_xgb": 0.9962932467460632, "date": "2026-03-24"}}, {"type": "Feature", "geometry": {"type": "Point", "coordinates": [-82.74166666835802, 35.633333333905]}, "properties": {"p_logistic": 0.41169822216033936, "p_rf": 0.7200000286102295, "p_xgb": 0.9956491589546204, "date": "2026-03-24"}}, {"type": "Feature", "geometry": {"type": "Point", "coordinates": [-82.73333333502501, 35.633333333905]}, "properties": {"p_logistic": 0.412737637758255, "p_rf": 0.7039999961853027, "p_xgb": 0.9956491589546204, "date": "2026-03-24"}}, {"type": "Feature", "geometry": {"type": "Point", "coordinates": [-82.72500000169202, 35.633333333905]}, "properties": {"p_logistic": 0.416623055934906, "p_rf": 0.6919999718666077, "p_xgb": 0.9951645135879517, "date": "2026-03-24"}}, {"type": "Feature", "geometry": {"type": "Point", "coordinates": [-82.71666666835901, 35.633333333905]}, "properties": {"p_logistic": 0.4204990267753601, "p_rf": 0.6899999976158142, "p_xgb": 0.9949693083763123, "date": "2026-03-24"}}, {"type": "Feature", "geometry": {"type": "Point", "coordinates": [-82.70833333502603, 35.633333333905]}, "properties": {"p_logistic": 0.42430567741394043, "p_rf": 0.6740000247955322, "p_xgb": 0.9908369779586792, "date": "2026-03-24"}}, {"type": "Feature", "geometry": {"type": "Point", "coordinates": [-82.70000000169301, 35.633333333905]}, "properties": {"p_logistic": 0.42715296149253845, "p_rf": 0.6880000233650208, "p_xgb": 0.986080527305603, "date": "2026-03-24"}}, {"type": "Feature", "geometry": {"type": "Point", "coordinates": [-82.69166666836001, 35.633333333905]}, "properties": {"p_logistic": 0.4299730658531189, "p_rf": 0.699999988079071, "p_xgb": 0.9870918989181519, "date": "2026-03-24"}}, {"type": "Feature", "geometry": {"type": "Point", "coordinates": [-82.68333333502702, 35.633333333905]}, "properties": {"p_logistic": 0.43202799558639526, "p_rf": 0.6880000233650208, "p_xgb": 0.9855687022209167, "date": "2026-03-24"}}, {"type": "Feature", "geometry": {"type": "Point", "coordinates": [-82.67500000169402, 35.633333333905]}, "properties": {"p_logistic": 0.43188199400901794, "p_rf": 0.6700000166893005, "p_xgb": 0.9844398498535156, "date": "2026-03-24"}}, {"type": "Feature", "geometry": {"type": "Point", "coordinates": [-82.66666666836102, 35.633333333905]}, "properties": {"p_logistic": 0.43027207255363464, "p_rf": 0.6620000004768372, "p_xgb": 0.9859042763710022, "date": "2026-03-24"}}, {"type": "Feature", "geometry": {"type": "Point", "coordinates": [-82.65833333502802, 35.633333333905]}, "properties": {"p_logistic": 0.4264686107635498, "p_rf": 0.656000018119812, "p_xgb": 0.9853817224502563, "date": "2026-03-24"}}, {"type": "Feature", "geometry": {"type": "Point", "coordinates": [-82.65000000169502, 35.633333333905]}, "properties": {"p_logistic": 0.4234817624092102, "p_rf": 0.6679999828338623, "p_xgb": 0.9856758117675781, "date": "2026-03-24"}}, {"type": "Feature", "geometry": {"type": "Point", "coordinates": [-82.64166666836202, 35.633333333905]}, "properties": {"p_logistic": 0.42154377698898315, "p_rf": 0.6779999732971191, "p_xgb": 0.9910222291946411, "date": "2026-03-24"}}, {"type": "Feature", "geometry": {"type": "Point", "coordinates": [-82.63333333502902, 35.633333333905]}, "properties": {"p_logistic": 0.42110636830329895, "p_rf": 0.7020000219345093, "p_xgb": 0.9949518442153931, "date": "2026-03-24"}}, {"type": "Feature", "geometry": {"type": "Point", "coordinates": [-82.62500000169601, 35.633333333905]}, "properties": {"p_logistic": 0.42273563146591187, "p_rf": 0.7120000123977661, "p_xgb": 0.9955012202262878, "date": "2026-03-24"}}, {"type": "Feature", "geometry": {"type": "Point", "coordinates": [-82.61666666836302, 35.633333333905]}, "properties": {"p_logistic": 0.42503613233566284, "p_rf": 0.6959999799728394, "p_xgb": 0.9908589720726013, "date": "2026-03-24"}}, {"type": "Feature", "geometry": {"type": "Point", "coordinates": [-82.60833333503001, 35.633333333905]}, "properties": {"p_logistic": 0.42804044485092163, "p_rf": 0.6959999799728394, "p_xgb": 0.9908589720726013, "date": "2026-03-24"}}, {"type": "Feature", "geometry": {"type": "Point", "coordinates": [-82.60000000169703, 35.633333333905]}, "properties": {"p_logistic": 0.43088382482528687, "p_rf": 0.6819999814033508, "p_xgb": 0.9744511842727661, "date": "2026-03-24"}}, {"type": "Feature", "geometry": {"type": "Point", "coordinates": [-82.59166666836401, 35.633333333905]}, "properties": {"p_logistic": 0.4325507879257202, "p_rf": 0.6940000057220459, "p_xgb": 0.975961446762085, "date": "2026-03-24"}}, {"type": "Feature", "geometry": {"type": "Point", "coordinates": [-82.58333333503101, 35.633333333905]}, "properties": {"p_logistic": 0.4336371421813965, "p_rf": 0.7179999947547913, "p_xgb": 0.9924477338790894, "date": "2026-03-24"}}, {"type": "Feature", "geometry": {"type": "Point", "coordinates": [-82.57500000169802, 35.633333333905]}, "properties": {"p_logistic": 0.43445393443107605, "p_rf": 0.734000027179718, "p_xgb": 0.9924477338790894, "date": "2026-03-24"}}, {"type": "Feature", "geometry": {"type": "Point", "coordinates": [-82.56666666836502, 35.633333333905]}, "properties": {"p_logistic": 0.43393048644065857, "p_rf": 0.7580000162124634, "p_xgb": 0.9921404719352722, "date": "2026-03-24"}}, {"type": "Feature", "geometry": {"type": "Point", "coordinates": [-82.55833333503202, 35.633333333905]}, "properties": {"p_logistic": 0.43117818236351013, "p_rf": 0.7260000109672546, "p_xgb": 0.9919646978378296, "date": "2026-03-24"}}, {"type": "Feature", "geometry": {"type": "Point", "coordinates": [-82.55000000169902, 35.633333333905]}, "properties": {"p_logistic": 0.42882630228996277, "p_rf": 0.7200000286102295, "p_xgb": 0.9710057377815247, "date": "2026-03-24"}}, {"type": "Feature", "geometry": {"type": "Point", "coordinates": [-82.54166666836602, 35.633333333905]}, "properties": {"p_logistic": 0.4292583465576172, "p_rf": 0.7059999704360962, "p_xgb": 0.9908589720726013, "date": "2026-03-24"}}, {"type": "Feature", "geometry": {"type": "Point", "coordinates": [-82.53333333503302, 35.633333333905]}, "properties": {"p_logistic": 0.4282418489456177, "p_rf": 0.6959999799728394, "p_xgb": 0.9908589720726013, "date": "2026-03-24"}}, {"type": "Feature", "geometry": {"type": "Point", "coordinates": [-82.52500000170002, 35.633333333905]}, "properties": {"p_logistic": 0.42755505442619324, "p_rf": 0.6779999732971191, "p_xgb": 0.9908589720726013, "date": "2026-03-24"}}, {"type": "Feature", "geometry": {"type": "Point", "coordinates": [-82.51666666836701, 35.633333333905]}, "properties": {"p_logistic": 0.42785048484802246, "p_rf": 0.6880000233650208, "p_xgb": 0.9959139227867126, "date": "2026-03-24"}}, {"type": "Feature", "geometry": {"type": "Point", "coordinates": [-82.50833333503402, 35.633333333905]}, "properties": {"p_logistic": 0.4291554391384125, "p_rf": 0.7200000286102295, "p_xgb": 0.9959139227867126, "date": "2026-03-24"}}, {"type": "Feature", "geometry": {"type": "Point", "coordinates": [-82.50000000170101, 35.633333333905]}, "properties": {"p_logistic": 0.42973455786705017, "p_rf": 0.7239999771118164, "p_xgb": 0.9922518134117126, "date": "2026-03-24"}}, {"type": "Feature", "geometry": {"type": "Point", "coordinates": [-82.49166666836803, 35.633333333905]}, "properties": {"p_logistic": 0.4296988248825073, "p_rf": 0.7239999771118164, "p_xgb": 0.9922518134117126, "date": "2026-03-24"}}, {"type": "Feature", "geometry": {"type": "Point", "coordinates": [-82.48333333503501, 35.633333333905]}, "properties": {"p_logistic": 0.429228276014328, "p_rf": 0.7200000286102295, "p_xgb": 0.9959139227867126, "date": "2026-03-24"}}, {"type": "Feature", "geometry": {"type": "Point", "coordinates": [-82.47500000170201, 35.633333333905]}, "properties": {"p_logistic": 0.4291003346443176, "p_rf": 0.7239999771118164, "p_xgb": 0.9959139227867126, "date": "2026-03-24"}}, {"type": "Feature", "geometry": {"type": "Point", "coordinates": [-82.46666666836902, 35.633333333905]}, "properties": {"p_logistic": 0.4299553632736206, "p_rf": 0.7260000109672546, "p_xgb": 0.9959139227867126, "date": "2026-03-24"}}, {"type": "Feature", "geometry": {"type": "Point", "coordinates": [-82.45833333503602, 35.633333333905]}, "properties": {"p_logistic": 0.43157699704170227, "p_rf": 0.7239999771118164, "p_xgb": 0.9957488179206848, "date": "2026-03-24"}}, {"type": "Feature", "geometry": {"type": "Point", "coordinates": [-82.45000000170302, 35.633333333905]}, "properties": {"p_logistic": 0.4338225722312927, "p_rf": 0.7319999933242798, "p_xgb": 0.9924335479736328, "date": "2026-03-24"}}, {"type": "Feature", "geometry": {"type": "Point", "coordinates": [-82.44166666837002, 35.633333333905]}, "properties": {"p_logistic": 0.4363262355327606, "p_rf": 0.7620000243186951, "p_xgb": 0.9925445318222046, "date": "2026-03-24"}}, {"type": "Feature", "geometry": {"type": "Point", "coordinates": [-82.43333333503702, 35.633333333905]}, "properties": {"p_logistic": 0.43761172890663147, "p_rf": 0.7760000228881836, "p_xgb": 0.9929929971694946, "date": "2026-03-24"}}, {"type": "Feature", "geometry": {"type": "Point", "coordinates": [-82.42500000170402, 35.633333333905]}, "properties": {"p_logistic": 0.43752261996269226, "p_rf": 0.8080000281333923, "p_xgb": 0.9927667379379272, "date": "2026-03-24"}}, {"type": "Feature", "geometry": {"type": "Point", "coordinates": [-82.41666666837102, 35.633333333905]}, "properties": {"p_logistic": 0.4366782009601593, "p_rf": 0.8199999928474426, "p_xgb": 0.9960057139396667, "date": "2026-03-24"}}, {"type": "Feature", "geometry": {"type": "Point", "coordinates": [-82.40833333503801, 35.633333333905]}, "properties": {"p_logistic": 0.4341334402561188, "p_rf": 0.7919999957084656, "p_xgb": 0.9960300326347351, "date": "2026-03-24"}}, {"type": "Feature", "geometry": {"type": "Point", "coordinates": [-82.40000000170502, 35.633333333905]}, "properties": {"p_logistic": 0.4311772882938385, "p_rf": 0.7799999713897705, "p_xgb": 0.99595046043396, "date": "2026-03-24"}}, {"type": "Feature", "geometry": {"type": "Point", "coordinates": [-82.39166666837201, 35.633333333905]}, "properties": {"p_logistic": 0.42852726578712463, "p_rf": 0.7419999837875366, "p_xgb": 0.9954938888549805, "date": "2026-03-24"}}, {"type": "Feature", "geometry": {"type": "Point", "coordinates": [-82.38333333503903, 35.633333333905]}, "properties": {"p_logistic": 0.4261302649974823, "p_rf": 0.7200000286102295, "p_xgb": 0.9917889833450317, "date": "2026-03-24"}}, {"type": "Feature", "geometry": {"type": "Point", "coordinates": [-82.37500000170601, 35.633333333905]}, "properties": {"p_logistic": 0.42501550912857056, "p_rf": 0.7440000176429749, "p_xgb": 0.9898730516433716, "date": "2026-03-24"}}, {"type": "Feature", "geometry": {"type": "Point", "coordinates": [-82.36666666837301, 35.633333333905]}, "properties": {"p_logistic": 0.42507171630859375, "p_rf": 0.7680000066757202, "p_xgb": 0.9843621253967285, "date": "2026-03-24"}}, {"type": "Feature", "geometry": {"type": "Point", "coordinates": [-82.35833333504002, 35.633333333905]}, "properties": {"p_logistic": 0.42688268423080444, "p_rf": 0.7739999890327454, "p_xgb": 0.9843621253967285, "date": "2026-03-24"}}, {"type": "Feature", "geometry": {"type": "Point", "coordinates": [-82.35000000170702, 35.633333333905]}, "properties": {"p_logistic": 0.42913421988487244, "p_rf": 0.7580000162124634, "p_xgb": 0.9862399697303772, "date": "2026-03-24"}}, {"type": "Feature", "geometry": {"type": "Point", "coordinates": [-82.34166666837402, 35.633333333905]}, "properties": {"p_logistic": 0.43077871203422546, "p_rf": 0.7580000162124634, "p_xgb": 0.9862399697303772, "date": "2026-03-24"}}, {"type": "Feature", "geometry": {"type": "Point", "coordinates": [-82.33333333504102, 35.633333333905]}, "properties": {"p_logistic": 0.43224260210990906, "p_rf": 0.75, "p_xgb": 0.9862399697303772, "date": "2026-03-24"}}, {"type": "Feature", "geometry": {"type": "Point", "coordinates": [-82.32500000170802, 35.633333333905]}, "properties": {"p_logistic": 0.4330924153327942, "p_rf": 0.7580000162124634, "p_xgb": 0.9862399697303772, "date": "2026-03-24"}}, {"type": "Feature", "geometry": {"type": "Point", "coordinates": [-82.31666666837502, 35.633333333905]}, "properties": {"p_logistic": 0.4338725507259369, "p_rf": 0.7580000162124634, "p_xgb": 0.9862399697303772, "date": "2026-03-24"}}, {"type": "Feature", "geometry": {"type": "Point", "coordinates": [-82.30833333504202, 35.633333333905]}, "properties": {"p_logistic": 0.43481534719467163, "p_rf": 0.7440000176429749, "p_xgb": 0.9862399697303772, "date": "2026-03-24"}}, {"type": "Feature", "geometry": {"type": "Point", "coordinates": [-82.30000000170901, 35.633333333905]}, "properties": {"p_logistic": 0.43551212549209595, "p_rf": 0.7419999837875366, "p_xgb": 0.9862399697303772, "date": "2026-03-24"}}, {"type": "Feature", "geometry": {"type": "Point", "coordinates": [-82.29166666837602, 35.633333333905]}, "properties": {"p_logistic": 0.43624627590179443, "p_rf": 0.7319999933242798, "p_xgb": 0.9862399697303772, "date": "2026-03-24"}}, {"type": "Feature", "geometry": {"type": "Point", "coordinates": [-82.28333333504301, 35.633333333905]}, "properties": {"p_logistic": 0.43732964992523193, "p_rf": 0.7200000286102295, "p_xgb": 0.9857344627380371, "date": "2026-03-24"}}, {"type": "Feature", "geometry": {"type": "Point", "coordinates": [-82.27500000171003, 35.633333333905]}, "properties": {"p_logistic": 0.43971604108810425, "p_rf": 0.7239999771118164, "p_xgb": 0.9857344627380371, "date": "2026-03-24"}}, {"type": "Feature", "geometry": {"type": "Point", "coordinates": [-82.85000000168702, 35.625000000572]}, "properties": {"p_logistic": 0.40559661388397217, "p_rf": 0.7519999742507935, "p_xgb": 0.985859215259552, "date": "2026-03-24"}}, {"type": "Feature", "geometry": {"type": "Point", "coordinates": [-82.84166666835401, 35.625000000572]}, "properties": {"p_logistic": 0.40675869584083557, "p_rf": 0.7519999742507935, "p_xgb": 0.9841927886009216, "date": "2026-03-24"}}, {"type": "Feature", "geometry": {"type": "Point", "coordinates": [-82.83333333502102, 35.625000000572]}, "properties": {"p_logistic": 0.4075193703174591, "p_rf": 0.7419999837875366, "p_xgb": 0.9864590167999268, "date": "2026-03-24"}}, {"type": "Feature", "geometry": {"type": "Point", "coordinates": [-82.82500000168801, 35.625000000572]}, "properties": {"p_logistic": 0.408113569021225, "p_rf": 0.7820000052452087, "p_xgb": 0.9875394105911255, "date": "2026-03-24"}}, {"type": "Feature", "geometry": {"type": "Point", "coordinates": [-82.80833333502201, 35.625000000572]}, "properties": {"p_logistic": 0.41002073884010315, "p_rf": 0.7400000095367432, "p_xgb": 0.9879270195960999, "date": "2026-03-24"}}, {"type": "Feature", "geometry": {"type": "Point", "coordinates": [-82.80000000168901, 35.625000000572]}, "properties": {"p_logistic": 0.41067221760749817, "p_rf": 0.7020000219345093, "p_xgb": 0.9876385927200317, "date": "2026-03-24"}}, {"type": "Feature", "geometry": {"type": "Point", "coordinates": [-82.79166666835602, 35.625000000572]}, "properties": {"p_logistic": 0.41132688522338867, "p_rf": 0.7039999961853027, "p_xgb": 0.9876385927200317, "date": "2026-03-24"}}, {"type": "Feature", "geometry": {"type": "Point", "coordinates": [-82.78333333502302, 35.625000000572]}, "properties": {"p_logistic": 0.41066163778305054, "p_rf": 0.7120000123977661, "p_xgb": 0.9922581315040588, "date": "2026-03-24"}}, {"type": "Feature", "geometry": {"type": "Point", "coordinates": [-82.77500000169002, 35.625000000572]}, "properties": {"p_logistic": 0.410446435213089, "p_rf": 0.6899999976158142, "p_xgb": 0.9922581315040588, "date": "2026-03-24"}}, {"type": "Feature", "geometry": {"type": "Point", "coordinates": [-82.76666666835702, 35.625000000572]}, "properties": {"p_logistic": 0.4109414219856262, "p_rf": 0.6800000071525574, "p_xgb": 0.992234468460083, "date": "2026-03-24"}}, {"type": "Feature", "geometry": {"type": "Point", "coordinates": [-82.75833333502402, 35.625000000572]}, "properties": {"p_logistic": 0.41147440671920776, "p_rf": 0.7039999961853027, "p_xgb": 0.9954734444618225, "date": "2026-03-24"}}, {"type": "Feature", "geometry": {"type": "Point", "coordinates": [-82.75000000169102, 35.625000000572]}, "properties": {"p_logistic": 0.41224631667137146, "p_rf": 0.6840000152587891, "p_xgb": 0.9958196878433228, "date": "2026-03-24"}}, {"type": "Feature", "geometry": {"type": "Point", "coordinates": [-82.74166666835802, 35.625000000572]}, "properties": {"p_logistic": 0.41297316551208496, "p_rf": 0.6899999976158142, "p_xgb": 0.995832622051239, "date": "2026-03-24"}}, {"type": "Feature", "geometry": {"type": "Point", "coordinates": [-82.73333333502501, 35.625000000572]}, "properties": {"p_logistic": 0.4144701361656189, "p_rf": 0.7020000219345093, "p_xgb": 0.995333731174469, "date": "2026-03-24"}}, {"type": "Feature", "geometry": {"type": "Point", "coordinates": [-82.72500000169202, 35.625000000572]}, "properties": {"p_logistic": 0.4168180227279663, "p_rf": 0.7200000286102295, "p_xgb": 0.9951645135879517, "date": "2026-03-24"}}, {"type": "Feature", "geometry": {"type": "Point", "coordinates": [-82.71666666835901, 35.625000000572]}, "properties": {"p_logistic": 0.420058012008667, "p_rf": 0.7200000286102295, "p_xgb": 0.9951645135879517, "date": "2026-03-24"}}, {"type": "Feature", "geometry": {"type": "Point", "coordinates": [-82.70833333502603, 35.625000000572]}, "properties": {"p_logistic": 0.4228326976299286, "p_rf": 0.6899999976158142, "p_xgb": 0.9908369779586792, "date": "2026-03-24"}}, {"type": "Feature", "geometry": {"type": "Point", "coordinates": [-82.70000000169301, 35.625000000572]}, "properties": {"p_logistic": 0.4249899983406067, "p_rf": 0.6819999814033508, "p_xgb": 0.9908369779586792, "date": "2026-03-24"}}, {"type": "Feature", "geometry": {"type": "Point", "coordinates": [-82.69166666836001, 35.625000000572]}, "properties": {"p_logistic": 0.42673587799072266, "p_rf": 0.6579999923706055, "p_xgb": 0.9853817224502563, "date": "2026-03-24"}}, {"type": "Feature", "geometry": {"type": "Point", "coordinates": [-82.68333333502702, 35.625000000572]}, "properties": {"p_logistic": 0.4288625419139862, "p_rf": 0.6579999923706055, "p_xgb": 0.9853817224502563, "date": "2026-03-24"}}, {"type": "Feature", "geometry": {"type": "Point", "coordinates": [-82.67500000169402, 35.625000000572]}, "properties": {"p_logistic": 0.4292858839035034, "p_rf": 0.656000018119812, "p_xgb": 0.9853817224502563, "date": "2026-03-24"}}, {"type": "Feature", "geometry": {"type": "Point", "coordinates": [-82.66666666836102, 35.625000000572]}, "properties": {"p_logistic": 0.4283794164657593, "p_rf": 0.6700000166893005, "p_xgb": 0.9853817224502563, "date": "2026-03-24"}}, {"type": "Feature", "geometry": {"type": "Point", "coordinates": [-82.65833333502802, 35.625000000572]}, "properties": {"p_logistic": 0.42568495869636536, "p_rf": 0.6679999828338623, "p_xgb": 0.9853817224502563, "date": "2026-03-24"}}, {"type": "Feature", "geometry": {"type": "Point", "coordinates": [-82.65000000169502, 35.625000000572]}, "properties": {"p_logistic": 0.42324256896972656, "p_rf": 0.6899999976158142, "p_xgb": 0.9897910952568054, "date": "2026-03-24"}}, {"type": "Feature", "geometry": {"type": "Point", "coordinates": [-82.64166666836202, 35.625000000572]}, "properties": {"p_logistic": 0.4214722812175751, "p_rf": 0.7160000205039978, "p_xgb": 0.9949693083763123, "date": "2026-03-24"}}, {"type": "Feature", "geometry": {"type": "Point", "coordinates": [-82.63333333502902, 35.625000000572]}, "properties": {"p_logistic": 0.42212873697280884, "p_rf": 0.7200000286102295, "p_xgb": 0.9951645135879517, "date": "2026-03-24"}}, {"type": "Feature", "geometry": {"type": "Point", "coordinates": [-82.62500000169601, 35.625000000572]}, "properties": {"p_logistic": 0.42367783188819885, "p_rf": 0.6940000057220459, "p_xgb": 0.9956908822059631, "date": "2026-03-24"}}, {"type": "Feature", "geometry": {"type": "Point", "coordinates": [-82.61666666836302, 35.625000000572]}, "properties": {"p_logistic": 0.42535144090652466, "p_rf": 0.671999990940094, "p_xgb": 0.9912068247795105, "date": "2026-03-24"}}, {"type": "Feature", "geometry": {"type": "Point", "coordinates": [-82.60833333503001, 35.625000000572]}, "properties": {"p_logistic": 0.4284678101539612, "p_rf": 0.6660000085830688, "p_xgb": 0.9710057377815247, "date": "2026-03-24"}}, {"type": "Feature", "geometry": {"type": "Point", "coordinates": [-82.60000000169703, 35.625000000572]}, "properties": {"p_logistic": 0.4320622384548187, "p_rf": 0.656000018119812, "p_xgb": 0.973783552646637, "date": "2026-03-24"}}, {"type": "Feature", "geometry": {"type": "Point", "coordinates": [-82.59166666836401, 35.625000000572]}, "properties": {"p_logistic": 0.4346330463886261, "p_rf": 0.6679999828338623, "p_xgb": 0.984351634979248, "date": "2026-03-24"}}, {"type": "Feature", "geometry": {"type": "Point", "coordinates": [-82.58333333503101, 35.625000000572]}, "properties": {"p_logistic": 0.435982882976532, "p_rf": 0.7200000286102295, "p_xgb": 0.9858011603355408, "date": "2026-03-24"}}, {"type": "Feature", "geometry": {"type": "Point", "coordinates": [-82.57500000169802, 35.625000000572]}, "properties": {"p_logistic": 0.43706268072128296, "p_rf": 0.7599999904632568, "p_xgb": 0.9963076114654541, "date": "2026-03-24"}}, {"type": "Feature", "geometry": {"type": "Point", "coordinates": [-82.56666666836502, 35.625000000572]}, "properties": {"p_logistic": 0.436379998922348, "p_rf": 0.7639999985694885, "p_xgb": 0.9935106635093689, "date": "2026-03-24"}}, {"type": "Feature", "geometry": {"type": "Point", "coordinates": [-82.55833333503202, 35.625000000572]}, "properties": {"p_logistic": 0.432468980550766, "p_rf": 0.7519999742507935, "p_xgb": 0.9935106635093689, "date": "2026-03-24"}}, {"type": "Feature", "geometry": {"type": "Point", "coordinates": [-82.55000000169902, 35.625000000572]}, "properties": {"p_logistic": 0.4286646246910095, "p_rf": 0.7099999785423279, "p_xgb": 0.9710057377815247, "date": "2026-03-24"}}, {"type": "Feature", "geometry": {"type": "Point", "coordinates": [-82.54166666836602, 35.625000000572]}, "properties": {"p_logistic": 0.4288237988948822, "p_rf": 0.7260000109672546, "p_xgb": 0.9908589720726013, "date": "2026-03-24"}}, {"type": "Feature", "geometry": {"type": "Point", "coordinates": [-82.53333333503302, 35.625000000572]}, "properties": {"p_logistic": 0.42870989441871643, "p_rf": 0.6959999799728394, "p_xgb": 0.9908589720726013, "date": "2026-03-24"}}, {"type": "Feature", "geometry": {"type": "Point", "coordinates": [-82.52500000170002, 35.625000000572]}, "properties": {"p_logistic": 0.42811140418052673, "p_rf": 0.6800000071525574, "p_xgb": 0.9908589720726013, "date": "2026-03-24"}}, {"type": "Feature", "geometry": {"type": "Point", "coordinates": [-82.51666666836701, 35.625000000572]}, "properties": {"p_logistic": 0.42946216464042664, "p_rf": 0.6940000057220459, "p_xgb": 0.9959139227867126, "date": "2026-03-24"}}, {"type": "Feature", "geometry": {"type": "Point", "coordinates": [-82.50833333503402, 35.625000000572]}, "properties": {"p_logistic": 0.43048322200775146, "p_rf": 0.7200000286102295, "p_xgb": 0.9959139227867126, "date": "2026-03-24"}}, {"type": "Feature", "geometry": {"type": "Point", "coordinates": [-82.50000000170101, 35.625000000572]}, "properties": {"p_logistic": 0.43079444766044617, "p_rf": 0.7200000286102295, "p_xgb": 0.9959139227867126, "date": "2026-03-24"}}, {"type": "Feature", "geometry": {"type": "Point", "coordinates": [-82.49166666836803, 35.625000000572]}, "properties": {"p_logistic": 0.4304184317588806, "p_rf": 0.7200000286102295, "p_xgb": 0.9959139227867126, "date": "2026-03-24"}}, {"type": "Feature", "geometry": {"type": "Point", "coordinates": [-82.48333333503501, 35.625000000572]}, "properties": {"p_logistic": 0.43000149726867676, "p_rf": 0.699999988079071, "p_xgb": 0.9959139227867126, "date": "2026-03-24"}}, {"type": "Feature", "geometry": {"type": "Point", "coordinates": [-82.47500000170201, 35.625000000572]}, "properties": {"p_logistic": 0.42962461709976196, "p_rf": 0.6740000247955322, "p_xgb": 0.991242527961731, "date": "2026-03-24"}}, {"type": "Feature", "geometry": {"type": "Point", "coordinates": [-82.46666666836902, 35.625000000572]}, "properties": {"p_logistic": 0.43044573068618774, "p_rf": 0.6940000057220459, "p_xgb": 0.9959139227867126, "date": "2026-03-24"}}, {"type": "Feature", "geometry": {"type": "Point", "coordinates": [-82.45833333503602, 35.625000000572]}, "properties": {"p_logistic": 0.4325384497642517, "p_rf": 0.7200000286102295, "p_xgb": 0.9959471821784973, "date": "2026-03-24"}}, {"type": "Feature", "geometry": {"type": "Point", "coordinates": [-82.45000000170302, 35.625000000572]}, "properties": {"p_logistic": 0.4346546530723572, "p_rf": 0.7239999771118164, "p_xgb": 0.9961916208267212, "date": "2026-03-24"}}, {"type": "Feature", "geometry": {"type": "Point", "coordinates": [-82.44166666837002, 35.625000000572]}, "properties": {"p_logistic": 0.43852463364601135, "p_rf": 0.7639999985694885, "p_xgb": 0.9970579147338867, "date": "2026-03-24"}}, {"type": "Feature", "geometry": {"type": "Point", "coordinates": [-82.43333333503702, 35.625000000572]}, "properties": {"p_logistic": 0.4402061998844147, "p_rf": 0.7720000147819519, "p_xgb": 0.9973336458206177, "date": "2026-03-24"}}, {"type": "Feature", "geometry": {"type": "Point", "coordinates": [-82.42500000170402, 35.625000000572]}, "properties": {"p_logistic": 0.4401187300682068, "p_rf": 0.8019999861717224, "p_xgb": 0.997247040271759, "date": "2026-03-24"}}, {"type": "Feature", "geometry": {"type": "Point", "coordinates": [-82.41666666837102, 35.625000000572]}, "properties": {"p_logistic": 0.4385747015476227, "p_rf": 0.8299999833106995, "p_xgb": 0.9969624876976013, "date": "2026-03-24"}}, {"type": "Feature", "geometry": {"type": "Point", "coordinates": [-82.40833333503801, 35.625000000572]}, "properties": {"p_logistic": 0.4358194172382355, "p_rf": 0.7919999957084656, "p_xgb": 0.9962695837020874, "date": "2026-03-24"}}, {"type": "Feature", "geometry": {"type": "Point", "coordinates": [-82.40000000170502, 35.625000000572]}, "properties": {"p_logistic": 0.43234288692474365, "p_rf": 0.7940000295639038, "p_xgb": 0.99595046043396, "date": "2026-03-24"}}, {"type": "Feature", "geometry": {"type": "Point", "coordinates": [-82.39166666837201, 35.625000000572]}, "properties": {"p_logistic": 0.42993178963661194, "p_rf": 0.7739999890327454, "p_xgb": 0.9958832263946533, "date": "2026-03-24"}}, {"type": "Feature", "geometry": {"type": "Point", "coordinates": [-82.38333333503903, 35.625000000572]}, "properties": {"p_logistic": 0.4287016987800598, "p_rf": 0.7400000095367432, "p_xgb": 0.995668888092041, "date": "2026-03-24"}}, {"type": "Feature", "geometry": {"type": "Point", "coordinates": [-82.37500000170601, 35.625000000572]}, "properties": {"p_logistic": 0.4280488193035126, "p_rf": 0.7239999771118164, "p_xgb": 0.9917889833450317, "date": "2026-03-24"}}, {"type": "Feature", "geometry": {"type": "Point", "coordinates": [-82.36666666837301, 35.625000000572]}, "properties": {"p_logistic": 0.42821794748306274, "p_rf": 0.7419999837875366, "p_xgb": 0.9914354681968689, "date": "2026-03-24"}}, {"type": "Feature", "geometry": {"type": "Point", "coordinates": [-82.35833333504002, 35.625000000572]}, "properties": {"p_logistic": 0.4292542040348053, "p_rf": 0.7319999933242798, "p_xgb": 0.9857914447784424, "date": "2026-03-24"}}, {"type": "Feature", "geometry": {"type": "Point", "coordinates": [-82.35000000170702, 35.625000000572]}, "properties": {"p_logistic": 0.43110862374305725, "p_rf": 0.7120000123977661, "p_xgb": 0.9857914447784424, "date": "2026-03-24"}}, {"type": "Feature", "geometry": {"type": "Point", "coordinates": [-82.34166666837402, 35.625000000572]}, "properties": {"p_logistic": 0.432282030582428, "p_rf": 0.7160000205039978, "p_xgb": 0.9857914447784424, "date": "2026-03-24"}}, {"type": "Feature", "geometry": {"type": "Point", "coordinates": [-82.33333333504102, 35.625000000572]}, "properties": {"p_logistic": 0.4338191747665405, "p_rf": 0.7139999866485596, "p_xgb": 0.9856998324394226, "date": "2026-03-24"}}, {"type": "Feature", "geometry": {"type": "Point", "coordinates": [-82.32500000170802, 35.625000000572]}, "properties": {"p_logistic": 0.43495216965675354, "p_rf": 0.7200000286102295, "p_xgb": 0.986518919467926, "date": "2026-03-24"}}, {"type": "Feature", "geometry": {"type": "Point", "coordinates": [-82.31666666837502, 35.625000000572]}, "properties": {"p_logistic": 0.43593913316726685, "p_rf": 0.7260000109672546, "p_xgb": 0.986518919467926, "date": "2026-03-24"}}, {"type": "Feature", "geometry": {"type": "Point", "coordinates": [-82.30833333504202, 35.625000000572]}, "properties": {"p_logistic": 0.4367958605289459, "p_rf": 0.7480000257492065, "p_xgb": 0.9862399697303772, "date": "2026-03-24"}}, {"type": "Feature", "geometry": {"type": "Point", "coordinates": [-82.30000000170901, 35.625000000572]}, "properties": {"p_logistic": 0.4371575117111206, "p_rf": 0.7480000257492065, "p_xgb": 0.9862399697303772, "date": "2026-03-24"}}, {"type": "Feature", "geometry": {"type": "Point", "coordinates": [-82.29166666837602, 35.625000000572]}, "properties": {"p_logistic": 0.43726757168769836, "p_rf": 0.7480000257492065, "p_xgb": 0.9862399697303772, "date": "2026-03-24"}}, {"type": "Feature", "geometry": {"type": "Point", "coordinates": [-82.28333333504301, 35.625000000572]}, "properties": {"p_logistic": 0.4380859434604645, "p_rf": 0.734000027179718, "p_xgb": 0.9857344627380371, "date": "2026-03-24"}}, {"type": "Feature", "geometry": {"type": "Point", "coordinates": [-82.27500000171003, 35.625000000572]}, "properties": {"p_logistic": 0.4401507079601288, "p_rf": 0.7400000095367432, "p_xgb": 0.985942542552948, "date": "2026-03-24"}}, {"type": "Feature", "geometry": {"type": "Point", "coordinates": [-82.85000000168702, 35.616666667239]}, "properties": {"p_logistic": 0.4071299433708191, "p_rf": 0.6899999976158142, "p_xgb": 0.9863148927688599, "date": "2026-03-24"}}, {"type": "Feature", "geometry": {"type": "Point", "coordinates": [-82.80833333502201, 35.616666667239]}, "properties": {"p_logistic": 0.41268154978752136, "p_rf": 0.7680000066757202, "p_xgb": 0.9879270195960999, "date": "2026-03-24"}}, {"type": "Feature", "geometry": {"type": "Point", "coordinates": [-82.80000000168901, 35.616666667239]}, "properties": {"p_logistic": 0.41361403465270996, "p_rf": 0.7480000257492065, "p_xgb": 0.9879270195960999, "date": "2026-03-24"}}, {"type": "Feature", "geometry": {"type": "Point", "coordinates": [-82.79166666835602, 35.616666667239]}, "properties": {"p_logistic": 0.4137957990169525, "p_rf": 0.7559999823570251, "p_xgb": 0.9879270195960999, "date": "2026-03-24"}}, {"type": "Feature", "geometry": {"type": "Point", "coordinates": [-82.78333333502302, 35.616666667239]}, "properties": {"p_logistic": 0.4130970239639282, "p_rf": 0.7480000257492065, "p_xgb": 0.9924397468566895, "date": "2026-03-24"}}, {"type": "Feature", "geometry": {"type": "Point", "coordinates": [-82.77500000169002, 35.616666667239]}, "properties": {"p_logistic": 0.4128541946411133, "p_rf": 0.7200000286102295, "p_xgb": 0.9924397468566895, "date": "2026-03-24"}}, {"type": "Feature", "geometry": {"type": "Point", "coordinates": [-82.76666666835702, 35.616666667239]}, "properties": {"p_logistic": 0.41328510642051697, "p_rf": 0.722000002861023, "p_xgb": 0.9956641793251038, "date": "2026-03-24"}}, {"type": "Feature", "geometry": {"type": "Point", "coordinates": [-82.75833333502402, 35.616666667239]}, "properties": {"p_logistic": 0.4137847423553467, "p_rf": 0.7200000286102295, "p_xgb": 0.9956641793251038, "date": "2026-03-24"}}, {"type": "Feature", "geometry": {"type": "Point", "coordinates": [-82.75000000169102, 35.616666667239]}, "properties": {"p_logistic": 0.4144876003265381, "p_rf": 0.7200000286102295, "p_xgb": 0.995832622051239, "date": "2026-03-24"}}, {"type": "Feature", "geometry": {"type": "Point", "coordinates": [-82.74166666835802, 35.616666667239]}, "properties": {"p_logistic": 0.4158966839313507, "p_rf": 0.7279999852180481, "p_xgb": 0.995333731174469, "date": "2026-03-24"}}, {"type": "Feature", "geometry": {"type": "Point", "coordinates": [-82.73333333502501, 35.616666667239]}, "properties": {"p_logistic": 0.4170262813568115, "p_rf": 0.7319999933242798, "p_xgb": 0.9951645135879517, "date": "2026-03-24"}}, {"type": "Feature", "geometry": {"type": "Point", "coordinates": [-82.72500000169202, 35.616666667239]}, "properties": {"p_logistic": 0.4182789921760559, "p_rf": 0.7239999771118164, "p_xgb": 0.9951645135879517, "date": "2026-03-24"}}, {"type": "Feature", "geometry": {"type": "Point", "coordinates": [-82.71666666835901, 35.616666667239]}, "properties": {"p_logistic": 0.4191647469997406, "p_rf": 0.7239999771118164, "p_xgb": 0.9951645135879517, "date": "2026-03-24"}}, {"type": "Feature", "geometry": {"type": "Point", "coordinates": [-82.70833333502603, 35.616666667239]}, "properties": {"p_logistic": 0.4207276403903961, "p_rf": 0.7239999771118164, "p_xgb": 0.9949693083763123, "date": "2026-03-24"}}, {"type": "Feature", "geometry": {"type": "Point", "coordinates": [-82.70000000169301, 35.616666667239]}, "properties": {"p_logistic": 0.42151448130607605, "p_rf": 0.7239999771118164, "p_xgb": 0.9910222291946411, "date": "2026-03-24"}}, {"type": "Feature", "geometry": {"type": "Point", "coordinates": [-82.69166666836001, 35.616666667239]}, "properties": {"p_logistic": 0.4226748049259186, "p_rf": 0.7080000042915344, "p_xgb": 0.9856758117675781, "date": "2026-03-24"}}, {"type": "Feature", "geometry": {"type": "Point", "coordinates": [-82.68333333502702, 35.616666667239]}, "properties": {"p_logistic": 0.42310237884521484, "p_rf": 0.6800000071525574, "p_xgb": 0.9856758117675781, "date": "2026-03-24"}}, {"type": "Feature", "geometry": {"type": "Point", "coordinates": [-82.67500000169402, 35.616666667239]}, "properties": {"p_logistic": 0.42419299483299255, "p_rf": 0.671999990940094, "p_xgb": 0.9856758117675781, "date": "2026-03-24"}}, {"type": "Feature", "geometry": {"type": "Point", "coordinates": [-82.66666666836102, 35.616666667239]}, "properties": {"p_logistic": 0.42410245537757874, "p_rf": 0.6779999732971191, "p_xgb": 0.9856758117675781, "date": "2026-03-24"}}, {"type": "Feature", "geometry": {"type": "Point", "coordinates": [-82.65833333502802, 35.616666667239]}, "properties": {"p_logistic": 0.42279186844825745, "p_rf": 0.7020000219345093, "p_xgb": 0.9856758117675781, "date": "2026-03-24"}}, {"type": "Feature", "geometry": {"type": "Point", "coordinates": [-82.65000000169502, 35.616666667239]}, "properties": {"p_logistic": 0.4211553931236267, "p_rf": 0.7200000286102295, "p_xgb": 0.9910222291946411, "date": "2026-03-24"}}, {"type": "Feature", "geometry": {"type": "Point", "coordinates": [-82.64166666836202, 35.616666667239]}, "properties": {"p_logistic": 0.4238353371620178, "p_rf": 0.7459999918937683, "p_xgb": 0.9910515546798706, "date": "2026-03-24"}}, {"type": "Feature", "geometry": {"type": "Point", "coordinates": [-82.63333333502902, 35.616666667239]}, "properties": {"p_logistic": 0.4252888858318329, "p_rf": 0.7459999918937683, "p_xgb": 0.9910515546798706, "date": "2026-03-24"}}, {"type": "Feature", "geometry": {"type": "Point", "coordinates": [-82.62500000169601, 35.616666667239]}, "properties": {"p_logistic": 0.42691418528556824, "p_rf": 0.7179999947547913, "p_xgb": 0.9924335479736328, "date": "2026-03-24"}}, {"type": "Feature", "geometry": {"type": "Point", "coordinates": [-82.61666666836302, 35.616666667239]}, "properties": {"p_logistic": 0.4285489022731781, "p_rf": 0.7200000286102295, "p_xgb": 0.9959139227867126, "date": "2026-03-24"}}, {"type": "Feature", "geometry": {"type": "Point", "coordinates": [-82.60833333503001, 35.616666667239]}, "properties": {"p_logistic": 0.4290514588356018, "p_rf": 0.6359999775886536, "p_xgb": 0.9721155762672424, "date": "2026-03-24"}}, {"type": "Feature", "geometry": {"type": "Point", "coordinates": [-82.60000000169703, 35.616666667239]}, "properties": {"p_logistic": 0.4305538237094879, "p_rf": 0.6700000166893005, "p_xgb": 0.973102867603302, "date": "2026-03-24"}}, {"type": "Feature", "geometry": {"type": "Point", "coordinates": [-82.59166666836401, 35.616666667239]}, "properties": {"p_logistic": 0.43262654542922974, "p_rf": 0.6679999828338623, "p_xgb": 0.973102867603302, "date": "2026-03-24"}}, {"type": "Feature", "geometry": {"type": "Point", "coordinates": [-82.58333333503101, 35.616666667239]}, "properties": {"p_logistic": 0.43470266461372375, "p_rf": 0.6700000166893005, "p_xgb": 0.984500527381897, "date": "2026-03-24"}}, {"type": "Feature", "geometry": {"type": "Point", "coordinates": [-82.57500000169802, 35.616666667239]}, "properties": {"p_logistic": 0.43569183349609375, "p_rf": 0.7120000123977661, "p_xgb": 0.9852275848388672, "date": "2026-03-24"}}, {"type": "Feature", "geometry": {"type": "Point", "coordinates": [-82.56666666836502, 35.616666667239]}, "properties": {"p_logistic": 0.4357604384422302, "p_rf": 0.7519999742507935, "p_xgb": 0.9865385293960571, "date": "2026-03-24"}}, {"type": "Feature", "geometry": {"type": "Point", "coordinates": [-82.55833333503202, 35.616666667239]}, "properties": {"p_logistic": 0.43218573927879333, "p_rf": 0.7360000014305115, "p_xgb": 0.9759830236434937, "date": "2026-03-24"}}, {"type": "Feature", "geometry": {"type": "Point", "coordinates": [-82.55000000169902, 35.616666667239]}, "properties": {"p_logistic": 0.4285985231399536, "p_rf": 0.6980000138282776, "p_xgb": 0.9683935046195984, "date": "2026-03-24"}}, {"type": "Feature", "geometry": {"type": "Point", "coordinates": [-82.54166666836602, 35.616666667239]}, "properties": {"p_logistic": 0.4283705949783325, "p_rf": 0.6819999814033508, "p_xgb": 0.9710057377815247, "date": "2026-03-24"}}, {"type": "Feature", "geometry": {"type": "Point", "coordinates": [-82.53333333503302, 35.616666667239]}, "properties": {"p_logistic": 0.42803144454956055, "p_rf": 0.6679999828338623, "p_xgb": 0.9710057377815247, "date": "2026-03-24"}}, {"type": "Feature", "geometry": {"type": "Point", "coordinates": [-82.52500000170002, 35.616666667239]}, "properties": {"p_logistic": 0.4287640452384949, "p_rf": 0.6660000085830688, "p_xgb": 0.9908589720726013, "date": "2026-03-24"}}, {"type": "Feature", "geometry": {"type": "Point", "coordinates": [-82.51666666836701, 35.616666667239]}, "properties": {"p_logistic": 0.43020832538604736, "p_rf": 0.671999990940094, "p_xgb": 0.991242527961731, "date": "2026-03-24"}}, {"type": "Feature", "geometry": {"type": "Point", "coordinates": [-82.50833333503402, 35.616666667239]}, "properties": {"p_logistic": 0.4315473437309265, "p_rf": 0.7200000286102295, "p_xgb": 0.9959139227867126, "date": "2026-03-24"}}, {"type": "Feature", "geometry": {"type": "Point", "coordinates": [-82.50000000170101, 35.616666667239]}, "properties": {"p_logistic": 0.4320327937602997, "p_rf": 0.7200000286102295, "p_xgb": 0.9959139227867126, "date": "2026-03-24"}}, {"type": "Feature", "geometry": {"type": "Point", "coordinates": [-82.49166666836803, 35.616666667239]}, "properties": {"p_logistic": 0.4319618046283722, "p_rf": 0.699999988079071, "p_xgb": 0.9959139227867126, "date": "2026-03-24"}}, {"type": "Feature", "geometry": {"type": "Point", "coordinates": [-82.48333333503501, 35.616666667239]}, "properties": {"p_logistic": 0.4311167299747467, "p_rf": 0.671999990940094, "p_xgb": 0.991242527961731, "date": "2026-03-24"}}, {"type": "Feature", "geometry": {"type": "Point", "coordinates": [-82.47500000170201, 35.616666667239]}, "properties": {"p_logistic": 0.43047836422920227, "p_rf": 0.6700000166893005, "p_xgb": 0.991242527961731, "date": "2026-03-24"}}, {"type": "Feature", "geometry": {"type": "Point", "coordinates": [-82.46666666836902, 35.616666667239]}, "properties": {"p_logistic": 0.4314744472503662, "p_rf": 0.6700000166893005, "p_xgb": 0.9923022985458374, "date": "2026-03-24"}}, {"type": "Feature", "geometry": {"type": "Point", "coordinates": [-82.45833333503602, 35.616666667239]}, "properties": {"p_logistic": 0.4336201548576355, "p_rf": 0.671999990940094, "p_xgb": 0.9927651286125183, "date": "2026-03-24"}}, {"type": "Feature", "geometry": {"type": "Point", "coordinates": [-82.45000000170302, 35.616666667239]}, "properties": {"p_logistic": 0.43607833981513977, "p_rf": 0.7179999947547913, "p_xgb": 0.9961916208267212, "date": "2026-03-24"}}, {"type": "Feature", "geometry": {"type": "Point", "coordinates": [-82.44166666837002, 35.616666667239]}, "properties": {"p_logistic": 0.4391174614429474, "p_rf": 0.7519999742507935, "p_xgb": 0.9973336458206177, "date": "2026-03-24"}}, {"type": "Feature", "geometry": {"type": "Point", "coordinates": [-82.43333333503702, 35.616666667239]}, "properties": {"p_logistic": 0.44098371267318726, "p_rf": 0.7720000147819519, "p_xgb": 0.9980888962745667, "date": "2026-03-24"}}, {"type": "Feature", "geometry": {"type": "Point", "coordinates": [-82.42500000170402, 35.616666667239]}, "properties": {"p_logistic": 0.4407859742641449, "p_rf": 0.8019999861717224, "p_xgb": 0.997247040271759, "date": "2026-03-24"}}, {"type": "Feature", "geometry": {"type": "Point", "coordinates": [-82.41666666837102, 35.616666667239]}, "properties": {"p_logistic": 0.4387456178665161, "p_rf": 0.8299999833106995, "p_xgb": 0.997247040271759, "date": "2026-03-24"}}, {"type": "Feature", "geometry": {"type": "Point", "coordinates": [-82.40833333503801, 35.616666667239]}, "properties": {"p_logistic": 0.4360674023628235, "p_rf": 0.7919999957084656, "p_xgb": 0.9962695837020874, "date": "2026-03-24"}}, {"type": "Feature", "geometry": {"type": "Point", "coordinates": [-82.40000000170502, 35.616666667239]}, "properties": {"p_logistic": 0.4322412610054016, "p_rf": 0.7940000295639038, "p_xgb": 0.99595046043396, "date": "2026-03-24"}}, {"type": "Feature", "geometry": {"type": "Point", "coordinates": [-82.39166666837201, 35.616666667239]}, "properties": {"p_logistic": 0.43057161569595337, "p_rf": 0.7760000228881836, "p_xgb": 0.9958832263946533, "date": "2026-03-24"}}, {"type": "Feature", "geometry": {"type": "Point", "coordinates": [-82.38333333503903, 35.616666667239]}, "properties": {"p_logistic": 0.43002745509147644, "p_rf": 0.7400000095367432, "p_xgb": 0.995668888092041, "date": "2026-03-24"}}, {"type": "Feature", "geometry": {"type": "Point", "coordinates": [-82.37500000170601, 35.616666667239]}, "properties": {"p_logistic": 0.43043994903564453, "p_rf": 0.7200000286102295, "p_xgb": 0.9917889833450317, "date": "2026-03-24"}}, {"type": "Feature", "geometry": {"type": "Point", "coordinates": [-82.36666666837301, 35.616666667239]}, "properties": {"p_logistic": 0.4306812882423401, "p_rf": 0.7179999947547913, "p_xgb": 0.9917889833450317, "date": "2026-03-24"}}, {"type": "Feature", "geometry": {"type": "Point", "coordinates": [-82.35833333504002, 35.616666667239]}, "properties": {"p_logistic": 0.4318009912967682, "p_rf": 0.6919999718666077, "p_xgb": 0.9863747358322144, "date": "2026-03-24"}}, {"type": "Feature", "geometry": {"type": "Point", "coordinates": [-82.35000000170702, 35.616666667239]}, "properties": {"p_logistic": 0.433133065700531, "p_rf": 0.6919999718666077, "p_xgb": 0.9863747358322144, "date": "2026-03-24"}}, {"type": "Feature", "geometry": {"type": "Point", "coordinates": [-82.34166666837402, 35.616666667239]}, "properties": {"p_logistic": 0.4346614181995392, "p_rf": 0.6859999895095825, "p_xgb": 0.9863747358322144, "date": "2026-03-24"}}, {"type": "Feature", "geometry": {"type": "Point", "coordinates": [-82.33333333504102, 35.616666667239]}, "properties": {"p_logistic": 0.4361531138420105, "p_rf": 0.6819999814033508, "p_xgb": 0.9863747358322144, "date": "2026-03-24"}}, {"type": "Feature", "geometry": {"type": "Point", "coordinates": [-82.32500000170802, 35.616666667239]}, "properties": {"p_logistic": 0.4370436370372772, "p_rf": 0.6800000071525574, "p_xgb": 0.9863747358322144, "date": "2026-03-24"}}, {"type": "Feature", "geometry": {"type": "Point", "coordinates": [-82.31666666837502, 35.616666667239]}, "properties": {"p_logistic": 0.4377225339412689, "p_rf": 0.7059999704360962, "p_xgb": 0.9857914447784424, "date": "2026-03-24"}}, {"type": "Feature", "geometry": {"type": "Point", "coordinates": [-82.30833333504202, 35.616666667239]}, "properties": {"p_logistic": 0.43818187713623047, "p_rf": 0.722000002861023, "p_xgb": 0.986518919467926, "date": "2026-03-24"}}, {"type": "Feature", "geometry": {"type": "Point", "coordinates": [-82.30000000170901, 35.616666667239]}, "properties": {"p_logistic": 0.43818044662475586, "p_rf": 0.7459999918937683, "p_xgb": 0.9862399697303772, "date": "2026-03-24"}}, {"type": "Feature", "geometry": {"type": "Point", "coordinates": [-82.29166666837602, 35.616666667239]}, "properties": {"p_logistic": 0.43805932998657227, "p_rf": 0.75, "p_xgb": 0.9862399697303772, "date": "2026-03-24"}}, {"type": "Feature", "geometry": {"type": "Point", "coordinates": [-82.28333333504301, 35.616666667239]}, "properties": {"p_logistic": 0.4380112290382385, "p_rf": 0.7360000014305115, "p_xgb": 0.9857344627380371, "date": "2026-03-24"}}, {"type": "Feature", "geometry": {"type": "Point", "coordinates": [-82.27500000171003, 35.616666667239]}, "properties": {"p_logistic": 0.4412038028240204, "p_rf": 0.734000027179718, "p_xgb": 0.9857344627380371, "date": "2026-03-24"}}, {"type": "Feature", "geometry": {"type": "Point", "coordinates": [-82.26666666837701, 35.616666667239]}, "properties": {"p_logistic": 0.44419363141059875, "p_rf": 0.7960000038146973, "p_xgb": 0.9881541728973389, "date": "2026-03-24"}}, {"type": "Feature", "geometry": {"type": "Point", "coordinates": [-82.80000000168901, 35.608333333906]}, "properties": {"p_logistic": 0.41612035036087036, "p_rf": 0.7900000214576721, "p_xgb": 0.9875394105911255, "date": "2026-03-24"}}, {"type": "Feature", "geometry": {"type": "Point", "coordinates": [-82.79166666835602, 35.608333333906]}, "properties": {"p_logistic": 0.4160228371620178, "p_rf": 0.7820000052452087, "p_xgb": 0.9924397468566895, "date": "2026-03-24"}}, {"type": "Feature", "geometry": {"type": "Point", "coordinates": [-82.78333333502302, 35.608333333906]}, "properties": {"p_logistic": 0.41555333137512207, "p_rf": 0.7680000066757202, "p_xgb": 0.9924397468566895, "date": "2026-03-24"}}, {"type": "Feature", "geometry": {"type": "Point", "coordinates": [-82.77500000169002, 35.608333333906]}, "properties": {"p_logistic": 0.4154480993747711, "p_rf": 0.765999972820282, "p_xgb": 0.9924397468566895, "date": "2026-03-24"}}, {"type": "Feature", "geometry": {"type": "Point", "coordinates": [-82.76666666835702, 35.608333333906]}, "properties": {"p_logistic": 0.4159194827079773, "p_rf": 0.7200000286102295, "p_xgb": 0.9952594637870789, "date": "2026-03-24"}}, {"type": "Feature", "geometry": {"type": "Point", "coordinates": [-82.75833333502402, 35.608333333906]}, "properties": {"p_logistic": 0.4164426028728485, "p_rf": 0.7239999771118164, "p_xgb": 0.9951452612876892, "date": "2026-03-24"}}, {"type": "Feature", "geometry": {"type": "Point", "coordinates": [-82.75000000169102, 35.608333333906]}, "properties": {"p_logistic": 0.41747432947158813, "p_rf": 0.7239999771118164, "p_xgb": 0.9951645135879517, "date": "2026-03-24"}}, {"type": "Feature", "geometry": {"type": "Point", "coordinates": [-82.74166666835802, 35.608333333906]}, "properties": {"p_logistic": 0.41842788457870483, "p_rf": 0.7360000014305115, "p_xgb": 0.9952782392501831, "date": "2026-03-24"}}, {"type": "Feature", "geometry": {"type": "Point", "coordinates": [-82.73333333502501, 35.608333333906]}, "properties": {"p_logistic": 0.41955438256263733, "p_rf": 0.7519999742507935, "p_xgb": 0.9952782392501831, "date": "2026-03-24"}}, {"type": "Feature", "geometry": {"type": "Point", "coordinates": [-82.72500000169202, 35.608333333906]}, "properties": {"p_logistic": 0.42062270641326904, "p_rf": 0.7699999809265137, "p_xgb": 0.9952782392501831, "date": "2026-03-24"}}, {"type": "Feature", "geometry": {"type": "Point", "coordinates": [-82.71666666835901, 35.608333333906]}, "properties": {"p_logistic": 0.4207218587398529, "p_rf": 0.7699999809265137, "p_xgb": 0.9952782392501831, "date": "2026-03-24"}}, {"type": "Feature", "geometry": {"type": "Point", "coordinates": [-82.70833333502603, 35.608333333906]}, "properties": {"p_logistic": 0.41943585872650146, "p_rf": 0.7680000066757202, "p_xgb": 0.9950875639915466, "date": "2026-03-24"}}, {"type": "Feature", "geometry": {"type": "Point", "coordinates": [-82.70000000169301, 35.608333333906]}, "properties": {"p_logistic": 0.4179464280605316, "p_rf": 0.7699999809265137, "p_xgb": 0.9950875639915466, "date": "2026-03-24"}}, {"type": "Feature", "geometry": {"type": "Point", "coordinates": [-82.69166666836001, 35.608333333906]}, "properties": {"p_logistic": 0.41722917556762695, "p_rf": 0.75, "p_xgb": 0.9915381669998169, "date": "2026-03-24"}}, {"type": "Feature", "geometry": {"type": "Point", "coordinates": [-82.68333333502702, 35.608333333906]}, "properties": {"p_logistic": 0.4169602692127228, "p_rf": 0.7120000123977661, "p_xgb": 0.9911949634552002, "date": "2026-03-24"}}, {"type": "Feature", "geometry": {"type": "Point", "coordinates": [-82.67500000169402, 35.608333333906]}, "properties": {"p_logistic": 0.41761520504951477, "p_rf": 0.7059999704360962, "p_xgb": 0.9876385927200317, "date": "2026-03-24"}}, {"type": "Feature", "geometry": {"type": "Point", "coordinates": [-82.66666666836102, 35.608333333906]}, "properties": {"p_logistic": 0.41854357719421387, "p_rf": 0.7099999785423279, "p_xgb": 0.9864946603775024, "date": "2026-03-24"}}, {"type": "Feature", "geometry": {"type": "Point", "coordinates": [-82.65833333502802, 35.608333333906]}, "properties": {"p_logistic": 0.4184074103832245, "p_rf": 0.7480000257492065, "p_xgb": 0.9912325739860535, "date": "2026-03-24"}}, {"type": "Feature", "geometry": {"type": "Point", "coordinates": [-82.65000000169502, 35.608333333906]}, "properties": {"p_logistic": 0.4217207431793213, "p_rf": 0.75, "p_xgb": 0.9860094785690308, "date": "2026-03-24"}}, {"type": "Feature", "geometry": {"type": "Point", "coordinates": [-82.64166666836202, 35.608333333906]}, "properties": {"p_logistic": 0.42587828636169434, "p_rf": 0.7459999918937683, "p_xgb": 0.9857221841812134, "date": "2026-03-24"}}, {"type": "Feature", "geometry": {"type": "Point", "coordinates": [-82.63333333502902, 35.608333333906]}, "properties": {"p_logistic": 0.4289224147796631, "p_rf": 0.7540000081062317, "p_xgb": 0.9867592453956604, "date": "2026-03-24"}}, {"type": "Feature", "geometry": {"type": "Point", "coordinates": [-82.62500000169601, 35.608333333906]}, "properties": {"p_logistic": 0.43121337890625, "p_rf": 0.7440000176429749, "p_xgb": 0.9874387383460999, "date": "2026-03-24"}}, {"type": "Feature", "geometry": {"type": "Point", "coordinates": [-82.61666666836302, 35.608333333906]}, "properties": {"p_logistic": 0.4319121241569519, "p_rf": 0.7179999947547913, "p_xgb": 0.9924335479736328, "date": "2026-03-24"}}, {"type": "Feature", "geometry": {"type": "Point", "coordinates": [-82.60833333503001, 35.608333333906]}, "properties": {"p_logistic": 0.4325029253959656, "p_rf": 0.6940000057220459, "p_xgb": 0.9959139227867126, "date": "2026-03-24"}}, {"type": "Feature", "geometry": {"type": "Point", "coordinates": [-82.60000000169703, 35.608333333906]}, "properties": {"p_logistic": 0.4323410391807556, "p_rf": 0.6499999761581421, "p_xgb": 0.975961446762085, "date": "2026-03-24"}}, {"type": "Feature", "geometry": {"type": "Point", "coordinates": [-82.59166666836401, 35.608333333906]}, "properties": {"p_logistic": 0.4321029782295227, "p_rf": 0.6700000166893005, "p_xgb": 0.973102867603302, "date": "2026-03-24"}}, {"type": "Feature", "geometry": {"type": "Point", "coordinates": [-82.58333333503101, 35.608333333906]}, "properties": {"p_logistic": 0.4316627085208893, "p_rf": 0.6779999732971191, "p_xgb": 0.9845117330551147, "date": "2026-03-24"}}, {"type": "Feature", "geometry": {"type": "Point", "coordinates": [-82.57500000169802, 35.608333333906]}, "properties": {"p_logistic": 0.43209248781204224, "p_rf": 0.6800000071525574, "p_xgb": 0.9762054085731506, "date": "2026-03-24"}}, {"type": "Feature", "geometry": {"type": "Point", "coordinates": [-82.56666666836502, 35.608333333906]}, "properties": {"p_logistic": 0.43190521001815796, "p_rf": 0.6759999990463257, "p_xgb": 0.973102867603302, "date": "2026-03-24"}}, {"type": "Feature", "geometry": {"type": "Point", "coordinates": [-82.55833333503202, 35.608333333906]}, "properties": {"p_logistic": 0.43023136258125305, "p_rf": 0.6759999990463257, "p_xgb": 0.973102867603302, "date": "2026-03-24"}}, {"type": "Feature", "geometry": {"type": "Point", "coordinates": [-82.55000000169902, 35.608333333906]}, "properties": {"p_logistic": 0.4297489821910858, "p_rf": 0.6679999828338623, "p_xgb": 0.9721404910087585, "date": "2026-03-24"}}, {"type": "Feature", "geometry": {"type": "Point", "coordinates": [-82.54166666836602, 35.608333333906]}, "properties": {"p_logistic": 0.42923444509506226, "p_rf": 0.656000018119812, "p_xgb": 0.9721404910087585, "date": "2026-03-24"}}, {"type": "Feature", "geometry": {"type": "Point", "coordinates": [-82.53333333503302, 35.608333333906]}, "properties": {"p_logistic": 0.42889201641082764, "p_rf": 0.6520000100135803, "p_xgb": 0.9721404910087585, "date": "2026-03-24"}}, {"type": "Feature", "geometry": {"type": "Point", "coordinates": [-82.52500000170002, 35.608333333906]}, "properties": {"p_logistic": 0.4301503896713257, "p_rf": 0.6499999761581421, "p_xgb": 0.9754325747489929, "date": "2026-03-24"}}, {"type": "Feature", "geometry": {"type": "Point", "coordinates": [-82.51666666836701, 35.608333333906]}, "properties": {"p_logistic": 0.43203333020210266, "p_rf": 0.6779999732971191, "p_xgb": 0.9923022985458374, "date": "2026-03-24"}}, {"type": "Feature", "geometry": {"type": "Point", "coordinates": [-82.50833333503402, 35.608333333906]}, "properties": {"p_logistic": 0.4334091544151306, "p_rf": 0.7059999704360962, "p_xgb": 0.9927651286125183, "date": "2026-03-24"}}, {"type": "Feature", "geometry": {"type": "Point", "coordinates": [-82.50000000170101, 35.608333333906]}, "properties": {"p_logistic": 0.43402233719825745, "p_rf": 0.7039999961853027, "p_xgb": 0.9927651286125183, "date": "2026-03-24"}}, {"type": "Feature", "geometry": {"type": "Point", "coordinates": [-82.49166666836803, 35.608333333906]}, "properties": {"p_logistic": 0.4343113899230957, "p_rf": 0.7059999704360962, "p_xgb": 0.9927651286125183, "date": "2026-03-24"}}, {"type": "Feature", "geometry": {"type": "Point", "coordinates": [-82.48333333503501, 35.608333333906]}, "properties": {"p_logistic": 0.4338558614253998, "p_rf": 0.699999988079071, "p_xgb": 0.9927651286125183, "date": "2026-03-24"}}, {"type": "Feature", "geometry": {"type": "Point", "coordinates": [-82.47500000170201, 35.608333333906]}, "properties": {"p_logistic": 0.4335532784461975, "p_rf": 0.6740000247955322, "p_xgb": 0.9927651286125183, "date": "2026-03-24"}}, {"type": "Feature", "geometry": {"type": "Point", "coordinates": [-82.46666666836902, 35.608333333906]}, "properties": {"p_logistic": 0.43414929509162903, "p_rf": 0.6700000166893005, "p_xgb": 0.9927651286125183, "date": "2026-03-24"}}, {"type": "Feature", "geometry": {"type": "Point", "coordinates": [-82.45833333503602, 35.608333333906]}, "properties": {"p_logistic": 0.43547192215919495, "p_rf": 0.6579999923706055, "p_xgb": 0.9927651286125183, "date": "2026-03-24"}}, {"type": "Feature", "geometry": {"type": "Point", "coordinates": [-82.45000000170302, 35.608333333906]}, "properties": {"p_logistic": 0.43674585223197937, "p_rf": 0.7179999947547913, "p_xgb": 0.9969869256019592, "date": "2026-03-24"}}, {"type": "Feature", "geometry": {"type": "Point", "coordinates": [-82.44166666837002, 35.608333333906]}, "properties": {"p_logistic": 0.43924838304519653, "p_rf": 0.7179999947547913, "p_xgb": 0.9973336458206177, "date": "2026-03-24"}}, {"type": "Feature", "geometry": {"type": "Point", "coordinates": [-82.43333333503702, 35.608333333906]}, "properties": {"p_logistic": 0.44139933586120605, "p_rf": 0.7620000243186951, "p_xgb": 0.9980888962745667, "date": "2026-03-24"}}, {"type": "Feature", "geometry": {"type": "Point", "coordinates": [-82.42500000170402, 35.608333333906]}, "properties": {"p_logistic": 0.441362589597702, "p_rf": 0.7820000052452087, "p_xgb": 0.9980888962745667, "date": "2026-03-24"}}, {"type": "Feature", "geometry": {"type": "Point", "coordinates": [-82.41666666837102, 35.608333333906]}, "properties": {"p_logistic": 0.4393901228904724, "p_rf": 0.8299999833106995, "p_xgb": 0.997247040271759, "date": "2026-03-24"}}, {"type": "Feature", "geometry": {"type": "Point", "coordinates": [-82.40833333503801, 35.608333333906]}, "properties": {"p_logistic": 0.4360605776309967, "p_rf": 0.7919999957084656, "p_xgb": 0.9963006973266602, "date": "2026-03-24"}}, {"type": "Feature", "geometry": {"type": "Point", "coordinates": [-82.40000000170502, 35.608333333906]}, "properties": {"p_logistic": 0.4326918125152588, "p_rf": 0.8019999861717224, "p_xgb": 0.9959834814071655, "date": "2026-03-24"}}, {"type": "Feature", "geometry": {"type": "Point", "coordinates": [-82.39166666837201, 35.608333333906]}, "properties": {"p_logistic": 0.43077829480171204, "p_rf": 0.7940000295639038, "p_xgb": 0.99595046043396, "date": "2026-03-24"}}, {"type": "Feature", "geometry": {"type": "Point", "coordinates": [-82.38333333503903, 35.608333333906]}, "properties": {"p_logistic": 0.43075114488601685, "p_rf": 0.7540000081062317, "p_xgb": 0.995668888092041, "date": "2026-03-24"}}, {"type": "Feature", "geometry": {"type": "Point", "coordinates": [-82.37500000170601, 35.608333333906]}, "properties": {"p_logistic": 0.4312260150909424, "p_rf": 0.7300000190734863, "p_xgb": 0.9954938888549805, "date": "2026-03-24"}}, {"type": "Feature", "geometry": {"type": "Point", "coordinates": [-82.36666666837301, 35.608333333906]}, "properties": {"p_logistic": 0.4317140281200409, "p_rf": 0.7160000205039978, "p_xgb": 0.9917889833450317, "date": "2026-03-24"}}, {"type": "Feature", "geometry": {"type": "Point", "coordinates": [-82.35833333504002, 35.608333333906]}, "properties": {"p_logistic": 0.4328084886074066, "p_rf": 0.6959999799728394, "p_xgb": 0.9863747358322144, "date": "2026-03-24"}}, {"type": "Feature", "geometry": {"type": "Point", "coordinates": [-82.35000000170702, 35.608333333906]}, "properties": {"p_logistic": 0.4341356158256531, "p_rf": 0.699999988079071, "p_xgb": 0.9863747358322144, "date": "2026-03-24"}}, {"type": "Feature", "geometry": {"type": "Point", "coordinates": [-82.34166666837402, 35.608333333906]}, "properties": {"p_logistic": 0.4355994760990143, "p_rf": 0.6919999718666077, "p_xgb": 0.9863747358322144, "date": "2026-03-24"}}, {"type": "Feature", "geometry": {"type": "Point", "coordinates": [-82.33333333504102, 35.608333333906]}, "properties": {"p_logistic": 0.43685224652290344, "p_rf": 0.6919999718666077, "p_xgb": 0.9863747358322144, "date": "2026-03-24"}}, {"type": "Feature", "geometry": {"type": "Point", "coordinates": [-82.32500000170802, 35.608333333906]}, "properties": {"p_logistic": 0.4377848207950592, "p_rf": 0.6840000152587891, "p_xgb": 0.9863747358322144, "date": "2026-03-24"}}, {"type": "Feature", "geometry": {"type": "Point", "coordinates": [-82.31666666837502, 35.608333333906]}, "properties": {"p_logistic": 0.438364177942276, "p_rf": 0.7080000042915344, "p_xgb": 0.9857914447784424, "date": "2026-03-24"}}, {"type": "Feature", "geometry": {"type": "Point", "coordinates": [-82.30833333504202, 35.608333333906]}, "properties": {"p_logistic": 0.4388544261455536, "p_rf": 0.7179999947547913, "p_xgb": 0.9856998324394226, "date": "2026-03-24"}}, {"type": "Feature", "geometry": {"type": "Point", "coordinates": [-82.30000000170901, 35.608333333906]}, "properties": {"p_logistic": 0.43856218457221985, "p_rf": 0.7480000257492065, "p_xgb": 0.9862399697303772, "date": "2026-03-24"}}, {"type": "Feature", "geometry": {"type": "Point", "coordinates": [-82.29166666837602, 35.608333333906]}, "properties": {"p_logistic": 0.4394490718841553, "p_rf": 0.7319999933242798, "p_xgb": 0.9846178293228149, "date": "2026-03-24"}}, {"type": "Feature", "geometry": {"type": "Point", "coordinates": [-82.28333333504301, 35.608333333906]}, "properties": {"p_logistic": 0.4413413107395172, "p_rf": 0.7139999866485596, "p_xgb": 0.9840536713600159, "date": "2026-03-24"}}, {"type": "Feature", "geometry": {"type": "Point", "coordinates": [-82.80000000168901, 35.600000000573004]}, "properties": {"p_logistic": 0.418483167886734, "p_rf": 0.7599999904632568, "p_xgb": 0.9900728464126587, "date": "2026-03-24"}}, {"type": "Feature", "geometry": {"type": "Point", "coordinates": [-82.79166666835602, 35.600000000573004]}, "properties": {"p_logistic": 0.4181196987628937, "p_rf": 0.8040000200271606, "p_xgb": 0.9909500479698181, "date": "2026-03-24"}}, {"type": "Feature", "geometry": {"type": "Point", "coordinates": [-82.78333333502302, 35.600000000573004]}, "properties": {"p_logistic": 0.41798490285873413, "p_rf": 0.8240000009536743, "p_xgb": 0.9909500479698181, "date": "2026-03-24"}}, {"type": "Feature", "geometry": {"type": "Point", "coordinates": [-82.77500000169002, 35.600000000573004]}, "properties": {"p_logistic": 0.41793060302734375, "p_rf": 0.7860000133514404, "p_xgb": 0.9950875639915466, "date": "2026-03-24"}}, {"type": "Feature", "geometry": {"type": "Point", "coordinates": [-82.76666666835702, 35.600000000573004]}, "properties": {"p_logistic": 0.41857612133026123, "p_rf": 0.7699999809265137, "p_xgb": 0.9950875639915466, "date": "2026-03-24"}}, {"type": "Feature", "geometry": {"type": "Point", "coordinates": [-82.75833333502402, 35.600000000573004]}, "properties": {"p_logistic": 0.4195220470428467, "p_rf": 0.7680000066757202, "p_xgb": 0.9952782392501831, "date": "2026-03-24"}}, {"type": "Feature", "geometry": {"type": "Point", "coordinates": [-82.75000000169102, 35.600000000573004]}, "properties": {"p_logistic": 0.4201650619506836, "p_rf": 0.7820000052452087, "p_xgb": 0.9952782392501831, "date": "2026-03-24"}}, {"type": "Feature", "geometry": {"type": "Point", "coordinates": [-82.74166666835802, 35.600000000573004]}, "properties": {"p_logistic": 0.4207442104816437, "p_rf": 0.7860000133514404, "p_xgb": 0.9952782392501831, "date": "2026-03-24"}}, {"type": "Feature", "geometry": {"type": "Point", "coordinates": [-82.73333333502501, 35.600000000573004]}, "properties": {"p_logistic": 0.4218761920928955, "p_rf": 0.8019999861717224, "p_xgb": 0.9951254725456238, "date": "2026-03-24"}}, {"type": "Feature", "geometry": {"type": "Point", "coordinates": [-82.72500000169202, 35.600000000573004]}, "properties": {"p_logistic": 0.4224570691585541, "p_rf": 0.8040000200271606, "p_xgb": 0.9951254725456238, "date": "2026-03-24"}}, {"type": "Feature", "geometry": {"type": "Point", "coordinates": [-82.71666666835901, 35.600000000573004]}, "properties": {"p_logistic": 0.4221460819244385, "p_rf": 0.8040000200271606, "p_xgb": 0.9951254725456238, "date": "2026-03-24"}}, {"type": "Feature", "geometry": {"type": "Point", "coordinates": [-82.70833333502603, 35.600000000573004]}, "properties": {"p_logistic": 0.42060568928718567, "p_rf": 0.7979999780654907, "p_xgb": 0.9909500479698181, "date": "2026-03-24"}}, {"type": "Feature", "geometry": {"type": "Point", "coordinates": [-82.70000000169301, 35.600000000573004]}, "properties": {"p_logistic": 0.4183134138584137, "p_rf": 0.7979999780654907, "p_xgb": 0.9909500479698181, "date": "2026-03-24"}}, {"type": "Feature", "geometry": {"type": "Point", "coordinates": [-82.69166666836001, 35.600000000573004]}, "properties": {"p_logistic": 0.4156728684902191, "p_rf": 0.800000011920929, "p_xgb": 0.9951059818267822, "date": "2026-03-24"}}, {"type": "Feature", "geometry": {"type": "Point", "coordinates": [-82.68333333502702, 35.600000000573004]}, "properties": {"p_logistic": 0.4146612882614136, "p_rf": 0.7940000295639038, "p_xgb": 0.9924397468566895, "date": "2026-03-24"}}, {"type": "Feature", "geometry": {"type": "Point", "coordinates": [-82.67500000169402, 35.600000000573004]}, "properties": {"p_logistic": 0.4151056110858917, "p_rf": 0.7760000228881836, "p_xgb": 0.9924397468566895, "date": "2026-03-24"}}, {"type": "Feature", "geometry": {"type": "Point", "coordinates": [-82.66666666836102, 35.600000000573004]}, "properties": {"p_logistic": 0.4158162772655487, "p_rf": 0.7839999794960022, "p_xgb": 0.9924397468566895, "date": "2026-03-24"}}, {"type": "Feature", "geometry": {"type": "Point", "coordinates": [-82.65833333502802, 35.600000000573004]}, "properties": {"p_logistic": 0.41904395818710327, "p_rf": 0.7960000038146973, "p_xgb": 0.9912325739860535, "date": "2026-03-24"}}, {"type": "Feature", "geometry": {"type": "Point", "coordinates": [-82.65000000169502, 35.600000000573004]}, "properties": {"p_logistic": 0.4233534634113312, "p_rf": 0.7760000228881836, "p_xgb": 0.985561192035675, "date": "2026-03-24"}}, {"type": "Feature", "geometry": {"type": "Point", "coordinates": [-82.64166666836202, 35.600000000573004]}, "properties": {"p_logistic": 0.42781808972358704, "p_rf": 0.7860000133514404, "p_xgb": 0.9852648377418518, "date": "2026-03-24"}}, {"type": "Feature", "geometry": {"type": "Point", "coordinates": [-82.63333333502902, 35.600000000573004]}, "properties": {"p_logistic": 0.4312123954296112, "p_rf": 0.777999997138977, "p_xgb": 0.9870356917381287, "date": "2026-03-24"}}, {"type": "Feature", "geometry": {"type": "Point", "coordinates": [-82.62500000169601, 35.600000000573004]}, "properties": {"p_logistic": 0.4339541792869568, "p_rf": 0.7639999985694885, "p_xgb": 0.9874387383460999, "date": "2026-03-24"}}, {"type": "Feature", "geometry": {"type": "Point", "coordinates": [-82.61666666836302, 35.600000000573004]}, "properties": {"p_logistic": 0.4350315034389496, "p_rf": 0.75, "p_xgb": 0.9874387383460999, "date": "2026-03-24"}}, {"type": "Feature", "geometry": {"type": "Point", "coordinates": [-82.60833333503001, 35.600000000573004]}, "properties": {"p_logistic": 0.4352512061595917, "p_rf": 0.722000002861023, "p_xgb": 0.9957833290100098, "date": "2026-03-24"}}, {"type": "Feature", "geometry": {"type": "Point", "coordinates": [-82.60000000169703, 35.600000000573004]}, "properties": {"p_logistic": 0.43482428789138794, "p_rf": 0.6679999828338623, "p_xgb": 0.9927651286125183, "date": "2026-03-24"}}, {"type": "Feature", "geometry": {"type": "Point", "coordinates": [-82.59166666836401, 35.600000000573004]}, "properties": {"p_logistic": 0.43441545963287354, "p_rf": 0.6499999761581421, "p_xgb": 0.9768860936164856, "date": "2026-03-24"}}, {"type": "Feature", "geometry": {"type": "Point", "coordinates": [-82.58333333503101, 35.600000000573004]}, "properties": {"p_logistic": 0.4341556429862976, "p_rf": 0.6399999856948853, "p_xgb": 0.9829205870628357, "date": "2026-03-24"}}, {"type": "Feature", "geometry": {"type": "Point", "coordinates": [-82.57500000169802, 35.600000000573004]}, "properties": {"p_logistic": 0.43362659215927124, "p_rf": 0.6480000019073486, "p_xgb": 0.975961446762085, "date": "2026-03-24"}}, {"type": "Feature", "geometry": {"type": "Point", "coordinates": [-82.56666666836502, 35.600000000573004]}, "properties": {"p_logistic": 0.4329257011413574, "p_rf": 0.6520000100135803, "p_xgb": 0.975961446762085, "date": "2026-03-24"}}, {"type": "Feature", "geometry": {"type": "Point", "coordinates": [-82.55833333503202, 35.600000000573004]}, "properties": {"p_logistic": 0.4325311779975891, "p_rf": 0.6439999938011169, "p_xgb": 0.975961446762085, "date": "2026-03-24"}}, {"type": "Feature", "geometry": {"type": "Point", "coordinates": [-82.55000000169902, 35.600000000573004]}, "properties": {"p_logistic": 0.43221864104270935, "p_rf": 0.6399999856948853, "p_xgb": 0.973783552646637, "date": "2026-03-24"}}, {"type": "Feature", "geometry": {"type": "Point", "coordinates": [-82.54166666836602, 35.600000000573004]}, "properties": {"p_logistic": 0.4311186373233795, "p_rf": 0.6480000019073486, "p_xgb": 0.973783552646637, "date": "2026-03-24"}}, {"type": "Feature", "geometry": {"type": "Point", "coordinates": [-82.53333333503302, 35.600000000573004]}, "properties": {"p_logistic": 0.43010151386260986, "p_rf": 0.6380000114440918, "p_xgb": 0.973102867603302, "date": "2026-03-24"}}, {"type": "Feature", "geometry": {"type": "Point", "coordinates": [-82.52500000170002, 35.600000000573004]}, "properties": {"p_logistic": 0.43121519684791565, "p_rf": 0.6439999938011169, "p_xgb": 0.9769556522369385, "date": "2026-03-24"}}, {"type": "Feature", "geometry": {"type": "Point", "coordinates": [-82.51666666836701, 35.600000000573004]}, "properties": {"p_logistic": 0.43310976028442383, "p_rf": 0.6880000233650208, "p_xgb": 0.9927651286125183, "date": "2026-03-24"}}, {"type": "Feature", "geometry": {"type": "Point", "coordinates": [-82.50833333503402, 35.600000000573004]}, "properties": {"p_logistic": 0.4349023997783661, "p_rf": 0.6919999718666077, "p_xgb": 0.9850040674209595, "date": "2026-03-24"}}, {"type": "Feature", "geometry": {"type": "Point", "coordinates": [-82.50000000170101, 35.600000000573004]}, "properties": {"p_logistic": 0.4362454414367676, "p_rf": 0.6740000247955322, "p_xgb": 0.9867112040519714, "date": "2026-03-24"}}, {"type": "Feature", "geometry": {"type": "Point", "coordinates": [-82.49166666836803, 35.600000000573004]}, "properties": {"p_logistic": 0.4368220269680023, "p_rf": 0.6700000166893005, "p_xgb": 0.9867112040519714, "date": "2026-03-24"}}, {"type": "Feature", "geometry": {"type": "Point", "coordinates": [-82.48333333503501, 35.600000000573004]}, "properties": {"p_logistic": 0.43672093749046326, "p_rf": 0.6919999718666077, "p_xgb": 0.9863939881324768, "date": "2026-03-24"}}, {"type": "Feature", "geometry": {"type": "Point", "coordinates": [-82.47500000170201, 35.600000000573004]}, "properties": {"p_logistic": 0.4365907311439514, "p_rf": 0.6919999718666077, "p_xgb": 0.9958820343017578, "date": "2026-03-24"}}, {"type": "Feature", "geometry": {"type": "Point", "coordinates": [-82.46666666836902, 35.600000000573004]}, "properties": {"p_logistic": 0.4369051158428192, "p_rf": 0.6819999814033508, "p_xgb": 0.9958820343017578, "date": "2026-03-24"}}, {"type": "Feature", "geometry": {"type": "Point", "coordinates": [-82.45833333503602, 35.600000000573004]}, "properties": {"p_logistic": 0.43731632828712463, "p_rf": 0.6779999732971191, "p_xgb": 0.9957007765769958, "date": "2026-03-24"}}, {"type": "Feature", "geometry": {"type": "Point", "coordinates": [-82.45000000170302, 35.600000000573004]}, "properties": {"p_logistic": 0.4376002550125122, "p_rf": 0.6779999732971191, "p_xgb": 0.9969775676727295, "date": "2026-03-24"}}, {"type": "Feature", "geometry": {"type": "Point", "coordinates": [-82.44166666837002, 35.600000000573004]}, "properties": {"p_logistic": 0.43900159001350403, "p_rf": 0.6940000057220459, "p_xgb": 0.9972692131996155, "date": "2026-03-24"}}, {"type": "Feature", "geometry": {"type": "Point", "coordinates": [-82.43333333503702, 35.600000000573004]}, "properties": {"p_logistic": 0.4414657652378082, "p_rf": 0.7300000190734863, "p_xgb": 0.9972692131996155, "date": "2026-03-24"}}, {"type": "Feature", "geometry": {"type": "Point", "coordinates": [-82.42500000170402, 35.600000000573004]}, "properties": {"p_logistic": 0.4417300522327423, "p_rf": 0.7360000014305115, "p_xgb": 0.9973336458206177, "date": "2026-03-24"}}, {"type": "Feature", "geometry": {"type": "Point", "coordinates": [-82.41666666837102, 35.600000000573004]}, "properties": {"p_logistic": 0.4401679039001465, "p_rf": 0.7820000052452087, "p_xgb": 0.9973336458206177, "date": "2026-03-24"}}, {"type": "Feature", "geometry": {"type": "Point", "coordinates": [-82.40833333503801, 35.600000000573004]}, "properties": {"p_logistic": 0.43662115931510925, "p_rf": 0.8140000104904175, "p_xgb": 0.9961608648300171, "date": "2026-03-24"}}, {"type": "Feature", "geometry": {"type": "Point", "coordinates": [-82.40000000170502, 35.600000000573004]}, "properties": {"p_logistic": 0.43317675590515137, "p_rf": 0.828000009059906, "p_xgb": 0.9959143996238708, "date": "2026-03-24"}}, {"type": "Feature", "geometry": {"type": "Point", "coordinates": [-82.39166666837201, 35.600000000573004]}, "properties": {"p_logistic": 0.43125417828559875, "p_rf": 0.8240000009536743, "p_xgb": 0.9958808422088623, "date": "2026-03-24"}}, {"type": "Feature", "geometry": {"type": "Point", "coordinates": [-82.38333333503903, 35.600000000573004]}, "properties": {"p_logistic": 0.43065130710601807, "p_rf": 0.7919999957084656, "p_xgb": 0.9959975481033325, "date": "2026-03-24"}}, {"type": "Feature", "geometry": {"type": "Point", "coordinates": [-82.37500000170601, 35.600000000573004]}, "properties": {"p_logistic": 0.43104442954063416, "p_rf": 0.7820000052452087, "p_xgb": 0.9957868456840515, "date": "2026-03-24"}}, {"type": "Feature", "geometry": {"type": "Point", "coordinates": [-82.36666666837301, 35.600000000573004]}, "properties": {"p_logistic": 0.43140891194343567, "p_rf": 0.7360000014305115, "p_xgb": 0.9917889833450317, "date": "2026-03-24"}}, {"type": "Feature", "geometry": {"type": "Point", "coordinates": [-82.35833333504002, 35.600000000573004]}, "properties": {"p_logistic": 0.4322717487812042, "p_rf": 0.7179999947547913, "p_xgb": 0.9863747358322144, "date": "2026-03-24"}}, {"type": "Feature", "geometry": {"type": "Point", "coordinates": [-82.35000000170702, 35.600000000573004]}, "properties": {"p_logistic": 0.4332858920097351, "p_rf": 0.7080000042915344, "p_xgb": 0.9863747358322144, "date": "2026-03-24"}}, {"type": "Feature", "geometry": {"type": "Point", "coordinates": [-82.34166666837402, 35.600000000573004]}, "properties": {"p_logistic": 0.4342963397502899, "p_rf": 0.7059999704360962, "p_xgb": 0.9863747358322144, "date": "2026-03-24"}}, {"type": "Feature", "geometry": {"type": "Point", "coordinates": [-82.33333333504102, 35.600000000573004]}, "properties": {"p_logistic": 0.43533727526664734, "p_rf": 0.6980000138282776, "p_xgb": 0.9863747358322144, "date": "2026-03-24"}}, {"type": "Feature", "geometry": {"type": "Point", "coordinates": [-82.32500000170802, 35.600000000573004]}, "properties": {"p_logistic": 0.4365426003932953, "p_rf": 0.6859999895095825, "p_xgb": 0.9863747358322144, "date": "2026-03-24"}}, {"type": "Feature", "geometry": {"type": "Point", "coordinates": [-82.31666666837502, 35.600000000573004]}, "properties": {"p_logistic": 0.4374734163284302, "p_rf": 0.6800000071525574, "p_xgb": 0.9863747358322144, "date": "2026-03-24"}}, {"type": "Feature", "geometry": {"type": "Point", "coordinates": [-82.30833333504202, 35.600000000573004]}, "properties": {"p_logistic": 0.43844783306121826, "p_rf": 0.7039999961853027, "p_xgb": 0.9857914447784424, "date": "2026-03-24"}}, {"type": "Feature", "geometry": {"type": "Point", "coordinates": [-82.30000000170901, 35.600000000573004]}, "properties": {"p_logistic": 0.4396020770072937, "p_rf": 0.7279999852180481, "p_xgb": 0.9846178293228149, "date": "2026-03-24"}}, {"type": "Feature", "geometry": {"type": "Point", "coordinates": [-82.29166666837602, 35.600000000573004]}, "properties": {"p_logistic": 0.44122496247291565, "p_rf": 0.734000027179718, "p_xgb": 0.9846178293228149, "date": "2026-03-24"}}, {"type": "Feature", "geometry": {"type": "Point", "coordinates": [-82.78333333502302, 35.591666667240005]}, "properties": {"p_logistic": 0.420457124710083, "p_rf": 0.7699999809265137, "p_xgb": 0.9909551739692688, "date": "2026-03-24"}}, {"type": "Feature", "geometry": {"type": "Point", "coordinates": [-82.77500000169002, 35.591666667240005]}, "properties": {"p_logistic": 0.4205645024776459, "p_rf": 0.7960000038146973, "p_xgb": 0.995072066783905, "date": "2026-03-24"}}, {"type": "Feature", "geometry": {"type": "Point", "coordinates": [-82.76666666835702, 35.591666667240005]}, "properties": {"p_logistic": 0.42111775279045105, "p_rf": 0.828000009059906, "p_xgb": 0.9951254725456238, "date": "2026-03-24"}}, {"type": "Feature", "geometry": {"type": "Point", "coordinates": [-82.75833333502402, 35.591666667240005]}, "properties": {"p_logistic": 0.42215216159820557, "p_rf": 0.8299999833106995, "p_xgb": 0.9951254725456238, "date": "2026-03-24"}}, {"type": "Feature", "geometry": {"type": "Point", "coordinates": [-82.75000000169102, 35.591666667240005]}, "properties": {"p_logistic": 0.42266845703125, "p_rf": 0.828000009059906, "p_xgb": 0.9951254725456238, "date": "2026-03-24"}}, {"type": "Feature", "geometry": {"type": "Point", "coordinates": [-82.74166666835802, 35.591666667240005]}, "properties": {"p_logistic": 0.4232301414012909, "p_rf": 0.8299999833106995, "p_xgb": 0.9956560134887695, "date": "2026-03-24"}}, {"type": "Feature", "geometry": {"type": "Point", "coordinates": [-82.73333333502501, 35.591666667240005]}, "properties": {"p_logistic": 0.4240020215511322, "p_rf": 0.8299999833106995, "p_xgb": 0.9956560134887695, "date": "2026-03-24"}}, {"type": "Feature", "geometry": {"type": "Point", "coordinates": [-82.72500000169202, 35.591666667240005]}, "properties": {"p_logistic": 0.4244842231273651, "p_rf": 0.8299999833106995, "p_xgb": 0.9954805374145508, "date": "2026-03-24"}}, {"type": "Feature", "geometry": {"type": "Point", "coordinates": [-82.71666666835901, 35.591666667240005]}, "properties": {"p_logistic": 0.4241577088832855, "p_rf": 0.8199999928474426, "p_xgb": 0.9949285984039307, "date": "2026-03-24"}}, {"type": "Feature", "geometry": {"type": "Point", "coordinates": [-82.70833333502603, 35.591666667240005]}, "properties": {"p_logistic": 0.4229779839515686, "p_rf": 0.8059999942779541, "p_xgb": 0.990763247013092, "date": "2026-03-24"}}, {"type": "Feature", "geometry": {"type": "Point", "coordinates": [-82.70000000169301, 35.591666667240005]}, "properties": {"p_logistic": 0.4213312268257141, "p_rf": 0.7860000133514404, "p_xgb": 0.9912050366401672, "date": "2026-03-24"}}, {"type": "Feature", "geometry": {"type": "Point", "coordinates": [-82.69166666836001, 35.591666667240005]}, "properties": {"p_logistic": 0.41933050751686096, "p_rf": 0.7860000133514404, "p_xgb": 0.9912050366401672, "date": "2026-03-24"}}, {"type": "Feature", "geometry": {"type": "Point", "coordinates": [-82.68333333502702, 35.591666667240005]}, "properties": {"p_logistic": 0.41805896162986755, "p_rf": 0.8059999942779541, "p_xgb": 0.9909500479698181, "date": "2026-03-24"}}, {"type": "Feature", "geometry": {"type": "Point", "coordinates": [-82.67500000169402, 35.591666667240005]}, "properties": {"p_logistic": 0.417720228433609, "p_rf": 0.8180000185966492, "p_xgb": 0.9909500479698181, "date": "2026-03-24"}}, {"type": "Feature", "geometry": {"type": "Point", "coordinates": [-82.66666666836102, 35.591666667240005]}, "properties": {"p_logistic": 0.4198756515979767, "p_rf": 0.8180000185966492, "p_xgb": 0.9909500479698181, "date": "2026-03-24"}}, {"type": "Feature", "geometry": {"type": "Point", "coordinates": [-82.65833333502802, 35.591666667240005]}, "properties": {"p_logistic": 0.42267507314682007, "p_rf": 0.8140000104904175, "p_xgb": 0.9909500479698181, "date": "2026-03-24"}}, {"type": "Feature", "geometry": {"type": "Point", "coordinates": [-82.65000000169502, 35.591666667240005]}, "properties": {"p_logistic": 0.4259108603000641, "p_rf": 0.800000011920929, "p_xgb": 0.9852648377418518, "date": "2026-03-24"}}, {"type": "Feature", "geometry": {"type": "Point", "coordinates": [-82.64166666836202, 35.591666667240005]}, "properties": {"p_logistic": 0.42959022521972656, "p_rf": 0.7960000038146973, "p_xgb": 0.9870356917381287, "date": "2026-03-24"}}, {"type": "Feature", "geometry": {"type": "Point", "coordinates": [-82.63333333502902, 35.591666667240005]}, "properties": {"p_logistic": 0.43368270993232727, "p_rf": 0.7900000214576721, "p_xgb": 0.9870356917381287, "date": "2026-03-24"}}, {"type": "Feature", "geometry": {"type": "Point", "coordinates": [-82.62500000169601, 35.591666667240005]}, "properties": {"p_logistic": 0.4366610646247864, "p_rf": 0.777999997138977, "p_xgb": 0.9870356917381287, "date": "2026-03-24"}}, {"type": "Feature", "geometry": {"type": "Point", "coordinates": [-82.61666666836302, 35.591666667240005]}, "properties": {"p_logistic": 0.43736323714256287, "p_rf": 0.7459999918937683, "p_xgb": 0.9874387383460999, "date": "2026-03-24"}}, {"type": "Feature", "geometry": {"type": "Point", "coordinates": [-82.60833333503001, 35.591666667240005]}, "properties": {"p_logistic": 0.43743273615837097, "p_rf": 0.7160000205039978, "p_xgb": 0.9925445318222046, "date": "2026-03-24"}}, {"type": "Feature", "geometry": {"type": "Point", "coordinates": [-82.60000000169703, 35.591666667240005]}, "properties": {"p_logistic": 0.43691402673721313, "p_rf": 0.7279999852180481, "p_xgb": 0.9961916208267212, "date": "2026-03-24"}}, {"type": "Feature", "geometry": {"type": "Point", "coordinates": [-82.59166666836401, 35.591666667240005]}, "properties": {"p_logistic": 0.4369201064109802, "p_rf": 0.6819999814033508, "p_xgb": 0.9958820343017578, "date": "2026-03-24"}}, {"type": "Feature", "geometry": {"type": "Point", "coordinates": [-82.58333333503101, 35.591666667240005]}, "properties": {"p_logistic": 0.436661034822464, "p_rf": 0.6579999923706055, "p_xgb": 0.9958820343017578, "date": "2026-03-24"}}, {"type": "Feature", "geometry": {"type": "Point", "coordinates": [-82.57500000169802, 35.591666667240005]}, "properties": {"p_logistic": 0.43617841601371765, "p_rf": 0.6579999923706055, "p_xgb": 0.9958820343017578, "date": "2026-03-24"}}, {"type": "Feature", "geometry": {"type": "Point", "coordinates": [-82.56666666836502, 35.591666667240005]}, "properties": {"p_logistic": 0.4357894957065582, "p_rf": 0.6620000004768372, "p_xgb": 0.9863939881324768, "date": "2026-03-24"}}, {"type": "Feature", "geometry": {"type": "Point", "coordinates": [-82.55833333503202, 35.591666667240005]}, "properties": {"p_logistic": 0.43575987219810486, "p_rf": 0.6700000166893005, "p_xgb": 0.9863939881324768, "date": "2026-03-24"}}, {"type": "Feature", "geometry": {"type": "Point", "coordinates": [-82.55000000169902, 35.591666667240005]}, "properties": {"p_logistic": 0.43483394384384155, "p_rf": 0.6380000114440918, "p_xgb": 0.9851469397544861, "date": "2026-03-24"}}, {"type": "Feature", "geometry": {"type": "Point", "coordinates": [-82.54166666836602, 35.591666667240005]}, "properties": {"p_logistic": 0.43239858746528625, "p_rf": 0.6460000276565552, "p_xgb": 0.9851576089859009, "date": "2026-03-24"}}, {"type": "Feature", "geometry": {"type": "Point", "coordinates": [-82.53333333503302, 35.591666667240005]}, "properties": {"p_logistic": 0.43168896436691284, "p_rf": 0.6420000195503235, "p_xgb": 0.9742119908332825, "date": "2026-03-24"}}, {"type": "Feature", "geometry": {"type": "Point", "coordinates": [-82.52500000170002, 35.591666667240005]}, "properties": {"p_logistic": 0.4327338933944702, "p_rf": 0.6499999761581421, "p_xgb": 0.9769556522369385, "date": "2026-03-24"}}, {"type": "Feature", "geometry": {"type": "Point", "coordinates": [-82.51666666836701, 35.591666667240005]}, "properties": {"p_logistic": 0.4341754615306854, "p_rf": 0.6980000138282776, "p_xgb": 0.9769556522369385, "date": "2026-03-24"}}, {"type": "Feature", "geometry": {"type": "Point", "coordinates": [-82.50833333503402, 35.591666667240005]}, "properties": {"p_logistic": 0.43650469183921814, "p_rf": 0.656000018119812, "p_xgb": 0.9854927659034729, "date": "2026-03-24"}}, {"type": "Feature", "geometry": {"type": "Point", "coordinates": [-82.50000000170101, 35.591666667240005]}, "properties": {"p_logistic": 0.4381153881549835, "p_rf": 0.7059999704360962, "p_xgb": 0.9920617341995239, "date": "2026-03-24"}}, {"type": "Feature", "geometry": {"type": "Point", "coordinates": [-82.49166666836803, 35.591666667240005]}, "properties": {"p_logistic": 0.43875858187675476, "p_rf": 0.7120000123977661, "p_xgb": 0.9920617341995239, "date": "2026-03-24"}}, {"type": "Feature", "geometry": {"type": "Point", "coordinates": [-82.48333333503501, 35.591666667240005]}, "properties": {"p_logistic": 0.43876588344573975, "p_rf": 0.6660000085830688, "p_xgb": 0.9922664761543274, "date": "2026-03-24"}}, {"type": "Feature", "geometry": {"type": "Point", "coordinates": [-82.47500000170201, 35.591666667240005]}, "properties": {"p_logistic": 0.4387148916721344, "p_rf": 0.6639999747276306, "p_xgb": 0.9927500486373901, "date": "2026-03-24"}}, {"type": "Feature", "geometry": {"type": "Point", "coordinates": [-82.46666666836902, 35.591666667240005]}, "properties": {"p_logistic": 0.4388759732246399, "p_rf": 0.6740000247955322, "p_xgb": 0.997765064239502, "date": "2026-03-24"}}, {"type": "Feature", "geometry": {"type": "Point", "coordinates": [-82.45833333503602, 35.591666667240005]}, "properties": {"p_logistic": 0.43914684653282166, "p_rf": 0.6940000057220459, "p_xgb": 0.9957007765769958, "date": "2026-03-24"}}, {"type": "Feature", "geometry": {"type": "Point", "coordinates": [-82.45000000170302, 35.591666667240005]}, "properties": {"p_logistic": 0.4394725263118744, "p_rf": 0.7200000286102295, "p_xgb": 0.9971489310264587, "date": "2026-03-24"}}, {"type": "Feature", "geometry": {"type": "Point", "coordinates": [-82.44166666837002, 35.591666667240005]}, "properties": {"p_logistic": 0.4406326711177826, "p_rf": 0.7179999947547913, "p_xgb": 0.9971489310264587, "date": "2026-03-24"}}, {"type": "Feature", "geometry": {"type": "Point", "coordinates": [-82.43333333503702, 35.591666667240005]}, "properties": {"p_logistic": 0.4424206614494324, "p_rf": 0.6859999895095825, "p_xgb": 0.9943189024925232, "date": "2026-03-24"}}, {"type": "Feature", "geometry": {"type": "Point", "coordinates": [-82.42500000170402, 35.591666667240005]}, "properties": {"p_logistic": 0.4424847960472107, "p_rf": 0.722000002861023, "p_xgb": 0.9943189024925232, "date": "2026-03-24"}}, {"type": "Feature", "geometry": {"type": "Point", "coordinates": [-82.41666666837102, 35.591666667240005]}, "properties": {"p_logistic": 0.4402218163013458, "p_rf": 0.7179999947547913, "p_xgb": 0.9944522976875305, "date": "2026-03-24"}}, {"type": "Feature", "geometry": {"type": "Point", "coordinates": [-82.40833333503801, 35.591666667240005]}, "properties": {"p_logistic": 0.43744584918022156, "p_rf": 0.7580000162124634, "p_xgb": 0.9961309432983398, "date": "2026-03-24"}}, {"type": "Feature", "geometry": {"type": "Point", "coordinates": [-82.40000000170502, 35.591666667240005]}, "properties": {"p_logistic": 0.4348584711551666, "p_rf": 0.7699999809265137, "p_xgb": 0.9960424900054932, "date": "2026-03-24"}}, {"type": "Feature", "geometry": {"type": "Point", "coordinates": [-82.39166666837201, 35.591666667240005]}, "properties": {"p_logistic": 0.432828426361084, "p_rf": 0.7820000052452087, "p_xgb": 0.9958487749099731, "date": "2026-03-24"}}, {"type": "Feature", "geometry": {"type": "Point", "coordinates": [-82.38333333503903, 35.591666667240005]}, "properties": {"p_logistic": 0.43193212151527405, "p_rf": 0.7979999780654907, "p_xgb": 0.9921894073486328, "date": "2026-03-24"}}, {"type": "Feature", "geometry": {"type": "Point", "coordinates": [-82.37500000170601, 35.591666667240005]}, "properties": {"p_logistic": 0.43135449290275574, "p_rf": 0.8220000267028809, "p_xgb": 0.9921894073486328, "date": "2026-03-24"}}, {"type": "Feature", "geometry": {"type": "Point", "coordinates": [-82.36666666837301, 35.591666667240005]}, "properties": {"p_logistic": 0.4317746162414551, "p_rf": 0.7739999890327454, "p_xgb": 0.9872528910636902, "date": "2026-03-24"}}, {"type": "Feature", "geometry": {"type": "Point", "coordinates": [-82.35833333504002, 35.591666667240005]}, "properties": {"p_logistic": 0.43205201625823975, "p_rf": 0.765999972820282, "p_xgb": 0.9872528910636902, "date": "2026-03-24"}}, {"type": "Feature", "geometry": {"type": "Point", "coordinates": [-82.35000000170702, 35.591666667240005]}, "properties": {"p_logistic": 0.43268585205078125, "p_rf": 0.7639999985694885, "p_xgb": 0.9872528910636902, "date": "2026-03-24"}}, {"type": "Feature", "geometry": {"type": "Point", "coordinates": [-82.34166666837402, 35.591666667240005]}, "properties": {"p_logistic": 0.433246374130249, "p_rf": 0.7580000162124634, "p_xgb": 0.9872528910636902, "date": "2026-03-24"}}, {"type": "Feature", "geometry": {"type": "Point", "coordinates": [-82.33333333504102, 35.591666667240005]}, "properties": {"p_logistic": 0.4343065619468689, "p_rf": 0.7419999837875366, "p_xgb": 0.9870429039001465, "date": "2026-03-24"}}, {"type": "Feature", "geometry": {"type": "Point", "coordinates": [-82.32500000170802, 35.591666667240005]}, "properties": {"p_logistic": 0.4354483187198639, "p_rf": 0.7059999704360962, "p_xgb": 0.9863747358322144, "date": "2026-03-24"}}, {"type": "Feature", "geometry": {"type": "Point", "coordinates": [-82.31666666837502, 35.591666667240005]}, "properties": {"p_logistic": 0.4372687041759491, "p_rf": 0.6840000152587891, "p_xgb": 0.9863747358322144, "date": "2026-03-24"}}, {"type": "Feature", "geometry": {"type": "Point", "coordinates": [-82.30833333504202, 35.591666667240005]}, "properties": {"p_logistic": 0.4391053318977356, "p_rf": 0.6700000166893005, "p_xgb": 0.9847682118415833, "date": "2026-03-24"}}, {"type": "Feature", "geometry": {"type": "Point", "coordinates": [-82.30000000170901, 35.591666667240005]}, "properties": {"p_logistic": 0.44074204564094543, "p_rf": 0.6819999814033508, "p_xgb": 0.984117329120636, "date": "2026-03-24"}}, {"type": "Feature", "geometry": {"type": "Point", "coordinates": [-82.29166666837602, 35.591666667240005]}, "properties": {"p_logistic": 0.44217273592948914, "p_rf": 0.6679999828338623, "p_xgb": 0.9752581715583801, "date": "2026-03-24"}}, {"type": "Feature", "geometry": {"type": "Point", "coordinates": [-82.77500000169002, 35.58333333390701]}, "properties": {"p_logistic": 0.4239797294139862, "p_rf": 0.7360000014305115, "p_xgb": 0.995248019695282, "date": "2026-03-24"}}, {"type": "Feature", "geometry": {"type": "Point", "coordinates": [-82.76666666835702, 35.58333333390701]}, "properties": {"p_logistic": 0.42440271377563477, "p_rf": 0.777999997138977, "p_xgb": 0.9955568909645081, "date": "2026-03-24"}}, {"type": "Feature", "geometry": {"type": "Point", "coordinates": [-82.75833333502402, 35.58333333390701]}, "properties": {"p_logistic": 0.42531850934028625, "p_rf": 0.8019999861717224, "p_xgb": 0.9957868456840515, "date": "2026-03-24"}}, {"type": "Feature", "geometry": {"type": "Point", "coordinates": [-82.75000000169102, 35.58333333390701]}, "properties": {"p_logistic": 0.42588865756988525, "p_rf": 0.7979999780654907, "p_xgb": 0.9958357810974121, "date": "2026-03-24"}}, {"type": "Feature", "geometry": {"type": "Point", "coordinates": [-82.74166666835802, 35.58333333390701]}, "properties": {"p_logistic": 0.4264559745788574, "p_rf": 0.7919999957084656, "p_xgb": 0.9958357810974121, "date": "2026-03-24"}}, {"type": "Feature", "geometry": {"type": "Point", "coordinates": [-82.73333333502501, 35.58333333390701]}, "properties": {"p_logistic": 0.42702776193618774, "p_rf": 0.8080000281333923, "p_xgb": 0.9921894073486328, "date": "2026-03-24"}}, {"type": "Feature", "geometry": {"type": "Point", "coordinates": [-82.72500000169202, 35.58333333390701]}, "properties": {"p_logistic": 0.4267570376396179, "p_rf": 0.8240000009536743, "p_xgb": 0.9921894073486328, "date": "2026-03-24"}}, {"type": "Feature", "geometry": {"type": "Point", "coordinates": [-82.71666666835901, 35.58333333390701]}, "properties": {"p_logistic": 0.42655059695243835, "p_rf": 0.8040000200271606, "p_xgb": 0.9917647242546082, "date": "2026-03-24"}}, {"type": "Feature", "geometry": {"type": "Point", "coordinates": [-82.70833333502603, 35.58333333390701]}, "properties": {"p_logistic": 0.42585667967796326, "p_rf": 0.7820000052452087, "p_xgb": 0.989673376083374, "date": "2026-03-24"}}, {"type": "Feature", "geometry": {"type": "Point", "coordinates": [-82.70000000169301, 35.58333333390701]}, "properties": {"p_logistic": 0.42502647638320923, "p_rf": 0.7599999904632568, "p_xgb": 0.985511302947998, "date": "2026-03-24"}}, {"type": "Feature", "geometry": {"type": "Point", "coordinates": [-82.69166666836001, 35.58333333390701]}, "properties": {"p_logistic": 0.42403221130371094, "p_rf": 0.7540000081062317, "p_xgb": 0.9852730631828308, "date": "2026-03-24"}}, {"type": "Feature", "geometry": {"type": "Point", "coordinates": [-82.68333333502702, 35.58333333390701]}, "properties": {"p_logistic": 0.4234564006328583, "p_rf": 0.7580000162124634, "p_xgb": 0.9855692982673645, "date": "2026-03-24"}}, {"type": "Feature", "geometry": {"type": "Point", "coordinates": [-82.67500000169402, 35.58333333390701]}, "properties": {"p_logistic": 0.4236792027950287, "p_rf": 0.7680000066757202, "p_xgb": 0.985511302947998, "date": "2026-03-24"}}, {"type": "Feature", "geometry": {"type": "Point", "coordinates": [-82.66666666836102, 35.58333333390701]}, "properties": {"p_logistic": 0.4248124361038208, "p_rf": 0.7680000066757202, "p_xgb": 0.985511302947998, "date": "2026-03-24"}}, {"type": "Feature", "geometry": {"type": "Point", "coordinates": [-82.65833333502802, 35.58333333390701]}, "properties": {"p_logistic": 0.42666569352149963, "p_rf": 0.7599999904632568, "p_xgb": 0.9865634441375732, "date": "2026-03-24"}}, {"type": "Feature", "geometry": {"type": "Point", "coordinates": [-82.65000000169502, 35.58333333390701]}, "properties": {"p_logistic": 0.4291486144065857, "p_rf": 0.7540000081062317, "p_xgb": 0.9872528910636902, "date": "2026-03-24"}}, {"type": "Feature", "geometry": {"type": "Point", "coordinates": [-82.64166666836202, 35.58333333390701]}, "properties": {"p_logistic": 0.4325033128261566, "p_rf": 0.7680000066757202, "p_xgb": 0.9872528910636902, "date": "2026-03-24"}}, {"type": "Feature", "geometry": {"type": "Point", "coordinates": [-82.63333333502902, 35.58333333390701]}, "properties": {"p_logistic": 0.4361722767353058, "p_rf": 0.7720000147819519, "p_xgb": 0.9872528910636902, "date": "2026-03-24"}}, {"type": "Feature", "geometry": {"type": "Point", "coordinates": [-82.62500000169601, 35.58333333390701]}, "properties": {"p_logistic": 0.43825748562812805, "p_rf": 0.7960000038146973, "p_xgb": 0.9870356917381287, "date": "2026-03-24"}}, {"type": "Feature", "geometry": {"type": "Point", "coordinates": [-82.61666666836302, 35.58333333390701]}, "properties": {"p_logistic": 0.438983291387558, "p_rf": 0.7459999918937683, "p_xgb": 0.9874387383460999, "date": "2026-03-24"}}, {"type": "Feature", "geometry": {"type": "Point", "coordinates": [-82.60833333503001, 35.58333333390701]}, "properties": {"p_logistic": 0.43915000557899475, "p_rf": 0.734000027179718, "p_xgb": 0.9883632063865662, "date": "2026-03-24"}}, {"type": "Feature", "geometry": {"type": "Point", "coordinates": [-82.60000000169703, 35.58333333390701]}, "properties": {"p_logistic": 0.4389813244342804, "p_rf": 0.7239999771118164, "p_xgb": 0.9960377216339111, "date": "2026-03-24"}}, {"type": "Feature", "geometry": {"type": "Point", "coordinates": [-82.59166666836401, 35.58333333390701]}, "properties": {"p_logistic": 0.43903622031211853, "p_rf": 0.7080000042915344, "p_xgb": 0.9958820343017578, "date": "2026-03-24"}}, {"type": "Feature", "geometry": {"type": "Point", "coordinates": [-82.58333333503101, 35.58333333390701]}, "properties": {"p_logistic": 0.43868884444236755, "p_rf": 0.6980000138282776, "p_xgb": 0.997765064239502, "date": "2026-03-24"}}, {"type": "Feature", "geometry": {"type": "Point", "coordinates": [-82.57500000169802, 35.58333333390701]}, "properties": {"p_logistic": 0.43769991397857666, "p_rf": 0.6840000152587891, "p_xgb": 0.9925833940505981, "date": "2026-03-24"}}, {"type": "Feature", "geometry": {"type": "Point", "coordinates": [-82.56666666836502, 35.58333333390701]}, "properties": {"p_logistic": 0.43677371740341187, "p_rf": 0.6579999923706055, "p_xgb": 0.992088794708252, "date": "2026-03-24"}}, {"type": "Feature", "geometry": {"type": "Point", "coordinates": [-82.55833333503202, 35.58333333390701]}, "properties": {"p_logistic": 0.43596357107162476, "p_rf": 0.671999990940094, "p_xgb": 0.991879403591156, "date": "2026-03-24"}}, {"type": "Feature", "geometry": {"type": "Point", "coordinates": [-82.55000000169902, 35.58333333390701]}, "properties": {"p_logistic": 0.43460094928741455, "p_rf": 0.6800000071525574, "p_xgb": 0.992659866809845, "date": "2026-03-24"}}, {"type": "Feature", "geometry": {"type": "Point", "coordinates": [-82.54166666836602, 35.58333333390701]}, "properties": {"p_logistic": 0.43271300196647644, "p_rf": 0.6899999976158142, "p_xgb": 0.986533522605896, "date": "2026-03-24"}}, {"type": "Feature", "geometry": {"type": "Point", "coordinates": [-82.53333333503302, 35.58333333390701]}, "properties": {"p_logistic": 0.43466153740882874, "p_rf": 0.671999990940094, "p_xgb": 0.9847566485404968, "date": "2026-03-24"}}, {"type": "Feature", "geometry": {"type": "Point", "coordinates": [-82.52500000170002, 35.58333333390701]}, "properties": {"p_logistic": 0.4356897473335266, "p_rf": 0.6579999923706055, "p_xgb": 0.9851469397544861, "date": "2026-03-24"}}, {"type": "Feature", "geometry": {"type": "Point", "coordinates": [-82.51666666836701, 35.58333333390701]}, "properties": {"p_logistic": 0.4367682635784149, "p_rf": 0.6679999828338623, "p_xgb": 0.9851469397544861, "date": "2026-03-24"}}, {"type": "Feature", "geometry": {"type": "Point", "coordinates": [-82.50833333503402, 35.58333333390701]}, "properties": {"p_logistic": 0.43919336795806885, "p_rf": 0.6679999828338623, "p_xgb": 0.9920617341995239, "date": "2026-03-24"}}, {"type": "Feature", "geometry": {"type": "Point", "coordinates": [-82.50000000170101, 35.58333333390701]}, "properties": {"p_logistic": 0.44051986932754517, "p_rf": 0.7020000219345093, "p_xgb": 0.9954990744590759, "date": "2026-03-24"}}, {"type": "Feature", "geometry": {"type": "Point", "coordinates": [-82.49166666836803, 35.58333333390701]}, "properties": {"p_logistic": 0.44103753566741943, "p_rf": 0.6759999990463257, "p_xgb": 0.9954990744590759, "date": "2026-03-24"}}, {"type": "Feature", "geometry": {"type": "Point", "coordinates": [-82.48333333503501, 35.58333333390701]}, "properties": {"p_logistic": 0.44065144658088684, "p_rf": 0.671999990940094, "p_xgb": 0.9947762489318848, "date": "2026-03-24"}}, {"type": "Feature", "geometry": {"type": "Point", "coordinates": [-82.47500000170201, 35.58333333390701]}, "properties": {"p_logistic": 0.4404671788215637, "p_rf": 0.6520000100135803, "p_xgb": 0.9927500486373901, "date": "2026-03-24"}}, {"type": "Feature", "geometry": {"type": "Point", "coordinates": [-82.46666666836902, 35.58333333390701]}, "properties": {"p_logistic": 0.4408082664012909, "p_rf": 0.6700000166893005, "p_xgb": 0.9978154897689819, "date": "2026-03-24"}}, {"type": "Feature", "geometry": {"type": "Point", "coordinates": [-82.45833333503602, 35.58333333390701]}, "properties": {"p_logistic": 0.4408183991909027, "p_rf": 0.7260000109672546, "p_xgb": 0.9971489310264587, "date": "2026-03-24"}}, {"type": "Feature", "geometry": {"type": "Point", "coordinates": [-82.45000000170302, 35.58333333390701]}, "properties": {"p_logistic": 0.44101834297180176, "p_rf": 0.7580000162124634, "p_xgb": 0.9971489310264587, "date": "2026-03-24"}}, {"type": "Feature", "geometry": {"type": "Point", "coordinates": [-82.44166666837002, 35.58333333390701]}, "properties": {"p_logistic": 0.44159823656082153, "p_rf": 0.7179999947547913, "p_xgb": 0.9940692186355591, "date": "2026-03-24"}}, {"type": "Feature", "geometry": {"type": "Point", "coordinates": [-82.43333333503702, 35.58333333390701]}, "properties": {"p_logistic": 0.4427059292793274, "p_rf": 0.6959999799728394, "p_xgb": 0.9940692186355591, "date": "2026-03-24"}}, {"type": "Feature", "geometry": {"type": "Point", "coordinates": [-82.42500000170402, 35.58333333390701]}, "properties": {"p_logistic": 0.4416687488555908, "p_rf": 0.6819999814033508, "p_xgb": 0.9915140867233276, "date": "2026-03-24"}}, {"type": "Feature", "geometry": {"type": "Point", "coordinates": [-82.41666666837102, 35.58333333390701]}, "properties": {"p_logistic": 0.4401217997074127, "p_rf": 0.7160000205039978, "p_xgb": 0.9928245544433594, "date": "2026-03-24"}}, {"type": "Feature", "geometry": {"type": "Point", "coordinates": [-82.40833333503801, 35.58333333390701]}, "properties": {"p_logistic": 0.43769100308418274, "p_rf": 0.7160000205039978, "p_xgb": 0.9929929971694946, "date": "2026-03-24"}}, {"type": "Feature", "geometry": {"type": "Point", "coordinates": [-82.40000000170502, 35.58333333390701]}, "properties": {"p_logistic": 0.4360363781452179, "p_rf": 0.7580000162124634, "p_xgb": 0.9924335479736328, "date": "2026-03-24"}}, {"type": "Feature", "geometry": {"type": "Point", "coordinates": [-82.39166666837201, 35.58333333390701]}, "properties": {"p_logistic": 0.4343532621860504, "p_rf": 0.7639999985694885, "p_xgb": 0.9924335479736328, "date": "2026-03-24"}}, {"type": "Feature", "geometry": {"type": "Point", "coordinates": [-82.38333333503903, 35.58333333390701]}, "properties": {"p_logistic": 0.43292415142059326, "p_rf": 0.7639999985694885, "p_xgb": 0.9924335479736328, "date": "2026-03-24"}}, {"type": "Feature", "geometry": {"type": "Point", "coordinates": [-82.37500000170601, 35.58333333390701]}, "properties": {"p_logistic": 0.43231093883514404, "p_rf": 0.7820000052452087, "p_xgb": 0.9874387383460999, "date": "2026-03-24"}}, {"type": "Feature", "geometry": {"type": "Point", "coordinates": [-82.36666666837301, 35.58333333390701]}, "properties": {"p_logistic": 0.4317110478878021, "p_rf": 0.777999997138977, "p_xgb": 0.9870356917381287, "date": "2026-03-24"}}, {"type": "Feature", "geometry": {"type": "Point", "coordinates": [-82.35833333504002, 35.58333333390701]}, "properties": {"p_logistic": 0.43185344338417053, "p_rf": 0.7739999890327454, "p_xgb": 0.9870356917381287, "date": "2026-03-24"}}, {"type": "Feature", "geometry": {"type": "Point", "coordinates": [-82.35000000170702, 35.58333333390701]}, "properties": {"p_logistic": 0.43207141757011414, "p_rf": 0.765999972820282, "p_xgb": 0.9870356917381287, "date": "2026-03-24"}}, {"type": "Feature", "geometry": {"type": "Point", "coordinates": [-82.34166666837402, 35.58333333390701]}, "properties": {"p_logistic": 0.4329976737499237, "p_rf": 0.7680000066757202, "p_xgb": 0.9870356917381287, "date": "2026-03-24"}}, {"type": "Feature", "geometry": {"type": "Point", "coordinates": [-82.33333333504102, 35.58333333390701]}, "properties": {"p_logistic": 0.43487921357154846, "p_rf": 0.7360000014305115, "p_xgb": 0.9859122633934021, "date": "2026-03-24"}}, {"type": "Feature", "geometry": {"type": "Point", "coordinates": [-82.32500000170802, 35.58333333390701]}, "properties": {"p_logistic": 0.4366321563720703, "p_rf": 0.7400000095367432, "p_xgb": 0.9857484698295593, "date": "2026-03-24"}}, {"type": "Feature", "geometry": {"type": "Point", "coordinates": [-82.31666666837502, 35.58333333390701]}, "properties": {"p_logistic": 0.43898805975914, "p_rf": 0.7160000205039978, "p_xgb": 0.9857484698295593, "date": "2026-03-24"}}, {"type": "Feature", "geometry": {"type": "Point", "coordinates": [-82.30833333504202, 35.58333333390701]}, "properties": {"p_logistic": 0.44147661328315735, "p_rf": 0.6899999976158142, "p_xgb": 0.9783390760421753, "date": "2026-03-24"}}, {"type": "Feature", "geometry": {"type": "Point", "coordinates": [-82.30000000170901, 35.58333333390701]}, "properties": {"p_logistic": 0.4425847828388214, "p_rf": 0.6499999761581421, "p_xgb": 0.9772322773933411, "date": "2026-03-24"}}, {"type": "Feature", "geometry": {"type": "Point", "coordinates": [-82.29166666837602, 35.58333333390701]}, "properties": {"p_logistic": 0.4437441825866699, "p_rf": 0.6320000290870667, "p_xgb": 0.9772322773933411, "date": "2026-03-24"}}, {"type": "Feature", "geometry": {"type": "Point", "coordinates": [-82.28333333504301, 35.58333333390701]}, "properties": {"p_logistic": 0.44600799679756165, "p_rf": 0.6420000195503235, "p_xgb": 0.9778974652290344, "date": "2026-03-24"}}, {"type": "Feature", "geometry": {"type": "Point", "coordinates": [-82.76666666835702, 35.57500000057401]}, "properties": {"p_logistic": 0.42965710163116455, "p_rf": 0.734000027179718, "p_xgb": 0.9917889833450317, "date": "2026-03-24"}}, {"type": "Feature", "geometry": {"type": "Point", "coordinates": [-82.75833333502402, 35.57500000057401]}, "properties": {"p_logistic": 0.4294334948062897, "p_rf": 0.7720000147819519, "p_xgb": 0.9921938180923462, "date": "2026-03-24"}}, {"type": "Feature", "geometry": {"type": "Point", "coordinates": [-82.75000000169102, 35.57500000057401]}, "properties": {"p_logistic": 0.43009746074676514, "p_rf": 0.7879999876022339, "p_xgb": 0.9923209547996521, "date": "2026-03-24"}}, {"type": "Feature", "geometry": {"type": "Point", "coordinates": [-82.74166666835802, 35.57500000057401]}, "properties": {"p_logistic": 0.4302656948566437, "p_rf": 0.7860000133514404, "p_xgb": 0.9924098253250122, "date": "2026-03-24"}}, {"type": "Feature", "geometry": {"type": "Point", "coordinates": [-82.73333333502501, 35.57500000057401]}, "properties": {"p_logistic": 0.43045076727867126, "p_rf": 0.8199999928474426, "p_xgb": 0.9921894073486328, "date": "2026-03-24"}}, {"type": "Feature", "geometry": {"type": "Point", "coordinates": [-82.72500000169202, 35.57500000057401]}, "properties": {"p_logistic": 0.430128812789917, "p_rf": 0.7919999957084656, "p_xgb": 0.9870356917381287, "date": "2026-03-24"}}, {"type": "Feature", "geometry": {"type": "Point", "coordinates": [-82.71666666835901, 35.57500000057401]}, "properties": {"p_logistic": 0.4299214482307434, "p_rf": 0.8019999861717224, "p_xgb": 0.9870356917381287, "date": "2026-03-24"}}, {"type": "Feature", "geometry": {"type": "Point", "coordinates": [-82.70833333502603, 35.57500000057401]}, "properties": {"p_logistic": 0.42983582615852356, "p_rf": 0.7639999985694885, "p_xgb": 0.9872528910636902, "date": "2026-03-24"}}, {"type": "Feature", "geometry": {"type": "Point", "coordinates": [-82.70000000169301, 35.57500000057401]}, "properties": {"p_logistic": 0.4293777644634247, "p_rf": 0.7059999704360962, "p_xgb": 0.985638439655304, "date": "2026-03-24"}}, {"type": "Feature", "geometry": {"type": "Point", "coordinates": [-82.69166666836001, 35.57500000057401]}, "properties": {"p_logistic": 0.4290671646595001, "p_rf": 0.6919999718666077, "p_xgb": 0.985638439655304, "date": "2026-03-24"}}, {"type": "Feature", "geometry": {"type": "Point", "coordinates": [-82.68333333502702, 35.57500000057401]}, "properties": {"p_logistic": 0.42893731594085693, "p_rf": 0.6919999718666077, "p_xgb": 0.985638439655304, "date": "2026-03-24"}}, {"type": "Feature", "geometry": {"type": "Point", "coordinates": [-82.67500000169402, 35.57500000057401]}, "properties": {"p_logistic": 0.4286741316318512, "p_rf": 0.699999988079071, "p_xgb": 0.985638439655304, "date": "2026-03-24"}}, {"type": "Feature", "geometry": {"type": "Point", "coordinates": [-82.66666666836102, 35.57500000057401]}, "properties": {"p_logistic": 0.42959699034690857, "p_rf": 0.6919999718666077, "p_xgb": 0.9863747358322144, "date": "2026-03-24"}}, {"type": "Feature", "geometry": {"type": "Point", "coordinates": [-82.65833333502802, 35.57500000057401]}, "properties": {"p_logistic": 0.4309162497520447, "p_rf": 0.6980000138282776, "p_xgb": 0.9863747358322144, "date": "2026-03-24"}}, {"type": "Feature", "geometry": {"type": "Point", "coordinates": [-82.65000000169502, 35.57500000057401]}, "properties": {"p_logistic": 0.4337243139743805, "p_rf": 0.6980000138282776, "p_xgb": 0.9863747358322144, "date": "2026-03-24"}}, {"type": "Feature", "geometry": {"type": "Point", "coordinates": [-82.64166666836202, 35.57500000057401]}, "properties": {"p_logistic": 0.4364919364452362, "p_rf": 0.6980000138282776, "p_xgb": 0.9863747358322144, "date": "2026-03-24"}}, {"type": "Feature", "geometry": {"type": "Point", "coordinates": [-82.63333333502902, 35.57500000057401]}, "properties": {"p_logistic": 0.4387543499469757, "p_rf": 0.7099999785423279, "p_xgb": 0.9865735769271851, "date": "2026-03-24"}}, {"type": "Feature", "geometry": {"type": "Point", "coordinates": [-82.62500000169601, 35.57500000057401]}, "properties": {"p_logistic": 0.4402896463871002, "p_rf": 0.777999997138977, "p_xgb": 0.9872249960899353, "date": "2026-03-24"}}, {"type": "Feature", "geometry": {"type": "Point", "coordinates": [-82.61666666836302, 35.57500000057401]}, "properties": {"p_logistic": 0.4405926465988159, "p_rf": 0.7639999985694885, "p_xgb": 0.9876223206520081, "date": "2026-03-24"}}, {"type": "Feature", "geometry": {"type": "Point", "coordinates": [-82.60833333503001, 35.57500000057401]}, "properties": {"p_logistic": 0.44041720032691956, "p_rf": 0.7480000257492065, "p_xgb": 0.9883632063865662, "date": "2026-03-24"}}, {"type": "Feature", "geometry": {"type": "Point", "coordinates": [-82.60000000169703, 35.57500000057401]}, "properties": {"p_logistic": 0.4402627646923065, "p_rf": 0.7580000162124634, "p_xgb": 0.9944522976875305, "date": "2026-03-24"}}, {"type": "Feature", "geometry": {"type": "Point", "coordinates": [-82.59166666836401, 35.57500000057401]}, "properties": {"p_logistic": 0.4405808448791504, "p_rf": 0.7519999742507935, "p_xgb": 0.9980888962745667, "date": "2026-03-24"}}, {"type": "Feature", "geometry": {"type": "Point", "coordinates": [-82.58333333503101, 35.57500000057401]}, "properties": {"p_logistic": 0.440110981464386, "p_rf": 0.7300000190734863, "p_xgb": 0.9929201006889343, "date": "2026-03-24"}}, {"type": "Feature", "geometry": {"type": "Point", "coordinates": [-82.57500000169802, 35.57500000057401]}, "properties": {"p_logistic": 0.43868178129196167, "p_rf": 0.7039999961853027, "p_xgb": 0.9920617341995239, "date": "2026-03-24"}}, {"type": "Feature", "geometry": {"type": "Point", "coordinates": [-82.56666666836502, 35.57500000057401]}, "properties": {"p_logistic": 0.4370836019515991, "p_rf": 0.7179999947547913, "p_xgb": 0.992993175983429, "date": "2026-03-24"}}, {"type": "Feature", "geometry": {"type": "Point", "coordinates": [-82.55833333503202, 35.57500000057401]}, "properties": {"p_logistic": 0.4356743097305298, "p_rf": 0.7179999947547913, "p_xgb": 0.992993175983429, "date": "2026-03-24"}}, {"type": "Feature", "geometry": {"type": "Point", "coordinates": [-82.55000000169902, 35.57500000057401]}, "properties": {"p_logistic": 0.4340725243091583, "p_rf": 0.7059999704360962, "p_xgb": 0.991951584815979, "date": "2026-03-24"}}, {"type": "Feature", "geometry": {"type": "Point", "coordinates": [-82.54166666836602, 35.57500000057401]}, "properties": {"p_logistic": 0.4356587529182434, "p_rf": 0.6779999732971191, "p_xgb": 0.992993175983429, "date": "2026-03-24"}}, {"type": "Feature", "geometry": {"type": "Point", "coordinates": [-82.53333333503302, 35.57500000057401]}, "properties": {"p_logistic": 0.43808192014694214, "p_rf": 0.6800000071525574, "p_xgb": 0.9928247928619385, "date": "2026-03-24"}}, {"type": "Feature", "geometry": {"type": "Point", "coordinates": [-82.52500000170002, 35.57500000057401]}, "properties": {"p_logistic": 0.43987882137298584, "p_rf": 0.6579999923706055, "p_xgb": 0.9918712377548218, "date": "2026-03-24"}}, {"type": "Feature", "geometry": {"type": "Point", "coordinates": [-82.51666666836701, 35.57500000057401]}, "properties": {"p_logistic": 0.4409855902194977, "p_rf": 0.6380000114440918, "p_xgb": 0.9949113726615906, "date": "2026-03-24"}}, {"type": "Feature", "geometry": {"type": "Point", "coordinates": [-82.50833333503402, 35.57500000057401]}, "properties": {"p_logistic": 0.4427773058414459, "p_rf": 0.6520000100135803, "p_xgb": 0.9947762489318848, "date": "2026-03-24"}}, {"type": "Feature", "geometry": {"type": "Point", "coordinates": [-82.50000000170101, 35.57500000057401]}, "properties": {"p_logistic": 0.44343745708465576, "p_rf": 0.6499999761581421, "p_xgb": 0.9953906536102295, "date": "2026-03-24"}}, {"type": "Feature", "geometry": {"type": "Point", "coordinates": [-82.49166666836803, 35.57500000057401]}, "properties": {"p_logistic": 0.44320976734161377, "p_rf": 0.6539999842643738, "p_xgb": 0.99454665184021, "date": "2026-03-24"}}, {"type": "Feature", "geometry": {"type": "Point", "coordinates": [-82.48333333503501, 35.57500000057401]}, "properties": {"p_logistic": 0.4426268935203552, "p_rf": 0.699999988079071, "p_xgb": 0.995137631893158, "date": "2026-03-24"}}, {"type": "Feature", "geometry": {"type": "Point", "coordinates": [-82.47500000170201, 35.57500000057401]}, "properties": {"p_logistic": 0.44206053018569946, "p_rf": 0.7360000014305115, "p_xgb": 0.9977192282676697, "date": "2026-03-24"}}, {"type": "Feature", "geometry": {"type": "Point", "coordinates": [-82.46666666836902, 35.57500000057401]}, "properties": {"p_logistic": 0.4416792094707489, "p_rf": 0.7860000133514404, "p_xgb": 0.9978728294372559, "date": "2026-03-24"}}, {"type": "Feature", "geometry": {"type": "Point", "coordinates": [-82.45833333503602, 35.57500000057401]}, "properties": {"p_logistic": 0.4414733350276947, "p_rf": 0.7879999876022339, "p_xgb": 0.9975715279579163, "date": "2026-03-24"}}, {"type": "Feature", "geometry": {"type": "Point", "coordinates": [-82.45000000170302, 35.57500000057401]}, "properties": {"p_logistic": 0.44077983498573303, "p_rf": 0.7860000133514404, "p_xgb": 0.9949460625648499, "date": "2026-03-24"}}, {"type": "Feature", "geometry": {"type": "Point", "coordinates": [-82.44166666837002, 35.57500000057401]}, "properties": {"p_logistic": 0.4405507445335388, "p_rf": 0.7260000109672546, "p_xgb": 0.9925098419189453, "date": "2026-03-24"}}, {"type": "Feature", "geometry": {"type": "Point", "coordinates": [-82.43333333503702, 35.57500000057401]}, "properties": {"p_logistic": 0.4405502676963806, "p_rf": 0.7039999961853027, "p_xgb": 0.9925098419189453, "date": "2026-03-24"}}, {"type": "Feature", "geometry": {"type": "Point", "coordinates": [-82.42500000170402, 35.57500000057401]}, "properties": {"p_logistic": 0.43993452191352844, "p_rf": 0.6819999814033508, "p_xgb": 0.9880849719047546, "date": "2026-03-24"}}, {"type": "Feature", "geometry": {"type": "Point", "coordinates": [-82.41666666837102, 35.57500000057401]}, "properties": {"p_logistic": 0.43809565901756287, "p_rf": 0.7120000123977661, "p_xgb": 0.9873265624046326, "date": "2026-03-24"}}, {"type": "Feature", "geometry": {"type": "Point", "coordinates": [-82.40833333503801, 35.57500000057401]}, "properties": {"p_logistic": 0.4365632236003876, "p_rf": 0.7120000123977661, "p_xgb": 0.9871386885643005, "date": "2026-03-24"}}, {"type": "Feature", "geometry": {"type": "Point", "coordinates": [-82.40000000170502, 35.57500000057401]}, "properties": {"p_logistic": 0.43538254499435425, "p_rf": 0.722000002861023, "p_xgb": 0.9874387383460999, "date": "2026-03-24"}}, {"type": "Feature", "geometry": {"type": "Point", "coordinates": [-82.39166666837201, 35.57500000057401]}, "properties": {"p_logistic": 0.43390899896621704, "p_rf": 0.7379999756813049, "p_xgb": 0.9874387383460999, "date": "2026-03-24"}}, {"type": "Feature", "geometry": {"type": "Point", "coordinates": [-82.38333333503903, 35.57500000057401]}, "properties": {"p_logistic": 0.4324744641780853, "p_rf": 0.75, "p_xgb": 0.9910522103309631, "date": "2026-03-24"}}, {"type": "Feature", "geometry": {"type": "Point", "coordinates": [-82.37500000170601, 35.57500000057401]}, "properties": {"p_logistic": 0.43190035223960876, "p_rf": 0.7459999918937683, "p_xgb": 0.9874387383460999, "date": "2026-03-24"}}, {"type": "Feature", "geometry": {"type": "Point", "coordinates": [-82.36666666837301, 35.57500000057401]}, "properties": {"p_logistic": 0.4326617419719696, "p_rf": 0.7419999837875366, "p_xgb": 0.9874387383460999, "date": "2026-03-24"}}, {"type": "Feature", "geometry": {"type": "Point", "coordinates": [-82.35833333504002, 35.57500000057401]}, "properties": {"p_logistic": 0.43338194489479065, "p_rf": 0.7319999933242798, "p_xgb": 0.9859559535980225, "date": "2026-03-24"}}, {"type": "Feature", "geometry": {"type": "Point", "coordinates": [-82.35000000170702, 35.57500000057401]}, "properties": {"p_logistic": 0.4347149729728699, "p_rf": 0.7139999866485596, "p_xgb": 0.9851973652839661, "date": "2026-03-24"}}, {"type": "Feature", "geometry": {"type": "Point", "coordinates": [-82.34166666837402, 35.57500000057401]}, "properties": {"p_logistic": 0.43594595789909363, "p_rf": 0.6899999976158142, "p_xgb": 0.9778690934181213, "date": "2026-03-24"}}, {"type": "Feature", "geometry": {"type": "Point", "coordinates": [-82.33333333504102, 35.57500000057401]}, "properties": {"p_logistic": 0.4377460181713104, "p_rf": 0.699999988079071, "p_xgb": 0.9778690934181213, "date": "2026-03-24"}}, {"type": "Feature", "geometry": {"type": "Point", "coordinates": [-82.32500000170802, 35.57500000057401]}, "properties": {"p_logistic": 0.4394211173057556, "p_rf": 0.7080000042915344, "p_xgb": 0.9783270955085754, "date": "2026-03-24"}}, {"type": "Feature", "geometry": {"type": "Point", "coordinates": [-82.31666666837502, 35.57500000057401]}, "properties": {"p_logistic": 0.44202491641044617, "p_rf": 0.7080000042915344, "p_xgb": 0.9783270955085754, "date": "2026-03-24"}}, {"type": "Feature", "geometry": {"type": "Point", "coordinates": [-82.30833333504202, 35.57500000057401]}, "properties": {"p_logistic": 0.4443816840648651, "p_rf": 0.7020000219345093, "p_xgb": 0.9789609909057617, "date": "2026-03-24"}}, {"type": "Feature", "geometry": {"type": "Point", "coordinates": [-82.30000000170901, 35.57500000057401]}, "properties": {"p_logistic": 0.4451845586299896, "p_rf": 0.7160000205039978, "p_xgb": 0.9789609909057617, "date": "2026-03-24"}}, {"type": "Feature", "geometry": {"type": "Point", "coordinates": [-82.29166666837602, 35.57500000057401]}, "properties": {"p_logistic": 0.4457095265388489, "p_rf": 0.7319999933242798, "p_xgb": 0.9789609909057617, "date": "2026-03-24"}}, {"type": "Feature", "geometry": {"type": "Point", "coordinates": [-82.28333333504301, 35.57500000057401]}, "properties": {"p_logistic": 0.4478015899658203, "p_rf": 0.6880000233650208, "p_xgb": 0.9771814346313477, "date": "2026-03-24"}}, {"type": "Feature", "geometry": {"type": "Point", "coordinates": [-82.27500000171003, 35.57500000057401]}, "properties": {"p_logistic": 0.4514870345592499, "p_rf": 0.5479999780654907, "p_xgb": 0.971527099609375, "date": "2026-03-24"}}, {"type": "Feature", "geometry": {"type": "Point", "coordinates": [-82.76666666835702, 35.566666667241]}, "properties": {"p_logistic": 0.4328821897506714, "p_rf": 0.7419999837875366, "p_xgb": 0.9914354681968689, "date": "2026-03-24"}}, {"type": "Feature", "geometry": {"type": "Point", "coordinates": [-82.75833333502402, 35.566666667241]}, "properties": {"p_logistic": 0.43304306268692017, "p_rf": 0.7300000190734863, "p_xgb": 0.9917889833450317, "date": "2026-03-24"}}, {"type": "Feature", "geometry": {"type": "Point", "coordinates": [-82.75000000169102, 35.566666667241]}, "properties": {"p_logistic": 0.43332740664482117, "p_rf": 0.7699999809265137, "p_xgb": 0.9923209547996521, "date": "2026-03-24"}}, {"type": "Feature", "geometry": {"type": "Point", "coordinates": [-82.74166666835802, 35.566666667241]}, "properties": {"p_logistic": 0.43338707089424133, "p_rf": 0.7940000295639038, "p_xgb": 0.9870356917381287, "date": "2026-03-24"}}, {"type": "Feature", "geometry": {"type": "Point", "coordinates": [-82.73333333502501, 35.566666667241]}, "properties": {"p_logistic": 0.43325555324554443, "p_rf": 0.7900000214576721, "p_xgb": 0.9870356917381287, "date": "2026-03-24"}}, {"type": "Feature", "geometry": {"type": "Point", "coordinates": [-82.72500000169202, 35.566666667241]}, "properties": {"p_logistic": 0.43309587240219116, "p_rf": 0.7720000147819519, "p_xgb": 0.9870356917381287, "date": "2026-03-24"}}, {"type": "Feature", "geometry": {"type": "Point", "coordinates": [-82.71666666835901, 35.566666667241]}, "properties": {"p_logistic": 0.43363648653030396, "p_rf": 0.7900000214576721, "p_xgb": 0.9870356917381287, "date": "2026-03-24"}}, {"type": "Feature", "geometry": {"type": "Point", "coordinates": [-82.70833333502603, 35.566666667241]}, "properties": {"p_logistic": 0.4330590069293976, "p_rf": 0.7400000095367432, "p_xgb": 0.9870429039001465, "date": "2026-03-24"}}, {"type": "Feature", "geometry": {"type": "Point", "coordinates": [-82.70000000169301, 35.566666667241]}, "properties": {"p_logistic": 0.4327285885810852, "p_rf": 0.6779999732971191, "p_xgb": 0.9863747358322144, "date": "2026-03-24"}}, {"type": "Feature", "geometry": {"type": "Point", "coordinates": [-82.69166666836001, 35.566666667241]}, "properties": {"p_logistic": 0.4328746497631073, "p_rf": 0.6639999747276306, "p_xgb": 0.9863747358322144, "date": "2026-03-24"}}, {"type": "Feature", "geometry": {"type": "Point", "coordinates": [-82.68333333502702, 35.566666667241]}, "properties": {"p_logistic": 0.4332330524921417, "p_rf": 0.7020000219345093, "p_xgb": 0.9856998324394226, "date": "2026-03-24"}}, {"type": "Feature", "geometry": {"type": "Point", "coordinates": [-82.67500000169402, 35.566666667241]}, "properties": {"p_logistic": 0.4339597523212433, "p_rf": 0.7059999704360962, "p_xgb": 0.986518919467926, "date": "2026-03-24"}}, {"type": "Feature", "geometry": {"type": "Point", "coordinates": [-82.66666666836102, 35.566666667241]}, "properties": {"p_logistic": 0.43462640047073364, "p_rf": 0.7360000014305115, "p_xgb": 0.9862399697303772, "date": "2026-03-24"}}, {"type": "Feature", "geometry": {"type": "Point", "coordinates": [-82.65833333502802, 35.566666667241]}, "properties": {"p_logistic": 0.4363866150379181, "p_rf": 0.7559999823570251, "p_xgb": 0.9862399697303772, "date": "2026-03-24"}}, {"type": "Feature", "geometry": {"type": "Point", "coordinates": [-82.65000000169502, 35.566666667241]}, "properties": {"p_logistic": 0.4378454089164734, "p_rf": 0.7599999904632568, "p_xgb": 0.9864407181739807, "date": "2026-03-24"}}, {"type": "Feature", "geometry": {"type": "Point", "coordinates": [-82.64166666836202, 35.566666667241]}, "properties": {"p_logistic": 0.4396616518497467, "p_rf": 0.765999972820282, "p_xgb": 0.9872515201568604, "date": "2026-03-24"}}, {"type": "Feature", "geometry": {"type": "Point", "coordinates": [-82.63333333502902, 35.566666667241]}, "properties": {"p_logistic": 0.44109976291656494, "p_rf": 0.7200000286102295, "p_xgb": 0.9868354797363281, "date": "2026-03-24"}}, {"type": "Feature", "geometry": {"type": "Point", "coordinates": [-82.62500000169601, 35.566666667241]}, "properties": {"p_logistic": 0.4423465132713318, "p_rf": 0.75, "p_xgb": 0.9879961609840393, "date": "2026-03-24"}}, {"type": "Feature", "geometry": {"type": "Point", "coordinates": [-82.61666666836302, 35.566666667241]}, "properties": {"p_logistic": 0.44266411662101746, "p_rf": 0.7960000038146973, "p_xgb": 0.9879894256591797, "date": "2026-03-24"}}, {"type": "Feature", "geometry": {"type": "Point", "coordinates": [-82.60833333503001, 35.566666667241]}, "properties": {"p_logistic": 0.4423457086086273, "p_rf": 0.8059999942779541, "p_xgb": 0.9879894256591797, "date": "2026-03-24"}}, {"type": "Feature", "geometry": {"type": "Point", "coordinates": [-82.60000000169703, 35.566666667241]}, "properties": {"p_logistic": 0.4417479336261749, "p_rf": 0.7979999780654907, "p_xgb": 0.9942730069160461, "date": "2026-03-24"}}, {"type": "Feature", "geometry": {"type": "Point", "coordinates": [-82.59166666836401, 35.566666667241]}, "properties": {"p_logistic": 0.4412287473678589, "p_rf": 0.8019999861717224, "p_xgb": 0.9980269074440002, "date": "2026-03-24"}}, {"type": "Feature", "geometry": {"type": "Point", "coordinates": [-82.58333333503101, 35.566666667241]}, "properties": {"p_logistic": 0.44070106744766235, "p_rf": 0.7400000095367432, "p_xgb": 0.9926915764808655, "date": "2026-03-24"}}, {"type": "Feature", "geometry": {"type": "Point", "coordinates": [-82.57500000169802, 35.566666667241]}, "properties": {"p_logistic": 0.4392482340335846, "p_rf": 0.7519999742507935, "p_xgb": 0.9953534603118896, "date": "2026-03-24"}}, {"type": "Feature", "geometry": {"type": "Point", "coordinates": [-82.56666666836502, 35.566666667241]}, "properties": {"p_logistic": 0.4375147521495819, "p_rf": 0.75, "p_xgb": 0.9953534603118896, "date": "2026-03-24"}}, {"type": "Feature", "geometry": {"type": "Point", "coordinates": [-82.55833333503202, 35.566666667241]}, "properties": {"p_logistic": 0.4358624517917633, "p_rf": 0.7200000286102295, "p_xgb": 0.9948280453681946, "date": "2026-03-24"}}, {"type": "Feature", "geometry": {"type": "Point", "coordinates": [-82.55000000169902, 35.566666667241]}, "properties": {"p_logistic": 0.4346041679382324, "p_rf": 0.6980000138282776, "p_xgb": 0.9945713877677917, "date": "2026-03-24"}}, {"type": "Feature", "geometry": {"type": "Point", "coordinates": [-82.54166666836602, 35.566666667241]}, "properties": {"p_logistic": 0.43683937191963196, "p_rf": 0.7099999785423279, "p_xgb": 0.9948280453681946, "date": "2026-03-24"}}, {"type": "Feature", "geometry": {"type": "Point", "coordinates": [-82.53333333503302, 35.566666667241]}, "properties": {"p_logistic": 0.4395146369934082, "p_rf": 0.6800000071525574, "p_xgb": 0.9954990744590759, "date": "2026-03-24"}}, {"type": "Feature", "geometry": {"type": "Point", "coordinates": [-82.52500000170002, 35.566666667241]}, "properties": {"p_logistic": 0.441807359457016, "p_rf": 0.6579999923706055, "p_xgb": 0.9953906536102295, "date": "2026-03-24"}}, {"type": "Feature", "geometry": {"type": "Point", "coordinates": [-82.51666666836701, 35.566666667241]}, "properties": {"p_logistic": 0.44306257367134094, "p_rf": 0.6639999747276306, "p_xgb": 0.99454665184021, "date": "2026-03-24"}}, {"type": "Feature", "geometry": {"type": "Point", "coordinates": [-82.50833333503402, 35.566666667241]}, "properties": {"p_logistic": 0.44383788108825684, "p_rf": 0.6919999718666077, "p_xgb": 0.99454665184021, "date": "2026-03-24"}}, {"type": "Feature", "geometry": {"type": "Point", "coordinates": [-82.50000000170101, 35.566666667241]}, "properties": {"p_logistic": 0.4440177381038666, "p_rf": 0.7260000109672546, "p_xgb": 0.9952462315559387, "date": "2026-03-24"}}, {"type": "Feature", "geometry": {"type": "Point", "coordinates": [-82.49166666836803, 35.566666667241]}, "properties": {"p_logistic": 0.4436035752296448, "p_rf": 0.8299999833106995, "p_xgb": 0.9983474016189575, "date": "2026-03-24"}}, {"type": "Feature", "geometry": {"type": "Point", "coordinates": [-82.48333333503501, 35.566666667241]}, "properties": {"p_logistic": 0.4430994987487793, "p_rf": 0.8820000290870667, "p_xgb": 0.9985382556915283, "date": "2026-03-24"}}, {"type": "Feature", "geometry": {"type": "Point", "coordinates": [-82.47500000170201, 35.566666667241]}, "properties": {"p_logistic": 0.4424276053905487, "p_rf": 0.8859999775886536, "p_xgb": 0.9979129433631897, "date": "2026-03-24"}}, {"type": "Feature", "geometry": {"type": "Point", "coordinates": [-82.46666666836902, 35.566666667241]}, "properties": {"p_logistic": 0.4415353238582611, "p_rf": 0.8820000290870667, "p_xgb": 0.9978284239768982, "date": "2026-03-24"}}, {"type": "Feature", "geometry": {"type": "Point", "coordinates": [-82.45833333503602, 35.566666667241]}, "properties": {"p_logistic": 0.4404764175415039, "p_rf": 0.8700000047683716, "p_xgb": 0.9942811727523804, "date": "2026-03-24"}}, {"type": "Feature", "geometry": {"type": "Point", "coordinates": [-82.45000000170302, 35.566666667241]}, "properties": {"p_logistic": 0.4397535026073456, "p_rf": 0.8100000023841858, "p_xgb": 0.9936156272888184, "date": "2026-03-24"}}, {"type": "Feature", "geometry": {"type": "Point", "coordinates": [-82.44166666837002, 35.566666667241]}, "properties": {"p_logistic": 0.4384582042694092, "p_rf": 0.7419999837875366, "p_xgb": 0.9925098419189453, "date": "2026-03-24"}}, {"type": "Feature", "geometry": {"type": "Point", "coordinates": [-82.43333333503702, 35.566666667241]}, "properties": {"p_logistic": 0.43803757429122925, "p_rf": 0.7059999704360962, "p_xgb": 0.9925098419189453, "date": "2026-03-24"}}, {"type": "Feature", "geometry": {"type": "Point", "coordinates": [-82.42500000170402, 35.566666667241]}, "properties": {"p_logistic": 0.4372924864292145, "p_rf": 0.6880000233650208, "p_xgb": 0.9923655390739441, "date": "2026-03-24"}}, {"type": "Feature", "geometry": {"type": "Point", "coordinates": [-82.41666666837102, 35.566666667241]}, "properties": {"p_logistic": 0.4360446333885193, "p_rf": 0.7139999866485596, "p_xgb": 0.9908376336097717, "date": "2026-03-24"}}, {"type": "Feature", "geometry": {"type": "Point", "coordinates": [-82.40833333503801, 35.566666667241]}, "properties": {"p_logistic": 0.4348613917827606, "p_rf": 0.7120000123977661, "p_xgb": 0.9908376336097717, "date": "2026-03-24"}}, {"type": "Feature", "geometry": {"type": "Point", "coordinates": [-82.40000000170502, 35.566666667241]}, "properties": {"p_logistic": 0.4334505796432495, "p_rf": 0.7279999852180481, "p_xgb": 0.9924335479736328, "date": "2026-03-24"}}, {"type": "Feature", "geometry": {"type": "Point", "coordinates": [-82.39166666837201, 35.566666667241]}, "properties": {"p_logistic": 0.43332862854003906, "p_rf": 0.734000027179718, "p_xgb": 0.9874387383460999, "date": "2026-03-24"}}, {"type": "Feature", "geometry": {"type": "Point", "coordinates": [-82.38333333503903, 35.566666667241]}, "properties": {"p_logistic": 0.43478676676750183, "p_rf": 0.7440000176429749, "p_xgb": 0.9874387383460999, "date": "2026-03-24"}}, {"type": "Feature", "geometry": {"type": "Point", "coordinates": [-82.37500000170601, 35.566666667241]}, "properties": {"p_logistic": 0.4360406994819641, "p_rf": 0.7239999771118164, "p_xgb": 0.9859559535980225, "date": "2026-03-24"}}, {"type": "Feature", "geometry": {"type": "Point", "coordinates": [-82.36666666837301, 35.566666667241]}, "properties": {"p_logistic": 0.43666860461235046, "p_rf": 0.6779999732971191, "p_xgb": 0.9789952635765076, "date": "2026-03-24"}}, {"type": "Feature", "geometry": {"type": "Point", "coordinates": [-82.35833333504002, 35.566666667241]}, "properties": {"p_logistic": 0.4379713535308838, "p_rf": 0.6740000247955322, "p_xgb": 0.9778690934181213, "date": "2026-03-24"}}, {"type": "Feature", "geometry": {"type": "Point", "coordinates": [-82.35000000170702, 35.566666667241]}, "properties": {"p_logistic": 0.43860286474227905, "p_rf": 0.6499999761581421, "p_xgb": 0.9768486022949219, "date": "2026-03-24"}}, {"type": "Feature", "geometry": {"type": "Point", "coordinates": [-82.34166666837402, 35.566666667241]}, "properties": {"p_logistic": 0.43957966566085815, "p_rf": 0.6480000019073486, "p_xgb": 0.9774742722511292, "date": "2026-03-24"}}, {"type": "Feature", "geometry": {"type": "Point", "coordinates": [-82.33333333504102, 35.566666667241]}, "properties": {"p_logistic": 0.4410307705402374, "p_rf": 0.6639999747276306, "p_xgb": 0.9774742722511292, "date": "2026-03-24"}}, {"type": "Feature", "geometry": {"type": "Point", "coordinates": [-82.32500000170802, 35.566666667241]}, "properties": {"p_logistic": 0.4428141713142395, "p_rf": 0.6639999747276306, "p_xgb": 0.9790977835655212, "date": "2026-03-24"}}, {"type": "Feature", "geometry": {"type": "Point", "coordinates": [-82.31666666837502, 35.566666667241]}, "properties": {"p_logistic": 0.4449825584888458, "p_rf": 0.6800000071525574, "p_xgb": 0.9796099662780762, "date": "2026-03-24"}}, {"type": "Feature", "geometry": {"type": "Point", "coordinates": [-82.30833333504202, 35.566666667241]}, "properties": {"p_logistic": 0.4473601281642914, "p_rf": 0.6759999990463257, "p_xgb": 0.9772516489028931, "date": "2026-03-24"}}, {"type": "Feature", "geometry": {"type": "Point", "coordinates": [-82.30000000170901, 35.566666667241]}, "properties": {"p_logistic": 0.44779565930366516, "p_rf": 0.6539999842643738, "p_xgb": 0.9737199544906616, "date": "2026-03-24"}}, {"type": "Feature", "geometry": {"type": "Point", "coordinates": [-82.29166666837602, 35.566666667241]}, "properties": {"p_logistic": 0.4481043815612793, "p_rf": 0.6060000061988831, "p_xgb": 0.9737199544906616, "date": "2026-03-24"}}, {"type": "Feature", "geometry": {"type": "Point", "coordinates": [-82.28333333504301, 35.566666667241]}, "properties": {"p_logistic": 0.4496447443962097, "p_rf": 0.6100000143051147, "p_xgb": 0.9717910289764404, "date": "2026-03-24"}}, {"type": "Feature", "geometry": {"type": "Point", "coordinates": [-82.27500000171003, 35.566666667241]}, "properties": {"p_logistic": 0.4534597396850586, "p_rf": 0.5899999737739563, "p_xgb": 0.9692017436027527, "date": "2026-03-24"}}, {"type": "Feature", "geometry": {"type": "Point", "coordinates": [-82.26666666837701, 35.566666667241]}, "properties": {"p_logistic": 0.4575343132019043, "p_rf": 0.5320000052452087, "p_xgb": 0.9667463302612305, "date": "2026-03-24"}}, {"type": "Feature", "geometry": {"type": "Point", "coordinates": [-82.76666666835702, 35.558333333908]}, "properties": {"p_logistic": 0.43455153703689575, "p_rf": 0.765999972820282, "p_xgb": 0.9918763637542725, "date": "2026-03-24"}}, {"type": "Feature", "geometry": {"type": "Point", "coordinates": [-82.75833333502402, 35.558333333908]}, "properties": {"p_logistic": 0.434408038854599, "p_rf": 0.7179999947547913, "p_xgb": 0.9917889833450317, "date": "2026-03-24"}}, {"type": "Feature", "geometry": {"type": "Point", "coordinates": [-82.75000000169102, 35.558333333908]}, "properties": {"p_logistic": 0.4346962571144104, "p_rf": 0.7580000162124634, "p_xgb": 0.9872528910636902, "date": "2026-03-24"}}, {"type": "Feature", "geometry": {"type": "Point", "coordinates": [-82.74166666835802, 35.558333333908]}, "properties": {"p_logistic": 0.43467503786087036, "p_rf": 0.7900000214576721, "p_xgb": 0.9870356917381287, "date": "2026-03-24"}}, {"type": "Feature", "geometry": {"type": "Point", "coordinates": [-82.73333333502501, 35.558333333908]}, "properties": {"p_logistic": 0.4345853328704834, "p_rf": 0.7699999809265137, "p_xgb": 0.9874387383460999, "date": "2026-03-24"}}, {"type": "Feature", "geometry": {"type": "Point", "coordinates": [-82.72500000169202, 35.558333333908]}, "properties": {"p_logistic": 0.4356127083301544, "p_rf": 0.7739999890327454, "p_xgb": 0.9874387383460999, "date": "2026-03-24"}}, {"type": "Feature", "geometry": {"type": "Point", "coordinates": [-82.71666666835901, 35.558333333908]}, "properties": {"p_logistic": 0.43586331605911255, "p_rf": 0.7879999876022339, "p_xgb": 0.9870356917381287, "date": "2026-03-24"}}, {"type": "Feature", "geometry": {"type": "Point", "coordinates": [-82.70833333502603, 35.558333333908]}, "properties": {"p_logistic": 0.4352903366088867, "p_rf": 0.7260000109672546, "p_xgb": 0.9855140447616577, "date": "2026-03-24"}}, {"type": "Feature", "geometry": {"type": "Point", "coordinates": [-82.70000000169301, 35.558333333908]}, "properties": {"p_logistic": 0.434876024723053, "p_rf": 0.6740000247955322, "p_xgb": 0.9847682118415833, "date": "2026-03-24"}}, {"type": "Feature", "geometry": {"type": "Point", "coordinates": [-82.69166666836001, 35.558333333908]}, "properties": {"p_logistic": 0.4353955090045929, "p_rf": 0.6639999747276306, "p_xgb": 0.9847682118415833, "date": "2026-03-24"}}, {"type": "Feature", "geometry": {"type": "Point", "coordinates": [-82.68333333502702, 35.558333333908]}, "properties": {"p_logistic": 0.43576663732528687, "p_rf": 0.7120000123977661, "p_xgb": 0.9846178293228149, "date": "2026-03-24"}}, {"type": "Feature", "geometry": {"type": "Point", "coordinates": [-82.67500000169402, 35.558333333908]}, "properties": {"p_logistic": 0.4366438388824463, "p_rf": 0.7379999756813049, "p_xgb": 0.9862399697303772, "date": "2026-03-24"}}, {"type": "Feature", "geometry": {"type": "Point", "coordinates": [-82.66666666836102, 35.558333333908]}, "properties": {"p_logistic": 0.43797963857650757, "p_rf": 0.75, "p_xgb": 0.9862399697303772, "date": "2026-03-24"}}, {"type": "Feature", "geometry": {"type": "Point", "coordinates": [-82.65833333502802, 35.558333333908]}, "properties": {"p_logistic": 0.43940192461013794, "p_rf": 0.7419999837875366, "p_xgb": 0.9864407181739807, "date": "2026-03-24"}}, {"type": "Feature", "geometry": {"type": "Point", "coordinates": [-82.65000000169502, 35.558333333908]}, "properties": {"p_logistic": 0.44036591053009033, "p_rf": 0.7440000176429749, "p_xgb": 0.9867826700210571, "date": "2026-03-24"}}, {"type": "Feature", "geometry": {"type": "Point", "coordinates": [-82.64166666836202, 35.558333333908]}, "properties": {"p_logistic": 0.44120684266090393, "p_rf": 0.7519999742507935, "p_xgb": 0.9867826700210571, "date": "2026-03-24"}}, {"type": "Feature", "geometry": {"type": "Point", "coordinates": [-82.63333333502902, 35.558333333908]}, "properties": {"p_logistic": 0.4423120319843292, "p_rf": 0.7799999713897705, "p_xgb": 0.993918776512146, "date": "2026-03-24"}}, {"type": "Feature", "geometry": {"type": "Point", "coordinates": [-82.62500000169601, 35.558333333908]}, "properties": {"p_logistic": 0.4432676136493683, "p_rf": 0.7419999837875366, "p_xgb": 0.9937189817428589, "date": "2026-03-24"}}, {"type": "Feature", "geometry": {"type": "Point", "coordinates": [-82.61666666836302, 35.558333333908]}, "properties": {"p_logistic": 0.44394582509994507, "p_rf": 0.722000002861023, "p_xgb": 0.993239164352417, "date": "2026-03-24"}}, {"type": "Feature", "geometry": {"type": "Point", "coordinates": [-82.60833333503001, 35.558333333908]}, "properties": {"p_logistic": 0.4436447024345398, "p_rf": 0.7440000176429749, "p_xgb": 0.99397873878479, "date": "2026-03-24"}}, {"type": "Feature", "geometry": {"type": "Point", "coordinates": [-82.60000000169703, 35.558333333908]}, "properties": {"p_logistic": 0.44278228282928467, "p_rf": 0.7760000228881836, "p_xgb": 0.9980279803276062, "date": "2026-03-24"}}, {"type": "Feature", "geometry": {"type": "Point", "coordinates": [-82.59166666836401, 35.558333333908]}, "properties": {"p_logistic": 0.44185715913772583, "p_rf": 0.7559999823570251, "p_xgb": 0.9977990984916687, "date": "2026-03-24"}}, {"type": "Feature", "geometry": {"type": "Point", "coordinates": [-82.58333333503101, 35.558333333908]}, "properties": {"p_logistic": 0.44082024693489075, "p_rf": 0.7179999947547913, "p_xgb": 0.9921514987945557, "date": "2026-03-24"}}, {"type": "Feature", "geometry": {"type": "Point", "coordinates": [-82.57500000169802, 35.558333333908]}, "properties": {"p_logistic": 0.43962061405181885, "p_rf": 0.7580000162124634, "p_xgb": 0.9954319000244141, "date": "2026-03-24"}}, {"type": "Feature", "geometry": {"type": "Point", "coordinates": [-82.56666666836502, 35.558333333908]}, "properties": {"p_logistic": 0.4381089508533478, "p_rf": 0.7720000147819519, "p_xgb": 0.9953534603118896, "date": "2026-03-24"}}, {"type": "Feature", "geometry": {"type": "Point", "coordinates": [-82.55833333503202, 35.558333333908]}, "properties": {"p_logistic": 0.4365357756614685, "p_rf": 0.7540000081062317, "p_xgb": 0.9943959712982178, "date": "2026-03-24"}}, {"type": "Feature", "geometry": {"type": "Point", "coordinates": [-82.55000000169902, 35.558333333908]}, "properties": {"p_logistic": 0.43509116768836975, "p_rf": 0.6600000262260437, "p_xgb": 0.9541172981262207, "date": "2026-03-24"}}, {"type": "Feature", "geometry": {"type": "Point", "coordinates": [-82.54166666836602, 35.558333333908]}, "properties": {"p_logistic": 0.4366112947463989, "p_rf": 0.6460000276565552, "p_xgb": 0.9554977416992188, "date": "2026-03-24"}}, {"type": "Feature", "geometry": {"type": "Point", "coordinates": [-82.53333333503302, 35.558333333908]}, "properties": {"p_logistic": 0.4390120208263397, "p_rf": 0.6959999799728394, "p_xgb": 0.9945713877677917, "date": "2026-03-24"}}, {"type": "Feature", "geometry": {"type": "Point", "coordinates": [-82.52500000170002, 35.558333333908]}, "properties": {"p_logistic": 0.4417354166507721, "p_rf": 0.6499999761581421, "p_xgb": 0.9947035908699036, "date": "2026-03-24"}}, {"type": "Feature", "geometry": {"type": "Point", "coordinates": [-82.51666666836701, 35.558333333908]}, "properties": {"p_logistic": 0.44282233715057373, "p_rf": 0.6779999732971191, "p_xgb": 0.9951878786087036, "date": "2026-03-24"}}, {"type": "Feature", "geometry": {"type": "Point", "coordinates": [-82.50833333503402, 35.558333333908]}, "properties": {"p_logistic": 0.4441852867603302, "p_rf": 0.7300000190734863, "p_xgb": 0.9952462315559387, "date": "2026-03-24"}}, {"type": "Feature", "geometry": {"type": "Point", "coordinates": [-82.50000000170101, 35.558333333908]}, "properties": {"p_logistic": 0.44442734122276306, "p_rf": 0.8379999995231628, "p_xgb": 0.9983474016189575, "date": "2026-03-24"}}, {"type": "Feature", "geometry": {"type": "Point", "coordinates": [-82.49166666836803, 35.558333333908]}, "properties": {"p_logistic": 0.4444235861301422, "p_rf": 0.8840000033378601, "p_xgb": 0.9985382556915283, "date": "2026-03-24"}}, {"type": "Feature", "geometry": {"type": "Point", "coordinates": [-82.48333333503501, 35.558333333908]}, "properties": {"p_logistic": 0.4443259537220001, "p_rf": 0.8820000290870667, "p_xgb": 0.9984437823295593, "date": "2026-03-24"}}, {"type": "Feature", "geometry": {"type": "Point", "coordinates": [-82.47500000170201, 35.558333333908]}, "properties": {"p_logistic": 0.4433150589466095, "p_rf": 0.8820000290870667, "p_xgb": 0.9956549406051636, "date": "2026-03-24"}}, {"type": "Feature", "geometry": {"type": "Point", "coordinates": [-82.46666666836902, 35.558333333908]}, "properties": {"p_logistic": 0.4416867196559906, "p_rf": 0.8840000033378601, "p_xgb": 0.9956549406051636, "date": "2026-03-24"}}, {"type": "Feature", "geometry": {"type": "Point", "coordinates": [-82.45833333503602, 35.558333333908]}, "properties": {"p_logistic": 0.440321147441864, "p_rf": 0.8820000290870667, "p_xgb": 0.9945101737976074, "date": "2026-03-24"}}, {"type": "Feature", "geometry": {"type": "Point", "coordinates": [-82.45000000170302, 35.558333333908]}, "properties": {"p_logistic": 0.4381653666496277, "p_rf": 0.8399999737739563, "p_xgb": 0.996475875377655, "date": "2026-03-24"}}, {"type": "Feature", "geometry": {"type": "Point", "coordinates": [-82.44166666837002, 35.558333333908]}, "properties": {"p_logistic": 0.43672752380371094, "p_rf": 0.7319999933242798, "p_xgb": 0.9958633184432983, "date": "2026-03-24"}}, {"type": "Feature", "geometry": {"type": "Point", "coordinates": [-82.43333333503702, 35.558333333908]}, "properties": {"p_logistic": 0.4360962212085724, "p_rf": 0.7020000219345093, "p_xgb": 0.9958861470222473, "date": "2026-03-24"}}, {"type": "Feature", "geometry": {"type": "Point", "coordinates": [-82.42500000170402, 35.558333333908]}, "properties": {"p_logistic": 0.435657799243927, "p_rf": 0.7160000205039978, "p_xgb": 0.9957833290100098, "date": "2026-03-24"}}, {"type": "Feature", "geometry": {"type": "Point", "coordinates": [-82.41666666837102, 35.558333333908]}, "properties": {"p_logistic": 0.43517404794692993, "p_rf": 0.7200000286102295, "p_xgb": 0.9922518134117126, "date": "2026-03-24"}}, {"type": "Feature", "geometry": {"type": "Point", "coordinates": [-82.40833333503801, 35.558333333908]}, "properties": {"p_logistic": 0.4345042109489441, "p_rf": 0.7179999947547913, "p_xgb": 0.9924335479736328, "date": "2026-03-24"}}, {"type": "Feature", "geometry": {"type": "Point", "coordinates": [-82.40000000170502, 35.558333333908]}, "properties": {"p_logistic": 0.4336037337779999, "p_rf": 0.7480000257492065, "p_xgb": 0.9924335479736328, "date": "2026-03-24"}}, {"type": "Feature", "geometry": {"type": "Point", "coordinates": [-82.39166666837201, 35.558333333908]}, "properties": {"p_logistic": 0.43442556262016296, "p_rf": 0.7379999756813049, "p_xgb": 0.9874387383460999, "date": "2026-03-24"}}, {"type": "Feature", "geometry": {"type": "Point", "coordinates": [-82.38333333503903, 35.558333333908]}, "properties": {"p_logistic": 0.43567508459091187, "p_rf": 0.7260000109672546, "p_xgb": 0.9874387383460999, "date": "2026-03-24"}}, {"type": "Feature", "geometry": {"type": "Point", "coordinates": [-82.37500000170601, 35.558333333908]}, "properties": {"p_logistic": 0.436411589384079, "p_rf": 0.7179999947547913, "p_xgb": 0.9874387383460999, "date": "2026-03-24"}}, {"type": "Feature", "geometry": {"type": "Point", "coordinates": [-82.36666666837301, 35.558333333908]}, "properties": {"p_logistic": 0.43697410821914673, "p_rf": 0.6899999976158142, "p_xgb": 0.9859559535980225, "date": "2026-03-24"}}, {"type": "Feature", "geometry": {"type": "Point", "coordinates": [-82.35833333504002, 35.558333333908]}, "properties": {"p_logistic": 0.43810537457466125, "p_rf": 0.6499999761581421, "p_xgb": 0.9789952635765076, "date": "2026-03-24"}}, {"type": "Feature", "geometry": {"type": "Point", "coordinates": [-82.35000000170702, 35.558333333908]}, "properties": {"p_logistic": 0.4391190707683563, "p_rf": 0.6499999761581421, "p_xgb": 0.9773457050323486, "date": "2026-03-24"}}, {"type": "Feature", "geometry": {"type": "Point", "coordinates": [-82.34166666837402, 35.558333333908]}, "properties": {"p_logistic": 0.4405357241630554, "p_rf": 0.6420000195503235, "p_xgb": 0.9769418835639954, "date": "2026-03-24"}}, {"type": "Feature", "geometry": {"type": "Point", "coordinates": [-82.33333333504102, 35.558333333908]}, "properties": {"p_logistic": 0.4419950842857361, "p_rf": 0.6420000195503235, "p_xgb": 0.9742829203605652, "date": "2026-03-24"}}, {"type": "Feature", "geometry": {"type": "Point", "coordinates": [-82.32500000170802, 35.558333333908]}, "properties": {"p_logistic": 0.44382593035697937, "p_rf": 0.6399999856948853, "p_xgb": 0.9796099662780762, "date": "2026-03-24"}}, {"type": "Feature", "geometry": {"type": "Point", "coordinates": [-82.31666666837502, 35.558333333908]}, "properties": {"p_logistic": 0.44636377692222595, "p_rf": 0.6359999775886536, "p_xgb": 0.9772516489028931, "date": "2026-03-24"}}, {"type": "Feature", "geometry": {"type": "Point", "coordinates": [-82.30833333504202, 35.558333333908]}, "properties": {"p_logistic": 0.4486238658428192, "p_rf": 0.6019999980926514, "p_xgb": 0.9737199544906616, "date": "2026-03-24"}}, {"type": "Feature", "geometry": {"type": "Point", "coordinates": [-82.30000000170901, 35.558333333908]}, "properties": {"p_logistic": 0.44942933320999146, "p_rf": 0.5680000185966492, "p_xgb": 0.9737199544906616, "date": "2026-03-24"}}, {"type": "Feature", "geometry": {"type": "Point", "coordinates": [-82.29166666837602, 35.558333333908]}, "properties": {"p_logistic": 0.4496992528438568, "p_rf": 0.6000000238418579, "p_xgb": 0.9707052707672119, "date": "2026-03-24"}}, {"type": "Feature", "geometry": {"type": "Point", "coordinates": [-82.28333333504301, 35.558333333908]}, "properties": {"p_logistic": 0.45110639929771423, "p_rf": 0.5920000076293945, "p_xgb": 0.9692957401275635, "date": "2026-03-24"}}, {"type": "Feature", "geometry": {"type": "Point", "coordinates": [-82.27500000171003, 35.558333333908]}, "properties": {"p_logistic": 0.4545527994632721, "p_rf": 0.6320000290870667, "p_xgb": 0.9683290123939514, "date": "2026-03-24"}}, {"type": "Feature", "geometry": {"type": "Point", "coordinates": [-82.26666666837701, 35.558333333908]}, "properties": {"p_logistic": 0.45852532982826233, "p_rf": 0.5680000185966492, "p_xgb": 0.9667463302612305, "date": "2026-03-24"}}, {"type": "Feature", "geometry": {"type": "Point", "coordinates": [-82.25833333504401, 35.558333333908]}, "properties": {"p_logistic": 0.4616694748401642, "p_rf": 0.5260000228881836, "p_xgb": 0.9684528708457947, "date": "2026-03-24"}}, {"type": "Feature", "geometry": {"type": "Point", "coordinates": [-82.25000000171102, 35.558333333908]}, "properties": {"p_logistic": 0.46453121304512024, "p_rf": 0.593999981880188, "p_xgb": 0.9716209769248962, "date": "2026-03-24"}}, {"type": "Feature", "geometry": {"type": "Point", "coordinates": [-82.76666666835702, 35.550000000575004]}, "properties": {"p_logistic": 0.4349374771118164, "p_rf": 0.7799999713897705, "p_xgb": 0.9917073845863342, "date": "2026-03-24"}}, {"type": "Feature", "geometry": {"type": "Point", "coordinates": [-82.75833333502402, 35.550000000575004]}, "properties": {"p_logistic": 0.43487927317619324, "p_rf": 0.7039999961853027, "p_xgb": 0.9863747358322144, "date": "2026-03-24"}}, {"type": "Feature", "geometry": {"type": "Point", "coordinates": [-82.75000000169102, 35.550000000575004]}, "properties": {"p_logistic": 0.43486323952674866, "p_rf": 0.7540000081062317, "p_xgb": 0.9872528910636902, "date": "2026-03-24"}}, {"type": "Feature", "geometry": {"type": "Point", "coordinates": [-82.74166666835802, 35.550000000575004]}, "properties": {"p_logistic": 0.43529266119003296, "p_rf": 0.8040000200271606, "p_xgb": 0.9870356917381287, "date": "2026-03-24"}}, {"type": "Feature", "geometry": {"type": "Point", "coordinates": [-82.73333333502501, 35.550000000575004]}, "properties": {"p_logistic": 0.4353245198726654, "p_rf": 0.7440000176429749, "p_xgb": 0.9874387383460999, "date": "2026-03-24"}}, {"type": "Feature", "geometry": {"type": "Point", "coordinates": [-82.72500000169202, 35.550000000575004]}, "properties": {"p_logistic": 0.4357697367668152, "p_rf": 0.7440000176429749, "p_xgb": 0.9874387383460999, "date": "2026-03-24"}}, {"type": "Feature", "geometry": {"type": "Point", "coordinates": [-82.71666666835901, 35.550000000575004]}, "properties": {"p_logistic": 0.436207115650177, "p_rf": 0.7540000081062317, "p_xgb": 0.9870356917381287, "date": "2026-03-24"}}, {"type": "Feature", "geometry": {"type": "Point", "coordinates": [-82.70833333502603, 35.550000000575004]}, "properties": {"p_logistic": 0.4359157383441925, "p_rf": 0.7620000243186951, "p_xgb": 0.9855059385299683, "date": "2026-03-24"}}, {"type": "Feature", "geometry": {"type": "Point", "coordinates": [-82.70000000169301, 35.550000000575004]}, "properties": {"p_logistic": 0.43626901507377625, "p_rf": 0.7300000190734863, "p_xgb": 0.9857484698295593, "date": "2026-03-24"}}, {"type": "Feature", "geometry": {"type": "Point", "coordinates": [-82.69166666836001, 35.550000000575004]}, "properties": {"p_logistic": 0.4370100796222687, "p_rf": 0.6779999732971191, "p_xgb": 0.9847682118415833, "date": "2026-03-24"}}, {"type": "Feature", "geometry": {"type": "Point", "coordinates": [-82.68333333502702, 35.550000000575004]}, "properties": {"p_logistic": 0.43767687678337097, "p_rf": 0.6899999976158142, "p_xgb": 0.984117329120636, "date": "2026-03-24"}}, {"type": "Feature", "geometry": {"type": "Point", "coordinates": [-82.67500000169402, 35.550000000575004]}, "properties": {"p_logistic": 0.4386938810348511, "p_rf": 0.7300000190734863, "p_xgb": 0.9862399697303772, "date": "2026-03-24"}}, {"type": "Feature", "geometry": {"type": "Point", "coordinates": [-82.66666666836102, 35.550000000575004]}, "properties": {"p_logistic": 0.4399702548980713, "p_rf": 0.734000027179718, "p_xgb": 0.9857344627380371, "date": "2026-03-24"}}, {"type": "Feature", "geometry": {"type": "Point", "coordinates": [-82.65833333502802, 35.550000000575004]}, "properties": {"p_logistic": 0.44111862778663635, "p_rf": 0.7379999756813049, "p_xgb": 0.9867826700210571, "date": "2026-03-24"}}, {"type": "Feature", "geometry": {"type": "Point", "coordinates": [-82.65000000169502, 35.550000000575004]}, "properties": {"p_logistic": 0.44175073504447937, "p_rf": 0.7580000162124634, "p_xgb": 0.9867826700210571, "date": "2026-03-24"}}, {"type": "Feature", "geometry": {"type": "Point", "coordinates": [-82.64166666836202, 35.550000000575004]}, "properties": {"p_logistic": 0.4422760009765625, "p_rf": 0.7559999823570251, "p_xgb": 0.9900521636009216, "date": "2026-03-24"}}, {"type": "Feature", "geometry": {"type": "Point", "coordinates": [-82.63333333502902, 35.550000000575004]}, "properties": {"p_logistic": 0.4427679181098938, "p_rf": 0.7680000066757202, "p_xgb": 0.9936935305595398, "date": "2026-03-24"}}, {"type": "Feature", "geometry": {"type": "Point", "coordinates": [-82.62500000169601, 35.550000000575004]}, "properties": {"p_logistic": 0.4434716999530792, "p_rf": 0.7919999957084656, "p_xgb": 0.9953730702400208, "date": "2026-03-24"}}, {"type": "Feature", "geometry": {"type": "Point", "coordinates": [-82.61666666836302, 35.550000000575004]}, "properties": {"p_logistic": 0.4437966048717499, "p_rf": 0.7680000066757202, "p_xgb": 0.9954677820205688, "date": "2026-03-24"}}, {"type": "Feature", "geometry": {"type": "Point", "coordinates": [-82.60833333503001, 35.550000000575004]}, "properties": {"p_logistic": 0.4436677396297455, "p_rf": 0.7540000081062317, "p_xgb": 0.997798502445221, "date": "2026-03-24"}}, {"type": "Feature", "geometry": {"type": "Point", "coordinates": [-82.60000000169703, 35.550000000575004]}, "properties": {"p_logistic": 0.44303321838378906, "p_rf": 0.7540000081062317, "p_xgb": 0.9978840947151184, "date": "2026-03-24"}}, {"type": "Feature", "geometry": {"type": "Point", "coordinates": [-82.59166666836401, 35.550000000575004]}, "properties": {"p_logistic": 0.4421764314174652, "p_rf": 0.7139999866485596, "p_xgb": 0.9976842403411865, "date": "2026-03-24"}}, {"type": "Feature", "geometry": {"type": "Point", "coordinates": [-82.58333333503101, 35.550000000575004]}, "properties": {"p_logistic": 0.44117438793182373, "p_rf": 0.671999990940094, "p_xgb": 0.9944633841514587, "date": "2026-03-24"}}, {"type": "Feature", "geometry": {"type": "Point", "coordinates": [-82.57500000169802, 35.550000000575004]}, "properties": {"p_logistic": 0.44012632966041565, "p_rf": 0.6980000138282776, "p_xgb": 0.9951144456863403, "date": "2026-03-24"}}, {"type": "Feature", "geometry": {"type": "Point", "coordinates": [-82.56666666836502, 35.550000000575004]}, "properties": {"p_logistic": 0.4385608732700348, "p_rf": 0.7300000190734863, "p_xgb": 0.9953560829162598, "date": "2026-03-24"}}, {"type": "Feature", "geometry": {"type": "Point", "coordinates": [-82.55833333503202, 35.550000000575004]}, "properties": {"p_logistic": 0.43686720728874207, "p_rf": 0.7239999771118164, "p_xgb": 0.9944905042648315, "date": "2026-03-24"}}, {"type": "Feature", "geometry": {"type": "Point", "coordinates": [-82.55000000169902, 35.550000000575004]}, "properties": {"p_logistic": 0.43532705307006836, "p_rf": 0.6620000004768372, "p_xgb": 0.9541172981262207, "date": "2026-03-24"}}, {"type": "Feature", "geometry": {"type": "Point", "coordinates": [-82.54166666836602, 35.550000000575004]}, "properties": {"p_logistic": 0.43619364500045776, "p_rf": 0.6779999732971191, "p_xgb": 0.9541172981262207, "date": "2026-03-24"}}, {"type": "Feature", "geometry": {"type": "Point", "coordinates": [-82.53333333503302, 35.550000000575004]}, "properties": {"p_logistic": 0.4384261965751648, "p_rf": 0.6399999856948853, "p_xgb": 0.9554977416992188, "date": "2026-03-24"}}, {"type": "Feature", "geometry": {"type": "Point", "coordinates": [-82.52500000170002, 35.550000000575004]}, "properties": {"p_logistic": 0.44093528389930725, "p_rf": 0.6639999747276306, "p_xgb": 0.9746520519256592, "date": "2026-03-24"}}, {"type": "Feature", "geometry": {"type": "Point", "coordinates": [-82.51666666836701, 35.550000000575004]}, "properties": {"p_logistic": 0.4424141049385071, "p_rf": 0.6759999990463257, "p_xgb": 0.9951878786087036, "date": "2026-03-24"}}, {"type": "Feature", "geometry": {"type": "Point", "coordinates": [-82.50833333503402, 35.550000000575004]}, "properties": {"p_logistic": 0.443628191947937, "p_rf": 0.7379999756813049, "p_xgb": 0.9951199889183044, "date": "2026-03-24"}}, {"type": "Feature", "geometry": {"type": "Point", "coordinates": [-82.50000000170101, 35.550000000575004]}, "properties": {"p_logistic": 0.4442276656627655, "p_rf": 0.8059999942779541, "p_xgb": 0.9981542229652405, "date": "2026-03-24"}}, {"type": "Feature", "geometry": {"type": "Point", "coordinates": [-82.49166666836803, 35.550000000575004]}, "properties": {"p_logistic": 0.4442342221736908, "p_rf": 0.843999981880188, "p_xgb": 0.9984769225120544, "date": "2026-03-24"}}, {"type": "Feature", "geometry": {"type": "Point", "coordinates": [-82.48333333503501, 35.550000000575004]}, "properties": {"p_logistic": 0.44433164596557617, "p_rf": 0.8399999737739563, "p_xgb": 0.9961556792259216, "date": "2026-03-24"}}, {"type": "Feature", "geometry": {"type": "Point", "coordinates": [-82.47500000170201, 35.550000000575004]}, "properties": {"p_logistic": 0.44348499178886414, "p_rf": 0.843999981880188, "p_xgb": 0.9954734444618225, "date": "2026-03-24"}}, {"type": "Feature", "geometry": {"type": "Point", "coordinates": [-82.46666666836902, 35.550000000575004]}, "properties": {"p_logistic": 0.44210362434387207, "p_rf": 0.8700000047683716, "p_xgb": 0.9954734444618225, "date": "2026-03-24"}}, {"type": "Feature", "geometry": {"type": "Point", "coordinates": [-82.45833333503602, 35.550000000575004]}, "properties": {"p_logistic": 0.44063541293144226, "p_rf": 0.8460000157356262, "p_xgb": 0.9977375268936157, "date": "2026-03-24"}}, {"type": "Feature", "geometry": {"type": "Point", "coordinates": [-82.45000000170302, 35.550000000575004]}, "properties": {"p_logistic": 0.4387216567993164, "p_rf": 0.7879999876022339, "p_xgb": 0.9966128468513489, "date": "2026-03-24"}}, {"type": "Feature", "geometry": {"type": "Point", "coordinates": [-82.44166666837002, 35.550000000575004]}, "properties": {"p_logistic": 0.4372931122779846, "p_rf": 0.7200000286102295, "p_xgb": 0.9960240125656128, "date": "2026-03-24"}}, {"type": "Feature", "geometry": {"type": "Point", "coordinates": [-82.43333333503702, 35.550000000575004]}, "properties": {"p_logistic": 0.4364748001098633, "p_rf": 0.7020000219345093, "p_xgb": 0.9961916208267212, "date": "2026-03-24"}}, {"type": "Feature", "geometry": {"type": "Point", "coordinates": [-82.42500000170402, 35.550000000575004]}, "properties": {"p_logistic": 0.4355688989162445, "p_rf": 0.7300000190734863, "p_xgb": 0.9961916208267212, "date": "2026-03-24"}}, {"type": "Feature", "geometry": {"type": "Point", "coordinates": [-82.41666666837102, 35.550000000575004]}, "properties": {"p_logistic": 0.43533068895339966, "p_rf": 0.722000002861023, "p_xgb": 0.9962813258171082, "date": "2026-03-24"}}, {"type": "Feature", "geometry": {"type": "Point", "coordinates": [-82.40833333503801, 35.550000000575004]}, "properties": {"p_logistic": 0.43509846925735474, "p_rf": 0.7360000014305115, "p_xgb": 0.9962813258171082, "date": "2026-03-24"}}, {"type": "Feature", "geometry": {"type": "Point", "coordinates": [-82.40000000170502, 35.550000000575004]}, "properties": {"p_logistic": 0.43476247787475586, "p_rf": 0.7540000081062317, "p_xgb": 0.9960424900054932, "date": "2026-03-24"}}, {"type": "Feature", "geometry": {"type": "Point", "coordinates": [-82.39166666837201, 35.550000000575004]}, "properties": {"p_logistic": 0.4352637529373169, "p_rf": 0.7480000257492065, "p_xgb": 0.9924335479736328, "date": "2026-03-24"}}, {"type": "Feature", "geometry": {"type": "Point", "coordinates": [-82.38333333503903, 35.550000000575004]}, "properties": {"p_logistic": 0.435437947511673, "p_rf": 0.7419999837875366, "p_xgb": 0.9910522103309631, "date": "2026-03-24"}}, {"type": "Feature", "geometry": {"type": "Point", "coordinates": [-82.37500000170601, 35.550000000575004]}, "properties": {"p_logistic": 0.4358263909816742, "p_rf": 0.6980000138282776, "p_xgb": 0.9874387383460999, "date": "2026-03-24"}}, {"type": "Feature", "geometry": {"type": "Point", "coordinates": [-82.36666666837301, 35.550000000575004]}, "properties": {"p_logistic": 0.43606141209602356, "p_rf": 0.6940000057220459, "p_xgb": 0.9871386885643005, "date": "2026-03-24"}}, {"type": "Feature", "geometry": {"type": "Point", "coordinates": [-82.35833333504002, 35.550000000575004]}, "properties": {"p_logistic": 0.4378761649131775, "p_rf": 0.6639999747276306, "p_xgb": 0.9856210350990295, "date": "2026-03-24"}}, {"type": "Feature", "geometry": {"type": "Point", "coordinates": [-82.35000000170702, 35.550000000575004]}, "properties": {"p_logistic": 0.43917110562324524, "p_rf": 0.6460000276565552, "p_xgb": 0.9784978032112122, "date": "2026-03-24"}}, {"type": "Feature", "geometry": {"type": "Point", "coordinates": [-82.34166666837402, 35.550000000575004]}, "properties": {"p_logistic": 0.4408126175403595, "p_rf": 0.6380000114440918, "p_xgb": 0.9786027073860168, "date": "2026-03-24"}}, {"type": "Feature", "geometry": {"type": "Point", "coordinates": [-82.33333333504102, 35.550000000575004]}, "properties": {"p_logistic": 0.4423866271972656, "p_rf": 0.6420000195503235, "p_xgb": 0.9786027073860168, "date": "2026-03-24"}}, {"type": "Feature", "geometry": {"type": "Point", "coordinates": [-82.32500000170802, 35.550000000575004]}, "properties": {"p_logistic": 0.44402188062667847, "p_rf": 0.6439999938011169, "p_xgb": 0.9791268706321716, "date": "2026-03-24"}}, {"type": "Feature", "geometry": {"type": "Point", "coordinates": [-82.31666666837502, 35.550000000575004]}, "properties": {"p_logistic": 0.446776807308197, "p_rf": 0.6460000276565552, "p_xgb": 0.976714015007019, "date": "2026-03-24"}}, {"type": "Feature", "geometry": {"type": "Point", "coordinates": [-82.30833333504202, 35.550000000575004]}, "properties": {"p_logistic": 0.44905832409858704, "p_rf": 0.5839999914169312, "p_xgb": 0.9742111563682556, "date": "2026-03-24"}}, {"type": "Feature", "geometry": {"type": "Point", "coordinates": [-82.30000000170901, 35.550000000575004]}, "properties": {"p_logistic": 0.45026057958602905, "p_rf": 0.5680000185966492, "p_xgb": 0.9712513089179993, "date": "2026-03-24"}}, {"type": "Feature", "geometry": {"type": "Point", "coordinates": [-82.29166666837602, 35.550000000575004]}, "properties": {"p_logistic": 0.45077529549598694, "p_rf": 0.5580000281333923, "p_xgb": 0.9692957401275635, "date": "2026-03-24"}}, {"type": "Feature", "geometry": {"type": "Point", "coordinates": [-82.28333333504301, 35.550000000575004]}, "properties": {"p_logistic": 0.4522760510444641, "p_rf": 0.5960000157356262, "p_xgb": 0.9692957401275635, "date": "2026-03-24"}}, {"type": "Feature", "geometry": {"type": "Point", "coordinates": [-82.27500000171003, 35.550000000575004]}, "properties": {"p_logistic": 0.45519769191741943, "p_rf": 0.6000000238418579, "p_xgb": 0.9683290123939514, "date": "2026-03-24"}}, {"type": "Feature", "geometry": {"type": "Point", "coordinates": [-82.26666666837701, 35.550000000575004]}, "properties": {"p_logistic": 0.45928502082824707, "p_rf": 0.6100000143051147, "p_xgb": 0.9704517126083374, "date": "2026-03-24"}}, {"type": "Feature", "geometry": {"type": "Point", "coordinates": [-82.25833333504401, 35.550000000575004]}, "properties": {"p_logistic": 0.46226832270622253, "p_rf": 0.5720000267028809, "p_xgb": 0.9723118543624878, "date": "2026-03-24"}}, {"type": "Feature", "geometry": {"type": "Point", "coordinates": [-82.25000000171102, 35.550000000575004]}, "properties": {"p_logistic": 0.46523749828338623, "p_rf": 0.5479999780654907, "p_xgb": 0.9732773303985596, "date": "2026-03-24"}}, {"type": "Feature", "geometry": {"type": "Point", "coordinates": [-82.24166666837802, 35.550000000575004]}, "properties": {"p_logistic": 0.4680589735507965, "p_rf": 0.5960000157356262, "p_xgb": 0.9714856743812561, "date": "2026-03-24"}}, {"type": "Feature", "geometry": {"type": "Point", "coordinates": [-82.23333333504502, 35.550000000575004]}, "properties": {"p_logistic": 0.469862163066864, "p_rf": 0.6380000114440918, "p_xgb": 0.9759305119514465, "date": "2026-03-24"}}, {"type": "Feature", "geometry": {"type": "Point", "coordinates": [-82.22500000171202, 35.550000000575004]}, "properties": {"p_logistic": 0.4712351858615875, "p_rf": 0.6159999966621399, "p_xgb": 0.9715537428855896, "date": "2026-03-24"}}, {"type": "Feature", "geometry": {"type": "Point", "coordinates": [-82.21666666837902, 35.550000000575004]}, "properties": {"p_logistic": 0.4723875820636749, "p_rf": 0.628000020980835, "p_xgb": 0.9715537428855896, "date": "2026-03-24"}}, {"type": "Feature", "geometry": {"type": "Point", "coordinates": [-82.75833333502402, 35.541666667242005]}, "properties": {"p_logistic": 0.43575868010520935, "p_rf": 0.7099999785423279, "p_xgb": 0.9863747358322144, "date": "2026-03-24"}}, {"type": "Feature", "geometry": {"type": "Point", "coordinates": [-82.75000000169102, 35.541666667242005]}, "properties": {"p_logistic": 0.4356487989425659, "p_rf": 0.7699999809265137, "p_xgb": 0.987399697303772, "date": "2026-03-24"}}, {"type": "Feature", "geometry": {"type": "Point", "coordinates": [-82.74166666835802, 35.541666667242005]}, "properties": {"p_logistic": 0.43559184670448303, "p_rf": 0.7720000147819519, "p_xgb": 0.9870356917381287, "date": "2026-03-24"}}, {"type": "Feature", "geometry": {"type": "Point", "coordinates": [-82.73333333502501, 35.541666667242005]}, "properties": {"p_logistic": 0.43551746010780334, "p_rf": 0.7260000109672546, "p_xgb": 0.9874387383460999, "date": "2026-03-24"}}, {"type": "Feature", "geometry": {"type": "Point", "coordinates": [-82.72500000169202, 35.541666667242005]}, "properties": {"p_logistic": 0.436251163482666, "p_rf": 0.6940000057220459, "p_xgb": 0.9871386885643005, "date": "2026-03-24"}}, {"type": "Feature", "geometry": {"type": "Point", "coordinates": [-82.71666666835901, 35.541666667242005]}, "properties": {"p_logistic": 0.4366278052330017, "p_rf": 0.6899999976158142, "p_xgb": 0.9859559535980225, "date": "2026-03-24"}}, {"type": "Feature", "geometry": {"type": "Point", "coordinates": [-82.70833333502603, 35.541666667242005]}, "properties": {"p_logistic": 0.4366803765296936, "p_rf": 0.7179999947547913, "p_xgb": 0.9859559535980225, "date": "2026-03-24"}}, {"type": "Feature", "geometry": {"type": "Point", "coordinates": [-82.70000000169301, 35.541666667242005]}, "properties": {"p_logistic": 0.43729960918426514, "p_rf": 0.7139999866485596, "p_xgb": 0.9859559535980225, "date": "2026-03-24"}}, {"type": "Feature", "geometry": {"type": "Point", "coordinates": [-82.69166666836001, 35.541666667242005]}, "properties": {"p_logistic": 0.43835124373435974, "p_rf": 0.7739999890327454, "p_xgb": 0.9855059385299683, "date": "2026-03-24"}}, {"type": "Feature", "geometry": {"type": "Point", "coordinates": [-82.68333333502702, 35.541666667242005]}, "properties": {"p_logistic": 0.43919265270233154, "p_rf": 0.7459999918937683, "p_xgb": 0.9857484698295593, "date": "2026-03-24"}}, {"type": "Feature", "geometry": {"type": "Point", "coordinates": [-82.67500000169402, 35.541666667242005]}, "properties": {"p_logistic": 0.4404887557029724, "p_rf": 0.6940000057220459, "p_xgb": 0.9857914447784424, "date": "2026-03-24"}}, {"type": "Feature", "geometry": {"type": "Point", "coordinates": [-82.66666666836102, 35.541666667242005]}, "properties": {"p_logistic": 0.4418584704399109, "p_rf": 0.7599999904632568, "p_xgb": 0.9872515201568604, "date": "2026-03-24"}}, {"type": "Feature", "geometry": {"type": "Point", "coordinates": [-82.65833333502802, 35.541666667242005]}, "properties": {"p_logistic": 0.44266146421432495, "p_rf": 0.7419999837875366, "p_xgb": 0.9867826700210571, "date": "2026-03-24"}}, {"type": "Feature", "geometry": {"type": "Point", "coordinates": [-82.65000000169502, 35.541666667242005]}, "properties": {"p_logistic": 0.44300681352615356, "p_rf": 0.7519999742507935, "p_xgb": 0.9900521636009216, "date": "2026-03-24"}}, {"type": "Feature", "geometry": {"type": "Point", "coordinates": [-82.64166666836202, 35.541666667242005]}, "properties": {"p_logistic": 0.44324761629104614, "p_rf": 0.7639999985694885, "p_xgb": 0.9929191470146179, "date": "2026-03-24"}}, {"type": "Feature", "geometry": {"type": "Point", "coordinates": [-82.63333333502902, 35.541666667242005]}, "properties": {"p_logistic": 0.443367063999176, "p_rf": 0.7720000147819519, "p_xgb": 0.9952014684677124, "date": "2026-03-24"}}, {"type": "Feature", "geometry": {"type": "Point", "coordinates": [-82.62500000169601, 35.541666667242005]}, "properties": {"p_logistic": 0.44349440932273865, "p_rf": 0.7919999957084656, "p_xgb": 0.9979518055915833, "date": "2026-03-24"}}, {"type": "Feature", "geometry": {"type": "Point", "coordinates": [-82.61666666836302, 35.541666667242005]}, "properties": {"p_logistic": 0.4438260793685913, "p_rf": 0.7919999957084656, "p_xgb": 0.9979518055915833, "date": "2026-03-24"}}, {"type": "Feature", "geometry": {"type": "Point", "coordinates": [-82.60833333503001, 35.541666667242005]}, "properties": {"p_logistic": 0.4439138174057007, "p_rf": 0.7919999957084656, "p_xgb": 0.9979518055915833, "date": "2026-03-24"}}, {"type": "Feature", "geometry": {"type": "Point", "coordinates": [-82.60000000169703, 35.541666667242005]}, "properties": {"p_logistic": 0.44341591000556946, "p_rf": 0.7799999713897705, "p_xgb": 0.9976611137390137, "date": "2026-03-24"}}, {"type": "Feature", "geometry": {"type": "Point", "coordinates": [-82.59166666836401, 35.541666667242005]}, "properties": {"p_logistic": 0.4427599012851715, "p_rf": 0.7739999890327454, "p_xgb": 0.9950141310691833, "date": "2026-03-24"}}, {"type": "Feature", "geometry": {"type": "Point", "coordinates": [-82.58333333503101, 35.541666667242005]}, "properties": {"p_logistic": 0.4421541094779968, "p_rf": 0.7260000109672546, "p_xgb": 0.9945224523544312, "date": "2026-03-24"}}, {"type": "Feature", "geometry": {"type": "Point", "coordinates": [-82.57500000169802, 35.541666667242005]}, "properties": {"p_logistic": 0.44111427664756775, "p_rf": 0.722000002861023, "p_xgb": 0.9949033260345459, "date": "2026-03-24"}}, {"type": "Feature", "geometry": {"type": "Point", "coordinates": [-82.56666666836502, 35.541666667242005]}, "properties": {"p_logistic": 0.4392353296279907, "p_rf": 0.6980000138282776, "p_xgb": 0.9949033260345459, "date": "2026-03-24"}}, {"type": "Feature", "geometry": {"type": "Point", "coordinates": [-82.55833333503202, 35.541666667242005]}, "properties": {"p_logistic": 0.43714913725852966, "p_rf": 0.6639999747276306, "p_xgb": 0.9731664061546326, "date": "2026-03-24"}}, {"type": "Feature", "geometry": {"type": "Point", "coordinates": [-82.55000000169902, 35.541666667242005]}, "properties": {"p_logistic": 0.43538418412208557, "p_rf": 0.593999981880188, "p_xgb": 0.9518597722053528, "date": "2026-03-24"}}, {"type": "Feature", "geometry": {"type": "Point", "coordinates": [-82.54166666836602, 35.541666667242005]}, "properties": {"p_logistic": 0.43570461869239807, "p_rf": 0.6299999952316284, "p_xgb": 0.9548608064651489, "date": "2026-03-24"}}, {"type": "Feature", "geometry": {"type": "Point", "coordinates": [-82.53333333503302, 35.541666667242005]}, "properties": {"p_logistic": 0.43733397126197815, "p_rf": 0.6639999747276306, "p_xgb": 0.9541172981262207, "date": "2026-03-24"}}, {"type": "Feature", "geometry": {"type": "Point", "coordinates": [-82.52500000170002, 35.541666667242005]}, "properties": {"p_logistic": 0.43951061367988586, "p_rf": 0.6460000276565552, "p_xgb": 0.9554977416992188, "date": "2026-03-24"}}, {"type": "Feature", "geometry": {"type": "Point", "coordinates": [-82.51666666836701, 35.541666667242005]}, "properties": {"p_logistic": 0.44141244888305664, "p_rf": 0.6800000071525574, "p_xgb": 0.9947035908699036, "date": "2026-03-24"}}, {"type": "Feature", "geometry": {"type": "Point", "coordinates": [-82.50833333503402, 35.541666667242005]}, "properties": {"p_logistic": 0.44229328632354736, "p_rf": 0.6600000262260437, "p_xgb": 0.9951878786087036, "date": "2026-03-24"}}, {"type": "Feature", "geometry": {"type": "Point", "coordinates": [-82.50000000170101, 35.541666667242005]}, "properties": {"p_logistic": 0.44271132349967957, "p_rf": 0.6819999814033508, "p_xgb": 0.995137631893158, "date": "2026-03-24"}}, {"type": "Feature", "geometry": {"type": "Point", "coordinates": [-82.49166666836803, 35.541666667242005]}, "properties": {"p_logistic": 0.44280317425727844, "p_rf": 0.722000002861023, "p_xgb": 0.9980025887489319, "date": "2026-03-24"}}, {"type": "Feature", "geometry": {"type": "Point", "coordinates": [-82.48333333503501, 35.541666667242005]}, "properties": {"p_logistic": 0.44286856055259705, "p_rf": 0.7300000190734863, "p_xgb": 0.997956395149231, "date": "2026-03-24"}}, {"type": "Feature", "geometry": {"type": "Point", "coordinates": [-82.47500000170201, 35.541666667242005]}, "properties": {"p_logistic": 0.4423629343509674, "p_rf": 0.7519999742507935, "p_xgb": 0.9970334768295288, "date": "2026-03-24"}}, {"type": "Feature", "geometry": {"type": "Point", "coordinates": [-82.46666666836902, 35.541666667242005]}, "properties": {"p_logistic": 0.4413149356842041, "p_rf": 0.777999997138977, "p_xgb": 0.9971489310264587, "date": "2026-03-24"}}, {"type": "Feature", "geometry": {"type": "Point", "coordinates": [-82.45833333503602, 35.541666667242005]}, "properties": {"p_logistic": 0.44038498401641846, "p_rf": 0.7599999904632568, "p_xgb": 0.9971489310264587, "date": "2026-03-24"}}, {"type": "Feature", "geometry": {"type": "Point", "coordinates": [-82.45000000170302, 35.541666667242005]}, "properties": {"p_logistic": 0.4396284520626068, "p_rf": 0.7200000286102295, "p_xgb": 0.9971489310264587, "date": "2026-03-24"}}, {"type": "Feature", "geometry": {"type": "Point", "coordinates": [-82.44166666837002, 35.541666667242005]}, "properties": {"p_logistic": 0.4385925829410553, "p_rf": 0.6880000233650208, "p_xgb": 0.9972692131996155, "date": "2026-03-24"}}, {"type": "Feature", "geometry": {"type": "Point", "coordinates": [-82.43333333503702, 35.541666667242005]}, "properties": {"p_logistic": 0.43790167570114136, "p_rf": 0.7020000219345093, "p_xgb": 0.9958820343017578, "date": "2026-03-24"}}, {"type": "Feature", "geometry": {"type": "Point", "coordinates": [-82.42500000170402, 35.541666667242005]}, "properties": {"p_logistic": 0.43678930401802063, "p_rf": 0.7139999866485596, "p_xgb": 0.9955637454986572, "date": "2026-03-24"}}, {"type": "Feature", "geometry": {"type": "Point", "coordinates": [-82.41666666837102, 35.541666667242005]}, "properties": {"p_logistic": 0.4367230236530304, "p_rf": 0.7300000190734863, "p_xgb": 0.9962813258171082, "date": "2026-03-24"}}, {"type": "Feature", "geometry": {"type": "Point", "coordinates": [-82.40833333503801, 35.541666667242005]}, "properties": {"p_logistic": 0.4368113577365875, "p_rf": 0.7360000014305115, "p_xgb": 0.9962813258171082, "date": "2026-03-24"}}, {"type": "Feature", "geometry": {"type": "Point", "coordinates": [-82.40000000170502, 35.541666667242005]}, "properties": {"p_logistic": 0.43647685647010803, "p_rf": 0.7360000014305115, "p_xgb": 0.9962813258171082, "date": "2026-03-24"}}, {"type": "Feature", "geometry": {"type": "Point", "coordinates": [-82.39166666837201, 35.541666667242005]}, "properties": {"p_logistic": 0.43579789996147156, "p_rf": 0.722000002861023, "p_xgb": 0.9962813258171082, "date": "2026-03-24"}}, {"type": "Feature", "geometry": {"type": "Point", "coordinates": [-82.38333333503903, 35.541666667242005]}, "properties": {"p_logistic": 0.43559667468070984, "p_rf": 0.7200000286102295, "p_xgb": 0.9957833290100098, "date": "2026-03-24"}}, {"type": "Feature", "geometry": {"type": "Point", "coordinates": [-82.37500000170601, 35.541666667242005]}, "properties": {"p_logistic": 0.43546098470687866, "p_rf": 0.7200000286102295, "p_xgb": 0.9922518134117126, "date": "2026-03-24"}}, {"type": "Feature", "geometry": {"type": "Point", "coordinates": [-82.36666666837301, 35.541666667242005]}, "properties": {"p_logistic": 0.4357587695121765, "p_rf": 0.6779999732971191, "p_xgb": 0.9871386885643005, "date": "2026-03-24"}}, {"type": "Feature", "geometry": {"type": "Point", "coordinates": [-82.35833333504002, 35.541666667242005]}, "properties": {"p_logistic": 0.4373505711555481, "p_rf": 0.6480000019073486, "p_xgb": 0.9856210350990295, "date": "2026-03-24"}}, {"type": "Feature", "geometry": {"type": "Point", "coordinates": [-82.35000000170702, 35.541666667242005]}, "properties": {"p_logistic": 0.43886780738830566, "p_rf": 0.6119999885559082, "p_xgb": 0.9792613387107849, "date": "2026-03-24"}}, {"type": "Feature", "geometry": {"type": "Point", "coordinates": [-82.34166666837402, 35.541666667242005]}, "properties": {"p_logistic": 0.439998596906662, "p_rf": 0.621999979019165, "p_xgb": 0.9784201979637146, "date": "2026-03-24"}}, {"type": "Feature", "geometry": {"type": "Point", "coordinates": [-82.33333333504102, 35.541666667242005]}, "properties": {"p_logistic": 0.4418145418167114, "p_rf": 0.6119999885559082, "p_xgb": 0.9796189069747925, "date": "2026-03-24"}}, {"type": "Feature", "geometry": {"type": "Point", "coordinates": [-82.32500000170802, 35.541666667242005]}, "properties": {"p_logistic": 0.4441964626312256, "p_rf": 0.5979999899864197, "p_xgb": 0.9790638089179993, "date": "2026-03-24"}}, {"type": "Feature", "geometry": {"type": "Point", "coordinates": [-82.31666666837502, 35.541666667242005]}, "properties": {"p_logistic": 0.44673049449920654, "p_rf": 0.5820000171661377, "p_xgb": 0.976714015007019, "date": "2026-03-24"}}, {"type": "Feature", "geometry": {"type": "Point", "coordinates": [-82.30833333504202, 35.541666667242005]}, "properties": {"p_logistic": 0.44921931624412537, "p_rf": 0.5199999809265137, "p_xgb": 0.9742111563682556, "date": "2026-03-24"}}, {"type": "Feature", "geometry": {"type": "Point", "coordinates": [-82.30000000170901, 35.541666667242005]}, "properties": {"p_logistic": 0.45060327649116516, "p_rf": 0.5320000052452087, "p_xgb": 0.9698671698570251, "date": "2026-03-24"}}, {"type": "Feature", "geometry": {"type": "Point", "coordinates": [-82.29166666837602, 35.541666667242005]}, "properties": {"p_logistic": 0.45170819759368896, "p_rf": 0.5260000228881836, "p_xgb": 0.9698671698570251, "date": "2026-03-24"}}, {"type": "Feature", "geometry": {"type": "Point", "coordinates": [-82.28333333504301, 35.541666667242005]}, "properties": {"p_logistic": 0.45315074920654297, "p_rf": 0.5619999766349792, "p_xgb": 0.9698671698570251, "date": "2026-03-24"}}, {"type": "Feature", "geometry": {"type": "Point", "coordinates": [-82.27500000171003, 35.541666667242005]}, "properties": {"p_logistic": 0.4558058977127075, "p_rf": 0.5720000267028809, "p_xgb": 0.9708752632141113, "date": "2026-03-24"}}, {"type": "Feature", "geometry": {"type": "Point", "coordinates": [-82.26666666837701, 35.541666667242005]}, "properties": {"p_logistic": 0.45907557010650635, "p_rf": 0.6060000061988831, "p_xgb": 0.9708752632141113, "date": "2026-03-24"}}, {"type": "Feature", "geometry": {"type": "Point", "coordinates": [-82.25833333504401, 35.541666667242005]}, "properties": {"p_logistic": 0.4626249074935913, "p_rf": 0.628000020980835, "p_xgb": 0.9736368656158447, "date": "2026-03-24"}}, {"type": "Feature", "geometry": {"type": "Point", "coordinates": [-82.25000000171102, 35.541666667242005]}, "properties": {"p_logistic": 0.4650353491306305, "p_rf": 0.656000018119812, "p_xgb": 0.9745572805404663, "date": "2026-03-24"}}, {"type": "Feature", "geometry": {"type": "Point", "coordinates": [-82.24166666837802, 35.541666667242005]}, "properties": {"p_logistic": 0.46795937418937683, "p_rf": 0.6240000128746033, "p_xgb": 0.9784602522850037, "date": "2026-03-24"}}, {"type": "Feature", "geometry": {"type": "Point", "coordinates": [-82.23333333504502, 35.541666667242005]}, "properties": {"p_logistic": 0.46952706575393677, "p_rf": 0.5600000023841858, "p_xgb": 0.9769904613494873, "date": "2026-03-24"}}, {"type": "Feature", "geometry": {"type": "Point", "coordinates": [-82.22500000171202, 35.541666667242005]}, "properties": {"p_logistic": 0.4706237018108368, "p_rf": 0.6000000238418579, "p_xgb": 0.9749958515167236, "date": "2026-03-24"}}, {"type": "Feature", "geometry": {"type": "Point", "coordinates": [-82.21666666837902, 35.541666667242005]}, "properties": {"p_logistic": 0.4709402322769165, "p_rf": 0.6399999856948853, "p_xgb": 0.9725478887557983, "date": "2026-03-24"}}, {"type": "Feature", "geometry": {"type": "Point", "coordinates": [-82.20833333504602, 35.541666667242005]}, "properties": {"p_logistic": 0.4715156853199005, "p_rf": 0.6179999709129333, "p_xgb": 0.9715537428855896, "date": "2026-03-24"}}, {"type": "Feature", "geometry": {"type": "Point", "coordinates": [-82.20000000171302, 35.541666667242005]}, "properties": {"p_logistic": 0.4727955460548401, "p_rf": 0.6179999709129333, "p_xgb": 0.9750558137893677, "date": "2026-03-24"}}, {"type": "Feature", "geometry": {"type": "Point", "coordinates": [-82.76666666835702, 35.533333333909006]}, "properties": {"p_logistic": 0.43634334206581116, "p_rf": 0.6959999799728394, "p_xgb": 0.9863747358322144, "date": "2026-03-24"}}, {"type": "Feature", "geometry": {"type": "Point", "coordinates": [-82.75833333502402, 35.533333333909006]}, "properties": {"p_logistic": 0.436276912689209, "p_rf": 0.75, "p_xgb": 0.9872528910636902, "date": "2026-03-24"}}, {"type": "Feature", "geometry": {"type": "Point", "coordinates": [-82.75000000169102, 35.533333333909006]}, "properties": {"p_logistic": 0.43637192249298096, "p_rf": 0.800000011920929, "p_xgb": 0.9870356917381287, "date": "2026-03-24"}}, {"type": "Feature", "geometry": {"type": "Point", "coordinates": [-82.74166666835802, 35.533333333909006]}, "properties": {"p_logistic": 0.43645280599594116, "p_rf": 0.7379999756813049, "p_xgb": 0.9874387383460999, "date": "2026-03-24"}}, {"type": "Feature", "geometry": {"type": "Point", "coordinates": [-82.73333333502501, 35.533333333909006]}, "properties": {"p_logistic": 0.43665942549705505, "p_rf": 0.6620000004768372, "p_xgb": 0.9871386885643005, "date": "2026-03-24"}}, {"type": "Feature", "geometry": {"type": "Point", "coordinates": [-82.72500000169202, 35.533333333909006]}, "properties": {"p_logistic": 0.437426894903183, "p_rf": 0.6679999828338623, "p_xgb": 0.9863085150718689, "date": "2026-03-24"}}, {"type": "Feature", "geometry": {"type": "Point", "coordinates": [-82.71666666835901, 35.533333333909006]}, "properties": {"p_logistic": 0.43761903047561646, "p_rf": 0.6660000085830688, "p_xgb": 0.9863085150718689, "date": "2026-03-24"}}, {"type": "Feature", "geometry": {"type": "Point", "coordinates": [-82.70833333502603, 35.533333333909006]}, "properties": {"p_logistic": 0.43796759843826294, "p_rf": 0.6620000004768372, "p_xgb": 0.9863085150718689, "date": "2026-03-24"}}, {"type": "Feature", "geometry": {"type": "Point", "coordinates": [-82.70000000169301, 35.533333333909006]}, "properties": {"p_logistic": 0.4385203421115875, "p_rf": 0.6380000114440918, "p_xgb": 0.9856210350990295, "date": "2026-03-24"}}, {"type": "Feature", "geometry": {"type": "Point", "coordinates": [-82.69166666836001, 35.533333333909006]}, "properties": {"p_logistic": 0.4395557940006256, "p_rf": 0.6579999923706055, "p_xgb": 0.9856210350990295, "date": "2026-03-24"}}, {"type": "Feature", "geometry": {"type": "Point", "coordinates": [-82.68333333502702, 35.533333333909006]}, "properties": {"p_logistic": 0.44092857837677, "p_rf": 0.7319999933242798, "p_xgb": 0.9859559535980225, "date": "2026-03-24"}}, {"type": "Feature", "geometry": {"type": "Point", "coordinates": [-82.67500000169402, 35.533333333909006]}, "properties": {"p_logistic": 0.4422452449798584, "p_rf": 0.7440000176429749, "p_xgb": 0.9875836968421936, "date": "2026-03-24"}}, {"type": "Feature", "geometry": {"type": "Point", "coordinates": [-82.66666666836102, 35.533333333909006]}, "properties": {"p_logistic": 0.4434787929058075, "p_rf": 0.7080000042915344, "p_xgb": 0.9868354797363281, "date": "2026-03-24"}}, {"type": "Feature", "geometry": {"type": "Point", "coordinates": [-82.65833333502802, 35.533333333909006]}, "properties": {"p_logistic": 0.443784236907959, "p_rf": 0.765999972820282, "p_xgb": 0.9904060959815979, "date": "2026-03-24"}}, {"type": "Feature", "geometry": {"type": "Point", "coordinates": [-82.65000000169502, 35.533333333909006]}, "properties": {"p_logistic": 0.44367387890815735, "p_rf": 0.7599999904632568, "p_xgb": 0.9904060959815979, "date": "2026-03-24"}}, {"type": "Feature", "geometry": {"type": "Point", "coordinates": [-82.64166666836202, 35.533333333909006]}, "properties": {"p_logistic": 0.44352489709854126, "p_rf": 0.7860000133514404, "p_xgb": 0.9953730702400208, "date": "2026-03-24"}}, {"type": "Feature", "geometry": {"type": "Point", "coordinates": [-82.63333333502902, 35.533333333909006]}, "properties": {"p_logistic": 0.44343453645706177, "p_rf": 0.7919999957084656, "p_xgb": 0.9979518055915833, "date": "2026-03-24"}}, {"type": "Feature", "geometry": {"type": "Point", "coordinates": [-82.62500000169601, 35.533333333909006]}, "properties": {"p_logistic": 0.44335779547691345, "p_rf": 0.7680000066757202, "p_xgb": 0.9979937076568604, "date": "2026-03-24"}}, {"type": "Feature", "geometry": {"type": "Point", "coordinates": [-82.61666666836302, 35.533333333909006]}, "properties": {"p_logistic": 0.4436473846435547, "p_rf": 0.7839999794960022, "p_xgb": 0.9979518055915833, "date": "2026-03-24"}}, {"type": "Feature", "geometry": {"type": "Point", "coordinates": [-82.60833333503001, 35.533333333909006]}, "properties": {"p_logistic": 0.44393011927604675, "p_rf": 0.7879999876022339, "p_xgb": 0.9979518055915833, "date": "2026-03-24"}}, {"type": "Feature", "geometry": {"type": "Point", "coordinates": [-82.60000000169703, 35.533333333909006]}, "properties": {"p_logistic": 0.44375452399253845, "p_rf": 0.7820000052452087, "p_xgb": 0.9978840947151184, "date": "2026-03-24"}}, {"type": "Feature", "geometry": {"type": "Point", "coordinates": [-82.59166666836401, 35.533333333909006]}, "properties": {"p_logistic": 0.44350868463516235, "p_rf": 0.7400000095367432, "p_xgb": 0.9950141310691833, "date": "2026-03-24"}}, {"type": "Feature", "geometry": {"type": "Point", "coordinates": [-82.58333333503101, 35.533333333909006]}, "properties": {"p_logistic": 0.4431483745574951, "p_rf": 0.7459999918937683, "p_xgb": 0.9944082498550415, "date": "2026-03-24"}}, {"type": "Feature", "geometry": {"type": "Point", "coordinates": [-82.57500000169802, 35.533333333909006]}, "properties": {"p_logistic": 0.4420017898082733, "p_rf": 0.7419999837875366, "p_xgb": 0.9950657486915588, "date": "2026-03-24"}}, {"type": "Feature", "geometry": {"type": "Point", "coordinates": [-82.56666666836502, 35.533333333909006]}, "properties": {"p_logistic": 0.43974390625953674, "p_rf": 0.7379999756813049, "p_xgb": 0.9943304061889648, "date": "2026-03-24"}}, {"type": "Feature", "geometry": {"type": "Point", "coordinates": [-82.55833333503202, 35.533333333909006]}, "properties": {"p_logistic": 0.43732234835624695, "p_rf": 0.7279999852180481, "p_xgb": 0.9729048013687134, "date": "2026-03-24"}}, {"type": "Feature", "geometry": {"type": "Point", "coordinates": [-82.55000000169902, 35.533333333909006]}, "properties": {"p_logistic": 0.43556949496269226, "p_rf": 0.6320000290870667, "p_xgb": 0.951400637626648, "date": "2026-03-24"}}, {"type": "Feature", "geometry": {"type": "Point", "coordinates": [-82.54166666836602, 35.533333333909006]}, "properties": {"p_logistic": 0.43518418073654175, "p_rf": 0.6320000290870667, "p_xgb": 0.951400637626648, "date": "2026-03-24"}}, {"type": "Feature", "geometry": {"type": "Point", "coordinates": [-82.53333333503302, 35.533333333909006]}, "properties": {"p_logistic": 0.43637511134147644, "p_rf": 0.6000000238418579, "p_xgb": 0.949874222278595, "date": "2026-03-24"}}, {"type": "Feature", "geometry": {"type": "Point", "coordinates": [-82.52500000170002, 35.533333333909006]}, "properties": {"p_logistic": 0.4378359615802765, "p_rf": 0.5820000171661377, "p_xgb": 0.9518597722053528, "date": "2026-03-24"}}, {"type": "Feature", "geometry": {"type": "Point", "coordinates": [-82.51666666836701, 35.533333333909006]}, "properties": {"p_logistic": 0.43964532017707825, "p_rf": 0.7379999756813049, "p_xgb": 0.9947509169578552, "date": "2026-03-24"}}, {"type": "Feature", "geometry": {"type": "Point", "coordinates": [-82.50833333503402, 35.533333333909006]}, "properties": {"p_logistic": 0.4406946301460266, "p_rf": 0.7519999742507935, "p_xgb": 0.9954990744590759, "date": "2026-03-24"}}, {"type": "Feature", "geometry": {"type": "Point", "coordinates": [-82.50000000170101, 35.533333333909006]}, "properties": {"p_logistic": 0.4405272901058197, "p_rf": 0.699999988079071, "p_xgb": 0.9948990941047668, "date": "2026-03-24"}}, {"type": "Feature", "geometry": {"type": "Point", "coordinates": [-82.49166666836803, 35.533333333909006]}, "properties": {"p_logistic": 0.44058966636657715, "p_rf": 0.6919999718666077, "p_xgb": 0.9927500486373901, "date": "2026-03-24"}}, {"type": "Feature", "geometry": {"type": "Point", "coordinates": [-82.48333333503501, 35.533333333909006]}, "properties": {"p_logistic": 0.44095578789711, "p_rf": 0.6980000138282776, "p_xgb": 0.997765064239502, "date": "2026-03-24"}}, {"type": "Feature", "geometry": {"type": "Point", "coordinates": [-82.47500000170201, 35.533333333909006]}, "properties": {"p_logistic": 0.44072699546813965, "p_rf": 0.6899999976158142, "p_xgb": 0.9980428218841553, "date": "2026-03-24"}}, {"type": "Feature", "geometry": {"type": "Point", "coordinates": [-82.46666666836902, 35.533333333909006]}, "properties": {"p_logistic": 0.4403388500213623, "p_rf": 0.6800000071525574, "p_xgb": 0.9976664781570435, "date": "2026-03-24"}}, {"type": "Feature", "geometry": {"type": "Point", "coordinates": [-82.45833333503602, 35.533333333909006]}, "properties": {"p_logistic": 0.4399512708187103, "p_rf": 0.6579999923706055, "p_xgb": 0.997765064239502, "date": "2026-03-24"}}, {"type": "Feature", "geometry": {"type": "Point", "coordinates": [-82.45000000170302, 35.533333333909006]}, "properties": {"p_logistic": 0.439954936504364, "p_rf": 0.699999988079071, "p_xgb": 0.997765064239502, "date": "2026-03-24"}}, {"type": "Feature", "geometry": {"type": "Point", "coordinates": [-82.44166666837002, 35.533333333909006]}, "properties": {"p_logistic": 0.4397110044956207, "p_rf": 0.7020000219345093, "p_xgb": 0.9978177547454834, "date": "2026-03-24"}}, {"type": "Feature", "geometry": {"type": "Point", "coordinates": [-82.43333333503702, 35.533333333909006]}, "properties": {"p_logistic": 0.4395178556442261, "p_rf": 0.7360000014305115, "p_xgb": 0.9978177547454834, "date": "2026-03-24"}}, {"type": "Feature", "geometry": {"type": "Point", "coordinates": [-82.42500000170402, 35.533333333909006]}, "properties": {"p_logistic": 0.4392506778240204, "p_rf": 0.7379999756813049, "p_xgb": 0.9978177547454834, "date": "2026-03-24"}}, {"type": "Feature", "geometry": {"type": "Point", "coordinates": [-82.41666666837102, 35.533333333909006]}, "properties": {"p_logistic": 0.4392971992492676, "p_rf": 0.699999988079071, "p_xgb": 0.995978832244873, "date": "2026-03-24"}}, {"type": "Feature", "geometry": {"type": "Point", "coordinates": [-82.40833333503801, 35.533333333909006]}, "properties": {"p_logistic": 0.43943116068840027, "p_rf": 0.7179999947547913, "p_xgb": 0.9958820343017578, "date": "2026-03-24"}}, {"type": "Feature", "geometry": {"type": "Point", "coordinates": [-82.40000000170502, 35.533333333909006]}, "properties": {"p_logistic": 0.43890973925590515, "p_rf": 0.7300000190734863, "p_xgb": 0.9972692131996155, "date": "2026-03-24"}}, {"type": "Feature", "geometry": {"type": "Point", "coordinates": [-82.39166666837201, 35.533333333909006]}, "properties": {"p_logistic": 0.43795084953308105, "p_rf": 0.7200000286102295, "p_xgb": 0.9969869256019592, "date": "2026-03-24"}}, {"type": "Feature", "geometry": {"type": "Point", "coordinates": [-82.38333333503903, 35.533333333909006]}, "properties": {"p_logistic": 0.4363083243370056, "p_rf": 0.699999988079071, "p_xgb": 0.9961916208267212, "date": "2026-03-24"}}, {"type": "Feature", "geometry": {"type": "Point", "coordinates": [-82.37500000170601, 35.533333333909006]}, "properties": {"p_logistic": 0.435284286737442, "p_rf": 0.6899999976158142, "p_xgb": 0.9957660436630249, "date": "2026-03-24"}}, {"type": "Feature", "geometry": {"type": "Point", "coordinates": [-82.36666666837301, 35.533333333909006]}, "properties": {"p_logistic": 0.43487656116485596, "p_rf": 0.7080000042915344, "p_xgb": 0.9904364943504333, "date": "2026-03-24"}}, {"type": "Feature", "geometry": {"type": "Point", "coordinates": [-82.35833333504002, 35.533333333909006]}, "properties": {"p_logistic": 0.43622100353240967, "p_rf": 0.7319999933242798, "p_xgb": 0.9877546429634094, "date": "2026-03-24"}}, {"type": "Feature", "geometry": {"type": "Point", "coordinates": [-82.35000000170702, 35.533333333909006]}, "properties": {"p_logistic": 0.4380461573600769, "p_rf": 0.699999988079071, "p_xgb": 0.9795189499855042, "date": "2026-03-24"}}, {"type": "Feature", "geometry": {"type": "Point", "coordinates": [-82.34166666837402, 35.533333333909006]}, "properties": {"p_logistic": 0.43936657905578613, "p_rf": 0.7139999866485596, "p_xgb": 0.9784201979637146, "date": "2026-03-24"}}, {"type": "Feature", "geometry": {"type": "Point", "coordinates": [-82.33333333504102, 35.533333333909006]}, "properties": {"p_logistic": 0.44156235456466675, "p_rf": 0.7059999704360962, "p_xgb": 0.9771550297737122, "date": "2026-03-24"}}, {"type": "Feature", "geometry": {"type": "Point", "coordinates": [-82.32500000170802, 35.533333333909006]}, "properties": {"p_logistic": 0.4443342685699463, "p_rf": 0.6679999828338623, "p_xgb": 0.9742101430892944, "date": "2026-03-24"}}, {"type": "Feature", "geometry": {"type": "Point", "coordinates": [-82.31666666837502, 35.533333333909006]}, "properties": {"p_logistic": 0.44701799750328064, "p_rf": 0.6179999709129333, "p_xgb": 0.976063072681427, "date": "2026-03-24"}}, {"type": "Feature", "geometry": {"type": "Point", "coordinates": [-82.30833333504202, 35.533333333909006]}, "properties": {"p_logistic": 0.44929972290992737, "p_rf": 0.6159999966621399, "p_xgb": 0.9727027416229248, "date": "2026-03-24"}}, {"type": "Feature", "geometry": {"type": "Point", "coordinates": [-82.30000000170901, 35.533333333909006]}, "properties": {"p_logistic": 0.45105886459350586, "p_rf": 0.6159999966621399, "p_xgb": 0.9727027416229248, "date": "2026-03-24"}}, {"type": "Feature", "geometry": {"type": "Point", "coordinates": [-82.29166666837602, 35.533333333909006]}, "properties": {"p_logistic": 0.45196229219436646, "p_rf": 0.6039999723434448, "p_xgb": 0.9727027416229248, "date": "2026-03-24"}}, {"type": "Feature", "geometry": {"type": "Point", "coordinates": [-82.28333333504301, 35.533333333909006]}, "properties": {"p_logistic": 0.4532957971096039, "p_rf": 0.5720000267028809, "p_xgb": 0.9727027416229248, "date": "2026-03-24"}}, {"type": "Feature", "geometry": {"type": "Point", "coordinates": [-82.27500000171003, 35.533333333909006]}, "properties": {"p_logistic": 0.45548295974731445, "p_rf": 0.5640000104904175, "p_xgb": 0.9741118550300598, "date": "2026-03-24"}}, {"type": "Feature", "geometry": {"type": "Point", "coordinates": [-82.26666666837701, 35.533333333909006]}, "properties": {"p_logistic": 0.45814839005470276, "p_rf": 0.5519999861717224, "p_xgb": 0.9749237895011902, "date": "2026-03-24"}}, {"type": "Feature", "geometry": {"type": "Point", "coordinates": [-82.25833333504401, 35.533333333909006]}, "properties": {"p_logistic": 0.46138060092926025, "p_rf": 0.5740000009536743, "p_xgb": 0.9749237895011902, "date": "2026-03-24"}}, {"type": "Feature", "geometry": {"type": "Point", "coordinates": [-82.25000000171102, 35.533333333909006]}, "properties": {"p_logistic": 0.46389642357826233, "p_rf": 0.6019999980926514, "p_xgb": 0.9762320518493652, "date": "2026-03-24"}}, {"type": "Feature", "geometry": {"type": "Point", "coordinates": [-82.24166666837802, 35.533333333909006]}, "properties": {"p_logistic": 0.4661049544811249, "p_rf": 0.6019999980926514, "p_xgb": 0.9757782816886902, "date": "2026-03-24"}}, {"type": "Feature", "geometry": {"type": "Point", "coordinates": [-82.23333333504502, 35.533333333909006]}, "properties": {"p_logistic": 0.4677214026451111, "p_rf": 0.6380000114440918, "p_xgb": 0.9787716269493103, "date": "2026-03-24"}}, {"type": "Feature", "geometry": {"type": "Point", "coordinates": [-82.22500000171202, 35.533333333909006]}, "properties": {"p_logistic": 0.46890023350715637, "p_rf": 0.6679999828338623, "p_xgb": 0.9780965447425842, "date": "2026-03-24"}}, {"type": "Feature", "geometry": {"type": "Point", "coordinates": [-82.21666666837902, 35.533333333909006]}, "properties": {"p_logistic": 0.4695519506931305, "p_rf": 0.6240000128746033, "p_xgb": 0.9754241704940796, "date": "2026-03-24"}}, {"type": "Feature", "geometry": {"type": "Point", "coordinates": [-82.20833333504602, 35.533333333909006]}, "properties": {"p_logistic": 0.47026124596595764, "p_rf": 0.578000009059906, "p_xgb": 0.9769904613494873, "date": "2026-03-24"}}, {"type": "Feature", "geometry": {"type": "Point", "coordinates": [-82.20000000171302, 35.533333333909006]}, "properties": {"p_logistic": 0.47163382172584534, "p_rf": 0.5540000200271606, "p_xgb": 0.9769904613494873, "date": "2026-03-24"}}, {"type": "Feature", "geometry": {"type": "Point", "coordinates": [-82.19166666838001, 35.533333333909006]}, "properties": {"p_logistic": 0.47283998131752014, "p_rf": 0.6520000100135803, "p_xgb": 0.9759305119514465, "date": "2026-03-24"}}, {"type": "Feature", "geometry": {"type": "Point", "coordinates": [-82.18333333504702, 35.533333333909006]}, "properties": {"p_logistic": 0.4732603132724762, "p_rf": 0.628000020980835, "p_xgb": 0.9740490913391113, "date": "2026-03-24"}}, {"type": "Feature", "geometry": {"type": "Point", "coordinates": [-82.77500000169002, 35.525000000576]}, "properties": {"p_logistic": 0.43662789463996887, "p_rf": 0.734000027179718, "p_xgb": 0.9856998324394226, "date": "2026-03-24"}}, {"type": "Feature", "geometry": {"type": "Point", "coordinates": [-82.76666666835702, 35.525000000576]}, "properties": {"p_logistic": 0.4366514980792999, "p_rf": 0.7059999704360962, "p_xgb": 0.9863747358322144, "date": "2026-03-24"}}, {"type": "Feature", "geometry": {"type": "Point", "coordinates": [-82.75833333502402, 35.525000000576]}, "properties": {"p_logistic": 0.4368346035480499, "p_rf": 0.7639999985694885, "p_xgb": 0.9872528910636902, "date": "2026-03-24"}}, {"type": "Feature", "geometry": {"type": "Point", "coordinates": [-82.75000000169102, 35.525000000576]}, "properties": {"p_logistic": 0.4370332956314087, "p_rf": 0.7799999713897705, "p_xgb": 0.9870356917381287, "date": "2026-03-24"}}, {"type": "Feature", "geometry": {"type": "Point", "coordinates": [-82.74166666835802, 35.525000000576]}, "properties": {"p_logistic": 0.43740177154541016, "p_rf": 0.7099999785423279, "p_xgb": 0.9874387383460999, "date": "2026-03-24"}}, {"type": "Feature", "geometry": {"type": "Point", "coordinates": [-82.73333333502501, 35.525000000576]}, "properties": {"p_logistic": 0.43789732456207275, "p_rf": 0.6499999761581421, "p_xgb": 0.9870995879173279, "date": "2026-03-24"}}, {"type": "Feature", "geometry": {"type": "Point", "coordinates": [-82.72500000169202, 35.525000000576]}, "properties": {"p_logistic": 0.43859922885894775, "p_rf": 0.6819999814033508, "p_xgb": 0.9863085150718689, "date": "2026-03-24"}}, {"type": "Feature", "geometry": {"type": "Point", "coordinates": [-82.71666666835901, 35.525000000576]}, "properties": {"p_logistic": 0.438862144947052, "p_rf": 0.6959999799728394, "p_xgb": 0.9863085150718689, "date": "2026-03-24"}}, {"type": "Feature", "geometry": {"type": "Point", "coordinates": [-82.70833333502603, 35.525000000576]}, "properties": {"p_logistic": 0.43904170393943787, "p_rf": 0.7160000205039978, "p_xgb": 0.9863085150718689, "date": "2026-03-24"}}, {"type": "Feature", "geometry": {"type": "Point", "coordinates": [-82.70000000169301, 35.525000000576]}, "properties": {"p_logistic": 0.43980708718299866, "p_rf": 0.7239999771118164, "p_xgb": 0.9863085150718689, "date": "2026-03-24"}}, {"type": "Feature", "geometry": {"type": "Point", "coordinates": [-82.69166666836001, 35.525000000576]}, "properties": {"p_logistic": 0.4408082664012909, "p_rf": 0.6779999732971191, "p_xgb": 0.9863085150718689, "date": "2026-03-24"}}, {"type": "Feature", "geometry": {"type": "Point", "coordinates": [-82.68333333502702, 35.525000000576]}, "properties": {"p_logistic": 0.4419938623905182, "p_rf": 0.656000018119812, "p_xgb": 0.9856210350990295, "date": "2026-03-24"}}, {"type": "Feature", "geometry": {"type": "Point", "coordinates": [-82.67500000169402, 35.525000000576]}, "properties": {"p_logistic": 0.4431234300136566, "p_rf": 0.7419999837875366, "p_xgb": 0.9883632063865662, "date": "2026-03-24"}}, {"type": "Feature", "geometry": {"type": "Point", "coordinates": [-82.66666666836102, 35.525000000576]}, "properties": {"p_logistic": 0.44387930631637573, "p_rf": 0.7559999823570251, "p_xgb": 0.9883268475532532, "date": "2026-03-24"}}, {"type": "Feature", "geometry": {"type": "Point", "coordinates": [-82.65833333502802, 35.525000000576]}, "properties": {"p_logistic": 0.44396016001701355, "p_rf": 0.7020000219345093, "p_xgb": 0.9905005097389221, "date": "2026-03-24"}}, {"type": "Feature", "geometry": {"type": "Point", "coordinates": [-82.65000000169502, 35.525000000576]}, "properties": {"p_logistic": 0.44390878081321716, "p_rf": 0.7160000205039978, "p_xgb": 0.99397873878479, "date": "2026-03-24"}}, {"type": "Feature", "geometry": {"type": "Point", "coordinates": [-82.64166666836202, 35.525000000576]}, "properties": {"p_logistic": 0.4438323676586151, "p_rf": 0.7260000109672546, "p_xgb": 0.9978899359703064, "date": "2026-03-24"}}, {"type": "Feature", "geometry": {"type": "Point", "coordinates": [-82.63333333502902, 35.525000000576]}, "properties": {"p_logistic": 0.443950355052948, "p_rf": 0.7459999918937683, "p_xgb": 0.9979719519615173, "date": "2026-03-24"}}, {"type": "Feature", "geometry": {"type": "Point", "coordinates": [-82.62500000169601, 35.525000000576]}, "properties": {"p_logistic": 0.4437827169895172, "p_rf": 0.7419999837875366, "p_xgb": 0.9979719519615173, "date": "2026-03-24"}}, {"type": "Feature", "geometry": {"type": "Point", "coordinates": [-82.61666666836302, 35.525000000576]}, "properties": {"p_logistic": 0.44403383135795593, "p_rf": 0.75, "p_xgb": 0.9978840947151184, "date": "2026-03-24"}}, {"type": "Feature", "geometry": {"type": "Point", "coordinates": [-82.60833333503001, 35.525000000576]}, "properties": {"p_logistic": 0.4441344439983368, "p_rf": 0.7879999876022339, "p_xgb": 0.9978840947151184, "date": "2026-03-24"}}, {"type": "Feature", "geometry": {"type": "Point", "coordinates": [-82.60000000169703, 35.525000000576]}, "properties": {"p_logistic": 0.4443577826023102, "p_rf": 0.7680000066757202, "p_xgb": 0.9978054165840149, "date": "2026-03-24"}}, {"type": "Feature", "geometry": {"type": "Point", "coordinates": [-82.59166666836401, 35.525000000576]}, "properties": {"p_logistic": 0.4441435933113098, "p_rf": 0.7319999933242798, "p_xgb": 0.9943509101867676, "date": "2026-03-24"}}, {"type": "Feature", "geometry": {"type": "Point", "coordinates": [-82.58333333503101, 35.525000000576]}, "properties": {"p_logistic": 0.4436051845550537, "p_rf": 0.7400000095367432, "p_xgb": 0.9948827028274536, "date": "2026-03-24"}}, {"type": "Feature", "geometry": {"type": "Point", "coordinates": [-82.57500000169802, 35.525000000576]}, "properties": {"p_logistic": 0.44248902797698975, "p_rf": 0.7360000014305115, "p_xgb": 0.9948827028274536, "date": "2026-03-24"}}, {"type": "Feature", "geometry": {"type": "Point", "coordinates": [-82.56666666836502, 35.525000000576]}, "properties": {"p_logistic": 0.44005873799324036, "p_rf": 0.7300000190734863, "p_xgb": 0.9941202998161316, "date": "2026-03-24"}}, {"type": "Feature", "geometry": {"type": "Point", "coordinates": [-82.55833333503202, 35.525000000576]}, "properties": {"p_logistic": 0.437441349029541, "p_rf": 0.7200000286102295, "p_xgb": 0.9729048013687134, "date": "2026-03-24"}}, {"type": "Feature", "geometry": {"type": "Point", "coordinates": [-82.55000000169902, 35.525000000576]}, "properties": {"p_logistic": 0.4356735050678253, "p_rf": 0.628000020980835, "p_xgb": 0.951400637626648, "date": "2026-03-24"}}, {"type": "Feature", "geometry": {"type": "Point", "coordinates": [-82.54166666836602, 35.525000000576]}, "properties": {"p_logistic": 0.43455925583839417, "p_rf": 0.6240000128746033, "p_xgb": 0.9496805667877197, "date": "2026-03-24"}}, {"type": "Feature", "geometry": {"type": "Point", "coordinates": [-82.53333333503302, 35.525000000576]}, "properties": {"p_logistic": 0.43546292185783386, "p_rf": 0.6240000128746033, "p_xgb": 0.9496805667877197, "date": "2026-03-24"}}, {"type": "Feature", "geometry": {"type": "Point", "coordinates": [-82.52500000170002, 35.525000000576]}, "properties": {"p_logistic": 0.43748244643211365, "p_rf": 0.628000020980835, "p_xgb": 0.951400637626648, "date": "2026-03-24"}}, {"type": "Feature", "geometry": {"type": "Point", "coordinates": [-82.51666666836701, 35.525000000576]}, "properties": {"p_logistic": 0.43943506479263306, "p_rf": 0.7440000176429749, "p_xgb": 0.9940493106842041, "date": "2026-03-24"}}, {"type": "Feature", "geometry": {"type": "Point", "coordinates": [-82.50833333503402, 35.525000000576]}, "properties": {"p_logistic": 0.4403657019138336, "p_rf": 0.6880000233650208, "p_xgb": 0.9951144456863403, "date": "2026-03-24"}}, {"type": "Feature", "geometry": {"type": "Point", "coordinates": [-82.50000000170101, 35.525000000576]}, "properties": {"p_logistic": 0.4400229752063751, "p_rf": 0.7480000257492065, "p_xgb": 0.9954319000244141, "date": "2026-03-24"}}, {"type": "Feature", "geometry": {"type": "Point", "coordinates": [-82.49166666836803, 35.525000000576]}, "properties": {"p_logistic": 0.43947091698646545, "p_rf": 0.7739999890327454, "p_xgb": 0.9918057918548584, "date": "2026-03-24"}}, {"type": "Feature", "geometry": {"type": "Point", "coordinates": [-82.48333333503501, 35.525000000576]}, "properties": {"p_logistic": 0.4396355450153351, "p_rf": 0.699999988079071, "p_xgb": 0.9922664761543274, "date": "2026-03-24"}}, {"type": "Feature", "geometry": {"type": "Point", "coordinates": [-82.47500000170201, 35.525000000576]}, "properties": {"p_logistic": 0.43969032168388367, "p_rf": 0.6919999718666077, "p_xgb": 0.9929201006889343, "date": "2026-03-24"}}, {"type": "Feature", "geometry": {"type": "Point", "coordinates": [-82.46666666836902, 35.525000000576]}, "properties": {"p_logistic": 0.43938595056533813, "p_rf": 0.6819999814033508, "p_xgb": 0.9927500486373901, "date": "2026-03-24"}}, {"type": "Feature", "geometry": {"type": "Point", "coordinates": [-82.45833333503602, 35.525000000576]}, "properties": {"p_logistic": 0.43944820761680603, "p_rf": 0.671999990940094, "p_xgb": 0.9927500486373901, "date": "2026-03-24"}}, {"type": "Feature", "geometry": {"type": "Point", "coordinates": [-82.45000000170302, 35.525000000576]}, "properties": {"p_logistic": 0.4396264851093292, "p_rf": 0.6859999895095825, "p_xgb": 0.9929201006889343, "date": "2026-03-24"}}, {"type": "Feature", "geometry": {"type": "Point", "coordinates": [-82.44166666837002, 35.525000000576]}, "properties": {"p_logistic": 0.44014209508895874, "p_rf": 0.7059999704360962, "p_xgb": 0.9929201006889343, "date": "2026-03-24"}}, {"type": "Feature", "geometry": {"type": "Point", "coordinates": [-82.43333333503702, 35.525000000576]}, "properties": {"p_logistic": 0.44046851992607117, "p_rf": 0.7120000123977661, "p_xgb": 0.9929201006889343, "date": "2026-03-24"}}, {"type": "Feature", "geometry": {"type": "Point", "coordinates": [-82.42500000170402, 35.525000000576]}, "properties": {"p_logistic": 0.44044435024261475, "p_rf": 0.7120000123977661, "p_xgb": 0.9929201006889343, "date": "2026-03-24"}}, {"type": "Feature", "geometry": {"type": "Point", "coordinates": [-82.41666666837102, 35.525000000576]}, "properties": {"p_logistic": 0.4410233497619629, "p_rf": 0.6899999976158142, "p_xgb": 0.9978669881820679, "date": "2026-03-24"}}, {"type": "Feature", "geometry": {"type": "Point", "coordinates": [-82.40833333503801, 35.525000000576]}, "properties": {"p_logistic": 0.4412686824798584, "p_rf": 0.7099999785423279, "p_xgb": 0.9978154897689819, "date": "2026-03-24"}}, {"type": "Feature", "geometry": {"type": "Point", "coordinates": [-82.40000000170502, 35.525000000576]}, "properties": {"p_logistic": 0.44087350368499756, "p_rf": 0.6840000152587891, "p_xgb": 0.9978154897689819, "date": "2026-03-24"}}, {"type": "Feature", "geometry": {"type": "Point", "coordinates": [-82.39166666837201, 35.525000000576]}, "properties": {"p_logistic": 0.4399118423461914, "p_rf": 0.6840000152587891, "p_xgb": 0.9972692131996155, "date": "2026-03-24"}}, {"type": "Feature", "geometry": {"type": "Point", "coordinates": [-82.38333333503903, 35.525000000576]}, "properties": {"p_logistic": 0.438499391078949, "p_rf": 0.6819999814033508, "p_xgb": 0.9972692131996155, "date": "2026-03-24"}}, {"type": "Feature", "geometry": {"type": "Point", "coordinates": [-82.37500000170601, 35.525000000576]}, "properties": {"p_logistic": 0.4367660582065582, "p_rf": 0.7200000286102295, "p_xgb": 0.9960240125656128, "date": "2026-03-24"}}, {"type": "Feature", "geometry": {"type": "Point", "coordinates": [-82.36666666837301, 35.525000000576]}, "properties": {"p_logistic": 0.43390876054763794, "p_rf": 0.75, "p_xgb": 0.9919121265411377, "date": "2026-03-24"}}, {"type": "Feature", "geometry": {"type": "Point", "coordinates": [-82.35833333504002, 35.525000000576]}, "properties": {"p_logistic": 0.4360907971858978, "p_rf": 0.7839999794960022, "p_xgb": 0.9895551204681396, "date": "2026-03-24"}}, {"type": "Feature", "geometry": {"type": "Point", "coordinates": [-82.35000000170702, 35.525000000576]}, "properties": {"p_logistic": 0.43829330801963806, "p_rf": 0.7839999794960022, "p_xgb": 0.9825090169906616, "date": "2026-03-24"}}, {"type": "Feature", "geometry": {"type": "Point", "coordinates": [-82.34166666837402, 35.525000000576]}, "properties": {"p_logistic": 0.43916794657707214, "p_rf": 0.800000011920929, "p_xgb": 0.9827012419700623, "date": "2026-03-24"}}, {"type": "Feature", "geometry": {"type": "Point", "coordinates": [-82.33333333504102, 35.525000000576]}, "properties": {"p_logistic": 0.4417852759361267, "p_rf": 0.7919999957084656, "p_xgb": 0.9802229404449463, "date": "2026-03-24"}}, {"type": "Feature", "geometry": {"type": "Point", "coordinates": [-82.32500000170802, 35.525000000576]}, "properties": {"p_logistic": 0.44504469633102417, "p_rf": 0.7360000014305115, "p_xgb": 0.9788970947265625, "date": "2026-03-24"}}, {"type": "Feature", "geometry": {"type": "Point", "coordinates": [-82.31666666837502, 35.525000000576]}, "properties": {"p_logistic": 0.44732123613357544, "p_rf": 0.7139999866485596, "p_xgb": 0.9778727293014526, "date": "2026-03-24"}}, {"type": "Feature", "geometry": {"type": "Point", "coordinates": [-82.30833333504202, 35.525000000576]}, "properties": {"p_logistic": 0.4493888020515442, "p_rf": 0.7120000123977661, "p_xgb": 0.979468047618866, "date": "2026-03-24"}}, {"type": "Feature", "geometry": {"type": "Point", "coordinates": [-82.30000000170901, 35.525000000576]}, "properties": {"p_logistic": 0.45112842321395874, "p_rf": 0.7139999866485596, "p_xgb": 0.9766643047332764, "date": "2026-03-24"}}, {"type": "Feature", "geometry": {"type": "Point", "coordinates": [-82.29166666837602, 35.525000000576]}, "properties": {"p_logistic": 0.4521764814853668, "p_rf": 0.656000018119812, "p_xgb": 0.9766643047332764, "date": "2026-03-24"}}, {"type": "Feature", "geometry": {"type": "Point", "coordinates": [-82.28333333504301, 35.525000000576]}, "properties": {"p_logistic": 0.4534146189689636, "p_rf": 0.6460000276565552, "p_xgb": 0.9766643047332764, "date": "2026-03-24"}}, {"type": "Feature", "geometry": {"type": "Point", "coordinates": [-82.27500000171003, 35.525000000576]}, "properties": {"p_logistic": 0.45543432235717773, "p_rf": 0.6259999871253967, "p_xgb": 0.9727027416229248, "date": "2026-03-24"}}, {"type": "Feature", "geometry": {"type": "Point", "coordinates": [-82.26666666837701, 35.525000000576]}, "properties": {"p_logistic": 0.45838162302970886, "p_rf": 0.6119999885559082, "p_xgb": 0.9772948026657104, "date": "2026-03-24"}}, {"type": "Feature", "geometry": {"type": "Point", "coordinates": [-82.25833333504401, 35.525000000576]}, "properties": {"p_logistic": 0.46140938997268677, "p_rf": 0.6140000224113464, "p_xgb": 0.9788697361946106, "date": "2026-03-24"}}, {"type": "Feature", "geometry": {"type": "Point", "coordinates": [-82.25000000171102, 35.525000000576]}, "properties": {"p_logistic": 0.4635370373725891, "p_rf": 0.6039999723434448, "p_xgb": 0.9784820675849915, "date": "2026-03-24"}}, {"type": "Feature", "geometry": {"type": "Point", "coordinates": [-82.24166666837802, 35.525000000576]}, "properties": {"p_logistic": 0.4657345414161682, "p_rf": 0.5799999833106995, "p_xgb": 0.9801463484764099, "date": "2026-03-24"}}, {"type": "Feature", "geometry": {"type": "Point", "coordinates": [-82.23333333504502, 35.525000000576]}, "properties": {"p_logistic": 0.46672865748405457, "p_rf": 0.6200000047683716, "p_xgb": 0.9791704416275024, "date": "2026-03-24"}}, {"type": "Feature", "geometry": {"type": "Point", "coordinates": [-82.22500000171202, 35.525000000576]}, "properties": {"p_logistic": 0.46762919425964355, "p_rf": 0.6100000143051147, "p_xgb": 0.9787716269493103, "date": "2026-03-24"}}, {"type": "Feature", "geometry": {"type": "Point", "coordinates": [-82.21666666837902, 35.525000000576]}, "properties": {"p_logistic": 0.4682100713253021, "p_rf": 0.6320000290870667, "p_xgb": 0.9787716269493103, "date": "2026-03-24"}}, {"type": "Feature", "geometry": {"type": "Point", "coordinates": [-82.20833333504602, 35.525000000576]}, "properties": {"p_logistic": 0.46892836689949036, "p_rf": 0.6700000166893005, "p_xgb": 0.9780965447425842, "date": "2026-03-24"}}, {"type": "Feature", "geometry": {"type": "Point", "coordinates": [-82.20000000171302, 35.525000000576]}, "properties": {"p_logistic": 0.4698794484138489, "p_rf": 0.628000020980835, "p_xgb": 0.9784602522850037, "date": "2026-03-24"}}, {"type": "Feature", "geometry": {"type": "Point", "coordinates": [-82.19166666838001, 35.525000000576]}, "properties": {"p_logistic": 0.47089752554893494, "p_rf": 0.5580000281333923, "p_xgb": 0.9769904613494873, "date": "2026-03-24"}}, {"type": "Feature", "geometry": {"type": "Point", "coordinates": [-82.77500000169002, 35.516666667243]}, "properties": {"p_logistic": 0.43660759925842285, "p_rf": 0.722000002861023, "p_xgb": 0.9857914447784424, "date": "2026-03-24"}}, {"type": "Feature", "geometry": {"type": "Point", "coordinates": [-82.76666666835702, 35.516666667243]}, "properties": {"p_logistic": 0.4369931221008301, "p_rf": 0.7099999785423279, "p_xgb": 0.9863747358322144, "date": "2026-03-24"}}, {"type": "Feature", "geometry": {"type": "Point", "coordinates": [-82.75833333502402, 35.516666667243]}, "properties": {"p_logistic": 0.4371952414512634, "p_rf": 0.7639999985694885, "p_xgb": 0.9872528910636902, "date": "2026-03-24"}}, {"type": "Feature", "geometry": {"type": "Point", "coordinates": [-82.75000000169102, 35.516666667243]}, "properties": {"p_logistic": 0.4376131594181061, "p_rf": 0.7799999713897705, "p_xgb": 0.9870356917381287, "date": "2026-03-24"}}, {"type": "Feature", "geometry": {"type": "Point", "coordinates": [-82.74166666835802, 35.516666667243]}, "properties": {"p_logistic": 0.438030481338501, "p_rf": 0.6959999799728394, "p_xgb": 0.9874387383460999, "date": "2026-03-24"}}, {"type": "Feature", "geometry": {"type": "Point", "coordinates": [-82.73333333502501, 35.516666667243]}, "properties": {"p_logistic": 0.43871009349823, "p_rf": 0.6740000247955322, "p_xgb": 0.9863085150718689, "date": "2026-03-24"}}, {"type": "Feature", "geometry": {"type": "Point", "coordinates": [-82.72500000169202, 35.516666667243]}, "properties": {"p_logistic": 0.43950504064559937, "p_rf": 0.6880000233650208, "p_xgb": 0.9863085150718689, "date": "2026-03-24"}}, {"type": "Feature", "geometry": {"type": "Point", "coordinates": [-82.71666666835901, 35.516666667243]}, "properties": {"p_logistic": 0.43949681520462036, "p_rf": 0.7300000190734863, "p_xgb": 0.9863085150718689, "date": "2026-03-24"}}, {"type": "Feature", "geometry": {"type": "Point", "coordinates": [-82.70833333502603, 35.516666667243]}, "properties": {"p_logistic": 0.4399165213108063, "p_rf": 0.7559999823570251, "p_xgb": 0.985755205154419, "date": "2026-03-24"}}, {"type": "Feature", "geometry": {"type": "Point", "coordinates": [-82.70000000169301, 35.516666667243]}, "properties": {"p_logistic": 0.44059550762176514, "p_rf": 0.7559999823570251, "p_xgb": 0.9883191585540771, "date": "2026-03-24"}}, {"type": "Feature", "geometry": {"type": "Point", "coordinates": [-82.69166666836001, 35.516666667243]}, "properties": {"p_logistic": 0.44173040986061096, "p_rf": 0.75, "p_xgb": 0.985755205154419, "date": "2026-03-24"}}, {"type": "Feature", "geometry": {"type": "Point", "coordinates": [-82.68333333502702, 35.516666667243]}, "properties": {"p_logistic": 0.4426891803741455, "p_rf": 0.6980000138282776, "p_xgb": 0.9879335761070251, "date": "2026-03-24"}}, {"type": "Feature", "geometry": {"type": "Point", "coordinates": [-82.67500000169402, 35.516666667243]}, "properties": {"p_logistic": 0.44329580664634705, "p_rf": 0.6660000085830688, "p_xgb": 0.9880849719047546, "date": "2026-03-24"}}, {"type": "Feature", "geometry": {"type": "Point", "coordinates": [-82.66666666836102, 35.516666667243]}, "properties": {"p_logistic": 0.44373470544815063, "p_rf": 0.7080000042915344, "p_xgb": 0.9883632063865662, "date": "2026-03-24"}}, {"type": "Feature", "geometry": {"type": "Point", "coordinates": [-82.65833333502802, 35.516666667243]}, "properties": {"p_logistic": 0.44374001026153564, "p_rf": 0.7760000228881836, "p_xgb": 0.9912452101707458, "date": "2026-03-24"}}, {"type": "Feature", "geometry": {"type": "Point", "coordinates": [-82.65000000169502, 35.516666667243]}, "properties": {"p_logistic": 0.4439885914325714, "p_rf": 0.8220000267028809, "p_xgb": 0.9956430196762085, "date": "2026-03-24"}}, {"type": "Feature", "geometry": {"type": "Point", "coordinates": [-82.64166666836202, 35.516666667243]}, "properties": {"p_logistic": 0.4442865550518036, "p_rf": 0.8119999766349792, "p_xgb": 0.9980714917182922, "date": "2026-03-24"}}, {"type": "Feature", "geometry": {"type": "Point", "coordinates": [-82.63333333502902, 35.516666667243]}, "properties": {"p_logistic": 0.44455254077911377, "p_rf": 0.8240000009536743, "p_xgb": 0.9980714917182922, "date": "2026-03-24"}}, {"type": "Feature", "geometry": {"type": "Point", "coordinates": [-82.62500000169601, 35.516666667243]}, "properties": {"p_logistic": 0.44477546215057373, "p_rf": 0.7919999957084656, "p_xgb": 0.9981495141983032, "date": "2026-03-24"}}, {"type": "Feature", "geometry": {"type": "Point", "coordinates": [-82.61666666836302, 35.516666667243]}, "properties": {"p_logistic": 0.4446220397949219, "p_rf": 0.7120000123977661, "p_xgb": 0.9979050159454346, "date": "2026-03-24"}}, {"type": "Feature", "geometry": {"type": "Point", "coordinates": [-82.60833333503001, 35.516666667243]}, "properties": {"p_logistic": 0.4446285665035248, "p_rf": 0.7799999713897705, "p_xgb": 0.9978840947151184, "date": "2026-03-24"}}, {"type": "Feature", "geometry": {"type": "Point", "coordinates": [-82.60000000169703, 35.516666667243]}, "properties": {"p_logistic": 0.4444303512573242, "p_rf": 0.765999972820282, "p_xgb": 0.9948292374610901, "date": "2026-03-24"}}, {"type": "Feature", "geometry": {"type": "Point", "coordinates": [-82.59166666836401, 35.516666667243]}, "properties": {"p_logistic": 0.4440111815929413, "p_rf": 0.7360000014305115, "p_xgb": 0.9942010045051575, "date": "2026-03-24"}}, {"type": "Feature", "geometry": {"type": "Point", "coordinates": [-82.58333333503101, 35.516666667243]}, "properties": {"p_logistic": 0.44346892833709717, "p_rf": 0.7480000257492065, "p_xgb": 0.9950657486915588, "date": "2026-03-24"}}, {"type": "Feature", "geometry": {"type": "Point", "coordinates": [-82.57500000169802, 35.516666667243]}, "properties": {"p_logistic": 0.4425252377986908, "p_rf": 0.7360000014305115, "p_xgb": 0.9948827028274536, "date": "2026-03-24"}}, {"type": "Feature", "geometry": {"type": "Point", "coordinates": [-82.56666666836502, 35.516666667243]}, "properties": {"p_logistic": 0.44009098410606384, "p_rf": 0.7319999933242798, "p_xgb": 0.9941202998161316, "date": "2026-03-24"}}, {"type": "Feature", "geometry": {"type": "Point", "coordinates": [-82.55833333503202, 35.516666667243]}, "properties": {"p_logistic": 0.4374823570251465, "p_rf": 0.7099999785423279, "p_xgb": 0.9719233512878418, "date": "2026-03-24"}}, {"type": "Feature", "geometry": {"type": "Point", "coordinates": [-82.55000000169902, 35.516666667243]}, "properties": {"p_logistic": 0.4354570209980011, "p_rf": 0.6240000128746033, "p_xgb": 0.9496805667877197, "date": "2026-03-24"}}, {"type": "Feature", "geometry": {"type": "Point", "coordinates": [-82.54166666836602, 35.516666667243]}, "properties": {"p_logistic": 0.4339701533317566, "p_rf": 0.6299999952316284, "p_xgb": 0.9496805667877197, "date": "2026-03-24"}}, {"type": "Feature", "geometry": {"type": "Point", "coordinates": [-82.53333333503302, 35.516666667243]}, "properties": {"p_logistic": 0.43464067578315735, "p_rf": 0.6380000114440918, "p_xgb": 0.9496805667877197, "date": "2026-03-24"}}, {"type": "Feature", "geometry": {"type": "Point", "coordinates": [-82.52500000170002, 35.516666667243]}, "properties": {"p_logistic": 0.43727076053619385, "p_rf": 0.6380000114440918, "p_xgb": 0.9496805667877197, "date": "2026-03-24"}}, {"type": "Feature", "geometry": {"type": "Point", "coordinates": [-82.51666666836701, 35.516666667243]}, "properties": {"p_logistic": 0.4396216571331024, "p_rf": 0.7200000286102295, "p_xgb": 0.9938288331031799, "date": "2026-03-24"}}, {"type": "Feature", "geometry": {"type": "Point", "coordinates": [-82.50833333503402, 35.516666667243]}, "properties": {"p_logistic": 0.4404231905937195, "p_rf": 0.7459999918937683, "p_xgb": 0.9943304061889648, "date": "2026-03-24"}}, {"type": "Feature", "geometry": {"type": "Point", "coordinates": [-82.50000000170101, 35.516666667243]}, "properties": {"p_logistic": 0.44005492329597473, "p_rf": 0.6819999814033508, "p_xgb": 0.9951144456863403, "date": "2026-03-24"}}, {"type": "Feature", "geometry": {"type": "Point", "coordinates": [-82.49166666836803, 35.516666667243]}, "properties": {"p_logistic": 0.43959444761276245, "p_rf": 0.7459999918937683, "p_xgb": 0.9954319000244141, "date": "2026-03-24"}}, {"type": "Feature", "geometry": {"type": "Point", "coordinates": [-82.48333333503501, 35.516666667243]}, "properties": {"p_logistic": 0.43903759121894836, "p_rf": 0.7639999985694885, "p_xgb": 0.9927669763565063, "date": "2026-03-24"}}, {"type": "Feature", "geometry": {"type": "Point", "coordinates": [-82.47500000170201, 35.516666667243]}, "properties": {"p_logistic": 0.4389013946056366, "p_rf": 0.7059999704360962, "p_xgb": 0.9920617341995239, "date": "2026-03-24"}}, {"type": "Feature", "geometry": {"type": "Point", "coordinates": [-82.46666666836902, 35.516666667243]}, "properties": {"p_logistic": 0.4388069212436676, "p_rf": 0.6880000233650208, "p_xgb": 0.9920617341995239, "date": "2026-03-24"}}, {"type": "Feature", "geometry": {"type": "Point", "coordinates": [-82.45833333503602, 35.516666667243]}, "properties": {"p_logistic": 0.43893739581108093, "p_rf": 0.6840000152587891, "p_xgb": 0.9920617341995239, "date": "2026-03-24"}}, {"type": "Feature", "geometry": {"type": "Point", "coordinates": [-82.45000000170302, 35.516666667243]}, "properties": {"p_logistic": 0.4391135573387146, "p_rf": 0.699999988079071, "p_xgb": 0.9920617341995239, "date": "2026-03-24"}}, {"type": "Feature", "geometry": {"type": "Point", "coordinates": [-82.44166666837002, 35.516666667243]}, "properties": {"p_logistic": 0.44026458263397217, "p_rf": 0.7160000205039978, "p_xgb": 0.9920617341995239, "date": "2026-03-24"}}, {"type": "Feature", "geometry": {"type": "Point", "coordinates": [-82.43333333503702, 35.516666667243]}, "properties": {"p_logistic": 0.4407283663749695, "p_rf": 0.7360000014305115, "p_xgb": 0.9950309991836548, "date": "2026-03-24"}}, {"type": "Feature", "geometry": {"type": "Point", "coordinates": [-82.42500000170402, 35.516666667243]}, "properties": {"p_logistic": 0.4407576322555542, "p_rf": 0.699999988079071, "p_xgb": 0.9922664761543274, "date": "2026-03-24"}}, {"type": "Feature", "geometry": {"type": "Point", "coordinates": [-82.41666666837102, 35.516666667243]}, "properties": {"p_logistic": 0.440961629152298, "p_rf": 0.6600000262260437, "p_xgb": 0.9929201006889343, "date": "2026-03-24"}}, {"type": "Feature", "geometry": {"type": "Point", "coordinates": [-82.40833333503801, 35.516666667243]}, "properties": {"p_logistic": 0.44100692868232727, "p_rf": 0.6779999732971191, "p_xgb": 0.9927500486373901, "date": "2026-03-24"}}, {"type": "Feature", "geometry": {"type": "Point", "coordinates": [-82.40000000170502, 35.516666667243]}, "properties": {"p_logistic": 0.44060689210891724, "p_rf": 0.6679999828338623, "p_xgb": 0.9927500486373901, "date": "2026-03-24"}}, {"type": "Feature", "geometry": {"type": "Point", "coordinates": [-82.39166666837201, 35.516666667243]}, "properties": {"p_logistic": 0.43979063630104065, "p_rf": 0.6700000166893005, "p_xgb": 0.997765064239502, "date": "2026-03-24"}}, {"type": "Feature", "geometry": {"type": "Point", "coordinates": [-82.38333333503903, 35.516666667243]}, "properties": {"p_logistic": 0.4383109509944916, "p_rf": 0.6880000233650208, "p_xgb": 0.9972579479217529, "date": "2026-03-24"}}, {"type": "Feature", "geometry": {"type": "Point", "coordinates": [-82.37500000170601, 35.516666667243]}, "properties": {"p_logistic": 0.43634259700775146, "p_rf": 0.722000002861023, "p_xgb": 0.9960240125656128, "date": "2026-03-24"}}, {"type": "Feature", "geometry": {"type": "Point", "coordinates": [-82.36666666837301, 35.516666667243]}, "properties": {"p_logistic": 0.4347879886627197, "p_rf": 0.7540000081062317, "p_xgb": 0.9877546429634094, "date": "2026-03-24"}}, {"type": "Feature", "geometry": {"type": "Point", "coordinates": [-82.35833333504002, 35.516666667243]}, "properties": {"p_logistic": 0.43780824542045593, "p_rf": 0.8059999942779541, "p_xgb": 0.9883191585540771, "date": "2026-03-24"}}, {"type": "Feature", "geometry": {"type": "Point", "coordinates": [-82.35000000170702, 35.516666667243]}, "properties": {"p_logistic": 0.43937915563583374, "p_rf": 0.8040000200271606, "p_xgb": 0.9834681749343872, "date": "2026-03-24"}}, {"type": "Feature", "geometry": {"type": "Point", "coordinates": [-82.34166666837402, 35.516666667243]}, "properties": {"p_logistic": 0.4404301047325134, "p_rf": 0.8100000023841858, "p_xgb": 0.9831715226173401, "date": "2026-03-24"}}, {"type": "Feature", "geometry": {"type": "Point", "coordinates": [-82.33333333504102, 35.516666667243]}, "properties": {"p_logistic": 0.4422386884689331, "p_rf": 0.7620000243186951, "p_xgb": 0.9818331003189087, "date": "2026-03-24"}}, {"type": "Feature", "geometry": {"type": "Point", "coordinates": [-82.32500000170802, 35.516666667243]}, "properties": {"p_logistic": 0.4455280005931854, "p_rf": 0.7440000176429749, "p_xgb": 0.9783145785331726, "date": "2026-03-24"}}, {"type": "Feature", "geometry": {"type": "Point", "coordinates": [-82.31666666837502, 35.516666667243]}, "properties": {"p_logistic": 0.44821757078170776, "p_rf": 0.7319999933242798, "p_xgb": 0.9778727293014526, "date": "2026-03-24"}}, {"type": "Feature", "geometry": {"type": "Point", "coordinates": [-82.30833333504202, 35.516666667243]}, "properties": {"p_logistic": 0.45026037096977234, "p_rf": 0.7300000190734863, "p_xgb": 0.979468047618866, "date": "2026-03-24"}}, {"type": "Feature", "geometry": {"type": "Point", "coordinates": [-82.30000000170901, 35.516666667243]}, "properties": {"p_logistic": 0.4516720175743103, "p_rf": 0.7139999866485596, "p_xgb": 0.9799714088439941, "date": "2026-03-24"}}, {"type": "Feature", "geometry": {"type": "Point", "coordinates": [-82.29166666837602, 35.516666667243]}, "properties": {"p_logistic": 0.4524429142475128, "p_rf": 0.7139999866485596, "p_xgb": 0.9766643047332764, "date": "2026-03-24"}}, {"type": "Feature", "geometry": {"type": "Point", "coordinates": [-82.28333333504301, 35.516666667243]}, "properties": {"p_logistic": 0.454081267118454, "p_rf": 0.6819999814033508, "p_xgb": 0.9766643047332764, "date": "2026-03-24"}}, {"type": "Feature", "geometry": {"type": "Point", "coordinates": [-82.27500000171003, 35.516666667243]}, "properties": {"p_logistic": 0.4558698236942291, "p_rf": 0.6539999842643738, "p_xgb": 0.9766643047332764, "date": "2026-03-24"}}, {"type": "Feature", "geometry": {"type": "Point", "coordinates": [-82.26666666837701, 35.516666667243]}, "properties": {"p_logistic": 0.45949870347976685, "p_rf": 0.6859999895095825, "p_xgb": 0.9806031584739685, "date": "2026-03-24"}}, {"type": "Feature", "geometry": {"type": "Point", "coordinates": [-82.25833333504401, 35.516666667243]}, "properties": {"p_logistic": 0.4613475501537323, "p_rf": 0.671999990940094, "p_xgb": 0.9788697361946106, "date": "2026-03-24"}}, {"type": "Feature", "geometry": {"type": "Point", "coordinates": [-82.25000000171102, 35.516666667243]}, "properties": {"p_logistic": 0.4632326066493988, "p_rf": 0.6299999952316284, "p_xgb": 0.9784820675849915, "date": "2026-03-24"}}, {"type": "Feature", "geometry": {"type": "Point", "coordinates": [-82.24166666837802, 35.516666667243]}, "properties": {"p_logistic": 0.4650007486343384, "p_rf": 0.6179999709129333, "p_xgb": 0.9811477065086365, "date": "2026-03-24"}}, {"type": "Feature", "geometry": {"type": "Point", "coordinates": [-82.23333333504502, 35.516666667243]}, "properties": {"p_logistic": 0.4657250642776489, "p_rf": 0.5839999914169312, "p_xgb": 0.9791704416275024, "date": "2026-03-24"}}, {"type": "Feature", "geometry": {"type": "Point", "coordinates": [-82.78333333502302, 35.50833333391]}, "properties": {"p_logistic": 0.43565818667411804, "p_rf": 0.7519999742507935, "p_xgb": 0.9903944134712219, "date": "2026-03-24"}}, {"type": "Feature", "geometry": {"type": "Point", "coordinates": [-82.77500000169002, 35.50833333391]}, "properties": {"p_logistic": 0.4363531172275543, "p_rf": 0.6940000057220459, "p_xgb": 0.9863747358322144, "date": "2026-03-24"}}, {"type": "Feature", "geometry": {"type": "Point", "coordinates": [-82.76666666835702, 35.50833333391]}, "properties": {"p_logistic": 0.43760940432548523, "p_rf": 0.7059999704360962, "p_xgb": 0.9863747358322144, "date": "2026-03-24"}}, {"type": "Feature", "geometry": {"type": "Point", "coordinates": [-82.75833333502402, 35.50833333391]}, "properties": {"p_logistic": 0.43786555528640747, "p_rf": 0.7519999742507935, "p_xgb": 0.9872528910636902, "date": "2026-03-24"}}, {"type": "Feature", "geometry": {"type": "Point", "coordinates": [-82.75000000169102, 35.50833333391]}, "properties": {"p_logistic": 0.4382893443107605, "p_rf": 0.7879999876022339, "p_xgb": 0.9870356917381287, "date": "2026-03-24"}}, {"type": "Feature", "geometry": {"type": "Point", "coordinates": [-82.74166666835802, 35.50833333391]}, "properties": {"p_logistic": 0.4388957619667053, "p_rf": 0.7179999947547913, "p_xgb": 0.9874387383460999, "date": "2026-03-24"}}, {"type": "Feature", "geometry": {"type": "Point", "coordinates": [-82.73333333502501, 35.50833333391]}, "properties": {"p_logistic": 0.43902719020843506, "p_rf": 0.656000018119812, "p_xgb": 0.9856210350990295, "date": "2026-03-24"}}, {"type": "Feature", "geometry": {"type": "Point", "coordinates": [-82.72500000169202, 35.50833333391]}, "properties": {"p_logistic": 0.4389664828777313, "p_rf": 0.6959999799728394, "p_xgb": 0.9863085150718689, "date": "2026-03-24"}}, {"type": "Feature", "geometry": {"type": "Point", "coordinates": [-82.71666666835901, 35.50833333391]}, "properties": {"p_logistic": 0.43946120142936707, "p_rf": 0.7300000190734863, "p_xgb": 0.9863085150718689, "date": "2026-03-24"}}, {"type": "Feature", "geometry": {"type": "Point", "coordinates": [-82.70833333502603, 35.50833333391]}, "properties": {"p_logistic": 0.4396367371082306, "p_rf": 0.7639999985694885, "p_xgb": 0.985755205154419, "date": "2026-03-24"}}, {"type": "Feature", "geometry": {"type": "Point", "coordinates": [-82.70000000169301, 35.50833333391]}, "properties": {"p_logistic": 0.440475195646286, "p_rf": 0.7639999985694885, "p_xgb": 0.9895551204681396, "date": "2026-03-24"}}, {"type": "Feature", "geometry": {"type": "Point", "coordinates": [-82.69166666836001, 35.50833333391]}, "properties": {"p_logistic": 0.44157764315605164, "p_rf": 0.7720000147819519, "p_xgb": 0.9895551204681396, "date": "2026-03-24"}}, {"type": "Feature", "geometry": {"type": "Point", "coordinates": [-82.68333333502702, 35.50833333391]}, "properties": {"p_logistic": 0.4425967335700989, "p_rf": 0.7760000228881836, "p_xgb": 0.9903253316879272, "date": "2026-03-24"}}, {"type": "Feature", "geometry": {"type": "Point", "coordinates": [-82.67500000169402, 35.50833333391]}, "properties": {"p_logistic": 0.4428824484348297, "p_rf": 0.7039999961853027, "p_xgb": 0.9886560440063477, "date": "2026-03-24"}}, {"type": "Feature", "geometry": {"type": "Point", "coordinates": [-82.66666666836102, 35.50833333391]}, "properties": {"p_logistic": 0.4428965151309967, "p_rf": 0.671999990940094, "p_xgb": 0.9910352826118469, "date": "2026-03-24"}}, {"type": "Feature", "geometry": {"type": "Point", "coordinates": [-82.65833333502802, 35.50833333391]}, "properties": {"p_logistic": 0.44296926259994507, "p_rf": 0.7319999933242798, "p_xgb": 0.9943189024925232, "date": "2026-03-24"}}, {"type": "Feature", "geometry": {"type": "Point", "coordinates": [-82.65000000169502, 35.50833333391]}, "properties": {"p_logistic": 0.443513423204422, "p_rf": 0.7699999809265137, "p_xgb": 0.9980114698410034, "date": "2026-03-24"}}, {"type": "Feature", "geometry": {"type": "Point", "coordinates": [-82.64166666836202, 35.50833333391]}, "properties": {"p_logistic": 0.4443151652812958, "p_rf": 0.7720000147819519, "p_xgb": 0.9981321692466736, "date": "2026-03-24"}}, {"type": "Feature", "geometry": {"type": "Point", "coordinates": [-82.63333333502902, 35.50833333391]}, "properties": {"p_logistic": 0.4449472427368164, "p_rf": 0.8019999861717224, "p_xgb": 0.9981175661087036, "date": "2026-03-24"}}, {"type": "Feature", "geometry": {"type": "Point", "coordinates": [-82.62500000169601, 35.50833333391]}, "properties": {"p_logistic": 0.4451276361942291, "p_rf": 0.7799999713897705, "p_xgb": 0.9980643391609192, "date": "2026-03-24"}}, {"type": "Feature", "geometry": {"type": "Point", "coordinates": [-82.61666666836302, 35.50833333391]}, "properties": {"p_logistic": 0.4450283348560333, "p_rf": 0.7099999785423279, "p_xgb": 0.9979050159454346, "date": "2026-03-24"}}, {"type": "Feature", "geometry": {"type": "Point", "coordinates": [-82.60833333503001, 35.50833333391]}, "properties": {"p_logistic": 0.44479840993881226, "p_rf": 0.7860000133514404, "p_xgb": 0.9978840947151184, "date": "2026-03-24"}}, {"type": "Feature", "geometry": {"type": "Point", "coordinates": [-82.60000000169703, 35.50833333391]}, "properties": {"p_logistic": 0.44435855746269226, "p_rf": 0.7379999756813049, "p_xgb": 0.9950141310691833, "date": "2026-03-24"}}, {"type": "Feature", "geometry": {"type": "Point", "coordinates": [-82.59166666836401, 35.50833333391]}, "properties": {"p_logistic": 0.443674772977829, "p_rf": 0.7379999756813049, "p_xgb": 0.9942010045051575, "date": "2026-03-24"}}, {"type": "Feature", "geometry": {"type": "Point", "coordinates": [-82.58333333503101, 35.50833333391]}, "properties": {"p_logistic": 0.44313254952430725, "p_rf": 0.7519999742507935, "p_xgb": 0.9950657486915588, "date": "2026-03-24"}}, {"type": "Feature", "geometry": {"type": "Point", "coordinates": [-82.57500000169802, 35.50833333391]}, "properties": {"p_logistic": 0.4418187737464905, "p_rf": 0.7519999742507935, "p_xgb": 0.9950657486915588, "date": "2026-03-24"}}, {"type": "Feature", "geometry": {"type": "Point", "coordinates": [-82.56666666836502, 35.50833333391]}, "properties": {"p_logistic": 0.4393939673900604, "p_rf": 0.7379999756813049, "p_xgb": 0.9943304061889648, "date": "2026-03-24"}}, {"type": "Feature", "geometry": {"type": "Point", "coordinates": [-82.55833333503202, 35.50833333391]}, "properties": {"p_logistic": 0.43643563985824585, "p_rf": 0.7020000219345093, "p_xgb": 0.9729048013687134, "date": "2026-03-24"}}, {"type": "Feature", "geometry": {"type": "Point", "coordinates": [-82.55000000169902, 35.50833333391]}, "properties": {"p_logistic": 0.43429693579673767, "p_rf": 0.6240000128746033, "p_xgb": 0.9496805667877197, "date": "2026-03-24"}}, {"type": "Feature", "geometry": {"type": "Point", "coordinates": [-82.54166666836602, 35.50833333391]}, "properties": {"p_logistic": 0.4321989417076111, "p_rf": 0.6359999775886536, "p_xgb": 0.9496805667877197, "date": "2026-03-24"}}, {"type": "Feature", "geometry": {"type": "Point", "coordinates": [-82.53333333503302, 35.50833333391]}, "properties": {"p_logistic": 0.4331342279911041, "p_rf": 0.628000020980835, "p_xgb": 0.9496805667877197, "date": "2026-03-24"}}, {"type": "Feature", "geometry": {"type": "Point", "coordinates": [-82.52500000170002, 35.50833333391]}, "properties": {"p_logistic": 0.4358149468898773, "p_rf": 0.6380000114440918, "p_xgb": 0.9496805667877197, "date": "2026-03-24"}}, {"type": "Feature", "geometry": {"type": "Point", "coordinates": [-82.51666666836701, 35.50833333391]}, "properties": {"p_logistic": 0.43831467628479004, "p_rf": 0.7160000205039978, "p_xgb": 0.9719233512878418, "date": "2026-03-24"}}, {"type": "Feature", "geometry": {"type": "Point", "coordinates": [-82.50833333503402, 35.50833333391]}, "properties": {"p_logistic": 0.43924036622047424, "p_rf": 0.734000027179718, "p_xgb": 0.9940493106842041, "date": "2026-03-24"}}, {"type": "Feature", "geometry": {"type": "Point", "coordinates": [-82.50000000170101, 35.50833333391]}, "properties": {"p_logistic": 0.4386661648750305, "p_rf": 0.6940000057220459, "p_xgb": 0.9941440224647522, "date": "2026-03-24"}}, {"type": "Feature", "geometry": {"type": "Point", "coordinates": [-82.49166666836803, 35.50833333391]}, "properties": {"p_logistic": 0.43845513463020325, "p_rf": 0.7080000042915344, "p_xgb": 0.9951144456863403, "date": "2026-03-24"}}, {"type": "Feature", "geometry": {"type": "Point", "coordinates": [-82.48333333503501, 35.50833333391]}, "properties": {"p_logistic": 0.438078373670578, "p_rf": 0.7639999985694885, "p_xgb": 0.9953534603118896, "date": "2026-03-24"}}, {"type": "Feature", "geometry": {"type": "Point", "coordinates": [-82.47500000170201, 35.50833333391]}, "properties": {"p_logistic": 0.43822726607322693, "p_rf": 0.75, "p_xgb": 0.9927669763565063, "date": "2026-03-24"}}, {"type": "Feature", "geometry": {"type": "Point", "coordinates": [-82.46666666836902, 35.50833333391]}, "properties": {"p_logistic": 0.4380981922149658, "p_rf": 0.7300000190734863, "p_xgb": 0.992993175983429, "date": "2026-03-24"}}, {"type": "Feature", "geometry": {"type": "Point", "coordinates": [-82.45833333503602, 35.50833333391]}, "properties": {"p_logistic": 0.4379662871360779, "p_rf": 0.7260000109672546, "p_xgb": 0.992993175983429, "date": "2026-03-24"}}, {"type": "Feature", "geometry": {"type": "Point", "coordinates": [-82.45000000170302, 35.50833333391]}, "properties": {"p_logistic": 0.4385053217411041, "p_rf": 0.7519999742507935, "p_xgb": 0.992993175983429, "date": "2026-03-24"}}, {"type": "Feature", "geometry": {"type": "Point", "coordinates": [-82.44166666837002, 35.50833333391]}, "properties": {"p_logistic": 0.43971607089042664, "p_rf": 0.7580000162124634, "p_xgb": 0.9953534603118896, "date": "2026-03-24"}}, {"type": "Feature", "geometry": {"type": "Point", "coordinates": [-82.43333333503702, 35.50833333391]}, "properties": {"p_logistic": 0.44051751494407654, "p_rf": 0.7720000147819519, "p_xgb": 0.9947341680526733, "date": "2026-03-24"}}, {"type": "Feature", "geometry": {"type": "Point", "coordinates": [-82.42500000170402, 35.50833333391]}, "properties": {"p_logistic": 0.4406311810016632, "p_rf": 0.7160000205039978, "p_xgb": 0.9948990941047668, "date": "2026-03-24"}}, {"type": "Feature", "geometry": {"type": "Point", "coordinates": [-82.41666666837102, 35.50833333391]}, "properties": {"p_logistic": 0.4403650760650635, "p_rf": 0.6919999718666077, "p_xgb": 0.9920617341995239, "date": "2026-03-24"}}, {"type": "Feature", "geometry": {"type": "Point", "coordinates": [-82.40833333503801, 35.50833333391]}, "properties": {"p_logistic": 0.4398970901966095, "p_rf": 0.656000018119812, "p_xgb": 0.9920617341995239, "date": "2026-03-24"}}, {"type": "Feature", "geometry": {"type": "Point", "coordinates": [-82.40000000170502, 35.50833333391]}, "properties": {"p_logistic": 0.43920889496803284, "p_rf": 0.6700000166893005, "p_xgb": 0.9920808672904968, "date": "2026-03-24"}}, {"type": "Feature", "geometry": {"type": "Point", "coordinates": [-82.39166666837201, 35.50833333391]}, "properties": {"p_logistic": 0.4386964738368988, "p_rf": 0.6880000233650208, "p_xgb": 0.997765064239502, "date": "2026-03-24"}}, {"type": "Feature", "geometry": {"type": "Point", "coordinates": [-82.38333333503903, 35.50833333391]}, "properties": {"p_logistic": 0.4372125566005707, "p_rf": 0.671999990940094, "p_xgb": 0.9954568147659302, "date": "2026-03-24"}}, {"type": "Feature", "geometry": {"type": "Point", "coordinates": [-82.37500000170601, 35.50833333391]}, "properties": {"p_logistic": 0.43434780836105347, "p_rf": 0.7039999961853027, "p_xgb": 0.9957687854766846, "date": "2026-03-24"}}, {"type": "Feature", "geometry": {"type": "Point", "coordinates": [-82.36666666837301, 35.50833333391]}, "properties": {"p_logistic": 0.4359884560108185, "p_rf": 0.7099999785423279, "p_xgb": 0.9877546429634094, "date": "2026-03-24"}}, {"type": "Feature", "geometry": {"type": "Point", "coordinates": [-82.35833333504002, 35.50833333391]}, "properties": {"p_logistic": 0.43866631388664246, "p_rf": 0.7239999771118164, "p_xgb": 0.9786970615386963, "date": "2026-03-24"}}, {"type": "Feature", "geometry": {"type": "Point", "coordinates": [-82.35000000170702, 35.50833333391]}, "properties": {"p_logistic": 0.440463125705719, "p_rf": 0.7099999785423279, "p_xgb": 0.9807143807411194, "date": "2026-03-24"}}, {"type": "Feature", "geometry": {"type": "Point", "coordinates": [-82.34166666837402, 35.50833333391]}, "properties": {"p_logistic": 0.44114112854003906, "p_rf": 0.7580000162124634, "p_xgb": 0.9801044464111328, "date": "2026-03-24"}}, {"type": "Feature", "geometry": {"type": "Point", "coordinates": [-82.33333333504102, 35.50833333391]}, "properties": {"p_logistic": 0.4431644678115845, "p_rf": 0.7139999866485596, "p_xgb": 0.9793189167976379, "date": "2026-03-24"}}, {"type": "Feature", "geometry": {"type": "Point", "coordinates": [-82.32500000170802, 35.50833333391]}, "properties": {"p_logistic": 0.446206659078598, "p_rf": 0.7160000205039978, "p_xgb": 0.9783145785331726, "date": "2026-03-24"}}, {"type": "Feature", "geometry": {"type": "Point", "coordinates": [-82.31666666837502, 35.50833333391]}, "properties": {"p_logistic": 0.44932687282562256, "p_rf": 0.7200000286102295, "p_xgb": 0.9778727293014526, "date": "2026-03-24"}}, {"type": "Feature", "geometry": {"type": "Point", "coordinates": [-82.30833333504202, 35.50833333391]}, "properties": {"p_logistic": 0.4515742063522339, "p_rf": 0.7200000286102295, "p_xgb": 0.9778727293014526, "date": "2026-03-24"}}, {"type": "Feature", "geometry": {"type": "Point", "coordinates": [-82.30000000170901, 35.50833333391]}, "properties": {"p_logistic": 0.4535091817378998, "p_rf": 0.7300000190734863, "p_xgb": 0.9799714088439941, "date": "2026-03-24"}}, {"type": "Feature", "geometry": {"type": "Point", "coordinates": [-82.29166666837602, 35.50833333391]}, "properties": {"p_logistic": 0.45386627316474915, "p_rf": 0.7139999866485596, "p_xgb": 0.9799714088439941, "date": "2026-03-24"}}, {"type": "Feature", "geometry": {"type": "Point", "coordinates": [-82.28333333504301, 35.50833333391]}, "properties": {"p_logistic": 0.45451563596725464, "p_rf": 0.7059999704360962, "p_xgb": 0.9766643047332764, "date": "2026-03-24"}}, {"type": "Feature", "geometry": {"type": "Point", "coordinates": [-82.27500000171003, 35.50833333391]}, "properties": {"p_logistic": 0.4566020369529724, "p_rf": 0.6499999761581421, "p_xgb": 0.9766643047332764, "date": "2026-03-24"}}, {"type": "Feature", "geometry": {"type": "Point", "coordinates": [-82.26666666837701, 35.50833333391]}, "properties": {"p_logistic": 0.45971670746803284, "p_rf": 0.6819999814033508, "p_xgb": 0.9763858318328857, "date": "2026-03-24"}}, {"type": "Feature", "geometry": {"type": "Point", "coordinates": [-82.25833333504401, 35.50833333391]}, "properties": {"p_logistic": 0.4613196849822998, "p_rf": 0.671999990940094, "p_xgb": 0.9788697361946106, "date": "2026-03-24"}}, {"type": "Feature", "geometry": {"type": "Point", "coordinates": [-82.25000000171102, 35.50833333391]}, "properties": {"p_logistic": 0.4629881978034973, "p_rf": 0.6380000114440918, "p_xgb": 0.9784820675849915, "date": "2026-03-24"}}, {"type": "Feature", "geometry": {"type": "Point", "coordinates": [-82.24166666837802, 35.50833333391]}, "properties": {"p_logistic": 0.464238703250885, "p_rf": 0.6179999709129333, "p_xgb": 0.9806733131408691, "date": "2026-03-24"}}, {"type": "Feature", "geometry": {"type": "Point", "coordinates": [-82.23333333504502, 35.50833333391]}, "properties": {"p_logistic": 0.46555519104003906, "p_rf": 0.5860000252723694, "p_xgb": 0.9791704416275024, "date": "2026-03-24"}}, {"type": "Feature", "geometry": {"type": "Point", "coordinates": [-82.78333333502302, 35.500000000577]}, "properties": {"p_logistic": 0.435215562582016, "p_rf": 0.7120000123977661, "p_xgb": 0.9863747358322144, "date": "2026-03-24"}}, {"type": "Feature", "geometry": {"type": "Point", "coordinates": [-82.77500000169002, 35.500000000577]}, "properties": {"p_logistic": 0.43642744421958923, "p_rf": 0.7080000042915344, "p_xgb": 0.9863747358322144, "date": "2026-03-24"}}, {"type": "Feature", "geometry": {"type": "Point", "coordinates": [-82.76666666835702, 35.500000000577]}, "properties": {"p_logistic": 0.43748992681503296, "p_rf": 0.7440000176429749, "p_xgb": 0.9863747358322144, "date": "2026-03-24"}}, {"type": "Feature", "geometry": {"type": "Point", "coordinates": [-82.75833333502402, 35.500000000577]}, "properties": {"p_logistic": 0.4379577338695526, "p_rf": 0.7440000176429749, "p_xgb": 0.9872528910636902, "date": "2026-03-24"}}, {"type": "Feature", "geometry": {"type": "Point", "coordinates": [-82.75000000169102, 35.500000000577]}, "properties": {"p_logistic": 0.439073771238327, "p_rf": 0.765999972820282, "p_xgb": 0.9870356917381287, "date": "2026-03-24"}}, {"type": "Feature", "geometry": {"type": "Point", "coordinates": [-82.74166666835802, 35.500000000577]}, "properties": {"p_logistic": 0.439525306224823, "p_rf": 0.7279999852180481, "p_xgb": 0.9859559535980225, "date": "2026-03-24"}}, {"type": "Feature", "geometry": {"type": "Point", "coordinates": [-82.73333333502501, 35.500000000577]}, "properties": {"p_logistic": 0.4393393099308014, "p_rf": 0.656000018119812, "p_xgb": 0.9856210350990295, "date": "2026-03-24"}}, {"type": "Feature", "geometry": {"type": "Point", "coordinates": [-82.72500000169202, 35.500000000577]}, "properties": {"p_logistic": 0.4386923611164093, "p_rf": 0.6959999799728394, "p_xgb": 0.9877546429634094, "date": "2026-03-24"}}, {"type": "Feature", "geometry": {"type": "Point", "coordinates": [-82.71666666835901, 35.500000000577]}, "properties": {"p_logistic": 0.43830549716949463, "p_rf": 0.7739999890327454, "p_xgb": 0.9872588515281677, "date": "2026-03-24"}}, {"type": "Feature", "geometry": {"type": "Point", "coordinates": [-82.70833333502603, 35.500000000577]}, "properties": {"p_logistic": 0.4389946758747101, "p_rf": 0.7820000052452087, "p_xgb": 0.9895551204681396, "date": "2026-03-24"}}, {"type": "Feature", "geometry": {"type": "Point", "coordinates": [-82.70000000169301, 35.500000000577]}, "properties": {"p_logistic": 0.4396106004714966, "p_rf": 0.8320000171661377, "p_xgb": 0.9895551204681396, "date": "2026-03-24"}}, {"type": "Feature", "geometry": {"type": "Point", "coordinates": [-82.69166666836001, 35.500000000577]}, "properties": {"p_logistic": 0.4405015707015991, "p_rf": 0.8619999885559082, "p_xgb": 0.9913308620452881, "date": "2026-03-24"}}, {"type": "Feature", "geometry": {"type": "Point", "coordinates": [-82.68333333502702, 35.500000000577]}, "properties": {"p_logistic": 0.4411415159702301, "p_rf": 0.8560000061988831, "p_xgb": 0.9913308620452881, "date": "2026-03-24"}}, {"type": "Feature", "geometry": {"type": "Point", "coordinates": [-82.67500000169402, 35.500000000577]}, "properties": {"p_logistic": 0.44118472933769226, "p_rf": 0.7960000038146973, "p_xgb": 0.9949460625648499, "date": "2026-03-24"}}, {"type": "Feature", "geometry": {"type": "Point", "coordinates": [-82.66666666836102, 35.500000000577]}, "properties": {"p_logistic": 0.4411980211734772, "p_rf": 0.7480000257492065, "p_xgb": 0.9970334768295288, "date": "2026-03-24"}}, {"type": "Feature", "geometry": {"type": "Point", "coordinates": [-82.65833333502802, 35.500000000577]}, "properties": {"p_logistic": 0.4412427246570587, "p_rf": 0.7179999947547913, "p_xgb": 0.9971489310264587, "date": "2026-03-24"}}, {"type": "Feature", "geometry": {"type": "Point", "coordinates": [-82.65000000169502, 35.500000000577]}, "properties": {"p_logistic": 0.4419678747653961, "p_rf": 0.6740000247955322, "p_xgb": 0.9980870485305786, "date": "2026-03-24"}}, {"type": "Feature", "geometry": {"type": "Point", "coordinates": [-82.64166666836202, 35.500000000577]}, "properties": {"p_logistic": 0.4429951012134552, "p_rf": 0.6980000138282776, "p_xgb": 0.9978154897689819, "date": "2026-03-24"}}, {"type": "Feature", "geometry": {"type": "Point", "coordinates": [-82.63333333502902, 35.500000000577]}, "properties": {"p_logistic": 0.4442889988422394, "p_rf": 0.699999988079071, "p_xgb": 0.9980704188346863, "date": "2026-03-24"}}, {"type": "Feature", "geometry": {"type": "Point", "coordinates": [-82.62500000169601, 35.500000000577]}, "properties": {"p_logistic": 0.44479766488075256, "p_rf": 0.7820000052452087, "p_xgb": 0.9980704188346863, "date": "2026-03-24"}}, {"type": "Feature", "geometry": {"type": "Point", "coordinates": [-82.61666666836302, 35.500000000577]}, "properties": {"p_logistic": 0.44496893882751465, "p_rf": 0.7540000081062317, "p_xgb": 0.9980415105819702, "date": "2026-03-24"}}, {"type": "Feature", "geometry": {"type": "Point", "coordinates": [-82.60833333503001, 35.500000000577]}, "properties": {"p_logistic": 0.4446519911289215, "p_rf": 0.7020000219345093, "p_xgb": 0.9950633645057678, "date": "2026-03-24"}}, {"type": "Feature", "geometry": {"type": "Point", "coordinates": [-82.60000000169703, 35.500000000577]}, "properties": {"p_logistic": 0.4436153173446655, "p_rf": 0.6940000057220459, "p_xgb": 0.9943736791610718, "date": "2026-03-24"}}, {"type": "Feature", "geometry": {"type": "Point", "coordinates": [-82.59166666836401, 35.500000000577]}, "properties": {"p_logistic": 0.4422789216041565, "p_rf": 0.7020000219345093, "p_xgb": 0.9949033260345459, "date": "2026-03-24"}}, {"type": "Feature", "geometry": {"type": "Point", "coordinates": [-82.58333333503101, 35.500000000577]}, "properties": {"p_logistic": 0.44093579053878784, "p_rf": 0.6919999718666077, "p_xgb": 0.9951144456863403, "date": "2026-03-24"}}, {"type": "Feature", "geometry": {"type": "Point", "coordinates": [-82.57500000169802, 35.500000000577]}, "properties": {"p_logistic": 0.4395928382873535, "p_rf": 0.6919999718666077, "p_xgb": 0.9951144456863403, "date": "2026-03-24"}}, {"type": "Feature", "geometry": {"type": "Point", "coordinates": [-82.56666666836502, 35.500000000577]}, "properties": {"p_logistic": 0.4371057450771332, "p_rf": 0.6819999814033508, "p_xgb": 0.9943864345550537, "date": "2026-03-24"}}, {"type": "Feature", "geometry": {"type": "Point", "coordinates": [-82.55833333503202, 35.500000000577]}, "properties": {"p_logistic": 0.4342668056488037, "p_rf": 0.6119999885559082, "p_xgb": 0.9554210305213928, "date": "2026-03-24"}}, {"type": "Feature", "geometry": {"type": "Point", "coordinates": [-82.55000000169902, 35.500000000577]}, "properties": {"p_logistic": 0.4317414462566376, "p_rf": 0.6340000033378601, "p_xgb": 0.951400637626648, "date": "2026-03-24"}}, {"type": "Feature", "geometry": {"type": "Point", "coordinates": [-82.54166666836602, 35.500000000577]}, "properties": {"p_logistic": 0.4296342730522156, "p_rf": 0.6259999871253967, "p_xgb": 0.9496805667877197, "date": "2026-03-24"}}, {"type": "Feature", "geometry": {"type": "Point", "coordinates": [-82.53333333503302, 35.500000000577]}, "properties": {"p_logistic": 0.43011656403541565, "p_rf": 0.6299999952316284, "p_xgb": 0.9496805667877197, "date": "2026-03-24"}}, {"type": "Feature", "geometry": {"type": "Point", "coordinates": [-82.52500000170002, 35.500000000577]}, "properties": {"p_logistic": 0.43302831053733826, "p_rf": 0.6240000128746033, "p_xgb": 0.9496805667877197, "date": "2026-03-24"}}, {"type": "Feature", "geometry": {"type": "Point", "coordinates": [-82.51666666836701, 35.500000000577]}, "properties": {"p_logistic": 0.43560364842414856, "p_rf": 0.6380000114440918, "p_xgb": 0.9570552110671997, "date": "2026-03-24"}}, {"type": "Feature", "geometry": {"type": "Point", "coordinates": [-82.50833333503402, 35.500000000577]}, "properties": {"p_logistic": 0.4364262819290161, "p_rf": 0.6940000057220459, "p_xgb": 0.9718559980392456, "date": "2026-03-24"}}, {"type": "Feature", "geometry": {"type": "Point", "coordinates": [-82.50000000170101, 35.500000000577]}, "properties": {"p_logistic": 0.43627816438674927, "p_rf": 0.6620000004768372, "p_xgb": 0.9731664061546326, "date": "2026-03-24"}}, {"type": "Feature", "geometry": {"type": "Point", "coordinates": [-82.49166666836803, 35.500000000577]}, "properties": {"p_logistic": 0.43588152527809143, "p_rf": 0.6740000247955322, "p_xgb": 0.9941079616546631, "date": "2026-03-24"}}, {"type": "Feature", "geometry": {"type": "Point", "coordinates": [-82.48333333503501, 35.500000000577]}, "properties": {"p_logistic": 0.43618735671043396, "p_rf": 0.7319999933242798, "p_xgb": 0.9947509169578552, "date": "2026-03-24"}}, {"type": "Feature", "geometry": {"type": "Point", "coordinates": [-82.47500000170201, 35.500000000577]}, "properties": {"p_logistic": 0.4367600679397583, "p_rf": 0.7559999823570251, "p_xgb": 0.9954319000244141, "date": "2026-03-24"}}, {"type": "Feature", "geometry": {"type": "Point", "coordinates": [-82.46666666836902, 35.500000000577]}, "properties": {"p_logistic": 0.43693289160728455, "p_rf": 0.7459999918937683, "p_xgb": 0.9954849481582642, "date": "2026-03-24"}}, {"type": "Feature", "geometry": {"type": "Point", "coordinates": [-82.45833333503602, 35.500000000577]}, "properties": {"p_logistic": 0.43693485856056213, "p_rf": 0.7720000147819519, "p_xgb": 0.9953534603118896, "date": "2026-03-24"}}, {"type": "Feature", "geometry": {"type": "Point", "coordinates": [-82.45000000170302, 35.500000000577]}, "properties": {"p_logistic": 0.4371837377548218, "p_rf": 0.765999972820282, "p_xgb": 0.9953534603118896, "date": "2026-03-24"}}, {"type": "Feature", "geometry": {"type": "Point", "coordinates": [-82.44166666837002, 35.500000000577]}, "properties": {"p_logistic": 0.4382750988006592, "p_rf": 0.765999972820282, "p_xgb": 0.9953534603118896, "date": "2026-03-24"}}, {"type": "Feature", "geometry": {"type": "Point", "coordinates": [-82.43333333503702, 35.500000000577]}, "properties": {"p_logistic": 0.43937161564826965, "p_rf": 0.765999972820282, "p_xgb": 0.9953534603118896, "date": "2026-03-24"}}, {"type": "Feature", "geometry": {"type": "Point", "coordinates": [-82.42500000170402, 35.500000000577]}, "properties": {"p_logistic": 0.43982675671577454, "p_rf": 0.7799999713897705, "p_xgb": 0.9953534603118896, "date": "2026-03-24"}}, {"type": "Feature", "geometry": {"type": "Point", "coordinates": [-82.41666666837102, 35.500000000577]}, "properties": {"p_logistic": 0.43977099657058716, "p_rf": 0.7440000176429749, "p_xgb": 0.9947341680526733, "date": "2026-03-24"}}, {"type": "Feature", "geometry": {"type": "Point", "coordinates": [-82.40833333503801, 35.500000000577]}, "properties": {"p_logistic": 0.4389974772930145, "p_rf": 0.7239999771118164, "p_xgb": 0.9920617341995239, "date": "2026-03-24"}}, {"type": "Feature", "geometry": {"type": "Point", "coordinates": [-82.40000000170502, 35.500000000577]}, "properties": {"p_logistic": 0.4384009838104248, "p_rf": 0.699999988079071, "p_xgb": 0.9922664761543274, "date": "2026-03-24"}}, {"type": "Feature", "geometry": {"type": "Point", "coordinates": [-82.39166666837201, 35.500000000577]}, "properties": {"p_logistic": 0.4373900294303894, "p_rf": 0.7200000286102295, "p_xgb": 0.995978832244873, "date": "2026-03-24"}}, {"type": "Feature", "geometry": {"type": "Point", "coordinates": [-82.38333333503903, 35.500000000577]}, "properties": {"p_logistic": 0.43585970997810364, "p_rf": 0.7239999771118164, "p_xgb": 0.9961916208267212, "date": "2026-03-24"}}, {"type": "Feature", "geometry": {"type": "Point", "coordinates": [-82.37500000170601, 35.500000000577]}, "properties": {"p_logistic": 0.43464669585227966, "p_rf": 0.6840000152587891, "p_xgb": 0.9922518134117126, "date": "2026-03-24"}}, {"type": "Feature", "geometry": {"type": "Point", "coordinates": [-82.36666666837301, 35.500000000577]}, "properties": {"p_logistic": 0.4376768469810486, "p_rf": 0.6579999923706055, "p_xgb": 0.9863085150718689, "date": "2026-03-24"}}, {"type": "Feature", "geometry": {"type": "Point", "coordinates": [-82.35833333504002, 35.500000000577]}, "properties": {"p_logistic": 0.43988099694252014, "p_rf": 0.6340000033378601, "p_xgb": 0.9790514707565308, "date": "2026-03-24"}}, {"type": "Feature", "geometry": {"type": "Point", "coordinates": [-82.35000000170702, 35.500000000577]}, "properties": {"p_logistic": 0.441170334815979, "p_rf": 0.6399999856948853, "p_xgb": 0.9767130017280579, "date": "2026-03-24"}}, {"type": "Feature", "geometry": {"type": "Point", "coordinates": [-82.34166666837402, 35.500000000577]}, "properties": {"p_logistic": 0.4423207938671112, "p_rf": 0.6060000061988831, "p_xgb": 0.9718202948570251, "date": "2026-03-24"}}, {"type": "Feature", "geometry": {"type": "Point", "coordinates": [-82.32500000170802, 35.500000000577]}, "properties": {"p_logistic": 0.44798004627227783, "p_rf": 0.6740000247955322, "p_xgb": 0.9760472774505615, "date": "2026-03-24"}}, {"type": "Feature", "geometry": {"type": "Point", "coordinates": [-82.31666666837502, 35.500000000577]}, "properties": {"p_logistic": 0.4513236880302429, "p_rf": 0.7200000286102295, "p_xgb": 0.9789974093437195, "date": "2026-03-24"}}, {"type": "Feature", "geometry": {"type": "Point", "coordinates": [-82.30833333504202, 35.500000000577]}, "properties": {"p_logistic": 0.4546855390071869, "p_rf": 0.7620000243186951, "p_xgb": 0.9785692691802979, "date": "2026-03-24"}}, {"type": "Feature", "geometry": {"type": "Point", "coordinates": [-82.30000000170901, 35.500000000577]}, "properties": {"p_logistic": 0.45608824491500854, "p_rf": 0.7559999823570251, "p_xgb": 0.9785692691802979, "date": "2026-03-24"}}, {"type": "Feature", "geometry": {"type": "Point", "coordinates": [-82.29166666837602, 35.500000000577]}, "properties": {"p_logistic": 0.45643219351768494, "p_rf": 0.7300000190734863, "p_xgb": 0.9778734445571899, "date": "2026-03-24"}}, {"type": "Feature", "geometry": {"type": "Point", "coordinates": [-82.28333333504301, 35.500000000577]}, "properties": {"p_logistic": 0.45697715878486633, "p_rf": 0.6639999747276306, "p_xgb": 0.9766643047332764, "date": "2026-03-24"}}, {"type": "Feature", "geometry": {"type": "Point", "coordinates": [-82.27500000171003, 35.500000000577]}, "properties": {"p_logistic": 0.4579785466194153, "p_rf": 0.6539999842643738, "p_xgb": 0.9741118550300598, "date": "2026-03-24"}}, {"type": "Feature", "geometry": {"type": "Point", "coordinates": [-82.26666666837701, 35.500000000577]}, "properties": {"p_logistic": 0.4604283571243286, "p_rf": 0.6600000262260437, "p_xgb": 0.9788697361946106, "date": "2026-03-24"}}, {"type": "Feature", "geometry": {"type": "Point", "coordinates": [-82.25833333504401, 35.500000000577]}, "properties": {"p_logistic": 0.4617612659931183, "p_rf": 0.6259999871253967, "p_xgb": 0.9780904054641724, "date": "2026-03-24"}}, {"type": "Feature", "geometry": {"type": "Point", "coordinates": [-82.25000000171102, 35.500000000577]}, "properties": {"p_logistic": 0.4625653624534607, "p_rf": 0.6240000128746033, "p_xgb": 0.9762311577796936, "date": "2026-03-24"}}, {"type": "Feature", "geometry": {"type": "Point", "coordinates": [-82.24166666837802, 35.500000000577]}, "properties": {"p_logistic": 0.4638698697090149, "p_rf": 0.6100000143051147, "p_xgb": 0.9791696667671204, "date": "2026-03-24"}}, {"type": "Feature", "geometry": {"type": "Point", "coordinates": [-82.23333333504502, 35.500000000577]}, "properties": {"p_logistic": 0.4652163088321686, "p_rf": 0.621999979019165, "p_xgb": 0.9760593175888062, "date": "2026-03-24"}}, {"type": "Feature", "geometry": {"type": "Point", "coordinates": [-82.22500000171202, 35.500000000577]}, "properties": {"p_logistic": 0.4672757387161255, "p_rf": 0.6179999709129333, "p_xgb": 0.9779115319252014, "date": "2026-03-24"}}, {"type": "Feature", "geometry": {"type": "Point", "coordinates": [-82.78333333502302, 35.491666667244004]}, "properties": {"p_logistic": 0.4338134229183197, "p_rf": 0.7720000147819519, "p_xgb": 0.987399697303772, "date": "2026-03-24"}}, {"type": "Feature", "geometry": {"type": "Point", "coordinates": [-82.77500000169002, 35.491666667244004]}, "properties": {"p_logistic": 0.43533581495285034, "p_rf": 0.7620000243186951, "p_xgb": 0.987399697303772, "date": "2026-03-24"}}, {"type": "Feature", "geometry": {"type": "Point", "coordinates": [-82.76666666835702, 35.491666667244004]}, "properties": {"p_logistic": 0.4367060661315918, "p_rf": 0.765999972820282, "p_xgb": 0.9872528910636902, "date": "2026-03-24"}}, {"type": "Feature", "geometry": {"type": "Point", "coordinates": [-82.75833333502402, 35.491666667244004]}, "properties": {"p_logistic": 0.437702476978302, "p_rf": 0.7440000176429749, "p_xgb": 0.9872528910636902, "date": "2026-03-24"}}, {"type": "Feature", "geometry": {"type": "Point", "coordinates": [-82.75000000169102, 35.491666667244004]}, "properties": {"p_logistic": 0.4385278522968292, "p_rf": 0.7419999837875366, "p_xgb": 0.9860286116600037, "date": "2026-03-24"}}, {"type": "Feature", "geometry": {"type": "Point", "coordinates": [-82.74166666835802, 35.491666667244004]}, "properties": {"p_logistic": 0.43938305974006653, "p_rf": 0.734000027179718, "p_xgb": 0.9859559535980225, "date": "2026-03-24"}}, {"type": "Feature", "geometry": {"type": "Point", "coordinates": [-82.73333333502501, 35.491666667244004]}, "properties": {"p_logistic": 0.43973982334136963, "p_rf": 0.6899999976158142, "p_xgb": 0.9871386885643005, "date": "2026-03-24"}}, {"type": "Feature", "geometry": {"type": "Point", "coordinates": [-82.72500000169202, 35.491666667244004]}, "properties": {"p_logistic": 0.43864181637763977, "p_rf": 0.7039999961853027, "p_xgb": 0.9877546429634094, "date": "2026-03-24"}}, {"type": "Feature", "geometry": {"type": "Point", "coordinates": [-82.71666666835901, 35.491666667244004]}, "properties": {"p_logistic": 0.43737831711769104, "p_rf": 0.7820000052452087, "p_xgb": 0.9895551204681396, "date": "2026-03-24"}}, {"type": "Feature", "geometry": {"type": "Point", "coordinates": [-82.70833333502603, 35.491666667244004]}, "properties": {"p_logistic": 0.43733230233192444, "p_rf": 0.8759999871253967, "p_xgb": 0.9939146637916565, "date": "2026-03-24"}}, {"type": "Feature", "geometry": {"type": "Point", "coordinates": [-82.70000000169301, 35.491666667244004]}, "properties": {"p_logistic": 0.43787407875061035, "p_rf": 0.8840000033378601, "p_xgb": 0.9945101737976074, "date": "2026-03-24"}}, {"type": "Feature", "geometry": {"type": "Point", "coordinates": [-82.69166666836001, 35.491666667244004]}, "properties": {"p_logistic": 0.4382244348526001, "p_rf": 0.8799999952316284, "p_xgb": 0.9969707727432251, "date": "2026-03-24"}}, {"type": "Feature", "geometry": {"type": "Point", "coordinates": [-82.68333333502702, 35.491666667244004]}, "properties": {"p_logistic": 0.43842098116874695, "p_rf": 0.8759999871253967, "p_xgb": 0.9969668984413147, "date": "2026-03-24"}}, {"type": "Feature", "geometry": {"type": "Point", "coordinates": [-82.67500000169402, 35.491666667244004]}, "properties": {"p_logistic": 0.43823903799057007, "p_rf": 0.8420000076293945, "p_xgb": 0.9966933727264404, "date": "2026-03-24"}}, {"type": "Feature", "geometry": {"type": "Point", "coordinates": [-82.66666666836102, 35.491666667244004]}, "properties": {"p_logistic": 0.4377685487270355, "p_rf": 0.8379999995231628, "p_xgb": 0.9892799258232117, "date": "2026-03-24"}}, {"type": "Feature", "geometry": {"type": "Point", "coordinates": [-82.65833333502802, 35.491666667244004]}, "properties": {"p_logistic": 0.4380105435848236, "p_rf": 0.8220000267028809, "p_xgb": 0.9936248064041138, "date": "2026-03-24"}}, {"type": "Feature", "geometry": {"type": "Point", "coordinates": [-82.65000000169502, 35.491666667244004]}, "properties": {"p_logistic": 0.43877744674682617, "p_rf": 0.8220000267028809, "p_xgb": 0.9937682151794434, "date": "2026-03-24"}}, {"type": "Feature", "geometry": {"type": "Point", "coordinates": [-82.64166666836202, 35.491666667244004]}, "properties": {"p_logistic": 0.4402886629104614, "p_rf": 0.8199999928474426, "p_xgb": 0.9939320087432861, "date": "2026-03-24"}}, {"type": "Feature", "geometry": {"type": "Point", "coordinates": [-82.63333333502902, 35.491666667244004]}, "properties": {"p_logistic": 0.44218310713768005, "p_rf": 0.7979999780654907, "p_xgb": 0.9979596138000488, "date": "2026-03-24"}}, {"type": "Feature", "geometry": {"type": "Point", "coordinates": [-82.62500000169601, 35.491666667244004]}, "properties": {"p_logistic": 0.4429459273815155, "p_rf": 0.6819999814033508, "p_xgb": 0.995137631893158, "date": "2026-03-24"}}, {"type": "Feature", "geometry": {"type": "Point", "coordinates": [-82.61666666836302, 35.491666667244004]}, "properties": {"p_logistic": 0.4432876408100128, "p_rf": 0.6759999990463257, "p_xgb": 0.995342493057251, "date": "2026-03-24"}}, {"type": "Feature", "geometry": {"type": "Point", "coordinates": [-82.60833333503001, 35.491666667244004]}, "properties": {"p_logistic": 0.4428957998752594, "p_rf": 0.7120000123977661, "p_xgb": 0.9950309991836548, "date": "2026-03-24"}}, {"type": "Feature", "geometry": {"type": "Point", "coordinates": [-82.60000000169703, 35.491666667244004]}, "properties": {"p_logistic": 0.4411824345588684, "p_rf": 0.7459999918937683, "p_xgb": 0.9948990941047668, "date": "2026-03-24"}}, {"type": "Feature", "geometry": {"type": "Point", "coordinates": [-82.59166666836401, 35.491666667244004]}, "properties": {"p_logistic": 0.4389006793498993, "p_rf": 0.7279999852180481, "p_xgb": 0.9954990744590759, "date": "2026-03-24"}}, {"type": "Feature", "geometry": {"type": "Point", "coordinates": [-82.58333333503101, 35.491666667244004]}, "properties": {"p_logistic": 0.43743398785591125, "p_rf": 0.7300000190734863, "p_xgb": 0.9954990744590759, "date": "2026-03-24"}}, {"type": "Feature", "geometry": {"type": "Point", "coordinates": [-82.57500000169802, 35.491666667244004]}, "properties": {"p_logistic": 0.4358021914958954, "p_rf": 0.7120000123977661, "p_xgb": 0.9948280453681946, "date": "2026-03-24"}}, {"type": "Feature", "geometry": {"type": "Point", "coordinates": [-82.56666666836502, 35.491666667244004]}, "properties": {"p_logistic": 0.43382057547569275, "p_rf": 0.7279999852180481, "p_xgb": 0.9943959712982178, "date": "2026-03-24"}}, {"type": "Feature", "geometry": {"type": "Point", "coordinates": [-82.55833333503202, 35.491666667244004]}, "properties": {"p_logistic": 0.4312852919101715, "p_rf": 0.6460000276565552, "p_xgb": 0.9548608064651489, "date": "2026-03-24"}}, {"type": "Feature", "geometry": {"type": "Point", "coordinates": [-82.55000000169902, 35.491666667244004]}, "properties": {"p_logistic": 0.42917880415916443, "p_rf": 0.5979999899864197, "p_xgb": 0.949874222278595, "date": "2026-03-24"}}, {"type": "Feature", "geometry": {"type": "Point", "coordinates": [-82.54166666836602, 35.491666667244004]}, "properties": {"p_logistic": 0.426766574382782, "p_rf": 0.6359999775886536, "p_xgb": 0.9412860870361328, "date": "2026-03-24"}}, {"type": "Feature", "geometry": {"type": "Point", "coordinates": [-82.53333333503302, 35.491666667244004]}, "properties": {"p_logistic": 0.4272681474685669, "p_rf": 0.6340000033378601, "p_xgb": 0.9412860870361328, "date": "2026-03-24"}}, {"type": "Feature", "geometry": {"type": "Point", "coordinates": [-82.52500000170002, 35.491666667244004]}, "properties": {"p_logistic": 0.4296078085899353, "p_rf": 0.6380000114440918, "p_xgb": 0.951400637626648, "date": "2026-03-24"}}, {"type": "Feature", "geometry": {"type": "Point", "coordinates": [-82.51666666836701, 35.491666667244004]}, "properties": {"p_logistic": 0.43182480335235596, "p_rf": 0.5799999833106995, "p_xgb": 0.9518597722053528, "date": "2026-03-24"}}, {"type": "Feature", "geometry": {"type": "Point", "coordinates": [-82.50833333503402, 35.491666667244004]}, "properties": {"p_logistic": 0.4328327178955078, "p_rf": 0.5899999737739563, "p_xgb": 0.9518597722053528, "date": "2026-03-24"}}, {"type": "Feature", "geometry": {"type": "Point", "coordinates": [-82.50000000170101, 35.491666667244004]}, "properties": {"p_logistic": 0.4329897165298462, "p_rf": 0.593999981880188, "p_xgb": 0.9518597722053528, "date": "2026-03-24"}}, {"type": "Feature", "geometry": {"type": "Point", "coordinates": [-82.49166666836803, 35.491666667244004]}, "properties": {"p_logistic": 0.43309304118156433, "p_rf": 0.5820000171661377, "p_xgb": 0.9518597722053528, "date": "2026-03-24"}}, {"type": "Feature", "geometry": {"type": "Point", "coordinates": [-82.48333333503501, 35.491666667244004]}, "properties": {"p_logistic": 0.43361419439315796, "p_rf": 0.5839999914169312, "p_xgb": 0.9518597722053528, "date": "2026-03-24"}}, {"type": "Feature", "geometry": {"type": "Point", "coordinates": [-82.47500000170201, 35.491666667244004]}, "properties": {"p_logistic": 0.4342724680900574, "p_rf": 0.578000009059906, "p_xgb": 0.9518597722053528, "date": "2026-03-24"}}, {"type": "Feature", "geometry": {"type": "Point", "coordinates": [-82.46666666836902, 35.491666667244004]}, "properties": {"p_logistic": 0.43521448969841003, "p_rf": 0.6600000262260437, "p_xgb": 0.9731664061546326, "date": "2026-03-24"}}, {"type": "Feature", "geometry": {"type": "Point", "coordinates": [-82.45833333503602, 35.491666667244004]}, "properties": {"p_logistic": 0.43546977639198303, "p_rf": 0.6740000247955322, "p_xgb": 0.9941079616546631, "date": "2026-03-24"}}, {"type": "Feature", "geometry": {"type": "Point", "coordinates": [-82.45000000170302, 35.491666667244004]}, "properties": {"p_logistic": 0.4356919229030609, "p_rf": 0.6859999895095825, "p_xgb": 0.9943864345550537, "date": "2026-03-24"}}, {"type": "Feature", "geometry": {"type": "Point", "coordinates": [-82.44166666837002, 35.491666667244004]}, "properties": {"p_logistic": 0.4363099932670593, "p_rf": 0.6980000138282776, "p_xgb": 0.9951144456863403, "date": "2026-03-24"}}, {"type": "Feature", "geometry": {"type": "Point", "coordinates": [-82.43333333503702, 35.491666667244004]}, "properties": {"p_logistic": 0.4372499883174896, "p_rf": 0.7020000219345093, "p_xgb": 0.9951144456863403, "date": "2026-03-24"}}, {"type": "Feature", "geometry": {"type": "Point", "coordinates": [-82.42500000170402, 35.491666667244004]}, "properties": {"p_logistic": 0.4380069971084595, "p_rf": 0.7319999933242798, "p_xgb": 0.9953560829162598, "date": "2026-03-24"}}, {"type": "Feature", "geometry": {"type": "Point", "coordinates": [-82.41666666837102, 35.491666667244004]}, "properties": {"p_logistic": 0.43817391991615295, "p_rf": 0.7480000257492065, "p_xgb": 0.9928889274597168, "date": "2026-03-24"}}, {"type": "Feature", "geometry": {"type": "Point", "coordinates": [-82.40833333503801, 35.491666667244004]}, "properties": {"p_logistic": 0.4377739131450653, "p_rf": 0.7480000257492065, "p_xgb": 0.9929712414741516, "date": "2026-03-24"}}, {"type": "Feature", "geometry": {"type": "Point", "coordinates": [-82.40000000170502, 35.491666667244004]}, "properties": {"p_logistic": 0.4369921088218689, "p_rf": 0.75, "p_xgb": 0.9918336868286133, "date": "2026-03-24"}}, {"type": "Feature", "geometry": {"type": "Point", "coordinates": [-82.39166666837201, 35.491666667244004]}, "properties": {"p_logistic": 0.4358696937561035, "p_rf": 0.8080000281333923, "p_xgb": 0.992706835269928, "date": "2026-03-24"}}, {"type": "Feature", "geometry": {"type": "Point", "coordinates": [-82.38333333503903, 35.491666667244004]}, "properties": {"p_logistic": 0.4345261752605438, "p_rf": 0.7720000147819519, "p_xgb": 0.9960424900054932, "date": "2026-03-24"}}, {"type": "Feature", "geometry": {"type": "Point", "coordinates": [-82.37500000170601, 35.491666667244004]}, "properties": {"p_logistic": 0.436231791973114, "p_rf": 0.722000002861023, "p_xgb": 0.9874387383460999, "date": "2026-03-24"}}, {"type": "Feature", "geometry": {"type": "Point", "coordinates": [-82.36666666837301, 35.491666667244004]}, "properties": {"p_logistic": 0.4391849935054779, "p_rf": 0.6460000276565552, "p_xgb": 0.9778690934181213, "date": "2026-03-24"}}, {"type": "Feature", "geometry": {"type": "Point", "coordinates": [-82.35833333504002, 35.491666667244004]}, "properties": {"p_logistic": 0.44111183285713196, "p_rf": 0.6420000195503235, "p_xgb": 0.9742829203605652, "date": "2026-03-24"}}, {"type": "Feature", "geometry": {"type": "Point", "coordinates": [-82.35000000170702, 35.491666667244004]}, "properties": {"p_logistic": 0.44279003143310547, "p_rf": 0.5680000185966492, "p_xgb": 0.9688959121704102, "date": "2026-03-24"}}, {"type": "Feature", "geometry": {"type": "Point", "coordinates": [-82.34166666837402, 35.491666667244004]}, "properties": {"p_logistic": 0.4448360204696655, "p_rf": 0.5699999928474426, "p_xgb": 0.9674021601676941, "date": "2026-03-24"}}, {"type": "Feature", "geometry": {"type": "Point", "coordinates": [-82.30833333504202, 35.491666667244004]}, "properties": {"p_logistic": 0.45685139298439026, "p_rf": 0.6759999990463257, "p_xgb": 0.9767048954963684, "date": "2026-03-24"}}, {"type": "Feature", "geometry": {"type": "Point", "coordinates": [-82.30000000170901, 35.491666667244004]}, "properties": {"p_logistic": 0.4581625759601593, "p_rf": 0.6759999990463257, "p_xgb": 0.9757994413375854, "date": "2026-03-24"}}, {"type": "Feature", "geometry": {"type": "Point", "coordinates": [-82.29166666837602, 35.491666667244004]}, "properties": {"p_logistic": 0.45895811915397644, "p_rf": 0.6700000166893005, "p_xgb": 0.976658284664154, "date": "2026-03-24"}}, {"type": "Feature", "geometry": {"type": "Point", "coordinates": [-82.28333333504301, 35.491666667244004]}, "properties": {"p_logistic": 0.4593626856803894, "p_rf": 0.6539999842643738, "p_xgb": 0.9783391952514648, "date": "2026-03-24"}}, {"type": "Feature", "geometry": {"type": "Point", "coordinates": [-82.27500000171003, 35.491666667244004]}, "properties": {"p_logistic": 0.46089014410972595, "p_rf": 0.621999979019165, "p_xgb": 0.9775407910346985, "date": "2026-03-24"}}, {"type": "Feature", "geometry": {"type": "Point", "coordinates": [-82.26666666837701, 35.491666667244004]}, "properties": {"p_logistic": 0.4613499939441681, "p_rf": 0.621999979019165, "p_xgb": 0.9762311577796936, "date": "2026-03-24"}}, {"type": "Feature", "geometry": {"type": "Point", "coordinates": [-82.25833333504401, 35.491666667244004]}, "properties": {"p_logistic": 0.46133050322532654, "p_rf": 0.6240000128746033, "p_xgb": 0.9791696667671204, "date": "2026-03-24"}}, {"type": "Feature", "geometry": {"type": "Point", "coordinates": [-82.25000000171102, 35.491666667244004]}, "properties": {"p_logistic": 0.4623430371284485, "p_rf": 0.5860000252723694, "p_xgb": 0.9776328206062317, "date": "2026-03-24"}}, {"type": "Feature", "geometry": {"type": "Point", "coordinates": [-82.24166666837802, 35.491666667244004]}, "properties": {"p_logistic": 0.46391797065734863, "p_rf": 0.6259999871253967, "p_xgb": 0.9765363931655884, "date": "2026-03-24"}}, {"type": "Feature", "geometry": {"type": "Point", "coordinates": [-82.23333333504502, 35.491666667244004]}, "properties": {"p_logistic": 0.46546873450279236, "p_rf": 0.6140000224113464, "p_xgb": 0.9756022691726685, "date": "2026-03-24"}}, {"type": "Feature", "geometry": {"type": "Point", "coordinates": [-82.79166666835602, 35.483333333911006]}, "properties": {"p_logistic": 0.43064889311790466, "p_rf": 0.7960000038146973, "p_xgb": 0.9924335479736328, "date": "2026-03-24"}}, {"type": "Feature", "geometry": {"type": "Point", "coordinates": [-82.78333333502302, 35.483333333911006]}, "properties": {"p_logistic": 0.4325665533542633, "p_rf": 0.7799999713897705, "p_xgb": 0.9870356917381287, "date": "2026-03-24"}}, {"type": "Feature", "geometry": {"type": "Point", "coordinates": [-82.77500000169002, 35.483333333911006]}, "properties": {"p_logistic": 0.4342750310897827, "p_rf": 0.8019999861717224, "p_xgb": 0.9870356917381287, "date": "2026-03-24"}}, {"type": "Feature", "geometry": {"type": "Point", "coordinates": [-82.76666666835702, 35.483333333911006]}, "properties": {"p_logistic": 0.4359222650527954, "p_rf": 0.777999997138977, "p_xgb": 0.9870356917381287, "date": "2026-03-24"}}, {"type": "Feature", "geometry": {"type": "Point", "coordinates": [-82.75833333502402, 35.483333333911006]}, "properties": {"p_logistic": 0.4372304379940033, "p_rf": 0.7440000176429749, "p_xgb": 0.987399697303772, "date": "2026-03-24"}}, {"type": "Feature", "geometry": {"type": "Point", "coordinates": [-82.75000000169102, 35.483333333911006]}, "properties": {"p_logistic": 0.4381296634674072, "p_rf": 0.7799999713897705, "p_xgb": 0.9855059385299683, "date": "2026-03-24"}}, {"type": "Feature", "geometry": {"type": "Point", "coordinates": [-82.74166666835802, 35.483333333911006]}, "properties": {"p_logistic": 0.43877506256103516, "p_rf": 0.7459999918937683, "p_xgb": 0.9859559535980225, "date": "2026-03-24"}}, {"type": "Feature", "geometry": {"type": "Point", "coordinates": [-82.73333333502501, 35.483333333911006]}, "properties": {"p_logistic": 0.4385451078414917, "p_rf": 0.7020000219345093, "p_xgb": 0.9871386885643005, "date": "2026-03-24"}}, {"type": "Feature", "geometry": {"type": "Point", "coordinates": [-82.72500000169202, 35.483333333911006]}, "properties": {"p_logistic": 0.4373674988746643, "p_rf": 0.7020000219345093, "p_xgb": 0.9877546429634094, "date": "2026-03-24"}}, {"type": "Feature", "geometry": {"type": "Point", "coordinates": [-82.71666666835901, 35.483333333911006]}, "properties": {"p_logistic": 0.43701043725013733, "p_rf": 0.7879999876022339, "p_xgb": 0.9932068586349487, "date": "2026-03-24"}}, {"type": "Feature", "geometry": {"type": "Point", "coordinates": [-82.70833333502603, 35.483333333911006]}, "properties": {"p_logistic": 0.4361949563026428, "p_rf": 0.871999979019165, "p_xgb": 0.9969667792320251, "date": "2026-03-24"}}, {"type": "Feature", "geometry": {"type": "Point", "coordinates": [-82.70000000169301, 35.483333333911006]}, "properties": {"p_logistic": 0.4364480972290039, "p_rf": 0.8759999871253967, "p_xgb": 0.9969668984413147, "date": "2026-03-24"}}, {"type": "Feature", "geometry": {"type": "Point", "coordinates": [-82.69166666836001, 35.483333333911006]}, "properties": {"p_logistic": 0.4362832009792328, "p_rf": 0.828000009059906, "p_xgb": 0.9978016018867493, "date": "2026-03-24"}}, {"type": "Feature", "geometry": {"type": "Point", "coordinates": [-82.68333333502702, 35.483333333911006]}, "properties": {"p_logistic": 0.43585404753685, "p_rf": 0.7580000162124634, "p_xgb": 0.995404839515686, "date": "2026-03-24"}}, {"type": "Feature", "geometry": {"type": "Point", "coordinates": [-82.67500000169402, 35.483333333911006]}, "properties": {"p_logistic": 0.4350288212299347, "p_rf": 0.7200000286102295, "p_xgb": 0.9900819659233093, "date": "2026-03-24"}}, {"type": "Feature", "geometry": {"type": "Point", "coordinates": [-82.66666666836102, 35.483333333911006]}, "properties": {"p_logistic": 0.4345961809158325, "p_rf": 0.7379999756813049, "p_xgb": 0.9912436008453369, "date": "2026-03-24"}}, {"type": "Feature", "geometry": {"type": "Point", "coordinates": [-82.65833333502802, 35.483333333911006]}, "properties": {"p_logistic": 0.43452757596969604, "p_rf": 0.7440000176429749, "p_xgb": 0.9919863939285278, "date": "2026-03-24"}}, {"type": "Feature", "geometry": {"type": "Point", "coordinates": [-82.65000000169502, 35.483333333911006]}, "properties": {"p_logistic": 0.43505367636680603, "p_rf": 0.7419999837875366, "p_xgb": 0.9919863939285278, "date": "2026-03-24"}}, {"type": "Feature", "geometry": {"type": "Point", "coordinates": [-82.64166666836202, 35.483333333911006]}, "properties": {"p_logistic": 0.4359704554080963, "p_rf": 0.7440000176429749, "p_xgb": 0.9956430196762085, "date": "2026-03-24"}}, {"type": "Feature", "geometry": {"type": "Point", "coordinates": [-82.63333333502902, 35.483333333911006]}, "properties": {"p_logistic": 0.4380401074886322, "p_rf": 0.7319999933242798, "p_xgb": 0.9946028590202332, "date": "2026-03-24"}}, {"type": "Feature", "geometry": {"type": "Point", "coordinates": [-82.62500000169601, 35.483333333911006]}, "properties": {"p_logistic": 0.4384898245334625, "p_rf": 0.8100000023841858, "p_xgb": 0.9949567914009094, "date": "2026-03-24"}}, {"type": "Feature", "geometry": {"type": "Point", "coordinates": [-82.61666666836302, 35.483333333911006]}, "properties": {"p_logistic": 0.43902525305747986, "p_rf": 0.843999981880188, "p_xgb": 0.9943546056747437, "date": "2026-03-24"}}, {"type": "Feature", "geometry": {"type": "Point", "coordinates": [-82.60833333503001, 35.483333333911006]}, "properties": {"p_logistic": 0.4385181963443756, "p_rf": 0.7440000176429749, "p_xgb": 0.9951878786087036, "date": "2026-03-24"}}, {"type": "Feature", "geometry": {"type": "Point", "coordinates": [-82.60000000169703, 35.483333333911006]}, "properties": {"p_logistic": 0.43681129813194275, "p_rf": 0.6880000233650208, "p_xgb": 0.9925100803375244, "date": "2026-03-24"}}, {"type": "Feature", "geometry": {"type": "Point", "coordinates": [-82.59166666836401, 35.483333333911006]}, "properties": {"p_logistic": 0.4347214698791504, "p_rf": 0.6660000085830688, "p_xgb": 0.9913972616195679, "date": "2026-03-24"}}, {"type": "Feature", "geometry": {"type": "Point", "coordinates": [-82.58333333503101, 35.483333333911006]}, "properties": {"p_logistic": 0.4332933723926544, "p_rf": 0.6620000004768372, "p_xgb": 0.9909719228744507, "date": "2026-03-24"}}, {"type": "Feature", "geometry": {"type": "Point", "coordinates": [-82.57500000169802, 35.483333333911006]}, "properties": {"p_logistic": 0.4323748052120209, "p_rf": 0.6359999775886536, "p_xgb": 0.966013491153717, "date": "2026-03-24"}}, {"type": "Feature", "geometry": {"type": "Point", "coordinates": [-82.56666666836502, 35.483333333911006]}, "properties": {"p_logistic": 0.4309511184692383, "p_rf": 0.6079999804496765, "p_xgb": 0.9544699192047119, "date": "2026-03-24"}}, {"type": "Feature", "geometry": {"type": "Point", "coordinates": [-82.55833333503202, 35.483333333911006]}, "properties": {"p_logistic": 0.42934566736221313, "p_rf": 0.6499999761581421, "p_xgb": 0.9554977416992188, "date": "2026-03-24"}}, {"type": "Feature", "geometry": {"type": "Point", "coordinates": [-82.55000000169902, 35.483333333911006]}, "properties": {"p_logistic": 0.427899032831192, "p_rf": 0.6460000276565552, "p_xgb": 0.9548608064651489, "date": "2026-03-24"}}, {"type": "Feature", "geometry": {"type": "Point", "coordinates": [-82.54166666836602, 35.483333333911006]}, "properties": {"p_logistic": 0.4262371361255646, "p_rf": 0.5879999995231628, "p_xgb": 0.9418348073959351, "date": "2026-03-24"}}, {"type": "Feature", "geometry": {"type": "Point", "coordinates": [-82.53333333503302, 35.483333333911006]}, "properties": {"p_logistic": 0.4254763722419739, "p_rf": 0.5820000171661377, "p_xgb": 0.9418348073959351, "date": "2026-03-24"}}, {"type": "Feature", "geometry": {"type": "Point", "coordinates": [-82.52500000170002, 35.483333333911006]}, "properties": {"p_logistic": 0.42689934372901917, "p_rf": 0.5879999995231628, "p_xgb": 0.9418348073959351, "date": "2026-03-24"}}, {"type": "Feature", "geometry": {"type": "Point", "coordinates": [-82.51666666836701, 35.483333333911006]}, "properties": {"p_logistic": 0.42842531204223633, "p_rf": 0.6259999871253967, "p_xgb": 0.9541419744491577, "date": "2026-03-24"}}, {"type": "Feature", "geometry": {"type": "Point", "coordinates": [-82.50833333503402, 35.483333333911006]}, "properties": {"p_logistic": 0.4295293092727661, "p_rf": 0.628000020980835, "p_xgb": 0.9548608064651489, "date": "2026-03-24"}}, {"type": "Feature", "geometry": {"type": "Point", "coordinates": [-82.50000000170101, 35.483333333911006]}, "properties": {"p_logistic": 0.4302186071872711, "p_rf": 0.5920000076293945, "p_xgb": 0.9518597722053528, "date": "2026-03-24"}}, {"type": "Feature", "geometry": {"type": "Point", "coordinates": [-82.49166666836803, 35.483333333911006]}, "properties": {"p_logistic": 0.4306667745113373, "p_rf": 0.6179999709129333, "p_xgb": 0.9658102989196777, "date": "2026-03-24"}}, {"type": "Feature", "geometry": {"type": "Point", "coordinates": [-82.48333333503501, 35.483333333911006]}, "properties": {"p_logistic": 0.43145713210105896, "p_rf": 0.6399999856948853, "p_xgb": 0.9668684005737305, "date": "2026-03-24"}}, {"type": "Feature", "geometry": {"type": "Point", "coordinates": [-82.47500000170201, 35.483333333911006]}, "properties": {"p_logistic": 0.43270212411880493, "p_rf": 0.6359999775886536, "p_xgb": 0.951400637626648, "date": "2026-03-24"}}, {"type": "Feature", "geometry": {"type": "Point", "coordinates": [-82.46666666836902, 35.483333333911006]}, "properties": {"p_logistic": 0.4343630075454712, "p_rf": 0.6399999856948853, "p_xgb": 0.951400637626648, "date": "2026-03-24"}}, {"type": "Feature", "geometry": {"type": "Point", "coordinates": [-82.45833333503602, 35.483333333911006]}, "properties": {"p_logistic": 0.4345031976699829, "p_rf": 0.6320000290870667, "p_xgb": 0.9570552110671997, "date": "2026-03-24"}}, {"type": "Feature", "geometry": {"type": "Point", "coordinates": [-82.45000000170302, 35.483333333911006]}, "properties": {"p_logistic": 0.4346892833709717, "p_rf": 0.722000002861023, "p_xgb": 0.9940493106842041, "date": "2026-03-24"}}, {"type": "Feature", "geometry": {"type": "Point", "coordinates": [-82.44166666837002, 35.483333333911006]}, "properties": {"p_logistic": 0.435031920671463, "p_rf": 0.7039999961853027, "p_xgb": 0.9941440224647522, "date": "2026-03-24"}}, {"type": "Feature", "geometry": {"type": "Point", "coordinates": [-82.43333333503702, 35.483333333911006]}, "properties": {"p_logistic": 0.4354144036769867, "p_rf": 0.7039999961853027, "p_xgb": 0.9920684099197388, "date": "2026-03-24"}}, {"type": "Feature", "geometry": {"type": "Point", "coordinates": [-82.42500000170402, 35.483333333911006]}, "properties": {"p_logistic": 0.4358042776584625, "p_rf": 0.6819999814033508, "p_xgb": 0.9923959970474243, "date": "2026-03-24"}}, {"type": "Feature", "geometry": {"type": "Point", "coordinates": [-82.41666666837102, 35.483333333911006]}, "properties": {"p_logistic": 0.4358873665332794, "p_rf": 0.6840000152587891, "p_xgb": 0.9923959970474243, "date": "2026-03-24"}}, {"type": "Feature", "geometry": {"type": "Point", "coordinates": [-82.40833333503801, 35.483333333911006]}, "properties": {"p_logistic": 0.4358914792537689, "p_rf": 0.6919999718666077, "p_xgb": 0.9922212958335876, "date": "2026-03-24"}}, {"type": "Feature", "geometry": {"type": "Point", "coordinates": [-82.40000000170502, 35.483333333911006]}, "properties": {"p_logistic": 0.43507546186447144, "p_rf": 0.6980000138282776, "p_xgb": 0.9855863451957703, "date": "2026-03-24"}}, {"type": "Feature", "geometry": {"type": "Point", "coordinates": [-82.39166666837201, 35.483333333911006]}, "properties": {"p_logistic": 0.43473270535469055, "p_rf": 0.7559999823570251, "p_xgb": 0.9959632158279419, "date": "2026-03-24"}}, {"type": "Feature", "geometry": {"type": "Point", "coordinates": [-82.38333333503903, 35.483333333911006]}, "properties": {"p_logistic": 0.4355928599834442, "p_rf": 0.7639999985694885, "p_xgb": 0.9872528910636902, "date": "2026-03-24"}}, {"type": "Feature", "geometry": {"type": "Point", "coordinates": [-82.37500000170601, 35.483333333911006]}, "properties": {"p_logistic": 0.4384109377861023, "p_rf": 0.7120000123977661, "p_xgb": 0.9789302349090576, "date": "2026-03-24"}}, {"type": "Feature", "geometry": {"type": "Point", "coordinates": [-82.29166666837602, 35.483333333911006]}, "properties": {"p_logistic": 0.45916295051574707, "p_rf": 0.5820000171661377, "p_xgb": 0.9737520217895508, "date": "2026-03-24"}}, {"type": "Feature", "geometry": {"type": "Point", "coordinates": [-82.28333333504301, 35.483333333911006]}, "properties": {"p_logistic": 0.46073079109191895, "p_rf": 0.5799999833106995, "p_xgb": 0.9737520217895508, "date": "2026-03-24"}}, {"type": "Feature", "geometry": {"type": "Point", "coordinates": [-82.27500000171003, 35.483333333911006]}, "properties": {"p_logistic": 0.4617491364479065, "p_rf": 0.5799999833106995, "p_xgb": 0.9769898653030396, "date": "2026-03-24"}}, {"type": "Feature", "geometry": {"type": "Point", "coordinates": [-82.26666666837701, 35.483333333911006]}, "properties": {"p_logistic": 0.4619784653186798, "p_rf": 0.5960000157356262, "p_xgb": 0.9760593175888062, "date": "2026-03-24"}}, {"type": "Feature", "geometry": {"type": "Point", "coordinates": [-82.25833333504401, 35.483333333911006]}, "properties": {"p_logistic": 0.46140050888061523, "p_rf": 0.6240000128746033, "p_xgb": 0.9765363931655884, "date": "2026-03-24"}}, {"type": "Feature", "geometry": {"type": "Point", "coordinates": [-82.25000000171102, 35.483333333911006]}, "properties": {"p_logistic": 0.46228450536727905, "p_rf": 0.6320000290870667, "p_xgb": 0.9765363931655884, "date": "2026-03-24"}}, {"type": "Feature", "geometry": {"type": "Point", "coordinates": [-82.24166666837802, 35.483333333911006]}, "properties": {"p_logistic": 0.46374908089637756, "p_rf": 0.6240000128746033, "p_xgb": 0.9760884046554565, "date": "2026-03-24"}}, {"type": "Feature", "geometry": {"type": "Point", "coordinates": [-82.23333333504502, 35.483333333911006]}, "properties": {"p_logistic": 0.46550625562667847, "p_rf": 0.6460000276565552, "p_xgb": 0.9760884046554565, "date": "2026-03-24"}}, {"type": "Feature", "geometry": {"type": "Point", "coordinates": [-82.79166666835602, 35.47500000057801]}, "properties": {"p_logistic": 0.4299847483634949, "p_rf": 0.7540000081062317, "p_xgb": 0.9874387383460999, "date": "2026-03-24"}}, {"type": "Feature", "geometry": {"type": "Point", "coordinates": [-82.78333333502302, 35.47500000057801]}, "properties": {"p_logistic": 0.43172886967658997, "p_rf": 0.765999972820282, "p_xgb": 0.9874387383460999, "date": "2026-03-24"}}, {"type": "Feature", "geometry": {"type": "Point", "coordinates": [-82.77500000169002, 35.47500000057801]}, "properties": {"p_logistic": 0.43360695242881775, "p_rf": 0.7799999713897705, "p_xgb": 0.9870356917381287, "date": "2026-03-24"}}, {"type": "Feature", "geometry": {"type": "Point", "coordinates": [-82.76666666835702, 35.47500000057801]}, "properties": {"p_logistic": 0.4352881610393524, "p_rf": 0.7820000052452087, "p_xgb": 0.9870356917381287, "date": "2026-03-24"}}, {"type": "Feature", "geometry": {"type": "Point", "coordinates": [-82.75833333502402, 35.47500000057801]}, "properties": {"p_logistic": 0.43684375286102295, "p_rf": 0.7419999837875366, "p_xgb": 0.987399697303772, "date": "2026-03-24"}}, {"type": "Feature", "geometry": {"type": "Point", "coordinates": [-82.75000000169102, 35.47500000057801]}, "properties": {"p_logistic": 0.4374692440032959, "p_rf": 0.7799999713897705, "p_xgb": 0.9855059385299683, "date": "2026-03-24"}}, {"type": "Feature", "geometry": {"type": "Point", "coordinates": [-82.74166666835802, 35.47500000057801]}, "properties": {"p_logistic": 0.43761175870895386, "p_rf": 0.7419999837875366, "p_xgb": 0.9874387383460999, "date": "2026-03-24"}}, {"type": "Feature", "geometry": {"type": "Point", "coordinates": [-82.73333333502501, 35.47500000057801]}, "properties": {"p_logistic": 0.43692710995674133, "p_rf": 0.7059999704360962, "p_xgb": 0.9871386885643005, "date": "2026-03-24"}}, {"type": "Feature", "geometry": {"type": "Point", "coordinates": [-82.72500000169202, 35.47500000057801]}, "properties": {"p_logistic": 0.43616989254951477, "p_rf": 0.7099999785423279, "p_xgb": 0.9919121265411377, "date": "2026-03-24"}}, {"type": "Feature", "geometry": {"type": "Point", "coordinates": [-82.71666666835901, 35.47500000057801]}, "properties": {"p_logistic": 0.43550169467926025, "p_rf": 0.7599999904632568, "p_xgb": 0.995597779750824, "date": "2026-03-24"}}, {"type": "Feature", "geometry": {"type": "Point", "coordinates": [-82.70833333502603, 35.47500000057801]}, "properties": {"p_logistic": 0.4349546432495117, "p_rf": 0.8600000143051147, "p_xgb": 0.9969667792320251, "date": "2026-03-24"}}, {"type": "Feature", "geometry": {"type": "Point", "coordinates": [-82.70000000169301, 35.47500000057801]}, "properties": {"p_logistic": 0.4348529875278473, "p_rf": 0.8560000061988831, "p_xgb": 0.997088611125946, "date": "2026-03-24"}}, {"type": "Feature", "geometry": {"type": "Point", "coordinates": [-82.69166666836001, 35.47500000057801]}, "properties": {"p_logistic": 0.43501994013786316, "p_rf": 0.8140000104904175, "p_xgb": 0.9956074357032776, "date": "2026-03-24"}}, {"type": "Feature", "geometry": {"type": "Point", "coordinates": [-82.68333333502702, 35.47500000057801]}, "properties": {"p_logistic": 0.4339804947376251, "p_rf": 0.7160000205039978, "p_xgb": 0.9849709868431091, "date": "2026-03-24"}}, {"type": "Feature", "geometry": {"type": "Point", "coordinates": [-82.67500000169402, 35.47500000057801]}, "properties": {"p_logistic": 0.432979941368103, "p_rf": 0.7300000190734863, "p_xgb": 0.985985279083252, "date": "2026-03-24"}}, {"type": "Feature", "geometry": {"type": "Point", "coordinates": [-82.66666666836102, 35.47500000057801]}, "properties": {"p_logistic": 0.4316670894622803, "p_rf": 0.7260000109672546, "p_xgb": 0.9852900505065918, "date": "2026-03-24"}}, {"type": "Feature", "geometry": {"type": "Point", "coordinates": [-82.65833333502802, 35.47500000057801]}, "properties": {"p_logistic": 0.43157127499580383, "p_rf": 0.7080000042915344, "p_xgb": 0.9898117184638977, "date": "2026-03-24"}}, {"type": "Feature", "geometry": {"type": "Point", "coordinates": [-82.65000000169502, 35.47500000057801]}, "properties": {"p_logistic": 0.43191221356391907, "p_rf": 0.7120000123977661, "p_xgb": 0.9900791645050049, "date": "2026-03-24"}}, {"type": "Feature", "geometry": {"type": "Point", "coordinates": [-82.64166666836202, 35.47500000057801]}, "properties": {"p_logistic": 0.43241316080093384, "p_rf": 0.7059999704360962, "p_xgb": 0.9900791645050049, "date": "2026-03-24"}}, {"type": "Feature", "geometry": {"type": "Point", "coordinates": [-82.63333333502902, 35.47500000057801]}, "properties": {"p_logistic": 0.43350327014923096, "p_rf": 0.7099999785423279, "p_xgb": 0.9900791645050049, "date": "2026-03-24"}}, {"type": "Feature", "geometry": {"type": "Point", "coordinates": [-82.62500000169601, 35.47500000057801]}, "properties": {"p_logistic": 0.43483027815818787, "p_rf": 0.722000002861023, "p_xgb": 0.9955176711082458, "date": "2026-03-24"}}, {"type": "Feature", "geometry": {"type": "Point", "coordinates": [-82.61666666836302, 35.47500000057801]}, "properties": {"p_logistic": 0.43518853187561035, "p_rf": 0.7400000095367432, "p_xgb": 0.9953448176383972, "date": "2026-03-24"}}, {"type": "Feature", "geometry": {"type": "Point", "coordinates": [-82.60833333503001, 35.47500000057801]}, "properties": {"p_logistic": 0.4351067543029785, "p_rf": 0.8100000023841858, "p_xgb": 0.9943932294845581, "date": "2026-03-24"}}, {"type": "Feature", "geometry": {"type": "Point", "coordinates": [-82.60000000169703, 35.47500000057801]}, "properties": {"p_logistic": 0.43379881978034973, "p_rf": 0.8100000023841858, "p_xgb": 0.9935139417648315, "date": "2026-03-24"}}, {"type": "Feature", "geometry": {"type": "Point", "coordinates": [-82.59166666836401, 35.47500000057801]}, "properties": {"p_logistic": 0.43204084038734436, "p_rf": 0.8199999928474426, "p_xgb": 0.9931926131248474, "date": "2026-03-24"}}, {"type": "Feature", "geometry": {"type": "Point", "coordinates": [-82.58333333503101, 35.47500000057801]}, "properties": {"p_logistic": 0.43092992901802063, "p_rf": 0.7960000038146973, "p_xgb": 0.9715425372123718, "date": "2026-03-24"}}, {"type": "Feature", "geometry": {"type": "Point", "coordinates": [-82.57500000169802, 35.47500000057801]}, "properties": {"p_logistic": 0.43036118149757385, "p_rf": 0.6600000262260437, "p_xgb": 0.9426636099815369, "date": "2026-03-24"}}, {"type": "Feature", "geometry": {"type": "Point", "coordinates": [-82.56666666836502, 35.47500000057801]}, "properties": {"p_logistic": 0.4296623766422272, "p_rf": 0.5759999752044678, "p_xgb": 0.9544699192047119, "date": "2026-03-24"}}, {"type": "Feature", "geometry": {"type": "Point", "coordinates": [-82.55833333503202, 35.47500000057801]}, "properties": {"p_logistic": 0.4285982847213745, "p_rf": 0.628000020980835, "p_xgb": 0.9697030186653137, "date": "2026-03-24"}}, {"type": "Feature", "geometry": {"type": "Point", "coordinates": [-82.55000000169902, 35.47500000057801]}, "properties": {"p_logistic": 0.4278201758861542, "p_rf": 0.6819999814033508, "p_xgb": 0.9687488079071045, "date": "2026-03-24"}}, {"type": "Feature", "geometry": {"type": "Point", "coordinates": [-82.54166666836602, 35.47500000057801]}, "properties": {"p_logistic": 0.42624521255493164, "p_rf": 0.6940000057220459, "p_xgb": 0.9687488079071045, "date": "2026-03-24"}}, {"type": "Feature", "geometry": {"type": "Point", "coordinates": [-82.53333333503302, 35.47500000057801]}, "properties": {"p_logistic": 0.42510512471199036, "p_rf": 0.6819999814033508, "p_xgb": 0.9696102142333984, "date": "2026-03-24"}}, {"type": "Feature", "geometry": {"type": "Point", "coordinates": [-82.52500000170002, 35.47500000057801]}, "properties": {"p_logistic": 0.42533135414123535, "p_rf": 0.6840000152587891, "p_xgb": 0.9698571562767029, "date": "2026-03-24"}}, {"type": "Feature", "geometry": {"type": "Point", "coordinates": [-82.51666666836701, 35.47500000057801]}, "properties": {"p_logistic": 0.4261339604854584, "p_rf": 0.6940000057220459, "p_xgb": 0.9687488079071045, "date": "2026-03-24"}}, {"type": "Feature", "geometry": {"type": "Point", "coordinates": [-82.50833333503402, 35.47500000057801]}, "properties": {"p_logistic": 0.42712628841400146, "p_rf": 0.6880000233650208, "p_xgb": 0.9687488079071045, "date": "2026-03-24"}}, {"type": "Feature", "geometry": {"type": "Point", "coordinates": [-82.50000000170101, 35.47500000057801]}, "properties": {"p_logistic": 0.4282607138156891, "p_rf": 0.6460000276565552, "p_xgb": 0.9671863913536072, "date": "2026-03-24"}}, {"type": "Feature", "geometry": {"type": "Point", "coordinates": [-82.49166666836803, 35.47500000057801]}, "properties": {"p_logistic": 0.4292849004268646, "p_rf": 0.6359999775886536, "p_xgb": 0.9658102989196777, "date": "2026-03-24"}}, {"type": "Feature", "geometry": {"type": "Point", "coordinates": [-82.48333333503501, 35.47500000057801]}, "properties": {"p_logistic": 0.4303428828716278, "p_rf": 0.6679999828338623, "p_xgb": 0.9668684005737305, "date": "2026-03-24"}}, {"type": "Feature", "geometry": {"type": "Point", "coordinates": [-82.47500000170201, 35.47500000057801]}, "properties": {"p_logistic": 0.431840717792511, "p_rf": 0.6460000276565552, "p_xgb": 0.9668684005737305, "date": "2026-03-24"}}, {"type": "Feature", "geometry": {"type": "Point", "coordinates": [-82.46666666836902, 35.47500000057801]}, "properties": {"p_logistic": 0.43356573581695557, "p_rf": 0.6340000033378601, "p_xgb": 0.951400637626648, "date": "2026-03-24"}}, {"type": "Feature", "geometry": {"type": "Point", "coordinates": [-82.45833333503602, 35.47500000057801]}, "properties": {"p_logistic": 0.4343971312046051, "p_rf": 0.6399999856948853, "p_xgb": 0.951400637626648, "date": "2026-03-24"}}, {"type": "Feature", "geometry": {"type": "Point", "coordinates": [-82.45000000170302, 35.47500000057801]}, "properties": {"p_logistic": 0.4346056580543518, "p_rf": 0.722000002861023, "p_xgb": 0.9729048013687134, "date": "2026-03-24"}}, {"type": "Feature", "geometry": {"type": "Point", "coordinates": [-82.44166666837002, 35.47500000057801]}, "properties": {"p_logistic": 0.4347565472126007, "p_rf": 0.734000027179718, "p_xgb": 0.9943304061889648, "date": "2026-03-24"}}, {"type": "Feature", "geometry": {"type": "Point", "coordinates": [-82.43333333503702, 35.47500000057801]}, "properties": {"p_logistic": 0.43441787362098694, "p_rf": 0.7139999866485596, "p_xgb": 0.9920684099197388, "date": "2026-03-24"}}, {"type": "Feature", "geometry": {"type": "Point", "coordinates": [-82.42500000170402, 35.47500000057801]}, "properties": {"p_logistic": 0.4343308210372925, "p_rf": 0.7020000219345093, "p_xgb": 0.9920684099197388, "date": "2026-03-24"}}, {"type": "Feature", "geometry": {"type": "Point", "coordinates": [-82.41666666837102, 35.47500000057801]}, "properties": {"p_logistic": 0.4343402683734894, "p_rf": 0.7059999704360962, "p_xgb": 0.9918862581253052, "date": "2026-03-24"}}, {"type": "Feature", "geometry": {"type": "Point", "coordinates": [-82.40833333503801, 35.47500000057801]}, "properties": {"p_logistic": 0.43385979533195496, "p_rf": 0.6779999732971191, "p_xgb": 0.9838533401489258, "date": "2026-03-24"}}, {"type": "Feature", "geometry": {"type": "Point", "coordinates": [-82.40000000170502, 35.47500000057801]}, "properties": {"p_logistic": 0.43429064750671387, "p_rf": 0.7239999771118164, "p_xgb": 0.9923326969146729, "date": "2026-03-24"}}, {"type": "Feature", "geometry": {"type": "Point", "coordinates": [-82.39166666837201, 35.47500000057801]}, "properties": {"p_logistic": 0.43572673201560974, "p_rf": 0.7120000123977661, "p_xgb": 0.9857914447784424, "date": "2026-03-24"}}, {"type": "Feature", "geometry": {"type": "Point", "coordinates": [-82.38333333503903, 35.47500000057801]}, "properties": {"p_logistic": 0.4369232654571533, "p_rf": 0.6639999747276306, "p_xgb": 0.9847682118415833, "date": "2026-03-24"}}, {"type": "Feature", "geometry": {"type": "Point", "coordinates": [-82.37500000170601, 35.47500000057801]}, "properties": {"p_logistic": 0.43935883045196533, "p_rf": 0.6499999761581421, "p_xgb": 0.9757274389266968, "date": "2026-03-24"}}, {"type": "Feature", "geometry": {"type": "Point", "coordinates": [-82.27500000171003, 35.47500000057801]}, "properties": {"p_logistic": 0.4622679650783539, "p_rf": 0.6079999804496765, "p_xgb": 0.9760884046554565, "date": "2026-03-24"}}, {"type": "Feature", "geometry": {"type": "Point", "coordinates": [-82.26666666837701, 35.47500000057801]}, "properties": {"p_logistic": 0.4625740945339203, "p_rf": 0.6140000224113464, "p_xgb": 0.9760884046554565, "date": "2026-03-24"}}, {"type": "Feature", "geometry": {"type": "Point", "coordinates": [-82.25833333504401, 35.47500000057801]}, "properties": {"p_logistic": 0.46196869015693665, "p_rf": 0.6240000128746033, "p_xgb": 0.9760884046554565, "date": "2026-03-24"}}, {"type": "Feature", "geometry": {"type": "Point", "coordinates": [-82.25000000171102, 35.47500000057801]}, "properties": {"p_logistic": 0.4624391198158264, "p_rf": 0.6359999775886536, "p_xgb": 0.9760884046554565, "date": "2026-03-24"}}, {"type": "Feature", "geometry": {"type": "Point", "coordinates": [-82.24166666837802, 35.47500000057801]}, "properties": {"p_logistic": 0.46383801102638245, "p_rf": 0.6460000276565552, "p_xgb": 0.9760884046554565, "date": "2026-03-24"}}, {"type": "Feature", "geometry": {"type": "Point", "coordinates": [-82.79166666835602, 35.46666666724501]}, "properties": {"p_logistic": 0.4286646544933319, "p_rf": 0.75, "p_xgb": 0.9874387383460999, "date": "2026-03-24"}}, {"type": "Feature", "geometry": {"type": "Point", "coordinates": [-82.78333333502302, 35.46666666724501]}, "properties": {"p_logistic": 0.4304867088794708, "p_rf": 0.7580000162124634, "p_xgb": 0.9874387383460999, "date": "2026-03-24"}}, {"type": "Feature", "geometry": {"type": "Point", "coordinates": [-82.77500000169002, 35.46666666724501]}, "properties": {"p_logistic": 0.4320869743824005, "p_rf": 0.7799999713897705, "p_xgb": 0.9870356917381287, "date": "2026-03-24"}}, {"type": "Feature", "geometry": {"type": "Point", "coordinates": [-82.76666666835702, 35.46666666724501]}, "properties": {"p_logistic": 0.4338094890117645, "p_rf": 0.7900000214576721, "p_xgb": 0.9870356917381287, "date": "2026-03-24"}}, {"type": "Feature", "geometry": {"type": "Point", "coordinates": [-82.75833333502402, 35.46666666724501]}, "properties": {"p_logistic": 0.43526148796081543, "p_rf": 0.765999972820282, "p_xgb": 0.9870356917381287, "date": "2026-03-24"}}, {"type": "Feature", "geometry": {"type": "Point", "coordinates": [-82.75000000169102, 35.46666666724501]}, "properties": {"p_logistic": 0.43586090207099915, "p_rf": 0.7879999876022339, "p_xgb": 0.9870356917381287, "date": "2026-03-24"}}, {"type": "Feature", "geometry": {"type": "Point", "coordinates": [-82.74166666835802, 35.46666666724501]}, "properties": {"p_logistic": 0.43574416637420654, "p_rf": 0.75, "p_xgb": 0.9874387383460999, "date": "2026-03-24"}}, {"type": "Feature", "geometry": {"type": "Point", "coordinates": [-82.73333333502501, 35.46666666724501]}, "properties": {"p_logistic": 0.4350166916847229, "p_rf": 0.7059999704360962, "p_xgb": 0.9871386885643005, "date": "2026-03-24"}}, {"type": "Feature", "geometry": {"type": "Point", "coordinates": [-82.72500000169202, 35.46666666724501]}, "properties": {"p_logistic": 0.43424609303474426, "p_rf": 0.7139999866485596, "p_xgb": 0.9919121265411377, "date": "2026-03-24"}}, {"type": "Feature", "geometry": {"type": "Point", "coordinates": [-82.71666666835901, 35.46666666724501]}, "properties": {"p_logistic": 0.43372172117233276, "p_rf": 0.7620000243186951, "p_xgb": 0.9957340359687805, "date": "2026-03-24"}}, {"type": "Feature", "geometry": {"type": "Point", "coordinates": [-82.70833333502603, 35.46666666724501]}, "properties": {"p_logistic": 0.43302610516548157, "p_rf": 0.8399999737739563, "p_xgb": 0.9963951706886292, "date": "2026-03-24"}}, {"type": "Feature", "geometry": {"type": "Point", "coordinates": [-82.70000000169301, 35.46666666724501]}, "properties": {"p_logistic": 0.4324873387813568, "p_rf": 0.843999981880188, "p_xgb": 0.9938145875930786, "date": "2026-03-24"}}, {"type": "Feature", "geometry": {"type": "Point", "coordinates": [-82.69166666836001, 35.46666666724501]}, "properties": {"p_logistic": 0.4324339032173157, "p_rf": 0.7919999957084656, "p_xgb": 0.984303891658783, "date": "2026-03-24"}}, {"type": "Feature", "geometry": {"type": "Point", "coordinates": [-82.68333333502702, 35.46666666724501]}, "properties": {"p_logistic": 0.4314914047718048, "p_rf": 0.7260000109672546, "p_xgb": 0.9845762252807617, "date": "2026-03-24"}}, {"type": "Feature", "geometry": {"type": "Point", "coordinates": [-82.67500000169402, 35.46666666724501]}, "properties": {"p_logistic": 0.4303838014602661, "p_rf": 0.7260000109672546, "p_xgb": 0.9852900505065918, "date": "2026-03-24"}}, {"type": "Feature", "geometry": {"type": "Point", "coordinates": [-82.66666666836102, 35.46666666724501]}, "properties": {"p_logistic": 0.4291835427284241, "p_rf": 0.7120000123977661, "p_xgb": 0.9831534028053284, "date": "2026-03-24"}}, {"type": "Feature", "geometry": {"type": "Point", "coordinates": [-82.65833333502802, 35.46666666724501]}, "properties": {"p_logistic": 0.4290236234664917, "p_rf": 0.6919999718666077, "p_xgb": 0.9827819466590881, "date": "2026-03-24"}}, {"type": "Feature", "geometry": {"type": "Point", "coordinates": [-82.65000000169502, 35.46666666724501]}, "properties": {"p_logistic": 0.4291163384914398, "p_rf": 0.6959999799728394, "p_xgb": 0.9827819466590881, "date": "2026-03-24"}}, {"type": "Feature", "geometry": {"type": "Point", "coordinates": [-82.64166666836202, 35.46666666724501]}, "properties": {"p_logistic": 0.42937079071998596, "p_rf": 0.6919999718666077, "p_xgb": 0.9827819466590881, "date": "2026-03-24"}}, {"type": "Feature", "geometry": {"type": "Point", "coordinates": [-82.63333333502902, 35.46666666724501]}, "properties": {"p_logistic": 0.42994335293769836, "p_rf": 0.6759999990463257, "p_xgb": 0.9883566498756409, "date": "2026-03-24"}}, {"type": "Feature", "geometry": {"type": "Point", "coordinates": [-82.62500000169601, 35.46666666724501]}, "properties": {"p_logistic": 0.43083077669143677, "p_rf": 0.6679999828338623, "p_xgb": 0.9883566498756409, "date": "2026-03-24"}}, {"type": "Feature", "geometry": {"type": "Point", "coordinates": [-82.61666666836302, 35.46666666724501]}, "properties": {"p_logistic": 0.4312927722930908, "p_rf": 0.6919999718666077, "p_xgb": 0.9943231344223022, "date": "2026-03-24"}}, {"type": "Feature", "geometry": {"type": "Point", "coordinates": [-82.60833333503001, 35.46666666724501]}, "properties": {"p_logistic": 0.4310081899166107, "p_rf": 0.6940000057220459, "p_xgb": 0.9947448968887329, "date": "2026-03-24"}}, {"type": "Feature", "geometry": {"type": "Point", "coordinates": [-82.60000000169703, 35.46666666724501]}, "properties": {"p_logistic": 0.43005919456481934, "p_rf": 0.7039999961853027, "p_xgb": 0.994256317615509, "date": "2026-03-24"}}, {"type": "Feature", "geometry": {"type": "Point", "coordinates": [-82.59166666836401, 35.46666666724501]}, "properties": {"p_logistic": 0.42879945039749146, "p_rf": 0.7559999823570251, "p_xgb": 0.9727330803871155, "date": "2026-03-24"}}, {"type": "Feature", "geometry": {"type": "Point", "coordinates": [-82.58333333503101, 35.46666666724501]}, "properties": {"p_logistic": 0.42833131551742554, "p_rf": 0.7419999837875366, "p_xgb": 0.9636443853378296, "date": "2026-03-24"}}, {"type": "Feature", "geometry": {"type": "Point", "coordinates": [-82.57500000169802, 35.46666666724501]}, "properties": {"p_logistic": 0.4284302592277527, "p_rf": 0.765999972820282, "p_xgb": 0.9562423229217529, "date": "2026-03-24"}}, {"type": "Feature", "geometry": {"type": "Point", "coordinates": [-82.56666666836502, 35.46666666724501]}, "properties": {"p_logistic": 0.42848384380340576, "p_rf": 0.6660000085830688, "p_xgb": 0.9676663875579834, "date": "2026-03-24"}}, {"type": "Feature", "geometry": {"type": "Point", "coordinates": [-82.55833333503202, 35.46666666724501]}, "properties": {"p_logistic": 0.42935553193092346, "p_rf": 0.6179999709129333, "p_xgb": 0.9689926505088806, "date": "2026-03-24"}}, {"type": "Feature", "geometry": {"type": "Point", "coordinates": [-82.55000000169902, 35.46666666724501]}, "properties": {"p_logistic": 0.4283098876476288, "p_rf": 0.6460000276565552, "p_xgb": 0.9689926505088806, "date": "2026-03-24"}}, {"type": "Feature", "geometry": {"type": "Point", "coordinates": [-82.54166666836602, 35.46666666724501]}, "properties": {"p_logistic": 0.42648211121559143, "p_rf": 0.6639999747276306, "p_xgb": 0.9697030186653137, "date": "2026-03-24"}}, {"type": "Feature", "geometry": {"type": "Point", "coordinates": [-82.53333333503302, 35.46666666724501]}, "properties": {"p_logistic": 0.42515358328819275, "p_rf": 0.6819999814033508, "p_xgb": 0.9697030186653137, "date": "2026-03-24"}}, {"type": "Feature", "geometry": {"type": "Point", "coordinates": [-82.52500000170002, 35.46666666724501]}, "properties": {"p_logistic": 0.4245332181453705, "p_rf": 0.6819999814033508, "p_xgb": 0.9697030186653137, "date": "2026-03-24"}}, {"type": "Feature", "geometry": {"type": "Point", "coordinates": [-82.51666666836701, 35.46666666724501]}, "properties": {"p_logistic": 0.42471614480018616, "p_rf": 0.6420000195503235, "p_xgb": 0.9697030186653137, "date": "2026-03-24"}}, {"type": "Feature", "geometry": {"type": "Point", "coordinates": [-82.50833333503402, 35.46666666724501]}, "properties": {"p_logistic": 0.42544683814048767, "p_rf": 0.6420000195503235, "p_xgb": 0.9697030186653137, "date": "2026-03-24"}}, {"type": "Feature", "geometry": {"type": "Point", "coordinates": [-82.50000000170101, 35.46666666724501]}, "properties": {"p_logistic": 0.42652004957199097, "p_rf": 0.6800000071525574, "p_xgb": 0.9697030186653137, "date": "2026-03-24"}}, {"type": "Feature", "geometry": {"type": "Point", "coordinates": [-82.49166666836803, 35.46666666724501]}, "properties": {"p_logistic": 0.42795348167419434, "p_rf": 0.7120000123977661, "p_xgb": 0.9687488079071045, "date": "2026-03-24"}}, {"type": "Feature", "geometry": {"type": "Point", "coordinates": [-82.48333333503501, 35.46666666724501]}, "properties": {"p_logistic": 0.4293082356452942, "p_rf": 0.6660000085830688, "p_xgb": 0.9692628979682922, "date": "2026-03-24"}}, {"type": "Feature", "geometry": {"type": "Point", "coordinates": [-82.47500000170201, 35.46666666724501]}, "properties": {"p_logistic": 0.4309960901737213, "p_rf": 0.6200000047683716, "p_xgb": 0.9671863913536072, "date": "2026-03-24"}}, {"type": "Feature", "geometry": {"type": "Point", "coordinates": [-82.46666666836902, 35.46666666724501]}, "properties": {"p_logistic": 0.43272677063941956, "p_rf": 0.5820000171661377, "p_xgb": 0.9518597722053528, "date": "2026-03-24"}}, {"type": "Feature", "geometry": {"type": "Point", "coordinates": [-82.45833333503602, 35.46666666724501]}, "properties": {"p_logistic": 0.4336261451244354, "p_rf": 0.5799999833106995, "p_xgb": 0.9518597722053528, "date": "2026-03-24"}}, {"type": "Feature", "geometry": {"type": "Point", "coordinates": [-82.45000000170302, 35.46666666724501]}, "properties": {"p_logistic": 0.4337984025478363, "p_rf": 0.5820000171661377, "p_xgb": 0.9574632048606873, "date": "2026-03-24"}}, {"type": "Feature", "geometry": {"type": "Point", "coordinates": [-82.44166666837002, 35.46666666724501]}, "properties": {"p_logistic": 0.4338289201259613, "p_rf": 0.671999990940094, "p_xgb": 0.9941079616546631, "date": "2026-03-24"}}, {"type": "Feature", "geometry": {"type": "Point", "coordinates": [-82.43333333503702, 35.46666666724501]}, "properties": {"p_logistic": 0.43361061811447144, "p_rf": 0.6840000152587891, "p_xgb": 0.9923959970474243, "date": "2026-03-24"}}, {"type": "Feature", "geometry": {"type": "Point", "coordinates": [-82.37500000170601, 35.46666666724501]}, "properties": {"p_logistic": 0.4405501186847687, "p_rf": 0.6919999718666077, "p_xgb": 0.9715278744697571, "date": "2026-03-24"}}, {"type": "Feature", "geometry": {"type": "Point", "coordinates": [-82.25833333504401, 35.46666666724501]}, "properties": {"p_logistic": 0.46214282512664795, "p_rf": 0.6439999938011169, "p_xgb": 0.9760884046554565, "date": "2026-03-24"}}, {"type": "Feature", "geometry": {"type": "Point", "coordinates": [-82.25000000171102, 35.46666666724501]}, "properties": {"p_logistic": 0.4625622034072876, "p_rf": 0.6439999938011169, "p_xgb": 0.9760884046554565, "date": "2026-03-24"}}, {"type": "Feature", "geometry": {"type": "Point", "coordinates": [-82.78333333502302, 35.458333333912]}, "properties": {"p_logistic": 0.4285507798194885, "p_rf": 0.7760000228881836, "p_xgb": 0.9863345623016357, "date": "2026-03-24"}}, {"type": "Feature", "geometry": {"type": "Point", "coordinates": [-82.77500000169002, 35.458333333912]}, "properties": {"p_logistic": 0.42996644973754883, "p_rf": 0.8019999861717224, "p_xgb": 0.9870356917381287, "date": "2026-03-24"}}, {"type": "Feature", "geometry": {"type": "Point", "coordinates": [-82.76666666835702, 35.458333333912]}, "properties": {"p_logistic": 0.43119531869888306, "p_rf": 0.8019999861717224, "p_xgb": 0.9870356917381287, "date": "2026-03-24"}}, {"type": "Feature", "geometry": {"type": "Point", "coordinates": [-82.75833333502402, 35.458333333912]}, "properties": {"p_logistic": 0.43226251006126404, "p_rf": 0.7960000038146973, "p_xgb": 0.9870356917381287, "date": "2026-03-24"}}, {"type": "Feature", "geometry": {"type": "Point", "coordinates": [-82.75000000169102, 35.458333333912]}, "properties": {"p_logistic": 0.43277761340141296, "p_rf": 0.8019999861717224, "p_xgb": 0.9870356917381287, "date": "2026-03-24"}}, {"type": "Feature", "geometry": {"type": "Point", "coordinates": [-82.74166666835802, 35.458333333912]}, "properties": {"p_logistic": 0.432391881942749, "p_rf": 0.7480000257492065, "p_xgb": 0.9874387383460999, "date": "2026-03-24"}}, {"type": "Feature", "geometry": {"type": "Point", "coordinates": [-82.73333333502501, 35.458333333912]}, "properties": {"p_logistic": 0.43157410621643066, "p_rf": 0.7139999866485596, "p_xgb": 0.9922518134117126, "date": "2026-03-24"}}, {"type": "Feature", "geometry": {"type": "Point", "coordinates": [-82.72500000169202, 35.458333333912]}, "properties": {"p_logistic": 0.43055492639541626, "p_rf": 0.7179999947547913, "p_xgb": 0.9919121265411377, "date": "2026-03-24"}}, {"type": "Feature", "geometry": {"type": "Point", "coordinates": [-82.71666666835901, 35.458333333912]}, "properties": {"p_logistic": 0.4298090934753418, "p_rf": 0.7860000133514404, "p_xgb": 0.9955599308013916, "date": "2026-03-24"}}, {"type": "Feature", "geometry": {"type": "Point", "coordinates": [-82.70833333502603, 35.458333333912]}, "properties": {"p_logistic": 0.4291241765022278, "p_rf": 0.828000009059906, "p_xgb": 0.9926683902740479, "date": "2026-03-24"}}, {"type": "Feature", "geometry": {"type": "Point", "coordinates": [-82.70000000169301, 35.458333333912]}, "properties": {"p_logistic": 0.4276712238788605, "p_rf": 0.8140000104904175, "p_xgb": 0.976033627986908, "date": "2026-03-24"}}, {"type": "Feature", "geometry": {"type": "Point", "coordinates": [-82.69166666836001, 35.458333333912]}, "properties": {"p_logistic": 0.4268546998500824, "p_rf": 0.7739999890327454, "p_xgb": 0.9827983975410461, "date": "2026-03-24"}}, {"type": "Feature", "geometry": {"type": "Point", "coordinates": [-82.68333333502702, 35.458333333912]}, "properties": {"p_logistic": 0.42612940073013306, "p_rf": 0.6800000071525574, "p_xgb": 0.9855080246925354, "date": "2026-03-24"}}, {"type": "Feature", "geometry": {"type": "Point", "coordinates": [-82.67500000169402, 35.458333333912]}, "properties": {"p_logistic": 0.42534613609313965, "p_rf": 0.7059999704360962, "p_xgb": 0.9796494841575623, "date": "2026-03-24"}}, {"type": "Feature", "geometry": {"type": "Point", "coordinates": [-82.66666666836102, 35.458333333912]}, "properties": {"p_logistic": 0.42462098598480225, "p_rf": 0.6899999976158142, "p_xgb": 0.9792023301124573, "date": "2026-03-24"}}, {"type": "Feature", "geometry": {"type": "Point", "coordinates": [-82.65833333502802, 35.458333333912]}, "properties": {"p_logistic": 0.42441612482070923, "p_rf": 0.6880000233650208, "p_xgb": 0.9792023301124573, "date": "2026-03-24"}}, {"type": "Feature", "geometry": {"type": "Point", "coordinates": [-82.65000000169502, 35.458333333912]}, "properties": {"p_logistic": 0.4247400164604187, "p_rf": 0.6240000128746033, "p_xgb": 0.9786792397499084, "date": "2026-03-24"}}, {"type": "Feature", "geometry": {"type": "Point", "coordinates": [-82.64166666836202, 35.458333333912]}, "properties": {"p_logistic": 0.42463117837905884, "p_rf": 0.5960000157356262, "p_xgb": 0.9782413244247437, "date": "2026-03-24"}}, {"type": "Feature", "geometry": {"type": "Point", "coordinates": [-82.63333333502902, 35.458333333912]}, "properties": {"p_logistic": 0.4251505732536316, "p_rf": 0.6060000061988831, "p_xgb": 0.9785330891609192, "date": "2026-03-24"}}, {"type": "Feature", "geometry": {"type": "Point", "coordinates": [-82.62500000169601, 35.458333333912]}, "properties": {"p_logistic": 0.42577850818634033, "p_rf": 0.5839999914169312, "p_xgb": 0.9785330891609192, "date": "2026-03-24"}}, {"type": "Feature", "geometry": {"type": "Point", "coordinates": [-82.61666666836302, 35.458333333912]}, "properties": {"p_logistic": 0.42551982402801514, "p_rf": 0.5360000133514404, "p_xgb": 0.9377680420875549, "date": "2026-03-24"}}, {"type": "Feature", "geometry": {"type": "Point", "coordinates": [-82.60833333503001, 35.458333333912]}, "properties": {"p_logistic": 0.4244168698787689, "p_rf": 0.6200000047683716, "p_xgb": 0.9365928769111633, "date": "2026-03-24"}}, {"type": "Feature", "geometry": {"type": "Point", "coordinates": [-82.60000000169703, 35.458333333912]}, "properties": {"p_logistic": 0.423971563577652, "p_rf": 0.6179999709129333, "p_xgb": 0.9365928769111633, "date": "2026-03-24"}}, {"type": "Feature", "geometry": {"type": "Point", "coordinates": [-82.59166666836401, 35.458333333912]}, "properties": {"p_logistic": 0.4231660068035126, "p_rf": 0.6399999856948853, "p_xgb": 0.9378979206085205, "date": "2026-03-24"}}, {"type": "Feature", "geometry": {"type": "Point", "coordinates": [-82.58333333503101, 35.458333333912]}, "properties": {"p_logistic": 0.4232391119003296, "p_rf": 0.6499999761581421, "p_xgb": 0.9551153182983398, "date": "2026-03-24"}}, {"type": "Feature", "geometry": {"type": "Point", "coordinates": [-82.57500000169802, 35.458333333912]}, "properties": {"p_logistic": 0.4243699610233307, "p_rf": 0.6700000166893005, "p_xgb": 0.9669049382209778, "date": "2026-03-24"}}, {"type": "Feature", "geometry": {"type": "Point", "coordinates": [-82.56666666836502, 35.458333333912]}, "properties": {"p_logistic": 0.4274120628833771, "p_rf": 0.7680000066757202, "p_xgb": 0.983306884765625, "date": "2026-03-24"}}, {"type": "Feature", "geometry": {"type": "Point", "coordinates": [-82.55833333503202, 35.458333333912]}, "properties": {"p_logistic": 0.4284946024417877, "p_rf": 0.8100000023841858, "p_xgb": 0.9754778146743774, "date": "2026-03-24"}}, {"type": "Feature", "geometry": {"type": "Point", "coordinates": [-82.55000000169902, 35.458333333912]}, "properties": {"p_logistic": 0.4275447428226471, "p_rf": 0.8059999942779541, "p_xgb": 0.9739459156990051, "date": "2026-03-24"}}, {"type": "Feature", "geometry": {"type": "Point", "coordinates": [-82.54166666836602, 35.458333333912]}, "properties": {"p_logistic": 0.4249207079410553, "p_rf": 0.7279999852180481, "p_xgb": 0.9709831476211548, "date": "2026-03-24"}}, {"type": "Feature", "geometry": {"type": "Point", "coordinates": [-82.53333333503302, 35.458333333912]}, "properties": {"p_logistic": 0.4231957495212555, "p_rf": 0.7279999852180481, "p_xgb": 0.9717937111854553, "date": "2026-03-24"}}, {"type": "Feature", "geometry": {"type": "Point", "coordinates": [-82.52500000170002, 35.458333333912]}, "properties": {"p_logistic": 0.42220452427864075, "p_rf": 0.7760000228881836, "p_xgb": 0.96479332447052, "date": "2026-03-24"}}, {"type": "Feature", "geometry": {"type": "Point", "coordinates": [-82.51666666836701, 35.458333333912]}, "properties": {"p_logistic": 0.42232078313827515, "p_rf": 0.8119999766349792, "p_xgb": 0.9683675765991211, "date": "2026-03-24"}}, {"type": "Feature", "geometry": {"type": "Point", "coordinates": [-82.50833333503402, 35.458333333912]}, "properties": {"p_logistic": 0.42333370447158813, "p_rf": 0.8220000267028809, "p_xgb": 0.9749689102172852, "date": "2026-03-24"}}, {"type": "Feature", "geometry": {"type": "Point", "coordinates": [-82.50000000170101, 35.458333333912]}, "properties": {"p_logistic": 0.42448222637176514, "p_rf": 0.8119999766349792, "p_xgb": 0.9739459156990051, "date": "2026-03-24"}}, {"type": "Feature", "geometry": {"type": "Point", "coordinates": [-82.49166666836803, 35.458333333912]}, "properties": {"p_logistic": 0.425779789686203, "p_rf": 0.7200000286102295, "p_xgb": 0.9676663875579834, "date": "2026-03-24"}}, {"type": "Feature", "geometry": {"type": "Point", "coordinates": [-82.48333333503501, 35.458333333912]}, "properties": {"p_logistic": 0.42751848697662354, "p_rf": 0.6399999856948853, "p_xgb": 0.9676663875579834, "date": "2026-03-24"}}, {"type": "Feature", "geometry": {"type": "Point", "coordinates": [-82.47500000170201, 35.458333333912]}, "properties": {"p_logistic": 0.429426372051239, "p_rf": 0.6299999952316284, "p_xgb": 0.9689926505088806, "date": "2026-03-24"}}, {"type": "Feature", "geometry": {"type": "Point", "coordinates": [-82.46666666836902, 35.458333333912]}, "properties": {"p_logistic": 0.4312753975391388, "p_rf": 0.6179999709129333, "p_xgb": 0.9554977416992188, "date": "2026-03-24"}}, {"type": "Feature", "geometry": {"type": "Point", "coordinates": [-82.45833333503602, 35.458333333912]}, "properties": {"p_logistic": 0.43204307556152344, "p_rf": 0.6380000114440918, "p_xgb": 0.9554977416992188, "date": "2026-03-24"}}, {"type": "Feature", "geometry": {"type": "Point", "coordinates": [-82.45000000170302, 35.458333333912]}, "properties": {"p_logistic": 0.4319329857826233, "p_rf": 0.6460000276565552, "p_xgb": 0.9554977416992188, "date": "2026-03-24"}}, {"type": "Feature", "geometry": {"type": "Point", "coordinates": [-82.78333333502302, 35.450000000579]}, "properties": {"p_logistic": 0.4254591166973114, "p_rf": 0.7879999876022339, "p_xgb": 0.9852648377418518, "date": "2026-03-24"}}, {"type": "Feature", "geometry": {"type": "Point", "coordinates": [-82.77500000169002, 35.450000000579]}, "properties": {"p_logistic": 0.4268292486667633, "p_rf": 0.765999972820282, "p_xgb": 0.9856776595115662, "date": "2026-03-24"}}, {"type": "Feature", "geometry": {"type": "Point", "coordinates": [-82.76666666835702, 35.450000000579]}, "properties": {"p_logistic": 0.42779359221458435, "p_rf": 0.7720000147819519, "p_xgb": 0.987399697303772, "date": "2026-03-24"}}, {"type": "Feature", "geometry": {"type": "Point", "coordinates": [-82.75833333502402, 35.450000000579]}, "properties": {"p_logistic": 0.42831069231033325, "p_rf": 0.7960000038146973, "p_xgb": 0.9870356917381287, "date": "2026-03-24"}}, {"type": "Feature", "geometry": {"type": "Point", "coordinates": [-82.75000000169102, 35.450000000579]}, "properties": {"p_logistic": 0.4281791150569916, "p_rf": 0.8119999766349792, "p_xgb": 0.9870356917381287, "date": "2026-03-24"}}, {"type": "Feature", "geometry": {"type": "Point", "coordinates": [-82.74166666835802, 35.450000000579]}, "properties": {"p_logistic": 0.4277263879776001, "p_rf": 0.7620000243186951, "p_xgb": 0.9924335479736328, "date": "2026-03-24"}}, {"type": "Feature", "geometry": {"type": "Point", "coordinates": [-82.73333333502501, 35.450000000579]}, "properties": {"p_logistic": 0.42646974325180054, "p_rf": 0.6859999895095825, "p_xgb": 0.9922518134117126, "date": "2026-03-24"}}, {"type": "Feature", "geometry": {"type": "Point", "coordinates": [-82.72500000169202, 35.450000000579]}, "properties": {"p_logistic": 0.4249734580516815, "p_rf": 0.7459999918937683, "p_xgb": 0.9957340359687805, "date": "2026-03-24"}}, {"type": "Feature", "geometry": {"type": "Point", "coordinates": [-82.71666666835901, 35.450000000579]}, "properties": {"p_logistic": 0.4238930940628052, "p_rf": 0.8100000023841858, "p_xgb": 0.9918168187141418, "date": "2026-03-24"}}, {"type": "Feature", "geometry": {"type": "Point", "coordinates": [-82.64166666836202, 35.450000000579]}, "properties": {"p_logistic": 0.41864675283432007, "p_rf": 0.6840000152587891, "p_xgb": 0.9879255294799805, "date": "2026-03-24"}}, {"type": "Feature", "geometry": {"type": "Point", "coordinates": [-82.63333333502902, 35.450000000579]}, "properties": {"p_logistic": 0.4195604920387268, "p_rf": 0.6899999976158142, "p_xgb": 0.9873611927032471, "date": "2026-03-24"}}, {"type": "Feature", "geometry": {"type": "Point", "coordinates": [-82.62500000169601, 35.450000000579]}, "properties": {"p_logistic": 0.4204745292663574, "p_rf": 0.6880000233650208, "p_xgb": 0.9873611927032471, "date": "2026-03-24"}}, {"type": "Feature", "geometry": {"type": "Point", "coordinates": [-82.61666666836302, 35.450000000579]}, "properties": {"p_logistic": 0.41973578929901123, "p_rf": 0.6460000276565552, "p_xgb": 0.9703366756439209, "date": "2026-03-24"}}, {"type": "Feature", "geometry": {"type": "Point", "coordinates": [-82.60833333503001, 35.450000000579]}, "properties": {"p_logistic": 0.41804933547973633, "p_rf": 0.6399999856948853, "p_xgb": 0.9687133431434631, "date": "2026-03-24"}}, {"type": "Feature", "geometry": {"type": "Point", "coordinates": [-82.60000000169703, 35.450000000579]}, "properties": {"p_logistic": 0.41686511039733887, "p_rf": 0.6140000224113464, "p_xgb": 0.9639500975608826, "date": "2026-03-24"}}, {"type": "Feature", "geometry": {"type": "Point", "coordinates": [-82.59166666836401, 35.450000000579]}, "properties": {"p_logistic": 0.41655057668685913, "p_rf": 0.5720000267028809, "p_xgb": 0.9289076328277588, "date": "2026-03-24"}}, {"type": "Feature", "geometry": {"type": "Point", "coordinates": [-82.58333333503101, 35.450000000579]}, "properties": {"p_logistic": 0.4181576073169708, "p_rf": 0.5379999876022339, "p_xgb": 0.9297553300857544, "date": "2026-03-24"}}, {"type": "Feature", "geometry": {"type": "Point", "coordinates": [-82.57500000169802, 35.450000000579]}, "properties": {"p_logistic": 0.4202297329902649, "p_rf": 0.6200000047683716, "p_xgb": 0.9365928769111633, "date": "2026-03-24"}}, {"type": "Feature", "geometry": {"type": "Point", "coordinates": [-82.56666666836502, 35.450000000579]}, "properties": {"p_logistic": 0.4233235716819763, "p_rf": 0.6359999775886536, "p_xgb": 0.947735071182251, "date": "2026-03-24"}}, {"type": "Feature", "geometry": {"type": "Point", "coordinates": [-82.55833333503202, 35.450000000579]}, "properties": {"p_logistic": 0.425481915473938, "p_rf": 0.6460000276565552, "p_xgb": 0.9679962396621704, "date": "2026-03-24"}}, {"type": "Feature", "geometry": {"type": "Point", "coordinates": [-82.55000000169902, 35.450000000579]}, "properties": {"p_logistic": 0.42624181509017944, "p_rf": 0.6140000224113464, "p_xgb": 0.97031569480896, "date": "2026-03-24"}}, {"type": "Feature", "geometry": {"type": "Point", "coordinates": [-82.54166666836602, 35.450000000579]}, "properties": {"p_logistic": 0.42660513520240784, "p_rf": 0.6639999747276306, "p_xgb": 0.9676296710968018, "date": "2026-03-24"}}, {"type": "Feature", "geometry": {"type": "Point", "coordinates": [-82.53333333503302, 35.450000000579]}, "properties": {"p_logistic": 0.42659980058670044, "p_rf": 0.6819999814033508, "p_xgb": 0.9676296710968018, "date": "2026-03-24"}}, {"type": "Feature", "geometry": {"type": "Point", "coordinates": [-82.52500000170002, 35.450000000579]}, "properties": {"p_logistic": 0.42588096857070923, "p_rf": 0.6740000247955322, "p_xgb": 0.9676296710968018, "date": "2026-03-24"}}, {"type": "Feature", "geometry": {"type": "Point", "coordinates": [-82.51666666836701, 35.450000000579]}, "properties": {"p_logistic": 0.42449045181274414, "p_rf": 0.6940000057220459, "p_xgb": 0.9810234308242798, "date": "2026-03-24"}}, {"type": "Feature", "geometry": {"type": "Point", "coordinates": [-82.50833333503402, 35.450000000579]}, "properties": {"p_logistic": 0.4239279627799988, "p_rf": 0.6700000166893005, "p_xgb": 0.9810234308242798, "date": "2026-03-24"}}, {"type": "Feature", "geometry": {"type": "Point", "coordinates": [-82.50000000170101, 35.450000000579]}, "properties": {"p_logistic": 0.42508408427238464, "p_rf": 0.6700000166893005, "p_xgb": 0.9839621782302856, "date": "2026-03-24"}}, {"type": "Feature", "geometry": {"type": "Point", "coordinates": [-82.49166666836803, 35.450000000579]}, "properties": {"p_logistic": 0.4258767366409302, "p_rf": 0.7179999947547913, "p_xgb": 0.9829725623130798, "date": "2026-03-24"}}, {"type": "Feature", "geometry": {"type": "Point", "coordinates": [-82.48333333503501, 35.450000000579]}, "properties": {"p_logistic": 0.4265095889568329, "p_rf": 0.800000011920929, "p_xgb": 0.983306884765625, "date": "2026-03-24"}}, {"type": "Feature", "geometry": {"type": "Point", "coordinates": [-82.47500000170201, 35.450000000579]}, "properties": {"p_logistic": 0.4276715815067291, "p_rf": 0.8080000281333923, "p_xgb": 0.9754778146743774, "date": "2026-03-24"}}, {"type": "Feature", "geometry": {"type": "Point", "coordinates": [-82.46666666836902, 35.450000000579]}, "properties": {"p_logistic": 0.4288713335990906, "p_rf": 0.7879999876022339, "p_xgb": 0.9749689102172852, "date": "2026-03-24"}}, {"type": "Feature", "geometry": {"type": "Point", "coordinates": [-82.45833333503602, 35.450000000579]}, "properties": {"p_logistic": 0.42959052324295044, "p_rf": 0.7239999771118164, "p_xgb": 0.9573517441749573, "date": "2026-03-24"}}, {"type": "Feature", "geometry": {"type": "Point", "coordinates": [-82.77500000169002, 35.441666667246004]}, "properties": {"p_logistic": 0.42349106073379517, "p_rf": 0.7879999876022339, "p_xgb": 0.9909186363220215, "date": "2026-03-24"}}, {"type": "Feature", "geometry": {"type": "Point", "coordinates": [-82.76666666835702, 35.441666667246004]}, "properties": {"p_logistic": 0.42378175258636475, "p_rf": 0.7940000295639038, "p_xgb": 0.995729386806488, "date": "2026-03-24"}}, {"type": "Feature", "geometry": {"type": "Point", "coordinates": [-82.75833333502402, 35.441666667246004]}, "properties": {"p_logistic": 0.4232344329357147, "p_rf": 0.8119999766349792, "p_xgb": 0.9956560134887695, "date": "2026-03-24"}}, {"type": "Feature", "geometry": {"type": "Point", "coordinates": [-82.75000000169102, 35.441666667246004]}, "properties": {"p_logistic": 0.4227112829685211, "p_rf": 0.8299999833106995, "p_xgb": 0.9956560134887695, "date": "2026-03-24"}}, {"type": "Feature", "geometry": {"type": "Point", "coordinates": [-82.74166666835802, 35.441666667246004]}, "properties": {"p_logistic": 0.4226357042789459, "p_rf": 0.7699999809265137, "p_xgb": 0.9957921504974365, "date": "2026-03-24"}}, {"type": "Feature", "geometry": {"type": "Point", "coordinates": [-82.73333333502501, 35.441666667246004]}, "properties": {"p_logistic": 0.4218285381793976, "p_rf": 0.699999988079071, "p_xgb": 0.991242527961731, "date": "2026-03-24"}}, {"type": "Feature", "geometry": {"type": "Point", "coordinates": [-82.72500000169202, 35.441666667246004]}, "properties": {"p_logistic": 0.42061343789100647, "p_rf": 0.7080000042915344, "p_xgb": 0.9710057377815247, "date": "2026-03-24"}}, {"type": "Feature", "geometry": {"type": "Point", "coordinates": [-82.62500000169601, 35.441666667246004]}, "properties": {"p_logistic": 0.41641172766685486, "p_rf": 0.6840000152587891, "p_xgb": 0.9863729476928711, "date": "2026-03-24"}}, {"type": "Feature", "geometry": {"type": "Point", "coordinates": [-82.61666666836302, 35.441666667246004]}, "properties": {"p_logistic": 0.41584640741348267, "p_rf": 0.6880000233650208, "p_xgb": 0.977334201335907, "date": "2026-03-24"}}, {"type": "Feature", "geometry": {"type": "Point", "coordinates": [-82.60000000169703, 35.441666667246004]}, "properties": {"p_logistic": 0.41617298126220703, "p_rf": 0.6499999761581421, "p_xgb": 0.9672807455062866, "date": "2026-03-24"}}, {"type": "Feature", "geometry": {"type": "Point", "coordinates": [-82.59166666836401, 35.441666667246004]}, "properties": {"p_logistic": 0.418011873960495, "p_rf": 0.6840000152587891, "p_xgb": 0.9873611927032471, "date": "2026-03-24"}}, {"type": "Feature", "geometry": {"type": "Point", "coordinates": [-82.58333333503101, 35.441666667246004]}, "properties": {"p_logistic": 0.41957059502601624, "p_rf": 0.6779999732971191, "p_xgb": 0.9879255294799805, "date": "2026-03-24"}}, {"type": "Feature", "geometry": {"type": "Point", "coordinates": [-82.57500000169802, 35.441666667246004]}, "properties": {"p_logistic": 0.42138174176216125, "p_rf": 0.6620000004768372, "p_xgb": 0.9866993427276611, "date": "2026-03-24"}}, {"type": "Feature", "geometry": {"type": "Point", "coordinates": [-82.56666666836502, 35.441666667246004]}, "properties": {"p_logistic": 0.42367908358573914, "p_rf": 0.5960000157356262, "p_xgb": 0.9752939939498901, "date": "2026-03-24"}}, {"type": "Feature", "geometry": {"type": "Point", "coordinates": [-82.54166666836602, 35.441666667246004]}, "properties": {"p_logistic": 0.42845532298088074, "p_rf": 0.6700000166893005, "p_xgb": 0.9880478382110596, "date": "2026-03-24"}}, {"type": "Feature", "geometry": {"type": "Point", "coordinates": [-82.76666666835702, 35.433333333913005]}, "properties": {"p_logistic": 0.4229811131954193, "p_rf": 0.7839999794960022, "p_xgb": 0.9905771017074585, "date": "2026-03-24"}}, {"type": "Feature", "geometry": {"type": "Point", "coordinates": [-82.75833333502402, 35.433333333913005]}, "properties": {"p_logistic": 0.4233834147453308, "p_rf": 0.7860000133514404, "p_xgb": 0.9906858801841736, "date": "2026-03-24"}}, {"type": "Feature", "geometry": {"type": "Point", "coordinates": [-82.75000000169102, 35.433333333913005]}, "properties": {"p_logistic": 0.4227498173713684, "p_rf": 0.8299999833106995, "p_xgb": 0.9949285984039307, "date": "2026-03-24"}}, {"type": "Feature", "geometry": {"type": "Point", "coordinates": [-82.74166666835802, 35.433333333913005]}, "properties": {"p_logistic": 0.42160266637802124, "p_rf": 0.75, "p_xgb": 0.9909830093383789, "date": "2026-03-24"}}, {"type": "Feature", "geometry": {"type": "Point", "coordinates": [-82.73333333502501, 35.433333333913005]}, "properties": {"p_logistic": 0.42112061381340027, "p_rf": 0.6980000138282776, "p_xgb": 0.9712767004966736, "date": "2026-03-24"}}, {"type": "Feature", "geometry": {"type": "Point", "coordinates": [-82.57500000169802, 35.433333333913005]}, "properties": {"p_logistic": 0.4219808280467987, "p_rf": 0.7300000190734863, "p_xgb": 0.9895241856575012, "date": "2026-03-24"}}, {"type": "Feature", "geometry": {"type": "Point", "coordinates": [-82.54166666836602, 35.433333333913005]}, "properties": {"p_logistic": 0.42891329526901245, "p_rf": 0.6779999732971191, "p_xgb": 0.9827819466590881, "date": "2026-03-24"}}, {"type": "Feature", "geometry": {"type": "Point", "coordinates": [-82.53333333503302, 35.433333333913005]}, "properties": {"p_logistic": 0.42966127395629883, "p_rf": 0.6759999990463257, "p_xgb": 0.987782895565033, "date": "2026-03-24"}}, {"type": "Feature", "geometry": {"type": "Point", "coordinates": [-82.54166666836602, 35.425000000580006]}, "properties": {"p_logistic": 0.4289274215698242, "p_rf": 0.6940000057220459, "p_xgb": 0.9913342595100403, "date": "2026-03-24"}}, {"type": "Feature", "geometry": {"type": "Point", "coordinates": [-82.53333333503302, 35.425000000580006]}, "properties": {"p_logistic": 0.4286395311355591, "p_rf": 0.6499999761581421, "p_xgb": 0.9895958304405212, "date": "2026-03-24"}}]}